# Blender 4.5.0
# www.blender.org
mtllib tripo_convert_d9c7a13d-d78d-4980-9ced-654affcc4e08.mtl
o tripo_node_d9c7a13d-d78d-4980-9ced-654affcc4e08
v 0.000008 0.112976 0.132233
v 0.000021 -0.292145 -0.307220
v 0.000041 -0.360382 0.289917
v 0.000067 0.166992 0.136719
v 0.000101 -0.250336 -0.305756
v 0.000222 0.182404 0.147980
v 0.000247 -0.360626 -0.290131
v 0.000367 -0.203522 -0.303436
v 0.000507 -0.196106 -0.315399
v 0.000574 -0.360138 -0.307068
v 0.000719 0.199142 -0.157227
v 0.000790 -0.085815 -0.128113
v 0.000882 0.079361 0.110199
v 0.001171 -0.163559 0.303589
v 0.001185 -0.203751 -0.295349
v 0.001392 -0.205627 -0.322723
v 0.001400 -0.369324 -0.288086
v 0.001728 -0.259155 -0.302338
v 0.001828 -0.163681 -0.308197
v 0.002065 -0.306671 0.306458
v 0.002212 0.255188 -0.157120
v 0.002279 -0.319519 -0.309875
v 0.002398 -0.258789 0.299316
v 0.002415 -0.376556 0.287842
v 0.002775 0.255463 -0.136581
v 0.002891 -0.286865 -0.301239
v 0.002993 0.104530 0.110161
v 0.003127 -0.222961 -0.299683
v 0.003233 0.255249 0.157486
v 0.003415 -0.251984 -0.300262
v 0.003537 -0.271423 -0.296661
v 0.003719 0.115913 0.129974
v 0.003998 0.081520 -0.110329
v 0.004004 -0.316193 -0.297882
v 0.004419 0.062237 0.110268
v 0.004430 -0.179214 -0.303986
v 0.004586 0.220459 0.015852
v 0.004888 -0.179291 0.310669
v 0.004967 0.159439 0.133163
v 0.005107 0.237015 -0.157684
v 0.005108 -0.316711 0.301025
v 0.005125 -0.302704 0.297241
v 0.005342 -0.270874 0.296265
v 0.005422 -0.206009 0.302216
v 0.005621 -0.256165 0.307159
v 0.005649 -0.261719 0.304718
v 0.005787 0.110909 -0.131409
v 0.005918 -0.196564 -0.303375
v 0.005995 -0.304382 -0.296234
v 0.006262 0.137833 -0.128326
v 0.006384 0.102577 0.122314
v 0.006384 0.101440 -0.114853
v 0.006409 -0.164474 0.321869
v 0.006478 -0.179749 -0.322540
v 0.006547 0.105446 0.132019
v 0.006733 0.182281 -0.144501
v 0.006995 0.060150 0.131226
v 0.007188 -0.179855 0.322571
v 0.007205 -0.256653 -0.307312
v 0.007207 -0.205063 -0.312012
v 0.007556 -0.257263 0.301056
v 0.007668 0.079628 0.110237
v 0.007674 0.062016 -0.115562
v 0.007694 0.084122 -0.120316
v 0.007735 0.073822 0.123131
v 0.007863 0.062023 0.119598
v 0.007921 0.166656 0.135117
v 0.008227 0.161346 -0.131927
v 0.008348 0.181473 0.133453
v 0.008352 0.062027 -0.130753
v 0.008560 0.169418 0.141006
v 0.008621 -0.181610 -0.314209
v 0.008642 0.198074 -0.132385
v 0.008667 0.180542 0.144684
v 0.008709 0.175049 -0.132721
v 0.008711 -0.181946 0.303436
v 0.008784 0.231232 -0.135513
v 0.008857 -0.264282 -0.307312
v 0.008872 0.194901 0.144974
v 0.008980 -0.203537 -0.209183
v 0.009276 -0.120392 0.128174
v 0.009339 0.071121 0.131805
v 0.009339 0.193710 0.156174
v 0.009399 0.148773 0.128296
v 0.009496 -0.500000 0.214096
v 0.009702 -0.184235 0.311218
v 0.009793 -0.167450 -0.128143
v 0.009803 -0.196350 0.303375
v 0.009829 -0.195984 0.311066
v 0.010101 -0.206299 -0.301208
v 0.010187 -0.193008 0.322601
v 0.010196 -0.209808 0.316315
v 0.010201 -0.269165 -0.297241
v 0.010208 -0.194107 -0.313141
v 0.010226 -0.187668 -0.303436
v 0.010333 -0.192291 -0.322632
v 0.010394 -0.271820 0.298004
v 0.010401 0.196289 -0.155396
v 0.010553 -0.217117 -0.310059
v 0.010580 -0.230682 -0.299805
v 0.010714 0.088196 0.130402
v 0.011581 -0.228104 0.300049
v 0.011636 -0.271576 -0.303101
v 0.011690 0.200668 0.156738
v 0.011880 0.090813 -0.129868
v 0.012053 -0.228836 0.307312
v 0.012055 -0.291077 -0.298950
v 0.012136 -0.365448 -0.296783
v 0.012225 -0.211029 -0.322845
v 0.012327 0.220459 0.078354
v 0.012357 -0.316742 0.298889
v 0.012399 0.200256 0.133041
v 0.012642 -0.500000 0.266876
v 0.012676 0.199371 -0.146942
v 0.012978 0.055893 0.130508
v 0.013062 -0.015091 -0.127716
v 0.013138 -0.215088 0.322601
v 0.013181 -0.307648 0.298950
v 0.013623 -0.316284 -0.297821
v 0.013638 0.200623 0.144089
v 0.013651 0.111748 0.129044
v 0.014252 -0.225082 -0.311768
v 0.014814 -0.500000 0.098679
v 0.014830 -0.273224 0.306854
v 0.015018 -0.354309 0.308838
v 0.015052 -0.267120 -0.299316
v 0.015141 -0.299072 0.305359
v 0.015205 -0.269409 -0.305603
v 0.015339 -0.296112 -0.307373
v 0.015472 -0.002363 0.127686
v 0.015646 0.201431 -0.131729
v 0.015718 -0.367676 0.296753
v 0.016058 -0.315155 -0.302643
v 0.016169 -0.316803 0.303925
v 0.016705 -0.155426 0.127625
v 0.016748 -0.278595 0.299652
v 0.017086 -0.308502 0.298981
v 0.017321 0.275635 0.137497
v 0.017574 0.259460 0.147491
v 0.017588 0.255035 0.136459
v 0.017666 -0.290222 -0.300842
v 0.017717 0.267059 -0.136169
v 0.017769 -0.369141 -0.288116
v 0.017990 0.157639 -0.127380
v 0.018057 0.282257 -0.136612
v 0.018114 0.181763 0.132584
v 0.018280 -0.369629 0.288116
v 0.018345 0.280823 0.146606
v 0.018398 -0.205399 -0.322968
v 0.018419 0.256409 -0.150223
v 0.018440 0.189911 -0.131500
v 0.018801 0.289551 0.150986
v 0.018808 0.275970 -0.148117
v 0.019073 0.259583 -0.156845
v 0.019253 -0.500000 0.053539
v 0.019268 0.255493 -0.135742
v 0.019495 0.289032 -0.146378
v 0.019909 0.262054 0.156738
v 0.020163 0.202118 0.156250
v 0.020178 0.280212 -0.158356
v 0.020563 -0.370483 -0.309784
v 0.021311 -0.233017 -0.302094
v 0.021456 -0.221497 0.312866
v 0.021576 -0.194672 0.126877
v 0.021688 0.279755 0.158768
v 0.021900 0.220200 0.135071
v 0.022011 0.202164 -0.156036
v 0.022995 -0.499908 0.288116
v 0.023163 0.055328 -0.126694
v 0.023241 -0.194580 0.322510
v 0.023298 -0.372192 0.309265
v 0.023500 -0.163254 0.311707
v 0.023504 0.201813 -0.146759
v 0.023523 -0.163315 -0.311676
v 0.023651 -0.135635 0.321442
v 0.023670 -0.149994 0.313019
v 0.023762 -0.158859 0.322083
v 0.023766 -0.143799 -0.307190
v 0.023802 -0.233215 0.302185
v 0.023899 -0.135529 0.305267
v 0.023930 -0.500000 -0.232635
v 0.023954 -0.151505 0.303406
v 0.024229 -0.217957 0.299927
v 0.024271 -0.128479 -0.314270
v 0.024401 -0.210602 -0.310547
v 0.024422 -0.217743 -0.300018
v 0.024452 -0.222839 -0.311951
v 0.024591 -0.244049 0.299683
v 0.024641 -0.136246 -0.322174
v 0.024645 -0.499878 -0.288055
v 0.024815 -0.164383 0.303345
v 0.024929 -0.210297 0.318420
v 0.025089 -0.165390 -0.303467
v 0.025110 -0.128067 0.313934
v 0.025646 0.232941 0.155701
v 0.025961 -0.208359 -0.321838
v 0.026188 -0.163040 -0.322174
v 0.026241 -0.205917 0.300476
v 0.026249 -0.151611 -0.322174
v 0.026510 0.198807 0.131454
v 0.026592 -0.204865 -0.302124
v 0.026661 -0.179871 -0.322632
v 0.026716 0.198410 -0.130371
v 0.026859 0.180389 0.131668
v 0.026896 0.165695 -0.131104
v 0.027092 0.176956 -0.130692
v 0.027111 0.199341 0.142975
v 0.027353 0.161850 0.130554
v 0.028280 -0.423615 0.287872
v 0.028374 0.063896 0.125626
v 0.028797 0.197113 -0.140518
v 0.029161 -0.183762 0.303223
v 0.029474 0.232773 -0.154831
v 0.029663 -0.202957 -0.125153
v 0.029791 -0.203339 0.125427
v 0.029884 0.198746 -0.153763
v 0.030025 0.220444 -0.132065
v 0.030046 0.176407 0.139603
v 0.030952 -0.051525 0.125153
v 0.031265 0.142853 0.125076
v 0.031643 0.237198 0.132950
v 0.032551 -0.474945 -0.288086
v 0.032673 -0.128937 -0.124359
v 0.032898 0.281799 -0.132584
v 0.033272 0.185181 -0.142822
v 0.033463 -0.204529 0.312164
v 0.033581 0.267731 0.132217
v 0.033699 -0.328918 0.310608
v 0.033810 -0.219620 0.299896
v 0.033833 -0.203491 0.296326
v 0.034119 -0.216599 -0.299927
v 0.034786 0.195419 0.152451
v 0.035194 0.283722 0.134430
v 0.035427 -0.311890 -0.298859
v 0.035530 -0.137375 0.302673
v 0.035561 0.290771 0.145050
v 0.036110 -0.189301 -0.303497
v 0.036228 -0.384094 -0.298187
v 0.036373 -0.316742 0.301636
v 0.036568 -0.203537 -0.261932
v 0.036644 -0.203522 0.158676
v 0.036751 0.158478 -0.124924
v 0.036926 -0.384613 0.299316
v 0.037148 -0.291534 0.299225
v 0.037243 0.281738 -0.153656
v 0.037807 -0.385254 -0.287781
v 0.037991 -0.254517 -0.299469
v 0.038151 -0.500000 -0.055744
v 0.038849 -0.187759 -0.122787
v 0.038982 -0.056942 -0.122841
v 0.039028 0.196396 -0.150818
v 0.039082 0.252991 -0.131210
v 0.039288 0.124336 -0.122581
v 0.039349 -0.204483 -0.322906
v 0.039394 -0.205719 -0.314362
v 0.039474 -0.000956 -0.122810
v 0.039558 0.156982 0.124825
v 0.039860 -0.140137 0.122978
v 0.039925 0.193069 -0.127426
v 0.039940 -0.388123 0.309052
v 0.040245 -0.325806 -0.313049
v 0.040329 0.166748 -0.129959
v 0.040485 -0.179764 0.122597
v 0.040638 0.186401 0.129242
v 0.040668 0.199387 0.125198
v 0.041473 -0.205368 -0.301270
v 0.041473 -0.321991 0.312012
v 0.041695 -0.207458 0.301422
v 0.042084 -0.391296 -0.309265
v 0.042202 0.288116 -0.140518
v 0.042225 0.173004 0.134598
v 0.042446 0.282867 0.153107
v 0.042473 0.182251 -0.123817
v 0.042789 0.113640 0.121811
v 0.043037 -0.202698 -0.302063
v 0.043060 -0.202637 0.302155
v 0.043224 0.200577 -0.123924
v 0.043224 -0.208649 0.313416
v 0.043270 0.182617 -0.138321
v 0.043404 -0.318481 -0.307373
v 0.043453 -0.209747 0.323120
v 0.043484 0.333588 -0.106079
v 0.043610 -0.232300 -0.299927
v 0.043724 -0.500000 -0.178223
v 0.044601 -0.398102 0.287842
v 0.044716 -0.224625 0.309143
v 0.045044 0.191269 0.145676
v 0.045067 -0.212585 -0.322784
v 0.045208 -0.217667 -0.303711
v 0.045219 -0.230560 -0.306274
v 0.045307 0.334686 -0.127319
v 0.045414 -0.129807 0.311523
v 0.045998 -0.500000 -0.003373
v 0.046192 -0.500000 0.281067
v 0.046284 0.197784 -0.141403
v 0.046524 0.001190 0.120445
v 0.046535 0.200378 0.136047
v 0.046730 -0.370972 -0.308990
v 0.046906 -0.097633 0.120422
v 0.046906 -0.230362 0.300476
v 0.047276 0.167816 -0.124283
v 0.047699 0.157623 -0.122391
v 0.047760 -0.404846 0.299103
v 0.047764 0.318665 -0.103760
v 0.047794 0.347565 -0.111237
v 0.047863 0.329926 -0.111336
v 0.048050 -0.405701 -0.288025
v 0.048080 0.319397 -0.121002
v 0.048283 0.220291 0.127609
v 0.048424 0.198746 -0.149643
v 0.049187 0.334534 -0.088280
v 0.049294 -0.499329 0.288788
v 0.049316 -0.409332 -0.298950
v 0.049385 -0.373077 0.308838
v 0.049408 -0.409607 0.309601
v 0.049412 -0.102638 -0.119583
v 0.049416 -0.022001 -0.119621
v 0.049534 0.187943 -0.121361
v 0.049553 -0.203644 -0.119843
v 0.049568 0.138138 -0.119377
v 0.049618 -0.171356 -0.119537
v 0.049637 0.190689 0.122414
v 0.049660 0.076302 -0.119499
v 0.049995 0.200806 -0.121979
v 0.050175 -0.203461 -0.147842
v 0.050415 -0.330170 -0.308868
v 0.050587 0.312408 -0.120239
v 0.050678 0.347412 -0.095535
v 0.050816 -0.479431 -0.310333
v 0.050983 0.254028 0.149139
v 0.051006 0.268616 -0.118019
v 0.051022 0.329559 -0.128571
v 0.051056 0.229752 -0.107414
v 0.051064 -0.465912 0.300262
v 0.051109 -0.458923 0.288086
v 0.051125 0.165207 -0.133408
v 0.051151 -0.222992 -0.313904
v 0.051159 -0.484131 -0.288086
v 0.051170 0.201141 0.149521
v 0.051197 0.220093 -0.104980
v 0.051201 -0.460632 -0.297333
v 0.051289 0.266998 -0.128128
v 0.051296 0.220093 -0.121864
v 0.051414 0.303406 -0.107903
v 0.051449 -0.439453 -0.288239
v 0.051624 -0.500000 0.033241
v 0.051685 -0.152161 -0.303345
v 0.051731 0.265198 -0.102554
v 0.051758 0.235626 -0.126068
v 0.051842 0.099152 -0.125427
v 0.051903 0.256409 0.127441
v 0.051941 0.159576 0.120178
v 0.051991 -0.500000 0.164627
v 0.051998 0.276367 0.129364
v 0.052021 0.220459 -0.128159
v 0.052032 -0.428314 -0.309814
v 0.052204 -0.500000 0.306976
v 0.052334 -0.473877 0.310120
v 0.052372 -0.135101 -0.305786
v 0.052452 -0.500000 -0.285736
v 0.052681 -0.057274 0.118126
v 0.052765 0.281586 -0.127930
v 0.052818 0.008203 -0.127136
v 0.053036 -0.500000 -0.300262
v 0.053070 -0.500000 -0.109459
v 0.053169 -0.500000 -0.310089
v 0.053242 0.150955 -0.128448
v 0.053471 -0.120598 -0.128326
v 0.053627 -0.151703 0.303223
v 0.053684 0.326294 -0.091660
v 0.053699 0.185898 -0.130051
v 0.053844 -0.233368 -0.304382
v 0.053883 -0.203217 0.117523
v 0.054073 -0.203430 -0.129333
v 0.054489 -0.041992 -0.130386
v 0.054886 0.200775 0.121162
v 0.055058 0.219864 -0.148804
v 0.055336 -0.186340 -0.131012
v 0.055374 0.289368 -0.091797
v 0.055420 0.316833 -0.084251
v 0.055454 0.270386 0.136978
v 0.055672 -0.136383 -0.322388
v 0.055729 0.201096 -0.134964
v 0.055828 0.316254 -0.140167
v 0.055851 -0.218185 0.318939
v 0.055878 0.290924 0.139755
v 0.055882 0.255646 -0.134064
v 0.056084 0.158890 -0.138794
v 0.056446 0.263489 -0.134933
v 0.056557 0.271027 -0.135941
v 0.056564 0.334442 -0.146423
v 0.056820 0.308960 -0.088554
v 0.056999 -0.128265 -0.314087
v 0.057163 0.256592 0.133102
v 0.057240 -0.138168 0.322021
v 0.057739 0.321564 -0.138138
v 0.057774 0.202271 -0.147324
v 0.057781 0.233627 -0.089142
v 0.057854 -0.210831 -0.322723
v 0.057899 0.260712 -0.146790
v 0.058033 0.188812 0.121422
v 0.058094 0.295563 -0.134827
v 0.058529 0.260223 0.146164
v 0.058590 0.287048 -0.137009
v 0.058594 0.344055 -0.081093
v 0.058613 -0.229736 0.304779
v 0.058815 0.282074 0.148804
v 0.059101 0.061115 -0.137375
v 0.059128 -0.218994 0.300018
v 0.059158 -0.196823 0.115150
v 0.059258 -0.416718 0.309631
v 0.059265 -0.471466 -0.310211
v 0.059277 -0.224579 -0.309326
v 0.059322 0.230011 0.123222
v 0.059448 0.165787 0.121559
v 0.059460 -0.223740 -0.299835
v 0.059509 0.174271 -0.132324
v 0.059639 -0.207413 -0.313385
v 0.059689 0.220428 0.094498
v 0.060070 0.282990 -0.147049
v 0.060097 0.056767 0.114136
v 0.060143 -0.233932 -0.301117
v 0.060173 -0.208939 0.309082
v 0.060410 0.183334 -0.138184
v 0.060516 0.115326 -0.138901
v 0.060520 -0.338257 0.309631
v 0.060772 0.293365 -0.088402
v 0.060886 0.167526 -0.141663
v 0.060978 -0.478394 0.313568
v 0.061085 -0.283112 0.319000
v 0.061195 -0.472595 -0.320892
v 0.061249 0.370972 -0.129623
v 0.061333 0.198883 0.134476
v 0.061333 0.308075 -0.139969
v 0.061401 -0.453705 0.321594
v 0.061440 -0.448547 -0.315704
v 0.061497 -0.316132 -0.303619
v 0.061535 -0.370026 -0.308807
v 0.061703 -0.359772 0.314117
v 0.061760 -0.317017 0.303497
v 0.061821 0.253723 0.122162
v 0.061893 -0.290070 -0.313843
v 0.061901 -0.296753 -0.305725
v 0.061924 -0.308319 0.312042
v 0.061958 -0.284668 -0.299103
v 0.061958 -0.500000 0.238052
v 0.062042 0.181259 0.131317
v 0.062065 0.260254 -0.141586
v 0.062366 -0.500000 -0.315399
v 0.062435 -0.278473 0.303009
v 0.062523 -0.328369 -0.312683
v 0.062592 -0.141876 0.113350
v 0.062637 -0.500000 0.304352
v 0.062675 -0.267700 -0.309601
v 0.062714 -0.268616 0.312805
v 0.062759 0.255219 -0.082710
v 0.062904 -0.205215 -0.300598
v 0.062988 0.220444 -0.082703
v 0.063255 0.287109 -0.081779
v 0.063446 -0.500000 0.319763
v 0.063614 0.165558 -0.148041
v 0.063660 0.220474 -0.070259
v 0.063660 -0.253723 0.300507
v 0.063721 0.220535 -0.019123
v 0.063911 0.390808 -0.111588
v 0.063919 -0.281464 -0.319916
v 0.063995 -0.203552 0.267700
v 0.064003 -0.454620 -0.323730
v 0.064102 -0.168808 -0.322632
v 0.064102 -0.475983 0.323700
v 0.064285 -0.205795 0.322845
v 0.064369 -0.447632 0.314270
v 0.064499 0.198334 0.143356
v 0.064598 0.203018 -0.143814
v 0.065010 -0.204620 -0.312256
v 0.065079 0.228210 -0.144257
v 0.065102 -0.500000 -0.323914
v 0.065269 0.149521 -0.143280
v 0.065491 -0.112083 -0.143646
v 0.065605 -0.322357 0.314087
v 0.065605 -0.425873 0.313843
v 0.065956 0.173767 -0.145477
v 0.066467 0.225876 -0.079758
v 0.066727 -0.257812 -0.302643
v 0.066742 0.314575 -0.075989
v 0.066780 -0.203506 0.224655
v 0.066811 -0.212311 -0.299805
v 0.066833 -0.400146 -0.313995
v 0.067047 0.123436 0.110878
v 0.067345 0.010346 -0.144974
v 0.067474 0.299347 -0.145615
v 0.067657 -0.222260 0.299866
v 0.067780 0.267334 -0.079659
v 0.067856 -0.479248 -0.323822
v 0.067871 -0.135269 0.305145
v 0.068054 0.003710 0.110008
v 0.068192 -0.190277 0.322693
v 0.068245 0.334351 -0.069130
v 0.068428 -0.203415 -0.145309
v 0.068558 0.284729 -0.144821
v 0.068611 0.220490 0.027605
v 0.068649 0.327667 -0.075958
v 0.068970 -0.286194 -0.314056
v 0.069107 0.328552 -0.147919
v 0.069122 0.351868 -0.147507
v 0.069130 0.317169 -0.151917
v 0.069267 0.179214 0.126404
v 0.069366 0.239166 -0.084175
v 0.069756 -0.052979 -0.146255
v 0.069847 -0.088997 0.109161
v 0.069946 0.290314 -0.082916
v 0.070175 0.387512 -0.092628
v 0.070290 0.183914 -0.147232
v 0.070457 0.157501 -0.146835
v 0.070564 0.301239 -0.076843
v 0.070778 0.300446 -0.082962
v 0.071045 0.166840 0.116409
v 0.071106 0.169067 -0.145203
v 0.071236 0.187790 0.113739
v 0.071869 -0.204254 0.302032
v 0.071869 -0.204254 0.302032
v 0.071877 0.180237 -0.143738
v 0.071968 -0.205353 -0.322113
v 0.072189 -0.448029 -0.315582
v 0.072296 -0.372650 0.314240
v 0.072403 0.300110 -0.143387
v 0.072464 0.300385 -0.148254
v 0.072540 -0.454041 0.322998
v 0.072662 0.160736 -0.153000
v 0.072800 -0.267731 0.301086
v 0.072823 -0.277863 0.319122
v 0.072945 -0.286499 0.314789
v 0.073120 0.286163 -0.148178
v 0.073135 -0.183105 -0.148071
v 0.073273 0.200439 0.111900
v 0.073273 -0.500000 -0.030849
v 0.073303 0.291718 -0.143280
v 0.073387 0.334808 -0.157410
v 0.073463 0.081917 0.106621
v 0.073830 -0.272034 -0.312256
v 0.073936 -0.275543 -0.299530
v 0.074066 -0.203506 -0.215118
v 0.074394 -0.044357 0.106010
v 0.074432 0.312073 -0.150238
v 0.074638 0.353577 -0.074112
v 0.074745 -0.206406 0.315552
v 0.074860 -0.283875 0.307251
v 0.074951 -0.302490 -0.314178
v 0.074959 -0.322021 0.310486
v 0.074982 -0.347229 -0.314331
v 0.075005 -0.370636 -0.307190
v 0.075005 -0.412109 -0.314453
v 0.075020 -0.314178 -0.306152
v 0.075043 -0.427460 0.314240
v 0.075050 0.169174 -0.152054
v 0.075073 -0.402924 0.306458
v 0.075073 -0.447449 0.314575
v 0.075089 0.084366 -0.149231
v 0.075142 0.256470 -0.149170
v 0.075180 -0.500000 -0.140839
v 0.075294 -0.452484 -0.310211
v 0.075401 -0.456970 -0.323273
v 0.075401 -0.484161 -0.321045
v 0.075409 -0.500000 -0.321472
v 0.075439 -0.485138 0.313934
v 0.075470 -0.500000 0.323730
v 0.075478 -0.420502 -0.303284
v 0.075500 -0.477936 -0.311432
v 0.075539 -0.475128 0.323761
v 0.075920 0.255402 0.137344
v 0.076035 -0.283691 -0.319183
v 0.076157 -0.451385 0.309540
v 0.076202 -0.206482 -0.311981
v 0.076546 -0.206726 -0.301117
v 0.076797 0.210602 -0.149841
v 0.076988 0.237045 0.137802
v 0.077187 -0.390015 0.299408
v 0.077271 -0.211685 0.300262
v 0.077408 -0.439972 -0.300476
v 0.077576 0.199890 0.121284
v 0.077637 -0.164291 -0.322113
v 0.077690 -0.310638 0.300385
v 0.077705 0.429016 -0.117661
v 0.077774 -0.313110 -0.299377
v 0.078064 -0.372498 -0.299500
v 0.078140 -0.248856 -0.299652
v 0.078293 -0.500000 0.095222
v 0.078491 0.152542 0.103569
v 0.078659 -0.499603 -0.311371
v 0.079010 0.310516 -0.072029
v 0.079033 -0.229813 -0.299957
v 0.079086 0.278198 -0.081474
v 0.079262 -0.500000 -0.241562
v 0.079277 -0.282898 -0.300049
v 0.079399 0.188293 0.126328
v 0.079521 -0.442169 0.303131
v 0.079643 -0.218369 -0.316559
v 0.079819 -0.203552 -0.290314
v 0.079849 -0.323090 -0.305237
v 0.080276 0.300964 -0.079361
v 0.080330 0.187943 0.107452
v 0.080521 -0.500000 0.312439
v 0.080696 -0.231735 0.301422
v 0.080849 0.255859 0.111015
v 0.080872 -0.219910 0.315002
v 0.080925 -0.417633 -0.305206
v 0.081100 0.199295 0.134506
v 0.081276 -0.232910 -0.304413
v 0.081352 -0.212753 0.323151
v 0.081749 0.020485 -0.151505
v 0.081749 -0.183685 0.100098
v 0.081757 -0.329742 0.305115
v 0.081871 0.269318 0.110741
v 0.082161 -0.397675 0.305115
v 0.082474 -0.449066 -0.306519
v 0.082481 0.136139 -0.151672
v 0.082550 -0.203247 0.099274
v 0.083046 -0.284332 -0.306213
v 0.083183 -0.120895 -0.151382
v 0.083603 0.220551 -0.079185
v 0.083611 -0.164307 0.303192
v 0.083626 0.428406 -0.125565
v 0.083664 -0.283142 0.300476
v 0.083740 0.182220 -0.149460
v 0.083893 0.412994 -0.093864
v 0.083900 0.283722 0.113228
v 0.083923 0.447388 -0.107872
v 0.083923 -0.500000 -0.069878
v 0.083961 0.316589 -0.066376
v 0.084038 0.256592 0.120300
v 0.084152 -0.135681 0.305664
v 0.084213 -0.130707 -0.316650
v 0.084412 0.239166 -0.078354
v 0.084625 0.220230 0.106331
v 0.084656 0.234024 0.107086
v 0.084709 -0.135513 0.097748
v 0.084740 -0.155121 -0.322327
v 0.084755 -0.139847 -0.324554
v 0.084770 -0.142303 -0.303986
v 0.084785 0.300446 -0.071854
v 0.084839 -0.153381 0.303406
v 0.084862 -0.146149 -0.314117
v 0.084915 -0.142456 0.323914
v 0.084923 -0.129211 0.315674
v 0.084984 -0.149811 0.311737
v 0.085022 -0.163498 -0.306396
v 0.085213 0.279694 -0.151474
v 0.085220 0.298065 -0.150177
v 0.085320 -0.163803 0.318848
v 0.085342 -0.258453 0.299438
v 0.085754 0.162842 -0.157425
v 0.085915 -0.285614 0.306824
v 0.085968 0.169586 -0.151398
v 0.086014 -0.387665 -0.305878
v 0.086143 -0.203522 0.183670
v 0.086258 0.158020 -0.153534
v 0.086311 -0.318176 -0.307007
v 0.087334 0.300751 -0.076851
v 0.087700 -0.285339 -0.300537
v 0.088005 0.316437 -0.157669
v 0.088020 0.258118 -0.071503
v 0.088036 0.287109 -0.078262
v 0.088036 -0.346039 -0.299927
v 0.088074 -0.431702 -0.302216
v 0.088112 -0.447479 0.304047
v 0.088219 0.327454 -0.069122
v 0.088242 0.059807 0.094261
v 0.088348 0.270599 0.120926
v 0.088364 -0.355988 0.305878
v 0.088402 -0.001040 0.094055
v 0.088409 -0.212814 -0.323151
v 0.088409 -0.423157 0.305817
v 0.088417 -0.303802 0.304718
v 0.088425 -0.355011 0.299744
v 0.088432 0.201416 0.116287
v 0.088509 -0.425964 0.300262
v 0.088936 0.220459 -0.071617
v 0.088943 0.298218 -0.153183
v 0.089317 0.182983 -0.152924
v 0.089371 -0.026432 -0.152695
v 0.089745 0.396973 -0.138428
v 0.089760 -0.085709 0.092995
v 0.089951 0.349365 -0.069138
v 0.089989 -0.473511 0.311310
v 0.090157 -0.500000 -0.294067
v 0.090363 0.453369 -0.105003
v 0.090401 0.197998 0.100273
v 0.090614 0.166824 0.099739
v 0.090675 -0.203384 -0.152374
v 0.090897 -0.476837 -0.311218
v 0.091125 -0.184006 0.303009
v 0.091156 0.478210 -0.113037
v 0.091187 0.323853 -0.154602
v 0.091827 -0.233566 0.301086
v 0.091896 -0.203506 0.134155
v 0.092239 -0.216980 0.319672
v 0.092407 -0.220001 0.307922
v 0.092529 -0.270752 -0.299316
v 0.092583 -0.233719 -0.302246
v 0.092621 0.284271 0.126602
v 0.092712 -0.220520 -0.315887
v 0.092773 -0.218750 -0.308533
v 0.092964 -0.220230 0.299774
v 0.093117 -0.203690 0.295471
v 0.093269 0.256866 0.126678
v 0.093376 0.174042 -0.153793
v 0.093544 0.296356 -0.070892
v 0.093605 -0.219208 -0.299652
v 0.093643 0.350189 -0.154984
v 0.093956 -0.207123 0.312195
v 0.094116 0.312408 -0.154251
v 0.094170 0.183441 0.102386
v 0.094376 -0.207901 -0.321472
v 0.094627 0.281677 0.098724
v 0.094696 -0.205856 -0.304932
v 0.094872 0.166412 -0.155792
v 0.094872 -0.173935 -0.152451
v 0.095032 0.212708 0.126053
v 0.095596 0.447449 -0.120522
v 0.096405 0.258881 -0.152466
v 0.096519 -0.205658 0.300385
v 0.096519 -0.205658 0.300385
v 0.096695 0.290039 -0.149277
v 0.096893 -0.184372 -0.303223
v 0.097542 0.201889 0.123550
v 0.097580 -0.206009 0.322632
v 0.097610 -0.301819 -0.299042
v 0.097763 0.302460 -0.152283
v 0.097946 0.176498 0.105644
v 0.097961 0.199081 0.108223
v 0.098015 0.169052 -0.147537
v 0.098083 0.333344 -0.159164
v 0.098114 0.333496 -0.063950
v 0.098297 0.178970 -0.146957
v 0.098320 0.408051 -0.090797
v 0.098679 0.061886 -0.151810
v 0.099251 0.313782 -0.068733
v 0.099258 -0.083405 -0.151932
v 0.099281 -0.453918 0.311523
v 0.099335 0.161667 0.089088
v 0.099571 -0.500000 -0.000096
v 0.099846 -0.241867 -0.299774
v 0.099915 0.288818 0.107239
v 0.100060 0.299805 -0.147858
v 0.100334 0.136169 -0.151749
v 0.100555 0.107216 0.081627
v 0.100594 0.443939 -0.106453
v 0.100601 -0.187622 -0.322723
v 0.100815 -0.500000 -0.103600
v 0.101166 0.180801 -0.152161
v 0.101440 -0.204849 -0.322784
v 0.101906 -0.454071 -0.311493
v 0.102005 -0.500000 0.206116
v 0.102013 0.199112 0.085709
v 0.102867 0.187592 0.088600
v 0.102890 0.299988 -0.152054
v 0.102936 0.250275 0.089920
v 0.103226 -0.305389 0.299042
v 0.103401 0.394806 -0.136597
v 0.103470 -0.204605 0.313782
v 0.103851 -0.204651 -0.312653
v 0.103935 0.167862 -0.151749
v 0.104103 -0.114059 0.076576
v 0.104202 0.159592 -0.153534
v 0.104408 0.019556 0.076408
v 0.104454 0.168915 0.094849
v 0.104546 0.295227 -0.074524
v 0.104553 -0.021694 -0.150436
v 0.104706 0.192642 0.113464
v 0.104904 0.285492 -0.149887
v 0.104965 -0.173325 0.075325
v 0.105339 0.432770 -0.116257
v 0.105476 0.177490 0.097504
v 0.105865 0.196243 -0.150482
v 0.105927 -0.243591 0.299652
v 0.106071 0.220505 -0.052452
v 0.106133 -0.422455 0.299225
v 0.107117 0.331024 -0.070938
v 0.107300 -0.205109 -0.300568
v 0.107422 0.185699 0.078560
v 0.107437 0.220581 -0.074509
v 0.107513 0.323700 -0.071571
v 0.107552 -0.164566 -0.322357
v 0.107613 0.283020 0.115356
v 0.107658 -0.434387 -0.299530
v 0.108284 0.220322 0.061768
v 0.108383 0.263214 -0.074570
v 0.108597 0.077370 -0.007354
v 0.108604 0.081879 0.004226
v 0.108643 0.178024 -0.149887
v 0.108658 0.316315 -0.152771
v 0.108673 0.062065 -0.007332
v 0.108826 -0.203506 0.276489
v 0.108887 -0.500000 0.150330
v 0.108902 -0.205627 0.301147
v 0.108902 -0.205627 0.301147
v 0.108963 0.102974 -0.005060
v 0.109123 -0.500000 -0.194382
v 0.109253 -0.221252 0.299683
v 0.109299 -0.217407 -0.300110
v 0.109581 0.256165 0.083076
v 0.109772 -0.030348 -0.071861
v 0.109787 -0.111580 -0.071777
v 0.109795 -0.164597 0.303711
v 0.109894 0.053059 -0.071976
v 0.109970 -0.167892 -0.072098
v 0.109993 -0.200851 -0.072693
v 0.110001 0.104767 0.003699
v 0.110008 -0.207596 0.322937
v 0.110031 0.281738 0.083214
v 0.110115 0.167801 -0.147812
v 0.110161 0.120834 -0.071831
v 0.110222 0.269867 0.082726
v 0.110229 0.329773 -0.151443
v 0.110329 0.188461 0.104797
v 0.110428 0.134537 0.067520
v 0.110725 0.302704 -0.148224
v 0.110779 -0.209274 -0.323029
v 0.110786 -0.203308 0.067863
v 0.110809 0.199921 0.073349
v 0.110817 0.179962 -0.142609
v 0.111008 -0.046585 0.065529
v 0.111053 0.071671 0.065811
v 0.111061 0.311310 -0.074417
v 0.111107 -0.200729 0.302856
v 0.111115 -0.206116 -0.313690
v 0.111237 -0.203400 -0.147705
v 0.111298 -0.209641 0.314789
v 0.111298 -0.363342 -0.299255
v 0.111427 -0.165436 0.322571
v 0.111450 -0.445587 -0.301086
v 0.111588 0.253967 0.110878
v 0.111732 -0.163895 0.313354
v 0.111977 0.156586 -0.069664
v 0.112190 -0.121590 -0.146774
v 0.112358 -0.164383 -0.307281
v 0.112457 -0.230270 0.303406
v 0.112473 -0.219925 -0.312775
v 0.112785 0.165512 0.070915
v 0.113083 0.119820 -0.146378
v 0.113258 -0.233109 -0.302368
v 0.113373 0.200500 0.108986
v 0.113419 -0.500000 0.285645
v 0.113594 0.181122 0.070343
v 0.113655 0.243042 -0.145905
v 0.113716 -0.500000 0.036045
v 0.114235 0.166245 -0.151566
v 0.114441 0.220093 0.073631
v 0.114449 -0.219452 0.318115
v 0.114517 0.171783 -0.140915
v 0.114807 0.185013 -0.145157
v 0.114929 0.297058 -0.143417
v 0.114967 -0.010888 -0.059788
v 0.115067 0.189392 0.098434
v 0.115158 0.220398 0.009859
v 0.115341 0.286041 -0.144913
v 0.115387 -0.004728 -0.076096
v 0.115395 0.343201 -0.151245
v 0.115440 -0.203476 -0.181915
v 0.115486 -0.203491 0.091934
v 0.115509 0.199203 0.095985
v 0.115593 0.062252 0.005054
v 0.115601 0.287872 -0.084488
v 0.115723 -0.194778 0.322723
v 0.115921 0.165939 -0.072060
v 0.115990 -0.500000 -0.311310
v 0.116005 0.377747 -0.089508
v 0.116158 0.157852 -0.145065
v 0.116333 -0.060173 -0.144348
v 0.116409 -0.054222 -0.076843
v 0.116417 -0.179962 -0.143570
v 0.116425 0.300201 -0.084877
v 0.116516 0.247055 -0.078224
v 0.116638 0.289581 -0.080185
v 0.116844 0.201096 -0.144119
v 0.116844 0.222412 -0.078209
v 0.116936 0.182816 -0.078407
v 0.116959 0.345459 -0.075172
v 0.117363 -0.106911 0.053440
v 0.117775 0.169388 -0.082039
v 0.117790 -0.446442 0.302246
v 0.117813 -0.161255 -0.078453
v 0.117851 0.300720 -0.079659
v 0.117867 0.062637 -0.052612
v 0.117981 0.293518 -0.088036
v 0.118233 0.289001 0.089226
v 0.118317 0.257324 0.088142
v 0.118370 0.043839 -0.142487
v 0.118439 -0.190720 -0.050873
v 0.118561 0.235199 0.067619
v 0.118652 0.124321 -0.050701
v 0.118713 0.200409 0.076363
v 0.118820 0.372070 -0.134766
v 0.118935 0.023592 0.049294
v 0.119179 0.392029 -0.106079
v 0.119324 -0.115692 -0.048008
v 0.119431 0.175903 -0.143097
v 0.119629 -0.165039 0.047691
v 0.119743 0.102203 -0.006038
v 0.119751 0.169113 -0.134796
v 0.120071 0.285828 -0.083015
v 0.120102 0.231750 -0.067749
v 0.120132 0.273499 0.089493
v 0.120438 0.324463 -0.143936
v 0.120506 0.255463 0.065498
v 0.120522 0.185883 0.057430
v 0.120621 0.161270 0.052624
v 0.120644 0.301819 -0.083153
v 0.120651 -0.013027 -0.139999
v 0.120789 0.181396 -0.132172
v 0.120819 0.127365 -0.081352
v 0.120895 0.079865 0.007331
v 0.120934 0.317169 -0.075836
v 0.120956 0.062138 -0.007183
v 0.121010 0.324738 -0.080460
v 0.121071 0.312622 -0.142563
v 0.121269 0.175110 0.074875
v 0.121300 0.167389 -0.142685
v 0.121376 -0.203354 -0.042515
v 0.121498 0.070190 -0.082222
v 0.121681 -0.500000 0.096565
v 0.121742 0.201630 0.099541
v 0.121758 0.245178 -0.083092
v 0.121826 0.178146 -0.054989
v 0.121826 0.201675 0.089256
v 0.121841 -0.216782 -0.319763
v 0.121910 0.160858 -0.145645
v 0.121933 0.210709 -0.082977
v 0.122025 0.198410 -0.054432
v 0.122063 0.198593 0.056454
v 0.122124 0.169739 0.064323
v 0.122269 0.154907 -0.082703
v 0.122459 0.274231 -0.084526
v 0.122551 0.334167 -0.149597
v 0.122650 0.239441 -0.074982
v 0.122757 0.108200 -0.000269
v 0.122948 0.180435 -0.068733
v 0.122955 0.291382 -0.134262
v 0.122978 0.157944 -0.043533
v 0.123199 0.130066 0.037159
v 0.123352 -0.089088 -0.084282
v 0.123505 0.189896 0.076584
v 0.123642 -0.202667 -0.302155
v 0.123703 0.183701 -0.136353
v 0.123817 -0.233215 -0.302338
v 0.123886 -0.203278 -0.085709
v 0.123955 -0.200165 0.034336
v 0.123962 0.175659 -0.087097
v 0.124062 0.333710 -0.075653
v 0.124229 0.188263 0.047260
v 0.124290 0.254608 -0.063591
v 0.124306 0.171234 -0.057205
v 0.124306 0.186890 -0.089943
v 0.124397 -0.067223 0.032089
v 0.124451 -0.203339 -0.135712
v 0.124458 0.191544 -0.045155
v 0.124519 0.220444 -0.054726
v 0.124550 0.018068 -0.032055
v 0.124664 0.301300 -0.135880
v 0.124741 -0.227493 0.307404
v 0.124794 -0.023653 -0.085602
v 0.124908 0.201767 0.049099
v 0.125046 0.169678 -0.093300
v 0.125198 -0.044735 -0.029495
v 0.125214 0.161560 -0.078758
v 0.125259 0.315887 -0.143402
v 0.125305 -0.108711 -0.134888
v 0.125351 -0.500000 -0.029371
v 0.125381 0.257111 0.093445
v 0.125641 0.259399 -0.134079
v 0.125656 0.167374 -0.081856
v 0.125671 0.168472 -0.132721
v 0.125748 0.177231 0.059425
v 0.125809 0.200867 -0.041893
v 0.125931 0.079681 -0.007372
v 0.126099 0.277405 0.095383
v 0.126205 -0.213577 0.323212
v 0.126389 -0.059544 -0.133286
v 0.126785 0.128235 -0.132339
v 0.126846 0.298279 -0.092606
v 0.126968 0.331451 -0.138947
v 0.127014 0.084610 0.022196
v 0.127106 0.259064 0.052353
v 0.127151 -0.221558 -0.311005
v 0.127243 -0.500000 -0.135422
v 0.127365 -0.218353 -0.299713
v 0.127380 -0.104599 -0.016867
v 0.127472 0.164429 0.039978
v 0.127548 0.199234 0.040058
v 0.127594 -0.149490 0.012221
v 0.127640 0.141846 -0.011567
v 0.127655 0.312805 -0.089775
v 0.127792 -0.183289 -0.010161
v 0.127838 0.152527 0.019815
v 0.127884 0.255127 -0.050446
v 0.127914 0.183228 -0.036831
v 0.127930 0.020554 0.016001
v 0.127975 0.031069 -0.091194
v 0.127975 0.269684 -0.049515
v 0.128006 0.175797 -0.130722
v 0.128052 -0.203415 0.002665
v 0.128113 0.010584 -0.008837
v 0.128372 -0.066071 0.001058
v 0.128418 0.224380 0.091324
v 0.128571 0.364716 -0.120438
v 0.128647 -0.165207 -0.092278
v 0.128754 0.181122 -0.094131
v 0.128799 -0.203537 -0.281555
v 0.128815 -0.261444 0.299469
v 0.128830 0.204620 -0.129074
v 0.128891 0.177811 0.040222
v 0.129028 0.182770 -0.105545
v 0.129105 0.201965 0.090057
v 0.129150 0.178772 -0.119286
v 0.129211 0.211731 -0.095428
v 0.129227 -0.175888 -0.127762
v 0.129333 0.101929 0.006207
v 0.129578 0.169800 -0.104019
v 0.129700 0.295532 -0.108246
v 0.129730 0.100441 -0.010927
v 0.129868 0.163284 0.026945
v 0.129913 0.220016 0.041046
v 0.130005 0.113045 0.002501
v 0.130020 0.312195 -0.128220
v 0.130066 0.198807 -0.057140
v 0.130066 -0.206085 -0.311493
v 0.130112 0.190323 -0.024696
v 0.130112 -0.206772 0.313293
v 0.130157 0.059742 -0.009620
v 0.130219 0.320343 -0.090218
v 0.130234 0.204803 -0.067177
v 0.130249 0.014438 -0.124893
v 0.130249 0.168137 -0.024799
v 0.130280 0.157928 -0.127487
v 0.130402 0.081688 0.007201
v 0.130493 0.137802 -0.097206
v 0.130508 0.233444 -0.061337
v 0.130524 0.200989 -0.019897
v 0.130539 0.199875 0.022337
v 0.130630 0.075500 -0.123085
v 0.130646 0.158646 -0.010570
v 0.130646 0.284729 -0.123909
v 0.130798 0.341003 -0.137604
v 0.130890 0.180191 0.017313
v 0.130905 0.061588 0.004005
v 0.130936 -0.092171 -0.123360
v 0.130981 0.255737 -0.099487
v 0.131058 0.168182 -0.121765
v 0.131058 0.181610 -0.016098
v 0.131134 0.283997 -0.050655
v 0.131149 0.329071 -0.093109
v 0.131302 -0.206055 0.301178
v 0.131348 0.232971 -0.039627
v 0.131348 -0.005744 -0.099754
v 0.131363 0.284363 -0.106918
v 0.131378 0.320831 -0.131012
v 0.131409 -0.081665 -0.100357
v 0.131485 0.255951 0.077339
v 0.131485 0.299896 -0.118340
v 0.131546 -0.500000 -0.273712
v 0.131714 -0.203217 -0.112473
v 0.131744 0.166306 -0.033764
v 0.131760 0.198303 0.008421
v 0.131775 0.195450 0.082657
v 0.131821 0.185852 -0.059319
v 0.131897 0.183289 -0.101700
v 0.131912 0.301788 -0.102211
v 0.131989 0.343445 -0.090233
v 0.132019 0.277832 0.054462
v 0.132034 0.091087 -0.104454
v 0.132080 0.164368 -0.133087
v 0.132095 0.243225 -0.116653
v 0.132111 -0.187866 -0.107643
v 0.132111 -0.221390 0.299683
v 0.132126 0.137253 -0.118279
v 0.132202 -0.141113 -0.116364
v 0.132294 0.198380 -0.007593
v 0.132309 0.187988 -0.117111
v 0.132446 -0.027733 -0.114258
v 0.132614 0.201599 -0.049637
v 0.132629 0.039146 -0.107422
v 0.132736 0.157730 -0.104431
v 0.132736 0.269409 -0.032833
v 0.132858 0.296173 -0.112038
v 0.132904 0.252960 0.031689
v 0.133057 0.171158 -0.111649
v 0.133163 0.181931 0.026596
v 0.133163 0.334991 -0.085533
v 0.133392 -0.206039 0.322876
v 0.133453 -0.204666 -0.301178
v 0.133530 0.312531 -0.108215
v 0.133636 0.189484 0.073830
v 0.133804 0.328644 -0.110344
v 0.133835 0.330536 -0.124580
v 0.133896 -0.203522 0.183884
v 0.134079 0.177994 -0.006664
v 0.134430 0.220200 -0.017937
v 0.134430 -0.371521 0.299194
v 0.134613 0.283234 -0.032818
v 0.134720 0.283356 0.034458
v 0.134903 -0.163773 0.303497
v 0.134933 0.182404 0.008139
v 0.135132 -0.175674 0.303070
v 0.135193 -0.205368 -0.322815
v 0.135529 0.197968 0.061520
v 0.135574 0.220200 0.010249
v 0.135620 -0.163834 -0.314758
v 0.135635 -0.162796 0.317993
v 0.135834 -0.164581 -0.322540
v 0.135925 0.234528 -0.013742
v 0.135971 -0.147568 0.314117
v 0.135986 0.237305 0.012369
v 0.136002 -0.137436 0.322662
v 0.136063 0.314545 -0.118896
v 0.136063 -0.146774 0.303162
v 0.136078 -0.145355 -0.315399
v 0.136169 0.161285 -0.097725
v 0.136200 -0.129807 0.311859
v 0.136276 0.166351 -0.099068
v 0.136337 0.256622 0.056805
v 0.136444 0.344788 -0.106972
v 0.136444 -0.143631 -0.324158
v 0.136459 -0.151779 -0.303223
v 0.136597 0.274597 -0.017412
v 0.136597 0.275269 0.018129
v 0.136612 0.317413 -0.106567
v 0.136703 0.175385 0.042034
v 0.136780 -0.233078 -0.299652
v 0.136795 0.255585 -0.016228
v 0.136841 0.255402 0.003381
v 0.136948 0.169205 0.007451
v 0.136948 0.253174 -0.053356
v 0.137070 0.162796 -0.116707
v 0.137360 -0.135559 -0.305573
v 0.137726 0.190048 0.065079
v 0.138062 0.199402 -0.042248
v 0.138443 0.225327 -0.054440
v 0.138489 0.333954 -0.126389
v 0.138580 -0.164139 -0.303284
v 0.138641 0.289276 0.055031
v 0.139023 0.202225 -0.058388
v 0.139175 -0.204605 -0.311584
v 0.139755 0.185242 -0.040459
v 0.139786 0.256592 0.018063
v 0.139984 0.333740 -0.108025
v 0.140213 -0.130402 -0.316620
v 0.140259 0.177444 0.035069
v 0.140579 0.209137 0.071419
v 0.141113 0.286346 -0.055153
v 0.141251 0.200165 0.047924
v 0.141510 0.174530 -0.002799
v 0.141617 -0.482941 -0.311462
v 0.141983 0.180603 -0.033276
v 0.141998 0.192566 0.043831
v 0.143082 -0.205612 0.315094
v 0.143173 -0.218872 -0.299805
v 0.143356 0.199188 0.010692
v 0.143692 -0.289703 -0.299347
v 0.143707 -0.500000 -0.083817
v 0.143723 -0.202515 0.301788
v 0.144226 0.199997 -0.024548
v 0.144424 0.184158 -0.026373
v 0.144791 0.201187 0.061584
v 0.144882 0.200623 -0.013641
v 0.145279 0.182266 0.028404
v 0.145416 -0.205521 0.301941
v 0.145508 -0.203491 -0.057117
v 0.146027 0.259125 0.059357
v 0.146179 0.282776 0.060650
v 0.146362 0.198608 0.025705
v 0.146622 -0.129669 0.316040
v 0.146698 0.290314 0.029539
v 0.147186 0.288300 -0.037930
v 0.147232 0.213043 -0.055943
v 0.147263 -0.205566 -0.303406
v 0.147339 0.256836 -0.017914
v 0.147476 -0.210678 -0.322205
v 0.147659 0.202194 -0.052429
v 0.147705 0.288116 0.019339
v 0.147781 0.250122 -0.056980
v 0.147842 -0.211288 0.320190
v 0.147964 -0.203522 0.121651
v 0.147964 -0.220230 0.299988
v 0.148239 -0.214920 -0.311279
v 0.148697 0.288055 -0.018772
v 0.148743 0.279510 -0.058056
v 0.148926 -0.229492 0.305176
v 0.149063 -0.140488 0.324158
v 0.149063 -0.499939 0.311432
v 0.149094 -0.203522 0.056713
v 0.149277 0.192627 -0.044289
v 0.149307 -0.500000 0.181305
v 0.149750 0.196213 0.047386
v 0.149948 -0.500000 0.236359
v 0.150284 -0.228348 -0.308807
v 0.150528 -0.140137 -0.324249
v 0.150757 0.210739 -0.046375
v 0.150833 0.257111 -0.046432
v 0.151108 -0.196213 -0.303070
v 0.151505 0.256042 0.002766
v 0.151520 0.269684 0.019936
v 0.151581 0.221252 0.043690
v 0.152618 0.196930 -0.036388
v 0.152725 0.193146 -0.007528
v 0.152817 -0.500000 0.058037
v 0.153870 0.282440 0.036701
v 0.154327 -0.203461 -0.229019
v 0.154404 0.199661 0.031128
v 0.154541 0.193298 0.008569
v 0.154861 0.279541 -0.041840
v 0.155243 -0.203461 -0.117020
v 0.155350 0.260590 0.023571
v 0.155396 0.200165 -0.024761
v 0.155701 0.216110 -0.023600
v 0.156036 -0.203461 0.292908
v 0.156128 0.255920 -0.021906
v 0.156326 -0.453796 0.311615
v 0.156372 0.201385 0.016027
v 0.156509 0.199982 -0.008325
v 0.156921 0.227310 0.008124
v 0.157104 0.277618 -0.019775
v 0.157303 -0.500000 -0.230331
v 0.157837 -0.229599 0.308197
v 0.158279 -0.500000 -0.173248
v 0.159943 -0.137634 -0.302917
v 0.160126 -0.203522 -0.015200
v 0.160233 -0.213013 -0.322845
v 0.160736 0.281982 0.022097
v 0.161087 -0.237152 -0.299683
v 0.161285 -0.228943 -0.308807
v 0.161896 -0.500000 0.122505
v 0.162155 -0.217453 0.319794
v 0.162354 -0.175461 0.322662
v 0.162460 -0.227753 0.301270
v 0.163101 -0.214996 -0.309235
v 0.163589 -0.452301 -0.309601
v 0.164856 -0.203506 0.262848
v 0.165161 -0.205841 0.302063
v 0.165451 -0.208420 0.316864
v 0.165726 -0.478485 0.311401
v 0.166580 -0.205292 -0.305725
v 0.166626 -0.221436 -0.299591
v 0.168076 -0.157059 -0.303223
v 0.169678 -0.499878 -0.311523
v 0.170883 -0.500000 -0.048306
v 0.171555 -0.203491 -0.186096
v 0.172806 -0.203522 0.166656
v 0.172897 -0.204987 -0.323029
v 0.173096 -0.500000 -0.132874
v 0.173920 -0.220337 0.299561
v 0.174393 -0.135147 0.305237
v 0.174881 -0.130112 -0.311615
v 0.175156 -0.500000 0.012412
v 0.175842 -0.189774 -0.322784
v 0.176941 -0.158661 0.303101
v 0.177643 -0.500000 -0.285309
v 0.178375 -0.205490 0.323059
v 0.179245 -0.205582 -0.300934
v 0.179703 -0.203491 -0.293518
v 0.179825 -0.414581 -0.299469
v 0.180725 -0.206680 0.301483
v 0.182144 -0.207352 0.314362
v 0.182693 -0.207397 -0.314575
v 0.184555 -0.500000 0.289886
v 0.184647 -0.226410 0.299683
v 0.184738 -0.223343 0.310394
v 0.184830 -0.218933 -0.299713
v 0.185028 -0.222198 -0.310059
v 0.185150 -0.211288 -0.322784
v 0.185410 -0.235062 0.302002
v 0.185547 -0.232910 -0.301971
v 0.186874 -0.336212 -0.299347
v 0.187134 -0.445496 -0.300995
v 0.188461 -0.127792 0.313629
v 0.189529 -0.203537 0.126770
v 0.190063 -0.345520 0.299286
v 0.190704 -0.215744 0.321503
v 0.190811 -0.424561 0.299438
v 0.190948 -0.203522 0.039368
v 0.191757 -0.447021 0.302826
v 0.192474 -0.224823 -0.313019
v 0.192642 -0.202347 -0.302185
v 0.193314 -0.253723 0.299591
v 0.193832 -0.135834 0.322723
v 0.194244 -0.460541 -0.311768
v 0.195343 -0.233109 -0.299835
v 0.195480 -0.201752 0.301941
v 0.195740 -0.500000 0.192963
v 0.196640 -0.490967 -0.311584
v 0.197906 -0.185684 -0.303192
v 0.198318 -0.500000 -0.090050
v 0.198608 -0.225372 0.307770
v 0.198624 -0.229401 -0.308167
v 0.198929 -0.220566 -0.299744
v 0.198975 -0.213837 -0.312164
v 0.199570 -0.206833 0.305176
v 0.199783 -0.253021 -0.299530
v 0.199814 -0.210175 0.319672
v 0.199860 -0.010135 -0.300842
v 0.199966 -0.203491 -0.134995
v 0.200089 -0.206390 -0.299896
v 0.200272 -0.208496 -0.322021
v 0.200775 -0.145828 0.323364
v 0.201309 -0.013779 -0.321625
v 0.201401 -0.500000 -0.223343
v 0.201614 -0.010458 0.314301
v 0.201904 -0.035645 0.298615
v 0.201965 -0.203445 0.290924
v 0.202011 -0.086365 0.302643
v 0.202103 -0.193954 0.322815
v 0.202347 -0.035198 -0.299042
v 0.202576 -0.139816 -0.323059
v 0.202576 -0.500000 0.080612
v 0.202591 -0.223068 0.299896
v 0.202667 -0.023642 -0.312469
v 0.202682 -0.089714 -0.309692
v 0.202744 -0.088806 -0.293976
v 0.203033 -0.069534 -0.310577
v 0.203430 -0.488708 0.311493
v 0.203598 -0.499969 0.312500
v 0.203629 -0.020824 0.317963
v 0.203629 -0.037949 -0.285339
v 0.203644 -0.068092 0.319489
v 0.203644 -0.094017 0.292297
v 0.203720 -0.205017 -0.311157
v 0.204010 -0.470367 -0.311676
v 0.204422 -0.494873 -0.313751
v 0.204636 -0.092209 0.320770
v 0.204651 -0.056862 0.281372
v 0.204895 -0.018661 0.298523
v 0.205017 -0.092590 -0.282928
v 0.205215 -0.009450 -0.332886
v 0.205490 -0.010407 0.332001
v 0.205597 -0.027136 -0.330780
v 0.205719 -0.096024 -0.319794
v 0.205856 -0.458221 0.311798
v 0.205994 -0.205200 0.300873
v 0.206024 -0.003833 0.298737
v 0.206207 -0.069389 -0.273895
v 0.206329 -0.458374 -0.320984
v 0.206635 -0.204681 0.312744
v 0.206696 -0.032288 0.333130
v 0.206955 -0.090164 0.281525
v 0.207169 -0.019112 -0.265320
v 0.207306 -0.454132 -0.310883
v 0.207321 -0.088028 -0.270782
v 0.207397 -0.453400 0.312225
v 0.207504 -0.003182 -0.314178
v 0.207611 -0.087479 -0.335785
v 0.207611 -0.136887 -0.304962
v 0.207718 -0.087555 0.334290
v 0.208069 -0.053226 -0.337830
v 0.208557 -0.204880 0.322998
v 0.208603 -0.035408 -0.267883
v 0.208649 -0.007676 -0.299164
v 0.208878 -0.085632 0.266479
v 0.208908 -0.480377 0.330139
v 0.209335 -0.010199 0.265808
v 0.209351 -0.035221 0.283081
v 0.209503 -0.000854 0.311279
v 0.209824 -0.034649 0.298431
v 0.209976 -0.499939 -0.316010
v 0.210220 -0.104713 -0.294098
v 0.210236 -0.029871 0.262299
v 0.210495 -0.456635 0.325104
v 0.210541 -0.089134 -0.323212
v 0.211014 -0.091278 -0.296539
v 0.211014 -0.203949 -0.301178
v 0.211014 -0.203949 -0.301178
v 0.211151 -0.034538 -0.331940
v 0.211838 -0.477234 -0.337433
v 0.211914 -0.090065 0.344788
v 0.211975 -0.088661 -0.306976
v 0.212067 -0.033585 -0.298859
v 0.212128 -0.094597 0.336884
v 0.212296 -0.086266 -0.277924
v 0.212479 -0.203476 0.248749
v 0.212524 -0.499786 0.338562
v 0.212646 -0.001049 -0.329437
v 0.212662 -0.000777 0.329102
v 0.212891 -0.101097 -0.284515
v 0.212906 -0.034401 -0.286560
v 0.212921 -0.107101 0.295258
v 0.212952 -0.017111 -0.330627
v 0.213028 -0.008015 -0.256195
v 0.213120 -0.089104 0.297577
v 0.213181 -0.019463 -0.253021
v 0.213333 -0.020914 0.330200
v 0.213440 -0.098495 0.265350
v 0.213669 -0.036125 -0.349030
v 0.213852 -0.106987 -0.309143
v 0.213974 -0.030399 0.268646
v 0.213974 -0.108406 0.309021
v 0.214066 -0.109192 0.320526
v 0.214096 -0.002934 -0.267548
v 0.214355 -0.085922 0.325989
v 0.214478 -0.064919 -0.254761
v 0.214630 -0.206131 0.317078
v 0.214630 -0.211456 -0.300110
v 0.214645 -0.086311 -0.330566
v 0.214661 -0.061123 0.351013
v 0.214813 -0.203674 -0.322784
v 0.214828 -0.203522 0.186157
v 0.214966 -0.206100 -0.314392
v 0.215103 -0.011950 0.246857
v 0.215118 -0.498291 -0.345520
v 0.215149 -0.106209 -0.319580
v 0.215240 -0.111389 0.287323
v 0.215317 -0.089241 -0.269714
v 0.215469 -0.458344 -0.346619
v 0.215546 -0.093613 0.351288
v 0.215607 -0.206284 0.301483
v 0.215790 -0.036064 0.352386
v 0.215790 -0.091751 -0.254669
v 0.215958 -0.203522 -0.266937
v 0.215988 -0.017321 -0.268951
v 0.216019 -0.001460 0.268677
v 0.216385 -0.088966 0.270325
v 0.216537 -0.086403 -0.355255
v 0.216629 -0.454437 -0.332672
v 0.216965 -0.203537 0.077065
v 0.217117 -0.034168 0.329315
v 0.217209 -0.088699 0.306671
v 0.217270 -0.087708 0.250580
v 0.217422 -0.093063 -0.348602
v 0.217422 -0.102760 -0.268677
v 0.217743 -0.005314 0.256439
v 0.217957 -0.088074 0.281921
v 0.218094 -0.009611 0.311920
v 0.218109 -0.085831 0.357452
v 0.218155 -0.009792 -0.312195
v 0.218185 -0.090668 0.320007
v 0.218216 -0.128616 -0.314087
v 0.218246 -0.207932 0.323029
v 0.218689 -0.201477 -0.302490
v 0.218781 -0.444672 -0.300446
v 0.218781 -0.450745 -0.310242
v 0.218918 -0.017126 0.299744
v 0.218964 -0.129120 0.311584
v 0.219025 -0.446472 0.302765
v 0.219055 -0.212860 0.308197
v 0.219208 -0.010874 -0.365265
v 0.219406 -0.015965 -0.300354
v 0.219452 -0.117134 -0.298645
v 0.219574 -0.116783 -0.287140
v 0.219635 -0.141800 0.299591
v 0.219681 -0.118599 0.295990
v 0.219681 -0.461029 0.357239
v 0.219711 -0.060440 -0.359772
v 0.219757 -0.065498 0.245819
v 0.219788 -0.105080 -0.336395
v 0.219788 -0.224091 0.299896
v 0.219803 -0.211853 -0.322845
v 0.219925 -0.216507 -0.309357
v 0.219925 -0.227737 -0.299805
v 0.219925 -0.351288 0.299500
v 0.220016 -0.286346 0.299469
v 0.220016 -0.411377 -0.299469
v 0.220139 -0.032955 -0.299500
v 0.220139 -0.034954 0.298859
v 0.220184 -0.104965 0.284454
v 0.220184 -0.350586 -0.299469
v 0.220261 -0.015665 -0.241882
v 0.220261 -0.415680 0.299591
v 0.220276 -0.284668 -0.299469
v 0.220383 -0.164368 0.303070
v 0.220413 -0.020224 0.363556
v 0.220459 -0.038380 0.361572
v 0.220520 -0.146530 -0.301605
v 0.220627 -0.010066 0.242157
v 0.220657 -0.011911 0.366882
v 0.220657 -0.202133 0.299805
v 0.220703 -0.190247 -0.301483
v 0.220749 -0.104034 0.319641
v 0.220779 -0.088799 0.332031
v 0.220825 -0.030931 -0.363281
v 0.220886 -0.120728 0.318970
v 0.220901 -0.071625 0.310181
v 0.220932 -0.062134 0.295807
v 0.220947 -0.250488 0.309052
v 0.220993 -0.479401 0.358032
v 0.221039 -0.110413 0.337433
v 0.221054 -0.070862 -0.300537
v 0.221069 -0.099785 0.295746
v 0.221176 -0.090790 -0.333069
v 0.221237 -0.034752 0.314270
v 0.221237 -0.366455 -0.311554
v 0.221252 -0.095757 -0.298889
v 0.221405 -0.016953 -0.327240
v 0.221451 -0.034584 0.342346
v 0.221466 -0.080132 0.299622
v 0.221466 -0.241028 -0.313446
v 0.221512 -0.087189 0.298096
v 0.221527 -0.097694 0.305389
v 0.221558 -0.179123 0.293518
v 0.221603 -0.024765 -0.316925
v 0.221634 -0.035213 -0.242538
v 0.221725 -0.028391 0.241867
v 0.221802 -0.118111 -0.323608
v 0.221832 -0.404083 0.316071
v 0.221893 -0.016048 0.327087
v 0.221893 -0.313477 0.314728
v 0.221954 -0.003197 0.261688
v 0.221985 -0.088959 0.348785
v 0.221985 -0.435364 -0.320984
v 0.221985 -0.451996 0.326660
v 0.222168 -0.220779 0.322693
v 0.222229 -0.031853 -0.271698
v 0.222336 -0.100746 -0.322205
v 0.222351 -0.089645 -0.319214
v 0.222427 -0.034878 -0.283234
v 0.222427 -0.105217 -0.284149
v 0.222549 -0.080032 -0.312500
v 0.222565 -0.105904 0.347473
v 0.222717 -0.035545 0.282867
v 0.222733 -0.452057 -0.329742
v 0.222748 -0.183502 -0.286682
v 0.222839 -0.158691 -0.323090
v 0.222855 -0.003292 -0.259918
v 0.222885 -0.306549 -0.319214
v 0.222900 -0.103569 -0.261444
v 0.223190 -0.136230 -0.323120
v 0.223267 -0.087044 -0.363770
v 0.223267 -0.140121 0.323029
v 0.223282 -0.184570 0.322906
v 0.223328 -0.034634 -0.326630
v 0.223328 -0.089386 -0.284180
v 0.223343 -0.052097 -0.283844
v 0.223434 -0.201508 -0.323212
v 0.223541 -0.458740 -0.363739
v 0.223602 -0.117638 -0.274445
v 0.223633 -0.011395 0.271362
v 0.223663 -0.106560 0.257935
v 0.223755 -0.114662 0.277740
v 0.223862 -0.080116 0.281738
v 0.223892 -0.203201 -0.285522
v 0.224106 -0.101204 0.329254
v 0.224121 -0.035313 0.327667
v 0.224121 -0.086037 -0.241272
v 0.224350 -0.086266 -0.352264
v 0.224411 -0.052441 0.277802
v 0.224487 -0.080139 -0.282959
v 0.224518 -0.141800 -0.278290
v 0.224670 -0.111259 0.269257
v 0.224838 -0.500000 0.020618
v 0.224869 -0.104500 -0.346283
v 0.224945 -0.080086 0.325958
v 0.225052 -0.011708 -0.268951
v 0.225082 -0.003301 -0.360352
v 0.225113 -0.061443 -0.328400
v 0.225204 -0.004010 -0.245926
v 0.225342 -0.090088 -0.275848
v 0.225510 -0.104446 -0.275116
v 0.225525 -0.031990 0.272919
v 0.225616 -0.131363 0.274475
v 0.225708 -0.061176 0.330688
v 0.225876 -0.500000 -0.025440
v 0.225906 -0.095734 0.344543
v 0.225906 -0.203293 0.275665
v 0.226151 -0.166580 -0.331635
v 0.226318 -0.500000 -0.166321
v 0.226501 -0.091759 0.275696
v 0.226608 -0.035412 -0.341278
v 0.226608 -0.260864 0.332397
v 0.226700 -0.085831 0.357178
v 0.226913 -0.476868 -0.365997
v 0.227127 -0.088264 0.368561
v 0.227188 -0.499908 0.365662
v 0.227280 -0.212387 -0.334167
v 0.227325 -0.033051 -0.357300
v 0.227493 -0.022228 0.357635
v 0.227493 -0.123741 0.338593
v 0.227585 -0.087173 -0.256409
v 0.227646 -0.088333 0.237289
v 0.227753 -0.265167 -0.335419
v 0.227829 -0.001652 0.248276
v 0.227997 -0.034519 0.356628
v 0.228088 -0.024321 0.370758
v 0.228104 -0.194351 0.335297
v 0.228119 -0.085518 0.249786
v 0.228180 -0.034885 0.338257
v 0.228333 -0.095100 -0.365936
v 0.228409 -0.434540 -0.339264
v 0.228561 -0.165451 0.269196
v 0.228989 -0.022345 0.247604
v 0.229019 -0.002067 0.361328
v 0.229050 -0.118217 -0.263763
v 0.229507 -0.442322 0.342041
v 0.229706 -0.024931 0.264282
v 0.229752 -0.203537 -0.066742
v 0.229904 -0.119377 -0.343811
v 0.229950 -0.500000 0.139954
v 0.230087 -0.078094 0.266235
v 0.230240 -0.034046 0.247849
v 0.230377 -0.116310 0.344757
v 0.230789 -0.102135 -0.343903
v 0.230881 -0.394318 0.341705
v 0.230988 -0.167496 -0.264130
v 0.231018 -0.453766 0.356232
v 0.231079 -0.012508 0.260956
v 0.231216 -0.115173 0.260681
v 0.231339 -0.012131 -0.355591
v 0.231339 -0.452332 -0.348663
v 0.231827 -0.461304 0.372070
v 0.231873 -0.041767 0.260284
v 0.231918 -0.477509 0.371368
v 0.231934 -0.079651 -0.342194
v 0.231964 -0.093307 0.261841
v 0.232040 -0.098686 -0.239700
v 0.232071 -0.379730 -0.343445
v 0.232147 -0.320892 0.343719
v 0.232346 -0.051529 0.345215
v 0.232559 -0.044788 -0.259888
v 0.232681 -0.097206 0.241119
v 0.232697 -0.499847 -0.370850
v 0.233047 -0.319550 -0.345428
v 0.233337 -0.089836 -0.346069
v 0.233459 -0.032333 -0.249374
v 0.233490 -0.009712 0.251953
v 0.233612 -0.141006 0.345703
v 0.233627 -0.088417 0.345642
v 0.233780 -0.010740 -0.252106
v 0.233871 -0.078766 0.347351
v 0.233932 -0.035423 -0.230774
v 0.234451 -0.103432 0.348633
v 0.234451 -0.202362 -0.347748
v 0.234497 -0.108231 0.360840
v 0.234543 -0.035904 0.229156
v 0.234894 -0.088348 -0.356506
v 0.234985 -0.011064 -0.376984
v 0.235062 -0.055569 0.228409
v 0.235138 -0.098373 0.371185
v 0.235184 -0.090271 -0.230072
v 0.235291 -0.098068 0.359528
v 0.235321 -0.088295 0.377014
v 0.235413 -0.059082 -0.228546
v 0.235565 -0.034069 0.350983
v 0.235565 -0.087997 -0.248108
v 0.235580 -0.016266 0.351868
v 0.235611 -0.088264 -0.376648
v 0.235718 -0.070084 0.255005
v 0.235840 -0.006021 0.375458
v 0.235855 -0.203293 0.257019
v 0.235962 -0.025393 0.252899
v 0.236557 -0.034874 0.252472
v 0.236664 -0.500000 0.258148
v 0.236710 -0.035412 -0.352631
v 0.236984 -0.078979 -0.254364
v 0.237167 -0.113510 0.254089
v 0.237183 -0.101456 -0.354279
v 0.237427 -0.112450 -0.358673
v 0.237457 -0.089310 0.353210
v 0.237778 -0.054184 -0.379547
v 0.237793 -0.144333 -0.351685
v 0.237991 -0.109688 -0.255432
v 0.238113 -0.098915 -0.262817
v 0.238556 -0.087761 0.225937
v 0.238617 -0.034626 0.235992
v 0.238739 -0.171936 0.252808
v 0.238770 -0.110916 0.355713
v 0.238815 -0.013526 0.384277
v 0.238846 -0.252014 -0.353180
v 0.238892 -0.087929 -0.262299
v 0.238983 -0.104675 -0.244431
v 0.239105 -0.099152 0.262665
v 0.239105 -0.275299 0.353577
v 0.239700 -0.090599 0.248550
v 0.239807 -0.444550 -0.357635
v 0.240082 -0.108597 0.244598
v 0.240341 -0.179779 -0.251709
v 0.240356 -0.454681 -0.370209
v 0.240494 -0.054214 0.356689
v 0.240494 -0.100754 0.233597
v 0.240555 -0.058659 0.381195
v 0.240891 -0.127213 -0.249695
v 0.240997 -0.427826 -0.356323
v 0.241287 -0.080368 0.265350
v 0.241684 -0.014568 -0.219849
v 0.241806 -0.203323 -0.251129
v 0.242203 -0.036587 0.247192
v 0.242294 -0.032349 -0.222580
v 0.242294 -0.109451 -0.366760
v 0.242310 -0.080269 0.312653
v 0.242325 -0.095558 -0.368927
v 0.242432 -0.500000 0.185608
v 0.242615 -0.080292 -0.273560
v 0.242691 -0.104309 0.253601
v 0.242783 -0.343323 -0.357544
v 0.242798 -0.012596 -0.359283
v 0.242798 -0.084999 -0.221893
v 0.243149 -0.080162 0.247040
v 0.243256 -0.003869 -0.370758
v 0.243408 -0.203537 0.135361
v 0.243484 -0.089958 -0.234695
v 0.243637 -0.079491 0.359100
v 0.243774 -0.085686 -0.256195
v 0.243805 -0.086800 0.256683
v 0.244034 -0.328491 0.359161
v 0.244202 -0.433441 0.360199
v 0.244217 -0.037350 -0.245010
v 0.244339 -0.021578 0.223923
v 0.244812 -0.034695 0.225006
v 0.244827 -0.294586 -0.359985
v 0.244858 -0.378113 0.359772
v 0.244873 -0.090561 0.236389
v 0.244980 -0.013396 0.217346
v 0.244980 -0.087173 -0.371063
v 0.245056 -0.059959 0.244858
v 0.245071 -0.080254 -0.317841
v 0.245300 -0.500000 -0.344421
v 0.245361 -0.095619 -0.253235
v 0.245514 -0.033997 -0.231110
v 0.245697 -0.500000 -0.269592
v 0.245941 -0.086288 0.380768
v 0.245941 -0.090942 0.368896
v 0.245987 -0.009934 0.365265
v 0.246841 -0.003744 -0.224899
v 0.246918 -0.118744 -0.240707
v 0.247238 -0.120995 0.241455
v 0.247314 -0.067902 -0.242767
v 0.247543 -0.449951 -0.367310
v 0.247726 -0.086678 0.218491
v 0.247772 -0.000713 0.378235
v 0.248322 -0.486938 -0.383636
v 0.248337 -0.189270 -0.362885
v 0.248489 -0.112633 -0.365112
v 0.248657 -0.020638 0.363983
v 0.248901 -0.084625 -0.387512
v 0.249008 -0.092186 -0.364044
v 0.249252 -0.106735 0.366760
v 0.249313 -0.079140 -0.364746
v 0.249405 -0.203552 0.015705
v 0.249466 -0.012698 0.394379
v 0.249603 -0.452362 0.368774
v 0.249802 -0.460419 -0.384338
v 0.250031 -0.500000 -0.104942
v 0.250061 -0.125443 0.365234
v 0.250092 -0.017492 -0.232086
v 0.250122 -0.136841 0.242416
v 0.250122 -0.138519 -0.243500
v 0.250153 -0.071953 0.365692
v 0.250244 -0.109436 -0.244553
v 0.250275 -0.184525 0.364319
v 0.250397 -0.086853 -0.380798
v 0.250458 -0.024448 0.388947
v 0.250458 -0.500000 0.308746
v 0.250580 -0.002376 0.226547
v 0.250977 -0.085640 0.230133
v 0.251343 -0.015985 -0.213516
v 0.251343 -0.085732 -0.230438
v 0.251465 -0.156372 0.240417
v 0.251709 -0.500000 -0.059151
v 0.252045 -0.017567 -0.390381
v 0.252106 -0.086693 -0.244766
v 0.252136 -0.461487 0.385284
v 0.252197 -0.090248 -0.216660
v 0.252502 -0.035126 0.236282
v 0.252625 -0.135666 0.248734
v 0.252655 -0.080162 0.345978
v 0.252991 -0.110382 0.246857
v 0.253052 -0.129578 -0.250458
v 0.253113 -0.432037 -0.366882
v 0.253174 -0.034576 -0.236191
v 0.253265 -0.500000 -0.220932
v 0.253357 -0.016920 0.388062
v 0.253510 -0.021681 0.235733
v 0.253510 -0.203293 0.239792
v 0.253540 -0.035259 -0.390228
v 0.253601 -0.388458 -0.366882
v 0.253632 -0.087570 0.244247
v 0.253784 -0.046753 0.236786
v 0.253845 -0.115990 -0.236435
v 0.254059 -0.041706 0.368713
v 0.254211 -0.003140 0.386505
v 0.254395 -0.203522 -0.196030
v 0.254639 -0.007740 0.214798
v 0.254700 -0.203476 0.230377
v 0.254761 -0.119247 0.237671
v 0.254791 -0.041496 -0.368927
v 0.254913 -0.100891 -0.247223
v 0.255035 -0.091461 0.381104
v 0.255219 -0.087250 -0.369019
v 0.255798 -0.097809 -0.382874
v 0.256165 -0.079140 -0.235855
v 0.256195 -0.094048 0.389984
v 0.256256 -0.004613 -0.382904
v 0.256409 -0.137070 0.237900
v 0.256409 -0.500000 0.063530
v 0.257050 -0.020813 0.212021
v 0.257385 -0.004098 -0.218002
v 0.257477 -0.102997 -0.372070
v 0.257507 -0.009291 0.230484
v 0.257568 -0.033943 0.382294
v 0.257660 -0.080177 -0.363495
v 0.257996 -0.276001 0.369598
v 0.258057 -0.106491 -0.242233
v 0.258118 -0.035755 0.392242
v 0.258148 -0.283813 -0.370300
v 0.258331 -0.078918 0.234009
v 0.258362 -0.159790 -0.235428
v 0.258423 -0.115105 0.246597
v 0.258423 -0.129211 -0.241943
v 0.258453 -0.036724 0.212448
v 0.258728 -0.386749 0.370239
v 0.259216 -0.107185 0.376556
v 0.259247 -0.091217 0.226883
v 0.259247 -0.103638 0.222733
v 0.259308 -0.009433 0.376190
v 0.259399 -0.013507 -0.372620
v 0.259521 -0.088898 0.371796
v 0.259674 -0.499817 -0.388672
v 0.259857 -0.033157 -0.377289
v 0.260162 -0.484528 0.389618
v 0.260193 -0.003230 0.221756
v 0.260193 -0.019377 0.219391
v 0.260223 -0.104492 0.241348
v 0.260345 -0.107986 -0.223312
v 0.260376 -0.094856 -0.227921
v 0.260529 -0.018940 -0.220291
v 0.260529 -0.090630 -0.373749
v 0.260681 -0.499908 0.389099
v 0.260803 -0.034023 -0.219986
v 0.260895 -0.115028 -0.232315
v 0.260895 -0.133408 0.244064
v 0.260895 -0.441101 -0.371857
v 0.260925 -0.118103 -0.374847
v 0.261169 -0.025999 0.373871
v 0.261169 -0.093880 -0.392761
v 0.261353 -0.015846 -0.230042
v 0.261658 -0.141998 -0.372284
v 0.261780 -0.089485 -0.239334
v 0.261871 -0.034214 0.219208
v 0.261902 -0.034679 0.374237
v 0.261993 -0.042549 -0.210526
v 0.262024 -0.094925 -0.211945
v 0.262329 -0.034241 0.230927
v 0.263306 -0.090134 0.209808
v 0.263519 -0.035244 -0.230255
v 0.263580 -0.089943 0.237335
v 0.264099 -0.061367 -0.230240
v 0.264130 -0.018559 0.229538
v 0.264282 -0.117638 0.228867
v 0.265167 -0.232269 -0.373871
v 0.265259 -0.439606 0.375793
v 0.265442 -0.068741 0.395721
v 0.265717 -0.062363 -0.395691
v 0.265839 -0.106140 -0.235550
v 0.266235 -0.079643 0.374054
v 0.266357 -0.106026 -0.384796
v 0.266724 -0.444611 -0.379425
v 0.266754 -0.453125 0.381073
v 0.267029 -0.478149 -0.392670
v 0.267181 -0.086792 -0.209137
v 0.267273 -0.105034 0.236389
v 0.267639 -0.129852 0.375580
v 0.267761 -0.100830 0.216949
v 0.267822 -0.452515 -0.380371
v 0.267944 -0.051552 0.375549
v 0.267975 -0.091827 -0.384460
v 0.268036 -0.104561 0.386139
v 0.268799 -0.203323 -0.229294
v 0.268951 -0.106850 -0.219681
v 0.268982 -0.036453 -0.396942
v 0.269012 -0.079437 -0.376221
v 0.269012 -0.087929 0.217758
v 0.269104 -0.086754 0.396332
v 0.269257 -0.086525 -0.397125
v 0.269379 -0.034775 -0.388092
v 0.269562 -0.179764 0.227936
v 0.269928 -0.077789 0.207520
v 0.269958 -0.500000 0.134949
v 0.270020 -0.090134 -0.221252
v 0.270050 -0.121582 -0.226318
v 0.270111 -0.088531 0.383636
v 0.270111 -0.352692 -0.375916
v 0.270447 -0.135803 0.227097
v 0.270996 -0.080231 -0.242416
v 0.270996 -0.121384 -0.378265
v 0.271057 -0.104462 -0.378143
v 0.271545 -0.175354 0.376648
v 0.271667 -0.500000 -0.009479
v 0.271759 -0.181000 -0.376984
v 0.271820 -0.056839 0.227066
v 0.272003 -0.080231 0.276978
v 0.272217 -0.091606 0.227341
v 0.272308 -0.111794 0.225342
v 0.272736 -0.087082 -0.383423
v 0.272858 -0.233551 0.377228
v 0.273254 -0.034569 0.386475
v 0.273285 -0.500000 0.362061
v 0.273773 -0.203552 0.192444
v 0.274200 -0.035175 -0.211823
v 0.274261 -0.172577 -0.226089
v 0.274323 -0.457458 -0.392365
v 0.274414 -0.104874 0.379608
v 0.275360 -0.034531 0.216904
v 0.275360 -0.035461 -0.379639
v 0.275360 -0.103378 -0.226151
v 0.275421 -0.035625 0.379333
v 0.275482 -0.424835 -0.378204
v 0.275635 -0.068626 0.378876
v 0.275818 -0.087273 -0.205795
v 0.275848 -0.345062 0.378510
v 0.277161 -0.086258 0.219894
v 0.277252 -0.086441 -0.217316
v 0.277527 -0.088402 0.205399
v 0.278473 -0.055000 -0.380096
v 0.278473 -0.402771 0.379181
v 0.278992 -0.035950 0.205093
v 0.278992 -0.086502 0.390045
v 0.279510 -0.203537 0.132767
v 0.279541 -0.116562 -0.222534
v 0.280029 -0.079224 0.224197
v 0.280304 -0.444702 -0.382751
v 0.280640 -0.035324 0.223648
v 0.281250 -0.079384 -0.223953
v 0.281281 -0.461212 0.397430
v 0.281464 -0.090363 -0.398499
v 0.281677 -0.127747 -0.223083
v 0.281769 -0.102936 0.224228
v 0.281830 -0.203354 0.224472
v 0.281860 -0.095871 -0.205933
v 0.282227 -0.088486 0.399445
v 0.282257 -0.076981 -0.204041
v 0.282471 -0.087379 0.381378
v 0.282623 -0.035294 0.400391
v 0.282715 -0.108017 0.214264
v 0.282776 -0.092705 -0.213043
v 0.283173 -0.092651 -0.224777
v 0.283234 -0.203568 0.082596
v 0.283661 -0.103065 -0.381500
v 0.283691 -0.092529 -0.386871
v 0.283722 -0.091942 0.220108
v 0.283844 -0.105972 -0.219467
v 0.284271 -0.080154 0.233124
v 0.284424 -0.500000 0.219055
v 0.284637 -0.034962 -0.400391
v 0.284821 -0.116936 0.382812
v 0.284851 -0.034767 -0.222244
v 0.284851 -0.120186 0.220825
v 0.284912 -0.296021 0.380859
v 0.284973 -0.104286 0.391815
v 0.285004 -0.112915 -0.216171
v 0.285095 -0.500000 -0.151443
v 0.285156 -0.096275 0.386322
v 0.285400 -0.019342 0.402283
v 0.285797 -0.500000 -0.048901
v 0.285858 -0.007083 -0.401855
v 0.285889 -0.007518 0.401947
v 0.286224 -0.034184 0.392151
v 0.286285 -0.292664 -0.381165
v 0.286438 -0.019522 0.393799
v 0.286530 -0.406738 -0.047169
v 0.286560 -0.500000 0.048515
v 0.286591 -0.021725 -0.393829
v 0.286591 -0.382233 -0.032524
v 0.286621 -0.056252 -0.222458
v 0.286652 -0.410950 0.047428
v 0.286682 -0.409149 -0.013545
v 0.286713 -0.461029 -0.049454
v 0.286804 -0.452759 0.049419
v 0.286865 -0.473724 -0.002182
v 0.286926 -0.381592 0.032238
v 0.286987 -0.480103 0.397949
v 0.286987 -0.500000 -0.023924
v 0.287018 -0.500000 0.030426
v 0.287140 -0.015965 0.201920
v 0.287170 -0.001137 0.394043
v 0.287415 -0.034264 -0.386932
v 0.287445 -0.452667 0.385468
v 0.287476 -0.112694 -0.387482
v 0.287506 -0.015576 -0.203110
v 0.287537 -0.034248 0.214828
v 0.287842 -0.491394 0.048370
v 0.287903 -0.004117 -0.392426
v 0.287933 -0.001739 0.209198
v 0.288147 -0.033302 -0.211472
v 0.288452 -0.018938 -0.383331
v 0.288483 -0.009673 0.385956
v 0.288483 -0.016285 0.213440
v 0.288513 -0.024384 -0.402313
v 0.288544 -0.022661 0.383209
v 0.288544 -0.154510 -0.381561
v 0.288574 -0.036575 -0.202713
v 0.288666 -0.203552 -0.154678
v 0.288879 -0.003478 -0.211761
v 0.289032 -0.363281 0.003364
v 0.289032 -0.456024 0.393463
v 0.289185 -0.034901 0.382751
v 0.289185 -0.203552 -0.121620
v 0.289246 -0.139191 0.381409
v 0.289368 -0.203537 -0.087334
v 0.289551 -0.010511 0.218430
v 0.289703 -0.036144 0.220963
v 0.289795 -0.203537 -0.047256
v 0.289856 -0.095673 -0.204636
v 0.289948 -0.024708 0.221176
v 0.290100 -0.019226 -0.220078
v 0.290588 -0.055935 -0.401520
v 0.290985 -0.102295 0.208374
v 0.291138 -0.119904 -0.219666
v 0.291351 -0.080032 -0.382050
v 0.291870 -0.012792 0.404510
v 0.291931 -0.194748 -0.222061
v 0.291962 -0.436493 0.382568
v 0.292084 -0.078972 0.382050
v 0.292084 -0.090218 0.202682
v 0.292175 -0.079979 0.376251
v 0.292419 -0.500000 -0.076118
v 0.292511 -0.056805 0.401367
v 0.292908 -0.262177 0.382690
v 0.293030 -0.203339 -0.219803
v 0.293091 -0.500000 0.171112
v 0.293121 -0.254669 -0.382477
v 0.293701 -0.059669 0.382721
v 0.293732 -0.203522 -0.197495
v 0.293976 -0.080276 -0.335602
v 0.294067 -0.162125 0.221390
v 0.294220 -0.064201 0.202103
v 0.294250 -0.109123 -0.214203
v 0.294403 -0.090622 -0.212402
v 0.294403 -0.120789 -0.384125
v 0.294403 -0.210556 -0.382233
v 0.294434 -0.171188 0.382965
v 0.294464 -0.203568 0.014534
v 0.294678 -0.156784 -0.221466
v 0.294769 -0.100578 0.396179
v 0.294769 -0.500000 -0.272583
v 0.295074 -0.113907 0.385193
v 0.295197 -0.089020 0.209290
v 0.295349 -0.111961 0.218445
v 0.295624 -0.203537 -0.176468
v 0.295715 -0.403198 0.046211
v 0.295776 -0.500000 -0.399261
v 0.295990 -0.105194 -0.390686
v 0.296417 -0.089989 0.220795
v 0.296417 -0.230621 0.382477
v 0.296539 -0.335144 -0.382263
v 0.296539 -0.365448 0.382050
v 0.297241 -0.499908 0.049526
v 0.297546 -0.088066 0.395264
v 0.297546 -0.208694 0.384216
v 0.297852 -0.087776 -0.388916
v 0.297913 -0.500000 0.399109
v 0.298126 -0.296082 -0.010520
v 0.298157 -0.303528 0.383423
v 0.298401 -0.305969 0.010818
v 0.298676 -0.271301 -0.010771
v 0.298676 -0.285767 0.012831
v 0.298676 -0.429535 0.049141
v 0.298706 -0.034000 -0.383362
v 0.298798 -0.086266 -0.203430
v 0.298859 -0.104416 -0.220947
v 0.298889 -0.262756 -0.004381
v 0.298920 -0.269196 0.010103
v 0.299011 -0.080238 -0.274689
v 0.299042 -0.317322 -0.044056
v 0.299042 -0.381287 -0.382050
v 0.299133 -0.377533 0.027338
v 0.299225 -0.305573 -0.037464
v 0.299286 -0.298248 -0.017160
v 0.299377 -0.270538 -0.015617
v 0.299377 -0.296814 -0.061649
v 0.299377 -0.344086 -0.093430
v 0.299408 -0.313080 0.045589
v 0.299438 -0.088318 -0.401398
v 0.299469 -0.296997 0.061535
v 0.299500 -0.316315 0.183563
v 0.299500 -0.399597 -0.145874
v 0.299530 -0.317291 -0.061760
v 0.299530 -0.317535 0.115234
v 0.299530 -0.337128 -0.149292
v 0.299530 -0.371094 0.195984
v 0.299561 -0.274323 -0.040134
v 0.299561 -0.275177 0.040974
v 0.299561 -0.331604 0.220428
v 0.299561 -0.357300 -0.209167
v 0.299561 -0.406067 0.108055
v 0.299561 -0.430786 -0.109329
v 0.299591 -0.413666 -0.210648
v 0.299622 -0.283508 -0.180496
v 0.299622 -0.298706 0.017429
v 0.299622 -0.426880 0.209305
v 0.299652 -0.379700 -0.220566
v 0.299683 -0.088654 -0.222336
v 0.299683 -0.257904 -0.008867
v 0.299683 -0.271576 -0.100174
v 0.299683 -0.284332 0.004075
v 0.299683 -0.302521 0.087410
v 0.299683 -0.382690 -0.074875
v 0.299683 -0.420685 0.173370
v 0.299713 -0.283813 -0.086784
v 0.299713 -0.302094 -0.220596
v 0.299713 -0.444885 -0.219620
v 0.299713 -0.445099 0.191589
v 0.299744 -0.281982 0.384705
v 0.299744 -0.429260 0.087448
v 0.299744 -0.444641 0.133087
v 0.299744 -0.455231 -0.049496
v 0.299774 -0.267914 0.093086
v 0.299805 -0.444763 -0.088127
v 0.299805 -0.444794 -0.185440
v 0.299835 -0.285492 -0.076653
v 0.299866 -0.316498 -0.012776
v 0.299896 -0.254028 0.220566
v 0.299927 -0.249283 -0.015574
v 0.299927 -0.281433 0.072823
v 0.299927 -0.500000 0.107613
v 0.299957 -0.080185 -0.225449
v 0.299957 -0.252258 -0.175827
v 0.299988 -0.500000 -0.049198
v 0.300018 -0.087959 0.383667
v 0.300110 -0.320526 -0.077103
v 0.300140 -0.236267 0.179367
v 0.300171 -0.242050 -0.220566
v 0.300232 -0.230804 -0.207352
v 0.300232 -0.235596 0.065811
v 0.300232 -0.237076 0.137512
v 0.300232 -0.245361 0.112442
v 0.300293 -0.240051 0.032688
v 0.300293 -0.250671 -0.065964
v 0.300323 -0.236420 -0.099312
v 0.300354 -0.216507 -0.071762
v 0.300354 -0.225433 -0.161636
v 0.300354 -0.229965 -0.110176
v 0.300354 -0.407501 0.220276
v 0.300354 -0.500000 0.273865
v 0.300385 -0.232178 -0.122711
v 0.300385 -0.285522 -0.002494
v 0.300385 -0.316437 -0.003972
v 0.300415 -0.233978 0.158081
v 0.300415 -0.479675 -0.398346
v 0.300446 -0.226730 0.203339
v 0.300446 -0.352905 0.075844
v 0.300476 -0.213791 0.100006
v 0.300476 -0.230179 0.087822
v 0.300476 -0.233978 0.146210
v 0.300507 -0.226181 0.183594
v 0.300507 -0.235107 -0.042751
v 0.300507 -0.374695 0.087196
v 0.300537 -0.101730 -0.383789
v 0.300537 -0.222290 -0.146606
v 0.300537 -0.235184 -0.075851
v 0.300537 -0.445221 0.090500
v 0.300568 -0.213913 -0.170471
v 0.300568 -0.223923 -0.042568
v 0.300629 -0.233109 0.001082
v 0.300659 -0.210876 -0.101105
v 0.300659 -0.219238 -0.057087
v 0.300659 -0.233597 0.042110
v 0.300659 -0.284882 -0.373535
v 0.300720 -0.286377 0.379852
v 0.300751 -0.190445 0.383331
v 0.300751 -0.219101 -0.026138
v 0.300751 -0.259369 0.001573
v 0.300751 -0.439392 0.075851
v 0.300781 -0.214981 0.162399
v 0.300842 -0.219559 -0.005215
v 0.300842 -0.221191 0.146286
v 0.300873 -0.209503 -0.109047
v 0.300873 -0.220825 -0.182541
v 0.300873 -0.400574 -0.044876
v 0.300903 -0.209763 0.065025
v 0.300903 -0.221008 0.041782
v 0.300934 -0.213882 -0.217682
v 0.300934 -0.288208 -0.384399
v 0.300964 -0.213989 0.030922
v 0.300995 -0.234894 -0.163116
v 0.300995 -0.376892 -0.027855
v 0.300995 -0.427490 -0.087906
v 0.301025 -0.086685 0.401581
v 0.301025 -0.234604 -0.059036
v 0.301025 -0.298492 -0.376801
v 0.301025 -0.301178 0.078072
v 0.301056 -0.233627 -0.143433
v 0.301086 -0.198914 -0.381897
v 0.301086 -0.203690 -0.171082
v 0.301086 -0.203690 -0.171082
v 0.301086 -0.220016 0.009809
v 0.301086 -0.316498 -0.019167
v 0.301147 -0.211716 0.217728
v 0.301178 -0.203705 0.137421
v 0.301270 -0.316925 0.017204
v 0.301300 -0.015791 -0.219223
v 0.301300 -0.500000 -0.369507
v 0.301331 -0.208710 -0.162933
v 0.301361 -0.176010 -0.382202
v 0.301392 -0.218384 0.056427
v 0.301392 -0.234283 -0.019934
v 0.301453 -0.316650 0.002922
v 0.301483 -0.011708 -0.384399
v 0.301514 -0.208206 0.074944
v 0.301514 -0.267914 -0.384888
v 0.301544 -0.395966 -0.079231
v 0.301575 -0.207458 -0.091652
v 0.301575 -0.267517 0.378937
v 0.301605 -0.205582 -0.142960
v 0.301605 -0.252075 0.001001
v 0.301636 -0.205612 0.127945
v 0.301636 -0.478851 0.049316
v 0.301666 -0.205658 -0.041756
v 0.301697 -0.057545 0.220459
v 0.301697 -0.229279 0.123535
v 0.301727 -0.204559 -0.201813
v 0.301727 -0.444427 -0.076912
v 0.301788 -0.206406 0.026978
v 0.301819 -0.005698 0.389923
v 0.301849 -0.203796 0.180206
v 0.301849 -0.204926 0.108475
v 0.301849 -0.206573 0.092857
v 0.301849 -0.206573 0.092857
v 0.301849 -0.268341 0.014903
v 0.301880 -0.086098 -0.213150
v 0.301910 -0.203812 0.164505
v 0.301910 -0.205170 -0.180191
v 0.301910 -0.205170 -0.180191
v 0.301910 -0.261322 -0.070061
v 0.301941 -0.204666 -0.129959
v 0.301971 -0.203629 -0.102196
v 0.301971 -0.203629 -0.102196
v 0.301971 -0.205444 0.040180
v 0.302002 -0.205078 -0.005357
v 0.302063 -0.078316 0.220505
v 0.302094 -0.224213 -0.090446
v 0.302094 -0.231064 0.022257
v 0.302124 -0.203857 0.099274
v 0.302124 -0.203857 0.099274
v 0.302124 -0.427765 -0.220322
v 0.302155 -0.205032 0.008703
v 0.302185 -0.203598 0.145584
v 0.302185 -0.205200 0.199203
v 0.302185 -0.262817 -0.063377
v 0.302216 -0.005300 -0.400299
v 0.302216 -0.281769 0.082603
v 0.302246 -0.261444 0.064240
v 0.302277 -0.206055 -0.213242
v 0.302368 -0.446808 -0.109909
v 0.302460 -0.079010 -0.220474
v 0.302643 -0.265228 -0.373840
v 0.302673 -0.203140 -0.078171
v 0.302673 -0.203369 0.117142
v 0.302673 -0.205048 -0.214233
v 0.302765 -0.447388 0.219162
v 0.302826 -0.203400 0.190842
v 0.302917 -0.005801 0.213989
v 0.302979 -0.232712 0.077583
v 0.303009 -0.027361 0.202103
v 0.303040 -0.202866 0.212738
v 0.303040 -0.233322 0.054268
v 0.303040 -0.452484 -0.385742
v 0.303070 -0.457489 -0.395294
v 0.303192 -0.203171 0.059677
v 0.303192 -0.203171 0.059677
v 0.303192 -0.210678 -0.126160
v 0.303223 -0.203308 0.082611
v 0.303223 -0.297852 0.380646
v 0.303253 -0.317322 0.061417
v 0.303314 -0.024837 0.220581
v 0.303345 -0.219650 -0.196899
v 0.303375 -0.202103 -0.039665
v 0.303406 -0.202499 0.009370
v 0.303467 -0.220383 0.197174
v 0.303497 -0.316895 0.009610
v 0.303528 -0.233322 -0.195282
v 0.303528 -0.298553 -0.370117
v 0.303558 -0.298553 -0.383331
v 0.303619 -0.202332 0.138306
v 0.303650 -0.196823 0.221039
v 0.303772 -0.200729 -0.219254
v 0.303772 -0.203949 -0.061169
v 0.303802 -0.202332 0.173004
v 0.303833 -0.201981 -0.112579
v 0.303833 -0.290161 -0.017220
v 0.303833 -0.291351 -0.012742
v 0.303864 -0.207550 -0.379852
v 0.303986 -0.202301 -0.135849
v 0.304016 -0.398376 0.075119
v 0.304169 -0.201675 -0.190216
v 0.304169 -0.202316 -0.159775
v 0.304199 -0.086716 0.213623
v 0.304291 -0.137482 -0.144394
v 0.304382 -0.080147 0.249771
v 0.304443 -0.138184 -0.118004
v 0.304443 -0.138443 0.075409
v 0.304443 -0.139450 0.182343
v 0.304474 -0.138489 0.107155
v 0.304474 -0.218674 0.110069
v 0.304504 -0.002966 0.397186
v 0.304504 -0.138382 0.124573
v 0.304504 -0.206512 0.381042
v 0.304565 -0.232162 -0.009772
v 0.304596 -0.142502 0.046955
v 0.304688 -0.153122 0.220398
v 0.304779 -0.131943 -0.220718
v 0.304779 -0.198364 0.102631
v 0.304840 -0.165833 0.382324
v 0.304871 -0.149704 -0.179916
v 0.304871 -0.170044 0.201996
v 0.304871 -0.182571 -0.209137
v 0.304871 -0.187347 0.146866
v 0.304901 -0.139359 -0.076385
v 0.304932 -0.168884 -0.220764
v 0.304932 -0.189514 0.021599
v 0.304962 -0.146729 -0.048008
v 0.304962 -0.183853 -0.060688
v 0.305023 -0.233261 0.113525
v 0.305023 -0.415863 0.087372
v 0.305054 -0.179733 0.086441
v 0.305084 -0.167938 -0.126404
v 0.305145 -0.159500 -0.074768
v 0.305145 -0.164413 0.022240
v 0.305176 -0.151154 -0.022224
v 0.305206 -0.157303 0.074783
v 0.305206 -0.164322 0.128479
v 0.305206 -0.330017 -0.087364
v 0.305328 -0.317322 -0.038109
v 0.305389 -0.012512 0.220459
v 0.305420 -0.142181 -0.126526
v 0.305420 -0.150909 0.126587
v 0.305450 -0.164017 -0.095604
v 0.305542 -0.313507 0.086708
v 0.305603 -0.111900 0.383575
v 0.305786 -0.203522 -0.062370
v 0.305847 -0.209503 -0.383972
v 0.305847 -0.294739 -0.079185
v 0.306030 -0.080215 0.300964
v 0.306030 -0.233398 0.048401
v 0.306030 -0.264984 -0.000259
v 0.306061 -0.164291 -0.020275
v 0.306091 -0.222031 -0.109795
v 0.306152 -0.233292 0.193314
v 0.306183 -0.256866 0.007925
v 0.306183 -0.267639 -0.015285
v 0.306244 -0.232697 0.158630
v 0.306244 -0.400391 -0.086624
v 0.306274 -0.306976 -0.382812
v 0.306335 -0.135727 -0.039524
v 0.306335 -0.232208 -0.124443
v 0.306396 -0.056080 -0.202087
v 0.306396 -0.095711 0.220993
v 0.306427 -0.296448 0.013277
v 0.306427 -0.317108 -0.009398
v 0.306458 -0.258667 0.382416
v 0.306458 -0.275696 -0.369904
v 0.306488 -0.134964 0.220245
v 0.306488 -0.135712 -0.194443
v 0.306488 -0.436401 0.073929
v 0.306519 -0.263855 -0.009853
v 0.306519 -0.433472 0.080124
v 0.306549 -0.261841 0.006900
v 0.306610 -0.317139 0.044930
v 0.306671 -0.232803 0.013503
v 0.306702 -0.231033 -0.086464
v 0.306763 -0.297363 0.016907
v 0.306793 -0.031235 0.402039
v 0.306824 -0.329590 0.073921
v 0.306854 -0.135376 -0.094742
v 0.306885 -0.232361 -0.113396
v 0.306885 -0.311371 -0.061699
v 0.307037 -0.270721 0.013092
v 0.307037 -0.428894 -0.073967
v 0.307068 -0.340729 -0.073853
v 0.307098 -0.086922 0.392426
v 0.307098 -0.380554 0.078636
v 0.307129 -0.344971 -0.081337
v 0.307159 -0.327454 0.080559
v 0.307190 -0.448914 0.084221
v 0.307220 -0.117538 0.218796
v 0.307220 -0.284271 -0.080185
v 0.307220 -0.391876 -0.079247
v 0.307251 -0.293854 -0.085793
v 0.307281 -0.285522 0.087921
v 0.307281 -0.377258 0.085098
v 0.307404 -0.257782 -0.002307
v 0.307404 -0.437775 -0.079102
v 0.307434 -0.191101 -0.379395
v 0.307495 -0.500000 -0.204147
v 0.307526 -0.084290 0.202118
v 0.307526 -0.135376 -0.022434
v 0.307587 -0.002802 -0.393188
v 0.307587 -0.010265 -0.201492
v 0.307617 -0.160645 -0.382080
v 0.307648 -0.012576 -0.404388
v 0.307739 -0.437073 -0.382904
v 0.307922 -0.206436 -0.027060
v 0.307953 -0.087975 -0.202377
v 0.307983 -0.229004 -0.185867
v 0.308044 -0.449585 -0.085358
v 0.308105 -0.250793 -0.000601
v 0.308197 -0.301758 0.221146
v 0.308289 -0.278076 0.377869
v 0.308319 -0.318939 -0.061588
v 0.308380 -0.203873 0.203568
v 0.308441 -0.316833 -0.016132
v 0.308472 -0.012368 0.383453
v 0.308472 -0.133835 0.022345
v 0.308502 -0.217560 0.182159
v 0.308594 -0.295959 -0.014518
v 0.308624 -0.220749 -0.124771
v 0.308655 -0.001355 0.209946
v 0.308655 -0.275879 -0.221100
v 0.308655 -0.288452 0.079865
v 0.308746 -0.038120 -0.401886
v 0.308746 -0.451416 0.180939
v 0.308990 -0.087807 -0.383148
v 0.308990 -0.228470 0.146652
v 0.309021 -0.300018 0.002269
v 0.309021 -0.451508 -0.173889
v 0.309113 -0.261017 -0.372528
v 0.309143 -0.229156 -0.051670
v 0.309174 -0.119728 -0.219818
v 0.309174 -0.299072 -0.001878
v 0.309448 -0.091255 -0.221985
v 0.309448 -0.164932 0.004363
v 0.309448 -0.450958 -0.216843
v 0.309509 -0.229111 -0.149994
v 0.309540 -0.258514 -0.383636
v 0.309570 -0.283569 -0.073700
v 0.309570 -0.317841 -0.000470
v 0.309662 -0.090363 -0.210464
v 0.309662 -0.132309 0.066063
v 0.309662 -0.148071 0.022217
v 0.309784 -0.088409 -0.391998
v 0.309845 -0.104820 -0.216751
v 0.309875 -0.343628 -0.037529
v 0.309906 -0.164261 0.103806
v 0.309906 -0.228226 0.042122
v 0.309906 -0.318665 0.014414
v 0.309937 -0.096924 0.206985
v 0.309967 -0.215607 -0.161789
v 0.310089 -0.329437 0.005354
v 0.310120 -0.139221 -0.126251
v 0.310120 -0.215881 0.124985
v 0.310181 -0.204620 0.003514
v 0.310211 -0.001505 -0.210022
v 0.310211 -0.102119 -0.208939
v 0.310211 -0.223801 -0.042667
v 0.310211 -0.353699 0.018141
v 0.310242 -0.228714 0.182541
v 0.310272 -0.089195 0.383911
v 0.310272 -0.131760 0.140625
v 0.310333 -0.365906 0.012854
v 0.310425 -0.263885 -0.063271
v 0.310516 -0.209091 0.383514
v 0.310547 -0.192795 0.380280
v 0.310547 -0.226288 0.090492
v 0.310577 -0.452850 0.098076
v 0.310669 -0.162445 -0.126129
v 0.310791 -0.382446 -0.041462
v 0.310822 -0.206070 0.108505
v 0.310852 -0.111938 -0.387451
v 0.310852 -0.217072 0.042053
v 0.310852 -0.388733 0.038052
v 0.310944 -0.329132 -0.032879
v 0.310944 -0.356110 0.056377
v 0.311005 -0.266602 0.070610
v 0.311035 -0.139557 0.381805
v 0.311035 -0.225388 0.009890
v 0.311066 -0.426392 0.049519
v 0.311127 -0.500000 0.066330
v 0.311249 -0.381836 0.221420
v 0.311310 -0.214142 0.076027
v 0.311371 -0.211441 0.161789
v 0.311401 -0.221832 -0.220871
v 0.311401 -0.288727 0.072510
v 0.311432 -0.358673 -0.005130
v 0.311462 -0.239822 0.221405
v 0.311493 -0.335602 -0.221512
v 0.311523 -0.080063 0.357025
v 0.311523 -0.320435 -0.021317
v 0.311554 -0.226517 0.124779
v 0.311584 -0.225082 -0.020809
v 0.311584 -0.227402 -0.161240
v 0.311584 -0.479980 0.060360
v 0.311646 -0.499969 0.105469
v 0.311676 -0.474854 0.099052
v 0.311676 -0.475159 0.168472
v 0.311676 -0.499969 0.178467
v 0.311707 -0.452362 0.074425
v 0.311737 -0.205856 0.213821
v 0.311737 -0.328888 0.046200
v 0.311737 -0.477478 -0.104118
v 0.311737 -0.500000 -0.114922
v 0.311798 -0.414185 -0.050674
v 0.311798 -0.453705 -0.107666
v 0.311829 -0.099083 0.387207
v 0.311859 -0.463654 0.204193
v 0.311859 -0.475006 -0.173386
v 0.311859 -0.487030 0.204605
v 0.311859 -0.500000 -0.175949
v 0.311890 -0.482391 -0.204987
v 0.311920 -0.013840 0.403625
v 0.311920 -0.221664 -0.056725
v 0.311951 -0.380554 -0.031822
v 0.311951 -0.455231 0.207794
v 0.312012 -0.008415 0.202789
v 0.312012 -0.102745 -0.383911
v 0.312012 -0.452789 -0.074890
v 0.312042 -0.221420 -0.075966
v 0.312042 -0.459930 0.398102
v 0.312073 -0.500000 0.204636
v 0.312103 -0.038902 0.382629
v 0.312103 -0.480804 0.052315
v 0.312103 -0.500000 0.051674
v 0.312134 -0.445251 0.057331
v 0.312195 -0.289673 0.061363
v 0.312256 -0.080215 -0.367737
v 0.312256 -0.207474 0.024862
v 0.312256 -0.459045 -0.205887
v 0.312286 -0.500000 0.074669
v 0.312347 -0.209503 -0.008733
v 0.312378 -0.263977 -0.378265
v 0.312469 -0.500000 -0.058475
v 0.312500 -0.163544 -0.076424
v 0.312500 -0.222702 0.023565
v 0.312531 -0.206268 -0.143906
v 0.312561 -0.204758 -0.202225
v 0.312592 -0.204361 0.099121
v 0.312714 -0.463806 -0.049625
v 0.312714 -0.500000 -0.049080
v 0.312836 -0.216217 -0.146347
v 0.312866 -0.129623 0.196671
v 0.312897 -0.297180 0.379852
v 0.312958 -0.206070 0.129456
v 0.312958 -0.286102 -0.061314
v 0.312988 -0.205826 -0.092751
v 0.313019 -0.205521 0.176773
v 0.313019 -0.224640 -0.109634
v 0.313141 -0.279663 0.379913
v 0.313141 -0.325378 -0.064499
v 0.313202 -0.348938 -0.064896
v 0.313263 -0.322632 0.039036
v 0.313293 -0.221848 0.056431
v 0.313293 -0.325867 0.061546
v 0.313324 -0.207581 0.057163
v 0.313354 -0.204910 -0.070465
v 0.313354 -0.211731 -0.217865
v 0.313354 -0.419769 0.062309
v 0.313416 -0.312439 0.381744
v 0.313416 -0.393158 -0.063278
v 0.313446 -0.429169 -0.060162
v 0.313477 -0.053509 -0.221008
v 0.313507 -0.298279 -0.377197
v 0.313538 -0.278534 -0.384064
v 0.313538 -0.298309 -0.370178
v 0.313599 -0.453461 0.387360
v 0.313629 -0.207626 0.144806
v 0.313629 -0.268097 -0.069046
v 0.313660 -0.277954 -0.369843
v 0.313690 -0.324188 -0.053585
v 0.313721 -0.092216 -0.399963
v 0.313721 -0.109520 0.389771
v 0.313721 -0.205460 -0.168198
v 0.313751 -0.280914 -0.377197
v 0.313782 -0.212097 -0.197098
v 0.313812 -0.209000 0.008911
v 0.313812 -0.435333 0.220840
v 0.313812 -0.471710 -0.059494
v 0.313873 -0.204636 0.064484
v 0.313904 -0.163666 0.125839
v 0.313904 -0.205933 -0.179733
v 0.313934 -0.138687 0.088814
v 0.313965 -0.326721 -0.010332
v 0.314026 -0.205231 -0.039021
v 0.314056 -0.207062 -0.379578
v 0.314056 -0.207382 -0.383850
v 0.314178 -0.186401 -0.379578
v 0.314178 -0.205826 -0.105431
v 0.314178 -0.206055 0.073387
v 0.314209 -0.150818 0.126205
v 0.314270 -0.223663 -0.196503
v 0.314362 -0.163116 0.076767
v 0.314362 -0.478088 0.074699
v 0.314392 -0.207153 0.091263
v 0.314453 -0.292999 -0.073318
v 0.314453 -0.321228 -0.062084
v 0.314514 -0.299622 -0.061699
v 0.314514 -0.299622 -0.067039
v 0.314514 -0.447235 -0.060791
v 0.314545 -0.428955 0.074112
v 0.314575 -0.435333 -0.072052
v 0.314606 -0.163696 -0.022018
v 0.314606 -0.335846 -0.073891
v 0.314606 -0.392059 -0.221970
v 0.314606 -0.402771 -0.073990
v 0.314636 -0.204468 0.138123
v 0.314636 -0.307617 0.061615
v 0.314636 -0.446899 -0.074265
v 0.314667 -0.138809 -0.075134
v 0.314667 -0.296326 0.383453
v 0.314667 -0.477570 -0.074989
v 0.314728 -0.317352 0.070618
v 0.314789 -0.376617 0.071564
v 0.314850 -0.286743 -0.068062
v 0.314911 -0.446594 0.067505
v 0.314941 -0.300171 -0.383453
v 0.314972 -0.205673 0.038437
v 0.315063 -0.163742 -0.105232
v 0.315125 -0.207245 0.198044
v 0.315125 -0.500000 -0.075310
v 0.315277 -0.149689 0.074554
v 0.315277 -0.222824 0.197067
v 0.315277 -0.447021 0.074272
v 0.315338 -0.207993 -0.057987
v 0.315399 -0.127365 -0.101265
v 0.315399 -0.167648 0.381439
v 0.315613 -0.091095 0.399933
v 0.315613 -0.127472 -0.022213
v 0.315643 -0.139221 0.075027
v 0.315674 -0.500000 0.060776
v 0.315704 -0.127396 0.221207
v 0.315735 -0.073547 0.400818
v 0.315765 -0.183395 -0.383514
v 0.315796 -0.127213 0.036106
v 0.316040 -0.205536 -0.131134
v 0.316193 -0.221527 0.079178
v 0.316223 -0.221741 0.190674
v 0.316315 -0.188293 0.383789
v 0.316406 -0.217224 -0.090553
v 0.316437 -0.205368 0.165298
v 0.316467 -0.128082 0.108246
v 0.316559 -0.148407 -0.126495
v 0.316589 -0.138702 0.124352
v 0.316620 -0.448242 -0.068680
v 0.316986 -0.411041 0.380798
v 0.317078 -0.220810 -0.382019
v 0.317078 -0.221054 0.049721
v 0.317291 -0.138611 -0.103981
v 0.317444 -0.128754 -0.036781
v 0.317596 -0.129608 -0.180435
v 0.317596 -0.220551 0.018158
v 0.317841 -0.128952 -0.222122
v 0.317963 -0.220505 -0.009490
v 0.318054 -0.218643 0.113983
v 0.318115 -0.452179 0.060658
v 0.318207 -0.110451 0.215424
v 0.318390 -0.129608 0.022202
v 0.318451 -0.127594 -0.380951
v 0.318481 -0.219559 0.157700
v 0.318573 -0.145844 -0.022114
v 0.318604 -0.104355 -0.210709
v 0.318726 -0.340759 -0.380432
v 0.318909 -0.217926 -0.121330
v 0.319153 -0.278931 0.381439
v 0.319397 -0.091522 0.223038
v 0.319580 -0.150772 -0.074783
v 0.319885 -0.227768 0.380341
v 0.319977 -0.163712 0.021721
v 0.320190 -0.078918 -0.380035
v 0.320282 -0.283539 -0.075165
v 0.320404 -0.080116 0.224609
v 0.320587 -0.022316 0.382050
v 0.320709 -0.122154 0.381744
v 0.320740 -0.090652 -0.204056
v 0.320770 -0.092804 0.207901
v 0.320801 -0.029329 -0.382050
v 0.320862 -0.107292 -0.390503
v 0.320923 -0.132507 0.195618
v 0.321045 -0.278748 0.060783
v 0.321045 -0.283173 0.072800
v 0.321136 -0.131775 0.045979
v 0.321228 -0.443939 0.381775
v 0.321289 -0.090569 -0.218811
v 0.321350 -0.068192 -0.399933
v 0.321411 -0.010959 0.384033
v 0.321411 -0.090752 -0.381012
v 0.321442 -0.483124 0.060551
v 0.321472 -0.217911 0.222290
v 0.321594 -0.063004 0.222855
v 0.321625 -0.060688 -0.379944
v 0.321625 -0.281555 -0.068748
v 0.321716 -0.021341 -0.221939
v 0.321869 -0.500000 0.074654
v 0.322052 -0.500000 -0.060879
v 0.322235 -0.034374 0.387024
v 0.322235 -0.274597 -0.380554
v 0.322296 -0.012919 -0.387543
v 0.322296 -0.105896 -0.383911
v 0.322296 -0.453278 -0.060497
v 0.322327 -0.079391 0.379059
v 0.322357 -0.133301 -0.093506
v 0.322388 -0.160278 -0.379730
v 0.322418 -0.089027 0.381104
v 0.322510 -0.500000 -0.395782
v 0.322571 -0.037479 0.380798
v 0.322601 -0.454041 -0.074921
v 0.322662 -0.012357 0.221939
v 0.322754 -0.002258 0.395142
v 0.322998 -0.282745 -0.060169
v 0.323029 -0.214783 -0.109680
v 0.323029 -0.453674 0.071907
v 0.323059 -0.019238 0.392181
v 0.323242 -0.021029 0.222244
v 0.323334 -0.108879 0.222122
v 0.323334 -0.109444 -0.221893
v 0.323517 -0.034889 -0.222595
v 0.323547 -0.212723 -0.145859
v 0.323669 -0.010527 0.403625
v 0.323730 -0.214676 -0.056400
v 0.323761 -0.211792 0.218063
v 0.323883 -0.021749 -0.401031
v 0.323883 -0.034107 0.220749
v 0.323883 -0.212219 0.089813
v 0.323914 -0.211090 0.144943
v 0.323944 -0.096954 0.392853
v 0.323975 -0.206238 0.106308
v 0.323975 -0.500000 -0.070930
v 0.324005 -0.211563 -0.185608
v 0.324036 -0.202576 0.174271
v 0.324036 -0.213547 0.121857
v 0.324066 -0.008750 -0.218124
v 0.324066 -0.205399 0.034782
v 0.324066 -0.213943 -0.158783
v 0.324097 -0.163010 -0.074661
v 0.324097 -0.164505 -0.097527
v 0.324097 -0.206100 0.131638
v 0.324097 -0.213593 0.045677
v 0.324127 -0.164398 0.098679
v 0.324158 -0.004408 -0.397461
v 0.324188 -0.023205 0.400452
v 0.324188 -0.138702 -0.126007
v 0.324188 -0.150681 -0.126724
v 0.324188 -0.203888 0.008303
v 0.324188 -0.210693 0.180710
v 0.324219 -0.165009 -0.125809
v 0.324219 -0.166229 -0.007711
v 0.324249 -0.161240 0.125565
v 0.324249 -0.205109 0.204010
v 0.324310 -0.143494 0.126160
v 0.324310 -0.147308 0.072609
v 0.324310 -0.175293 0.200043
v 0.324310 -0.192001 -0.165451
v 0.324310 -0.205399 -0.131912
v 0.324310 -0.205536 -0.102699
v 0.324310 -0.210159 -0.198318
v 0.324341 -0.181595 -0.117371
v 0.324341 -0.209946 0.057381
v 0.324371 -0.151245 -0.022280
v 0.324371 -0.162491 -0.026903
v 0.324402 -0.161514 0.074791
v 0.324402 -0.174149 0.223816
v 0.324402 -0.185120 0.118126
v 0.324402 -0.186783 -0.084305
v 0.324402 -0.205780 -0.170609
v 0.324432 -0.210861 -0.117477
v 0.324463 -0.177185 -0.210724
v 0.324463 -0.210449 0.023561
v 0.324463 -0.212051 -0.088112
v 0.324463 -0.214081 0.188309
v 0.324493 -0.154449 -0.042500
v 0.324493 -0.189529 0.056770
v 0.324493 -0.196030 -0.039467
v 0.324493 -0.212143 0.197128
v 0.324493 -0.482910 -0.074860
v 0.324524 -0.149292 -0.068382
v 0.324524 -0.204666 0.068726
v 0.324524 -0.209488 0.158386
v 0.324524 -0.211914 0.012731
v 0.324554 -0.088875 -0.388611
v 0.324554 -0.479401 0.074867
v 0.324585 -0.006336 0.216263
v 0.324585 -0.182846 -0.224350
v 0.324585 -0.205658 -0.211441
v 0.324615 -0.147079 -0.160339
v 0.324615 -0.211716 -0.020216
v 0.324615 -0.456116 -0.067039
v 0.324615 -0.480652 -0.067940
v 0.324646 -0.143021 0.148560
v 0.324646 -0.207291 -0.004941
v 0.324646 -0.456635 0.060822
v 0.324677 -0.205276 -0.034489
v 0.324677 -0.210159 0.075272
v 0.324707 -0.213089 -0.045868
v 0.324707 -0.473633 0.066849
v 0.324738 -0.034309 -0.397217
v 0.324738 -0.105202 0.381165
v 0.324738 -0.479095 -0.060459
v 0.324768 -0.208023 -0.068878
v 0.324799 -0.500000 0.064926
v 0.324829 -0.136963 -0.022730
v 0.324860 -0.480896 -0.207489
v 0.324921 -0.079033 -0.224182
v 0.325165 -0.140686 -0.224121
v 0.325195 -0.136963 0.223877
v 0.325226 -0.140167 0.202744
v 0.325317 -0.136887 0.137192
v 0.325348 -0.140671 0.060402
v 0.325409 -0.143723 0.022263
v 0.325623 -0.034389 -0.213486
v 0.325623 -0.139099 -0.073975
v 0.325775 -0.137589 -0.205444
v 0.325989 -0.137390 -0.157776
v 0.326019 -0.140106 -0.033394
v 0.326141 -0.293701 -0.224640
v 0.326263 -0.015862 0.209961
v 0.326355 -0.002933 0.208862
v 0.326355 -0.037144 0.398682
v 0.326447 -0.085327 0.204269
v 0.326569 -0.308533 -0.378784
v 0.326660 -0.022514 -0.207809
v 0.326691 -0.137482 0.107834
v 0.326721 -0.216583 -0.223969
v 0.327026 -0.004097 -0.208054
v 0.327179 -0.075623 -0.204483
v 0.327515 -0.034618 -0.204849
v 0.327515 -0.361633 0.377960
v 0.327667 -0.019693 0.203323
v 0.327820 -0.499908 -0.208069
v 0.327850 -0.499969 0.394196
v 0.328064 -0.035126 0.206467
v 0.328278 -0.013011 -0.201431
v 0.328430 -0.437653 -0.224823
v 0.329071 -0.479675 0.208603
v 0.329376 -0.088875 -0.224106
v 0.329468 -0.086861 -0.396912
v 0.329773 -0.404114 -0.377045
v 0.330170 -0.058399 0.205399
v 0.330170 -0.087242 0.219131
v 0.330200 -0.086609 0.394562
v 0.330231 -0.499969 0.208542
v 0.330566 -0.456970 -0.210403
v 0.330597 -0.476898 0.393738
v 0.330841 -0.235764 -0.377319
v 0.331085 -0.476410 -0.394379
v 0.331116 -0.085953 -0.208237
v 0.331238 -0.103500 -0.378143
v 0.331268 -0.305939 0.226456
v 0.331360 -0.453156 -0.383209
v 0.331696 -0.096535 0.225433
v 0.331757 -0.090813 0.378174
v 0.331848 -0.500000 0.233688
v 0.332458 -0.500000 -0.291870
v 0.332550 -0.248703 0.226837
v 0.333191 -0.113739 -0.224960
v 0.333221 -0.412445 0.376007
v 0.333466 -0.457581 0.210175
v 0.333710 -0.119560 0.224655
v 0.333801 -0.118820 -0.377960
v 0.333862 -0.451965 0.224579
v 0.333923 -0.087280 -0.215347
v 0.333954 -0.034481 -0.384949
v 0.334045 -0.089615 -0.382843
v 0.334534 -0.171570 0.227875
v 0.334656 -0.392059 -0.227722
v 0.334900 -0.161896 0.375336
v 0.334991 -0.460327 -0.392853
v 0.335175 -0.035316 -0.226044
v 0.335175 -0.454163 0.219101
v 0.335205 -0.112366 0.380829
v 0.335236 -0.452606 0.378967
v 0.335754 -0.164505 -0.228714
v 0.335968 -0.087814 0.207611
v 0.336151 -0.055157 -0.228180
v 0.336273 -0.102051 -0.218033
v 0.336273 -0.438721 -0.375854
v 0.336517 -0.451385 -0.225037
v 0.336578 -0.034599 0.384644
v 0.336731 -0.034542 0.217667
v 0.337036 -0.035568 0.227570
v 0.337280 -0.310089 0.374054
v 0.337585 -0.035503 0.375671
v 0.337799 -0.100441 0.217606
v 0.337891 -0.174026 -0.374176
v 0.338257 -0.124519 0.374237
v 0.338257 -0.385345 0.229584
v 0.338287 -0.323975 -0.229431
v 0.338654 -0.054260 0.229080
v 0.338959 -0.092545 0.386871
v 0.339478 -0.358643 -0.373230
v 0.339600 -0.080284 0.320374
v 0.339661 -0.036274 -0.374420
v 0.339722 -0.066414 0.394806
v 0.339874 -0.078804 0.229965
v 0.340027 -0.137421 -0.372559
v 0.340546 -0.037102 -0.393768
v 0.341003 -0.097816 -0.387756
v 0.341064 -0.201111 0.371857
v 0.341278 -0.057461 0.372833
v 0.341858 -0.035809 0.210312
v 0.341858 -0.077217 0.371979
v 0.342010 -0.434113 0.230789
v 0.342072 -0.091492 -0.210526
v 0.342163 -0.246338 0.371826
v 0.342285 -0.034695 -0.219376
v 0.342438 -0.460693 0.390411
v 0.342682 -0.443909 0.373566
v 0.342926 -0.079948 -0.370850
v 0.344086 -0.080261 -0.251373
v 0.344727 -0.132446 -0.233200
v 0.344788 -0.089775 0.392029
v 0.344910 -0.102974 0.229813
v 0.345093 -0.500000 -0.225220
v 0.345306 -0.035820 -0.211929
v 0.345459 -0.089485 0.232330
v 0.345856 -0.221313 -0.369598
v 0.345886 -0.105057 -0.228653
v 0.345917 -0.080254 0.256134
v 0.346008 -0.112061 0.226776
v 0.346161 -0.099258 -0.371368
v 0.346588 -0.035030 -0.232391
v 0.346680 -0.253326 -0.233932
v 0.346802 -0.102135 -0.219345
v 0.346832 -0.117790 -0.232224
v 0.347015 -0.111565 0.371460
v 0.347076 -0.491302 0.214203
v 0.347198 -0.359314 0.368317
v 0.347260 -0.036774 0.391479
v 0.347473 -0.088127 0.371094
v 0.347595 -0.044971 -0.369080
v 0.348175 -0.034191 -0.370544
v 0.348267 -0.087921 -0.235382
v 0.348450 -0.455322 0.380219
v 0.348480 -0.035553 0.369446
v 0.348602 -0.099747 0.380615
v 0.348633 -0.333984 0.235596
v 0.348694 -0.013177 0.369781
v 0.348724 -0.276337 0.235641
v 0.348785 -0.026590 -0.233612
v 0.348877 -0.080132 0.354492
v 0.348938 -0.034645 0.233673
v 0.348938 -0.116302 -0.368958
v 0.349091 -0.015278 -0.370392
v 0.349121 -0.091805 0.223709
v 0.349243 -0.464417 0.216858
v 0.349487 -0.089935 -0.376343
v 0.349487 -0.220932 0.236023
v 0.349579 -0.023773 0.368561
v 0.349579 -0.499847 -0.385132
v 0.349640 -0.325165 -0.366882
v 0.349762 -0.062321 -0.213333
v 0.349884 -0.092827 0.214615
v 0.349976 -0.108360 0.235031
v 0.349976 -0.422974 0.366608
v 0.350037 -0.016947 0.233231
v 0.350067 -0.011354 -0.232773
v 0.350067 -0.089401 -0.223938
v 0.350281 -0.268372 -0.366547
v 0.350281 -0.500000 0.353607
v 0.350586 -0.396454 -0.236801
v 0.351135 -0.481262 -0.216370
v 0.351288 -0.100800 -0.380737
v 0.351288 -0.348450 -0.237350
v 0.351654 -0.437225 -0.236816
v 0.351990 -0.455292 -0.225479
v 0.352509 -0.400635 -0.364685
v 0.352539 -0.085999 0.227158
v 0.352997 -0.020622 0.377136
v 0.353088 -0.034386 0.225281
v 0.353088 -0.480560 -0.384033
v 0.353333 -0.097153 -0.238449
v 0.353394 -0.194763 -0.239288
v 0.353607 -0.033073 -0.226547
v 0.353760 -0.463226 -0.219742
v 0.354065 -0.003040 0.377289
v 0.354065 -0.499939 -0.218643
v 0.354156 -0.444153 -0.366516
v 0.354279 -0.079155 -0.239883
v 0.354492 -0.452240 -0.366943
v 0.354645 -0.052711 0.239212
v 0.354736 -0.080345 -0.315216
v 0.355042 -0.090225 -0.364319
v 0.355042 -0.109612 0.238892
v 0.355042 -0.499908 0.219772
v 0.355164 -0.034542 0.381622
v 0.355194 -0.003777 -0.379791
v 0.355194 -0.090401 0.239273
v 0.355225 -0.067467 -0.363098
v 0.355408 -0.107132 0.364655
v 0.355560 -0.160797 0.361816
v 0.355835 -0.023977 -0.381897
v 0.355988 -0.035118 -0.382751
v 0.356018 -0.002025 -0.225311
v 0.356079 -0.087036 0.382629
v 0.356140 -0.066200 -0.385834
v 0.356201 -0.085793 -0.229156
v 0.356232 -0.018337 0.223770
v 0.356323 -0.063759 0.362640
v 0.356354 -0.016455 -0.223877
v 0.356567 -0.087982 -0.239044
v 0.356567 -0.163940 0.242188
v 0.356598 -0.123177 0.240738
v 0.356750 -0.003105 0.223694
v 0.356781 -0.086288 0.373596
v 0.356812 -0.080040 0.242233
v 0.356812 -0.109375 -0.238327
v 0.356995 -0.087105 -0.217773
v 0.357605 -0.085686 0.219254
v 0.357758 -0.086746 -0.384949
v 0.357819 -0.035828 -0.219315
v 0.358215 -0.375549 0.243362
v 0.358398 -0.034081 0.219589
v 0.358398 -0.281555 0.359680
v 0.358490 -0.180649 -0.359192
v 0.358643 -0.014202 0.385254
v 0.358734 -0.291290 -0.244080
v 0.359619 -0.500000 -0.342224
v 0.359802 -0.055374 0.383545
v 0.359863 -0.010942 -0.362427
v 0.359863 -0.022327 0.219070
v 0.360046 -0.090950 0.366211
v 0.360107 -0.025599 -0.219894
v 0.360168 -0.109932 -0.362885
v 0.360168 -0.294922 -0.358032
v 0.360352 -0.014257 -0.245392
v 0.360687 -0.088158 0.231644
v 0.360931 -0.043262 0.221024
v 0.361023 -0.086922 -0.373138
v 0.361115 -0.433472 0.244247
v 0.361267 -0.389496 0.356323
v 0.361450 -0.455505 -0.371399
v 0.361511 -0.013596 0.216278
v 0.361572 -0.012039 -0.217407
v 0.361572 -0.105240 -0.234497
v 0.361694 -0.093300 -0.234558
v 0.361694 -0.452484 0.240738
v 0.361847 -0.036167 -0.246796
v 0.362030 -0.140106 -0.355682
v 0.362122 -0.499786 0.377686
v 0.362366 -0.012698 0.356201
v 0.362793 -0.111313 -0.239944
v 0.362854 -0.098877 0.232651
v 0.363037 -0.463257 -0.377014
v 0.363220 -0.033932 0.355499
v 0.363251 -0.500000 -0.262573
v 0.363434 -0.013016 -0.382446
v 0.363434 -0.194641 0.336243
v 0.363495 -0.297760 0.341827
v 0.363495 -0.500000 0.276917
v 0.363556 -0.074654 -0.222382
v 0.363708 -0.197784 -0.343353
v 0.363770 -0.009253 0.244537
v 0.363861 -0.090958 -0.247086
v 0.363861 -0.196640 0.342987
v 0.363922 -0.169937 -0.337646
v 0.363922 -0.392151 -0.353912
v 0.363983 -0.282928 0.342651
v 0.364044 -0.102638 -0.247025
v 0.364044 -0.207062 -0.341858
v 0.364166 -0.263519 0.338562
v 0.364227 -0.277374 0.334930
v 0.364288 -0.450226 -0.244629
v 0.364349 -0.106796 0.365753
v 0.364441 -0.218918 0.353821
v 0.364471 -0.298309 0.334595
v 0.364502 -0.174728 0.342682
v 0.364502 -0.434937 0.354065
v 0.364532 -0.465820 0.225815
v 0.364624 -0.360779 -0.250397
v 0.364716 -0.087402 -0.226181
v 0.364716 -0.238968 0.250793
v 0.364777 -0.079460 0.353241
v 0.364960 -0.080124 -0.351929
v 0.365448 -0.492126 0.227249
v 0.365631 -0.167175 0.337311
v 0.365692 -0.118698 -0.248566
v 0.365784 -0.188339 -0.333862
v 0.365784 -0.308838 0.251831
v 0.365906 -0.126404 0.353119
v 0.366058 -0.035545 -0.224594
v 0.366058 -0.230164 -0.351837
v 0.366119 -0.107330 0.250336
v 0.366211 -0.094986 -0.369263
v 0.366211 -0.207092 0.335541
v 0.366486 -0.111069 -0.355408
v 0.366638 -0.087090 -0.377686
v 0.366669 -0.431854 -0.351685
v 0.366791 -0.088997 0.248978
v 0.366943 -0.092918 -0.255371
v 0.367096 -0.093292 0.255585
v 0.367126 -0.040310 -0.351166
v 0.367157 -0.453339 0.357178
v 0.367310 -0.103539 -0.252502
v 0.367432 -0.154099 -0.254242
v 0.367432 -0.342041 0.349335
v 0.367706 -0.089371 0.376495
v 0.367737 -0.003396 -0.240936
v 0.367767 -0.105331 0.356323
v 0.367798 -0.286102 0.328766
v 0.367920 -0.001364 -0.366302
v 0.368011 -0.475891 0.373047
v 0.368164 -0.067253 0.254364
v 0.368286 -0.088814 0.226913
v 0.368347 -0.091499 -0.357941
v 0.368469 -0.207245 -0.332825
v 0.368500 -0.094246 -0.242752
v 0.368500 -0.104256 0.241562
v 0.368530 -0.080299 0.296173
v 0.368561 -0.191833 0.331451
v 0.368591 -0.479797 -0.229767
v 0.368896 -0.170563 0.331909
v 0.369019 -0.003331 0.362122
v 0.369019 -0.458344 0.232040
v 0.369080 -0.061123 -0.255890
v 0.369171 -0.267303 0.343536
v 0.369171 -0.482208 -0.372620
v 0.369202 -0.346375 -0.346710
v 0.369293 -0.096703 0.347870
v 0.369293 -0.458984 0.370361
v 0.369385 -0.264740 0.332153
v 0.369598 -0.436768 -0.254395
v 0.369720 -0.297913 0.330902
v 0.369934 -0.192902 -0.349091
v 0.369934 -0.282532 -0.314667
v 0.369934 -0.499756 -0.371338
v 0.370300 -0.104195 -0.241714
v 0.370575 -0.003477 0.235931
v 0.370636 -0.281830 0.346954
v 0.370728 -0.005963 -0.232132
v 0.370728 -0.273224 -0.344788
v 0.370789 -0.299652 0.346741
v 0.370911 -0.146255 0.258911
v 0.370911 -0.208054 0.345673
v 0.370941 -0.086411 -0.254242
v 0.370941 -0.244568 -0.259186
v 0.370972 -0.191696 0.347260
v 0.371002 -0.079834 0.259094
v 0.371063 -0.207199 -0.345978
v 0.371185 -0.019060 0.374603
v 0.371216 -0.088440 -0.347290
v 0.371246 -0.091888 -0.231140
v 0.371277 -0.089073 0.357056
v 0.371796 -0.298676 0.339203
v 0.371826 -0.018349 -0.346191
v 0.371826 -0.023096 -0.259308
v 0.371887 -0.298126 -0.316254
v 0.371918 -0.034466 0.259766
v 0.371948 -0.168335 0.344208
v 0.371979 -0.035065 -0.344727
v 0.372009 -0.035233 0.344757
v 0.372131 -0.500000 -0.232773
v 0.372192 -0.073868 -0.342438
v 0.372253 -0.086617 -0.244476
v 0.372284 -0.279266 0.332336
v 0.372314 -0.168274 -0.341675
v 0.372375 -0.256989 0.344147
v 0.372467 -0.090790 -0.262024
v 0.372467 -0.143631 -0.341339
v 0.372528 -0.099045 -0.362915
v 0.372681 -0.087891 0.259003
v 0.372742 -0.265503 -0.305756
v 0.372803 -0.088928 0.242172
v 0.372864 -0.414673 0.262512
v 0.372986 -0.006922 0.369904
v 0.373047 -0.096878 0.366180
v 0.373047 -0.206650 0.336090
v 0.373108 -0.361481 0.263062
v 0.373260 -0.115814 0.259705
v 0.373291 -0.448547 0.256470
v 0.373322 -0.499969 0.234787
v 0.373352 -0.382721 0.340149
v 0.373535 -0.010203 -0.258057
v 0.373779 -0.105377 -0.344543
v 0.373779 -0.111488 -0.260834
v 0.373779 -0.286224 -0.304352
v 0.373901 -0.079033 -0.264221
v 0.374146 -0.207611 -0.338440
v 0.374176 -0.035698 -0.263763
v 0.374207 -0.010442 0.347046
v 0.374207 -0.024643 0.346619
v 0.374207 -0.088547 0.343384
v 0.374329 -0.099968 0.261749
v 0.374359 -0.262299 -0.313538
v 0.374481 -0.180313 -0.334747
v 0.374481 -0.294678 0.265625
v 0.374664 -0.323059 -0.265717
v 0.374695 -0.387115 -0.266052
v 0.374878 -0.298645 -0.306152
v 0.374969 -0.083855 -0.370056
v 0.375031 -0.093109 0.274994
v 0.375183 -0.388367 -0.336304
v 0.375366 -0.092590 0.235977
v 0.375824 -0.457153 -0.241058
v 0.375854 -0.168655 0.337158
v 0.375946 -0.218536 0.335815
v 0.376038 -0.088745 -0.276398
v 0.376221 -0.144836 0.334686
v 0.376312 -0.116722 -0.341003
v 0.376373 -0.102684 0.341217
v 0.376434 -0.187042 0.335907
v 0.376434 -0.261871 0.338684
v 0.376556 -0.126053 -0.268494
v 0.376801 -0.091309 -0.236710
v 0.376831 -0.015266 0.256653
v 0.376923 -0.457825 -0.361725
v 0.376984 -0.052868 -0.332672
v 0.376984 -0.114021 0.342102
v 0.376984 -0.221085 -0.333405
v 0.376984 -0.438995 -0.269623
v 0.377167 -0.035088 0.334930
v 0.377258 -0.086227 -0.356293
v 0.377289 -0.013457 0.231857
v 0.377289 -0.298370 0.334564
v 0.377319 -0.056484 0.331573
v 0.377350 -0.014216 -0.232590
v 0.377380 -0.034725 -0.367615
v 0.377411 -0.324310 0.332214
v 0.377441 -0.192108 0.272003
v 0.377655 -0.090202 -0.343475
v 0.377686 -0.074219 0.235886
v 0.377686 -0.095078 -0.284851
v 0.377747 -0.119919 0.334778
v 0.377808 -0.106995 -0.274048
v 0.377838 -0.086639 0.366058
v 0.378052 -0.279480 0.335419
v 0.378235 -0.061829 0.273407
v 0.378357 -0.035816 -0.330688
v 0.378357 -0.096069 0.286346
v 0.378387 -0.128113 0.273224
v 0.378448 -0.080322 0.327667
v 0.378479 -0.036442 0.273956
v 0.378479 -0.057247 -0.273956
v 0.378632 -0.208588 -0.277008
v 0.378723 -0.286530 -0.317596
v 0.378754 -0.439301 -0.329773
v 0.378815 -0.452820 -0.337677
v 0.379028 -0.433289 0.328552
v 0.379059 -0.098862 -0.259155
v 0.379120 -0.034363 -0.255859
v 0.379395 -0.090988 -0.300690
v 0.379486 -0.080124 0.282471
v 0.379608 -0.088440 -0.363098
v 0.379608 -0.107933 -0.326752
v 0.379669 -0.025255 -0.238235
v 0.379791 -0.092636 0.297119
v 0.379791 -0.097115 0.303467
v 0.379791 -0.261688 0.328888
v 0.379852 -0.008301 -0.351379
v 0.380005 -0.176529 -0.326141
v 0.380035 -0.475037 0.242630
v 0.380127 -0.085701 0.250610
v 0.380157 -0.080307 -0.320343
v 0.380219 -0.089561 -0.326721
v 0.380341 -0.016897 -0.254425
v 0.380493 -0.001038 -0.252899
v 0.380493 -0.337555 0.281830
v 0.380859 -0.034298 0.255096
v 0.380859 -0.401306 0.283783
v 0.380890 -0.034439 0.349945
v 0.380981 -0.106804 0.326996
v 0.381042 -0.009792 -0.363190
v 0.381042 -0.387115 -0.318726
v 0.381073 -0.111465 0.265930
v 0.381134 -0.078667 -0.285553
v 0.381134 -0.089394 0.322540
v 0.381165 -0.108879 -0.260651
v 0.381165 -0.266876 0.285797
v 0.381165 -0.380554 0.316895
v 0.381195 -0.444885 0.275299
v 0.381226 -0.266937 -0.285095
v 0.381256 -0.311798 -0.319550
v 0.381287 -0.467926 -0.356873
v 0.381531 -0.106140 0.257660
v 0.381653 -0.335632 -0.291046
v 0.381683 -0.086433 -0.251465
v 0.381683 -0.112633 0.280334
v 0.381744 -0.139877 -0.288208
v 0.381805 -0.405975 -0.289398
v 0.381805 -0.452393 0.328156
v 0.381866 -0.149933 0.315674
v 0.381927 -0.090385 0.256653
v 0.382141 -0.080269 0.309509
v 0.382141 -0.283875 0.314575
v 0.382202 -0.062241 0.316254
v 0.382233 -0.086662 0.241470
v 0.382233 -0.211960 0.314667
v 0.382263 -0.074539 0.292419
v 0.382294 -0.019930 -0.316071
v 0.382416 -0.086914 0.282043
v 0.382477 -0.003951 0.253387
v 0.382507 -0.451233 -0.275787
v 0.382721 -0.454559 0.257721
v 0.382812 -0.480316 0.355316
v 0.382843 -0.171188 0.294128
v 0.382874 -0.067123 -0.299652
v 0.382874 -0.332764 0.302063
v 0.382904 -0.499817 0.354950
v 0.382996 -0.048008 0.294708
v 0.382996 -0.299286 -0.316925
v 0.383026 -0.046829 -0.309814
v 0.383026 -0.085220 -0.242432
v 0.383026 -0.500000 -0.299988
v 0.383057 -0.022558 0.305176
v 0.383057 -0.090630 0.331085
v 0.383057 -0.104813 -0.317230
v 0.383057 -0.222046 -0.309021
v 0.383087 -0.119881 0.296478
v 0.383209 -0.031258 0.319824
v 0.383240 -0.033936 -0.286163
v 0.383240 -0.034103 0.286407
v 0.383331 -0.171646 -0.303772
v 0.383331 -0.256287 -0.313873
v 0.383392 -0.107338 -0.269714
v 0.383392 -0.278900 -0.320221
v 0.383453 -0.430115 0.304749
v 0.383514 -0.034534 -0.319946
v 0.383636 -0.110886 -0.298157
v 0.383636 -0.118500 0.315460
v 0.383636 -0.119530 -0.285065
v 0.383698 -0.004505 0.353821
v 0.383759 -0.092545 0.345367
v 0.383789 -0.435944 -0.299255
v 0.383850 -0.090103 -0.317444
v 0.383850 -0.292633 -0.299286
v 0.384003 -0.453094 0.274475
v 0.384155 -0.262573 -0.306793
v 0.384155 -0.298828 -0.307678
v 0.384277 -0.069084 -0.244507
v 0.384277 -0.117889 -0.314423
v 0.384399 -0.107384 -0.332092
v 0.384399 -0.479401 -0.249283
v 0.384674 -0.033718 -0.353546
v 0.384766 -0.277374 -0.305206
v 0.384857 -0.096603 0.316254
v 0.384949 -0.039516 0.357727
v 0.385254 -0.010220 0.319519
v 0.385437 -0.102135 0.268890
v 0.385468 -0.010150 -0.303833
v 0.385468 -0.013478 0.286774
v 0.385529 -0.499817 -0.257416
v 0.385559 -0.108986 -0.306946
v 0.385620 -0.086884 0.351562
v 0.385651 -0.034355 0.274597
v 0.385742 -0.451172 0.295990
v 0.385895 -0.034763 0.246872
v 0.385956 -0.086464 -0.355804
v 0.386139 -0.088364 0.272369
v 0.386383 -0.090004 0.306488
v 0.386566 -0.009152 0.301056
v 0.386780 -0.499817 -0.347687
v 0.387085 -0.455811 0.332550
v 0.387115 -0.090645 -0.332733
v 0.387146 -0.019976 0.356018
v 0.387177 -0.486603 -0.347137
v 0.387268 -0.450500 -0.305664
v 0.387299 -0.034676 -0.332001
v 0.387482 -0.024664 -0.248413
v 0.387512 -0.016531 -0.356659
v 0.387665 -0.037254 -0.249969
v 0.387939 -0.454742 -0.270630
v 0.387970 -0.097237 -0.344818
v 0.388275 -0.461151 0.346527
v 0.388336 -0.090065 0.251587
v 0.388397 -0.034294 0.322174
v 0.388428 -0.019697 0.249435
v 0.388458 -0.006049 -0.319977
v 0.388458 -0.111916 0.292114
v 0.388580 -0.107903 0.307068
v 0.388672 -0.086418 -0.278809
v 0.388672 -0.096779 -0.284912
v 0.388702 -0.459930 0.255646
v 0.388824 -0.010044 -0.248901
v 0.388824 -0.499817 0.258575
v 0.389069 -0.097717 -0.295013
v 0.389160 -0.012256 0.359955
v 0.389465 -0.089966 -0.305878
v 0.389465 -0.100159 0.334900
v 0.389465 -0.459106 -0.258087
v 0.389587 -0.056904 -0.350647
v 0.389954 -0.094780 0.294708
v 0.390015 -0.093811 0.346527
v 0.390045 -0.035751 -0.266418
v 0.390167 -0.092209 -0.255554
v 0.390350 -0.013287 -0.285706
v 0.391113 -0.035374 0.340729
v 0.391418 -0.021862 0.285278
v 0.391449 -0.087326 -0.297913
v 0.391693 -0.091370 -0.267822
v 0.392120 -0.086739 0.330078
v 0.392365 -0.012429 0.247818
v 0.392548 -0.485840 0.265076
v 0.393036 -0.036064 -0.343079
v 0.393097 -0.105408 -0.292664
v 0.393127 -0.102837 0.317566
v 0.393127 -0.456543 -0.321533
v 0.393463 -0.064201 0.342560
v 0.393555 -0.098633 -0.317749
v 0.393555 -0.463531 -0.334930
v 0.393677 -0.086983 0.300568
v 0.393799 -0.036137 0.262573
v 0.393890 -0.001093 0.315186
v 0.394073 -0.492004 -0.267365
v 0.394135 -0.090614 0.263611
v 0.394287 -0.016800 0.321747
v 0.394318 -0.064865 0.263306
v 0.394501 -0.015138 -0.321625
v 0.394501 -0.034039 0.283966
v 0.394623 -0.000646 -0.299774
v 0.394653 -0.001235 0.287781
v 0.394745 -0.481018 -0.332031
v 0.394775 -0.479980 0.330658
v 0.395203 -0.095947 0.283997
v 0.395447 -0.091255 -0.335510
v 0.395569 -0.002131 -0.285187
v 0.395569 -0.002215 -0.320831
v 0.395874 -0.085884 -0.327271
v 0.396118 -0.458923 0.276398
v 0.396149 -0.499969 0.325287
v 0.396240 -0.086639 0.323364
v 0.396362 -0.100853 -0.309601
v 0.396545 -0.098495 -0.285370
v 0.396912 -0.086327 0.334167
v 0.396973 -0.065453 -0.334229
v 0.397095 -0.088806 -0.320282
v 0.397705 -0.462524 0.325226
v 0.397766 -0.499939 0.285065
v 0.397858 -0.458130 0.299438
v 0.397888 -0.035755 -0.323578
v 0.397888 -0.499908 -0.279419
v 0.398010 -0.058701 -0.272919
v 0.398010 -0.461060 -0.281067
v 0.398010 -0.499969 -0.321045
v 0.398743 -0.488495 -0.314728
v 0.398895 -0.084091 0.275940
v 0.399170 -0.460205 -0.307526
v 0.399353 -0.480560 -0.288208
v 0.399384 -0.086746 -0.278351
v 0.399445 -0.479004 0.296326
v 0.399780 -0.005820 -0.305481
v 0.399780 -0.091034 0.318298
v 0.399780 -0.499908 -0.297516
v 0.399811 -0.006348 0.311188
v 0.400208 -0.031307 0.322357
v 0.400482 -0.009707 0.322235
v 0.400787 -0.034477 0.281738
v 0.400848 -0.089104 -0.305969
v 0.401031 -0.030464 -0.283844
v 0.401031 -0.069397 0.316711
v 0.401337 -0.070961 -0.314453
v 0.401367 -0.090706 0.294617
v 0.401459 -0.088531 0.304382
v 0.401947 -0.090034 -0.296692
v 0.401978 -0.014152 0.284760
v 0.402039 -0.050064 -0.298248
v 0.402161 -0.058178 0.296356
v 0.402679 -0.015091 -0.322266
v 0.402802 -0.017910 0.307159
v 0.402863 -0.012721 -0.283630
v 0.403503 -0.014539 -0.301575
v -0.000039 -0.071953 0.128738
v -0.000225 -0.198120 -0.322723
v -0.000379 0.196915 0.157333
v -0.000462 -0.170303 0.303131
v -0.000519 0.106071 -0.111649
v -0.000557 -0.203171 0.128555
v -0.000633 0.256470 -0.146530
v -0.000852 -0.268921 0.303650
v -0.000913 0.227890 0.157715
v -0.001028 -0.257050 0.304169
v -0.001105 -0.262085 -0.306976
v -0.001157 -0.249939 0.302429
v -0.001255 -0.205292 -0.300781
v -0.001386 0.235870 0.136765
v -0.001389 0.108856 0.124306
v -0.001526 0.046375 0.129562
v -0.001605 -0.204910 0.322754
v -0.001739 -0.205215 0.312866
v -0.001753 -0.500000 0.009366
v -0.001840 -0.196045 0.306976
v -0.002064 -0.303192 0.304962
v -0.002135 0.220383 -0.117233
v -0.002335 -0.256866 -0.307465
v -0.002378 -0.316711 -0.300018
v -0.002427 -0.179321 -0.312439
v -0.002441 0.105728 -0.123436
v -0.003192 -0.293854 -0.298157
v -0.003254 0.165848 -0.133682
v -0.003359 0.062202 -0.114754
v -0.003389 -0.285431 0.296143
v -0.003548 -0.203476 -0.153595
v -0.003624 -0.179260 0.322601
v -0.003769 -0.178726 0.303467
v -0.003813 -0.263275 -0.298920
v -0.003915 -0.164719 -0.322662
v -0.004027 -0.313141 0.296295
v -0.004031 -0.163406 0.312195
v -0.004052 0.256348 0.147141
v -0.004186 0.061714 -0.131363
v -0.004675 -0.316681 0.305634
v -0.004716 0.104980 0.111824
v -0.005166 -0.197006 0.322449
v -0.005179 -0.202621 -0.128601
v -0.005519 -0.203522 0.287720
v -0.005746 -0.500000 -0.138794
v -0.005757 -0.264160 0.297791
v -0.005799 0.061375 0.131622
v -0.005940 -0.180008 0.314697
v -0.006038 0.062408 0.115623
v -0.006057 0.097435 -0.109467
v -0.006177 -0.328339 -0.310974
v -0.006350 0.110558 -0.131073
v -0.006572 0.077133 -0.110138
v -0.006573 0.178284 -0.143616
v -0.006630 0.179016 -0.132950
v -0.006740 -0.223083 0.299896
v -0.006797 -0.256104 0.307281
v -0.006858 -0.406769 -0.287994
v -0.006947 0.189301 -0.141907
v -0.006962 0.081116 -0.120842
v -0.007121 0.099121 0.121735
v -0.007227 0.084557 0.110298
v -0.007341 0.191605 0.146576
v -0.007414 0.220139 0.136108
v -0.007490 0.177307 0.135361
v -0.007514 -0.360443 0.308807
v -0.007651 0.075844 0.121048
v -0.007718 0.192871 0.156326
v -0.007731 0.181625 0.146942
v -0.007750 0.112404 0.130463
v -0.007750 -0.257019 -0.301239
v -0.007821 -0.182678 -0.303467
v -0.007933 0.167816 0.139008
v -0.007998 0.196320 -0.156540
v -0.008195 0.200302 -0.142883
v -0.008389 0.200104 -0.132950
v -0.008482 -0.203537 0.201920
v -0.008641 0.164978 0.133698
v -0.008691 -0.297791 0.296143
v -0.008736 0.090195 0.131378
v -0.008795 -0.175476 0.128235
v -0.009029 -0.203110 0.302551
v -0.009193 -0.176849 -0.322601
v -0.009242 0.199570 0.147461
v -0.009595 -0.184845 0.303436
v -0.009867 -0.195404 0.318054
v -0.009885 -0.195450 0.304565
v -0.009924 -0.187286 0.312622
v -0.009976 -0.005963 0.128311
v -0.010047 -0.187134 0.322540
v -0.010056 0.049465 -0.130188
v -0.010110 -0.193604 -0.313599
v -0.010275 0.220261 0.124756
v -0.010316 -0.316650 -0.307007
v -0.010488 -0.206985 -0.314606
v -0.010493 -0.193634 -0.322754
v -0.010526 -0.270599 -0.303223
v -0.010608 -0.209579 -0.322723
v -0.010799 -0.205872 0.305481
v -0.010807 -0.225204 -0.307892
v -0.010839 0.255219 0.136398
v -0.010871 -0.216614 -0.300018
v -0.011021 0.200012 0.133423
v -0.011049 -0.203644 -0.302185
v -0.011146 -0.351562 -0.309204
v -0.011255 -0.274841 -0.296783
v -0.011421 -0.316803 -0.299530
v -0.011899 -0.275543 0.296143
v -0.011936 0.220459 -0.043369
v -0.012059 0.078857 -0.130081
v -0.012108 -0.322449 0.312164
v -0.012156 -0.196594 -0.303406
v -0.012452 -0.210327 0.323242
v -0.012506 -0.316528 0.298859
v -0.012683 -0.234070 -0.299774
v -0.012780 -0.304474 -0.298676
v -0.013027 -0.225220 0.309113
v -0.013120 0.200760 0.157257
v -0.013197 -0.270905 0.306366
v -0.013262 -0.248535 0.299591
v -0.013276 -0.366547 0.300140
v -0.013495 -0.500000 -0.086464
v -0.013680 0.069733 0.128067
v -0.013706 -0.298767 0.303833
v -0.013922 -0.267181 0.300964
v -0.013959 -0.366821 0.287781
v -0.014030 0.221664 -0.135361
v -0.014043 -0.170853 -0.303345
v -0.014388 0.124039 0.127701
v -0.014402 -0.500000 -0.271820
v -0.014561 -0.271149 -0.307709
v -0.014606 -0.295685 -0.307495
v -0.014652 -0.367615 -0.288727
v -0.014729 0.159302 -0.129593
v -0.014748 -0.316559 0.306641
v -0.014796 -0.500000 -0.031815
v -0.014884 -0.129684 -0.127808
v -0.015430 -0.367706 -0.306000
v -0.015673 -0.270294 -0.300873
v -0.015940 0.201508 -0.144882
v -0.016449 0.051620 0.129028
v -0.016541 0.208252 -0.156906
v -0.016544 0.255829 -0.136124
v -0.016581 -0.198120 0.303131
v -0.016708 0.266937 -0.136276
v -0.016832 0.148087 -0.127304
v -0.016870 0.267975 0.136719
v -0.016886 0.187103 0.132614
v -0.016893 0.185760 -0.132370
v -0.016905 -0.297974 -0.301056
v -0.016932 -0.302124 0.301514
v -0.016945 -0.316223 -0.300140
v -0.017067 0.201431 -0.156586
v -0.017139 0.282379 -0.136581
v -0.017340 0.256165 -0.156860
v -0.017448 0.256836 0.145920
v -0.017618 0.256836 -0.149353
v -0.017746 0.272400 -0.146744
v -0.017931 0.280151 0.143570
v -0.018238 -0.194092 0.322479
v -0.018265 -0.025633 -0.127167
v -0.019012 0.157593 0.127457
v -0.019093 0.273224 -0.156677
v -0.019230 -0.483154 0.287964
v -0.019243 0.283356 -0.159088
v -0.019289 0.288788 0.152512
v -0.019547 0.201385 0.143814
v -0.019558 0.157867 0.131699
v -0.019594 -0.500000 0.041946
v -0.019777 0.274170 0.157974
v -0.020645 -0.316406 0.300232
v -0.020761 -0.500000 0.160538
v -0.020950 0.147980 0.126907
v -0.021194 0.289612 -0.146957
v -0.021614 0.255646 0.156433
v -0.021620 -0.232651 -0.303009
v -0.021736 0.200027 -0.132202
v -0.022137 -0.203506 0.146057
v -0.022144 -0.222488 -0.314667
v -0.022295 -0.211365 -0.322632
v -0.022953 -0.329193 0.310608
v -0.023117 -0.162415 0.303314
v -0.023172 -0.189346 -0.126236
v -0.023232 0.077248 0.126648
v -0.023279 -0.163330 0.310516
v -0.023335 -0.130310 0.311829
v -0.023397 -0.300049 0.299438
v -0.023462 -0.151443 0.316772
v -0.023478 -0.148026 -0.315216
v -0.023487 -0.163559 -0.318176
v -0.023508 -0.071480 0.126709
v -0.023672 -0.148682 -0.322937
v -0.023743 -0.137756 -0.325775
v -0.023769 -0.138824 -0.303314
v -0.023933 -0.139481 0.303680
v -0.024019 -0.164703 0.322266
v -0.024469 -0.217361 -0.303955
v -0.024475 0.164261 0.131760
v -0.024704 -0.373322 0.309937
v -0.024776 0.197662 0.132065
v -0.024834 -0.224030 0.302673
v -0.024940 -0.228470 0.308411
v -0.025085 0.198792 -0.144623
v -0.025143 -0.137421 0.321594
v -0.025251 -0.208038 0.300262
v -0.025402 -0.208130 0.309143
v -0.025511 0.182770 -0.131760
v -0.025524 -0.234314 0.300201
v -0.025625 -0.157318 -0.303528
v -0.025740 -0.205551 -0.311249
v -0.025753 -0.209854 0.321564
v -0.025803 0.177109 0.133774
v -0.025854 -0.205338 -0.300903
v -0.026192 -0.129761 -0.314453
v -0.026201 0.196518 0.144867
v -0.026695 -0.204285 0.301300
v -0.026695 -0.204285 0.301300
v -0.027016 -0.499725 0.288086
v -0.027208 0.245346 -0.155243
v -0.027288 0.184494 -0.142181
v -0.027319 -0.118462 0.125870
v -0.027334 -0.192307 0.126144
v -0.027924 0.184052 0.146515
v -0.027950 -0.500000 -0.207031
v -0.027973 -0.203522 0.241287
v -0.028383 -0.464325 -0.288086
v -0.028606 0.118103 -0.125381
v -0.028677 0.220047 0.155106
v -0.028736 0.199081 0.154755
v -0.029316 0.198624 -0.154114
v -0.029394 0.251007 0.133255
v -0.029610 0.255554 -0.133011
v -0.029646 -0.318054 -0.306976
v -0.030418 -0.410065 0.287872
v -0.030470 0.170258 -0.134155
v -0.031498 -0.165665 0.303223
v -0.032024 -0.204498 0.311157
v -0.032242 -0.380066 -0.298157
v -0.032436 -0.499939 -0.288025
v -0.032593 -0.380707 0.295929
v -0.032734 -0.203217 0.124916
v -0.033028 0.018791 0.124748
v -0.033623 0.270813 -0.153778
v -0.034000 0.283905 0.135117
v -0.034431 -0.383240 0.287903
v -0.034527 0.173477 0.137039
v -0.034588 -0.203583 -0.268677
v -0.034737 -0.195129 -0.322845
v -0.034813 -0.203201 -0.124260
v -0.034981 0.220169 0.132126
v -0.035355 0.220474 0.040348
v -0.035564 -0.036358 0.124237
v -0.035740 0.188873 -0.146133
v -0.035805 -0.222473 -0.299744
v -0.036392 0.285950 -0.152588
v -0.036491 -0.209229 0.299957
v -0.036518 0.281677 -0.131073
v -0.036751 0.279297 -0.156204
v -0.037239 -0.204086 0.302063
v -0.037239 -0.204086 0.302063
v -0.037365 -0.205429 -0.318634
v -0.037476 0.098167 0.123711
v -0.037609 0.185715 -0.126373
v -0.037773 -0.386383 -0.288940
v -0.038109 0.198624 -0.127213
v -0.038269 -0.205765 0.322998
v -0.038452 0.077171 -0.122780
v -0.038460 0.163986 0.128311
v -0.038925 0.018362 -0.123238
v -0.038971 -0.206100 -0.300751
v -0.039051 0.198135 0.127167
v -0.039471 0.169327 -0.126816
v -0.039513 0.190292 -0.133453
v -0.039562 -0.348267 0.308533
v -0.039585 -0.202362 -0.302490
v -0.039654 0.176559 0.126846
v -0.039928 -0.500000 0.267853
v -0.040001 0.175201 -0.135315
v -0.040318 0.158249 0.126038
v -0.040379 0.279510 0.155731
v -0.040936 0.193481 0.148697
v -0.041065 0.183823 0.134338
v -0.041065 0.288635 0.147369
v -0.041824 0.140442 0.122490
v -0.041878 0.179001 0.139053
v -0.042347 -0.208008 0.313599
v -0.042439 0.053276 0.122169
v -0.042694 -0.062889 -0.121872
v -0.042759 0.288696 -0.139877
v -0.042862 -0.392212 -0.309845
v -0.042896 0.267395 0.151398
v -0.043232 0.192673 -0.144089
v -0.043430 0.196136 0.141434
v -0.043480 -0.316803 -0.299713
v -0.043667 -0.208435 0.300232
v -0.043686 -0.317017 0.301788
v -0.043751 -0.395844 -0.299561
v -0.043934 -0.301208 -0.299194
v -0.044067 -0.211456 -0.323212
v -0.044266 -0.227493 -0.309509
v -0.044289 -0.221268 0.308716
v -0.044346 -0.231552 0.302094
v -0.044426 -0.215240 -0.310638
v -0.044521 -0.222214 -0.300262
v -0.045216 -0.391663 0.308502
v -0.045494 -0.249008 -0.299561
v -0.045883 0.201309 -0.138962
v -0.046082 -0.203537 0.287201
v -0.046444 -0.403168 0.298187
v -0.046501 -0.193726 0.120674
v -0.046516 0.190369 -0.123611
v -0.046719 0.162903 -0.123238
v -0.046867 0.176788 0.123627
v -0.046967 0.224670 -0.150513
v -0.047085 -0.320709 0.310791
v -0.047134 0.198410 -0.149384
v -0.047207 -0.233002 -0.301117
v -0.047363 -0.201294 0.302063
v -0.047455 0.201324 0.124580
v -0.047565 -0.127960 0.314087
v -0.047588 -0.213867 0.323425
v -0.047729 -0.408661 -0.288025
v -0.047802 -0.087921 0.120331
v -0.048077 0.201492 0.140228
v -0.049095 -0.413727 0.287994
v -0.049122 -0.143036 0.119576
v -0.049622 -0.322479 -0.312225
v -0.049866 -0.297852 0.299225
v -0.049950 -0.415558 -0.298828
v -0.050053 -0.330200 0.308746
v -0.050102 -0.148438 -0.118958
v -0.050201 -0.500000 -0.291412
v -0.050213 -0.500000 0.298157
v -0.050388 -0.333038 -0.309937
v -0.050396 -0.464630 -0.288086
v -0.050407 0.281494 0.127533
v -0.050556 0.269104 -0.127167
v -0.050564 0.200897 -0.122772
v -0.050575 -0.459991 -0.298309
v -0.050598 0.281677 -0.127625
v -0.050602 -0.473328 0.300171
v -0.050682 -0.500000 -0.309814
v -0.050697 -0.470062 0.288116
v -0.050777 -0.431152 0.300720
v -0.050915 -0.417480 0.309845
v -0.051437 0.147705 -0.118843
v -0.051479 0.262421 0.126694
v -0.051479 -0.500000 0.288116
v -0.051601 -0.141449 -0.303101
v -0.051624 -0.223740 0.312469
v -0.051815 -0.418915 -0.309753
v -0.052025 -0.459900 -0.309998
v -0.052055 -0.500000 0.020365
v -0.052181 -0.500000 0.224686
v -0.052231 0.257141 -0.126694
v -0.053024 0.155441 0.118340
v -0.053062 -0.203552 -0.196228
v -0.053253 -0.468964 0.310333
v -0.053909 0.203644 0.147964
v -0.054287 0.220551 -0.123993
v -0.054844 -0.254791 0.299377
v -0.054935 -0.500000 0.310822
v -0.055161 0.270447 0.136642
v -0.055244 0.288635 0.137253
v -0.055382 -0.212128 -0.323273
v -0.055588 -0.233200 0.302155
v -0.055626 0.256714 -0.136856
v -0.055672 -0.220779 -0.315918
v -0.056141 0.276123 -0.140076
v -0.056293 0.198395 0.120682
v -0.056381 0.185272 -0.120438
v -0.056408 -0.135300 0.305237
v -0.056480 0.288330 -0.141556
v -0.056553 -0.203476 -0.136612
v -0.056877 0.181961 0.120193
v -0.057232 -0.135132 -0.322723
v -0.057365 0.256744 0.137833
v -0.057392 0.165359 0.119797
v -0.057629 0.264648 -0.147049
v -0.057808 -0.374023 -0.309021
v -0.057873 0.236786 0.123642
v -0.057899 -0.136826 0.322632
v -0.057999 0.256958 0.146469
v -0.058033 0.110237 0.115517
v -0.058147 -0.041073 0.115562
v -0.058193 0.281006 -0.152573
v -0.058285 0.171097 -0.124756
v -0.058338 0.276398 -0.147263
v -0.058369 0.016306 0.115097
v -0.058392 -0.229340 -0.300354
v -0.058414 -0.232330 -0.306061
v -0.058430 -0.218353 -0.306610
v -0.058510 0.200287 0.132767
v -0.058807 -0.212463 0.323181
v -0.058849 -0.222260 0.312195
v -0.058903 -0.206421 -0.301208
v -0.058907 0.277344 0.148117
v -0.058918 -0.500000 0.113144
v -0.059013 0.199295 -0.134277
v -0.059200 -0.218338 0.300110
v -0.059315 0.241333 -0.122528
v -0.059662 -0.207886 0.310669
v -0.059669 -0.205872 -0.313812
v -0.059738 0.255127 -0.146332
v -0.059757 -0.483276 0.310303
v -0.059811 -0.203384 0.301544
v -0.059933 0.201187 -0.145264
v -0.060078 -0.473236 -0.313568
v -0.060520 -0.326263 0.312408
v -0.060539 -0.500000 -0.321198
v -0.060604 -0.475586 0.320831
v -0.060631 -0.419281 -0.311981
v -0.060642 0.177261 0.130066
v -0.060703 -0.500000 0.320801
v -0.060772 -0.434357 0.312439
v -0.060825 -0.130447 -0.311676
v -0.060928 -0.285095 -0.313507
v -0.061081 0.193695 0.131790
v -0.061096 -0.500000 -0.310303
v -0.061230 -0.329468 -0.311829
v -0.061317 -0.305725 -0.314209
v -0.061340 -0.304688 -0.308533
v -0.061413 0.045868 -0.113922
v -0.061436 -0.318634 -0.308228
v -0.061512 -0.298004 0.310547
v -0.061523 -0.317169 0.298767
v -0.061535 -0.304199 -0.299255
v -0.061584 -0.318909 0.307861
v -0.061596 0.220490 -0.100441
v -0.061672 -0.316620 -0.299927
v -0.061954 -0.286804 0.299103
v -0.062115 -0.273132 -0.299500
v -0.062298 -0.269806 0.309296
v -0.063255 -0.283081 0.321594
v -0.063278 -0.266296 -0.308716
v -0.063316 -0.285889 0.314941
v -0.063332 -0.476685 -0.323822
v -0.063438 0.220154 0.120575
v -0.063568 0.195755 0.141998
v -0.063667 0.112473 -0.112915
v -0.063835 -0.453461 0.322205
v -0.063873 -0.454468 -0.323120
v -0.063927 0.189636 -0.136765
v -0.064384 -0.350098 -0.313843
v -0.064545 -0.203247 -0.112251
v -0.064568 -0.373474 0.313141
v -0.064804 0.160187 0.114601
v -0.064827 -0.448181 -0.315430
v -0.064964 0.072685 0.111748
v -0.065132 -0.237259 -0.299866
v -0.065140 0.162140 -0.115524
v -0.065300 0.255829 0.120590
v -0.065514 -0.205002 -0.323059
v -0.065643 -0.256409 0.301483
v -0.066856 -0.280212 -0.320831
v -0.066864 -0.149353 -0.322998
v -0.066956 -0.285553 -0.315826
v -0.067177 -0.217087 0.299957
v -0.067352 0.170593 0.121376
v -0.067368 0.238129 0.142334
v -0.067535 -0.021389 -0.110367
v -0.067558 -0.204651 -0.311798
v -0.067802 -0.076859 -0.110420
v -0.068016 0.176559 -0.125565
v -0.068039 -0.255890 -0.300873
v -0.068062 -0.204239 0.313232
v -0.068253 0.220428 0.077560
v -0.068275 -0.205063 0.322937
v -0.068390 -0.500000 -0.134094
v -0.068527 -0.203400 0.301422
v -0.068527 -0.310486 0.314209
v -0.068634 -0.158447 0.110138
v -0.068764 -0.300110 -0.314301
v -0.069313 -0.203201 0.109123
v -0.070122 0.256256 -0.127228
v -0.070129 0.200043 0.113838
v -0.070251 -0.259094 0.305298
v -0.070786 0.187042 -0.114235
v -0.070831 0.185074 0.131256
v -0.070938 0.199356 -0.114113
v -0.071259 -0.072502 0.108192
v -0.071335 -0.415833 -0.314270
v -0.071434 -0.273621 0.316742
v -0.071457 0.187912 0.115852
v -0.071617 -0.265472 0.299500
v -0.071655 -0.165268 0.303101
v -0.071701 -0.499939 -0.322662
v -0.072044 -0.477570 0.323822
v -0.072052 -0.204483 0.300415
v -0.072113 -0.500000 0.322723
v -0.072197 -0.267181 -0.309509
v -0.072319 0.172638 0.116096
v -0.072319 -0.446014 0.314911
v -0.072624 0.202332 0.139008
v -0.072830 -0.499939 0.309387
v -0.072914 0.168503 -0.115852
v -0.073051 -0.500000 -0.181366
v -0.073227 0.137085 0.106964
v -0.073524 0.255035 0.139465
v -0.073654 -0.206375 -0.300568
v -0.073921 -0.203522 0.208191
v -0.073952 0.255524 -0.138397
v -0.073975 0.175781 -0.118942
v -0.074127 -0.289185 -0.299652
v -0.074135 0.228851 -0.138977
v -0.074226 -0.280365 0.309784
v -0.074249 -0.331543 0.310760
v -0.074272 -0.222565 -0.299744
v -0.074348 -0.337799 -0.306824
v -0.074348 -0.416718 0.307343
v -0.074348 -0.417938 0.314240
v -0.074387 0.144073 -0.106529
v -0.074409 -0.402679 -0.307617
v -0.074509 -0.325592 -0.314209
v -0.074516 -0.284882 -0.308777
v -0.074646 -0.022503 0.106041
v -0.074791 -0.455444 -0.323730
v -0.074860 -0.451477 0.309052
v -0.074890 -0.285217 0.317078
v -0.074905 -0.450043 -0.315918
v -0.074997 -0.454681 -0.311157
v -0.075081 -0.286255 -0.314911
v -0.075150 -0.479248 -0.320496
v -0.075211 -0.479309 0.314636
v -0.075302 -0.455780 0.323517
v -0.075531 -0.204529 -0.322998
v -0.075539 -0.421570 0.299805
v -0.075562 -0.446198 -0.303467
v -0.075562 -0.484131 -0.311462
v -0.075577 -0.500000 -0.311554
v -0.075638 -0.500000 -0.285278
v -0.075920 0.199249 -0.137115
v -0.075974 0.163971 0.109535
v -0.076035 -0.281250 -0.321564
v -0.076256 -0.184219 0.322662
v -0.076431 -0.371643 -0.300018
v -0.076492 -0.206940 -0.313873
v -0.076500 -0.293152 0.300293
v -0.076591 -0.207733 0.310669
v -0.076988 0.182281 0.124550
v -0.077263 -0.428467 -0.300293
v -0.077751 -0.361450 0.300446
v -0.077835 -0.219864 0.299805
v -0.077873 -0.218109 -0.309418
v -0.077942 -0.192810 0.103264
v -0.078072 -0.227570 0.307831
v -0.078171 -0.215775 -0.319550
v -0.078217 -0.444336 0.303894
v -0.078285 -0.237564 0.300446
v -0.078423 0.197830 -0.122818
v -0.078545 -0.282104 -0.300476
v -0.078583 -0.500000 -0.011641
v -0.078964 0.185318 -0.126480
v -0.079079 -0.288422 0.306915
v -0.079163 0.199234 0.124008
v -0.079170 -0.500000 -0.245163
v -0.079376 -0.203552 0.127960
v -0.079407 -0.409668 -0.300964
v -0.079414 -0.324921 -0.300781
v -0.079689 -0.378021 -0.306335
v -0.079758 -0.433533 -0.306061
v -0.079758 -0.447998 -0.305908
v -0.079788 -0.233017 -0.302856
v -0.080124 0.089127 -0.102013
v -0.080132 -0.500000 -0.058037
v -0.080482 -0.111862 0.101540
v -0.080521 -0.182449 -0.101875
v -0.080849 0.255005 -0.111221
v -0.080894 -0.279694 0.299713
v -0.081009 0.177063 -0.107010
v -0.081139 -0.203537 -0.261749
v -0.081169 -0.386322 0.306519
v -0.081223 -0.330872 0.306061
v -0.081345 -0.425629 0.305573
v -0.081451 -0.308197 -0.306458
v -0.081566 -0.213089 0.323181
v -0.081635 -0.452820 -0.310211
v -0.081741 0.186264 0.106339
v -0.081947 -0.128448 0.314636
v -0.082474 -0.285400 -0.308044
v -0.082497 -0.122681 -0.100136
v -0.082771 0.283630 -0.113060
v -0.082779 0.256744 0.114067
v -0.082939 -0.137512 0.324860
v -0.083214 0.240143 0.108711
v -0.083290 0.268311 0.113998
v -0.083389 -0.170120 -0.303375
v -0.084358 -0.129257 -0.315735
v -0.084373 -0.135391 -0.306244
v -0.084541 -0.135330 0.305695
v -0.084557 -0.141922 -0.323883
v -0.084557 -0.150467 -0.303406
v -0.084564 -0.149658 0.303223
v -0.084602 0.199814 -0.132126
v -0.084610 -0.147888 -0.313538
v -0.084625 0.029179 -0.098022
v -0.084717 0.269714 -0.114891
v -0.084724 -0.148102 0.312897
v -0.084747 -0.150848 0.322784
v -0.084831 0.283936 0.113281
v -0.085114 -0.164398 0.322510
v -0.085144 -0.202744 0.300903
v -0.085167 -0.450378 0.307922
v -0.085197 -0.221695 0.314972
v -0.085274 -0.163284 -0.314087
v -0.085274 -0.163834 0.314636
v -0.085289 -0.163635 0.303528
v -0.085556 0.078575 0.097427
v -0.085648 -0.375000 -0.306671
v -0.085693 0.200043 0.103523
v -0.085732 0.200592 -0.103882
v -0.085747 -0.424286 -0.305603
v -0.085777 0.256439 -0.118683
v -0.085854 -0.214386 -0.322052
v -0.085960 0.220474 -0.055660
v -0.086052 -0.221329 -0.313843
v -0.086090 -0.289734 0.306488
v -0.086449 0.222610 -0.105202
v -0.086601 -0.165833 -0.322601
v -0.086617 -0.230759 -0.307587
v -0.086769 0.255981 0.126907
v -0.087120 -0.255493 -0.299438
v -0.087219 -0.283569 -0.302155
v -0.087563 -0.316010 -0.306824
v -0.087570 -0.371521 -0.300659
v -0.087654 -0.419678 0.305542
v -0.087700 -0.308350 -0.300903
v -0.087715 -0.305511 0.300415
v -0.087723 -0.347809 0.305573
v -0.087753 -0.442383 0.300507
v -0.087822 -0.372375 0.299683
v -0.087891 -0.442719 -0.301575
v -0.087967 -0.281982 0.299225
v -0.088158 -0.500000 -0.311218
v -0.088234 0.156021 0.096275
v -0.088585 0.011554 0.094612
v -0.088608 0.200516 0.129471
v -0.088646 0.220215 0.103241
v -0.088722 0.201614 0.117996
v -0.088753 -0.233521 0.302856
v -0.088814 0.290283 0.121941
v -0.089058 -0.203522 0.264954
v -0.089340 0.160919 -0.099121
v -0.089523 -0.051552 0.094185
v -0.090027 -0.500000 0.059429
v -0.090546 0.287659 -0.124130
v -0.090691 0.182693 0.099487
v -0.090820 -0.460663 -0.311523
v -0.091026 0.189148 -0.099709
v -0.091087 -0.475311 0.311310
v -0.091263 -0.203354 -0.093102
v -0.091919 0.165558 0.100639
v -0.092148 -0.214340 0.323090
v -0.092270 -0.214417 -0.322052
v -0.092705 -0.220795 0.312286
v -0.092857 -0.223953 0.299652
v -0.092957 -0.222015 -0.308716
v -0.092987 -0.228622 -0.308136
v -0.093025 -0.223709 -0.299683
v -0.093399 -0.486816 -0.311127
v -0.093788 0.124924 0.089668
v -0.093842 0.202179 -0.126358
v -0.093948 -0.208008 0.316833
v -0.094131 -0.206848 -0.300476
v -0.094215 0.274078 0.126999
v -0.094345 -0.062645 -0.089058
v -0.094368 0.201401 -0.117241
v -0.094627 0.274689 -0.127777
v -0.094704 -0.234772 -0.299927
v -0.094978 0.255615 -0.125259
v -0.094978 -0.205536 0.301300
v -0.095551 -0.187729 -0.088280
v -0.095901 -0.203384 0.087585
v -0.095970 -0.206207 -0.315582
v -0.096123 0.160797 -0.092728
v -0.096130 -0.332458 -0.299072
v -0.096352 0.168610 0.104370
v -0.096909 -0.429565 -0.299408
v -0.097443 -0.206207 -0.322784
v -0.097466 0.278046 -0.095459
v -0.097473 0.197968 0.108459
v -0.098320 0.197266 -0.107719
v -0.098663 0.101738 -0.084816
v -0.098747 -0.160736 0.084152
v -0.098846 0.169434 -0.101753
v -0.098892 0.227722 0.122337
v -0.099205 0.151917 -0.083984
v -0.099480 0.221649 -0.122742
v -0.099586 -0.204498 0.312347
v -0.099770 0.178345 -0.106895
v -0.099792 -0.101295 0.083450
v -0.099968 -0.500000 0.162262
v -0.100540 -0.205688 0.322510
v -0.100548 -0.500000 0.282166
v -0.100555 -0.322815 0.299164
v -0.100746 0.231598 -0.091911
v -0.100853 -0.137558 -0.082085
v -0.101097 -0.203568 -0.292419
v -0.101219 0.166412 0.094139
v -0.101234 0.182907 0.108833
v -0.101486 0.164352 0.087265
v -0.101509 0.183151 0.086540
v -0.101570 -0.203552 -0.153091
v -0.101608 -0.215286 -0.299622
v -0.101784 0.288269 -0.104362
v -0.101860 -0.216156 0.299805
v -0.101875 0.178680 -0.086823
v -0.102112 0.284058 0.095520
v -0.102890 -0.039360 0.079124
v -0.103058 0.251282 0.089432
v -0.103210 0.200455 -0.086342
v -0.103401 0.166306 -0.088913
v -0.103668 0.152390 0.079117
v -0.104004 0.290588 0.106758
v -0.104057 0.031788 -0.077789
v -0.104767 0.199524 0.116844
v -0.104897 -0.262146 0.299591
v -0.104904 0.220490 0.026518
v -0.105118 0.200821 0.083214
v -0.105186 -0.025719 -0.076019
v -0.105484 0.180161 0.102142
v -0.105621 -0.410156 0.299194
v -0.105843 -0.500000 0.311310
v -0.106026 -0.449310 0.306122
v -0.106178 0.178802 -0.100037
v -0.106331 -0.165863 0.303223
v -0.106384 -0.164627 -0.303528
v -0.106438 0.200745 -0.116508
v -0.106468 -0.382904 -0.299225
v -0.106560 0.283203 0.116272
v -0.106598 0.057514 0.073586
v -0.106697 -0.202286 0.301819
v -0.106697 -0.202286 0.301819
v -0.107025 -0.203171 -0.074165
v -0.107292 0.176498 -0.091957
v -0.107323 -0.164566 -0.317719
v -0.107323 -0.446381 -0.302124
v -0.107597 0.183777 0.076653
v -0.107803 0.191025 -0.077812
v -0.107903 -0.500000 0.233002
v -0.108162 0.190750 -0.109673
v -0.108261 0.191147 0.092155
v -0.108360 -0.205383 -0.301025
v -0.108734 0.255707 -0.083290
v -0.108788 -0.191864 -0.322723
v -0.108818 0.113617 0.070854
v -0.108940 -0.165497 0.322418
v -0.108955 0.220581 -0.080322
v -0.108986 0.080322 0.003793
v -0.109009 0.076393 -0.006970
v -0.109062 0.062275 -0.002749
v -0.109207 0.101860 0.005680
v -0.109413 0.103226 -0.005355
v -0.109634 0.193375 -0.092484
v -0.110077 0.200851 -0.074188
v -0.110184 -0.205490 -0.311646
v -0.110466 0.133606 -0.068687
v -0.110519 -0.202011 -0.302612
v -0.110718 -0.207077 0.313538
v -0.111443 0.283203 -0.112831
v -0.111488 -0.195740 -0.066689
v -0.111542 -0.208527 -0.321075
v -0.111595 0.181488 0.095688
v -0.111656 -0.208572 0.300934
v -0.111900 0.277222 0.083748
v -0.111938 0.107925 0.000584
v -0.112068 0.193558 0.067513
v -0.112083 0.091179 -0.065956
v -0.112167 -0.163940 0.310211
v -0.112213 0.220261 0.076660
v -0.112465 0.267395 -0.110031
v -0.112541 -0.500000 -0.096451
v -0.112663 -0.219162 -0.299683
v -0.112930 -0.220261 -0.308411
v -0.113098 0.164978 -0.070084
v -0.113190 -0.228943 0.307404
v -0.113243 -0.223022 -0.314453
v -0.113380 -0.233307 -0.305115
v -0.113403 0.062481 0.007261
v -0.113426 -0.129440 0.063225
v -0.113503 -0.230469 0.300293
v -0.113510 0.011881 0.062199
v -0.113533 0.174271 0.066246
v -0.113884 -0.133865 -0.062614
v -0.114136 -0.454041 -0.311615
v -0.114319 -0.203125 0.059807
v -0.114334 0.256897 0.084892
v -0.114555 -0.069878 0.060314
v -0.114647 0.275909 -0.085846
v -0.114677 0.144760 0.060688
v -0.115463 0.168198 0.068123
v -0.115639 -0.199570 0.322662
v -0.115822 0.201202 -0.106743
v -0.116165 -0.212830 0.323151
v -0.116440 0.201187 -0.092201
v -0.116699 -0.303162 -0.299255
v -0.116722 -0.180832 0.055634
v -0.116791 0.035915 -0.056816
v -0.116837 0.256744 -0.086426
v -0.117050 0.200699 0.093651
v -0.117157 0.190582 -0.099266
v -0.117165 -0.233871 -0.299988
v -0.117767 0.255524 0.069801
v -0.117966 0.186874 -0.071953
v -0.118073 0.252777 0.103516
v -0.118141 -0.203506 0.164948
v -0.118172 -0.224930 0.312500
v -0.118431 -0.203476 0.292572
v -0.118462 0.200592 0.076225
v -0.118721 0.272491 0.088593
v -0.118790 0.185410 0.071472
v -0.118927 -0.213760 -0.322998
v -0.118980 0.103195 0.005202
v -0.119232 0.200882 0.054497
v -0.119637 0.239777 -0.065140
v -0.119690 0.161224 -0.055145
v -0.119804 -0.444427 0.299591
v -0.119942 0.165146 0.056141
v -0.120018 0.100662 0.048149
v -0.120117 -0.014552 -0.048607
v -0.120209 -0.071709 -0.048557
v -0.120392 0.097290 -0.006856
v -0.120422 0.079094 0.007251
v -0.120445 0.185638 0.054665
v -0.120453 0.290680 0.090157
v -0.120674 -0.101982 0.046886
v -0.120865 0.184814 -0.055626
v -0.120934 0.220383 -0.022280
v -0.120941 0.290009 -0.090858
v -0.121071 0.202423 0.100174
v -0.121140 0.200897 -0.053734
v -0.121147 0.107025 -0.003205
v -0.121712 0.202286 -0.099052
v -0.121864 0.178497 0.072739
v -0.122078 0.177399 -0.073936
v -0.122528 -0.203217 -0.040100
v -0.122696 0.064156 -0.007112
v -0.122849 0.061909 0.000616
v -0.122856 0.145416 -0.042870
v -0.122894 0.143692 0.039848
v -0.122932 -0.178497 -0.039326
v -0.123207 -0.145767 0.038425
v -0.123230 0.239761 0.059254
v -0.123466 0.200180 -0.079124
v -0.123634 -0.500000 -0.138153
v -0.123650 0.000236 0.036377
v -0.123756 0.233078 -0.098114
v -0.123833 0.187195 -0.047153
v -0.124054 0.283264 0.097107
v -0.124123 0.030334 -0.036427
v -0.124512 -0.112892 -0.033680
v -0.124748 -0.500000 0.098938
v -0.125015 0.177765 0.064713
v -0.125015 0.255829 -0.068039
v -0.125137 0.199570 0.042084
v -0.125168 -0.193100 0.031254
v -0.125290 -0.066391 0.030624
v -0.125336 -0.235794 0.301025
v -0.125351 0.256012 -0.094818
v -0.125351 0.262482 0.094597
v -0.125519 0.070496 0.029610
v -0.125610 0.179718 0.041256
v -0.125717 0.256409 0.073448
v -0.125992 -0.221939 -0.311005
v -0.126205 -0.038410 -0.027100
v -0.126251 -0.203323 0.033504
v -0.126266 0.079033 -0.025955
v -0.126297 -0.232849 -0.302246
v -0.126526 0.274811 -0.095390
v -0.126663 0.257019 -0.052750
v -0.126663 -0.203522 0.094040
v -0.126678 -0.500000 -0.186188
v -0.126801 0.126068 -0.022640
v -0.127029 0.176971 0.058331
v -0.127090 0.177612 -0.066055
v -0.127151 -0.214401 0.322388
v -0.127182 -0.217377 -0.299957
v -0.127365 -0.222046 0.303223
v -0.127411 0.162933 0.035946
v -0.127426 -0.229172 0.308105
v -0.127548 -0.500000 -0.311401
v -0.127823 0.167099 -0.035770
v -0.127823 -0.203415 -0.003242
v -0.127884 -0.129974 0.015678
v -0.128128 -0.210571 -0.322968
v -0.128174 0.192703 -0.037971
v -0.128204 0.201080 -0.043560
v -0.128250 -0.143997 -0.011910
v -0.128296 -0.189133 0.000537
v -0.128311 0.119698 0.015561
v -0.128494 -0.081871 0.002386
v -0.128540 -0.203506 -0.240982
v -0.128601 -0.208450 0.315643
v -0.128632 -0.029362 0.003090
v -0.128693 0.010565 -0.006371
v -0.128906 -0.203506 -0.069221
v -0.128998 0.142609 0.001432
v -0.129181 -0.205994 -0.301331
v -0.129196 0.276001 0.053425
v -0.129211 0.191223 0.078896
v -0.129303 0.108032 0.001916
v -0.129364 0.220383 -0.040554
v -0.129562 0.157227 0.014880
v -0.129730 -0.206940 -0.313629
v -0.129761 0.162872 -0.022076
v -0.129807 0.046818 -0.007625
v -0.129990 0.253052 0.041710
v -0.130066 0.180069 -0.059746
v -0.130173 0.119202 -0.001181
v -0.130249 0.202560 0.087494
v -0.130325 0.271423 -0.053314
v -0.130325 0.284149 -0.051758
v -0.130524 -0.418823 -0.299500
v -0.130554 0.220612 0.036182
v -0.130569 0.053532 0.011170
v -0.130630 0.201752 -0.086426
v -0.130753 0.078560 0.009069
v -0.130783 0.181381 0.024733
v -0.130890 0.252594 -0.038166
v -0.130905 0.200638 0.022087
v -0.131042 0.098747 -0.008153
v -0.131088 0.256622 0.055828
v -0.131104 0.100365 0.006607
v -0.131195 0.199203 -0.018175
v -0.131256 0.186325 0.015966
v -0.131393 0.075233 -0.008213
v -0.131668 0.200760 0.008962
v -0.131699 0.191330 -0.079910
v -0.131744 0.061829 -0.007734
v -0.131744 0.108849 -0.003763
v -0.131943 -0.205978 0.323059
v -0.131973 0.061409 0.002891
v -0.132095 0.165283 0.025045
v -0.132126 0.181290 -0.007403
v -0.132187 0.161880 -0.006354
v -0.132462 0.180984 -0.024900
v -0.132660 -0.206497 0.301819
v -0.133804 0.177658 0.007326
v -0.134155 -0.164185 0.321503
v -0.134216 0.199417 -0.058250
v -0.134323 0.283875 0.037777
v -0.134720 0.170059 -0.036453
v -0.134827 0.200226 0.059410
v -0.134827 0.255371 -0.080315
v -0.134979 -0.500000 -0.277161
v -0.135086 0.254852 0.081078
v -0.135223 -0.204559 0.313446
v -0.135330 -0.163330 0.310455
v -0.135437 0.194641 0.072586
v -0.135666 0.167404 -0.024923
v -0.135681 0.166458 0.002992
v -0.135727 0.233826 -0.015741
v -0.136063 -0.147751 -0.312744
v -0.136063 -0.221100 -0.299744
v -0.136078 -0.163635 -0.317932
v -0.136093 -0.152649 0.313782
v -0.136108 0.221909 -0.003438
v -0.136108 -0.158707 -0.303284
v -0.136215 0.283875 -0.029860
v -0.136261 -0.136505 -0.304291
v -0.136276 -0.150284 0.322815
v -0.136353 -0.143692 0.303192
v -0.136368 -0.134567 0.321503
v -0.136398 0.238388 0.010343
v -0.136398 -0.131729 -0.317627
v -0.136429 -0.150482 -0.322876
v -0.136536 -0.129944 0.311615
v -0.136673 0.255646 0.017914
v -0.136917 0.208939 -0.077293
v -0.136932 0.256531 -0.057194
v -0.136963 0.255432 -0.000499
v -0.137146 0.175278 0.037392
v -0.137451 -0.163696 0.303345
v -0.137466 0.275879 -0.017796
v -0.137802 0.196335 0.041828
v -0.138046 0.199677 -0.008729
v -0.138763 0.201767 0.052341
v -0.138824 0.192337 0.062752
v -0.139282 0.181046 -0.041397
v -0.139404 0.240952 -0.073685
v -0.139420 -0.181076 0.303070
v -0.139999 0.175385 0.026394
v -0.140060 -0.204758 -0.322937
v -0.140305 0.274872 0.018545
v -0.140411 0.256561 -0.016901
v -0.140717 -0.448517 -0.304962
v -0.140823 -0.217453 0.299591
v -0.140839 0.289368 0.055683
v -0.141052 0.197342 -0.043640
v -0.141113 -0.205368 0.322968
v -0.141312 0.228119 0.068810
v -0.141586 0.197449 0.008024
v -0.141739 0.198120 0.025803
v -0.142471 0.288208 -0.059242
v -0.143005 0.179779 -0.026615
v -0.143143 0.198761 -0.063400
v -0.143158 0.175903 0.007140
v -0.143524 0.256042 0.060799
v -0.143631 -0.205612 -0.311523
v -0.143677 0.190399 -0.007507
v -0.143677 0.198166 -0.025753
v -0.143753 0.201736 -0.018404
v -0.143890 -0.485199 -0.311432
v -0.143951 -0.205200 -0.300812
v -0.144684 0.201736 0.017866
v -0.144714 0.290497 -0.035801
v -0.145218 0.201935 0.060253
v -0.145599 0.260529 -0.059536
v -0.145905 -0.140320 -0.324402
v -0.146194 0.188248 -0.040466
v -0.146194 -0.208023 0.314453
v -0.146484 -0.127716 0.313538
v -0.146805 0.275696 0.061020
v -0.146866 0.289673 0.024197
v -0.147568 -0.137833 -0.302307
v -0.147614 -0.209534 0.301239
v -0.147644 0.187607 0.035744
v -0.147781 0.256592 -0.001997
v -0.148178 0.279419 -0.061207
v -0.148254 0.201263 -0.051914
v -0.148315 -0.235321 0.301056
v -0.148575 -0.219070 -0.299622
v -0.148590 0.196838 0.047398
v -0.148834 -0.235229 -0.300232
v -0.148865 -0.224777 -0.310181
v -0.148895 -0.221848 0.304382
v -0.149063 -0.500000 0.271088
v -0.150040 0.278015 -0.053173
v -0.150681 -0.373474 -0.299377
v -0.150711 -0.500000 -0.022102
v -0.150726 0.219315 -0.044579
v -0.150787 0.289154 -0.019390
v -0.151001 0.273651 0.044724
v -0.151047 0.188492 -0.007652
v -0.151215 -0.203506 -0.121704
v -0.151428 -0.213303 -0.322662
v -0.151688 -0.171692 -0.303162
v -0.151688 -0.212814 0.323425
v -0.151794 -0.500000 0.048168
v -0.151825 0.285034 -0.043663
v -0.152115 -0.500000 0.211197
v -0.152145 -0.255371 -0.299469
v -0.152252 0.199554 -0.039398
v -0.152359 0.201416 0.040176
v -0.152374 0.267578 -0.019257
v -0.152496 -0.224228 0.312775
v -0.152710 -0.137070 0.322205
v -0.152802 0.266449 -0.036488
v -0.153015 0.192841 -0.028620
v -0.153214 0.191116 0.004453
v -0.153244 0.193497 0.028534
v -0.153503 0.227936 0.035084
v -0.153564 0.257416 0.021257
v -0.153580 -0.201080 0.302185
v -0.153961 -0.478149 0.311371
v -0.155106 0.282898 0.039810
v -0.155258 0.278656 -0.027927
v -0.155304 -0.177246 -0.322815
v -0.155579 0.200638 -0.023388
v -0.155655 0.201263 0.025673
v -0.155670 -0.203506 0.206985
v -0.155991 -0.203552 -0.291504
v -0.156174 0.232941 -0.020309
v -0.156281 0.200714 -0.011473
v -0.156418 0.200867 0.011430
v -0.156464 -0.203568 0.008678
v -0.156479 0.256348 -0.018564
v -0.157043 0.229095 0.007128
v -0.157227 0.255310 -0.000337
v -0.157471 0.280884 -0.040981
v -0.157532 -0.453979 -0.311615
v -0.157639 0.279968 0.020723
v -0.158310 -0.180923 0.322693
v -0.158844 0.281097 -0.020168
v -0.158951 -0.232941 -0.300232
v -0.159256 -0.130020 -0.316254
v -0.159973 -0.229660 -0.308411
v -0.160492 -0.500000 0.151657
v -0.160828 -0.203598 -0.045158
v -0.163040 -0.221970 -0.302094
v -0.163162 -0.453979 0.311737
v -0.163391 -0.222427 0.314789
v -0.163864 -0.500000 -0.090775
v -0.163940 -0.211624 0.323425
v -0.164200 -0.239166 0.300507
v -0.164536 -0.210480 -0.322662
v -0.164627 -0.208496 0.313446
v -0.164749 -0.205383 -0.301147
v -0.165039 -0.135544 0.305695
v -0.165344 -0.207977 -0.313263
v -0.165695 0.083061 0.048004
v -0.165817 0.073784 0.049664
v -0.166077 0.074791 0.031498
v -0.166107 0.090546 0.041615
v -0.166199 0.073486 -0.039204
v -0.166245 -0.219788 0.300659
v -0.166489 0.074867 -0.002398
v -0.166626 0.094368 -0.043434
v -0.167023 0.077911 -0.021027
v -0.167465 0.079681 0.026300
v -0.168442 0.073608 -0.049824
v -0.168716 0.079651 0.000507
v -0.169067 0.080475 0.014251
v -0.169235 0.091972 -0.048283
v -0.169357 0.084824 0.037319
v -0.169479 0.097389 0.007613
v -0.169556 0.079720 -0.011348
v -0.169556 0.085457 -0.039047
v -0.169708 0.093704 -0.020172
v -0.169708 0.103973 0.045227
v -0.169830 0.090004 0.002148
v -0.169846 -0.205948 0.301300
v -0.170303 0.104568 -0.043877
v -0.170334 -0.204803 0.323059
v -0.170792 0.098114 0.030266
v -0.170929 -0.499939 0.311493
v -0.171173 0.098763 -0.035049
v -0.171585 0.072968 0.030073
v -0.171722 0.072853 -0.016300
v -0.171982 0.050278 0.046719
v -0.172165 0.049416 0.024935
v -0.172379 0.092705 0.019262
v -0.172394 0.081726 0.048008
v -0.172394 0.093452 -0.006350
v -0.172455 -0.360535 0.299255
v -0.172485 -0.203568 0.071472
v -0.172623 0.046978 -0.045696
v -0.172668 0.081924 0.025682
v -0.172897 0.073135 0.045132
v -0.172958 0.054325 -0.024149
v -0.173111 -0.217789 -0.299744
v -0.173187 0.092316 -0.026632
v -0.173264 0.042870 0.044693
v -0.173325 -0.203522 -0.172913
v -0.173492 0.060410 -0.044662
v -0.173538 -0.139725 0.031273
v -0.173569 0.028538 0.022303
v -0.173584 0.011144 -0.016365
v -0.173584 -0.034126 0.029810
v -0.173584 -0.184433 0.020212
v -0.173599 -0.174057 -0.030426
v -0.173599 -0.203522 -0.239624
v -0.173615 -0.034500 -0.024317
v -0.173630 -0.095551 0.032764
v -0.173630 -0.102234 -0.009205
v -0.173645 0.065353 0.036865
v -0.173645 -0.049610 0.044308
v -0.173645 -0.183960 0.044067
v -0.173676 -0.203369 -0.027615
v -0.173706 0.010535 0.044495
v -0.173706 -0.123192 0.044445
v -0.173737 0.019728 -0.044312
v -0.173737 0.071777 -0.045277
v -0.173752 0.062157 0.044224
v -0.173828 -0.138290 -0.041939
v -0.173874 0.079430 0.002011
v -0.173904 -0.182098 -0.044201
v -0.173904 -0.204422 0.313690
v -0.173965 -0.035694 -0.044395
v -0.174011 -0.103951 -0.044411
v -0.174011 -0.202026 -0.042759
v -0.174042 -0.203339 0.030468
v -0.174530 -0.447144 0.302917
v -0.174545 0.079712 0.017250
v -0.174835 0.079361 -0.005887
v -0.174850 0.096825 0.038990
v -0.174988 0.079285 0.009415
v -0.175049 -0.500000 -0.293213
v -0.175201 0.095245 0.006655
v -0.175323 0.079300 -0.018229
v -0.175720 0.079582 -0.031982
v -0.175934 0.092323 0.030794
v -0.175995 -0.500000 -0.157379
v -0.176163 -0.205414 -0.322906
v -0.177048 0.090027 -0.038036
v -0.177063 0.079819 -0.047779
v -0.177216 -0.291473 -0.299347
v -0.177567 -0.499939 -0.311493
v -0.177917 -0.203522 0.272705
v -0.178268 -0.204895 -0.312836
v -0.178360 0.045467 0.045753
v -0.178696 0.095268 0.044899
v -0.178787 0.080223 0.035923
v -0.178970 -0.204941 -0.300934
v -0.178986 -0.500000 -0.217026
v -0.179291 -0.444824 -0.299988
v -0.179413 -0.205505 0.323120
v -0.180298 -0.203537 0.141830
v -0.180649 -0.289062 0.299225
v -0.181610 0.102448 -0.042679
v -0.182724 0.090759 -0.045898
v -0.182816 -0.423859 0.299286
v -0.183426 -0.205612 0.301636
v -0.183441 0.099335 0.040173
v -0.183701 -0.203476 -0.045029
v -0.183807 -0.208664 0.316406
v -0.184143 -0.210648 -0.312988
v -0.184677 -0.213760 -0.299866
v -0.184692 -0.212524 0.323181
v -0.184875 -0.222137 -0.310974
v -0.184921 -0.227554 0.309418
v -0.184921 -0.231689 -0.299530
v -0.184937 0.090034 -0.040787
v -0.184967 -0.218964 0.302521
v -0.186035 -0.212326 -0.323181
v -0.186890 -0.232452 0.299683
v -0.187134 0.079689 -0.038540
v -0.187210 0.079765 -0.044258
v -0.187622 -0.233215 -0.304901
v -0.188049 0.079666 0.041119
v -0.188721 -0.480164 -0.311584
v -0.189056 0.074089 0.049816
v -0.189331 -0.419464 -0.299438
v -0.189438 0.088982 0.044712
v -0.189529 0.090569 -0.042126
v -0.189713 -0.135361 -0.305328
v -0.189957 -0.500000 0.095543
v -0.189987 -0.346436 -0.299316
v -0.190063 0.047092 -0.046909
v -0.190765 -0.202225 -0.301575
v -0.191177 -0.127808 0.313568
v -0.191223 -0.138367 -0.323395
v -0.191589 0.089996 0.038811
v -0.191742 -0.206421 0.323090
v -0.192123 -0.221100 -0.316284
v -0.192841 0.052849 -0.044476
v -0.193115 0.072578 -0.044235
v -0.193283 -0.451813 -0.308899
v -0.194153 0.048889 0.048580
v -0.194931 -0.169952 0.303162
v -0.195129 0.061771 0.044346
v -0.195251 0.074173 -0.049187
v -0.195496 0.102608 0.041332
v -0.195557 -0.217484 0.320160
v -0.196411 0.079239 -0.018837
v -0.197083 0.004990 -0.044533
v -0.197235 -0.232376 0.302338
v -0.197266 0.079803 0.047703
v -0.197342 -0.054283 -0.044518
v -0.197998 -0.101013 -0.044556
v -0.198502 0.052402 0.045109
v -0.198502 0.062035 -0.044239
v -0.198807 -0.216797 -0.303894
v -0.198868 -0.222214 -0.314178
v -0.198959 -0.232864 -0.302917
v -0.199081 -0.214767 0.311005
v -0.199219 0.072456 0.045605
v -0.199280 -0.037945 0.044521
v -0.199310 -0.241608 0.299500
v -0.199463 -0.209808 -0.322021
v -0.199524 -0.165359 -0.044441
v -0.199768 -0.208130 0.302429
v -0.200165 -0.019136 -0.299408
v -0.200394 -0.013811 -0.315979
v -0.200684 0.101982 -0.040298
v -0.200714 -0.135910 0.322571
v -0.200760 -0.207565 0.321503
v -0.201233 0.026625 0.044521
v -0.201355 0.096001 0.046097
v -0.201721 -0.035255 -0.299377
v -0.201859 -0.083954 0.302216
v -0.201874 -0.035389 0.298126
v -0.201950 0.089859 0.038570
v -0.202011 -0.233078 -0.299713
v -0.202133 -0.203400 0.043705
v -0.202362 -0.500000 0.224380
v -0.202393 0.079254 0.020744
v -0.202454 -0.500000 0.016605
v -0.202469 -0.053051 -0.310516
v -0.202728 -0.175461 -0.322784
v -0.202896 -0.204987 -0.308990
v -0.202896 -0.206604 -0.300354
v -0.202957 -0.090378 -0.294952
v -0.203003 -0.112633 0.044617
v -0.203033 -0.089615 0.309784
v -0.203156 -0.038155 0.314880
v -0.203201 -0.089516 -0.307678
v -0.203278 -0.010343 -0.333588
v -0.203293 -0.203537 -0.105667
v -0.203354 -0.203552 0.050240
v -0.203369 -0.068901 0.286194
v -0.203430 0.079720 -0.047287
v -0.203781 -0.484833 0.311554
v -0.203812 -0.500000 0.310181
v -0.203995 -0.480713 -0.311554
v -0.204025 -0.010297 0.315369
v -0.204117 -0.064453 -0.282257
v -0.204163 -0.458923 0.311676
v -0.204178 -0.090744 -0.321381
v -0.204437 -0.204651 0.315338
v -0.204712 -0.084579 0.325684
v -0.205017 -0.035511 -0.280945
v -0.205338 -0.035984 0.278442
v -0.205353 -0.085892 -0.330444
v -0.205383 0.089294 -0.038704
v -0.205429 -0.094521 0.320496
v -0.205612 -0.003655 -0.299774
v -0.205673 -0.036041 -0.330353
v -0.205704 -0.203659 0.301666
v -0.205704 -0.203659 0.301666
v -0.205780 0.097794 -0.045918
v -0.206146 -0.009337 0.300629
v -0.206146 -0.478790 0.322571
v -0.206238 -0.037067 0.332031
v -0.206360 -0.203537 -0.049427
v -0.206528 -0.096390 0.294281
v -0.206802 -0.015978 0.330231
v -0.206924 -0.175858 0.044422
v -0.207199 -0.480347 -0.325317
v -0.207367 -0.016886 -0.332031
v -0.207367 -0.204590 -0.322662
v -0.207474 -0.165039 0.322968
v -0.207611 -0.500000 -0.264771
v -0.207672 -0.087166 -0.278656
v -0.207870 0.079468 0.037960
v -0.207886 -0.003284 -0.319061
v -0.207932 -0.457916 0.324921
v -0.208054 -0.015347 -0.264893
v -0.208084 -0.010139 0.265320
v -0.208267 -0.087074 0.268951
v -0.208679 -0.089264 0.281952
v -0.208786 -0.455902 -0.312561
v -0.208847 0.102844 0.043858
v -0.209076 0.102356 0.037895
v -0.209595 -0.203583 -0.301300
v -0.209595 -0.203583 -0.301300
v -0.209717 0.043720 0.044907
v -0.209915 -0.500000 0.165390
v -0.210022 -0.091896 0.340820
v -0.210037 -0.073059 0.342896
v -0.210037 -0.087395 -0.270386
v -0.210098 -0.039471 0.262207
v -0.210205 -0.453125 0.310730
v -0.210297 -0.499207 0.334137
v -0.210342 -0.091972 -0.340393
v -0.210373 -0.001494 0.315582
v -0.210510 -0.066071 -0.343353
v -0.210541 -0.498688 -0.334503
v -0.210602 -0.033180 -0.298553
v -0.210663 -0.103920 0.287140
v -0.210754 -0.204880 0.322876
v -0.210968 -0.103920 -0.321014
v -0.211044 -0.087181 0.298523
v -0.211060 -0.034397 0.284180
v -0.211258 -0.128479 -0.313812
v -0.211441 0.079582 -0.038082
v -0.211533 0.091652 0.039391
v -0.211548 -0.104485 -0.284363
v -0.211716 -0.202560 -0.043987
v -0.211746 -0.034428 0.298981
v -0.211807 -0.082565 -0.259583
v -0.212311 -0.034191 0.267517
v -0.212341 -0.171951 -0.303131
v -0.212357 -0.044369 -0.258179
v -0.212402 -0.092201 -0.320831
v -0.212601 -0.010416 0.256317
v -0.212631 -0.086739 0.325836
v -0.212631 -0.204575 -0.311127
v -0.212677 -0.034275 -0.268188
v -0.212769 0.067657 0.061020
v -0.212799 0.068573 -0.059258
v -0.212845 -0.034302 -0.281372
v -0.213165 -0.094292 0.320740
v -0.213257 -0.107613 0.321228
v -0.213318 -0.456024 -0.332977
v -0.213394 -0.098038 -0.265625
v -0.213425 -0.500000 -0.064728
v -0.213516 -0.086380 -0.325623
v -0.213623 -0.089165 0.307404
v -0.213730 -0.500000 0.281006
v -0.213791 -0.500000 -0.313110
v -0.213898 -0.107620 -0.293060
v -0.214005 -0.035946 0.349304
v -0.214157 -0.010956 -0.252045
v -0.214233 -0.085381 0.274750
v -0.214417 -0.002054 0.329376
v -0.214508 -0.098747 0.263489
v -0.214615 -0.003621 -0.329803
v -0.214630 -0.205963 0.309021
v -0.214767 -0.110718 -0.311127
v -0.214813 -0.015656 -0.299622
v -0.214890 0.047977 -0.049442
v -0.214905 -0.089096 -0.334808
v -0.215027 -0.035660 -0.351044
v -0.215057 -0.445618 0.300354
v -0.215179 -0.090263 -0.307648
v -0.215332 -0.110756 0.310944
v -0.215408 0.046398 0.049309
v -0.215424 0.073639 0.072540
v -0.215424 -0.034241 -0.330597
v -0.215439 -0.020470 0.329590
v -0.215515 0.066353 -0.074303
v -0.215546 0.071915 -0.047024
v -0.215576 -0.203506 -0.261108
v -0.215622 0.049187 0.049889
v -0.215652 -0.477661 0.347992
v -0.215729 -0.092377 -0.351501
v -0.215912 -0.094856 -0.284363
v -0.216019 -0.001150 0.268158
v -0.216095 -0.085220 0.252960
v -0.216232 0.072037 0.047451
v -0.216354 0.049217 0.060490
v -0.216675 -0.135345 0.305542
v -0.216904 0.079277 -0.071404
v -0.216904 -0.034630 0.332764
v -0.216949 -0.090820 -0.297791
v -0.216965 -0.445862 -0.301270
v -0.217148 -0.207764 -0.300842
v -0.217300 0.065468 0.046051
v -0.217407 -0.019138 0.269470
v -0.217468 -0.208725 0.300293
v -0.217499 -0.102943 0.339142
v -0.217575 0.065552 -0.061180
v -0.217728 0.046616 0.073380
v -0.217758 -0.454285 0.335266
v -0.217789 0.046394 -0.063362
v -0.217819 -0.085648 -0.357605
v -0.217834 -0.098007 -0.255157
v -0.217850 0.049992 -0.070839
v -0.217941 -0.015312 0.300995
v -0.218109 -0.003630 -0.269226
v -0.218155 -0.085648 -0.249069
v -0.218246 -0.009467 -0.311737
v -0.218292 0.062523 0.059616
v -0.218384 0.079582 -0.048988
v -0.218445 -0.022793 -0.269958
v -0.218536 -0.211014 -0.314423
v -0.218628 0.085426 0.047035
v -0.218750 -0.085915 0.358948
v -0.218857 0.050591 -0.056644
v -0.218918 0.063148 -0.044811
v -0.219070 0.058567 -0.065071
v -0.219101 -0.065697 0.359528
v -0.219177 -0.096992 0.349609
v -0.219223 -0.011868 0.240952
v -0.219238 -0.117256 0.298859
v -0.219269 -0.211014 -0.322754
v -0.219345 -0.201599 0.302185
v -0.219360 0.058346 0.048962
v -0.219391 -0.094032 -0.269104
v -0.219421 -0.010006 0.316833
v -0.219482 0.089668 0.056435
v -0.219589 -0.451752 0.319214
v -0.219620 -0.113312 -0.297882
v -0.219666 0.045048 -0.054058
v -0.219742 0.066956 0.085831
v -0.219742 0.089043 -0.055042
v -0.219772 0.096672 0.040367
v -0.219772 -0.087364 0.331085
v -0.219818 -0.374664 -0.299377
v -0.219910 -0.034595 -0.298523
v -0.219955 -0.426727 0.299133
v -0.219986 -0.223999 -0.301910
v -0.220032 -0.102020 -0.319824
v -0.220032 -0.298309 -0.299408
v -0.220047 0.057816 0.045128
v -0.220062 0.051678 -0.047001
v -0.220093 -0.105797 0.308716
v -0.220093 -0.451660 -0.321442
v -0.220108 -0.426270 -0.299591
v -0.220123 0.059776 -0.074646
v -0.220139 -0.244843 0.299652
v -0.220154 -0.035378 0.300385
v -0.220169 0.064041 0.069771
v -0.220169 -0.103508 0.298950
v -0.220261 -0.378876 0.299042
v -0.220276 -0.252289 -0.299530
v -0.220306 -0.201599 -0.302277
v -0.220322 -0.321564 0.298981
v -0.220352 0.051910 0.046146
v -0.220398 -0.101570 0.256866
v -0.220428 0.044472 -0.046196
v -0.220474 -0.018150 -0.364258
v -0.220490 0.065300 0.078957
v -0.220490 -0.165451 -0.302948
v -0.220520 -0.110252 0.284210
v -0.220581 -0.031528 0.362823
v -0.220581 -0.102905 -0.305298
v -0.220596 -0.074852 -0.298004
v -0.220596 -0.137817 -0.302948
v -0.220612 0.052483 0.072380
v -0.220642 -0.172272 0.303253
v -0.220657 -0.229172 0.312073
v -0.220718 0.045589 0.055214
v -0.220718 -0.315155 0.307465
v -0.220749 0.062889 -0.051224
v -0.220810 -0.425171 0.311157
v -0.220840 -0.034599 -0.309235
v -0.220840 -0.046158 0.297058
v -0.220856 0.027529 -0.062233
v -0.220886 -0.372650 -0.309143
v -0.220901 -0.458374 0.357697
v -0.220917 -0.116440 0.321136
v -0.220932 0.037647 0.067635
v -0.220978 -0.083328 0.245087
v -0.220978 -0.129791 -0.311218
v -0.221008 -0.078674 0.302887
v -0.221024 -0.049500 0.063507
v -0.221054 0.050983 0.052673
v -0.221085 -0.036034 -0.362976
v -0.221100 -0.008649 -0.364197
v -0.221130 -0.173889 0.062759
v -0.221146 -0.036480 0.244141
v -0.221161 -0.001160 -0.259766
v -0.221222 -0.161652 -0.063980
v -0.221237 0.003901 0.057762
v -0.221283 -0.322327 -0.311340
v -0.221298 -0.128021 0.313538
v -0.221313 0.065498 0.053768
v -0.221313 -0.069633 -0.064049
v -0.221313 -0.423920 -0.313782
v -0.221329 0.091789 -0.038502
v -0.221329 -0.103439 0.323059
v -0.221344 -0.062363 0.313934
v -0.221359 -0.144943 0.293152
v -0.221359 -0.214066 0.322937
v -0.221405 -0.121765 0.066345
v -0.221420 -0.203445 0.282318
v -0.221466 -0.137070 -0.292053
v -0.221527 -0.013239 0.366577
v -0.221527 -0.201736 0.067032
v -0.221542 -0.372986 0.312897
v -0.221573 0.102699 -0.042561
v -0.221619 -0.169128 -0.292938
v -0.221634 -0.203415 -0.059204
v -0.221771 -0.222672 -0.318512
v -0.221832 -0.023127 0.318420
v -0.221863 -0.121284 -0.283356
v -0.221939 -0.034557 -0.242599
v -0.221939 -0.080605 0.069183
v -0.221954 -0.089279 0.320465
v -0.222000 -0.112396 -0.335327
v -0.222046 -0.002173 0.070251
v -0.222076 0.065361 -0.069641
v -0.222092 0.068298 -0.087303
v -0.222092 -0.120872 -0.321777
v -0.222122 0.047913 0.082008
v -0.222183 -0.477844 -0.359528
v -0.222198 -0.096809 -0.347382
v -0.222214 -0.066956 -0.318176
v -0.222229 -0.201736 0.052906
v -0.222260 -0.034946 0.284973
v -0.222412 -0.080093 -0.312317
v -0.222412 -0.266083 -0.316559
v -0.222595 -0.195007 -0.055149
v -0.222610 -0.089653 0.300568
v -0.222626 -0.139511 -0.053898
v -0.222641 -0.087692 0.054562
v -0.222656 -0.017336 0.327148
v -0.222702 -0.131790 0.053753
v -0.222717 -0.086021 -0.280396
v -0.222717 -0.087021 -0.330353
v -0.222763 -0.092155 0.271210
v -0.222794 -0.010624 0.271149
v -0.222839 0.024475 0.051834
v -0.222855 -0.015380 -0.071739
v -0.222870 -0.079292 -0.283905
v -0.222870 -0.107620 -0.071609
v -0.222931 -0.087761 -0.321289
v -0.222992 0.048710 -0.082687
v -0.222992 -0.174438 0.322906
v -0.223007 -0.184433 0.286896
v -0.223022 -0.012706 -0.325195
v -0.223022 -0.037601 0.052143
v -0.223022 -0.499664 0.360260
v -0.223038 -0.190933 -0.071983
v -0.223114 -0.080269 0.283539
v -0.223114 -0.135712 0.321838
v -0.223129 -0.035500 0.325897
v -0.223129 -0.036728 -0.051731
v -0.223160 -0.167679 -0.322845
v -0.223190 -0.135651 -0.322052
v -0.223251 -0.034603 -0.349030
v -0.223251 -0.079750 0.322357
v -0.223389 0.091347 0.043236
v -0.223404 -0.175720 0.051090
v -0.223419 -0.112778 -0.278046
v -0.223450 -0.032280 -0.327179
v -0.223480 -0.086670 -0.364777
v -0.223511 -0.003223 0.259247
v -0.223557 -0.109932 -0.268677
v -0.223663 0.054733 -0.070587
v -0.223694 -0.015902 -0.244370
v -0.223709 -0.004740 0.362000
v -0.223755 -0.458527 -0.363708
v -0.223846 -0.057903 -0.280823
v -0.223984 -0.186005 0.074432
v -0.224014 -0.072197 -0.365936
v -0.224030 -0.055939 0.279724
v -0.224060 0.092934 -0.044147
v -0.224152 0.054459 -0.053520
v -0.224213 0.058636 0.053974
v -0.224213 -0.035095 -0.277527
v -0.224228 -0.097931 -0.328308
v -0.224274 -0.089256 0.282471
v -0.224274 -0.138748 0.278198
v -0.224304 0.045544 0.077530
v -0.224304 -0.280029 0.325684
v -0.224319 -0.095840 -0.284058
v -0.224335 -0.203522 0.158340
v -0.224518 -0.203033 -0.044254
v -0.224548 -0.203384 -0.281281
v -0.224564 0.032951 -0.047009
v -0.224655 -0.091499 0.259308
v -0.224670 -0.203369 -0.077332
v -0.224716 -0.092720 0.331543
v -0.224792 -0.107513 0.272949
v -0.224869 -0.021564 -0.359619
v -0.224991 -0.417603 0.328888
v -0.225037 -0.031025 0.272430
v -0.225052 -0.086693 0.350464
v -0.225052 -0.335144 0.328308
v -0.225250 -0.018583 -0.272217
v -0.225388 -0.043282 -0.329620
v -0.225388 -0.313202 -0.329742
v -0.225418 0.041348 0.045094
v -0.225540 0.079742 0.036793
v -0.225540 -0.088310 -0.239227
v -0.225555 -0.122658 0.333832
v -0.225571 0.060997 0.081146
v -0.225616 -0.200455 0.044888
v -0.225708 0.080627 -0.039028
v -0.225723 0.033016 0.078171
v -0.225784 -0.098999 0.077835
v -0.225845 -0.016508 -0.044498
v -0.225891 -0.500000 -0.343414
v -0.225952 -0.090355 -0.275085
v -0.225983 -0.171326 -0.274719
v -0.225998 -0.500000 -0.147659
v -0.226120 -0.499146 -0.362701
v -0.226135 -0.001469 0.044674
v -0.226196 -0.033440 0.078651
v -0.226227 -0.055565 0.044704
v -0.226242 0.080086 0.086456
v -0.226273 -0.073311 -0.044411
v -0.226273 -0.086052 -0.354675
v -0.226273 -0.106087 0.044777
v -0.226364 -0.134628 -0.044426
v -0.226379 -0.193039 -0.044243
v -0.226410 -0.170151 0.044952
v -0.226456 -0.117439 -0.267395
v -0.226578 0.050835 0.082634
v -0.226608 -0.003554 0.247284
v -0.226685 -0.034252 0.355194
v -0.226715 -0.000897 -0.359344
v -0.226730 -0.090019 0.238647
v -0.226791 0.022448 -0.079636
v -0.226791 -0.104568 -0.272400
v -0.226868 -0.067413 -0.237091
v -0.226898 -0.363190 -0.333557
v -0.226944 -0.034508 -0.357544
v -0.226959 -0.096718 -0.260132
v -0.227142 -0.112053 -0.260376
v -0.227173 -0.001849 -0.247757
v -0.227325 -0.120544 0.268097
v -0.227325 -0.203384 0.080620
v -0.227432 -0.174957 -0.079849
v -0.227448 -0.090599 0.368347
v -0.227509 -0.009809 -0.263184
v -0.227737 0.045586 -0.082687
v -0.227859 -0.168777 -0.335022
v -0.227905 0.057972 -0.083427
v -0.227921 -0.018929 0.246780
v -0.228027 -0.479614 0.367615
v -0.228073 -0.051559 0.336487
v -0.228119 -0.019829 0.356903
v -0.228134 -0.085930 0.254364
v -0.228424 -0.035091 -0.338776
v -0.228424 -0.075310 -0.080910
v -0.228516 0.049644 0.088272
v -0.228516 0.106834 -0.076904
v -0.228561 -0.089241 -0.346222
v -0.228607 -0.433624 -0.337769
v -0.228683 -0.033859 -0.247055
v -0.228745 -0.104195 0.261383
v -0.228851 -0.066643 -0.338287
v -0.229050 -0.118118 0.343567
v -0.229111 -0.079704 0.339386
v -0.229141 0.079605 -0.026733
v -0.229156 0.089874 -0.018190
v -0.229309 0.079483 0.024008
v -0.229431 -0.035404 0.340729
v -0.229584 -0.213348 -0.338287
v -0.229630 0.090332 -0.036777
v -0.229630 -0.449463 0.343994
v -0.229675 0.065414 -0.085205
v -0.229706 0.079697 0.012446
v -0.229767 0.068817 -0.030823
v -0.229813 -0.086426 -0.257263
v -0.229874 0.122040 0.068794
v -0.229965 0.079567 -0.005046
v -0.229980 0.090370 0.036682
v -0.230042 0.062546 0.019728
v -0.230072 0.091293 -0.026482
v -0.230087 -0.383942 0.340088
v -0.230225 -0.034302 0.247772
v -0.230286 0.119293 0.051891
v -0.230423 0.069107 0.030413
v -0.230560 0.058956 0.088112
v -0.230591 -0.014719 0.262238
v -0.230774 0.079788 0.004097
v -0.230789 0.057987 -0.019991
v -0.230835 -0.006899 -0.355164
v -0.230835 -0.179382 0.264221
v -0.230850 -0.076881 -0.009060
v -0.230865 -0.120132 -0.345459
v -0.230896 -0.131866 -0.023573
v -0.230927 0.024509 -0.007976
v -0.230957 -0.030394 -0.026396
v -0.231003 0.051090 -0.089226
v -0.231003 -0.095940 0.343994
v -0.231018 -0.183212 -0.000751
v -0.231064 -0.042763 0.026012
v -0.231094 -0.100372 -0.240143
v -0.231094 -0.100441 0.026281
v -0.231110 0.129715 -0.065086
v -0.231140 -0.099976 -0.039288
v -0.231155 0.014895 -0.039097
v -0.231171 -0.203537 0.008965
v -0.231201 -0.203094 -0.027523
v -0.231262 0.012642 0.039097
v -0.231277 -0.041576 -0.039349
v -0.231323 -0.168137 -0.039433
v -0.231415 -0.117188 0.261444
v -0.231445 0.072594 -0.000186
v -0.231461 -0.201523 -0.039684
v -0.231476 -0.139206 -0.262604
v -0.231552 -0.268951 -0.342896
v -0.231583 -0.187271 0.084282
v -0.231583 -0.202408 0.037800
v -0.231613 -0.134033 0.039234
v -0.231628 -0.231857 0.342072
v -0.231766 -0.203476 -0.085342
v -0.231796 0.044064 0.035854
v -0.231796 -0.078896 -0.262299
v -0.231842 -0.193054 0.037300
v -0.231918 0.090019 0.022585
v -0.231918 -0.045124 0.038773
v -0.231949 0.051876 0.031509
v -0.232025 -0.123482 0.084648
v -0.232056 -0.069946 0.374756
v -0.232117 0.093796 -0.005585
v -0.232147 -0.112701 -0.261749
v -0.232193 -0.203476 0.235489
v -0.232361 -0.013723 -0.376923
v -0.232361 -0.080154 -0.344269
v -0.232590 -0.091347 -0.232330
v -0.232605 -0.034775 0.258881
v -0.232620 -0.452576 -0.353333
v -0.232712 -0.085503 -0.248337
v -0.232986 -0.009751 0.353943
v -0.233078 0.125504 -0.051781
v -0.233078 -0.080223 0.325836
v -0.233078 -0.090797 -0.242874
v -0.233093 0.047737 0.002785
v -0.233154 0.052807 -0.035664
v -0.233154 0.103470 -0.030853
v -0.233215 0.044346 -0.035133
v -0.233292 0.096771 -0.018456
v -0.233292 -0.080070 0.259766
v -0.233368 0.094727 0.005901
v -0.233444 -0.100868 0.362640
v -0.233643 0.080353 -0.013450
v -0.233704 -0.159821 0.345581
v -0.233765 -0.062088 0.229584
v -0.233810 -0.010838 -0.252014
v -0.233871 -0.080368 -0.333038
v -0.233902 -0.095398 0.233459
v -0.233917 -0.001094 0.366394
v -0.233917 -0.037041 -0.229202
v -0.233978 -0.037464 -0.258087
v -0.234039 -0.034191 -0.351868
v -0.234177 0.072556 -0.029049
v -0.234238 -0.065529 -0.257568
v -0.234482 -0.035175 0.234268
v -0.234497 0.064926 0.089142
v -0.234528 0.067795 -0.098038
v -0.234528 0.093414 -0.024866
v -0.234818 -0.103569 -0.363831
v -0.234955 -0.088692 0.357635
v -0.235031 -0.203506 -0.258606
v -0.235092 -0.070587 0.256378
v -0.235138 -0.135880 -0.086578
v -0.235168 -0.009664 0.378693
v -0.235260 -0.050529 0.087143
v -0.235306 -0.017944 0.253021
v -0.235367 -0.023535 -0.351532
v -0.235382 -0.105179 0.244400
v -0.235413 0.046772 -0.026957
v -0.235428 -0.203537 -0.206131
v -0.235474 0.086121 0.032463
v -0.235519 -0.098213 -0.348877
v -0.235535 0.060940 0.035633
v -0.235565 -0.031116 0.351654
v -0.235641 -0.026123 -0.087006
v -0.235672 -0.090508 -0.357941
v -0.235687 0.029657 -0.087555
v -0.235718 -0.012484 -0.351685
v -0.235748 0.089012 -0.031757
v -0.235748 -0.061005 -0.350616
v -0.235794 0.060314 -0.088814
v -0.235886 0.077744 0.011751
v -0.235886 0.094627 -0.088310
v -0.235886 -0.089012 -0.376556
v -0.235962 -0.111832 0.255493
v -0.236008 0.080910 -0.023197
v -0.236053 0.104095 -0.037735
v -0.236053 -0.304230 0.349701
v -0.236252 -0.030863 0.377899
v -0.236343 -0.141708 0.256287
v -0.236359 0.079819 0.004721
v -0.236389 -0.391174 -0.350006
v -0.236435 0.073456 -0.022144
v -0.236557 0.078781 -0.004773
v -0.236557 -0.032791 -0.252258
v -0.236572 0.014445 0.087921
v -0.236649 -0.087440 0.247757
v -0.236710 -0.336395 -0.350555
v -0.236816 0.046326 0.029852
v -0.237122 -0.063469 0.352448
v -0.237152 -0.006272 -0.376434
v -0.237152 -0.090500 0.375580
v -0.237183 0.049133 -0.093094
v -0.237183 -0.001118 -0.369110
v -0.237183 -0.034466 -0.238998
v -0.237305 -0.101456 -0.265900
v -0.237381 -0.105545 0.352722
v -0.237503 -0.435242 0.353729
v -0.237564 0.052525 -0.087425
v -0.237671 0.074158 0.028551
v -0.237701 -0.038044 -0.353912
v -0.237762 -0.203323 0.088547
v -0.237839 -0.186523 -0.254944
v -0.238037 -0.034416 0.250488
v -0.238144 -0.103798 0.262726
v -0.238159 -0.090324 0.227173
v -0.238174 0.067261 0.099678
v -0.238220 -0.201279 -0.035458
v -0.238403 0.045181 0.089333
v -0.238464 -0.107742 -0.257446
v -0.238480 -0.026503 -0.379547
v -0.238510 -0.115982 0.358154
v -0.238678 0.067055 0.026844
v -0.238815 -0.022793 0.035885
v -0.238831 0.051186 0.035229
v -0.238998 -0.178558 -0.036060
v -0.239075 -0.097633 -0.371246
v -0.239090 0.133881 0.076370
v -0.239166 -0.112251 -0.356964
v -0.239380 -0.104973 -0.237366
v -0.239670 -0.103706 -0.248245
v -0.239746 -0.079575 0.355072
v -0.239838 -0.088074 -0.089165
v -0.239868 0.092041 0.091110
v -0.239914 -0.005285 -0.365601
v -0.240005 -0.096298 -0.230972
v -0.240021 -0.088356 0.260071
v -0.240021 -0.146271 -0.354279
v -0.240036 -0.152527 0.036106
v -0.240189 -0.133102 -0.250671
v -0.240250 -0.080299 -0.290802
v -0.240250 -0.085472 0.381744
v -0.240524 -0.107437 0.240005
v -0.240570 0.060696 -0.033829
v -0.240707 -0.460022 0.378174
v -0.240784 -0.087898 -0.260284
v -0.240799 0.045204 -0.090683
v -0.240891 -0.060139 -0.223129
v -0.241089 -0.114838 -0.245804
v -0.241089 -0.116241 0.246841
v -0.241241 0.028637 0.035339
v -0.241241 -0.142654 0.089447
v -0.241318 -0.029232 -0.035328
v -0.241455 -0.014959 -0.220734
v -0.241760 -0.186493 -0.356689
v -0.241776 0.065659 -0.093498
v -0.241806 0.123436 0.043541
v -0.241837 -0.203552 0.114044
v -0.241898 -0.376465 0.357147
v -0.241959 -0.109901 0.368286
v -0.242050 0.087463 -0.031956
v -0.242218 -0.460236 -0.379883
v -0.242554 0.068199 -0.026075
v -0.242661 0.050488 -0.031754
v -0.242676 -0.103477 0.251617
v -0.242752 0.062958 0.032867
v -0.242752 -0.271667 -0.357697
v -0.242767 -0.181595 -0.089790
v -0.242844 -0.085510 -0.222000
v -0.242920 -0.203369 -0.090240
v -0.243179 0.050056 0.031101
v -0.243393 -0.034111 -0.221466
v -0.243454 -0.030788 0.222275
v -0.243484 -0.090096 0.248291
v -0.243835 -0.086189 -0.376434
v -0.243866 -0.481384 -0.380707
v -0.243973 -0.084503 0.221054
v -0.243988 0.047970 0.095566
v -0.244385 0.174332 0.063492
v -0.244415 -0.200333 0.034744
v -0.244446 -0.012479 -0.360474
v -0.244507 -0.092590 0.251221
v -0.244614 0.043961 -0.033161
v -0.244629 -0.086227 0.230652
v -0.244629 -0.094254 0.237015
v -0.244766 -0.080284 0.289307
v -0.244797 0.176239 -0.060940
v -0.244812 -0.191528 0.090370
v -0.244858 0.078392 -0.096733
v -0.244858 -0.110405 0.237030
v -0.244949 0.058598 -0.092682
v -0.244949 -0.085869 0.374939
v -0.244965 -0.090363 -0.248489
v -0.245132 -0.098938 -0.254456
v -0.245178 -0.035084 -0.244186
v -0.245331 -0.500000 -0.220200
v -0.245407 -0.079605 -0.247818
v -0.245499 0.165588 -0.069717
v -0.245560 -0.012537 0.218582
v -0.245575 -0.059383 -0.385437
v -0.245575 -0.500000 0.200577
v -0.245667 -0.484039 0.381622
v -0.245682 0.046841 -0.028599
v -0.245880 -0.087921 0.034611
v -0.245987 -0.454620 0.373627
v -0.246216 -0.225143 0.361328
v -0.246292 -0.037197 -0.362122
v -0.246567 0.053928 0.091370
v -0.246719 -0.033997 0.228226
v -0.246735 -0.105316 -0.035046
v -0.246750 -0.008767 0.367096
v -0.246918 0.045086 0.033779
v -0.247055 -0.004144 0.227173
v -0.247131 0.025141 -0.034565
v -0.247208 -0.499817 -0.382935
v -0.247284 -0.499908 0.381439
v -0.247375 -0.203323 0.244904
v -0.247452 0.153687 -0.050922
v -0.247452 -0.500000 0.108925
v -0.247498 -0.001710 -0.226959
v -0.247543 -0.060513 -0.242630
v -0.247574 -0.088104 -0.368103
v -0.247650 -0.019060 0.229202
v -0.247833 -0.018808 -0.229568
v -0.247864 -0.015603 0.090965
v -0.247910 -0.034306 -0.230865
v -0.248123 -0.025167 0.363708
v -0.248337 -0.116188 0.365265
v -0.248428 0.183762 0.058769
v -0.248474 -0.116722 -0.365723
v -0.248581 -0.437561 -0.364624
v -0.248642 -0.014725 -0.214462
v -0.248642 -0.118729 -0.241302
v -0.248672 -0.085686 -0.231934
v -0.248840 -0.188904 0.243500
v -0.248901 -0.086792 -0.387451
v -0.248962 -0.107109 -0.236603
v -0.248978 -0.090439 0.365875
v -0.249100 0.065231 0.095383
v -0.249115 -0.011003 -0.391815
v -0.249329 -0.090256 0.245880
v -0.249329 -0.090256 0.245880
v -0.249390 -0.135635 -0.243362
v -0.249481 0.054417 -0.088890
v -0.249481 0.055088 0.035019
v -0.249481 -0.051868 0.240997
v -0.249634 0.153412 0.074486
v -0.249802 0.055161 -0.035263
v -0.249817 0.024424 -0.091187
v -0.249832 -0.000779 0.379486
v -0.249908 -0.375275 -0.364136
v -0.249969 -0.128296 0.243652
v -0.250031 0.065315 -0.032192
v -0.250031 -0.071899 0.365417
v -0.250061 0.047318 0.028337
v -0.250092 0.065575 -0.090355
v -0.250092 -0.090660 0.386810
v -0.250183 -0.017794 0.390442
v -0.250305 -0.306305 0.364685
v -0.250366 -0.114754 -0.091042
v -0.250366 -0.203552 0.025009
v -0.250397 -0.079994 0.240646
v -0.250549 -0.088188 -0.244064
v -0.250671 0.065308 0.034100
v -0.250793 0.195435 0.064201
v -0.251068 0.132858 -0.080406
v -0.251068 -0.096336 -0.365601
v -0.251099 -0.034763 0.237915
v -0.251129 -0.453735 -0.374939
v -0.251343 0.047150 -0.094086
v -0.251587 -0.009021 -0.233658
v -0.251617 0.189667 -0.062046
v -0.251709 -0.042404 -0.090858
v -0.251953 0.140701 0.047363
v -0.252075 -0.080002 -0.365448
v -0.252075 -0.110748 -0.238968
v -0.252289 -0.019848 -0.390656
v -0.252289 -0.111107 0.241623
v -0.252380 -0.034634 -0.236313
v -0.252380 -0.432861 0.367279
v -0.252441 -0.085304 0.239777
v -0.252441 -0.088303 0.221909
v -0.252472 -0.104553 -0.242950
v -0.252502 0.066498 -0.099449
v -0.252625 -0.088669 0.380951
v -0.253082 -0.006492 0.034397
v -0.253204 -0.034756 -0.389984
v -0.253204 -0.134766 -0.248169
v -0.253235 -0.500000 0.043045
v -0.253326 -0.023773 -0.236008
v -0.253387 -0.109787 -0.248337
v -0.253418 0.064812 0.029373
v -0.253418 -0.102631 0.245758
v -0.253448 -0.034027 0.390015
v -0.253632 -0.088333 -0.380096
v -0.253784 -0.001442 -0.383392
v -0.253815 -0.061710 0.214630
v -0.253876 -0.091339 0.215332
v -0.253906 -0.112709 0.235809
v -0.253937 -0.093323 -0.216293
v -0.253967 -0.203537 -0.157379
v -0.253967 -0.500000 -0.022413
v -0.254028 -0.008722 -0.214951
v -0.254150 -0.140976 -0.238708
v -0.254181 -0.090096 0.090225
v -0.254242 -0.149673 0.367157
v -0.254272 0.036724 0.090324
v -0.254364 -0.120743 -0.238281
v -0.254364 -0.203323 -0.239273
v -0.254517 -0.203522 -0.105057
v -0.254578 0.082100 0.029627
v -0.254669 0.115959 0.085136
v -0.254883 -0.172165 -0.034721
v -0.255066 -0.157501 0.090332
v -0.255096 -0.024832 0.234741
v -0.255157 -0.079475 0.368958
v -0.255249 -0.087372 -0.225510
v -0.255402 -0.199310 -0.035088
v -0.255432 -0.009565 0.232086
v -0.255798 0.080009 0.095490
v -0.255798 -0.140335 0.236725
v -0.255859 0.173096 0.060875
v -0.255859 -0.007657 0.383972
v -0.255951 -0.203384 0.091049
v -0.256012 -0.013914 0.210327
v -0.256012 -0.171082 -0.368958
v -0.256165 0.060875 -0.093201
v -0.256378 -0.030294 -0.213120
v -0.256409 0.067093 0.100533
v -0.256439 0.056206 -0.032112
v -0.256439 -0.097778 -0.386261
v -0.256500 0.066879 -0.025150
v -0.256531 -0.449951 0.374176
v -0.256592 0.067039 0.024563
v -0.256714 -0.213654 -0.369446
v -0.256714 -0.321594 -0.369080
v -0.256836 -0.015517 -0.382385
v -0.257111 -0.002214 0.220612
v -0.257111 -0.156082 -0.235733
v -0.257355 -0.004161 -0.224945
v -0.257385 0.006060 0.090111
v -0.257385 -0.377106 0.369476
v -0.257599 -0.034420 -0.385101
v -0.257599 -0.152145 0.035366
v -0.257629 -0.500000 -0.292999
v -0.257690 0.135025 -0.047585
v -0.257690 -0.028559 0.212814
v -0.257690 -0.076004 0.035477
v -0.257812 0.050110 0.094254
v -0.257843 0.064873 -0.031120
v -0.257874 0.056149 0.031811
v -0.257874 -0.056072 0.392303
v -0.257874 -0.203613 -0.015468
v -0.257904 0.058601 0.093040
v -0.257904 -0.032627 0.381744
v -0.257965 -0.081169 -0.212082
v -0.258240 -0.020105 -0.035389
v -0.258240 -0.112602 -0.235001
v -0.258270 -0.006154 -0.379425
v -0.258331 0.078156 -0.029381
v -0.258331 -0.267029 -0.370117
v -0.258423 -0.120628 -0.246201
v -0.258545 0.071068 -0.097969
v -0.258545 -0.500000 0.341827
v -0.258636 -0.096931 0.370697
v -0.258972 0.158310 -0.067665
v -0.259094 -0.088066 0.372040
v -0.259186 -0.111526 0.376343
v -0.259186 -0.193207 -0.089363
v -0.259216 -0.095558 -0.226059
v -0.259247 -0.085670 -0.242584
v -0.259338 -0.201462 0.035610
v -0.259430 -0.079498 -0.234161
v -0.259552 -0.108215 -0.243195
v -0.259552 -0.135178 -0.241562
v -0.259735 -0.021343 -0.218674
v -0.259827 -0.080284 0.253998
v -0.259949 -0.065804 -0.371979
v -0.260010 0.053371 0.087952
v -0.260193 -0.087952 0.232361
v -0.260193 -0.103302 -0.373199
v -0.260223 -0.117546 -0.374573
v -0.260284 -0.114075 0.230270
v -0.260315 0.029541 -0.089287
v -0.260376 -0.090881 -0.372803
v -0.260590 -0.110344 0.239548
v -0.260712 -0.104889 0.221588
v -0.260712 -0.460785 0.390686
v -0.260773 0.063667 0.089317
v -0.260773 -0.012281 -0.373749
v -0.260803 -0.020775 0.220764
v -0.260834 0.045193 0.091164
v -0.260834 -0.013914 0.373901
v -0.260986 0.064529 -0.037766
v -0.261078 -0.088409 0.239685
v -0.261139 -0.021723 -0.373871
v -0.261230 -0.080132 0.343719
v -0.261261 -0.160492 -0.088448
v -0.261322 -0.099091 0.242065
v -0.261414 0.053822 0.037579
v -0.261444 -0.034245 -0.219727
v -0.261444 -0.034519 0.221558
v -0.261444 -0.108650 -0.229111
v -0.261475 -0.203430 -0.088150
v -0.261566 -0.098999 -0.241699
v -0.261627 -0.013185 -0.230698
v -0.261658 -0.057484 0.372803
v -0.261688 -0.035015 -0.375336
v -0.261749 0.140549 0.071472
v -0.262024 0.045101 -0.035881
v -0.262177 0.051971 -0.091431
v -0.262177 0.052029 -0.035954
v -0.262238 0.108627 -0.084099
v -0.262238 -0.031971 0.374420
v -0.262543 -0.120285 -0.230179
v -0.262573 -0.099884 0.231049
v -0.262756 0.063156 -0.087219
v -0.263397 -0.016539 0.228363
v -0.263458 0.036736 0.036949
v -0.263550 -0.030075 -0.229858
v -0.263611 0.046619 -0.031937
v -0.263885 -0.094727 -0.087044
v -0.263977 0.064766 0.035519
v -0.264343 0.047276 0.093826
v -0.264465 -0.034954 0.229599
v -0.264618 -0.090477 0.394379
v -0.264709 -0.185562 0.086349
v -0.264771 -0.093094 -0.209686
v -0.264801 0.047279 0.034359
v -0.264801 -0.120171 -0.038406
v -0.264984 -0.090744 -0.237762
v -0.265015 0.036308 -0.038338
v -0.265045 -0.029346 0.086571
v -0.265106 0.053001 0.090363
v -0.265106 -0.021793 -0.086494
v -0.265228 -0.056881 -0.230042
v -0.265533 -0.135956 0.086311
v -0.265564 -0.036247 -0.395325
v -0.265839 -0.107323 0.383636
v -0.266052 0.108849 0.043770
v -0.266296 -0.057690 0.229202
v -0.266296 -0.089401 -0.394531
v -0.266418 0.065010 0.091682
v -0.266541 -0.110847 -0.221313
v -0.266663 -0.107567 -0.237244
v -0.266815 0.129425 -0.054413
v -0.266876 -0.101547 -0.387238
v -0.266876 -0.147400 -0.374939
v -0.267029 -0.411621 -0.374664
v -0.267151 -0.100533 0.237656
v -0.267334 -0.091347 -0.386719
v -0.267365 0.057774 0.035851
v -0.267517 -0.145966 0.228439
v -0.267670 -0.145416 0.040619
v -0.267670 -0.261536 0.375183
v -0.267914 -0.092133 0.218826
v -0.268005 -0.477448 -0.392914
v -0.268311 -0.113342 0.222672
v -0.268402 -0.199844 0.375000
v -0.268494 0.056622 -0.036926
v -0.268585 -0.080017 0.228470
v -0.268646 0.065262 -0.038181
v -0.268646 0.073326 0.031418
v -0.268677 -0.088623 -0.215637
v -0.268829 0.069801 0.095131
v -0.268921 -0.087715 0.207932
v -0.269257 -0.191330 0.228317
v -0.269287 -0.035423 0.208542
v -0.269348 -0.052532 0.042004
v -0.269501 -0.005219 0.041962
v -0.269623 0.032761 0.083252
v -0.269623 0.050041 -0.087700
v -0.269836 -0.034508 0.386841
v -0.269836 -0.098282 0.042126
v -0.269836 -0.184448 -0.082787
v -0.269867 -0.117485 -0.379395
v -0.270142 0.062416 0.087616
v -0.270325 -0.190506 0.043221
v -0.270355 0.007092 -0.042713
v -0.270355 -0.088364 0.385895
v -0.270416 0.053135 -0.080948
v -0.270691 0.057373 0.081833
v -0.270752 0.064972 -0.088860
v -0.270935 -0.181747 -0.043480
v -0.270966 -0.097633 0.379059
v -0.270996 0.064827 -0.081009
v -0.271088 -0.431488 0.377991
v -0.271179 -0.203156 -0.042957
v -0.271210 -0.452759 0.382080
v -0.271210 -0.457306 -0.392303
v -0.271271 -0.101906 0.226440
v -0.271301 -0.056408 -0.043839
v -0.271393 -0.061016 -0.206787
v -0.271393 -0.112595 -0.224564
v -0.271545 0.019829 -0.081123
v -0.271576 0.060852 0.043709
v -0.271637 -0.086327 -0.206833
v -0.271820 -0.055313 0.206512
v -0.272064 0.047424 0.084221
v -0.272095 -0.444794 -0.380005
v -0.272125 0.047848 0.037292
v -0.272156 0.030476 0.044491
v -0.272156 -0.203247 0.045078
v -0.272308 0.064896 0.082214
v -0.272644 -0.079628 0.079216
v -0.272675 0.066917 -0.093719
v -0.272736 -0.218674 -0.377350
v -0.272797 0.082352 0.086357
v -0.273132 0.053185 -0.044563
v -0.273132 -0.499878 -0.394104
v -0.273285 0.066238 0.033348
v -0.273285 -0.035015 0.396820
v -0.273315 -0.346619 0.377289
v -0.273407 0.065399 0.039730
v -0.273407 -0.119034 -0.046646
v -0.273560 -0.087456 0.225815
v -0.273590 0.078613 -0.037846
v -0.273682 0.113701 -0.062450
v -0.273987 -0.086739 -0.383820
v -0.274200 -0.100700 -0.379608
v -0.274231 -0.035236 -0.206741
v -0.274261 -0.203522 0.180527
v -0.274353 -0.080208 -0.233246
v -0.274384 -0.006377 0.076790
v -0.274445 0.066872 -0.033768
v -0.274567 -0.169418 0.076042
v -0.274567 -0.351135 -0.378113
v -0.274597 -0.086227 -0.076691
v -0.274689 -0.154480 -0.076141
v -0.274750 -0.119476 0.379364
v -0.274750 -0.203476 -0.076958
v -0.274841 0.046535 -0.041836
v -0.274841 0.057499 -0.070374
v -0.274872 -0.086243 0.214523
v -0.274902 -0.069244 -0.378906
v -0.275085 -0.079987 0.372498
v -0.275238 0.060944 0.071915
v -0.275269 -0.085876 -0.213669
v -0.275452 -0.034512 0.215164
v -0.275513 0.037342 0.075821
v -0.275574 -0.202530 0.077644
v -0.275726 -0.090347 -0.225494
v -0.275726 -0.480133 0.395966
v -0.275787 0.065285 -0.055672
v -0.275787 -0.034718 -0.387848
v -0.275818 -0.203445 -0.226364
v -0.275909 0.053898 -0.054565
v -0.275909 -0.455353 0.390900
v -0.276031 0.082863 -0.081589
v -0.276093 0.050335 -0.082375
v -0.276093 -0.196182 -0.072983
v -0.276123 -0.022545 0.051018
v -0.276245 -0.026505 -0.073227
v -0.276276 -0.150238 0.052769
v -0.276398 0.051498 0.070908
v -0.276398 -0.034996 -0.224716
v -0.276459 -0.078033 -0.225021
v -0.276581 0.034573 -0.052750
v -0.276764 -0.089378 0.053860
v -0.276855 -0.044777 -0.379395
v -0.276855 -0.183853 -0.054897
v -0.276917 -0.035355 0.379669
v -0.276947 -0.085777 0.398560
v -0.277161 -0.012151 -0.056026
v -0.277252 -0.500000 0.251892
v -0.277313 0.032547 0.053883
v -0.277405 -0.077438 -0.056805
v -0.277466 -0.068634 -0.398956
v -0.277618 -0.202988 -0.059647
v -0.277649 -0.195419 0.059727
v -0.277740 0.066368 0.087387
v -0.277924 -0.103447 0.225098
v -0.277985 0.096039 0.055649
v -0.277985 -0.048023 0.065697
v -0.277985 -0.127686 -0.065895
v -0.278015 -0.136108 0.065376
v -0.278046 0.029188 -0.068008
v -0.278076 0.060925 -0.077515
v -0.278107 0.018681 0.065849
v -0.278107 0.056511 0.047264
v -0.278168 -0.080223 -0.362762
v -0.278229 0.058762 0.076920
v -0.278259 0.062889 0.054996
v -0.278290 -0.036312 0.223999
v -0.278381 0.045204 -0.054607
v -0.278412 -0.063187 0.379761
v -0.278412 -0.203384 0.062508
v -0.278564 0.047119 0.048943
v -0.278564 -0.034557 -0.214142
v -0.278992 -0.035233 -0.380249
v -0.279022 0.051826 0.055435
v -0.279083 0.064949 -0.048214
v -0.279144 0.072021 0.040649
v -0.279205 0.043652 0.065773
v -0.279419 0.046871 -0.072807
v -0.279419 -0.500000 -0.091499
v -0.279480 -0.452972 -0.384247
v -0.279755 -0.080200 -0.261810
v -0.279846 -0.088921 0.204819
v -0.279907 0.064865 0.047138
v -0.279968 0.053528 -0.051140
v -0.280182 0.049297 0.075104
v -0.280182 0.065086 0.073517
v -0.280396 -0.080276 -0.320953
v -0.280518 -0.045010 -0.224030
v -0.280640 0.054169 -0.058846
v -0.280914 0.058445 0.068405
v -0.281097 -0.203384 0.224411
v -0.281158 -0.109634 -0.223602
v -0.281189 0.081650 0.073021
v -0.281219 -0.089348 -0.399048
v -0.281281 0.060417 -0.068138
v -0.281403 -0.088722 -0.392334
v -0.281647 -0.087502 0.223694
v -0.281769 0.050346 -0.066757
v -0.281860 -0.041393 0.380737
v -0.282043 -0.289825 -0.380310
v -0.282104 -0.088593 0.385651
v -0.282196 0.064636 -0.060081
v -0.282196 -0.180527 -0.224442
v -0.282440 -0.091766 -0.205215
v -0.282593 0.074600 -0.049194
v -0.282806 0.048500 0.063011
v -0.282837 -0.093704 0.214508
v -0.282898 0.046886 -0.056774
v -0.282959 -0.105743 0.212936
v -0.282990 -0.078438 -0.380676
v -0.283142 -0.119781 -0.220703
v -0.283264 -0.117111 0.221207
v -0.283569 -0.090492 -0.220810
v -0.283691 -0.102760 -0.213379
v -0.283813 -0.100342 0.394012
v -0.283875 0.064346 0.063309
v -0.283936 -0.078964 0.380219
v -0.284119 -0.459076 0.397400
v -0.284210 -0.033127 -0.400604
v -0.284363 -0.065865 0.222672
v -0.284454 -0.499908 0.397583
v -0.284546 -0.500000 -0.157837
v -0.284668 0.077057 -0.063553
v -0.284882 -0.137466 -0.222855
v -0.285004 -0.036846 -0.203323
v -0.285095 -0.097557 0.223801
v -0.285248 -0.090195 -0.383423
v -0.285370 -0.105293 -0.386383
v -0.285431 0.066948 -0.076210
v -0.285431 -0.011416 0.403870
v -0.285675 -0.108353 0.383972
v -0.285675 -0.203506 0.209686
v -0.285736 -0.401733 0.044834
v -0.285767 -0.400421 0.011127
v -0.285797 -0.390961 -0.039364
v -0.285828 -0.011824 -0.403595
v -0.285828 -0.381897 0.032867
v -0.285828 -0.432068 0.049465
v -0.285858 -0.203522 0.149185
v -0.285858 -0.464752 -0.001205
v -0.285919 -0.368805 -0.016563
v -0.285919 -0.430389 -0.049488
v -0.285950 -0.499969 -0.041325
v -0.285980 -0.482697 0.049446
v -0.285980 -0.500000 0.021173
v -0.286011 -0.481903 -0.049267
v -0.286102 -0.363373 0.005932
v -0.286346 -0.034306 -0.392212
v -0.286469 0.067520 0.075226
v -0.286499 -0.034122 0.391174
v -0.286652 -0.019341 0.393219
v -0.286743 -0.003708 -0.394531
v -0.286774 -0.016764 -0.392334
v -0.286804 -0.003892 0.394562
v -0.286865 -0.500000 0.079926
v -0.286987 0.067436 0.054039
v -0.286987 -0.035149 0.204315
v -0.287079 -0.160263 0.222397
v -0.287109 0.066948 -0.052834
v -0.287109 -0.018843 -0.201309
v -0.287170 -0.013216 0.200134
v -0.287598 -0.030930 0.401154
v -0.287628 -0.034279 -0.211777
v -0.287750 -0.003179 -0.207001
v -0.287781 -0.060738 0.400604
v -0.287842 -0.302704 0.381653
v -0.287872 -0.003603 0.206665
v -0.288025 -0.034557 -0.382782
v -0.288116 -0.389130 -0.381378
v -0.288177 -0.019547 -0.211090
v -0.288177 -0.034473 0.382538
v -0.288177 -0.122215 0.383148
v -0.288239 -0.025248 0.209152
v -0.288361 -0.025009 -0.383240
v -0.288361 -0.034351 0.214828
v -0.288574 -0.016987 0.383362
v -0.288788 -0.163986 0.381683
v -0.288849 -0.034954 -0.220642
v -0.289185 -0.012821 -0.383728
v -0.289642 -0.009341 0.217178
v -0.289795 -0.010069 -0.217743
v -0.289825 -0.027227 -0.220627
v -0.289978 -0.500000 -0.231613
v -0.290009 -0.032070 0.220886
v -0.290405 -0.500000 0.157883
v -0.290802 -0.500000 -0.368225
v -0.290833 -0.203568 -0.103905
v -0.290863 -0.203506 0.059036
v -0.291077 -0.092766 0.203323
v -0.291382 -0.309418 -0.381775
v -0.291473 -0.197845 -0.382507
v -0.291534 -0.171219 -0.382294
v -0.291565 -0.499908 0.049545
v -0.291626 -0.115799 -0.385864
v -0.291840 -0.109451 -0.212753
v -0.292023 -0.203537 -0.187851
v -0.292053 -0.476440 -0.398438
v -0.292175 -0.203537 -0.030767
v -0.292786 -0.102791 0.212219
v -0.292969 -0.203506 -0.212738
v -0.292969 -0.401642 0.381683
v -0.293365 -0.103981 0.393738
v -0.293488 -0.065742 -0.382812
v -0.293579 -0.438690 0.382721
v -0.293762 -0.249115 -0.382172
v -0.293854 -0.079056 -0.221481
v -0.293915 -0.118774 -0.219666
v -0.294006 -0.091217 -0.202591
v -0.294006 -0.140289 0.381958
v -0.294037 -0.203552 0.106369
v -0.294067 -0.091843 -0.211121
v -0.294159 -0.432831 -0.382690
v -0.294495 -0.203568 -0.134247
v -0.294769 -0.138535 -0.382172
v -0.294983 -0.088707 0.401001
v -0.295013 -0.096901 -0.398407
v -0.295532 -0.115555 0.219040
v -0.295715 -0.499939 -0.399017
v -0.296143 -0.100273 -0.389984
v -0.296234 -0.245255 0.382233
v -0.296417 -0.090401 -0.221817
v -0.296448 -0.087822 0.209351
v -0.296906 -0.090805 0.221939
v -0.296936 -0.089760 -0.388367
v -0.297028 -0.033005 -0.383514
v -0.297028 -0.089432 0.387268
v -0.297119 -0.477997 -0.049496
v -0.297241 -0.032734 0.220383
v -0.297272 -0.045368 -0.201920
v -0.297302 -0.266968 0.383972
v -0.297424 -0.468231 0.049549
v -0.297638 -0.299805 -0.003051
v -0.297760 -0.300598 0.005022
v -0.297852 -0.263885 -0.003374
v -0.297852 -0.302124 -0.011054
v -0.297852 -0.361603 -0.002692
v -0.297882 -0.203613 0.017937
v -0.297974 -0.269348 0.005106
v -0.298096 -0.080231 0.231812
v -0.298370 -0.080215 0.284821
v -0.298462 -0.110153 0.383972
v -0.298767 -0.209412 -0.384430
v -0.298767 -0.278625 -0.369720
v -0.298889 -0.300537 -0.016642
v -0.298920 -0.256897 -0.007294
v -0.298950 -0.299652 -0.383881
v -0.298981 -0.290466 -0.061794
v -0.298981 -0.316681 -0.041519
v -0.299011 -0.269897 -0.015423
v -0.299042 -0.309540 -0.074593
v -0.299072 -0.262054 0.011744
v -0.299072 -0.295197 0.027559
v -0.299072 -0.383179 -0.087318
v -0.299103 -0.340576 -0.087143
v -0.299194 -0.086754 -0.401794
v -0.299255 -0.283386 -0.377289
v -0.299255 -0.285706 -0.039536
v -0.299255 -0.325714 -0.098106
v -0.299255 -0.345032 -0.079224
v -0.299316 -0.370087 -0.074875
v -0.299347 -0.250610 0.000069
v -0.299347 -0.264893 -0.384674
v -0.299347 -0.286774 0.059887
v -0.299347 -0.290314 0.100769
v -0.299377 -0.351257 0.102989
v -0.299408 -0.273712 -0.071976
v -0.299408 -0.276489 0.072731
v -0.299408 -0.289948 -0.220490
v -0.299438 -0.432343 0.087212
v -0.299469 -0.430206 -0.087418
v -0.299500 -0.013089 0.220276
v -0.299500 -0.293793 0.156311
v -0.299500 -0.412262 0.107788
v -0.299530 -0.271515 -0.192322
v -0.299530 -0.371277 -0.123711
v -0.299530 -0.404846 0.045933
v -0.299561 -0.287750 -0.134995
v -0.299561 -0.344482 0.205688
v -0.299561 -0.354980 0.151306
v -0.299561 -0.420929 -0.049221
v -0.299561 -0.444672 -0.198318
v -0.299591 -0.262299 0.078987
v -0.299591 -0.337982 -0.193985
v -0.299622 -0.280487 -0.384949
v -0.299652 -0.276855 0.220657
v -0.299683 -0.402496 0.220459
v -0.299683 -0.429565 -0.111115
v -0.299683 -0.433136 -0.073959
v -0.299713 -0.369446 -0.220535
v -0.299713 -0.417908 0.170059
v -0.299713 -0.444489 -0.122620
v -0.299744 -0.347656 0.220688
v -0.299744 -0.444244 0.102623
v -0.299774 -0.262146 0.210052
v -0.299805 -0.280365 0.086174
v -0.299805 -0.308502 0.086929
v -0.299805 -0.423676 -0.180557
v -0.299805 -0.444641 0.152252
v -0.299835 -0.079071 0.220901
v -0.299835 -0.316345 -0.012957
v -0.299866 -0.246323 -0.191360
v -0.299866 -0.282745 -0.088600
v -0.299896 -0.297363 0.012835
v -0.299927 -0.298218 0.372467
v -0.299957 -0.202408 -0.220764
v -0.299957 -0.204391 -0.131409
v -0.299957 -0.223602 -0.182556
v -0.299957 -0.283203 0.382690
v -0.299988 -0.223755 -0.137070
v -0.299988 -0.226242 -0.172729
v -0.299988 -0.429840 -0.220123
v -0.300018 -0.374969 0.087051
v -0.300049 -0.234772 -0.219910
v -0.300049 -0.246826 0.035221
v -0.300049 -0.248657 0.169632
v -0.300049 -0.256470 -0.065636
v -0.300079 -0.242920 -0.005886
v -0.300079 -0.245651 -0.082474
v -0.300140 -0.269745 0.009707
v -0.300171 -0.217590 0.173431
v -0.300171 -0.222214 -0.207764
v -0.300171 -0.240616 0.059738
v -0.300201 -0.221558 -0.056213
v -0.300201 -0.235779 -0.125977
v -0.300201 -0.316467 0.016546
v -0.300201 -0.316650 0.013000
v -0.300232 -0.086159 -0.204712
v -0.300232 -0.219040 -0.197113
v -0.300232 -0.445038 0.219238
v -0.300293 -0.219177 0.217377
v -0.300293 -0.453705 0.388885
v -0.300323 -0.230927 0.101433
v -0.300354 -0.233475 -0.112152
v -0.300354 -0.316895 0.041767
v -0.300385 -0.234299 0.126373
v -0.300385 -0.410736 -0.078392
v -0.300415 -0.026520 0.383148
v -0.300415 -0.192657 -0.384277
v -0.300415 -0.220215 -0.034950
v -0.300446 -0.219849 0.041874
v -0.300446 -0.224640 -0.075737
v -0.300476 -0.234436 0.161148
v -0.300507 -0.295898 0.016771
v -0.300507 -0.313629 0.078644
v -0.300537 -0.215973 0.066628
v -0.300537 -0.217102 0.090393
v -0.300568 -0.191635 -0.379150
v -0.300568 -0.222305 0.009893
v -0.300568 -0.239258 -0.034359
v -0.300568 -0.284454 -0.012816
v -0.300568 -0.374573 0.077255
v -0.300598 -0.208923 -0.170685
v -0.300598 -0.215698 0.161728
v -0.300598 -0.316376 -0.002645
v -0.300629 -0.208755 0.104744
v -0.300659 -0.238098 -0.150909
v -0.300690 -0.214447 0.032478
v -0.300720 -0.214508 -0.006374
v -0.300751 -0.216965 -0.023926
v -0.300812 -0.205063 -0.129578
v -0.300812 -0.205063 -0.129578
v -0.300812 -0.257690 -0.000398
v -0.300812 -0.266876 0.374359
v -0.300873 -0.169312 -0.385010
v -0.300873 -0.232635 -0.057072
v -0.300903 -0.208191 0.382507
v -0.300903 -0.210678 0.197815
v -0.300934 -0.228363 0.022083
v -0.300964 -0.206039 -0.093002
v -0.300995 -0.380798 0.032448
v -0.301025 -0.207932 -0.181351
v -0.301025 -0.264038 -0.372589
v -0.301056 -0.063019 0.202057
v -0.301056 -0.210159 0.205368
v -0.301056 -0.218246 0.125946
v -0.301056 -0.390167 -0.039539
v -0.301086 -0.192261 0.381775
v -0.301117 -0.211197 -0.100159
v -0.301147 -0.206207 -0.141953
v -0.301147 -0.206207 -0.141953
v -0.301147 -0.217712 -0.109413
v -0.301147 -0.306061 -0.087326
v -0.301178 -0.170563 -0.379517
v -0.301178 -0.205856 -0.163254
v -0.301300 -0.205185 0.093620
v -0.301392 -0.204468 0.131668
v -0.301392 -0.207077 -0.057518
v -0.301392 -0.500000 -0.049568
v -0.301422 -0.233658 0.186401
v -0.301483 -0.208328 0.056568
v -0.301514 -0.203644 0.202164
v -0.301575 -0.069595 0.220047
v -0.301605 -0.224564 0.055984
v -0.301605 -0.265869 -0.008991
v -0.301636 -0.204941 0.009485
v -0.301697 -0.232910 -0.023365
v -0.301758 -0.060635 0.382782
v -0.301758 -0.434265 0.079582
v -0.301819 -0.213959 0.075455
v -0.301910 -0.205612 0.091263
v -0.301910 -0.206589 0.180618
v -0.301910 -0.287598 -0.080597
v -0.301941 -0.203247 0.214798
v -0.301971 -0.105560 -0.383698
v -0.301971 -0.372345 -0.022617
v -0.302002 -0.205460 -0.024654
v -0.302032 -0.228058 -0.089996
v -0.302063 -0.203552 0.167572
v -0.302094 -0.205536 0.025391
v -0.302094 -0.205536 0.025391
v -0.302094 -0.367554 0.015521
v -0.302124 -0.205032 -0.037304
v -0.302155 -0.298401 -0.373230
v -0.302246 -0.204498 -0.106026
v -0.302277 -0.014030 0.403809
v -0.302307 -0.446594 -0.087456
v -0.302338 -0.204285 0.145157
v -0.302338 -0.446594 0.087318
v -0.302399 -0.204819 0.039890
v -0.302429 -0.204361 -0.068840
v -0.302429 -0.204361 -0.068840
v -0.302490 -0.233307 -0.044712
v -0.302521 -0.233078 -0.013576
v -0.302551 -0.223007 0.182510
v -0.302612 -0.222702 -0.125504
v -0.302643 -0.232697 0.197235
v -0.302673 -0.446991 0.202728
v -0.302704 -0.016445 -0.220093
v -0.302734 -0.232605 0.076462
v -0.302734 -0.255859 0.066788
v -0.302765 -0.204773 0.101692
v -0.302795 -0.204346 -0.202316
v -0.302795 -0.281006 0.371185
v -0.302826 -0.056904 -0.220367
v -0.302826 -0.225479 -0.146942
v -0.302826 -0.307068 0.073868
v -0.302887 -0.317719 -0.061848
v -0.302917 -0.203720 0.065002
v -0.302917 -0.203720 0.065002
v -0.302948 -0.203812 -0.172409
v -0.302948 -0.203812 -0.172409
v -0.302948 -0.286011 -0.002542
v -0.302979 -0.203079 -0.003224
v -0.302979 -0.203079 -0.003224
v -0.303009 -0.005786 0.204071
v -0.303009 -0.085678 0.392609
v -0.303009 -0.500000 -0.064476
v -0.303070 -0.220840 -0.161316
v -0.303101 -0.234558 -0.197021
v -0.303192 -0.233124 0.010230
v -0.303192 -0.418243 0.074348
v -0.303223 -0.217056 0.146286
v -0.303314 -0.446960 -0.219498
v -0.303314 -0.478973 0.398499
v -0.303345 -0.050953 -0.401489
v -0.303345 -0.317108 0.061714
v -0.303375 -0.232651 0.086548
v -0.303436 -0.202728 -0.119835
v -0.303497 -0.232941 -0.079781
v -0.303528 -0.000850 -0.395142
v -0.303558 -0.207275 -0.380798
v -0.303589 -0.233719 0.154755
v -0.303650 -0.232101 0.111626
v -0.303650 -0.276733 0.016624
v -0.303650 -0.317017 0.005143
v -0.303711 -0.204041 -0.204910
v -0.303772 -0.500000 -0.274689
v -0.303802 -0.201874 -0.212494
v -0.303802 -0.232529 0.042233
v -0.303833 -0.202240 0.192886
v -0.303833 -0.232315 0.146729
v -0.303925 -0.299469 0.383850
v -0.303955 -0.446899 0.077187
v -0.304077 -0.207520 -0.215454
v -0.304138 -0.013776 -0.404114
v -0.304138 -0.137741 0.141190
v -0.304169 -0.202393 -0.189377
v -0.304199 -0.001283 -0.209457
v -0.304260 -0.202103 -0.034210
v -0.304291 -0.201141 0.220322
v -0.304321 -0.172287 0.379791
v -0.304321 -0.222977 -0.382141
v -0.304382 -0.138168 0.022442
v -0.304382 -0.219208 -0.042477
v -0.304413 -0.162094 0.384399
v -0.304413 -0.202042 -0.091026
v -0.304443 -0.232712 0.050903
v -0.304474 -0.138275 0.114838
v -0.304535 -0.201614 -0.158417
v -0.304596 -0.138870 -0.075134
v -0.304657 -0.202728 0.136215
v -0.304657 -0.446594 -0.077751
v -0.304749 -0.204498 0.176651
v -0.304779 -0.139023 0.076965
v -0.304840 -0.140717 0.126266
v -0.304871 -0.171188 -0.220673
v -0.304932 -0.162766 -0.178909
v -0.304932 -0.232681 -0.158615
v -0.304962 -0.170685 0.199585
v -0.304962 -0.172806 0.220551
v -0.304962 -0.178848 -0.111465
v -0.304993 -0.146866 0.049278
v -0.304993 -0.149445 0.148117
v -0.304993 -0.187820 0.161499
v -0.305023 -0.138351 -0.098221
v -0.305054 -0.162704 -0.046040
v -0.305054 -0.181259 0.020386
v -0.305115 -0.139709 -0.126999
v -0.305115 -0.185181 0.110855
v -0.305206 -0.164703 0.127991
v -0.305237 -0.165680 0.002852
v -0.305267 -0.086113 -0.393677
v -0.305267 -0.158752 -0.022434
v -0.305298 -0.163605 -0.087273
v -0.305298 -0.165176 0.103836
v -0.305328 -0.164352 -0.125748
v -0.305359 -0.154205 -0.126740
v -0.305359 -0.332825 0.382050
v -0.305420 -0.227509 -0.183365
v -0.305481 -0.449005 0.152496
v -0.305511 -0.369141 -0.381989
v -0.305542 -0.304260 -0.015016
v -0.305542 -0.346863 -0.087204
v -0.305573 -0.391754 -0.086937
v -0.305664 -0.449005 -0.113739
v -0.305725 -0.315491 -0.079803
v -0.305725 -0.436371 -0.087479
v -0.305756 -0.160934 -0.383453
v -0.305786 -0.134476 -0.220627
v -0.305908 -0.078758 -0.382629
v -0.305939 -0.012450 -0.383698
v -0.305939 -0.233093 -0.053921
v -0.305939 -0.291443 0.000786
v -0.306000 -0.285431 0.079285
v -0.306030 -0.001006 0.209366
v -0.306030 -0.258148 -0.006076
v -0.306061 -0.267456 0.012655
v -0.306335 -0.232468 0.124298
v -0.306396 -0.134796 0.219757
v -0.306427 -0.364380 0.085564
v -0.306458 -0.367249 -0.080307
v -0.306488 -0.104073 -0.219772
v -0.306549 -0.002962 0.397156
v -0.306580 -0.264252 -0.000478
v -0.306641 -0.007310 0.215591
v -0.306641 -0.084511 0.202011
v -0.306641 -0.196411 -0.379089
v -0.306671 -0.115013 0.219971
v -0.306702 -0.426758 0.087158
v -0.306793 -0.260437 0.381470
v -0.306854 -0.253235 0.002591
v -0.306854 -0.284821 0.086815
v -0.306885 -0.303864 -0.061882
v -0.306915 -0.300110 -0.383545
v -0.307068 -0.273407 -0.015965
v -0.307129 -0.134903 -0.180511
v -0.307159 -0.135254 -0.022346
v -0.307159 -0.318390 -0.036289
v -0.307159 -0.449921 0.218811
v -0.307190 -0.425903 -0.073868
v -0.307281 -0.135162 0.036552
v -0.307373 -0.087669 0.209045
v -0.307404 -0.318542 0.082855
v -0.307526 -0.399475 0.079483
v -0.307556 -0.134567 -0.040806
v -0.307587 -0.430878 -0.081383
v -0.307617 -0.436523 0.081055
v -0.307678 -0.305939 -0.086472
v -0.307709 -0.090187 -0.215790
v -0.307770 -0.087303 -0.382935
v -0.307800 -0.087151 0.383331
v -0.307953 -0.096024 0.220490
v -0.308075 -0.154312 0.126633
v -0.308105 -0.229156 0.022118
v -0.308105 -0.299255 0.015372
v -0.308105 -0.315796 -0.073784
v -0.308136 -0.500000 0.061863
v -0.308167 -0.134079 0.170685
v -0.308167 -0.316742 0.014457
v -0.308197 -0.193634 0.379333
v -0.308197 -0.263916 0.007774
v -0.308258 -0.009123 0.386200
v -0.308441 -0.369873 -0.073875
v -0.308533 -0.286285 -0.088425
v -0.308594 -0.262268 0.371277
v -0.308624 -0.257874 -0.383484
v -0.308685 -0.317871 -0.001459
v -0.308777 -0.151505 0.074440
v -0.308777 -0.286255 -0.081291
v -0.308838 -0.012905 0.198334
v -0.308960 -0.269287 -0.011056
v -0.308990 -0.280731 -0.073593
v -0.308990 -0.451630 -0.186829
v -0.309052 -0.094566 -0.205582
v -0.309082 -0.163162 0.075356
v -0.309113 -0.262695 -0.070061
v -0.309174 -0.458466 -0.397644
v -0.309265 -0.163910 0.021099
v -0.309296 -0.204895 -0.201904
v -0.309357 -0.149170 -0.073517
v -0.309479 -0.005810 -0.400391
v -0.309479 -0.318726 0.037678
v -0.309509 -0.219589 0.161163
v -0.309509 -0.262421 -0.375214
v -0.309509 -0.339081 -0.035927
v -0.309601 -0.451965 0.112579
v -0.309662 -0.330078 -0.007242
v -0.309723 -0.006224 -0.389587
v -0.309753 -0.204422 -0.063972
v -0.309753 -0.274841 0.061680
v -0.309784 -0.014595 0.202194
v -0.309875 -0.132233 0.093155
v -0.309875 -0.205658 0.091957
v -0.309937 -0.132217 -0.093971
v -0.309967 -0.298737 0.374451
v -0.310028 -0.206848 0.214722
v -0.310059 -0.228180 0.182693
v -0.310059 -0.277039 -0.369568
v -0.310120 -0.332489 0.060497
v -0.310181 -0.146820 0.022243
v -0.310181 -0.452209 0.088043
v -0.310211 -0.357330 0.033031
v -0.310303 -0.452484 -0.090973
v -0.310394 -0.228043 -0.110138
v -0.310486 -0.304565 0.061741
v -0.310577 -0.006169 -0.214691
v -0.310577 -0.088737 0.391083
v -0.310577 -0.277954 -0.061668
v -0.310577 -0.349579 -0.000959
v -0.310638 -0.228134 -0.019997
v -0.310669 -0.125122 -0.382965
v -0.310699 -0.398376 0.051723
v -0.310760 -0.010204 -0.201965
v -0.310913 -0.414948 0.221085
v -0.311035 -0.371704 -0.038624
v -0.311066 -0.088875 0.400879
v -0.311096 -0.180969 -0.379730
v -0.311096 -0.340057 0.221710
v -0.311157 -0.205627 0.165527
v -0.311188 -0.207932 -0.091255
v -0.311279 -0.227051 0.161118
v -0.311279 -0.349701 0.073738
v -0.311310 -0.329102 0.029949
v -0.311310 -0.454163 -0.075790
v -0.311340 -0.217377 -0.219345
v -0.311462 -0.499908 0.052219
v -0.311493 -0.499908 0.100685
v -0.311554 -0.454102 -0.210449
v -0.311554 -0.467377 -0.057838
v -0.311584 -0.208145 0.024479
v -0.311584 -0.499939 -0.114532
v -0.311615 -0.400360 0.045269
v -0.311615 -0.473907 0.130508
v -0.311615 -0.477509 -0.108383
v -0.311615 -0.499908 0.187988
v -0.311615 -0.499908 -0.177124
v -0.311646 -0.474731 0.085617
v -0.311676 -0.097633 -0.383118
v -0.311676 -0.479462 -0.175400
v -0.311676 -0.499939 0.145645
v -0.311707 -0.215027 -0.109756
v -0.311707 -0.219910 -0.056496
v -0.311707 -0.220901 -0.197021
v -0.311707 -0.455597 0.051056
v -0.311707 -0.463684 -0.204971
v -0.311707 -0.473663 0.187103
v -0.311737 -0.453918 0.197128
v -0.311768 -0.100052 0.383667
v -0.311768 -0.453827 -0.128220
v -0.311798 -0.226044 -0.122032
v -0.311829 -0.453949 0.155731
v -0.311829 -0.480103 0.204666
v -0.311859 -0.089798 -0.391937
v -0.311859 -0.101303 0.208206
v -0.311859 -0.271637 0.072960
v -0.311890 -0.122658 0.383423
v -0.311920 -0.224121 0.194031
v -0.311951 -0.450195 -0.049805
v -0.311951 -0.458923 0.205399
v -0.311981 -0.163834 0.125656
v -0.312012 -0.226318 -0.147003
v -0.312012 -0.266510 0.378113
v -0.312012 -0.453308 0.212509
v -0.312073 -0.376404 0.029097
v -0.312103 -0.337738 -0.062008
v -0.312103 -0.449036 0.074326
v -0.312103 -0.485779 -0.204865
v -0.312134 -0.226257 -0.186127
v -0.312195 -0.207672 -0.383240
v -0.312225 -0.215256 0.042160
v -0.312225 -0.360535 0.003693
v -0.312225 -0.410980 -0.050621
v -0.312256 -0.225433 -0.086662
v -0.312378 -0.116898 -0.217758
v -0.312408 -0.163757 -0.022055
v -0.312439 -0.497192 -0.056938
v -0.312500 -0.500000 -0.075249
v -0.312531 -0.364258 -0.012113
v -0.312683 -0.232208 0.381653
v -0.312958 -0.220764 -0.009876
v -0.313110 -0.285400 0.373383
v -0.313171 -0.373413 0.064819
v -0.313202 -0.209946 -0.126022
v -0.313232 -0.298706 -0.373169
v -0.313263 -0.205841 0.129379
v -0.313263 -0.220810 0.110062
v -0.313293 -0.282928 -0.376312
v -0.313354 -0.386169 -0.064278
v -0.313385 -0.208298 0.056648
v -0.313416 -0.204376 -0.132935
v -0.313446 -0.386932 -0.038631
v -0.313477 -0.206390 -0.058594
v -0.313477 -0.309601 -0.381866
v -0.313629 -0.101357 -0.392456
v -0.313629 -0.223480 0.012485
v -0.313660 -0.280243 0.384033
v -0.313690 -0.206329 -0.007862
v -0.313751 -0.445312 0.063828
v -0.313782 -0.206451 0.072815
v -0.313812 -0.167374 0.381470
v -0.313812 -0.205582 0.038391
v -0.313873 -0.286652 -0.061642
v -0.313873 -0.322083 -0.061703
v -0.313873 -0.441895 -0.063705
v -0.313995 -0.210236 -0.161636
v -0.314026 -0.325500 0.061966
v -0.314026 -0.499908 -0.204834
v -0.314056 -0.208206 -0.145294
v -0.314087 -0.088516 -0.400055
v -0.314117 -0.324829 0.033031
v -0.314117 -0.325989 -0.053257
v -0.314148 -0.500000 0.307251
v -0.314178 -0.325653 -0.022100
v -0.314209 -0.138550 0.112335
v -0.314240 -0.303162 0.071037
v -0.314240 -0.500000 0.213425
v -0.314270 -0.291595 -0.384247
v -0.314301 -0.300995 -0.064713
v -0.314301 -0.448975 -0.074120
v -0.314331 -0.163757 -0.126083
v -0.314331 -0.163910 0.105621
v -0.314331 -0.327362 -0.073692
v -0.314331 -0.407990 0.073982
v -0.314331 -0.414368 -0.073738
v -0.314362 -0.167374 -0.382874
v -0.314362 -0.204483 -0.100525
v -0.314362 -0.421814 0.068199
v -0.314392 -0.102989 0.391296
v -0.314392 -0.479797 0.074997
v -0.314423 -0.223206 0.076141
v -0.314606 -0.207870 -0.180893
v -0.314606 -0.223129 0.056366
v -0.314636 -0.261658 0.222290
v -0.314667 -0.352142 -0.222260
v -0.314667 -0.482117 0.060806
v -0.314697 -0.138931 -0.126175
v -0.314819 -0.220535 0.087395
v -0.314819 -0.479034 -0.074905
v -0.314850 -0.219971 -0.023510
v -0.314850 -0.270142 -0.064850
v -0.314880 -0.207794 0.007185
v -0.314911 -0.163864 -0.075081
v -0.314941 -0.037853 -0.382446
v -0.314972 -0.499969 0.075630
v -0.315186 -0.127579 -0.197083
v -0.315186 -0.222260 0.116913
v -0.315216 -0.127914 0.208984
v -0.315216 -0.199631 0.382355
v -0.315216 -0.205933 0.201538
v -0.315216 -0.296814 0.383240
v -0.315247 -0.206619 -0.025177
v -0.315247 -0.273743 -0.222473
v -0.315247 -0.286163 -0.071655
v -0.315308 -0.209106 -0.075317
v -0.315338 -0.127396 -0.120087
v -0.315338 -0.207657 0.180023
v -0.315369 -0.130432 0.022373
v -0.315399 -0.221893 -0.076439
v -0.315460 -0.126938 -0.221436
v -0.315460 -0.205963 0.105721
v -0.315491 -0.127350 0.089806
v -0.315704 -0.205948 0.142303
v -0.315765 -0.125885 0.221466
v -0.315765 -0.127502 -0.053188
v -0.315765 -0.205444 -0.166504
v -0.315887 -0.221939 -0.152664
v -0.315887 -0.222153 -0.045547
v -0.315887 -0.287354 0.061245
v -0.315948 -0.127426 0.047508
v -0.315948 -0.219025 0.221161
v -0.316040 -0.270782 -0.383057
v -0.316101 -0.206009 -0.037891
v -0.316132 -0.138687 0.077919
v -0.316223 -0.220917 0.149857
v -0.316345 -0.143860 -0.022245
v -0.316437 -0.500000 -0.322601
v -0.316528 -0.272186 0.064674
v -0.316681 -0.138504 -0.101059
v -0.316711 -0.479462 -0.397461
v -0.316803 -0.217407 0.124565
v -0.316925 -0.140839 0.126068
v -0.316925 -0.163956 -0.094841
v -0.317230 -0.441986 -0.221298
v -0.317322 -0.129379 0.162201
v -0.317413 -0.208374 -0.109108
v -0.317505 -0.139053 -0.074585
v -0.317780 -0.220230 0.045853
v -0.317932 -0.148148 -0.126450
v -0.317963 -0.405426 -0.222809
v -0.318024 -0.129562 -0.022692
v -0.318298 -0.220093 -0.160812
v -0.318542 -0.436462 0.381683
v -0.318665 -0.056187 0.400146
v -0.318665 -0.459381 0.397034
v -0.318878 -0.051491 -0.202988
v -0.318878 -0.080162 0.346069
v -0.319214 -0.500000 -0.396393
v -0.319489 -0.283783 0.071938
v -0.319550 -0.451660 -0.220596
v -0.319672 -0.131561 -0.177109
v -0.320007 -0.038834 0.222092
v -0.320160 -0.089401 0.221375
v -0.320221 -0.079407 0.379211
v -0.320282 -0.164444 -0.003144
v -0.320404 -0.267883 0.380890
v -0.320496 -0.452545 0.383545
v -0.320526 -0.012984 0.221786
v -0.320587 -0.091354 -0.204147
v -0.320831 -0.092468 0.204163
v -0.320862 -0.091347 -0.223663
v -0.320892 -0.132935 0.206726
v -0.321014 -0.117989 -0.383606
v -0.321075 -0.018150 -0.382477
v -0.321106 -0.114204 -0.220596
v -0.321106 -0.205292 -0.211807
v -0.321136 -0.500000 -0.074646
v -0.321198 -0.104843 0.213806
v -0.321198 -0.475037 -0.060730
v -0.321228 -0.077721 -0.223038
v -0.321289 -0.034149 -0.383179
v -0.321320 -0.033955 0.381470
v -0.321320 -0.456238 -0.209763
v -0.321350 -0.283295 -0.060440
v -0.321472 -0.101196 -0.211395
v -0.321533 -0.106621 -0.381775
v -0.321625 -0.500000 0.060860
v -0.321655 -0.014853 0.385040
v -0.321655 -0.204666 0.066238
v -0.321686 -0.080162 -0.232498
v -0.321777 -0.499908 0.207153
v -0.321960 -0.452942 -0.064148
v -0.322021 -0.035801 -0.222504
v -0.322052 -0.282196 -0.071579
v -0.322235 -0.109657 0.382812
v -0.322235 -0.453400 -0.385681
v -0.322510 -0.105286 -0.389954
v -0.322571 -0.101555 0.222885
v -0.322601 -0.060570 -0.380005
v -0.322632 -0.134003 0.051025
v -0.322662 -0.454102 -0.074837
v -0.322693 -0.499939 0.394958
v -0.322754 -0.237686 -0.379608
v -0.322784 -0.010132 -0.403290
v -0.322876 -0.089073 -0.214706
v -0.322937 -0.164688 -0.022123
v -0.322998 -0.133652 -0.222290
v -0.323059 -0.021046 -0.391357
v -0.323090 -0.002728 -0.392181
v -0.323181 -0.010617 -0.220154
v -0.323242 -0.134781 0.112984
v -0.323242 -0.455933 0.061089
v -0.323273 -0.021612 0.222198
v -0.323395 -0.453827 0.071953
v -0.323456 -0.024712 -0.222122
v -0.323456 -0.094711 0.398071
v -0.323486 -0.106598 0.390503
v -0.323547 -0.216843 -0.221252
v -0.323578 -0.091522 0.389343
v -0.323608 -0.000489 0.393341
v -0.323700 -0.211838 0.182068
v -0.323700 -0.282440 0.060135
v -0.323822 -0.090042 0.380524
v -0.323853 -0.206131 -0.179169
v -0.323883 -0.164642 0.092293
v -0.323883 -0.213852 -0.079590
v -0.323914 -0.164368 -0.114441
v -0.323944 -0.164047 0.022114
v -0.323944 -0.209824 -0.091591
v -0.323944 -0.212830 0.194138
v -0.324005 -0.089760 -0.384430
v -0.324005 -0.156433 0.074547
v -0.324005 -0.212662 0.219940
v -0.324036 -0.204620 0.029783
v -0.324066 -0.212311 0.160965
v -0.324097 -0.153412 0.126907
v -0.324097 -0.164581 0.125854
v -0.324097 -0.203690 -0.135178
v -0.324097 -0.211349 -0.193939
v -0.324127 -0.149200 -0.074280
v -0.324127 -0.173325 0.197052
v -0.324127 -0.211044 0.147522
v -0.324158 -0.164062 -0.075081
v -0.324188 -0.156158 0.043507
v -0.324188 -0.174423 -0.177979
v -0.324188 -0.185471 -0.001485
v -0.324188 -0.203186 0.170563
v -0.324219 -0.025221 0.399078
v -0.324219 -0.207626 -0.106804
v -0.324219 -0.210144 0.090088
v -0.324249 -0.136307 -0.046120
v -0.324249 -0.149857 -0.127029
v -0.324280 -0.178116 0.136002
v -0.324280 -0.210739 0.057278
v -0.324280 -0.212814 0.023485
v -0.324280 -0.213394 -0.054466
v -0.324310 -0.139435 -0.128937
v -0.324310 -0.153137 -0.055241
v -0.324310 -0.189423 -0.073265
v -0.324341 -0.119850 0.222229
v -0.324341 -0.144592 -0.146408
v -0.324341 -0.195541 0.071213
v -0.324341 -0.204651 0.209488
v -0.324341 -0.210953 -0.149567
v -0.324341 -0.213486 -0.184067
v -0.324402 -0.186386 0.224579
v -0.324402 -0.477325 -0.072044
v -0.324402 -0.477875 0.074860
v -0.324432 -0.210968 0.121552
v -0.324463 -0.499969 0.072212
v -0.324493 -0.205856 -0.004176
v -0.324493 -0.209641 -0.126083
v -0.324524 -0.136063 -0.115601
v -0.324524 -0.140091 0.224258
v -0.324524 -0.162689 -0.224136
v -0.324524 -0.204681 0.133621
v -0.324524 -0.207062 0.105904
v -0.324554 -0.212860 -0.010178
v -0.324554 -0.477173 0.064690
v -0.324585 -0.035309 0.394684
v -0.324585 -0.210251 -0.023096
v -0.324615 -0.210388 0.010489
v -0.324646 -0.006968 0.216644
v -0.324646 -0.205582 -0.066612
v -0.324677 -0.204315 -0.204544
v -0.324677 -0.204468 -0.221573
v -0.324677 -0.207153 -0.037861
v -0.324677 -0.207764 -0.164413
v -0.324677 -0.500000 -0.064468
v -0.324768 -0.025297 -0.400452
v -0.324799 -0.137924 0.125702
v -0.324799 -0.141434 0.198563
v -0.324799 -0.210449 0.075600
v -0.324799 -0.211456 0.044952
v -0.324890 -0.008788 0.400970
v -0.324890 -0.043446 -0.399384
v -0.324921 -0.139099 0.145508
v -0.324921 -0.145355 -0.023878
v -0.324982 -0.140976 -0.217529
v -0.325012 -0.035400 -0.397675
v -0.325134 -0.146622 0.022367
v -0.325226 -0.138504 0.072296
v -0.325378 -0.037174 0.203934
v -0.325531 -0.023304 0.213150
v -0.325562 -0.054760 0.379395
v -0.325562 -0.344604 -0.378906
v -0.325684 -0.137360 -0.167572
v -0.325714 -0.002023 -0.211395
v -0.325714 -0.034458 0.213730
v -0.325775 -0.139313 -0.069969
v -0.325836 -0.019964 -0.212265
v -0.325897 -0.001627 0.210922
v -0.326294 -0.500000 0.369446
v -0.326599 -0.455139 0.212723
v -0.326721 -0.032764 -0.207733
v -0.326813 -0.133896 0.378448
v -0.326843 -0.451813 0.222153
v -0.327362 -0.080154 -0.353973
v -0.327454 -0.421722 -0.378113
v -0.327545 -0.023294 0.204285
v -0.327576 -0.006537 0.205475
v -0.327637 -0.086067 0.209412
v -0.327850 -0.079292 0.224808
v -0.328003 -0.012865 -0.202332
v -0.328125 -0.401733 0.377625
v -0.328339 -0.013456 0.200974
v -0.328705 -0.236847 0.225342
v -0.329010 -0.088005 -0.396637
v -0.329620 -0.086456 0.389343
v -0.329956 -0.089218 0.224915
v -0.329956 -0.178711 0.377289
v -0.330688 -0.079391 -0.377045
v -0.330994 -0.203064 -0.376953
v -0.331146 -0.106544 -0.223755
v -0.331329 -0.479004 0.209442
v -0.331421 -0.058128 -0.226562
v -0.331512 -0.107246 0.378357
v -0.331543 -0.091209 -0.224625
v -0.331696 -0.317047 0.376556
v -0.331970 -0.149109 -0.376312
v -0.332062 -0.103798 -0.379181
v -0.332764 -0.473755 -0.209579
v -0.332947 -0.086906 0.396606
v -0.333069 -0.444641 -0.378418
v -0.333191 -0.088287 -0.380890
v -0.333374 -0.237717 0.376343
v -0.333466 -0.086327 -0.206512
v -0.333557 -0.122185 -0.225418
v -0.333923 -0.087662 -0.213928
v -0.333984 -0.121078 -0.377228
v -0.334076 -0.088455 0.216217
v -0.334106 -0.104362 0.223495
v -0.334900 -0.090164 0.380829
v -0.334930 -0.114616 0.222031
v -0.335052 -0.415497 0.227432
v -0.335449 -0.388397 -0.375214
v -0.335785 -0.105179 -0.219513
v -0.335907 -0.479767 0.391998
v -0.336060 -0.035717 0.376038
v -0.336151 -0.060696 0.228012
v -0.336761 -0.035397 -0.376099
v -0.336761 -0.215317 -0.229156
v -0.336945 -0.366974 0.374451
v -0.337036 -0.114334 0.378998
v -0.337036 -0.500000 -0.236832
v -0.337311 -0.035629 0.227768
v -0.337585 -0.476593 -0.391724
v -0.337830 -0.034573 -0.383331
v -0.337952 -0.080254 0.288879
v -0.337982 -0.071648 0.208389
v -0.338806 -0.035465 -0.228516
v -0.338928 -0.057800 -0.208557
v -0.338928 -0.310913 -0.229996
v -0.339172 -0.068283 -0.394501
v -0.339508 -0.499878 -0.211624
v -0.339691 -0.034409 -0.218643
v -0.339752 -0.452972 -0.225037
v -0.339905 -0.090950 -0.390564
v -0.340027 -0.244171 -0.373138
v -0.340057 -0.094292 0.210724
v -0.340454 -0.325653 -0.372833
v -0.341003 -0.095108 0.391174
v -0.341125 -0.443085 0.374268
v -0.341156 -0.458038 0.211456
v -0.341278 -0.100693 -0.215637
v -0.341278 -0.337524 0.230881
v -0.341461 -0.162506 0.231613
v -0.341522 -0.432312 -0.229996
v -0.341675 -0.080254 -0.283752
v -0.341736 -0.052979 0.372498
v -0.341858 -0.035629 0.215424
v -0.341980 -0.458801 -0.213654
v -0.342010 -0.148804 -0.231781
v -0.342499 -0.499847 0.213211
v -0.342804 -0.035248 0.388214
v -0.342896 -0.118477 0.229309
v -0.343536 -0.264893 0.231995
v -0.343628 -0.215424 0.232819
v -0.344025 -0.101265 -0.231445
v -0.344177 -0.036274 -0.211624
v -0.344513 -0.079651 -0.233597
v -0.344574 -0.094368 0.231445
v -0.344788 -0.121445 -0.231201
v -0.344818 -0.036461 -0.391724
v -0.345001 -0.080215 0.245132
v -0.345245 -0.099884 -0.385468
v -0.346039 -0.110878 0.377197
v -0.346466 -0.454346 0.378693
v -0.346680 -0.089325 0.371216
v -0.346680 -0.106026 0.222198
v -0.346832 -0.095856 -0.373688
v -0.346893 -0.089195 -0.230392
v -0.347290 -0.288025 0.368622
v -0.347473 -0.114738 -0.372467
v -0.347870 -0.167297 -0.368347
v -0.347900 -0.359741 -0.235321
v -0.348053 -0.034134 -0.370239
v -0.348267 -0.087273 -0.371429
v -0.348297 -0.222870 0.368011
v -0.348328 -0.102173 -0.223557
v -0.348633 -0.033634 -0.232758
v -0.348907 -0.087364 0.235733
v -0.349030 -0.034187 0.233658
v -0.349121 -0.129425 0.367279
v -0.349121 -0.458649 -0.385223
v -0.349213 -0.018072 -0.369110
v -0.349335 -0.092682 -0.213959
v -0.349335 -0.255615 -0.235870
v -0.349426 -0.079865 0.235596
v -0.349579 -0.017048 0.370392
v -0.349731 -0.055447 -0.367767
v -0.349854 -0.079102 0.366547
v -0.350067 -0.108604 0.368744
v -0.350128 -0.018255 -0.235062
v -0.350220 -0.016392 0.232758
v -0.350342 -0.090714 0.222168
v -0.350372 -0.098694 0.236603
v -0.350555 -0.033993 0.374115
v -0.350769 -0.462982 0.386169
v -0.350891 -0.104744 -0.236435
v -0.351135 -0.064201 0.389038
v -0.351379 -0.394287 0.365601
v -0.351685 -0.090668 0.380310
v -0.351868 -0.086311 0.228912
v -0.351868 -0.454865 0.226181
v -0.352051 -0.091164 0.387695
v -0.352081 -0.113777 -0.366211
v -0.352081 -0.452332 0.233688
v -0.352631 -0.310699 -0.364716
v -0.352661 -0.021854 0.376648
v -0.352875 -0.500000 -0.362335
v -0.352966 -0.079048 -0.365143
v -0.353027 -0.338013 0.364166
v -0.353058 -0.436859 -0.365448
v -0.353058 -0.475952 -0.218307
v -0.353088 -0.004663 -0.376831
v -0.353271 -0.091621 0.216446
v -0.353271 -0.093246 -0.383026
v -0.353607 -0.089401 0.366150
v -0.353729 -0.019743 -0.377930
v -0.354279 -0.453003 -0.369354
v -0.354431 -0.001712 0.377991
v -0.354584 -0.090546 -0.238770
v -0.354767 -0.057838 0.239349
v -0.354828 -0.002547 -0.225922
v -0.354889 -0.018545 -0.225784
v -0.355072 -0.463867 0.219803
v -0.355286 -0.034260 -0.380981
v -0.355316 -0.434265 0.363708
v -0.355621 -0.452789 -0.234756
v -0.355743 -0.121460 0.239166
v -0.355896 -0.085983 -0.224869
v -0.356262 -0.103050 0.239944
v -0.356506 -0.122475 -0.240677
v -0.356506 -0.436035 0.239655
v -0.356567 -0.001885 0.224625
v -0.356689 -0.088638 0.239914
v -0.356720 -0.499786 0.382080
v -0.356812 -0.086411 0.374542
v -0.356934 -0.090553 -0.362823
v -0.356964 -0.086243 -0.378845
v -0.357391 -0.499847 -0.379883
v -0.357544 -0.433990 -0.240875
v -0.357666 -0.034321 -0.222305
v -0.357697 -0.021626 0.222107
v -0.357910 -0.034210 0.221832
v -0.357941 -0.038078 -0.242920
v -0.357971 -0.034992 0.384766
v -0.357971 -0.386780 0.243011
v -0.358307 -0.097176 0.361816
v -0.358551 -0.020174 0.385315
v -0.358734 -0.327576 0.243805
v -0.358826 -0.087822 0.233109
v -0.358856 -0.482025 0.221878
v -0.358978 -0.108963 -0.236557
v -0.359161 -0.070663 -0.243332
v -0.359253 -0.289215 -0.244370
v -0.359314 -0.084419 -0.219574
v -0.359528 -0.011563 -0.384277
v -0.359985 -0.111298 0.364594
v -0.360107 -0.048820 -0.220169
v -0.360260 -0.378357 -0.357300
v -0.360474 -0.126648 -0.357513
v -0.360657 -0.040638 0.358032
v -0.360657 -0.107735 -0.364563
v -0.360748 -0.011006 0.217224
v -0.360840 -0.019400 -0.219849
v -0.361053 -0.009586 -0.217819
v -0.361053 -0.084442 0.220749
v -0.361053 -0.151871 0.356201
v -0.361267 -0.500000 0.265625
v -0.361542 -0.196915 0.341644
v -0.361542 -0.297760 0.342255
v -0.361572 -0.016544 0.246597
v -0.361664 -0.091530 -0.232590
v -0.361725 -0.482422 -0.378113
v -0.361755 -0.009225 0.384094
v -0.361786 -0.263550 -0.355957
v -0.361908 -0.100090 0.233383
v -0.361908 -0.484100 0.378418
v -0.362000 -0.279327 0.337891
v -0.362061 -0.202637 -0.340790
v -0.362122 -0.194336 0.247162
v -0.362213 -0.088020 -0.369781
v -0.362244 -0.500000 -0.276489
v -0.362549 -0.006761 0.240005
v -0.362732 -0.458069 -0.227829
v -0.362793 -0.035000 -0.355957
v -0.363129 -0.165375 -0.248886
v -0.363281 -0.080185 0.247879
v -0.363403 -0.172241 -0.355530
v -0.363495 -0.085365 -0.380890
v -0.363495 -0.499847 0.225586
v -0.363525 -0.184616 0.336334
v -0.363617 -0.264862 0.249130
v -0.363647 -0.009631 -0.359161
v -0.363708 -0.009064 0.359711
v -0.363892 -0.173080 -0.341736
v -0.363983 -0.113930 0.246979
v -0.364075 -0.273071 0.354218
v -0.364197 -0.178024 0.343018
v -0.364227 -0.088425 0.371124
v -0.364532 -0.110832 -0.240875
v -0.364594 -0.010029 -0.246185
v -0.364594 -0.150360 0.250549
v -0.364624 -0.044785 -0.380096
v -0.364746 -0.080177 0.329926
v -0.364777 -0.096436 0.368164
v -0.364807 -0.164856 -0.335022
v -0.364807 -0.287811 0.343628
v -0.365082 -0.086281 0.379272
v -0.365387 -0.107040 -0.247070
v -0.365448 -0.180847 -0.331726
v -0.365448 -0.206696 0.333405
v -0.365509 -0.089218 -0.246292
v -0.366119 -0.112640 0.354675
v -0.366119 -0.265472 0.331238
v -0.366333 -0.077682 -0.350250
v -0.366333 -0.298431 0.334442
v -0.366455 -0.091797 0.226318
v -0.366547 -0.408691 0.350708
v -0.366577 -0.018845 0.378815
v -0.366699 -0.089287 -0.355255
v -0.366760 -0.165482 0.337921
v -0.366791 -0.093338 -0.228012
v -0.366821 -0.041668 0.252106
v -0.366943 -0.108078 -0.352081
v -0.366943 -0.264587 0.341187
v -0.367096 -0.213699 -0.350525
v -0.367157 -0.370667 -0.253815
v -0.367462 -0.207184 0.341370
v -0.367493 -0.068069 0.253052
v -0.367493 -0.499847 -0.229370
v -0.367523 -0.088768 0.253052
v -0.367523 -0.226593 -0.254242
v -0.367676 -0.001484 -0.366211
v -0.367706 -0.001213 0.365936
v -0.367767 -0.080208 -0.325775
v -0.368103 -0.078896 0.348480
v -0.368103 -0.500000 0.332916
v -0.368286 -0.438477 0.350494
v -0.368347 -0.219360 0.348602
v -0.368347 -0.345276 0.347961
v -0.368561 -0.288757 0.331390
v -0.368744 -0.092964 -0.257050
v -0.368774 -0.092300 -0.371643
v -0.368896 -0.095871 -0.241989
v -0.368958 -0.194580 -0.345673
v -0.369019 -0.144165 -0.346924
v -0.369049 -0.207138 -0.333252
v -0.369080 -0.003380 0.234985
v -0.369080 -0.106270 -0.358856
v -0.369110 -0.194916 0.331970
v -0.369202 -0.091766 0.358002
v -0.369263 -0.093979 0.372894
v -0.369324 -0.451172 0.250000
v -0.369354 -0.192551 0.348145
v -0.369446 -0.459442 0.371765
v -0.369537 -0.171371 0.333191
v -0.369568 -0.444672 -0.251617
v -0.369629 -0.205444 -0.346771
v -0.369690 -0.428253 -0.346771
v -0.369873 -0.086769 -0.254547
v -0.369965 -0.123344 -0.256134
v -0.369995 -0.282898 -0.306610
v -0.370056 -0.452942 0.355438
v -0.370087 -0.297638 0.346100
v -0.370148 -0.101189 0.239548
v -0.370422 -0.109207 -0.255768
v -0.370483 -0.097069 0.345703
v -0.370789 -0.000809 -0.241165
v -0.370850 -0.276031 0.347870
v -0.370941 -0.299133 -0.259125
v -0.370972 -0.089096 0.243973
v -0.370972 -0.375763 0.259186
v -0.371002 -0.089111 -0.346008
v -0.371002 -0.206848 0.348053
v -0.371094 -0.431885 0.257874
v -0.371155 -0.166168 0.344177
v -0.371277 -0.062275 0.229691
v -0.371399 -0.066772 -0.259583
v -0.371429 -0.108948 0.257782
v -0.371521 -0.293884 -0.317108
v -0.371552 -0.100876 0.362762
v -0.371918 -0.079941 -0.262726
v -0.371948 -0.087044 0.346100
v -0.372009 -0.025324 0.259521
v -0.372223 -0.457642 0.235016
v -0.372223 -0.499451 0.365753
v -0.372253 -0.080261 0.280792
v -0.372284 -0.170303 -0.346527
v -0.372437 -0.035931 0.259857
v -0.372467 -0.055466 -0.341827
v -0.372559 -0.263245 0.336823
v -0.372559 -0.452576 -0.252869
v -0.372711 -0.216080 0.262329
v -0.372742 -0.090904 -0.262573
v -0.372833 -0.165176 -0.339508
v -0.372955 -0.336853 -0.340515
v -0.373047 -0.035759 -0.260315
v -0.373047 -0.095985 -0.235687
v -0.373199 -0.033855 0.345184
v -0.373291 -0.133636 0.263123
v -0.373352 -0.257355 0.341736
v -0.373413 -0.016624 -0.258759
v -0.373474 -0.017712 0.346588
v -0.373474 -0.093063 0.273590
v -0.373505 -0.265076 -0.305389
v -0.373657 -0.190125 -0.334930
v -0.373688 -0.261230 -0.310699
v -0.373688 -0.312653 0.265076
v -0.373810 -0.092896 0.339996
v -0.373840 -0.010541 0.258301
v -0.373901 -0.488892 0.236893
v -0.373932 -0.100975 -0.340881
v -0.373993 -0.119621 -0.341553
v -0.374115 -0.099785 -0.262177
v -0.374207 -0.297943 0.338562
v -0.374207 -0.483459 -0.235901
v -0.374268 -0.458771 -0.366547
v -0.374298 -0.207611 0.336548
v -0.374329 -0.269592 0.334412
v -0.374390 -0.090500 -0.276215
v -0.374420 -0.270508 -0.316681
v -0.374542 -0.055717 0.338531
v -0.374573 -0.070366 0.370514
v -0.374969 -0.207733 -0.339905
v -0.375092 -0.170868 -0.335236
v -0.375214 -0.091301 0.260986
v -0.375427 -0.034470 -0.346344
v -0.375427 -0.037434 -0.233932
v -0.375610 -0.298615 -0.306519
v -0.375824 -0.279175 0.336060
v -0.375854 -0.010329 -0.232742
v -0.375916 -0.316010 0.335938
v -0.375977 -0.023838 0.234711
v -0.376251 -0.085648 -0.248474
v -0.376312 -0.186310 0.336517
v -0.376434 -0.088646 -0.364563
v -0.376465 -0.414154 -0.270142
v -0.376587 -0.009919 -0.368774
v -0.376617 -0.168793 -0.270233
v -0.376678 -0.167664 0.336395
v -0.376740 -0.089355 0.235168
v -0.376770 -0.109734 -0.259186
v -0.376801 -0.269592 -0.333374
v -0.376831 -0.090027 0.366272
v -0.376892 -0.016094 -0.349213
v -0.376892 -0.035522 -0.334229
v -0.377075 -0.384674 -0.332733
v -0.377106 -0.085274 -0.353729
v -0.377106 -0.125580 0.334961
v -0.377228 -0.091972 -0.286835
v -0.377228 -0.113228 0.342529
v -0.377289 -0.037857 0.270996
v -0.377441 -0.036556 0.332489
v -0.377594 -0.282349 -0.304596
v -0.377625 -0.433289 0.333221
v -0.377747 -0.115807 -0.263123
v -0.377747 -0.120598 0.269562
v -0.377747 -0.196686 -0.327667
v -0.377777 -0.412476 0.273407
v -0.377869 -0.248840 -0.272552
v -0.377960 -0.079048 0.274139
v -0.378052 -0.091499 -0.297943
v -0.378143 -0.063057 0.273102
v -0.378265 -0.453186 -0.338806
v -0.378296 -0.265900 0.311432
v -0.378418 -0.398163 0.328949
v -0.378510 -0.095909 0.296112
v -0.378540 -0.102142 -0.271698
v -0.378540 -0.215103 -0.330292
v -0.378540 -0.283661 0.315613
v -0.378571 -0.099838 0.284851
v -0.378693 -0.085678 0.354462
v -0.378815 -0.285339 0.307312
v -0.378845 -0.100510 0.342712
v -0.378876 -0.124924 -0.330261
v -0.378906 -0.178116 -0.330109
v -0.378937 -0.096725 -0.306763
v -0.379089 -0.035404 -0.275269
v -0.379089 -0.087418 -0.256134
v -0.379150 -0.105797 0.272247
v -0.379242 -0.104927 -0.282318
v -0.379272 -0.354736 0.276917
v -0.379395 -0.212296 0.327728
v -0.379486 -0.023928 0.255585
v -0.379486 -0.090279 0.303772
v -0.379547 -0.179718 0.278992
v -0.379608 -0.434143 -0.328888
v -0.379639 -0.079216 0.323883
v -0.379669 -0.465546 0.241409
v -0.379700 -0.297821 0.316467
v -0.379730 -0.062061 -0.278015
v -0.379730 -0.089775 -0.326904
v -0.379852 -0.104576 -0.330627
v -0.379852 -0.443573 -0.272339
v -0.379883 -0.085716 -0.240005
v -0.379883 -0.105637 -0.343536
v -0.380066 -0.118896 -0.273865
v -0.380066 -0.366241 -0.279999
v -0.380127 -0.108826 0.327545
v -0.380127 -0.112442 0.279114
v -0.380280 -0.090683 0.329102
v -0.380310 -0.092468 0.319275
v -0.380341 -0.101051 -0.324066
v -0.380524 -0.078697 -0.321472
v -0.380554 -0.013556 0.235123
v -0.380554 -0.034542 0.255737
v -0.380585 -0.452057 0.265930
v -0.380646 -0.104462 0.257751
v -0.380707 -0.088943 0.283417
v -0.380768 -0.265350 0.317474
v -0.380829 -0.056061 0.322052
v -0.380951 -0.001387 -0.254089
v -0.380951 -0.162613 0.322479
v -0.380981 -0.183731 -0.318787
v -0.381042 -0.087082 0.252838
v -0.381073 -0.090546 0.345062
v -0.381073 -0.470093 0.356689
v -0.381073 -0.500000 -0.312469
v -0.381104 -0.269379 0.323486
v -0.381226 -0.333527 -0.318939
v -0.381256 -0.458038 0.356476
v -0.381317 -0.092140 -0.316711
v -0.381348 -0.108177 -0.298126
v -0.381561 -0.090012 -0.346466
v -0.381561 -0.491089 0.357788
v -0.381592 -0.089546 0.271332
v -0.381653 -0.056931 -0.318817
v -0.381683 -0.107254 0.305328
v -0.381744 -0.195572 -0.310272
v -0.381744 -0.313446 -0.291077
v -0.381775 -0.305206 0.320953
v -0.381805 -0.034874 0.319305
v -0.381805 -0.499756 -0.356476
v -0.381866 -0.165344 -0.287994
v -0.381927 -0.030674 -0.318726
v -0.381958 -0.111336 -0.338715
v -0.381958 -0.298615 0.308624
v -0.381989 -0.371613 0.314178
v -0.382019 -0.146927 0.289215
v -0.382019 -0.262909 0.288666
v -0.382050 -0.400574 -0.314117
v -0.382080 -0.229294 0.316376
v -0.382172 -0.011223 0.363800
v -0.382172 -0.410919 -0.289612
v -0.382202 -0.021410 -0.253876
v -0.382233 -0.079987 -0.293152
v -0.382233 -0.106880 0.298492
v -0.382233 -0.120636 0.316681
v -0.382263 -0.163742 -0.315338
v -0.382477 -0.003620 0.252563
v -0.382721 -0.080154 0.299866
v -0.382721 -0.210144 -0.294067
v -0.382721 -0.285370 -0.319916
v -0.382751 -0.440613 0.284912
v -0.382782 -0.187943 -0.323120
v -0.382782 -0.331848 0.301666
v -0.382812 -0.018206 -0.287903
v -0.382812 -0.207428 -0.312042
v -0.382843 -0.007417 0.353180
v -0.382843 -0.034519 0.287292
v -0.382843 -0.086411 0.322205
v -0.382843 -0.135803 -0.294403
v -0.382904 -0.232742 -0.311401
v -0.382904 -0.357422 -0.297394
v -0.382965 -0.016323 0.318726
v -0.382965 -0.131577 0.298370
v -0.382965 -0.394379 0.295532
v -0.382965 -0.419769 0.308441
v -0.383057 -0.117012 -0.318054
v -0.383057 -0.125046 -0.308197
v -0.383087 -0.473358 -0.355896
v -0.383118 -0.064613 0.295898
v -0.383179 -0.034985 -0.289429
v -0.383209 -0.069618 -0.297852
v -0.383240 -0.300934 -0.317688
v -0.383270 -0.107300 0.316742
v -0.383301 -0.092247 -0.256348
v -0.383362 -0.030312 0.301971
v -0.383392 -0.298248 0.296539
v -0.383514 -0.277039 -0.297211
v -0.383514 -0.499908 0.251587
v -0.383636 -0.249695 0.307526
v -0.383759 -0.285645 0.319977
v -0.383911 -0.193939 0.306641
v -0.383942 -0.102371 -0.256195
v -0.384064 -0.005617 -0.354431
v -0.384064 -0.013015 -0.314362
v -0.384064 -0.438751 -0.307220
v -0.384216 -0.049152 -0.358917
v -0.384247 -0.260895 -0.314728
v -0.384308 -0.120384 0.303131
v -0.384369 -0.453522 -0.272308
v -0.384430 -0.458679 -0.250854
v -0.384491 -0.499939 -0.253845
v -0.384521 -0.258942 0.313934
v -0.384521 -0.453552 0.327454
v -0.384583 -0.034309 -0.258057
v -0.384705 -0.282196 -0.305389
v -0.384705 -0.291473 0.306061
v -0.384796 -0.299896 -0.303894
v -0.384857 -0.117859 0.287231
v -0.384888 -0.447968 0.312592
v -0.385010 -0.016712 0.286896
v -0.385010 -0.096191 -0.285828
v -0.385071 -0.046608 0.357483
v -0.385101 -0.173203 -0.307190
v -0.385101 -0.268463 0.306824
v -0.385193 -0.265717 -0.305023
v -0.385254 -0.084496 0.244827
v -0.385315 -0.112930 -0.305756
v -0.385345 -0.105751 -0.332428
v -0.385437 -0.010052 0.303925
v -0.385559 -0.090157 -0.305756
v -0.385742 -0.118233 0.295898
v -0.385742 -0.452484 0.294159
v -0.385834 -0.105461 0.263733
v -0.385864 -0.087845 -0.273071
v -0.385925 -0.031338 0.354614
v -0.385925 -0.117332 -0.289490
v -0.386169 -0.085411 -0.355438
v -0.386536 -0.090279 -0.331299
v -0.386932 -0.103088 0.268646
v -0.387115 -0.459991 -0.348694
v -0.387268 -0.030327 -0.355164
v -0.387268 -0.034451 0.335876
v -0.387299 -0.104385 -0.268341
v -0.387634 -0.102287 0.334717
v -0.387695 -0.086578 0.352936
v -0.387817 -0.034546 0.268372
v -0.387909 -0.031731 -0.249191
v -0.388031 -0.089294 0.295959
v -0.388153 -0.086273 0.278351
v -0.388245 -0.033710 0.251190
v -0.388306 -0.095222 -0.317505
v -0.388367 -0.009555 -0.248428
v -0.388367 -0.093338 -0.348663
v -0.388611 -0.091301 0.251709
v -0.388672 -0.090935 -0.251373
v -0.388733 -0.094658 0.347748
v -0.388885 -0.499786 0.343109
v -0.388977 -0.034622 -0.331207
v -0.389038 -0.068130 -0.251556
v -0.389160 -0.453461 -0.300079
v -0.389374 -0.017250 0.248993
v -0.389648 -0.108170 -0.314972
v -0.389679 -0.087257 -0.281921
v -0.389832 -0.086937 0.330078
v -0.390259 -0.090462 0.317749
v -0.390381 -0.086945 -0.323151
v -0.390594 -0.034164 -0.283203
v -0.390656 -0.088036 -0.296478
v -0.390747 -0.481293 -0.260437
v -0.390778 -0.105774 0.308380
v -0.390808 -0.066200 0.254333
v -0.390961 -0.094528 -0.258942
v -0.391327 -0.089096 0.305389
v -0.391754 -0.003935 -0.302582
v -0.391846 -0.456573 -0.324829
v -0.391968 -0.483307 0.261597
v -0.392273 -0.018404 -0.321198
v -0.392487 -0.454559 0.291382
v -0.392731 -0.103104 0.284058
v -0.392792 -0.034115 0.284210
v -0.392792 -0.481201 -0.334381
v -0.392822 -0.104218 0.317261
v -0.393005 -0.101013 0.293488
v -0.393280 -0.001095 0.321075
v -0.393311 -0.037491 0.342255
v -0.393433 -0.036449 -0.341858
v -0.393524 -0.102333 -0.293060
v -0.393768 -0.465637 -0.330048
v -0.394104 -0.101852 -0.283752
v -0.394257 -0.091850 0.263733
v -0.394531 -0.001038 0.293793
v -0.394592 -0.499847 -0.267212
v -0.394684 -0.088226 0.338531
v -0.394806 -0.461334 0.272797
v -0.394928 -0.093521 -0.265564
v -0.395050 -0.002215 -0.321777
v -0.395142 -0.089920 -0.337067
v -0.395203 -0.034271 0.323578
v -0.395325 -0.034420 -0.322479
v -0.395416 -0.472107 0.325989
v -0.395447 -0.486145 0.334381
v -0.395569 -0.036610 0.265289
v -0.395599 -0.459534 0.326050
v -0.396118 -0.008718 -0.284821
v -0.396240 -0.499847 -0.328491
v -0.396332 -0.059666 -0.267059
v -0.396332 -0.086563 0.271088
v -0.396759 -0.016878 0.322296
v -0.397156 -0.036293 -0.271271
v -0.397339 -0.486328 -0.276917
v -0.397430 -0.054703 -0.333099
v -0.397644 -0.056778 0.331665
v -0.397858 -0.459503 -0.280792
v -0.397919 -0.062828 0.271057
v -0.397980 -0.499786 0.319458
v -0.398102 -0.086594 -0.273407
v -0.398102 -0.487488 0.280731
v -0.398315 -0.499939 -0.283478
v -0.398468 -0.087074 0.321930
v -0.398499 -0.499878 0.284729
v -0.398590 -0.094833 -0.319244
v -0.398804 -0.499939 -0.311249
v -0.399200 -0.015362 0.284119
v -0.399475 -0.090813 -0.284424
v -0.399567 -0.086487 -0.299805
v -0.399628 -0.477234 -0.301636
v -0.400055 -0.484344 0.298645
v -0.400085 -0.085587 -0.320923
v -0.400116 -0.459442 0.298859
v -0.400177 -0.459442 -0.303955
v -0.400299 -0.087120 0.283630
v -0.400299 -0.092781 -0.308075
v -0.400818 -0.034813 0.284546
v -0.400970 -0.046619 -0.317688
v -0.401031 -0.030979 -0.284973
v -0.401276 -0.091446 0.308014
v -0.401489 -0.089493 0.296234
v -0.401520 -0.017298 -0.322357
v -0.401581 -0.020536 -0.309540
v -0.401764 -0.063278 -0.294189
v -0.401794 -0.043819 0.308807
v -0.402191 -0.009486 0.305176
v -0.402740 -0.009686 -0.300842
vt 0.149170 0.590576
vt 0.145752 0.592285
vt 0.147217 0.588135
vt 0.149658 0.594727
vt 0.155273 0.590332
vt 0.152588 0.585449
vt 0.153564 0.597900
vt 0.142334 0.593506
vt 0.164795 0.582520
vt 0.143799 0.590332
vt 0.149902 0.583984
vt 0.152344 0.581543
vt 0.146729 0.584717
vt 0.147949 0.580078
vt 0.143311 0.586670
vt 0.144287 0.583008
vt 0.140625 0.589600
vt 0.154541 0.577393
vt 0.143555 0.579346
vt 0.139404 0.586182
vt 0.141846 0.575684
vt 0.147217 0.576416
vt 0.138428 0.590332
vt 0.149902 0.572998
vt 0.133057 0.586182
vt 0.136475 0.593018
vt 0.142578 0.595947
vt 0.133545 0.598389
vt 0.139648 0.598389
vt 0.137939 0.600830
vt 0.142578 0.602051
vt 0.125000 0.597168
vt 0.122803 0.585205
vt 0.129150 0.572754
vt 0.144287 0.598633
vt 0.149414 0.601562
vt 0.150146 0.606934
vt 0.133545 0.576172
vt 0.160156 0.604492
vt 0.164795 0.609131
vt 0.170410 0.592773
vt 0.169434 0.600830
vt 0.174561 0.586182
vt 0.176514 0.578857
vt 0.169922 0.573486
vt 0.176514 0.573486
vt 0.179932 0.567627
vt 0.158936 0.570068
vt 0.170166 0.560547
vt 0.178467 0.562012
vt 0.183350 0.563721
vt 0.179932 0.563721
vt 0.182373 0.560791
vt 0.178711 0.557373
vt 0.181885 0.556152
vt 0.178223 0.552734
vt 0.153564 0.569092
vt 0.158691 0.564941
vt 0.145508 0.567627
vt 0.159668 0.555908
vt 0.144775 0.570801
vt 0.140381 0.562500
vt 0.138428 0.566650
vt 0.133057 0.568359
vt 0.130371 0.563232
vt 0.132568 0.557861
vt 0.129639 0.554688
vt 0.137939 0.551270
vt 0.132324 0.546875
vt 0.145020 0.565186
vt 0.144531 0.557861
vt 0.154053 0.565674
vt 0.147461 0.563232
vt 0.147461 0.551270
vt 0.147217 0.557617
vt 0.156250 0.561279
vt 0.150879 0.562500
vt 0.153809 0.563232
vt 0.150391 0.560303
vt 0.153320 0.558350
vt 0.151611 0.554443
vt 0.155273 0.552979
vt 0.152100 0.549561
vt 0.152344 0.546631
vt 0.156006 0.550537
vt 0.160645 0.547852
vt 0.145752 0.547607
vt 0.167969 0.544189
vt 0.157715 0.544189
vt 0.152100 0.542480
vt 0.141113 0.545410
vt 0.147705 0.541504
vt 0.138672 0.540039
vt 0.131592 0.538086
vt 0.158447 0.536621
vt 0.150879 0.538574
vt 0.146240 0.536865
vt 0.134033 0.532227
vt 0.131836 0.528320
vt 0.143066 0.531250
vt 0.135986 0.524658
vt 0.129883 0.521240
vt 0.149170 0.532715
vt 0.153564 0.534668
vt 0.137451 0.516846
vt 0.129150 0.515137
vt 0.143555 0.521729
vt 0.152344 0.530762
vt 0.155029 0.531738
vt 0.148926 0.527588
vt 0.151855 0.527344
vt 0.147217 0.523438
vt 0.152100 0.524658
vt 0.155029 0.527344
vt 0.154297 0.521973
vt 0.150391 0.518799
vt 0.158936 0.529297
vt 0.157959 0.519531
vt 0.171387 0.529053
vt 0.149658 0.515137
vt 0.162354 0.513184
vt 0.142578 0.516846
vt 0.141602 0.513428
vt 0.146973 0.511230
vt 0.138916 0.506592
vt 0.152832 0.506348
vt 0.142822 0.508301
vt 0.144775 0.506348
vt 0.147461 0.506592
vt 0.143555 0.504883
vt 0.141357 0.505127
vt 0.142090 0.502441
vt 0.145508 0.504395
vt 0.146973 0.502197
vt 0.144043 0.502441
vt 0.145752 0.500244
vt 0.149170 0.496094
vt 0.143799 0.498779
vt 0.139404 0.501953
vt 0.143555 0.497070
vt 0.135254 0.505615
vt 0.162598 0.497070
vt 0.138184 0.500732
vt 0.129639 0.509766
vt 0.126221 0.507812
vt 0.129395 0.502197
vt 0.123047 0.500000
vt 0.126709 0.491943
vt 0.132568 0.497559
vt 0.137207 0.499756
vt 0.137207 0.495605
vt 0.142090 0.494629
vt 0.145996 0.492188
vt 0.141602 0.491699
vt 0.136719 0.489990
vt 0.154297 0.486816
vt 0.141602 0.487549
vt 0.135254 0.487549
vt 0.138184 0.483887
vt 0.137939 0.481201
vt 0.141113 0.481934
vt 0.141357 0.479004
vt 0.169434 0.493164
vt 0.170654 0.498535
vt 0.171875 0.506836
vt 0.175537 0.502441
vt 0.177490 0.497314
vt 0.176758 0.493164
vt 0.175537 0.506104
vt 0.180176 0.499023
vt 0.179443 0.505859
vt 0.176758 0.509033
vt 0.181152 0.509766
vt 0.175537 0.513184
vt 0.182373 0.511963
vt 0.177490 0.517334
vt 0.175781 0.521973
vt 0.179688 0.518066
vt 0.181152 0.513428
vt 0.182617 0.515381
vt 0.181885 0.518311
vt 0.185547 0.519531
vt 0.181396 0.520020
vt 0.183838 0.524170
vt 0.179199 0.529541
vt 0.177979 0.535645
vt 0.178467 0.540771
vt 0.180908 0.532715
vt 0.183350 0.531250
vt 0.184814 0.527344
vt 0.181885 0.534912
vt 0.186035 0.533203
vt 0.186523 0.530273
vt 0.179932 0.537842
vt 0.184570 0.538086
vt 0.183350 0.542480
vt 0.179199 0.543213
vt 0.176758 0.546631
vt 0.179932 0.545654
vt 0.183105 0.544922
vt 0.179688 0.549072
vt 0.182861 0.552246
vt 0.183105 0.549561
vt 0.182861 0.547363
vt 0.186523 0.546143
vt 0.006592 0.629395
vt 0.008545 0.626221
vt 0.014404 0.628662
vt 0.003418 0.624756
vt 0.000000 0.631104
vt 0.015137 0.635498
vt 0.007324 0.621094
vt 0.001709 0.618408
vt 0.006348 0.616211
vt 0.014648 0.617920
vt 0.015381 0.622803
vt 0.026367 0.625244
vt 0.019043 0.626709
vt 0.020020 0.629395
vt 0.023438 0.632568
vt 0.773438 0.530762
vt 0.775879 0.540527
vt 0.760498 0.541504
vt 0.780273 0.530029
vt 0.773926 0.553467
vt 0.780762 0.551758
vt 0.766357 0.557861
vt 0.757812 0.552246
vt 0.756104 0.548584
vt 0.777832 0.555176
vt 0.776611 0.558350
vt 0.782959 0.555664
vt 0.781982 0.558838
vt 0.778809 0.558594
vt 0.747559 0.547607
vt 0.746582 0.535400
vt 0.741943 0.546875
vt 0.743164 0.551758
vt 0.738770 0.552490
vt 0.738037 0.555664
vt 0.745850 0.552734
vt 0.738770 0.558350
vt 0.755615 0.529053
vt 0.747314 0.524414
vt 0.750977 0.523193
vt 0.749023 0.514893
vt 0.753174 0.513672
vt 0.747803 0.506592
vt 0.754639 0.522461
vt 0.759766 0.506104
vt 0.756592 0.525635
vt 0.755859 0.515869
vt 0.757568 0.522461
vt 0.759277 0.524170
vt 0.760986 0.516113
vt 0.760986 0.526855
vt 0.762451 0.519287
vt 0.767090 0.511475
vt 0.761719 0.487305
vt 0.743164 0.491699
vt 0.765625 0.530273
vt 0.764893 0.521484
vt 0.734863 0.479004
vt 0.737305 0.489746
vt 0.751953 0.468506
vt 0.741699 0.468018
vt 0.737305 0.473389
vt 0.750488 0.447510
vt 0.758545 0.422363
vt 0.752441 0.417725
vt 0.759766 0.440674
vt 0.761719 0.463135
vt 0.767822 0.429932
vt 0.768799 0.411621
vt 0.788330 0.421387
vt 0.769531 0.450684
vt 0.772949 0.438232
vt 0.782715 0.437988
vt 0.788574 0.440430
vt 0.783936 0.445801
vt 0.781982 0.453857
vt 0.780273 0.441650
vt 0.776855 0.440430
vt 0.780518 0.446533
vt 0.780762 0.450928
vt 0.778320 0.453613
vt 0.772705 0.445801
vt 0.776611 0.444580
vt 0.776855 0.449951
vt 0.779053 0.450684
vt 0.784180 0.465088
vt 0.772461 0.466309
vt 0.775391 0.477051
vt 0.786621 0.481689
vt 0.768799 0.479980
vt 0.780029 0.496338
vt 0.768311 0.493652
vt 0.771973 0.483398
vt 0.775391 0.484375
vt 0.772461 0.491943
vt 0.773193 0.496338
vt 0.776367 0.505371
vt 0.777832 0.513184
vt 0.783203 0.514160
vt 0.786865 0.522217
vt 0.783447 0.526123
vt 0.780518 0.518799
vt 0.779297 0.523926
vt 0.776367 0.522217
vt 0.773682 0.517334
vt 0.772461 0.525391
vt 0.770020 0.527832
vt 0.769287 0.524658
vt 0.768066 0.520264
vt 0.767334 0.525391
vt 0.479248 0.841064
vt 0.472412 0.842285
vt 0.475098 0.833984
vt 0.475830 0.846436
vt 0.479980 0.837646
vt 0.472900 0.851807
vt 0.481934 0.850830
vt 0.483398 0.849365
vt 0.490479 0.849365
vt 0.489014 0.854492
vt 0.484375 0.847168
vt 0.498047 0.847656
vt 0.483643 0.845215
vt 0.489258 0.844727
vt 0.484375 0.842285
vt 0.495117 0.841797
vt 0.488525 0.839111
vt 0.501709 0.834961
vt 0.484863 0.838379
vt 0.511963 0.843018
vt 0.490479 0.834961
vt 0.483154 0.836914
vt 0.482910 0.834961
vt 0.480957 0.833496
vt 0.489502 0.830322
vt 0.483887 0.830811
vt 0.479492 0.828857
vt 0.501221 0.825684
vt 0.485596 0.827881
vt 0.492188 0.825195
vt 0.484375 0.825928
vt 0.479248 0.826416
vt 0.474854 0.828125
vt 0.482666 0.824219
vt 0.481201 0.821533
vt 0.488037 0.820801
vt 0.487061 0.817871
vt 0.478760 0.819824
vt 0.481934 0.816162
vt 0.498535 0.816406
vt 0.489502 0.813477
vt 0.478516 0.813232
vt 0.482910 0.813721
vt 0.482666 0.811279
vt 0.489990 0.808350
vt 0.483887 0.807861
vt 0.484863 0.804199
vt 0.497314 0.807617
vt 0.489746 0.802734
vt 0.481445 0.802002
vt 0.487061 0.800781
vt 0.491943 0.801270
vt 0.485107 0.798828
vt 0.489502 0.798584
vt 0.503662 0.796143
vt 0.517334 0.816895
vt 0.521484 0.806396
vt 0.515869 0.826904
vt 0.513184 0.831055
vt 0.531494 0.830078
vt 0.523682 0.830811
vt 0.513916 0.835449
vt 0.524658 0.835938
vt 0.530029 0.833008
vt 0.523438 0.838135
vt 0.528564 0.848877
vt 0.531982 0.835449
vt 0.539062 0.839600
vt 0.546387 0.848877
vt 0.540771 0.829834
vt 0.542725 0.819336
vt 0.552246 0.836670
vt 0.559814 0.842285
vt 0.553223 0.828369
vt 0.560059 0.810303
vt 0.567139 0.823242
vt 0.560791 0.830078
vt 0.586182 0.823242
vt 0.601562 0.808594
vt 0.594727 0.833496
vt 0.577637 0.797852
vt 0.570068 0.829590
vt 0.574219 0.837158
vt 0.556396 0.835449
vt 0.593750 0.844482
vt 0.562500 0.832520
vt 0.611084 0.855469
vt 0.592529 0.853516
vt 0.572754 0.848877
vt 0.560547 0.858643
vt 0.559570 0.838379
vt 0.566895 0.831787
vt 0.567383 0.838135
vt 0.566162 0.836670
vt 0.560059 0.840088
vt 0.397461 0.591309
vt 0.389893 0.598633
vt 0.385254 0.591064
vt 0.386719 0.581543
vt 0.377441 0.596436
vt 0.399658 0.597168
vt 0.375732 0.586914
vt 0.370117 0.590088
vt 0.382080 0.604248
vt 0.370605 0.581787
vt 0.412354 0.570312
vt 0.368896 0.598145
vt 0.394775 0.605225
vt 0.366699 0.601318
vt 0.410645 0.585449
vt 0.361084 0.592285
vt 0.385742 0.609375
vt 0.359375 0.584717
vt 0.355957 0.592285
vt 0.365967 0.580811
vt 0.356201 0.586182
vt 0.360596 0.573975
vt 0.366455 0.574463
vt 0.374268 0.570068
vt 0.364014 0.566406
vt 0.354736 0.572754
vt 0.351562 0.574463
vt 0.395020 0.559570
vt 0.380127 0.546875
vt 0.348145 0.576904
vt 0.350342 0.563965
vt 0.358643 0.561279
vt 0.365479 0.555664
vt 0.352783 0.552002
vt 0.361328 0.554688
vt 0.370850 0.544922
vt 0.363037 0.548584
vt 0.370605 0.539551
vt 0.377197 0.536377
vt 0.361084 0.541260
vt 0.373535 0.532715
vt 0.384521 0.530273
vt 0.347900 0.561035
vt 0.359619 0.539307
vt 0.350098 0.546143
vt 0.367920 0.531982
vt 0.381836 0.525391
vt 0.363281 0.532227
vt 0.372070 0.527344
vt 0.390625 0.525879
vt 0.395996 0.525635
vt 0.387207 0.520264
vt 0.373291 0.523926
vt 0.378662 0.519775
vt 0.385498 0.514648
vt 0.374268 0.520264
vt 0.366699 0.525879
vt 0.377441 0.516113
vt 0.372559 0.515625
vt 0.370117 0.520752
vt 0.380127 0.502441
vt 0.377686 0.500732
vt 0.387939 0.494873
vt 0.381348 0.487305
vt 0.375244 0.500000
vt 0.368652 0.519043
vt 0.364746 0.503174
vt 0.356934 0.520752
vt 0.353271 0.516846
vt 0.351074 0.527588
vt 0.328613 0.519043
vt 0.332764 0.515137
vt 0.309082 0.507812
vt 0.333740 0.509521
vt 0.305176 0.503418
vt 0.320312 0.489502
vt 0.323730 0.531982
vt 0.303955 0.525146
vt 0.342529 0.492188
vt 0.366211 0.481934
vt 0.346436 0.475342
vt 0.324707 0.468018
vt 0.305176 0.472168
vt 0.356934 0.470703
vt 0.377441 0.483154
vt 0.374268 0.477295
vt 0.378662 0.478271
vt 0.381348 0.477539
vt 0.372559 0.473389
vt 0.355469 0.466797
vt 0.334473 0.463379
vt 0.374756 0.471680
vt 0.340332 0.458984
vt 0.365234 0.467285
vt 0.375000 0.469971
vt 0.359863 0.460938
vt 0.378418 0.472168
vt 0.372314 0.465820
vt 0.380859 0.471191
vt 0.326904 0.459473
vt 0.323486 0.461182
vt 0.326660 0.456787
vt 0.315674 0.452393
vt 0.305908 0.454834
vt 0.337402 0.455078
vt 0.336914 0.452393
vt 0.324463 0.450928
vt 0.316895 0.444580
vt 0.310059 0.444580
vt 0.325195 0.447266
vt 0.354492 0.453369
vt 0.339111 0.447510
vt 0.372070 0.460449
vt 0.330811 0.446533
vt 0.325439 0.444824
vt 0.329346 0.444092
vt 0.332031 0.443359
vt 0.327148 0.441406
vt 0.336914 0.441895
vt 0.328857 0.438232
vt 0.311523 0.435547
vt 0.307373 0.443115
vt 0.340088 0.439941
vt 0.346924 0.444580
vt 0.338867 0.435303
vt 0.343506 0.434814
vt 0.331055 0.430176
vt 0.339111 0.429443
vt 0.320557 0.427246
vt 0.333008 0.427979
vt 0.334961 0.426270
vt 0.327637 0.426270
vt 0.341309 0.427979
vt 0.325439 0.425049
vt 0.312256 0.422852
vt 0.306396 0.430420
vt 0.305420 0.434326
vt 0.303711 0.427490
vt 0.315918 0.424316
vt 0.317383 0.423584
vt 0.322266 0.423584
vt 0.317139 0.419922
vt 0.320068 0.418945
vt 0.325928 0.422852
vt 0.334717 0.423828
vt 0.325928 0.421143
vt 0.323242 0.417969
vt 0.339600 0.425537
vt 0.336670 0.422119
vt 0.337891 0.418701
vt 0.333740 0.417236
vt 0.340820 0.424561
vt 0.342529 0.424072
vt 0.347168 0.434814
vt 0.348877 0.421875
vt 0.349609 0.434570
vt 0.352783 0.426514
vt 0.349854 0.444336
vt 0.358887 0.439697
vt 0.358398 0.430908
vt 0.363037 0.451172
vt 0.362305 0.434082
vt 0.375000 0.460205
vt 0.380859 0.463135
vt 0.370361 0.451660
vt 0.365234 0.442871
vt 0.366211 0.436035
vt 0.363770 0.429199
vt 0.368408 0.429199
vt 0.368652 0.442139
vt 0.372559 0.439209
vt 0.371582 0.449951
vt 0.384766 0.458984
vt 0.375244 0.447754
vt 0.377197 0.443359
vt 0.382080 0.432861
vt 0.372314 0.422363
vt 0.384521 0.447998
vt 0.402344 0.445068
vt 0.391602 0.457031
vt 0.397461 0.457520
vt 0.405273 0.454834
vt 0.400635 0.463379
vt 0.395020 0.465576
vt 0.390137 0.465820
vt 0.397705 0.469727
vt 0.405029 0.478516
vt 0.384766 0.467285
vt 0.394287 0.470215
vt 0.383545 0.469238
vt 0.389404 0.469482
vt 0.394531 0.472656
vt 0.396484 0.476074
vt 0.389648 0.472168
vt 0.389893 0.475342
vt 0.388184 0.478271
vt 0.396729 0.485352
vt 0.396240 0.501465
vt 0.395508 0.516602
vt 0.403564 0.506592
vt 0.419922 0.522949
vt 0.409180 0.539307
vt 0.434814 0.533447
vt 0.432373 0.512207
vt 0.418701 0.490479
vt 0.440674 0.489014
vt 0.416992 0.467773
vt 0.421143 0.447021
vt 0.438232 0.461426
vt 0.449951 0.509521
vt 0.455078 0.474365
vt 0.458008 0.450928
vt 0.463623 0.492188
vt 0.476318 0.479248
vt 0.482910 0.455566
vt 0.489746 0.467285
vt 0.506348 0.464844
vt 0.504883 0.456299
vt 0.499512 0.474365
vt 0.486084 0.498535
vt 0.510986 0.494385
vt 0.499023 0.515381
vt 0.471436 0.514893
vt 0.487793 0.538086
vt 0.508057 0.535156
vt 0.452637 0.530518
vt 0.494873 0.554443
vt 0.468018 0.539795
vt 0.452637 0.552002
vt 0.470947 0.556641
vt 0.508301 0.560303
vt 0.497314 0.559814
vt 0.490234 0.561279
vt 0.480957 0.566895
vt 0.498779 0.570312
vt 0.503906 0.562744
vt 0.511963 0.586426
vt 0.489746 0.564453
vt 0.505371 0.587402
vt 0.495850 0.571533
vt 0.522705 0.597412
vt 0.517822 0.600586
vt 0.487793 0.567627
vt 0.500000 0.584717
vt 0.494141 0.574463
vt 0.490479 0.572754
vt 0.486084 0.569824
vt 0.491943 0.586426
vt 0.488037 0.575928
vt 0.483643 0.571045
vt 0.497070 0.589111
vt 0.502930 0.591797
vt 0.501953 0.596680
vt 0.510498 0.594727
vt 0.509521 0.596924
vt 0.515625 0.602295
vt 0.521240 0.603271
vt 0.517822 0.605225
vt 0.510986 0.602051
vt 0.510986 0.609375
vt 0.523682 0.609375
vt 0.516357 0.616211
vt 0.499023 0.602783
vt 0.510010 0.615479
vt 0.507568 0.618896
vt 0.513428 0.621094
vt 0.520752 0.617188
vt 0.522217 0.622314
vt 0.525879 0.620605
vt 0.510742 0.623779
vt 0.516113 0.624268
vt 0.512451 0.626465
vt 0.509277 0.639893
vt 0.514160 0.636719
vt 0.508301 0.630859
vt 0.505371 0.624268
vt 0.506104 0.634277
vt 0.505615 0.640381
vt 0.504150 0.635986
vt 0.501709 0.634033
vt 0.500732 0.616943
vt 0.500732 0.640137
vt 0.498047 0.637939
vt 0.499023 0.652100
vt 0.498047 0.649170
vt 0.501953 0.655518
vt 0.493896 0.650391
vt 0.494385 0.635498
vt 0.519287 0.654297
vt 0.490723 0.593506
vt 0.487549 0.586426
vt 0.488770 0.593506
vt 0.488037 0.581787
vt 0.484375 0.576172
vt 0.484863 0.582275
vt 0.480469 0.575684
vt 0.482422 0.584229
vt 0.474609 0.576904
vt 0.469238 0.568848
vt 0.482910 0.587891
vt 0.487061 0.593262
vt 0.476562 0.586182
vt 0.493164 0.608154
vt 0.485352 0.593018
vt 0.488281 0.604248
vt 0.490723 0.621826
vt 0.491699 0.638184
vt 0.483398 0.595703
vt 0.487305 0.616943
vt 0.488770 0.639648
vt 0.491455 0.644531
vt 0.481201 0.654053
vt 0.486816 0.643799
vt 0.485840 0.634766
vt 0.479492 0.633057
vt 0.449707 0.647705
vt 0.483887 0.610107
vt 0.451416 0.621094
vt 0.435059 0.637451
vt 0.473877 0.604004
vt 0.477051 0.590332
vt 0.446533 0.600586
vt 0.434814 0.615967
vt 0.430176 0.620850
vt 0.430176 0.640869
vt 0.465576 0.594238
vt 0.469238 0.589600
vt 0.452393 0.586426
vt 0.449707 0.590332
vt 0.435791 0.598389
vt 0.453369 0.577148
vt 0.436279 0.585205
vt 0.432129 0.599854
vt 0.437012 0.591064
vt 0.432129 0.590088
vt 0.423584 0.597412
vt 0.436523 0.581787
vt 0.428711 0.589844
vt 0.432129 0.583252
vt 0.435303 0.571533
vt 0.446045 0.567139
vt 0.433350 0.564697
vt 0.432129 0.575684
vt 0.430664 0.553711
vt 0.426758 0.572266
vt 0.425537 0.582031
vt 0.419434 0.579346
vt 0.423096 0.590820
vt 0.418213 0.587158
vt 0.411133 0.591064
vt 0.413818 0.597412
vt 0.413330 0.601318
vt 0.405029 0.601562
vt 0.398682 0.606201
vt 0.400879 0.607666
vt 0.409668 0.606201
vt 0.398438 0.613037
vt 0.416748 0.607666
vt 0.408203 0.611572
vt 0.426270 0.607178
vt 0.419922 0.621338
vt 0.422119 0.635010
vt 0.425537 0.652588
vt 0.406738 0.644775
vt 0.408936 0.625000
vt 0.396484 0.643555
vt 0.398926 0.626221
vt 0.385498 0.634033
vt 0.383301 0.620361
vt 0.366943 0.627441
vt 0.385742 0.613037
vt 0.364990 0.611816
vt 0.354980 0.614258
vt 0.375732 0.609863
vt 0.376465 0.605957
vt 0.365723 0.603516
vt 0.352783 0.605713
vt 0.340820 0.609131
vt 0.334961 0.598389
vt 0.358154 0.599609
vt 0.348633 0.596680
vt 0.353027 0.592773
vt 0.339111 0.585693
vt 0.330322 0.581055
vt 0.345703 0.583008
vt 0.339844 0.574219
vt 0.333252 0.571533
vt 0.318848 0.572998
vt 0.324463 0.560791
vt 0.345703 0.571533
vt 0.342285 0.560791
vt 0.345459 0.562500
vt 0.336182 0.555420
vt 0.345703 0.543457
vt 0.329102 0.548584
vt 0.313477 0.554199
vt 0.317139 0.540283
vt 0.335938 0.537598
vt 0.353027 0.534912
vt 0.354980 0.539307
vt 0.359863 0.533203
vt 0.265869 0.335693
vt 0.270264 0.327881
vt 0.273438 0.343750
vt 0.254883 0.328369
vt 0.250488 0.337891
vt 0.245117 0.327393
vt 0.245605 0.320068
vt 0.254883 0.319336
vt 0.268799 0.320801
vt 0.255127 0.313232
vt 0.278809 0.328369
vt 0.235840 0.321777
vt 0.234375 0.328857
vt 0.233398 0.316650
vt 0.223877 0.327393
vt 0.241943 0.314453
vt 0.237305 0.311768
vt 0.225830 0.348389
vt 0.223389 0.321045
vt 0.222656 0.336670
vt 0.215332 0.327881
vt 0.215088 0.337402
vt 0.217041 0.343262
vt 0.208984 0.335205
vt 0.208008 0.344238
vt 0.212402 0.352051
vt 0.203125 0.344238
vt 0.207764 0.333740
vt 0.213379 0.325439
vt 0.206055 0.332031
vt 0.221924 0.317871
vt 0.212891 0.323242
vt 0.235840 0.310303
vt 0.223877 0.310303
vt 0.212646 0.309570
vt 0.201416 0.340576
vt 0.253906 0.308350
vt 0.235596 0.306152
vt 0.224609 0.295410
vt 0.216553 0.288086
vt 0.239258 0.295654
vt 0.253906 0.303955
vt 0.254639 0.294678
vt 0.263672 0.304199
vt 0.268555 0.294922
vt 0.278320 0.307617
vt 0.268555 0.310791
vt 0.285400 0.315186
vt 0.292236 0.306641
vt 0.299316 0.318604
vt 0.279053 0.318848
vt 0.271973 0.315918
vt 0.288818 0.331787
vt 0.279541 0.324219
vt 0.268311 0.316650
vt 0.286865 0.336182
vt 0.285156 0.337158
vt 0.290283 0.347168
vt 0.297119 0.332520
vt 0.306152 0.323486
vt 0.303223 0.340332
vt 0.293213 0.345215
vt 0.319092 0.334961
vt 0.307129 0.344971
vt 0.288330 0.353271
vt 0.296631 0.355957
vt 0.291992 0.355957
vt 0.292725 0.364990
vt 0.296387 0.366211
vt 0.307373 0.355469
vt 0.325928 0.342041
vt 0.332031 0.350098
vt 0.308105 0.366211
vt 0.325684 0.364502
vt 0.294678 0.373779
vt 0.306885 0.372803
vt 0.330811 0.373047
vt 0.299072 0.377686
vt 0.306152 0.382812
vt 0.291748 0.381592
vt 0.290771 0.378174
vt 0.288818 0.370361
vt 0.289307 0.363037
vt 0.285889 0.364502
vt 0.281982 0.380859
vt 0.283691 0.370605
vt 0.278564 0.368408
vt 0.276367 0.379150
vt 0.277832 0.355713
vt 0.267822 0.359619
vt 0.290039 0.382812
vt 0.282471 0.353516
vt 0.284424 0.340576
vt 0.279297 0.342285
vt 0.236572 0.369629
vt 0.258789 0.377197
vt 0.218262 0.364990
vt 0.243896 0.390869
vt 0.273682 0.388916
vt 0.267578 0.398438
vt 0.280518 0.387695
vt 0.280762 0.404541
vt 0.287109 0.396973
vt 0.279297 0.420410
vt 0.296875 0.395508
vt 0.297363 0.385010
vt 0.305420 0.404297
vt 0.303955 0.410889
vt 0.298584 0.416504
vt 0.308838 0.412109
vt 0.307861 0.416260
vt 0.316406 0.410400
vt 0.297607 0.422852
vt 0.292725 0.424561
vt 0.316162 0.405273
vt 0.341064 0.404053
vt 0.330322 0.392334
vt 0.355469 0.393799
vt 0.364990 0.396729
vt 0.295898 0.426025
vt 0.293701 0.432373
vt 0.298584 0.430176
vt 0.296631 0.434570
vt 0.292236 0.439453
vt 0.289795 0.441650
vt 0.295410 0.447021
vt 0.291504 0.453125
vt 0.300537 0.468018
vt 0.278809 0.465332
vt 0.274902 0.445068
vt 0.255371 0.461426
vt 0.266113 0.483154
vt 0.257324 0.438965
vt 0.242920 0.485596
vt 0.256836 0.418945
vt 0.239746 0.430176
vt 0.232422 0.414551
vt 0.239014 0.448242
vt 0.219727 0.438965
vt 0.229492 0.468994
vt 0.220703 0.456543
vt 0.218018 0.490234
vt 0.206055 0.471924
vt 0.229980 0.495117
vt 0.235352 0.508057
vt 0.220215 0.510986
vt 0.209229 0.499268
vt 0.211670 0.520996
vt 0.198730 0.482910
vt 0.195312 0.496338
vt 0.186768 0.458252
vt 0.184082 0.480957
vt 0.203857 0.455566
vt 0.199219 0.436768
vt 0.165527 0.453857
vt 0.172607 0.468750
vt 0.180176 0.444092
vt 0.165771 0.438232
vt 0.209473 0.415283
vt 0.183838 0.424805
vt 0.219727 0.401855
vt 0.168457 0.424805
vt 0.155273 0.437988
vt 0.171631 0.420654
vt 0.219482 0.383057
vt 0.174561 0.410156
vt 0.171631 0.417236
vt 0.171143 0.413330
vt 0.172119 0.410889
vt 0.169434 0.409668
vt 0.172607 0.407227
vt 0.175049 0.407715
vt 0.179688 0.400146
vt 0.186035 0.402344
vt 0.199951 0.404541
vt 0.203613 0.389404
vt 0.201660 0.382080
vt 0.208740 0.375244
vt 0.210449 0.369141
vt 0.203369 0.373779
vt 0.210693 0.358887
vt 0.205078 0.365479
vt 0.200684 0.364014
vt 0.207031 0.359619
vt 0.208984 0.353027
vt 0.203857 0.348389
vt 0.201660 0.353271
vt 0.200439 0.357666
vt 0.198975 0.362305
vt 0.197998 0.351562
vt 0.193115 0.354492
vt 0.197021 0.348145
vt 0.190918 0.344727
vt 0.184326 0.340576
vt 0.196533 0.338623
vt 0.200928 0.334229
vt 0.205078 0.322021
vt 0.201660 0.308838
vt 0.200928 0.298584
vt 0.195312 0.315674
vt 0.192871 0.297852
vt 0.191162 0.325684
vt 0.187988 0.310547
vt 0.181641 0.306152
vt 0.185059 0.329834
vt 0.176514 0.309082
vt 0.177979 0.321289
vt 0.930908 0.422607
vt 0.937988 0.432129
vt 0.925293 0.433594
vt 0.915771 0.423828
vt 0.940674 0.424072
vt 0.942139 0.431641
vt 0.945801 0.414551
vt 0.930908 0.405518
vt 0.936768 0.396240
vt 0.915039 0.418457
vt 0.924072 0.398682
vt 0.911133 0.419189
vt 0.909180 0.422363
vt 0.906494 0.414795
vt 0.906982 0.411133
vt 0.899658 0.409180
vt 0.917725 0.413330
vt 0.905762 0.406982
vt 0.923584 0.410156
vt 0.917236 0.411133
vt 0.921143 0.402344
vt 0.920654 0.407471
vt 0.915771 0.407715
vt 0.916748 0.404785
vt 0.911865 0.406250
vt 0.907227 0.396484
vt 0.893066 0.393311
vt 0.878662 0.406006
vt 0.866943 0.394043
vt 0.862305 0.377197
vt 0.894775 0.378906
vt 0.862549 0.365479
vt 0.875244 0.359863
vt 0.892578 0.364746
vt 0.913818 0.377197
vt 0.909180 0.369385
vt 0.910156 0.390869
vt 0.912598 0.366943
vt 0.911377 0.396729
vt 0.916260 0.395264
vt 0.915283 0.390381
vt 0.921631 0.394043
vt 0.929199 0.392090
vt 0.938232 0.385986
vt 0.925049 0.390381
vt 0.926025 0.385254
vt 0.920654 0.388428
vt 0.914795 0.382568
vt 0.931152 0.381348
vt 0.937744 0.372314
vt 0.923340 0.380615
vt 0.929688 0.376221
vt 0.926270 0.375732
vt 0.933105 0.373047
vt 0.928711 0.372803
vt 0.922607 0.370850
vt 0.929443 0.370361
vt 0.931885 0.368896
vt 0.936279 0.366943
vt 0.940430 0.362061
vt 0.924316 0.367676
vt 0.923828 0.364258
vt 0.917236 0.369629
vt 0.934326 0.364014
vt 0.936035 0.360840
vt 0.925537 0.358154
vt 0.935303 0.356201
vt 0.946289 0.357422
vt 0.932861 0.361328
vt 0.927002 0.362549
vt 0.928955 0.359375
vt 0.938721 0.353271
vt 0.933105 0.354004
vt 0.930908 0.351074
vt 0.934326 0.346924
vt 0.939941 0.347900
vt 0.942627 0.346924
vt 0.926514 0.346924
vt 0.921143 0.354004
vt 0.919678 0.342041
vt 0.916260 0.342773
vt 0.914062 0.351807
vt 0.034912 0.693604
vt 0.034912 0.697266
vt 0.031494 0.694824
vt 0.228516 0.724365
vt 0.234863 0.714600
vt 0.231689 0.726807
vt 0.226807 0.733154
vt 0.223877 0.722900
vt 0.224609 0.729736
vt 0.225586 0.726074
vt 0.219971 0.735107
vt 0.221680 0.739746
vt 0.222656 0.727051
vt 0.218262 0.731689
vt 0.209473 0.749268
vt 0.216797 0.752930
vt 0.207764 0.735107
vt 0.211182 0.766846
vt 0.217285 0.729248
vt 0.218018 0.719971
vt 0.218994 0.724365
vt 0.213623 0.728271
vt 0.215820 0.722412
vt 0.212158 0.717529
vt 0.211914 0.709717
vt 0.211670 0.725342
vt 0.211182 0.722168
vt 0.207764 0.719238
vt 0.208984 0.720459
vt 0.207520 0.725098
vt 0.202881 0.715576
vt 0.203613 0.728271
vt 0.203369 0.721924
vt 0.199951 0.729736
vt 0.197510 0.739014
vt 0.201416 0.716553
vt 0.200684 0.720215
vt 0.197998 0.713623
vt 0.197998 0.706055
vt 0.198730 0.718994
vt 0.197998 0.725098
vt 0.195312 0.714111
vt 0.196289 0.720215
vt 0.191895 0.727051
vt 0.193604 0.719238
vt 0.190430 0.711670
vt 0.189941 0.720703
vt 0.188477 0.737793
vt 0.183105 0.724609
vt 0.187256 0.718506
vt 0.188232 0.715088
vt 0.186035 0.717041
vt 0.186523 0.712891
vt 0.184082 0.715820
vt 0.184082 0.710693
vt 0.177002 0.704102
vt 0.189453 0.699219
vt 0.181152 0.718750
vt 0.180664 0.712891
vt 0.176514 0.719238
vt 0.177490 0.713379
vt 0.176758 0.710449
vt 0.175293 0.712646
vt 0.174316 0.709229
vt 0.171875 0.708740
vt 0.170898 0.697754
vt 0.172607 0.713623
vt 0.168457 0.707764
vt 0.171631 0.717285
vt 0.173584 0.724854
vt 0.169434 0.714355
vt 0.167725 0.718506
vt 0.166992 0.708740
vt 0.178467 0.743408
vt 0.165039 0.705811
vt 0.164795 0.701904
vt 0.166504 0.712891
vt 0.164795 0.708740
vt 0.163574 0.710449
vt 0.161865 0.708252
vt 0.162109 0.714600
vt 0.161133 0.705322
vt 0.158691 0.711182
vt 0.166016 0.728760
vt 0.157471 0.719238
vt 0.156006 0.707764
vt 0.155762 0.730957
vt 0.156494 0.702881
vt 0.153076 0.762207
vt 0.166992 0.747803
vt 0.163574 0.778076
vt 0.159424 0.704346
vt 0.160400 0.698486
vt 0.181152 0.761475
vt 0.171875 0.787598
vt 0.191162 0.754150
vt 0.161621 0.804443
vt 0.155029 0.803955
vt 0.151123 0.823242
vt 0.194824 0.747070
vt 0.189941 0.768066
vt 0.174561 0.805664
vt 0.161865 0.824219
vt 0.170898 0.828125
vt 0.180664 0.781494
vt 0.178955 0.788574
vt 0.179688 0.814209
vt 0.177246 0.833008
vt 0.187256 0.823975
vt 0.194336 0.794922
vt 0.185547 0.799561
vt 0.177002 0.795654
vt 0.180176 0.799072
vt 0.180908 0.790527
vt 0.179932 0.795898
vt 0.184082 0.797363
vt 0.181641 0.796875
vt 0.181885 0.792725
vt 0.183594 0.787354
vt 0.184814 0.791016
vt 0.186768 0.792236
vt 0.188965 0.792725
vt 0.185547 0.786865
vt 0.187988 0.786865
vt 0.184326 0.783203
vt 0.189209 0.782471
vt 0.198975 0.770020
vt 0.204834 0.783203
vt 0.200928 0.749512
vt 0.199219 0.759521
vt 0.196533 0.765381
vt 0.191895 0.763184
vt 0.193359 0.756592
vt 0.197510 0.750000
vt 0.193848 0.761963
vt 0.195801 0.750244
vt 0.198486 0.753174
vt 0.195312 0.758057
vt 0.196777 0.759766
vt 0.018066 0.232666
vt 0.019287 0.226074
vt 0.026123 0.227539
vt 0.013916 0.222656
vt 0.026611 0.232666
vt 0.027588 0.235352
vt 0.033936 0.232422
vt 0.032715 0.237549
vt 0.008301 0.208984
vt 0.017578 0.211914
vt 0.019531 0.217773
vt 0.021240 0.222168
vt 0.023438 0.212891
vt 0.024658 0.208984
vt 0.029785 0.211426
vt 0.022949 0.217529
vt 0.026855 0.216309
vt 0.038818 0.219482
vt 0.035889 0.200195
vt 0.024902 0.220215
vt 0.026367 0.224609
vt 0.031250 0.221924
vt 0.031738 0.226807
vt 0.041748 0.237793
vt 0.669189 0.236328
vt 0.674316 0.252930
vt 0.664795 0.250488
vt 0.677246 0.244629
vt 0.681641 0.250977
vt 0.681396 0.246094
vt 0.683838 0.248779
vt 0.694092 0.249268
vt 0.686279 0.246338
vt 0.691895 0.243164
vt 0.701904 0.245605
vt 0.683838 0.244629
vt 0.679688 0.242920
vt 0.678223 0.239746
vt 0.685303 0.241943
vt 0.681641 0.240479
vt 0.689209 0.238525
vt 0.691162 0.233398
vt 0.708008 0.229248
vt 0.682373 0.236328
vt 0.676025 0.234619
vt 0.680420 0.233398
vt 0.672852 0.226318
vt 0.676270 0.229736
vt 0.692627 0.218750
vt 0.712158 0.220215
vt 0.711426 0.210693
vt 0.680420 0.229736
vt 0.684082 0.229492
vt 0.686035 0.222656
vt 0.681152 0.227539
vt 0.677734 0.226074
vt 0.681396 0.224609
vt 0.676270 0.222412
vt 0.681396 0.218506
vt 0.673096 0.218506
vt 0.686768 0.214355
vt 0.656494 0.228516
vt 0.675781 0.215088
vt 0.679932 0.214600
vt 0.674072 0.208496
vt 0.678467 0.212402
vt 0.680908 0.211426
vt 0.678711 0.209473
vt 0.686279 0.209717
vt 0.692383 0.209473
vt 0.682861 0.206543
vt 0.698975 0.200195
vt 0.707275 0.198242
vt 0.687256 0.205322
vt 0.695312 0.188232
vt 0.694092 0.201660
vt 0.700439 0.183105
vt 0.693848 0.194824
vt 0.692871 0.185547
vt 0.691406 0.182617
vt 0.686279 0.185547
vt 0.683838 0.182861
vt 0.687988 0.187012
vt 0.689453 0.190186
vt 0.683594 0.188232
vt 0.681396 0.186523
vt 0.674805 0.188232
vt 0.674805 0.180420
vt 0.665527 0.185791
vt 0.665283 0.191650
vt 0.685791 0.189453
vt 0.680176 0.192383
vt 0.657227 0.204590
vt 0.655518 0.191895
vt 0.687256 0.193115
vt 0.686035 0.194824
vt 0.692627 0.197754
vt 0.689453 0.198975
vt 0.689453 0.201660
vt 0.686035 0.198730
vt 0.684814 0.200439
vt 0.682373 0.198486
vt 0.678223 0.197266
vt 0.680664 0.201416
vt 0.676758 0.203125
vt 0.659424 0.215576
vt 0.648682 0.213379
vt 0.646729 0.207520
vt 0.639648 0.209961
vt 0.649902 0.221436
vt 0.639893 0.218018
vt 0.645508 0.219482
vt 0.648682 0.228271
vt 0.640381 0.226074
vt 0.649414 0.238525
vt 0.645996 0.237549
vt 0.641602 0.233643
vt 0.657227 0.246826
vt 0.656006 0.251953
vt 0.660156 0.251465
vt 0.663818 0.255615
vt 0.635498 0.233887
vt 0.640869 0.239502
vt 0.636719 0.240967
vt 0.633789 0.238281
vt 0.630615 0.222412
vt 0.620117 0.226318
vt 0.615479 0.235596
vt 0.630859 0.214844
vt 0.635254 0.204834
vt 0.619873 0.216309
vt 0.620361 0.205811
vt 0.629639 0.200928
vt 0.614990 0.220703
vt 0.622803 0.196289
vt 0.614990 0.209229
vt 0.613525 0.199707
vt 0.614746 0.191162
vt 0.604004 0.194580
vt 0.607666 0.202148
vt 0.606689 0.204834
vt 0.597168 0.195312
vt 0.598389 0.187256
vt 0.587646 0.195557
vt 0.589355 0.192139
vt 0.588379 0.183838
vt 0.578857 0.188721
vt 0.562744 0.195312
vt 0.563477 0.189453
vt 0.573975 0.213379
vt 0.549072 0.208008
vt 0.592773 0.210693
vt 0.596924 0.230713
vt 0.603271 0.241455
vt 0.549072 0.218018
vt 0.583008 0.245850
vt 0.587891 0.248291
vt 0.572510 0.246338
vt 0.570557 0.238037
vt 0.553467 0.235840
vt 0.541504 0.228516
vt 0.539795 0.223633
vt 0.534912 0.218750
vt 0.098877 0.578369
vt 0.097900 0.569336
vt 0.103516 0.572510
vt 0.107422 0.574707
vt 0.107422 0.571777
vt 0.087646 0.562012
vt 0.075684 0.563232
vt 0.113037 0.568359
vt 0.082275 0.550781
vt 0.104736 0.570068
vt 0.101562 0.568604
vt 0.100342 0.565674
vt 0.097656 0.562744
vt 0.102051 0.564941
vt 0.104004 0.566895
vt 0.107910 0.568359
vt 0.104004 0.563477
vt 0.110596 0.567627
vt 0.107178 0.564453
vt 0.103271 0.559814
vt 0.109863 0.559814
vt 0.096924 0.557617
vt 0.104980 0.556152
vt 0.118652 0.559570
vt 0.117920 0.567383
vt 0.125000 0.565918
vt 0.123535 0.555176
vt 0.111084 0.548584
vt 0.122070 0.548096
vt 0.102295 0.552490
vt 0.093750 0.553467
vt 0.099609 0.545898
vt 0.103516 0.544678
vt 0.092773 0.544434
vt 0.116211 0.541992
vt 0.121338 0.538086
vt 0.105957 0.536377
vt 0.097900 0.541504
vt 0.119385 0.531250
vt 0.121582 0.527832
vt 0.111084 0.529785
vt 0.115479 0.522949
vt 0.123535 0.517822
vt 0.119385 0.515381
vt 0.106934 0.517090
vt 0.106445 0.521729
vt 0.105713 0.525635
vt 0.103271 0.521729
vt 0.102783 0.516357
vt 0.096191 0.518311
vt 0.099609 0.513184
vt 0.099365 0.523438
vt 0.083984 0.513428
vt 0.083496 0.503906
vt 0.079102 0.504395
vt 0.076904 0.507812
vt 0.092285 0.524414
vt 0.083008 0.530273
vt 0.076660 0.519775
vt 0.095703 0.528320
vt 0.090820 0.535889
vt 0.074707 0.536621
vt 0.077881 0.543457
vt 0.075684 0.548584
vt 0.095947 0.539551
vt 0.094971 0.536133
vt 0.100830 0.539551
vt 0.097656 0.537109
vt 0.101807 0.534424
vt 0.098877 0.531494
vt 0.101807 0.528809
vt 0.099854 0.526611
vt 0.129883 0.007568
vt 0.128906 0.003418
vt 0.134033 0.003174
vt 0.135010 0.010254
vt 0.142822 0.002441
vt 0.129150 0.014404
vt 0.125000 0.011230
vt 0.135986 0.019043
vt 0.129883 0.022217
vt 0.120605 0.022217
vt 0.129150 0.033936
vt 0.140869 0.027832
vt 0.145996 0.018066
vt 0.155273 0.024902
vt 0.155273 0.017822
vt 0.161621 0.012939
vt 0.151855 0.009277
vt 0.148926 0.005371
vt 0.153320 0.006836
vt 0.159180 0.004150
vt 0.856689 0.599854
vt 0.862793 0.581299
vt 0.868896 0.596191
vt 0.874268 0.593750
vt 0.885498 0.575684
vt 0.875732 0.565674
vt 0.833496 0.596436
vt 0.847168 0.610107
vt 0.840576 0.577393
vt 0.839355 0.567383
vt 0.870605 0.554443
vt 0.843506 0.552246
vt 0.827881 0.562988
vt 0.866455 0.541504
vt 0.875000 0.542725
vt 0.859131 0.537354
vt 0.829834 0.541016
vt 0.829346 0.536621
vt 0.844238 0.519287
vt 0.861816 0.525879
vt 0.856445 0.512207
vt 0.870605 0.534668
vt 0.874023 0.536133
vt 0.878418 0.536865
vt 0.873291 0.531250
vt 0.877197 0.531982
vt 0.878906 0.530029
vt 0.873291 0.528564
vt 0.881592 0.527100
vt 0.875732 0.526611
vt 0.876953 0.524902
vt 0.867920 0.523438
vt 0.879639 0.523438
vt 0.883545 0.522217
vt 0.870605 0.520508
vt 0.864258 0.519775
vt 0.870605 0.517578
vt 0.868896 0.510986
vt 0.872070 0.505371
vt 0.878906 0.520996
vt 0.879150 0.515137
vt 0.875000 0.516846
vt 0.884521 0.515869
vt 0.873779 0.513672
vt 0.876221 0.510742
vt 0.881104 0.511230
vt 0.254639 0.014160
vt 0.249023 0.015869
vt 0.252441 0.011230
vt 0.244873 0.013672
vt 0.252930 0.021484
vt 0.248291 0.021729
vt 0.243896 0.025635
vt 0.248779 0.027832
vt 0.254395 0.028076
vt 0.558350 0.798096
vt 0.574463 0.789062
vt 0.589844 0.790283
vt 0.524902 0.788330
vt 0.551758 0.787354
vt 0.571533 0.774902
vt 0.520752 0.782471
vt 0.502686 0.785645
vt 0.535156 0.781494
vt 0.548828 0.777588
vt 0.559570 0.768066
vt 0.579102 0.762451
vt 0.575684 0.748535
vt 0.504150 0.775391
vt 0.500488 0.773926
vt 0.499023 0.755371
vt 0.511475 0.758545
vt 0.545166 0.758301
vt 0.541992 0.731934
vt 0.531982 0.744385
vt 0.520752 0.771484
vt 0.522217 0.760986
vt 0.519043 0.754883
vt 0.527588 0.751953
vt 0.533203 0.753174
vt 0.527588 0.755859
vt 0.524658 0.759033
vt 0.532959 0.757080
vt 0.526367 0.763184
vt 0.530029 0.759766
vt 0.534912 0.758301
vt 0.531494 0.763428
vt 0.536133 0.765381
vt 0.525879 0.767090
vt 0.530762 0.767578
vt 0.531738 0.769043
vt 0.528076 0.770996
vt 0.525391 0.773193
vt 0.528564 0.778320
vt 0.529541 0.775146
vt 0.532715 0.771484
vt 0.534668 0.774902
vt 0.539307 0.772461
vt 0.906006 0.156250
vt 0.918213 0.151123
vt 0.919189 0.156006
vt 0.922119 0.156250
vt 0.904297 0.148438
vt 0.924072 0.149902
vt 0.916504 0.144287
vt 0.914795 0.136963
vt 0.899170 0.140137
vt 0.900391 0.129150
vt 0.927002 0.154297
vt 0.924072 0.158203
vt 0.930664 0.149658
vt 0.933350 0.155029
vt 0.933594 0.160400
vt 0.942383 0.149414
vt 0.939941 0.143555
vt 0.925049 0.146240
vt 0.932861 0.141846
vt 0.933350 0.132568
vt 0.929199 0.145264
vt 0.922363 0.142578
vt 0.926514 0.142578
vt 0.930176 0.140625
vt 0.929688 0.135742
vt 0.927002 0.139404
vt 0.925781 0.135254
vt 0.927490 0.130127
vt 0.923584 0.138916
vt 0.919922 0.130371
vt 0.907715 0.121338
vt 0.921631 0.119385
vt 0.924561 0.120605
vt 0.901367 0.112061
vt 0.901367 0.115967
vt 0.922363 0.113770
vt 0.927002 0.114502
vt 0.927734 0.110107
vt 0.919678 0.111816
vt 0.928467 0.105713
vt 0.927979 0.102539
vt 0.919678 0.103027
vt 0.902100 0.103760
vt 0.898193 0.108398
vt 0.902588 0.100098
vt 0.898438 0.102051
vt 0.898926 0.100342
vt 0.897705 0.096924
vt 0.894531 0.098877
vt 0.900146 0.096191
vt 0.895264 0.093994
vt 0.909912 0.092773
vt 0.896973 0.092773
vt 0.897705 0.089111
vt 0.902344 0.085938
vt 0.898682 0.085693
vt 0.895508 0.085449
vt 0.895752 0.082031
vt 0.899902 0.082764
vt 0.900635 0.080566
vt 0.896729 0.079346
vt 0.894775 0.078613
vt 0.164062 0.976562
vt 0.153564 0.959961
vt 0.168213 0.969238
vt 0.155762 0.975098
vt 0.163574 0.980713
vt 0.153076 0.988037
vt 0.170898 0.975830
vt 0.173584 0.985596
vt 0.183105 0.972900
vt 0.177490 0.971191
vt 0.171631 0.960693
vt 0.184570 0.968750
vt 0.192871 0.967773
vt 0.187744 0.961182
vt 0.346436 0.827637
vt 0.319336 0.842773
vt 0.328125 0.834717
vt 0.331299 0.826172
vt 0.346680 0.805908
vt 0.319580 0.840088
vt 0.312256 0.838379
vt 0.299805 0.844727
vt 0.323242 0.836426
vt 0.317383 0.837891
vt 0.325439 0.834229
vt 0.320801 0.835693
vt 0.325928 0.831055
vt 0.324463 0.832764
vt 0.321777 0.833008
vt 0.320557 0.831055
vt 0.315674 0.832031
vt 0.316406 0.834961
vt 0.314209 0.836182
vt 0.312744 0.827881
vt 0.323730 0.820068
vt 0.329590 0.803467
vt 0.292969 0.838379
vt 0.293457 0.843750
vt 0.298584 0.847412
vt 0.318604 0.813721
vt 0.315186 0.808838
vt 0.329102 0.788574
vt 0.320068 0.818115
vt 0.317139 0.822510
vt 0.313965 0.816406
vt 0.311523 0.793945
vt 0.314697 0.813232
vt 0.306396 0.818604
vt 0.299316 0.813232
vt 0.314941 0.820312
vt 0.309326 0.821777
vt 0.310547 0.825195
vt 0.307129 0.823975
vt 0.301025 0.823486
vt 0.296387 0.830811
vt 0.281738 0.833984
vt 0.274414 0.845459
vt 0.260986 0.837891
vt 0.279053 0.849609
vt 0.279053 0.855225
vt 0.286377 0.846191
vt 0.281250 0.852783
vt 0.269531 0.826660
vt 0.282959 0.850830
vt 0.290527 0.848389
vt 0.289795 0.852539
vt 0.287598 0.854736
vt 0.298828 0.857666
vt 0.294189 0.848145
vt 0.294678 0.853271
vt 0.296631 0.848145
vt 0.277100 0.810791
vt 0.289062 0.794189
vt 0.310791 0.782959
vt 0.281250 0.782471
vt 0.265869 0.793701
vt 0.265381 0.781982
vt 0.265625 0.808350
vt 0.252686 0.820557
vt 0.251953 0.793701
vt 0.256104 0.785400
vt 0.249268 0.807129
vt 0.250488 0.830322
vt 0.247803 0.836182
vt 0.239258 0.803955
vt 0.241943 0.787109
vt 0.233154 0.795410
vt 0.232666 0.798584
vt 0.232178 0.800537
vt 0.231934 0.803467
vt 0.230957 0.807617
vt 0.220703 0.803223
vt 0.234131 0.815186
vt 0.239258 0.821289
vt 0.239502 0.827148
vt 0.241455 0.833008
vt 0.240967 0.839355
vt 0.241699 0.840820
vt 0.236816 0.845703
vt 0.239746 0.837646
vt 0.233887 0.841553
vt 0.226318 0.845459
vt 0.235352 0.836914
vt 0.233887 0.834229
vt 0.232178 0.838379
vt 0.229004 0.839355
vt 0.217285 0.834473
vt 0.230957 0.833496
vt 0.233643 0.829346
vt 0.227539 0.833008
vt 0.221436 0.826660
vt 0.226807 0.829346
vt 0.231689 0.826904
vt 0.232910 0.823730
vt 0.226562 0.826172
vt 0.228271 0.824707
vt 0.230957 0.822021
vt 0.226318 0.823242
vt 0.224609 0.823975
vt 0.228027 0.821045
vt 0.223877 0.821045
vt 0.221680 0.820801
vt 0.227783 0.817383
vt 0.229492 0.812988
vt 0.221680 0.816650
vt 0.213379 0.818359
vt 0.226562 0.812988
vt 0.220703 0.814209
vt 0.217285 0.813721
vt 0.216797 0.807861
vt 0.212646 0.805176
vt 0.222168 0.812012
vt 0.220947 0.810059
vt 0.223389 0.806152
vt 0.224854 0.809082
vt 0.651367 0.956787
vt 0.657227 0.959229
vt 0.653809 0.961182
vt 0.658936 0.961914
vt 0.657471 0.955566
vt 0.648682 0.950195
vt 0.646729 0.957764
vt 0.647705 0.962646
vt 0.655762 0.964844
vt 0.638184 0.961914
vt 0.637451 0.954102
vt 0.648193 0.972656
vt 0.645020 0.968994
vt 0.639648 0.969727
vt 0.634277 0.958008
vt 0.629395 0.951172
vt 0.635986 0.968262
vt 0.639160 0.975342
vt 0.631348 0.966064
vt 0.631836 0.974365
vt 0.626953 0.959229
vt 0.625244 0.966553
vt 0.621582 0.963623
vt 0.620117 0.960205
vt 0.621826 0.957520
vt 0.613525 0.957275
vt 0.296631 0.994141
vt 0.307129 0.992432
vt 0.294434 0.999512
vt 0.287598 1.000000
vt 0.316895 0.999268
vt 0.313721 0.993164
vt 0.322754 0.997070
vt 0.827393 0.802002
vt 0.824951 0.806152
vt 0.809326 0.796143
vt 0.818848 0.806641
vt 0.837158 0.811523
vt 0.836426 0.808594
vt 0.841553 0.806396
vt 0.863525 0.800781
vt 0.825439 0.792725
vt 0.841553 0.803467
vt 0.821533 0.781250
vt 0.834473 0.799805
vt 0.829102 0.797119
vt 0.843506 0.799072
vt 0.837158 0.796387
vt 0.831787 0.793701
vt 0.829346 0.789307
vt 0.843506 0.791748
vt 0.834473 0.786377
vt 0.853027 0.785156
vt 0.843506 0.786865
vt 0.828857 0.781250
vt 0.829346 0.774658
vt 0.834717 0.782715
vt 0.843506 0.783691
vt 0.833496 0.778564
vt 0.838135 0.780518
vt 0.845459 0.776855
vt 0.828857 0.759766
vt 0.840088 0.777588
vt 0.835205 0.775635
vt 0.842285 0.773682
vt 0.836914 0.770996
vt 0.849609 0.772949
vt 0.858643 0.772949
vt 0.850342 0.768066
vt 0.873291 0.783691
vt 0.889404 0.820557
vt 0.868652 0.772217
vt 0.876221 0.774414
vt 0.871582 0.772705
vt 0.879395 0.770996
vt 0.866211 0.768066
vt 0.871826 0.767578
vt 0.875244 0.766113
vt 0.887939 0.770508
vt 0.871338 0.763672
vt 0.861816 0.756348
vt 0.874512 0.761230
vt 0.884277 0.761719
vt 0.873047 0.754395
vt 0.869141 0.758789
vt 0.876465 0.746826
vt 0.850342 0.759277
vt 0.856934 0.735596
vt 0.867188 0.733887
vt 0.874756 0.737305
vt 0.865479 0.731201
vt 0.867676 0.730225
vt 0.873291 0.733398
vt 0.881348 0.732422
vt 0.870117 0.728516
vt 0.869385 0.726807
vt 0.874268 0.728516
vt 0.871094 0.726074
vt 0.874023 0.726562
vt 0.886719 0.718262
vt 0.852051 0.748047
vt 0.851318 0.753418
vt 0.847168 0.756104
vt 0.842529 0.760010
vt 0.840576 0.755127
vt 0.839600 0.750488
vt 0.844482 0.762451
vt 0.836914 0.762207
vt 0.840088 0.767334
vt 0.833496 0.758057
vt 0.833740 0.766602
vt 0.834229 0.744141
vt 0.845459 0.747070
vt 0.843750 0.740967
vt 0.838867 0.742676
vt 0.827393 0.736572
vt 0.816162 0.730225
vt 0.820557 0.729980
vt 0.849121 0.738525
vt 0.838867 0.738037
vt 0.843262 0.736328
vt 0.837646 0.733154
vt 0.846924 0.734375
vt 0.851074 0.732178
vt 0.843018 0.730957
vt 0.837402 0.729004
vt 0.845215 0.728271
vt 0.850098 0.727295
vt 0.858643 0.720459
vt 0.836182 0.725098
vt 0.838135 0.720215
vt 0.830322 0.724365
vt 0.825684 0.731689
vt 0.821533 0.725830
vt 0.825195 0.725830
vt 0.148926 0.786621
vt 0.148682 0.808105
vt 0.144043 0.789062
vt 0.143799 0.806885
vt 0.142578 0.821045
vt 0.143799 0.783447
vt 0.139404 0.801514
vt 0.149170 0.773682
vt 0.140869 0.786377
vt 0.137451 0.780518
vt 0.134033 0.821777
vt 0.135254 0.774170
vt 0.133057 0.783936
vt 0.144287 0.828125
vt 0.127686 0.801758
vt 0.129883 0.766602
vt 0.140137 0.759766
vt 0.130615 0.748047
vt 0.126465 0.769287
vt 0.127686 0.780762
vt 0.121826 0.782715
vt 0.122070 0.770020
vt 0.124268 0.757812
vt 0.109619 0.788086
vt 0.107422 0.811279
vt 0.123291 0.821045
vt 0.107422 0.822754
vt 0.117432 0.825684
vt 0.105225 0.832764
vt 0.136230 0.833496
vt 0.121094 0.836670
vt 0.103027 0.841797
vt 0.116943 0.845215
vt 0.140625 0.844482
vt 0.141602 0.841064
vt 0.145508 0.849609
vt 0.148438 0.850098
vt 0.146729 0.843994
vt 0.145508 0.839111
vt 0.150879 0.844727
vt 0.144287 0.835449
vt 0.146973 0.832764
vt 0.151611 0.842529
vt 0.148193 0.836182
vt 0.302002 0.917236
vt 0.295410 0.912354
vt 0.297852 0.909668
vt 0.295654 0.916260
vt 0.299561 0.919434
vt 0.286621 0.907715
vt 0.304688 0.913574
vt 0.290039 0.906982
vt 0.291992 0.905029
vt 0.300049 0.907471
vt 0.307617 0.908936
vt 0.289795 0.901855
vt 0.286865 0.905273
vt 0.299805 0.904053
vt 0.300781 0.899658
vt 0.302979 0.895264
vt 0.312744 0.903809
vt 0.285156 0.889404
vt 0.283447 0.893555
vt 0.283203 0.897705
vt 0.280273 0.901855
vt 0.287598 0.885498
vt 0.275391 0.882324
vt 0.281494 0.882080
vt 0.289795 0.881836
vt 0.284424 0.878906
vt 0.300537 0.882324
vt 0.320557 0.899414
vt 0.326904 0.885254
vt 0.331787 0.886719
vt 0.308594 0.864258
vt 0.292725 0.867188
vt 0.287598 0.870605
vt 0.287842 0.864258
vt 0.291504 0.862549
vt 0.284668 0.870361
vt 0.281250 0.863770
vt 0.279785 0.874268
vt 0.275635 0.868896
vt 0.264404 0.869873
vt 0.268311 0.857422
vt 0.264893 0.857178
vt 0.263916 0.879150
vt 0.267822 0.885010
vt 0.257324 0.878174
vt 0.266846 0.891357
vt 0.261230 0.870117
vt 0.259766 0.861572
vt 0.262939 0.855713
vt 0.271240 0.900635
vt 0.253906 0.880615
vt 0.280518 0.909180
vt 0.245117 0.875732
vt 0.253662 0.875732
vt 0.283691 0.911621
vt 0.256104 0.873535
vt 0.246582 0.869629
vt 0.251465 0.864014
vt 0.258057 0.867188
vt 0.257080 0.860840
vt 0.249023 0.857178
vt 0.255371 0.857666
vt 0.257568 0.858398
vt 0.250977 0.850342
vt 0.259277 0.858398
vt 0.260254 0.856445
vt 0.259033 0.853760
vt 0.256836 0.855713
vt 0.251465 0.847412
vt 0.250977 0.850098
vt 0.190186 0.600830
vt 0.197998 0.599121
vt 0.201416 0.602539
vt 0.202393 0.597900
vt 0.196045 0.595947
vt 0.198975 0.594727
vt 0.186279 0.594971
vt 0.174805 0.600586
vt 0.178711 0.593262
vt 0.200684 0.614014
vt 0.194092 0.587158
vt 0.204590 0.594971
vt 0.207764 0.591064
vt 0.207520 0.601318
vt 0.205078 0.605225
vt 0.211182 0.596191
vt 0.218994 0.606445
vt 0.213623 0.610840
vt 0.220215 0.617920
vt 0.219238 0.601807
vt 0.234863 0.603271
vt 0.230469 0.610352
vt 0.225830 0.612549
vt 0.225830 0.617188
vt 0.231201 0.583740
vt 0.224121 0.575928
vt 0.259277 0.619385
vt 0.247803 0.598389
vt 0.238770 0.583496
vt 0.240479 0.564697
vt 0.266846 0.593750
vt 0.220459 0.560303
vt 0.270996 0.610352
vt 0.232422 0.538330
vt 0.214844 0.546631
vt 0.235107 0.518555
vt 0.254639 0.538330
vt 0.249512 0.502441
vt 0.272705 0.512207
vt 0.279053 0.561279
vt 0.277588 0.534424
vt 0.297363 0.596436
vt 0.300293 0.539795
vt 0.297607 0.507324
vt 0.286865 0.498779
vt 0.282959 0.610352
vt 0.274902 0.614746
vt 0.281006 0.620605
vt 0.290039 0.622314
vt 0.269775 0.626709
vt 0.261230 0.641357
vt 0.242676 0.627197
vt 0.264404 0.647461
vt 0.258789 0.644043
vt 0.230957 0.617920
vt 0.248291 0.638428
vt 0.231201 0.623047
vt 0.233154 0.626465
vt 0.248291 0.645752
vt 0.256348 0.652344
vt 0.230469 0.631592
vt 0.228516 0.624023
vt 0.224121 0.622314
vt 0.239258 0.657715
vt 0.241211 0.666016
vt 0.226318 0.666992
vt 0.224609 0.659668
vt 0.219482 0.649170
vt 0.217041 0.632080
vt 0.216309 0.643311
vt 0.214355 0.640869
vt 0.211182 0.640625
vt 0.208252 0.639648
vt 0.201660 0.627930
vt 0.208496 0.646240
vt 0.194824 0.623291
vt 0.195068 0.629395
vt 0.206543 0.635498
vt 0.204102 0.646729
vt 0.201172 0.654541
vt 0.204590 0.640625
vt 0.196777 0.650635
vt 0.186523 0.670654
vt 0.200928 0.646240
vt 0.199951 0.643311
vt 0.202393 0.637207
vt 0.189697 0.644531
vt 0.177002 0.649658
vt 0.187256 0.639404
vt 0.189697 0.637207
vt 0.203369 0.633545
vt 0.199463 0.639893
vt 0.199951 0.635742
vt 0.198242 0.633057
vt 0.192383 0.635498
vt 0.193359 0.638672
vt 0.194824 0.640137
vt 0.196533 0.643555
vt 0.121826 0.749023
vt 0.123047 0.736572
vt 0.119385 0.745850
vt 0.120361 0.753174
vt 0.117920 0.748291
vt 0.118164 0.754883
vt 0.111816 0.749512
vt 0.116699 0.759277
vt 0.113037 0.765869
vt 0.108887 0.775391
vt 0.105225 0.761963
vt 0.106201 0.770996
vt 0.106934 0.774902
vt 0.105469 0.770996
vt 0.078125 0.241943
vt 0.060547 0.235107
vt 0.073730 0.225586
vt 0.077393 0.220947
vt 0.071533 0.216309
vt 0.066895 0.224609
vt 0.069580 0.219971
vt 0.063965 0.223877
vt 0.057861 0.225586
vt 0.048096 0.234131
vt 0.063721 0.220459
vt 0.044922 0.225830
vt 0.049561 0.223877
vt 0.048584 0.215576
vt 0.059814 0.219971
vt 0.066162 0.215820
vt 0.068115 0.211426
vt 0.074707 0.210938
vt 0.066162 0.203125
vt 0.077148 0.204346
vt 0.040527 0.196045
vt 0.052490 0.187988
vt 0.075439 0.199707
vt 0.065674 0.193359
vt 0.073975 0.195068
vt 0.078857 0.188721
vt 0.077881 0.197266
vt 0.076660 0.193604
vt 0.198730 0.077148
vt 0.194092 0.072998
vt 0.201416 0.074463
vt 0.199219 0.070312
vt 0.206055 0.070312
vt 0.199219 0.068115
vt 0.204346 0.074951
vt 0.202637 0.078125
vt 0.213135 0.068848
vt 0.210205 0.072998
vt 0.207520 0.077881
vt 0.211914 0.078613
vt 0.206543 0.081055
vt 0.202393 0.081787
vt 0.207764 0.064941
vt 0.206543 0.085449
vt 0.201172 0.084961
vt 0.205322 0.087402
vt 0.208496 0.088135
vt 0.211182 0.083252
vt 0.212891 0.089844
vt 0.226318 0.080566
vt 0.213623 0.093750
vt 0.208740 0.097900
vt 0.225342 0.089111
vt 0.219727 0.097168
vt 0.208740 0.102783
vt 0.218262 0.104248
vt 0.226318 0.094971
vt 0.232178 0.103516
vt 0.220703 0.112305
vt 0.226074 0.108887
vt 0.227295 0.111084
vt 0.230957 0.118896
vt 0.230469 0.111572
vt 0.245850 0.120117
vt 0.236572 0.098633
vt 0.231689 0.096436
vt 0.241211 0.095947
vt 0.234619 0.092041
vt 0.242920 0.086426
vt 0.244629 0.071533
vt 0.228760 0.060791
vt 0.243896 0.047363
vt 0.236572 0.050293
vt 0.235596 0.052002
vt 0.232666 0.055420
vt 0.228516 0.052246
vt 0.236328 0.050293
vt 0.240479 0.044434
vt 0.221436 0.058594
vt 0.206055 0.059570
vt 0.189209 0.061768
vt 0.216309 0.060547
vt 0.437012 0.936768
vt 0.432373 0.937988
vt 0.437012 0.933105
vt 0.430176 0.933594
vt 0.444336 0.934814
vt 0.442383 0.938477
vt 0.441406 0.943848
vt 0.449707 0.937744
vt 0.450928 0.930420
vt 0.458008 0.934082
vt 0.455811 0.920410
vt 0.446777 0.928467
vt 0.448242 0.919678
vt 0.435059 0.929199
vt 0.450928 0.902588
vt 0.444092 0.925781
vt 0.428711 0.922119
vt 0.412354 0.910645
vt 0.437012 0.924316
vt 0.433838 0.923096
vt 0.443359 0.923096
vt 0.439209 0.921631
vt 0.439209 0.917725
vt 0.437744 0.921631
vt 0.443115 0.909912
vt 0.436279 0.919434
vt 0.437012 0.916504
vt 0.431641 0.917725
vt 0.436523 0.911377
vt 0.428955 0.914062
vt 0.435303 0.908203
vt 0.427490 0.909424
vt 0.423584 0.906982
vt 0.441895 0.903809
vt 0.433594 0.905762
vt 0.427979 0.902832
vt 0.423096 0.903320
vt 0.427979 0.898682
vt 0.423828 0.898926
vt 0.435059 0.900391
vt 0.430664 0.893555
vt 0.436279 0.896973
vt 0.445801 0.890381
vt 0.452881 0.897705
vt 0.437988 0.891846
vt 0.432373 0.888184
vt 0.429443 0.892578
vt 0.427979 0.887451
vt 0.427490 0.883789
vt 0.459473 0.881836
vt 0.456787 0.895508
vt 0.441406 0.887451
vt 0.433838 0.881836
vt 0.425537 0.873535
vt 0.447021 0.884033
vt 0.439453 0.882812
vt 0.435547 0.872314
vt 0.449707 0.874512
vt 0.436523 0.877930
vt 0.457031 0.870361
vt 0.441406 0.879883
vt 0.447021 0.879883
vt 0.438721 0.874512
vt 0.444824 0.874268
vt 0.440674 0.871582
vt 0.442627 0.866699
vt 0.439697 0.862305
vt 0.453613 0.866211
vt 0.445557 0.870850
vt 0.448975 0.870361
vt 0.982178 0.796631
vt 0.991455 0.786865
vt 0.995850 0.804199
vt 0.985352 0.789307
vt 0.981201 0.789062
vt 0.977295 0.788086
vt 0.978271 0.781738
vt 0.982422 0.784424
vt 0.985596 0.782471
vt 0.980713 0.776611
vt 0.974365 0.773193
vt 0.984375 0.775879
vt 0.985107 0.769531
vt 0.980469 0.769287
vt 0.977783 0.762695
vt 0.981934 0.760986
vt 0.972900 0.764648
vt 0.982910 0.752930
vt 0.993652 0.760498
vt 0.970703 0.759033
vt 0.966064 0.756104
vt 0.976318 0.757568
vt 0.971191 0.754883
vt 0.979492 0.738037
vt 0.992920 0.740234
vt 0.976807 0.753174
vt 0.977539 0.745605
vt 0.975342 0.739746
vt 0.965332 0.735596
vt 0.963379 0.732666
vt 0.971680 0.742920
vt 0.973633 0.747314
vt 0.968750 0.739502
vt 0.957031 0.741455
vt 0.967773 0.741455
vt 0.968506 0.745361
vt 0.971191 0.750244
vt 0.964844 0.749023
vt 0.962891 0.742188
vt 0.953369 0.752197
vt 0.953857 0.757812
vt 0.950684 0.741455
vt 0.943848 0.748779
vt 0.242432 0.888916
vt 0.241943 0.884521
vt 0.250000 0.891357
vt 0.247803 0.884033
vt 0.252930 0.900879
vt 0.236572 0.888428
vt 0.254395 0.899414
vt 0.243896 0.879883
vt 0.265137 0.900635
vt 0.266113 0.904297
vt 0.274170 0.912842
vt 0.275391 0.916016
vt 0.528564 0.626221
vt 0.528809 0.623535
vt 0.532471 0.639160
vt 0.526123 0.625000
vt 0.528809 0.632812
vt 0.524414 0.624512
vt 0.526611 0.629150
vt 0.528076 0.640625
vt 0.532715 0.641846
vt 0.528076 0.647217
vt 0.525879 0.647461
vt 0.528076 0.649658
vt 0.526367 0.636963
vt 0.524170 0.629150
vt 0.523926 0.639648
vt 0.523682 0.648438
vt 0.525391 0.651367
vt 0.521729 0.654297
vt 0.521484 0.644531
vt 0.522949 0.628906
vt 0.527588 0.661133
vt 0.521240 0.630859
vt 0.520752 0.624756
vt 0.050537 0.516113
vt 0.044189 0.509277
vt 0.054443 0.514648
vt 0.047363 0.522949
vt 0.038086 0.513916
vt 0.037598 0.520996
vt 0.055176 0.520752
vt 0.058350 0.518799
vt 0.056396 0.513916
vt 0.058838 0.513184
vt 0.057861 0.525391
vt 0.037842 0.531494
vt 0.056152 0.532471
vt 0.041748 0.533203
vt 0.031494 0.540527
vt 0.027588 0.531738
vt 0.037842 0.541504
vt 0.049805 0.541504
vt 0.036865 0.549805
vt 0.028809 0.558350
vt 0.034424 0.561279
vt 0.041504 0.556641
vt 0.045654 0.549561
vt 0.053223 0.555664
vt 0.054688 0.549805
vt 0.056396 0.543701
vt 0.058105 0.536865
vt 0.058105 0.548096
vt 0.059326 0.552002
vt 0.061768 0.552002
vt 0.061279 0.548828
vt 0.059814 0.544922
vt 0.061768 0.545654
vt 0.062500 0.541748
vt 0.071045 0.543457
vt 0.066650 0.538574
vt 0.062256 0.537842
vt 0.063965 0.534424
vt 0.066895 0.532715
vt 0.071289 0.529785
vt 0.061523 0.532227
vt 0.066406 0.530029
vt 0.061768 0.528564
vt 0.065674 0.526855
vt 0.066895 0.524658
vt 0.068359 0.521729
vt 0.063232 0.524170
vt 0.062012 0.521729
vt 0.756592 0.608643
vt 0.756836 0.625000
vt 0.749023 0.615479
vt 0.754150 0.608643
vt 0.751709 0.605713
vt 0.739502 0.619873
vt 0.737305 0.623047
vt 0.719482 0.620361
vt 0.729980 0.635498
vt 0.770508 0.636719
vt 0.755615 0.663574
vt 0.767334 0.609619
vt 0.759277 0.603271
vt 0.783447 0.664062
vt 0.768311 0.592529
vt 0.774658 0.590332
vt 0.782959 0.574707
vt 0.803711 0.626709
vt 0.787598 0.575928
vt 0.790283 0.567627
vt 0.797607 0.568848
vt 0.786865 0.594727
vt 0.803467 0.579346
vt 0.802734 0.567627
vt 0.809814 0.561279
vt 0.821533 0.596680
vt 0.818359 0.616211
vt 0.787598 0.642578
vt 0.803711 0.654541
vt 0.821533 0.644043
vt 0.820068 0.663330
vt 0.813232 0.667725
vt 0.799805 0.672607
vt 0.791016 0.677490
vt 0.783203 0.681885
vt 0.790771 0.682129
vt 0.799316 0.685059
vt 0.802734 0.676514
vt 0.796387 0.697266
vt 0.787842 0.696289
vt 0.803711 0.699951
vt 0.800781 0.710938
vt 0.812012 0.697021
vt 0.813232 0.680176
vt 0.823242 0.680908
vt 0.823486 0.693604
vt 0.312988 0.954102
vt 0.315430 0.948242
vt 0.316406 0.951172
vt 0.316895 0.955078
vt 0.319824 0.952393
vt 0.322021 0.947266
vt 0.320557 0.944336
vt 0.328125 0.943604
vt 0.325928 0.935059
vt 0.324219 0.951172
vt 0.317139 0.957764
vt 0.323975 0.954590
vt 0.330811 0.945312
vt 0.327393 0.950439
vt 0.328369 0.955322
vt 0.322510 0.957764
vt 0.330811 0.950439
vt 0.337158 0.934814
vt 0.334229 0.947266
vt 0.328125 0.960449
vt 0.331543 0.958496
vt 0.331299 0.955078
vt 0.334961 0.951660
vt 0.339844 0.947021
vt 0.338867 0.951904
vt 0.336182 0.958496
vt 0.339844 0.956543
vt 0.341553 0.951172
vt 0.343994 0.950684
vt 0.341064 0.958252
vt 0.344727 0.955566
vt 0.344971 0.942139
vt 0.347900 0.948730
vt 0.349121 0.936523
vt 0.348633 0.952393
vt 0.347656 0.956299
vt 0.345947 0.958984
vt 0.352295 0.957520
vt 0.351318 0.954102
vt 0.352051 0.951172
vt 0.353516 0.953857
vt 0.356201 0.956543
vt 0.350830 0.947998
vt 0.355957 0.952637
vt 0.360107 0.956787
vt 0.355225 0.947510
vt 0.359619 0.950928
vt 0.361816 0.955811
vt 0.360596 0.947510
vt 0.367676 0.957275
vt 0.367432 0.954346
vt 0.355713 0.933594
vt 0.367188 0.950928
vt 0.371338 0.955078
vt 0.368652 0.949707
vt 0.373535 0.955078
vt 0.364014 0.926758
vt 0.355469 0.911865
vt 0.344482 0.912842
vt 0.361084 0.905762
vt 0.344238 0.905762
vt 0.331787 0.916260
vt 0.322510 0.914062
vt 0.326416 0.902588
vt 0.342529 0.897705
vt 0.375000 0.917969
vt 0.371826 0.924561
vt 0.378906 0.934082
vt 0.381348 0.921875
vt 0.378174 0.942871
vt 0.385254 0.930176
vt 0.383789 0.934570
vt 0.383789 0.939941
vt 0.394287 0.943115
vt 0.389893 0.945557
vt 0.393066 0.950928
vt 0.395264 0.954590
vt 0.387451 0.948486
vt 0.388184 0.952637
vt 0.384521 0.954590
vt 0.381348 0.949219
vt 0.371582 0.943848
vt 0.377686 0.949951
vt 0.381348 0.956055
vt 0.376465 0.954102
vt 0.372803 0.951416
vt 0.377686 0.958008
vt 0.178711 0.490723
vt 0.175537 0.490234
vt 0.176758 0.482910
vt 0.172607 0.494141
vt 0.173584 0.490234
vt 0.171143 0.489258
vt 0.109863 0.992920
vt 0.104736 0.989746
vt 0.109375 0.987305
vt 0.103760 0.994141
vt 0.107178 0.996582
vt 0.094238 0.996826
vt 0.101318 0.993408
vt 0.100342 0.990479
vt 0.094971 0.992920
vt 0.087646 0.988281
vt 0.098145 0.985840
vt 0.091797 0.987061
vt 0.090088 0.982178
vt 0.087891 0.983398
vt 0.088135 0.977783
vt 0.093018 0.981201
vt 0.089600 0.975342
vt 0.085449 0.974609
vt 0.101807 0.974365
vt 0.094727 0.976562
vt 0.091553 0.971924
vt 0.097656 0.969727
vt 0.103516 0.964111
vt 0.109863 0.973389
vt 0.107666 0.967041
vt 0.113281 0.970215
vt 0.029541 0.385986
vt 0.031250 0.374512
vt 0.038330 0.371582
vt 0.026367 0.381104
vt 0.040771 0.376465
vt 0.045166 0.368408
vt 0.051758 0.369873
vt 0.047363 0.394043
vt 0.053711 0.378906
vt 0.061523 0.375977
vt 0.058105 0.369629
vt 0.063477 0.373779
vt 0.070068 0.378662
vt 0.035156 0.396484
vt 0.028320 0.405762
vt 0.060059 0.390381
vt 0.071045 0.390381
vt 0.073486 0.385254
vt 0.073975 0.391846
vt 0.075439 0.396973
vt 0.072754 0.402832
vt 0.064697 0.404053
vt 0.067871 0.409668
vt 0.057617 0.413086
vt 0.062988 0.415527
vt 0.058838 0.417480
vt 0.051270 0.420898
vt 0.039307 0.410156
vt 0.042969 0.418213
vt 0.041992 0.419922
vt 0.033447 0.415039
vt 0.027344 0.411621
vt 0.897705 0.723877
vt 0.893311 0.732910
vt 0.888916 0.732178
vt 0.909668 0.733154
vt 0.886475 0.742432
vt 0.911865 0.743408
vt 0.898193 0.746338
vt 0.884033 0.749268
vt 0.880859 0.746338
vt 0.897461 0.759766
vt 0.895752 0.765381
vt 0.901611 0.771484
vt 0.926025 0.745361
vt 0.931152 0.740723
vt 0.913086 0.757324
vt 0.907227 0.775635
vt 0.900146 0.777100
vt 0.935059 0.740479
vt 0.937744 0.737061
vt 0.933838 0.742920
vt 0.940430 0.741943
vt 0.937744 0.744873
vt 0.929932 0.747803
vt 0.920410 0.746338
vt 0.916992 0.750488
vt 0.921143 0.748047
vt 0.921387 0.750244
vt 0.923096 0.753906
vt 0.927246 0.750488
vt 0.930176 0.753418
vt 0.936768 0.752197
vt 0.921875 0.758301
vt 0.936523 0.755127
vt 0.928223 0.756592
vt 0.929199 0.760254
vt 0.934814 0.758789
vt 0.927246 0.762451
vt 0.920654 0.762207
vt 0.928223 0.765625
vt 0.922607 0.766357
vt 0.913574 0.766357
vt 0.918701 0.768799
vt 0.925781 0.768066
vt 0.918457 0.773682
vt 0.923584 0.772949
vt 0.912354 0.772461
vt 0.920410 0.776367
vt 0.917236 0.777588
vt 0.915039 0.779541
vt 0.910889 0.783936
vt 0.905029 0.781982
vt 0.909424 0.787598
vt 0.902832 0.784180
vt 0.905029 0.791748
vt 0.894531 0.786133
vt 0.901611 0.790527
vt 0.903809 0.796143
vt 0.900879 0.794922
vt 0.903320 0.801514
vt 0.899902 0.800537
vt 0.897217 0.796387
vt 0.893555 0.798340
vt 0.898193 0.802002
vt 0.899414 0.804688
vt 0.897217 0.803223
vt 0.896973 0.799561
vt 0.896729 0.802246
vt 0.895508 0.799316
vt 0.894043 0.800781
vt 0.892090 0.804443
vt 0.894775 0.804443
vt 0.895508 0.809082
vt 0.892578 0.809814
vt 0.893311 0.813965
vt 0.962646 0.021973
vt 0.967773 0.020508
vt 0.964600 0.023438
vt 0.959473 0.026123
vt 0.968994 0.023682
vt 0.964111 0.026855
vt 0.972656 0.019043
vt 0.972900 0.025391
vt 0.964600 0.019775
vt 0.956299 0.020264
vt 0.963135 0.018066
vt 0.969238 0.016602
vt 0.965088 0.013916
vt 0.962158 0.015381
vt 0.972412 0.004395
vt 0.981934 0.018311
vt 0.984375 0.001221
vt 0.991455 0.004395
vt 0.991699 0.016113
vt 0.979004 0.021729
vt 0.976074 0.024902
vt 0.979736 0.024658
vt 0.979736 0.028809
vt 0.981689 0.025635
vt 0.983643 0.027100
vt 0.982910 0.030029
vt 0.984375 0.023193
vt 0.986572 0.027344
vt 0.989990 0.023926
vt 0.989502 0.027588
vt 0.995117 0.024170
vt 0.992920 0.027344
vt 0.995850 0.027344
vt 0.994873 0.029541
vt 0.999268 0.027100
vt 0.998291 0.030273
vt 0.419189 0.953613
vt 0.416016 0.950684
vt 0.417969 0.951660
vt 0.417969 0.946289
vt 0.414307 0.955811
vt 0.418213 0.963135
vt 0.424805 0.969971
vt 0.427002 0.965332
vt 0.413818 0.972412
vt 0.419922 0.976807
vt 0.410889 0.961914
vt 0.412109 0.979736
vt 0.417725 0.983398
vt 0.415527 0.988281
vt 0.408691 0.985352
vt 0.402100 0.982178
vt 0.409912 0.959229
vt 0.411377 0.954590
vt 0.408691 0.965088
vt 0.407471 0.962646
vt 0.406738 0.958740
vt 0.410645 0.952637
vt 0.401123 0.962646
vt 0.399414 0.959473
vt 0.395752 0.962402
vt 0.404541 0.965088
vt 0.399658 0.964355
vt 0.403564 0.969238
vt 0.395752 0.967285
vt 0.392822 0.968750
vt 0.398682 0.968750
vt 0.393799 0.973145
vt 0.390869 0.974365
vt 0.396729 0.972900
vt 0.394531 0.976318
vt 0.393799 0.978516
vt 0.398193 0.979980
vt 0.399170 0.974365
vt 0.402588 0.976562
vt 0.400146 0.981445
vt 0.397705 0.982422
vt 0.399170 0.985840
vt 0.727539 0.989014
vt 0.731689 0.983154
vt 0.734375 0.987061
vt 0.728271 0.984619
vt 0.723389 0.980225
vt 0.732178 0.979492
vt 0.737305 0.978760
vt 0.733154 0.974854
vt 0.729736 0.980957
vt 0.729004 0.978516
vt 0.726807 0.976562
vt 0.616699 0.976074
vt 0.616455 0.973145
vt 0.621094 0.974121
vt 0.616211 0.980225
vt 0.617188 0.969482
vt 0.612793 0.977295
vt 0.607910 0.980957
vt 0.612549 0.973145
vt 0.597656 0.976807
vt 0.599121 0.987305
vt 0.590576 0.982178
vt 0.586914 0.979736
vt 0.613037 0.969238
vt 0.608154 0.971191
vt 0.610352 0.966553
vt 0.612305 0.964111
vt 0.608887 0.962402
vt 0.586182 0.974609
vt 0.606201 0.964355
vt 0.605469 0.958984
vt 0.602539 0.961182
vt 0.604492 0.967529
vt 0.596924 0.968994
vt 0.590576 0.959229
vt 0.584229 0.969727
vt 0.581299 0.966553
vt 0.582520 0.959473
vt 0.582520 0.973145
vt 0.580566 0.970459
vt 0.582275 0.975342
vt 0.579590 0.974609
vt 0.579102 0.973633
vt 0.898926 0.667725
vt 0.907959 0.688232
vt 0.885010 0.685059
vt 0.894043 0.623047
vt 0.904297 0.621338
vt 0.919922 0.699463
vt 0.924072 0.698242
vt 0.929199 0.707520
vt 0.920654 0.706299
vt 0.879150 0.693604
vt 0.835205 0.713379
vt 0.889160 0.705811
vt 0.923584 0.715576
vt 0.928467 0.714844
vt 0.000244 0.965088
vt 0.004395 0.965088
vt 0.002441 0.967285
vt 0.756836 0.978027
vt 0.755371 0.985596
vt 0.748779 0.987061
vt 0.741943 0.984619
vt 0.741943 0.975342
vt 0.745605 0.974365
vt 0.745850 0.966797
vt 0.758301 0.970459
vt 0.757324 0.964111
vt 0.765869 0.972900
vt 0.767578 0.980469
vt 0.759277 0.967773
vt 0.760498 0.964355
vt 0.769043 0.974854
vt 0.770752 0.980957
vt 0.773682 0.979980
vt 0.772461 0.973389
vt 0.774658 0.970459
vt 0.766846 0.969727
vt 0.770508 0.968506
vt 0.764160 0.964355
vt 0.763184 0.959229
vt 0.771240 0.966064
vt 0.775635 0.963135
vt 0.776611 0.965576
vt 0.854248 0.986572
vt 0.863770 0.978516
vt 0.862061 0.990479
vt 0.850098 0.971680
vt 0.848145 0.988037
vt 0.852539 0.989990
vt 0.848145 0.983643
vt 0.843750 0.960205
vt 0.838623 0.966797
vt 0.840576 0.980469
vt 0.842041 0.984619
vt 0.843018 0.989014
vt 0.838135 0.988770
vt 0.835205 0.990479
vt 0.837891 0.986328
vt 0.832520 0.990967
vt 0.830566 0.990967
vt 0.831787 0.988281
vt 0.825195 0.984375
vt 0.836182 0.984131
vt 0.833008 0.986328
vt 0.829346 0.982178
vt 0.831055 0.981445
vt 0.827881 0.969238
vt 0.276611 0.959473
vt 0.288818 0.969482
vt 0.279297 0.980713
vt 0.271729 0.963135
vt 0.273438 0.954834
vt 0.257080 0.978271
vt 0.272705 0.950195
vt 0.277832 0.947510
vt 0.266357 0.958496
vt 0.266113 0.950195
vt 0.261963 0.964844
vt 0.257324 0.970215
vt 0.261963 0.950928
vt 0.262939 0.946533
vt 0.249756 0.952393
vt 0.254883 0.957764
vt 0.245605 0.957031
vt 0.249023 0.961670
vt 0.244141 0.963867
vt 0.251953 0.972656
vt 0.244141 0.973389
vt 0.249756 0.980957
vt 0.292969 0.046143
vt 0.287354 0.052734
vt 0.295166 0.037598
vt 0.304199 0.038330
vt 0.287598 0.043213
vt 0.305420 0.044922
vt 0.317871 0.032471
vt 0.316650 0.037109
vt 0.318115 0.030518
vt 0.289795 0.078613
vt 0.293945 0.080566
vt 0.288330 0.085205
vt 0.283936 0.083740
vt 0.282715 0.052979
vt 0.279297 0.071533
vt 0.282959 0.042725
vt 0.276611 0.053467
vt 0.271484 0.074463
vt 0.271973 0.038086
vt 0.268066 0.071289
vt 0.268555 0.077393
vt 0.266113 0.073975
vt 0.262695 0.071533
vt 0.264404 0.069824
vt 0.257324 0.057617
vt 0.263916 0.042969
vt 0.256104 0.034424
vt 0.248291 0.032471
vt 0.251465 0.051270
vt 0.249268 0.042969
vt 0.250244 0.048828
vt 0.251709 0.061035
vt 0.250488 0.052246
vt 0.250732 0.058838
vt 0.286377 0.032715
vt 0.283936 0.035889
vt 0.282471 0.031738
vt 0.284424 0.028076
vt 0.287598 0.028076
vt 0.278564 0.029053
vt 0.279053 0.033447
vt 0.284180 0.018311
vt 0.272217 0.022949
vt 0.272705 0.011475
vt 0.265625 0.013672
vt 0.267334 0.006348
vt 0.282227 0.010254
vt 0.287109 0.010010
vt 0.277344 0.007080
vt 0.295410 0.012451
vt 0.294922 0.008789
vt 0.293457 0.029541
vt 0.296631 0.026855
vt 0.301514 0.027100
vt 0.304688 0.020264
vt 0.307129 0.007812
vt 0.297119 0.006592
vt 0.305176 0.002930
vt 0.297607 0.003418
vt 0.271484 0.003662
vt 0.275391 0.001465
vt 0.269043 0.001221
vt 0.263916 0.002197
vt 0.852051 0.408203
vt 0.831543 0.411621
vt 0.844727 0.402588
vt 0.861084 0.406738
vt 0.815674 0.403320
vt 0.809326 0.413086
vt 0.806641 0.436523
vt 0.849121 0.420898
vt 0.841309 0.442383
vt 0.858643 0.416016
vt 0.855225 0.436035
vt 0.862305 0.420654
vt 0.865234 0.411621
vt 0.869385 0.426270
vt 0.867920 0.411621
vt 0.875000 0.414307
vt 0.879150 0.415039
vt 0.877686 0.423096
vt 0.873047 0.447021
vt 0.856445 0.449219
vt 0.864502 0.448975
vt 0.872314 0.456787
vt 0.864990 0.456787
vt 0.873047 0.459229
vt 0.851562 0.450928
vt 0.866455 0.459717
vt 0.846680 0.451660
vt 0.873779 0.462646
vt 0.830078 0.448975
vt 0.842285 0.454102
vt 0.853516 0.454834
vt 0.856201 0.458496
vt 0.802979 0.448975
vt 0.789307 0.455811
vt 0.795166 0.457764
vt 0.800781 0.453857
vt 0.810547 0.452148
vt 0.831055 0.454346
vt 0.801758 0.456543
vt 0.814453 0.455811
vt 0.805420 0.459717
vt 0.797852 0.462646
vt 0.821289 0.461670
vt 0.831787 0.459717
vt 0.845947 0.458252
vt 0.837891 0.463135
vt 0.814453 0.465820
vt 0.800781 0.468018
vt 0.850586 0.459229
vt 0.850830 0.461670
vt 0.832031 0.468506
vt 0.850098 0.465332
vt 0.855225 0.461426
vt 0.848633 0.471436
vt 0.858643 0.461426
vt 0.812256 0.470703
vt 0.827148 0.476562
vt 0.808350 0.472412
vt 0.801758 0.470703
vt 0.814697 0.475830
vt 0.797852 0.468506
vt 0.797363 0.471436
vt 0.817627 0.481934
vt 0.819092 0.493652
vt 0.815674 0.497559
vt 0.831787 0.489014
vt 0.821533 0.504395
vt 0.832275 0.494873
vt 0.814453 0.483398
vt 0.809570 0.489258
vt 0.810547 0.498047
vt 0.809570 0.477051
vt 0.810791 0.481445
vt 0.802490 0.475342
vt 0.792236 0.474121
vt 0.793945 0.481201
vt 0.806641 0.480469
vt 0.801025 0.488525
vt 0.791260 0.489990
vt 0.807129 0.487793
vt 0.800537 0.490723
vt 0.792236 0.491699
vt 0.787842 0.494141
vt 0.800293 0.491699
vt 0.789795 0.494629
vt 0.805420 0.491943
vt 0.806641 0.493164
vt 0.801514 0.493408
vt 0.796631 0.493652
vt 0.792236 0.494873
vt 0.797607 0.496338
vt 0.804932 0.493408
vt 0.790039 0.498047
vt 0.786865 0.495850
vt 0.787354 0.503418
vt 0.801758 0.496094
vt 0.795410 0.498779
vt 0.798828 0.499756
vt 0.799561 0.500732
vt 0.801758 0.496826
vt 0.805176 0.495361
vt 0.805908 0.495361
vt 0.804443 0.497314
vt 0.630371 0.877686
vt 0.629883 0.873047
vt 0.633789 0.874512
vt 0.627441 0.878906
vt 0.627930 0.871094
vt 0.630371 0.869873
vt 0.620117 0.874512
vt 0.617676 0.868408
vt 0.601318 0.867676
vt 0.593018 0.860352
vt 0.597168 0.880371
vt 0.616943 0.883057
vt 0.607178 0.889648
vt 0.586914 0.890137
vt 0.627930 0.890869
vt 0.646729 0.885742
vt 0.646484 0.881836
vt 0.659912 0.883789
vt 0.664551 0.888184
vt 0.665039 0.883545
vt 0.663818 0.894531
vt 0.648926 0.895996
vt 0.620850 0.898438
vt 0.595459 0.900391
vt 0.573242 0.892090
vt 0.600342 0.906006
vt 0.609375 0.911865
vt 0.582031 0.914307
vt 0.589600 0.920410
vt 0.419434 0.050049
vt 0.424072 0.053711
vt 0.421875 0.055420
vt 0.424561 0.056152
vt 0.419189 0.053711
vt 0.421875 0.057617
vt 0.417480 0.058105
vt 0.416992 0.062256
vt 0.414062 0.057129
vt 0.409424 0.056396
vt 0.415283 0.054199
vt 0.416016 0.050049
vt 0.413574 0.052734
vt 0.411377 0.054688
vt 0.409424 0.052002
vt 0.406006 0.050293
vt 0.411133 0.048340
vt 0.413330 0.049072
vt 0.410645 0.042236
vt 0.407959 0.046875
vt 0.405273 0.048096
vt 0.405518 0.043457
vt 0.403809 0.047363
vt 0.427002 0.039551
vt 0.404541 0.039551
vt 0.405273 0.020996
vt 0.425293 0.015137
vt 0.440674 0.030518
vt 0.424316 0.010010
vt 0.414551 0.013916
vt 0.419678 0.009033
vt 0.418945 0.004395
vt 0.416260 0.006836
vt 0.412109 0.010498
vt 0.401855 0.034668
vt 0.400879 0.039551
vt 0.395264 0.038086
vt 0.397217 0.034180
vt 0.400879 0.029053
vt 0.397217 0.026123
vt 0.397705 0.031738
vt 0.393555 0.031494
vt 0.392822 0.032959
vt 0.395752 0.029297
vt 0.391357 0.029297
vt 0.391357 0.025879
vt 0.389648 0.022705
vt 0.385254 0.024902
vt 0.064453 0.071045
vt 0.082764 0.077393
vt 0.072754 0.084473
vt 0.068604 0.089111
vt 0.054443 0.091553
vt 0.035156 0.072266
vt 0.035889 0.105957
vt 0.068604 0.101074
vt 0.072266 0.095703
vt 0.074951 0.103760
vt 0.071533 0.110107
vt 0.067627 0.114990
vt 0.074219 0.114746
vt 0.064697 0.106689
vt 0.055908 0.100830
vt 0.060547 0.110107
vt 0.060547 0.119873
vt 0.056152 0.108887
vt 0.052979 0.122559
vt 0.051514 0.103027
vt 0.047363 0.105469
vt 0.051514 0.114990
vt 0.047607 0.123779
vt 0.043945 0.114746
vt 0.034668 0.120850
vt 0.040527 0.121094
vt 0.433838 0.086426
vt 0.437988 0.079590
vt 0.435547 0.120850
vt 0.440430 0.109375
vt 0.441650 0.076660
vt 0.416260 0.128662
vt 0.412354 0.087891
vt 0.450684 0.136963
vt 0.466553 0.143799
vt 0.485596 0.158447
vt 0.471436 0.152344
vt 0.443848 0.131592
vt 0.433350 0.134033
vt 0.425781 0.135254
vt 0.413818 0.148438
vt 0.388184 0.157715
vt 0.390137 0.142090
vt 0.392334 0.135254
vt 0.399902 0.130127
vt 0.398193 0.124756
vt 0.400391 0.108643
vt 0.395996 0.115479
vt 0.392334 0.107422
vt 0.565918 0.035645
vt 0.561279 0.019531
vt 0.571533 0.030518
vt 0.573975 0.031494
vt 0.552734 0.035156
vt 0.561523 0.037842
vt 0.525146 0.020752
vt 0.557373 0.042969
vt 0.525635 0.034424
vt 0.546387 0.039795
vt 0.056885 0.129395
vt 0.072266 0.129395
vt 0.056885 0.136963
vt 0.121094 0.929688
vt 0.116699 0.930908
vt 0.116211 0.927246
vt 0.113037 0.928223
vt 0.112793 0.925049
vt 0.122314 0.925781
vt 0.124512 0.927734
vt 0.116211 0.924072
vt 0.117432 0.917480
vt 0.112305 0.919189
vt 0.124268 0.922607
vt 0.127686 0.924805
vt 0.127197 0.928711
vt 0.123291 0.932617
vt 0.125732 0.933838
vt 0.127686 0.934082
vt 0.132324 0.924805
vt 0.131592 0.934326
vt 0.136475 0.930664
vt 0.105713 0.915283
vt 0.098633 0.917969
vt 0.097412 0.914795
vt 0.098633 0.913086
vt 0.104736 0.905762
vt 0.128174 0.889160
vt 0.121338 0.874756
vt 0.157227 0.901123
vt 0.143311 0.927490
vt 0.155518 0.922363
vt 0.141357 0.933350
vt 0.136963 0.935547
vt 0.139648 0.941162
vt 0.137939 0.943848
vt 0.142090 0.950439
vt 0.143066 0.938477
vt 0.143555 0.945068
vt 0.146240 0.947510
vt 0.145264 0.943359
vt 0.152588 0.950439
vt 0.146973 0.940430
vt 0.147461 0.944336
vt 0.152344 0.936523
vt 0.150146 0.947754
vt 0.148926 0.943604
vt 0.154297 0.942871
vt 0.157227 0.947021
vt 0.158447 0.953369
vt 0.157227 0.939453
vt 0.162354 0.937256
vt 0.159668 0.948242
vt 0.162109 0.946533
vt 0.161865 0.952637
vt 0.161133 0.957764
vt 0.164551 0.946533
vt 0.165039 0.953125
vt 0.167725 0.955566
vt 0.165527 0.949219
vt 0.168701 0.950195
vt 0.174072 0.946045
vt 0.167480 0.945312
vt 0.166748 0.940430
vt 0.173340 0.942139
vt 0.174805 0.930664
vt 0.166016 0.928955
vt 0.164062 0.922852
vt 0.161377 0.920654
vt 0.168213 0.926514
vt 0.168213 0.920166
vt 0.172119 0.923584
vt 0.175293 0.927002
vt 0.175781 0.929688
vt 0.044678 0.055908
vt 0.050293 0.059082
vt 0.046631 0.066162
vt 0.054199 0.063721
vt 0.056152 0.055908
vt 0.041992 0.063232
vt 0.039307 0.054443
vt 0.030762 0.062500
vt 0.044922 0.047363
vt 0.049805 0.053711
vt 0.050537 0.047607
vt 0.047119 0.042480
vt 0.057373 0.041748
vt 0.046387 0.032227
vt 0.052734 0.026611
vt 0.066406 0.030273
vt 0.041992 0.020020
vt 0.037354 0.020264
vt 0.056152 0.022217
vt 0.080811 0.024658
vt 0.035889 0.009277
vt 0.235840 0.918945
vt 0.243652 0.931152
vt 0.231934 0.930908
vt 0.240723 0.942627
vt 0.245361 0.943115
vt 0.224854 0.942871
vt 0.246582 0.936279
vt 0.249512 0.940918
vt 0.219482 0.934570
vt 0.254883 0.931885
vt 0.258057 0.942139
vt 0.264160 0.936279
vt 0.262939 0.928223
vt 0.216797 0.943115
vt 0.249756 0.927246
vt 0.256836 0.925781
vt 0.266357 0.926025
vt 0.247559 0.921387
vt 0.259766 0.921387
vt 0.264893 0.921387
vt 0.264893 0.916260
vt 0.256348 0.922852
vt 0.255371 0.918701
vt 0.243896 0.907959
vt 0.221436 0.922607
vt 0.222900 0.917969
vt 0.221680 0.909180
vt 0.217529 0.912598
vt 0.210938 0.907227
vt 0.217773 0.918701
vt 0.218994 0.928223
vt 0.209717 0.910156
vt 0.205322 0.907715
vt 0.213135 0.914062
vt 0.208008 0.915771
vt 0.214111 0.917236
vt 0.215576 0.921143
vt 0.218018 0.924561
vt 0.208496 0.919434
vt 0.210449 0.923096
vt 0.211426 0.926514
vt 0.203369 0.921143
vt 0.205566 0.922607
vt 0.200439 0.921875
vt 0.202881 0.924805
vt 0.193848 0.931396
vt 0.199707 0.930176
vt 0.203369 0.927734
vt 0.209961 0.929199
vt 0.216309 0.930664
vt 0.204834 0.930908
vt 0.212891 0.931885
vt 0.215332 0.934570
vt 0.210205 0.935791
vt 0.214600 0.938477
vt 0.205811 0.937744
vt 0.210449 0.939209
vt 0.212891 0.942383
vt 0.207520 0.946289
vt 0.205322 0.942627
vt 0.196777 0.940430
vt 0.195312 0.933350
vt 0.189697 0.941895
vt 0.184814 0.946777
vt 0.189697 0.930908
vt 0.193848 0.916748
vt 0.180420 0.925781
vt 0.195068 0.905273
vt 0.180420 0.909424
vt 0.233398 0.027344
vt 0.237549 0.020020
vt 0.237305 0.031250
vt 0.227539 0.032471
vt 0.236328 0.038330
vt 0.218262 0.045654
vt 0.233887 0.013672
vt 0.235107 0.010254
vt 0.237549 0.004639
vt 0.229492 0.007080
vt 0.225830 0.005371
vt 0.232422 0.025879
vt 0.232422 0.016357
vt 0.229492 0.027344
vt 0.229980 0.020508
vt 0.229004 0.012695
vt 0.225830 0.012451
vt 0.227783 0.022217
vt 0.224121 0.026367
vt 0.224609 0.021484
vt 0.217773 0.009521
vt 0.221436 0.016113
vt 0.221191 0.024414
vt 0.219482 0.029297
vt 0.217285 0.017334
vt 0.213379 0.007568
vt 0.218506 0.004150
vt 0.213379 0.012939
vt 0.214355 0.022705
vt 0.215576 0.031982
vt 0.198975 0.040039
vt 0.206787 0.031006
vt 0.211426 0.020508
vt 0.194824 0.029785
vt 0.185547 0.030029
vt 0.205566 0.026367
vt 0.209961 0.013184
vt 0.200928 0.027344
vt 0.188965 0.015381
vt 0.186035 0.014648
vt 0.207275 0.018555
vt 0.204102 0.021240
vt 0.200928 0.015625
vt 0.198486 0.021973
vt 0.195557 0.023438
vt 0.196777 0.015625
vt 0.191650 0.017578
vt 0.196777 0.008545
vt 0.194336 0.010742
vt 0.192139 0.007080
vt 0.190430 0.004883
vt 0.199463 0.004639
vt 0.207275 0.008789
vt 0.792969 0.031494
vt 0.782227 0.038330
vt 0.779053 0.036133
vt 0.790039 0.037598
vt 0.795898 0.033447
vt 0.800781 0.029297
vt 0.790039 0.040039
vt 0.786865 0.043701
vt 0.790039 0.044434
vt 0.795654 0.037598
vt 0.795166 0.040039
vt 0.798340 0.043945
vt 0.801270 0.035156
vt 0.802734 0.037354
vt 0.807129 0.046631
vt 0.804932 0.033447
vt 0.805176 0.025635
vt 0.800049 0.023682
vt 0.813477 0.039307
vt 0.794922 0.018311
vt 0.798828 0.009766
vt 0.802490 0.015381
vt 0.806885 0.009521
vt 0.803711 0.020752
vt 0.805908 0.016113
vt 0.809082 0.012451
vt 0.807861 0.020264
vt 0.816895 0.017822
vt 0.809082 0.025635
vt 0.816162 0.028809
vt 0.820557 0.031494
vt 0.829834 0.018311
vt 0.826172 0.012695
vt 0.836426 0.009033
vt 0.834961 0.018799
vt 0.827881 0.039307
vt 0.849121 0.031006
vt 0.840332 0.045898
vt 0.815918 0.044678
vt 0.823730 0.058594
vt 0.810547 0.050049
vt 0.526611 0.100830
vt 0.530029 0.078613
vt 0.539307 0.080566
vt 0.534912 0.074951
vt 0.526611 0.074463
vt 0.520508 0.080566
vt 0.541992 0.074463
vt 0.553223 0.083740
vt 0.549805 0.072510
vt 0.535645 0.070801
vt 0.516602 0.077637
vt 0.541992 0.065186
vt 0.521729 0.072021
vt 0.516602 0.066162
vt 0.552002 0.063477
vt 0.524170 0.068115
vt 0.525146 0.055664
vt 0.529297 0.070312
vt 0.532715 0.064941
vt 0.539551 0.054932
vt 0.531982 0.042236
vt 0.543213 0.046631
vt 0.552734 0.055908
vt 0.558350 0.048096
vt 0.563965 0.058838
vt 0.572754 0.044678
vt 0.553467 0.066406
vt 0.561768 0.071533
vt 0.571777 0.066895
vt 0.036621 0.862549
vt 0.042480 0.860596
vt 0.037842 0.865723
vt 0.050781 0.873291
vt 0.028076 0.864502
vt 0.042725 0.853271
vt 0.038330 0.859131
vt 0.028809 0.860596
vt 0.023193 0.858398
vt 0.023926 0.853760
vt 0.031494 0.858398
vt 0.025635 0.849609
vt 0.034668 0.856934
vt 0.032959 0.854248
vt 0.028809 0.847412
vt 0.036133 0.854736
vt 0.039551 0.853516
vt 0.034424 0.852051
vt 0.035889 0.849121
vt 0.026367 0.837402
vt 0.044434 0.846924
vt 0.030762 0.842529
vt 0.034912 0.846680
vt 0.055908 0.849609
vt 0.061035 0.857910
vt 0.062256 0.849609
vt 0.063721 0.843506
vt 0.050293 0.840820
vt 0.063965 0.834961
vt 0.058105 0.826416
vt 0.068115 0.829834
vt 0.047852 0.831055
vt 0.047363 0.838867
vt 0.044678 0.833008
vt 0.044189 0.839600
vt 0.042725 0.829834
vt 0.042969 0.827881
vt 0.043457 0.835449
vt 0.036865 0.831299
vt 0.036865 0.828125
vt 0.036865 0.824463
vt 0.042725 0.825195
vt 0.038574 0.821533
vt 0.033691 0.828857
vt 0.030518 0.828369
vt 0.034424 0.821777
vt 0.035889 0.817871
vt 0.032227 0.819336
vt 0.031494 0.833252
vt 0.027588 0.821533
vt 0.028809 0.817871
vt 0.026123 0.817627
vt 0.022949 0.817139
vt 0.037598 0.833252
vt 0.036865 0.838135
vt 0.040771 0.836426
vt 0.040283 0.841064
vt 0.036865 0.841553
vt 0.041992 0.843506
vt 0.039062 0.845459
vt 0.803467 0.835205
vt 0.795898 0.828857
vt 0.804199 0.832520
vt 0.808594 0.850830
vt 0.811279 0.848389
vt 0.817871 0.867676
vt 0.815918 0.839111
vt 0.814453 0.821777
vt 0.805176 0.826416
vt 0.796387 0.821289
vt 0.785400 0.834717
vt 0.786133 0.822510
vt 0.786377 0.817139
vt 0.802002 0.811768
vt 0.802490 0.797119
vt 0.790771 0.811035
vt 0.817139 0.745605
vt 0.784180 0.782227
vt 0.789551 0.790771
vt 0.797607 0.799072
vt 0.786377 0.804199
vt 0.770508 0.808594
vt 0.781250 0.800049
vt 0.766846 0.802490
vt 0.758301 0.797119
vt 0.985596 0.318604
vt 0.989502 0.316895
vt 0.987305 0.323730
vt 0.986816 0.331787
vt 0.984863 0.328613
vt 0.981445 0.312256
vt 0.996826 0.322266
vt 0.996338 0.294922
vt 0.981445 0.343750
vt 0.983154 0.291016
vt 0.993164 0.263916
vt 0.985107 0.261475
vt 0.976318 0.274170
vt 0.969238 0.298340
vt 0.970703 0.313965
vt 0.957520 0.307373
vt 0.961914 0.322266
vt 0.967529 0.321045
vt 0.967041 0.329590
vt 0.974854 0.319824
vt 0.977783 0.324707
vt 0.964600 0.337891
vt 0.960449 0.340820
vt 0.973145 0.341797
vt 0.969971 0.339355
vt 0.980713 0.341553
vt 0.980469 0.339355
vt 0.972900 0.338135
vt 0.971191 0.333252
vt 0.974609 0.335449
vt 0.973145 0.327148
vt 0.975586 0.330811
vt 0.976807 0.336182
vt 0.980713 0.331299
vt 0.978516 0.330811
vt 0.980225 0.327393
vt 0.983154 0.324951
vt 0.424561 0.954346
vt 0.437256 0.950684
vt 0.448486 0.957520
vt 0.446289 0.949951
vt 0.439209 0.948730
vt 0.457031 0.949951
vt 0.439209 0.960693
vt 0.426270 0.958008
vt 0.429688 0.959961
vt 0.432617 0.960205
vt 0.438965 0.963135
vt 0.443359 0.970459
vt 0.439453 0.966309
vt 0.450439 0.978271
vt 0.466797 0.974365
vt 0.466553 0.979980
vt 0.468262 0.953613
vt 0.472168 0.968018
vt 0.477295 0.973145
vt 0.478760 0.968750
vt 0.483154 0.977783
vt 0.475586 0.963379
vt 0.485352 0.962158
vt 0.465820 0.944336
vt 0.460938 0.943359
vt 0.463623 0.939697
vt 0.469971 0.945312
vt 0.468018 0.933105
vt 0.467041 0.925049
vt 0.463135 0.930664
vt 0.468750 0.926270
vt 0.472168 0.922119
vt 0.473633 0.935303
vt 0.476807 0.958252
vt 0.479004 0.951416
vt 0.480469 0.957764
vt 0.483643 0.949707
vt 0.484375 0.934570
vt 0.489258 0.944580
vt 0.931885 0.255371
vt 0.920166 0.253174
vt 0.935303 0.242920
vt 0.915039 0.239990
vt 0.903320 0.254639
vt 0.899902 0.246826
vt 0.921631 0.228271
vt 0.940430 0.238281
vt 0.940186 0.231445
vt 0.901855 0.235840
vt 0.886963 0.245117
vt 0.927734 0.220215
vt 0.886475 0.235107
vt 0.895264 0.225586
vt 0.878418 0.229248
vt 0.885498 0.219238
vt 0.907471 0.215820
vt 0.867188 0.225342
vt 0.880615 0.216797
vt 0.901123 0.204834
vt 0.925781 0.205078
vt 0.936768 0.214355
vt 0.913818 0.195801
vt 0.896729 0.190186
vt 0.932373 0.192383
vt 0.937988 0.192627
vt 0.920898 0.184326
vt 0.936279 0.182617
vt 0.906250 0.185791
vt 0.916992 0.173584
vt 0.937012 0.170166
vt 0.920654 0.163330
vt 0.903076 0.165771
vt 0.899414 0.176514
vt 0.892334 0.161865
vt 0.885254 0.168213
vt 0.148682 0.188477
vt 0.165771 0.174561
vt 0.165039 0.186035
vt 0.181152 0.171631
vt 0.150146 0.175049
vt 0.139404 0.182861
vt 0.135498 0.175781
vt 0.177490 0.161621
vt 0.197998 0.158447
vt 0.160889 0.168457
vt 0.148926 0.166260
vt 0.133545 0.166748
vt 0.145996 0.157959
vt 0.134521 0.154297
vt 0.160400 0.158691
vt 0.174805 0.153809
vt 0.191406 0.149658
vt 0.169434 0.146729
vt 0.187500 0.139160
vt 0.152100 0.141357
vt 0.209961 0.147705
vt 0.213867 0.156738
vt 0.219971 0.147461
vt 0.223389 0.143555
vt 0.226074 0.145508
vt 0.222168 0.139404
vt 0.133301 0.144531
vt 0.116455 0.147461
vt 0.141113 0.132812
vt 0.115723 0.133057
vt 0.209717 0.138672
vt 0.216064 0.130371
vt 0.196533 0.142090
vt 0.198730 0.128174
vt 0.185791 0.126953
vt 0.204590 0.120117
vt 0.215820 0.122314
vt 0.210938 0.112305
vt 0.200195 0.111084
vt 0.184570 0.112305
vt 0.169434 0.126221
vt 0.172363 0.136475
vt 0.162842 0.118164
vt 0.504883 0.978271
vt 0.504883 0.969971
vt 0.514893 0.977539
vt 0.957764 0.377197
vt 0.957764 0.358643
vt 0.965332 0.370361
vt 0.962891 0.388428
vt 0.969482 0.354492
vt 0.962891 0.349365
vt 0.975586 0.349121
vt 0.975098 0.366943
vt 0.974854 0.382324
vt 0.969482 0.403320
vt 0.958008 0.400879
vt 0.957275 0.421875
vt 0.966309 0.425293
vt 0.973633 0.419922
vt 0.985596 0.408447
vt 0.980469 0.430664
vt 0.985840 0.381592
vt 0.998291 0.391113
vt 0.995117 0.364990
vt 0.984375 0.357910
vt 0.992188 0.351562
vt 0.981201 0.347900
vt 0.190674 0.083252
vt 0.178467 0.087891
vt 0.187988 0.067139
vt 0.188232 0.089600
vt 0.183350 0.099609
vt 0.158936 0.063965
vt 0.166504 0.101562
vt 0.141846 0.084961
vt 0.123535 0.066650
vt 0.137695 0.126953
vt 0.097412 0.098877
vt 0.212891 0.967285
vt 0.204590 0.972412
vt 0.203857 0.963867
vt 0.204834 0.959961
vt 0.199219 0.958984
vt 0.195312 0.950684
vt 0.212646 0.958008
vt 0.228516 0.970215
vt 0.229736 0.949463
vt 0.195557 0.947510
vt 0.183594 0.955811
vt 0.192139 0.955811
vt 0.232666 0.978027
vt 0.226807 0.990234
vt 0.219238 0.989990
vt 0.225586 0.995850
vt 0.220459 0.995850
vt 0.216797 0.973633
vt 0.213135 0.998047
vt 0.211670 0.986816
vt 0.204834 0.979248
vt 0.206787 0.989746
vt 0.213135 0.993164
vt 0.204102 0.993896
vt 0.845215 0.666260
vt 0.850586 0.670898
vt 0.842285 0.673828
vt 0.856445 0.665039
vt 0.860107 0.671387
vt 0.852783 0.674561
vt 0.847168 0.677734
vt 0.850830 0.679688
vt 0.847412 0.698975
vt 0.844482 0.695068
vt 0.840088 0.693115
vt 0.836914 0.684570
vt 0.842529 0.658447
vt 0.850586 0.653564
vt 0.863525 0.662598
vt 0.869141 0.639648
vt 0.858398 0.622314
vt 0.870361 0.618408
vt 0.865967 0.604492
vt 0.856445 0.611328
vt 0.836182 0.641846
vt 0.828857 0.614746
vt 0.825439 0.622559
vt 0.826172 0.645020
vt 0.832764 0.686768
vt 0.827393 0.705811
vt 0.177979 0.028076
vt 0.166992 0.031006
vt 0.178955 0.021973
vt 0.166748 0.012939
vt 0.615479 0.036621
vt 0.621826 0.021484
vt 0.628662 0.042725
vt 0.635742 0.039307
vt 0.640381 0.023926
vt 0.631592 0.014893
vt 0.641357 0.012207
vt 0.652588 0.020752
vt 0.622314 0.015381
vt 0.611572 0.012451
vt 0.625488 0.008545
vt 0.632324 0.009521
vt 0.640625 0.006836
vt 0.648682 0.007568
vt 0.647461 0.002197
vt 0.653320 0.002686
vt 0.631836 0.005859
vt 0.643066 0.002930
vt 0.624512 0.003662
vt 0.617188 0.006836
vt 0.610840 0.001465
vt 0.618896 0.010742
vt 0.612305 0.008789
vt 0.605469 0.003906
vt 0.969482 0.987793
vt 0.972900 0.982666
vt 0.978516 0.993896
vt 0.982178 0.993896
vt 0.981201 0.982910
vt 0.064697 0.578857
vt 0.060303 0.574463
vt 0.063721 0.574707
vt 0.058594 0.585938
vt 0.065430 0.587158
vt 0.070068 0.583496
vt 0.072021 0.589111
vt 0.068359 0.578369
vt 0.076416 0.588379
vt 0.057129 0.577881
vt 0.048828 0.587646
vt 0.051025 0.574463
vt 0.038330 0.590576
vt 0.056152 0.572266
vt 0.046631 0.570312
vt 0.039062 0.570312
vt 0.043457 0.562744
vt 0.050049 0.565918
vt 0.054443 0.568604
vt 0.058350 0.570557
vt 0.057617 0.568359
vt 0.060791 0.570801
vt 0.061523 0.567383
vt 0.061768 0.564209
vt 0.062744 0.568848
vt 0.063232 0.570801
vt 0.067139 0.572021
vt 0.065186 0.568359
vt 0.064453 0.566650
vt 0.065918 0.565918
vt 0.064697 0.560303
vt 0.069824 0.570312
vt 0.072998 0.570068
vt 0.075928 0.576416
vt 0.078369 0.576660
vt 0.073242 0.574707
vt 0.070557 0.577148
vt 0.074219 0.576660
vt 0.072510 0.580078
vt 0.078369 0.579346
vt 0.084229 0.581787
vt 0.076904 0.581055
vt 0.072510 0.583008
vt 0.075439 0.584473
vt 0.081299 0.583496
vt 0.078369 0.586182
vt 0.080078 0.588135
vt 0.081543 0.590332
vt 0.081299 0.586914
vt 0.083252 0.588135
vt 0.084473 0.588379
vt 0.083252 0.585449
vt 0.085205 0.585938
vt 0.090820 0.585693
vt 0.085938 0.583252
vt 0.091797 0.584717
vt 0.086426 0.582275
vt 0.089111 0.582275
vt 0.086182 0.579102
vt 0.724365 0.944092
vt 0.721436 0.946533
vt 0.715088 0.938721
vt 0.701904 0.933594
vt 0.726074 0.939453
vt 0.731201 0.943115
vt 0.730469 0.940918
vt 0.731934 0.934814
vt 0.740479 0.931641
vt 0.723633 0.933594
vt 0.733887 0.926758
vt 0.736084 0.910889
vt 0.712891 0.932617
vt 0.707031 0.928955
vt 0.722656 0.928955
vt 0.712891 0.927734
vt 0.728516 0.921875
vt 0.719482 0.923340
vt 0.719482 0.918457
vt 0.723145 0.903564
vt 0.713867 0.921631
vt 0.714111 0.917480
vt 0.715576 0.909180
vt 0.712402 0.903564
vt 0.708496 0.919434
vt 0.707764 0.911865
vt 0.702881 0.919434
vt 0.702637 0.909912
vt 0.708008 0.900146
vt 0.709229 0.889160
vt 0.696533 0.914795
vt 0.699951 0.906738
vt 0.702393 0.898682
vt 0.697510 0.894043
vt 0.693604 0.881592
vt 0.696777 0.900635
vt 0.693115 0.906494
vt 0.685791 0.912598
vt 0.692871 0.896240
vt 0.689209 0.897705
vt 0.688232 0.886719
vt 0.685791 0.881104
vt 0.683594 0.901611
vt 0.682373 0.891113
vt 0.681152 0.883545
vt 0.677246 0.903809
vt 0.658203 0.916504
vt 0.667480 0.902588
vt 0.676025 0.897217
vt 0.675293 0.887451
vt 0.669189 0.876953
vt 0.671387 0.889160
vt 0.670654 0.943848
vt 0.695068 0.956055
vt 0.684570 0.953125
vt 0.677246 0.960449
vt 0.666992 0.958008
vt 0.658691 0.943359
vt 0.661865 0.933105
vt 0.652100 0.924805
vt 0.651123 0.937256
vt 0.650879 0.945801
vt 0.646484 0.927734
vt 0.643311 0.938232
vt 0.639893 0.919922
vt 0.104736 0.018066
vt 0.108887 0.012207
vt 0.113525 0.018799
vt 0.116211 0.003906
vt 0.108643 0.007568
vt 0.110840 0.000244
vt 0.105713 0.012207
vt 0.105225 0.007568
vt 0.105225 0.000244
vt 0.097168 0.008789
vt 0.102539 0.009766
vt 0.101562 0.015625
vt 0.098389 0.012695
vt 0.093750 0.017578
vt 0.088379 0.012939
vt 0.090332 0.021240
vt 0.098877 0.020752
vt 0.106934 0.025879
vt 0.093262 0.024902
vt 0.094727 0.027588
vt 0.088867 0.030518
vt 0.090332 0.034180
vt 0.003418 0.758545
vt 0.004883 0.751953
vt 0.008789 0.753906
vt 0.001465 0.748779
vt 0.003662 0.747070
vt 0.005371 0.749268
vt 0.008057 0.751221
vt 0.007568 0.744629
vt 0.012207 0.746338
vt 0.011719 0.749512
vt 0.011963 0.760986
vt 0.001465 0.774658
vt 0.012939 0.771484
vt 0.014893 0.750732
vt 0.018311 0.747559
vt 0.019775 0.750488
vt 0.012451 0.754395
vt 0.016113 0.755859
vt 0.023926 0.752197
vt 0.015869 0.762695
vt 0.018066 0.767334
vt 0.019775 0.765381
vt 0.018066 0.758545
vt 0.019043 0.761230
vt 0.024658 0.763184
vt 0.023926 0.755127
vt 0.028564 0.751953
vt 0.024170 0.760986
vt 0.029541 0.760498
vt 0.025391 0.758057
vt 0.033691 0.753662
vt 0.505127 0.962402
vt 0.508545 0.952393
vt 0.509033 0.961914
vt 0.518066 0.970703
vt 0.516602 0.965820
vt 0.521973 0.964111
vt 0.529785 0.965576
vt 0.515869 0.960938
vt 0.514404 0.955322
vt 0.523926 0.959717
vt 0.520020 0.956055
vt 0.527100 0.952881
vt 0.520264 0.952393
vt 0.514404 0.949219
vt 0.513184 0.945312
vt 0.500000 0.939209
vt 0.521973 0.950439
vt 0.512207 0.937012
vt 0.524414 0.947998
vt 0.530273 0.953369
vt 0.526611 0.946289
vt 0.516113 0.942383
vt 0.534668 0.961914
vt 0.531982 0.973145
vt 0.540771 0.972900
vt 0.533447 0.947266
vt 0.548828 0.962891
vt 0.567139 0.971680
vt 0.557861 0.952881
vt 0.540283 0.953613
vt 0.544678 0.944824
vt 0.559570 0.939209
vt 0.526123 0.941650
vt 0.539551 0.938721
vt 0.564697 0.933594
vt 0.567871 0.933838
vt 0.557373 0.932129
vt 0.546875 0.934326
vt 0.555908 0.927979
vt 0.552002 0.928711
vt 0.532227 0.935547
vt 0.534912 0.929688
vt 0.522949 0.931396
vt 0.516113 0.928955
vt 0.523438 0.934814
vt 0.520996 0.937256
vt 0.517090 0.933105
vt 0.516602 0.938965
vt 0.036865 0.298828
vt 0.027832 0.307373
vt 0.022705 0.303467
vt 0.922852 0.305664
vt 0.927734 0.314453
vt 0.922119 0.321533
vt 0.925781 0.323975
vt 0.918701 0.325439
vt 0.925293 0.292969
vt 0.914062 0.323975
vt 0.919678 0.312988
vt 0.915283 0.303467
vt 0.908936 0.279541
vt 0.916504 0.271484
vt 0.916016 0.266113
vt 0.907471 0.259766
vt 0.902832 0.269043
vt 0.901611 0.285400
vt 0.892578 0.259521
vt 0.887939 0.269531
vt 0.909424 0.312012
vt 0.900879 0.299072
vt 0.890137 0.288086
vt 0.880127 0.269287
vt 0.875000 0.272949
vt 0.910156 0.325928
vt 0.913574 0.328613
vt 0.905762 0.321045
vt 0.896973 0.309326
vt 0.882324 0.287109
vt 0.869385 0.272461
vt 0.887695 0.301025
vt 0.906738 0.329102
vt 0.901611 0.326416
vt 0.892578 0.315674
vt 0.878174 0.295898
vt 0.883789 0.316895
vt 0.871094 0.293213
vt 0.860352 0.277832
vt 0.897705 0.327148
vt 0.858398 0.282715
vt 0.854736 0.266846
vt 0.867920 0.304688
vt 0.901611 0.332031
vt 0.894287 0.330078
vt 0.895264 0.334229
vt 0.889404 0.334717
vt 0.875000 0.312744
vt 0.884277 0.329590
vt 0.876953 0.325684
vt 0.864746 0.308350
vt 0.868652 0.340576
vt 0.859131 0.294434
vt 0.853271 0.306885
vt 0.836670 0.273926
vt 0.840332 0.289551
vt 0.885010 0.336182
vt 0.879395 0.344238
vt 0.885986 0.338379
vt 0.890869 0.336426
vt 0.887207 0.340820
vt 0.885498 0.345459
vt 0.889648 0.338623
vt 0.889160 0.343506
vt 0.889160 0.346924
vt 0.889160 0.340576
vt 0.890869 0.345215
vt 0.891602 0.342773
vt 0.892090 0.339600
vt 0.894043 0.338379
vt 0.893555 0.341553
vt 0.895264 0.342285
vt 0.895752 0.337158
vt 0.895996 0.343994
vt 0.892090 0.347900
vt 0.897705 0.348633
vt 0.897217 0.340332
vt 0.899902 0.341553
vt 0.899658 0.344482
vt 0.905518 0.355469
vt 0.902832 0.342773
vt 0.908691 0.349609
vt 0.906006 0.339844
vt 0.897705 0.337891
vt 0.900391 0.339844
vt 0.897949 0.334473
vt 0.903076 0.339111
vt 0.900391 0.337891
vt 0.902344 0.335449
vt 0.904785 0.336914
vt 0.907715 0.337158
vt 0.904053 0.333252
vt 0.906250 0.331543
vt 0.911377 0.338379
vt 0.911621 0.335938
vt 0.910156 0.330811
vt 0.915771 0.335938
vt 0.908691 0.334717
vt 0.909180 0.332275
vt 0.910889 0.334229
vt 0.914062 0.331787
vt 0.916260 0.332764
vt 0.912109 0.333496
vt 0.914795 0.333984
vt 0.988037 0.156006
vt 0.978516 0.160889
vt 0.966797 0.139404
vt 0.964600 0.152344
vt 0.979736 0.176270
vt 0.965088 0.165527
vt 0.953369 0.156006
vt 0.957764 0.144287
vt 0.950439 0.135010
vt 0.971680 0.131104
vt 0.999023 0.154785
vt 0.961914 0.132568
vt 0.976074 0.123535
vt 0.961914 0.125000
vt 0.936768 0.105469
vt 0.963867 0.118408
vt 0.977051 0.114258
vt 0.998779 0.089111
vt 0.656982 0.175293
vt 0.655029 0.178467
vt 0.648926 0.173584
vt 0.658691 0.173340
vt 0.652100 0.185303
vt 0.662354 0.166992
vt 0.642334 0.201660
vt 0.641113 0.197998
vt 0.625244 0.187500
vt 0.657959 0.156494
vt 0.664062 0.162842
vt 0.665771 0.159912
vt 0.667725 0.157471
vt 0.672119 0.151367
vt 0.682373 0.148438
vt 0.675537 0.145996
vt 0.668213 0.136475
vt 0.677734 0.142578
vt 0.678955 0.139648
vt 0.681641 0.139648
vt 0.681152 0.135742
vt 0.677734 0.128418
vt 0.669922 0.120605
vt 0.646729 0.147705
vt 0.647705 0.125244
vt 0.664551 0.108887
vt 0.627197 0.138672
vt 0.632568 0.122559
vt 0.622314 0.112305
vt 0.611572 0.133057
vt 0.625977 0.159424
vt 0.599365 0.154297
vt 0.611084 0.167480
vt 0.592285 0.178711
vt 0.583740 0.165527
vt 0.594971 0.138428
vt 0.585449 0.158691
vt 0.588623 0.146484
vt 0.583740 0.135986
vt 0.573242 0.146729
vt 0.574219 0.153076
vt 0.564697 0.158447
vt 0.554932 0.147705
vt 0.558350 0.138916
vt 0.730957 0.097412
vt 0.746094 0.106201
vt 0.725586 0.104004
vt 0.708740 0.105225
vt 0.751709 0.101807
vt 0.723389 0.091797
vt 0.768066 0.108398
vt 0.737305 0.094238
vt 0.735596 0.088379
vt 0.773438 0.104980
vt 0.778076 0.110107
vt 0.777832 0.102783
vt 0.748047 0.094238
vt 0.762939 0.099854
vt 0.775146 0.100342
vt 0.781006 0.093750
vt 0.753174 0.090332
vt 0.765869 0.094971
vt 0.773438 0.093506
vt 0.779053 0.091064
vt 0.765381 0.088867
vt 0.747314 0.086426
vt 0.776855 0.078857
vt 0.781494 0.086914
vt 0.787354 0.082031
vt 0.754639 0.076416
vt 0.730225 0.083496
vt 0.721436 0.086670
vt 0.711670 0.092529
vt 0.710693 0.076416
vt 0.708740 0.077881
vt 0.730469 0.072998
vt 0.709961 0.068848
vt 0.772461 0.070557
vt 0.782471 0.073242
vt 0.753174 0.065430
vt 0.729004 0.060791
vt 0.709473 0.054932
vt 0.759277 0.060547
vt 0.778564 0.064209
vt 0.776611 0.053955
vt 0.738770 0.058105
vt 0.740234 0.042969
vt 0.760986 0.042480
vt 0.725098 0.054199
vt 0.711182 0.046631
vt 0.427490 0.978516
vt 0.433838 0.969727
vt 0.444580 0.984131
vt 0.424561 0.992188
vt 0.823730 0.933594
vt 0.821289 0.953857
vt 0.819336 0.939209
vt 0.815918 0.961426
vt 0.813721 0.948975
vt 0.809570 0.959473
vt 0.823242 0.978271
vt 0.815186 0.972900
vt 0.788818 0.963135
vt 0.790039 0.971924
vt 0.141602 0.259277
vt 0.138184 0.275391
vt 0.122559 0.260254
vt 0.136475 0.247070
vt 0.129395 0.297607
vt 0.115479 0.289307
vt 0.118408 0.311035
vt 0.108398 0.260986
vt 0.105469 0.236084
vt 0.107666 0.297363
vt 0.105469 0.285400
vt 0.095215 0.271484
vt 0.093262 0.256348
vt 0.096191 0.286377
vt 0.101807 0.290771
vt 0.099365 0.293701
vt 0.097412 0.290527
vt 0.099121 0.297607
vt 0.094238 0.297607
vt 0.100342 0.304443
vt 0.103516 0.301514
vt 0.111084 0.305664
vt 0.104736 0.310547
vt 0.104248 0.314453
vt 0.106689 0.313477
vt 0.107178 0.309570
vt 0.110596 0.309814
vt 0.110596 0.312012
vt 0.109619 0.313965
vt 0.139893 0.429443
vt 0.139160 0.437988
vt 0.132812 0.443604
vt 0.137939 0.442383
vt 0.118408 0.439941
vt 0.118164 0.448486
vt 0.129883 0.464600
vt 0.104980 0.449707
vt 0.136475 0.447510
vt 0.138672 0.446777
vt 0.141357 0.447510
vt 0.137451 0.453613
vt 0.140625 0.450684
vt 0.150146 0.449463
vt 0.147461 0.454102
vt 0.157959 0.449219
vt 0.158447 0.452881
vt 0.155762 0.458984
vt 0.152344 0.469727
vt 0.159668 0.469482
vt 0.144775 0.470947
vt 0.137451 0.472900
vt 0.134766 0.470459
vt 0.130371 0.473633
vt 0.127441 0.475098
vt 0.127686 0.479736
vt 0.129639 0.480225
vt 0.126465 0.487061
vt 0.125000 0.485352
vt 0.121338 0.486816
vt 0.124756 0.482910
vt 0.114502 0.488770
vt 0.121094 0.483887
vt 0.124023 0.479736
vt 0.122070 0.475586
vt 0.120850 0.479736
vt 0.117188 0.481934
vt 0.117676 0.479492
vt 0.121826 0.471191
vt 0.110352 0.482910
vt 0.117432 0.476562
vt 0.116943 0.472168
vt 0.112793 0.478027
vt 0.108154 0.480469
vt 0.112061 0.475830
vt 0.112549 0.472168
vt 0.111084 0.469238
vt 0.107910 0.477539
vt 0.107422 0.472412
vt 0.105957 0.470459
vt 0.106689 0.467041
vt 0.102539 0.474121
vt 0.101807 0.470703
vt 0.104492 0.477295
vt 0.098877 0.481201
vt 0.102539 0.482178
vt 0.102051 0.490234
vt 0.106445 0.498779
vt 0.111328 0.502197
vt 0.103027 0.495117
vt 0.101074 0.493896
vt 0.096924 0.495850
vt 0.099609 0.496826
vt 0.102295 0.497314
vt 0.014160 0.490479
vt 0.006836 0.469971
vt 0.018311 0.476562
vt 0.006104 0.450684
vt 0.678711 0.054688
vt 0.683105 0.056152
vt 0.673340 0.063477
vt 0.686279 0.058594
vt 0.680420 0.068604
vt 0.667480 0.046143
vt 0.685547 0.047852
vt 0.664062 0.053955
vt 0.666992 0.070801
vt 0.677734 0.077148
vt 0.639160 0.054199
vt 0.652588 0.044434
vt 0.676270 0.084961
vt 0.684326 0.094238
vt 0.672119 0.084961
vt 0.679688 0.095459
vt 0.686035 0.099854
vt 0.681396 0.101074
vt 0.677490 0.097900
vt 0.664551 0.095215
vt 0.676758 0.118164
vt 0.635742 0.085205
vt 0.625977 0.063477
vt 0.622559 0.048584
vt 0.931152 0.467285
vt 0.947998 0.469238
vt 0.938477 0.484619
vt 0.923828 0.444824
vt 0.936035 0.445312
vt 0.949219 0.474609
vt 0.954346 0.459961
vt 0.941650 0.436768
vt 0.950195 0.436768
vt 0.961426 0.468506
vt 0.965576 0.460205
vt 0.953369 0.479492
vt 0.975098 0.461182
vt 0.972656 0.453613
vt 0.959229 0.429443
vt 0.939209 0.499023
vt 0.921387 0.494873
vt 0.954346 0.486572
vt 0.979492 0.446533
vt 0.979492 0.489746
vt 0.975586 0.491211
vt 0.988037 0.499512
vt 0.999756 0.468750
vt 0.990234 0.454102
vt 0.979004 0.450928
vt 1.000000 0.443604
vt 0.997070 0.415283
vt 0.713867 0.007568
vt 0.718018 0.000000
vt 0.718018 0.016602
vt 0.711670 0.023193
vt 0.714111 0.002686
vt 0.708740 0.000488
vt 0.705566 0.025635
vt 0.705566 0.042480
vt 0.697266 0.041748
vt 0.694580 0.033691
vt 0.694336 0.042969
vt 0.698975 0.022217
vt 0.690674 0.030029
vt 0.687988 0.027588
vt 0.686279 0.030518
vt 0.695557 0.016602
vt 0.684814 0.026123
vt 0.679199 0.025879
vt 0.678955 0.017822
vt 0.698730 0.008789
vt 0.684814 0.006836
vt 0.342041 0.842041
vt 0.350342 0.832764
vt 0.348633 0.842041
vt 0.344971 0.846924
vt 0.338379 0.850586
vt 0.346436 0.856445
vt 0.355713 0.849609
vt 0.354004 0.858643
vt 0.359863 0.853516
vt 0.364258 0.853027
vt 0.353027 0.844482
vt 0.354736 0.840820
vt 0.360107 0.843750
vt 0.368164 0.845703
vt 0.368164 0.852295
vt 0.376221 0.849121
vt 0.358398 0.836914
vt 0.359375 0.832520
vt 0.371826 0.834717
vt 0.367432 0.830322
vt 0.385986 0.836670
vt 0.384033 0.850830
vt 0.379395 0.827393
vt 0.373291 0.823242
vt 0.377441 0.815674
vt 0.389160 0.818359
vt 0.399414 0.841797
vt 0.385742 0.856689
vt 0.409180 0.815186
vt 0.397461 0.805664
vt 0.406006 0.795166
vt 0.429443 0.788330
vt 0.427490 0.828369
vt 0.446777 0.857422
vt 0.449219 0.832764
vt 0.443604 0.805908
vt 0.473633 0.820557
vt 0.456543 0.787842
vt 0.131104 0.184570
vt 0.125732 0.191895
vt 0.128418 0.185059
vt 0.131104 0.194580
vt 0.125244 0.180664
vt 0.119629 0.197021
vt 0.121094 0.180908
vt 0.120361 0.183594
vt 0.116455 0.188477
vt 0.118896 0.177246
vt 0.109619 0.178467
vt 0.123779 0.186035
vt 0.124512 0.188965
vt 0.122803 0.189697
vt 0.119385 0.189941
vt 0.122803 0.191650
vt 0.107666 0.187012
vt 0.102783 0.185059
vt 0.119873 0.193604
vt 0.115234 0.192139
vt 0.111084 0.194092
vt 0.109131 0.191406
vt 0.099854 0.190674
vt 0.096191 0.189697
vt 0.101807 0.194824
vt 0.106445 0.198242
vt 0.106445 0.205322
vt 0.092285 0.195801
vt 0.086670 0.199219
vt 0.095703 0.199463
vt 0.100586 0.198730
vt 0.102539 0.203125
vt 0.100342 0.201904
vt 0.084961 0.203369
vt 0.081299 0.204102
vt 0.084229 0.210205
vt 0.096924 0.201416
vt 0.098389 0.204346
vt 0.100098 0.206543
vt 0.100586 0.211670
vt 0.107666 0.219482
vt 0.097168 0.207764
vt 0.094727 0.204346
vt 0.095947 0.206055
vt 0.092529 0.203857
vt 0.095459 0.211914
vt 0.091553 0.208740
vt 0.090332 0.203125
vt 0.088135 0.208252
vt 0.094971 0.219482
vt 0.084961 0.213379
vt 0.082520 0.211914
vt 0.082764 0.223145
vt 0.089600 0.213867
vt 0.088135 0.224121
vt 0.092285 0.216553
vt 0.091309 0.224854
vt 0.086182 0.232910
vt 0.082764 0.232178
vt 0.085693 0.237549
vt 0.086182 0.240723
vt 0.089844 0.236084
vt 0.089355 0.231201
vt 0.091553 0.229492
vt 0.093506 0.241943
vt 0.091309 0.235352
vt 0.092773 0.231445
vt 0.093506 0.228027
vt 0.095703 0.224121
vt 0.094727 0.233643
vt 0.097656 0.235352
vt 0.099854 0.239502
vt 0.099609 0.231445
vt 0.094727 0.230957
vt 0.096680 0.228516
vt 0.099854 0.227051
vt 0.102783 0.225342
vt 0.098389 0.221924
vt 0.933105 0.952148
vt 0.916260 0.958008
vt 0.918701 0.950928
vt 0.932861 0.944092
vt 0.955078 0.952881
vt 0.908447 0.944824
vt 0.889648 0.948486
vt 0.919189 0.946777
vt 0.933105 0.937012
vt 0.922363 0.931152
vt 0.908936 0.941162
vt 0.897949 0.927734
vt 0.909180 0.916748
vt 0.895508 0.915771
vt 0.351562 0.963623
vt 0.364014 0.962158
vt 0.350098 0.972656
vt 0.360352 0.977051
vt 0.348389 0.968750
vt 0.349365 0.980713
vt 0.359375 0.989502
vt 0.343750 0.972656
vt 0.336426 0.969238
vt 0.346436 0.976562
vt 0.335938 0.973633
vt 0.329834 0.974121
vt 0.328613 0.969238
vt 0.325684 0.979736
vt 0.333984 0.983398
vt 0.343262 0.979980
vt 0.334717 0.977783
vt 0.339355 0.982422
vt 0.327637 0.992676
vt 0.344482 0.984375
vt 0.338623 0.986084
vt 0.332031 0.988770
vt 0.333008 0.991455
vt 0.340820 0.988525
vt 0.341064 0.992188
vt 0.341064 0.994873
vt 0.346924 0.989990
vt 0.363525 0.999756
vt 0.868164 0.470459
vt 0.853027 0.473877
vt 0.856689 0.468750
vt 0.855713 0.464355
vt 0.842041 0.480957
vt 0.858887 0.465332
vt 0.860596 0.463867
vt 0.867676 0.467773
vt 0.868408 0.465088
vt 0.865479 0.462402
vt 0.874268 0.466309
vt 0.874268 0.469727
vt 0.869629 0.474121
vt 0.876709 0.473877
vt 0.856689 0.477783
vt 0.874512 0.478271
vt 0.877441 0.477783
vt 0.878418 0.482666
vt 0.875732 0.495605
vt 0.886475 0.500488
vt 0.864502 0.480225
vt 0.856201 0.504883
vt 0.854248 0.483398
vt 0.850098 0.482178
vt 0.846680 0.489746
vt 0.837891 0.495605
vt 0.845947 0.508301
vt 0.842529 0.487549
vt 0.835938 0.489746
vt 0.833496 0.502930
vt 0.854492 0.947021
vt 0.850098 0.945312
vt 0.855225 0.942627
vt 0.861572 0.941650
vt 0.843994 0.947754
vt 0.856934 0.949219
vt 0.846436 0.949951
vt 0.828125 0.958008
vt 0.852783 0.952148
vt 0.859131 0.953125
vt 0.865723 0.940918
vt 0.862549 0.958740
vt 0.873779 0.946533
vt 0.869629 0.944336
vt 0.880615 0.933594
vt 0.874268 0.933594
vt 0.872070 0.933350
vt 0.882324 0.926025
vt 0.875977 0.925537
vt 0.871094 0.928711
vt 0.868164 0.920410
vt 0.862305 0.936279
vt 0.865479 0.919678
vt 0.865967 0.913574
vt 0.864746 0.924805
vt 0.864746 0.929199
vt 0.859863 0.932617
vt 0.861084 0.928467
vt 0.862549 0.924561
vt 0.854004 0.933838
vt 0.857422 0.930420
vt 0.857422 0.925293
vt 0.861084 0.921631
vt 0.854492 0.921631
vt 0.849609 0.919434
vt 0.851807 0.939209
vt 0.858154 0.911133
vt 0.864502 0.908691
vt 0.849609 0.941406
vt 0.856934 0.906006
vt 0.860107 0.903076
vt 0.848877 0.900391
vt 0.852051 0.908447
vt 0.854736 0.895752
vt 0.847412 0.943604
vt 0.845947 0.896484
vt 0.855469 0.891357
vt 0.857910 0.894043
vt 0.853760 0.888184
vt 0.843506 0.882812
vt 0.848389 0.878906
vt 0.844971 0.944824
vt 0.838379 0.942627
vt 0.846924 0.940430
vt 0.843750 0.940430
vt 0.839111 0.936768
vt 0.833740 0.935791
vt 0.844238 0.937988
vt 0.836914 0.933350
vt 0.847656 0.932617
vt 0.849609 0.938232
vt 0.833496 0.933105
vt 0.829102 0.925537
vt 0.840576 0.905273
vt 0.843994 0.905518
vt 0.846191 0.899170
vt 0.847168 0.903320
vt 0.844971 0.895996
vt 0.657471 0.036133
vt 0.647949 0.038086
vt 0.654297 0.033203
vt 0.641113 0.040771
vt 0.645752 0.039795
vt 0.657227 0.032471
vt 0.647949 0.027344
vt 0.667236 0.036133
vt 0.659668 0.040039
vt 0.663574 0.041992
vt 0.689453 0.040283
vt 0.667725 0.028076
vt 0.661621 0.018555
vt 0.004639 0.510986
vt 0.005371 0.514404
vt 0.003174 0.513184
vt 0.001709 0.508545
vt 0.000000 0.509766
vt 0.000244 0.504150
vt 0.005127 0.505371
vt 0.008545 0.503174
vt 0.006592 0.506836
vt 0.008057 0.508057
vt 0.009277 0.515381
vt 0.005127 0.520752
vt 0.011719 0.503418
vt 0.009521 0.510010
vt 0.015137 0.523682
vt 0.000488 0.531250
vt 0.011719 0.532471
vt 0.015137 0.531738
vt 0.021484 0.532471
vt 0.024902 0.522949
vt 0.010742 0.513428
vt 0.013916 0.517090
vt 0.021484 0.518799
vt 0.015137 0.514404
vt 0.011719 0.508057
vt 0.012939 0.511230
vt 0.014160 0.507080
vt 0.014893 0.511230
vt 0.016846 0.509521
vt 0.019043 0.507568
vt 0.015381 0.500732
vt 0.006836 0.500000
vt 0.023193 0.505859
vt 0.017822 0.515869
vt 0.021484 0.510498
vt 0.021973 0.516357
vt 0.023926 0.510010
vt 0.024658 0.516846
vt 0.025391 0.513428
vt 0.026855 0.510498
vt 0.026855 0.514404
vt 0.027100 0.519287
vt 0.030518 0.519287
vt 0.027344 0.516602
vt 0.030762 0.513672
vt 0.028564 0.513428
vt 0.029541 0.508789
vt 0.031982 0.514160
vt 0.031738 0.518799
vt 0.033203 0.514648
vt 0.032471 0.507324
vt 0.032959 0.503906
vt 0.601074 0.018799
vt 0.593750 0.029053
vt 0.583252 0.017090
vt 0.308350 0.962158
vt 0.299561 0.955566
vt 0.301270 0.950928
vt 0.285156 0.957764
vt 0.283447 0.953613
vt 0.319092 0.970703
vt 0.317871 0.973145
vt 0.283936 0.940430
vt 0.306396 0.923828
vt 0.287842 0.927734
vt 0.271729 0.937012
vt 0.281250 0.921143
vt 0.058594 0.594971
vt 0.062256 0.601562
vt 0.055176 0.607666
vt 0.061035 0.608398
vt 0.043213 0.599854
vt 0.059326 0.616211
vt 0.038086 0.610596
vt 0.033691 0.595947
vt 0.048340 0.621826
vt 0.053955 0.623535
vt 0.050781 0.628174
vt 0.048096 0.627197
vt 0.043213 0.626465
vt 0.034912 0.624512
vt 0.024658 0.614746
vt 0.041260 0.627930
vt 0.035400 0.626953
vt 0.025391 0.642090
vt 0.034424 0.633545
vt 0.035400 0.636719
vt 0.774170 0.028809
vt 0.772949 0.025635
vt 0.783936 0.023926
vt 0.769287 0.046631
vt 0.788818 0.027100
vt 0.789551 0.020264
vt 0.780518 0.020508
vt 0.756348 0.010254
vt 0.785156 0.020752
vt 0.782959 0.014893
vt 0.013916 0.939209
vt 0.017090 0.934082
vt 0.020996 0.936768
vt 0.018555 0.933594
vt 0.017822 0.940674
vt 0.017822 0.946289
vt 0.020996 0.930176
vt 0.012695 0.947510
vt 0.016846 0.931641
vt 0.013672 0.929443
vt 0.010986 0.927002
vt 0.009766 0.949707
vt 0.008057 0.917236
vt 0.483643 0.084961
vt 0.490967 0.089111
vt 0.482178 0.094482
vt 0.487061 0.097168
vt 0.496582 0.092285
vt 0.502686 0.088135
vt 0.498535 0.085449
vt 0.508057 0.083496
vt 0.508545 0.090332
vt 0.503662 0.092773
vt 0.512207 0.095459
vt 0.494873 0.096436
vt 0.488037 0.103027
vt 0.486084 0.108887
vt 0.502686 0.097900
vt 0.497314 0.098145
vt 0.492432 0.109131
vt 0.493408 0.103271
vt 0.499756 0.100830
vt 0.506348 0.108398
vt 0.489258 0.115479
vt 0.496582 0.103760
vt 0.497559 0.107178
vt 0.502686 0.107422
vt 0.495361 0.111816
vt 0.488525 0.121826
vt 0.500000 0.114990
vt 0.490967 0.119141
vt 0.499512 0.119629
vt 0.507568 0.118896
vt 0.520020 0.127197
vt 0.534668 0.119873
vt 0.506348 0.123291
vt 0.512695 0.125977
vt 0.520020 0.144287
vt 0.549316 0.165283
vt 0.514893 0.139648
vt 0.511230 0.134766
vt 0.505859 0.126953
vt 0.508545 0.132324
vt 0.501709 0.125488
vt 0.494629 0.123047
vt 0.501709 0.129150
vt 0.495361 0.134033
vt 0.502441 0.136475
vt 0.489502 0.139160
vt 0.482910 0.132080
vt 0.494629 0.138184
vt 0.501465 0.140625
vt 0.496094 0.144287
vt 0.509521 0.145508
vt 0.498047 0.151855
vt 0.503662 0.151123
vt 0.504639 0.152832
vt 0.984863 0.632080
vt 0.982422 0.632568
vt 0.982178 0.630615
vt 0.980957 0.632568
vt 0.984619 0.636230
vt 0.982666 0.635742
vt 0.986328 0.637207
vt 0.979492 0.631592
vt 0.983398 0.639404
vt 0.981201 0.638916
vt 0.983154 0.628418
vt 0.988525 0.636963
vt 0.984619 0.643311
vt 0.979492 0.640381
vt 0.980713 0.636475
vt 0.978027 0.636230
vt 0.977295 0.642090
vt 0.976807 0.630859
vt 0.989258 0.625732
vt 0.985352 0.619141
vt 0.991699 0.617920
vt 0.978271 0.621582
vt 0.978760 0.617432
vt 0.970215 0.616455
vt 0.967041 0.624756
vt 0.963135 0.616211
vt 0.960693 0.624512
vt 0.965088 0.639893
vt 0.959229 0.641846
vt 0.961914 0.657959
vt 0.971436 0.651611
vt 0.969238 0.666260
vt 0.960938 0.683105
vt 0.969482 0.681885
vt 0.979248 0.654297
vt 0.975830 0.672607
vt 0.974609 0.693359
vt 0.983398 0.674316
vt 0.988281 0.653809
vt 0.995361 0.649658
vt 0.704834 0.624512
vt 0.710938 0.619385
vt 0.713379 0.628174
vt 0.700439 0.612061
vt 0.698486 0.624756
vt 0.705078 0.631348
vt 0.711426 0.631836
vt 0.707764 0.636475
vt 0.716553 0.639160
vt 0.699463 0.630859
vt 0.712891 0.642822
vt 0.693848 0.639160
vt 0.716309 0.642822
vt 0.721924 0.647949
vt 0.719482 0.650879
vt 0.717285 0.648438
vt 0.715088 0.648438
vt 0.715332 0.658203
vt 0.716309 0.662109
vt 0.712158 0.662354
vt 0.713623 0.657715
vt 0.709961 0.661865
vt 0.713623 0.653076
vt 0.711426 0.656982
vt 0.712402 0.648193
vt 0.709961 0.656250
vt 0.709717 0.648682
vt 0.707031 0.657959
vt 0.705322 0.666992
vt 0.710205 0.667236
vt 0.705566 0.663330
vt 0.702393 0.668945
vt 0.700684 0.654297
vt 0.698730 0.672607
vt 0.690674 0.668457
vt 0.678955 0.668213
vt 0.679932 0.661865
vt 0.706055 0.639160
vt 0.697021 0.649902
vt 0.700684 0.636475
vt 0.697266 0.641846
vt 0.691406 0.650879
vt 0.692383 0.646240
vt 0.688477 0.645020
vt 0.689941 0.648682
vt 0.685547 0.653809
vt 0.687256 0.648438
vt 0.682129 0.655029
vt 0.678223 0.652100
vt 0.683594 0.647949
vt 0.676025 0.665527
vt 0.669922 0.649902
vt 0.692627 0.629395
vt 0.688721 0.633545
vt 0.684570 0.635986
vt 0.677734 0.646484
vt 0.683105 0.615234
vt 0.693359 0.611328
vt 0.687500 0.615723
vt 0.687256 0.603516
vt 0.681641 0.598389
vt 0.684814 0.590576
vt 0.692383 0.599121
vt 0.681885 0.623779
vt 0.677734 0.602295
vt 0.677246 0.635010
vt 0.674805 0.645020
vt 0.676270 0.616943
vt 0.673584 0.637939
vt 0.672607 0.646484
vt 0.677734 0.595947
vt 0.670166 0.638916
vt 0.674561 0.590576
vt 0.672363 0.624023
vt 0.673096 0.594727
vt 0.671875 0.608643
vt 0.668701 0.626221
vt 0.664551 0.633545
vt 0.668457 0.611328
vt 0.654053 0.616699
vt 0.647461 0.649658
vt 0.626953 0.628906
vt 0.626953 0.653809
vt 0.615723 0.646240
vt 0.635010 0.595459
vt 0.658936 0.594238
vt 0.667480 0.594482
vt 0.654541 0.588623
vt 0.669922 0.592529
vt 0.666748 0.589111
vt 0.667236 0.585693
vt 0.657959 0.586426
vt 0.633301 0.580566
vt 0.653320 0.582520
vt 0.661377 0.575439
vt 0.673828 0.587158
vt 0.677002 0.588623
vt 0.672852 0.579102
vt 0.681152 0.585938
vt 0.677734 0.585693
vt 0.676758 0.579102
vt 0.682129 0.580322
vt 0.676270 0.572021
vt 0.686279 0.582764
vt 0.679443 0.572754
vt 0.683594 0.572266
vt 0.679688 0.566895
vt 0.674316 0.569824
vt 0.690430 0.585205
vt 0.685547 0.567871
vt 0.691162 0.574707
vt 0.695801 0.593994
vt 0.689453 0.563477
vt 0.693604 0.572021
vt 0.697754 0.589355
vt 0.706299 0.573486
vt 0.705322 0.599365
vt 0.708740 0.565674
vt 0.718262 0.595215
vt 0.697021 0.553955
vt 0.711670 0.608887
vt 0.670654 0.556885
vt 0.700928 0.602539
vt 0.705566 0.608398
vt 0.710693 0.613037
vt 0.716064 0.615234
vt 0.698486 0.606445
vt 0.707275 0.614502
vt 0.711426 0.617188
vt 0.660400 0.566895
vt 0.646484 0.554199
vt 0.637207 0.570068
vt 0.637451 0.562500
vt 0.627197 0.561035
vt 0.654297 0.532959
vt 0.625000 0.580566
vt 0.683838 0.535400
vt 0.711914 0.537109
vt 0.701660 0.514893
vt 0.677246 0.514893
vt 0.679199 0.495850
vt 0.694580 0.486816
vt 0.710449 0.489502
vt 0.709229 0.466064
vt 0.721680 0.480225
vt 0.689453 0.461182
vt 0.669434 0.477295
vt 0.672363 0.455811
vt 0.663818 0.496094
vt 0.653564 0.513428
vt 0.652344 0.473877
vt 0.646729 0.455322
vt 0.646973 0.492188
vt 0.632812 0.508301
vt 0.629395 0.469727
vt 0.626465 0.443604
vt 0.614502 0.486816
vt 0.615234 0.463379
vt 0.617432 0.447021
vt 0.628174 0.532715
vt 0.605713 0.499756
vt 0.621338 0.546875
vt 0.614258 0.513916
vt 0.602295 0.528320
vt 0.598877 0.498779
vt 0.595703 0.512695
vt 0.604492 0.546387
vt 0.612793 0.561279
vt 0.585938 0.548340
vt 0.604004 0.479980
vt 0.597412 0.484131
vt 0.604980 0.465332
vt 0.596191 0.564697
vt 0.571533 0.538574
vt 0.599854 0.466797
vt 0.599854 0.461426
vt 0.591553 0.463379
vt 0.605713 0.460205
vt 0.608154 0.455322
vt 0.598633 0.458252
vt 0.590332 0.456543
vt 0.588623 0.458008
vt 0.588379 0.471436
vt 0.584961 0.486572
vt 0.590820 0.500488
vt 0.583252 0.479736
vt 0.589355 0.505371
vt 0.580078 0.497070
vt 0.579102 0.502686
vt 0.585205 0.508057
vt 0.584717 0.468262
vt 0.577393 0.490967
vt 0.572510 0.500732
vt 0.572510 0.507568
vt 0.567139 0.489502
vt 0.569824 0.505127
vt 0.570801 0.514648
vt 0.560059 0.501465
vt 0.584961 0.513428
vt 0.583008 0.517578
vt 0.575195 0.519043
vt 0.562500 0.522949
vt 0.566650 0.526123
vt 0.554199 0.521484
vt 0.554443 0.531250
vt 0.561768 0.534180
vt 0.561768 0.515137
vt 0.549072 0.521729
vt 0.558350 0.512939
vt 0.557861 0.540771
vt 0.545654 0.531738
vt 0.549561 0.540039
vt 0.556152 0.547852
vt 0.549072 0.549072
vt 0.541992 0.547852
vt 0.548096 0.557373
vt 0.558838 0.559814
vt 0.565430 0.559570
vt 0.553955 0.564453
vt 0.579590 0.570557
vt 0.563965 0.569824
vt 0.571777 0.574951
vt 0.576416 0.577148
vt 0.565186 0.580322
vt 0.556152 0.576904
vt 0.575439 0.585205
vt 0.585449 0.577881
vt 0.563965 0.584961
vt 0.549561 0.573975
vt 0.557129 0.582031
vt 0.543945 0.564209
vt 0.563232 0.587646
vt 0.556152 0.585693
vt 0.543457 0.571777
vt 0.539551 0.554443
vt 0.571777 0.590088
vt 0.570557 0.593994
vt 0.580078 0.591553
vt 0.540527 0.535156
vt 0.581299 0.596191
vt 0.585693 0.582275
vt 0.591553 0.583252
vt 0.591309 0.577148
vt 0.597168 0.575195
vt 0.591797 0.591064
vt 0.607666 0.572266
vt 0.603027 0.579346
vt 0.604736 0.587891
vt 0.617676 0.566650
vt 0.613037 0.577393
vt 0.620117 0.574707
vt 0.627197 0.566895
vt 0.626465 0.576172
vt 0.614502 0.582520
vt 0.621582 0.579834
vt 0.611572 0.588379
vt 0.619141 0.585449
vt 0.623779 0.586182
vt 0.618408 0.589355
vt 0.630371 0.586182
vt 0.622559 0.593262
vt 0.616699 0.617676
vt 0.613525 0.604736
vt 0.608887 0.624512
vt 0.606445 0.652344
vt 0.597168 0.638672
vt 0.593750 0.621582
vt 0.591064 0.646484
vt 0.607666 0.596924
vt 0.599365 0.598877
vt 0.583496 0.618896
vt 0.570801 0.634521
vt 0.566162 0.616943
vt 0.580078 0.607910
vt 0.603271 0.591797
vt 0.592041 0.597412
vt 0.591309 0.595215
vt 0.580078 0.599854
vt 0.569336 0.605713
vt 0.566650 0.595459
vt 0.556641 0.610107
vt 0.555664 0.620605
vt 0.559570 0.600098
vt 0.541260 0.610596
vt 0.557129 0.591064
vt 0.550049 0.599121
vt 0.534668 0.597656
vt 0.532715 0.586914
vt 0.548096 0.586182
vt 0.541992 0.576416
vt 0.530273 0.570312
vt 0.519043 0.572754
vt 0.519775 0.562988
vt 0.522949 0.549805
vt 0.533691 0.560059
vt 0.538086 0.560791
vt 0.535400 0.543213
vt 0.526367 0.540771
vt 0.539551 0.532227
vt 0.533203 0.530518
vt 0.517090 0.537354
vt 0.508545 0.546631
vt 0.545898 0.518066
vt 0.527588 0.520508
vt 0.511963 0.528564
vt 0.520020 0.512939
vt 0.537598 0.510010
vt 0.556396 0.507812
vt 0.534424 0.501953
vt 0.515137 0.503906
vt 0.521729 0.495850
vt 0.543457 0.495361
vt 0.563232 0.498047
vt 0.544678 0.492188
vt 0.516357 0.486328
vt 0.539551 0.479980
vt 0.520996 0.470215
vt 0.535156 0.448486
vt 0.513184 0.455078
vt 0.555664 0.469727
vt 0.572266 0.468750
vt 0.563965 0.454834
vt 0.579346 0.458496
vt 0.583496 0.456055
vt 0.532227 0.434326
vt 0.548828 0.445312
vt 0.562988 0.446045
vt 0.542725 0.438965
vt 0.546387 0.437500
vt 0.536133 0.432617
vt 0.535156 0.429688
vt 0.523193 0.434570
vt 0.545166 0.433350
vt 0.564453 0.443359
vt 0.578857 0.450684
vt 0.566650 0.440674
vt 0.550781 0.431641
vt 0.539551 0.425781
vt 0.565674 0.434570
vt 0.587402 0.454834
vt 0.583008 0.450684
vt 0.576660 0.444092
vt 0.582520 0.447266
vt 0.588135 0.452637
vt 0.578369 0.437744
vt 0.590332 0.451660
vt 0.557861 0.428955
vt 0.560547 0.425537
vt 0.582031 0.437256
vt 0.541504 0.422852
vt 0.533447 0.418945
vt 0.594238 0.450684
vt 0.592529 0.445068
vt 0.595215 0.447510
vt 0.599854 0.451904
vt 0.603760 0.456787
vt 0.604248 0.453369
vt 0.600586 0.443359
vt 0.586914 0.436035
vt 0.569580 0.422119
vt 0.589355 0.433594
vt 0.602783 0.441406
vt 0.609619 0.452637
vt 0.614746 0.452881
vt 0.606934 0.439697
vt 0.610596 0.437988
vt 0.616699 0.432373
vt 0.596924 0.427002
vt 0.600342 0.415771
vt 0.593262 0.430420
vt 0.588135 0.418945
vt 0.584717 0.410645
vt 0.588623 0.424561
vt 0.584961 0.417969
vt 0.580322 0.410156
vt 0.584473 0.424805
vt 0.578125 0.424805
vt 0.576660 0.408936
vt 0.568115 0.414551
vt 0.571289 0.402100
vt 0.563965 0.417236
vt 0.553467 0.416504
vt 0.563721 0.412109
vt 0.563965 0.405273
vt 0.559570 0.413818
vt 0.569580 0.397949
vt 0.566162 0.398438
vt 0.550781 0.419678
vt 0.542969 0.420654
vt 0.539307 0.418701
vt 0.542725 0.417480
vt 0.539062 0.416992
vt 0.541992 0.415039
vt 0.552002 0.414062
vt 0.534912 0.415283
vt 0.538086 0.411133
vt 0.526367 0.419434
vt 0.521729 0.411865
vt 0.551514 0.410400
vt 0.556152 0.411377
vt 0.550537 0.403320
vt 0.558594 0.406738
vt 0.562988 0.400391
vt 0.556641 0.395996
vt 0.540527 0.395020
vt 0.556641 0.394043
vt 0.566406 0.394287
vt 0.543945 0.392822
vt 0.535156 0.393311
vt 0.524414 0.395508
vt 0.532715 0.389160
vt 0.536621 0.389648
vt 0.545654 0.391113
vt 0.561035 0.392334
vt 0.559082 0.388428
vt 0.546875 0.389404
vt 0.543945 0.387207
vt 0.003418 0.932129
vt 0.000244 0.919922
vt 0.003662 0.918213
vt 0.508301 0.053711
vt 0.505859 0.028809
vt 0.520752 0.047852
vt 0.509033 0.057373
vt 0.506592 0.069092
vt 0.511230 0.062744
vt 0.382324 0.995117
vt 0.385010 1.000000
vt 0.368408 0.999512
vt 0.389648 0.999023
vt 0.405518 0.998779
vt 0.939941 0.541260
vt 0.979004 0.535156
vt 0.957031 0.574707
vt 0.965088 0.510254
vt 0.998779 0.508545
vt 0.959961 0.985596
vt 0.933838 0.994141
vt 0.939697 0.983398
vt 0.603027 0.751709
vt 0.618164 0.759277
vt 0.605957 0.769775
vt 0.631592 0.738525
vt 0.624512 0.728271
vt 0.597168 0.738281
vt 0.592285 0.743652
vt 0.603271 0.726807
vt 0.622314 0.717529
vt 0.593506 0.729980
vt 0.602539 0.721680
vt 0.625488 0.705322
vt 0.584229 0.738525
vt 0.583740 0.755127
vt 0.575928 0.718506
vt 0.588623 0.723877
vt 0.599121 0.715576
vt 0.624756 0.697021
vt 0.582764 0.714600
vt 0.577148 0.706055
vt 0.588379 0.713379
vt 0.601807 0.701416
vt 0.616699 0.688965
vt 0.587891 0.703857
vt 0.608398 0.687500
vt 0.625000 0.680176
vt 0.621826 0.675293
vt 0.582275 0.697021
vt 0.572998 0.700195
vt 0.600830 0.682617
vt 0.610596 0.671143
vt 0.579346 0.687988
vt 0.568115 0.692871
vt 0.595947 0.671143
vt 0.622314 0.659424
vt 0.571289 0.683105
vt 0.563477 0.685547
vt 0.590332 0.664551
vt 0.597412 0.650879
vt 0.585205 0.658203
vt 0.564209 0.676514
vt 0.556885 0.679688
vt 0.566650 0.666992
vt 0.557373 0.672363
vt 0.583252 0.650635
vt 0.557373 0.666748
vt 0.570801 0.647949
vt 0.579590 0.636719
vt 0.555420 0.653564
vt 0.560547 0.629883
vt 0.550049 0.664062
vt 0.785889 0.977539
vt 0.780029 0.983154
vt 0.782471 0.967041
vt 0.789062 0.992920
vt 0.798340 0.979492
vt 0.257080 0.172607
vt 0.255127 0.165283
vt 0.269775 0.152832
vt 0.244873 0.171875
vt 0.274170 0.186523
vt 0.277588 0.173828
vt 0.262939 0.189941
vt 0.283691 0.202637
vt 0.252197 0.182129
vt 0.256592 0.202148
vt 0.248047 0.176514
vt 0.238037 0.183105
vt 0.244873 0.188232
vt 0.237305 0.196533
vt 0.242676 0.185547
vt 0.236816 0.193359
vt 0.235352 0.196289
vt 0.232422 0.197754
vt 0.232666 0.195801
vt 0.234619 0.192139
vt 0.232178 0.193115
vt 0.228760 0.190674
vt 0.230957 0.187012
vt 0.229004 0.182129
vt 0.224121 0.186523
vt 0.237305 0.177246
vt 0.217041 0.183838
vt 0.218262 0.189209
vt 0.234863 0.175781
vt 0.243652 0.168945
vt 0.199707 0.186768
vt 0.201904 0.182861
vt 0.175781 0.185547
vt 0.216309 0.180664
vt 0.225830 0.181152
vt 0.230469 0.176270
vt 0.223145 0.175537
vt 0.217773 0.177002
vt 0.237305 0.168701
vt 0.215332 0.175049
vt 0.212158 0.175049
vt 0.217285 0.166016
vt 0.221680 0.172119
vt 0.220215 0.168457
vt 0.230225 0.165771
vt 0.227295 0.169678
vt 0.232666 0.169434
vt 0.232666 0.164062
vt 0.230713 0.161377
vt 0.233643 0.159912
vt 0.234619 0.164551
vt 0.238770 0.163086
vt 0.236816 0.156250
vt 0.242676 0.162842
vt 0.239502 0.160889
vt 0.988281 0.972656
vt 0.994141 0.969482
vt 0.995850 0.975586
vt 0.991699 0.965332
vt 0.996826 0.964600
vt 0.991455 0.957520
vt 0.982910 0.972656
vt 0.985352 0.976807
vt 0.987061 0.964600
vt 0.977539 0.972412
vt 0.976562 0.978271
vt 0.981445 0.967285
vt 0.966309 0.968994
vt 0.984619 0.958252
vt 0.976807 0.966797
vt 0.977539 0.960693
vt 0.978271 0.949463
vt 0.997314 0.955811
vt 0.977051 0.953369
vt 0.992432 0.937988
vt 0.973877 0.956787
vt 0.972900 0.961182
vt 0.968994 0.965576
vt 0.966797 0.960938
vt 0.969482 0.953369
vt 0.963135 0.961182
vt 0.959961 0.965820
vt 0.956055 0.979248
vt 0.965332 0.952148
vt 0.954346 0.970215
vt 0.962158 0.958008
vt 0.961914 0.952637
vt 0.963623 0.948486
vt 0.957275 0.960449
vt 0.963867 0.940186
vt 0.979980 0.929932
vt 0.986328 0.935303
vt 0.987305 0.930908
vt 0.991943 0.931641
vt 0.986572 0.926025
vt 0.998291 0.934082
vt 0.989258 0.923828
vt 0.994141 0.929199
vt 0.951416 0.961670
vt 0.951172 0.957031
vt 0.945557 0.962402
vt 0.947754 0.966064
vt 0.952637 0.966797
vt 0.947754 0.969238
vt 0.938477 0.974609
vt 0.505615 0.019043
vt 0.520508 0.008301
vt 0.520996 0.033936
vt 0.174805 0.036865
vt 0.161377 0.044189
vt 0.175049 0.035156
vt 0.171631 0.040283
vt 0.178467 0.036377
vt 0.174805 0.040527
vt 0.175537 0.043457
vt 0.178711 0.038574
vt 0.181396 0.045166
vt 0.187744 0.047363
vt 0.183838 0.037354
vt 0.193115 0.051514
vt 0.194580 0.049072
vt 0.185791 0.052979
vt 0.181152 0.055908
vt 0.183838 0.060303
vt 0.179443 0.061523
vt 0.174561 0.057373
vt 0.177979 0.048828
vt 0.176758 0.052002
vt 0.171631 0.052002
vt 0.167480 0.055420
vt 0.172119 0.045654
vt 0.156006 0.056396
vt 0.148926 0.056641
vt 0.146484 0.051514
vt 0.143555 0.058105
vt 0.144043 0.045654
vt 0.141846 0.049561
vt 0.141113 0.053467
vt 0.136963 0.057129
vt 0.134521 0.060791
vt 0.134521 0.050537
vt 0.136963 0.051270
vt 0.138916 0.049805
vt 0.137451 0.045898
vt 0.135986 0.044678
vt 0.133545 0.045654
vt 0.134521 0.038330
vt 0.138672 0.037109
vt 0.140625 0.041016
vt 0.143311 0.041504
vt 0.145996 0.038818
vt 0.140137 0.036865
vt 0.153809 0.030518
vt 0.882080 0.093994
vt 0.885010 0.092773
vt 0.886475 0.095459
vt 0.886475 0.090820
vt 0.884766 0.097656
vt 0.885498 0.104980
vt 0.883545 0.103760
vt 0.882324 0.111816
vt 0.885254 0.110352
vt 0.881836 0.104980
vt 0.880127 0.112793
vt 0.880615 0.096191
vt 0.880615 0.092773
vt 0.885254 0.088867
vt 0.881104 0.090332
vt 0.883789 0.084229
vt 0.868896 0.094727
vt 0.878418 0.086182
vt 0.878174 0.096191
vt 0.880127 0.103271
vt 0.878418 0.112549
vt 0.878174 0.104736
vt 0.876709 0.111084
vt 0.875977 0.115234
vt 0.883057 0.112549
vt 0.870605 0.113770
vt 0.872314 0.106689
vt 0.869385 0.111084
vt 0.865479 0.104492
vt 0.865234 0.116699
vt 0.875977 0.119629
vt 0.864502 0.111328
vt 0.863281 0.113770
vt 0.862549 0.110107
vt 0.862549 0.093994
vt 0.858887 0.087158
vt 0.861816 0.102051
vt 0.861572 0.114746
vt 0.860352 0.107422
vt 0.858643 0.107422
vt 0.860596 0.116455
vt 0.869385 0.120361
vt 0.880371 0.121338
vt 0.865967 0.125977
vt 0.856445 0.124512
vt 0.854980 0.119873
vt 0.850342 0.138916
vt 0.857910 0.139404
vt 0.870361 0.139160
vt 0.860107 0.140869
vt 0.863037 0.142578
vt 0.848389 0.147705
vt 0.854980 0.147949
vt 0.863281 0.148438
vt 0.874268 0.148682
vt 0.858154 0.153320
vt 0.866699 0.160400
vt 0.847168 0.160400
vt 0.849854 0.165283
vt 0.857910 0.179199
vt 0.849609 0.181885
vt 0.844727 0.175537
vt 0.841064 0.173828
vt 0.842529 0.160645
vt 0.838623 0.170166
vt 0.837891 0.161133
vt 0.835449 0.170166
vt 0.833008 0.169189
vt 0.842773 0.149902
vt 0.839844 0.154297
vt 0.838623 0.147705
vt 0.835938 0.151123
vt 0.835938 0.155029
vt 0.834473 0.162354
vt 0.832275 0.161865
vt 0.834229 0.154541
vt 0.830566 0.166504
vt 0.832275 0.152832
vt 0.830322 0.161377
vt 0.827393 0.165771
vt 0.828369 0.157471
vt 0.830811 0.149902
vt 0.833984 0.149414
vt 0.838379 0.144043
vt 0.845459 0.138672
vt 0.850830 0.121338
vt 0.832520 0.145752
vt 0.842773 0.129639
vt 0.848389 0.112549
vt 0.826660 0.147949
vt 0.817871 0.148193
vt 0.839111 0.131104
vt 0.831299 0.143066
vt 0.836182 0.129639
vt 0.839844 0.115234
vt 0.832031 0.131104
vt 0.815430 0.144287
vt 0.791260 0.142334
vt 0.824463 0.144531
vt 0.826416 0.138916
vt 0.817627 0.138916
vt 0.789795 0.136230
vt 0.778564 0.131836
vt 0.777832 0.135986
vt 0.808350 0.124268
vt 0.784424 0.121094
vt 0.779297 0.124756
vt 0.785156 0.107422
vt 0.792969 0.100342
vt 0.799316 0.077881
vt 0.815186 0.076660
vt 0.815674 0.100586
vt 0.844727 0.088867
vt 0.833252 0.111328
vt 0.838623 0.109131
vt 0.846924 0.096436
vt 0.850586 0.098145
vt 0.846191 0.101074
vt 0.848389 0.099121
vt 0.848145 0.102783
vt 0.855225 0.091064
vt 0.854736 0.101807
vt 0.857422 0.094971
vt 0.860352 0.094238
vt 0.859863 0.099609
vt 0.858643 0.099609
vt 0.857422 0.100830
vt 0.859375 0.102783
vt 0.856445 0.104980
vt 0.876953 0.552979
vt 0.891602 0.544678
vt 0.902832 0.547119
vt 0.902588 0.567871
vt 0.880127 0.560303
vt 0.914307 0.563477
vt 0.918701 0.551025
vt 0.905029 0.544189
vt 0.911621 0.573730
vt 0.906494 0.572021
vt 0.907471 0.574707
vt 0.908203 0.578857
vt 0.925293 0.585938
vt 0.916260 0.542480
vt 0.938477 0.579590
vt 0.927002 0.556396
vt 0.932861 0.591309
vt 0.929688 0.590576
vt 0.930176 0.597412
vt 0.934570 0.597900
vt 0.930176 0.600586
vt 0.934814 0.602051
vt 0.935303 0.594482
vt 0.942627 0.598633
vt 0.949463 0.608154
vt 0.945801 0.605957
vt 0.956055 0.596191
vt 0.952393 0.585449
vt 0.949463 0.580322
vt 0.950928 0.577637
vt 0.930176 0.566895
vt 0.936279 0.568359
vt 0.941162 0.574951
vt 0.944092 0.572754
vt 0.938477 0.564697
vt 0.932617 0.555664
vt 0.929688 0.557617
vt 0.931152 0.550781
vt 0.928223 0.546143
vt 0.930420 0.546143
vt 0.933594 0.538818
vt 0.933838 0.531494
vt 0.953613 0.504883
vt 0.917236 0.534180
vt 0.932861 0.525391
vt 0.910645 0.538574
vt 0.906250 0.533447
vt 0.912842 0.534668
vt 0.910889 0.530518
vt 0.907227 0.528564
vt 0.913574 0.526855
vt 0.915039 0.518066
vt 0.925781 0.522217
vt 0.921387 0.516357
vt 0.919434 0.499512
vt 0.920898 0.510254
vt 0.922852 0.514404
vt 0.926025 0.515137
vt 0.287842 0.177246
vt 0.284424 0.176025
vt 0.281006 0.156982
vt 0.284180 0.152832
vt 0.303223 0.172363
vt 0.276123 0.150879
vt 0.275879 0.151611
vt 0.300537 0.136719
vt 0.328857 0.150879
vt 0.276123 0.140381
vt 0.272461 0.145996
vt 0.269043 0.138184
vt 0.266602 0.135254
vt 0.269775 0.128418
vt 0.263428 0.129639
vt 0.260986 0.125488
vt 0.323242 0.109375
vt 0.265381 0.116943
vt 0.303711 0.108643
vt 0.256592 0.119141
vt 0.305664 0.086182
vt 0.258301 0.114258
vt 0.257812 0.110840
vt 0.275635 0.094482
vt 0.326660 0.079346
vt 0.331543 0.100098
vt 0.334473 0.093994
vt 0.339844 0.089111
vt 0.350342 0.080078
vt 0.347168 0.084473
vt 0.260742 0.110840
vt 0.257568 0.106201
vt 0.260986 0.102051
vt 0.257812 0.101074
vt 0.257568 0.095459
vt 0.261719 0.090332
vt 0.257812 0.081543
vt 0.254883 0.092041
vt 0.546387 0.270264
vt 0.537842 0.285645
vt 0.532959 0.272461
vt 0.557129 0.285156
vt 0.548340 0.302490
vt 0.522461 0.281494
vt 0.524170 0.298584
vt 0.534912 0.317383
vt 0.520020 0.262695
vt 0.532959 0.259766
vt 0.513184 0.322266
vt 0.503174 0.272217
vt 0.517334 0.244141
vt 0.501465 0.257568
vt 0.530273 0.341553
vt 0.511475 0.304688
vt 0.510986 0.288086
vt 0.497559 0.292480
vt 0.490479 0.315674
vt 0.509766 0.342041
vt 0.514893 0.359375
vt 0.490723 0.337158
vt 0.495117 0.358154
vt 0.468994 0.335938
vt 0.484375 0.282471
vt 0.480957 0.298096
vt 0.484375 0.264404
vt 0.461182 0.281250
vt 0.488770 0.239746
vt 0.469238 0.316650
vt 0.458008 0.304443
vt 0.473389 0.245117
vt 0.478027 0.227539
vt 0.465088 0.258789
vt 0.465576 0.235107
vt 0.470459 0.227539
vt 0.457764 0.242188
vt 0.462158 0.232910
vt 0.445068 0.265625
vt 0.459961 0.230713
vt 0.458008 0.232910
vt 0.455078 0.232178
vt 0.452393 0.234619
vt 0.451660 0.237305
vt 0.444824 0.249268
vt 0.440430 0.241699
vt 0.446045 0.233398
vt 0.439697 0.229248
vt 0.433105 0.237549
vt 0.426514 0.259033
vt 0.420166 0.255371
vt 0.433350 0.264648
vt 0.426758 0.272461
vt 0.413818 0.260254
vt 0.421631 0.266113
vt 0.406982 0.258789
vt 0.442871 0.291748
vt 0.423828 0.297852
vt 0.437500 0.310303
vt 0.452393 0.330566
vt 0.437012 0.334473
vt 0.449951 0.341309
vt 0.420654 0.327881
vt 0.439697 0.340820
vt 0.413330 0.274170
vt 0.467041 0.351562
vt 0.456055 0.352783
vt 0.478760 0.350586
vt 0.478271 0.357910
vt 0.470459 0.364502
vt 0.463135 0.372070
vt 0.474854 0.367432
vt 0.478516 0.366699
vt 0.483887 0.362061
vt 0.480225 0.361816
vt 0.481934 0.363525
vt 0.472656 0.377441
vt 0.481445 0.369141
vt 0.477783 0.375732
vt 0.484131 0.371826
vt 0.481445 0.377197
vt 0.477051 0.379639
vt 0.483643 0.379883
vt 0.487305 0.373291
vt 0.486816 0.362793
vt 0.482422 0.395020
vt 0.488770 0.360107
vt 0.489258 0.369629
vt 0.490479 0.387207
vt 0.494385 0.374023
vt 0.495850 0.364990
vt 0.503174 0.361816
vt 0.517334 0.365234
vt 0.516846 0.375000
vt 0.501221 0.369385
vt 0.517578 0.399658
vt 0.497803 0.380859
vt 0.499023 0.393555
vt 0.495361 0.392822
vt 0.501953 0.401611
vt 0.500000 0.403320
vt 0.493652 0.400635
vt 0.490723 0.407227
vt 0.506348 0.408936
vt 0.510010 0.411377
vt 0.513672 0.413330
vt 0.509033 0.414062
vt 0.511230 0.420166
vt 0.505127 0.412109
vt 0.500488 0.412354
vt 0.505127 0.417480
vt 0.505127 0.421387
vt 0.499268 0.430664
vt 0.482422 0.422607
vt 0.483643 0.426758
vt 0.478027 0.422363
vt 0.483398 0.406738
vt 0.475342 0.415527
vt 0.477783 0.393555
vt 0.467285 0.429688
vt 0.473145 0.390869
vt 0.473389 0.409424
vt 0.465088 0.427246
vt 0.466797 0.435547
vt 0.468994 0.434814
vt 0.471191 0.435791
vt 0.469482 0.439209
vt 0.462402 0.424805
vt 0.449707 0.436768
vt 0.471191 0.407227
vt 0.462402 0.418457
vt 0.470703 0.385010
vt 0.468506 0.395264
vt 0.468262 0.379639
vt 0.464844 0.388428
vt 0.457520 0.376221
vt 0.463379 0.401855
vt 0.457520 0.382080
vt 0.444092 0.360840
vt 0.432129 0.374512
vt 0.447510 0.402344
vt 0.435547 0.361572
vt 0.436035 0.353027
vt 0.430664 0.354004
vt 0.425537 0.360352
vt 0.434082 0.347900
vt 0.437256 0.338379
vt 0.428223 0.352051
vt 0.426514 0.337402
vt 0.426758 0.344727
vt 0.415283 0.343506
vt 0.415039 0.336182
vt 0.419434 0.349854
vt 0.420410 0.353516
vt 0.412598 0.348145
vt 0.406250 0.339111
vt 0.400635 0.345459
vt 0.403809 0.349365
vt 0.425049 0.357178
vt 0.404053 0.334229
vt 0.396240 0.338867
vt 0.389404 0.343750
vt 0.391846 0.328857
vt 0.399170 0.320312
vt 0.384521 0.333252
vt 0.384766 0.323730
vt 0.406982 0.294434
vt 0.375000 0.327637
vt 0.379639 0.316162
vt 0.386230 0.302002
vt 0.378662 0.339111
vt 0.371582 0.319580
vt 0.370117 0.330811
vt 0.375977 0.309570
vt 0.364258 0.319580
vt 0.369629 0.312744
vt 0.375244 0.300049
vt 0.370361 0.301514
vt 0.364258 0.307129
vt 0.368652 0.295410
vt 0.377930 0.289795
vt 0.388672 0.286133
vt 0.373291 0.288330
vt 0.362549 0.297363
vt 0.381348 0.283691
vt 0.400879 0.280518
vt 0.385498 0.278564
vt 0.376465 0.279541
vt 0.392822 0.275391
vt 0.386230 0.274658
vt 0.402100 0.272217
vt 0.387939 0.269043
vt 0.364990 0.287109
vt 0.409668 0.271484
vt 0.418213 0.270264
vt 0.398682 0.267334
vt 0.406494 0.266602
vt 0.414795 0.265381
vt 0.401123 0.263184
vt 0.406494 0.261475
vt 0.396973 0.261475
vt 0.386230 0.264160
vt 0.396484 0.258545
vt 0.398926 0.252197
vt 0.406006 0.254883
vt 0.378906 0.270752
vt 0.396240 0.255859
vt 0.382568 0.247070
vt 0.383789 0.243164
vt 0.373291 0.276611
vt 0.370361 0.274658
vt 0.362305 0.240967
vt 0.353516 0.235352
vt 0.344482 0.240234
vt 0.346191 0.245605
vt 0.351562 0.251709
vt 0.373535 0.250244
vt 0.353516 0.257324
vt 0.330566 0.259766
vt 0.380615 0.258301
vt 0.367920 0.256836
vt 0.349121 0.264893
vt 0.334961 0.274170
vt 0.371826 0.264893
vt 0.381348 0.262207
vt 0.369141 0.273193
vt 0.353271 0.270752
vt 0.333252 0.286133
vt 0.365723 0.272217
vt 0.359619 0.287842
vt 0.351074 0.282959
vt 0.357910 0.284668
vt 0.344238 0.300293
vt 0.328613 0.305664
vt 0.338867 0.322998
vt 0.360352 0.295410
vt 0.353760 0.304443
vt 0.356445 0.307373
vt 0.360596 0.311279
vt 0.361328 0.322021
vt 0.345459 0.312988
vt 0.354492 0.319092
vt 0.347900 0.323486
vt 0.351562 0.333252
vt 0.335938 0.343262
vt 0.360107 0.324219
vt 0.359131 0.326172
vt 0.367432 0.334717
vt 0.362793 0.334961
vt 0.346191 0.344727
vt 0.341064 0.357666
vt 0.352295 0.354980
vt 0.357422 0.341309
vt 0.371338 0.344482
vt 0.376953 0.342285
vt 0.364258 0.356689
vt 0.354492 0.364746
vt 0.345215 0.364502
vt 0.391113 0.347656
vt 0.367676 0.369141
vt 0.348633 0.373291
vt 0.381836 0.353516
vt 0.384521 0.348389
vt 0.392578 0.352295
vt 0.390381 0.349854
vt 0.400391 0.351074
vt 0.411133 0.353027
vt 0.404053 0.354004
vt 0.393555 0.355713
vt 0.408447 0.359619
vt 0.418213 0.355713
vt 0.416016 0.361328
vt 0.399658 0.358154
vt 0.384033 0.364990
vt 0.393555 0.372070
vt 0.403809 0.380615
vt 0.417969 0.370605
vt 0.378174 0.377686
vt 0.360840 0.389648
vt 0.368408 0.389404
vt 0.378174 0.386963
vt 0.386475 0.395020
vt 0.373779 0.402344
vt 0.391113 0.406006
vt 0.405029 0.387451
vt 0.414795 0.397461
vt 0.393799 0.419922
vt 0.422119 0.419678
vt 0.433594 0.442383
vt 0.425537 0.441650
vt 0.441162 0.433594
vt 0.443604 0.442627
vt 0.444580 0.423096
vt 0.450684 0.432861
vt 0.446045 0.429688
vt 0.449707 0.429932
vt 0.457275 0.419434
vt 0.457031 0.411133
vt 0.994873 0.600342
vt 0.994629 0.604736
vt 0.990723 0.601074
vt 0.999512 0.605957
vt 0.991211 0.595947
vt 0.982910 0.602295
vt 0.976074 0.602539
vt 0.985596 0.591309
vt 0.992920 0.584961
vt 0.981445 0.594482
vt 0.975342 0.598633
vt 0.968018 0.597168
vt 0.973145 0.604492
vt 0.960449 0.606934
vt 0.966064 0.590088
vt 0.973389 0.591797
vt 0.976807 0.592529
vt 0.980713 0.589600
vt 0.975342 0.589844
vt 0.972656 0.588867
vt 0.978027 0.585693
vt 0.982422 0.583252
vt 0.962158 0.585449
vt 0.969238 0.586670
vt 0.975830 0.581787
vt 0.966309 0.585938
vt 0.970215 0.583984
vt 0.977295 0.579102
vt 0.970947 0.579102
vt 0.965332 0.583252
vt 0.966309 0.579834
vt 0.965088 0.576904
vt 0.970947 0.573486
vt 0.964600 0.574707
vt 0.974854 0.573242
vt 0.986084 0.571289
vt 0.973145 0.559570
vt 0.996826 0.574463
vt 1.000000 0.579834
vt 0.990479 0.566406
vt 0.993408 0.553711
vt 0.067139 0.893311
vt 0.071533 0.897217
vt 0.064453 0.896484
vt 0.066650 0.909912
vt 0.062744 0.910645
vt 0.072998 0.905518
vt 0.060547 0.896973
vt 0.058350 0.905518
vt 0.060547 0.890625
vt 0.056641 0.893066
vt 0.052734 0.893066
vt 0.053955 0.890381
vt 0.049072 0.893066
vt 0.049561 0.889893
vt 0.065430 0.891357
vt 0.069824 0.892822
vt 0.070312 0.891602
vt 0.073242 0.894775
vt 0.073975 0.892334
vt 0.073730 0.890137
vt 0.076172 0.895752
vt 0.077637 0.891602
vt 0.077637 0.888672
vt 0.077881 0.894287
vt 0.081787 0.890625
vt 0.082275 0.888672
vt 0.082275 0.894287
vt 0.081543 0.896240
vt 0.076660 0.897949
vt 0.077393 0.909912
vt 0.080811 0.898926
vt 0.083252 0.904297
vt 0.085693 0.896729
vt 0.085693 0.895020
vt 0.087402 0.892334
vt 0.088379 0.899170
vt 0.087402 0.906738
vt 0.093506 0.899902
vt 0.091797 0.897461
vt 0.097656 0.896484
vt 0.089355 0.895996
vt 0.094482 0.895264
vt 0.099121 0.894287
vt 0.091309 0.894043
vt 0.095215 0.892090
vt 0.100342 0.892334
vt 0.104736 0.893311
vt 0.090820 0.891357
vt 0.091309 0.889893
vt 0.087402 0.889160
vt 0.084961 0.890137
vt 0.032471 0.710205
vt 0.035400 0.708496
vt 0.032715 0.713867
vt 0.035156 0.713623
vt 0.034912 0.705322
vt 0.033936 0.718506
vt 0.035889 0.717773
vt 0.035645 0.723633
vt 0.031006 0.718262
vt 0.033447 0.723877
vt 0.035400 0.728027
vt 0.031250 0.721924
vt 0.033936 0.728760
vt 0.035400 0.732422
vt 0.033691 0.732910
vt 0.031250 0.726807
vt 0.031250 0.730713
vt 0.031738 0.735107
vt 0.033936 0.738770
vt 0.032227 0.739258
vt 0.030029 0.735352
vt 0.029541 0.730469
vt 0.027588 0.735596
vt 0.029297 0.722412
vt 0.025146 0.733643
vt 0.022949 0.733887
vt 0.027344 0.727295
vt 0.021240 0.731934
vt 0.014404 0.732666
vt 0.018311 0.732910
vt 0.018311 0.729248
vt 0.009277 0.730469
vt 0.024414 0.722656
vt 0.009277 0.725586
vt 0.006104 0.728516
vt 0.006836 0.724609
vt 0.018066 0.725098
vt 0.010986 0.720459
vt 0.008545 0.716064
vt 0.025391 0.721191
vt 0.024170 0.718994
vt 0.016357 0.718994
vt 0.010742 0.716309
vt 0.012939 0.714111
vt 0.018799 0.717529
vt 0.008057 0.710693
vt 0.027832 0.716797
vt 0.023682 0.716064
vt 0.014404 0.708984
vt 0.006592 0.706543
vt 0.021484 0.713135
vt 0.026123 0.715576
vt 0.026855 0.714111
vt 0.023926 0.711426
vt 0.020020 0.706787
vt 0.007324 0.701660
vt 0.027100 0.712891
vt 0.024658 0.704102
vt 0.028564 0.712646
vt 0.030518 0.714844
vt 0.028076 0.709961
vt 0.029297 0.707520
vt 0.031006 0.704590
vt 0.032715 0.706787
vt 0.034424 0.701660
vt 0.385742 0.187256
vt 0.385742 0.189697
vt 0.382812 0.190186
vt 0.384033 0.186035
vt 0.375000 0.186768
vt 0.377686 0.184082
vt 0.364502 0.179443
vt 0.359375 0.182129
vt 0.381348 0.180664
vt 0.386475 0.180664
vt 0.371338 0.175049
vt 0.387451 0.187012
vt 0.387451 0.189209
vt 0.389893 0.192627
vt 0.389893 0.187988
vt 0.392334 0.188721
vt 0.396484 0.193604
vt 0.389893 0.185547
vt 0.388916 0.182617
vt 0.398438 0.189453
vt 0.392334 0.186523
vt 0.404541 0.196289
vt 0.393555 0.184570
vt 0.387695 0.182373
vt 0.390869 0.182861
vt 0.389404 0.178711
vt 0.391357 0.180664
vt 0.393555 0.183350
vt 0.395996 0.181152
vt 0.407715 0.186768
vt 0.394043 0.179688
vt 0.391602 0.178223
vt 0.401123 0.180176
vt 0.394531 0.177002
vt 0.390869 0.175293
vt 0.392822 0.175537
vt 0.395508 0.175781
vt 0.388672 0.175537
vt 0.394043 0.174316
vt 0.397217 0.175537
vt 0.393799 0.172607
vt 0.392334 0.171387
vt 0.391602 0.169922
vt 0.393555 0.166016
vt 0.383545 0.165283
vt 0.394287 0.169678
vt 0.396729 0.165283
vt 0.397705 0.163330
vt 0.383057 0.171143
vt 0.366455 0.161377
vt 0.371094 0.158447
vt 0.383301 0.175537
vt 0.370117 0.169434
vt 0.352539 0.152344
vt 0.352295 0.149658
vt 0.338867 0.146240
vt 0.342773 0.150635
vt 0.352783 0.156738
vt 0.341797 0.153076
vt 0.356445 0.162842
vt 0.345703 0.161133
vt 0.333496 0.153076
vt 0.333740 0.159668
vt 0.360107 0.169678
vt 0.349121 0.167725
vt 0.356934 0.173340
vt 0.343750 0.170654
vt 0.329834 0.164307
vt 0.346680 0.175781
vt 0.336182 0.170898
vt 0.323975 0.166504
vt 0.340088 0.176025
vt 0.343506 0.182129
vt 0.319824 0.173828
vt 0.865234 0.036621
vt 0.860840 0.036621
vt 0.860107 0.026367
vt 0.857910 0.036377
vt 0.855957 0.027100
vt 0.852539 0.021240
vt 0.845703 0.019043
vt 0.863770 0.018311
vt 0.868652 0.028809
vt 0.856445 0.018799
vt 0.854248 0.017822
vt 0.859863 0.015137
vt 0.858643 0.007324
vt 0.862793 0.013916
vt 0.859619 0.009033
vt 0.863037 0.009033
vt 0.408203 0.199951
vt 0.411621 0.197266
vt 0.414307 0.200684
vt 0.407227 0.206299
vt 0.404541 0.203125
vt 0.405518 0.198730
vt 0.417236 0.201660
vt 0.408691 0.192139
vt 0.416016 0.192627
vt 0.416748 0.200928
vt 0.418213 0.199219
vt 0.415283 0.200195
vt 0.421631 0.196045
vt 0.416504 0.200195
vt 0.414795 0.199219
vt 0.417969 0.196533
vt 0.419434 0.194092
vt 0.422119 0.192871
vt 0.418457 0.192627
vt 0.419189 0.191650
vt 0.420654 0.190186
vt 0.424561 0.189453
vt 0.417725 0.188232
vt 0.422852 0.186279
vt 0.426025 0.185547
vt 0.413574 0.183350
vt 0.420654 0.185547
vt 0.423096 0.183105
vt 0.420654 0.181885
vt 0.412354 0.177734
vt 0.425049 0.182373
vt 0.428467 0.182373
vt 0.421631 0.178955
vt 0.425049 0.180420
vt 0.426514 0.178955
vt 0.425049 0.179199
vt 0.423340 0.177734
vt 0.416992 0.172852
vt 0.429199 0.178955
vt 0.430908 0.178711
vt 0.426025 0.177246
vt 0.431152 0.174805
vt 0.432617 0.174072
vt 0.433594 0.168213
vt 0.431641 0.167480
vt 0.429688 0.173584
vt 0.426758 0.176025
vt 0.423096 0.173340
vt 0.429688 0.170410
vt 0.427979 0.166748
vt 0.428711 0.171631
vt 0.426025 0.169434
vt 0.427246 0.171143
vt 0.425781 0.171387
vt 0.419678 0.168213
vt 0.421875 0.165527
vt 0.424561 0.165527
vt 0.423584 0.164795
vt 0.423584 0.164062
vt 0.422119 0.164551
vt 0.414062 0.162354
vt 0.409180 0.164551
vt 0.409180 0.160400
vt 0.404297 0.161621
vt 0.402344 0.164551
vt 0.400635 0.162109
vt 0.401367 0.166504
vt 0.399414 0.164307
vt 0.402588 0.172119
vt 0.398926 0.166260
vt 0.397217 0.166992
vt 0.399414 0.169434
vt 0.398438 0.167969
vt 0.396240 0.168457
vt 0.398193 0.170654
vt 0.395508 0.170166
vt 0.395508 0.172119
vt 0.397461 0.172119
vt 0.395996 0.173340
vt 0.398926 0.173096
vt 0.402100 0.175293
vt 0.864258 0.965820
vt 0.873535 0.969971
vt 0.870361 0.975586
vt 0.873047 0.959473
vt 0.875977 0.975342
vt 0.873047 0.981201
vt 0.877686 0.965576
vt 0.883789 0.952393
vt 0.877441 0.972900
vt 0.890137 0.957764
vt 0.877441 0.977051
vt 0.877930 0.987305
vt 0.888428 0.964111
vt 0.901855 0.960693
vt 0.880127 0.969727
vt 0.901123 0.967529
vt 0.905762 0.965820
vt 0.890137 0.969482
vt 0.884033 0.973877
vt 0.882568 0.977051
vt 0.900391 0.975342
vt 0.894043 0.980957
vt 0.885010 0.983643
vt 0.895996 0.989014
vt 0.898438 0.986816
vt 0.903809 0.983643
vt 0.901855 0.988037
vt 0.905029 0.977783
vt 0.906006 0.982422
vt 0.908203 0.976074
vt 0.905518 0.973145
vt 0.908936 0.968018
vt 0.911133 0.974609
vt 0.466553 0.056396
vt 0.472168 0.054688
vt 0.473633 0.058594
vt 0.463135 0.060059
vt 0.465332 0.053467
vt 0.469482 0.052246
vt 0.469238 0.047852
vt 0.474609 0.051025
vt 0.477051 0.051758
vt 0.477539 0.054443
vt 0.479980 0.048340
vt 0.477295 0.061523
vt 0.461426 0.064697
vt 0.452393 0.048828
vt 0.483398 0.053955
vt 0.490967 0.050537
vt 0.494873 0.065674
vt 0.481934 0.044922
vt 0.502441 0.050537
vt 0.500244 0.038330
vt 0.495605 0.038574
vt 0.493652 0.024170
vt 0.482422 0.034912
vt 0.478271 0.019531
vt 0.467041 0.044434
vt 0.465332 0.032227
vt 0.451660 0.021729
vt 0.443848 0.038330
vt 0.460938 0.050781
vt 0.012695 0.090088
vt 0.005371 0.089355
vt 0.010742 0.086914
vt 0.019287 0.087402
vt 0.018311 0.093506
vt 0.011230 0.080566
vt 0.005127 0.082031
vt 0.029541 0.076416
vt 0.022949 0.057861
vt 0.031006 0.084961
vt 0.028564 0.097900
vt 0.079834 0.342529
vt 0.084717 0.344971
vt 0.084961 0.357666
vt 0.076904 0.357910
vt 0.089111 0.360107
vt 0.062988 0.351562
vt 0.071533 0.365967
vt 0.089355 0.350586
vt 0.102539 0.345947
vt 0.099609 0.337891
vt 0.101807 0.358398
vt 0.094482 0.363281
vt 0.101807 0.375488
vt 0.097656 0.381104
vt 0.089355 0.367676
vt 0.082275 0.370361
vt 0.078857 0.374023
vt 0.079834 0.384277
vt 0.087158 0.386719
vt 0.090332 0.379883
vt 0.097168 0.386230
vt 0.094727 0.391113
vt 0.090576 0.398193
vt 0.086182 0.400146
vt 0.081299 0.398193
vt 0.088135 0.405518
vt 0.091553 0.403320
vt 0.092041 0.405029
vt 0.094727 0.403809
vt 0.094971 0.402344
vt 0.098145 0.401855
vt 0.095459 0.400146
vt 0.099121 0.398926
vt 0.101318 0.400146
vt 0.101074 0.395020
vt 0.103760 0.391846
vt 0.106445 0.382568
vt 0.104004 0.399902
vt 0.102539 0.402100
vt 0.106445 0.399902
vt 0.021484 0.189941
vt 0.023193 0.192383
vt 0.017578 0.190430
vt 0.023682 0.189209
vt 0.023193 0.187988
vt 0.026611 0.189453
vt 0.019775 0.187988
vt 0.022217 0.186523
vt 0.018799 0.193604
vt 0.025635 0.185791
vt 0.021729 0.183838
vt 0.017090 0.186768
vt 0.014648 0.187988
vt 0.016357 0.184814
vt 0.015381 0.192139
vt 0.021484 0.181396
vt 0.018066 0.181641
vt 0.018066 0.195801
vt 0.021484 0.178467
vt 0.019043 0.176758
vt 0.024902 0.179688
vt 0.022949 0.177490
vt 0.025879 0.182129
vt 0.024902 0.177490
vt 0.035400 0.178955
vt 0.026855 0.184570
vt 0.028564 0.187012
vt 0.032959 0.185791
vt 0.029541 0.189209
vt 0.025635 0.193848
vt 0.036133 0.187744
vt 0.028076 0.195068
vt 0.022461 0.194336
vt 0.044189 0.184326
vt 0.044434 0.185791
vt 0.048340 0.177246
vt 0.049805 0.183350
vt 0.022217 0.196777
vt 0.021484 0.198242
vt 0.021240 0.200684
vt 0.023682 0.202393
vt 0.025391 0.199951
vt 0.024902 0.196533
vt 0.024170 0.198242
vt 0.026123 0.196777
vt 0.025391 0.245361
vt 0.027832 0.251709
vt 0.020996 0.247559
vt 0.029297 0.246338
vt 0.031494 0.250977
vt 0.017578 0.243408
vt 0.032715 0.245850
vt 0.013672 0.243408
vt 0.012451 0.241943
vt 0.011963 0.246826
vt 0.035156 0.247559
vt 0.034180 0.254639
vt 0.036865 0.244141
vt 0.040283 0.244385
vt 0.040771 0.242188
vt 0.066406 0.454346
vt 0.068848 0.445801
vt 0.071289 0.442627
vt 0.071045 0.450684
vt 0.064941 0.431641
vt 0.076172 0.444092
vt 0.080811 0.450195
vt 0.076416 0.453369
vt 0.086670 0.453125
vt 0.083984 0.446533
vt 0.085449 0.448730
vt 0.091064 0.445557
vt 0.089844 0.450684
vt 0.087891 0.442383
vt 0.080566 0.439453
vt 0.093262 0.441895
vt 0.093262 0.445312
vt 0.088623 0.438477
vt 0.105957 0.438721
vt 0.087891 0.434326
vt 0.070801 0.437500
vt 0.085205 0.431152
vt 0.077148 0.435059
vt 0.072754 0.432617
vt 0.078369 0.431396
vt 0.071777 0.425781
vt 0.068115 0.419678
vt 0.076660 0.427246
vt 0.080078 0.427490
vt 0.072754 0.420166
vt 0.074219 0.417236
vt 0.076172 0.423340
vt 0.080322 0.420410
vt 0.083984 0.418701
vt 0.080322 0.424072
vt 0.085205 0.425049
vt 0.088379 0.425781
vt 0.089600 0.412598
vt 0.099854 0.414795
vt 0.102783 0.428711
vt 0.109131 0.423828
vt 0.113770 0.427979
vt 0.125000 0.430664
vt 0.122070 0.426025
vt 0.390625 0.876221
vt 0.405029 0.867432
vt 0.393799 0.882324
vt 0.416992 0.854004
vt 0.407715 0.870361
vt 0.411621 0.873047
vt 0.375977 0.876953
vt 0.409180 0.852295
vt 0.374268 0.892090
vt 0.365234 0.875244
vt 0.370117 0.901367
vt 0.362549 0.893799
vt 0.385498 0.911377
vt 0.382080 0.917480
vt 0.406494 0.907959
vt 0.418945 0.895020
vt 0.402588 0.922607
vt 0.358154 0.889160
vt 0.345215 0.889404
vt 0.345703 0.865723
vt 0.328613 0.856201
vt 0.354248 0.874268
vt 0.341553 0.880859
vt 0.332520 0.870850
vt 0.332520 0.879150
vt 0.050049 0.004883
vt 0.047119 0.003174
vt 0.050537 0.002441
vt 0.051758 0.004150
vt 0.053711 0.003662
vt 0.057617 0.000000
vt 0.038574 0.484131
vt 0.040039 0.481445
vt 0.042725 0.485352
vt 0.050781 0.480713
vt 0.043945 0.478027
vt 0.041504 0.461426
vt 0.047363 0.484131
vt 0.043701 0.491943
vt 0.047363 0.489258
vt 0.047363 0.494873
vt 0.071533 0.467529
vt 0.051025 0.486572
vt 0.054199 0.505371
vt 0.043457 0.499268
vt 0.051758 0.496094
vt 0.058594 0.484375
vt 0.053955 0.488525
vt 0.057129 0.501953
vt 0.065430 0.502930
vt 0.055176 0.492432
vt 0.057373 0.498535
vt 0.058350 0.488037
vt 0.058594 0.493408
vt 0.061279 0.492432
vt 0.060547 0.495850
vt 0.062988 0.499268
vt 0.062256 0.496582
vt 0.066650 0.492920
vt 0.070312 0.493164
vt 0.073486 0.496338
vt 0.068359 0.481445
vt 0.075195 0.489502
vt 0.080566 0.489014
vt 0.077881 0.494141
vt 0.076904 0.499268
vt 0.082031 0.498779
vt 0.086426 0.493408
vt 0.087158 0.484131
vt 0.093262 0.463623
vt 0.091309 0.491211
vt 0.094727 0.472656
vt 0.745361 0.002930
vt 0.749268 0.017334
vt 0.738770 0.009766
vt 0.732422 0.003418
vt 0.724121 0.017822
vt 0.736084 0.021240
vt 0.729004 0.020264
vt 0.742920 0.021240
vt 0.733887 0.025635
vt 0.727051 0.028320
vt 0.720703 0.028564
vt 0.727295 0.032227
vt 0.720703 0.031494
vt 0.718506 0.034424
vt 0.725342 0.037109
vt 0.735352 0.030518
vt 0.741943 0.027832
vt 0.742676 0.031006
vt 0.747803 0.024902
vt 0.750244 0.030762
vt 0.751221 0.034912
vt 0.753662 0.028076
vt 0.759033 0.024902
vt 0.764893 0.028564
vt 0.755371 0.031738
vt 0.758789 0.038086
vt 0.760742 0.863770
vt 0.753418 0.861084
vt 0.753418 0.853760
vt 0.759521 0.856201
vt 0.748047 0.881592
vt 0.764648 0.857666
vt 0.764404 0.850342
vt 0.769287 0.869141
vt 0.771729 0.854004
vt 0.770508 0.850830
vt 0.771973 0.853760
vt 0.776123 0.853271
vt 0.776367 0.862061
vt 0.780762 0.860596
vt 0.783447 0.872803
vt 0.794189 0.836426
vt 0.755127 0.888184
vt 0.742920 0.901855
vt 0.770508 0.897949
vt 0.803955 0.895264
vt 0.836426 0.902100
vt 0.551270 0.135986
vt 0.546631 0.138672
vt 0.544434 0.128418
vt 0.555420 0.132324
vt 0.559814 0.127197
vt 0.560303 0.112305
vt 0.546875 0.113037
vt 0.539551 0.120361
vt 0.541992 0.113281
vt 0.539551 0.107910
vt 0.538574 0.099609
vt 0.533203 0.101807
vt 0.556885 0.096680
vt 0.555176 0.088135
vt 0.558838 0.090332
vt 0.563477 0.089355
vt 0.564941 0.091309
vt 0.571533 0.083984
vt 0.573242 0.087158
vt 0.578369 0.084229
vt 0.568115 0.093018
vt 0.576660 0.089844
vt 0.565918 0.099121
vt 0.572021 0.094482
vt 0.570312 0.097656
vt 0.571533 0.103516
vt 0.586182 0.092529
vt 0.587402 0.086670
vt 0.592529 0.091309
vt 0.574951 0.095703
vt 0.574463 0.099854
vt 0.580566 0.095703
vt 0.579834 0.100098
vt 0.576660 0.107178
vt 0.583252 0.101562
vt 0.589600 0.101318
vt 0.583496 0.107910
vt 0.574219 0.115234
vt 0.578613 0.127686
vt 0.580078 0.113281
vt 0.585205 0.116699
vt 0.589600 0.121582
vt 0.595459 0.114746
vt 0.583984 0.113037
vt 0.586426 0.109863
vt 0.591797 0.112061
vt 0.594971 0.104004
vt 0.601318 0.108154
vt 0.598389 0.088135
vt 0.605957 0.102051
vt 0.610596 0.085205
vt 0.613525 0.077637
vt 0.627686 0.082520
vt 0.622803 0.100830
vt 0.824707 0.297607
vt 0.812988 0.291748
vt 0.816895 0.284180
vt 0.809082 0.298584
vt 0.807617 0.303711
vt 0.805176 0.299316
vt 0.807129 0.294922
vt 0.825684 0.308594
vt 0.832764 0.308350
vt 0.808594 0.291260
vt 0.805176 0.291260
vt 0.801758 0.294678
vt 0.800049 0.288818
vt 0.797363 0.294678
vt 0.790527 0.295654
vt 0.794678 0.299805
vt 0.800293 0.297852
vt 0.795654 0.306396
vt 0.799561 0.311523
vt 0.796387 0.316162
vt 0.800537 0.321289
vt 0.816895 0.322754
vt 0.804688 0.337646
vt 0.831543 0.317871
vt 0.831299 0.313232
vt 0.824707 0.324707
vt 0.836182 0.310547
vt 0.839844 0.307617
vt 0.843506 0.303223
vt 0.837891 0.313965
vt 0.846436 0.311279
vt 0.839844 0.311523
vt 0.853760 0.318848
vt 0.836426 0.316162
vt 0.842041 0.316406
vt 0.844971 0.320801
vt 0.841309 0.320312
vt 0.844727 0.323730
vt 0.857178 0.324219
vt 0.846924 0.331299
vt 0.857666 0.344727
vt 0.839600 0.323486
vt 0.830811 0.321289
vt 0.839844 0.327393
vt 0.835449 0.324463
vt 0.830566 0.324951
vt 0.835205 0.326416
vt 0.840332 0.331543
vt 0.836426 0.329834
vt 0.839600 0.338623
vt 0.833496 0.331543
vt 0.832031 0.328613
vt 0.826660 0.329346
vt 0.842285 0.346680
vt 0.823486 0.334229
vt 0.831543 0.334961
vt 0.834717 0.338867
vt 0.844727 0.359131
vt 0.832520 0.342041
vt 0.833740 0.354980
vt 0.833008 0.346191
vt 0.821777 0.339355
vt 0.825928 0.345703
vt 0.826660 0.349365
vt 0.820801 0.346191
vt 0.816162 0.346680
vt 0.822754 0.351807
vt 0.796387 0.350342
vt 0.792236 0.341064
vt 0.820068 0.354492
vt 0.824463 0.357422
vt 0.813721 0.358398
vt 0.829346 0.362061
vt 0.821777 0.359863
vt 0.803711 0.363525
vt 0.788086 0.360352
vt 0.828125 0.374268
vt 0.854248 0.373047
vt 0.821777 0.363525
vt 0.816895 0.361816
vt 0.812012 0.364746
vt 0.817627 0.365479
vt 0.825195 0.368896
vt 0.818604 0.369385
vt 0.816650 0.371338
vt 0.809814 0.370605
vt 0.821533 0.375977
vt 0.814453 0.374512
vt 0.822266 0.380859
vt 0.838135 0.396484
vt 0.807129 0.373291
vt 0.813232 0.377441
vt 0.809570 0.377930
vt 0.816406 0.383301
vt 0.823975 0.390137
vt 0.808838 0.383789
vt 0.805908 0.378418
vt 0.790039 0.379150
vt 0.796875 0.372070
vt 0.868896 0.818604
vt 0.880615 0.822021
vt 0.872070 0.822510
vt 0.879639 0.824707
vt 0.885498 0.827393
vt 0.865967 0.825195
vt 0.863281 0.819824
vt 0.881104 0.828857
vt 0.883789 0.835449
vt 0.876465 0.827148
vt 0.871338 0.828125
vt 0.879150 0.831543
vt 0.860107 0.826416
vt 0.856445 0.816162
vt 0.863281 0.832031
vt 0.872314 0.832764
vt 0.880127 0.837891
vt 0.872070 0.836670
vt 0.882080 0.844482
vt 0.904541 0.842285
vt 0.845459 0.822021
vt 0.840332 0.816406
vt 0.825195 0.826416
vt 0.822021 0.820801
vt 0.838379 0.833740
vt 0.822754 0.833984
vt 0.841797 0.844482
vt 0.862061 0.841553
vt 0.864990 0.838135
vt 0.855225 0.845947
vt 0.865234 0.845947
vt 0.868652 0.841309
vt 0.875977 0.843506
vt 0.872559 0.846680
vt 0.866943 0.849609
vt 0.856201 0.850342
vt 0.878906 0.850098
vt 0.873535 0.850830
vt 0.864258 0.853516
vt 0.852295 0.852783
vt 0.883789 0.852295
vt 0.876221 0.855469
vt 0.861572 0.856689
vt 0.855957 0.861084
vt 0.832764 0.854980
vt 0.838135 0.866699
vt 0.878418 0.859131
vt 0.858887 0.876465
vt 0.894531 0.858643
vt 0.866943 0.862061
vt 0.861816 0.867676
vt 0.865479 0.874512
vt 0.873535 0.862793
vt 0.867432 0.868652
vt 0.880371 0.867676
vt 0.874023 0.868652
vt 0.870117 0.871338
vt 0.872559 0.875488
vt 0.869385 0.873535
vt 0.865967 0.879395
vt 0.859131 0.881104
vt 0.866211 0.881592
vt 0.874756 0.878418
vt 0.875244 0.884277
vt 0.888184 0.876709
vt 0.904541 0.870605
vt 0.910156 0.877441
vt 0.913818 0.875488
vt 0.912109 0.868408
vt 0.918701 0.872803
vt 0.905762 0.863770
vt 0.910889 0.862793
vt 0.907959 0.857666
vt 0.917480 0.861084
vt 0.917725 0.855225
vt 0.916016 0.852295
vt 0.911133 0.841309
vt 0.918213 0.844971
vt 0.626709 0.844971
vt 0.619141 0.842041
vt 0.626465 0.839355
vt 0.619873 0.837158
vt 0.626221 0.833740
vt 0.631348 0.843262
vt 0.627441 0.849854
vt 0.634766 0.855225
vt 0.629150 0.855225
vt 0.630127 0.861572
vt 0.626953 0.861328
vt 0.636963 0.860840
vt 0.630371 0.865723
vt 0.639648 0.841064
vt 0.635254 0.864746
vt 0.640381 0.865723
vt 0.638672 0.870850
vt 0.645996 0.872314
vt 0.652588 0.860352
vt 0.661133 0.864990
vt 0.645508 0.852295
vt 0.655273 0.854004
vt 0.659912 0.848389
vt 0.651123 0.843018
vt 0.649902 0.833496
vt 0.640869 0.826416
vt 0.652344 0.834961
vt 0.652832 0.823730
vt 0.666504 0.815918
vt 0.671143 0.863281
vt 0.673340 0.872070
vt 0.677002 0.837891
vt 0.692871 0.866455
vt 0.687744 0.876221
vt 0.703125 0.875000
vt 0.716553 0.864990
vt 0.716309 0.868896
vt 0.705566 0.844971
vt 0.697510 0.813232
vt 0.722168 0.837402
vt 0.723389 0.860352
vt 0.732666 0.875488
vt 0.683594 0.798584
vt 0.671631 0.802734
vt 0.700439 0.801514
vt 0.660400 0.811279
vt 0.714355 0.807373
vt 0.644531 0.814941
vt 0.725342 0.822021
vt 0.728027 0.834717
vt 0.736328 0.833252
vt 0.727051 0.850830
vt 0.737305 0.860596
vt 0.748291 0.851074
vt 0.743652 0.866211
vt 0.634033 0.820801
vt 0.635742 0.814697
vt 0.636230 0.808838
vt 0.628906 0.822510
vt 0.630371 0.817139
vt 0.632568 0.811279
vt 0.633057 0.806641
vt 0.629883 0.806641
vt 0.628906 0.810059
vt 0.626953 0.814209
vt 0.624756 0.816895
vt 0.623291 0.822998
vt 0.619873 0.829346
vt 0.619629 0.820557
vt 0.619629 0.816406
vt 0.003174 0.906250
vt 0.000977 0.913330
vt 0.000000 0.895752
vt 0.003662 0.899170
vt 0.038574 0.983887
vt 0.068115 0.983887
vt 0.045410 0.990723
vt 0.007568 0.042480
vt 0.001221 0.044922
vt 0.005127 0.037354
vt 0.003418 0.048340
vt 0.007568 0.054688
vt 0.124023 0.971924
vt 0.121582 0.973877
vt 0.118896 0.971191
vt 0.117920 0.976074
vt 0.124023 0.977783
vt 0.121094 0.976807
vt 0.119141 0.979980
vt 0.972900 0.997803
vt 0.945312 0.997803
vt 0.961914 0.991455
vt 0.539307 0.175537
vt 0.550293 0.181396
vt 0.533936 0.186768
vt 0.538818 0.190674
vt 0.539307 0.196533
vt 0.523926 0.197998
vt 0.529541 0.202881
vt 0.524414 0.207520
vt 0.521729 0.205078
vt 0.516602 0.212891
vt 0.521240 0.189697
vt 0.535156 0.163330
vt 0.519287 0.205078
vt 0.500732 0.161621
vt 0.495850 0.178223
vt 0.477783 0.163818
vt 0.488770 0.198975
vt 0.508057 0.203613
vt 0.511719 0.207520
vt 0.487061 0.208740
vt 0.462402 0.176758
vt 0.452637 0.152344
vt 0.437744 0.180176
vt 0.470215 0.205811
vt 0.451660 0.197754
vt 0.425293 0.205078
vt 0.441162 0.211182
vt 0.457520 0.213135
vt 0.444824 0.213379
vt 0.439209 0.211670
vt 0.438965 0.215332
vt 0.441650 0.214600
vt 0.443359 0.216553
vt 0.454590 0.218018
vt 0.445557 0.219238
vt 0.443604 0.221436
vt 0.437988 0.224121
vt 0.479492 0.220947
vt 0.497070 0.210938
vt 0.506348 0.226807
vt 0.494385 0.228516
vt 0.520508 0.231934
vt 0.497559 0.232422
vt 0.509033 0.236084
vt 0.501953 0.237305
vt 0.511475 0.241455
vt 0.503906 0.242432
vt 0.087158 0.184814
vt 0.071289 0.180420
vt 0.080811 0.165039
vt 0.070801 0.168701
vt 0.069580 0.166260
vt 0.091797 0.171631
vt 0.099609 0.177246
vt 0.099365 0.165527
vt 0.108643 0.172119
vt 0.089600 0.157471
vt 0.113281 0.165771
vt 0.124268 0.170410
vt 0.126221 0.157715
vt 0.114258 0.156250
vt 0.101074 0.154053
vt 0.094238 0.148438
vt 0.102295 0.145752
vt 0.095703 0.138428
vt 0.088135 0.143311
vt 0.087891 0.150879
vt 0.082764 0.155029
vt 0.080566 0.148926
vt 0.084229 0.141846
vt 0.077393 0.153564
vt 0.071289 0.158691
vt 0.063477 0.161865
vt 0.067139 0.153320
vt 0.073242 0.150146
vt 0.062744 0.146729
vt 0.074951 0.145264
vt 0.067871 0.138916
vt 0.656982 0.760010
vt 0.648438 0.733398
vt 0.658691 0.710693
vt 0.635986 0.702393
vt 0.677246 0.734375
vt 0.675293 0.785889
vt 0.677490 0.687500
vt 0.693848 0.754883
vt 0.699463 0.796143
vt 0.696777 0.718750
vt 0.713867 0.779297
vt 0.695312 0.677002
vt 0.716553 0.749023
vt 0.719971 0.726074
vt 0.705566 0.700928
vt 0.728027 0.779297
vt 0.724854 0.803467
vt 0.717773 0.690674
vt 0.710938 0.720215
vt 0.731445 0.746826
vt 0.718750 0.719482
vt 0.728027 0.708984
vt 0.714600 0.716553
vt 0.709473 0.710205
vt 0.711670 0.697754
vt 0.714111 0.707031
vt 0.718506 0.709717
vt 0.715576 0.702637
vt 0.718994 0.704346
vt 0.720215 0.700195
vt 0.723389 0.706543
vt 0.744385 0.708252
vt 0.738281 0.666504
vt 0.756104 0.698975
vt 0.761475 0.680176
vt 0.748291 0.737549
vt 0.765381 0.715088
vt 0.785645 0.710693
vt 0.780029 0.687500
vt 0.779053 0.734863
vt 0.767578 0.743652
vt 0.760742 0.769043
vt 0.775146 0.772461
vt 0.775391 0.791260
vt 0.758545 0.792480
vt 0.749512 0.791504
vt 0.743408 0.777832
vt 0.752197 0.763184
vt 0.745361 0.752441
vt 0.747070 0.762939
vt 0.736572 0.755127
vt 0.753662 0.808594
vt 0.743164 0.756348
vt 0.739502 0.757812
vt 0.736816 0.771973
vt 0.741455 0.765137
vt 0.741699 0.772949
vt 0.002441 0.021729
vt 0.004639 0.025635
vt 0.002197 0.028320
vt 0.007568 0.025635
vt 0.000000 0.026611
vt 0.000488 0.031982
vt 0.005371 0.028809
vt 0.007568 0.031982
vt 0.004150 0.030518
vt 0.004150 0.032959
vt 0.992432 0.690918
vt 0.991943 0.708252
vt 0.982666 0.707764
vt 0.984619 0.689941
vt 0.989990 0.712891
vt 0.974609 0.705811
vt 0.975098 0.712646
vt 0.981934 0.719482
vt 0.988037 0.717773
vt 0.967529 0.707031
vt 0.992188 0.721191
vt 0.967773 0.712646
vt 0.955078 0.709473
vt 0.981934 0.730713
vt 0.997314 0.729492
vt 0.991943 0.734131
vt 0.974121 0.726562
vt 0.975830 0.718262
vt 0.967041 0.717285
vt 0.955811 0.718262
vt 0.957031 0.713623
vt 0.950439 0.713623
vt 0.305176 0.180420
vt 0.321533 0.186035
vt 0.313477 0.194092
vt 0.296143 0.181885
vt 0.326172 0.189697
vt 0.325684 0.200439
vt 0.330566 0.191406
vt 0.336182 0.185303
vt 0.323730 0.206055
vt 0.308594 0.205078
vt 0.313477 0.209717
vt 0.312500 0.213867
vt 0.323242 0.212891
vt 0.330078 0.197754
vt 0.331543 0.211426
vt 0.333984 0.215332
vt 0.331787 0.205566
vt 0.337646 0.210938
vt 0.344482 0.210693
vt 0.334717 0.201904
vt 0.335205 0.195557
vt 0.341553 0.202637
vt 0.340332 0.196533
vt 0.335938 0.192139
vt 0.340332 0.192627
vt 0.344238 0.194824
vt 0.353516 0.196533
vt 0.354736 0.187256
vt 0.358887 0.214111
vt 0.372803 0.201172
vt 0.347900 0.216797
vt 0.347656 0.220215
vt 0.354980 0.228027
vt 0.374268 0.210449
vt 0.372314 0.231934
vt 0.379883 0.227539
vt 0.377930 0.232666
vt 0.380859 0.218018
vt 0.388184 0.213379
vt 0.392578 0.209961
vt 0.385498 0.221680
vt 0.392822 0.219238
vt 0.400391 0.223633
vt 0.386475 0.226807
vt 0.390869 0.226318
vt 0.390137 0.233154
vt 0.394043 0.237793
vt 0.385498 0.230225
vt 0.384766 0.237305
vt 0.945557 0.017090
vt 0.937744 0.014893
vt 0.938721 0.008545
vt 0.945801 0.002930
vt 0.927734 0.004150
vt 0.933838 0.022705
vt 0.951172 0.027344
vt 0.933594 0.011963
vt 0.928955 0.019531
vt 0.923584 0.026123
vt 0.928955 0.014404
vt 0.922119 0.019531
vt 0.450439 0.069580
vt 0.433594 0.045166
vt 0.448975 0.055420
vt 0.430908 0.048828
vt 0.430176 0.059814
vt 0.453857 0.077148
vt 0.464355 0.070312
vt 0.460449 0.095947
vt 0.456299 0.103027
vt 0.473877 0.080811
vt 0.457275 0.118408
vt 0.471191 0.070068
vt 0.479736 0.070801
vt 0.512207 0.075928
vt 0.147705 0.330078
vt 0.144043 0.334473
vt 0.140381 0.333496
vt 0.137939 0.339111
vt 0.142822 0.338623
vt 0.149658 0.339600
vt 0.143311 0.343262
vt 0.134766 0.338867
vt 0.136230 0.345947
vt 0.138428 0.332031
vt 0.131104 0.334229
vt 0.140625 0.328613
vt 0.146240 0.325684
vt 0.143311 0.349854
vt 0.130127 0.348145
vt 0.134766 0.330322
vt 0.146973 0.344238
vt 0.140137 0.325439
vt 0.131836 0.329346
vt 0.127197 0.332520
vt 0.134766 0.325684
vt 0.128662 0.328125
vt 0.126221 0.327637
vt 0.132080 0.324951
vt 0.129395 0.320801
vt 0.134277 0.321533
vt 0.155518 0.320557
vt 0.139893 0.316650
vt 0.140869 0.309814
vt 0.162598 0.306152
vt 0.127930 0.311768
vt 0.164795 0.294922
vt 0.142578 0.297607
vt 0.156494 0.339844
vt 0.177246 0.337158
vt 0.152832 0.343750
vt 0.155518 0.346436
vt 0.162354 0.350830
vt 0.164551 0.359863
vt 0.144287 0.354736
vt 0.156494 0.351562
vt 0.150879 0.351562
vt 0.159668 0.357422
vt 0.151123 0.354736
vt 0.154297 0.357422
vt 0.157959 0.361816
vt 0.148926 0.358154
vt 0.151367 0.360596
vt 0.154297 0.365723
vt 0.145020 0.361816
vt 0.165527 0.363281
vt 0.172852 0.370117
vt 0.143555 0.378662
vt 0.158691 0.366943
vt 0.152344 0.371582
vt 0.163818 0.368164
vt 0.156738 0.371582
vt 0.157227 0.374268
vt 0.161133 0.372070
vt 0.166504 0.373779
vt 0.170166 0.375732
vt 0.161377 0.375244
vt 0.152832 0.376221
vt 0.156738 0.378906
vt 0.163330 0.377930
vt 0.156982 0.381592
vt 0.162354 0.380127
vt 0.162598 0.383789
vt 0.156006 0.389160
vt 0.170410 0.379150
vt 0.172363 0.379883
vt 0.177979 0.375732
vt 0.177246 0.388672
vt 0.162109 0.387695
vt 0.166260 0.386963
vt 0.169922 0.387451
vt 0.163330 0.391357
vt 0.167969 0.389648
vt 0.173096 0.390137
vt 0.172119 0.393066
vt 0.166748 0.392334
vt 0.176758 0.392578
vt 0.162354 0.395508
vt 0.167725 0.396729
vt 0.175049 0.395264
vt 0.162842 0.400879
vt 0.143555 0.397217
vt 0.151123 0.411865
vt 0.147461 0.412842
vt 0.149170 0.424316
vt 0.145996 0.418457
vt 0.139404 0.424805
vt 0.144531 0.414062
vt 0.140625 0.416260
vt 0.138184 0.418457
vt 0.137451 0.408447
vt 0.133057 0.411865
vt 0.129150 0.415771
vt 0.117676 0.415527
vt 0.125000 0.408691
vt 0.129639 0.406250
vt 0.131104 0.403320
vt 0.127197 0.402100
vt 0.133545 0.398926
vt 0.123291 0.397217
vt 0.119873 0.388916
vt 0.106934 0.411133
vt 0.137451 0.393066
vt 0.125488 0.383789
vt 0.120605 0.375732
vt 0.132812 0.380859
vt 0.127930 0.368896
vt 0.124023 0.372803
vt 0.118164 0.373047
vt 0.120117 0.366943
vt 0.116455 0.363037
vt 0.106934 0.347168
vt 0.112793 0.367676
vt 0.118652 0.369141
vt 0.113037 0.371582
vt 0.042236 0.945557
vt 0.032715 0.948730
vt 0.036133 0.943848
vt 0.038086 0.936523
vt 0.045410 0.941162
vt 0.042236 0.937988
vt 0.057373 0.939209
vt 0.052490 0.941895
vt 0.057129 0.947266
vt 0.060791 0.947021
vt 0.054688 0.951416
vt 0.036133 0.958740
vt 0.060791 0.956299
vt 0.050049 0.960449
vt 0.027588 0.948975
vt 0.029297 0.942871
vt 0.026367 0.955322
vt 0.032959 0.940918
vt 0.026855 0.929443
vt 0.033447 0.936279
vt 0.028320 0.959961
vt 0.025879 0.957275
vt 0.026367 0.959961
vt 0.025635 0.968750
vt 0.030518 0.968018
vt 0.029053 0.972412
vt 0.027100 0.971436
vt 0.032471 0.971924
vt 0.028564 0.975098
vt 0.031494 0.975098
vt 0.027344 0.978027
vt 0.035400 0.977783
vt 0.040039 0.971924
vt 0.043945 0.965576
vt 0.046387 0.966797
vt 0.053223 0.961670
vt 0.044922 0.970703
vt 0.043945 0.972900
vt 0.044189 0.975098
vt 0.047607 0.973633
vt 0.047119 0.969727
vt 0.051025 0.973145
vt 0.050293 0.968750
vt 0.055176 0.964844
vt 0.052002 0.969971
vt 0.060547 0.958740
vt 0.053955 0.970947
vt 0.059570 0.963867
vt 0.062744 0.960449
vt 0.058594 0.970703
vt 0.067139 0.959961
vt 0.069824 0.958984
vt 0.060547 0.971680
vt 0.067627 0.964844
vt 0.067627 0.968262
vt 0.070312 0.968262
vt 0.062012 0.976807
vt 0.052002 0.974121
vt 0.049316 0.976074
vt 0.053955 0.979492
vt 0.047852 0.978027
vt 0.874023 0.026367
vt 0.879883 0.029541
vt 0.875244 0.031006
vt 0.887939 0.034180
vt 0.881836 0.025146
vt 0.883301 0.020508
vt 0.884521 0.028076
vt 0.886719 0.024658
vt 0.889160 0.030762
vt 0.889893 0.023438
vt 0.895264 0.026367
vt 0.892578 0.032715
vt 0.886963 0.037598
vt 0.903809 0.035156
vt 0.890381 0.019775
vt 0.888184 0.016357
vt 0.899170 0.025391
vt 0.899414 0.020996
vt 0.893799 0.016357
vt 0.895752 0.012939
vt 0.904053 0.020264
vt 0.906738 0.022705
vt 0.903076 0.016113
vt 0.907715 0.016846
vt 0.899414 0.011719
vt 0.895996 0.006836
vt 0.901367 0.010254
vt 0.903320 0.007324
vt 0.906006 0.028076
vt 0.909912 0.025879
vt 0.909180 0.021973
vt 0.912842 0.023193
vt 0.914062 0.026123
vt 0.911377 0.029541
vt 0.915527 0.028076
vt 0.915039 0.030518
vt 0.911133 0.032959
vt 0.916992 0.032959
vt 0.916504 0.042236
vt 0.906982 0.042236
vt 0.917725 0.047852
vt 0.661621 0.984131
vt 0.664062 0.994873
vt 0.656006 0.992432
vt 0.671875 0.983398
vt 0.658447 0.984375
vt 0.657227 0.969971
vt 0.654541 0.977051
vt 0.121338 0.602295
vt 0.123535 0.603760
vt 0.113037 0.606445
vt 0.116211 0.602783
vt 0.105469 0.590820
vt 0.070557 0.597900
vt 0.118164 0.609131
vt 0.124268 0.608887
vt 0.110596 0.614014
vt 0.116699 0.614990
vt 0.114258 0.618652
vt 0.103516 0.618896
vt 0.092529 0.623535
vt 0.107422 0.631348
vt 0.072754 0.621582
vt 0.083252 0.629639
vt 0.060791 0.630859
vt 0.095703 0.643311
vt 0.104980 0.641602
vt 0.104980 0.659912
vt 0.088623 0.642822
vt 0.088867 0.635010
vt 0.077881 0.635254
vt 0.061768 0.643555
vt 0.083008 0.639404
vt 0.091064 0.762451
vt 0.100098 0.760742
vt 0.094482 0.766113
vt 0.081055 0.762939
vt 0.091309 0.768555
vt 0.081787 0.766602
vt 0.072754 0.770752
vt 0.090088 0.771729
vt 0.094238 0.779053
vt 0.085693 0.772461
vt 0.089844 0.776123
vt 0.080566 0.771484
vt 0.084229 0.776367
vt 0.078125 0.779297
vt 0.087158 0.785156
vt 0.068115 0.766602
vt 0.072510 0.766357
vt 0.055176 0.765381
vt 0.056641 0.761963
vt 0.039062 0.757080
vt 0.068848 0.783203
vt 0.056152 0.785400
vt 0.077881 0.784180
vt 0.076660 0.786865
vt 0.068848 0.794922
vt 0.074707 0.792969
vt 0.081787 0.790283
vt 0.086914 0.790771
vt 0.082275 0.794189
vt 0.090820 0.790283
vt 0.101562 0.797852
vt 0.088135 0.796631
vt 0.081055 0.799072
vt 0.082275 0.804443
vt 0.069580 0.799316
vt 0.065674 0.800537
vt 0.075195 0.803711
vt 0.049805 0.801514
vt 0.078125 0.807373
vt 0.073730 0.806641
vt 0.079834 0.813477
vt 0.081787 0.815918
vt 0.074951 0.809570
vt 0.066650 0.808350
vt 0.072021 0.811279
vt 0.069336 0.814209
vt 0.071533 0.818115
vt 0.062988 0.815186
vt 0.059326 0.807373
vt 0.055908 0.810547
vt 0.038574 0.812256
vt 0.048340 0.818848
vt 0.043945 0.888428
vt 0.031738 0.897705
vt 0.032471 0.885010
vt 0.027588 0.891113
vt 0.038818 0.901855
vt 0.031250 0.904053
vt 0.030273 0.907471
vt 0.027100 0.902100
vt 0.020752 0.894043
vt 0.023926 0.904053
vt 0.014404 0.906494
vt 0.006836 0.892334
vt 0.220215 0.848633
vt 0.218994 0.854248
vt 0.215576 0.855469
vt 0.213623 0.850098
vt 0.218262 0.859131
vt 0.224609 0.858154
vt 0.219238 0.864014
vt 0.220703 0.875732
vt 0.210449 0.856201
vt 0.215088 0.865967
vt 0.196289 0.849854
vt 0.205322 0.858643
vt 0.206055 0.880127
vt 0.208252 0.868408
vt 0.204834 0.863770
vt 0.196289 0.860596
vt 0.204346 0.868408
vt 0.197998 0.865479
vt 0.194336 0.872070
vt 0.192383 0.867920
vt 0.181396 0.857422
vt 0.184570 0.876953
vt 0.188721 0.864258
vt 0.187500 0.872314
vt 0.182129 0.865723
vt 0.189941 0.892090
vt 0.213135 0.900391
vt 0.176514 0.880127
vt 0.174072 0.900635
vt 0.221680 0.895508
vt 0.215576 0.900635
vt 0.229004 0.898193
vt 0.219971 0.901611
vt 0.227051 0.903076
vt 0.169189 0.879150
vt 0.164551 0.887451
vt 0.175781 0.872803
vt 0.159668 0.882080
vt 0.150879 0.886719
vt 0.164307 0.868896
vt 0.177734 0.865723
vt 0.166504 0.854004
vt 0.184570 0.843018
vt 0.150146 0.866943
vt 0.176514 0.839355
vt 0.190430 0.835449
vt 0.198975 0.836182
vt 0.208252 0.829590
vt 0.150391 0.874023
vt 0.158447 0.876221
vt 0.144043 0.873291
vt 0.142578 0.868408
vt 0.135986 0.873047
vt 0.140137 0.879639
vt 0.133301 0.885010
vt 0.148438 0.879395
vt 0.153564 0.880615
vt 0.145996 0.883545
vt 0.917725 0.883545
vt 0.917969 0.888672
vt 0.911621 0.894043
vt 0.925293 0.890137
vt 0.920410 0.882812
vt 0.946533 0.861328
vt 0.935059 0.851318
vt 0.938477 0.916504
vt 0.912598 0.909668
vt 0.947266 0.940918
vt 0.867188 0.897705
vt 0.872070 0.912109
vt 0.277344 0.213623
vt 0.291504 0.226318
vt 0.280762 0.224609
vt 0.273682 0.205078
vt 0.265381 0.217041
vt 0.293701 0.233643
vt 0.298096 0.229492
vt 0.272949 0.228271
vt 0.306885 0.237793
vt 0.300049 0.224609
vt 0.286377 0.233154
vt 0.291748 0.246582
vt 0.318359 0.233643
vt 0.321777 0.224365
vt 0.313965 0.239502
vt 0.308105 0.253662
vt 0.328857 0.231934
vt 0.339844 0.228027
vt 0.334473 0.219482
vt 0.290039 0.270508
vt 0.278076 0.261719
vt 0.282715 0.237305
vt 0.283447 0.245850
vt 0.275146 0.235840
vt 0.277100 0.238525
vt 0.267822 0.239258
vt 0.277344 0.244385
vt 0.274414 0.251221
vt 0.271484 0.246582
vt 0.268311 0.256592
vt 0.265381 0.247559
vt 0.262207 0.259277
vt 0.256592 0.248291
vt 0.255371 0.230225
vt 0.245361 0.219727
vt 0.239746 0.227783
vt 0.242676 0.245117
vt 0.231689 0.231445
vt 0.257812 0.255371
vt 0.258057 0.263428
vt 0.259766 0.267334
vt 0.252686 0.255859
vt 0.250488 0.263428
vt 0.253906 0.267090
vt 0.239258 0.258789
vt 0.249756 0.267822
vt 0.255127 0.273682
vt 0.248047 0.276855
vt 0.238770 0.272949
vt 0.223633 0.271484
vt 0.226074 0.243652
vt 0.222656 0.251465
vt 0.231689 0.238525
vt 0.226562 0.232910
vt 0.222656 0.227539
vt 0.225342 0.235352
vt 0.220215 0.231201
vt 0.212646 0.229980
vt 0.221924 0.239502
vt 0.217285 0.236816
vt 0.212158 0.240723
vt 0.205566 0.242676
vt 0.213623 0.244873
vt 0.216309 0.250732
vt 0.210449 0.247070
vt 0.212402 0.251953
vt 0.206787 0.251221
vt 0.215088 0.255127
vt 0.201416 0.251221
vt 0.215820 0.260010
vt 0.192627 0.250488
vt 0.185303 0.238037
vt 0.212891 0.267822
vt 0.204346 0.257568
vt 0.208496 0.286377
vt 0.200439 0.259033
vt 0.206299 0.264648
vt 0.190674 0.261475
vt 0.179688 0.255371
vt 0.202881 0.264648
vt 0.203857 0.269043
vt 0.197754 0.264648
vt 0.202393 0.273438
vt 0.199707 0.282227
vt 0.195801 0.274414
vt 0.184326 0.268311
vt 0.168457 0.264893
vt 0.195557 0.287598
vt 0.192871 0.293457
vt 0.194824 0.280273
vt 0.191162 0.275879
vt 0.193115 0.284912
vt 0.189453 0.281250
vt 0.187988 0.286377
vt 0.180420 0.275391
vt 0.175293 0.276611
vt 0.159424 0.267334
vt 0.183105 0.286377
vt 0.187500 0.292236
vt 0.180908 0.289307
vt 0.184082 0.294434
vt 0.166016 0.279297
vt 0.157959 0.281982
vt 0.176758 0.291748
vt 0.174805 0.293701
vt 0.171143 0.283203
vt 0.167480 0.289551
vt 0.500244 0.953369
vt 0.500000 0.974854
vt 0.491211 0.978027
vt 0.491211 0.961426
vt 0.132324 0.637695
vt 0.115967 0.641357
vt 0.129883 0.610352
vt 0.148926 0.612305
vt 0.114502 0.671387
vt 0.150391 0.636963
vt 0.164551 0.623779
vt 0.161133 0.657959
vt 0.139404 0.666016
vt 0.125000 0.694092
vt 0.113037 0.695557
vt 0.143311 0.703125
vt 0.129883 0.735596
vt 0.154785 0.683105
vt 0.165039 0.686768
vt 0.159180 0.691406
vt 0.593018 0.053955
vt 0.592529 0.061523
vt 0.588379 0.061035
vt 0.591553 0.069336
vt 0.590332 0.050049
vt 0.584961 0.063232
vt 0.593750 0.079834
vt 0.578369 0.066406
vt 0.596436 0.070557
vt 0.599609 0.062500
vt 0.587402 0.047607
vt 0.579102 0.039795
vt 0.602295 0.070068
vt 0.610107 0.072510
vt 0.603760 0.056885
vt 0.597412 0.052490
vt 0.607178 0.053223
vt 0.612305 0.046631
vt 0.598877 0.050293
vt 0.598633 0.045166
vt 0.593750 0.040039
vt 0.605713 0.024414
vt 0.578125 0.021973
vt 0.729736 0.131836
vt 0.719482 0.129883
vt 0.736084 0.113770
vt 0.748535 0.120850
vt 0.738525 0.140625
vt 0.722656 0.145996
vt 0.741211 0.172607
vt 0.724854 0.181152
vt 0.718018 0.205322
vt 0.712158 0.193604
vt 0.716553 0.169434
vt 0.703857 0.160156
vt 0.716553 0.160400
vt 0.710205 0.160645
vt 0.719727 0.146729
vt 0.715332 0.157715
vt 0.714355 0.147705
vt 0.711426 0.158203
vt 0.709717 0.153564
vt 0.711182 0.139160
vt 0.706787 0.124756
vt 0.701416 0.108154
vt 0.128418 0.980957
vt 0.128418 0.949463
vt 0.148682 0.962891
vt 0.961670 0.175293
vt 0.992676 0.187988
vt 0.968262 0.205811
vt 0.997070 0.213623
vt 0.985840 0.229980
vt 0.960449 0.250000
vt 0.999756 0.232910
vt 0.980957 0.249023
vt 0.988037 0.247559
vt 0.983398 0.257568
vt 0.039551 0.690674
vt 0.043945 0.697754
vt 0.042236 0.710693
vt 0.051758 0.713135
vt 0.049561 0.729004
vt 0.040527 0.733887
vt 0.046143 0.742676
vt 0.038330 0.752930
vt 0.046143 0.750732
vt 0.032227 0.134277
vt 0.037109 0.132324
vt 0.038818 0.135498
vt 0.033203 0.129639
vt 0.033936 0.136719
vt 0.028809 0.136475
vt 0.163086 0.241211
vt 0.161133 0.241943
vt 0.160645 0.236328
vt 0.158447 0.235596
vt 0.158447 0.231934
vt 0.162109 0.229248
vt 0.153564 0.231689
vt 0.164307 0.234619
vt 0.171631 0.238770
vt 0.171387 0.244629
vt 0.176514 0.239502
vt 0.175781 0.232178
vt 0.178223 0.234375
vt 0.177490 0.227783
vt 0.171631 0.228271
vt 0.169678 0.219971
vt 0.183594 0.225586
vt 0.179932 0.230713
vt 0.150391 0.222656
vt 0.143311 0.232666
vt 0.134277 0.222900
vt 0.135498 0.234863
vt 0.140625 0.214111
vt 0.189941 0.212646
vt 0.198975 0.224854
vt 0.218994 0.211670
vt 0.216064 0.223145
vt 0.236816 0.219727
vt 0.207764 0.203125
vt 0.230225 0.202148
vt 0.185791 0.204346
vt 0.210693 0.193359
vt 0.186523 0.194092
vt 0.162354 0.202637
vt 0.157227 0.193848
vt 0.145020 0.202148
vt 0.137695 0.194092
vt 0.134033 0.208496
vt 0.124756 0.207520
vt 0.124512 0.203369
vt 0.115967 0.206543
vt 0.113281 0.204834
vt 0.111816 0.214600
vt 0.119629 0.209229
vt 0.117432 0.211914
vt 0.124023 0.210938
vt 0.116699 0.214844
vt 0.130127 0.216797
vt 0.122070 0.213379
vt 0.119141 0.217529
vt 0.123047 0.217285
vt 0.127930 0.218506
vt 0.123535 0.221680
vt 0.130615 0.221436
vt 0.116455 0.221436
vt 0.126465 0.223877
vt 0.117432 0.225098
vt 0.112549 0.226562
vt 0.121826 0.227539
vt 0.116943 0.228516
vt 0.112305 0.234619
vt 0.128662 0.229980
vt 0.120850 0.230713
vt 0.123047 0.234131
vt 0.124512 0.232178
vt 0.134521 0.237549
vt 0.436768 0.733398
vt 0.422119 0.723389
vt 0.436768 0.715576
vt 0.430176 0.695801
vt 0.428711 0.741699
vt 0.439209 0.748779
vt 0.439453 0.698730
vt 0.438965 0.688477
vt 0.442139 0.718018
vt 0.446045 0.737793
vt 0.442871 0.758057
vt 0.433105 0.765625
vt 0.450928 0.738525
vt 0.445801 0.758789
vt 0.451172 0.755371
vt 0.461182 0.739746
vt 0.445801 0.713135
vt 0.451416 0.709473
vt 0.444580 0.694092
vt 0.442627 0.687744
vt 0.442139 0.686035
vt 0.447754 0.686035
vt 0.446777 0.684326
vt 0.449951 0.688477
vt 0.451172 0.683594
vt 0.443359 0.681885
vt 0.439453 0.684326
vt 0.440674 0.681641
vt 0.446045 0.682129
vt 0.444580 0.678711
vt 0.442627 0.678467
vt 0.447754 0.680176
vt 0.445801 0.676758
vt 0.450195 0.679932
vt 0.450928 0.674805
vt 0.452881 0.679443
vt 0.442383 0.673096
vt 0.447021 0.674316
vt 0.449463 0.670898
vt 0.444824 0.670654
vt 0.452637 0.672852
vt 0.454102 0.669434
vt 0.442383 0.653564
vt 0.455566 0.674805
vt 0.459229 0.672607
vt 0.451904 0.656738
vt 0.459961 0.666016
vt 0.453857 0.675781
vt 0.453613 0.678467
vt 0.455566 0.678467
vt 0.464600 0.669922
vt 0.458496 0.679688
vt 0.467773 0.667480
vt 0.460938 0.656494
vt 0.470215 0.664307
vt 0.470703 0.668213
vt 0.465088 0.671387
vt 0.461182 0.675293
vt 0.457764 0.676270
vt 0.459717 0.677246
vt 0.461670 0.680908
vt 0.455811 0.681641
vt 0.455566 0.683350
vt 0.456055 0.687256
vt 0.461914 0.687256
vt 0.454346 0.697998
vt 0.461914 0.702393
vt 0.460693 0.718750
vt 0.465332 0.739746
vt 0.457031 0.752686
vt 0.468262 0.724365
vt 0.472412 0.740234
vt 0.466553 0.751953
vt 0.469727 0.705078
vt 0.477051 0.725098
vt 0.479248 0.744873
vt 0.468262 0.688721
vt 0.475830 0.700928
vt 0.484131 0.725098
vt 0.487305 0.745117
vt 0.492432 0.730469
vt 0.484131 0.705811
vt 0.472412 0.684082
vt 0.476807 0.684326
vt 0.493652 0.719482
vt 0.500977 0.733154
vt 0.489014 0.698486
vt 0.498047 0.712646
vt 0.506592 0.720947
vt 0.512695 0.738770
vt 0.518311 0.733643
vt 0.519531 0.726562
vt 0.504639 0.708496
vt 0.494385 0.693604
vt 0.504639 0.696533
vt 0.531982 0.730957
vt 0.524902 0.722656
vt 0.513428 0.705322
vt 0.528564 0.708740
vt 0.536865 0.726318
vt 0.506104 0.689453
vt 0.521729 0.693848
vt 0.497803 0.676514
vt 0.511963 0.680176
vt 0.497314 0.670654
vt 0.493408 0.670410
vt 0.526367 0.681885
vt 0.517090 0.673828
vt 0.492676 0.680420
vt 0.489258 0.672119
vt 0.486572 0.682129
vt 0.540771 0.675049
vt 0.533936 0.682617
vt 0.547852 0.699951
vt 0.536865 0.705811
vt 0.542236 0.715088
vt 0.547363 0.727539
vt 0.551514 0.724121
vt 0.569092 0.718506
vt 0.481445 0.681152
vt 0.482422 0.674805
vt 0.477295 0.676270
vt 0.472900 0.676758
vt 0.477295 0.674316
vt 0.483398 0.672607
vt 0.487305 0.670410
vt 0.490234 0.668701
vt 0.486572 0.667969
vt 0.487793 0.666504
vt 0.484131 0.668701
vt 0.480713 0.669922
vt 0.484131 0.665039
vt 0.478516 0.668701
vt 0.479980 0.672363
vt 0.477051 0.670410
vt 0.478027 0.672363
vt 0.474609 0.669189
vt 0.474609 0.672119
vt 0.478760 0.664795
vt 0.474365 0.666016
vt 0.472168 0.657715
vt 0.472412 0.670410
vt 0.472900 0.673340
vt 0.469971 0.670410
vt 0.469482 0.675537
vt 0.467773 0.671875
vt 0.467285 0.677490
vt 0.464111 0.674072
vt 0.464111 0.678467
vt 0.464844 0.677002
vt 0.957764 0.840820
vt 0.940918 0.846924
vt 0.945312 0.832764
vt 0.925537 0.843262
vt 0.930908 0.832031
vt 0.963867 0.834229
vt 0.972412 0.842041
vt 0.973389 0.833740
vt 0.950928 0.820801
vt 0.972900 0.817627
vt 0.969238 0.808350
vt 0.914795 0.817871
vt 0.911133 0.828613
vt 0.926514 0.807617
vt 0.952393 0.811768
vt 0.947510 0.801758
vt 0.968262 0.800293
vt 0.932373 0.794678
vt 0.915527 0.793213
vt 0.926514 0.783936
vt 0.956543 0.787109
vt 0.973633 0.794189
vt 0.946777 0.773682
vt 0.933838 0.768066
vt 0.962646 0.772217
vt 0.956787 0.762451
vt 0.964844 0.764404
vt 0.035889 0.259033
vt 0.041992 0.262207
vt 0.034424 0.264404
vt 0.036865 0.278320
vt 0.030518 0.266357
vt 0.045654 0.281494
vt 0.045654 0.290039
vt 0.038818 0.289795
vt 0.044189 0.291992
vt 0.041992 0.296387
vt 0.048584 0.297363
vt 0.030273 0.293457
vt 0.037109 0.292969
vt 0.023438 0.276123
vt 0.018066 0.294678
vt 0.023438 0.267578
vt 0.018555 0.269043
vt 0.026611 0.264160
vt 0.019531 0.262939
vt 0.915283 0.964111
vt 0.922363 0.965332
vt 0.922607 0.974121
vt 0.922363 0.988770
vt 0.929443 0.980225
vt 0.928955 0.991211
vt 0.933594 0.977539
vt 0.929199 0.970947
vt 0.928711 0.959961
vt 0.934326 0.969727
vt 0.720703 0.958252
vt 0.714844 0.962646
vt 0.711426 0.954834
vt 0.716064 0.951660
vt 0.707520 0.960693
vt 0.702148 0.955566
vt 0.725098 0.969971
vt 0.704346 0.960449
vt 0.697754 0.966064
vt 0.702148 0.964844
vt 0.697510 0.969238
vt 0.702393 0.968018
vt 0.701660 0.976318
vt 0.708984 0.964600
vt 0.707275 0.969971
vt 0.712158 0.978027
vt 0.712646 0.968994
vt 0.730957 0.960205
vt 0.724609 0.953125
vt 0.737549 0.969727
vt 0.732178 0.949463
vt 0.736084 0.954590
vt 0.074463 0.881348
vt 0.061768 0.875244
vt 0.076172 0.867920
vt 0.075928 0.864014
vt 0.068359 0.856201
vt 0.089111 0.868896
vt 0.079834 0.862305
vt 0.075195 0.854248
vt 0.087646 0.858887
vt 0.081055 0.847168
vt 0.091553 0.846191
vt 0.074707 0.830078
vt 0.096191 0.856445
vt 0.097168 0.844727
vt 0.096436 0.820801
vt 0.103027 0.852539
vt 0.104004 0.865967
vt 0.106689 0.888184
vt 0.106689 0.848633
vt 0.108643 0.880615
vt 0.120361 0.861816
vt 0.110840 0.868652
vt 0.083740 0.999756
vt 0.076660 0.995605
vt 0.080811 0.994141
vt 0.076660 0.991455
vt 0.082520 0.991699
vt 0.080322 0.983643
vt 0.070557 0.995605
vt 0.066162 0.991943
vt 0.052246 0.994873
vt 0.783936 0.057373
vt 0.794189 0.053711
vt 0.804199 0.062012
vt 0.796387 0.049072
vt 0.795410 0.072266
vt 0.788086 0.070801
vt 0.809326 0.071289
vt 0.816162 0.067383
vt 0.814453 0.063721
vt 0.824707 0.068604
vt 0.843994 0.072021
vt 0.836182 0.067383
vt 0.846924 0.063721
vt 0.861816 0.063965
vt 0.848877 0.057617
vt 0.855469 0.057861
vt 0.914062 0.066406
vt 0.908447 0.062500
vt 0.912109 0.059570
vt 0.925781 0.062744
vt 0.914307 0.058105
vt 0.911621 0.056885
vt 0.909180 0.056885
vt 0.907227 0.058838
vt 0.901123 0.061523
vt 0.904297 0.070801
vt 0.904297 0.056885
vt 0.907715 0.054199
vt 0.897705 0.062012
vt 0.898682 0.056885
vt 0.902588 0.053955
vt 0.906982 0.051758
vt 0.903076 0.051270
vt 0.900391 0.051514
vt 0.905762 0.048584
vt 0.890137 0.058594
vt 0.890625 0.061279
vt 0.894775 0.051758
vt 0.898193 0.044434
vt 0.893555 0.043213
vt 0.872314 0.045166
vt 0.883545 0.062744
vt 0.865723 0.049805
vt 0.848633 0.044922
vt 0.853271 0.049316
vt 0.873779 0.060303
vt 0.882080 0.069092
vt 0.877441 0.071533
vt 0.879395 0.074219
vt 0.105469 0.957275
vt 0.106934 0.952393
vt 0.122314 0.966309
vt 0.124023 0.966309
vt 0.081055 0.966064
vt 0.119873 0.938232
vt 0.109375 0.943848
vt 0.091553 0.953857
vt 0.107178 0.927490
vt 0.093994 0.931885
vt 0.082764 0.955078
vt 0.079590 0.960938
vt 0.085205 0.940918
vt 0.083008 0.918457
vt 0.077148 0.925537
vt 0.067871 0.944580
vt 0.070557 0.933594
vt 0.067627 0.917236
vt 0.061035 0.924072
vt 0.756348 0.186523
vt 0.750488 0.198242
vt 0.740723 0.185547
vt 0.745605 0.204102
vt 0.730469 0.187744
vt 0.749268 0.178955
vt 0.748779 0.203857
vt 0.753174 0.197998
vt 0.747803 0.208740
vt 0.728271 0.215332
vt 0.737061 0.217529
vt 0.752686 0.208008
vt 0.750000 0.215332
vt 0.744141 0.220703
vt 0.756836 0.215332
vt 0.758301 0.221191
vt 0.771973 0.211914
vt 0.748047 0.227539
vt 0.726562 0.229980
vt 0.716309 0.237305
vt 0.737305 0.236328
vt 0.759033 0.226807
vt 0.750977 0.234375
vt 0.764893 0.233643
vt 0.756104 0.235352
vt 0.744873 0.239502
vt 0.729980 0.243164
vt 0.748779 0.243652
vt 0.745605 0.244385
vt 0.745361 0.249756
vt 0.737305 0.250244
vt 0.720703 0.250488
vt 0.750488 0.257080
vt 0.765137 0.251465
vt 0.760010 0.258301
vt 0.762939 0.257812
vt 0.767090 0.256592
vt 0.772705 0.259033
vt 0.777832 0.255371
vt 0.776123 0.258789
vt 0.776855 0.258301
vt 0.791016 0.240967
vt 0.789062 0.264160
vt 0.780518 0.260254
vt 0.795898 0.264404
vt 0.804199 0.267334
vt 0.803711 0.261963
vt 0.809814 0.267822
vt 0.810547 0.268799
vt 0.816406 0.266602
vt 0.814941 0.270264
vt 0.816406 0.243896
vt 0.809326 0.210205
vt 0.790527 0.192383
vt 0.811523 0.177246
vt 0.777344 0.169678
vt 0.817871 0.153076
vt 0.762207 0.176514
vt 0.757080 0.180176
vt 0.756348 0.171143
vt 0.747803 0.171143
vt 0.746338 0.155518
vt 0.027344 0.985840
vt 0.033203 0.982910
vt 0.031738 0.985596
vt 0.028320 0.988037
vt 0.030273 0.991699
vt 0.034912 0.991211
vt 0.033691 0.994873
vt 0.026367 0.991455
vt 0.028564 0.994141
vt 0.024902 0.993896
vt 0.023193 0.991211
vt 0.020752 0.985840
vt 0.016846 0.991211
vt 0.015869 0.993896
vt 0.033447 0.870361
vt 0.039795 0.879150
vt 0.024658 0.880127
vt 0.333496 0.004150
vt 0.342041 0.005859
vt 0.340332 0.008301
vt 0.351074 0.011230
vt 0.355225 0.008545
vt 0.362793 0.011963
vt 0.351562 0.019043
vt 0.330811 0.010010
vt 0.321289 0.012939
vt 0.338623 0.010986
vt 0.344971 0.016357
vt 0.338135 0.013916
vt 0.319092 0.022705
vt 0.309814 0.020996
vt 0.362549 0.027344
vt 0.373047 0.027100
vt 0.364502 0.033447
vt 0.352051 0.034180
vt 0.359619 0.039307
vt 0.321533 0.019287
vt 0.323730 0.025146
vt 0.326172 0.029541
vt 0.324951 0.019043
vt 0.328369 0.027588
vt 0.332275 0.032959
vt 0.328125 0.024414
vt 0.328857 0.020996
vt 0.334717 0.018799
vt 0.334961 0.029297
vt 0.338623 0.032227
vt 0.334961 0.035645
vt 0.340088 0.043945
vt 0.341553 0.028809
vt 0.334717 0.025879
vt 0.346680 0.021973
vt 0.335938 0.022705
vt 0.340332 0.026123
vt 0.343262 0.020020
vt 0.338623 0.019531
vt 0.012451 0.018066
vt 0.017334 0.017822
vt 0.019287 0.025635
vt 0.020264 0.018066
vt 0.026855 0.024414
vt 0.023926 0.015869
vt 0.028320 0.019775
vt 0.033447 0.029297
vt 0.022705 0.029053
vt 0.015869 0.035156
vt 0.027344 0.030762
vt 0.028564 0.040039
vt 0.041992 0.039307
vt 0.022705 0.035889
vt 0.032715 0.049561
vt 0.024902 0.053711
vt 0.019287 0.044678
vt 0.016846 0.042480
vt 0.011719 0.041504
vt 0.926025 0.627930
vt 0.934570 0.633789
vt 0.928955 0.638428
vt 0.916260 0.637451
vt 0.922363 0.643066
vt 0.929688 0.643066
vt 0.925293 0.648193
vt 0.935547 0.640381
vt 0.935547 0.648193
vt 0.938721 0.662598
vt 0.906494 0.653076
vt 0.908203 0.672607
vt 0.939453 0.637207
vt 0.926758 0.689209
vt 0.913574 0.680664
vt 0.937988 0.632080
vt 0.948242 0.628174
vt 0.936768 0.619385
vt 0.956787 0.617432
vt 0.949463 0.632080
vt 0.940186 0.640137
vt 0.948730 0.636475
vt 0.940430 0.645752
vt 0.946777 0.642090
vt 0.947998 0.656006
vt 0.956787 0.671387
vt 0.950195 0.672119
vt 0.955811 0.697266
vt 0.940918 0.701904
vt 0.013428 0.975586
vt 0.009277 0.978271
vt 0.009521 0.965820
vt 0.016846 0.965088
vt 0.009766 0.956787
vt 0.020996 0.951416
vt 0.049561 0.432861
vt 0.040527 0.432373
vt 0.043945 0.427246
vt 0.034424 0.423828
vt 0.056396 0.447754
vt 0.037109 0.456787
vt 0.054688 0.457031
vt 0.038818 0.442383
vt 0.033203 0.429688
vt 0.034912 0.433838
vt 0.023682 0.434326
vt 0.024902 0.420166
vt 0.005127 0.442871
vt 0.019531 0.451904
vt 0.035156 0.439697
vt 0.028809 0.436768
vt 0.032227 0.445801
vt 0.025146 0.445068
vt 0.029053 0.443848
vt 0.031494 0.451172
vt 0.028564 0.455322
vt 0.024658 0.463623
vt 0.030762 0.462891
vt 0.033936 0.470947
vt 0.029785 0.471191
vt 0.024902 0.471191
vt 0.952881 0.912598
vt 0.951660 0.892578
vt 0.964111 0.893311
vt 0.963379 0.926514
vt 0.976562 0.910156
vt 0.955322 0.866455
vt 0.974609 0.885498
vt 0.966309 0.870117
vt 0.955322 0.847412
vt 0.975830 0.861084
vt 0.970215 0.849609
vt 0.978516 0.847412
vt 0.937500 0.100098
vt 0.932373 0.096924
vt 0.936768 0.093994
vt 0.929932 0.093262
vt 0.944824 0.096680
vt 0.937744 0.087158
vt 0.940186 0.091064
vt 0.944580 0.091797
vt 0.951172 0.095947
vt 0.951904 0.100586
vt 0.950195 0.091309
vt 0.958008 0.089600
vt 0.961914 0.102539
vt 0.950684 0.087646
vt 0.960938 0.083252
vt 0.982910 0.083496
vt 0.965576 0.070312
vt 0.982422 0.054443
vt 0.954102 0.083496
vt 0.957520 0.077637
vt 0.946045 0.082275
vt 0.949219 0.079346
vt 0.941895 0.082520
vt 0.944092 0.077637
vt 0.949463 0.075195
vt 0.939453 0.074219
vt 0.932373 0.050293
vt 0.946045 0.071045
vt 0.958740 0.072754
vt 0.943604 0.066895
vt 0.956055 0.069336
vt 0.952393 0.066895
vt 0.961670 0.065430
vt 0.949951 0.063965
vt 0.942871 0.058838
vt 0.957764 0.061523
vt 0.963867 0.057373
vt 0.948975 0.060059
vt 0.953125 0.057617
vt 0.946533 0.056396
vt 0.945068 0.050293
vt 0.952881 0.054932
vt 0.956055 0.056641
vt 0.951416 0.050293
vt 0.956299 0.053711
vt 0.961426 0.053223
vt 0.962891 0.050537
vt 0.949951 0.046631
vt 0.948975 0.043213
vt 0.959961 0.047852
vt 0.973145 0.050537
vt 0.968018 0.045654
vt 0.968994 0.038574
vt 0.977295 0.035400
vt 0.995850 0.047607
vt 0.994629 0.036133
vt 0.970459 0.031250
vt 0.964355 0.032227
vt 0.965332 0.031494
vt 0.963379 0.039062
vt 0.959229 0.042969
vt 0.953369 0.037109
vt 0.944824 0.037842
vt 0.945801 0.034424
vt 0.942627 0.030518
vt 0.923340 0.030518
vt 0.069580 0.325439
vt 0.065674 0.337158
vt 0.063721 0.329102
vt 0.070068 0.337402
vt 0.063477 0.342773
vt 0.065186 0.345215
vt 0.058838 0.347412
vt 0.062256 0.339600
vt 0.057129 0.343262
vt 0.052979 0.343506
vt 0.051025 0.352051
vt 0.053955 0.336670
vt 0.058105 0.335205
vt 0.057617 0.331055
vt 0.049805 0.338623
vt 0.057617 0.324707
vt 0.055176 0.327148
vt 0.052246 0.331787
vt 0.046143 0.336914
vt 0.051514 0.325928
vt 0.056885 0.320557
vt 0.065186 0.316650
vt 0.056396 0.311768
vt 0.039062 0.345703
vt 0.041016 0.361084
vt 0.031738 0.353760
vt 0.025879 0.349365
vt 0.027832 0.339355
vt 0.038086 0.333252
vt 0.049072 0.314697
vt 0.043213 0.304932
vt 0.039307 0.308105
vt 0.051025 0.321289
vt 0.044922 0.330322
vt 0.040771 0.329102
vt 0.045410 0.321777
vt 0.041016 0.319580
vt 0.040771 0.323486
vt 0.035400 0.326660
vt 0.032471 0.328857
vt 0.026123 0.322754
vt 0.041992 0.312744
vt 0.036865 0.321533
vt 0.038086 0.317627
vt 0.034912 0.314697
vt 0.029541 0.314697
vt 0.035400 0.319580
vt 0.032227 0.322510
vt 0.030029 0.321533
vt 0.087891 0.651367
vt 0.072510 0.658447
vt 0.074707 0.648682
vt 0.079590 0.663330
vt 0.062256 0.655273
vt 0.059814 0.670410
vt 0.074951 0.681641
vt 0.057617 0.657959
vt 0.056396 0.648682
vt 0.052734 0.664795
vt 0.050781 0.654297
vt 0.052979 0.659668
vt 0.048584 0.663086
vt 0.048340 0.672119
vt 0.053223 0.675049
vt 0.057373 0.677734
vt 0.042725 0.676025
vt 0.044434 0.669189
vt 0.040527 0.669922
vt 0.036621 0.672852
vt 0.043213 0.663330
vt 0.048828 0.658936
vt 0.040283 0.661865
vt 0.038086 0.660645
vt 0.046143 0.656982
vt 0.046143 0.655029
vt 0.047363 0.649414
vt 0.049805 0.646973
vt 0.045166 0.635742
vt 0.035645 0.647217
vt 0.062988 0.242676
vt 0.080811 0.253906
vt 0.075195 0.271729
vt 0.089844 0.272949
vt 0.059570 0.260742
vt 0.045166 0.242188
vt 0.067139 0.287109
vt 0.047363 0.269531
vt 0.055664 0.294434
vt 0.087402 0.088623
vt 0.085449 0.086914
vt 0.091309 0.076416
vt 0.088867 0.090576
vt 0.095947 0.088623
vt 0.084717 0.109375
vt 0.111328 0.062988
vt 0.105713 0.053955
vt 0.127930 0.056641
vt 0.085693 0.070312
vt 0.124512 0.046143
vt 0.082764 0.066406
vt 0.115479 0.034180
vt 0.119629 0.033691
vt 0.119141 0.030762
vt 0.103271 0.033691
vt 0.111572 0.032715
vt 0.116455 0.032227
vt 0.092529 0.040039
vt 0.075684 0.058105
vt 0.068359 0.060303
vt 0.074951 0.044189
vt 0.063965 0.045166
vt 0.084473 0.038574
vt 0.069336 0.043945
vt 0.065430 0.042236
vt 0.079346 0.040283
vt 0.080078 0.038086
vt 0.634521 0.907471
vt 0.624023 0.922607
vt 0.596680 0.924805
vt 0.618896 0.930664
vt 0.622070 0.931641
vt 0.611816 0.935059
vt 0.619629 0.936279
vt 0.603027 0.939209
vt 0.624512 0.938965
vt 0.580566 0.941895
vt 0.575195 0.932129
vt 0.578613 0.945557
vt 0.625977 0.935791
vt 0.633789 0.945312
vt 0.629395 0.935547
vt 0.628418 0.930420
vt 0.599609 0.944336
vt 0.625000 0.948242
vt 0.590576 0.947998
vt 0.578857 0.949463
vt 0.593262 0.954590
vt 0.576904 0.953613
vt 0.627441 0.926514
vt 0.631104 0.927002
vt 0.629395 0.916504
vt 0.635498 0.916992
vt 0.087891 0.738037
vt 0.084717 0.735107
vt 0.090576 0.730225
vt 0.083252 0.738281
vt 0.085449 0.730469
vt 0.081055 0.733887
vt 0.083740 0.728271
vt 0.088867 0.742676
vt 0.079102 0.728760
vt 0.077637 0.736328
vt 0.081543 0.741211
vt 0.076172 0.737793
vt 0.087891 0.725830
vt 0.086426 0.722900
vt 0.085449 0.717529
vt 0.091553 0.723145
vt 0.089600 0.720703
vt 0.086670 0.719482
vt 0.093262 0.716553
vt 0.101562 0.723145
vt 0.098877 0.737549
vt 0.103516 0.715820
vt 0.114990 0.720947
vt 0.118164 0.718262
vt 0.113770 0.723877
vt 0.114258 0.731689
vt 0.112549 0.737061
vt 0.113525 0.740234
vt 0.115479 0.739258
vt 0.094971 0.748291
vt 0.085449 0.744873
vt 0.082275 0.750000
vt 0.080811 0.743408
vt 0.079590 0.747803
vt 0.077637 0.751709
vt 0.076172 0.742676
vt 0.074951 0.747314
vt 0.073975 0.753662
vt 0.072021 0.750977
vt 0.070557 0.749756
vt 0.070312 0.754883
vt 0.067627 0.751953
vt 0.064941 0.755859
vt 0.066406 0.742432
vt 0.072754 0.739258
vt 0.062988 0.734619
vt 0.070801 0.725830
vt 0.064209 0.727539
vt 0.066650 0.716797
vt 0.076416 0.712646
vt 0.066162 0.707275
vt 0.068359 0.699463
vt 0.078369 0.697266
vt 0.067871 0.690186
vt 0.079590 0.685791
vt 0.084961 0.708008
vt 0.090332 0.711670
vt 0.084961 0.703125
vt 0.093506 0.710938
vt 0.091553 0.704346
vt 0.096680 0.704834
vt 0.111084 0.707275
vt 0.086182 0.698486
vt 0.090332 0.699219
vt 0.093994 0.697998
vt 0.104004 0.683838
vt 0.108154 0.698975
vt 0.092529 0.695801
vt 0.089844 0.694580
vt 0.095215 0.689941
vt 0.090332 0.690430
vt 0.085205 0.692383
vt 0.089355 0.687744
vt 0.083984 0.687744
vt 0.092773 0.686035
vt 0.088379 0.684082
vt 0.086182 0.682373
vt 0.092529 0.681396
vt 0.101074 0.672119
vt 0.339355 0.053955
vt 0.345703 0.062988
vt 0.334229 0.052734
vt 0.343262 0.054688
vt 0.340820 0.051758
vt 0.336670 0.050537
vt 0.338623 0.049072
vt 0.342529 0.051025
vt 0.345459 0.052246
vt 0.348389 0.057373
vt 0.349609 0.053955
vt 0.359131 0.063965
vt 0.354004 0.074951
vt 0.358643 0.075928
vt 0.354980 0.055420
vt 0.362793 0.073730
vt 0.361328 0.079346
vt 0.365234 0.060547
vt 0.364990 0.078613
vt 0.361816 0.082275
vt 0.368652 0.071289
vt 0.365967 0.082520
vt 0.360840 0.092773
vt 0.367920 0.077148
vt 0.369141 0.091797
vt 0.370361 0.080566
vt 0.371826 0.075439
vt 0.377686 0.085449
vt 0.375732 0.078613
vt 0.377197 0.072266
vt 0.375977 0.076172
vt 0.379883 0.078369
vt 0.378906 0.075684
vt 0.381104 0.075439
vt 0.383789 0.078369
vt 0.384766 0.073975
vt 0.381592 0.071289
vt 0.386963 0.070312
vt 0.387451 0.080078
vt 0.376709 0.063965
vt 0.390137 0.071777
vt 0.389160 0.067627
vt 0.385742 0.056885
vt 0.395508 0.066895
vt 0.394775 0.075195
vt 0.395508 0.071533
vt 0.388428 0.086670
vt 0.400635 0.072510
vt 0.378662 0.092529
vt 0.400146 0.069092
vt 0.397461 0.060303
vt 0.406982 0.067139
vt 0.405273 0.071777
vt 0.412354 0.073242
vt 0.404541 0.076904
vt 0.397461 0.076904
vt 0.399170 0.044434
vt 0.394043 0.045898
vt 0.388916 0.046631
vt 0.382812 0.048828
vt 0.379395 0.049561
vt 0.382568 0.045166
vt 0.374756 0.052002
vt 0.376465 0.046631
vt 0.369385 0.052490
vt 0.371582 0.048096
vt 0.370117 0.046631
vt 0.368408 0.047852
vt 0.365967 0.049561
vt 0.366699 0.044678
vt 0.364014 0.045654
vt 0.363525 0.049805
vt 0.363770 0.053223
vt 0.361328 0.048584
vt 0.360352 0.053467
vt 0.357422 0.050293
vt 0.353027 0.051025
vt 0.351562 0.047119
vt 0.349121 0.047119
vt 0.350586 0.051758
vt 0.346924 0.046875
vt 0.347412 0.050781
vt 0.077393 0.305664
vt 0.071045 0.312744
vt 0.067627 0.308350
vt 0.069092 0.304688
vt 0.077393 0.310303
vt 0.075439 0.316895
vt 0.083740 0.311279
vt 0.078369 0.319824
vt 0.084717 0.306641
vt 0.088623 0.312500
vt 0.080811 0.325195
vt 0.085693 0.324463
vt 0.080811 0.302246
vt 0.087646 0.300049
vt 0.095703 0.311768
vt 0.090088 0.314941
vt 0.092041 0.323730
vt 0.095215 0.316895
vt 0.097168 0.315430
vt 0.095947 0.322754
vt 0.099121 0.320068
vt 0.102051 0.324463
vt 0.103271 0.322266
vt 0.104492 0.319336
vt 0.103760 0.328613
vt 0.106689 0.320801
vt 0.108887 0.328369
vt 0.108643 0.323486
vt 0.116943 0.328369
vt 0.113037 0.324219
vt 0.043213 0.918213
vt 0.037109 0.920898
vt 0.038574 0.915039
vt 0.034424 0.918945
vt 0.032471 0.915527
vt 0.028564 0.921631
vt 0.030273 0.925293
vt 0.026367 0.919678
vt 0.025146 0.917725
vt 0.018311 0.920166
vt 0.016602 0.924561
vt 0.044434 0.912354
vt 0.039062 0.909668
vt 0.047119 0.904297
vt 0.050781 0.906494
vt 0.049805 0.920898
vt 0.054688 0.912598
vt 0.054199 0.919434
vt 0.053711 0.924561
vt 0.825684 0.192627
vt 0.829346 0.193115
vt 0.825439 0.195312
vt 0.821533 0.187012
vt 0.828369 0.197021
vt 0.836182 0.198730
vt 0.831543 0.202637
vt 0.824219 0.204834
vt 0.825195 0.224609
vt 0.837402 0.205566
vt 0.841309 0.201660
vt 0.844482 0.209473
vt 0.857178 0.190430
vt 0.841553 0.230713
vt 0.822021 0.244629
vt 0.832031 0.247559
vt 0.869385 0.204346
vt 0.858643 0.231201
vt 0.839111 0.255127
vt 0.861328 0.245605
vt 0.828613 0.275879
vt 0.867920 0.191895
vt 0.882324 0.188965
vt 0.879150 0.184814
vt 0.868408 0.182373
vt 0.875732 0.181641
vt 0.875488 0.177490
vt 0.880127 0.176270
vt 0.871094 0.178223
vt 0.874512 0.174805
vt 0.025146 0.546631
vt 0.020020 0.546875
vt 0.022217 0.541748
vt 0.020752 0.549316
vt 0.022705 0.557129
vt 0.016113 0.545166
vt 0.013184 0.543457
vt 0.018799 0.551758
vt 0.012939 0.553223
vt 0.015869 0.548096
vt 0.013184 0.548096
vt 0.007080 0.551270
vt 0.020264 0.689453
vt 0.022217 0.678711
vt 0.027832 0.683594
vt 0.008057 0.683105
vt 0.015625 0.666992
vt 0.020508 0.666016
vt 0.019287 0.663330
vt 0.022461 0.670654
vt 0.026123 0.659668
vt 0.023926 0.657227
vt 0.028564 0.662598
vt 0.025635 0.671631
vt 0.030029 0.671631
vt 0.025391 0.677246
vt 0.031250 0.677490
vt 0.034912 0.683105
vt 0.037109 0.680420
vt 0.033203 0.686523
vt 0.045654 0.686035
vt 0.063232 0.303223
vt 0.070068 0.299805
vt 0.068115 0.294678
vt 0.076416 0.294922
vt 0.078613 0.292725
vt 0.082764 0.292969
vt 0.081299 0.289795
vt 0.088379 0.284424
vt 0.814209 0.910645
vt 0.802734 0.911621
vt 0.805664 0.901367
vt 0.789551 0.901367
vt 0.810059 0.917725
vt 0.818604 0.912842
vt 0.822754 0.926514
vt 0.804688 0.925781
vt 0.805908 0.938721
vt 0.801514 0.934814
vt 0.784912 0.916992
vt 0.777832 0.903320
vt 0.793457 0.932617
vt 0.784424 0.941895
vt 0.797119 0.948486
vt 0.781250 0.950439
vt 0.774658 0.906982
vt 0.774414 0.902832
vt 0.771973 0.930908
vt 0.782227 0.958984
vt 0.776855 0.952881
vt 0.771729 0.922607
vt 0.767578 0.945557
vt 0.777832 0.957764
vt 0.765625 0.950928
vt 0.761230 0.953857
vt 0.761475 0.939941
vt 0.756348 0.946045
vt 0.756348 0.955566
vt 0.750977 0.955078
vt 0.749756 0.959229
vt 0.744141 0.959717
vt 0.741699 0.956787
vt 0.750977 0.950928
vt 0.746826 0.952881
vt 0.747559 0.949463
vt 0.745605 0.947510
vt 0.753418 0.945068
vt 0.751953 0.942871
vt 0.743652 0.942871
vt 0.749512 0.940430
vt 0.747314 0.937500
vt 0.751465 0.937744
vt 0.750000 0.935059
vt 0.746826 0.931396
vt 0.758789 0.936523
vt 0.751221 0.931885
vt 0.752930 0.929199
vt 0.755859 0.933594
vt 0.758301 0.931641
vt 0.761963 0.930908
vt 0.759521 0.927490
vt 0.752441 0.925537
vt 0.760986 0.926025
vt 0.754395 0.923584
vt 0.751221 0.919922
vt 0.752930 0.916992
vt 0.757080 0.921875
vt 0.757324 0.918213
vt 0.755859 0.915283
vt 0.760742 0.921387
vt 0.765137 0.918213
vt 0.760498 0.917480
vt 0.757080 0.912842
vt 0.759766 0.913086
vt 0.773193 0.916748
vt 0.762451 0.912842
vt 0.757080 0.908936
vt 0.759521 0.908447
vt 0.764404 0.911133
vt 0.768066 0.914795
vt 0.778076 0.913330
vt 0.775391 0.911865
vt 0.771240 0.908936
vt 0.773438 0.914062
vt 0.766357 0.909180
vt 0.766602 0.905762
vt 0.763916 0.908447
vt 0.074951 0.004150
vt 0.065918 0.004639
vt 0.071777 0.000244
vt 0.065430 0.000244
vt 0.062012 0.004395
vt 0.366455 0.099854
vt 0.359619 0.102539
vt 0.363770 0.104004
vt 0.359131 0.108887
vt 0.373291 0.098145
vt 0.370850 0.111816
vt 0.357178 0.121094
vt 0.354980 0.119141
vt 0.389160 0.101562
vt 0.380859 0.095703
vt 0.389160 0.093506
vt 0.393555 0.090576
vt 0.397705 0.093994
vt 0.400635 0.089111
vt 0.298096 0.617432
vt 0.299805 0.614258
vt 0.301270 0.620361
vt 0.303223 0.616211
vt 0.296387 0.622559
vt 0.304443 0.623779
vt 0.299316 0.626953
vt 0.304199 0.627441
vt 0.299316 0.635010
vt 0.284912 0.638672
vt 0.303711 0.629883
vt 0.287109 0.651367
vt 0.265381 0.654785
vt 0.261719 0.667725
vt 0.305420 0.618896
vt 0.306396 0.620117
vt 0.307373 0.621826
vt 0.310303 0.616699
vt 0.310059 0.619873
vt 0.307861 0.625732
vt 0.309082 0.622559
vt 0.311279 0.621826
vt 0.309326 0.625244
vt 0.306396 0.631348
vt 0.309082 0.627930
vt 0.311768 0.624268
vt 0.314209 0.620605
vt 0.319824 0.613037
vt 0.309814 0.630127
vt 0.312012 0.627197
vt 0.309082 0.633789
vt 0.314697 0.624512
vt 0.308838 0.638428
vt 0.325684 0.618164
vt 0.329102 0.603271
vt 0.312500 0.631104
vt 0.315674 0.626709
vt 0.312988 0.633789
vt 0.320312 0.627197
vt 0.316650 0.629883
vt 0.314941 0.633545
vt 0.332031 0.629395
vt 0.336670 0.615723
vt 0.339844 0.618164
vt 0.348389 0.624268
vt 0.313965 0.637939
vt 0.316406 0.634277
vt 0.319336 0.631592
vt 0.317139 0.635742
vt 0.321777 0.631836
vt 0.318604 0.636719
vt 0.314209 0.644043
vt 0.319336 0.637939
vt 0.306885 0.649170
vt 0.314453 0.653076
vt 0.293213 0.655273
vt 0.279297 0.668945
vt 0.302490 0.661377
vt 0.293945 0.663330
vt 0.291260 0.669678
vt 0.286133 0.673584
vt 0.257080 0.682129
vt 0.296631 0.669189
vt 0.275879 0.680176
vt 0.296875 0.671631
vt 0.287842 0.681641
vt 0.304199 0.668945
vt 0.294922 0.675537
vt 0.321289 0.663574
vt 0.292480 0.681885
vt 0.266602 0.700195
vt 0.294189 0.690186
vt 0.291748 0.694824
vt 0.275635 0.710693
vt 0.244141 0.716553
vt 0.315918 0.697021
vt 0.239014 0.708984
vt 0.261719 0.725586
vt 0.235107 0.734375
vt 0.289795 0.717041
vt 0.260254 0.735107
vt 0.248047 0.700684
vt 0.227539 0.703613
vt 0.237793 0.687744
vt 0.220703 0.690918
vt 0.239014 0.675293
vt 0.247070 0.690186
vt 0.255127 0.686523
vt 0.249512 0.693115
vt 0.262451 0.683594
vt 0.254883 0.689209
vt 0.259277 0.688477
vt 0.265869 0.690430
vt 0.261230 0.689209
vt 0.254883 0.691650
vt 0.257568 0.698242
vt 0.259521 0.692383
vt 0.251953 0.696289
vt 0.380859 0.037598
vt 0.377197 0.037598
vt 0.378662 0.034424
vt 0.377686 0.040771
vt 0.380615 0.040771
vt 0.000000 0.077393
vt 0.000000 0.055908
vt 0.007568 0.070801
vt 0.556641 0.907227
vt 0.552979 0.899170
vt 0.557861 0.898193
vt 0.550293 0.915283
vt 0.557373 0.888672
vt 0.567139 0.894775
vt 0.537842 0.901367
vt 0.542236 0.922607
vt 0.545410 0.925293
vt 0.520020 0.924316
vt 0.548828 0.887207
vt 0.507568 0.903809
vt 0.551025 0.882812
vt 0.559326 0.875244
vt 0.498779 0.921387
vt 0.549561 0.865479
vt 0.545654 0.873535
vt 0.541260 0.879639
vt 0.537354 0.867188
vt 0.497803 0.888184
vt 0.536621 0.881592
vt 0.516846 0.882568
vt 0.530518 0.874023
vt 0.522949 0.873535
vt 0.521729 0.864990
vt 0.513428 0.874023
vt 0.504150 0.875977
vt 0.509521 0.867188
vt 0.496582 0.879639
vt 0.530518 0.859375
vt 0.520996 0.857666
vt 0.524414 0.853760
vt 0.515381 0.857666
vt 0.505371 0.859619
vt 0.508057 0.857910
vt 0.505371 0.853516
vt 0.497314 0.859863
vt 0.498535 0.872803
vt 0.490234 0.867920
vt 0.493408 0.861084
vt 0.489990 0.862793
vt 0.492920 0.877930
vt 0.487305 0.880615
vt 0.483887 0.867432
vt 0.488525 0.890137
vt 0.475098 0.884033
vt 0.479248 0.895752
vt 0.487061 0.906982
vt 0.484863 0.902344
vt 0.479980 0.905273
vt 0.487061 0.917480
vt 0.492920 0.927246
vt 0.481934 0.916016
vt 0.023438 0.608154
vt 0.023926 0.599365
vt 0.030029 0.605469
vt 0.020264 0.605469
vt 0.017578 0.598145
vt 0.023926 0.596436
vt 0.014404 0.602295
vt 0.014648 0.606689
vt 0.005127 0.604736
vt 0.010986 0.599609
vt 0.019043 0.590576
vt 0.021240 0.583496
vt 0.023926 0.580322
vt 0.014404 0.592773
vt 0.016846 0.585205
vt 0.010742 0.584473
vt 0.005127 0.583008
vt 0.015137 0.580322
vt 0.016846 0.574707
vt 0.031982 0.572021
vt 0.011230 0.579834
vt 0.009766 0.576172
vt 0.729248 0.390625
vt 0.739502 0.398682
vt 0.728760 0.400879
vt 0.751953 0.398682
vt 0.746826 0.414795
vt 0.751709 0.392578
vt 0.767090 0.399170
vt 0.768311 0.404541
vt 0.754639 0.382324
vt 0.776611 0.365723
vt 0.787598 0.392578
vt 0.781006 0.409180
vt 0.766113 0.338867
vt 0.788574 0.329590
vt 0.753418 0.362305
vt 0.779297 0.301025
vt 0.720703 0.364014
vt 0.691895 0.389404
vt 0.682861 0.350342
vt 0.729004 0.338623
vt 0.687988 0.307373
vt 0.762207 0.331543
vt 0.748047 0.315918
vt 0.762207 0.292725
vt 0.784668 0.281494
vt 0.787354 0.288086
vt 0.788086 0.283447
vt 0.718994 0.287842
vt 0.685791 0.278320
vt 0.738281 0.256836
vt 0.703125 0.254150
vt 0.324951 0.635254
vt 0.322754 0.638428
vt 0.326416 0.642090
vt 0.323486 0.641602
vt 0.321289 0.641602
vt 0.320557 0.644531
vt 0.317139 0.645264
vt 0.320312 0.649170
vt 0.321777 0.651123
vt 0.319580 0.655518
vt 0.326904 0.646484
vt 0.325928 0.649414
vt 0.332275 0.645264
vt 0.326660 0.651611
vt 0.325195 0.655762
vt 0.330322 0.649414
vt 0.328369 0.653320
vt 0.325928 0.658691
vt 0.330566 0.654297
vt 0.334473 0.653809
vt 0.327637 0.660400
vt 0.326904 0.664551
vt 0.324951 0.669434
vt 0.345703 0.644287
vt 0.345215 0.635742
vt 0.354492 0.644287
vt 0.351074 0.635742
vt 0.353516 0.628906
vt 0.354248 0.655029
vt 0.358643 0.647705
vt 0.370361 0.648926
vt 0.335693 0.659180
vt 0.329590 0.664795
vt 0.340820 0.660889
vt 0.363281 0.665283
vt 0.374512 0.656982
vt 0.343262 0.667969
vt 0.335938 0.662354
vt 0.339355 0.664307
vt 0.331543 0.666748
vt 0.336182 0.665771
vt 0.338135 0.668213
vt 0.332031 0.673096
vt 0.334961 0.674072
vt 0.317871 0.678223
vt 0.327393 0.680664
vt 0.335693 0.677490
vt 0.342529 0.672363
vt 0.349365 0.675293
vt 0.341309 0.677002
vt 0.335205 0.684082
vt 0.343994 0.675049
vt 0.343994 0.679199
vt 0.347168 0.677490
vt 0.346680 0.681885
vt 0.342285 0.681641
vt 0.338135 0.686768
vt 0.345947 0.685791
vt 0.327881 0.699951
vt 0.361328 0.682129
vt 0.338135 0.693359
vt 0.344971 0.691406
vt 0.342285 0.704346
vt 0.310303 0.688965
vt 0.307861 0.711914
vt 0.326416 0.711670
vt 0.308350 0.683594
vt 0.309570 0.677490
vt 0.299561 0.686523
vt 0.305664 0.681396
vt 0.296875 0.684814
vt 0.294922 0.682373
vt 0.301758 0.679443
vt 0.306152 0.678223
vt 0.306152 0.674072
vt 0.299561 0.676025
vt 0.296875 0.723389
vt 0.285156 0.732178
vt 0.307129 0.726807
vt 0.271240 0.743896
vt 0.255859 0.743896
vt 0.253174 0.756592
vt 0.284180 0.753662
vt 0.311279 0.720215
vt 0.294189 0.733887
vt 0.277588 0.739502
vt 0.278076 0.745361
vt 0.282959 0.736816
vt 0.280273 0.741455
vt 0.289795 0.735352
vt 0.285645 0.738037
vt 0.281738 0.744629
vt 0.290527 0.738525
vt 0.286621 0.741211
vt 0.283447 0.748779
vt 0.286621 0.744141
vt 0.289062 0.745117
vt 0.291016 0.751709
vt 0.275146 0.769531
vt 0.294434 0.740234
vt 0.284912 0.767334
vt 0.301025 0.738281
vt 0.303223 0.757324
vt 0.305420 0.765625
vt 0.315918 0.740479
vt 0.321777 0.746826
vt 0.336426 0.749023
vt 0.332764 0.762695
vt 0.338379 0.738525
vt 0.348389 0.754639
vt 0.353516 0.742676
vt 0.350098 0.758545
vt 0.337158 0.769775
vt 0.344727 0.728760
vt 0.361816 0.755615
vt 0.364258 0.767090
vt 0.367920 0.760742
vt 0.368164 0.758545
vt 0.374268 0.767090
vt 0.371338 0.758789
vt 0.367188 0.753418
vt 0.366211 0.747070
vt 0.364746 0.737549
vt 0.360596 0.732910
vt 0.370605 0.741211
vt 0.373779 0.738525
vt 0.374756 0.741455
vt 0.369873 0.735840
vt 0.378174 0.739746
vt 0.375488 0.743652
vt 0.379639 0.736572
vt 0.380127 0.743652
vt 0.382080 0.740723
vt 0.392090 0.745605
vt 0.385498 0.734375
vt 0.377686 0.731445
vt 0.382324 0.748291
vt 0.386719 0.753418
vt 0.374023 0.748047
vt 0.381348 0.750732
vt 0.401367 0.761719
vt 0.383057 0.758545
vt 0.375977 0.751953
vt 0.374756 0.755615
vt 0.375244 0.758789
vt 0.380127 0.752441
vt 0.382812 0.754639
vt 0.379150 0.754150
vt 0.379150 0.757080
vt 0.633301 0.255615
vt 0.643799 0.255615
vt 0.641357 0.260986
vt 0.654297 0.279297
vt 0.632324 0.250732
vt 0.643799 0.247070
vt 0.627197 0.244385
vt 0.620850 0.249512
vt 0.614014 0.254395
vt 0.614746 0.245117
vt 0.609863 0.257080
vt 0.608887 0.245605
vt 0.624512 0.260010
vt 0.611572 0.265381
vt 0.628662 0.263428
vt 0.604004 0.275146
vt 0.637451 0.268311
vt 0.619141 0.267578
vt 0.614502 0.272949
vt 0.625977 0.267334
vt 0.629395 0.271240
vt 0.625732 0.275879
vt 0.636719 0.273926
vt 0.645020 0.280273
vt 0.634766 0.278076
vt 0.616699 0.278564
vt 0.617676 0.283447
vt 0.633545 0.282227
vt 0.641846 0.284424
vt 0.634277 0.285645
vt 0.644531 0.287598
vt 0.648926 0.292969
vt 0.659668 0.293213
vt 0.630127 0.289551
vt 0.620850 0.288086
vt 0.613281 0.290283
vt 0.620605 0.292236
vt 0.639648 0.296143
vt 0.628662 0.294434
vt 0.612793 0.298340
vt 0.621338 0.297119
vt 0.632568 0.299316
vt 0.642334 0.302490
vt 0.626221 0.301025
vt 0.637451 0.304932
vt 0.630127 0.304199
vt 0.636475 0.307373
vt 0.645508 0.311035
vt 0.621826 0.303467
vt 0.657471 0.306396
vt 0.615479 0.312744
vt 0.622803 0.306396
vt 0.633545 0.308594
vt 0.621826 0.311279
vt 0.605469 0.321777
vt 0.622070 0.321045
vt 0.618164 0.324707
vt 0.627441 0.319580
vt 0.630371 0.325195
vt 0.630615 0.314697
vt 0.638184 0.312256
vt 0.634766 0.317383
vt 0.636475 0.321777
vt 0.643555 0.327393
vt 0.638428 0.327393
vt 0.627686 0.327637
vt 0.640869 0.331787
vt 0.658203 0.349365
vt 0.669922 0.307373
vt 0.617920 0.329346
vt 0.627930 0.332031
vt 0.614502 0.334473
vt 0.632568 0.336182
vt 0.618164 0.338135
vt 0.626221 0.338623
vt 0.635742 0.339355
vt 0.626221 0.343994
vt 0.611816 0.345703
vt 0.620850 0.346924
vt 0.633301 0.346436
vt 0.642578 0.347900
vt 0.631104 0.351318
vt 0.617676 0.353760
vt 0.632812 0.355469
vt 0.597412 0.361084
vt 0.616943 0.360840
vt 0.642822 0.354736
vt 0.621826 0.363037
vt 0.635498 0.358887
vt 0.637451 0.365479
vt 0.627930 0.364990
vt 0.631592 0.369873
vt 0.623047 0.371582
vt 0.616211 0.369873
vt 0.602295 0.387207
vt 0.621338 0.378662
vt 0.626465 0.375244
vt 0.635742 0.372070
vt 0.634521 0.377686
vt 0.645996 0.374023
vt 0.648193 0.385010
vt 0.680420 0.367676
vt 0.643311 0.378174
vt 0.630615 0.381592
vt 0.620361 0.386475
vt 0.645020 0.383545
vt 0.632324 0.384277
vt 0.635010 0.388672
vt 0.625244 0.391846
vt 0.617920 0.393066
vt 0.631836 0.392822
vt 0.630371 0.395264
vt 0.635742 0.396729
vt 0.626221 0.398438
vt 0.623047 0.402588
vt 0.599854 0.397949
vt 0.571045 0.384277
vt 0.631592 0.401611
vt 0.638184 0.405762
vt 0.626953 0.411377
vt 0.644775 0.398682
vt 0.668945 0.410156
vt 0.660645 0.398193
vt 0.687256 0.395508
vt 0.698730 0.407959
vt 0.691895 0.421387
vt 0.664062 0.424561
vt 0.662842 0.434570
vt 0.703857 0.438232
vt 0.689453 0.453125
vt 0.552979 0.383301
vt 0.564941 0.368164
vt 0.542236 0.371338
vt 0.575684 0.364990
vt 0.571777 0.356934
vt 0.581299 0.353027
vt 0.575195 0.347900
vt 0.587158 0.343994
vt 0.566650 0.351318
vt 0.562744 0.350342
vt 0.558350 0.340088
vt 0.569336 0.338867
vt 0.579102 0.325928
vt 0.578125 0.315430
vt 0.589111 0.323730
vt 0.583496 0.312012
vt 0.589844 0.309570
vt 0.573486 0.307129
vt 0.558594 0.305176
vt 0.569336 0.300781
vt 0.561523 0.290527
vt 0.577148 0.305176
vt 0.571777 0.297363
vt 0.574219 0.287842
vt 0.579590 0.301514
vt 0.582520 0.293945
vt 0.579346 0.268555
vt 0.050781 0.780273
vt 0.045410 0.786133
vt 0.041748 0.780518
vt 0.049805 0.775391
vt 0.047852 0.770752
vt 0.039307 0.772705
vt 0.041992 0.768799
vt 0.038574 0.783691
vt 0.037598 0.768311
vt 0.038086 0.764648
vt 0.036621 0.763428
vt 0.034180 0.767822
vt 0.037354 0.772949
vt 0.037842 0.778320
vt 0.033936 0.772217
vt 0.030762 0.771240
vt 0.034180 0.775635
vt 0.030762 0.776367
vt 0.018555 0.778320
vt 0.034424 0.783447
vt 0.030029 0.784668
vt 0.020996 0.788330
vt 0.008789 0.778809
vt 0.030762 0.796143
vt 0.034424 0.790039
vt 0.034668 0.793945
vt 0.035889 0.799805
vt 0.039551 0.791504
vt 0.042725 0.796387
vt 0.037842 0.795410
vt 0.006104 0.122803
vt 0.008057 0.116699
vt 0.013916 0.120361
vt 0.014160 0.110840
vt 0.019775 0.112305
vt 0.018311 0.106445
vt 0.015381 0.104248
vt 0.029541 0.120361
vt 0.011475 0.125244
vt 0.021973 0.102051
vt 0.030029 0.104248
vt 0.014160 0.386963
vt 0.017822 0.393066
vt 0.011963 0.391602
vt 0.007324 0.386963
vt 0.022949 0.386963
vt 0.007568 0.396484
vt 0.023926 0.396240
vt 0.013916 0.396240
vt 0.017334 0.402588
vt 0.019043 0.399170
vt 0.023926 0.400635
vt 0.032715 0.141357
vt 0.050781 0.143311
vt 0.045166 0.145020
vt 0.053711 0.147461
vt 0.038818 0.147461
vt 0.046631 0.147461
vt 0.035889 0.149414
vt 0.031250 0.152344
vt 0.023438 0.145996
vt 0.038086 0.152344
vt 0.040527 0.149658
vt 0.051758 0.150146
vt 0.052979 0.154053
vt 0.057861 0.156738
vt 0.047852 0.150635
vt 0.042725 0.150879
vt 0.046875 0.153809
vt 0.053955 0.157471
vt 0.055664 0.162842
vt 0.047363 0.157471
vt 0.041260 0.154541
vt 0.058105 0.174805
vt 0.064697 0.174316
vt 0.043457 0.162842
vt 0.039062 0.156738
vt 0.035156 0.159424
vt 0.031738 0.165283
vt 0.033447 0.156738
vt 0.030029 0.160889
vt 0.026855 0.158203
vt 0.022949 0.161133
vt 0.025391 0.155273
vt 0.024902 0.153076
vt 0.022461 0.156738
vt 0.022705 0.158691
vt 0.544678 0.855713
vt 0.537598 0.860107
vt 0.540039 0.855225
vt 0.534668 0.853271
vt 0.545898 0.859619
vt 0.549561 0.860107
vt 0.542725 0.862549
vt 0.371582 0.729736
vt 0.372803 0.725586
vt 0.375000 0.729004
vt 0.375244 0.723389
vt 0.368896 0.727051
vt 0.367920 0.723389
vt 0.367188 0.730225
vt 0.363525 0.726807
vt 0.371582 0.733398
vt 0.357178 0.726074
vt 0.354980 0.721680
vt 0.369141 0.717285
vt 0.386963 0.724365
vt 0.396973 0.726318
vt 0.374756 0.708008
vt 0.388916 0.707520
vt 0.392090 0.712402
vt 0.386230 0.698730
vt 0.375488 0.693115
vt 0.392578 0.696777
vt 0.363770 0.702881
vt 0.364258 0.710205
vt 0.364258 0.720947
vt 0.365479 0.718018
vt 0.360840 0.718018
vt 0.364746 0.716064
vt 0.361816 0.714600
vt 0.363770 0.712402
vt 0.356201 0.713379
vt 0.351074 0.712402
vt 0.359863 0.708008
vt 0.355469 0.708008
vt 0.358154 0.705322
vt 0.351318 0.706787
vt 0.341309 0.714355
vt 0.356445 0.702393
vt 0.359863 0.701416
vt 0.359131 0.696289
vt 0.356689 0.699463
vt 0.352783 0.702881
vt 0.351562 0.699951
vt 0.356445 0.691162
vt 0.343018 0.698242
vt 0.349365 0.697266
vt 0.346191 0.695557
vt 0.350586 0.692627
vt 0.350586 0.690186
vt 0.351807 0.686279
vt 0.374268 0.682861
vt 0.387451 0.683838
vt 0.380127 0.680176
vt 0.371338 0.672607
vt 0.376221 0.678955
vt 0.381836 0.678223
vt 0.380127 0.673584
vt 0.370117 0.666016
vt 0.375488 0.670898
vt 0.377930 0.668701
vt 0.375244 0.660645
vt 0.375977 0.665771
vt 0.377441 0.661133
vt 0.320068 0.722168
vt 0.327637 0.718018
vt 0.320312 0.724121
vt 0.322510 0.716309
vt 0.317139 0.720703
vt 0.313721 0.723633
vt 0.312988 0.726318
vt 0.330811 0.714600
vt 0.329346 0.719482
vt 0.319824 0.728760
vt 0.331299 0.722900
vt 0.009521 0.354004
vt 0.011963 0.355469
vt 0.008057 0.357422
vt 0.012451 0.351318
vt 0.016846 0.355957
vt 0.016113 0.350830
vt 0.024170 0.358887
vt 0.014404 0.358154
vt 0.019287 0.359619
vt 0.035156 0.365234
vt 0.025635 0.366699
vt 0.011719 0.364258
vt 0.002930 0.364014
vt 0.009766 0.369385
vt 0.014404 0.365479
vt 0.020752 0.366211
vt 0.018066 0.364502
vt 0.014893 0.369629
vt 0.013184 0.375000
vt 0.008789 0.374268
vt 0.018311 0.370605
vt 0.019531 0.374268
vt 0.692627 0.988037
vt 0.666260 0.968994
vt 0.693604 0.961914
vt 0.029053 0.000244
vt 0.032227 0.003662
vt 0.029785 0.006104
vt 0.025879 0.000977
vt 0.026367 0.007568
vt 0.023438 0.002930
vt 0.037598 0.172363
vt 0.039795 0.169678
vt 0.043701 0.171875
vt 0.000488 0.960449
vt 0.000488 0.952393
vt 0.002441 0.955811
vt 0.239746 0.950928
vt 0.237305 0.955811
vt 0.237549 0.947266
vt 0.571533 0.962402
vt 0.571533 0.957275
vt 0.572266 0.960205
vt 0.573730 0.960449
vt 0.042480 0.129639
vt 0.052490 0.129639
vt 0.049561 0.130859
vt 0.093018 0.004639
vt 0.079346 0.000244
vt 0.088379 0.001709
vt 0.042236 0.001953
vt 0.042725 0.004883
vt 0.036621 0.000000
vt 0.000000 0.779053
vt 0.000977 0.785156
vt 0.000244 0.786377
vt 0.000244 0.799805
vt 0.000732 0.804199
vt 0.000732 0.824707
vt 0.000000 0.818848
vt 0.237793 0.960205
vt 0.237793 0.965332
vt 0.237305 0.961182
vt 0.004883 0.936768
vt 0.001221 0.947754
vt 0.000000 0.942139
vt 0.571533 0.944092
vt 0.571777 0.939453
vt 0.571777 0.944824
vt 0.027344 0.650635
vt 0.024902 0.648682
vt 0.028320 0.649414
vt 0.030518 0.653076
vt 0.031006 0.646729
s 1
usemtl tripo_mat_d9c7a13d-d78d-4980-9ced-654affcc4e08
f 2492/1 2698/2 2288/3
f 2698/2 2492/1 2720/4
f 2720/4 2492/1 2355/5
f 2355/5 2492/1 2003/6
f 2003/6 2492/1 2288/3
f 2720/4 2355/5 2797/7
f 2698/2 2720/4 2692/8
f 2692/8 2720/4 2797/7
f 2355/5 2003/6 2010/9
f 2355/5 2010/9 2797/7
f 2688/10 2288/3 2698/2
f 2688/10 2698/2 2692/8
f 1949/11 2003/6 2288/3
f 2003/6 1949/11 1946/12
f 2003/6 1946/12 2010/9
f 1949/11 2288/3 1968/13
f 1946/12 1949/11 1952/14
f 1952/14 1949/11 1968/13
f 1968/13 2288/3 2207/15
f 2207/15 2288/3 2688/10
f 1968/13 2207/15 1979/16
f 1968/13 1979/16 1952/14
f 2207/15 2688/10 2665/17
f 2665/17 2688/10 2692/8
f 1946/12 1952/14 1926/18
f 1946/12 1926/18 2010/9
f 1952/14 1979/16 1982/19
f 2207/15 2665/17 2395/20
f 2207/15 2395/20 1979/16
f 1982/19 1979/16 1989/21
f 1989/21 1979/16 2395/20
f 1952/14 1982/19 1950/22
f 1950/22 1982/19 1989/21
f 1952/14 1950/22 1926/18
f 2395/20 2665/17 2652/23
f 2652/23 2665/17 2692/8
f 1926/18 1950/22 1889/24
f 1889/24 1950/22 1989/21
f 2395/20 2652/23 2502/25
f 2395/20 2502/25 1989/21
f 2652/23 2692/8 2685/26
f 2652/23 2685/26 2502/25
f 2685/26 2692/8 2675/27
f 2675/27 2692/8 2797/7
f 2502/25 2685/26 2878/28
f 2685/26 2675/27 2861/29
f 2685/26 2861/29 2878/28
f 2878/28 2861/29 2913/30
f 2913/30 2861/29 2964/31
f 2502/25 2878/28 2880/32
f 2502/25 2880/32 2680/33
f 2502/25 2680/33 2006/34
f 2861/29 2675/27 2857/35
f 2861/29 2857/35 2964/31
f 2857/35 2675/27 2797/7
f 2964/31 2857/35 2907/36
f 2907/36 2857/35 2797/7
f 2964/31 2907/36 2997/37
f 2502/25 2006/34 2015/38
f 2997/37 2907/36 2872/39
f 2872/39 2907/36 2797/7
f 2997/37 2872/39 2890/40
f 2872/39 2797/7 2612/41
f 2872/39 2612/41 2819/42
f 2612/41 2797/7 2010/9
f 2612/41 2010/9 2171/43
f 2171/43 2010/9 1923/44
f 1923/44 2010/9 1845/45
f 1923/44 1845/45 1866/46
f 1845/45 2010/9 1926/18
f 1866/46 1845/45 1785/47
f 1845/45 1926/18 1797/48
f 1785/47 1845/45 1674/49
f 1674/49 1845/45 1797/48
f 1797/48 1926/18 1889/24
f 1785/47 1674/49 1714/50
f 1810/51 1781/52 1714/50
f 1810/51 1714/50 1715/53
f 1715/53 1714/50 1635/54
f 1635/54 1714/50 1674/49
f 1715/53 1635/54 1632/55
f 1632/55 1635/54 1567/56
f 1567/56 1635/54 1674/49
f 1793/57 1797/48 1889/24
f 1745/58 1674/49 1797/48
f 1745/58 1797/48 1793/57
f 1793/57 1889/24 1833/59
f 1674/49 1745/58 1578/60
f 1833/59 1889/24 1899/61
f 1899/61 1889/24 1989/21
f 1833/59 1899/61 1773/62
f 1899/61 1989/21 1858/63
f 1899/61 1858/63 1773/62
f 2015/38 1989/21 2502/25
f 1989/21 2015/38 1901/64
f 1989/21 1901/64 1858/63
f 1901/64 2015/38 2006/34
f 1901/64 2006/34 1848/65
f 1901/64 1848/65 1858/63
f 1858/63 1848/65 1741/66
f 1858/63 1741/66 1773/62
f 1741/66 1848/65 1695/67
f 1741/66 1695/67 1672/68
f 1741/66 1672/68 1773/62
f 1672/68 1695/67 1623/69
f 1827/70 1833/59 1773/62
f 1833/59 1827/70 1793/57
f 1827/70 1773/62 1727/71
f 1727/71 1773/62 1672/68
f 1793/57 1827/70 1765/72
f 1793/57 1765/72 1745/58
f 1827/70 1727/71 1808/73
f 1827/70 1808/73 1765/72
f 1727/71 1672/68 1639/74
f 1808/73 1727/71 1716/75
f 1716/75 1727/71 1639/74
f 1745/58 1765/72 1661/76
f 1765/72 1808/73 1774/77
f 1765/72 1774/77 1733/78
f 1765/72 1733/78 1661/76
f 1774/77 1808/73 1723/79
f 1723/79 1808/73 1716/75
f 1733/78 1774/77 1642/80
f 1733/78 1642/80 1661/76
f 1642/80 1774/77 1723/79
f 1745/58 1661/76 1578/60
f 1723/79 1716/75 1586/81
f 1723/79 1586/81 1642/80
f 1586/81 1716/75 1639/74
f 1661/76 1642/80 1471/82
f 1661/76 1471/82 1578/60
f 1471/82 1642/80 1586/81
f 1586/81 1639/74 1571/83
f 1586/81 1571/83 1471/82
f 1571/83 1639/74 1577/84
f 1471/82 1571/83 1467/85
f 1471/82 1467/85 1578/60
f 1467/85 1571/83 1577/84
f 1578/60 1467/85 1468/86
f 1468/86 1467/85 1577/84
f 1578/60 1468/86 1674/49
f 1577/84 1639/74 1637/87
f 1637/87 1639/74 1672/68
f 1674/49 1468/86 1401/88
f 1674/49 1401/88 1567/56
f 1468/86 1577/84 1413/89
f 1468/86 1413/89 1401/88
f 1577/84 1637/87 1490/90
f 1577/84 1490/90 1413/89
f 1637/87 1672/68 1612/91
f 1612/91 1672/68 1623/69
f 1490/90 1637/87 1581/92
f 1581/92 1637/87 1612/91
f 1612/91 1623/69 1556/93
f 1612/91 1556/93 1581/92
f 1556/93 1623/69 1547/94
f 1342/95 1413/89 1490/90
f 1413/89 1342/95 1401/88
f 1490/90 1581/92 1422/96
f 1490/90 1422/96 1342/95
f 1581/92 1556/93 1538/97
f 1581/92 1538/97 1422/96
f 1556/93 1547/94 1478/98
f 1478/98 1547/94 1491/99
f 1538/97 1556/93 1486/100
f 1486/100 1556/93 1478/98
f 1478/98 1491/99 1479/101
f 1478/98 1479/101 1486/100
f 1479/101 1491/99 1535/102
f 1501/103 1422/96 1538/97
f 1501/103 1538/97 1486/100
f 1422/96 1501/103 1388/104
f 1422/96 1388/104 1342/95
f 1479/101 1535/102 1541/105
f 1541/105 1535/102 1593/106
f 1460/107 1486/100 1479/101
f 1388/104 1501/103 1380/108
f 1342/95 1388/104 1333/109
f 1333/109 1388/104 1380/108
f 1380/108 1501/103 1429/110
f 1429/110 1501/103 1486/100
f 1380/108 1429/110 1360/111
f 1429/110 1486/100 1438/112
f 1438/112 1486/100 1460/107
f 1360/111 1429/110 1338/113
f 1338/113 1429/110 1438/112
f 1380/108 1360/111 1306/114
f 1306/114 1360/111 1338/113
f 1380/108 1306/114 1333/109
f 1338/113 1438/112 1330/115
f 1338/113 1330/115 1306/114
f 1438/112 1460/107 1361/116
f 1438/112 1361/116 1330/115
f 1333/109 1306/114 1321/117
f 1321/117 1306/114 1330/115
f 1333/109 1321/117 1342/95
f 1330/115 1361/116 1307/118
f 1330/115 1307/118 1321/117
f 1342/95 1321/117 1323/119
f 1323/119 1321/117 1307/118
f 1342/95 1323/119 1401/88
f 1307/118 1361/116 1359/120
f 1359/120 1361/116 1460/107
f 1323/119 1307/118 1329/121
f 1329/121 1307/118 1359/120
f 1359/120 1460/107 1515/122
f 1515/122 1460/107 1479/101
f 1515/122 1479/101 1541/105
f 1359/120 1515/122 1554/123
f 1554/123 1515/122 1541/105
f 1359/120 1554/123 1392/124
f 1554/123 1541/105 1589/125
f 1359/120 1392/124 1364/126
f 1359/120 1364/126 1329/121
f 1392/124 1554/123 1532/127
f 1532/127 1554/123 1589/125
f 1392/124 1532/127 1417/128
f 1392/124 1417/128 1358/129
f 1392/124 1358/129 1364/126
f 1417/128 1532/127 1503/130
f 1532/127 1589/125 1600/131
f 1532/127 1600/131 1503/130
f 1600/131 1589/125 1619/132
f 1600/131 1619/132 1503/130
f 1358/129 1417/128 1427/133
f 1427/133 1417/128 1503/130
f 1358/129 1427/133 1405/134
f 1358/129 1405/134 1364/126
f 1427/133 1503/130 1576/135
f 1576/135 1503/130 1619/132
f 1405/134 1427/133 1470/136
f 1470/136 1427/133 1576/135
f 1405/134 1470/136 1364/126
f 1470/136 1576/135 1619/132
f 1364/126 1470/136 1498/137
f 1470/136 1619/132 1585/138
f 1470/136 1585/138 1498/137
f 1585/138 1619/132 1644/139
f 1644/139 1619/132 1589/125
f 1585/138 1644/139 1594/140
f 1585/138 1594/140 1498/137
f 1644/139 1589/125 1605/141
f 1364/126 1498/137 1450/142
f 1605/141 1589/125 1541/105
f 1594/140 1644/139 1645/143
f 1645/143 1644/139 1605/141
f 1605/141 1541/105 1641/144
f 1641/144 1541/105 1593/106
f 1641/144 1593/106 1691/145
f 1641/144 1691/145 1708/146
f 1641/144 1708/146 1605/141
f 1708/146 1691/145 1799/147
f 1708/146 1799/147 1883/148
f 1708/146 1883/148 1771/149
f 1605/141 1708/146 1680/150
f 1680/150 1708/146 1771/149
f 1605/141 1680/150 1645/143
f 1680/150 1771/149 1757/151
f 1645/143 1680/150 1658/152
f 1658/152 1680/150 1757/151
f 1645/143 1658/152 1594/140
f 1594/140 1658/152 1628/153
f 1594/140 1628/153 1498/137
f 1658/152 1757/151 1702/154
f 1658/152 1702/154 1628/153
f 1702/154 1757/151 1701/155
f 1498/137 1628/153 1631/156
f 1631/156 1628/153 1702/154
f 1498/137 1631/156 1450/142
f 1702/154 1701/155 1803/157
f 1702/154 1803/157 1631/156
f 1803/157 1701/155 1706/158
f 1803/157 1706/158 1789/159
f 1803/157 1789/159 1815/160
f 1803/157 1815/160 1832/161
f 1832/161 1815/160 1836/162
f 1574/163 1450/142 1631/156
f 1450/142 1574/163 1424/164
f 1329/121 1364/126 1450/142
f 1450/142 1424/164 1356/165
f 1450/142 1356/165 1329/121
f 1356/165 1424/164 1389/166
f 1389/166 1424/164 1533/167
f 1533/167 1424/164 1608/168
f 1356/165 1389/166 1418/169
f 1418/169 1389/166 1544/170
f 1418/169 1544/170 1562/171
f 1418/169 1562/171 1428/172
f 1418/169 1428/172 1356/165
f 1428/172 1562/171 1461/173
f 1356/165 1428/172 1343/174
f 1343/174 1428/172 1461/173
f 1356/165 1343/174 1329/121
f 1343/174 1461/173 1408/175
f 1343/174 1408/175 1324/176
f 1343/174 1324/176 1329/121
f 1329/121 1324/176 1309/177
f 1329/121 1309/177 1323/119
f 1309/177 1324/176 1386/178
f 1386/178 1324/176 1383/179
f 1386/178 1383/179 1484/180
f 1386/178 1484/180 1493/181
f 1493/181 1484/180 1494/182
f 1386/178 1493/181 1423/183
f 1423/183 1493/181 1494/182
f 1386/178 1423/183 1309/177
f 1423/183 1494/182 1393/184
f 1423/183 1393/184 1309/177
f 1309/177 1393/184 1328/185
f 1309/177 1328/185 1323/119
f 1323/119 1328/185 1351/186
f 1323/119 1351/186 1372/187
f 1323/119 1372/187 1401/88
f 1351/186 1328/185 1396/188
f 1396/188 1328/185 1432/189
f 1432/189 1328/185 1394/190
f 1351/186 1396/188 1475/191
f 1475/191 1396/188 1432/189
f 1475/191 1432/189 1537/192
f 1537/192 1432/189 1474/193
f 1351/186 1475/191 1375/194
f 1351/186 1375/194 1372/187
f 1375/194 1475/191 1482/195
f 1375/194 1482/195 1372/187
f 1514/196 1411/197 1372/187
f 1430/198 1401/88 1372/187
f 1430/198 1372/187 1411/197
f 1401/88 1430/198 1567/56
f 1430/198 1411/197 1504/199
f 1504/199 1411/197 1558/200
f 1567/56 1430/198 1565/201
f 1565/201 1430/198 1504/199
f 1567/56 1565/201 1634/202
f 1634/202 1565/201 1652/203
f 1565/201 1504/199 1621/204
f 1621/204 1504/199 1558/200
f 1565/201 1621/204 1652/203
f 1621/204 1558/200 1625/205
f 1621/204 1625/205 1652/203
f 5805/206 5829/207 6218/208
f 5829/207 5805/206 5826/209
f 5826/209 5805/206 5837/210
f 5837/210 5805/206 6090/211
f 6090/211 5805/206 6218/208
f 5829/207 5826/209 5851/212
f 5851/212 5826/209 5825/213
f 5851/212 5825/213 5846/214
f 5851/212 5846/214 6012/215
f 5829/207 5851/212 6257/216
f 6257/216 5851/212 6012/215
f 5829/207 6257/216 6218/208
f 6257/216 6012/215 6522/217
f 6218/208 6257/216 6554/218
f 6554/218 6257/216 6522/217
f 6218/208 6554/218 6629/219
f 6629/219 6554/218 6522/217
f 6218/208 6629/219 6090/211
f 6629/219 6522/217 6582/220
f 6629/219 6582/220 6090/211
f 5890/221 5840/222 6488/223
f 5840/222 5890/221 5721/224
f 6488/223 5840/222 5837/225
f 5837/225 5840/222 5670/226
f 6488/223 5837/225 6090/227
f 6488/223 6090/227 6582/228
f 6488/223 6582/228 6614/229
f 5837/225 5670/226 5825/230
f 5837/225 5825/230 5826/231
f 5825/230 5670/226 5631/232
f 5825/230 5631/232 5720/233
f 5825/230 5720/233 5846/234
f 6488/223 6614/229 6729/235
f 6488/223 6729/235 6775/236
f 6775/236 6729/235 6822/237
f 6822/237 6729/235 6772/238
f 6822/237 6772/238 6784/239
f 6784/239 6772/238 6764/240
f 6772/238 6729/235 6693/241
f 6772/238 6693/241 6838/242
f 6488/223 6775/236 6677/243
f 6677/243 6775/236 6780/244
f 6677/243 6780/244 6716/245
f 6716/245 6780/244 6741/246
f 6716/245 6741/246 6698/247
f 6698/247 6741/246 6758/248
f 6716/245 6698/247 6687/249
f 6716/245 6687/249 6677/243
f 6698/247 6758/248 6650/250
f 6677/243 6687/249 6663/251
f 6687/249 6698/247 6671/252
f 6671/252 6698/247 6650/250
f 6663/251 6687/249 6557/253
f 6557/253 6687/249 6671/252
f 6677/243 6663/251 6553/254
f 6553/254 6663/251 6557/253
f 6557/253 6671/252 6529/255
f 6557/253 6529/255 6553/254
f 6529/255 6671/252 6650/250
f 6677/243 6553/254 6550/256
f 6677/243 6550/256 6488/223
f 6553/254 6529/255 6551/257
f 6553/254 6551/257 6550/256
f 6529/255 6650/250 6351/258
f 6529/255 6351/258 6551/257
f 6665/259 6650/250 6758/248
f 6665/259 6758/248 6844/260
f 6488/223 6550/256 6311/261
f 6550/256 6551/257 6423/262
f 6550/256 6423/262 6311/261
f 6423/262 6551/257 6351/258
f 6488/223 6311/261 5890/221
f 6931/263 6844/260 6953/264
f 6844/260 6931/263 6753/265
f 6844/260 6753/265 6665/259
f 6916/266 6931/263 6951/267
f 6931/263 6916/266 6753/265
f 6753/265 6916/266 6874/268
f 6787/269 6874/268 6917/270
f 6753/265 6874/268 6747/271
f 6747/271 6874/268 6787/269
f 6680/272 6665/259 6753/265
f 6680/272 6753/265 6747/271
f 6747/271 6787/269 6673/273
f 6673/273 6787/269 6697/274
f 6673/273 6697/274 6193/275
f 6747/271 6673/273 6500/276
f 6747/271 6500/276 6680/272
f 6673/273 6193/275 6445/277
f 6673/273 6445/277 6500/276
f 6445/277 6193/275 6147/278
f 6147/278 6193/275 5841/279
f 6147/278 5841/279 5983/280
f 5983/280 5841/279 5905/281
f 6147/278 5983/280 5979/282
f 6445/277 6147/278 6290/283
f 6290/283 6147/278 5979/282
f 5979/282 5983/280 6108/284
f 5979/282 6108/284 6290/283
f 5983/280 5905/281 6038/285
f 5983/280 6038/285 6108/284
f 6038/285 5905/281 6225/286
f 6445/277 6290/283 6391/287
f 6445/277 6391/287 6500/276
f 6500/276 6391/287 6225/286
f 6391/287 6290/283 6376/288
f 6376/288 6290/283 6108/284
f 6391/287 6376/288 6357/289
f 6391/287 6357/289 6225/286
f 6376/288 6108/284 6260/290
f 6376/288 6260/290 6357/289
f 6260/290 6108/284 6038/285
f 6357/289 6260/290 6225/286
f 6225/286 6260/290 6038/285
f 5895/291 6225/286 5905/281
f 6225/286 5895/291 6500/276
f 6500/276 5895/291 6374/292
f 6500/276 6374/292 6680/272
f 6374/292 5895/291 6041/293
f 6041/293 5895/291 5617/294
f 6680/272 6374/292 6443/295
f 6443/295 6374/292 6041/293
f 6680/272 6443/295 6665/259
f 6041/293 5617/294 5852/296
f 6665/259 6443/295 6395/297
f 6665/259 6395/297 6650/250
f 6443/295 6041/293 6255/298
f 6443/295 6255/298 6395/297
f 6255/298 6041/293 6052/299
f 6052/299 6041/293 5852/296
f 6255/298 6052/299 6156/300
f 6255/298 6156/300 6395/297
f 6156/300 6052/299 6160/301
f 6156/300 6160/301 6395/297
f 6160/301 6052/299 5852/296
f 6395/297 6351/258 6650/250
f 6395/297 6160/301 5884/302
f 5884/302 6160/301 5852/296
f 6395/297 5884/302 6351/258
f 5884/302 5852/296 5847/303
f 5884/302 5847/303 6351/258
f 5847/303 5852/296 5688/304
f 5643/305 5776/306 5688/304
f 5688/304 5776/306 5806/307
f 5688/304 5806/307 5847/303
f 5806/307 5776/306 5790/308
f 5806/307 5790/308 5847/303
f 5790/308 5776/306 5721/224
f 5790/308 5721/224 5890/221
f 5847/303 5790/308 5877/309
f 5877/309 5790/308 5890/221
f 5847/303 5877/309 5916/310
f 5847/303 5916/310 6351/258
f 5877/309 5890/221 5901/311
f 5877/309 5901/311 5916/310
f 5901/311 5890/221 6121/312
f 6121/312 5890/221 6311/261
f 5916/310 5901/311 6246/313
f 6246/313 5901/311 6121/312
f 6351/258 5916/310 6343/314
f 6343/314 5916/310 6246/313
f 6351/258 6343/314 6423/262
f 6246/313 6121/312 6302/315
f 6302/315 6121/312 6311/261
f 6246/313 6302/315 6343/314
f 6302/315 6311/261 6423/262
f 6302/315 6423/262 6343/314
f 2607/316 2612/317 2171/318
f 2612/317 2607/316 2819/319
f 2607/316 2171/318 2363/320
f 2872/321 2819/319 2890/322
f 2890/322 2819/319 2868/323
f 2890/322 2868/323 2849/324
f 2890/322 2849/324 2914/325
f 2868/323 2819/319 2830/326
f 2868/323 2830/326 2849/324
f 2914/325 2849/324 2864/327
f 2830/326 2819/319 2683/328
f 2849/324 2830/326 2776/329
f 2776/329 2830/326 2683/328
f 2683/328 2819/319 2705/330
f 2683/328 2705/330 2776/329
f 2705/330 2819/319 2607/316
f 2849/324 2776/329 2653/331
f 2653/331 2776/329 2705/330
f 2849/324 2653/331 2864/327
f 2705/330 2607/316 2552/332
f 2705/330 2552/332 2653/331
f 2864/327 2653/331 2457/333
f 2552/332 2607/316 2486/334
f 2864/327 2457/333 2845/335
f 2653/331 2552/332 2322/336
f 2322/336 2552/332 2486/334
f 2653/331 2322/336 2457/333
f 2486/334 2607/316 2363/320
f 2486/334 2363/320 2440/337
f 2486/334 2440/337 2322/336
f 2440/337 2363/320 2112/338
f 2440/337 2112/338 2322/336
f 2112/338 2363/320 2041/339
f 2041/339 2363/320 2171/318
f 2322/336 2112/338 2029/340
f 2029/340 2112/338 2041/339
f 2041/339 2171/318 2027/341
f 2041/339 2027/341 2029/340
f 2027/341 2171/318 1923/342
f 2322/336 2029/340 1991/343
f 2322/336 1991/343 2457/333
f 2029/340 2027/341 1942/344
f 1942/344 2027/341 1923/342
f 2029/340 1942/344 1938/345
f 2029/340 1938/345 1991/343
f 1942/344 1923/342 1945/346
f 1942/344 1945/346 1938/345
f 1945/346 1923/342 1910/347
f 1910/347 1923/342 1866/348
f 1945/346 1910/347 1925/349
f 1925/349 1910/347 1874/350
f 1938/345 1945/346 1895/351
f 1895/351 1945/346 1925/349
f 1895/351 1925/349 1874/350
f 1938/345 1895/351 1991/343
f 1895/351 1874/350 1860/352
f 1860/352 1874/350 1866/353
f 1860/352 1866/353 1785/354
f 1895/351 1860/352 1855/355
f 1895/351 1855/355 1991/343
f 1860/352 1785/354 1805/356
f 1860/352 1805/356 1855/355
f 1714/357 1781/358 1785/354
f 1785/354 1781/358 1805/356
f 1805/356 1781/358 1810/359
f 1805/356 1810/359 1730/360
f 1730/360 1810/359 1715/361
f 1730/360 1715/361 1632/362
f 1805/356 1730/360 1737/363
f 1805/356 1737/363 1855/355
f 1730/360 1632/362 1627/364
f 1730/360 1627/364 1737/363
f 1627/364 1632/362 1567/365
f 1627/364 1567/365 1634/366
f 1627/364 1634/366 1660/367
f 1627/364 1660/367 1737/363
f 1660/367 1634/366 1652/368
f 1660/367 1652/368 1625/369
f 1660/367 1625/369 1620/370
f 1660/367 1620/370 1737/363
f 1880/371 1855/355 1737/363
f 1855/355 1880/371 1991/343
f 1737/363 1620/370 1743/372
f 1737/363 1743/372 1880/371
f 1991/343 1880/371 2024/373
f 1991/343 2024/373 2296/374
f 1991/343 2296/374 2457/333
f 2024/373 1880/371 2042/375
f 2296/374 2024/373 2153/376
f 2153/376 2024/373 2042/375
f 2457/333 2296/374 2606/377
f 2457/333 2606/377 2845/335
f 2296/374 2153/376 2445/378
f 2296/374 2445/378 2606/377
f 2445/378 2153/376 2290/379
f 2290/379 2153/376 2042/375
f 2606/377 2445/378 2618/380
f 2845/335 2606/377 2877/381
f 2877/381 2606/377 2618/380
f 2618/380 2445/378 2444/382
f 2444/382 2445/378 2290/379
f 2618/380 2444/382 2877/381
f 2444/382 2290/379 2042/375
f 2877/381 2444/382 2647/383
f 2877/381 2647/383 2883/384
f 2444/382 2042/375 2037/385
f 2444/382 2037/385 2647/383
f 2037/385 2042/375 1888/386
f 1888/386 2042/375 1880/371
f 2647/383 2037/385 2343/387
f 2883/384 2647/383 2644/388
f 2644/388 2647/383 2343/387
f 1888/386 1880/371 1743/372
f 2037/385 1888/386 2011/389
f 2037/385 2011/389 2343/387
f 1888/386 1743/372 1795/390
f 2011/389 1888/386 1941/391
f 1941/391 1888/386 1795/390
f 2011/389 1941/391 2096/392
f 2011/389 2096/392 2343/387
f 1941/391 1795/390 1903/393
f 1903/393 1795/390 1804/394
f 1941/391 1903/393 2039/395
f 1804/394 1795/390 1698/396
f 1941/391 2039/395 2046/397
f 1941/391 2046/397 2096/392
f 2046/397 2039/395 2539/398
f 2196/399 2343/387 2096/392
f 2539/398 2039/395 2806/400
f 2196/399 2096/392 2152/401
f 2835/402 2906/403 2806/400
f 2806/400 2906/403 2860/404
f 2806/400 2860/404 2539/398
f 2860/404 2906/403 2992/405
f 2860/404 2992/405 2883/384
f 2860/404 2883/384 2644/388
f 2860/404 2644/388 2539/398
f 2391/406 2196/399 2152/401
f 2196/399 2391/406 2343/387
f 2256/407 2152/401 2096/392
f 2152/401 2256/407 2391/406
f 2256/407 2096/392 2046/397
f 2590/408 2046/397 2539/398
f 2046/397 2590/408 2256/407
f 2590/408 2539/398 2644/388
f 2391/406 2256/407 2523/409
f 2523/409 2256/407 2590/408
f 2529/410 2343/387 2391/406
f 2529/410 2391/406 2523/409
f 2343/387 2529/410 2644/388
f 2529/410 2523/409 2590/408
f 2529/410 2590/408 2644/388
f 5796/411 6129/412 6536/413
f 5796/411 6536/413 6647/414
f 6536/413 6129/412 6692/415
f 6129/412 5796/411 5701/416
f 6536/413 6692/415 6812/417
f 6536/413 6812/417 6647/414
f 6812/417 6692/415 6854/418
f 6692/415 6129/412 6489/419
f 6647/414 6812/417 6963/420
f 6963/420 6812/417 6854/418
f 5522/421 5796/411 6647/414
f 6692/415 6489/419 6773/422
f 6692/415 6773/422 6854/418
f 6489/419 6129/412 5793/423
f 5793/423 6129/412 5701/416
f 6773/422 6489/419 6742/424
f 5374/425 5701/416 5796/411
f 5374/425 5796/411 5522/421
f 6854/418 6773/422 6932/426
f 6932/426 6773/422 6742/424
f 6489/419 5793/423 6006/427
f 6489/419 6006/427 6742/424
f 6854/418 6932/426 7094/428
f 6932/426 6742/424 6940/429
f 6854/418 7094/428 7102/430
f 6854/418 7102/430 6963/420
f 7094/428 6932/426 7098/431
f 7098/431 6932/426 6940/429
f 7102/430 7094/428 7261/432
f 6963/420 7102/430 7217/433
f 7217/433 7102/430 7261/432
f 6963/420 7217/433 6914/434
f 6963/420 6914/434 6647/414
f 7217/433 7261/432 7275/435
f 7217/433 7275/435 6914/434
f 7261/432 7094/428 7260/436
f 7261/432 7260/436 7275/435
f 7260/436 7094/428 7263/437
f 7263/437 7094/428 7098/431
s 0
f 6647/414 6914/434 6407/438
f 6647/414 6407/438 5522/421
s 1
f 6914/434 7275/435 6845/439
s 0
f 6914/434 6845/439 6407/438
s 1
f 7263/437 7098/431 7173/440
f 7173/440 7098/431 6940/429
f 7260/436 7263/437 7289/441
f 7289/441 7263/437 7173/440
f 7287/442 7275/435 7260/436
f 7287/442 7260/436 7289/441
f 7275/435 7287/442 7280/443
f 7275/435 7280/443 6845/439
f 7287/442 7289/441 7254/444
f 7280/443 7287/442 7277/445
f 7277/445 7287/442 7254/444
f 7280/443 7277/445 7158/446
f 7280/443 7158/446 6845/439
f 7158/446 7277/445 7236/447
f 7236/447 7277/445 7254/444
f 7158/446 7236/447 6988/448
f 7158/446 6988/448 6867/449
f 7158/446 6867/449 6845/439
f 6988/448 7236/447 7066/450
f 7066/450 7236/447 7254/444
f 6867/449 6988/448 6828/451
f 6828/451 6988/448 7066/450
f 6845/439 6867/449 6728/452
f 6728/452 6867/449 6828/451
f 7238/453 7254/444 7289/441
f 7238/453 7289/441 7173/440
f 7066/450 7254/444 6962/454
f 7254/444 7238/453 7084/455
f 7254/444 7084/455 6962/454
f 6801/456 6828/451 7066/450
f 6801/456 7066/450 6962/454
f 6828/451 6801/456 6669/457
f 6828/451 6669/457 6728/452
f 6801/456 6962/454 6779/458
f 6779/458 6962/454 7084/455
f 6669/457 6801/456 6718/459
f 6718/459 6801/456 6779/458
f 6728/452 6669/457 6525/460
f 6728/452 6525/460 6411/461
f 6728/452 6411/461 6845/439
f 6525/460 6669/457 6347/462
f 6525/460 6347/462 6411/461
f 6669/457 6718/459 6648/463
f 6648/463 6718/459 6779/458
f 6347/462 6669/457 6354/464
f 6354/464 6669/457 6648/463
f 6347/462 6354/464 6341/465
f 6347/462 6341/465 6411/461
f 6354/464 6648/463 6358/466
f 6648/463 6779/458 6651/467
f 6648/463 6651/467 6358/466
f 6354/464 6358/466 6342/468
f 6354/464 6342/468 6341/465
f 6342/468 6358/466 6102/469
f 6102/469 6358/466 6234/470
f 6234/470 6358/466 6651/467
f 6342/468 6102/469 6346/471
f 6342/468 6346/471 6341/465
f 6346/471 6102/469 6195/472
f 6341/465 6346/471 6328/473
f 6346/471 6195/472 6281/474
f 6346/471 6281/474 6328/473
f 6195/472 6102/469 5973/475
f 6195/472 5973/475 6281/474
f 6004/476 6102/469 6234/470
f 5973/475 6102/469 5965/477
f 5965/477 6102/469 6004/476
f 6004/476 6234/470 6309/478
f 6309/478 6234/470 6651/467
f 6004/476 6309/478 5961/479
f 6004/476 5961/479 5965/477
f 6309/478 6651/467 6689/480
f 5961/479 6309/478 6313/481
f 6313/481 6309/478 6689/480
f 5961/479 6313/481 5967/482
f 5967/482 6313/481 5960/483
f 5961/479 5967/482 5953/484
f 5953/484 5967/482 5960/483
f 5961/479 5953/484 5965/477
f 5953/484 5960/483 5969/485
f 5953/484 5969/485 5947/486
f 6720/487 6428/488 6313/481
f 6720/487 6313/481 6689/480
f 5965/477 5953/484 5954/489
f 5954/489 5953/484 5947/486
f 5965/477 5954/489 5948/490
f 5965/477 5948/490 5973/475
f 5954/489 5947/486 5940/491
f 5954/489 5940/491 5948/490
f 5940/491 5947/486 5939/492
f 5939/492 5947/486 6010/493
f 5948/490 5940/491 5987/494
f 5987/494 5940/491 5939/492
f 5973/475 5948/490 5968/495
f 5973/475 5968/495 6281/474
f 5968/495 5948/490 5944/496
f 5944/496 5948/490 5987/494
f 6281/474 5968/495 6093/497
f 6093/497 5968/495 5944/496
f 6281/474 6093/497 6296/498
f 6093/497 5944/496 6224/499
f 6224/499 5944/496 5987/494
f 6093/497 6224/499 6296/498
f 6281/474 6296/498 6328/473
f 6224/499 5987/494 6215/500
f 5971/501 5987/494 5939/492
f 5987/494 5971/501 6215/500
f 6224/499 6215/500 6242/502
f 6224/499 6242/502 6296/498
f 6215/500 5971/501 6238/503
f 6242/502 6215/500 6239/504
f 6239/504 6215/500 6238/503
f 6242/502 6239/504 6073/505
f 6073/505 6239/504 6026/506
f 6026/506 6239/504 6238/503
f 6242/502 6073/505 6148/507
f 6242/502 6148/507 6296/498
f 6148/507 6073/505 6126/508
f 6126/508 6073/505 6026/506
f 6296/498 6148/507 6361/509
f 6361/509 6148/507 6126/508
f 6227/510 6238/503 5971/501
f 6227/510 5971/501 5970/511
f 5970/511 5971/501 5939/492
f 6238/503 6227/510 6209/512
f 6209/512 6227/510 5970/511
f 5970/511 5939/492 5957/513
f 5970/511 5957/513 6209/512
f 5957/513 5939/492 6007/514
f 6238/503 6209/512 6019/515
f 6019/515 6209/512 5957/513
f 6238/503 6019/515 6026/506
f 6026/506 6019/515 6111/516
f 6019/515 5957/513 5942/517
f 6019/515 5942/517 6111/516
f 5942/517 5957/513 6105/518
f 6105/518 5957/513 5997/519
f 6111/516 5942/517 6350/520
f 6350/520 5942/517 6105/518
f 6026/506 6111/516 6317/521
f 6026/506 6317/521 6126/508
f 6317/521 6111/516 6410/522
f 6126/508 6317/521 6418/523
f 6111/516 6350/520 6493/524
f 6111/516 6493/524 6410/522
f 6493/524 6350/520 6472/525
f 6472/525 6350/520 6105/518
f 6493/524 6472/525 6556/526
f 6126/508 6418/523 6361/509
f 6493/524 6556/526 6463/527
f 6493/524 6463/527 6410/522
f 6556/526 6472/525 6285/528
f 6556/526 6285/528 6463/527
f 6285/528 6472/525 6105/518
f 6410/522 6463/527 6300/529
f 6300/529 6463/527 6285/528
f 6285/528 6105/518 5938/530
f 6285/528 5938/530 6300/529
f 5938/530 6105/518 5989/531
f 5989/531 6105/518 5997/519
f 5989/531 5997/519 6162/532
f 6300/529 5938/530 6131/533
f 6410/522 6300/529 6401/534
f 6401/534 6300/529 6131/533
f 6131/533 5938/530 6009/535
f 6131/533 6009/535 6277/536
f 6131/533 6277/536 6401/534
f 6009/535 5938/530 5927/537
f 5927/537 5938/530 5989/531
f 6009/535 5927/537 6000/538
f 6009/535 6000/538 6277/536
f 5927/537 5989/531 5926/539
f 6000/538 5927/537 6018/540
f 6018/540 5927/537 5926/539
f 6000/538 6018/540 6250/541
f 6018/540 5926/539 6139/542
f 6018/540 6139/542 6250/541
f 6277/536 6000/538 6254/543
f 6254/543 6000/538 6250/541
f 6250/541 6139/542 6212/544
f 6212/544 6139/542 5926/539
f 5992/545 5926/539 5989/531
f 5992/545 5989/531 6125/546
f 6125/546 5989/531 6043/547
f 5992/545 6125/546 6023/548
f 5926/539 5992/545 5936/549
f 5926/539 5936/549 6226/550
f 5926/539 6226/550 6212/544
f 6212/544 6226/550 6256/551
f 6256/551 6226/550 6211/552
f 6256/551 6211/552 6037/553
f 6212/544 6256/551 5994/554
f 5994/554 6256/551 6037/553
f 6212/544 5994/554 5978/555
f 6212/544 5978/555 6250/541
f 5994/554 6037/553 5913/556
f 5994/554 5913/556 5978/555
f 5913/556 6037/553 6219/557
f 6250/541 5978/555 6001/558
f 6250/541 6001/558 6254/543
f 5978/555 5913/556 5908/559
f 5978/555 5908/559 6001/558
f 5913/556 6219/557 6208/560
f 5913/556 6208/560 5908/559
f 6208/560 6219/557 6117/561
f 6001/558 5908/559 6140/562
f 6140/562 5908/559 6208/560
f 6001/558 6140/562 6254/543
f 6140/562 6208/560 6262/563
f 6140/562 6262/563 6254/543
f 6254/543 6262/563 6277/536
f 6277/536 6262/563 6405/564
f 6405/564 6262/563 6408/565
f 6277/536 6405/564 6401/534
f 6405/564 6408/565 6318/566
f 6405/564 6318/566 6401/534
f 6318/566 6408/565 6282/567
f 6401/534 6318/566 6294/568
f 6318/566 6282/567 6297/569
f 6318/566 6297/569 6294/568
f 6297/569 6282/567 6304/570
f 6401/534 6294/568 6377/571
f 6377/571 6294/568 6297/569
f 6401/534 6377/571 6410/522
f 6297/569 6304/570 6366/572
f 6410/522 6377/571 6317/521
f 6317/521 6377/571 6418/523
f 6418/523 6377/571 6422/573
f 6418/523 6422/573 6393/574
f 6393/574 6422/573 6377/571
f 6418/523 6393/574 6361/509
f 6307/575 6377/571 6297/569
f 6377/571 6307/575 6393/574
f 6359/576 6297/569 6366/572
f 6297/569 6359/576 6307/575
f 6359/576 6366/572 6086/577
f 6086/577 6366/572 5911/578
f 6086/577 5911/578 5822/579
f 6359/576 6086/577 6045/580
f 6086/577 5822/579 5812/581
f 6086/577 5812/581 6045/580
f 6307/575 6359/576 6327/582
f 6327/582 6359/576 6045/580
f 6307/575 6327/582 6339/583
f 6307/575 6339/583 6393/574
f 6327/582 6045/580 5951/584
f 5951/584 6045/580 5812/581
f 6327/582 5951/584 6339/583
f 5951/584 5812/581 5808/585
f 5809/586 5812/581 5822/579
f 5812/581 5809/586 5808/585
f 5809/586 5822/579 5816/587
f 5808/585 5809/586 5813/588
f 5808/585 5813/588 5951/584
f 5813/588 5809/586 5815/589
f 5906/590 6339/583 5951/584
f 5906/590 5951/584 5813/588
f 5813/588 5815/589 5819/591
f 5813/588 5819/591 5906/590
f 5819/591 5815/589 5820/592
f 5906/590 5819/591 5868/593
f 5868/593 5819/591 5820/592
f 6339/583 5906/590 6321/594
f 6321/594 5906/590 5868/593
f 6339/583 6321/594 6430/595
f 6339/583 6430/595 6393/574
f 6321/594 5868/593 6252/596
f 6321/594 6252/596 6430/595
f 5868/593 5820/592 5830/597
f 5868/593 5830/597 6252/596
f 6393/574 6430/595 6546/598
f 6430/595 6252/596 6521/599
f 6393/574 6546/598 6548/600
f 6546/598 6430/595 6613/601
f 6613/601 6430/595 6521/599
f 6546/598 6613/601 6548/600
f 6521/599 6252/596 6604/602
f 6521/599 6604/602 6613/601
f 6393/574 6548/600 6361/509
f 6604/602 6252/596 6439/603
f 6439/603 6252/596 5830/597
f 6613/601 6604/602 6602/604
f 6613/601 6602/604 6548/600
f 6548/600 6602/604 6361/509
f 6602/604 6604/602 6439/603
f 6361/509 6602/604 6424/605
f 6424/605 6602/604 6439/603
f 6361/509 6424/605 6332/606
f 6332/606 6424/605 6439/603
f 6361/509 6332/606 6296/498
f 6296/498 6332/606 6328/473
f 6332/606 6439/603 6322/607
f 6332/606 6322/607 6328/473
f 6322/607 6439/603 5830/597
f 6328/473 6322/607 6335/608
f 6328/473 6335/608 6341/465
f 6341/465 6335/608 6330/609
f 6335/608 6322/607 5860/610
f 6335/608 5860/610 6330/609
f 5860/610 6322/607 5830/597
f 6341/465 6330/609 6411/461
f 6411/461 6330/609 5860/610
s 0
f 6411/461 5860/610 5359/611
f 6411/461 5359/611 5723/612
f 6411/461 5723/612 6845/439
f 6845/439 5723/612 6407/438
f 6407/438 5723/612 5522/421
f 5723/612 5359/611 4704/613
f 5359/611 5860/610 4766/614
f 5359/611 4766/614 4704/613
f 4766/614 5860/610 5377/615
f 5377/615 5860/610 5830/597
f 4766/614 5377/615 4655/616
f 5377/615 5830/597 5447/617
f 5377/615 5447/617 4655/616
s 1
f 5447/617 5830/597 5820/592
f 5447/617 5820/592 5460/618
s 0
f 5447/617 5460/618 4706/619
f 5447/617 4706/619 4655/616
f 4766/614 4655/616 4516/620
f 4766/614 4516/620 4704/613
f 4655/616 4706/619 4477/621
f 4477/621 4706/619 4468/622
f 4516/620 4655/616 4290/623
f 4290/623 4655/616 4477/621
f 4477/621 4468/622 4083/624
f 4477/621 4083/624 4290/623
f 4083/624 4468/622 3990/625
f 4083/624 3990/625 3791/626
f 3457/627 3791/626 3574/628
f 3791/626 3457/627 3607/629
f 3791/626 3607/629 4083/624
f 4083/624 3607/629 3836/630
f 4083/624 3836/630 4290/623
f 3836/630 3607/629 123/631
f 3836/630 123/631 3610/632
f 4290/623 3836/630 4130/633
f 4130/633 3836/630 3610/632
f 4290/623 4130/633 4516/620
f 4130/633 3610/632 3792/634
f 3792/634 3610/632 85/635
f 4516/620 4130/633 4479/636
f 3792/634 85/635 3715/637
f 4516/620 4479/636 4704/613
f 4130/633 3792/634 4178/638
f 4130/633 4178/638 4479/636
f 4178/638 3792/634 3715/637
f 4704/613 4479/636 4465/639
f 4465/639 4479/636 4178/638
f 4178/638 3715/637 4132/640
f 4178/638 4132/640 4465/639
s 1
f 168/641 3656/642 3715/637
f 3715/637 3656/642 3786/643
f 4132/640 3715/637 3933/644
f 3933/644 3715/637 3786/643
f 3786/643 3656/642 3781/645
f 3781/645 3656/642 3602/646
f 3781/645 3602/646 3672/647
f 3786/643 3781/645 3771/648
f 3786/643 3771/648 3933/644
f 3781/645 3672/647 3763/649
f 3771/648 3781/645 3779/650
f 24/651 3564/652 3672/647
f 3771/648 3779/650 3800/653
f 3771/648 3800/653 3933/644
f 3779/650 3781/645 3782/654
f 3782/654 3781/645 3763/649
f 3800/653 3779/650 3796/655
f 3796/655 3779/650 3782/654
f 3800/653 3796/655 3843/656
f 3800/653 3843/656 3852/657
f 3800/653 3852/657 3933/644
f 3843/656 3796/655 3853/658
f 3852/657 3843/656 3849/659
f 3849/659 3843/656 3853/658
f 3852/657 3849/659 3928/660
f 3852/657 3928/660 3933/644
f 3783/661 3796/655 3782/654
f 3796/655 3783/661 3853/658
f 3783/661 3782/654 3747/662
f 3747/662 3782/654 3763/649
f 3783/661 3747/662 3743/663
f 3783/661 3743/663 3853/658
f 3747/662 3763/649 3683/664
f 3683/664 3763/649 3672/647
f 3683/664 3672/647 3564/652
f 3747/662 3683/664 3678/665
f 3747/662 3678/665 3743/663
f 3683/664 3564/652 3559/666
f 3683/664 3559/666 3678/665
f 3559/666 3564/652 3/667
f 3559/666 3/667 3504/668
f 3678/665 3559/666 3637/669
f 3678/665 3637/669 3743/663
f 3637/669 3559/666 3504/668
f 3637/669 3504/668 3712/670
f 3637/669 3712/670 3743/663
f 3712/670 3504/668 125/671
f 3712/670 125/671 3619/672
f 3743/663 3712/670 3884/673
f 3743/663 3884/673 3853/658
f 3712/670 3619/672 3768/674
f 3712/670 3768/674 3884/673
f 3768/674 3619/672 3847/675
f 3768/674 3847/675 3884/673
f 3847/675 3619/672 3753/676
f 3753/676 3619/672 3549/677
f 3753/676 3549/677 3573/678
f 3573/678 3549/677 3478/679
f 3847/675 3753/676 3866/680
f 3866/680 3753/676 3734/681
f 3734/681 3753/676 3573/678
f 3866/680 3734/681 3864/682
f 3866/680 3864/682 3869/683
f 3864/682 3734/681 3766/684
f 3864/682 3766/684 3869/683
f 3847/675 3866/680 3863/685
f 3863/685 3866/680 3869/683
f 3847/675 3863/685 3909/686
f 3847/675 3909/686 3884/673
f 3909/686 3863/685 3874/687
f 3863/685 3869/683 3871/688
f 3863/685 3871/688 3874/687
f 3874/687 3871/688 3872/689
f 3909/686 3874/687 3957/690
f 3957/690 3874/687 3872/689
f 3884/673 3909/686 3945/691
f 3945/691 3909/686 3957/690
f 3957/690 3872/689 3921/692
f 3921/692 3872/689 3871/688
f 3957/690 3921/692 3944/693
f 3957/690 3944/693 3945/691
f 3921/692 3871/688 3892/694
f 3892/694 3871/688 3869/683
f 3944/693 3921/692 3915/695
f 3915/695 3921/692 3892/694
f 3892/694 3869/683 3799/696
f 3915/695 3892/694 3923/697
f 3915/695 3923/697 3944/693
f 3799/696 3869/683 3766/684
f 3944/693 3923/697 3976/698
f 3944/693 3976/698 3945/691
f 3799/696 3766/684 3558/699
f 3949/700 3884/673 3945/691
f 3884/673 3949/700 3931/701
f 3949/700 3945/691 3948/702
f 3949/700 3948/702 3931/701
f 3884/673 3931/701 3853/658
f 3853/658 3931/701 3879/703
f 3853/658 3879/703 3849/659
f 3849/659 3879/703 3926/704
f 3849/659 3926/704 3928/660
f 3879/703 3931/701 3963/705
f 3879/703 3963/705 3926/704
f 3928/660 3926/704 3962/706
f 3962/706 3926/704 3963/705
f 3928/660 3962/706 3933/644
f 3963/705 3931/701 3956/707
f 3963/705 3956/707 3962/706
f 3956/707 3931/701 3948/702
f 3933/644 3962/706 4088/708
f 4088/708 3962/706 3956/707
f 3933/644 4088/708 4161/709
f 3933/644 4161/709 4132/640
f 4132/640 4161/709 4465/639
f 3956/707 3948/702 3986/710
f 3986/710 3948/702 3965/711
f 4088/708 3956/707 4041/712
f 4041/712 3956/707 3986/710
f 3965/711 3948/702 3980/713
f 3980/713 3948/702 3945/691
f 3986/710 3965/711 4012/714
f 3986/710 4012/714 4041/712
f 4012/714 3965/711 3980/713
f 3980/713 3945/691 3976/698
f 4012/714 3980/713 4010/715
f 3980/713 3976/698 4011/716
f 3980/713 4011/716 4010/715
f 4011/716 3976/698 3992/717
f 4012/714 4010/715 4064/718
f 4012/714 4064/718 4041/712
f 4010/715 4011/716 4067/719
f 4010/715 4067/719 4064/718
f 4011/716 3992/717 4055/720
f 4011/716 4055/720 4067/719
f 3992/717 3976/698 4007/721
f 3992/717 4007/721 4055/720
f 4007/721 3976/698 3923/697
f 4007/721 3923/697 4155/722
f 4055/720 4007/721 4071/723
f 4071/723 4007/721 4155/722
f 4067/719 4055/720 4066/724
f 4066/724 4055/720 4071/723
f 4071/723 4155/722 4133/725
f 4071/723 4133/725 4066/724
f 4133/725 4155/722 4627/726
f 4067/719 4066/724 4069/727
f 4069/727 4066/724 4133/725
f 4067/719 4069/727 4064/718
f 4133/725 4627/726 4563/728
f 4563/728 4627/726 4907/729
f 4069/727 4133/725 4160/730
f 4160/730 4133/725 4563/728
f 4064/718 4069/727 4068/731
f 4068/731 4069/727 4160/730
f 4064/718 4068/731 4041/712
f 4160/730 4563/728 4630/732
f 4563/728 4907/729 4904/733
f 4563/728 4904/733 4630/732
f 4904/733 4907/729 4960/734
f 4960/734 4907/729 4923/735
f 4068/731 4160/730 4255/736
f 4255/736 4160/730 4630/732
f 4162/737 4041/712 4068/731
f 4162/737 4068/731 4255/736
f 4041/712 4162/737 4519/738
f 4162/737 4255/736 4601/739
f 4601/739 4255/736 4630/732
f 4162/737 4601/739 4519/738
f 4041/712 4519/738 4088/708
f 4890/740 4630/732 4904/733
f 4088/708 4519/738 4493/741
f 4088/708 4493/741 4161/709
f 4519/738 4601/739 4771/742
f 4890/740 4904/733 4925/743
f 4823/744 4601/739 4630/732
f 4823/744 4630/732 4890/740
f 4601/739 4823/744 4771/742
f 4823/744 4890/740 4925/743
f 4925/743 4904/733 4960/734
f 4823/744 4925/743 4881/745
f 4823/744 4881/745 4771/742
f 4881/745 4925/743 5123/746
f 4726/747 4519/738 4771/742
f 4519/738 4726/747 4493/741
f 4771/742 4881/745 4853/748
f 4853/748 4881/745 5123/746
f 4726/747 4771/742 4755/749
f 4755/749 4771/742 4853/748
f 4493/741 4726/747 4721/750
f 4493/741 4721/750 4554/751
f 4493/741 4554/751 4161/709
f 4161/709 4554/751 4465/639
f 4554/751 4721/750 4722/752
f 4554/751 4722/752 4465/639
f 4721/750 4726/747 4741/753
f 4741/753 4726/747 4755/749
f 4721/750 4741/753 4722/752
f 4465/639 4722/752 4808/754
s 0
f 4465/639 4808/754 4704/613
f 4704/613 4808/754 5723/612
f 5723/612 4808/754 5522/421
s 1
f 5522/421 4808/754 4722/752
f 4722/752 4741/753 4772/755
f 4722/752 4772/755 5522/421
f 4772/755 4741/753 4834/756
f 4834/756 4741/753 4755/749
f 5522/421 4772/755 5003/757
f 5003/757 4772/755 4834/756
f 5522/421 5003/757 5374/425
f 4834/756 4755/749 4930/758
f 5003/757 4834/756 5102/759
f 5003/757 5102/759 5374/425
f 5102/759 4834/756 4930/758
f 4930/758 4755/749 4853/748
f 5374/425 5102/759 5360/760
f 5374/425 5360/760 5701/416
f 5102/759 4930/758 5303/761
f 5102/759 5303/761 5360/760
f 4930/758 4853/748 5363/762
f 4930/758 5363/762 5303/761
f 5701/416 5360/760 5546/763
f 5546/763 5360/760 5303/761
f 5546/763 5303/761 5363/762
f 5701/416 5546/763 5793/423
f 5793/423 5546/763 5706/764
f 5706/764 5546/763 5363/762
f 5793/423 5706/764 6006/427
f 4853/748 5123/746 5363/762
f 5706/764 5363/762 5647/765
f 5706/764 5647/765 6006/427
f 5363/762 5123/746 5491/766
f 5363/762 5491/766 5647/765
f 6006/427 5647/765 5645/767
f 5645/767 5647/765 5491/766
f 5491/766 5123/746 5266/768
f 5491/766 5266/768 5438/769
f 5491/766 5438/769 5645/767
f 5266/768 5123/746 5047/770
f 5047/770 5123/746 4925/743
f 5047/770 4925/743 4960/734
f 5266/768 5047/770 5133/771
f 5133/771 5047/770 4960/734
f 5133/771 4960/734 5050/772
f 5050/772 4960/734 4923/735
f 5050/772 4923/735 5036/773
f 5133/771 5050/772 5246/774
f 5266/768 5133/771 5317/775
f 5317/775 5133/771 5246/774
f 5266/768 5317/775 5438/769
f 5317/775 5246/774 5417/776
f 5438/769 5317/775 5500/777
f 5500/777 5317/775 5417/776
f 5438/769 5500/777 5645/767
f 5500/777 5417/776 5671/778
f 5500/777 5671/778 5645/767
f 5645/767 5671/778 5876/779
f 5876/779 5671/778 6193/780
f 5645/767 5876/779 5879/781
f 5645/767 5879/781 6006/427
f 5876/779 6193/780 6659/782
f 6659/782 6193/780 6697/783
f 5879/781 5876/779 6487/784
f 6487/784 5876/779 6659/782
f 6006/427 5879/781 6501/785
f 6501/785 5879/781 6487/784
f 6006/427 6501/785 6742/424
f 6501/785 6487/784 6717/786
f 6501/785 6717/786 6742/424
f 6717/786 6487/784 6659/782
f 6742/424 6717/786 6940/429
f 6776/787 6659/782 6697/783
f 6776/787 6697/783 6787/788
f 6776/787 6787/788 6917/789
f 6717/786 6659/782 6803/790
f 6803/790 6659/782 6776/787
f 6717/786 6803/790 6940/429
f 6776/787 6917/789 6895/791
f 6776/787 6895/791 6803/790
f 6940/429 6803/790 6915/792
f 6915/792 6803/790 6895/791
f 6940/429 6915/792 7173/440
f 6895/791 6917/789 7043/793
f 7043/793 6917/789 7115/794
f 6915/792 6895/791 7032/795
f 6915/792 7032/795 7173/440
f 7032/795 6895/791 7043/793
f 7043/793 7115/794 7145/796
f 7043/793 7145/796 7032/795
f 7145/796 7115/794 7144/797
f 7144/797 7115/794 7133/798
f 7144/797 7133/798 7059/799
f 7032/795 7145/796 7179/800
f 7032/795 7179/800 7173/440
f 7145/796 7144/797 7131/801
f 7145/796 7131/801 7179/800
f 7173/440 7179/800 7192/802
f 7192/802 7179/800 7131/801
f 7173/440 7192/802 7238/453
f 7238/453 7192/802 7084/455
f 7084/455 7192/802 7131/801
f 7131/801 7144/797 7036/803
f 7036/803 7144/797 7059/799
f 7084/455 7131/801 6952/804
f 6952/804 7131/801 7036/803
f 7036/803 7059/799 6949/805
f 7036/803 6949/805 6952/804
f 6949/805 7059/799 6985/806
f 6949/805 6985/806 6826/807
f 6949/805 6826/807 6823/808
f 6949/805 6823/808 6952/804
f 6823/808 6826/807 6720/487
f 6823/808 6720/487 6689/480
f 6952/804 6823/808 6809/809
f 6809/809 6823/808 6689/480
f 6930/810 7084/455 6952/804
f 6930/810 6952/804 6809/809
f 7084/455 6930/810 6779/458
f 6809/809 6689/480 6782/811
f 6809/809 6782/811 6930/810
f 6930/810 6782/811 6779/458
f 6782/811 6689/480 6651/467
f 6782/811 6651/467 6779/458
f 2809/812 2822/813 2044/814
f 2822/813 2809/812 3018/815
f 2809/812 2044/814 2938/816
f 2809/812 2938/816 3018/815
f 3018/815 2938/816 3276/817
f 3018/815 3276/817 3272/818
f 2822/813 3018/815 3080/819
f 3080/819 3018/815 3272/818
f 2822/813 3080/819 2885/820
f 2885/820 3080/819 3098/821
f 3098/821 3080/819 3272/818
f 2822/813 2885/820 2500/822
f 3272/818 3276/817 3390/823
f 3390/823 3276/817 3397/824
f 3397/824 3276/817 2938/816
f 3272/818 3390/823 3404/825
f 3390/823 3397/824 3417/826
f 3390/823 3417/826 3404/825
f 3272/818 3404/825 3341/827
f 3272/818 3341/827 3098/821
f 3341/827 3404/825 3330/828
f 3341/827 3330/828 3098/821
f 3397/824 2938/816 3028/829
f 3330/828 3404/825 3406/830
f 3406/830 3404/825 3417/826
f 3405/831 3417/826 3397/824
f 3405/831 3397/824 3028/829
f 3406/830 3417/826 3396/832
f 3417/826 3405/831 3370/833
f 3417/826 3370/833 3396/832
f 3370/833 3405/831 3352/834
f 3352/834 3405/831 3028/829
f 3396/832 3370/833 3350/835
f 3370/833 3352/834 3229/836
f 3370/833 3229/836 3350/835
f 3352/834 3028/829 3149/837
f 3352/834 3149/837 3229/836
f 3350/835 3229/836 3092/838
f 3396/832 3350/835 3271/839
f 3271/839 3350/835 3092/838
f 3396/832 3271/839 3304/840
f 3396/832 3304/840 3406/830
f 3304/840 3271/839 3148/841
f 3406/830 3304/840 3323/842
f 3406/830 3323/842 3330/828
f 3323/842 3304/840 3248/843
f 3248/843 3304/840 3148/841
f 3330/828 3323/842 3258/844
f 3323/842 3248/843 3294/845
f 3323/842 3294/845 3258/844
f 3294/845 3248/843 3237/846
f 3237/846 3248/843 3148/841
f 3015/847 3148/841 3271/839
f 3015/847 3271/839 3092/838
f 3330/828 3258/844 3071/848
f 3330/828 3071/848 3098/821
f 3258/844 3294/845 3216/849
f 3258/844 3216/849 3071/848
f 3216/849 3294/845 3247/850
f 3247/850 3294/845 3237/846
f 3247/850 3237/846 3275/851
f 3216/849 3247/850 3150/852
f 3216/849 3150/852 3046/853
f 3216/849 3046/853 3071/848
f 3046/853 3150/852 3009/854
f 3046/853 3009/854 2933/855
f 2933/855 3009/854 2906/856
f 2933/855 2906/856 2835/857
f 3046/853 2933/855 2886/858
f 2886/858 2933/855 2835/857
f 3046/853 2886/858 3071/848
f 2886/858 2835/857 2625/859
f 2625/859 2835/857 2806/860
f 2625/859 2806/860 2039/861
f 2886/858 2625/859 2662/862
f 3071/848 2886/858 2850/863
f 2850/863 2886/858 2662/862
f 2662/862 2625/859 2005/864
f 2005/864 2625/859 2039/861
f 2850/863 2662/862 2546/865
f 2546/865 2662/862 2005/864
f 3071/848 2850/863 2912/866
f 2912/866 2850/863 2546/865
f 3071/848 2912/866 3098/821
f 3098/821 2912/866 2885/820
f 2885/820 2912/866 2500/822
f 2500/822 2912/866 2546/865
f 2546/865 2005/864 1970/867
f 2500/822 2546/865 1988/868
f 1988/868 2546/865 1970/867
f 1970/867 2005/864 1851/869
f 1970/867 1851/869 1988/868
f 1908/870 2005/864 2039/861
f 1908/870 2039/861 1903/871
f 1908/870 1903/871 1804/872
f 2005/864 1908/870 1844/873
f 1844/873 1908/870 1804/872
f 2005/864 1844/873 1851/869
f 1698/874 1704/875 1804/872
f 1755/876 1988/868 1851/869
f 1844/873 1804/872 1699/877
f 1699/877 1804/872 1704/875
f 1851/869 1844/873 1734/878
f 1734/878 1844/873 1699/877
f 1851/869 1734/878 1599/879
f 1851/869 1599/879 1755/876
f 1734/878 1699/877 1588/880
f 1734/878 1588/880 1599/879
f 1699/877 1704/875 1597/881
f 1699/877 1597/881 1588/880
f 1597/881 1704/875 1611/882
f 1597/881 1611/882 1502/883
f 1597/881 1502/883 1500/884
f 1597/881 1500/884 1588/880
f 1500/884 1502/883 1456/885
f 1588/880 1500/884 1506/886
f 1588/880 1506/886 1599/879
f 1500/884 1456/885 1464/887
f 1464/887 1456/885 1276/888
f 1506/886 1500/884 1440/889
f 1440/889 1500/884 1464/887
f 1440/889 1464/887 1278/890
f 1278/890 1464/887 1276/888
f 1506/886 1440/889 1347/891
f 1365/892 1599/879 1506/886
f 1365/892 1506/886 1347/891
f 1599/879 1365/892 1448/893
f 1599/879 1448/893 1604/894
f 1599/879 1604/894 1755/876
f 1604/894 1448/893 1606/895
f 1604/894 1606/895 1755/876
f 1448/893 1365/892 1357/896
f 1606/895 1448/893 1481/897
f 1481/897 1448/893 1357/896
f 1606/895 1481/897 1568/898
f 1568/898 1481/897 1378/899
f 1378/899 1481/897 1357/896
f 1606/895 1568/898 1821/900
f 1568/898 1378/899 1890/901
f 1568/898 1890/901 1821/900
f 1336/902 1357/896 1365/892
f 1336/902 1365/892 1347/891
f 1606/895 1821/900 1813/903
f 1606/895 1813/903 1755/876
f 1813/903 1821/900 2044/814
f 2044/814 1821/900 1890/901
f 1755/876 1813/903 1917/904
f 1755/876 1917/904 1988/868
f 1988/868 1917/904 2500/822
f 1917/904 1813/903 1964/905
f 1917/904 1964/905 2500/822
f 1964/905 1813/903 2044/814
f 2500/822 1964/905 2822/813
f 2822/813 1964/905 2044/814
f 2044/814 1890/901 2938/816
s 0
f 2938/816 1890/901 2127/906
f 2938/816 2127/906 3028/829
f 2127/906 1890/901 1746/907
s 1
f 1746/907 1890/901 1378/899
s 0
f 3028/829 2127/906 2831/908
s 1
f 3028/829 2831/908 3149/837
s 0
f 2127/906 1746/907 1646/909
s 1
f 1746/907 1378/899 1320/910
f 1320/910 1378/899 1357/896
f 1746/907 1320/910 1264/911
s 0
f 1746/907 1264/911 1646/909
s 1
f 1320/910 1357/896 1319/912
f 1319/912 1357/896 1336/902
f 1264/911 1320/910 1189/913
f 1189/913 1320/910 1319/912
f 1319/912 1336/902 1240/914
f 1319/912 1240/914 1189/913
f 1240/914 1336/902 1347/891
f 1264/911 1189/913 843/915
f 1240/914 1347/891 1217/916
f 1217/916 1347/891 1280/917
f 1280/917 1347/891 1440/889
f 1280/917 1440/889 1278/890
f 1217/916 1280/917 881/918
f 881/918 1280/917 1278/890
f 1240/914 1217/916 739/919
f 739/919 1217/916 881/918
f 684/920 1189/913 1240/914
f 684/920 1240/914 739/919
f 739/919 881/918 665/921
f 739/919 665/921 572/922
f 739/919 572/922 684/920
f 665/921 881/918 676/923
f 684/920 572/922 565/924
f 684/920 565/924 602/925
f 684/920 602/925 1189/913
f 1189/913 602/925 843/915
f 676/923 881/918 777/926
f 777/926 881/918 1278/890
f 676/923 777/926 674/927
f 777/926 1278/890 1098/928
f 777/926 1098/928 674/927
f 1098/928 1278/890 1276/888
f 1098/928 1276/888 758/929
f 1098/928 758/929 674/927
f 674/927 758/929 623/930
f 566/931 453/932 602/925
f 453/932 566/931 460/933
f 602/925 453/932 843/915
f 453/932 460/933 357/934
f 453/932 357/934 312/935
f 453/932 312/935 294/936
s 0
f 453/932 294/936 843/915
s 1
f 294/936 312/935 168/937
f 294/936 168/937 113/938
f 113/938 168/937 3715/939
s 0
f 113/938 3715/939 85/940
f 294/936 113/938 446/941
f 446/941 113/938 85/940
f 294/936 446/941 843/915
f 446/941 85/940 353/942
f 353/942 85/940 3610/943
f 843/915 446/941 753/944
f 753/944 446/941 353/942
f 353/942 3610/943 123/945
f 843/915 753/944 1194/946
f 843/915 1194/946 1264/911
f 1264/911 1194/946 1646/909
f 1194/946 753/944 1192/947
f 1646/909 1194/946 1288/948
f 1288/948 1194/946 1192/947
f 1192/947 753/944 794/949
f 794/949 753/944 353/942
f 1288/948 1192/947 1231/950
f 1231/950 1192/947 794/949
f 794/949 353/942 587/951
f 587/951 353/942 123/945
f 794/949 587/951 921/952
f 794/949 921/952 1231/950
f 587/951 123/945 346/953
f 921/952 587/951 846/954
f 846/954 587/951 346/953
f 346/953 123/945 155/955
f 155/955 123/945 3607/956
f 155/955 3607/956 3457/957
f 155/955 3457/957 346/953
f 346/953 3457/957 293/958
f 293/958 3457/957 3574/959
f 346/953 293/958 741/960
f 346/953 741/960 846/954
f 741/960 293/958 536/961
f 846/954 741/960 1253/962
f 1253/962 741/960 968/963
f 1205/964 921/952 846/954
f 1205/964 846/954 1253/962
f 921/952 1205/964 1231/950
f 1205/964 1253/962 1313/965
f 1205/964 1313/965 1231/950
f 1557/966 1253/962 1245/967
f 1253/962 1557/966 1545/968
f 1253/962 1545/968 1313/965
f 1545/968 1557/966 1881/969
f 1231/950 1313/965 1592/970
f 1231/950 1592/970 1288/948
f 1313/965 1545/968 1788/971
f 1313/965 1788/971 1592/970
f 1788/971 1545/968 1881/969
f 1288/948 1592/970 1685/972
s 1
f 1966/973 1881/969 1965/974
f 1881/969 1966/973 1788/971
s 0
f 1288/948 1685/972 1646/909
s 1
f 1788/971 1966/973 1954/975
s 0
f 1646/909 1685/972 1936/976
f 1646/909 1936/976 2127/906
f 2127/906 1936/976 2831/908
s 1
f 1788/971 1954/975 2460/977
f 2460/977 1954/975 2040/978
f 2460/977 2040/978 2504/979
f 2460/977 2504/979 2610/980
f 2460/977 2610/980 2779/981
f 2460/977 2779/981 2673/982
f 2460/977 2673/982 2510/983
f 2460/977 2510/983 2475/984
s 0
f 1788/971 2460/977 2108/985
s 1
f 2108/985 2460/977 2475/984
s 0
f 1788/971 2108/985 1871/986
f 1788/971 1871/986 1592/970
f 1592/970 1871/986 1685/972
f 1871/986 2108/985 2013/987
f 1871/986 2013/987 1685/972
s 1
f 2013/987 2108/985 2475/984
f 2013/987 2475/984 2478/988
s 0
f 1685/972 2013/987 1936/976
s 1
f 1936/976 2013/987 2478/988
f 1936/976 2478/988 2501/989
f 1936/976 2501/989 2820/990
f 1936/976 2820/990 2831/908
f 2820/990 2501/989 2489/991
f 2831/908 2820/990 2963/992
f 2831/908 2963/992 3149/837
f 2820/990 2489/991 2813/993
f 2813/993 2489/991 2487/994
f 2963/992 2820/990 2905/995
f 2905/995 2820/990 2813/993
f 3149/837 2963/992 3053/996
f 3053/996 2963/992 2905/995
f 3149/837 3053/996 3229/836
f 3229/836 3053/996 3047/997
f 3229/836 3047/997 3092/838
f 3053/996 2905/995 2924/998
f 3053/996 2924/998 3047/997
f 2924/998 2905/995 2813/993
f 3047/997 2924/998 3092/838
f 2836/999 2813/993 2487/994
f 2813/993 2836/999 2924/998
f 2836/999 2487/994 2495/1000
f 3092/838 2924/998 2848/1001
f 2848/1001 2924/998 2836/999
f 2848/1001 2836/999 2495/1000
f 2848/1001 2495/1000 2243/1002
f 3092/838 2848/1001 3015/847
f 2848/1001 2243/1002 2839/1003
f 2848/1001 2839/1003 3015/847
f 2839/1003 2243/1002 2557/1004
f 2557/1004 2243/1002 2126/1005
f 3015/847 2839/1003 2881/1006
f 2881/1006 2839/1003 2557/1004
f 3015/847 2881/1006 3008/1007
f 3015/847 3008/1007 3148/841
f 3148/841 3008/1007 3142/1008
f 3148/841 3142/1008 3237/846
f 3237/846 3142/1008 3146/1009
f 3237/846 3146/1009 3235/1010
f 3142/1008 3008/1007 2990/1011
f 3142/1008 2990/1011 3146/1009
f 2990/1011 3008/1007 2881/1006
f 3146/1009 2990/1011 3057/1012
f 2990/1011 2881/1006 2865/1013
f 2865/1013 2881/1006 2557/1004
f 2990/1011 2865/1013 2915/1014
f 2915/1014 2865/1013 2827/1015
f 2865/1013 2557/1004 2461/1016
f 2865/1013 2461/1016 2827/1015
f 2461/1016 2557/1004 2126/1005
f 2827/1015 2461/1016 2390/1017
f 2461/1016 2126/1005 2076/1018
f 2461/1016 2076/1018 2390/1017
f 5510/1019 5670/1020 5840/1021
f 5510/1019 5840/1021 5721/1022
f 5452/1023 5631/1024 5670/1020
f 5452/1023 5670/1020 5510/1019
f 5452/1023 5510/1019 5247/1025
f 5247/1025 5510/1019 5179/1026
f 5247/1025 5179/1026 4871/1027
f 5510/1019 5721/1022 5584/1028
f 4871/1027 5179/1026 5096/1029
f 5584/1028 5721/1022 5638/1030
f 5638/1030 5721/1022 5776/1031
f 5638/1030 5776/1031 5643/1032
f 5638/1030 5643/1032 5597/1033
f 5638/1030 5597/1033 5584/1028
f 5597/1033 5643/1032 5688/1034
f 5510/1019 5584/1028 5415/1035
f 5415/1035 5584/1028 5597/1033
f 5597/1033 5688/1034 5526/1036
f 5597/1033 5526/1036 5415/1035
f 5510/1019 5415/1035 5300/1037
f 5510/1019 5300/1037 5179/1026
f 5300/1037 5415/1035 5443/1038
f 5443/1038 5415/1035 5526/1036
f 5179/1026 5300/1037 5260/1039
f 5179/1026 5260/1039 5096/1029
f 5300/1037 5443/1038 5350/1040
f 5300/1037 5350/1040 5260/1039
f 5350/1040 5443/1038 5525/1041
f 5260/1039 5350/1040 5396/1042
f 5396/1042 5350/1040 5525/1041
f 5525/1041 5443/1038 5523/1043
f 5525/1041 5523/1043 5396/1042
f 5523/1043 5443/1038 5526/1036
f 5396/1042 5523/1043 5386/1044
f 5396/1042 5386/1044 5260/1039
f 5386/1044 5523/1043 5526/1036
f 5464/1045 5526/1036 5688/1034
f 5526/1036 5464/1045 5386/1044
f 5464/1045 5688/1034 5852/1046
f 5464/1045 5852/1046 5617/1047
f 5464/1045 5617/1047 5364/1048
f 5464/1045 5364/1048 5202/1049
f 5464/1045 5202/1049 5386/1044
f 5202/1049 5364/1048 5170/1050
f 5202/1049 5170/1050 4954/1051
f 5202/1049 4954/1051 4999/1052
f 5202/1049 4999/1052 5057/1053
f 5057/1053 4999/1052 5006/1054
f 5386/1044 5202/1049 5280/1055
f 5280/1055 5202/1049 5057/1053
f 5057/1053 5006/1054 4946/1056
f 5386/1044 5280/1055 5318/1057
f 5386/1044 5318/1057 5260/1039
f 5260/1039 5318/1057 5096/1029
f 5318/1057 5280/1055 5200/1058
f 5318/1057 5200/1058 5096/1029
f 5200/1058 5280/1055 5265/1059
f 5096/1029 5200/1058 5218/1060
f 5218/1060 5200/1058 5265/1059
f 5096/1029 5218/1060 4867/1061
f 5096/1029 4867/1061 4871/1027
f 4871/1027 4867/1061 4768/1062
f 4867/1061 5218/1060 5049/1063
f 4768/1062 4867/1061 4872/1064
f 4872/1064 4867/1061 5049/1063
f 5049/1063 5218/1060 5149/1065
f 5149/1065 5218/1060 5265/1059
f 5049/1063 5149/1065 4872/1064
f 5149/1065 5265/1059 5115/1066
f 5149/1065 5115/1066 4872/1064
f 5115/1066 5265/1059 5280/1055
f 4768/1062 4872/1064 4767/1067
f 5115/1066 5280/1055 5057/1053
f 4768/1062 4767/1067 4729/1068
f 4872/1064 5115/1066 4850/1069
f 4872/1064 4850/1069 4767/1067
f 4850/1069 5115/1066 5057/1053
f 4767/1067 4850/1069 4887/1070
f 4767/1067 4887/1070 4729/1068
f 4850/1069 5057/1053 5044/1071
f 4850/1069 5044/1071 4887/1070
f 4729/1068 4887/1070 4795/1072
f 4887/1070 5044/1071 4969/1073
f 4887/1070 4969/1073 4795/1072
f 5044/1071 5057/1053 4951/1074
f 5044/1071 4951/1074 4969/1073
f 4795/1072 4969/1073 4801/1075
f 4801/1075 4969/1073 4951/1074
f 4729/1068 4795/1072 4734/1076
f 4734/1076 4795/1072 4801/1075
f 4729/1068 4734/1076 4713/1077
f 4729/1068 4713/1077 4699/1078
f 4734/1076 4801/1075 4802/1079
f 4802/1079 4801/1075 4951/1074
f 4713/1077 4734/1076 4825/1080
f 4825/1080 4734/1076 4802/1079
f 4802/1079 4951/1074 4931/1081
f 4931/1081 4951/1074 5057/1053
f 4802/1079 4931/1081 4825/1080
f 4931/1081 5057/1053 4946/1056
f 4931/1081 4946/1056 4825/1080
f 4807/1082 4699/1078 4713/1077
f 4807/1082 4713/1077 4825/1080
f 4699/1078 4807/1082 4781/1083
f 4825/1080 4946/1056 4874/1084
f 4699/1078 4781/1083 4744/1085
f 4699/1078 4744/1085 4719/1086
f 4781/1083 4807/1082 4984/1087
f 4781/1083 4984/1087 4744/1085
f 4807/1082 4825/1080 4896/1088
f 4807/1082 4896/1088 4984/1087
f 4896/1088 4825/1080 4874/1084
f 4984/1087 4896/1088 4903/1089
f 4903/1089 4896/1088 4874/1084
f 4984/1087 4903/1089 4744/1085
f 4744/1085 4903/1089 4874/1084
f 4759/1090 4719/1086 4744/1085
f 4744/1085 4874/1084 4778/1091
f 4744/1085 4778/1091 4759/1090
f 4778/1091 4874/1084 4914/1092
f 4778/1091 4914/1092 4759/1090
f 4759/1090 4914/1092 5033/1093
f 4759/1090 5033/1093 4813/1094
f 4759/1090 4813/1094 4758/1095
f 4914/1092 4874/1084 5034/1096
f 5034/1096 4874/1084 4953/1097
f 4953/1097 4874/1084 4946/1056
f 5034/1096 4953/1097 5000/1098
f 5000/1098 4953/1097 4920/1099
f 4920/1099 4953/1097 4841/1100
f 1910/1101 1866/1102 1874/1103
f 2973/1104 2997/1105 2890/1106
f 2973/1104 2890/1106 2914/1107
f 2997/1105 2973/1104 3075/1108
f 2973/1104 2914/1107 2908/1109
f 3075/1108 2973/1104 2983/1110
f 2983/1110 2973/1104 2908/1109
f 2908/1109 2914/1107 2904/1111
f 2904/1111 2914/1107 2864/1112
f 2983/1110 2908/1109 3000/1113
f 2983/1110 3000/1113 3075/1108
f 2908/1109 2904/1111 2968/1114
f 2908/1109 2968/1114 3000/1113
f 2904/1111 2864/1112 2969/1115
f 2969/1115 2864/1112 2845/1116
f 2968/1114 2904/1111 3058/1117
f 3058/1117 2904/1111 2969/1115
f 2969/1115 2845/1116 2877/1118
f 3000/1113 2968/1114 3042/1119
f 3000/1113 3042/1119 3075/1108
f 3042/1119 2968/1114 3058/1117
f 3203/1120 2997/1105 3075/1108
f 3075/1108 3042/1119 3144/1121
f 3075/1108 3144/1121 3203/1120
f 3144/1121 3042/1119 3077/1122
f 3077/1122 3042/1119 3058/1117
f 3203/1120 3144/1121 3121/1123
f 3121/1123 3144/1121 3077/1122
f 3203/1120 3121/1123 3321/1124
f 3203/1120 3321/1124 3375/1125
f 3121/1123 3077/1122 3097/1126
f 3097/1126 3077/1122 3058/1117
f 3321/1124 3121/1123 3160/1127
f 3160/1127 3121/1123 3097/1126
f 3375/1125 3321/1124 3360/1128
f 3321/1124 3160/1127 3300/1129
f 3321/1124 3300/1129 3360/1128
f 3300/1129 3160/1127 3178/1130
f 3178/1130 3160/1127 3097/1126
f 3300/1129 3178/1130 3360/1128
f 3375/1125 3360/1128 3401/1131
f 3178/1130 3097/1126 3186/1132
f 3178/1130 3186/1132 3360/1128
f 3186/1132 3097/1126 3058/1117
f 3401/1131 3360/1128 3356/1133
f 3356/1133 3360/1128 3186/1132
f 3186/1132 3058/1117 3201/1134
f 3186/1132 3201/1134 3356/1133
f 3201/1134 3058/1117 3176/1135
f 3401/1131 3356/1133 3368/1136
f 3368/1136 3356/1133 3283/1137
f 3401/1131 3368/1136 3398/1138
f 3401/1131 3398/1138 3427/1139
f 3368/1136 3283/1137 3244/1140
f 3368/1136 3244/1140 3398/1138
f 3283/1137 3356/1133 3239/1141
f 3239/1141 3356/1133 3201/1134
f 3283/1137 3239/1141 3244/1140
f 3427/1139 3398/1138 3419/1142
f 3398/1138 3244/1140 3313/1143
f 3313/1143 3244/1140 3239/1141
f 3398/1138 3313/1143 3419/1142
f 3239/1141 3201/1134 3297/1144
f 3239/1141 3297/1144 3313/1143
f 3297/1144 3201/1134 3176/1135
f 3419/1142 3313/1143 3373/1145
f 3373/1145 3313/1143 3297/1144
f 3430/1146 3427/1139 3419/1142
f 3419/1142 3373/1145 3347/1147
f 3347/1147 3373/1145 3297/1144
f 3419/1142 3347/1147 3430/1146
f 3297/1144 3176/1135 3259/1148
f 3347/1147 3297/1144 3286/1149
f 3286/1149 3297/1144 3259/1148
f 3347/1147 3286/1149 3225/1150
f 3347/1147 3225/1150 3327/1151
f 3347/1147 3327/1151 3430/1146
f 3327/1151 3225/1150 3224/1152
f 3224/1152 3225/1150 3286/1149
f 3430/1146 3327/1151 3378/1153
f 3378/1153 3327/1151 3224/1152
f 3378/1153 3224/1152 3359/1154
f 3359/1154 3224/1152 3286/1149
f 3430/1146 3378/1153 3429/1155
f 3429/1155 3378/1153 3359/1154
f 3430/1146 3429/1155 3413/1156
f 3430/1146 3413/1156 3434/1157
f 3429/1155 3359/1154 3346/1158
f 3346/1158 3359/1154 3286/1149
f 3429/1155 3346/1158 3391/1159
f 3429/1155 3391/1159 3413/1156
f 3346/1158 3286/1149 3255/1160
f 3346/1158 3255/1160 3391/1159
f 3391/1159 3255/1160 3207/1161
f 3413/1156 3391/1159 3268/1162
f 3268/1162 3391/1159 3207/1161
f 3268/1162 3207/1161 3169/1163
f 3169/1163 3207/1161 3255/1160
f 3413/1156 3268/1162 3326/1164
f 3326/1164 3268/1162 3169/1163
f 3413/1156 3326/1164 3382/1165
f 3413/1156 3382/1165 3384/1166
f 3326/1164 3169/1163 3316/1167
f 3316/1167 3169/1163 3255/1160
f 3326/1164 3316/1167 3382/1165
f 3384/1166 3382/1165 3342/1168
f 3316/1167 3255/1160 3242/1169
f 3316/1167 3242/1169 3382/1165
f 3242/1169 3255/1160 3208/1170
f 3208/1170 3255/1160 3286/1149
f 3382/1165 3242/1169 3252/1171
f 3382/1165 3252/1171 3342/1168
f 3252/1171 3242/1169 3147/1172
f 3147/1172 3242/1169 3208/1170
f 3342/1168 3252/1171 3260/1173
f 3208/1170 3286/1149 3273/1174
f 3342/1168 3260/1173 3230/1175
f 3342/1168 3230/1175 3264/1176
f 3260/1173 3252/1171 3161/1177
f 3161/1177 3252/1171 3147/1172
f 3230/1175 3260/1173 3139/1178
f 3139/1178 3260/1173 3161/1177
f 3139/1178 3161/1177 3069/1179
f 3230/1175 3139/1178 3067/1180
f 3067/1180 3139/1178 3069/1179
f 3069/1179 3161/1177 3061/1181
f 3069/1179 3061/1181 3067/1180
f 3061/1181 3161/1177 3147/1172
f 3230/1175 3067/1180 3141/1182
f 3230/1175 3141/1182 3264/1176
f 3067/1180 3061/1181 3086/1183
f 3067/1180 3086/1183 3141/1182
f 3061/1181 3147/1172 3111/1184
f 3111/1184 3147/1172 3208/1170
f 3086/1183 3061/1181 2981/1185
f 2981/1185 3061/1181 3111/1184
f 3086/1183 2981/1185 3021/1186
f 2981/1185 3111/1184 2980/1187
f 3086/1183 3021/1186 3082/1188
f 2980/1187 3111/1184 3050/1189
f 3111/1184 3208/1170 3197/1190
f 3111/1184 3197/1190 3050/1189
f 3197/1190 3208/1170 3273/1174
f 3050/1189 3197/1190 3246/1191
f 3246/1191 3197/1190 3273/1174
f 3086/1183 3082/1188 3171/1192
f 3086/1183 3171/1192 3141/1182
f 3171/1192 3082/1188 3199/1193
f 3141/1182 3171/1192 3264/1176
f 3264/1176 3171/1192 3199/1193
f 3246/1191 3273/1174 3265/1194
f 3273/1174 3286/1149 3259/1148
f 3273/1174 3259/1148 3265/1194
f 3246/1191 3265/1194 3262/1195
f 3265/1194 3259/1148 3179/1196
f 3246/1191 3262/1195 3275/1197
f 3246/1191 3275/1197 3235/1198
f 3235/1198 3275/1197 3237/1199
f 3179/1196 3259/1148 3173/1200
f 3173/1200 3259/1148 3176/1135
f 3265/1194 3179/1196 3174/1201
f 3275/1197 3262/1195 3196/1202
f 3275/1197 3196/1202 3247/1203
f 3247/1203 3196/1202 3150/1204
f 3226/1205 3262/1195 3265/1194
f 3226/1205 3265/1194 3174/1201
f 3262/1195 3226/1205 3204/1206
f 3150/1204 3196/1202 3074/1207
f 3150/1204 3074/1207 3009/1208
f 3009/1208 3074/1207 2906/1209
f 2906/1209 3074/1207 2992/1210
f 3074/1207 3196/1202 3110/1211
f 3074/1207 3110/1211 2992/1210
f 3192/1212 3196/1202 3262/1195
f 3192/1212 3262/1195 3204/1206
f 3196/1202 3192/1212 3122/1213
f 3196/1202 3122/1213 3110/1211
f 3192/1212 3204/1206 3133/1214
f 3122/1213 3192/1212 3101/1215
f 3101/1215 3192/1212 3133/1214
f 3110/1211 3122/1213 3027/1216
f 3122/1213 3101/1215 3044/1217
f 3122/1213 3044/1217 3027/1216
f 3101/1215 3133/1214 3078/1218
f 3101/1215 3078/1218 3044/1217
f 3099/1219 3133/1214 3204/1206
f 3133/1214 3099/1219 3078/1218
f 3044/1217 3078/1218 3040/1220
f 3044/1217 3040/1220 3027/1216
f 3040/1220 3078/1218 3099/1219
f 3036/1221 3110/1211 3027/1216
f 3036/1221 3027/1216 3040/1220
f 3110/1211 3036/1221 3107/1222
f 3110/1211 3107/1222 2992/1210
f 3036/1221 3040/1220 3039/1223
f 3039/1223 3040/1220 3099/1219
f 3107/1222 3036/1221 3094/1224
f 3094/1224 3036/1221 3039/1223
f 3039/1223 3099/1219 3180/1225
f 3180/1225 3099/1219 3204/1206
f 3039/1223 3180/1225 3094/1224
f 3180/1225 3204/1206 3226/1205
f 3107/1222 3094/1224 3135/1226
f 3135/1226 3094/1224 3180/1225
f 3135/1226 3180/1225 3226/1205
f 3107/1222 3135/1226 2992/1210
f 3135/1226 3226/1205 3174/1201
f 2992/1210 3135/1226 3043/1227
f 3043/1227 3135/1226 3174/1201
f 2883/1228 2992/1210 2877/1118
f 2877/1118 2992/1210 3043/1227
f 2877/1118 3043/1227 2969/1115
f 2969/1115 3043/1227 3127/1229
f 2969/1115 3127/1229 3058/1117
f 3058/1117 3127/1229 3176/1135
f 3176/1135 3127/1229 3173/1200
f 3127/1229 3043/1227 3115/1230
f 3112/1231 3043/1227 3174/1201
f 3043/1227 3112/1231 3115/1230
f 3112/1231 3174/1201 3145/1232
f 3145/1232 3174/1201 3179/1196
f 3088/1233 3179/1196 3173/1200
f 3179/1196 3088/1233 3145/1232
f 3054/1234 3173/1200 3127/1229
f 3112/1231 3145/1232 3063/1235
f 3063/1235 3145/1232 3088/1233
f 3088/1233 3173/1200 3090/1236
f 3090/1236 3173/1200 3054/1234
f 3090/1236 3054/1234 3088/1233
f 3054/1234 3127/1229 3045/1237
f 3045/1237 3127/1229 3115/1230
f 3088/1233 3054/1234 3026/1238
f 3088/1233 3026/1238 3063/1235
f 3026/1238 3054/1234 3045/1237
f 3063/1235 3026/1238 3033/1239
f 3033/1239 3026/1238 3045/1237
f 3033/1239 3045/1237 3115/1230
f 3063/1235 3033/1239 3112/1231
f 3112/1231 3033/1239 3115/1230
f 5452/1240 5416/1241 5481/1242
f 5416/1241 5452/1240 5247/1243
f 5452/1240 5481/1242 5513/1244
f 5452/1240 5513/1244 5631/1245
f 5631/1245 5513/1244 5572/1246
f 5631/1245 5572/1246 5720/1247
f 5572/1246 5513/1244 5481/1242
f 4871/1248 4915/1249 5247/1243
f 5416/1241 5247/1243 4958/1250
f 4958/1250 5247/1243 4915/1249
f 5416/1241 4958/1250 5222/1251
f 5416/1241 5222/1251 5481/1242
f 4958/1250 4915/1249 5104/1252
f 5104/1252 4915/1249 5082/1253
f 5104/1252 5082/1253 5232/1254
f 4958/1250 5104/1252 5022/1255
f 4958/1250 5022/1255 5222/1251
f 5104/1252 5232/1254 5189/1256
f 5104/1252 5189/1256 5022/1255
f 5189/1256 5232/1254 5385/1257
f 5385/1257 5232/1254 5258/1258
f 5022/1255 5189/1256 5207/1259
f 5022/1255 5207/1259 5222/1251
f 5222/1251 5207/1259 5408/1260
f 5222/1251 5408/1260 5481/1242
f 5207/1259 5189/1256 5369/1261
f 5207/1259 5369/1261 5408/1260
f 5369/1261 5189/1256 5385/1257
f 5408/1260 5369/1261 5481/1242
f 5481/1242 5369/1261 5551/1262
f 5551/1262 5369/1261 5385/1257
f 5481/1242 5551/1262 5572/1246
f 5572/1246 5551/1262 5385/1257
f 5572/1246 5385/1257 5565/1263
f 7000/1264 6775/1265 6822/1266
f 6775/1265 7000/1264 6885/1267
f 6775/1265 6885/1267 6780/1268
f 6780/1268 6885/1267 6813/1269
f 6780/1268 6813/1269 6777/1270
f 6780/1268 6777/1270 6741/1271
f 6777/1270 6813/1269 6743/1272
f 6777/1270 6743/1272 6741/1271
f 6741/1271 6743/1272 6767/1273
f 6741/1271 6767/1273 6758/1274
f 6743/1272 6813/1269 6793/1275
f 6743/1272 6793/1275 6767/1273
f 6876/1276 6813/1269 6885/1267
f 6813/1269 6876/1276 6793/1275
f 6876/1276 6885/1267 6929/1277
f 6929/1277 6885/1267 7000/1264
f 6793/1275 6876/1276 6824/1278
f 6793/1275 6824/1278 6767/1273
f 6824/1278 6876/1276 6882/1279
f 6882/1279 6876/1276 6929/1277
f 6767/1273 6824/1278 6834/1280
f 6834/1280 6824/1278 6882/1279
f 6767/1273 6834/1280 6758/1274
f 6834/1280 6882/1279 6929/1277
f 6758/1274 6834/1280 6890/1281
f 6758/1274 6890/1281 6844/1282
f 6834/1280 6929/1277 6958/1283
f 6834/1280 6958/1283 6890/1281
f 6958/1283 6929/1277 7021/1284
f 7021/1284 6929/1277 7000/1264
f 6958/1283 7021/1284 6928/1285
f 6958/1283 6928/1285 6890/1281
f 7021/1284 7000/1264 7205/1286
f 6928/1285 7021/1284 7049/1287
f 7049/1287 7021/1284 7205/1286
f 7026/1288 6844/1282 6890/1281
f 6844/1282 7026/1288 6953/1289
f 6953/1289 7026/1288 7090/1290
f 6928/1285 7049/1287 6960/1291
f 6944/1292 6890/1281 6928/1285
f 6944/1292 6928/1285 6960/1291
f 6890/1281 6944/1292 7028/1293
f 6890/1281 7028/1293 7026/1288
f 6944/1292 6960/1291 6986/1294
f 6944/1292 6986/1294 7028/1293
f 6960/1291 7049/1287 7093/1295
f 6960/1291 7093/1295 6986/1294
f 7093/1295 7049/1287 7205/1286
f 7028/1293 6986/1294 7051/1296
f 7051/1296 6986/1294 7093/1295
f 7051/1296 7093/1295 7216/1297
f 7051/1296 7216/1297 7028/1293
f 7216/1297 7093/1295 7205/1286
f 7028/1293 7216/1297 7204/1298
f 7028/1293 7204/1298 7026/1288
f 7216/1297 7205/1286 7253/1299
f 7216/1297 7253/1299 7204/1298
f 7026/1288 7204/1298 7076/1300
f 7253/1299 7205/1286 7182/1301
f 7182/1301 7205/1286 7000/1264
f 7204/1298 7253/1299 7224/1302
f 7204/1298 7224/1302 7078/1303
f 7204/1298 7078/1303 7076/1300
f 7224/1302 7253/1299 7279/1304
f 7078/1303 7224/1302 7138/1305
f 7138/1305 7224/1302 7279/1304
f 7076/1300 7078/1303 7079/1306
f 7079/1306 7078/1303 7138/1305
f 7079/1306 7138/1305 7225/1307
f 7225/1307 7138/1305 7279/1304
f 7076/1300 7079/1306 7153/1308
f 7153/1308 7079/1306 7225/1307
f 7125/1309 7026/1288 7076/1300
f 7125/1309 7076/1300 7153/1308
f 7026/1288 7125/1309 7090/1290
f 7153/1308 7225/1307 7242/1310
f 7242/1310 7225/1307 7279/1304
f 7153/1308 7242/1310 7125/1309
f 7090/1290 7125/1309 7143/1311
f 7090/1290 7143/1311 7116/1312
f 7125/1309 7242/1310 7230/1313
f 7116/1312 7143/1311 7077/1314
f 7143/1311 7125/1309 7168/1315
f 7168/1315 7125/1309 7230/1313
f 7116/1312 7077/1314 7034/1316
f 7077/1314 7143/1311 7178/1317
f 7178/1317 7143/1311 7168/1315
f 7034/1316 7077/1314 7057/1318
f 7034/1316 7057/1318 7199/1319
f 7199/1319 7057/1318 7103/1320
f 7199/1319 7103/1320 7250/1321
f 7057/1318 7077/1314 6981/1322
f 7057/1318 6981/1322 7103/1320
f 6981/1322 7077/1314 7048/1323
f 7048/1323 7077/1314 7178/1317
f 7103/1320 6981/1322 7209/1324
f 7250/1321 7103/1320 7267/1325
f 7267/1325 7103/1320 7209/1324
f 7250/1321 7267/1325 7274/1326
f 7250/1321 7274/1326 7231/1327
f 7231/1327 7274/1326 7262/1328
f 7262/1328 7274/1326 7293/1329
f 7209/1324 6981/1322 7086/1330
f 7086/1330 6981/1322 7048/1323
f 7267/1325 7209/1324 7291/1331
f 7267/1325 7291/1331 7274/1326
f 7291/1331 7209/1324 7086/1330
f 7293/1329 7274/1326 7301/1332
f 7293/1329 7301/1332 7302/1333
f 7301/1332 7274/1326 7291/1331
f 7086/1330 7048/1323 7239/1334
f 7086/1330 7239/1334 7291/1331
f 7239/1334 7048/1323 7178/1317
f 7291/1331 7239/1334 7243/1335
f 7243/1335 7239/1334 7178/1317
f 7243/1335 7178/1317 7191/1336
f 7191/1336 7178/1317 7168/1315
f 7191/1336 7168/1315 7124/1337
f 7191/1336 7124/1337 7243/1335
f 7124/1337 7168/1315 7105/1338
f 7105/1338 7168/1315 7230/1313
f 7243/1335 7124/1337 7044/1339
f 7124/1337 7105/1338 7062/1340
f 7124/1337 7062/1340 7044/1339
f 7062/1340 7105/1338 7230/1313
f 7243/1335 7044/1339 7208/1341
f 7208/1341 7044/1339 7062/1340
f 7297/1342 7291/1331 7243/1335
f 7297/1342 7243/1335 7208/1341
f 7291/1331 7297/1342 7301/1332
f 7208/1341 7062/1340 7233/1343
f 7208/1341 7233/1343 7297/1342
f 7233/1343 7062/1340 7230/1313
f 7297/1342 7233/1343 7296/1344
f 7296/1344 7233/1343 7230/1313
f 7297/1342 7296/1344 7301/1332
f 7296/1344 7230/1313 7242/1310
f 7296/1344 7242/1310 7279/1304
f 7296/1344 7279/1304 7301/1332
f 7301/1332 7279/1304 7272/1345
f 7272/1345 7279/1304 7253/1299
f 7301/1332 7272/1345 7258/1346
f 7301/1332 7258/1346 7268/1347
f 7272/1345 7253/1299 7182/1301
f 7268/1347 7258/1346 7109/1348
f 7258/1346 7272/1345 7245/1349
f 7245/1349 7272/1345 7182/1301
f 7109/1348 7258/1346 7030/1350
f 7258/1346 7245/1349 7202/1351
f 7258/1346 7202/1351 7030/1350
f 7202/1351 7245/1349 7195/1352
f 7195/1352 7245/1349 7182/1301
f 7030/1350 7202/1351 6976/1353
f 6976/1353 7202/1351 7195/1352
f 7195/1352 7182/1301 7120/1354
f 7195/1352 7120/1354 7136/1355
f 7195/1352 7136/1355 6976/1353
f 6976/1353 7136/1355 6980/1356
f 7120/1354 7182/1301 6896/1357
f 6896/1357 7182/1301 7000/1264
f 7120/1354 6896/1357 6851/1358
f 6896/1357 7000/1264 6822/1266
f 6851/1358 6896/1357 6825/1359
f 6825/1359 6896/1357 6822/1266
f 6851/1358 6825/1359 6784/1360
f 6784/1360 6825/1359 6822/1266
f 6838/1361 6976/1353 6980/1356
f 6838/1361 6980/1356 6871/1362
f 6838/1361 6871/1362 6764/1363
f 6838/1361 6764/1363 6772/1364
f 6976/1353 6838/1361 6999/1365
f 6976/1353 6999/1365 7030/1350
f 6999/1365 6838/1361 6913/1366
f 6913/1366 6838/1361 6766/1367
f 7030/1350 6999/1365 7088/1368
f 7030/1350 7088/1368 7109/1348
f 7109/1348 7088/1368 7155/1369
f 7088/1368 6999/1365 7065/1370
f 7065/1370 6999/1365 6913/1366
f 7155/1369 7088/1368 7149/1371
f 7149/1371 7088/1368 7065/1370
f 7155/1369 7149/1371 7137/1372
f 7065/1370 6913/1366 6881/1373
f 6881/1373 6913/1366 6766/1367
f 7137/1372 7149/1371 7029/1374
f 7149/1371 7065/1370 7128/1375
f 7128/1375 7065/1370 6881/1373
f 7029/1374 7149/1371 7040/1376
f 7029/1374 7040/1376 6900/1377
f 6900/1377 7040/1376 6906/1378
f 7040/1376 7149/1371 7038/1379
f 7038/1379 7149/1371 7128/1375
f 7040/1376 7038/1379 6906/1378
f 7128/1375 6881/1373 6964/1380
f 7128/1375 6964/1380 7038/1379
f 6906/1378 7038/1379 6864/1381
f 6906/1378 6864/1381 6798/1382
f 7038/1379 6964/1380 6739/1383
f 7038/1379 6739/1383 6864/1381
f 6798/1382 6864/1381 6763/1384
f 6763/1384 6864/1381 6739/1383
f 6798/1382 6763/1384 6694/1385
f 6694/1385 6763/1384 6657/1386
f 6657/1386 6763/1384 6739/1383
f 6657/1386 6739/1383 5914/1387
f 6657/1386 5914/1387 5974/1388
f 5914/1387 6739/1383 5915/1389
f 5914/1387 5915/1389 5535/1390
f 6703/1391 6739/1383 6964/1380
f 6739/1383 6703/1391 5915/1389
f 6703/1391 6964/1380 6881/1373
f 6703/1391 6881/1373 6491/1392
f 6703/1391 6491/1392 5915/1389
f 6491/1392 6881/1373 6766/1367
f 6491/1392 6766/1367 6498/1393
f 5344/1394 5535/1390 5915/1389
f 6491/1392 6498/1393 5694/1395
f 5694/1395 6498/1393 5792/1396
f 5694/1395 5792/1396 5474/1397
f 5694/1395 5474/1397 5555/1398
s 0
f 5694/1395 5555/1398 6491/1392
s 1
f 6491/1392 5555/1398 5915/1389
f 5915/1389 5555/1398 5344/1394
f 5344/1394 5555/1398 5191/1399
f 5344/1394 5191/1399 4935/1400
f 5344/1394 4935/1400 5005/1401
f 5344/1394 5005/1401 5198/1402
f 2997/1403 3118/1404 2994/1405
f 2997/1403 2994/1405 2964/1406
f 2964/1406 2994/1405 2947/1407
f 3118/1404 2997/1403 3314/1408
f 3314/1408 2997/1403 3203/1409
f 2964/1406 2947/1407 2913/1410
f 3314/1408 3203/1409 3375/1411
f 2947/1407 2994/1405 2954/1412
f 3143/1413 2994/1405 3118/1404
f 2994/1405 3143/1413 2954/1412
f 3143/1413 3118/1404 3354/1414
f 3332/1415 3118/1404 3314/1408
f 3118/1404 3332/1415 3354/1414
f 3143/1413 3354/1414 3299/1416
f 3299/1416 3354/1414 3332/1415
f 2954/1412 3143/1413 3091/1417
f 3091/1417 3143/1413 3299/1416
f 2916/1418 2947/1407 2954/1412
f 2916/1418 2954/1412 3091/1417
f 3091/1417 3299/1416 3158/1419
f 2947/1407 2916/1418 2927/1420
f 2947/1407 2927/1420 2913/1410
f 2916/1418 3091/1417 3019/1421
f 3019/1421 3091/1417 3158/1419
f 2916/1418 3019/1421 2927/1420
f 3158/1419 3299/1416 3159/1422
f 3158/1419 3159/1422 3019/1421
f 3159/1422 3299/1416 3332/1415
f 2927/1420 3019/1421 3023/1423
f 3023/1423 3019/1421 3159/1422
f 2927/1420 3023/1423 2913/1410
f 3159/1422 3332/1415 3238/1424
f 3238/1424 3332/1415 3314/1408
f 3023/1423 3159/1422 3129/1425
f 3129/1425 3159/1422 3238/1424
f 2913/1410 3023/1423 2977/1426
f 2913/1410 2977/1426 2878/1427
f 2878/1427 2977/1426 2880/1428
f 2880/1428 2977/1426 3051/1429
f 2977/1426 3023/1423 3193/1430
f 2977/1426 3193/1430 3051/1429
f 3193/1430 3023/1423 3129/1425
f 3051/1429 3193/1430 3209/1431
f 3189/1432 3129/1425 3238/1424
f 3129/1425 3189/1432 3193/1430
f 3364/1433 3238/1424 3314/1408
f 3238/1424 3364/1433 3189/1432
f 3364/1433 3314/1408 3375/1411
f 3189/1432 3364/1433 3343/1434
f 3193/1430 3189/1432 3287/1435
f 3287/1435 3189/1432 3343/1434
f 3343/1434 3364/1433 3422/1436
f 3422/1436 3364/1433 3375/1411
f 3343/1434 3422/1436 3287/1435
f 3263/1437 3209/1431 3193/1430
f 3209/1431 3263/1437 3261/1438
f 3193/1430 3287/1435 3282/1439
f 3193/1430 3282/1439 3263/1437
f 3287/1435 3422/1436 3383/1440
f 3261/1438 3263/1437 3266/1441
f 3261/1438 3266/1441 3220/1442
f 3266/1441 3263/1437 3277/1443
f 3277/1443 3263/1437 3282/1439
f 3220/1442 3266/1441 3205/1444
f 3205/1444 3266/1441 3277/1443
f 3220/1442 3205/1444 3116/1445
f 3116/1445 3205/1444 3081/1446
f 3081/1446 3205/1444 3126/1447
f 3205/1444 3277/1443 3210/1448
f 3205/1444 3210/1448 3126/1447
f 3210/1448 3277/1443 3289/1449
f 3289/1449 3277/1443 3282/1439
f 3126/1447 3210/1448 3322/1450
f 3322/1450 3210/1448 3289/1449
f 3126/1447 3322/1450 3236/1451
f 3236/1451 3322/1450 3379/1452
f 3236/1451 3379/1452 3324/1453
f 3322/1450 3289/1449 3386/1454
f 3322/1450 3386/1454 3379/1452
f 3324/1453 3379/1452 3384/1455
f 3324/1453 3384/1455 3199/1456
f 3199/1456 3384/1455 3264/1457
f 3264/1457 3384/1455 3342/1458
f 3384/1455 3379/1452 3424/1459
f 3424/1459 3379/1452 3386/1454
f 3384/1455 3424/1459 3434/1460
f 3384/1455 3434/1460 3413/1461
f 3424/1459 3386/1454 3432/1462
f 3434/1460 3424/1459 3436/1463
f 3436/1463 3424/1459 3432/1462
f 3430/1464 3434/1460 3427/1465
f 3427/1465 3434/1460 3436/1463
f 3401/1466 3427/1465 3375/1411
f 3375/1411 3427/1465 3422/1436
f 3422/1436 3427/1465 3436/1463
f 3422/1436 3436/1463 3423/1467
f 3422/1436 3423/1467 3383/1440
f 3423/1467 3436/1463 3421/1468
f 3421/1468 3436/1463 3432/1462
f 3383/1440 3423/1467 3315/1469
f 3383/1440 3315/1469 3287/1435
f 3287/1435 3315/1469 3282/1439
f 3315/1469 3423/1467 3380/1470
f 3380/1470 3423/1467 3421/1468
f 3282/1439 3315/1469 3328/1471
f 3328/1471 3315/1469 3380/1470
f 3380/1470 3421/1468 3388/1472
f 3380/1470 3388/1472 3328/1471
f 3388/1472 3421/1468 3432/1462
f 3282/1439 3328/1471 3318/1473
f 3318/1473 3328/1471 3388/1472
f 3318/1473 3388/1472 3432/1462
f 3282/1439 3318/1473 3289/1449
f 3289/1449 3318/1473 3386/1454
f 3318/1473 3432/1462 3365/1474
f 3318/1473 3365/1474 3386/1454
f 3386/1454 3365/1474 3432/1462
f 6614/1475 6582/1476 6522/1477
f 6614/1475 6522/1477 6516/1478
f 6516/1478 6522/1477 6012/1479
f 6614/1475 6516/1478 6693/1480
f 6614/1475 6693/1480 6729/1481
f 6516/1478 6012/1479 6639/1482
f 6516/1478 6639/1482 6693/1480
f 6693/1480 6639/1482 6724/1483
f 6693/1480 6724/1483 6838/1484
f 6838/1484 6724/1483 6766/1485
f 6766/1485 6724/1483 6498/1486
f 6498/1486 6724/1483 6639/1482
f 6498/1486 6639/1482 6072/1487
f 6072/1487 6639/1482 6012/1479
f 6498/1486 6072/1487 5792/1488
f 5792/1488 6072/1487 5744/1489
f 5792/1488 5744/1489 5565/1490
f 6072/1487 6012/1479 5774/1491
f 6072/1487 5774/1491 5744/1489
f 5744/1489 5774/1491 5565/1490
f 5774/1491 6012/1479 5846/1492
f 5774/1491 5846/1492 5720/1493
f 5774/1491 5720/1493 5565/1490
f 5565/1490 5720/1493 5572/1494
f 5841/1495 5613/1496 5905/1497
f 5905/1497 5613/1496 5895/1498
f 5895/1498 5613/1496 5617/1499
f 5617/1499 5613/1496 5364/1500
f 5613/1496 5841/1495 5671/1501
f 5671/1501 5841/1495 6193/1502
f 5613/1496 5671/1501 5417/1503
f 5613/1496 5417/1503 5364/1500
f 5364/1500 5417/1503 5246/1504
f 5364/1500 5246/1504 5170/1505
f 5170/1505 5246/1504 5036/1506
f 5036/1506 5246/1504 5050/1507
f 5170/1505 5036/1506 4921/1508
f 5170/1505 4921/1508 4954/1509
f 4921/1508 5036/1506 4900/1510
f 4900/1510 5036/1506 4923/1511
f 4900/1510 4923/1511 4907/1512
f 4900/1510 4907/1512 4627/1513
f 4900/1510 4627/1513 4687/1514
f 4687/1514 4627/1513 4523/1515
f 4921/1508 4900/1510 4849/1516
f 4849/1516 4900/1510 4687/1514
f 4817/1517 4954/1509 4921/1508
f 4817/1517 4921/1508 4849/1516
f 4954/1509 4817/1517 4779/1518
f 4817/1517 4849/1516 4738/1519
f 4738/1519 4849/1516 4687/1514
f 4779/1518 4817/1517 4728/1520
f 4728/1520 4817/1517 4738/1519
f 4779/1518 4728/1520 4695/1521
f 4728/1520 4738/1519 4690/1522
f 4690/1522 4738/1519 4687/1514
f 4728/1520 4690/1522 4695/1521
f 4779/1518 4695/1521 4662/1523
f 4695/1521 4690/1522 4684/1524
f 4662/1523 4695/1521 4672/1525
f 4672/1525 4695/1521 4684/1524
f 4684/1524 4690/1522 4675/1526
f 4684/1524 4675/1526 4672/1525
f 4675/1526 4690/1522 4687/1514
f 4662/1523 4672/1525 4637/1527
f 4662/1523 4637/1527 4625/1528
f 4672/1525 4675/1526 4639/1529
f 4672/1525 4639/1529 4637/1527
f 4675/1526 4687/1514 4644/1530
f 4675/1526 4644/1530 4639/1529
f 4644/1530 4687/1514 4523/1515
f 4637/1527 4639/1529 4642/1531
f 4642/1531 4639/1529 4644/1530
f 4644/1530 4523/1515 4534/1532
f 4644/1530 4534/1532 4642/1531
f 4534/1532 4523/1515 4520/1533
f 4634/1534 4625/1528 4637/1527
f 4634/1534 4637/1527 4642/1531
f 4625/1528 4634/1534 4596/1535
f 4634/1534 4642/1531 4631/1536
f 4634/1534 4631/1536 4596/1535
f 4625/1528 4596/1535 4552/1537
f 4631/1536 4642/1531 4550/1538
f 4550/1538 4642/1531 4534/1532
f 4631/1536 4550/1538 4596/1535
f 4525/1539 4534/1532 4520/1533
f 4534/1532 4525/1539 4550/1538
f 4550/1538 4525/1539 4596/1535
f 4596/1535 4525/1539 4552/1537
f 4525/1539 4520/1533 4522/1540
f 4525/1539 4522/1540 4552/1537
f 6764/1541 6796/1542 6784/1543
f 6784/1543 6796/1542 6851/1544
f 6796/1542 6764/1541 6871/1545
f 6851/1544 6796/1542 6911/1546
f 6911/1546 6796/1542 6871/1545
f 6851/1544 6911/1546 7120/1547
f 7120/1547 6911/1546 7136/1548
f 7136/1548 6911/1546 6871/1545
f 7136/1548 6871/1545 6980/1549
f 1666/1550 1698/396 1795/390
f 1666/1550 1795/390 1743/372
f 1698/396 1666/1550 1611/1551
f 1698/396 1611/1551 1704/1552
f 1666/1550 1743/372 1579/1553
f 1579/1553 1743/372 1620/370
f 1611/1551 1666/1550 1564/1554
f 1564/1554 1666/1550 1579/1553
f 1611/1551 1564/1554 1502/1555
f 1579/1553 1620/370 1525/1556
f 1525/1556 1620/370 1524/1557
f 1564/1554 1579/1553 1507/1558
f 1507/1558 1579/1553 1525/1556
f 1502/1555 1564/1554 1480/1559
f 1480/1559 1564/1554 1507/1558
f 1502/1555 1480/1559 1457/1560
f 1502/1555 1457/1560 1456/1561
f 1456/1561 1457/1560 1276/1562
f 1525/1556 1524/1557 1303/1563
f 1303/1563 1524/1557 1284/1564
f 1303/1563 1284/1564 1188/1565
f 1303/1563 1188/1565 1233/1566
f 1276/1562 1457/1560 1283/1567
f 1276/1562 1283/1567 1009/1568
f 1009/1568 1283/1567 1234/1569
f 1303/1563 1233/1566 1310/1570
f 1303/1563 1310/1570 1525/1556
f 1310/1570 1233/1566 1257/1571
f 1257/1571 1233/1566 1239/1572
f 1238/1573 1239/1572 1234/1569
f 1238/1573 1234/1569 1250/1574
f 1250/1574 1234/1569 1283/1567
f 1239/1572 1238/1573 1261/1575
f 1261/1575 1238/1573 1250/1574
f 1257/1571 1239/1572 1262/1576
f 1262/1576 1239/1572 1261/1575
f 1261/1575 1250/1574 1265/1577
f 1257/1571 1262/1576 1277/1578
f 1257/1571 1277/1578 1310/1570
f 1262/1576 1261/1575 1266/1579
f 1266/1579 1261/1575 1265/1577
f 1262/1576 1266/1579 1277/1578
f 1265/1577 1250/1574 1270/1580
f 1265/1577 1270/1580 1266/1579
f 1266/1579 1270/1580 1277/1578
f 1270/1580 1250/1574 1283/1567
f 1277/1578 1270/1580 1292/1581
f 1270/1580 1283/1567 1314/1582
f 1270/1580 1314/1582 1292/1581
f 1277/1578 1292/1581 1298/1583
f 1277/1578 1298/1583 1310/1570
f 1298/1583 1292/1581 1296/1584
f 1296/1584 1292/1581 1314/1582
f 1296/1584 1314/1582 1337/1585
f 1298/1583 1296/1584 1341/1586
f 1341/1586 1296/1584 1337/1585
f 1310/1570 1298/1583 1353/1587
f 1353/1587 1298/1583 1341/1586
f 1310/1570 1353/1587 1434/1588
f 1310/1570 1434/1588 1525/1556
f 1525/1556 1434/1588 1507/1558
f 1434/1588 1353/1587 1398/1589
f 1434/1588 1398/1589 1507/1558
f 1398/1589 1353/1587 1341/1586
f 1412/1590 1341/1586 1337/1585
f 1341/1586 1412/1590 1398/1589
f 1412/1590 1337/1585 1314/1582
f 1507/1558 1398/1589 1441/1591
f 1441/1591 1398/1589 1412/1590
f 1507/1558 1441/1591 1480/1559
f 1412/1590 1314/1582 1452/1592
f 1412/1590 1452/1592 1441/1591
f 1441/1591 1452/1592 1480/1559
f 1452/1592 1314/1582 1283/1567
f 1480/1559 1452/1592 1457/1560
f 1457/1560 1452/1592 1283/1567
f 4871/1593 4811/1594 4915/1595
f 4915/1595 4811/1594 5082/1596
f 4811/1594 4871/1593 4768/1597
f 5082/1596 4811/1594 4843/1598
f 4811/1594 4768/1597 4742/1599
f 4811/1594 4742/1599 4843/1598
f 4742/1599 4768/1597 4714/1600
f 4714/1600 4768/1597 4729/1601
f 4714/1600 4729/1601 4699/1602
f 5082/1596 4843/1598 5120/1603
f 5082/1596 5120/1603 5232/1604
f 5120/1603 4843/1598 5007/1605
f 5232/1604 5120/1603 5103/1606
f 5232/1604 5103/1606 5258/1607
f 5103/1606 5120/1603 5007/1605
f 5012/1608 5103/1606 4952/1609
f 4952/1609 5103/1606 5007/1605
f 5007/1605 4843/1598 4829/1610
f 4829/1610 4843/1598 4742/1599
f 4952/1609 5007/1605 4965/1611
f 4952/1609 4965/1611 4901/1612
f 5007/1605 4829/1610 4987/1613
f 5007/1605 4987/1613 4965/1611
f 4829/1610 4742/1599 4745/1614
f 4745/1614 4742/1599 4714/1600
f 4987/1613 4829/1610 4814/1615
f 4814/1615 4829/1610 4745/1614
f 4965/1611 4987/1613 4879/1616
f 4879/1616 4987/1613 4814/1615
f 4965/1611 4879/1616 4858/1617
f 4965/1611 4858/1617 4901/1612
f 4879/1616 4814/1615 4774/1618
f 4774/1618 4814/1615 4745/1614
f 4879/1616 4774/1618 4858/1617
f 4901/1612 4858/1617 4740/1619
f 4740/1619 4858/1617 4774/1618
f 4901/1612 4740/1619 4788/1620
f 4774/1618 4745/1614 4724/1621
f 4774/1618 4724/1621 4740/1619
f 4724/1621 4745/1614 4714/1600
f 4724/1621 4714/1600 4740/1619
f 4788/1620 4740/1619 4700/1622
f 4700/1622 4740/1619 4714/1600
f 4700/1622 4714/1600 4719/1623
f 4719/1623 4714/1600 4699/1602
f 4700/1622 4719/1623 4731/1624
f 4700/1622 4731/1624 4782/1625
f 4758/1626 4719/1623 4759/1627
f 4782/1625 4731/1624 4790/1628
f 4782/1625 4790/1628 5048/1629
f 5048/1629 4790/1628 4848/1630
f 4790/1628 4731/1624 4770/1631
f 4790/1628 4770/1631 4848/1630
f 4770/1631 4731/1624 4719/1623
f 4770/1631 4719/1623 4758/1626
f 4848/1630 4770/1631 4757/1632
f 4757/1632 4770/1631 4794/1633
f 4794/1633 4770/1631 4941/1634
f 4770/1631 4758/1626 4838/1635
f 4770/1631 4838/1635 4941/1634
f 4838/1635 4758/1626 4815/1636
f 4941/1634 4838/1635 4933/1637
f 5042/1638 5105/1639 4838/1635
f 4838/1635 5105/1639 4933/1637
f 4933/1637 5105/1639 5255/1640
f 5255/1640 5105/1639 5295/1641
f 4933/1637 5255/1640 5084/1642
f 5084/1642 5255/1640 5340/1643
f 4941/1634 4933/1637 5203/1644
f 5203/1644 4933/1637 5084/1642
f 5203/1644 5084/1642 5206/1645
f 5203/1644 5206/1645 5274/1646
f 5203/1644 5274/1646 5335/1647
f 5335/1647 5274/1646 5342/1648
f 5342/1648 5274/1646 5343/1649
f 5342/1648 5343/1649 5439/1650
f 5335/1647 5342/1648 5440/1651
f 5440/1651 5342/1648 5439/1650
f 5335/1647 5440/1651 5456/1652
f 5440/1651 5439/1650 5538/1653
f 5538/1653 5439/1650 5553/1654
f 5412/1655 5385/1656 5258/1657
f 5385/1656 5412/1655 5565/1658
f 5565/1658 5412/1655 5474/1659
f 5565/1658 5474/1659 5792/1660
f 5474/1659 5412/1655 5290/1661
f 5290/1661 5412/1655 5258/1657
f 5474/1659 5290/1661 5555/1662
f 5555/1662 5290/1661 5191/1663
f 5290/1661 5258/1657 5116/1664
f 5290/1661 5116/1664 5191/1663
f 5116/1664 5258/1657 5103/1665
f 5116/1664 5103/1665 5012/1666
f 5116/1664 5012/1666 5191/1663
f 5191/1663 5012/1666 4935/1667
f 4935/1667 5012/1666 4952/1668
f 6917/1669 6874/1670 6941/1671
f 6917/1669 6941/1671 7009/1672
f 6917/1669 7009/1672 7115/1673
f 6941/1671 6874/1670 6946/1674
f 6946/1674 6874/1670 6978/1675
f 6978/1675 6874/1670 6916/1676
f 6941/1671 6946/1674 6884/1677
f 6884/1677 6946/1674 6902/1678
f 6902/1678 6946/1674 6978/1675
f 6941/1671 6884/1677 6847/1679
f 6847/1679 6884/1677 6855/1680
f 6855/1680 6884/1677 6902/1678
f 6941/1671 6847/1679 6992/1681
f 6941/1671 6992/1681 7009/1672
f 6847/1679 6855/1680 6893/1682
f 6847/1679 6893/1682 6992/1681
f 6893/1682 6855/1680 6918/1683
f 6893/1682 6918/1683 6992/1681
f 6992/1681 6918/1683 7007/1684
f 6992/1681 7007/1684 7009/1672
f 7007/1684 6918/1683 6996/1685
f 7007/1684 6996/1685 7009/1672
f 6918/1683 6855/1680 6891/1686
f 6891/1686 6855/1680 6902/1678
f 6918/1683 6891/1686 6996/1685
f 6891/1686 6902/1678 6968/1687
f 6891/1686 6968/1687 6996/1685
f 6968/1687 6902/1678 6978/1675
f 6968/1687 6978/1675 6996/1685
f 7096/1688 7009/1672 6996/1685
f 7096/1688 6996/1685 6978/1675
f 7009/1672 7096/1688 7108/1689
f 7009/1672 7108/1689 7115/1673
f 7115/1673 7108/1689 7133/1690
f 7096/1688 6978/1675 7060/1691
f 7060/1691 6978/1675 6916/1676
f 7060/1691 6916/1676 6995/1692
f 6995/1692 6916/1676 6951/1693
f 7133/1690 7108/1689 7114/1694
f 7133/1690 7114/1694 7156/1695
f 7133/1690 7156/1695 7059/1696
f 7114/1694 7108/1689 7067/1697
f 7067/1697 7108/1689 7160/1698
f 7160/1698 7108/1689 7096/1688
f 7114/1694 7067/1697 7050/1699
f 7059/1696 7156/1695 6985/1700
f 7156/1695 7114/1694 7176/1701
f 7176/1701 7114/1694 7050/1699
f 7156/1695 7176/1701 7184/1702
f 7184/1702 7176/1701 7050/1699
f 6985/1700 7156/1695 7117/1703
f 7117/1703 7156/1695 7184/1702
f 7047/1704 7050/1699 7067/1697
f 7047/1704 7067/1697 7160/1698
f 7184/1702 7050/1699 7042/1705
f 7042/1705 7050/1699 7047/1704
f 7047/1704 7160/1698 7087/1706
f 7047/1704 7087/1706 7042/1705
f 7087/1706 7160/1698 7096/1688
f 7042/1705 7087/1706 7172/1707
f 7042/1705 7172/1707 7184/1702
f 7172/1707 7087/1706 7096/1688
f 7184/1702 7172/1707 7159/1708
f 7159/1708 7172/1707 7096/1688
f 7184/1702 7159/1708 7117/1703
f 7159/1708 7096/1688 7119/1709
f 7119/1709 7096/1688 7060/1691
f 7159/1708 7119/1709 7161/1710
f 7159/1708 7161/1710 7117/1703
f 7161/1710 7119/1709 7060/1691
f 7161/1710 7060/1691 7090/1711
f 7161/1710 7090/1711 7116/1712
f 7090/1711 7060/1691 7017/1713
f 7090/1711 7017/1713 6953/1714
f 7017/1713 7060/1691 7012/1715
f 7012/1715 7060/1691 6995/1692
f 6953/1714 7017/1713 6898/1716
f 7161/1710 7116/1712 7063/1717
f 7161/1710 7063/1717 7117/1703
f 7017/1713 7012/1715 6933/1718
f 7017/1713 6933/1718 6898/1716
f 6933/1718 7012/1715 6927/1719
f 6927/1719 7012/1715 6995/1692
f 6898/1716 6933/1718 6868/1720
f 6868/1720 6933/1718 6927/1719
f 6875/1721 6953/1714 6898/1716
f 6875/1721 6898/1716 6868/1720
f 6953/1714 6875/1721 6931/1722
f 6868/1720 6927/1719 6888/1723
f 6888/1723 6927/1719 6995/1692
f 6875/1721 6868/1720 6846/1724
f 6846/1724 6868/1720 6888/1723
f 6875/1721 6846/1724 6931/1722
f 6888/1723 6995/1692 6905/1725
f 6888/1723 6905/1725 6846/1724
f 6846/1724 6905/1725 6931/1722
f 6905/1725 6995/1692 6951/1693
f 6905/1725 6951/1693 6931/1722
f 6970/1726 6985/1700 7117/1703
f 6970/1726 7117/1703 7063/1717
f 6985/1700 6970/1726 6869/1727
f 6985/1700 6869/1727 6826/1728
f 6826/1728 6869/1727 6731/1729
f 6731/1729 6869/1727 6732/1730
f 6731/1729 6732/1730 6661/1731
f 6869/1727 6970/1726 6857/1732
f 6869/1727 6857/1732 6732/1730
f 6970/1726 7063/1717 6879/1733
f 6970/1726 6879/1733 6857/1732
f 6661/1731 6732/1730 6600/1734
f 6661/1731 6600/1734 6567/1735
f 6732/1730 6857/1732 6721/1736
f 6732/1730 6721/1736 6600/1734
f 6721/1736 6857/1732 6879/1733
f 6879/1733 7063/1717 6977/1737
f 6977/1737 7063/1717 7116/1712
f 6977/1737 7116/1712 7034/1738
f 6600/1734 6721/1736 6608/1739
f 6600/1734 6608/1739 6575/1740
f 6575/1740 6608/1739 6626/1741
f 6626/1741 6608/1739 6506/1742
f 6506/1742 6608/1739 6442/1743
f 6442/1743 6608/1739 6458/1744
f 6458/1744 6608/1739 6594/1745
f 6458/1744 6594/1745 6349/1746
f 6730/1747 6608/1739 6721/1736
f 6608/1739 6730/1747 6594/1745
f 6730/1747 6721/1736 6805/1748
f 6805/1748 6721/1736 6879/1733
f 6873/1749 6879/1733 6977/1737
f 6879/1733 6873/1749 6805/1748
f 6873/1749 6977/1737 6956/1750
f 6956/1750 6977/1737 7034/1738
f 6956/1750 7034/1738 7193/1751
f 7193/1751 7034/1738 7199/1752
f 7193/1751 7199/1752 7250/1753
f 6956/1750 7193/1751 7085/1754
f 7193/1751 7250/1753 7214/1755
f 7193/1751 7214/1755 7085/1754
f 7214/1755 7250/1753 7231/1756
f 6956/1750 7085/1754 7003/1757
f 7003/1757 7085/1754 7214/1755
f 6956/1750 7003/1757 6908/1758
f 6956/1750 6908/1758 6873/1749
f 7003/1757 7214/1755 7092/1759
f 7003/1757 7092/1759 6908/1758
f 7214/1755 7231/1756 7186/1760
f 7214/1755 7186/1760 7092/1759
f 7186/1760 7231/1756 6954/1761
f 6908/1758 7092/1759 6948/1762
f 6908/1758 6948/1762 6873/1749
f 6948/1762 7092/1759 7186/1760
f 6873/1749 6948/1762 6942/1763
f 6948/1762 7186/1760 7018/1764
f 7018/1764 7186/1760 6954/1761
f 6948/1762 7018/1764 6942/1763
f 6873/1749 6942/1763 6805/1748
f 7018/1764 6954/1761 6843/1765
f 6942/1763 7018/1764 6894/1766
f 6894/1766 7018/1764 6843/1765
f 6805/1748 6942/1763 6853/1767
f 6853/1767 6942/1763 6894/1766
f 6805/1748 6853/1767 6807/1768
f 6853/1767 6894/1766 6827/1769
f 6827/1769 6894/1766 6843/1765
f 6807/1768 6853/1767 6811/1770
f 6811/1770 6853/1767 6827/1769
f 6805/1748 6807/1768 6771/1771
f 6771/1771 6807/1768 6811/1770
f 6805/1748 6771/1771 6730/1747
f 6811/1770 6827/1769 6756/1772
f 6811/1770 6756/1772 6771/1771
f 6756/1772 6827/1769 6778/1773
f 6778/1773 6827/1769 6843/1765
f 6771/1771 6756/1772 6736/1774
f 6771/1771 6736/1774 6730/1747
f 6756/1772 6778/1773 6770/1775
f 6756/1772 6770/1775 6736/1774
f 6770/1775 6778/1773 6843/1765
f 6736/1774 6770/1775 6730/1747
f 6770/1775 6843/1765 6791/1776
f 6730/1747 6770/1775 6744/1777
f 6744/1777 6770/1775 6791/1776
f 6730/1747 6744/1777 6688/1778
f 6730/1747 6688/1778 6594/1745
f 6744/1777 6791/1776 6714/1779
f 6744/1777 6714/1779 6688/1778
f 6791/1776 6843/1765 6704/1780
f 6704/1780 6843/1765 6954/1761
f 6791/1776 6704/1780 6714/1779
f 6594/1745 6688/1778 6686/1781
f 6686/1781 6688/1778 6714/1779
f 6686/1781 6714/1779 6685/1782
f 6714/1779 6704/1780 6656/1783
f 6714/1779 6656/1783 6685/1782
f 6656/1783 6704/1780 6504/1784
f 6504/1784 6704/1780 6221/1785
f 6504/1784 6221/1785 6349/1746
f 6685/1782 6656/1783 6664/1786
f 6685/1782 6664/1786 6686/1781
f 6656/1783 6504/1784 6497/1787
f 6656/1783 6497/1787 6664/1786
f 6504/1784 6349/1746 6512/1788
f 6504/1784 6512/1788 6497/1787
f 6512/1788 6349/1746 6594/1745
f 6664/1786 6497/1787 6532/1789
f 6664/1786 6532/1789 6686/1781
f 6532/1789 6497/1787 6512/1788
f 6686/1781 6532/1789 6594/1745
f 6594/1745 6532/1789 6512/1788
f 1595/1790 1558/1791 1514/1792
f 1514/1792 1558/1791 1411/1793
f 1558/1791 1595/1790 1625/1794
f 1625/1794 1595/1790 1620/1795
f 1595/1790 1514/1792 1572/1796
f 1595/1790 1572/1796 1620/1795
f 1572/1796 1514/1792 1482/1797
f 1482/1797 1514/1792 1372/1798
f 1620/1795 1572/1796 1477/1799
f 1477/1799 1572/1796 1482/1797
f 1620/1795 1477/1799 1524/1800
f 1475/1801 1537/1802 1482/1797
f 1482/1797 1537/1802 1477/1799
f 1477/1799 1537/1802 1474/1803
f 1439/1804 1284/1805 1524/1800
f 1439/1804 1524/1800 1477/1799
f 1477/1799 1474/1803 1394/1806
f 1394/1806 1474/1803 1432/1807
f 1477/1799 1394/1806 1393/1808
f 1393/1808 1394/1806 1328/1809
f 1439/1804 1477/1799 1447/1810
f 1447/1810 1477/1799 1393/1808
f 1447/1810 1393/1808 1494/1811
f 1447/1810 1494/1811 1484/1812
f 1447/1810 1484/1812 1383/1813
f 1447/1810 1383/1813 1408/1814
f 1408/1814 1383/1813 1324/1815
f 3051/1816 3209/1817 2919/1818
f 3051/1816 2919/1818 2880/1819
f 2919/1818 3209/1817 3087/1820
f 3087/1820 3209/1817 3261/1821
f 3087/1820 3261/1821 3220/1822
f 1181/1823 1232/1824 1233/1825
f 1233/1825 1232/1824 1239/1826
f 1239/1826 1232/1824 1234/1827
f 1234/1827 1232/1824 1223/1828
f 1223/1828 1232/1824 1181/1823
f 1234/1827 1223/1828 1187/1829
f 1187/1829 1223/1828 1181/1823
f 1234/1827 1187/1829 1009/1830
f 1181/1823 1233/1825 1089/1831
f 1187/1829 1181/1823 1183/1832
f 1187/1829 1183/1832 1009/1830
f 1089/1831 1233/1825 864/1833
f 1183/1832 1181/1823 1166/1834
f 1181/1823 1089/1831 1155/1835
f 1181/1823 1155/1835 1166/1834
f 1183/1832 1166/1834 1074/1836
f 1183/1832 1074/1836 1009/1830
f 1166/1834 1155/1835 1052/1837
f 1166/1834 1052/1837 1074/1836
f 1155/1835 1089/1831 1028/1838
f 1155/1835 1028/1838 1052/1837
f 1028/1838 1089/1831 977/1839
f 977/1839 1089/1831 864/1833
f 1052/1837 1028/1838 960/1840
f 1052/1837 960/1840 1074/1836
f 960/1840 1028/1838 977/1839
f 1074/1836 960/1840 1009/1830
f 977/1839 864/1833 849/1841
f 977/1839 849/1841 960/1840
f 1009/1830 960/1840 775/1842
f 960/1840 849/1841 837/1843
f 960/1840 837/1843 775/1842
f 849/1841 864/1833 809/1844
f 809/1844 864/1833 726/1845
f 837/1843 849/1841 828/1846
f 828/1846 849/1841 809/1844
f 837/1843 828/1846 799/1847
f 837/1843 799/1847 775/1842
f 828/1846 809/1844 760/1848
f 760/1848 809/1844 726/1845
f 799/1847 828/1846 796/1849
f 796/1849 828/1846 760/1848
f 775/1842 799/1847 703/1850
f 497/1851 726/1845 864/1833
f 799/1847 796/1849 721/1852
f 799/1847 721/1852 703/1850
f 796/1849 760/1848 710/1853
f 796/1849 710/1853 721/1852
f 710/1853 760/1848 726/1845
f 703/1850 721/1852 697/1854
f 697/1854 721/1852 710/1853
f 710/1853 726/1845 696/1855
f 710/1853 696/1855 697/1854
f 703/1850 697/1854 694/1856
f 703/1850 694/1856 775/1842
f 694/1856 697/1854 696/1855
f 775/1842 694/1856 650/1857
f 775/1842 650/1857 1009/1830
f 694/1856 696/1855 603/1858
f 694/1856 603/1858 650/1857
f 758/1859 1276/1860 1009/1830
f 758/1859 1009/1830 650/1857
f 758/1859 650/1857 623/1861
f 673/1862 623/1861 652/1863
f 652/1863 623/1861 582/1864
f 582/1864 623/1861 530/1865
f 530/1865 623/1861 650/1857
f 582/1864 530/1865 547/1866
f 532/1867 549/1868 547/1866
f 547/1866 530/1865 531/1869
f 547/1866 531/1869 532/1867
f 530/1865 650/1857 463/1870
f 530/1865 463/1870 531/1869
f 532/1867 531/1869 430/1871
f 532/1867 430/1871 444/1872
f 444/1872 430/1871 450/1873
f 430/1871 531/1869 455/1874
f 430/1871 455/1874 450/1873
f 455/1874 531/1869 463/1870
f 455/1874 463/1870 450/1873
f 450/1873 463/1870 244/1875
f 492/1876 463/1870 650/1857
f 492/1876 650/1857 603/1858
f 244/1875 463/1870 188/1877
f 244/1875 188/1877 61/1878
f 244/1875 61/1878 136/1879
f 61/1878 188/1877 3450/1880
f 61/1878 3450/1880 45/1881
f 136/1879 61/1878 124/1882
f 124/1882 61/1878 45/1881
f 136/1879 124/1882 127/1883
f 124/1882 45/1881 46/1884
f 46/1884 45/1881 3448/1885
f 127/1883 124/1882 97/1886
f 97/1886 124/1882 46/1884
f 97/1886 46/1884 23/1887
f 97/1886 23/1887 43/1888
f 97/1886 43/1888 118/1889
f 300/1890 188/1877 463/1870
f 300/1890 463/1870 406/1891
f 406/1891 463/1870 492/1876
f 406/1891 492/1876 409/1892
f 409/1892 492/1876 521/1893
f 406/1891 409/1892 423/1894
f 423/1894 409/1892 521/1893
f 406/1891 423/1894 385/1895
f 406/1891 385/1895 300/1890
f 521/1893 492/1876 578/1896
f 578/1896 492/1876 603/1858
f 423/1894 521/1893 546/1897
f 546/1897 521/1893 578/1896
f 578/1896 603/1858 605/1898
f 578/1896 605/1898 546/1897
f 605/1898 603/1858 696/1855
f 423/1894 546/1897 471/1899
f 423/1894 471/1899 385/1895
f 546/1897 605/1898 609/1900
f 609/1900 605/1898 696/1855
f 546/1897 609/1900 471/1899
f 609/1900 696/1855 726/1845
f 609/1900 726/1845 497/1851
f 609/1900 497/1851 471/1899
f 471/1899 497/1851 385/1895
f 385/1895 497/1851 281/1901
f 286/1902 300/1890 385/1895
f 286/1902 385/1895 281/1901
f 300/1890 286/1902 268/1903
f 286/1902 281/1901 278/1904
f 286/1902 278/1904 268/1903
f 281/1901 497/1851 170/1905
f 170/1905 497/1851 53/1906
f 170/1905 53/1906 58/1907
f 300/1890 268/1903 229/1908
f 300/1890 229/1908 188/1877
f 268/1903 278/1904 226/1909
f 226/1909 278/1904 281/1901
f 229/1908 268/1903 198/1910
f 198/1910 268/1903 226/1909
f 226/1909 281/1901 192/1911
f 226/1909 192/1911 198/1910
f 192/1911 281/1901 170/1905
f 229/1908 198/1910 183/1912
f 229/1908 183/1912 188/1877
f 183/1912 198/1910 192/1911
f 188/1877 183/1912 179/1913
f 183/1912 192/1911 163/1914
f 183/1912 163/1914 179/1913
f 163/1914 192/1911 117/1915
f 117/1915 192/1911 170/1905
f 179/1913 163/1914 106/1916
f 106/1916 163/1914 117/1915
f 188/1877 179/1913 102/1917
f 102/1917 179/1913 106/1916
f 188/1877 102/1917 3558/1918
f 106/1916 117/1915 92/1919
f 106/1916 92/1919 102/1917
f 92/1919 117/1915 170/1905
f 102/1917 92/1919 44/1920
f 92/1919 170/1905 3455/1921
f 3455/1921 170/1905 91/1922
f 91/1922 170/1905 58/1907
f 91/1922 58/1907 86/1923
f 91/1922 86/1923 89/1924
f 1188/1925 1284/1926 1171/1927
f 1171/1927 1284/1926 1274/1928
f 1274/1928 1284/1926 1439/1929
f 1188/1925 1171/1927 1113/1930
f 1274/1928 1439/1929 1251/1931
f 1274/1928 1251/1931 1171/1927
f 1188/1925 1113/1930 1233/1932
f 1113/1930 1171/1927 1118/1933
f 1118/1933 1171/1927 1251/1931
f 1113/1930 1118/1933 1111/1934
f 1251/1931 1439/1929 1446/1935
f 1113/1930 1111/1934 1108/1936
f 1113/1930 1108/1936 1233/1932
f 1111/1934 1118/1933 1115/1937
f 1115/1937 1118/1933 1251/1931
f 1111/1934 1115/1937 1108/1936
f 1446/1935 1439/1929 1447/1938
f 1115/1937 1251/1931 1255/1939
f 1255/1939 1251/1931 1446/1935
f 1233/1932 1108/1936 830/1940
f 1233/1932 830/1940 864/1941
f 864/1941 830/1940 497/1942
f 830/1940 1108/1936 833/1943
f 1101/1944 1108/1936 1115/1937
f 1108/1936 1101/1944 833/1943
f 1101/1944 1115/1937 1103/1945
f 1103/1945 1115/1937 1255/1939
f 833/1943 1101/1944 804/1946
f 804/1946 1101/1944 1103/1945
f 830/1940 833/1943 649/1947
f 830/1940 649/1947 497/1942
f 649/1947 833/1943 804/1946
f 1103/1945 1255/1939 1160/1948
f 1160/1948 1255/1939 1287/1949
f 1287/1949 1255/1939 1466/1950
f 1466/1950 1255/1939 1446/1935
f 1287/1949 1466/1950 1472/1951
f 1472/1951 1466/1950 1495/1952
f 1495/1952 1466/1950 1446/1935
f 1472/1951 1495/1952 1559/1953
f 1495/1952 1446/1935 1555/1954
f 1559/1953 1495/1952 1584/1955
f 1584/1955 1495/1952 1555/1954
f 1559/1953 1584/1955 1643/1956
f 1643/1956 1584/1955 1659/1957
f 1659/1957 1584/1955 1649/1958
f 1555/1954 1446/1935 1447/1938
f 1649/1958 1584/1955 1601/1959
f 1601/1959 1584/1955 1555/1954
f 1649/1958 1601/1959 1665/1960
f 1665/1960 1601/1959 1608/1961
f 1608/1961 1601/1959 1533/1962
f 1533/1962 1601/1959 1544/1963
f 1544/1963 1601/1959 1555/1954
f 1533/1962 1544/1963 1389/1964
f 1534/1965 1555/1954 1447/1938
f 1555/1954 1534/1965 1544/1963
f 1534/1965 1447/1938 1408/1966
f 1544/1963 1534/1965 1562/1967
f 1534/1965 1408/1966 1461/1968
f 1534/1965 1461/1968 1562/1967
f 566/1969 569/1970 470/1971
f 569/1970 566/1969 565/1972
f 565/1972 566/1969 602/1973
f 569/1970 565/1972 572/1974
f 566/1969 470/1971 460/1975
f 470/1971 569/1970 528/1976
f 528/1976 569/1970 572/1974
f 470/1971 528/1976 435/1977
f 460/1975 470/1971 429/1978
f 429/1978 470/1971 435/1977
f 460/1975 429/1978 357/1979
f 435/1977 528/1976 472/1980
f 435/1977 472/1980 429/1978
f 528/1976 572/1974 557/1981
f 528/1976 557/1981 472/1980
f 357/1979 429/1978 358/1982
f 358/1982 429/1978 472/1980
f 357/1979 358/1982 334/1983
f 357/1979 334/1983 335/1984
f 357/1979 335/1984 312/1985
f 334/1983 358/1982 315/1986
f 358/1982 472/1980 411/1987
f 358/1982 411/1987 315/1986
f 481/1988 472/1980 557/1981
f 472/1980 481/1988 411/1987
f 481/1988 557/1981 554/1989
f 554/1989 557/1981 572/1974
f 334/1983 315/1986 303/1990
f 334/1983 303/1990 335/1984
f 315/1986 411/1987 314/1991
f 303/1990 315/1986 260/1992
f 260/1992 315/1986 314/1991
f 335/1984 303/1990 285/1993
f 303/1990 260/1992 243/1994
f 303/1990 243/1994 285/1993
f 335/1984 285/1993 209/1995
f 335/1984 209/1995 312/1985
f 312/1985 209/1995 168/1996
f 3602/1997 3656/1998 168/1996
f 3602/1997 168/1996 209/1995
f 3602/1997 209/1995 3672/1999
f 3672/1999 209/1995 24/2000
f 209/1995 285/1993 147/2001
f 209/1995 147/2001 24/2000
f 147/2001 285/1993 243/1994
f 24/2000 147/2001 3/2002
f 24/2000 3/2002 3564/2003
f 3/2002 147/2001 132/2004
f 132/2004 147/2001 243/1994
f 3/2002 132/2004 3504/2005
f 132/2004 243/1994 171/2006
f 132/2004 171/2006 3504/2005
f 171/2006 243/1994 260/1992
f 3504/2005 171/2006 125/2007
f 171/2006 260/1992 314/1991
f 171/2006 314/1991 125/2007
f 125/2007 314/1991 228/2008
f 125/2007 228/2008 3619/2009
f 3619/2009 228/2008 3549/2010
f 228/2008 314/1991 426/2011
f 426/2011 314/1991 411/1987
f 426/2011 411/1987 439/2012
f 439/2012 411/1987 481/1988
f 228/2008 426/2011 480/2013
f 480/2013 426/2011 439/2012
f 439/2012 481/1988 525/2014
f 439/2012 525/2014 480/2013
f 525/2014 481/1988 554/1989
f 267/2015 3549/2010 228/2008
f 267/2015 228/2008 480/2013
f 3549/2010 267/2015 134/2016
f 3549/2010 134/2016 3478/2017
f 525/2014 554/1989 556/2018
f 556/2018 554/1989 572/1974
f 525/2014 556/2018 549/2019
f 525/2014 549/2019 480/2013
f 556/2018 572/1974 596/2020
f 480/2013 549/2019 532/2021
f 480/2013 532/2021 444/2022
f 596/2020 572/1974 665/2023
f 480/2013 444/2022 440/2024
f 480/2013 440/2024 267/2015
f 440/2024 444/2022 450/2025
f 440/2024 450/2025 244/2026
f 267/2015 440/2024 239/2027
f 239/2027 440/2024 244/2026
f 267/2015 239/2027 134/2016
f 239/2027 244/2026 137/2028
f 239/2027 137/2028 134/2016
f 137/2028 244/2026 136/2029
f 137/2028 136/2029 127/2030
f 137/2028 127/2030 134/2016
f 134/2016 127/2030 118/2031
f 118/2031 127/2030 97/2032
f 134/2016 118/2031 111/2033
f 134/2016 111/2033 41/2034
f 134/2016 41/2034 3478/2017
f 3478/2017 41/2034 20/2035
f 41/2034 111/2033 42/2036
f 41/2034 42/2036 20/2035
f 42/2036 111/2033 118/2031
f 20/2035 42/2036 3446/2037
f 42/2036 118/2031 43/2038
f 3820/2039 4022/2040 4037/2041
f 4037/2041 4022/2040 4036/2042
f 4022/2040 3820/2039 4017/2043
f 4022/2040 4017/2043 4036/2042
f 4036/2042 4017/2043 4028/2044
f 4017/2043 3820/2039 3758/2045
f 3758/2045 3820/2039 3642/2046
f 3758/2045 3642/2046 3624/2047
f 3642/2046 3820/2039 3973/2048
f 3973/2048 3820/2039 4037/2041
f 3758/2045 3624/2047 3810/2049
f 3758/2045 3810/2049 4017/2043
f 4017/2043 3810/2049 4028/2044
f 4028/2044 3810/2049 4031/2050
f 4028/2044 4031/2050 4036/2042
f 4031/2050 3810/2049 3924/2051
f 4044/2052 4037/2041 4036/2042
f 4044/2052 4036/2042 4031/2050
f 4037/2041 4044/2052 4039/2053
f 4037/2041 4039/2053 3973/2048
f 4044/2052 4031/2050 4045/2054
f 4045/2054 4031/2050 3924/2051
f 4039/2053 4044/2052 4207/2055
f 4207/2055 4044/2052 4045/2054
f 3973/2048 4039/2053 4185/2056
f 4185/2056 4039/2053 4207/2055
f 3973/2048 4185/2056 4377/2057
f 4377/2057 4185/2056 4207/2055
f 4045/2054 3924/2051 4164/2058
f 4045/2054 4164/2058 4207/2055
f 4164/2058 3924/2051 4419/2059
f 4207/2055 4164/2058 4411/2060
f 4411/2060 4164/2058 4419/2059
f 4377/2057 4207/2055 4386/2061
f 4386/2061 4207/2055 4411/2060
f 4377/2057 4386/2061 4394/2062
f 4394/2062 4386/2061 4411/2060
f 4419/2059 3924/2051 4171/2063
f 4171/2063 3924/2051 4040/2064
f 4411/2060 4419/2059 4668/2065
f 4419/2059 4171/2063 4492/2066
f 4419/2059 4492/2066 4668/2065
f 4171/2063 4040/2064 4246/2067
f 4171/2063 4246/2067 4492/2066
f 4246/2067 4040/2064 4080/2068
f 4492/2066 4246/2067 4617/2069
f 4617/2069 4246/2067 4080/2068
f 4080/2068 4040/2064 3746/2070
f 4492/2066 4617/2069 4737/2071
f 4492/2066 4737/2071 4668/2065
s 0
f 4080/2068 3746/2070 3663/2072
s 1
f 3663/2072 3746/2070 3482/2073
f 3663/2072 3482/2073 3515/2074
s 0
f 3663/2072 3515/2074 3939/2075
f 3663/2072 3939/2075 4080/2068
s 1
f 3939/2075 3515/2074 3616/2076
f 3939/2075 3616/2076 3995/2077
s 0
f 4080/2068 3939/2075 4499/2078
s 1
f 4080/2068 4499/2078 4617/2069
f 3939/2075 3995/2077 4244/2079
s 0
f 3939/2075 4244/2079 4499/2078
s 1
f 4617/2069 4499/2078 5182/2080
f 4499/2078 4244/2079 4626/2081
f 4626/2081 4244/2079 4309/2082
f 4309/2082 4244/2079 3995/2077
f 4309/2082 3995/2077 4111/2083
f 4617/2069 5182/2080 4956/2084
f 4617/2069 4956/2084 4737/2071
f 4737/2071 4956/2084 4876/2085
f 4876/2085 4956/2084 5000/2086
f 5000/2086 4956/2084 5142/2087
f 4876/2085 5000/2086 4920/2088
f 4737/2071 4876/2085 4668/2065
f 4668/2065 4876/2085 4920/2088
f 4668/2065 4920/2088 4841/2089
f 4668/2065 4841/2089 4527/2090
f 4668/2065 4527/2090 4411/2060
f 4953/2091 4946/2092 4841/2089
f 4411/2060 4527/2090 4400/2093
f 4411/2060 4400/2093 4394/2062
f 4527/2090 4841/2089 4659/2094
f 4659/2094 4841/2089 4946/2092
f 4400/2093 4527/2090 4405/2095
f 4400/2093 4405/2095 4394/2062
f 4527/2090 4659/2094 4450/2096
f 4527/2090 4450/2096 4405/2095
f 4659/2094 4946/2092 4694/2097
f 4694/2097 4946/2092 5006/2098
f 4450/2096 4659/2094 4485/2099
f 4485/2099 4659/2094 4694/2097
f 4405/2095 4450/2096 4401/2100
f 4405/2095 4401/2100 4394/2062
f 4401/2100 4450/2096 4485/2099
f 4394/2062 4401/2100 4399/2101
f 4399/2101 4401/2100 4485/2099
f 4394/2062 4399/2101 4377/2057
f 4750/2102 4694/2097 5006/2098
f 4694/2097 4750/2102 4485/2099
f 4750/2102 5006/2098 4999/2103
f 4750/2102 4999/2103 4954/2104
f 4750/2102 4954/2104 4779/2105
f 4750/2102 4779/2105 4662/2106
f 4377/2057 4399/2101 4511/2107
f 4511/2107 4399/2101 4485/2099
f 4511/2107 4485/2099 4750/2102
f 4511/2107 4750/2102 4662/2106
f 4511/2107 4662/2106 4625/2108
f 4511/2107 4625/2108 4552/2109
f 4511/2107 4552/2109 4522/2110
f 4377/2057 4511/2107 3973/2048
f 4511/2107 4522/2110 4476/2111
f 3973/2048 4511/2107 4230/2112
f 4476/2111 4522/2110 4520/2113
f 3973/2048 4230/2112 4131/2114
f 4131/2114 4230/2112 4232/2115
f 4511/2107 4476/2111 4428/2116
f 4511/2107 4428/2116 4230/2112
f 4476/2111 4520/2113 4484/2117
f 4484/2117 4520/2113 4523/2118
f 4428/2116 4476/2111 4449/2119
f 4449/2119 4476/2111 4484/2117
f 4484/2117 4523/2118 4459/2120
f 4459/2120 4523/2118 4627/2121
f 4449/2119 4484/2117 4464/2122
f 4464/2122 4484/2117 4459/2120
f 4449/2119 4464/2122 4454/2123
f 4454/2123 4464/2122 4459/2120
f 4428/2116 4449/2119 4385/2124
f 4459/2120 4627/2121 4296/2125
f 4296/2125 4627/2121 4155/2126
f 4296/2125 4155/2126 4219/2127
f 4296/2125 4219/2127 4214/2128
f 4428/2116 4385/2124 4369/2129
f 4428/2116 4369/2129 4230/2112
f 4385/2124 4449/2119 4375/2130
f 4375/2130 4449/2119 4454/2123
f 4369/2129 4385/2124 4331/2131
f 4331/2131 4385/2124 4375/2130
f 4230/2112 4369/2129 4314/2132
f 4314/2132 4369/2129 4331/2131
f 4230/2112 4314/2132 4232/2115
f 4245/2133 4214/2128 4232/2115
f 4245/2133 4232/2115 4314/2132
f 4214/2128 4245/2133 4296/2125
f 4245/2133 4314/2132 4318/2134
f 4245/2133 4318/2134 4296/2125
f 4314/2132 4331/2131 4316/2135
f 4314/2132 4316/2135 4318/2134
f 4318/2134 4316/2135 4296/2125
f 4316/2135 4331/2131 4375/2130
f 4296/2125 4316/2135 4425/2136
f 4425/2136 4316/2135 4375/2130
f 4425/2136 4375/2130 4454/2123
f 4296/2125 4425/2136 4459/2120
f 4459/2120 4425/2136 4454/2123
f 643/2137 497/1942 649/1947
f 497/1942 643/2137 395/2138
f 395/2138 643/2137 644/2139
f 644/2139 643/2137 645/2140
f 645/2140 643/2137 649/1947
f 644/2139 645/2140 631/2141
f 631/2141 645/2140 641/2142
f 641/2142 645/2140 649/1947
f 631/2141 641/2142 369/2143
f 641/2142 649/1947 621/2144
f 641/2142 621/2144 369/2143
f 621/2144 649/1947 804/1946
f 369/2143 621/2144 691/2145
f 691/2145 621/2144 804/1946
f 691/2145 804/1946 1103/1945
f 691/2145 1103/1945 825/2146
f 691/2145 825/2146 520/2147
f 520/2147 825/2146 722/2148
f 825/2146 1103/1945 1160/1948
f 825/2146 1160/1948 795/2149
f 825/2146 795/2149 704/2150
f 497/2151 395/2152 177/2153
f 497/2151 177/2153 53/2154
f 53/2154 177/2153 172/2155
f 177/2153 395/2152 175/2156
f 172/2155 177/2153 176/2157
f 176/2157 177/2153 175/2156
f 175/2156 395/2152 194/2158
f 175/2156 194/2158 176/2157
f 194/2158 395/2152 292/2159
f 292/2159 395/2152 644/2160
f 176/2157 194/2158 180/2161
f 180/2161 194/2158 292/2159
f 292/2159 644/2160 631/2162
f 292/2159 631/2162 495/2163
f 495/2163 631/2162 369/2164
f 292/2159 495/2163 235/2165
f 292/2159 235/2165 180/2161
f 235/2165 495/2163 369/2164
f 176/2157 180/2161 182/2166
f 182/2166 180/2161 235/2165
f 182/2166 235/2165 369/2164
f 176/2157 182/2166 172/2155
f 172/2155 182/2166 191/2167
f 191/2167 182/2166 369/2164
f 172/2155 191/2167 14/2168
f 191/2167 369/2164 212/2169
f 191/2167 212/2169 3442/2170
s 0
f 212/2169 369/2164 691/2171
s 1
f 212/2169 691/2171 520/2172
f 3442/2170 212/2169 76/2173
f 212/2169 520/2172 276/2174
f 76/2173 212/2169 88/2175
f 88/2175 212/2169 276/2174
f 88/2175 276/2174 3520/2176
f 76/2173 88/2175 86/2177
f 86/2177 88/2175 89/2178
f 3455/2179 91/2180 3480/2181
f 3480/2181 91/2180 89/2182
f 3480/2181 89/2182 3458/2183
f 3458/2183 89/2182 88/2184
f 3480/2181 3458/2183 3524/2185
f 3480/2181 3524/2185 3528/2186
f 3458/2183 88/2184 3582/2187
f 3524/2185 3458/2183 3525/2188
f 3525/2188 3458/2183 3582/2187
f 3524/2185 3525/2188 3526/2189
f 3524/2185 3526/2189 3528/2186
f 3526/2189 3525/2188 3523/2190
f 3523/2190 3525/2188 3582/2187
f 3528/2186 3526/2189 3486/2191
f 3486/2191 3526/2189 3523/2190
f 3528/2186 3486/2191 3470/2192
f 3520/2193 3582/2187 88/2184
f 3470/2192 3486/2191 38/2194
f 3470/2192 38/2194 58/2195
f 58/2195 38/2194 86/2196
f 86/2196 38/2194 76/2197
f 38/2194 3486/2191 3471/2198
f 38/2194 3471/2198 76/2197
f 3471/2198 3486/2191 3523/2190
f 76/2197 3471/2198 3442/2199
f 3442/2199 3471/2198 3523/2190
f 3442/2199 3523/2190 3674/2200
f 3674/2200 3523/2190 3582/2187
f 14/2201 191/2202 3442/2199
f 14/2201 3442/2199 3620/2203
f 3620/2203 3442/2199 3674/2200
f 14/2201 3620/2203 3475/2204
f 14/2201 3475/2204 172/2205
f 172/2205 3475/2204 53/2206
f 3475/2204 3620/2203 3623/2207
f 53/2206 3475/2204 3634/2208
f 3634/2208 3475/2204 3623/2207
f 58/2209 53/2206 3470/2210
f 3470/2210 53/2206 3634/2208
f 3470/2210 3634/2208 3528/2211
f 3480/2212 3528/2211 3598/2213
f 3598/2213 3528/2211 3634/2208
f 3598/2213 3634/2208 3973/2214
f 3973/2214 3634/2208 3642/2215
f 3626/2216 3634/2208 3623/2207
f 3634/2208 3626/2216 3642/2215
f 3626/2216 3623/2207 3620/2203
f 3642/2215 3626/2216 3624/2217
f 3626/2216 3620/2203 3633/2218
f 3626/2216 3633/2218 3624/2217
f 3624/2217 3633/2218 3810/2219
f 3633/2218 3620/2203 3674/2200
f 3633/2218 3674/2200 3810/2219
f 3810/2219 3674/2200 3924/2220
f 3924/2220 3674/2200 3756/2221
f 3756/2221 3674/2200 3582/2187
f 3924/2220 3756/2221 4040/2222
f 3927/2223 4040/2222 3908/2224
f 3908/2224 4040/2222 3756/2221
f 3908/2224 3756/2221 3844/2225
f 3756/2221 3582/2187 3520/2193
f 3844/2225 3756/2221 3746/2226
f 3844/2225 3746/2226 3927/2227
f 3927/2227 3746/2226 4040/2228
f 3746/2226 3756/2221 3697/2229
f 3697/2229 3756/2221 3520/2193
f 3746/2226 3697/2229 3482/2230
f 230/2231 3482/2230 3520/2193
f 3482/2230 3697/2229 3654/2232
f 3654/2232 3697/2229 3520/2193
f 3654/2232 3520/2193 3482/2230
f 3455/2233 3480/2234 3551/2235
f 3551/2235 3480/2234 3598/2236
f 3455/2233 3551/2235 3537/2237
f 3455/2233 3537/2237 3456/2238
f 3455/2233 3456/2238 92/2239
f 92/2239 3456/2238 44/2240
f 44/2240 3456/2238 3537/2237
f 44/2240 3537/2237 3494/2241
f 44/2240 3494/2241 102/2242
f 102/2242 3494/2241 3558/2243
f 3494/2241 3537/2237 3555/2244
f 3494/2241 3555/2244 3558/2243
f 3555/2244 3537/2237 3551/2235
f 3558/2243 3555/2244 3646/2245
f 3555/2244 3551/2235 3649/2246
f 3649/2246 3551/2235 3598/2236
f 3558/2243 3646/2245 3799/2247
f 3555/2244 3649/2246 3640/2248
f 3555/2244 3640/2248 3646/2245
f 3649/2246 3598/2236 3704/2249
f 3704/2249 3598/2236 3973/2250
f 3640/2248 3649/2246 3644/2251
f 3649/2246 3704/2249 3675/2252
f 3649/2246 3675/2252 3644/2251
f 3640/2248 3644/2251 3639/2253
f 3640/2248 3639/2253 3646/2245
f 3639/2253 3644/2251 3643/2254
f 3646/2245 3639/2253 3694/2255
f 3694/2255 3639/2253 3643/2254
f 3643/2254 3644/2251 3655/2256
f 3655/2256 3644/2251 3675/2252
f 3643/2254 3655/2256 3694/2255
f 3646/2245 3694/2255 3740/2257
f 3646/2245 3740/2257 3799/2247
f 3694/2255 3655/2256 3698/2258
f 3698/2258 3655/2256 3675/2252
f 3694/2255 3698/2258 3733/2259
f 3694/2255 3733/2259 3740/2257
f 3698/2258 3675/2252 3724/2260
f 3698/2258 3724/2260 3733/2259
f 3724/2260 3675/2252 3704/2249
f 3740/2257 3733/2259 3739/2261
f 3739/2261 3733/2259 3724/2260
f 3724/2260 3704/2249 3759/2262
f 3724/2260 3759/2262 3739/2261
f 3759/2262 3704/2249 3973/2250
f 3740/2257 3739/2261 3788/2263
f 3788/2263 3739/2261 3759/2262
f 3759/2262 3973/2250 3832/2264
f 3759/2262 3832/2264 3788/2263
f 3832/2264 3973/2250 3906/2265
f 3740/2257 3788/2263 3804/2266
f 3740/2257 3804/2266 3799/2247
f 3788/2263 3832/2264 3833/2267
f 3788/2263 3833/2267 3804/2266
f 3832/2264 3906/2265 3840/2268
f 3832/2264 3840/2268 3833/2267
f 3840/2268 3906/2265 3904/2269
f 3840/2268 3904/2269 3844/2270
f 3844/2270 3904/2269 3908/2271
f 3833/2267 3840/2268 3838/2272
f 3838/2272 3840/2268 3844/2270
f 3833/2267 3838/2272 3804/2266
f 3838/2272 3844/2270 3927/2273
f 3804/2266 3838/2272 3896/2274
f 3896/2274 3838/2272 3927/2273
f 3804/2266 3896/2274 3799/2247
f 3799/2247 3896/2274 3987/2275
f 3799/2247 3987/2275 3892/2276
f 3896/2274 3927/2273 3981/2277
f 3896/2274 3981/2277 3987/2275
f 3981/2277 3927/2273 3977/2278
f 3977/2278 3927/2273 3908/2279
f 3977/2278 3908/2279 3904/2280
f 3977/2278 3904/2280 3906/2281
f 3892/2276 3987/2275 4155/2282
f 3892/2276 4155/2282 3923/2283
f 3987/2275 3981/2277 3984/2284
f 3984/2284 3981/2277 3977/2278
f 3977/2278 3906/2281 4014/2285
f 3977/2278 4014/2285 3984/2284
f 4014/2285 3906/2281 3973/2286
f 3987/2275 3984/2284 4078/2287
f 3987/2275 4078/2287 4155/2282
f 3984/2284 4014/2285 4042/2288
f 3984/2284 4042/2288 4078/2287
f 4014/2285 3973/2286 4131/2289
f 4155/2282 4078/2287 4144/2290
f 4042/2288 4014/2285 4091/2291
f 4091/2291 4014/2285 4131/2289
f 4155/2282 4144/2290 4219/2292
f 4078/2287 4042/2288 4093/2293
f 4093/2293 4042/2288 4091/2291
f 4078/2287 4093/2293 4094/2294
f 4078/2287 4094/2294 4144/2290
f 4093/2293 4091/2291 4101/2295
f 4101/2295 4091/2291 4131/2289
f 4094/2294 4093/2293 4109/2296
f 4094/2294 4109/2296 4144/2290
f 4109/2296 4093/2293 4101/2295
f 4101/2295 4131/2289 4127/2297
f 4101/2295 4127/2297 4109/2296
f 4127/2297 4131/2289 4197/2298
f 4197/2298 4131/2289 4232/2299
f 4197/2298 4232/2299 4214/2300
f 4109/2296 4127/2297 4170/2301
f 4170/2301 4127/2297 4197/2298
f 4109/2296 4170/2301 4144/2290
f 4197/2298 4214/2300 4202/2302
f 4197/2298 4202/2302 4170/2301
f 4170/2301 4202/2302 4144/2290
f 4202/2302 4214/2300 4219/2292
f 4202/2302 4219/2292 4144/2290
f 7268/2303 7302/2304 7301/2305
f 7302/2304 7268/2303 7244/2306
f 7244/2306 7268/2303 7142/2307
f 7142/2307 7268/2303 7109/2308
f 7142/2307 7109/2308 7155/2309
f 7244/2306 7142/2307 7189/2310
f 7189/2310 7142/2307 7155/2309
f 7302/2304 7244/2306 7251/2311
f 7251/2311 7244/2306 7189/2310
f 7189/2310 7155/2309 7180/2312
f 7189/2310 7180/2312 7251/2311
f 7180/2312 7155/2309 7137/2313
f 7302/2304 7251/2311 7283/2314
f 7283/2314 7251/2311 7180/2312
f 7302/2304 7283/2314 7293/2315
f 7283/2314 7180/2312 7240/2316
f 7283/2314 7240/2316 7293/2315
f 7240/2316 7180/2312 7137/2313
f 7293/2315 7240/2316 7206/2317
f 7206/2317 7240/2316 7137/2313
f 7293/2315 7206/2317 7262/2318
f 7206/2317 7137/2313 7029/2319
f 7262/2318 7206/2317 7210/2320
f 7262/2318 7210/2320 7231/2321
f 7206/2317 7029/2319 6966/2322
f 6966/2322 7029/2319 6900/2323
f 7206/2317 6966/2322 7083/2324
f 7206/2317 7083/2324 7210/2320
f 6966/2322 6900/2323 6961/2325
f 6966/2322 6961/2325 7083/2324
f 7231/2321 7210/2320 7010/2326
f 7231/2321 7010/2326 6954/2327
f 7210/2320 7083/2324 7061/2328
f 7061/2328 7083/2324 6961/2325
f 7010/2326 7210/2320 7221/2329
f 7221/2329 7210/2320 7061/2328
f 7010/2326 7221/2329 7082/2330
f 7010/2326 7082/2330 6819/2331
f 7010/2326 6819/2331 6820/2332
f 7082/2330 7221/2329 6925/2333
f 7221/2329 7061/2328 7127/2334
f 7221/2329 7127/2334 6925/2333
f 7082/2330 6925/2333 6840/2335
f 7082/2330 6840/2335 6819/2331
f 6820/2332 6819/2331 6757/2336
f 6840/2335 6925/2333 6810/2337
f 6840/2335 6810/2337 6819/2331
f 6925/2333 7127/2334 6860/2338
f 6925/2333 6860/2338 6810/2337
f 6987/2339 7127/2334 7061/2328
f 7127/2334 6987/2339 6860/2338
f 6987/2339 7061/2328 6961/2325
f 6987/2339 6961/2325 6848/2340
f 6987/2339 6848/2340 6860/2338
f 6848/2340 6961/2325 6900/2323
f 6810/2337 6860/2338 6769/2341
f 6810/2337 6769/2341 6819/2331
f 6769/2341 6860/2338 6848/2340
f 6819/2331 6769/2341 6757/2336
f 6757/2336 6769/2341 6848/2340
f 6848/2340 6900/2323 6798/2342
f 6848/2340 6798/2342 6757/2336
f 6798/2342 6900/2323 6906/2343
f 6757/2336 6798/2342 6700/2344
f 6700/2344 6798/2342 6694/2345
f 673/2346 652/2347 612/2348
f 612/2348 652/2347 582/2349
f 674/2350 623/2351 673/2346
f 673/2346 612/2348 669/2352
f 673/2346 669/2352 674/2350
f 547/2353 549/2019 582/2349
f 582/2349 549/2019 577/2354
f 582/2349 577/2354 612/2348
f 577/2354 549/2019 556/2018
f 577/2354 556/2018 596/2020
f 612/2348 577/2354 614/2355
f 614/2355 577/2354 596/2020
f 612/2348 614/2355 669/2352
f 614/2355 596/2020 672/2356
f 614/2355 672/2356 669/2352
f 669/2352 672/2356 674/2350
f 672/2356 596/2020 665/2023
f 674/2350 672/2356 676/2357
f 676/2357 672/2356 665/2023
f 3459/2358 20/2359 3446/2360
f 20/2359 3459/2358 3478/679
f 3478/679 3459/2358 3474/2361
f 3474/2361 3459/2358 3468/2362
f 3468/2362 3459/2358 3446/2360
f 3478/679 3474/2361 3552/2363
f 3478/679 3552/2363 3573/678
f 3474/2361 3468/2362 3517/2364
f 3474/2361 3517/2364 3552/2363
f 3468/2362 3446/2360 3484/2365
f 3468/2362 3484/2365 3517/2364
f 43/2366 23/2367 3446/2360
f 3446/2360 23/2367 3448/2368
f 3446/2360 3448/2368 3484/2365
f 3448/2368 23/2367 46/2369
f 3517/2364 3484/2365 3546/2370
f 3562/2371 3552/2363 3517/2364
f 3562/2371 3517/2364 3546/2370
f 3552/2363 3562/2371 3573/678
f 3546/2370 3484/2365 3557/2372
f 3557/2372 3484/2365 3448/2368
f 3546/2370 3557/2372 3562/2371
f 3557/2372 3448/2368 3495/2373
f 3495/2373 3448/2368 45/2374
f 3495/2373 45/2374 3450/2375
f 3557/2372 3495/2373 3563/2376
f 3563/2376 3495/2373 3450/2375
f 3562/2371 3557/2372 3589/2377
f 3589/2377 3557/2372 3563/2376
f 3562/2371 3589/2377 3573/678
f 3563/2376 3450/2375 3558/699
f 3558/699 3450/2375 188/2378
f 3563/2376 3558/699 3625/2379
f 3563/2376 3625/2379 3589/2377
s 0
f 3625/2379 3558/699 3766/684
s 1
f 3573/678 3589/2377 3609/2380
f 3609/2380 3589/2377 3625/2379
f 3609/2380 3625/2379 3766/684
f 3573/678 3609/2380 3734/681
f 3734/681 3609/2380 3766/684
f 4927/2381 4952/2382 4901/2383
f 4952/2382 4927/2381 5027/2384
f 4952/2382 5027/2384 4935/2385
f 4935/2385 5027/2384 5005/2386
f 4927/2381 4901/2383 4980/2387
f 4927/2381 4980/2387 5027/2384
f 4980/2387 4901/2383 4782/2388
f 4782/2388 4901/2383 4788/2389
f 4782/2388 4788/2389 4700/2390
f 4980/2387 4782/2388 5048/2391
f 4980/2387 5048/2391 5027/2384
f 5198/2392 5005/2386 5027/2384
f 5027/2384 5048/2391 5186/2393
f 5198/2392 5027/2384 5220/2394
f 5220/2394 5027/2384 5186/2393
f 5535/2395 5344/2396 5198/2392
f 5198/2392 5220/2394 5420/2397
f 5198/2392 5420/2397 5535/2395
f 5420/2397 5220/2394 5404/2398
f 5404/2398 5220/2394 5186/2393
f 5535/2395 5420/2397 5619/2399
f 5535/2395 5619/2399 5914/2400
f 5914/2400 5619/2399 5974/2401
f 5974/2401 5619/2399 5795/2402
f 5619/2399 5420/2397 5599/2403
f 5619/2399 5599/2403 5795/2402
f 5599/2403 5420/2397 5404/2398
f 5795/2402 5599/2403 5742/2404
f 5742/2404 5599/2403 5583/2405
f 5583/2405 5599/2403 5404/2398
f 5583/2405 5404/2398 5426/2406
f 5272/2407 5404/2398 5186/2393
f 5404/2398 5272/2407 5426/2406
f 5583/2405 5426/2406 5473/2408
f 5583/2405 5473/2408 5576/2409
f 5576/2409 5473/2408 5477/2410
f 5477/2410 5473/2408 5381/2411
f 5381/2411 5473/2408 5367/2412
f 5367/2412 5473/2408 5426/2406
f 5381/2411 5367/2412 5331/2413
f 5367/2412 5426/2406 5213/2414
f 5367/2412 5213/2414 5331/2413
f 5213/2414 5426/2406 5272/2407
f 5331/2413 5213/2414 5203/2415
f 5203/2415 5213/2414 4941/2416
f 5213/2414 5272/2407 5134/2417
f 5213/2414 5134/2417 4941/2416
f 5134/2417 5272/2407 5101/2418
f 5134/2417 5101/2418 4941/2416
f 4941/2416 5101/2418 4873/2419
f 4941/2416 4873/2419 4794/2420
f 5101/2418 5272/2407 5224/2421
f 5224/2421 5272/2407 5186/2393
f 4873/2419 5101/2418 5081/2422
f 4873/2419 5081/2422 4794/2420
f 5081/2422 5101/2418 5224/2421
f 5224/2421 5186/2393 5138/2423
f 5138/2423 5186/2393 5048/2391
f 5081/2422 5224/2421 5018/2424
f 5081/2422 5018/2424 4794/2420
f 5018/2424 5224/2421 5138/2423
f 4794/2420 5018/2424 4837/2425
f 4794/2420 4837/2425 4757/2426
f 5018/2424 5138/2423 4992/2427
f 4992/2427 5138/2423 5048/2391
f 5018/2424 4992/2427 4837/2425
f 4837/2425 4992/2427 4757/2426
f 4992/2427 5048/2391 4848/2428
f 4992/2427 4848/2428 4757/2426
f 704/2429 467/2430 520/2431
f 704/2429 520/2431 722/2432
f 704/2429 722/2432 825/2433
f 520/2431 467/2430 276/2434
f 230/2435 3520/2436 276/2434
f 230/2435 276/2434 467/2430
f 230/2435 467/2430 3482/2437
f 3482/2437 467/2430 486/2438
f 3482/2437 486/2438 3515/2439
f 793/2440 467/2430 704/2429
f 467/2430 793/2440 486/2438
f 793/2440 704/2429 795/2441
f 3515/2439 486/2438 241/2442
f 793/2440 795/2441 1160/2443
f 793/2440 1160/2443 1215/2444
f 1215/2444 1160/2443 1287/2445
f 486/2438 793/2440 1095/2446
f 1215/2444 1287/2445 1308/2447
f 1308/2447 1287/2445 1472/2448
f 1308/2447 1472/2448 1559/2449
f 793/2440 1215/2444 1237/2450
f 1237/2450 1215/2444 1308/2447
f 793/2440 1237/2450 1095/2446
f 1308/2447 1559/2449 1377/2451
f 1308/2447 1377/2451 1237/2450
f 1377/2451 1559/2449 1643/2452
f 1377/2451 1643/2452 1777/2453
f 1237/2450 1377/2451 1403/2454
s 0
f 1237/2450 1403/2454 1095/2446
f 1095/2446 1403/2454 1247/2455
f 655/2456 486/2438 1095/2446
s 1
f 486/2438 655/2456 241/2442
f 655/2456 1095/2446 695/2457
f 655/2456 695/2457 241/2442
s 0
f 695/2457 1095/2446 1182/2458
s 1
f 695/2457 1182/2458 860/2459
f 695/2457 860/2459 617/2460
f 695/2457 617/2460 241/2442
f 241/2442 617/2460 373/2461
f 241/2442 373/2461 215/2462
f 241/2442 215/2462 3444/2463
f 3444/2463 215/2462 164/2464
f 215/2462 373/2461 263/2465
f 215/2462 263/2465 164/2464
f 373/2461 617/2460 410/2466
f 373/2461 410/2466 263/2465
f 164/2464 263/2465 135/2467
f 164/2464 135/2467 3519/2468
f 135/2467 263/2465 258/2469
f 135/2467 258/2469 81/2470
f 258/2469 263/2465 452/2471
f 452/2471 263/2465 410/2466
f 611/2472 410/2466 617/2460
f 410/2466 611/2472 452/2471
f 611/2472 617/2460 771/2473
f 452/2471 611/2472 636/2474
f 636/2474 611/2472 771/2473
f 4813/2475 5033/2476 4991/2477
f 4813/2475 4991/2477 4758/2478
f 4758/2478 4991/2477 4815/2479
f 4991/2477 5033/2476 5045/2480
f 4991/2477 5045/2480 4815/2479
f 5045/2480 5033/2476 4914/2481
f 5045/2480 4914/2481 5093/2482
f 5045/2480 5093/2482 4815/2479
f 5093/2482 4914/2481 5034/2483
f 4815/2479 5093/2482 4909/2484
f 4815/2479 4909/2484 4838/2485
f 4838/2485 4909/2484 5042/2486
f 4909/2484 5093/2482 5162/2487
f 5042/2486 4909/2484 5113/2488
f 5113/2488 4909/2484 5162/2487
f 5042/2486 5113/2488 5295/2489
f 5042/2486 5295/2489 5105/2490
f 5113/2488 5162/2487 5273/2491
f 5113/2488 5273/2491 5295/2489
f 5162/2487 5093/2482 5248/2492
f 5248/2492 5093/2482 5034/2483
f 5273/2491 5162/2487 5243/2493
f 5243/2493 5162/2487 5248/2492
f 5255/2494 5295/2489 5399/2495
f 5399/2495 5295/2489 5340/2496
f 5340/2496 5295/2489 5273/2491
f 5273/2491 5243/2493 5323/2497
f 5273/2491 5323/2497 5340/2496
f 5323/2497 5243/2493 5308/2498
f 5308/2498 5243/2493 5248/2492
f 5340/2496 5323/2497 5226/2499
f 5226/2499 5323/2497 5308/2498
f 5340/2496 5226/2499 5084/2500
f 5084/2500 5226/2499 5206/2501
f 5226/2499 5308/2498 5301/2502
f 5226/2499 5301/2502 5206/2501
f 5206/2501 5301/2502 5348/2503
f 5348/2503 5301/2502 5308/2498
f 5206/2501 5348/2503 5274/2504
f 5274/2504 5348/2503 5343/2505
f 5348/2503 5308/2498 5410/2506
f 5410/2506 5308/2498 5248/2492
f 5343/2505 5348/2503 5436/2507
f 5436/2507 5348/2503 5410/2506
f 5410/2506 5248/2492 5479/2508
f 5410/2506 5479/2508 5436/2507
f 5343/2505 5436/2507 5451/2509
f 5343/2505 5451/2509 5400/2510
f 5343/2505 5400/2510 5439/2511
f 5439/2511 5400/2510 5553/2512
f 5400/2510 5451/2509 5557/2513
f 5400/2510 5557/2513 5553/2512
f 5451/2509 5436/2507 5544/2514
f 5451/2509 5544/2514 5557/2513
f 5553/2512 5557/2513 5608/2515
f 5608/2515 5557/2513 5544/2514
f 5553/2512 5608/2515 5538/2516
f 5544/2514 5436/2507 5457/2517
f 5457/2517 5436/2507 5479/2508
f 5608/2515 5544/2514 5574/2518
f 5608/2515 5574/2518 5538/2516
f 5538/2516 5574/2518 5440/2519
f 5544/2514 5457/2517 5541/2520
f 5544/2514 5541/2520 5574/2518
f 5541/2520 5457/2517 5479/2508
f 5440/2519 5574/2518 5545/2521
f 5545/2521 5574/2518 5541/2520
f 5440/2519 5545/2521 5456/2522
f 5456/2522 5545/2521 5616/2523
f 5616/2523 5545/2521 5541/2520
f 5456/2522 5616/2523 5624/2524
f 5624/2524 5616/2523 5614/2525
f 5541/2520 5479/2508 5611/2526
f 5541/2520 5611/2526 5616/2523
f 5614/2525 5616/2523 5649/2527
f 5614/2525 5649/2527 5674/2528
f 5674/2528 5649/2527 5730/2529
f 5730/2529 5649/2527 5616/2523
f 5674/2528 5730/2529 5772/2530
f 5616/2523 5611/2526 5833/2531
f 5616/2523 5833/2531 5730/2529
f 5625/2532 5611/2526 5479/2508
f 5611/2526 5625/2532 5833/2531
f 5625/2532 5479/2508 5393/2533
f 5393/2533 5479/2508 5248/2492
f 5833/2531 5625/2532 5766/2534
f 5766/2534 5625/2532 5375/2535
f 5375/2535 5625/2532 5393/2533
f 5393/2533 5248/2492 5142/2536
f 5393/2533 5142/2536 5375/2535
f 5142/2536 5248/2492 5034/2483
f 5142/2536 5034/2483 5000/2537
f 5375/2535 5142/2536 4956/2538
f 5375/2535 4956/2538 5182/2539
f 6155/2540 6175/2541 5833/2531
f 5833/2531 6175/2541 6214/2542
f 6214/2542 6175/2541 6174/2543
f 5833/2531 6214/2542 5892/2544
f 6442/2545 6458/2546 6214/2542
f 6214/2542 6458/2546 6223/2547
f 6214/2542 6223/2547 5892/2544
f 6223/2547 6458/2546 6349/2548
f 6223/2547 6349/2548 6247/2549
f 6223/2547 6247/2549 5892/2544
f 6247/2549 6349/2548 6237/2550
f 6237/2550 6349/2548 6221/2551
f 5892/2544 6247/2549 5898/2552
f 5898/2552 6247/2549 6237/2550
f 6237/2550 6221/2551 5897/2553
f 6237/2550 5897/2553 5898/2552
f 5897/2553 6221/2551 5864/2554
f 5898/2552 5897/2553 5874/2555
f 5898/2552 5874/2555 5892/2544
f 5874/2555 5897/2553 5864/2554
f 5787/2556 5833/2531 5892/2544
f 5787/2556 5892/2544 5874/2555
f 5833/2531 5787/2556 5730/2529
f 5874/2555 5864/2554 5784/2557
f 5874/2555 5784/2557 5787/2556
f 5784/2557 5864/2554 5757/2558
f 5784/2557 5757/2558 5782/2559
f 5787/2556 5784/2557 5801/2560
f 5787/2556 5801/2560 5730/2529
f 5801/2560 5784/2557 5782/2559
f 5730/2529 5801/2560 5772/2530
f 5772/2530 5801/2560 5782/2559
f 5772/2530 5782/2559 5692/2561
f 1665/2562 1608/168 1697/2563
f 1665/2562 1697/2563 1687/2564
f 1697/2563 1608/168 1580/2565
f 1580/2565 1608/168 1424/164
f 1580/2565 1424/164 1574/163
f 1697/2563 1580/2565 1667/2566
f 1697/2563 1667/2566 1687/2564
f 1667/2566 1580/2565 1574/163
f 1687/2564 1667/2566 1614/2567
f 1614/2567 1667/2566 1574/163
f 3236/2568 3183/2569 3126/2570
f 3183/2569 3236/2568 3344/2571
f 3344/2571 3236/2568 3324/2572
f 3344/2571 3324/2572 3191/2573
f 3183/2569 3344/2571 3369/2574
f 3369/2574 3344/2571 3191/2573
f 3183/2569 3369/2574 3269/2575
f 3369/2574 3191/2573 3106/2576
f 3369/2574 3106/2576 3269/2575
f 3106/2576 3191/2573 3011/2577
f 3183/2569 3269/2575 3031/2578
f 3183/2569 3031/2578 3126/2570
f 3031/2578 3269/2575 3106/2576
f 3106/2576 3011/2577 2982/2579
f 3106/2576 2982/2579 3031/2578
f 2982/2579 3011/2577 2976/2580
f 2976/2580 3011/2577 2999/2581
f 2976/2580 2999/2581 2991/2582
f 2982/2579 2976/2580 2934/2583
f 2982/2579 2934/2583 3031/2578
f 2976/2580 2991/2582 2948/2584
f 2976/2580 2948/2584 2934/2583
f 2948/2584 2991/2582 2879/2585
f 3031/2578 2934/2583 2959/2586
f 3031/2578 2959/2586 3126/2570
f 2934/2583 2948/2584 2920/2587
f 2934/2583 2920/2587 2959/2586
f 2920/2587 2948/2584 2859/2588
f 2920/2587 2859/2588 2867/2589
f 2920/2587 2867/2589 2959/2586
f 2959/2586 2867/2589 2873/2590
f 3126/2570 2959/2586 3081/2591
f 2959/2586 2873/2590 2984/2592
f 2959/2586 2984/2592 3081/2591
f 3081/2591 2984/2592 3116/2593
f 3087/2594 3116/2595 2984/2596
f 3116/2595 3087/2594 3220/2597
f 3087/2594 2984/2596 2897/2598
f 2897/2598 2984/2596 2873/2599
f 2897/2598 2873/2599 2651/2600
f 3087/2594 2897/2598 2326/2601
f 2897/2598 2651/2600 2282/2602
f 2897/2598 2282/2602 2326/2601
f 2282/2602 2651/2600 1935/2603
f 1935/2603 2651/2600 2223/2604
f 1935/2603 2223/2604 1913/2605
f 1935/2603 1913/2605 1799/2606
f 3087/2594 2326/2601 2870/2607
f 3087/2594 2870/2607 2919/2608
f 2282/2602 1935/2603 1884/2609
f 2282/2602 1884/2609 2326/2601
f 1935/2603 1799/2606 1677/2610
f 1935/2603 1677/2610 1884/2609
f 1677/2610 1799/2606 1691/2611
f 1677/2610 1691/2611 1593/2612
f 1677/2610 1593/2612 1535/2613
f 1677/2610 1535/2613 1491/2614
f 1884/2609 1677/2610 1683/2615
f 1683/2615 1677/2610 1491/2614
f 1884/2609 1683/2615 2326/2601
f 1683/2615 1491/2614 1547/2616
f 1683/2615 1547/2616 1759/2617
f 1683/2615 1759/2617 2326/2601
f 1759/2617 1547/2616 1623/2618
f 1759/2617 1623/2618 1695/2619
f 1759/2617 1695/2619 1848/2620
f 2326/2601 1759/2617 2469/2621
f 2326/2601 2469/2621 2870/2607
f 2870/2607 2469/2621 2919/2608
f 1759/2617 1848/2620 2008/2622
s 0
f 1759/2617 2008/2622 2469/2621
s 1
f 2008/2622 1848/2620 2006/2623
f 2008/2622 2006/2623 2680/2624
f 2008/2622 2680/2624 2469/2621
f 2469/2621 2680/2624 2919/2608
f 2919/2608 2680/2624 2880/2625
f 1643/2626 1767/2627 1777/2628
f 1767/2627 1643/2626 1659/2629
f 1777/2628 1767/2627 1921/2630
f 1767/2627 1659/2629 1751/2631
f 1921/2630 1767/2627 1869/2632
f 1869/2632 1767/2627 1751/2631
f 2268/2633 2248/2634 1921/2630
f 2268/2633 1921/2630 2018/2635
f 2018/2635 1921/2630 1869/2632
f 2268/2633 2018/2635 2293/2636
f 2293/2636 2018/2635 2345/2637
f 1719/2638 1751/2631 1659/2629
f 1719/2638 1659/2629 1649/2639
f 1876/2640 1869/2632 1751/2631
f 1869/2632 1876/2640 2018/2635
f 2345/2637 2018/2635 2368/2641
f 2345/2637 2368/2641 2611/2642
f 1687/2643 1649/2639 1665/2644
f 1649/2639 1687/2643 1669/2645
f 1669/2645 1687/2643 1614/2646
f 1649/2639 1669/2645 1719/2638
f 1669/2645 1614/2646 1673/2647
f 1669/2645 1673/2647 1719/2638
f 1719/2638 1673/2647 1760/2648
f 1739/2649 1751/2631 1719/2638
f 1739/2649 1719/2638 1760/2648
f 1751/2631 1739/2649 1787/2650
f 1751/2631 1787/2650 1876/2640
f 1787/2650 1739/2649 1758/2651
f 1758/2651 1739/2649 1760/2648
f 1787/2650 1758/2651 1824/2652
f 1824/2652 1758/2651 1760/2648
f 1787/2650 1824/2652 1778/2653
f 1787/2650 1778/2653 1876/2640
f 1824/2652 1760/2648 1801/2654
f 1824/2652 1801/2654 1778/2653
f 1801/2654 1760/2648 1816/2655
f 1801/2654 1816/2655 1778/2653
f 1816/2655 1760/2648 1770/2656
f 1876/2640 1778/2653 1842/2657
f 1842/2657 1778/2653 1816/2655
f 1839/2658 1854/2659 1816/2655
f 1816/2655 1854/2659 1842/2657
f 1842/2657 1854/2659 1807/2660
f 1807/2660 1854/2659 1806/2661
f 1842/2657 1807/2660 1856/2662
f 1842/2657 1856/2662 1886/2663
f 1842/2657 1886/2663 1876/2640
f 1886/2663 1856/2662 1885/2664
f 1886/2663 1885/2664 1920/2665
f 1876/2640 1886/2663 1940/2666
f 1940/2666 1886/2663 1920/2665
f 1876/2640 1940/2666 2018/2635
f 1940/2666 1920/2665 1927/2667
f 1927/2667 1920/2665 1933/2668
f 1940/2666 1927/2667 2000/2669
f 2000/2669 1927/2667 1906/2670
f 2018/2635 1940/2666 2031/2671
f 2031/2671 1940/2666 2000/2669
f 2031/2671 2000/2669 2030/2672
f 2031/2671 2030/2672 2036/2673
f 2031/2671 2036/2673 2340/2674
f 2018/2635 2031/2671 2368/2641
f 2368/2641 2031/2671 2340/2674
f 2368/2641 2340/2674 2429/2675
f 2368/2641 2429/2675 2636/2676
f 2636/2676 2429/2675 2655/2677
f 2368/2641 2636/2676 2611/2642
f 2636/2676 2655/2677 2694/2678
f 2636/2676 2694/2678 2611/2642
f 2694/2678 2655/2677 2645/2679
f 2611/2642 2694/2678 2837/2680
f 2694/2678 2645/2679 2829/2681
f 2694/2678 2829/2681 2837/2680
f 2829/2681 2645/2679 2818/2682
f 2829/2681 2818/2682 2862/2683
f 2829/2681 2862/2683 2837/2680
f 2862/2683 2818/2682 2852/2684
f 2862/2683 2852/2684 2931/2685
f 2837/2680 2862/2683 2898/2686
f 2898/2686 2862/2683 2931/2685
f 2837/2680 2898/2686 2981/2687
f 2898/2686 2931/2685 2923/2688
f 2923/2688 2931/2685 2987/2689
f 2923/2688 2987/2689 2946/2690
f 2898/2686 2923/2688 2891/2691
f 2923/2688 2946/2690 2894/2692
f 2923/2688 2894/2692 2891/2691
f 2898/2686 2891/2691 2932/2693
f 2898/2686 2932/2693 2981/2687
f 2932/2693 2891/2691 2894/2692
f 2981/2687 2932/2693 2962/2694
f 2981/2687 2962/2694 3021/2695
f 2932/2693 2894/2692 2966/2696
f 2966/2696 2894/2692 2946/2690
f 2932/2693 2966/2696 2962/2694
f 2962/2694 2966/2696 3021/2695
f 2966/2696 2946/2690 3005/2697
f 2966/2696 3005/2697 3021/2695
f 3021/2695 3005/2697 3082/2698
f 3082/2698 3005/2697 2987/2699
f 1770/2700 1748/2701 1839/2702
f 1770/2700 1839/2702 1816/2703
f 1839/2702 1748/2701 1806/2704
f 1839/2702 1806/2704 1854/2705
f 1806/2704 1748/2701 1722/2706
f 1806/2704 1722/2706 1807/2707
f 1748/2701 1770/2700 1705/2708
f 1705/2708 1770/2700 1760/2709
f 1705/2708 1760/2709 1673/2710
f 1748/2701 1705/2708 1657/2711
f 1657/2711 1705/2708 1673/2710
f 1748/2701 1657/2711 1722/2706
f 1657/2711 1673/2710 1574/2712
f 1574/2712 1673/2710 1614/2713
f 1657/2711 1574/2712 1631/2714
f 1657/2711 1631/2714 1722/2706
f 1722/2706 1631/2714 1870/2715
f 1870/2715 1631/2714 1803/2716
f 1870/2715 1803/2716 1909/2717
f 1870/2715 1909/2717 2019/2718
f 1722/2706 1870/2715 1837/2719
f 1722/2706 1837/2719 1807/2707
f 1807/2707 1837/2719 1856/2720
f 1856/2720 1837/2719 1865/2721
f 1856/2720 1865/2721 1885/2722
f 1865/2721 1837/2719 1904/2723
f 1865/2721 1904/2723 1885/2722
f 1885/2722 1904/2723 1933/2724
f 1885/2722 1933/2724 1920/2725
f 1904/2723 1837/2719 1906/2726
f 1904/2723 1906/2726 1933/2724
f 1906/2726 1837/2719 1870/2715
f 1933/2724 1906/2726 1927/2727
f 1906/2726 1870/2715 2007/2728
f 2007/2728 1870/2715 2019/2718
f 1906/2726 2007/2728 2000/2729
f 2007/2728 2019/2718 2378/2730
f 2000/2729 2007/2728 2030/2731
f 2030/2731 2007/2728 2378/2730
f 2030/2731 2378/2730 2280/2732
f 2030/2731 2280/2732 2036/2733
f 2280/2732 2378/2730 2429/2734
f 2036/2733 2280/2732 2340/2735
f 2340/2735 2280/2732 2429/2734
f 1771/2736 1766/2737 1757/2738
f 1757/2738 1766/2737 1701/2739
f 1766/2737 1771/2736 1836/2740
f 1836/2740 1771/2736 1883/2741
f 1913/2742 1883/2741 1799/2743
f 1883/2741 1913/2742 2202/2744
f 2202/2744 1913/2742 2223/2745
f 1836/2740 1883/2741 1915/2746
f 2202/2744 2223/2745 2669/2747
f 2669/2747 2223/2745 2651/2748
f 2669/2747 2651/2748 2873/2749
f 2669/2747 2873/2749 2867/2750
f 2669/2747 2867/2750 2859/2751
f 1836/2740 1915/2746 1896/2752
f 1836/2740 1896/2752 1832/2753
f 1994/2754 1915/2746 1883/2741
f 1994/2754 1883/2741 2202/2744
f 1896/2752 1915/2746 1973/2755
f 1973/2755 1915/2746 1994/2754
f 1832/2753 1896/2752 1909/2756
f 1909/2756 1896/2752 1973/2755
f 1832/2753 1909/2756 1803/2757
f 1909/2756 1973/2755 1980/2758
f 1909/2756 1980/2758 1967/2759
f 1967/2759 1980/2758 1976/2760
f 1980/2758 1973/2755 1997/2761
f 1997/2761 1973/2755 1994/2754
f 1976/2760 1980/2758 1993/2762
f 1993/2762 1980/2758 1997/2761
f 1997/2761 1994/2754 2258/2763
f 1997/2761 2258/2763 1993/2762
f 2258/2763 1994/2754 2202/2744
f 2258/2763 2202/2744 2669/2747
f 1976/2760 1993/2762 2245/2764
f 1976/2760 2245/2764 2400/2765
f 2245/2764 1993/2762 2317/2766
f 2317/2766 1993/2762 2258/2763
f 2400/2765 2245/2764 2761/2767
f 2400/2765 2761/2767 2796/2768
f 2245/2764 2317/2766 2687/2769
f 2687/2769 2317/2766 2258/2763
f 2245/2764 2687/2769 2761/2767
f 2796/2768 2761/2767 2795/2770
f 2795/2770 2761/2767 2687/2769
f 2796/2768 2795/2770 2807/2771
f 2807/2771 2795/2770 2810/2772
f 2795/2770 2687/2769 2693/2773
f 2693/2773 2687/2769 2258/2763
f 2795/2770 2693/2773 2702/2774
f 2702/2774 2693/2773 2258/2763
f 2795/2770 2702/2774 2810/2772
f 2702/2774 2258/2763 2669/2747
f 2702/2774 2669/2747 2859/2751
f 2810/2772 2702/2774 2858/2775
f 2858/2775 2702/2774 2859/2751
f 2810/2772 2858/2775 2879/2776
f 2858/2775 2859/2751 2948/2777
f 2858/2775 2948/2777 2879/2776
f 1836/2778 1792/2779 1766/2780
f 1792/2779 1836/2778 1841/2781
f 1841/2781 1836/2778 1815/2782
f 1766/2780 1792/2779 1747/2783
f 1766/2780 1747/2783 1701/2784
f 1701/2784 1747/2783 1706/2785
f 1792/2779 1841/2781 1814/2786
f 1814/2786 1841/2781 1815/2782
f 1792/2779 1814/2786 1747/2783
f 1814/2786 1815/2782 1776/2787
f 1814/2786 1776/2787 1747/2783
f 1747/2783 1776/2787 1706/2785
f 1776/2787 1815/2782 1789/2788
f 1776/2787 1789/2788 1706/2785
f 5371/2789 5496/2790 5477/2791
f 5371/2789 5477/2791 5381/2792
f 5477/2791 5496/2790 5576/2793
f 5371/2789 5381/2792 5357/2794
f 5371/2789 5357/2794 5496/2790
f 5357/2794 5381/2792 5331/2795
f 5496/2790 5357/2794 5483/2796
f 5357/2794 5331/2795 5455/2797
f 5455/2797 5331/2795 5203/2798
f 5455/2797 5203/2798 5335/2799
f 5455/2797 5335/2799 5456/2800
f 5496/2790 5483/2796 5549/2801
f 5496/2790 5549/2801 5576/2793
f 5483/2796 5357/2794 5505/2802
f 5483/2796 5505/2802 5549/2801
f 5505/2802 5357/2794 5455/2797
f 5576/2793 5549/2801 5560/2803
f 5560/2803 5549/2801 5505/2802
f 5576/2793 5560/2803 5583/2804
f 5583/2804 5560/2803 5742/2805
f 5624/2806 5455/2797 5456/2800
f 5742/2805 5560/2803 5697/2807
f 5742/2805 5697/2807 5850/2808
f 5850/2808 5697/2807 5832/2809
f 5697/2807 5560/2803 5626/2810
f 5697/2807 5626/2810 5832/2809
f 5626/2810 5560/2803 5505/2802
f 5626/2810 5505/2802 5455/2797
f 5832/2809 5626/2810 5656/2811
f 5656/2811 5626/2810 5455/2797
f 5656/2811 5455/2797 5624/2806
f 5832/2809 5656/2811 6048/2812
f 5656/2811 5624/2806 5757/2813
f 5656/2811 5757/2813 6048/2812
f 6048/2812 5757/2813 5864/2814
f 6048/2812 5864/2814 6221/2815
f 5757/2813 5624/2806 5692/2816
f 5757/2813 5692/2816 5782/2817
f 5692/2816 5624/2806 5614/2818
f 5692/2816 5614/2818 5674/2819
f 5692/2816 5674/2819 5772/2820
f 6731/2821 6661/2822 6428/2823
f 6720/2824 6826/2825 6731/2821
f 6720/2824 6731/2821 6428/2823
f 6428/2823 6661/2822 6465/2826
f 6465/2826 6661/2822 6567/2827
f 6465/2826 6567/2827 6291/2828
f 6465/2826 6291/2828 6005/2829
f 6465/2826 6005/2829 6428/2823
f 6428/2823 6005/2829 5960/2830
f 6428/2823 5960/2830 6313/2831
f 5960/2830 6005/2829 5969/2832
f 5969/2832 6005/2829 6049/2833
f 6049/2833 6005/2829 6078/2834
f 2987/2835 3005/2836 2946/2837
f 6496/2838 6700/2839 6694/2840
f 6496/2838 6694/2840 6657/2841
f 6496/2838 6657/2841 5974/2842
f 6496/2838 5974/2842 6067/2843
f 6067/2843 5974/2842 5795/2844
f 6067/2843 5795/2844 5903/2845
f 6067/2843 5903/2845 6496/2838
f 5903/2845 5795/2844 5742/2846
f 6496/2838 5903/2845 5946/2847
f 6496/2838 5946/2847 6502/2848
f 5903/2845 5742/2846 5859/2849
f 5903/2845 5859/2849 5946/2847
f 5859/2849 5742/2846 5850/2850
f 6502/2848 5946/2847 6220/2851
f 6502/2848 6220/2851 6617/2852
f 6617/2852 6220/2851 6646/2853
f 6646/2853 6220/2851 6210/2854
f 6646/2853 6210/2854 6120/2855
f 6220/2851 5946/2847 5855/2856
f 5855/2856 5946/2847 5859/2849
f 6210/2854 6220/2851 5842/2857
f 6210/2854 5842/2857 6120/2855
f 5842/2857 6220/2851 5855/2856
f 5855/2856 5859/2849 5848/2858
f 5855/2856 5848/2858 5842/2857
f 5848/2858 5859/2849 5850/2850
f 5848/2858 5850/2850 5832/2859
f 5842/2857 5848/2858 5836/2860
f 5836/2860 5848/2858 5832/2859
f 5842/2857 5836/2860 6120/2855
f 5836/2860 5832/2859 6286/2861
f 6120/2855 5836/2860 6265/2862
f 6265/2862 5836/2860 6286/2861
f 6820/2863 6954/2864 7010/2865
f 6954/2864 6820/2863 6704/2866
f 6700/2867 6820/2863 6757/2868
f 6704/2866 6820/2863 6725/2869
f 6725/2869 6820/2863 6700/2867
f 6221/2870 6704/2866 6048/2871
f 6704/2866 6725/2869 6637/2872
f 6704/2866 6637/2872 6048/2871
f 6725/2869 6700/2867 6643/2873
f 6725/2869 6643/2873 6637/2872
f 6643/2873 6700/2867 6496/2874
f 6643/2873 6496/2874 6547/2875
f 6547/2875 6496/2874 6502/2876
f 6643/2873 6547/2875 6638/2877
f 6638/2877 6547/2875 6502/2876
f 6643/2873 6638/2877 6637/2872
f 6638/2877 6502/2876 6617/2878
f 6638/2877 6617/2878 6646/2879
f 6638/2877 6646/2879 6655/2880
f 6655/2880 6646/2879 6120/2881
f 6637/2872 6638/2877 6654/2882
f 6655/2880 6120/2881 6660/2883
f 6655/2880 6660/2883 6638/2877
f 6638/2877 6660/2883 6654/2882
f 6660/2883 6120/2881 6265/2884
f 6660/2883 6265/2884 6286/2885
f 6660/2883 6286/2885 6654/2882
f 6654/2882 6286/2885 6637/2872
f 6637/2872 6286/2885 6048/2871
f 6048/2871 6286/2885 5832/2886
f 6567/2887 6600/2888 6575/2889
f 6567/2887 6575/2889 6597/2890
f 6567/2887 6597/2890 6291/2891
f 6597/2890 6575/2889 6581/2892
f 6078/2893 6005/2894 6291/2891
f 6078/2893 6291/2891 6444/2895
f 6444/2895 6291/2891 6597/2890
f 6078/2893 6444/2895 6066/2896
f 6597/2890 6581/2892 6564/2897
f 6597/2890 6564/2897 6444/2895
f 6564/2897 6581/2892 6555/2898
f 6066/2896 6444/2895 6042/2899
f 6066/2896 6042/2899 6049/2900
f 6049/2900 6042/2899 6101/2901
f 6042/2899 6444/2895 6352/2902
f 6042/2899 6352/2902 6101/2901
f 6352/2902 6444/2895 6564/2897
f 6101/2901 6352/2902 6064/2903
f 6352/2902 6564/2897 6292/2904
f 6352/2902 6292/2904 6064/2903
f 6292/2904 6564/2897 6555/2898
f 6064/2903 6292/2904 6099/2905
f 6292/2904 6555/2898 6451/2906
f 6292/2904 6451/2906 6099/2905
f 6451/2906 6555/2898 6581/2892
f 6099/2905 6451/2906 6076/2907
f 6451/2906 6581/2892 6314/2908
f 6451/2906 6314/2908 6076/2907
f 2785/2909 2658/2910 2784/2911
f 2785/2909 2784/2911 2741/2912
f 2784/2911 2658/2910 2611/2913
f 2785/2909 2741/2912 2731/2914
f 2731/2914 2741/2912 2700/2915
f 2731/2914 2700/2915 2728/2916
f 2700/2915 2741/2912 2668/2917
f 2658/2910 2785/2909 2786/2918
f 2623/2919 2801/2920 2786/2918
f 2786/2918 2801/2920 2621/2921
f 2786/2918 2621/2921 2658/2910
f 2658/2910 2621/2921 2522/2922
f 2658/2910 2522/2922 2611/2913
f 2522/2922 2621/2921 2441/2923
f 2611/2913 2522/2922 2345/2924
f 2522/2922 2441/2923 2285/2925
f 2522/2922 2285/2925 2345/2924
f 2285/2925 2441/2923 2289/2926
f 2345/2924 2285/2925 2293/2927
f 2285/2925 2289/2926 2319/2928
f 2319/2928 2289/2926 2623/2929
f 2319/2928 2623/2929 2570/2930
f 2319/2928 2570/2930 2560/2931
f 2319/2928 2560/2931 2314/2932
f 2319/2928 2314/2932 2285/2925
f 2285/2925 2314/2932 2300/2933
f 2298/2934 2293/2927 2285/2925
f 2298/2934 2285/2925 2300/2933
f 2293/2927 2298/2934 2268/2935
f 2268/2935 2298/2934 2248/2936
f 2298/2934 2300/2933 2271/2937
f 2298/2934 2271/2937 2248/2936
f 2248/2936 2271/2937 2244/2938
f 2244/2938 2271/2937 2208/2939
f 2271/2937 2300/2933 2267/2940
f 2271/2937 2267/2940 2214/2941
f 2214/2941 2267/2940 2230/2942
f 2818/2943 2645/2944 2655/2945
f 2818/2943 2655/2945 2798/2946
f 2818/2943 2798/2946 2852/2947
f 2798/2946 2655/2945 2378/2948
f 2378/2948 2655/2945 2429/2949
f 2798/2946 2378/2948 2817/2950
f 2798/2946 2817/2950 2852/2947
f 2817/2950 2378/2948 2019/2951
f 2817/2950 2019/2951 2247/2952
f 2247/2952 2019/2951 1909/2953
f 2247/2952 1909/2953 1967/2954
f 2817/2950 2247/2952 2810/2955
f 2817/2950 2810/2955 2879/2956
f 2810/2955 2247/2952 2807/2957
f 2817/2950 2879/2956 3006/2958
f 2817/2950 3006/2958 2852/2947
f 3006/2958 2879/2956 2991/2959
f 2852/2947 3006/2958 2931/2960
f 2931/2960 3006/2958 2987/2961
f 2987/2961 3006/2958 3082/2962
f 3082/2962 3006/2958 3199/2963
f 3199/2963 3006/2958 3324/2964
f 3006/2958 2991/2959 2999/2965
f 3324/2964 3006/2958 3191/2966
f 3191/2966 3006/2958 2999/2965
f 3191/2966 2999/2965 3011/2967
f 2496/2968 2807/2957 2247/2952
f 2807/2957 2496/2968 2796/2969
f 2496/2968 2247/2952 1967/2954
f 2796/2969 2496/2968 2400/2970
f 2496/2968 1967/2954 1976/2971
f 2496/2968 1976/2971 2400/2970
f 2083/2972 2073/2973 2126/2974
f 2083/2972 2126/2974 2243/2975
f 2126/2974 2073/2973 2076/2976
f 2076/2976 2073/2973 2068/2977
f 2068/2977 2073/2973 2071/2978
f 2073/2973 2083/2972 2091/2979
f 2071/2978 2073/2973 2078/2980
f 2078/2980 2073/2973 2091/2979
f 2091/2979 2083/2972 2095/2981
f 2095/2981 2083/2972 2243/2975
f 2091/2979 2095/2981 2098/2982
f 2091/2979 2098/2982 2078/2980
f 2095/2981 2243/2975 2404/2983
f 2095/2981 2404/2983 2098/2982
f 2404/2983 2243/2975 2495/2984
f 2404/2983 2495/2984 2477/2985
f 2477/2985 2495/2984 2487/2986
f 2477/2985 2487/2986 2489/2987
f 2477/2985 2489/2987 2501/2988
f 2477/2985 2501/2988 2478/2989
f 2477/2985 2478/2989 2475/2990
f 2447/2991 2098/2982 2404/2983
f 2447/2991 2404/2983 2477/2985
f 2477/2985 2475/2990 2476/2992
f 2477/2985 2476/2992 2447/2991
f 2476/2992 2475/2990 2510/2993
f 2476/2992 2510/2993 2573/2994
f 2476/2992 2573/2994 2447/2991
f 2573/2994 2510/2993 2673/2995
f 2144/2996 2098/2982 2447/2991
f 2098/2982 2144/2996 2078/2980
f 2573/2994 2673/2995 2760/2997
f 2078/2980 2144/2996 2097/2998
f 2760/2997 2673/2995 2779/2999
f 2078/2980 2097/2998 2140/3000
f 2078/2980 2140/3000 2071/2978
f 2097/2998 2144/2996 2307/3001
f 2097/2998 2307/3001 2140/3000
f 2307/3001 2144/2996 2367/3002
f 2367/3002 2144/2996 2447/2991
f 2479/3003 2447/2991 2573/2994
f 2447/2991 2479/3003 2367/3002
f 2479/3003 2573/2994 2760/2997
f 2089/3004 2071/2978 2140/3000
f 2071/2978 2089/3004 2100/3005
f 2100/3005 2089/3004 2234/3006
f 2234/3006 2089/3004 2372/3007
f 2089/3004 2140/3000 2321/3008
f 2089/3004 2321/3008 2372/3007
f 2321/3008 2140/3000 2373/3009
f 2373/3009 2140/3000 2307/3001
f 2372/3007 2321/3008 2402/3010
f 2372/3007 2402/3010 2234/3006
f 2321/3008 2373/3009 2366/3011
f 2321/3008 2366/3011 2402/3010
f 2234/3006 2402/3010 2174/3012
f 2174/3012 2402/3010 2366/3011
f 2234/3006 2174/3012 2107/3013
f 2174/3012 2366/3011 2134/3014
f 2174/3012 2134/3014 2107/3013
f 2366/3011 2373/3009 2364/3015
f 2366/3011 2364/3015 2134/3014
f 2349/3016 2373/3009 2307/3001
f 2373/3009 2349/3016 2364/3015
f 2349/3016 2307/3001 2367/3002
f 2134/3014 2364/3015 2277/3017
f 2277/3017 2364/3015 2349/3016
f 2356/3018 2107/3013 2134/3014
f 2356/3018 2134/3014 2277/3017
f 2107/3013 2356/3018 2465/3019
f 2349/3016 2367/3002 2156/3020
f 2349/3016 2156/3020 2277/3017
f 2156/3020 2367/3002 2479/3003
f 2277/3017 2156/3020 2347/3021
f 2347/3021 2156/3020 2479/3003
f 2356/3018 2277/3017 2593/3022
f 2277/3017 2347/3021 2580/3023
f 2277/3017 2580/3023 2593/3022
f 2580/3023 2347/3021 2603/3024
f 2603/3024 2347/3021 2479/3003
f 2593/3022 2580/3023 2538/3025
f 2538/3025 2580/3023 2603/3024
f 2603/3024 2479/3003 2691/3026
f 2691/3026 2479/3003 2760/2997
f 2592/3027 2356/3018 2593/3022
f 2356/3018 2592/3027 2465/3019
f 2592/3027 2593/3022 2455/3028
f 2455/3028 2593/3022 2538/3025
f 2465/3019 2592/3027 2587/3029
f 2465/3019 2587/3029 2506/3030
f 2587/3029 2592/3027 2534/3031
f 2587/3029 2534/3031 2506/3030
f 2534/3031 2592/3027 2455/3028
f 2465/3019 2506/3030 2660/3032
f 2660/3032 2506/3030 2659/3033
f 2534/3031 2455/3028 2481/3034
f 2481/3034 2455/3028 2431/3035
f 2481/3034 2431/3035 2563/3036
f 2431/3035 2455/3028 2438/3037
f 2431/3035 2438/3037 2425/3038
f 2438/3037 2455/3028 2538/3025
f 2425/3038 2438/3037 2466/3039
f 2481/3034 2563/3036 2532/3040
f 2481/3034 2532/3040 2534/3031
f 2532/3040 2563/3036 2428/3041
f 2428/3041 2563/3036 2470/3042
f 2534/3031 2532/3040 2257/3043
f 2534/3031 2257/3043 2506/3030
f 2257/3043 2532/3040 2351/3044
f 2351/3044 2532/3040 2428/3041
f 2506/3030 2257/3043 2067/3045
f 2506/3030 2067/3045 2235/3046
f 2235/3046 2067/3045 2075/3047
f 2067/3045 2257/3043 2065/3048
f 2067/3045 2065/3048 2075/3047
f 2065/3048 2257/3043 2351/3044
f 2075/3047 2065/3048 2082/3049
f 2075/3047 2082/3049 2212/3050
f 2065/3048 2351/3044 2183/3051
f 2065/3048 2183/3051 2082/3049
f 2183/3051 2351/3044 2428/3041
f 2082/3049 2183/3051 2354/3052
f 2082/3049 2354/3052 2212/3050
f 2354/3052 2183/3051 2428/3041
f 2212/3050 2354/3052 2360/3053
f 2212/3050 2360/3053 2332/3054
f 2354/3052 2428/3041 2341/3055
f 2354/3052 2341/3055 2360/3053
f 2332/3054 2360/3053 2350/3056
f 2341/3055 2428/3041 2263/3057
f 2263/3057 2428/3041 2419/3058
f 2419/3058 2428/3041 2470/3042
f 2341/3055 2263/3057 2047/3059
f 2360/3053 2341/3055 2049/3060
f 2049/3060 2341/3055 2047/3059
f 2350/3056 2360/3053 2055/3061
f 2055/3061 2360/3053 2049/3060
f 2049/3060 2047/3059 2088/3062
f 2049/3060 2088/3062 2055/3061
f 2047/3059 2263/3057 2190/3063
f 2047/3059 2190/3063 2088/3062
f 2190/3063 2263/3057 2419/3058
f 2350/3056 2055/3061 2155/3064
f 2155/3064 2055/3061 2088/3062
f 2350/3056 2155/3064 2374/3065
f 2374/3065 2155/3064 2054/3066
f 2088/3062 2190/3063 2407/3067
f 2407/3067 2190/3063 2419/3058
f 2155/3064 2088/3062 2328/3068
f 2155/3064 2328/3068 2054/3066
f 2328/3068 2088/3062 2407/3067
f 2054/3066 2328/3068 2129/3069
f 2054/3066 2129/3069 2045/3070
f 2328/3068 2407/3067 2412/3071
f 2412/3071 2407/3067 2419/3058
f 2328/3068 2412/3071 2129/3069
f 2045/3070 2129/3069 2130/3072
f 2130/3072 2129/3069 2412/3071
f 2130/3072 2412/3071 2419/3058
f 2130/3072 2419/3058 2342/3073
f 2130/3072 2342/3073 2104/3074
f 2700/3075 2480/3076 2728/3077
f 2480/3076 2700/3075 2668/3078
f 2181/3079 2248/3080 2480/3076
f 2181/3079 2480/3076 2668/3078
f 2181/3079 2668/3078 2467/3081
f 2181/3079 2467/3081 2105/3082
f 2105/3082 2467/3081 2390/3083
f 2105/3082 2390/3083 2076/3084
f 2390/3083 2467/3081 2827/3085
f 2467/3081 2668/3078 2833/3086
f 2467/3081 2833/3086 2827/3085
f 2827/3085 2833/3086 2917/3087
f 2827/3085 2917/3087 2915/3088
f 2833/3086 2668/3078 2926/3089
f 2833/3086 2926/3089 2917/3087
f 2926/3089 2668/3078 2843/3090
f 2843/3090 2668/3078 2741/3091
f 2843/3090 2741/3091 2784/3092
f 2843/3090 2784/3092 2837/3093
f 2837/3093 2784/3092 2611/3094
f 2843/3090 2837/3093 2981/3095
f 2843/3090 2981/3095 2980/3096
f 2843/3090 2980/3096 2926/3089
f 2926/3089 2980/3096 3050/3097
f 2926/3089 3050/3097 2917/3087
f 3057/3098 2915/3088 2917/3087
f 3057/3098 2917/3087 3050/3097
f 2915/3088 3057/3098 2990/3099
f 3057/3098 3050/3097 3164/3100
f 3164/3100 3050/3097 3246/3101
f 3057/3098 3164/3100 3146/3102
f 3164/3100 3246/3101 3235/3103
f 3164/3100 3235/3103 3146/3102
f 2728/3104 2480/3105 2393/3106
f 2393/3106 2480/3105 2248/3107
f 2728/3104 2393/3106 2599/3108
f 2599/3108 2393/3106 2231/3109
f 2599/3108 2231/3109 2262/3110
f 2262/3110 2231/3109 2133/3111
f 2262/3110 2133/3111 2331/3112
f 2331/3112 2133/3111 2138/3113
f 2599/3108 2262/3110 2602/3114
f 2602/3114 2262/3110 2331/3112
f 2728/3104 2599/3108 2753/3115
f 2753/3115 2599/3108 2602/3114
f 2602/3114 2331/3112 2617/3116
f 2602/3114 2617/3116 2753/3115
f 2331/3112 2138/3113 2439/3117
f 2331/3112 2439/3117 2617/3116
f 2439/3117 2138/3113 2397/3118
f 2397/3118 2138/3113 2208/3119
f 2617/3116 2439/3117 2724/3120
f 2724/3120 2439/3117 2397/3118
f 2753/3115 2617/3116 2749/3121
f 2749/3121 2617/3116 2724/3120
f 2753/3115 2749/3121 2709/3122
f 2709/3122 2749/3121 2724/3120
f 2753/3115 2709/3122 2728/3104
f 2724/3120 2397/3118 2527/3123
f 2527/3123 2397/3118 2208/3119
f 2724/3120 2527/3123 2709/3122
f 2527/3123 2208/3119 2271/3124
f 2527/3123 2271/3124 2620/3125
f 2620/3125 2271/3124 2214/3126
f 2527/3123 2620/3125 2709/3122
f 2731/3127 2728/3104 2709/3122
f 2709/3122 2620/3125 2757/3128
s 0
f 2731/3127 2709/3122 2742/3129
s 1
f 2742/3129 2709/3122 2757/3128
s 0
f 2731/3127 2742/3129 2768/3130
s 1
f 2731/3127 2768/3130 2785/3131
f 2785/3131 2768/3130 2786/3132
f 2768/3130 2742/3129 2727/3133
f 2786/3132 2768/3130 2729/3134
f 2729/3134 2768/3130 2727/3133
f 2786/3132 2729/3134 2623/3135
f 2623/3135 2729/3134 2570/3136
f 2570/3136 2729/3134 2727/3133
f 2570/3136 2727/3133 2560/3137
f 2704/3138 2742/3129 2757/3128
f 2704/3138 2757/3128 2639/3139
f 2704/3138 2639/3139 2406/3140
f 2704/3138 2406/3140 2547/3141
f 2742/3129 2704/3138 2716/3142
f 2742/3129 2716/3142 2710/3143
f 2704/3138 2547/3141 2586/3144
f 2704/3138 2586/3144 2716/3142
f 2586/3144 2547/3141 2267/3145
f 2267/3145 2547/3141 2230/3146
f 2716/3142 2586/3144 2524/3147
f 2524/3147 2586/3144 2267/3145
f 2716/3142 2524/3147 2710/3143
f 2524/3147 2267/3145 2199/3148
f 2710/3143 2524/3147 2433/3149
f 2433/3149 2524/3147 2199/3148
f 2710/3143 2433/3149 2471/3150
f 2433/3149 2199/3148 2203/3151
f 2433/3149 2203/3151 2471/3150
f 5969/3152 6049/3153 6101/3154
f 5969/3152 6101/3154 6064/3155
f 5969/3152 6064/3155 5990/3156
s 0
f 5969/3152 5990/3156 5947/3157
f 5947/3157 5990/3156 6010/3158
s 1
f 5990/3156 6064/3155 5995/3159
f 5995/3159 6064/3155 6099/3160
f 5995/3159 6099/3160 6076/3161
f 5995/3159 6076/3161 6083/3162
f 6314/3163 6083/3162 6168/3164
f 5995/3159 6083/3162 6028/3165
f 6028/3165 6083/3162 6314/3163
f 5990/3156 5995/3159 6017/3166
f 6017/3166 5995/3159 6028/3165
f 6028/3165 6314/3163 6278/3167
f 6028/3165 6278/3167 6017/3166
f 6278/3167 6314/3163 6569/3168
f 6278/3167 6569/3168 6316/3169
f 6278/3167 6316/3169 6017/3166
f 6316/3169 6569/3168 6576/3170
f 5990/3156 6017/3166 6137/3171
f 6137/3171 6017/3166 6316/3169
f 5990/3156 6137/3171 6146/3172
f 5990/3156 6146/3172 6010/3158
f 6137/3171 6316/3169 6469/3173
f 6469/3173 6316/3169 6576/3170
f 6137/3171 6469/3173 6146/3172
f 6469/3173 6576/3170 6457/3174
f 6010/3158 6146/3172 6127/3175
f 6127/3175 6146/3172 6469/3173
f 6127/3175 6469/3173 6457/3174
f 6010/3158 6127/3175 6061/3176
f 6127/3175 6457/3174 6092/3177
f 6127/3175 6092/3177 6061/3176
f 6626/3178 6506/3179 6631/3180
f 6479/3181 6506/3179 6442/3182
f 6506/3179 6479/3181 6631/3180
f 6626/3178 6631/3180 6587/3183
f 6626/3178 6587/3183 6575/3184
f 6631/3180 6479/3181 6545/3185
f 6545/3185 6479/3181 6456/3186
f 6545/3185 6456/3186 6534/3187
f 6545/3185 6534/3187 6636/3188
f 6631/3180 6545/3185 6625/3189
f 6631/3180 6625/3189 6570/3190
f 6631/3180 6570/3190 6587/3183
f 6587/3183 6570/3190 6571/3191
f 6587/3183 6571/3191 6559/3192
f 6587/3183 6559/3192 6596/3193
f 6611/3194 6603/3195 6596/3193
f 6596/3193 6603/3195 6587/3183
f 6587/3183 6603/3195 6610/3196
f 6587/3183 6610/3196 6576/3197
f 6587/3183 6576/3197 6581/3198
f 6587/3183 6581/3198 6575/3184
f 6581/3198 6576/3197 6569/3199
f 6581/3198 6569/3199 6314/3200
f 6145/3201 5680/3202 6076/3203
f 6145/3201 6076/3203 6168/3204
f 5680/3202 6145/3201 5807/3205
f 5807/3205 6145/3201 6066/3206
f 5680/3202 5807/3205 5182/3207
f 5807/3205 6066/3206 6078/3208
f 5182/3207 5807/3205 5375/3209
f 5807/3205 6078/3208 5766/3210
f 5807/3205 5766/3210 5375/3209
f 6076/3211 5680/3212 6083/3213
f 2639/3214 2757/3215 2463/3216
f 2463/3216 2757/3215 2620/3217
f 2463/3216 2620/3217 2214/3218
f 2639/3214 2463/3216 2334/3219
f 2639/3214 2334/3219 2406/3220
f 2463/3216 2214/3218 2157/3221
f 2463/3216 2157/3221 2334/3219
f 2157/3221 2214/3218 2114/3222
f 2114/3222 2214/3218 2138/3223
f 2334/3219 2157/3221 2131/3224
f 2131/3224 2157/3221 2114/3222
f 2406/3220 2334/3219 2137/3225
f 2137/3225 2334/3219 2131/3224
f 2406/3220 2137/3225 2159/3226
f 2406/3220 2159/3226 2547/3227
f 2547/3227 2159/3226 2230/3228
f 2230/3228 2159/3226 2182/3229
f 2159/3226 2137/3225 2118/3230
f 2159/3226 2118/3230 2182/3229
f 2118/3230 2137/3225 2131/3224
f 2182/3229 2118/3230 2199/3231
f 2118/3230 2131/3224 2114/3222
f 2199/3231 2118/3230 2203/3232
f 2133/3233 2114/3222 2138/3223
f 2231/3234 2248/3235 2133/3233
f 2133/3233 2248/3235 2181/3236
f 2133/3233 2181/3236 2105/3237
f 2133/3233 2105/3237 2114/3222
f 2114/3222 2105/3237 2068/3238
s 0
f 2114/3222 2068/3238 2118/3230
s 1
f 2068/3238 2105/3237 2076/3239
f 2118/3230 2068/3238 2071/3240
f 2118/3230 2071/3240 2119/3241
f 2118/3230 2119/3241 2203/3232
f 2119/3241 2071/3240 2100/3242
f 2203/3232 2119/3241 2306/3243
f 2203/3232 2306/3243 2471/3244
f 2471/3244 2306/3243 2634/3245
f 2471/3244 2634/3245 2710/3246
f 2710/3246 2634/3245 2706/3247
f 2634/3245 2306/3243 2287/3248
f 2287/3248 2306/3243 2119/3241
f 2706/3247 2634/3245 2450/3249
f 2450/3249 2634/3245 2287/3248
f 2706/3247 2450/3249 2518/3250
f 2450/3249 2287/3248 2209/3251
f 2450/3249 2209/3251 2518/3250
f 2706/3247 2518/3250 2703/3252
f 2209/3251 2287/3248 2135/3253
f 2135/3253 2287/3248 2119/3241
f 2518/3250 2209/3251 2226/3254
f 2226/3254 2209/3251 2135/3253
f 2135/3253 2119/3241 2136/3255
f 2518/3250 2226/3254 2574/3256
f 2518/3250 2574/3256 2703/3252
f 2226/3254 2135/3253 2210/3257
f 2226/3254 2210/3257 2574/3256
f 2210/3257 2135/3253 2136/3255
f 2574/3256 2210/3257 2446/3258
f 2574/3256 2446/3258 2703/3252
f 2446/3258 2210/3257 2136/3255
f 2100/3242 2136/3255 2119/3241
f 2703/3252 2446/3258 2616/3259
f 2703/3252 2616/3259 2772/3260
f 2446/3258 2136/3255 2246/3261
f 2446/3258 2246/3261 2616/3259
f 2136/3255 2100/3242 2117/3262
f 2136/3255 2117/3262 2246/3261
f 2772/3260 2616/3259 2462/3263
f 2616/3259 2246/3261 2192/3264
f 2616/3259 2192/3264 2462/3263
f 2192/3264 2246/3261 2117/3262
f 2772/3260 2462/3263 2569/3265
f 2569/3265 2462/3263 2192/3264
f 2772/3260 2569/3265 2756/3266
f 2192/3264 2117/3262 2163/3267
f 2756/3266 2569/3265 2559/3268
f 2756/3266 2559/3268 2737/3269
f 2569/3265 2192/3264 2252/3270
f 2252/3270 2192/3264 2163/3267
f 2569/3265 2252/3270 2559/3268
f 2737/3269 2559/3268 2535/3271
f 2535/3271 2559/3268 2252/3270
f 2737/3269 2535/3271 2533/3272
f 2252/3270 2163/3267 2188/3273
f 2252/3270 2188/3273 2535/3271
f 2535/3271 2188/3273 2533/3272
f 2188/3273 2163/3267 2117/3262
f 2533/3272 2188/3273 2249/3274
f 2249/3274 2188/3273 2117/3262
f 2249/3274 2117/3262 2120/3275
s 0
f 2120/3275 2117/3262 2075/3276
s 1
f 2075/3276 2117/3262 2235/3277
f 2235/3277 2117/3262 2100/3242
f 2235/3277 2100/3242 2107/3278
f 2107/3278 2100/3242 2234/3279
f 2235/3277 2107/3278 2456/3280
f 2456/3280 2107/3278 2465/3281
f 2456/3280 2465/3281 2660/3282
f 2456/3280 2660/3282 2659/3283
f 2456/3280 2659/3283 2235/3277
f 2235/3277 2659/3283 2506/3284
f 3608/3285 3604/3286 3718/3287
f 3718/3287 3604/3286 3721/3288
f 3721/3288 3604/3286 3682/3289
f 3608/3285 3718/3287 3729/3290
f 3608/3285 3729/3290 3613/3291
f 3613/3291 3729/3290 3666/3292
f 3608/3285 3613/3291 3594/3293
f 3604/3286 3608/3285 3597/3294
f 3597/3294 3608/3285 3594/3293
f 3604/3286 3597/3294 3682/3289
f 3597/3294 3594/3293 3585/3295
f 3597/3294 3585/3295 3682/3289
f 3585/3295 3594/3293 3539/3296
f 3682/3289 3585/3295 3669/3297
f 3669/3297 3585/3295 3539/3296
f 3669/3297 3539/3296 3452/3298
f 3669/3297 3452/3298 3502/3299
f 3669/3297 3502/3299 3688/3300
f 3502/3299 3452/3298 166/3301
f 166/3301 3452/3298 221/3302
f 3688/3300 3502/3299 3531/3303
f 3531/3303 3502/3299 166/3301
f 3688/3300 3531/3303 3876/3304
f 3531/3303 166/3301 309/3305
f 195/3306 29/3307 3447/3308
f 3447/3308 29/3307 3613/3309
f 3613/3309 29/3307 3594/3310
f 3447/3308 3613/3309 3666/3311
f 3594/3310 29/3307 3476/3312
f 3594/3310 3476/3312 3539/3313
f 3447/3308 3666/3311 3556/3314
f 3539/3313 3476/3312 140/3315
f 3539/3313 140/3315 3452/3316
f 3452/3316 140/3315 221/3317
f 221/3317 140/3315 227/3318
f 3556/3314 3666/3311 3667/3319
f 140/3315 3476/3312 139/3320
f 139/3320 3476/3312 29/3307
f 227/3318 140/3315 138/3321
f 138/3321 140/3315 139/3320
f 227/3318 138/3321 233/3322
f 139/3320 29/3307 158/3323
f 233/3322 138/3321 152/3324
f 233/3322 152/3324 236/3325
f 236/3325 152/3324 272/3326
f 138/3321 139/3320 148/3327
f 138/3321 148/3327 152/3324
f 148/3327 139/3320 158/3323
f 272/3326 152/3324 165/3328
f 165/3328 152/3324 148/3327
f 165/3328 148/3327 158/3323
f 195/3306 158/3323 29/3307
f 158/3323 195/3306 165/3328
f 165/3328 195/3306 330/3329
f 104/3330 195/3306 3447/3308
f 195/3306 104/3330 159/3331
f 195/3306 159/3331 232/3332
f 232/3332 159/3331 207/3333
f 232/3332 207/3333 218/3334
f 159/3331 104/3330 120/3335
f 159/3331 120/3335 207/3333
f 104/3330 3447/3308 3441/3336
f 218/3334 207/3333 204/3337
f 218/3334 204/3337 208/3338
f 204/3337 207/3333 200/3339
f 204/3337 200/3339 146/3340
f 204/3337 146/3340 208/3338
f 200/3339 207/3333 112/3341
f 112/3341 207/3333 120/3335
f 200/3339 112/3341 146/3340
f 79/3342 120/3335 104/3330
f 120/3335 79/3342 112/3341
f 79/3342 104/3330 83/3343
f 83/3343 104/3330 3441/3336
f 112/3341 79/3342 69/3344
f 112/3341 69/3344 146/3340
f 79/3342 83/3343 74/3345
f 79/3342 74/3345 69/3344
f 83/3343 3441/3336 6/3346
f 83/3343 6/3346 74/3345
f 146/3340 69/3344 67/3347
f 67/3347 69/3344 74/3345
f 67/3347 74/3345 71/3348
f 71/3348 74/3345 6/3346
f 146/3340 67/3347 39/3349
f 146/3340 39/3349 208/3338
f 67/3347 71/3348 4/3350
f 4/3350 71/3348 6/3346
f 67/3347 4/3350 39/3349
f 208/3338 39/3349 3600/3351
f 39/3349 4/3350 3516/3352
f 4/3350 6/3346 3511/3353
f 4/3350 3511/3353 3516/3352
f 3511/3353 6/3346 3507/3354
f 3507/3354 6/3346 3506/3355
f 3506/3355 6/3346 3441/3336
f 3511/3353 3507/3354 3503/3356
f 3511/3353 3503/3356 3516/3352
f 3507/3354 3506/3355 3501/3357
f 3507/3354 3501/3357 3503/3356
f 3506/3355 3441/3336 3556/3314
f 3556/3314 3441/3336 3447/3308
f 3501/3357 3506/3355 3522/3358
f 3522/3358 3506/3355 3556/3314
f 3503/3356 3501/3357 3541/3359
f 3541/3359 3501/3357 3522/3358
f 3522/3358 3556/3314 3605/3360
f 3522/3358 3605/3360 3541/3359
f 3605/3360 3556/3314 3667/3319
f 3503/3356 3541/3359 3586/3361
f 3503/3356 3586/3361 3516/3352
f 3541/3359 3605/3360 3638/3362
f 3541/3359 3638/3362 3586/3361
f 3605/3360 3667/3319 3653/3363
f 3605/3360 3653/3363 3638/3362
f 3653/3363 3667/3319 3661/3364
f 3638/3362 3653/3363 3650/3365
f 3650/3365 3653/3363 3661/3364
f 3638/3362 3650/3365 3586/3361
f 3650/3365 3661/3364 3636/3366
f 3650/3365 3636/3366 3586/3361
f 3586/3361 3636/3366 3516/3352
f 3516/3352 3636/3366 3606/3367
f 3516/3352 3606/3367 39/3349
f 3606/3367 3636/3366 3717/3368
f 39/3349 3606/3367 3600/3351
f 3600/3351 3606/3367 3717/3368
f 3600/3351 3717/3368 3794/3369
f 3600/3351 3794/3369 3611/3370
f 3600/3351 3611/3370 84/3371
f 3600/3351 84/3371 208/3338
f 84/3371 3611/3370 3567/3372
f 208/3338 84/3371 220/3373
f 84/3371 3567/3372 121/3374
f 84/3371 121/3374 220/3373
f 3719/3375 3661/3376 3667/3377
f 3719/3375 3667/3377 3797/3378
f 3797/3378 3667/3377 3666/3379
f 3797/3378 3666/3379 3898/3380
f 3661/3376 3719/3375 3723/3381
f 3661/3376 3723/3381 3684/3382
f 3661/3376 3684/3382 3636/3383
f 3636/3383 3684/3382 3706/3384
f 3706/3384 3684/3382 3723/3381
f 3636/3383 3706/3384 3717/3385
f 3723/3381 3719/3375 3731/3386
f 3723/3381 3731/3386 3720/3387
f 3731/3386 3719/3375 3762/3388
f 3762/3388 3719/3375 3797/3378
f 3720/3387 3731/3386 3709/3389
f 3709/3389 3731/3386 3762/3388
f 3723/3381 3720/3387 3714/3390
f 3723/3381 3714/3390 3706/3384
f 3714/3390 3720/3387 3709/3389
f 3706/3384 3714/3390 3751/3391
f 3751/3391 3714/3390 3709/3389
f 3706/3384 3751/3391 3717/3385
f 3709/3389 3762/3388 3757/3392
f 3709/3389 3757/3392 3751/3391
f 3757/3392 3762/3388 3831/3393
f 3831/3393 3762/3388 3797/3378
f 3751/3391 3757/3392 3808/3394
f 3808/3394 3757/3392 3831/3393
f 3717/3385 3751/3391 3816/3395
f 3751/3391 3808/3394 3813/3396
f 3751/3391 3813/3396 3816/3395
f 3808/3394 3831/3393 3856/3397
f 3808/3394 3856/3397 3813/3396
f 3831/3393 3797/3378 3877/3398
f 3831/3393 3877/3398 3856/3397
f 3813/3396 3856/3397 3851/3399
f 3813/3396 3851/3399 3816/3395
f 3851/3399 3856/3397 3877/3398
f 3885/3400 3717/3385 3816/3395
f 3717/3385 3885/3400 3794/3401
f 3816/3395 3851/3399 3897/3402
f 3816/3395 3897/3402 3885/3400
f 3851/3399 3877/3398 3917/3403
f 3851/3399 3917/3403 3897/3402
f 3932/3404 3877/3398 3797/3378
f 3877/3398 3932/3404 3917/3403
f 3932/3404 3797/3378 3898/3380
f 3932/3404 3898/3380 4124/3405
f 3917/3403 3932/3404 4075/3406
f 4075/3406 3932/3404 4124/3405
f 3897/3402 3917/3403 3978/3407
f 3978/3407 3917/3403 4075/3406
f 4075/3406 4124/3405 4154/3408
f 4154/3408 4124/3405 4268/3409
f 3978/3407 4075/3406 3993/3410
f 3897/3402 3978/3407 3930/3411
f 4075/3406 4154/3408 4077/3412
f 4075/3406 4077/3412 3993/3410
f 4154/3408 4268/3409 4159/3413
f 4159/3413 4268/3409 4201/3414
f 3930/3411 3978/3407 3922/3415
f 3922/3415 3978/3407 3993/3410
f 3922/3415 3993/3410 3914/3416
f 3930/3411 3922/3415 4016/3417
f 4016/3417 3922/3415 3914/3416
f 3914/3416 3993/3410 4048/3418
f 4048/3418 3993/3410 4077/3412
f 3914/3416 4048/3418 4016/3417
f 4048/3418 4077/3412 4119/3419
f 4119/3419 4077/3412 4154/3408
f 4016/3417 4048/3418 4085/3420
f 4085/3420 4048/3418 4119/3419
f 4119/3419 4154/3408 4138/3421
f 4119/3419 4138/3421 4085/3420
f 4138/3421 4154/3408 4159/3413
f 4016/3417 4085/3420 4090/3422
f 4090/3422 4085/3420 4138/3421
f 4138/3421 4159/3413 4115/3423
f 4138/3421 4115/3423 4090/3422
f 4115/3423 4159/3413 4137/3424
f 4115/3423 4137/3424 4090/3422
f 4137/3424 4159/3413 4201/3414
f 4137/3424 4201/3414 4139/3425
f 4137/3424 4139/3425 4073/3426
f 4137/3424 4073/3426 4090/3422
f 3971/3427 4016/3417 4090/3422
f 3971/3427 4090/3422 4073/3426
f 4016/3417 3971/3427 3930/3411
f 3971/3427 4073/3426 3885/3400
f 3930/3411 3971/3427 3897/3402
f 3897/3402 3971/3427 3885/3400
f 330/3428 272/3429 165/3430
f 272/3429 330/3428 407/3431
f 407/3431 330/3428 403/3432
f 403/3432 330/3428 570/3433
f 272/3429 407/3431 386/3434
f 272/3429 386/3434 236/3435
f 236/3435 386/3434 233/3436
f 386/3434 407/3431 381/3437
f 381/3437 407/3431 403/3432
f 233/3436 386/3434 354/3438
f 354/3438 386/3434 381/3437
f 233/3436 354/3438 227/3439
f 381/3437 403/3432 394/3440
f 381/3437 394/3440 354/3438
f 394/3440 403/3432 570/3433
f 227/3439 354/3438 351/3441
f 351/3441 354/3438 394/3440
f 227/3439 351/3441 221/3442
f 351/3441 394/3440 441/3443
f 351/3441 441/3443 221/3442
f 394/3440 570/3433 630/3444
f 394/3440 630/3444 441/3443
f 630/3444 570/3433 705/3445
f 221/3442 441/3443 414/3446
f 832/3447 784/3448 705/3445
f 705/3445 784/3448 700/3449
f 700/3449 784/3448 743/3450
f 630/3444 705/3445 668/3451
f 668/3451 705/3445 700/3449
f 700/3449 743/3450 626/3452
f 700/3449 626/3452 668/3451
f 626/3452 743/3450 714/3453
f 626/3452 714/3453 613/3454
f 626/3452 613/3454 668/3451
f 613/3454 714/3453 757/3455
f 630/3444 668/3451 604/3456
f 604/3456 668/3451 613/3454
f 630/3444 604/3456 441/3443
f 604/3456 613/3454 757/3455
f 441/3443 604/3456 635/3457
f 635/3457 604/3456 757/3455
f 441/3443 635/3457 414/3446
f 635/3457 757/3455 634/3458
f 635/3457 634/3458 414/3446
f 634/3458 757/3455 848/3459
f 848/3459 757/3455 890/3460
f 848/3459 890/3460 1022/3461
f 848/3459 1022/3461 786/3462
f 848/3459 786/3462 419/3463
f 848/3459 419/3463 634/3458
f 419/3463 786/3462 501/3464
f 419/3463 501/3464 110/3465
f 634/3458 419/3463 309/3466
f 634/3458 309/3466 414/3446
f 309/3466 419/3463 3531/3467
f 414/3446 309/3466 221/3442
f 221/3442 309/3466 166/3468
f 3666/3469 3729/3470 3898/3471
f 3898/3471 3729/3470 3821/3472
f 3821/3472 3729/3470 3835/3473
f 3835/3473 3729/3470 3718/3474
f 3898/3471 3821/3472 3937/3475
f 3898/3471 3937/3475 4124/3476
f 4124/3476 3937/3475 4059/3477
f 3937/3475 3821/3472 3815/3478
f 3937/3475 3815/3478 4059/3477
f 3815/3478 3821/3472 3835/3473
f 3835/3473 3718/3474 3721/3479
f 4059/3477 3815/3478 3890/3480
f 3835/3473 3721/3479 3802/3481
f 3802/3481 3721/3479 3682/3482
f 4059/3477 3890/3480 4021/3483
f 3802/3481 3682/3482 3774/3484
f 3774/3484 3682/3482 3669/3485
f 3835/3473 3802/3481 3801/3486
f 3801/3486 3802/3481 3774/3484
f 3835/3473 3801/3486 3815/3478
f 3801/3486 3774/3484 3785/3487
f 3801/3486 3785/3487 3815/3478
f 3785/3487 3774/3484 3669/3485
f 3815/3478 3785/3487 3890/3480
f 3785/3487 3669/3485 3819/3488
f 3785/3487 3819/3488 3890/3480
f 3890/3480 3819/3488 4021/3483
f 3819/3488 3669/3485 3688/3489
f 3819/3488 3688/3489 3876/3490
f 3819/3488 3876/3490 4023/3491
f 3819/3488 4023/3491 4021/3483
f 4023/3491 3876/3490 4076/3492
f 4021/3483 4023/3491 4148/3493
f 4148/3493 4023/3491 4076/3492
f 4148/3493 4076/3492 4208/3494
f 4021/3483 4148/3493 4024/3495
f 4024/3495 4148/3493 4038/3496
f 4038/3496 4148/3493 4146/3497
f 287/3498 339/3499 232/3500
f 232/3500 339/3499 195/3501
f 287/3498 232/3500 218/3502
f 195/3501 339/3499 473/3503
f 339/3499 287/3498 297/3504
f 339/3499 297/3504 473/3503
f 287/3498 218/3502 271/3505
f 271/3505 218/3502 208/3506
f 271/3505 208/3506 257/3507
f 287/3498 271/3505 264/3508
f 264/3508 271/3505 257/3507
f 287/3498 264/3508 297/3504
f 264/3508 257/3507 352/3509
f 297/3504 264/3508 265/3510
f 264/3508 352/3509 322/3511
f 264/3508 322/3511 265/3510
f 322/3511 352/3509 415/3512
f 297/3504 265/3510 376/3513
f 376/3513 265/3510 322/3511
f 297/3504 376/3513 433/3514
f 297/3504 433/3514 473/3503
f 376/3513 322/3511 401/3515
f 376/3513 401/3515 433/3514
f 401/3515 322/3511 415/3512
f 433/3514 401/3515 447/3516
f 433/3514 447/3516 473/3503
f 447/3516 401/3515 415/3512
f 588/3517 415/3512 352/3509
f 473/3503 447/3516 607/3518
f 415/3512 588/3517 517/3519
f 447/3516 415/3512 507/3520
f 447/3516 507/3520 607/3518
f 507/3520 415/3512 517/3519
f 473/3503 607/3518 576/3521
f 473/3503 576/3521 195/3501
f 195/3501 576/3521 330/3522
f 330/3522 576/3521 570/3523
f 570/3523 576/3521 705/3524
f 705/3524 576/3521 718/3525
f 718/3525 576/3521 607/3518
f 705/3524 718/3525 832/3526
f 1004/3527 969/3528 832/3526
f 1004/3527 832/3526 842/3529
s 0
f 842/3529 832/3526 718/3525
s 1
f 842/3529 718/3525 725/3530
f 725/3530 718/3525 607/3518
f 842/3529 725/3530 769/3531
f 725/3530 607/3518 675/3532
f 842/3529 769/3531 815/3533
f 842/3529 815/3533 854/3534
f 769/3531 725/3530 730/3535
f 730/3535 725/3530 675/3532
f 815/3533 769/3531 729/3536
f 854/3534 815/3533 773/3537
f 773/3537 815/3533 729/3536
f 854/3534 773/3537 755/3538
f 854/3534 755/3538 861/3539
f 861/3539 755/3538 754/3540
f 773/3537 729/3536 766/3541
f 755/3538 773/3537 740/3542
f 740/3542 773/3537 766/3541
f 754/3540 755/3538 780/3543
f 780/3543 755/3538 740/3542
f 754/3540 780/3543 820/3544
f 820/3544 780/3543 844/3545
f 766/3541 729/3536 688/3546
f 766/3541 688/3546 740/3542
f 844/3545 780/3543 839/3547
f 839/3547 780/3543 740/3542
f 844/3545 839/3547 917/3548
f 917/3548 839/3547 931/3549
f 931/3549 839/3547 907/3550
f 907/3550 839/3547 740/3542
f 740/3542 688/3546 588/3517
f 588/3517 688/3546 517/3519
f 712/3551 688/3546 729/3536
f 712/3551 729/3536 769/3531
f 712/3551 769/3531 730/3535
f 688/3546 712/3551 601/3552
f 688/3546 601/3552 517/3519
f 712/3551 730/3535 687/3553
f 712/3551 687/3553 601/3552
f 687/3553 730/3535 675/3532
f 601/3552 687/3553 535/3554
f 535/3554 687/3553 675/3532
f 517/3519 601/3552 519/3555
f 519/3555 601/3552 535/3554
f 535/3554 675/3532 580/3556
f 535/3554 580/3556 519/3555
f 580/3556 675/3532 607/3518
f 517/3519 519/3555 595/3557
f 595/3557 519/3555 580/3556
f 595/3557 580/3556 607/3518
f 517/3519 595/3557 507/3520
f 507/3520 595/3557 607/3518
f 6092/3558 6457/3559 6166/3560
f 6092/3558 6166/3560 6083/3561
f 6179/3562 6145/3563 6083/3561
f 6179/3562 6083/3561 6166/3560
f 6179/3562 6166/3560 6184/3564
f 6184/3564 6166/3560 6106/3565
f 6106/3565 6166/3560 6061/3566
f 6166/3560 6457/3559 6380/3567
f 6166/3560 6380/3567 6061/3566
f 6576/3568 6610/3569 6457/3559
f 6457/3559 6610/3569 6380/3567
f 6380/3567 6610/3569 6603/3570
f 6061/3566 6380/3567 6050/3571
f 6061/3566 6050/3571 6010/3572
f 6380/3567 6603/3570 6475/3573
f 6380/3567 6475/3573 6050/3571
f 5939/3574 6010/3572 6007/3575
f 6007/3575 6010/3572 6138/3576
f 6010/3572 6050/3571 6213/3577
f 6213/3577 6050/3571 6475/3573
f 6010/3572 6213/3577 6138/3576
f 6475/3573 6603/3570 6441/3578
f 6475/3573 6441/3578 6213/3577
f 6213/3577 6441/3578 6138/3576
f 6441/3578 6603/3570 6611/3579
f 6138/3576 6441/3578 6381/3580
f 6381/3580 6441/3578 6611/3579
f 6381/3580 6611/3579 6455/3581
f 6381/3580 6455/3581 6106/3582
f 57/3583 115/3584 82/3585
f 82/3585 115/3584 101/3586
f 57/3583 82/3585 65/3587
f 65/3587 82/3585 101/3586
f 115/3584 57/3583 3454/3588
f 101/3586 115/3584 210/3589
f 210/3589 115/3584 130/3590
f 101/3586 210/3589 121/3591
f 130/3590 115/3584 3527/3592
f 3527/3592 115/3584 3454/3588
f 130/3590 3527/3592 3439/3593
f 3439/3593 3527/3592 3629/3594
f 3629/3594 3527/3592 3690/3595
f 3690/3595 3527/3592 3680/3596
f 3527/3592 3454/3588 3579/3597
f 3527/3592 3579/3597 3680/3596
f 3579/3597 3454/3588 57/3583
f 3680/3596 3579/3597 3725/3598
f 3725/3598 3579/3597 3622/3599
f 3622/3599 3579/3597 3561/3600
f 3622/3599 3561/3600 3518/3601
f 3518/3601 3561/3600 3579/3597
f 3579/3597 57/3583 3485/3602
f 3579/3597 3485/3602 3518/3601
f 3485/3602 57/3583 3487/3603
f 3622/3599 3518/3601 3508/3604
f 3622/3599 3508/3604 3567/3605
f 3567/3605 3508/3604 32/3606
f 3567/3605 32/3606 121/3591
f 32/3606 3508/3604 1/3607
f 32/3606 1/3607 121/3591
f 1/3607 3508/3604 3518/3601
f 121/3591 1/3607 55/3608
f 121/3591 55/3608 101/3586
f 101/3586 55/3608 51/3609
f 51/3609 55/3608 1/3607
f 101/3586 51/3609 65/3587
f 1/3607 3518/3601 3453/3610
f 1/3607 3453/3610 51/3609
f 3453/3610 3518/3601 3499/3611
f 3453/3610 3499/3611 3479/3612
f 3499/3611 3518/3601 3505/3613
f 3505/3613 3518/3601 3485/3602
f 3479/3612 3499/3611 3500/3614
f 3500/3614 3499/3611 3505/3613
f 3505/3613 3485/3602 3487/3603
f 3505/3613 3487/3603 3500/3614
f 3453/3610 3479/3612 27/3615
f 3453/3610 27/3615 51/3609
f 27/3615 3479/3612 3500/3614
f 51/3609 27/3615 62/3616
f 51/3609 62/3616 65/3587
f 27/3615 3500/3614 13/3617
f 27/3615 13/3617 62/3616
f 13/3617 3500/3614 35/3618
f 13/3617 35/3618 62/3616
f 35/3618 3500/3614 3487/3603
f 65/3587 62/3616 66/3619
f 66/3619 62/3616 35/3618
f 66/3619 35/3618 3487/3603
f 65/3587 66/3619 57/3583
f 57/3583 66/3619 3487/3603
f 2300/3620 2314/3621 2308/3622
f 2426/3623 2314/3621 2560/3624
f 2314/3621 2426/3623 2308/3622
f 2308/3622 2426/3623 2313/3625
f 2300/3620 2308/3622 2295/3626
f 2300/3620 2295/3626 2267/3627
f 2199/3628 2267/3627 2241/3629
f 2241/3629 2267/3627 2295/3626
f 2241/3629 2295/3626 2227/3630
f 2227/3630 2295/3626 2255/3631
f 2227/3630 2255/3631 2211/3632
f 2255/3631 2295/3626 2253/3633
f 2253/3633 2295/3626 2308/3622
f 2253/3633 2308/3622 2303/3634
f 2253/3633 2303/3634 2261/3635
f 2303/3634 2308/3622 2292/3636
f 2292/3636 2308/3622 2313/3625
f 2303/3634 2292/3636 2311/3637
f 2303/3634 2311/3637 2414/3638
f 2414/3638 2311/3637 2648/3639
f 2414/3638 2648/3639 2726/3640
f 2648/3639 2311/3637 2422/3641
f 2422/3641 2311/3637 2292/3636
f 2648/3639 2422/3641 2788/3642
f 2292/3636 2313/3625 2284/3643
f 2284/3643 2313/3625 2609/3644
f 2284/3643 2609/3644 2562/3645
f 2292/3636 2284/3643 2421/3646
f 2284/3643 2562/3645 2286/3647
f 2284/3643 2286/3647 2421/3646
f 2286/3647 2562/3645 2623/3648
f 2623/3648 2562/3645 2801/3649
f 2286/3647 2623/3648 2289/3650
f 2286/3647 2289/3650 2441/3651
f 2286/3647 2441/3651 2421/3646
f 2421/3646 2441/3651 2621/3652
f 2396/3653 2292/3636 2421/3646
f 2292/3636 2396/3653 2422/3641
f 2421/3646 2621/3652 2614/3654
f 2421/3646 2614/3654 2396/3653
f 2422/3641 2396/3653 2637/3655
f 2637/3655 2396/3653 2614/3654
f 2422/3641 2637/3655 2788/3642
f 2614/3654 2621/3652 2661/3656
f 2614/3654 2661/3656 2637/3655
f 2637/3655 2661/3656 2788/3642
f 2661/3656 2621/3652 2801/3657
f 2788/3642 2661/3656 2787/3658
f 2787/3658 2661/3656 2801/3657
f 135/3659 81/3660 3519/3661
f 3519/3661 81/3660 3659/3662
f 3659/3662 81/3660 3439/3663
f 3659/3662 3439/3663 3629/3664
f 3519/3661 3659/3662 3764/3665
f 3519/3661 3764/3665 3660/3666
f 3660/3666 3764/3665 3748/3667
f 3659/3662 3629/3664 3761/3668
f 3659/3662 3761/3668 3764/3665
f 3761/3668 3629/3664 3690/3669
f 3748/3667 3764/3665 3910/3670
f 3761/3668 3690/3669 3823/3671
f 3761/3668 3823/3671 3919/3672
f 3761/3668 3919/3672 3764/3665
f 3919/3672 3823/3671 3954/3673
f 3919/3672 3954/3673 4082/3674
f 3764/3665 3919/3672 4004/3675
f 3764/3665 4004/3675 3910/3670
f 4004/3675 3919/3672 4082/3674
f 4074/3676 4147/3677 4082/3674
f 4082/3674 4147/3677 4129/3678
f 4082/3674 4129/3678 4004/3675
f 3910/3670 4004/3675 4122/3679
f 4122/3679 4004/3675 4129/3678
f 3910/3670 4122/3679 3983/3680
f 4122/3679 4129/3678 4218/3681
f 4218/3681 4129/3678 4226/3682
f 4122/3679 4218/3681 4235/3683
f 4122/3679 4235/3683 4224/3684
f 4235/3683 4218/3681 4280/3685
f 4235/3683 4280/3685 4294/3686
f 4218/3681 4226/3682 4264/3687
f 4218/3681 4264/3687 4280/3685
f 4294/3686 4280/3685 4322/3688
f 4322/3688 4280/3685 4264/3687
f 4294/3686 4322/3688 4327/3689
f 4327/3689 4322/3688 4326/3690
f 4326/3690 4322/3688 4329/3691
f 4322/3688 4264/3687 4295/3692
f 4322/3688 4295/3692 4329/3691
f 4295/3692 4264/3687 4226/3682
f 4329/3691 4295/3692 4332/3693
f 4295/3692 4226/3682 4284/3694
f 4295/3692 4284/3694 4332/3693
f 81/3695 219/3696 3439/3697
f 3439/3697 219/3696 130/3698
f 219/3696 81/3695 299/3699
f 299/3699 81/3695 258/3700
f 299/3699 258/3700 452/3701
f 130/3698 219/3696 296/3702
f 130/3698 296/3702 210/3703
f 219/3696 299/3699 361/3704
f 219/3696 361/3704 296/3702
f 299/3699 452/3701 510/3705
f 299/3699 510/3705 361/3704
f 510/3705 452/3701 636/3706
f 510/3705 636/3706 682/3707
f 682/3707 636/3706 763/3708
f 361/3704 510/3705 543/3709
f 543/3709 510/3705 682/3707
f 496/3710 296/3702 361/3704
f 496/3710 361/3704 543/3709
f 296/3702 496/3710 421/3711
f 296/3702 421/3711 210/3703
f 496/3710 543/3709 670/3712
f 670/3712 543/3709 682/3707
f 421/3711 496/3710 667/3713
f 667/3713 496/3710 670/3712
f 670/3712 682/3707 822/3714
f 822/3714 682/3707 763/3708
f 210/3703 421/3711 274/3715
f 210/3703 274/3715 121/3716
f 121/3716 274/3715 220/3717
f 257/3718 208/3719 220/3717
f 257/3718 220/3717 274/3715
f 257/3718 274/3715 352/3720
f 822/3714 763/3708 879/3721
f 879/3721 763/3708 898/3722
f 879/3721 898/3722 954/3723
f 879/3721 954/3723 822/3714
f 954/3723 898/3722 990/3724
f 352/3720 274/3715 489/3725
f 352/3720 489/3725 588/3726
f 489/3725 274/3715 539/3727
f 539/3727 274/3715 421/3711
f 588/3726 489/3725 746/3728
f 746/3728 489/3725 539/3727
f 539/3727 421/3711 667/3713
f 539/3727 667/3713 746/3728
f 746/3728 667/3713 823/3729
f 588/3726 746/3728 816/3730
f 816/3730 746/3728 823/3729
f 588/3726 816/3730 740/3731
f 740/3731 816/3730 907/3732
f 907/3732 816/3730 940/3733
f 940/3733 816/3730 823/3729
f 940/3733 823/3729 982/3734
f 982/3734 823/3729 894/3735
f 765/3736 823/3729 667/3713
f 823/3729 765/3736 894/3735
f 765/3736 667/3713 670/3712
f 765/3736 670/3712 822/3714
f 765/3736 822/3714 894/3735
f 894/3735 822/3714 954/3723
f 894/3735 954/3723 997/3737
f 3444/3738 164/3739 3519/3740
f 3622/3741 3567/3742 3700/3743
f 3622/3741 3700/3743 3725/3744
f 3700/3743 3567/3742 3722/3745
f 3722/3745 3567/3742 3611/3746
f 3722/3745 3611/3746 3794/3747
f 3700/3743 3722/3745 3822/3748
f 3822/3748 3722/3745 3794/3747
f 3725/3744 3700/3743 3887/3749
f 3887/3749 3700/3743 3822/3748
f 3725/3744 3887/3749 3827/3750
f 3725/3744 3827/3750 3680/3751
f 3680/3751 3827/3750 3690/3752
f 3690/3752 3827/3750 3823/3753
f 3823/3753 3827/3750 3954/3754
f 3954/3754 3827/3750 4074/3755
f 3954/3754 4074/3755 4082/3756
f 3827/3750 3887/3749 4046/3757
f 3827/3750 4046/3757 4074/3755
f 4046/3757 3887/3749 3822/3748
f 4074/3755 4046/3757 4169/3758
f 4169/3758 4046/3757 4099/3759
f 4046/3757 3822/3748 3936/3760
f 4046/3757 3936/3760 4099/3759
f 3936/3760 3822/3748 3794/3747
f 4099/3759 3936/3760 4073/3761
f 3936/3760 3794/3747 3885/3762
f 3936/3760 3885/3762 4073/3761
f 6061/3763 5814/3764 5885/3765
f 5814/3764 6061/3763 6092/3766
f 5814/3764 6092/3766 6083/3767
f 5885/3765 5814/3764 5316/3768
f 5814/3764 6083/3767 5680/3769
f 5814/3764 5680/3769 5316/3768
f 5316/3768 5680/3769 5038/3770
f 5316/3768 5038/3770 4626/3771
f 5038/3770 5680/3769 5182/3772
f 4626/3771 5038/3770 4499/3773
f 4499/3773 5038/3770 5182/3772
f 3444/3774 3519/3775 3660/3776
f 3444/3774 3660/3776 3679/3777
f 3679/3777 3660/3776 3748/3778
f 3679/3777 3748/3778 3912/3779
f 3444/3774 3679/3777 3616/3780
f 3444/3774 3616/3780 241/3781
f 241/3781 3616/3780 3515/3782
f 3616/3780 3679/3777 3995/3783
f 3995/3783 3679/3777 3912/3779
f 3995/3783 3912/3779 4111/3784
f 4111/3784 3912/3779 3983/3785
f 4124/3786 4059/3787 4103/3788
f 4103/3788 4059/3787 4021/3789
f 4103/3788 4021/3789 4024/3790
f 4124/3786 4103/3788 4243/3791
f 4103/3788 4024/3790 4038/3792
f 4243/3791 4103/3788 4168/3793
f 4243/3791 4168/3793 4287/3794
f 4287/3794 4168/3793 4152/3795
f 4168/3793 4103/3788 4079/3796
f 4168/3793 4079/3796 4152/3795
f 4079/3796 4103/3788 4038/3792
f 4079/3796 4038/3792 4152/3795
f 4152/3795 4038/3792 4146/3797
f 6170/3798 6476/3799 6163/3800
f 6476/3799 6170/3798 6248/3801
f 6476/3799 6248/3801 6570/3802
f 6476/3799 6570/3802 6625/3803
f 6476/3799 6625/3803 6409/3804
f 6476/3799 6409/3804 6163/3800
f 6409/3804 6625/3803 6545/3805
f 6409/3804 6545/3805 6636/3806
f 6409/3804 6636/3806 6468/3807
f 6409/3804 6468/3807 6169/3808
f 6409/3804 6169/3808 6163/3800
f 6163/3800 6169/3808 6287/3809
f 6151/3810 6170/3798 6163/3800
f 6151/3810 6163/3800 6287/3809
f 6178/3811 6248/3801 6170/3798
f 6178/3811 6170/3798 6151/3810
f 6248/3801 6178/3811 6185/3812
f 6185/3812 6178/3811 6179/3813
f 6179/3813 6178/3811 6174/3814
f 6174/3814 6178/3811 6151/3810
f 6179/3813 6174/3814 6145/3815
f 6145/3815 6174/3814 6155/3816
f 6155/3816 6174/3814 6175/3817
f 6174/3814 6151/3810 6253/3818
f 6253/3818 6151/3810 6287/3809
f 6174/3814 6253/3818 6214/3819
f 6214/3819 6253/3818 6442/3820
f 6442/3820 6253/3818 6479/3821
f 6479/3821 6253/3818 6287/3809
f 6479/3821 6287/3809 6456/3822
f 6456/3822 6287/3809 6464/3823
f 3912/3824 3748/3825 3983/3826
f 3983/3826 3748/3825 3910/3827
f 4124/3828 4243/3829 4268/3830
f 4268/3830 4243/3829 4348/3831
f 4348/3831 4243/3829 4429/3832
f 4429/3832 4243/3829 4384/3833
f 4436/3834 4490/3835 4429/3832
f 4436/3834 4429/3832 4384/3833
f 4384/3833 4243/3829 4298/3836
f 4298/3836 4243/3829 4287/3837
f 4384/3833 4298/3836 4225/3838
f 4436/3834 4384/3833 4301/3839
f 4301/3839 4384/3833 4225/3838
f 4436/3834 4301/3839 4360/3840
f 4436/3834 4360/3840 4451/3841
f 4451/3841 4360/3840 4337/3842
f 4451/3841 4337/3842 4426/3843
f 4360/3840 4301/3839 4241/3844
f 4360/3840 4241/3844 4345/3845
f 4241/3844 4301/3839 4225/3838
f 4241/3844 4225/3838 4148/3846
f 4148/3846 4225/3838 4203/3847
f 4148/3846 4203/3847 4146/3848
f 4248/3849 4225/3838 4298/3836
f 4225/3838 4248/3849 4203/3847
f 4248/3849 4298/3836 4287/3837
f 4146/3848 4203/3847 4263/3850
f 4263/3850 4203/3847 4248/3849
f 4263/3850 4248/3849 4287/3837
f 4146/3848 4263/3850 4152/3851
f 4152/3851 4263/3850 4287/3837
f 6007/3852 6138/3853 6030/3854
f 6030/3854 6138/3853 6106/3855
f 6106/3855 6138/3853 6381/3856
f 5275/3857 5487/3858 5397/3859
f 5487/3858 5275/3857 5292/3860
f 5292/3860 5275/3857 5072/3861
f 5072/3861 5275/3857 4884/3862
f 5072/3861 4884/3862 4827/3863
f 4884/3862 5275/3857 5214/3864
f 5214/3864 5275/3857 5397/3859
f 4827/3863 4884/3862 4798/3865
f 5487/3858 5292/3860 5478/3866
f 5478/3866 5292/3860 5470/3867
f 5478/3866 5470/3867 5666/3868
f 5666/3868 5470/3867 5567/3869
f 5478/3866 5666/3868 5623/3870
f 5478/3866 5623/3870 5487/3858
f 5666/3868 5567/3869 5768/3871
f 5768/3871 5567/3869 5731/3872
f 5768/3871 5731/3872 5831/3873
f 5768/3871 5831/3873 5824/3874
f 5768/3871 5824/3874 5729/3875
f 5768/3871 5729/3875 5666/3868
f 5666/3868 5729/3875 5623/3870
f 5623/3870 5729/3875 5487/3858
f 5487/3858 5729/3875 5601/3876
f 5601/3876 5729/3875 5635/3877
f 5487/3858 5601/3876 5547/3878
f 5601/3876 5635/3877 5592/3879
f 5601/3876 5592/3879 5547/3878
f 5487/3858 5547/3878 5397/3859
f 5592/3879 5635/3877 5657/3880
f 5547/3878 5592/3879 5537/3881
f 5397/3859 5547/3878 5512/3882
f 5512/3882 5547/3878 5537/3881
f 5397/3859 5512/3882 5366/3883
f 5512/3882 5537/3881 5507/3884
f 5507/3884 5537/3881 5592/3879
f 5512/3882 5507/3884 5366/3883
f 5592/3879 5657/3880 5582/3885
f 5592/3879 5582/3885 5507/3884
f 5582/3885 5657/3880 5550/3886
f 5550/3886 5657/3880 5629/3887
f 5507/3884 5582/3885 5336/3888
f 5336/3888 5582/3885 5550/3886
f 5507/3884 5336/3888 5366/3883
f 5336/3888 5550/3886 5277/3889
f 5366/3883 5214/3864 5397/3859
f 5336/3888 5277/3889 4975/3890
f 4975/3890 5277/3889 5035/3891
f 5366/3883 5336/3888 5108/3892
f 5108/3892 5336/3888 4975/3890
f 5214/3864 5366/3883 5137/3893
f 5137/3893 5366/3883 5108/3892
f 5137/3893 5108/3892 5080/3894
f 5080/3894 5108/3892 4975/3890
f 5137/3893 5080/3894 5058/3895
f 5058/3895 5080/3894 4975/3890
f 5137/3893 5058/3895 5214/3864
f 4852/3896 4975/3890 5035/3891
f 4852/3896 5035/3891 4922/3897
f 5058/3895 4975/3890 4919/3898
f 4919/3898 4975/3890 4852/3896
f 5214/3864 5058/3895 4912/3899
f 4912/3899 5058/3895 4919/3898
f 5214/3864 4912/3899 4884/3862
f 4884/3862 4912/3899 4798/3865
f 4912/3899 4919/3898 4902/3900
f 4912/3899 4902/3900 4798/3865
f 4919/3898 4852/3896 4840/3901
f 4919/3898 4840/3901 4902/3900
f 4840/3901 4852/3896 4922/3897
f 4798/3865 4902/3900 4862/3902
f 4862/3902 4902/3900 4840/3901
f 4798/3865 4862/3902 4947/3903
f 4798/3865 4947/3903 4847/3904
f 4947/3903 4862/3902 5030/3905
f 4847/3904 4947/3903 4877/3906
f 4877/3906 4947/3903 5030/3905
f 4847/3904 4877/3906 4894/3907
f 5030/3905 4862/3902 4937/3908
f 4937/3908 4862/3902 4840/3901
f 5030/3905 4937/3908 4877/3906
f 4894/3907 4877/3906 4908/3909
f 4908/3909 4877/3906 4937/3908
f 4894/3907 4908/3909 4679/3910
f 4908/3909 4937/3908 4833/3911
f 4908/3909 4833/3911 4679/3910
f 4833/3911 4937/3908 4840/3901
f 4679/3910 4833/3911 4667/3912
f 4833/3911 4840/3901 4826/3913
f 4833/3911 4826/3913 4667/3912
f 4826/3913 4840/3901 4922/3897
f 4667/3912 4826/3913 4765/3914
f 4826/3913 4922/3897 5054/3915
f 4826/3913 5054/3915 4765/3914
f 6455/3916 6611/3917 6584/3918
f 6584/3918 6611/3917 6596/3919
f 6455/3916 6584/3918 6288/3920
f 6455/3916 6288/3920 6106/3921
f 6106/3921 6288/3920 6060/3922
f 6060/3922 6288/3920 6021/3923
f 6060/3922 6021/3923 6007/3924
f 6288/3920 6584/3918 6432/3925
f 6288/3920 6432/3925 6021/3923
f 6007/3924 6021/3923 6132/3926
f 6132/3926 6021/3923 6432/3925
f 6007/3924 6132/3926 5957/3927
f 6432/3925 6584/3918 6627/3928
f 6627/3928 6584/3918 6523/3929
f 6523/3929 6584/3918 6596/3919
f 6432/3925 6627/3928 6425/3930
f 6432/3925 6425/3930 6132/3926
f 6425/3930 6627/3928 6394/3931
f 6394/3931 6627/3928 6523/3929
f 6132/3926 6425/3930 6104/3932
f 6132/3926 6104/3932 5957/3927
f 6425/3930 6394/3931 6074/3933
f 6425/3930 6074/3933 6104/3932
f 5957/3927 6104/3932 6020/3934
f 6020/3934 6104/3932 6074/3933
f 5957/3927 6020/3934 5997/3935
f 6074/3933 6394/3931 6114/3936
f 6074/3933 6114/3936 6020/3934
f 6114/3936 6394/3931 6523/3929
f 6020/3934 6114/3936 6065/3937
f 5997/3935 6020/3934 6068/3938
f 6068/3938 6020/3934 6065/3937
f 5997/3935 6068/3938 6162/3939
f 6065/3937 6114/3936 6384/3940
f 6384/3940 6114/3936 6523/3929
f 6065/3937 6384/3940 6068/3938
f 6162/3939 6068/3938 6427/3941
f 6427/3941 6068/3938 6384/3940
f 6384/3940 6523/3929 6588/3942
f 6384/3940 6588/3942 6427/3941
f 6588/3942 6523/3929 6596/3919
f 6162/3939 6427/3941 6482/3943
f 6482/3943 6427/3941 6588/3942
f 6162/3939 6482/3943 6144/3944
f 6162/3939 6144/3944 5989/3945
f 6482/3943 6588/3942 6628/3946
f 6628/3946 6588/3942 6596/3919
f 6144/3944 6482/3943 6365/3947
f 6365/3947 6482/3943 6628/3946
f 5989/3945 6144/3944 6015/3948
f 6015/3948 6144/3944 6365/3947
f 5989/3945 6015/3948 6032/3949
f 5989/3945 6032/3949 6043/3950
f 6015/3948 6365/3947 6094/3951
f 6015/3948 6094/3951 6032/3949
f 6365/3947 6628/3946 6396/3952
f 6365/3947 6396/3952 6094/3951
f 6396/3952 6628/3946 6568/3953
f 6568/3953 6628/3946 6596/3919
f 6032/3949 6094/3951 6085/3954
f 6085/3954 6094/3951 6396/3952
f 6032/3949 6085/3954 6043/3950
f 6085/3954 6396/3952 6325/3955
f 6085/3954 6325/3955 6043/3950
f 6325/3955 6396/3952 6568/3953
f 6043/3950 6325/3955 6249/3956
f 6043/3950 6249/3956 6125/3957
f 6325/3955 6568/3953 6589/3958
f 6325/3955 6589/3958 6249/3956
f 6125/3957 6249/3956 6390/3959
f 6390/3959 6249/3956 6589/3958
f 6125/3957 6390/3959 6023/3960
f 6589/3958 6568/3953 6616/3961
f 6589/3958 6616/3961 6390/3959
f 6616/3961 6568/3953 6580/3962
f 6580/3962 6568/3953 6596/3919
f 6616/3961 6580/3962 6605/3963
f 6616/3961 6605/3963 6436/3964
f 6616/3961 6436/3964 6390/3959
f 6390/3959 6436/3964 6023/3960
f 6023/3960 6436/3964 6070/3965
f 6023/3960 6070/3965 6033/3966
f 6070/3965 6436/3964 6119/3967
f 6070/3965 6119/3967 6033/3966
f 6578/3968 6580/3962 6596/3919
f 6559/3969 6566/3970 6596/3919
f 6596/3919 6566/3970 6578/3968
f 6578/3968 6566/3970 6636/3971
f 6578/3968 6636/3971 6534/3972
f 6578/3968 6534/3972 6635/3973
f 6580/3962 6578/3968 6562/3974
f 6562/3974 6578/3968 6635/3973
f 6580/3962 6562/3974 6499/3975
f 6562/3974 6635/3973 6273/3976
f 6562/3974 6273/3976 6499/3975
f 6273/3976 6635/3973 6295/3977
f 6499/3975 6273/3976 6186/3978
f 6273/3976 6295/3977 6182/3979
f 6273/3976 6182/3979 6186/3978
f 6186/3978 6182/3979 6188/3980
f 969/3981 976/3982 832/3983
f 832/3983 976/3982 784/3984
f 784/3984 976/3982 886/3985
f 784/3984 886/3985 743/3986
f 976/3982 969/3981 903/3987
f 976/3982 903/3987 886/3985
f 743/3986 886/3985 810/3988
f 810/3988 886/3985 903/3987
f 743/3986 810/3988 714/3989
f 714/3989 810/3988 757/3990
f 810/3988 903/3987 813/3991
f 810/3988 813/3991 757/3990
f 887/3992 903/3987 969/3981
f 813/3991 903/3987 801/3993
f 813/3991 801/3993 757/3990
f 801/3993 903/3987 887/3992
f 757/3990 801/3993 905/3994
f 757/3990 905/3994 890/3995
f 890/3995 905/3994 983/3996
f 905/3994 801/3993 1058/3997
f 1058/3997 801/3993 887/3992
f 905/3994 1058/3997 983/3996
f 1058/3997 887/3992 969/3981
f 1058/3997 969/3981 1004/3998
f 983/3996 1058/3997 1120/3999
f 1058/3997 1004/3998 1168/4000
f 1058/3997 1168/4000 1120/3999
f 1120/3999 1168/4000 1069/4001
f 1069/4001 1168/4000 1169/4002
f 1004/4003 922/4004 1013/4005
f 922/4004 1004/4003 842/4006
f 922/4004 842/4006 854/4007
f 922/4004 854/4007 861/4008
f 922/4004 861/4008 925/4009
f 922/4004 925/4009 1013/4005
f 925/4009 861/4008 754/4010
f 925/4009 754/4010 820/4011
f 1013/4005 925/4009 892/4012
f 892/4012 925/4009 820/4011
f 1148/4013 1004/4003 1013/4005
f 1004/4003 1148/4013 1168/4014
f 1168/4014 1148/4013 1202/4015
f 892/4012 820/4011 942/4016
f 942/4016 820/4011 844/4017
f 942/4016 844/4017 917/4018
f 892/4012 942/4016 1064/4019
f 892/4012 1064/4019 1013/4005
f 1064/4019 942/4016 917/4018
f 1013/4005 1064/4019 1148/4013
f 1064/4019 917/4018 1092/4020
f 1064/4019 1092/4020 1148/4013
f 1092/4020 917/4018 931/4021
f 1163/4022 1202/4015 1148/4013
f 1202/4015 1163/4022 1193/4023
f 1193/4023 1163/4022 1150/4024
f 1148/4013 1092/4020 1135/4025
f 1135/4025 1092/4020 931/4021
f 1148/4013 1135/4025 1163/4022
f 1150/4024 1163/4022 1105/4026
f 1105/4026 1163/4022 1135/4025
f 1150/4024 1105/4026 962/4027
f 1135/4025 931/4021 973/4028
f 1135/4025 973/4028 1105/4026
f 973/4028 931/4021 907/4029
f 962/4027 1105/4026 930/4030
f 930/4030 1105/4026 973/4028
f 962/4027 930/4030 950/4031
f 930/4030 973/4028 906/4032
f 930/4030 906/4032 950/4031
f 906/4032 973/4028 907/4029
f 906/4032 907/4029 950/4031
f 950/4031 907/4029 988/4033
f 4268/4034 4348/4035 4238/4036
f 4268/4034 4238/4036 4201/4037
f 4201/4037 4238/4036 4180/4038
f 4201/4037 4180/4038 4140/4039
f 4201/4037 4140/4039 4139/4040
f 4180/4038 4238/4036 4157/4041
f 4180/4038 4157/4041 4140/4039
f 4238/4036 4348/4035 4247/4042
f 4238/4036 4247/4042 4157/4041
f 4139/4040 4140/4039 4176/4043
f 4176/4043 4140/4039 4157/4041
f 4176/4043 4157/4041 4205/4044
f 4205/4044 4157/4041 4247/4042
f 4176/4043 4205/4044 4221/4045
f 4205/4044 4247/4042 4249/4046
f 4205/4044 4249/4046 4221/4045
f 4338/4047 4247/4042 4348/4035
f 4247/4042 4338/4047 4249/4046
f 4338/4047 4348/4035 4387/4048
f 4387/4048 4348/4035 4429/4049
f 4249/4046 4338/4047 4272/4050
f 4249/4046 4272/4050 4221/4045
f 4272/4050 4338/4047 4387/4048
f 4387/4048 4429/4049 4445/4051
f 4221/4045 4272/4050 4291/4052
f 4291/4052 4272/4050 4387/4048
f 4229/4053 4176/4043 4221/4045
f 4176/4043 4229/4053 4139/4040
f 4221/4045 4291/4052 4312/4054
f 4221/4045 4312/4054 4229/4053
f 4291/4052 4387/4048 4416/4055
f 4291/4052 4416/4055 4312/4054
f 4416/4055 4387/4048 4445/4051
f 4139/4040 4229/4053 4151/4056
f 4139/4040 4151/4056 4073/4057
f 4073/4057 4151/4056 4099/4058
f 4151/4056 4229/4053 4256/4059
f 4256/4059 4229/4053 4312/4054
f 4099/4058 4151/4056 4184/4060
f 4099/4058 4184/4060 4169/4061
f 4169/4061 4184/4060 4257/4062
f 4184/4060 4151/4056 4228/4063
f 4184/4060 4228/4063 4257/4062
f 4228/4063 4151/4056 4256/4059
f 4257/4062 4228/4063 4278/4064
f 4278/4064 4228/4063 4256/4059
f 4257/4062 4278/4064 4328/4065
f 4262/4066 4256/4059 4312/4054
f 4262/4066 4312/4054 4416/4055
f 4278/4064 4256/4059 4317/4067
f 4347/4068 4368/4069 4328/4065
f 4347/4068 4328/4065 4335/4070
f 4328/4065 4278/4064 4341/4071
f 4328/4065 4341/4071 4335/4070
f 4341/4071 4278/4064 4317/4067
f 4335/4070 4341/4071 4373/4072
f 4373/4072 4341/4071 4389/4073
f 4300/4074 4317/4067 4256/4059
f 4300/4074 4256/4059 4262/4066
f 4317/4067 4300/4074 4410/4075
f 4410/4075 4300/4074 4413/4076
f 4410/4075 4413/4076 4461/4077
f 4300/4074 4262/4066 4293/4078
f 4300/4074 4293/4078 4413/4076
f 4293/4078 4262/4066 4252/4079
f 4461/4077 4413/4076 4415/4080
f 4415/4080 4413/4076 4293/4078
f 4415/4080 4293/4078 4252/4079
f 4461/4077 4415/4080 4445/4051
f 4252/4079 4262/4066 4381/4081
f 4252/4079 4381/4081 4415/4080
f 4415/4080 4381/4081 4445/4051
f 4381/4081 4262/4066 4416/4055
f 4381/4081 4416/4055 4445/4051
f 6007/4082 6030/4083 6060/4084
f 5383/4085 5254/4086 5465/4087
f 5465/4087 5254/4086 5277/4088
f 5465/4087 5277/4088 5550/4089
f 5254/4086 5383/4085 5223/4090
f 5465/4087 5550/4089 5629/4091
f 5383/4085 5465/4087 5499/4092
f 5499/4092 5465/4087 5629/4091
f 5383/4085 5499/4092 5591/4093
f 5591/4093 5499/4092 5629/4091
f 5223/4090 5383/4085 5463/4094
f 5463/4094 5383/4085 5591/4093
f 5223/4090 5463/4094 5178/4095
f 5178/4095 5463/4094 5310/4096
f 5310/4096 5463/4094 5472/4097
f 5472/4097 5463/4094 5595/4098
f 5595/4098 5463/4094 5663/4099
f 5663/4099 5463/4094 5591/4093
f 5595/4098 5663/4099 5684/4100
f 5684/4100 5663/4099 5734/4101
f 5663/4099 5591/4093 5682/4102
f 5682/4102 5591/4093 5629/4091
f 5734/4101 5663/4099 5732/4103
f 5732/4103 5663/4099 5682/4102
f 5734/4101 5732/4103 5717/4104
f 5734/4101 5717/4104 5712/4105
f 5712/4105 5717/4104 5612/4106
f 5682/4102 5629/4091 5698/4107
f 5698/4107 5629/4091 5657/4108
f 5732/4103 5682/4102 5737/4109
f 5737/4109 5682/4102 5698/4107
f 5717/4104 5732/4103 5710/4110
f 5710/4110 5732/4103 5737/4109
f 5612/4106 5717/4104 5632/4111
f 5612/4106 5632/4111 5502/4112
f 5717/4104 5710/4110 5627/4113
f 5717/4104 5627/4113 5632/4111
f 5737/4109 5698/4107 5752/4114
f 5752/4114 5698/4107 5657/4108
f 5710/4110 5737/4109 5724/4115
f 5724/4115 5737/4109 5752/4114
f 5627/4113 5710/4110 5628/4116
f 5628/4116 5710/4110 5724/4115
f 5632/4111 5627/4113 5506/4117
f 5632/4111 5506/4117 5502/4112
f 5627/4113 5628/4116 5444/4118
f 5627/4113 5444/4118 5506/4117
f 5502/4112 5506/4117 5362/4119
f 5362/4119 5506/4117 5444/4118
f 5502/4112 5362/4119 5297/4120
f 5628/4116 5724/4115 5660/4121
f 5169/4122 5174/4123 5297/4120
f 5297/4120 5362/4119 5176/4124
f 5297/4120 5176/4124 5169/4122
f 5660/4121 5724/4115 5746/4125
f 5746/4125 5724/4115 5752/4114
f 5628/4116 5660/4121 5577/4126
f 5628/4116 5577/4126 5444/4118
f 5577/4126 5660/4121 5587/4127
f 5587/4127 5660/4121 5746/4125
f 5444/4118 5577/4126 5370/4128
f 5370/4128 5577/4126 5587/4127
f 5282/4129 5362/4119 5444/4118
f 5362/4119 5282/4129 5176/4124
f 5282/4129 5444/4118 5309/4130
f 5309/4130 5444/4118 5370/4128
f 5176/4124 5282/4129 5159/4131
f 5159/4131 5282/4129 5309/4130
f 5176/4124 5159/4131 5151/4132
f 5151/4132 5159/4131 5146/4133
f 5176/4124 5151/4132 5153/4134
f 5153/4134 5151/4132 5143/4135
f 5176/4124 5153/4134 5169/4122
f 5169/4122 5153/4134 5150/4136
f 5150/4136 5153/4134 5145/4137
f 5146/4133 5159/4131 5172/4138
f 5172/4138 5159/4131 5309/4130
f 5172/4138 5309/4130 5370/4128
f 5146/4133 5172/4138 5193/4139
f 5172/4138 5370/4128 5257/4140
f 5172/4138 5257/4140 5193/4139
f 5257/4140 5370/4128 5413/4141
f 5413/4141 5370/4128 5587/4127
f 5193/4139 5257/4140 5177/4142
f 5193/4139 5177/4142 5131/4143
f 5257/4140 5413/4141 5329/4144
f 5257/4140 5329/4144 5177/4142
f 5131/4143 5177/4142 5231/4145
f 5131/4143 5231/4145 5136/4146
f 5231/4145 5177/4142 5283/4147
f 5283/4147 5177/4142 5329/4144
f 5136/4146 5231/4145 5281/4148
f 5231/4145 5283/4147 5324/4149
f 5231/4145 5324/4149 5281/4148
f 5324/4149 5283/4147 5329/4144
f 5324/4149 5329/4144 5403/4150
f 5509/4151 5329/4144 5413/4141
f 5329/4144 5509/4151 5403/4150
f 5509/4151 5413/4141 5587/4127
f 5324/4149 5403/4150 5422/4152
f 5422/4152 5403/4150 5509/4151
f 5324/4149 5422/4152 5450/4153
f 5450/4153 5422/4152 5509/4151
f 5324/4149 5450/4153 5281/4148
f 5509/4151 5587/4127 5558/4154
f 5281/4148 5450/4153 5492/4155
f 5281/4148 5492/4155 5268/4156
f 5268/4156 5492/4155 5469/4157
f 5450/4153 5509/4151 5581/4158
f 5581/4158 5509/4151 5558/4154
f 5492/4155 5450/4153 5669/4159
f 5669/4159 5450/4153 5581/4158
f 5469/4157 5492/4155 5621/4160
f 5621/4160 5492/4155 5669/4159
f 5469/4157 5621/4160 5598/4161
f 5598/4161 5621/4160 5751/4162
f 5751/4162 5621/4160 5669/4159
f 5598/4161 5751/4162 5731/4163
f 5731/4163 5751/4162 5831/4164
f 5831/4164 5751/4162 5669/4159
f 5610/4165 5581/4158 5558/4154
f 5610/4165 5558/4154 5587/4127
f 5672/4166 5669/4159 5581/4158
f 5672/4166 5581/4158 5610/4165
f 5610/4165 5587/4127 5659/4167
f 5669/4159 5672/4166 5758/4168
f 5669/4159 5758/4168 5831/4164
f 5672/4166 5610/4165 5654/4169
f 5672/4166 5654/4169 5758/4168
f 5654/4169 5610/4165 5659/4167
f 5659/4167 5587/4127 5746/4125
f 5654/4169 5659/4167 5738/4170
f 5738/4170 5659/4167 5746/4125
f 5654/4169 5738/4170 5758/4168
f 5741/4171 5831/4164 5758/4168
f 5741/4171 5758/4168 5738/4170
f 5831/4164 5741/4171 5791/4172
f 5741/4171 5738/4170 5749/4173
f 5749/4173 5738/4170 5746/4125
f 5741/4171 5749/4173 5791/4172
f 5749/4173 5746/4125 5781/4174
f 5749/4173 5781/4174 5791/4172
f 5831/4164 5791/4172 5824/4175
f 5781/4174 5746/4125 5752/4114
f 5824/4175 5791/4172 5761/4176
f 5781/4174 5752/4114 5760/4177
f 5824/4175 5761/4176 5729/4178
f 5760/4177 5752/4114 5657/4108
f 5791/4172 5781/4174 5765/4179
f 5791/4172 5765/4179 5761/4176
f 5765/4179 5781/4174 5713/4180
f 5713/4180 5781/4174 5760/4177
f 5765/4179 5713/4180 5695/4181
f 5765/4179 5695/4181 5761/4176
f 5695/4181 5713/4180 5760/4177
f 5760/4177 5657/4108 5640/4182
f 5640/4182 5657/4108 5635/4183
f 5695/4181 5760/4177 5740/4184
f 5695/4181 5740/4184 5761/4176
f 5740/4184 5760/4177 5640/4182
f 5761/4176 5740/4184 5662/4185
f 5662/4185 5740/4184 5640/4182
f 5662/4185 5640/4182 5635/4183
f 5761/4176 5662/4185 5729/4178
f 5729/4178 5662/4185 5635/4183
f 5310/4186 5472/4187 5346/4188
f 5346/4188 5472/4187 5585/4189
f 5585/4189 5472/4187 5595/4190
f 5585/4189 5595/4190 5684/4191
f 5585/4189 5684/4191 5699/4192
f 5585/4189 5699/4192 5482/4193
f 5585/4189 5482/4193 5346/4188
f 5482/4193 5699/4192 5316/4194
f 5310/4186 5346/4188 5167/4195
f 5310/4186 5167/4195 5178/4196
f 5346/4188 5482/4193 5270/4197
f 5346/4188 5270/4197 5167/4195
f 5270/4197 5482/4193 5316/4194
f 5178/4196 5167/4195 5025/4198
f 5270/4197 5316/4194 5094/4199
f 5270/4197 5094/4199 5167/4195
f 5167/4195 5094/4199 5025/4198
f 5094/4199 5316/4194 4564/4200
f 5094/4199 4564/4200 4959/4201
f 5094/4199 4959/4201 5025/4198
f 5025/4198 4959/4201 4940/4202
f 5025/4198 4940/4202 4955/4203
f 2211/4204 2255/4205 1930/4206
f 2211/4204 1930/4206 2227/4207
f 1930/4206 2255/4205 2253/4208
f 2227/4207 1930/4206 2241/4209
f 2261/4210 2025/4211 2253/4208
f 2253/4208 2025/4211 1930/4206
f 1930/4206 2025/4211 1732/4212
f 2241/4209 1930/4206 1911/4213
f 2241/4209 1911/4213 2199/4214
f 2199/4214 1911/4213 2182/4215
f 2182/4215 1911/4213 2230/4216
f 2230/4216 1911/4213 2214/4217
f 2138/4218 2214/4217 2208/4219
f 2208/4219 2214/4217 1891/4220
f 1891/4220 2214/4217 1911/4213
f 2208/4219 1891/4220 2244/4221
f 2231/4222 2393/4223 2244/4221
f 2231/4222 2244/4221 1891/4220
f 2231/4222 1891/4220 2248/4224
f 2248/4224 1891/4220 1921/4225
f 1921/4225 1891/4220 1777/4226
s 0
f 1891/4220 1911/4213 1693/4227
s 1
f 1693/4227 1911/4213 1930/4206
f 1777/4226 1891/4220 1403/4228
f 1403/4228 1891/4220 1693/4227
f 1777/4226 1403/4228 1377/4229
f 1403/4228 1693/4227 1275/4230
s 0
f 1403/4228 1275/4230 1247/4231
f 1247/4231 1275/4230 1095/4232
s 1
f 1095/4232 1275/4230 1182/4233
f 1693/4227 1930/4206 1421/4234
s 0
f 1693/4227 1421/4234 1275/4230
s 1
f 1421/4234 1930/4206 1732/4212
s 0
f 1182/4233 1275/4230 1190/4235
f 1190/4235 1275/4230 1421/4234
s 1
f 1421/4234 1732/4212 1279/4236
s 0
f 1421/4234 1279/4236 1190/4235
s 1
f 1279/4236 1732/4212 1226/4237
s 0
f 1279/4236 1226/4237 1190/4235
s 1
f 1190/4235 1226/4237 1001/4238
f 1182/4233 1190/4235 860/4239
f 1190/4235 1001/4238 947/4240
f 860/4239 1190/4235 819/4241
f 819/4241 1190/4235 947/4240
f 860/4239 819/4241 617/4242
f 617/4242 819/4241 771/4243
f 819/4241 947/4240 898/4244
f 819/4241 898/4244 771/4243
f 898/4244 947/4240 990/4245
f 771/4243 898/4244 763/4246
f 771/4243 763/4246 636/4247
f 5062/4248 5223/4249 5178/4250
f 5062/4248 5178/4250 5025/4251
f 5223/4249 5062/4248 5070/4252
f 5062/4248 5025/4251 4955/4253
f 5223/4249 5070/4252 5254/4254
f 5062/4248 4955/4253 4968/4255
f 5062/4248 4968/4255 5070/4252
f 4968/4255 4955/4253 4986/4256
f 5254/4254 5070/4252 5061/4257
f 5254/4254 5061/4257 5277/4258
f 5277/4258 5061/4257 5035/4259
f 5070/4252 4968/4255 4936/4260
f 4936/4260 4968/4255 4986/4256
f 5061/4257 5070/4252 4971/4261
f 4971/4261 5070/4252 4936/4260
f 5035/4259 5061/4257 4932/4262
f 4932/4262 5061/4257 4971/4261
f 5035/4259 4932/4262 4922/4263
f 4971/4261 4936/4260 5002/4264
f 5002/4264 4936/4260 4986/4256
f 4932/4262 4971/4261 4944/4265
f 4944/4265 4971/4261 5002/4264
f 4922/4263 4932/4262 4993/4266
f 4993/4266 4932/4262 4944/4265
f 4993/4266 4944/4265 5002/4264
f 4922/4263 4993/4266 5054/4267
f 4993/4266 5002/4264 5069/4268
f 4993/4266 5069/4268 5054/4267
f 5071/4269 5002/4264 4986/4256
f 5002/4264 5071/4269 5069/4268
f 5054/4267 5069/4268 4696/4270
f 5054/4267 4696/4270 4765/4271
f 4765/4271 4696/4270 4619/4272
f 4696/4270 5069/4268 4686/4273
f 4686/4273 5069/4268 5071/4269
f 5071/4269 4986/4256 5075/4274
f 5071/4269 5075/4274 4686/4273
f 5075/4274 4986/4256 4988/4275
f 4988/4275 4986/4256 4955/4253
f 4988/4275 4955/4253 4940/4276
f 5075/4274 4988/4275 5078/4277
f 5078/4277 4988/4275 5014/4278
f 5075/4274 5078/4277 4712/4279
f 5075/4274 4712/4279 4686/4273
f 4712/4279 5078/4277 4746/4280
f 4588/4281 4696/4270 4686/4273
f 4696/4270 4588/4281 4571/4282
f 4686/4273 4712/4279 4585/4283
f 4686/4273 4585/4283 4588/4281
f 4712/4279 4746/4280 4589/4284
f 4712/4279 4589/4284 4585/4283
f 4589/4284 4746/4280 4586/4285
f 4588/4281 4585/4283 4577/4286
f 4588/4281 4577/4286 4575/4287
f 4575/4287 4577/4286 4576/4288
f 4577/4286 4585/4283 4582/4289
f 4582/4289 4585/4283 4589/4284
f 4577/4286 4582/4289 4583/4290
f 4577/4286 4583/4290 4581/4291
f 4582/4289 4589/4284 4574/4292
f 4582/4289 4574/4292 4583/4290
f 4574/4292 4589/4284 4586/4285
f 4583/4290 4574/4292 4578/4293
f 4578/4293 4574/4292 4586/4285
f 4111/4294 3983/4295 4122/4296
f 4111/4294 4122/4296 4224/4297
f 5072/4298 5286/4299 5292/4300
f 5292/4300 5286/4299 5405/4301
f 5292/4300 5405/4301 5470/4302
f 5470/4302 5405/4301 5567/4303
f 5567/4303 5405/4301 5423/4304
f 5567/4303 5423/4304 5480/4305
f 5567/4303 5480/4305 5731/4306
f 5731/4306 5480/4305 5598/4307
f 4074/4308 4169/4309 4220/4310
f 4074/4308 4220/4310 4147/4311
f 4220/4310 4169/4309 4257/4312
f 4220/4310 4257/4312 4299/4313
f 4299/4313 4257/4312 4328/4314
f 4220/4310 4299/4313 4284/4315
f 4220/4310 4284/4315 4226/4316
f 4299/4313 4328/4314 4355/4317
f 4284/4315 4299/4313 4353/4318
f 4353/4318 4299/4313 4355/4317
f 4284/4315 4353/4318 4333/4319
f 4284/4315 4333/4319 4332/4320
f 4333/4319 4353/4318 4344/4321
f 4344/4321 4353/4318 4370/4322
f 4370/4322 4353/4318 4355/4317
f 4276/4323 4367/4324 4370/4322
f 4276/4323 4370/4322 4217/4325
f 4217/4325 4370/4322 4355/4317
f 4276/4323 4217/4325 4189/4326
f 4189/4326 4217/4325 4187/4327
f 4217/4325 4355/4317 4261/4328
f 4217/4325 4261/4328 4187/4327
f 4261/4328 4355/4317 4361/4329
f 4361/4329 4355/4317 4328/4314
f 4187/4327 4261/4328 4190/4330
f 4187/4327 4190/4330 4191/4331
f 4191/4331 4190/4330 4204/4332
f 4190/4330 4261/4328 4251/4333
f 4190/4330 4251/4333 4204/4332
f 4251/4333 4261/4328 4361/4329
f 4361/4329 4328/4314 4339/4334
f 4361/4329 4339/4334 4251/4333
f 4251/4333 4339/4334 4204/4332
f 4339/4334 4328/4314 4368/4335
f 4204/4332 4339/4334 4270/4336
f 2801/4337 2562/4338 2787/4339
f 2787/4339 2562/4338 2609/4340
f 2788/4341 2787/4339 2648/4342
f 2648/4342 2787/4339 2751/4343
f 2648/4342 2751/4343 2726/4344
f 2787/4339 2609/4340 2730/4345
f 2787/4339 2730/4345 2751/4343
f 2730/4345 2609/4340 2601/4346
f 2601/4346 2609/4340 2313/4347
f 2730/4345 2601/4346 2740/4348
f 2730/4345 2740/4348 2751/4343
f 2601/4346 2313/4347 2572/4349
f 2601/4346 2572/4349 2740/4348
f 2572/4349 2313/4347 2426/4350
f 2740/4348 2572/4349 2718/4351
f 2718/4351 2572/4349 2426/4350
f 2740/4348 2718/4351 2751/4343
f 2718/4351 2426/4350 2560/4352
f 2718/4351 2560/4352 2727/4353
f 2718/4351 2727/4353 2742/4354
f 2718/4351 2742/4354 2751/4343
f 2706/4355 2742/4354 2710/4356
f 2742/4354 2706/4355 2703/4357
f 2742/4354 2703/4357 2751/4343
f 2751/4343 2703/4357 2772/4358
f 2751/4343 2772/4358 2756/4359
f 2751/4343 2756/4359 2737/4360
f 2751/4343 2737/4360 2717/4361
f 2717/4361 2737/4360 2627/4362
f 2627/4362 2737/4360 2533/4363
f 2627/4362 2533/4363 2249/4364
f 2627/4362 2249/4364 2327/4365
f 2327/4365 2249/4364 2150/4366
f 2627/4362 2327/4365 2427/4367
f 2427/4367 2327/4365 2150/4366
f 2627/4362 2427/4367 2717/4361
f 2150/4366 2249/4364 2120/4368
f 2427/4367 2150/4366 2164/4369
f 2164/4369 2150/4366 2120/4368
f 2717/4361 2427/4367 2452/4370
f 2452/4370 2427/4367 2164/4369
f 2717/4361 2452/4370 2597/4371
f 2452/4370 2164/4369 2221/4372
f 2452/4370 2221/4372 2597/4371
f 2221/4372 2164/4369 2167/4373
f 2167/4373 2164/4369 2120/4368
f 2597/4371 2221/4372 2206/4374
f 2206/4374 2221/4372 2167/4373
f 2717/4361 2597/4371 2712/4375
f 2717/4361 2712/4375 2751/4343
f 2206/4374 2167/4373 2225/4376
f 2225/4376 2167/4373 2120/4368
f 2597/4371 2206/4374 2508/4377
f 2597/4371 2508/4377 2712/4375
f 2508/4377 2206/4374 2225/4376
f 2751/4343 2712/4375 2747/4378
f 2747/4378 2712/4375 2508/4377
f 2508/4377 2225/4376 2515/4379
f 2508/4377 2515/4379 2747/4378
f 2515/4379 2225/4376 2352/4380
f 2747/4378 2515/4379 2631/4381
f 2631/4381 2515/4379 2352/4380
f 2751/4343 2747/4378 2758/4382
f 2758/4382 2747/4378 2631/4381
f 2751/4343 2758/4382 2723/4383
f 2751/4343 2723/4383 2726/4344
f 2758/4382 2631/4381 2458/4384
f 2458/4384 2631/4381 2352/4380
f 2723/4383 2758/4382 2556/4385
f 2556/4385 2758/4382 2458/4384
f 2723/4383 2556/4385 2434/4386
f 2723/4383 2434/4386 2769/4387
f 2434/4386 2556/4385 2229/4388
f 2434/4386 2229/4388 2222/4389
f 2229/4388 2556/4385 2179/4390
f 2179/4390 2556/4385 2458/4384
f 2229/4388 2179/4390 2158/4391
f 2158/4391 2179/4390 2147/4392
f 2147/4392 2179/4390 2458/4384
f 2147/4392 2458/4384 2352/4380
f 2147/4392 2352/4380 2225/4376
f 2147/4392 2225/4376 2120/4368
f 2147/4392 2120/4368 2198/4393
f 2198/4393 2120/4368 2212/4394
f 2212/4394 2120/4368 2075/4395
f 2198/4393 2212/4394 2332/4396
f 2198/4393 2332/4396 2389/4397
f 2198/4393 2389/4397 2348/4398
f 2389/4397 2332/4396 2374/4399
f 2374/4399 2332/4396 2350/4400
f 4129/4401 4147/4402 4226/4403
f 4226/4403 4147/4402 4220/4404
f 6169/4405 6468/4406 6263/4407
f 6263/4407 6468/4406 6636/4408
f 6263/4407 6636/4408 6566/4409
f 6236/4410 6287/4411 6169/4405
f 6236/4410 6169/4405 6177/4412
f 6177/4412 6169/4405 6263/4407
f 6263/4407 6566/4409 6270/4413
f 6263/4407 6270/4413 6177/4412
f 6270/4413 6566/4409 6559/4414
f 6177/4412 6270/4413 6182/4415
f 6177/4412 6182/4415 6295/4416
f 6270/4413 6559/4414 6416/4417
f 6416/4417 6559/4414 6571/4418
f 6270/4413 6416/4417 6190/4419
f 6270/4413 6190/4419 6182/4415
f 6416/4417 6571/4418 6355/4420
f 6355/4420 6571/4418 6570/4421
f 6355/4420 6570/4421 6248/4422
f 6355/4420 6248/4422 6185/4423
f 6355/4420 6185/4423 6416/4417
f 6416/4417 6185/4423 6190/4419
f 6190/4419 6185/4423 6184/4424
f 6190/4419 6184/4424 6182/4415
f 6184/4424 6185/4423 6179/4425
f 6182/4415 6184/4424 6113/4426
f 6182/4415 6113/4426 6084/4427
f 6182/4415 6084/4427 6118/4428
f 5684/4429 5728/4430 5699/4431
f 5728/4430 5684/4429 5734/4432
f 5728/4430 5734/4432 5712/4433
f 5699/4431 5728/4430 5745/4434
f 5728/4430 5712/4433 5636/4435
f 5636/4435 5712/4433 5612/4436
f 5636/4435 5612/4436 5502/4437
f 5728/4430 5636/4435 5661/4438
f 5728/4430 5661/4438 5745/4434
f 5636/4435 5502/4437 5530/4439
f 5636/4435 5530/4439 5661/4438
f 5745/4434 5661/4438 5863/4440
f 5745/4434 5863/4440 5699/4431
f 5661/4438 5530/4439 5419/4441
f 5661/4438 5419/4441 5863/4440
f 5530/4439 5502/4437 5338/4442
f 5530/4439 5338/4442 5419/4441
f 5338/4442 5502/4437 5297/4443
f 5699/4431 5863/4440 5885/4444
f 5699/4431 5885/4444 5316/4445
f 5885/4444 5863/4440 6113/4446
f 5338/4442 5297/4443 5174/4447
f 6113/4446 5863/4440 5912/4448
s 0
f 5912/4448 5863/4440 5419/4441
s 1
f 6113/4446 5912/4448 6084/4449
f 6084/4449 5912/4448 6118/4450
f 5912/4448 5419/4441 5511/4451
f 5511/4451 5419/4441 5157/4452
f 5168/4453 5419/4441 5338/4442
f 5419/4441 5168/4453 5157/4452
f 5168/4453 5338/4442 5174/4447
f 5168/4453 5174/4447 5157/4452
f 5157/4452 5174/4447 5150/4454
f 5150/4454 5174/4447 5169/4455
f 5337/4456 5423/4457 5405/4458
f 5337/4456 5405/4458 5286/4459
f 5423/4457 5337/4456 5387/4460
f 5423/4457 5387/4460 5480/4461
f 5337/4456 5286/4459 5128/4462
f 5128/4462 5286/4459 5072/4463
f 5128/4462 5072/4463 4827/4464
f 5128/4462 4827/4464 4880/4465
f 4880/4465 4827/4464 4798/4466
f 5128/4462 4880/4465 5135/4467
f 5128/4462 5135/4467 5337/4456
f 5135/4467 4880/4465 5013/4468
f 5135/4467 5013/4468 5130/4469
f 5130/4469 5013/4468 5055/4470
f 5337/4456 5135/4467 5315/4471
f 5315/4471 5135/4467 5130/4469
f 5337/4456 5315/4471 5387/4460
f 5315/4471 5130/4469 5229/4472
f 5315/4471 5229/4472 5268/4473
f 5315/4471 5268/4473 5469/4474
f 5387/4460 5315/4471 5432/4475
f 5432/4475 5315/4471 5469/4474
f 5387/4460 5432/4475 5480/4461
f 5432/4475 5469/4474 5598/4476
f 5432/4475 5598/4476 5480/4461
f 4451/4477 4426/4478 4494/4479
f 4451/4477 4494/4479 4471/4480
f 4451/4477 4471/4480 4436/4481
f 4436/4481 4471/4480 4490/4482
f 4490/4482 4471/4480 4491/4483
f 4490/4482 4491/4483 4506/4484
f 4506/4484 4491/4483 4507/4485
f 4507/4485 4491/4483 4456/4486
f 4471/4480 4494/4479 4510/4487
f 4471/4480 4510/4487 4491/4483
f 4510/4487 4494/4479 4452/4488
f 4452/4488 4494/4479 4426/4478
f 4491/4483 4510/4487 4422/4489
f 4422/4489 4510/4487 4452/4488
f 4456/4486 4491/4483 4406/4490
f 4406/4490 4491/4483 4422/4489
f 4456/4486 4406/4490 4409/4491
f 4409/4491 4406/4490 4402/4492
f 4452/4488 4426/4478 4379/4493
f 4452/4488 4379/4493 4422/4489
f 4379/4493 4426/4478 4337/4494
f 4406/4490 4422/4489 4345/4495
f 4345/4495 4422/4489 4379/4493
f 4345/4495 4379/4493 4337/4494
f 4406/4490 4345/4495 4402/4492
f 4345/4495 4337/4494 4360/4496
f 4402/4492 4345/4495 4352/4497
f 4402/4492 4352/4497 4395/4498
f 4352/4497 4345/4495 4281/4499
f 4281/4499 4345/4495 4241/4500
f 4281/4499 4241/4500 4148/4501
f 4281/4499 4148/4501 4208/4502
f 4281/4499 4208/4502 4352/4497
f 4395/4498 4352/4497 4156/4503
f 4156/4503 4352/4497 4208/4502
f 4395/4498 4156/4503 4266/4504
f 4156/4503 4208/4502 3905/4505
f 3905/4505 4208/4502 4076/4506
f 3905/4505 4076/4506 3876/4507
f 3905/4505 3876/4507 3531/4508
f 4156/4503 3905/4505 3689/4509
s 0
f 4156/4503 3689/4509 3547/4510
s 1
f 3547/4510 3689/4509 37/4511
f 3689/4509 3905/4505 110/4512
s 0
f 3689/4509 110/4512 37/4511
s 1
f 110/4512 3905/4505 3531/4508
f 37/4511 110/4512 501/4513
f 110/4512 3531/4508 419/4514
f 1169/4515 1206/4516 1140/4517
f 1206/4516 1169/4515 1168/4518
f 1169/4515 1140/4517 1069/4519
f 1206/4516 1168/4518 1212/4520
f 1120/4521 1069/4519 983/4522
f 983/4522 1069/4519 1085/4523
f 983/4522 1085/4523 890/4524
f 890/4524 1085/4523 1022/4525
f 1069/4519 1140/4517 1100/4526
f 1069/4519 1100/4526 1085/4523
f 1100/4526 1140/4517 1172/4527
f 1172/4527 1140/4517 1206/4516
f 1100/4526 1172/4527 1179/4528
f 1179/4528 1172/4527 1206/4516
f 1100/4526 1179/4528 1125/4529
f 1100/4526 1125/4529 1085/4523
f 1179/4528 1206/4516 1228/4530
f 1112/4531 1022/4525 1085/4523
f 1022/4525 1112/4531 1106/4532
f 1228/4530 1206/4516 1201/4533
f 1228/4530 1201/4533 1179/4528
f 1179/4528 1201/4533 1125/4529
f 1201/4533 1206/4516 1212/4520
f 1125/4529 1201/4533 1144/4534
f 1144/4534 1201/4533 1212/4520
f 1125/4529 1144/4534 1085/4523
f 1144/4534 1212/4520 1200/4535
f 1085/4523 1144/4534 1130/4536
f 1130/4536 1144/4534 1200/4535
f 1085/4523 1130/4536 1112/4531
f 1110/4537 1106/4532 1112/4531
f 1110/4537 1112/4531 1130/4536
f 1106/4532 1110/4537 1097/4538
f 1130/4536 1200/4535 1129/4539
f 1130/4536 1129/4539 1110/4537
f 1129/4539 1200/4535 1176/4540
f 1176/4540 1200/4535 1216/4541
f 1097/4538 1110/4537 1053/4542
f 1097/4538 1053/4542 957/4543
f 1110/4537 1129/4539 1083/4544
f 1110/4537 1083/4544 1053/4542
f 1129/4539 1176/4540 1124/4545
f 1129/4539 1124/4545 1083/4544
f 1176/4540 1216/4541 1221/4546
f 1176/4540 1221/4546 1124/4545
f 1124/4545 1221/4546 1185/4547
f 902/4548 957/4543 1053/4542
f 957/4543 902/4548 876/4549
f 876/4549 902/4548 873/4550
f 1124/4545 1185/4547 1099/4551
f 1124/4545 1099/4551 1083/4544
f 1185/4547 1221/4546 1173/4552
f 1185/4547 1173/4552 1099/4551
f 1210/4553 1221/4546 1216/4541
f 1221/4546 1210/4553 1173/4552
f 1210/4553 1216/4541 1198/4554
f 1198/4554 1216/4541 1214/4555
f 1173/4552 1210/4553 1186/4556
f 1186/4556 1210/4553 1198/4554
f 1099/4551 1173/4552 1050/4557
f 1099/4551 1050/4557 1083/4544
f 1173/4552 1186/4556 1149/4558
f 1173/4552 1149/4558 1050/4557
f 1083/4544 1050/4557 999/4559
f 1149/4558 1186/4556 1180/4560
f 1180/4560 1186/4556 1198/4554
f 1050/4557 1149/4558 1132/4561
f 1132/4561 1149/4558 1180/4560
f 1050/4557 1132/4561 999/4559
f 1083/4544 999/4559 995/4562
f 995/4562 999/4559 1132/4561
f 1083/4544 995/4562 1053/4542
f 1053/4542 995/4562 902/4548
f 902/4548 995/4562 951/4563
f 951/4563 995/4562 1132/4561
f 902/4548 951/4563 873/4550
f 1174/4564 1132/4561 1180/4560
f 1174/4564 1180/4560 1198/4554
f 873/4550 951/4563 935/4565
f 873/4550 935/4565 923/4566
f 923/4566 935/4565 928/4567
f 935/4565 951/4563 1037/4568
f 1037/4568 951/4563 1132/4561
f 928/4567 935/4565 1031/4569
f 1031/4569 935/4565 1037/4568
f 1037/4568 1132/4561 1137/4570
f 1137/4570 1132/4561 1174/4564
f 1037/4568 1137/4570 1141/4571
f 1037/4568 1141/4571 1031/4569
f 1141/4571 1137/4570 1174/4564
f 928/4567 1031/4569 937/4572
f 928/4567 937/4572 877/4573
f 877/4573 937/4572 865/4574
f 865/4574 937/4572 834/4575
f 834/4575 937/4572 952/4576
f 937/4572 1031/4569 1065/4577
f 1065/4577 1031/4569 1141/4571
f 937/4572 1065/4577 952/4576
f 1065/4577 1141/4571 1025/4578
f 1065/4577 1025/4578 952/4576
f 834/4575 952/4576 939/4579
f 939/4579 952/4576 924/4580
f 952/4576 1025/4578 929/4581
f 952/4576 929/4581 924/4580
f 1025/4578 1141/4571 1080/4582
f 1025/4578 1080/4582 929/4581
f 1080/4582 1141/4571 1178/4583
f 1178/4583 1141/4571 1174/4564
f 939/4579 924/4580 956/4584
f 956/4584 924/4580 929/4581
f 939/4579 956/4584 996/4585
f 939/4579 996/4585 1062/4586
f 1062/4586 996/4585 1143/4587
f 956/4584 929/4581 974/4588
f 956/4584 974/4588 996/4585
f 974/4588 929/4581 1080/4582
f 1143/4587 996/4585 1136/4589
f 1136/4589 996/4585 974/4588
f 1136/4589 974/4588 1080/4582
f 1136/4589 1080/4582 1178/4583
f 1143/4587 1136/4589 1191/4590
f 1191/4590 1136/4589 1178/4583
f 1191/4590 1178/4583 1203/4591
f 1203/4591 1178/4583 1197/4592
f 1197/4592 1178/4583 1174/4564
f 1203/4591 1197/4592 1214/4555
f 1197/4592 1174/4564 1198/4554
f 1197/4592 1198/4554 1214/4555
f 4940/4593 4959/4594 4979/4595
f 4940/4593 4979/4595 5014/4596
f 4940/4593 5014/4596 4988/4597
f 4979/4595 4959/4594 4718/4598
f 4718/4598 4959/4594 4564/4599
f 5014/4596 4979/4595 5059/4600
f 5059/4600 4979/4595 4718/4598
f 5014/4596 5059/4600 5078/4601
f 5078/4601 5059/4600 4746/4602
f 5059/4600 4718/4598 4703/4603
f 4703/4603 4718/4598 4564/4599
f 5059/4600 4703/4603 4746/4602
f 4703/4603 4564/4599 4600/4604
f 4703/4603 4600/4604 4746/4602
f 4746/4602 4600/4604 4586/4605
f 4586/4605 4600/4604 4578/4606
f 4445/4607 4429/4608 4482/4609
f 4482/4609 4429/4608 4490/4610
f 4445/4607 4482/4609 4461/4611
f 4482/4609 4490/4610 4498/4612
f 4498/4612 4490/4610 4506/4613
f 4461/4611 4482/4609 4455/4614
f 4461/4611 4455/4614 4410/4615
f 4455/4614 4482/4609 4489/4616
f 4489/4616 4482/4609 4498/4612
f 4410/4615 4455/4614 4420/4617
f 4420/4617 4455/4614 4489/4616
f 4410/4615 4420/4617 4371/4618
f 4410/4615 4371/4618 4317/4619
f 4317/4619 4371/4618 4341/4620
f 4341/4620 4371/4618 4363/4621
f 4489/4616 4498/4612 4431/4622
f 4489/4616 4431/4622 4420/4617
f 4371/4618 4420/4617 4356/4623
f 4356/4623 4420/4617 4431/4622
f 4371/4618 4356/4623 4363/4621
f 4356/4623 4431/4622 4358/4624
f 4356/4623 4358/4624 4363/4621
f 4341/4620 4363/4621 4389/4625
f 4358/4624 4431/4622 4443/4626
f 4443/4626 4431/4622 4498/4612
f 4363/4621 4358/4624 4365/4627
f 4365/4627 4358/4624 4443/4626
f 4389/4625 4363/4621 4376/4628
f 4376/4628 4363/4621 4365/4627
f 4389/4625 4376/4628 4435/4629
f 4376/4628 4365/4627 4430/4630
f 4430/4630 4365/4627 4443/4626
f 4376/4628 4430/4630 4435/4629
f 4389/4625 4435/4629 4488/4631
f 4488/4631 4435/4629 4430/4630
f 4389/4625 4488/4631 4472/4632
f 4472/4632 4488/4631 4503/4633
f 4503/4633 4488/4631 4430/4630
f 4503/4633 4430/4630 4443/4626
f 4503/4633 4443/4626 4498/4612
f 4503/4633 4498/4612 4506/4613
f 4503/4633 4506/4613 4501/4634
f 2503/4635 2459/4636 2505/4637
f 2505/4637 2459/4636 2538/3025
f 2505/4637 2538/3025 2595/4638
f 2595/4638 2538/3025 2603/3024
f 2595/4638 2603/3024 2691/3026
f 2538/3025 2459/4636 2453/4639
f 2538/3025 2453/4639 2438/3037
f 2595/4638 2691/3026 2635/4640
f 2595/4638 2635/4640 2505/4637
f 2635/4640 2691/3026 2770/4641
f 2505/4637 2635/4640 2474/4642
f 2505/4637 2474/4642 2503/4635
f 2635/4640 2770/4641 2667/4643
f 2635/4640 2667/4643 2474/4642
f 2770/4641 2691/3026 2774/4644
f 2770/4641 2774/4644 2667/4643
f 2774/4644 2691/3026 2760/2997
f 2774/4644 2760/2997 2779/2999
f 2774/4644 2779/2999 2667/4643
f 2667/4643 2779/2999 2610/4645
f 2667/4643 2610/4645 2474/4642
f 2474/4642 2610/4645 2504/4646
f 2474/4642 2504/4646 2503/4635
f 2503/4635 2504/4646 2200/4647
f 2200/4647 2504/4646 2040/4648
f 2503/4635 2200/4647 2050/4649
f 2503/4635 2050/4649 2459/4636
f 2200/4647 2040/4648 1974/4650
f 1974/4650 2040/4648 1954/4651
f 1974/4650 1954/4651 1966/4652
f 1974/4650 1966/4652 1962/4653
f 1962/4653 1966/4652 1965/4654
f 2200/4647 1974/4650 1961/4655
f 1961/4655 1974/4650 1962/4653
f 2200/4647 1961/4655 2050/4649
f 1961/4655 1962/4653 1959/4656
f 2050/4649 1961/4655 1958/4657
f 1958/4657 1961/4655 1959/4656
f 2033/4658 2459/4636 2050/4649
f 2033/4658 2050/4649 1958/4657
f 2459/4636 2033/4658 2453/4639
f 1958/4657 1959/4656 1963/4659
f 1958/4657 1963/4659 2033/4658
f 1963/4659 1959/4656 1987/4660
f 1987/4660 1959/4656 1956/4661
f 2033/4658 1963/4659 2059/4662
f 2033/4658 2059/4662 2453/4639
f 2059/4662 1963/4659 1987/4660
f 2453/4639 2059/4662 2442/4663
f 2442/4663 2059/4662 1987/4660
f 2453/4639 2442/4663 2438/3037
f 2438/3037 2442/4663 2466/3039
f 2466/3039 2442/4663 1987/4660
f 2466/3039 1987/4660 2169/4664
f 4530/4665 4529/4666 4561/4667
f 4530/4665 4561/4667 4650/4668
f 4529/4666 4530/4665 4531/4669
f 4530/4665 4650/4668 4567/4670
f 4530/4665 4567/4670 4531/4669
f 4531/4669 4567/4670 4556/4671
f 4531/4669 4556/4671 4557/4672
f 4557/4672 4556/4671 4584/4673
f 4584/4673 4556/4671 4592/4674
f 4592/4674 4556/4671 4567/4670
f 4592/4674 4567/4670 4685/4675
f 4685/4675 4567/4670 4650/4668
f 4558/4676 4592/4674 4679/4677
f 4679/4677 4592/4674 4669/4678
f 4669/4678 4592/4674 4685/4675
f 4679/4677 4669/4678 4894/4679
f 4894/4679 4669/4678 4847/4680
f 4669/4678 4685/4675 4839/4681
f 4669/4678 4839/4681 4847/4680
f 4839/4681 4685/4675 4650/4668
f 4847/4680 4839/4681 4798/4682
f 4798/4682 4839/4681 4880/4683
f 4880/4683 4839/4681 4866/4684
f 4866/4684 4839/4681 4650/4668
f 4880/4683 4866/4684 5013/4685
f 4866/4684 4650/4668 4676/4686
f 5013/4685 4866/4684 4886/4687
f 4676/4686 4650/4668 4561/4667
f 5013/4685 4886/4687 5055/4688
f 4886/4687 4866/4684 4761/4689
f 4866/4684 4676/4686 4697/4690
f 4866/4684 4697/4690 4761/4689
f 4697/4690 4676/4686 4652/4691
f 4761/4689 4697/4690 4671/4692
f 4671/4692 4697/4690 4652/4691
f 4761/4689 4671/4692 4762/4693
f 4652/4691 4676/4686 4648/4694
f 4648/4694 4676/4686 4561/4667
f 4671/4692 4652/4691 4661/4695
f 4661/4695 4652/4691 4648/4694
f 4762/4693 4671/4692 4701/4696
f 4701/4696 4671/4692 4661/4695
f 4761/4689 4762/4693 4785/4697
f 4785/4697 4762/4693 4701/4696
f 4761/4689 4785/4697 4886/4687
f 4701/4696 4661/4695 4753/4698
f 4701/4696 4753/4698 4785/4697
f 4785/4697 4753/4698 4886/4687
f 4753/4698 4661/4695 4648/4694
f 4886/4687 4753/4698 5055/4688
f 5055/4688 4753/4698 4705/4699
f 4705/4699 4753/4698 4648/4694
f 4620/4700 4648/4694 4561/4667
f 5055/4688 4705/4699 5119/4701
f 5055/4688 5119/4701 5130/4702
f 4620/4700 4561/4667 4548/4703
f 5130/4702 5119/4701 5175/4704
f 5130/4702 5175/4704 5229/4705
f 4548/4703 4561/4667 4529/4666
f 5229/4705 5175/4704 5240/4706
f 5175/4704 5119/4701 5125/4707
f 5175/4704 5125/4707 5240/4706
f 5125/4707 5119/4701 4705/4699
f 5229/4705 5240/4706 5268/4708
f 4548/4703 4529/4666 4532/4709
f 5268/4708 5240/4706 5163/4710
f 5268/4708 5163/4710 5136/4711
f 5268/4708 5136/4711 5281/4712
f 5136/4711 5163/4710 5131/4713
f 5131/4713 5163/4710 5140/4714
f 5131/4713 5140/4714 5193/4715
f 4532/4709 4529/4666 4543/4716
f 4543/4716 4529/4666 4531/4669
f 4543/4716 4531/4669 4538/4717
f 4532/4709 4543/4716 4604/4718
f 4532/4709 4604/4718 4548/4703
f 4543/4716 4538/4717 4553/4719
f 4543/4716 4553/4719 4604/4718
f 4553/4719 4538/4717 4566/4720
f 4566/4720 4538/4717 4560/4721
f 4604/4718 4553/4719 4610/4722
f 4610/4722 4553/4719 4566/4720
f 4566/4720 4560/4721 4602/4723
f 4604/4718 4610/4722 4621/4724
f 4621/4724 4610/4722 4566/4720
f 4632/4725 4548/4703 4604/4718
f 4632/4725 4604/4718 4621/4724
f 4548/4703 4632/4725 4620/4700
f 4620/4700 4632/4725 4648/4694
f 4648/4694 4632/4725 4621/4724
f 4648/4694 4621/4724 4705/4699
f 4705/4699 4621/4724 4566/4720
f 4705/4699 4566/4720 4602/4723
f 4705/4699 4602/4723 4605/4726
f 4705/4699 4605/4726 4673/4727
f 5129/4728 5139/4729 4705/4699
f 4705/4699 5139/4729 5125/4707
f 5139/4729 5129/4728 5249/4730
f 5125/4707 5139/4729 5199/4731
f 5199/4731 5139/4729 5249/4730
f 5125/4707 5199/4731 5240/4706
f 5240/4706 5199/4731 5249/4730
f 5240/4706 5249/4730 5252/4732
f 4558/4733 4667/4734 4619/4735
f 4619/4735 4667/4734 4765/4736
f 4667/4734 4558/4733 4679/4737
f 4558/4733 4619/4735 4571/4738
f 4571/4738 4619/4735 4696/4739
f 4558/4733 4571/4738 4559/4740
f 4558/4733 4559/4740 4592/4741
f 4592/4741 4559/4740 4584/4742
f 4584/4742 4559/4740 4568/4743
f 4568/4743 4559/4740 4575/4744
f 4575/4744 4559/4740 4571/4738
f 4575/4744 4571/4738 4588/4745
f 1154/4746 1193/4747 1150/4748
f 1154/4746 1150/4748 989/4749
f 989/4749 1150/4748 962/4750
f 989/4749 962/4750 950/4751
f 989/4749 950/4751 1011/4752
f 989/4749 1011/4752 1154/4746
f 1011/4752 950/4751 988/4753
f 1154/4746 1011/4752 1127/4754
f 1154/4746 1127/4754 1193/4747
f 1127/4754 1011/4752 988/4753
f 1193/4747 1127/4754 1147/4755
f 1147/4755 1127/4754 988/4753
f 1193/4747 1147/4755 1208/4756
f 1193/4747 1208/4756 1202/4757
f 1147/4755 988/4753 1021/4758
f 1208/4756 1147/4755 1165/4759
f 1165/4759 1147/4755 1021/4758
f 1202/4757 1208/4756 1220/4760
f 1202/4757 1220/4760 1168/4761
f 1168/4761 1220/4760 1212/4762
f 1212/4762 1220/4760 1200/4763
f 1200/4763 1220/4760 1216/4764
f 1216/4764 1220/4760 1214/4765
f 1208/4756 1165/4759 1170/4766
f 1220/4760 1208/4756 1218/4767
f 1218/4767 1208/4756 1170/4766
f 1220/4760 1218/4767 1219/4768
f 1220/4760 1219/4768 1214/4765
f 1218/4767 1170/4766 1157/4769
f 1170/4766 1165/4759 1087/4770
f 1087/4770 1165/4759 1021/4758
f 1170/4766 1087/4770 1039/4771
f 1170/4766 1039/4771 1157/4769
f 1087/4770 1021/4758 1044/4772
f 1087/4770 1044/4772 1039/4771
f 1039/4771 1044/4772 1063/4773
f 1039/4771 1063/4773 1157/4769
f 1063/4773 1044/4772 1102/4774
f 1063/4773 1102/4774 1157/4769
f 1102/4774 1044/4772 1131/4775
f 1102/4774 1131/4775 1157/4769
f 994/4776 1044/4772 1021/4758
f 1044/4772 994/4776 1131/4775
f 994/4776 1021/4758 988/4753
f 994/4776 988/4753 907/4777
f 1131/4775 994/4776 1041/4778
f 1209/4779 1218/4767 1157/4769
f 1209/4779 1157/4769 1131/4775
f 1218/4767 1209/4779 1219/4768
f 1209/4779 1131/4775 1151/4780
f 1209/4779 1151/4780 1219/4768
f 1151/4780 1131/4775 1041/4778
f 1219/4768 1151/4780 1204/4781
f 1204/4781 1151/4780 1096/4782
f 1096/4782 1151/4780 1041/4778
f 1219/4768 1204/4781 1164/4783
f 1204/4781 1096/4782 1077/4784
f 1204/4781 1077/4784 1164/4783
f 1077/4784 1096/4782 1049/4785
f 1049/4785 1096/4782 1041/4778
f 1164/4783 1077/4784 1038/4786
f 1038/4786 1077/4784 1049/4785
f 1219/4768 1164/4783 1213/4787
f 1219/4768 1213/4787 1214/4765
f 1214/4765 1213/4787 1203/4788
f 1213/4787 1164/4783 1161/4789
f 1161/4789 1164/4783 1038/4786
f 1203/4788 1213/4787 1162/4790
f 1162/4790 1213/4787 1161/4789
f 1161/4789 1038/4786 1027/4791
f 1027/4791 1038/4786 1049/4785
f 1161/4789 1027/4791 1162/4790
f 1027/4791 1049/4785 1033/4792
f 1027/4791 1033/4792 1162/4790
f 1033/4792 1049/4785 1041/4778
f 1203/4788 1162/4790 1153/4793
f 1203/4788 1153/4793 1191/4794
f 1191/4794 1153/4793 1143/4795
f 1143/4795 1153/4793 1062/4796
f 1062/4796 1153/4793 1162/4790
f 1062/4796 1162/4790 1033/4792
f 1062/4796 1033/4792 1041/4778
f 1062/4796 1041/4778 939/4797
f 4224/4798 4235/4799 4294/4800
f 4224/4801 4294/4802 4304/4803
f 4304/4803 4294/4802 4327/4804
f 4304/4803 4327/4804 4321/4805
f 4224/4801 4304/4803 4309/4806
f 4224/4801 4309/4806 4111/4807
f 4304/4803 4321/4805 4504/4808
f 4304/4803 4504/4808 4564/4809
f 4564/4809 4504/4808 4600/4810
f 4600/4810 4504/4808 4587/4811
f 4600/4810 4587/4811 4578/4812
f 786/4813 1022/4814 855/4815
f 855/4815 1022/4814 1106/4816
f 786/4813 855/4815 501/4817
f 855/4815 1106/4816 1097/4818
f 501/4817 855/4815 464/4819
f 501/4817 464/4819 37/4820
f 855/4815 1097/4818 776/4821
f 855/4815 776/4821 464/4819
f 776/4821 1097/4818 957/4822
f 776/4821 957/4822 876/4823
f 776/4821 876/4823 781/4824
f 776/4821 781/4824 677/4825
f 464/4819 776/4821 462/4826
f 462/4826 776/4821 677/4825
f 464/4819 462/4826 3547/4827
f 462/4826 677/4825 620/4828
f 462/4826 620/4828 458/4829
f 462/4826 458/4829 3460/4830
f 3460/4830 458/4829 340/4831
f 3460/4830 340/4831 343/4832
f 6534/4833 6464/4834 6452/4835
f 6464/4834 6534/4833 6456/4836
f 6534/4833 6452/4835 6635/4837
f 6635/4837 6452/4835 6295/4838
f 6452/4835 6464/4834 6236/4839
f 6236/4839 6464/4834 6287/4840
f 6295/4838 6452/4835 6158/4841
f 6158/4841 6452/4835 6236/4839
f 6295/4838 6158/4841 6177/4842
f 6177/4842 6158/4841 6236/4839
f 4541/4843 4544/4844 4605/4845
f 4605/4845 4544/4844 4607/4846
f 4541/4843 4605/4845 4602/4847
f 4541/4843 4602/4847 4560/4848
f 4605/4845 4607/4846 4594/4849
f 4541/4843 4560/4848 4538/4850
f 4594/4849 4607/4846 4549/4851
f 4549/4851 4607/4846 4544/4844
f 4594/4849 4549/4851 4540/4852
f 4540/4852 4549/4851 4544/4844
f 4540/4852 4544/4844 4541/4843
f 4540/4852 4541/4843 4538/4850
f 4540/4852 4538/4850 4535/4853
f 4535/4853 4538/4850 4531/4854
f 4535/4853 4531/4854 4557/4855
f 6023/4856 6033/4857 5992/4858
f 5992/4858 6033/4857 6098/4859
f 6098/4859 6033/4857 6375/4860
f 6375/4860 6033/4857 6392/4861
f 6392/4861 6033/4857 6119/4862
f 6392/4861 6119/4862 6436/4863
f 6392/4861 6436/4863 6605/4864
f 6392/4861 6605/4864 6612/4865
f 6392/4861 6612/4865 6375/4860
f 6612/4865 6605/4864 6580/4866
f 6098/4859 6375/4860 6305/4867
f 6305/4867 6375/4860 6612/4865
f 6098/4859 6305/4867 6071/4868
f 6098/4859 6071/4868 6024/4869
f 6305/4867 6612/4865 6615/4870
f 6615/4870 6612/4865 6580/4866
f 6071/4868 6305/4867 6434/4871
f 6434/4871 6305/4867 6615/4870
f 6024/4869 6071/4868 6014/4872
f 6071/4868 6434/4871 6034/4873
f 6071/4868 6034/4873 6014/4872
f 6434/4871 6615/4870 6446/4874
f 6434/4871 6446/4874 6034/4873
f 6615/4870 6580/4866 6621/4875
f 6615/4870 6621/4875 6446/4874
f 6024/4869 6014/4872 6097/4876
f 6034/4873 6446/4874 6081/4877
f 6034/4873 6081/4877 6087/4878
f 6087/4878 6081/4877 6446/4874
f 6034/4873 6087/4878 6014/4872
f 6087/4878 6446/4874 6467/4879
f 6467/4879 6446/4874 6621/4875
f 6014/4872 6087/4878 6159/4880
f 6159/4880 6087/4878 6467/4879
f 6014/4872 6159/4880 6097/4876
f 6159/4880 6467/4879 6621/4875
f 6040/4881 6024/4869 6097/4876
f 6097/4876 6159/4880 6462/4882
f 6462/4882 6159/4880 6621/4875
f 6097/4876 6462/4882 6207/4883
f 6097/4876 6207/4883 6040/4881
f 6207/4883 6462/4882 6337/4884
f 6207/4883 6337/4884 6040/4881
f 6462/4882 6621/4875 6590/4885
f 6462/4882 6590/4885 6337/4884
f 6590/4885 6621/4875 6593/4886
f 6593/4886 6621/4875 6580/4866
f 6593/4886 6580/4866 6592/4887
f 6337/4884 6590/4885 6387/4888
f 6387/4888 6590/4885 6618/4889
f 6618/4889 6590/4885 6593/4886
f 6583/4890 6593/4886 6579/4891
f 6593/4886 6583/4890 6563/4892
f 6618/4889 6593/4886 6560/4893
f 6560/4893 6593/4886 6563/4892
f 6387/4888 6618/4889 6284/4894
f 6618/4889 6560/4893 6449/4895
f 6618/4889 6449/4895 6284/4894
f 6387/4888 6284/4894 6062/4896
f 6387/4888 6062/4896 6337/4884
f 6337/4884 6062/4896 5998/4897
f 6337/4884 5998/4897 6040/4881
f 6040/4881 5998/4897 6062/4896
f 6062/4896 6284/4894 6096/4898
f 6096/4898 6284/4894 6449/4895
f 6062/4896 6096/4898 6040/4881
f 6096/4898 6449/4895 6016/4899
f 6096/4898 6016/4899 6040/4881
f 6016/4899 6449/4895 6453/4900
f 6453/4900 6449/4895 6560/4893
f 6040/4881 6016/4899 5993/4901
f 6040/4881 5993/4901 5991/4902
f 6016/4899 6453/4900 6134/4903
f 6016/4899 6134/4903 5993/4901
f 6453/4900 6560/4893 6368/4904
f 6453/4900 6368/4904 6134/4903
f 6368/4904 6560/4893 6563/4892
f 5993/4901 6134/4903 6082/4905
f 6082/4905 6134/4903 6368/4904
f 6082/4905 6368/4904 6563/4892
f 6082/4905 6563/4892 6315/4906
f 5993/4901 6082/4905 6053/4907
f 6082/4905 6315/4906 6044/4908
f 6082/4905 6044/4908 6053/4907
f 6053/4907 6044/4908 6161/4909
f 1017/4910 808/4911 936/4912
f 936/4912 808/4911 797/4913
f 808/4911 1017/4910 912/4914
f 808/4911 912/4914 789/4915
f 808/4911 789/4915 797/4913
f 912/4914 1017/4910 1035/4916
f 936/4912 797/4913 899/4917
f 789/4915 912/4914 862/4918
f 862/4918 912/4914 1035/4916
f 789/4915 862/4918 792/4919
f 1023/4920 1017/4910 936/4912
f 1023/4920 936/4912 899/4917
f 1035/4916 1017/4910 982/4921
f 982/4921 1017/4910 1023/4920
f 862/4918 1035/4916 1045/4922
f 1045/4922 1035/4916 982/4921
f 792/4919 862/4918 914/4923
f 914/4923 862/4918 1045/4922
f 788/4924 789/4915 792/4919
f 788/4924 792/4919 914/4923
f 789/4915 788/4924 797/4913
f 797/4913 788/4924 975/4925
f 975/4925 788/4924 914/4923
f 797/4913 975/4925 899/4917
f 914/4923 1045/4922 1029/4926
f 914/4923 1029/4926 975/4925
f 899/4917 975/4925 1020/4927
f 1020/4927 975/4925 1029/4926
f 899/4917 1020/4927 1023/4920
f 940/4928 982/4921 1023/4920
f 940/4928 1023/4920 994/4929
f 940/4928 994/4929 907/4930
f 994/4929 1023/4920 991/4931
f 991/4931 1023/4920 1020/4927
f 994/4929 991/4931 1041/4932
f 1041/4932 991/4931 939/4933
f 991/4931 1020/4927 891/4934
f 991/4931 891/4934 939/4933
f 891/4934 1020/4927 1029/4926
f 939/4933 891/4934 834/4935
f 834/4935 891/4934 812/4936
f 812/4936 891/4934 884/4937
f 884/4937 891/4934 1029/4926
f 812/4936 884/4937 805/4938
f 805/4938 884/4937 853/4939
f 884/4937 1029/4926 958/4940
f 884/4937 958/4940 853/4939
f 853/4939 958/4940 964/4941
f 853/4939 964/4941 896/4942
f 896/4942 964/4941 987/4943
f 964/4941 958/4940 1002/4944
f 1002/4944 958/4940 1029/4926
f 987/4943 964/4941 1003/4945
f 1003/4945 964/4941 1002/4944
f 987/4943 1003/4945 990/4946
f 990/4946 1003/4945 954/4947
f 954/4947 1003/4945 997/4948
f 997/4948 1003/4945 1002/4944
f 997/4948 1002/4944 1029/4926
f 997/4948 1029/4926 1045/4922
f 997/4948 1045/4922 982/4921
f 997/4948 982/4921 894/4949
f 6280/4950 6304/4951 6282/4952
f 6304/4951 6280/4950 6310/4953
f 6280/4950 6282/4952 6360/4954
f 6280/4950 6360/4954 6310/4953
f 6360/4954 6282/4952 6406/4955
f 6406/4955 6282/4952 6408/4956
f 6406/4955 6408/4956 6233/4957
f 6233/4957 6408/4956 6262/4958
f 6360/4954 6406/4955 6398/4959
f 6398/4959 6406/4955 6233/4957
f 6233/4957 6262/4958 5975/4960
f 6360/4954 6398/4959 6413/4961
f 5975/4960 6262/4958 6029/4962
f 6029/4962 6262/4958 6208/4963
f 6029/4962 6208/4963 6117/4964
f 6029/4962 6117/4964 5907/4965
f 6029/4962 5907/4965 5910/4966
f 6029/4962 5910/4966 5975/4960
f 5907/4965 6117/4964 5909/4967
f 5907/4965 5909/4967 5910/4966
f 5909/4967 6117/4964 6219/4968
f 5909/4967 6219/4968 6037/4969
f 5909/4967 6037/4969 6069/4970
f 5909/4967 6069/4970 5910/4966
f 6069/4970 6037/4969 6211/4971
f 5910/4966 6069/4970 6025/4972
f 6025/4972 6069/4970 6266/4973
f 6266/4973 6069/4970 6211/4971
f 5910/4966 6025/4972 6197/4974
f 6197/4974 6025/4972 6266/4973
f 5910/4966 6197/4974 5975/4960
f 6197/4974 6266/4973 6230/4975
f 6230/4975 6266/4973 6211/4971
f 5975/4960 6197/4974 5919/4976
f 5919/4976 6197/4974 6230/4975
f 6230/4975 6211/4971 5924/4977
f 6230/4975 5924/4977 5919/4976
f 5936/4978 6211/4971 6226/4979
f 6211/4971 5936/4978 5920/4980
f 6211/4971 5920/4980 5924/4977
f 5920/4980 5936/4978 5992/4981
f 5919/4976 5924/4977 5932/4982
f 5932/4982 5924/4977 5920/4980
f 5919/4976 5932/4982 5975/4960
f 5932/4982 5920/4980 5992/4981
f 6098/4983 6024/4984 5992/4981
s 0
f 5992/4981 6024/4984 5932/4982
f 5932/4982 6024/4984 6040/4985
s 1
f 5932/4982 6040/4985 5991/4986
f 5975/4960 5932/4982 5923/4987
f 5975/4960 5923/4987 6233/4957
f 5923/4987 5932/4982 5922/4988
f 5922/4988 5932/4982 5991/4986
f 6233/4957 5923/4987 6112/4989
f 6112/4989 5923/4987 5922/4988
f 6233/4957 6112/4989 6398/4959
f 6398/4959 6112/4989 6228/4990
f 6228/4990 6112/4989 5922/4988
f 6398/4959 6228/4990 6413/4961
f 6228/4990 5922/4988 6303/4991
f 6303/4991 5922/4988 5991/4986
f 6413/4961 6228/4990 6397/4992
f 6397/4992 6228/4990 6303/4991
f 6413/4961 6397/4992 6448/4993
f 6397/4992 6303/4991 6518/4994
f 6397/4992 6518/4994 6448/4993
f 6303/4991 5991/4986 6435/4995
f 6303/4991 6435/4995 6518/4994
f 6518/4994 6435/4995 6528/4996
f 6518/4994 6528/4996 6448/4993
f 6435/4995 5991/4986 6271/4997
f 6435/4995 6271/4997 6528/4996
f 6271/4997 5991/4986 5941/4998
f 6528/4996 6271/4997 6267/4999
f 6528/4996 6267/4999 6448/4993
f 6267/4999 6271/4997 5941/4998
f 5941/4998 5991/4986 5993/5000
f 5941/4998 5993/5000 5977/5001
f 6417/5002 6413/4961 6448/4993
f 6413/4961 6417/5002 6360/4954
f 6448/4993 6267/4999 6251/5003
f 6448/4993 6251/5003 6417/5002
f 6267/4999 5941/4998 5925/5004
f 6267/4999 5925/5004 6251/5003
f 5925/5004 5941/4998 6077/5005
f 6077/5005 5941/4998 5977/5001
f 6251/5003 5925/5004 5935/5006
f 6383/5007 6360/4954 6417/5002
f 6417/5002 6251/5003 6258/5008
f 6258/5008 6251/5003 5935/5006
f 6417/5002 6258/5008 6419/5009
f 6417/5002 6419/5009 6383/5007
f 6360/4954 6383/5007 6310/4953
f 6419/5009 6258/5008 6235/5010
f 6235/5010 6258/5008 5935/5006
f 6383/5007 6419/5009 6399/5011
f 6310/4953 6383/5007 6367/5012
f 6367/5012 6383/5007 6399/5011
f 5934/5013 5935/5006 5925/5004
f 5934/5013 5925/5004 6077/5005
f 5935/5006 5934/5013 6011/5014
f 5935/5006 6011/5014 6235/5010
f 5934/5013 6077/5005 6201/5015
f 6201/5015 6077/5005 6264/5016
f 5934/5013 6201/5015 6216/5017
f 5934/5013 6216/5017 6011/5014
f 6201/5015 6264/5016 6243/5018
f 6201/5015 6243/5018 6216/5017
f 6264/5016 6077/5005 6259/5019
f 6264/5016 6259/5019 6243/5018
f 6259/5019 6077/5005 5977/5001
f 5963/5020 6235/5010 6011/5014
f 6243/5018 6259/5019 6057/5021
f 6057/5021 6259/5019 5977/5001
f 5963/5020 6011/5014 6167/5022
f 5963/5020 6167/5022 6235/5010
f 6243/5018 6057/5021 6198/5023
f 6243/5018 6198/5023 6216/5017
f 6241/5024 6011/5014 6216/5017
f 6011/5014 6241/5024 6167/5022
f 6216/5017 6198/5023 6199/5025
f 6216/5017 6199/5025 6241/5024
f 6198/5023 6057/5021 5929/5026
f 6198/5023 5929/5026 6199/5025
f 5929/5026 6057/5021 5933/5027
f 5933/5027 6057/5021 5977/5001
f 6199/5025 5929/5026 5928/5028
f 5929/5026 5933/5027 5950/5029
f 5929/5026 5950/5029 5928/5028
f 5933/5027 5977/5001 5952/5030
s 0
f 5952/5030 5977/5001 5993/5000
s 1
f 5933/5027 5952/5030 5950/5029
f 5950/5029 5952/5030 5958/5031
f 5958/5031 5952/5030 5949/5032
f 5958/5031 5949/5032 5943/5033
f 5950/5029 5958/5031 5972/5034
f 5962/5035 5928/5028 5950/5029
f 5962/5035 5950/5029 5972/5034
f 5928/5028 5962/5035 5945/5036
f 5928/5028 5945/5036 6199/5025
f 5945/5036 5962/5035 5966/5037
f 5966/5037 5962/5035 5972/5034
f 6199/5025 5945/5036 6202/5038
f 6199/5025 6202/5038 6241/5024
f 6202/5038 5945/5036 6091/5039
f 6091/5039 5945/5036 5966/5037
f 6241/5024 6202/5038 6298/5040
f 6298/5040 6202/5038 6091/5039
f 6241/5024 6298/5040 6167/5022
f 6091/5039 5966/5037 6200/5041
f 6091/5039 6200/5041 6298/5040
f 6200/5041 5966/5037 6268/5042
f 6298/5040 6200/5041 6344/5043
f 6344/5043 6200/5041 6268/5042
f 6298/5040 6344/5043 6329/5044
f 6167/5022 6298/5040 6319/5045
f 6319/5045 6298/5040 6329/5044
f 6167/5022 6319/5045 6414/5046
f 6167/5022 6414/5046 6235/5010
f 6235/5010 6414/5046 6419/5009
f 6419/5009 6414/5046 6399/5011
f 6414/5046 6319/5045 6433/5047
f 6433/5047 6319/5045 6329/5044
f 6399/5011 6414/5046 6526/5048
f 6526/5048 6414/5046 6535/5049
f 6535/5049 6414/5046 6433/5047
f 6526/5048 6535/5049 6601/5050
f 6601/5050 6535/5049 6433/5047
f 6526/5048 6601/5050 6513/5051
f 6526/5048 6513/5051 6399/5011
f 6601/5050 6433/5047 6511/5052
f 6399/5011 6513/5051 6324/5053
f 6601/5050 6511/5052 6623/5054
f 6601/5050 6623/5054 6513/5051
f 6399/5011 6324/5053 6367/5012
f 6513/5051 6623/5054 6371/5055
f 6513/5051 6371/5055 6324/5053
f 6623/5054 6511/5052 6122/5056
f 6623/5054 6122/5056 6371/5055
f 6372/5057 6511/5052 6433/5047
f 6511/5052 6372/5057 6122/5056
f 6372/5057 6433/5047 6329/5044
f 6324/5053 6371/5055 6353/5058
f 6324/5053 6353/5058 6367/5012
f 6371/5055 6122/5056 6063/5059
f 6353/5058 6371/5055 5902/5060
f 5902/5060 6371/5055 6063/5059
f 6367/5012 6353/5058 5955/5061
f 5955/5061 6353/5058 5902/5060
f 6063/5059 6122/5056 5818/5062
f 5902/5060 6063/5059 5821/5063
f 5821/5063 6063/5059 5818/5062
f 5902/5060 5821/5063 5817/5064
f 5902/5060 5817/5064 5955/5061
f 5817/5064 5821/5063 5815/5065
f 5815/5065 5821/5063 5818/5062
f 5955/5061 5817/5064 5810/5066
f 5810/5066 5817/5064 5815/5065
f 5815/5065 5818/5062 5820/5067
f 5810/5066 5815/5065 5809/5068
f 5820/5067 5818/5062 5460/5069
f 5810/5066 5809/5068 5816/5070
f 5460/5069 5818/5062 5754/5071
f 5754/5071 5818/5062 6122/5056
f 5754/5071 6122/5056 6372/5057
f 6051/5072 5955/5061 5810/5066
f 5955/5061 6051/5072 6367/5012
f 5810/5066 5816/5070 6080/5073
f 5810/5066 6080/5073 6051/5072
f 6080/5073 5816/5070 5911/5074
f 5911/5074 5816/5070 5822/5075
f 6367/5012 6051/5072 6386/5076
f 6386/5076 6051/5072 6080/5073
f 6367/5012 6386/5076 6310/4953
f 6080/5073 5911/5074 6373/5077
f 6080/5073 6373/5077 6386/5076
f 6386/5076 6373/5077 6310/4953
f 6373/5077 5911/5074 6366/5078
f 6310/4953 6373/5077 6304/4951
f 6304/4951 6373/5077 6366/5078
f 6326/5079 5754/5071 6372/5057
f 6326/5079 6372/5057 6329/5044
f 5754/5071 6326/5079 5797/5080
f 6326/5079 6329/5044 6334/5081
f 6334/5081 6329/5044 6344/5043
f 6326/5079 6334/5081 6331/5082
f 6326/5079 6331/5082 5797/5080
f 6334/5081 6344/5043 6268/5042
f 5797/5080 6331/5082 6402/5083
f 6402/5083 6331/5082 6334/5081
s 0
f 5754/5071 5797/5080 5067/5084
s 1
f 6334/5081 6268/5042 6323/5085
s 0
f 5754/5071 5067/5084 4805/5086
f 5754/5071 4805/5086 5460/5069
f 5460/5069 4805/5086 4706/5087
f 4706/5087 4805/5086 4468/5088
f 4468/5088 4805/5086 4521/5089
f 4521/5089 4805/5086 5067/5084
f 4468/5088 4521/5089 4210/5090
f 4468/5088 4210/5090 4003/5091
f 4468/5088 4003/5091 3990/5092
f 3990/5092 4003/5091 3574/5093
f 3990/5092 3574/5093 3791/5094
f 3574/5093 4003/5091 3560/5095
f 3560/5095 4003/5091 3907/5096
f 3907/5096 4003/5091 4210/5090
f 3560/5095 3907/5096 3483/5097
f 4283/5098 4210/5090 4521/5089
f 4210/5090 4283/5098 3907/5096
f 4283/5098 4521/5089 4611/5099
f 4611/5099 4521/5089 5067/5084
f 3483/5097 3907/5096 3935/5100
f 3935/5100 3907/5096 4283/5098
f 3483/5097 3935/5100 3662/5101
f 4283/5098 4611/5099 4310/5102
f 4283/5098 4310/5102 3935/5100
f 4611/5099 5067/5084 4623/5103
f 4611/5099 4623/5103 4310/5102
f 3662/5101 3935/5100 3994/5104
f 3994/5104 3935/5100 4310/5102
f 3662/5101 3994/5104 3568/5105
f 3994/5104 4310/5102 4383/5106
f 4383/5106 4310/5102 4623/5103
f 3568/5105 3994/5104 3969/5107
f 3969/5107 3994/5104 4383/5106
s 1
f 3568/5105 3969/5107 3677/5108
s 0
f 5354/5109 4623/5103 5067/5084
f 5354/5109 5067/5084 5797/5080
f 4383/5106 4623/5103 4606/5110
f 5354/5109 5797/5080 5858/5111
f 4606/5110 4623/5103 4751/5112
f 4751/5112 4623/5103 5354/5109
f 4751/5112 5354/5109 5503/5113
f 5503/5113 5354/5109 5858/5111
s 1
f 5858/5111 5797/5080 6402/5083
f 4383/5106 4606/5110 4616/5114
f 4606/5110 4751/5112 4809/5115
f 4809/5115 4751/5112 5503/5113
f 4606/5110 4809/5115 4616/5114
s 0
f 5503/5113 5858/5111 6142/5116
f 6142/5116 5858/5111 6699/5117
s 1
f 6699/5117 5858/5111 6402/5083
s 0
f 5503/5113 6142/5116 6471/5118
s 1
f 4383/5106 4616/5114 4319/5119
f 4383/5106 4319/5119 3969/5107
f 4319/5119 4616/5114 4441/5120
f 3969/5107 4319/5119 4072/5121
s 0
f 6471/5118 6142/5116 6859/5122
f 6859/5122 6142/5116 6699/5117
f 5503/5113 6471/5118 5861/5123
s 1
f 5503/5113 5861/5123 4809/5115
f 4072/5121 4319/5119 4098/5124
f 4098/5124 4319/5119 4441/5120
f 4072/5121 4098/5124 3967/5125
f 4098/5124 4441/5120 4086/5126
f 4098/5124 4086/5126 3967/5125
f 4072/5121 3967/5125 3968/5127
f 4072/5121 3968/5127 3857/5128
f 4072/5121 3857/5128 3969/5107
f 3968/5127 3967/5125 3961/5129
f 3967/5125 4086/5126 3959/5130
f 3967/5125 3959/5130 3961/5129
f 3959/5130 4086/5126 4015/5131
f 4223/5132 4086/5126 4441/5120
f 4086/5126 4223/5132 4015/5131
f 4223/5132 4441/5120 4509/5133
f 4509/5133 4441/5120 4649/5134
f 4649/5134 4441/5120 4616/5114
f 4223/5132 4509/5133 4424/5135
f 4649/5134 4616/5114 4723/5136
f 4723/5136 4616/5114 4809/5115
f 4509/5133 4649/5134 4666/5137
f 4509/5133 4666/5137 4424/5135
f 4649/5134 4723/5136 4760/5138
f 4649/5134 4760/5138 4666/5137
f 4723/5136 4809/5115 4747/5139
f 4723/5136 4747/5139 4760/5138
f 4175/5140 4223/5132 4424/5135
f 4223/5132 4175/5140 4015/5131
f 4424/5135 4666/5137 4624/5141
f 4424/5135 4624/5141 4175/5140
f 4666/5137 4760/5138 4845/5142
f 4666/5137 4845/5142 4624/5141
f 4760/5138 4747/5139 4803/5143
f 4624/5141 4845/5142 4651/5144
f 4624/5141 4651/5144 4175/5140
f 4845/5142 4760/5138 4897/5145
f 4897/5145 4760/5138 4803/5143
f 4803/5143 4747/5139 4976/5146
f 4845/5142 4897/5145 4949/5147
f 4976/5146 4747/5139 4776/5148
f 4776/5148 4747/5139 4809/5115
f 4776/5148 4809/5115 5064/5149
f 5064/5149 4809/5115 5861/5123
f 4776/5148 5064/5149 5068/5150
f 4776/5148 5068/5150 4976/5146
f 5068/5150 5064/5149 5861/5123
f 4976/5146 5068/5150 5334/5151
f 5334/5151 5068/5150 5373/5152
f 5373/5152 5068/5150 5861/5123
f 4976/5146 5334/5151 5320/5153
f 5334/5151 5373/5152 5615/5154
f 5334/5151 5615/5154 5320/5153
f 5373/5152 5861/5123 5668/5155
f 5373/5152 5668/5155 5615/5154
f 4976/5146 5320/5153 5023/5156
f 4976/5146 5023/5156 4803/5143
f 5023/5156 5320/5153 5427/5157
f 4803/5143 5023/5156 5187/5158
f 5187/5158 5023/5156 5427/5157
f 4803/5143 5187/5158 4897/5145
f 5615/5154 5668/5155 5893/5159
f 5893/5159 5668/5155 5861/5123
f 5648/5160 5320/5153 5615/5154
f 5320/5153 5648/5160 5427/5157
f 5615/5154 5893/5159 5872/5161
f 5615/5154 5872/5161 5648/5160
f 5893/5159 5861/5123 6492/5162
f 5872/5161 5893/5159 6474/5163
f 6474/5163 5893/5159 6492/5162
f 5872/5161 6474/5163 6272/5164
f 5872/5161 6272/5164 5648/5160
f 6474/5163 6492/5162 6701/5165
f 6474/5163 6701/5165 6272/5164
f 6492/5162 5861/5123 6816/5166
f 6492/5162 6816/5166 6701/5165
f 6816/5166 5861/5123 6785/5167
s 0
f 6785/5167 5861/5123 6471/5118
s 1
f 6701/5165 6816/5166 6850/5168
s 0
f 6785/5167 6471/5118 7095/5169
f 7095/5169 6471/5118 6859/5122
s 1
f 6816/5166 6785/5167 7110/5170
f 6816/5166 7110/5170 6850/5168
f 6785/5167 7095/5169 7265/5171
f 6785/5167 7265/5171 7110/5170
f 7265/5171 7095/5169 7282/5172
f 7282/5172 7095/5169 6859/5122
f 7110/5170 7265/5171 7241/5173
f 7241/5173 7265/5171 7282/5172
f 6850/5168 7110/5170 7148/5174
f 7148/5174 7110/5170 7241/5173
f 7241/5173 7282/5172 7286/5175
f 7282/5172 6859/5122 7278/5176
f 7282/5172 7278/5176 7286/5175
f 7148/5174 7241/5173 7248/5177
f 7248/5177 7241/5173 7286/5175
f 6850/5168 7148/5174 6994/5178
f 7148/5174 7248/5177 7200/5179
f 7148/5174 7200/5179 6994/5178
f 6850/5168 6994/5178 6759/5180
f 6850/5168 6759/5180 6701/5165
f 6701/5165 6759/5180 6272/5164
f 7200/5179 7248/5177 7235/5181
f 6994/5178 7200/5179 7041/5182
f 7041/5182 7200/5179 7235/5181
f 6759/5180 6994/5178 6795/5183
f 6795/5183 6994/5178 7041/5182
f 6272/5164 6759/5180 6530/5184
f 6530/5184 6759/5180 6795/5183
f 7235/5181 7248/5177 7290/5185
f 7290/5185 7248/5177 7286/5175
f 7235/5181 7290/5185 7220/5186
f 7235/5181 7220/5186 7041/5182
f 7290/5185 7286/5175 7273/5187
f 6272/5164 6530/5184 5755/5188
f 6272/5164 5755/5188 5648/5160
f 5648/5160 5755/5188 5427/5157
f 7220/5186 7290/5185 7169/5189
f 7169/5189 7290/5185 7273/5187
f 7273/5187 7286/5175 7270/5190
f 7270/5190 7286/5175 7278/5176
f 7273/5187 7270/5190 7229/5191
f 7270/5190 7278/5176 7252/5192
f 7270/5190 7252/5192 7229/5191
f 7252/5192 7278/5176 6859/5122
f 7252/5192 6859/5122 7171/5193
f 7252/5192 7171/5193 7229/5191
f 7171/5193 6859/5122 6699/5117
f 7273/5187 7229/5191 7170/5194
f 7273/5187 7170/5194 7169/5189
f 7229/5191 7171/5193 6907/5195
f 6907/5195 7171/5193 6699/5117
f 7170/5194 7229/5191 6993/5196
f 6993/5196 7229/5191 6907/5195
f 7170/5194 6993/5196 6861/5197
f 6907/5195 6699/5117 6709/5198
f 6709/5198 6699/5117 6402/5083
f 6993/5196 6907/5195 6789/5199
f 6789/5199 6907/5195 6709/5198
f 6993/5196 6789/5199 6861/5197
f 6709/5198 6402/5083 6676/5200
f 6709/5198 6676/5200 6789/5199
f 6676/5200 6402/5083 6362/5201
f 6362/5201 6402/5083 6334/5081
f 6362/5201 6334/5081 6340/5202
f 6362/5201 6340/5202 6676/5200
f 6340/5202 6334/5081 6323/5085
f 6789/5199 6676/5200 6726/5203
f 6789/5199 6726/5203 6861/5197
f 6676/5200 6340/5202 6517/5204
f 6676/5200 6517/5204 6726/5203
f 6517/5204 6340/5202 6323/5085
f 6861/5197 6726/5203 6711/5205
f 6711/5205 6726/5203 6517/5204
f 6517/5204 6323/5085 6494/5206
f 6517/5204 6494/5206 6711/5205
f 6494/5206 6323/5085 6128/5207
f 6128/5207 6323/5085 6268/5042
f 6494/5206 6128/5207 6478/5208
f 6494/5206 6478/5208 6711/5205
f 6128/5207 6268/5042 5956/5209
f 5956/5209 6268/5042 5966/5037
f 5956/5209 5966/5037 5972/5034
f 6128/5207 5956/5209 5986/5210
f 5986/5210 5956/5209 5972/5034
f 6128/5207 5986/5210 6478/5208
f 5986/5210 5972/5034 5964/5211
f 5964/5211 5972/5034 5958/5031
f 5964/5211 5958/5031 5943/5033
f 5986/5210 5964/5211 6484/5212
f 5986/5210 6484/5212 6478/5208
f 5964/5211 5943/5033 6429/5213
f 5964/5211 6429/5213 6484/5212
f 6429/5213 5943/5033 6447/5214
f 6429/5213 6447/5214 6707/5215
f 6429/5213 6707/5215 6750/5216
f 6429/5213 6750/5216 6484/5212
f 6750/5216 6707/5215 6831/5217
f 6722/5218 6478/5208 6484/5212
f 6722/5218 6484/5212 6750/5216
f 6478/5208 6722/5218 6711/5205
f 6722/5218 6750/5216 6817/5219
f 6722/5218 6817/5219 6711/5205
f 6817/5219 6750/5216 6904/5220
f 6904/5220 6750/5216 6947/5221
f 6904/5220 6947/5221 7075/5222
f 6817/5219 6904/5220 7014/5223
f 7014/5223 6904/5220 7075/5222
f 6711/5205 6817/5219 6804/5224
f 6711/5205 6804/5224 6861/5197
f 6817/5219 7014/5223 6934/5225
f 6817/5219 6934/5225 6804/5224
f 6861/5197 6804/5224 6969/5226
f 6969/5226 6804/5224 6934/5225
f 6861/5197 6969/5226 7170/5194
f 7170/5194 6969/5226 7169/5189
f 6969/5226 6934/5225 7071/5227
f 6969/5226 7071/5227 7169/5189
f 7071/5227 6934/5225 7014/5223
f 7169/5189 7071/5227 7220/5186
f 7071/5227 7014/5223 7121/5228
f 7121/5228 7014/5223 7075/5222
f 7220/5186 7071/5227 7165/5229
f 7165/5229 7071/5227 7121/5228
f 7220/5186 7165/5229 7041/5182
f 7121/5228 7075/5222 7141/5230
f 7141/5230 7075/5222 7107/5231
f 7121/5228 7141/5230 7118/5232
f 7121/5228 7118/5232 7165/5229
f 7118/5232 7141/5230 7097/5233
f 7041/5182 7165/5229 7064/5234
f 7064/5234 7165/5229 7118/5232
f 7118/5232 7097/5233 7024/5235
f 7118/5232 7024/5235 7064/5234
f 7024/5235 7097/5233 6973/5236
f 7024/5235 6973/5236 6836/5237
f 7064/5234 7024/5235 6936/5238
f 7064/5234 6936/5238 7041/5182
f 6936/5238 7024/5235 6836/5237
f 7041/5182 6936/5238 6788/5239
f 6788/5239 6936/5238 6836/5237
f 7041/5182 6788/5239 6795/5183
f 6788/5239 6836/5237 6690/5240
f 6690/5240 6836/5237 6715/5241
f 6690/5240 6715/5241 6640/5242
f 6690/5240 6640/5242 6196/5243
f 6788/5239 6690/5240 6653/5244
f 6653/5244 6690/5240 6196/5243
f 6795/5183 6788/5239 6678/5245
f 6678/5245 6788/5239 6653/5244
f 6795/5183 6678/5245 6530/5184
f 6678/5245 6653/5244 5887/5246
f 6678/5245 5887/5246 6530/5184
f 5887/5246 6653/5244 6196/5243
f 6530/5184 5887/5246 5755/5188
f 5887/5246 6196/5243 5844/5247
f 5755/5188 5887/5246 5658/5248
f 5755/5188 5658/5248 5427/5157
f 5887/5246 5844/5247 5607/5249
f 5887/5246 5607/5249 5658/5248
f 5844/5247 6196/5243 5685/5250
f 5844/5247 5685/5250 5607/5249
f 5685/5250 6196/5243 5865/5251
f 5427/5157 5658/5248 5389/5252
f 5389/5252 5658/5248 5607/5249
f 5427/5157 5389/5252 5187/5158
f 5607/5249 5685/5250 5409/5253
f 5607/5249 5409/5253 5389/5252
f 5409/5253 5685/5250 5494/5254
f 5409/5253 5494/5254 5256/5255
f 5389/5252 5409/5253 5250/5256
f 5250/5256 5409/5253 5256/5255
f 5187/5158 5389/5252 5111/5257
f 5111/5257 5389/5252 5250/5256
f 5187/5158 5111/5257 4897/5145
f 5250/5256 5256/5255 5088/5258
f 5250/5256 5088/5258 5111/5257
f 5088/5258 5256/5255 5053/5259
f 4897/5145 5111/5257 4949/5147
f 4949/5147 5111/5257 5088/5258
f 5088/5258 5053/5259 4945/5260
f 4949/5147 5088/5258 4929/5261
f 4929/5261 5088/5258 4945/5260
f 4949/5147 4929/5261 4898/5262
f 4949/5147 4898/5262 4845/5142
f 4929/5261 4945/5260 4888/5263
f 4929/5261 4888/5263 4898/5262
f 4888/5263 4945/5260 4893/5264
f 4845/5142 4898/5262 4651/5144
f 4651/5144 4898/5262 4888/5263
f 4888/5263 4893/5264 4656/5265
f 4888/5263 4656/5265 4651/5144
f 4656/5265 4893/5264 4615/5266
f 4656/5265 4615/5266 4234/5267
f 4234/5267 4615/5266 4480/5268
f 4651/5144 4656/5265 4467/5269
f 4467/5269 4656/5265 4234/5267
f 4651/5144 4467/5269 4351/5270
f 4651/5144 4351/5270 4175/5140
f 4351/5270 4467/5269 4167/5271
f 4167/5271 4467/5269 4234/5267
f 4175/5140 4351/5270 4116/5272
f 4116/5272 4351/5270 4167/5271
f 4175/5140 4116/5272 4070/5273
f 4061/5274 4234/5267 4480/5268
f 4175/5140 4070/5273 4015/5131
f 4167/5271 4234/5267 4114/5275
f 4116/5272 4167/5271 4063/5276
f 4063/5276 4167/5271 4114/5275
f 4116/5272 4063/5276 4070/5273
f 4114/5275 4234/5267 4065/5277
f 4114/5275 4065/5277 4063/5276
f 4065/5277 4234/5267 4061/5274
f 4063/5276 4065/5277 4062/5278
f 4062/5278 4065/5277 4061/5274
f 4062/5278 4061/5274 4018/5279
f 4018/5279 4061/5274 3989/5280
f 3989/5280 4061/5274 4060/5281
f 4062/5278 4018/5279 4013/5282
f 4013/5282 4018/5279 3989/5280
f 4063/5276 4062/5278 4047/5283
f 4047/5283 4062/5278 4013/5282
f 4063/5276 4047/5283 4050/5284
f 4063/5276 4050/5284 4070/5273
f 4047/5283 4013/5282 3998/5285
f 4047/5283 3998/5285 4050/5284
f 4013/5282 3989/5280 3997/5286
f 4013/5282 3997/5286 3998/5285
f 3942/5287 3989/5280 4060/5281
f 3989/5280 3942/5287 3997/5286
f 3998/5285 3997/5286 3974/5288
f 3974/5288 3997/5286 3942/5287
f 4000/5289 4070/5273 4050/5284
f 4070/5273 4000/5289 4015/5131
f 3999/5290 4050/5284 3998/5285
f 4050/5284 3999/5290 4000/5289
f 3999/5290 3998/5285 3996/5291
f 3996/5291 3998/5285 3974/5288
f 3999/5290 3996/5291 3979/5292
f 3999/5290 3979/5292 4000/5289
f 3979/5292 3996/5291 3974/5288
f 3966/5293 4015/5131 4000/5289
f 3966/5293 4000/5289 3979/5292
f 4015/5131 3966/5293 3959/5130
f 3979/5292 3974/5288 3951/5294
f 3979/5292 3951/5294 3966/5293
f 3959/5130 3966/5293 3958/5295
f 3958/5295 3966/5293 3951/5294
f 3959/5130 3958/5295 3961/5129
f 3951/5294 3974/5288 3947/5296
f 3947/5296 3974/5288 3942/5287
f 3951/5294 3947/5296 3952/5297
f 3958/5295 3951/5294 3920/5298
f 3920/5298 3951/5294 3952/5297
f 3947/5296 3942/5287 3953/5299
f 3947/5296 3953/5299 3952/5297
f 3953/5299 3942/5287 3929/5300
f 3955/5301 3961/5129 3958/5295
f 3958/5295 3920/5298 3886/5302
f 3958/5295 3886/5302 3955/5301
f 3955/5301 3886/5302 3880/5303
f 3961/5129 3955/5301 3875/5304
f 3875/5304 3955/5301 3880/5303
f 3961/5129 3875/5304 3925/5305
f 3961/5129 3925/5305 3968/5127
f 3968/5127 3925/5305 3857/5128
f 3925/5305 3875/5304 3848/5306
f 3925/5305 3848/5306 3857/5128
f 3875/5304 3880/5303 3846/5307
f 3875/5304 3846/5307 3848/5306
f 3846/5307 3880/5303 3886/5302
f 3848/5306 3846/5307 3857/5128
f 3846/5307 3886/5302 3850/5308
f 3850/5308 3886/5302 3920/5298
f 3850/5308 3920/5298 3882/5309
f 3882/5309 3920/5298 3952/5297
f 3846/5307 3850/5308 3789/5310
f 3857/5128 3846/5307 3790/5311
f 3790/5311 3846/5307 3789/5310
f 3857/5128 3790/5311 3780/5312
f 3857/5128 3780/5312 3770/5313
f 3857/5128 3770/5313 3969/5107
f 3969/5107 3770/5313 3677/5108
f 3770/5313 3780/5312 3777/5314
f 3777/5314 3780/5312 3790/5311
f 3677/5108 3770/5313 3773/5315
f 3773/5315 3770/5313 3777/5314
f 3677/5108 3773/5315 3664/5316
f 3664/5316 3773/5315 3760/5317
f 3760/5317 3773/5315 3777/5314
f 3664/5316 3760/5317 3496/5318
f 3777/5314 3790/5311 3767/5319
f 3777/5314 3767/5319 3760/5317
f 3767/5319 3790/5311 3789/5310
f 3496/5318 3760/5317 3702/5320
f 3496/5318 3702/5320 3571/5321
f 3760/5317 3767/5319 3735/5322
f 3760/5317 3735/5322 3702/5320
f 3735/5322 3767/5319 3789/5310
f 3571/5321 3702/5320 3676/5323
f 3676/5323 3702/5320 3735/5322
f 3571/5321 3676/5323 3576/5324
f 3676/5323 3735/5322 3728/5325
f 3728/5325 3735/5322 3789/5310
f 3676/5323 3728/5325 3576/5324
f 3728/5325 3789/5310 3818/5326
f 3728/5325 3818/5326 3576/5324
f 3818/5326 3789/5310 3850/5308
f 3576/5324 3818/5326 3543/5327
f 3818/5326 3850/5308 3882/5309
f 3543/5327 3818/5326 3772/5328
f 3543/5327 3772/5328 3489/5329
f 3818/5326 3882/5309 3858/5330
f 3818/5326 3858/5330 3772/5328
f 3858/5330 3882/5309 3859/5331
f 3489/5329 3772/5328 3765/5332
f 3765/5332 3772/5328 3858/5330
f 3489/5329 3765/5332 3671/5333
f 3765/5332 3858/5330 3862/5334
f 3489/5329 3671/5333 22/5335
f 3765/5332 3862/5334 3671/5333
f 3862/5334 3858/5330 3859/5331
f 22/5335 3671/5333 3532/5336
f 3911/5337 3859/5331 3882/5309
f 3911/5337 3882/5309 3952/5297
f 3911/5337 3952/5297 3960/5338
f 3960/5338 3952/5297 3953/5299
f 3960/5338 3953/5299 3972/5339
f 3972/5339 3953/5299 3929/5300
f 3911/5337 3960/5338 3895/5340
f 3911/5337 3895/5340 3859/5331
f 3960/5338 3972/5339 3893/5341
f 3960/5338 3893/5341 3895/5340
f 3893/5341 3972/5339 3929/5300
f 3859/5331 3895/5340 3855/5342
f 3855/5342 3895/5340 3893/5341
f 3859/5331 3855/5342 3860/5343
f 3859/5331 3860/5343 3862/5334
f 3855/5342 3893/5341 3873/5344
f 3873/5344 3893/5341 3929/5300
f 3860/5343 3855/5342 3870/5345
f 3870/5345 3855/5342 3873/5344
f 3873/5344 3929/5300 3903/5346
f 3873/5344 3903/5346 3870/5345
f 3903/5346 3929/5300 3942/5287
f 3903/5346 3942/5287 4060/5281
f 3870/5345 3903/5346 3744/5347
f 3860/5343 3870/5345 3865/5348
f 3860/5343 3865/5348 3868/5349
f 3860/5343 3868/5349 3862/5334
f 3865/5348 3870/5345 3736/5350
f 3736/5350 3870/5345 3744/5347
f 3865/5348 3736/5350 3868/5349
f 3862/5334 3868/5349 3732/5351
f 3732/5351 3868/5349 3736/5350
f 3862/5334 3732/5351 3671/5333
f 3671/5333 3732/5351 3590/5352
f 3590/5352 3732/5351 3736/5350
f 3671/5333 3590/5352 3532/5336
f 3590/5352 3736/5350 3588/5353
f 3590/5352 3588/5353 3532/5336
f 3588/5353 3736/5350 3577/5354
f 3577/5354 3736/5350 3744/5347
f 3532/5336 3588/5353 3570/5355
f 3532/5336 3570/5355 3545/5356
f 3588/5353 3577/5354 3569/5357
f 3588/5353 3569/5357 3570/5355
f 3577/5354 3744/5347 3509/5358
f 3577/5354 3509/5358 3569/5357
f 3509/5358 3744/5347 3553/5359
f 3509/5358 3553/5359 30/5360
f 3569/5357 3509/5358 3461/5361
f 3569/5357 3461/5361 3535/5362
f 3569/5357 3535/5362 3570/5355
f 3554/5363 3545/5356 3570/5355
f 3554/5363 3570/5355 3535/5362
f 3545/5356 3554/5363 3465/5364
f 3465/5364 3554/5363 3544/5365
f 3544/5365 3554/5363 3535/5362
f 3544/5365 3535/5362 3472/5366
f 42/5367 43/5368 3446/5369
f 6155/5370 5833/5371 5766/5372
f 6155/5370 5766/5372 6078/5373
f 6155/5370 6078/5373 6145/5374
f 6145/5374 6078/5373 6049/5375
f 5885/5376 6106/5377 6061/5378
f 6106/5377 5885/5376 6060/5379
f 6060/5379 5885/5376 6113/5380
f 4626/5381 4564/5382 5316/5383
f 4564/5382 4626/5381 4309/5384
f 4564/5382 4309/5384 4304/5385
f 6113/5386 6184/5387 6106/5388
f 993/5389 990/5390 947/5391
f 990/5390 993/5389 987/5392
f 987/5392 993/5389 896/5393
f 896/5393 993/5389 889/5394
f 889/5394 993/5389 919/5395
f 896/5393 889/5394 806/5396
f 896/5393 806/5396 803/5397
f 889/5394 919/5395 807/5398
f 889/5394 807/5398 806/5396
f 803/5397 806/5396 882/5399
f 882/5399 806/5396 807/5398
f 803/5397 882/5399 941/5400
f 807/5398 919/5395 1167/5401
f 1167/5401 919/5395 1226/5402
f 1167/5401 1226/5402 1211/5403
f 807/5398 1167/5401 946/5404
f 946/5404 1167/5401 1211/5403
f 807/5398 946/5404 882/5399
f 941/5400 882/5399 1006/5405
f 1006/5405 882/5399 946/5404
f 941/5400 1006/5405 1057/5406
f 946/5404 1211/5403 1061/5407
f 1061/5407 1211/5403 955/5408
f 1006/5405 946/5404 1073/5409
f 1073/5409 946/5404 1061/5407
f 1057/5406 1006/5405 1076/5410
f 1076/5410 1006/5405 1073/5409
f 1057/5406 1076/5410 1046/5411
f 1073/5409 1061/5407 1016/5412
f 1073/5409 1016/5412 1076/5410
f 1016/5412 1061/5407 955/5408
f 1046/5411 1076/5410 967/5413
f 967/5413 1076/5410 1016/5412
f 1046/5411 967/5413 978/5414
f 978/5414 967/5413 869/5415
f 1016/5412 955/5408 871/5416
f 1016/5412 871/5416 967/5413
f 871/5416 955/5408 827/5417
f 869/5415 967/5413 835/5418
f 835/5418 967/5413 871/5416
f 869/5415 835/5418 738/5419
f 871/5416 827/5417 717/5420
f 871/5416 717/5420 835/5418
f 717/5420 827/5417 689/5421
f 738/5419 835/5418 619/5422
f 619/5422 835/5418 717/5420
f 738/5419 619/5422 680/5423
f 717/5420 689/5421 534/5424
f 717/5420 534/5424 619/5422
f 534/5424 689/5421 499/5425
f 619/5422 534/5424 479/5426
f 619/5422 479/5426 509/5427
f 509/5427 479/5426 368/5428
f 479/5426 534/5424 378/5429
f 378/5429 534/5424 499/5425
f 479/5426 378/5429 368/5428
f 378/5429 499/5425 374/5430
f 368/5428 378/5429 321/5431
f 321/5431 378/5429 319/5432
f 368/5428 321/5431 316/5433
f 321/5431 319/5432 249/5434
f 316/5433 321/5431 223/5435
f 223/5435 321/5431 249/5434
f 316/5433 223/5435 250/5436
f 223/5435 249/5434 87/5437
f 223/5435 87/5437 12/5438
f 87/5437 249/5434 214/5439
f 1001/5440 993/5441 947/5442
f 993/5441 1001/5440 919/5443
f 919/5443 1001/5440 1226/5444
f 4568/5445 4557/5446 4584/5447
f 4557/5446 4568/5445 4591/5448
f 4576/5449 4568/5445 4575/5450
f 4568/5445 4576/5449 4590/5451
f 4590/5451 4576/5449 4597/5452
f 4568/5445 4590/5451 4565/5453
f 4565/5453 4590/5451 4674/5454
f 4591/5448 4568/5445 4573/5455
f 4573/5455 4568/5445 4565/5453
f 4591/5448 4573/5455 4680/5456
f 4680/5456 4573/5455 4565/5453
f 4565/5453 4674/5454 4657/5457
f 4657/5457 4674/5454 4910/5458
f 4565/5453 4657/5457 4664/5459
f 4565/5453 4664/5459 4680/5456
f 4657/5457 4910/5458 4820/5460
f 4820/5460 4910/5458 4883/5461
f 4820/5460 4883/5461 4854/5462
f 4820/5460 4854/5462 4868/5463
f 4657/5457 4820/5460 4895/5464
f 4657/5457 4895/5464 4664/5459
f 4895/5464 4820/5460 4868/5463
f 4664/5459 4895/5464 4680/5456
f 4895/5464 4868/5463 5029/5465
f 5029/5465 4868/5463 4924/5466
f 5029/5465 4924/5466 4895/5464
f 4895/5464 4924/5466 4869/5467
f 4895/5464 4869/5467 4680/5456
f 4680/5456 4869/5467 4831/5468
f 4831/5468 4869/5467 4799/5469
f 4680/5456 4831/5468 4665/5470
f 4680/5456 4665/5470 4591/5448
f 4831/5468 4799/5469 4885/5471
f 4885/5471 4799/5469 4842/5472
f 4591/5448 4665/5470 4670/5473
f 4670/5473 4665/5470 4831/5468
f 4591/5448 4670/5473 4539/5474
f 4885/5471 4842/5472 5154/5475
f 4885/5471 5154/5475 5190/5476
f 5190/5476 5154/5475 5345/5477
f 4885/5471 5190/5476 5028/5478
f 4863/5479 4831/5468 4885/5471
f 4831/5468 4863/5479 4670/5473
f 4863/5479 4885/5471 5028/5478
f 4670/5473 4863/5479 4720/5480
f 4863/5479 5028/5478 4739/5481
f 4863/5479 4739/5481 4720/5480
f 4739/5481 5028/5478 4961/5482
f 4670/5473 4720/5480 4614/5483
f 4670/5473 4614/5483 4539/5474
f 4961/5482 5028/5478 4950/5484
f 4950/5484 5028/5478 5060/5485
f 4950/5484 5060/5485 4784/5486
f 4961/5482 4950/5484 4693/5487
f 4961/5482 4693/5487 4739/5481
f 4950/5484 4784/5486 4733/5488
f 4950/5484 4733/5488 4693/5487
f 4733/5488 4784/5486 4645/5489
f 4739/5481 4693/5487 4653/5490
f 4653/5490 4693/5487 4733/5488
f 4653/5490 4733/5488 4645/5489
f 4739/5481 4653/5490 4720/5480
f 4720/5480 4653/5490 4646/5491
f 4646/5491 4653/5490 4645/5489
f 4720/5480 4646/5491 4614/5483
f 4646/5491 4645/5489 4641/5492
f 4641/5492 4645/5489 4613/5493
f 4641/5492 4613/5493 4628/5494
f 4646/5491 4641/5492 4629/5495
f 4629/5495 4641/5492 4628/5494
f 4646/5491 4629/5495 4614/5483
f 4629/5495 4628/5494 4542/5496
f 4629/5495 4542/5496 4614/5483
f 4614/5483 4542/5496 4539/5474
f 4542/5496 4628/5494 4551/5497
f 4539/5474 4542/5496 4546/5498
f 4542/5496 4551/5497 4536/5499
f 4536/5499 4551/5497 4546/5498
f 4536/5499 4546/5498 4542/5496
f 2158/5500 2222/5501 2229/5502
f 2222/5501 2158/5500 2511/5503
f 2222/5501 2511/5503 2434/5504
f 2434/5504 2511/5503 2769/5505
f 2511/5503 2158/5500 2291/5506
f 2291/5506 2158/5500 2147/5507
f 2769/5505 2511/5503 2633/5508
f 2633/5508 2511/5503 2291/5506
f 2291/5506 2147/5507 2189/5509
f 2189/5509 2147/5507 2106/5510
f 2633/5508 2291/5506 2472/5511
f 2472/5511 2291/5506 2189/5509
f 2189/5509 2106/5510 2139/5512
f 2633/5508 2472/5511 2765/5513
f 2633/5508 2765/5513 2769/5505
f 2472/5511 2189/5509 2154/5514
f 2154/5514 2189/5509 2139/5512
f 2765/5513 2472/5511 2385/5515
f 2385/5515 2472/5511 2154/5514
f 2769/5505 2765/5513 2752/5516
f 2769/5505 2752/5516 2723/5517
f 2765/5513 2385/5515 2771/5518
f 2765/5513 2771/5518 2752/5516
f 2723/5517 2752/5516 2726/5519
f 2771/5518 2385/5515 2564/5520
f 2385/5515 2154/5514 2201/5521
f 2385/5515 2201/5521 2564/5520
f 2201/5521 2154/5514 2146/5522
f 2146/5522 2154/5514 2139/5512
f 2201/5521 2146/5522 2437/5523
f 2201/5521 2437/5523 2564/5520
f 2437/5523 2146/5522 2139/5512
f 2771/5518 2564/5520 2773/5524
f 2773/5524 2564/5520 2437/5523
f 2771/5518 2773/5524 2752/5516
f 2437/5523 2139/5512 2410/5525
f 2437/5523 2410/5525 2773/5524
f 2410/5525 2139/5512 2172/5526
f 2172/5526 2139/5512 2074/5527
f 2773/5524 2410/5525 2699/5528
f 2773/5524 2699/5528 2752/5516
f 2172/5526 2074/5527 2121/5529
f 2699/5528 2410/5525 2493/5530
f 2493/5530 2410/5525 2172/5526
f 2699/5528 2493/5530 2604/5531
f 2699/5528 2604/5531 2778/5532
f 2699/5528 2778/5532 2752/5516
f 2604/5531 2493/5530 2149/5533
f 2149/5533 2493/5530 2172/5526
f 2752/5516 2778/5532 2743/5534
f 2752/5516 2743/5534 2750/5535
f 2752/5516 2750/5535 2739/5536
f 2739/5536 2750/5535 2738/5537
f 2752/5516 2739/5536 2726/5519
f 2739/5536 2738/5537 2582/5538
f 2739/5536 2582/5538 2726/5519
f 2582/5538 2738/5537 2640/5539
f 2726/5519 2582/5538 2414/5540
f 2582/5538 2640/5539 2312/5541
f 2414/5540 2582/5538 2329/5542
f 2329/5542 2582/5538 2312/5541
f 2123/5543 2149/5533 2172/5526
f 2149/5533 2123/5543 2270/5544
f 2270/5544 2123/5543 2240/5545
f 2240/5545 2123/5543 2499/5546
f 2123/5543 2172/5526 2143/5547
f 2123/5543 2143/5547 2499/5546
f 2499/5546 2143/5547 2353/5548
f 2143/5547 2172/5526 2121/5529
f 2143/5547 2121/5529 2087/5549
f 4581/5550 4576/5551 4577/5552
f 4594/5553 4673/5554 4605/5555
f 4673/5554 4594/5553 4603/5556
f 4603/5556 4594/5553 4540/5557
f 4603/5556 4540/5557 4562/5558
f 4603/5556 4562/5558 4545/5559
f 4545/5559 4562/5558 4540/5557
f 4603/5556 4545/5559 4673/5554
f 4545/5559 4540/5557 4535/5560
f 4545/5559 4535/5560 4537/5561
f 4537/5561 4535/5560 4533/5562
f 4533/5562 4535/5560 4557/5563
f 4533/5562 4557/5563 4539/5564
f 4539/5564 4557/5563 4591/5565
f 4533/5562 4539/5564 4546/5566
f 4533/5562 4546/5566 4537/5561
f 4537/5561 4546/5566 4555/5567
f 4555/5567 4546/5566 4551/5568
f 4555/5567 4551/5568 4628/5569
f 4555/5567 4628/5569 4613/5570
f 4537/5561 4555/5567 4547/5571
f 4537/5561 4547/5571 4545/5559
f 4555/5567 4613/5570 4570/5572
f 4555/5567 4570/5572 4547/5571
f 4570/5572 4613/5570 4609/5573
f 4609/5573 4613/5570 4645/5574
f 4547/5571 4570/5572 4608/5575
f 4547/5571 4608/5575 4545/5559
f 4608/5575 4570/5572 4609/5573
f 4545/5559 4608/5575 4673/5554
f 4673/5554 4608/5575 4609/5573
f 4673/5554 4609/5573 4645/5574
f 4673/5554 4645/5574 4784/5576
f 4673/5554 4784/5576 5060/5577
f 4673/5554 5060/5577 5117/5578
f 5117/5578 5060/5577 5122/5579
f 4673/5554 5117/5578 5201/5580
f 5201/5580 5117/5578 5118/5581
f 5117/5578 5122/5579 5132/5582
f 5117/5578 5132/5582 5118/5581
f 5132/5582 5122/5579 5195/5583
f 5195/5583 5122/5579 5245/5584
f 5195/5583 5245/5584 5237/5585
f 5132/5582 5195/5583 5216/5586
f 5216/5586 5195/5583 5237/5585
f 5118/5581 5132/5582 5197/5587
f 5197/5587 5132/5582 5216/5586
f 5118/5581 5197/5587 5201/5580
f 5197/5587 5216/5586 5244/5588
f 5244/5588 5216/5586 5237/5585
f 5197/5587 5244/5588 5201/5580
f 5244/5588 5237/5585 5251/5589
f 5251/5589 5237/5585 5211/5590
f 5251/5589 5211/5590 5163/5591
f 5251/5589 5163/5591 5240/5592
f 5251/5589 5240/5592 5252/5593
f 5251/5589 5252/5593 5244/5588
f 5244/5588 5252/5593 5201/5580
f 5201/5580 5252/5593 5180/5594
f 5201/5580 5180/5594 5129/5595
f 5129/5595 5180/5594 5252/5593
f 5129/5595 5252/5593 5249/5596
f 5201/5580 5129/5595 4673/5554
f 4673/5554 5129/5595 4705/5597
f 2348/5598 2374/5599 2054/5600
f 2374/5599 2348/5598 2389/5601
f 2348/5598 2054/5600 2048/5602
f 2048/5602 2054/5600 2045/5603
f 2048/5602 2045/5603 2274/5604
f 2048/5602 2274/5604 2348/5598
f 2274/5604 2045/5603 2104/5605
f 2104/5605 2045/5603 2130/5606
f 2274/5604 2104/5605 2398/5607
f 2274/5604 2398/5607 2348/5598
f 2398/5607 2104/5605 2342/5608
f 2348/5598 2398/5607 2333/5609
f 2348/5598 2333/5609 2086/5610
f 2348/5598 2086/5610 2198/5611
f 2198/5611 2086/5610 2106/5612
f 2198/5611 2106/5612 2147/5613
f 2106/5612 2086/5610 2074/5614
f 2106/5612 2074/5614 2139/5615
f 2086/5610 2333/5609 2062/5616
f 2086/5610 2062/5616 2074/5614
f 2273/5617 2333/5609 2398/5607
f 2333/5609 2273/5617 2062/5616
f 2273/5617 2398/5607 2394/5618
f 2394/5618 2398/5607 2342/5608
f 2062/5616 2273/5617 2061/5619
f 2062/5616 2061/5619 2074/5614
f 2273/5617 2394/5618 2180/5620
f 2273/5617 2180/5620 2061/5619
f 2394/5618 2342/5608 2470/5621
f 2470/5621 2342/5608 2419/5622
f 2180/5620 2394/5618 2316/5623
f 2316/5623 2394/5618 2470/5621
f 2061/5619 2180/5620 2060/5624
f 2061/5619 2060/5624 2074/5614
f 2060/5624 2180/5620 2057/5625
f 2057/5625 2180/5620 2316/5623
f 2074/5614 2060/5624 2063/5626
f 2063/5626 2060/5624 2057/5625
f 2316/5623 2470/5621 2550/5627
f 2550/5627 2470/5621 2563/5628
f 2057/5625 2316/5623 2070/5629
f 2057/5625 2070/5629 2063/5626
f 2070/5629 2316/5623 2392/5630
f 2392/5630 2316/5623 2550/5627
f 2063/5626 2070/5629 2359/5631
f 2359/5631 2070/5629 2392/5630
f 2232/5632 2074/5614 2063/5626
f 2074/5614 2232/5632 2121/5633
f 2063/5626 2359/5631 2525/5634
f 2063/5626 2525/5634 2232/5632
f 2359/5631 2392/5630 2576/5635
f 2576/5635 2392/5630 2550/5627
f 2359/5631 2576/5635 2577/5636
f 2359/5631 2577/5636 2525/5634
f 2577/5636 2576/5635 2578/5637
f 2577/5636 2578/5637 2525/5634
f 2576/5635 2550/5627 2530/5638
f 2576/5635 2530/5638 2578/5637
f 2454/5639 2550/5627 2563/5628
f 2550/5627 2454/5639 2530/5638
f 2454/5639 2563/5628 2431/5640
f 2454/5639 2431/5640 2425/5641
f 2454/5639 2425/5641 2530/5638
f 2530/5638 2425/5641 2531/5642
f 2578/5637 2530/5638 2583/5643
f 2583/5643 2530/5638 2531/5642
f 2531/5642 2425/5641 2540/5644
f 2531/5642 2540/5644 2583/5643
f 2540/5644 2425/5641 2449/5645
f 2449/5645 2425/5641 2466/5646
f 2449/5645 2466/5646 2494/5647
f 2494/5647 2466/5646 2169/5648
f 2449/5645 2494/5647 2484/5649
f 2449/5645 2484/5649 2540/5644
f 2494/5647 2169/5648 2162/5650
f 2494/5647 2162/5650 2484/5649
f 2162/5650 2169/5648 1956/5651
f 1956/5651 2169/5648 1987/5652
f 2162/5650 1956/5651 1953/5653
f 1953/5653 1956/5651 1959/5654
f 2162/5650 1953/5653 2099/5655
f 2162/5650 2099/5655 2484/5649
f 1953/5653 1959/5654 1960/5656
f 1953/5653 1960/5656 2099/5655
f 1960/5656 1959/5654 1962/5657
f 1960/5656 1962/5657 1965/5658
f 1960/5656 1965/5658 1947/5659
f 1960/5656 1947/5659 2111/5660
f 1960/5656 2111/5660 2099/5655
f 2099/5655 2111/5660 2519/5661
f 2099/5655 2519/5661 2484/5649
f 2519/5661 2111/5660 2520/5662
f 2519/5661 2520/5662 2558/5663
f 2519/5661 2558/5663 2484/5649
f 2558/5663 2520/5662 2513/5664
f 2558/5663 2513/5664 2674/5665
f 2484/5649 2558/5663 2541/5666
f 2484/5649 2541/5666 2540/5644
f 2541/5666 2558/5663 2579/5667
f 2540/5644 2541/5666 2581/5668
f 2541/5666 2579/5667 2624/5669
f 2541/5666 2624/5669 2581/5668
f 2579/5667 2558/5663 2679/5670
f 2579/5667 2679/5670 2624/5669
f 2777/5671 2558/5663 2674/5665
f 2558/5663 2777/5671 2679/5670
f 2777/5671 2674/5665 2767/5672
f 2679/5670 2777/5671 2766/5673
f 2679/5670 2766/5673 2624/5669
f 2766/5673 2777/5671 2767/5672
f 2767/5672 2674/5665 2707/5674
f 2624/5669 2766/5673 2686/5675
f 2686/5675 2766/5673 2767/5672
f 2767/5672 2707/5674 2754/5676
f 2767/5672 2754/5676 2686/5675
f 2754/5676 2707/5674 2600/5677
f 2754/5676 2600/5677 2591/5678
f 2754/5676 2591/5678 2686/5675
f 2686/5675 2591/5678 2498/5679
f 2624/5669 2686/5675 2588/5680
f 2588/5680 2686/5675 2498/5679
f 2624/5669 2588/5680 2581/5668
f 2588/5680 2498/5679 2361/5681
f 2588/5680 2361/5681 2581/5668
f 2581/5668 2361/5681 2585/5682
f 2581/5668 2585/5682 2540/5644
f 2540/5644 2585/5682 2583/5643
f 2585/5682 2361/5681 2362/5683
f 2585/5682 2362/5683 2583/5643
f 2361/5681 2498/5679 2205/5684
f 2362/5683 2361/5681 2090/5685
f 2090/5685 2361/5681 2205/5684
f 2362/5683 2090/5685 2113/5686
f 2205/5684 2498/5679 2388/5687
f 2388/5687 2498/5679 2485/5688
f 2090/5685 2205/5684 2194/5689
f 2090/5685 2194/5689 2113/5686
f 2194/5689 2205/5684 2375/5690
f 2375/5690 2205/5684 2388/5687
f 2194/5689 2375/5690 2370/5691
f 2194/5689 2370/5691 2365/5692
f 2194/5689 2365/5692 2113/5686
f 2370/5691 2375/5690 2335/5693
f 2335/5693 2375/5690 2388/5687
f 2370/5691 2335/5693 2365/5692
f 2237/5694 2388/5687 2485/5688
f 2237/5694 2485/5688 2408/5695
f 2388/5687 2237/5694 2101/5696
f 2335/5693 2388/5687 2170/5697
f 2170/5697 2388/5687 2101/5696
f 2101/5696 2237/5694 2079/5698
f 2101/5696 2079/5698 2170/5697
f 2237/5694 2408/5695 2102/5699
f 2237/5694 2102/5699 2079/5698
f 2102/5699 2408/5695 2094/5700
f 2094/5700 2408/5695 2415/5701
f 2079/5698 2102/5699 2069/5702
f 2079/5698 2069/5702 2170/5697
f 2102/5699 2094/5700 2080/5703
f 2102/5699 2080/5703 2069/5702
f 2080/5703 2094/5700 2228/5704
f 2080/5703 2228/5704 2084/5705
f 2080/5703 2084/5705 2077/5706
f 2080/5703 2077/5706 2069/5702
f 2077/5706 2084/5705 2093/5707
f 2077/5706 2093/5707 2081/5708
f 2077/5706 2081/5708 2072/5709
f 2077/5706 2072/5709 2069/5702
f 2072/5709 2081/5708 2087/5710
f 2069/5702 2072/5709 2064/5711
f 2069/5702 2064/5711 2170/5697
f 2064/5711 2072/5709 2087/5710
f 2170/5697 2064/5711 2335/5693
f 2335/5693 2064/5711 2315/5712
f 2335/5693 2315/5712 2365/5692
f 2064/5711 2087/5710 2092/5713
f 2064/5711 2092/5713 2315/5712
f 2092/5713 2087/5710 2103/5714
f 2365/5692 2315/5712 2371/5715
f 2371/5715 2315/5712 2092/5713
f 2371/5715 2092/5713 2369/5716
f 2369/5716 2092/5713 2103/5714
f 2365/5692 2371/5715 2325/5717
f 2325/5717 2371/5715 2369/5716
f 2325/5717 2369/5716 2103/5714
f 2365/5692 2325/5717 2113/5686
f 2113/5686 2325/5717 2103/5714
f 2217/5718 2103/5714 2087/5710
f 2217/5718 2087/5710 2121/5633
f 2113/5686 2103/5714 2418/5719
f 2418/5719 2103/5714 2217/5718
f 2113/5686 2418/5719 2362/5683
f 2362/5683 2418/5719 2583/5643
f 2217/5718 2121/5633 2548/5720
f 2217/5718 2548/5720 2418/5719
f 2548/5720 2121/5633 2443/5721
f 2443/5721 2121/5633 2232/5632
f 2443/5721 2232/5632 2525/5634
f 2443/5721 2525/5634 2689/5722
f 2443/5721 2689/5722 2671/5723
f 2671/5723 2689/5722 2525/5634
f 2443/5721 2671/5723 2548/5720
f 2650/5724 2418/5719 2548/5720
f 2650/5724 2548/5720 2671/5723
f 2671/5723 2525/5634 2594/5725
f 2671/5723 2594/5725 2650/5724
f 2594/5725 2525/5634 2578/5637
f 2418/5719 2650/5724 2575/5726
f 2575/5726 2650/5724 2594/5725
f 2575/5726 2594/5725 2578/5637
f 2418/5719 2575/5726 2583/5643
f 2583/5643 2575/5726 2578/5637
f 2303/5727 2414/5728 2329/5729
f 2260/5730 2261/5731 2303/5727
f 2303/5727 2329/5729 2305/5732
f 2303/5727 2305/5732 2260/5730
f 2305/5732 2329/5729 2304/5733
f 2304/5733 2329/5729 2312/5734
f 2260/5730 2305/5732 2240/5735
f 2260/5730 2240/5735 2323/5736
f 2323/5736 2240/5735 2536/5737
f 2536/5737 2240/5735 2499/5738
f 2240/5735 2305/5732 2272/5739
f 2304/5733 2312/5734 2337/5740
f 2272/5739 2305/5732 2309/5741
f 2310/5742 2305/5732 2304/5733
f 2272/5739 2309/5741 2276/5743
f 2272/5739 2276/5743 2218/5744
f 2218/5744 2276/5743 2615/5745
f 2615/5745 2276/5743 2516/5746
f 2615/5745 2516/5746 2733/5747
f 2733/5747 2516/5746 2697/5748
f 2516/5746 2276/5743 2197/5749
f 2197/5749 2276/5743 2279/5750
f 2279/5750 2276/5743 2309/5741
f 2278/5751 2216/5752 2279/5750
f 2278/5751 2279/5750 2297/5753
f 2297/5753 2279/5750 2309/5741
f 2297/5753 2309/5741 2281/5754
f 2281/5754 2309/5741 2318/5755
f 2281/5754 2318/5755 2283/5756
f 2320/5757 2309/5741 2305/5732
f 2320/5757 2305/5732 2310/5742
f 2309/5741 2320/5757 2598/5758
f 2309/5741 2598/5758 2448/5759
f 2448/5759 2598/5758 2725/5760
f 2725/5760 2598/5758 2715/5761
f 2715/5761 2598/5758 2714/5762
f 2598/5758 2320/5757 2514/5763
f 2598/5758 2514/5763 2714/5762
f 2514/5763 2320/5757 2310/5742
f 2714/5762 2514/5763 2646/5764
f 2646/5764 2514/5763 2310/5742
f 2646/5764 2310/5742 2301/5765
f 2646/5764 2301/5765 2589/5766
f 2301/5765 2310/5742 2304/5733
f 2301/5765 2304/5733 2337/5740
f 2301/5765 2337/5740 2357/5767
f 2605/5768 2346/5769 2357/5767
f 2605/5768 2357/5767 2629/5770
f 2629/5770 2357/5767 2337/5740
f 2605/5768 2629/5770 2681/5771
f 2629/5770 2337/5740 2379/5772
f 2379/5772 2337/5740 2312/5734
f 2379/5772 2312/5734 2640/5773
f 2629/5770 2379/5772 2608/5774
f 2379/5772 2640/5773 2780/5775
f 2379/5772 2780/5775 2608/5774
f 2608/5774 2780/5775 2629/5770
f 2780/5775 2640/5773 2738/5776
f 2793/5777 2681/5771 2629/5770
f 2793/5777 2629/5770 2780/5775
f 2793/5777 2780/5775 2738/5776
f 2793/5777 2738/5776 2750/5778
f 2681/5771 2793/5777 2790/5779
f 2790/5779 2793/5777 2750/5778
f 2790/5779 2750/5778 2755/5780
f 2755/5780 2750/5778 2743/5781
f 2755/5780 2743/5781 2714/5782
f 2755/5780 2714/5782 2646/5783
f 2755/5780 2646/5783 2790/5779
f 2790/5779 2646/5783 2589/5784
f 2025/5785 2261/5786 2260/5787
f 2025/5785 2260/5787 1995/5788
f 2025/5785 1995/5788 1732/5789
f 1995/5788 2260/5787 2270/5790
f 2270/5790 2260/5787 2323/5791
s 0
f 1732/5789 1995/5788 1590/5792
f 1732/5789 1590/5792 1226/5793
s 1
f 1995/5788 2270/5790 1992/5794
s 0
f 1995/5788 1992/5794 1590/5792
s 1
f 1992/5794 2270/5790 2240/5795
f 1992/5794 2240/5795 2220/5796
f 2220/5796 2240/5795 2272/5797
f 1992/5794 2220/5796 1990/5798
f 1990/5798 2220/5796 2272/5797
f 1992/5794 1990/5798 1590/5792
f 1990/5798 2272/5797 2218/5799
f 1990/5798 2218/5799 2197/5800
f 1211/5801 1226/5793 1590/5792
f 1990/5798 2197/5800 1985/5802
f 1211/5801 1590/5792 1300/5803
f 1985/5802 2197/5800 2279/5804
f 1211/5801 1300/5803 1246/5805
f 1985/5802 2279/5804 2178/5806
f 2178/5806 2279/5804 2216/5807
f 1775/5808 1590/5792 1990/5798
f 1590/5792 1775/5808 1300/5803
f 1300/5803 1775/5808 1246/5805
f 1775/5808 1990/5798 1985/5802
f 1211/5801 1246/5805 859/5809
f 1211/5801 859/5809 955/5810
f 955/5810 859/5809 827/5811
f 827/5811 859/5809 689/5812
f 689/5812 859/5809 325/5813
f 689/5812 325/5813 499/5814
f 2032/5815 1985/5802 2178/5806
f 2032/5815 2178/5806 2216/5807
f 1985/5802 2032/5815 1775/5808
f 2032/5815 2216/5807 2278/5816
f 2032/5815 2278/5816 2016/5817
f 2032/5815 2016/5817 1775/5808
f 2016/5817 2278/5816 2204/5818
f 2016/5817 2204/5818 2012/5819
f 2016/5817 2012/5819 1775/5808
f 1775/5808 2012/5819 1861/5820
f 1775/5808 1861/5820 1679/5821
f 1861/5820 2012/5819 2004/5822
s 0
f 293/5823 248/5824 536/5825
f 248/5824 293/5823 3574/5826
f 248/5824 3574/5826 3560/5827
f 536/5825 248/5824 628/5828
f 248/5824 3560/5827 365/5829
f 248/5824 365/5829 628/5828
f 365/5829 3560/5827 3483/5830
f 536/5825 628/5828 968/5831
f 536/5825 968/5831 741/5832
f 365/5829 3483/5830 284/5833
f 968/5831 628/5828 1159/5834
f 968/5831 1159/5834 1253/5835
f 1253/5835 1159/5834 1245/5836
f 284/5833 3483/5830 3662/5837
f 560/5838 628/5828 365/5829
f 560/5838 365/5829 284/5833
f 628/5828 560/5838 749/5839
f 628/5828 749/5839 1159/5834
f 749/5839 560/5838 985/5840
f 749/5839 985/5840 1159/5834
f 560/5838 284/5833 798/5841
f 560/5838 798/5841 985/5840
f 181/5842 284/5833 3662/5837
f 181/5842 3662/5837 3568/5843
f 284/5833 181/5842 593/5844
f 284/5833 593/5844 798/5841
s 1
f 181/5842 3568/5843 360/5845
f 181/5842 360/5845 593/5844
s 0
f 798/5841 593/5844 1060/5846
f 1249/5847 1159/5834 985/5840
f 1224/5848 985/5840 798/5841
f 985/5840 1224/5848 1249/5847
f 1159/5834 1249/5847 1291/5849
f 1159/5834 1291/5849 1245/5836
f 1249/5847 1224/5848 1561/5850
f 1249/5847 1561/5850 1291/5849
f 1245/5836 1291/5849 1557/5851
f 1224/5848 798/5841 1222/5852
f 1222/5852 798/5841 1060/5846
f 1224/5848 1222/5852 1305/5853
f 1224/5848 1305/5853 1561/5850
f 1557/5851 1291/5849 1752/5854
f 1557/5851 1752/5854 1881/5855
f 1736/5856 1291/5849 1561/5850
f 1291/5849 1736/5856 1752/5854
s 1
f 1881/5855 1752/5854 1947/5857
f 1881/5855 1947/5857 1965/5858
f 1947/5857 1752/5854 2009/5859
s 0
f 2009/5859 1752/5854 1736/5856
s 1
f 1947/5857 2009/5859 2111/5860
s 0
f 1736/5856 1561/5850 1944/5861
f 1736/5856 1944/5861 2009/5859
s 1
f 2520/5862 2111/5860 2513/5863
f 2513/5863 2111/5860 2009/5859
f 2513/5863 2009/5859 2674/5864
f 2674/5864 2009/5859 2707/5865
f 2707/5865 2009/5859 2600/5866
f 2600/5866 2009/5859 2483/5867
f 2483/5867 2009/5859 1944/5861
f 2600/5866 2483/5867 2482/5868
f 2600/5866 2482/5868 2591/5869
f 2591/5869 2482/5868 2498/5870
f 2498/5870 2482/5868 2485/5871
f 2485/5871 2482/5868 2488/5872
f 2488/5872 2482/5868 2483/5867
f 2485/5871 2488/5872 2408/5873
f 2483/5867 1944/5861 2490/5874
f 2483/5867 2490/5874 2488/5872
f 2490/5874 1944/5861 2377/5875
f 2408/5873 2488/5872 2509/5876
f 2488/5872 2490/5874 2491/5877
f 2488/5872 2491/5877 2509/5876
f 2491/5877 2490/5874 2377/5875
f 2408/5873 2509/5876 2415/5878
s 0
f 2377/5875 1944/5861 1764/5879
f 1764/5879 1944/5861 1561/5850
f 1764/5879 1561/5850 1305/5853
f 2377/5875 1764/5879 2028/5880
f 1764/5879 1305/5853 1713/5881
f 1764/5879 1713/5881 2028/5880
f 1713/5881 1305/5853 1256/5882
f 1256/5882 1305/5853 1222/5852
f 1256/5882 1222/5852 1060/5846
s 1
f 1713/5881 1256/5882 1362/5883
f 1256/5882 1060/5846 1244/5884
f 1256/5882 1244/5884 1362/5883
f 1713/5881 1362/5883 1710/5885
s 0
f 1713/5881 1710/5885 2028/5880
s 1
f 1362/5883 1244/5884 1289/5886
s 0
f 2892/5887 2377/5875 2028/5880
s 1
f 1244/5884 1060/5846 866/5888
f 1289/5886 1244/5884 1152/5889
f 1152/5889 1244/5884 866/5888
f 866/5888 1060/5846 685/5890
s 0
f 685/5890 1060/5846 593/5844
s 1
f 685/5890 593/5844 360/5845
f 866/5888 685/5890 589/5891
f 1152/5889 866/5888 690/5892
f 690/5892 866/5888 589/5891
f 1152/5889 690/5892 752/5893
f 690/5892 589/5891 568/5894
f 690/5892 568/5894 752/5893
f 568/5894 589/5891 563/5895
f 589/5891 685/5890 449/5896
f 563/5895 589/5891 564/5897
f 564/5897 589/5891 449/5896
f 563/5895 564/5897 477/5898
f 477/5898 564/5897 449/5896
f 568/5894 563/5895 561/5899
f 568/5894 561/5899 752/5893
f 563/5895 477/5898 494/5900
f 563/5895 494/5900 562/5901
f 563/5895 562/5901 561/5899
f 494/5900 477/5898 431/5902
f 431/5902 477/5898 449/5896
f 562/5901 494/5900 468/5903
f 468/5903 494/5900 431/5902
f 562/5901 468/5903 524/5904
f 562/5901 524/5904 561/5899
f 468/5903 431/5902 436/5905
f 468/5903 436/5905 524/5904
f 431/5902 449/5896 412/5906
f 431/5902 412/5906 436/5905
f 412/5906 449/5896 366/5907
f 524/5904 436/5905 488/5908
f 488/5908 436/5905 412/5906
f 366/5907 449/5896 364/5909
f 364/5909 449/5896 685/5890
f 412/5906 366/5907 329/5910
f 329/5910 366/5907 364/5909
f 364/5909 685/5890 360/5845
f 412/5906 329/5910 356/5911
f 412/5906 356/5911 488/5908
f 329/5910 364/5909 341/5912
f 341/5912 364/5909 360/5845
f 329/5910 341/5912 356/5911
f 341/5912 360/5845 338/5913
f 338/5913 360/5845 190/5914
f 190/5914 360/5845 3568/5843
f 190/5914 3568/5843 3677/5915
f 190/5914 3677/5915 3664/5916
f 190/5914 3664/5916 222/5917
f 190/5914 222/5917 338/5913
f 222/5917 3664/5916 3496/5918
f 338/5913 222/5917 345/5919
f 338/5913 345/5919 341/5912
f 345/5919 222/5917 3496/5918
f 341/5912 345/5919 307/5920
f 307/5920 345/5919 3496/5918
f 341/5912 307/5920 313/5921
f 341/5912 313/5921 356/5911
f 307/5920 3496/5918 246/5922
f 313/5921 307/5920 238/5923
f 238/5923 307/5920 246/5922
f 356/5911 313/5921 269/5924
f 269/5924 313/5921 238/5923
f 356/5911 269/5924 298/5925
f 246/5922 3496/5918 143/5926
f 246/5922 143/5926 238/5923
f 143/5926 3496/5918 17/5927
f 17/5927 3496/5918 3571/5928
f 17/5927 3571/5928 7/5929
f 17/5927 7/5929 143/5926
f 7/5929 3571/5928 3576/5930
f 238/5923 143/5926 108/5931
f 108/5931 143/5926 7/5929
f 161/5932 269/5924 238/5923
f 161/5932 238/5923 108/5931
f 269/5924 161/5932 298/5925
f 7/5929 3576/5930 10/5933
f 7/5929 10/5933 108/5931
f 108/5931 10/5933 161/5932
f 10/5933 3576/5930 3543/5934
f 10/5933 3543/5934 161/5932
f 161/5932 3543/5934 298/5925
f 298/5925 3543/5934 3489/5935
f 298/5925 3489/5935 326/5936
f 326/5936 3489/5935 261/5937
f 326/5936 261/5937 451/5938
f 298/5925 326/5936 438/5939
f 438/5939 326/5936 451/5938
f 298/5925 438/5939 356/5911
f 356/5911 438/5939 488/5908
f 488/5908 438/5939 451/5938
f 488/5908 451/5938 550/5940
f 488/5908 550/5940 552/5941
f 488/5908 552/5941 524/5904
f 550/5940 451/5938 548/5942
f 524/5904 552/5941 567/5943
f 524/5904 567/5943 561/5899
f 552/5941 550/5940 551/5944
f 552/5941 551/5944 567/5943
f 550/5940 548/5942 553/5945
f 550/5940 553/5945 551/5944
f 553/5945 548/5942 571/5946
f 503/5947 548/5942 451/5938
f 548/5942 503/5947 571/5946
f 503/5947 451/5938 442/5948
f 571/5946 503/5947 466/5949
f 466/5949 503/5947 442/5948
f 551/5944 553/5945 584/5950
f 584/5950 553/5945 541/5951
f 551/5944 584/5950 585/5952
f 551/5944 585/5952 567/5943
f 585/5952 584/5950 599/5953
f 567/5943 585/5952 579/5954
f 567/5943 579/5954 561/5899
f 579/5954 585/5952 606/5955
f 606/5955 585/5952 599/5953
f 561/5899 579/5954 615/5956
f 615/5956 579/5954 606/5955
f 561/5899 615/5956 752/5893
f 615/5956 606/5955 664/5957
f 752/5893 615/5956 831/5958
f 831/5958 615/5956 664/5957
f 664/5957 606/5955 654/5959
f 654/5959 606/5955 599/5953
f 831/5958 664/5957 785/5960
f 752/5893 831/5958 1236/5961
f 752/5893 1236/5961 1152/5889
f 831/5958 785/5960 1260/5962
f 785/5960 664/5957 829/5963
s 0
f 785/5960 829/5963 1260/5962
s 1
f 1236/5961 831/5958 1273/5964
f 1273/5964 831/5958 1260/5962
f 1152/5889 1236/5961 1285/5965
f 1152/5889 1285/5965 1289/5886
f 1236/5961 1273/5964 1345/5966
f 1236/5961 1345/5966 1285/5965
f 1273/5964 1260/5962 1436/5967
f 1273/5964 1436/5967 1345/5966
f 1289/5886 1285/5965 1326/5968
f 1326/5968 1285/5965 1345/5966
f 1289/5886 1326/5968 1327/5969
f 1289/5886 1327/5969 1362/5883
f 1326/5968 1345/5966 1340/5970
f 1362/5883 1327/5969 1406/5971
f 1327/5969 1326/5968 1371/5972
f 1371/5972 1326/5968 1340/5970
f 1327/5969 1371/5972 1406/5971
f 1362/5883 1406/5971 1710/5885
f 1406/5971 1371/5972 1566/5973
f 1710/5885 1406/5971 1615/5974
f 1615/5974 1406/5971 1566/5973
f 1371/5972 1340/5970 1410/5975
f 1371/5972 1410/5975 1566/5973
f 1410/5975 1340/5970 1420/5976
f 1420/5976 1340/5970 1345/5966
f 1566/5973 1410/5975 1530/5977
f 1530/5977 1410/5975 1420/5976
f 1615/5974 1566/5973 1724/5978
f 1566/5973 1530/5977 1735/5979
f 1566/5973 1735/5979 1724/5978
f 1735/5979 1530/5977 1671/5980
f 1671/5980 1530/5977 1420/5976
f 1420/5976 1345/5966 1437/5981
f 1437/5981 1345/5966 1436/5967
f 1615/5974 1724/5978 1811/5982
f 1615/5974 1811/5982 1710/5885
f 1724/5978 1735/5979 1852/5983
f 1724/5978 1852/5983 1811/5982
f 1852/5983 1735/5979 1894/5984
f 1894/5984 1735/5979 1671/5980
f 1811/5982 1852/5983 2034/5985
f 1710/5885 1811/5982 2185/5986
f 2185/5986 1811/5982 2034/5985
s 0
f 1710/5885 2185/5986 2028/5880
s 1
f 2034/5985 1852/5983 2132/5987
f 2132/5987 1852/5983 1894/5984
f 2034/5985 2132/5987 2684/5988
f 2034/5985 2684/5988 2185/5986
s 0
f 2028/5880 2185/5986 2832/5989
s 1
f 2684/5988 2132/5987 2824/5990
s 0
f 2028/5880 2832/5989 2892/5887
s 1
f 2185/5986 2684/5988 2928/5991
f 2928/5991 2684/5988 2824/5990
s 0
f 2832/5989 2185/5986 2996/5992
s 1
f 2996/5992 2185/5986 2928/5991
f 2824/5990 2132/5987 2251/5993
f 2251/5993 2132/5987 1894/5984
f 2928/5991 2824/5990 2949/5994
f 2824/5990 2251/5993 2846/5995
f 2824/5990 2846/5995 2949/5994
f 2928/5991 2949/5994 3104/5996
f 2928/5991 3104/5996 2996/5992
f 2949/5994 2846/5995 3022/5997
f 3104/5996 2949/5994 3095/5998
f 3095/5998 2949/5994 3022/5997
f 3104/5996 3095/5998 3329/5999
f 3104/5996 3329/5999 2996/5992
f 3329/5999 3095/5998 3333/6000
f 3095/5998 3022/5997 3251/6001
f 3095/5998 3251/6001 3333/6000
f 3329/5999 3333/6000 3389/6002
f 3389/6002 3333/6000 3251/6001
f 2996/5992 3329/5999 3411/6003
f 3411/6003 3329/5999 3389/6002
f 2996/5992 3411/6003 3281/6004
s 0
f 2996/5992 3281/6004 2832/5989
s 1
f 3411/6003 3389/6002 3412/6005
f 3389/6002 3251/6001 3377/6006
f 3389/6002 3377/6006 3412/6005
f 3411/6003 3412/6005 3420/6007
f 3411/6003 3420/6007 3281/6004
s 0
f 2832/5989 3281/6004 3024/6008
f 2832/5989 3024/6008 2892/5887
s 1
f 3281/6004 3420/6007 3408/6009
f 3420/6007 3412/6005 3415/6010
f 3420/6007 3415/6010 3408/6009
f 3024/6008 3281/6004 3319/6011
f 3319/6011 3281/6004 3408/6009
f 3319/6011 3408/6009 3381/6012
f 3381/6012 3408/6009 3415/6010
f 3024/6008 3319/6011 3130/6013
f 3024/6008 3130/6013 2892/5887
f 3319/6011 3381/6012 3310/6014
f 3319/6011 3310/6014 3130/6013
f 3310/6014 3381/6012 3415/6010
f 3414/6015 3415/6010 3412/6005
f 3414/6015 3412/6005 3377/6006
f 2892/5887 3130/6013 2955/6016
f 2892/5887 2955/6016 2808/6017
f 2892/5887 2808/6017 2377/5875
f 2377/5875 2808/6017 2491/5877
f 2955/6016 3130/6013 3089/6018
f 3089/6018 3130/6013 3310/6014
f 2808/6017 2955/6016 2940/6019
f 2940/6019 2955/6016 3089/6018
f 2491/5877 2808/6017 2781/6020
f 2781/6020 2808/6017 2940/6019
f 2491/5877 2781/6020 2509/5876
f 2940/6019 3089/6018 2953/6021
f 2940/6019 2953/6021 2781/6020
f 2509/5876 2781/6020 2821/6022
f 2821/6022 2781/6020 2953/6021
f 2509/5876 2821/6022 2415/5878
f 2821/6022 2953/6021 2944/6023
f 2953/6021 3089/6018 3172/6024
f 2953/6021 3172/6024 2944/6023
f 3172/6024 3089/6018 3310/6014
f 2821/6022 2944/6023 2856/6025
f 2821/6022 2856/6025 2415/5878
f 2856/6025 2944/6023 3172/6024
f 2228/6026 2094/6027 2415/5878
f 3172/6024 3310/6014 3357/6028
f 2228/6026 2415/5878 2812/6029
f 2812/6029 2415/5878 2856/6025
f 2228/6026 2812/6029 2584/6030
f 2228/6026 2584/6030 2084/6031
f 3357/6028 3310/6014 3410/6032
f 3410/6032 3310/6014 3415/6010
f 3410/6032 3415/6010 3414/6015
f 3357/6028 3410/6032 3339/6033
f 3339/6033 3410/6032 3414/6015
f 3357/6028 3339/6033 3172/6024
f 2084/6031 2584/6030 2468/6034
f 2084/6031 2468/6034 2093/6035
f 2093/6035 2468/6034 2401/6036
f 2401/6036 2468/6034 2794/6037
f 2794/6037 2468/6034 2866/6038
f 2468/6034 2584/6030 2844/6039
f 2468/6034 2844/6039 2866/6038
f 2844/6039 2584/6030 2812/6029
f 2866/6038 2844/6039 2942/6040
f 2866/6038 2942/6040 2995/6041
f 2844/6039 2812/6029 2943/6042
f 2943/6042 2812/6029 2856/6025
f 2942/6040 2844/6039 2939/6043
f 2939/6043 2844/6039 2943/6042
f 2995/6041 2942/6040 3048/6044
f 3048/6044 2942/6040 2939/6043
f 2995/6041 3048/6044 3165/6045
f 2939/6043 2943/6042 3100/6046
f 2939/6043 3100/6046 3048/6044
f 2943/6042 2856/6025 3041/6047
f 2943/6042 3041/6047 3100/6046
f 3041/6047 2856/6025 3172/6024
f 3041/6047 3172/6024 3270/6048
f 3041/6047 3270/6048 3100/6046
f 3270/6048 3172/6024 3339/6033
f 3166/6049 3165/6045 3048/6044
f 3166/6049 3048/6044 3100/6046
f 3165/6045 3166/6049 3253/6050
f 3100/6046 3270/6048 3188/6051
f 3100/6046 3188/6051 3166/6049
f 3270/6048 3339/6033 3334/6052
f 3166/6049 3188/6051 3257/6053
f 3166/6049 3257/6053 3253/6050
f 3188/6051 3270/6048 3301/6054
f 3188/6051 3301/6054 3257/6053
f 3301/6054 3270/6048 3334/6052
f 3253/6050 3257/6053 3241/6055
f 3241/6055 3257/6053 3301/6054
f 3253/6050 3241/6055 3250/6056
f 3414/6015 3334/6052 3339/6033
f 3250/6056 3241/6055 3096/6057
f 3334/6052 3414/6015 3374/6058
f 3374/6058 3414/6015 3377/6006
f 3214/6059 3301/6054 3334/6052
f 3301/6054 3214/6059 3241/6055
f 3334/6052 3374/6058 3215/6060
f 3334/6052 3215/6060 3214/6059
f 3374/6058 3377/6006 3184/6061
f 3374/6058 3184/6061 3215/6060
f 3184/6061 3377/6006 3251/6001
f 3184/6061 3251/6001 3022/5997
f 3184/6061 3022/5997 3010/6062
f 3184/6061 3010/6062 3215/6060
f 3010/6062 3022/5997 2846/5995
f 3170/6063 3241/6055 3214/6059
f 3241/6055 3170/6063 3096/6057
f 3066/6064 3214/6059 3215/6060
f 3214/6059 3066/6064 3170/6063
f 3096/6057 3170/6063 3035/6065
f 3035/6065 3170/6063 3066/6064
f 3096/6057 3035/6065 2945/6066
f 2945/6066 3035/6065 3066/6064
f 3096/6057 2945/6066 2929/6067
f 3066/6064 3215/6060 2958/6068
f 2958/6068 3215/6060 3010/6062
f 3066/6064 2958/6068 2956/6069
f 3066/6064 2956/6069 2945/6066
f 2958/6068 3010/6062 2828/6070
f 2828/6070 3010/6062 2846/5995
f 2956/6069 2958/6068 2855/6071
f 2956/6069 2855/6071 2945/6066
f 2855/6071 2958/6068 2828/6070
f 2828/6070 2846/5995 2251/5993
f 2869/6072 2929/6067 2945/6066
f 2929/6067 2869/6072 2799/6073
f 2799/6073 2869/6072 2642/6074
f 2869/6072 2945/6066 2816/6075
f 2869/6072 2816/6075 2642/6074
f 2816/6075 2945/6066 2855/6071
f 2384/6076 2855/6071 2828/6070
f 2855/6071 2384/6076 2816/6075
f 2250/6077 2828/6070 2251/5993
f 2828/6070 2250/6077 2384/6076
f 2250/6077 2251/5993 1894/5984
f 2816/6075 2384/6076 2058/6078
f 2816/6075 2058/6078 2642/6074
f 2642/6074 2058/6078 2038/6079
f 2642/6074 2038/6079 2336/6080
f 2250/6077 1894/5984 1857/6081
f 2038/6079 2058/6078 1875/6082
f 2038/6079 1875/6082 1951/6083
f 2058/6078 2384/6076 1900/6084
f 2058/6078 1900/6084 1875/6082
f 1914/6085 2384/6076 2250/6077
f 2384/6076 1914/6085 1900/6084
f 1914/6085 2250/6077 1857/6081
f 1857/6081 1894/5984 1671/5980
f 1900/6084 1914/6085 1825/6086
f 1914/6085 1857/6081 1850/6087
f 1914/6085 1850/6087 1825/6086
f 1857/6081 1671/5980 1721/6088
f 1857/6081 1721/6088 1850/6087
f 1721/6088 1671/5980 1603/6089
f 1850/6087 1721/6088 1668/6090
f 1850/6087 1668/6090 1825/6086
f 1668/6090 1721/6088 1603/6089
f 1603/6089 1671/5980 1420/5976
f 1825/6086 1668/6090 1762/6091
f 1825/6086 1762/6091 1900/6084
f 1668/6090 1603/6089 1583/6092
f 1603/6089 1420/5976 1516/6093
f 1603/6089 1516/6093 1583/6092
f 1516/6093 1420/5976 1437/5981
f 1516/6093 1437/5981 1505/6094
f 1516/6093 1505/6094 1583/6092
f 1505/6094 1437/5981 1436/5967
f 1676/6095 1762/6091 1668/6090
f 1676/6095 1668/6090 1583/6092
f 1769/6096 1900/6084 1762/6091
f 1769/6096 1762/6091 1676/6095
f 1900/6084 1769/6096 1875/6082
f 1676/6095 1583/6092 1610/6097
f 1676/6095 1610/6097 1769/6096
f 1487/6098 1583/6092 1505/6094
f 1583/6092 1487/6098 1610/6097
f 1458/6099 1505/6094 1436/5967
f 1505/6094 1458/6099 1487/6098
f 1458/6099 1436/5967 1260/5962
f 1688/6100 1875/6082 1769/6096
f 1688/6100 1769/6096 1610/6097
f 1875/6082 1688/6100 1798/6101
f 1798/6101 1688/6100 1703/6102
f 1703/6102 1688/6100 1616/6103
f 1616/6103 1688/6100 1610/6097
f 1616/6103 1610/6097 1520/6104
f 1520/6104 1610/6097 1487/6098
f 1616/6103 1520/6104 1575/6105
f 1520/6104 1487/6098 1465/6106
f 1465/6106 1487/6098 1462/6107
f 1462/6107 1487/6098 1458/6099
f 1465/6106 1462/6107 1272/6108
f 1272/6108 1462/6107 1458/6099
f 1272/6108 1458/6099 1260/5962
f 1465/6106 1272/6108 1297/6109
f 1272/6108 1260/5962 829/5963
f 1297/6109 1272/6108 1158/6110
f 1158/6110 1272/6108 829/5963
f 742/6111 945/6112 1158/6110
f 742/6111 1158/6110 698/6113
f 742/6111 698/6113 586/6114
f 586/6114 698/6113 541/5951
f 698/6113 1158/6110 727/6115
f 727/6115 1158/6110 829/5963
f 541/5951 698/6113 594/6116
f 541/5951 594/6116 584/5950
f 584/5950 594/6116 599/5953
f 594/6116 698/6113 659/6117
f 659/6117 698/6113 727/6115
f 599/5953 594/6116 618/6118
f 618/6118 594/6116 659/6117
f 599/5953 618/6118 657/6119
f 657/6119 618/6118 659/6117
f 599/5953 657/6119 654/5959
f 659/6117 727/6115 663/6120
f 659/6117 663/6120 657/6119
f 663/6120 727/6115 829/5963
f 657/6119 663/6120 654/5959
f 663/6120 829/5963 664/5957
f 663/6120 664/5957 654/5959
f 2604/6121 2270/6122 2536/6123
f 2270/6122 2604/6121 2149/6124
f 2604/6121 2536/6123 2778/6125
f 2778/6125 2536/6123 2499/6126
f 2778/6125 2499/6126 2353/6127
f 2778/6125 2353/6127 2748/6128
f 2778/6125 2748/6128 2743/6129
f 2748/6128 2353/6127 2619/6130
f 2619/6130 2353/6127 2224/6131
f 2224/6131 2353/6127 2122/6132
f 2122/6132 2353/6127 2143/6133
f 2122/6132 2143/6133 2087/6134
f 2122/6132 2087/6134 2125/6135
f 2224/6131 2122/6132 2148/6136
f 2148/6136 2122/6132 2125/6135
f 2619/6130 2224/6131 2195/6137
f 2195/6137 2224/6131 2148/6136
f 2526/6138 2748/6128 2619/6130
f 2526/6138 2619/6130 2195/6137
f 2195/6137 2148/6136 2219/6139
f 2195/6137 2219/6139 2526/6138
f 2219/6139 2148/6136 2160/6140
f 2160/6140 2148/6136 2125/6135
f 2526/6138 2219/6139 2568/6141
f 2568/6141 2219/6139 2160/6140
f 2734/6142 2748/6128 2526/6138
f 2734/6142 2526/6138 2568/6141
f 2748/6128 2734/6142 2743/6129
f 2128/6143 2125/6135 2087/6134
f 2568/6141 2160/6140 2330/6144
f 2330/6144 2160/6140 2125/6135
f 2734/6142 2568/6141 2690/6145
f 2690/6145 2568/6141 2330/6144
f 2330/6144 2125/6135 2358/6146
f 2358/6146 2125/6135 2128/6143
f 2690/6145 2330/6144 2528/6147
f 2528/6147 2330/6144 2358/6146
f 2734/6142 2690/6145 2745/6148
f 2734/6142 2745/6148 2743/6129
f 2690/6145 2528/6147 2643/6149
f 2643/6149 2528/6147 2358/6146
f 2690/6145 2643/6149 2745/6148
f 2358/6146 2128/6143 2338/6150
f 2358/6146 2338/6150 2643/6149
f 2338/6150 2128/6143 2399/6151
f 2338/6150 2399/6151 2643/6149
f 2399/6151 2128/6143 2254/6152
f 2399/6151 2254/6152 2643/6149
f 2643/6149 2254/6152 2615/6153
f 2615/6153 2254/6152 2218/6154
f 2643/6149 2615/6153 2733/6155
f 2643/6149 2733/6155 2745/6148
f 2745/6148 2733/6155 2736/6156
f 2745/6148 2736/6156 2743/6129
f 2736/6156 2733/6155 2732/6157
f 2743/6129 2736/6156 2715/6158
f 2743/6129 2715/6158 2714/6159
f 2715/6158 2736/6156 2725/6160
f 2725/6160 2736/6156 2764/6161
f 733/6162 878/6163 683/6164
f 683/6164 878/6163 735/6165
f 683/6164 735/6165 625/6166
f 735/6165 878/6163 867/6167
f 683/6164 625/6166 545/6168
f 545/6168 625/6166 512/6169
f 683/6164 545/6168 498/6170
f 683/6164 498/6170 733/6162
f 545/6168 512/6169 405/6171
f 545/6168 405/6171 498/6170
f 405/6171 512/6169 328/6172
f 498/6170 405/6171 311/6173
f 311/6173 405/6171 328/6172
f 311/6173 328/6172 305/6174
f 311/6173 305/6174 282/6175
f 666/6176 733/6162 498/6170
f 733/6162 666/6176 778/6177
f 778/6177 666/6176 782/6178
f 733/6162 778/6177 949/6179
f 733/6162 949/6179 878/6163
f 778/6177 782/6178 915/6180
f 778/6177 915/6180 949/6179
f 915/6180 782/6178 913/6181
f 878/6163 949/6179 1088/6182
f 915/6180 913/6181 1030/6183
f 1030/6183 913/6181 992/6184
f 949/6179 915/6180 1051/6185
f 1051/6185 915/6180 1030/6183
f 949/6179 1051/6185 1088/6182
f 1030/6183 992/6184 1126/6186
f 1126/6186 992/6184 1091/6187
f 1051/6185 1030/6183 1093/6188
f 1093/6188 1030/6183 1126/6186
f 1088/6182 1051/6185 1145/6189
f 1145/6189 1051/6185 1093/6188
f 1068/6190 878/6163 1088/6182
f 1068/6190 1088/6182 1145/6189
f 878/6163 1068/6190 867/6167
f 867/6167 1068/6190 895/6191
f 895/6191 1068/6190 1121/6192
f 1121/6192 1068/6190 1145/6189
f 895/6191 1121/6192 1005/6193
f 1121/6192 1145/6189 1138/6194
f 1121/6192 1138/6194 1005/6193
f 1094/6195 1145/6189 1093/6188
f 1145/6189 1094/6195 1138/6194
f 1094/6195 1093/6188 1056/6196
f 1056/6196 1093/6188 1126/6186
f 1005/6193 1138/6194 1043/6197
f 1005/6193 1043/6197 893/6198
f 893/6198 1043/6197 858/6199
f 858/6199 1043/6197 934/6200
f 934/6200 1043/6197 1138/6194
f 858/6199 934/6200 732/6201
f 981/6202 1138/6194 1094/6195
f 1138/6194 981/6202 934/6200
f 732/6201 934/6200 814/6203
f 814/6203 934/6200 981/6202
f 732/6201 814/6203 693/6204
f 981/6202 1094/6195 904/6205
f 981/6202 904/6205 814/6203
f 904/6205 1094/6195 1056/6196
f 693/6204 814/6203 791/6206
f 791/6206 814/6203 904/6205
f 693/6204 791/6206 660/6207
f 693/6204 660/6207 506/6208
f 791/6206 904/6205 966/6209
f 966/6209 904/6205 1056/6196
f 791/6206 966/6209 916/6210
f 916/6210 966/6209 1024/6211
f 966/6209 1056/6196 1114/6212
f 966/6209 1114/6212 1024/6211
f 1114/6212 1056/6196 1126/6186
f 1024/6211 1114/6212 1091/6187
f 1091/6187 1114/6212 1126/6186
f 737/6213 782/6214 629/6215
f 629/6215 782/6214 666/6216
f 782/6214 737/6213 913/6217
f 629/6215 666/6216 502/6218
f 502/6218 666/6216 498/6219
f 502/6218 498/6219 311/6220
f 629/6215 502/6218 485/6221
f 502/6218 311/6220 370/6222
f 370/6222 311/6220 282/6223
f 502/6218 370/6222 380/6224
f 502/6218 380/6224 485/6221
f 370/6222 282/6223 306/6225
f 306/6225 282/6223 291/6226
f 306/6225 291/6226 332/6227
f 370/6222 306/6225 304/6228
f 370/6222 304/6228 380/6224
f 306/6225 332/6227 308/6229
f 306/6225 308/6229 304/6228
f 308/6229 332/6227 396/6230
f 396/6230 332/6227 504/6231
f 396/6230 504/6231 506/6232
f 396/6230 506/6232 384/6233
f 396/6230 384/6233 308/6229
f 308/6229 384/6233 327/6234
f 308/6229 327/6234 304/6228
f 327/6234 384/6233 434/6235
f 392/6236 380/6224 304/6228
f 327/6234 434/6235 402/6237
f 402/6237 434/6235 404/6238
f 304/6228 327/6234 344/6239
f 344/6239 327/6234 402/6237
f 304/6228 344/6239 392/6236
f 402/6237 404/6238 362/6240
f 402/6237 362/6240 344/6239
f 485/6221 380/6224 392/6236
f 387/6241 362/6240 390/6242
f 362/6240 387/6241 331/6243
f 362/6240 331/6243 344/6239
f 331/6243 387/6241 349/6244
f 379/6245 392/6236 344/6239
f 331/6243 349/6244 333/6246
f 333/6246 349/6244 343/6247
f 333/6246 343/6247 340/6248
f 344/6239 331/6243 348/6249
f 348/6249 331/6243 333/6246
f 344/6239 348/6249 379/6245
f 333/6246 340/6248 398/6250
f 333/6246 398/6250 348/6249
f 348/6249 398/6250 379/6245
f 398/6250 340/6248 458/6251
f 427/6252 392/6236 379/6245
f 392/6236 427/6252 459/6253
f 459/6253 427/6252 379/6245
f 392/6236 459/6253 485/6221
f 379/6245 398/6250 456/6254
f 379/6245 456/6254 459/6253
f 398/6250 458/6251 483/6255
f 398/6250 483/6255 456/6254
f 483/6255 458/6251 508/6256
f 456/6254 483/6255 493/6257
f 456/6254 493/6257 459/6253
f 493/6257 483/6255 508/6256
f 508/6256 458/6251 620/6258
f 459/6253 493/6257 515/6259
f 459/6253 515/6259 485/6221
f 493/6257 508/6256 511/6260
f 493/6257 511/6260 515/6259
f 508/6256 620/6258 633/6261
f 633/6261 620/6258 677/6262
f 511/6260 508/6256 592/6263
f 592/6263 508/6256 633/6261
f 511/6260 592/6263 516/6264
f 511/6260 516/6264 515/6259
f 516/6264 592/6263 600/6265
f 516/6264 600/6265 515/6259
f 600/6265 592/6263 662/6266
f 662/6266 592/6263 633/6261
f 661/6267 633/6261 677/6262
f 633/6261 661/6267 662/6266
f 661/6267 677/6262 781/6268
f 600/6265 662/6266 658/6269
f 658/6269 662/6266 661/6267
f 661/6267 781/6268 787/6270
f 600/6265 658/6269 640/6271
f 600/6265 640/6271 515/6259
f 640/6271 658/6269 661/6267
f 515/6259 640/6271 590/6272
f 515/6259 590/6272 485/6221
f 485/6221 590/6272 629/6215
f 640/6271 661/6267 707/6273
f 707/6273 661/6267 787/6270
f 640/6271 707/6273 590/6272
f 629/6215 590/6272 737/6213
f 737/6213 590/6272 707/6273
f 707/6273 787/6270 767/6274
f 707/6273 767/6274 737/6213
f 767/6274 787/6270 883/6275
f 737/6213 767/6274 824/6276
f 824/6276 767/6274 883/6275
f 737/6213 824/6276 913/6217
f 824/6276 883/6275 992/6277
f 824/6276 992/6277 913/6217
f 965/6278 865/6279 834/6280
f 965/6278 834/6280 932/6281
f 932/6281 834/6280 812/6282
f 932/6281 812/6282 911/6283
f 911/6283 812/6282 920/6284
f 920/6284 812/6282 805/6285
f 932/6281 911/6283 1036/6286
f 1036/6286 911/6283 920/6284
f 932/6281 1036/6286 1082/6287
f 932/6281 1082/6287 965/6278
f 1036/6286 920/6284 1070/6288
f 971/6289 865/6279 965/6278
f 865/6279 971/6289 880/6290
f 865/6279 880/6290 877/6291
f 877/6291 880/6290 971/6289
f 877/6291 971/6289 948/6292
f 877/6291 948/6292 953/6293
f 877/6291 953/6293 928/6294
f 948/6292 971/6289 963/6295
f 948/6292 963/6295 953/6293
f 1119/6296 971/6289 965/6278
f 971/6289 1119/6296 963/6295
f 928/6294 953/6293 1015/6297
f 953/6293 963/6295 1007/6298
f 953/6293 1007/6298 1015/6297
f 928/6294 1015/6297 923/6299
f 1007/6298 963/6295 1066/6300
f 1007/6298 1066/6300 1015/6297
f 1119/6296 965/6278 1117/6301
f 1117/6301 965/6278 1082/6287
f 1018/6302 963/6295 1119/6296
f 963/6295 1018/6302 1066/6300
f 1119/6296 1117/6301 1133/6303
f 1133/6303 1117/6301 1082/6287
f 1018/6302 1119/6296 1086/6304
f 1086/6304 1119/6296 1133/6303
f 1066/6300 1018/6302 1012/6305
f 1012/6305 1018/6302 1086/6304
f 1066/6300 1012/6305 1078/6306
f 1078/6306 1012/6305 1086/6304
f 1066/6300 1078/6306 1072/6307
f 1066/6300 1072/6307 1015/6297
f 1078/6306 1086/6304 1014/6308
f 1086/6304 1133/6303 1048/6309
f 1086/6304 1048/6309 1014/6308
f 1078/6306 1014/6308 1010/6310
f 1078/6306 1010/6310 1072/6307
f 1014/6308 1048/6309 1000/6311
f 1014/6308 1000/6311 1010/6310
f 1048/6309 1133/6303 1071/6312
f 1000/6311 1048/6309 972/6313
f 972/6313 1048/6309 1071/6312
f 1000/6311 972/6313 910/6314
f 1071/6312 1133/6303 1034/6315
f 1034/6315 1133/6303 1082/6287
f 910/6314 972/6313 900/6316
f 1000/6311 910/6314 944/6317
f 944/6317 910/6314 900/6316
f 1000/6311 944/6317 1010/6310
f 900/6316 972/6313 918/6318
f 918/6318 972/6313 1071/6312
f 900/6316 918/6318 944/6317
f 927/6319 1071/6312 1034/6315
f 1071/6312 927/6319 918/6318
f 927/6319 1034/6315 868/6320
f 927/6319 868/6320 764/6321
f 868/6320 1034/6315 840/6322
f 868/6320 840/6322 764/6321
f 927/6319 764/6321 847/6323
f 927/6319 847/6323 918/6318
f 847/6323 764/6321 716/6324
f 716/6324 764/6321 651/6325
f 840/6322 1034/6315 979/6326
f 840/6322 979/6326 888/6327
f 840/6322 888/6327 736/6328
f 979/6326 1034/6315 1075/6329
f 1075/6329 1034/6315 1082/6287
f 1075/6329 1082/6287 1036/6286
f 1075/6329 1036/6286 1070/6288
f 979/6326 1075/6329 1040/6330
f 1040/6330 1075/6329 1070/6288
f 979/6326 1040/6330 888/6327
f 768/6331 736/6328 888/6327
f 736/6328 768/6331 680/6332
f 680/6332 768/6331 738/6333
f 738/6333 768/6331 869/6334
f 869/6334 768/6331 909/6335
f 909/6335 768/6331 888/6327
f 869/6334 909/6335 978/6336
f 909/6335 888/6327 1032/6337
f 909/6335 1032/6337 978/6336
f 1032/6337 888/6327 1040/6330
f 978/6336 1032/6337 1079/6338
f 978/6336 1079/6338 1046/6339
f 1046/6339 1079/6338 1057/6340
f 1032/6337 1040/6330 1081/6341
f 1032/6337 1081/6341 1079/6338
f 1081/6341 1040/6330 1070/6288
f 1057/6340 1079/6338 1054/6342
f 1054/6342 1079/6338 1081/6341
f 1081/6341 1070/6288 998/6343
f 1081/6341 998/6343 1054/6342
f 998/6343 1070/6288 920/6284
f 1057/6340 1054/6342 961/6344
f 961/6344 1054/6342 998/6343
f 1057/6340 961/6344 941/6345
f 998/6343 920/6284 857/6346
f 998/6343 857/6346 961/6344
f 857/6346 920/6284 805/6285
f 941/6345 961/6344 870/6347
f 870/6347 961/6344 857/6346
f 941/6345 870/6347 803/6348
f 857/6346 805/6285 802/6349
f 857/6346 802/6349 870/6347
f 870/6347 802/6349 803/6348
f 802/6349 805/6285 853/6350
f 803/6348 802/6349 896/6351
f 896/6351 802/6349 853/6350
f 2790/6352 2589/6353 2628/6354
f 2628/6354 2589/6353 2301/6355
f 2628/6354 2301/6355 2357/6356
f 2628/6354 2357/6356 2283/6357
f 2283/6357 2357/6356 2281/6358
f 2790/6352 2628/6354 2721/6359
f 2790/6352 2721/6359 2681/6360
f 2628/6354 2283/6357 2432/6361
f 2628/6354 2432/6361 2721/6359
f 2432/6361 2283/6357 2318/6362
f 2721/6359 2432/6361 2622/6363
f 2622/6363 2432/6361 2318/6362
f 2622/6363 2318/6362 2309/6364
f 2721/6359 2622/6363 2722/6365
f 2622/6363 2309/6364 2448/6366
f 2622/6363 2448/6366 2722/6365
f 2722/6365 2448/6366 2725/6367
f 787/6368 933/6369 874/6370
f 781/6371 876/6372 787/6368
f 787/6368 876/6372 873/6373
f 787/6368 873/6373 933/6369
f 933/6369 873/6373 923/6299
f 787/6368 874/6370 883/6374
f 933/6369 923/6299 1047/6375
f 1047/6375 923/6299 1015/6297
f 1047/6375 1015/6297 1072/6307
f 1047/6375 1072/6307 1055/6376
f 1047/6375 1055/6376 933/6369
f 883/6374 874/6370 872/6377
f 883/6374 872/6377 908/6378
f 872/6377 874/6370 863/6379
f 883/6374 908/6378 992/6380
f 872/6377 863/6379 885/6381
f 872/6377 885/6381 908/6378
f 863/6379 874/6370 901/6382
f 863/6379 901/6382 885/6381
f 885/6381 901/6382 908/6378
f 901/6382 874/6370 933/6369
f 901/6382 933/6369 908/6378
f 908/6378 933/6369 980/6383
f 908/6378 980/6383 992/6380
f 980/6383 933/6369 1055/6376
f 992/6380 980/6383 1067/6384
f 1067/6384 980/6383 1055/6376
f 992/6380 1067/6384 1091/6385
f 1067/6384 1055/6376 1019/6386
f 1067/6384 1019/6386 1084/6387
f 1067/6384 1084/6387 1091/6385
f 1084/6387 1019/6386 1055/6376
f 1091/6385 1084/6387 1059/6388
f 1091/6385 1059/6388 1024/6389
f 1084/6387 1055/6376 1042/6390
f 1084/6387 1042/6390 1059/6388
f 1042/6390 1055/6376 1072/6307
f 1024/6389 1059/6388 959/6391
f 959/6391 1059/6388 1042/6390
f 1024/6389 959/6391 916/6392
f 1042/6390 1072/6307 970/6393
f 970/6393 1072/6307 1010/6310
f 959/6391 1042/6390 938/6394
f 938/6394 1042/6390 970/6393
f 916/6392 959/6391 852/6395
f 852/6395 959/6391 938/6394
f 938/6394 970/6393 856/6396
f 938/6394 856/6396 852/6395
f 970/6393 1010/6310 845/6397
f 970/6393 845/6397 856/6396
f 916/6392 852/6395 817/6398
f 916/6392 817/6398 791/6399
f 852/6395 856/6396 770/6400
f 770/6400 856/6396 845/6397
f 817/6398 852/6395 756/6401
f 756/6401 852/6395 770/6400
f 791/6399 817/6398 728/6402
f 728/6402 817/6398 756/6401
f 756/6401 770/6400 744/6403
f 756/6401 744/6403 728/6402
f 744/6403 770/6400 723/6404
f 744/6403 723/6404 728/6402
f 720/6405 770/6400 845/6397
f 770/6400 720/6405 723/6404
f 711/6406 791/6399 728/6402
f 791/6399 711/6406 660/6407
f 728/6402 723/6404 678/6408
f 728/6402 678/6408 711/6406
f 678/6408 723/6404 720/6405
f 660/6407 711/6406 544/6409
f 544/6409 711/6406 678/6408
f 660/6407 544/6409 506/6410
f 506/6410 544/6409 384/6411
f 384/6411 544/6409 434/6412
f 544/6409 678/6408 527/6413
f 544/6409 527/6413 434/6412
f 527/6413 678/6408 648/6414
f 648/6414 678/6408 647/6415
f 648/6414 647/6415 527/6413
f 647/6415 678/6408 720/6405
f 434/6412 527/6413 491/6416
f 434/6412 491/6416 404/6417
f 491/6416 527/6413 526/6418
f 404/6417 491/6416 500/6419
f 500/6419 491/6416 526/6418
f 526/6418 527/6413 537/6420
f 526/6418 537/6420 500/6419
f 537/6420 527/6413 533/6421
f 537/6420 533/6421 500/6419
f 533/6421 527/6413 647/6415
f 533/6421 647/6415 559/6422
f 533/6421 559/6422 500/6419
f 559/6422 647/6415 720/6405
f 448/6423 404/6417 500/6419
f 448/6423 500/6419 559/6422
f 404/6417 448/6423 390/6424
f 390/6424 448/6423 389/6425
f 389/6425 448/6423 387/6426
f 387/6426 448/6423 400/6427
f 448/6423 559/6422 476/6428
f 476/6428 559/6422 575/6429
f 575/6429 559/6422 720/6405
f 476/6428 575/6429 474/6430
f 474/6430 575/6429 513/6431
f 513/6431 575/6429 624/6432
f 513/6431 624/6432 555/6433
f 575/6429 720/6405 679/6434
f 575/6429 679/6434 624/6432
f 555/6433 624/6432 653/6435
f 653/6435 624/6432 679/6434
f 555/6433 653/6435 651/6325
f 651/6325 653/6435 716/6324
f 716/6324 653/6435 679/6434
f 679/6434 720/6405 774/6436
f 774/6436 720/6405 845/6397
f 716/6324 679/6434 706/6437
f 716/6324 706/6437 731/6438
f 706/6437 679/6434 750/6439
f 750/6439 679/6434 774/6436
f 731/6438 706/6437 734/6440
f 734/6440 706/6437 750/6439
f 716/6324 731/6438 762/6441
f 762/6441 731/6438 734/6440
f 762/6441 734/6440 750/6439
f 716/6324 762/6441 847/6323
f 750/6439 774/6436 790/6442
f 750/6439 790/6442 762/6441
f 847/6323 762/6441 811/6443
f 811/6443 762/6441 790/6442
f 847/6323 811/6443 918/6318
f 918/6318 811/6443 850/6444
f 811/6443 790/6442 821/6445
f 811/6443 821/6445 850/6444
f 918/6318 850/6444 897/6446
f 897/6446 850/6444 821/6445
f 918/6318 897/6446 944/6317
f 821/6445 790/6442 851/6447
f 821/6445 851/6447 897/6446
f 851/6447 790/6442 774/6436
f 897/6446 851/6447 944/6317
f 851/6447 774/6436 875/6448
f 851/6447 875/6448 944/6317
f 875/6448 774/6436 845/6397
f 944/6317 875/6448 1010/6310
f 1010/6310 875/6448 845/6397
f 867/6449 747/6450 735/6451
f 747/6450 867/6449 895/6452
f 735/6451 747/6450 686/6453
f 735/6451 686/6453 625/6454
f 747/6450 895/6452 772/6455
f 772/6455 895/6452 1005/6456
f 686/6453 747/6450 692/6457
f 692/6457 747/6450 772/6455
f 772/6455 1005/6456 893/6458
f 625/6454 686/6453 627/6459
f 627/6459 686/6453 692/6457
f 625/6454 627/6459 512/6460
f 772/6455 893/6458 759/6461
f 759/6461 893/6458 858/6462
f 692/6457 772/6455 719/6463
f 719/6463 772/6455 759/6461
f 759/6461 858/6462 709/6464
f 709/6464 858/6462 732/6465
f 719/6463 759/6461 681/6466
f 681/6466 759/6461 709/6464
f 692/6457 719/6463 622/6467
f 622/6467 719/6463 681/6466
f 692/6457 622/6467 583/6468
f 692/6457 583/6468 627/6459
f 622/6467 681/6466 505/6469
f 505/6469 681/6466 709/6464
f 583/6468 622/6467 432/6470
f 432/6470 622/6467 505/6469
f 627/6459 583/6468 465/6471
f 627/6459 465/6471 512/6460
f 465/6471 583/6468 432/6470
f 512/6460 465/6471 328/6472
f 328/6472 465/6471 305/6473
f 305/6473 465/6471 432/6470
f 305/6473 432/6470 291/6474
f 305/6473 291/6474 282/6475
f 291/6474 432/6470 391/6476
f 391/6476 432/6470 505/6469
f 291/6474 391/6476 332/6477
f 332/6477 391/6476 504/6478
f 391/6476 505/6469 538/6479
f 391/6476 538/6479 504/6478
f 538/6479 505/6469 709/6464
f 538/6479 709/6464 732/6465
f 538/6479 732/6465 504/6478
f 504/6478 732/6465 693/6480
f 504/6478 693/6480 506/6481
f 63/6482 33/6483 64/6484
f 63/6482 64/6484 70/6485
f 33/6483 63/6482 3467/6486
f 3467/6486 63/6482 70/6485
f 33/6483 3467/6486 3491/6487
f 3491/6487 3467/6486 3498/6488
f 33/6483 3491/6487 3488/6489
f 3488/6489 3491/6487 3498/6488
f 33/6483 3488/6489 3443/6490
f 52/6491 64/6484 33/6483
f 52/6491 33/6483 3443/6490
f 3443/6490 3488/6489 3464/6492
f 3443/6490 3464/6492 52/6491
f 3464/6492 3488/6489 3498/6488
f 64/6484 52/6491 105/6493
f 64/6484 105/6493 70/6485
f 70/6485 105/6493 169/6494
f 70/6485 169/6494 3529/6495
f 105/6493 52/6491 47/6496
f 47/6496 52/6491 3464/6492
f 105/6493 47/6496 50/6497
f 105/6493 50/6497 253/6498
f 47/6496 3464/6492 3490/6499
f 3490/6499 3464/6492 3498/6488
f 47/6496 3490/6499 50/6497
f 253/6498 50/6497 144/6500
f 144/6500 50/6497 3572/6501
f 3572/6501 50/6497 3584/6502
f 3584/6502 50/6497 3490/6499
f 3572/6501 3584/6502 3784/6503
f 3784/6503 3584/6502 3665/6504
f 3665/6504 3584/6502 3490/6499
f 3784/6503 3665/6504 3878/6505
f 3665/6504 3490/6499 3548/6506
f 3548/6506 3490/6499 3498/6488
f 3878/6505 3665/6504 3705/6507
f 3705/6507 3665/6504 3548/6506
f 3878/6505 3705/6507 3861/6508
f 3861/6508 3705/6507 3707/6509
f 3707/6509 3705/6507 3548/6506
f 3707/6509 3548/6506 3529/6495
f 3548/6506 3498/6488 3477/6510
f 3548/6506 3477/6510 3529/6495
f 3477/6510 3498/6488 3467/6486
f 3529/6495 3477/6510 70/6485
f 70/6485 3477/6510 3467/6486
f 319/6511 378/6512 374/6513
f 319/6511 374/6513 214/6514
f 319/6511 214/6514 249/6515
f 214/6514 374/6513 325/6516
f 325/6516 374/6513 499/6517
f 214/6514 325/6516 3469/6518
f 3469/6518 325/6516 80/6519
f 214/6514 3469/6518 3481/6520
f 214/6514 3481/6520 87/6521
f 368/6522 316/6523 375/6524
f 368/6522 375/6524 509/6525
f 375/6524 316/6523 317/6526
f 619/6527 509/6525 680/6528
f 317/6526 316/6523 250/6529
f 12/6530 250/6529 223/6531
f 250/6529 12/6530 116/6532
f 250/6529 116/6532 256/6533
f 250/6529 256/6533 317/6526
f 256/6533 116/6532 169/6534
f 317/6526 256/6533 323/6535
f 323/6535 256/6533 169/6534
f 363/6536 375/6524 317/6526
f 363/6536 317/6526 323/6535
f 375/6524 363/6536 490/6537
f 375/6524 490/6537 509/6525
f 509/6525 490/6537 610/6538
f 509/6525 610/6538 680/6528
f 680/6528 610/6538 736/6539
f 610/6538 490/6537 558/6540
f 610/6538 558/6540 736/6539
f 490/6537 363/6536 408/6541
f 490/6537 408/6541 558/6540
f 408/6541 363/6536 350/6542
f 350/6542 363/6536 323/6535
f 558/6540 408/6541 425/6543
f 425/6543 408/6541 350/6542
f 736/6539 558/6540 616/6544
f 616/6544 558/6540 425/6543
f 736/6539 616/6544 745/6545
f 736/6539 745/6545 840/6546
f 840/6546 745/6545 764/6547
f 764/6547 745/6545 656/6548
f 656/6548 745/6545 616/6544
f 764/6547 656/6548 651/6549
f 651/6549 656/6548 529/6550
f 529/6550 656/6548 514/6551
f 514/6551 656/6548 616/6544
f 529/6550 514/6551 388/6552
f 514/6551 616/6544 478/6553
f 514/6551 478/6553 388/6552
f 478/6553 616/6544 425/6543
f 388/6552 478/6553 367/6554
f 367/6554 478/6553 425/6543
f 367/6554 425/6543 350/6542
f 388/6552 367/6554 302/6555
f 367/6554 350/6542 320/6556
f 367/6554 320/6556 302/6555
f 320/6556 350/6542 323/6535
f 320/6556 323/6535 253/6557
f 320/6556 253/6557 302/6555
f 253/6557 323/6535 169/6534
f 253/6557 169/6534 105/6558
f 302/6555 253/6557 242/6559
f 302/6555 242/6559 301/6560
f 242/6559 253/6557 144/6561
f 318/6562 371/6563 301/6564
f 371/6563 318/6562 324/6565
f 324/6565 318/6562 277/6566
f 371/6563 324/6565 383/6567
f 383/6567 324/6565 277/6566
f 277/6566 318/6562 273/6568
f 273/6568 318/6562 301/6564
f 277/6566 273/6568 259/6569
f 336/6570 301/6564 371/6563
f 277/6566 259/6569 295/6571
f 277/6566 295/6571 383/6567
f 259/6569 273/6568 279/6572
f 259/6569 279/6572 295/6571
f 273/6568 301/6564 262/6573
f 273/6568 262/6573 279/6572
f 262/6573 301/6564 242/6574
f 262/6573 242/6574 205/6575
f 302/6576 301/6564 336/6570
f 262/6573 205/6575 225/6577
f 262/6573 225/6577 279/6572
f 225/6577 205/6575 206/6578
f 302/6576 336/6570 388/6579
f 225/6577 206/6578 211/6580
f 211/6580 206/6578 203/6581
f 225/6577 211/6580 216/6582
f 216/6582 211/6580 173/6583
f 225/6577 216/6582 251/6584
f 225/6577 251/6584 279/6572
f 251/6584 216/6582 167/6585
f 251/6584 167/6585 213/6586
f 279/6572 251/6584 310/6587
f 279/6572 310/6587 295/6571
f 295/6571 310/6587 397/6588
f 397/6588 310/6587 251/6584
f 295/6571 397/6588 383/6567
f 251/6584 213/6586 377/6589
f 251/6584 377/6589 397/6588
f 383/6567 397/6588 474/6590
f 474/6590 397/6588 377/6589
f 383/6567 474/6590 424/6591
f 474/6590 377/6589 476/6592
f 383/6567 424/6591 371/6563
f 424/6591 474/6590 513/6593
f 371/6563 424/6591 417/6594
f 371/6563 417/6594 336/6570
f 476/6592 377/6589 400/6595
f 400/6595 377/6589 213/6586
f 476/6592 400/6595 448/6596
f 400/6595 213/6586 245/6597
f 400/6595 245/6597 420/6598
f 336/6570 417/6594 428/6599
f 428/6599 417/6594 424/6591
f 336/6570 428/6599 461/6600
f 336/6570 461/6600 388/6579
f 388/6579 461/6600 529/6601
f 529/6601 461/6600 651/6602
f 651/6602 461/6600 555/6603
f 428/6599 424/6591 482/6604
f 482/6604 424/6591 513/6593
f 461/6600 428/6599 518/6605
f 461/6600 518/6605 555/6603
f 518/6605 428/6599 482/6604
f 522/6606 513/6593 555/6603
f 513/6593 522/6606 482/6604
f 522/6606 555/6603 518/6605
f 522/6606 518/6605 482/6604
f 342/6607 224/6608 252/6609
f 224/6608 342/6607 362/6610
f 224/6608 362/6610 270/6611
f 342/6607 252/6609 349/6612
f 270/6611 362/6610 404/6613
f 349/6612 252/6609 355/6614
f 349/6612 355/6614 343/6615
f 355/6614 252/6609 217/6616
f 355/6614 217/6616 343/6615
f 270/6611 404/6613 420/6617
f 270/6611 420/6617 245/6618
f 420/6617 404/6613 390/6619
f 420/6617 390/6619 400/6620
f 400/6620 390/6619 387/6621
f 242/6622 144/6623 68/6624
f 242/6622 68/6624 205/6625
f 68/6624 144/6623 3572/6626
f 205/6625 68/6624 75/6627
f 205/6625 75/6627 151/6628
f 205/6625 151/6628 206/6629
f 206/6629 151/6628 203/6630
f 151/6628 75/6627 73/6631
f 203/6630 151/6628 131/6632
f 131/6632 151/6628 73/6631
f 203/6630 131/6632 173/6633
f 203/6630 173/6633 211/6634
f 131/6632 73/6631 114/6635
f 131/6632 114/6635 173/6633
f 73/6631 75/6627 56/6636
f 73/6631 56/6636 114/6635
f 56/6636 75/6627 68/6624
f 173/6633 114/6635 167/6637
f 173/6633 167/6637 216/6638
f 167/6637 114/6635 98/6639
f 98/6639 114/6635 56/6636
f 167/6637 98/6639 213/6640
f 213/6640 98/6639 11/6641
f 11/6641 98/6639 56/6636
f 56/6636 68/6624 3466/6642
f 3466/6642 68/6624 3572/6626
f 11/6641 56/6636 3512/6643
f 56/6636 3466/6642 3492/6644
f 56/6636 3492/6644 3512/6643
f 3492/6644 3466/6642 3493/6645
f 3493/6645 3466/6642 3572/6626
f 3492/6644 3493/6645 3497/6646
f 3492/6644 3497/6646 3512/6643
f 3493/6645 3572/6626 3587/6647
f 3587/6647 3572/6626 3673/6648
f 3497/6646 3493/6645 3514/6649
f 3514/6649 3493/6645 3587/6647
f 3512/6643 3497/6646 3513/6650
f 3513/6650 3497/6646 3514/6649
f 3587/6647 3673/6648 3645/6651
f 3645/6651 3673/6648 3658/6652
f 3514/6649 3587/6647 3615/6653
f 3615/6653 3587/6647 3645/6651
f 3645/6651 3658/6652 3641/6654
f 3645/6651 3641/6654 3615/6653
f 3641/6654 3658/6652 3668/6655
f 3514/6649 3615/6653 3578/6656
f 3514/6649 3578/6656 3513/6650
f 3578/6656 3615/6653 3641/6654
f 3513/6650 3578/6656 3591/6657
f 3591/6657 3578/6656 3641/6654
f 3591/6657 3641/6654 3668/6655
f 3513/6650 3591/6657 3512/6643
f 3591/6657 3668/6655 3580/6658
f 3591/6657 3580/6658 3512/6643
f 3580/6658 3668/6655 3752/6659
f 3512/6643 3580/6658 11/6641
f 3580/6658 3752/6659 3657/6660
f 11/6641 3580/6658 40/6661
f 40/6661 3580/6658 3657/6660
f 40/6661 3657/6660 21/6662
f 11/6641 40/6661 213/6640
f 40/6661 21/6662 154/6663
f 40/6661 154/6663 213/6640
f 213/6640 154/6663 245/6664
f 245/6664 154/6663 160/6665
f 2792/6666 2721/6667 2764/6668
f 2721/6667 2792/6666 2681/6669
f 2764/6668 2721/6667 2722/6670
f 2764/6668 2722/6670 2725/6671
f 2681/6669 2792/6666 2630/6672
f 2681/6669 2630/6672 2605/6673
f 2792/6666 2764/6668 2791/6674
f 2792/6666 2791/6674 2630/6672
f 2605/6673 2630/6672 2346/6675
f 2630/6672 2791/6674 2783/6676
f 2630/6672 2783/6676 2632/6677
f 2630/6672 2632/6677 2346/6675
f 2783/6676 2791/6674 2746/6678
f 2746/6678 2791/6674 2764/6668
f 2783/6676 2746/6678 2762/6679
s 0
f 2746/6678 2764/6668 2732/6680
s 1
f 2732/6680 2764/6668 2736/6681
f 2746/6678 2732/6680 2708/6682
f 2346/6675 2632/6677 2294/6683
f 2346/6675 2294/6683 2302/6684
f 2281/6685 2357/6686 2346/6675
f 2281/6685 2346/6675 2297/6687
f 2297/6687 2346/6675 2302/6684
f 2297/6687 2302/6684 2299/6688
f 2297/6687 2299/6688 2278/6689
f 2299/6688 2302/6684 2269/6690
f 2299/6688 2269/6690 2278/6689
f 390/6691 362/6692 342/6693
f 390/6691 342/6693 389/6694
f 389/6694 342/6693 387/6695
f 387/6695 342/6693 349/6696
f 2218/6697 2254/6698 2197/6699
f 2197/6699 2254/6698 2175/6700
f 2175/6700 2254/6698 2128/6701
f 2175/6700 2128/6701 2087/6702
f 2197/6699 2175/6700 2142/6703
f 2197/6699 2142/6703 2516/6704
f 2516/6704 2142/6703 2521/6705
f 2521/6705 2142/6703 2175/6700
f 2516/6704 2521/6705 2697/6706
f 2175/6700 2087/6702 2081/6707
f 2697/6706 2521/6705 2416/6708
f 2416/6708 2521/6705 2175/6700
f 2732/6709 2733/6710 2697/6706
f 2697/6706 2416/6708 2713/6711
f 2697/6706 2713/6711 2732/6709
f 2416/6708 2175/6700 2168/6712
f 2713/6711 2416/6708 2473/6713
f 2473/6713 2416/6708 2168/6712
f 2732/6709 2713/6711 2744/6714
f 2732/6709 2744/6714 2708/6715
f 2713/6711 2473/6713 2430/6716
f 2430/6716 2473/6713 2168/6712
f 2744/6714 2713/6711 2553/6717
f 2553/6717 2713/6711 2430/6716
f 2430/6716 2168/6712 2124/6718
f 2430/6716 2124/6718 2186/6719
f 2430/6716 2186/6719 2553/6717
f 2124/6718 2168/6712 2145/6720
f 2124/6718 2145/6720 2186/6719
f 2553/6717 2186/6719 2177/6721
f 2177/6721 2186/6719 2145/6720
f 2561/6722 2744/6714 2553/6717
f 2744/6714 2561/6722 2708/6715
f 2553/6717 2177/6721 2215/6723
f 2215/6723 2177/6721 2145/6720
f 2553/6717 2215/6723 2561/6722
f 2215/6723 2145/6720 2161/6724
f 2215/6723 2161/6724 2561/6722
f 2708/6715 2561/6722 2387/6725
f 2387/6725 2561/6722 2161/6724
f 2708/6715 2387/6725 2571/6726
f 2161/6724 2145/6720 2110/6727
f 2110/6727 2145/6720 2168/6712
f 2161/6724 2110/6727 2387/6725
f 2110/6727 2168/6712 2175/6700
f 2110/6727 2175/6700 2081/6707
f 2387/6725 2110/6727 2264/6728
f 2387/6725 2264/6728 2571/6726
s 0
f 2110/6727 2081/6707 2116/6729
s 1
f 2110/6727 2116/6729 2264/6728
f 2571/6726 2264/6728 2259/6730
f 2259/6730 2264/6728 2116/6729
f 2571/6726 2259/6730 2555/6731
f 2555/6731 2259/6730 2204/6732
f 2204/6732 2259/6730 2116/6729
f 2204/6732 2116/6729 2165/6733
f 2115/6734 2116/6729 2081/6707
f 2116/6729 2115/6734 2165/6733
f 2115/6734 2081/6707 2093/6735
f 2165/6733 2115/6734 2464/6736
f 2115/6734 2093/6735 2401/6737
f 2115/6734 2401/6737 2464/6736
f 217/6738 252/6739 77/6740
f 217/6738 77/6740 3565/6741
f 3565/6741 77/6740 3670/6742
f 3670/6742 77/6740 25/6743
f 3670/6742 25/6743 3581/6744
f 77/6740 252/6739 156/6745
f 77/6740 156/6745 25/6743
f 3581/6744 25/6743 3445/6746
f 3445/6746 25/6743 156/6745
f 3581/6744 3445/6746 3595/6747
f 3581/6744 3595/6747 3596/6748
f 3596/6748 3595/6747 3593/6749
f 3593/6749 3595/6747 3445/6746
f 3596/6748 3593/6749 3601/6750
f 3601/6750 3593/6749 3681/6751
f 3681/6751 3593/6749 3657/6752
f 3657/6752 3593/6749 21/6753
f 21/6753 3593/6749 3445/6746
f 21/6753 3445/6746 150/6754
f 150/6754 3445/6746 156/6745
f 21/6753 150/6754 154/6755
f 150/6754 156/6745 142/6756
f 142/6756 156/6745 252/6739
f 154/6755 150/6754 153/6757
f 153/6757 150/6754 142/6756
f 154/6755 153/6757 160/6758
f 142/6756 252/6739 145/6759
f 142/6756 145/6759 153/6757
f 145/6759 252/6739 224/6760
f 145/6759 224/6760 270/6761
f 153/6757 145/6759 157/6762
f 153/6757 157/6762 160/6758
f 157/6762 145/6759 270/6761
f 160/6758 157/6762 245/6763
f 245/6763 157/6762 270/6761
f 2735/6764 2708/6765 2571/6766
f 2735/6764 2571/6766 2555/6767
f 2708/6765 2735/6764 2746/6768
f 2735/6764 2555/6767 2517/6769
f 2517/6769 2555/6767 2204/6770
f 2746/6768 2735/6764 2763/6771
f 2763/6771 2735/6764 2517/6769
f 2517/6769 2204/6770 2242/6772
f 2517/6769 2242/6772 2763/6771
f 2269/6773 2236/6774 2242/6772
f 2242/6772 2236/6774 2165/6775
f 2242/6772 2165/6775 2537/6776
f 2242/6772 2537/6776 2763/6771
f 2537/6776 2165/6775 2464/6777
f 2802/6778 2746/6768 2763/6771
f 2802/6778 2763/6771 2537/6776
f 2802/6778 2537/6776 2464/6777
f 2802/6778 2464/6777 2401/6779
f 2746/6768 2802/6778 2762/6780
f 2762/6780 2802/6778 2851/6781
f 2851/6781 2802/6778 2951/6782
f 2951/6782 2802/6778 2901/6783
f 2901/6783 2802/6778 2794/6784
f 2811/6785 2803/6786 2381/6787
f 2811/6785 2381/6787 2800/6788
f 2800/6788 2381/6787 2805/6789
f 2805/6789 2381/6787 2339/6790
f 2339/6790 2381/6787 1984/6791
f 1984/6791 2381/6787 1972/6792
f 1984/6791 1972/6792 1977/6793
f 1984/6791 1977/6793 1892/6794
f 1984/6791 1892/6794 1834/6795
f 1834/6795 1892/6794 1822/6796
f 1984/6791 1834/6795 1924/6797
f 1984/6791 1924/6797 2339/6790
f 1924/6797 1834/6795 1853/6798
f 1924/6797 1853/6798 1902/6799
f 1924/6797 1902/6799 1922/6800
f 1924/6797 1922/6800 1996/6801
f 1924/6797 1996/6801 2339/6790
f 1996/6801 1922/6800 1943/6802
f 1996/6801 1943/6802 2020/6803
f 2020/6803 1943/6802 2001/6804
f 1996/6801 2020/6803 2021/6805
f 2020/6803 2001/6804 2053/6806
f 2020/6803 2053/6806 2021/6805
f 1996/6801 2021/6805 2052/6807
f 1996/6801 2052/6807 2339/6790
f 2021/6805 2053/6806 2085/6808
f 2052/6807 2021/6805 2213/6809
f 2213/6809 2021/6805 2085/6808
f 2339/6790 2052/6807 2386/6810
f 2386/6810 2052/6807 2213/6809
f 2411/6811 2053/6806 2001/6804
f 2411/6811 2001/6804 2294/6812
f 2411/6811 2294/6812 2632/6813
f 2213/6809 2085/6808 2413/6814
f 2413/6814 2085/6808 2053/6806
f 2386/6810 2213/6809 2420/6815
f 2420/6815 2213/6809 2413/6814
f 2413/6814 2053/6806 2424/6816
f 2413/6814 2424/6816 2420/6815
f 2424/6816 2053/6806 2411/6811
f 2420/6815 2424/6816 2436/6817
f 2436/6817 2424/6816 2411/6811
f 2420/6815 2436/6817 2386/6810
f 2386/6810 2436/6817 2654/6818
f 2386/6810 2654/6818 2339/6790
f 2436/6817 2411/6811 2641/6819
f 2436/6817 2641/6819 2654/6818
f 2641/6819 2411/6811 2695/6820
f 2695/6820 2411/6811 2632/6813
f 2654/6818 2641/6819 2663/6821
f 2663/6821 2641/6819 2695/6820
f 2339/6790 2654/6818 2804/6822
f 2339/6790 2804/6822 2805/6789
f 2805/6789 2804/6822 2930/6823
f 2804/6822 2654/6818 2825/6824
f 2825/6824 2654/6818 2663/6821
f 2930/6823 2804/6822 2882/6825
f 2882/6825 2804/6822 2825/6824
f 2930/6823 2882/6825 2986/6826
f 2986/6826 2882/6825 2902/6827
f 2882/6825 2825/6824 2840/6828
f 2825/6824 2663/6821 2814/6829
f 2825/6824 2814/6829 2840/6828
f 2814/6829 2663/6821 2695/6820
f 2882/6825 2840/6828 2854/6830
f 2882/6825 2854/6830 2902/6827
f 2854/6830 2840/6828 2814/6829
f 2814/6829 2695/6820 2834/6831
f 2814/6829 2834/6831 2854/6830
f 2854/6830 2834/6831 2902/6827
f 2834/6831 2695/6820 2632/6813
f 2902/6827 2834/6831 2903/6832
f 2834/6831 2632/6813 2783/6833
f 2903/6832 2834/6831 2889/6834
f 2889/6834 2834/6831 2783/6833
f 2889/6834 2783/6833 2851/6835
f 2851/6835 2783/6833 2762/6836
f 2889/6834 2851/6835 2951/6837
f 2889/6834 2951/6837 3073/6838
f 2930/6839 2893/6840 2805/6841
f 2893/6840 2930/6839 2989/6842
f 2989/6842 2930/6839 3059/6843
f 2989/6842 3059/6843 3001/6844
f 2989/6842 3001/6844 2952/6845
f 3059/6843 2930/6839 3029/6846
f 3029/6846 2930/6839 2986/6847
f 2900/6848 2952/6845 2918/6849
f 2918/6849 2952/6845 2978/6850
f 2978/6850 2952/6845 3001/6844
f 2918/6849 2978/6850 2935/6851
f 2935/6851 2978/6850 2972/6852
f 2935/6851 2972/6852 3076/6853
f 3076/6853 2972/6852 3108/6854
f 2972/6852 2978/6850 3012/6855
f 2972/6852 3012/6855 3108/6854
f 3012/6855 2978/6850 3001/6844
f 3108/6854 3012/6855 3194/6856
f 3194/6856 3012/6855 3001/6844
f 3194/6856 3001/6844 3059/6843
f 3194/6856 3059/6843 3223/6857
f 3194/6856 3223/6857 3336/6858
f 3336/6858 3223/6857 3338/6859
f 3223/6857 3059/6843 3307/6860
f 3223/6857 3307/6860 3338/6859
f 3307/6860 3059/6843 3029/6846
f 3338/6859 3307/6860 3409/6861
f 3307/6860 3029/6846 3120/6862
f 3120/6862 3029/6846 3049/6863
f 3049/6863 3029/6846 2986/6847
f 3307/6860 3120/6862 3280/6864
f 3049/6863 2986/6847 2975/6865
f 2975/6865 2986/6847 2936/6866
f 2936/6866 2986/6847 2902/6867
f 3049/6863 2975/6865 2979/6868
f 2936/6866 2902/6867 2896/6869
f 2975/6865 2936/6866 2911/6870
f 2911/6870 2936/6866 2896/6869
f 2975/6865 2911/6870 2979/6868
f 2896/6869 2902/6867 2903/6871
f 3049/6863 2979/6868 3014/6872
f 3049/6863 3014/6872 3120/6862
f 2979/6868 2911/6870 2950/6873
f 2950/6873 2911/6870 2896/6869
f 2979/6868 2950/6873 3014/6872
f 2950/6873 2896/6869 2903/6871
f 3014/6872 2950/6873 2985/6874
f 2985/6874 2950/6873 2903/6871
f 3014/6872 2985/6874 3013/6875
f 3014/6872 3013/6875 3120/6862
f 2985/6874 2903/6871 3020/6876
f 2985/6874 3020/6876 3013/6875
f 3013/6875 3020/6876 3120/6862
f 3020/6876 2903/6871 2889/6877
f 3020/6876 2889/6877 3055/6878
f 3055/6878 2889/6877 3073/6879
f 3120/6862 3020/6876 3105/6880
f 3105/6880 3020/6876 3055/6878
f 3120/6862 3105/6880 3182/6881
f 3120/6862 3182/6881 3280/6864
f 3105/6880 3055/6878 3037/6882
f 3182/6881 3105/6880 3085/6883
f 3085/6883 3105/6880 3037/6882
f 3280/6864 3182/6881 3132/6884
f 3132/6884 3182/6881 3085/6883
f 3085/6883 3037/6882 3032/6885
f 3085/6883 3032/6885 3132/6884
f 3037/6882 3055/6878 3072/6886
f 3032/6885 3037/6882 3068/6887
f 3068/6887 3037/6882 3072/6886
f 3072/6886 3055/6878 3153/6888
f 3153/6888 3055/6878 3073/6879
f 3068/6887 3072/6886 3136/6889
f 3136/6889 3072/6886 3153/6888
f 3032/6885 3068/6887 3113/6890
f 3032/6885 3113/6890 3132/6884
f 3113/6890 3068/6887 3136/6889
f 3132/6884 3113/6890 3254/6891
f 3254/6891 3113/6890 3136/6889
f 3132/6884 3254/6891 3280/6864
f 3181/6892 3153/6888 3073/6879
f 3280/6864 3254/6891 3362/6893
f 3280/6864 3362/6893 3307/6860
f 3254/6891 3136/6889 3217/6894
f 3217/6894 3136/6889 3153/6888
f 3254/6891 3217/6894 3362/6893
f 3217/6894 3153/6888 3245/6895
f 3217/6894 3245/6895 3362/6893
f 3245/6895 3153/6888 3181/6892
f 3307/6860 3362/6893 3409/6861
f 3256/6896 3181/6892 3073/6879
f 3245/6895 3181/6892 3292/6897
f 3245/6895 3292/6897 3362/6893
f 3181/6892 3256/6896 3298/6898
f 3292/6897 3181/6892 3202/6899
f 3202/6899 3181/6892 3298/6898
f 3362/6893 3292/6897 3367/6900
f 3362/6893 3367/6900 3409/6861
f 3292/6897 3202/6899 3175/6901
f 3292/6897 3175/6901 3367/6900
f 3175/6901 3202/6899 3200/6902
f 3200/6902 3202/6899 3298/6898
f 3367/6900 3175/6901 3348/6903
f 3348/6903 3175/6901 3200/6902
f 3409/6861 3367/6900 3416/6904
f 3416/6904 3367/6900 3348/6903
f 3348/6903 3200/6902 3349/6905
f 3348/6903 3349/6905 3416/6904
f 3349/6905 3200/6902 3298/6898
f 3409/6861 3416/6904 3433/6906
f 3409/6861 3433/6906 3426/6907
f 3416/6904 3349/6905 3400/6908
f 3400/6908 3349/6905 3298/6898
f 3416/6904 3400/6908 3433/6906
f 3400/6908 3298/6898 3372/6909
f 3433/6906 3400/6908 3431/6910
f 3431/6910 3400/6908 3372/6909
f 3372/6909 3298/6898 3296/6911
f 3296/6911 3298/6898 3256/6896
f 3431/6910 3372/6909 3353/6912
f 3353/6912 3372/6909 3296/6911
f 3433/6906 3431/6910 3428/6913
f 3433/6906 3428/6913 3407/6914
f 3296/6911 3256/6896 3308/6915
f 3308/6915 3256/6896 3290/6916
f 3353/6912 3296/6911 3219/6917
f 3431/6910 3353/6912 3366/6918
f 3366/6918 3353/6912 3219/6917
f 3431/6910 3366/6918 3425/6919
f 3431/6910 3425/6919 3428/6913
f 3366/6918 3219/6917 3355/6920
f 3366/6918 3355/6920 3425/6919
f 3219/6917 3296/6911 3320/6921
f 3219/6917 3320/6921 3355/6920
f 3320/6921 3296/6911 3308/6915
f 3355/6920 3320/6921 3399/6922
f 3355/6920 3399/6922 3425/6919
f 3399/6922 3320/6921 3308/6915
f 3425/6919 3399/6922 3376/6923
f 3376/6923 3399/6922 3308/6915
f 3425/6919 3376/6923 3403/6924
f 3425/6919 3403/6924 3428/6913
f 3376/6923 3308/6915 3284/6925
f 3403/6924 3376/6923 3302/6926
f 3302/6926 3376/6923 3284/6925
f 3284/6925 3308/6915 3222/6927
f 3284/6925 3222/6927 3302/6926
f 3222/6927 3308/6915 3228/6928
f 3403/6924 3302/6926 3395/6929
f 3403/6924 3395/6929 3428/6913
f 3302/6926 3222/6927 3232/6930
f 3302/6926 3232/6930 3395/6929
f 3395/6929 3232/6930 3331/6931
f 3232/6930 3222/6927 3309/6932
f 3232/6930 3309/6932 3331/6931
f 3309/6932 3222/6927 3177/6933
f 3309/6932 3177/6933 3340/6934
f 3331/6931 3309/6932 3392/6935
f 3331/6931 3392/6935 3395/6929
f 3392/6935 3309/6932 3340/6934
f 3395/6929 3392/6935 3428/6913
f 3392/6935 3340/6934 3358/6936
f 3428/6913 3392/6935 3402/6937
f 3402/6937 3392/6935 3358/6936
f 3428/6913 3402/6937 3407/6914
f 3407/6914 3402/6937 3358/6936
f 1943/6938 1922/6939 1934/6940
f 1934/6940 1922/6939 1928/6941
f 1928/6941 1922/6939 1902/6942
f 1943/6938 1934/6940 1912/6943
f 1943/6938 1912/6943 2001/6944
f 1928/6941 1902/6942 1905/6945
f 1905/6945 1902/6942 1853/6946
f 1934/6940 1928/6941 1929/6947
f 1929/6947 1928/6941 1905/6945
f 1912/6943 1934/6940 1898/6948
f 1898/6948 1934/6940 1929/6947
f 1929/6947 1905/6945 1872/6949
f 1872/6949 1905/6945 1853/6946
f 1929/6947 1872/6949 1898/6948
f 1919/6950 2001/6944 1912/6943
f 2001/6944 1919/6950 2294/6951
f 1912/6943 1898/6948 1873/6952
f 1912/6943 1873/6952 1919/6950
f 1898/6948 1872/6949 1862/6953
f 1898/6948 1862/6953 1873/6952
f 1862/6953 1872/6949 1835/6954
f 1835/6954 1872/6949 1853/6946
f 1862/6953 1835/6954 1817/6955
f 1862/6953 1817/6955 1873/6952
f 1835/6954 1853/6946 1756/6956
f 1835/6954 1756/6956 1817/6955
f 1756/6956 1853/6946 1834/6957
f 2026/6958 2294/6951 1919/6950
f 2294/6951 2026/6958 2302/6959
f 2302/6959 2026/6958 2004/6960
f 2302/6959 2004/6960 2269/6961
f 2026/6958 1919/6950 1893/6962
f 2026/6958 1893/6962 2004/6960
f 1893/6962 1919/6950 1873/6952
f 2004/6960 1893/6962 1861/6963
f 1861/6963 1893/6962 1800/6964
f 1800/6964 1893/6962 1873/6952
f 1800/6964 1873/6952 1772/6965
f 1772/6965 1873/6952 1823/6966
f 1823/6966 1873/6952 1817/6955
f 1800/6964 1772/6965 1802/6967
f 1772/6965 1823/6966 1796/6968
f 1772/6965 1796/6968 1802/6967
f 1823/6966 1817/6955 1847/6969
f 1823/6966 1847/6969 1796/6968
f 1847/6969 1817/6955 1818/6970
f 1818/6970 1817/6955 1756/6956
f 1796/6968 1847/6969 1831/6971
f 1831/6971 1847/6969 1818/6970
f 1802/6967 1796/6968 1780/6972
f 1780/6972 1796/6968 1831/6971
f 1802/6967 1780/6972 1761/6973
f 1831/6971 1818/6970 1750/6974
f 1750/6974 1818/6970 1756/6956
f 1780/6972 1831/6971 1754/6975
f 1754/6975 1831/6971 1750/6974
f 1761/6973 1780/6972 1742/6976
f 1742/6976 1780/6972 1754/6975
f 1802/6967 1761/6973 1740/6977
f 1740/6977 1761/6973 1742/6976
f 1802/6967 1740/6977 1800/6964
f 1750/6974 1756/6956 1690/6978
f 1742/6976 1754/6975 1694/6979
f 1694/6979 1754/6975 1750/6974
f 1740/6977 1742/6976 1718/6980
f 1718/6980 1742/6976 1694/6979
f 1800/6964 1740/6977 1675/6981
f 1675/6981 1740/6977 1718/6980
f 1800/6964 1675/6981 1670/6982
f 1670/6982 1675/6981 1598/6983
f 1694/6979 1750/6974 1633/6984
f 1694/6979 1633/6984 1718/6980
f 1633/6984 1750/6974 1690/6978
f 1598/6983 1675/6981 1587/6985
f 1636/6986 1690/6978 1756/6956
f 1690/6978 1636/6986 1633/6984
f 1636/6986 1756/6956 1834/6957
f 1718/6980 1633/6984 1664/6987
f 1718/6980 1664/6987 1675/6981
f 1587/6985 1675/6981 1655/6988
f 1655/6988 1675/6981 1664/6987
f 1587/6985 1655/6988 1656/6989
f 1664/6987 1633/6984 1609/6990
f 1655/6988 1664/6987 1711/6991
f 1655/6988 1711/6991 1656/6989
f 1609/6990 1633/6984 1539/6992
f 1539/6992 1633/6984 1636/6986
f 1664/6987 1609/6990 1638/6993
f 1664/6987 1638/6993 1711/6991
f 1638/6993 1609/6990 1539/6992
f 1711/6991 1638/6993 1696/6994
f 1711/6991 1696/6994 1656/6989
f 1638/6993 1539/6992 1573/6995
f 1638/6993 1573/6995 1696/6994
f 1656/6989 1696/6994 1663/6996
f 1663/6996 1696/6994 1573/6995
f 1663/6996 1573/6995 1656/6989
f 1521/6997 1587/6985 1656/6989
f 1521/6997 1656/6989 1573/6995
f 1587/6985 1521/6997 1531/6998
f 1531/6998 1521/6997 1426/6999
f 1521/6997 1573/6995 1414/7000
f 1521/6997 1414/7000 1426/6999
f 1414/7000 1573/6995 1539/6992
f 1426/6999 1414/7000 1346/7001
f 1346/7001 1414/7000 1397/7002
f 1397/7002 1414/7000 1539/6992
f 1397/7002 1539/6992 1636/6986
f 1397/7002 1636/6986 1497/7003
f 1397/7002 1497/7003 1387/7004
f 1387/7004 1497/7003 1463/7005
f 1463/7005 1497/7003 1618/7006
f 1463/7005 1618/7006 1622/7007
f 1618/7006 1497/7003 1624/7008
f 1624/7008 1497/7003 1636/6986
f 1618/7006 1624/7008 1712/7009
f 1712/7009 1624/7008 1681/7010
f 1681/7010 1624/7008 1636/6986
f 1712/7009 1681/7010 1738/7011
f 1738/7011 1681/7010 1678/7012
f 1678/7012 1681/7010 1749/7013
f 1749/7013 1681/7010 1636/6986
f 1749/7013 1636/6986 1834/6957
f 1749/7013 1834/6957 1822/7014
f 1749/7013 1822/7014 1819/7015
f 1977/7016 1972/7017 1998/7018
f 1998/7018 1972/7017 1986/7019
f 1998/7018 1986/7019 2184/7020
f 1977/7016 1998/7018 1939/7021
f 1939/7021 1998/7018 2184/7020
f 1977/7016 1939/7021 1892/7022
f 1892/7022 1939/7021 1838/7023
f 1892/7022 1838/7023 1822/7024
f 1829/7025 1819/7026 1822/7024
f 1829/7025 1822/7024 1838/7023
f 1829/7025 1838/7023 1763/7027
f 1829/7025 1763/7027 1738/7028
f 1838/7023 1939/7021 1957/7029
f 1738/7028 1763/7027 1712/7030
f 1957/7029 1939/7021 2184/7020
f 1712/7030 1763/7027 1700/7031
f 1712/7030 1700/7031 1618/7032
f 1618/7032 1700/7031 1613/7033
f 1613/7033 1700/7031 1720/7034
f 1720/7034 1700/7031 1763/7027
f 1613/7033 1720/7034 1648/7035
f 1840/7036 1763/7027 1838/7023
f 1763/7027 1840/7036 1720/7034
f 1840/7036 1838/7023 1957/7029
f 1648/7035 1720/7034 1784/7037
f 1784/7037 1720/7034 1840/7036
f 1648/7035 1784/7037 1877/7038
f 1784/7037 1840/7036 1916/7039
f 1916/7039 1840/7036 1957/7029
f 1784/7037 1916/7039 1877/7038
f 1916/7039 1957/7029 2238/7040
f 2238/7040 1957/7029 2542/7041
f 2542/7041 1957/7029 2184/7020
f 1916/7039 2238/7040 2109/7042
f 1916/7039 2109/7042 1877/7038
f 2109/7042 2238/7040 2782/7043
f 2782/7043 2238/7040 2542/7041
s 0
f 1877/7038 2109/7042 2888/7044
s 1
f 2888/7044 2109/7042 2782/7043
f 1686/7045 1648/7035 1877/7038
f 1648/7035 1686/7045 1542/7046
f 1686/7045 1877/7038 2056/7047
f 2056/7047 1877/7038 2888/7044
f 1542/7046 1686/7045 1709/7048
f 1709/7048 1686/7045 2056/7047
f 1542/7046 1709/7048 1513/7049
f 1513/7049 1709/7048 1607/7050
f 1607/7050 1709/7048 1794/7051
f 1607/7050 1794/7051 1731/7052
f 1709/7048 2056/7047 2017/7053
f 1709/7048 2017/7053 1794/7051
f 2017/7053 2056/7047 2960/7054
f 2960/7054 2056/7047 2888/7044
f 1794/7051 2017/7053 2507/7055
f 2507/7055 2017/7053 2960/7054
f 1731/7052 1794/7051 1864/7056
f 1731/7052 1864/7056 1779/7057
f 2960/7054 2888/7044 3243/7058
f 3243/7058 2888/7044 3155/7059
f 2960/7054 3243/7058 3231/7060
f 3155/7059 2888/7044 2957/7061
f 2960/7054 3231/7060 3052/7062
f 2957/7061 2888/7044 2782/7043
f 2960/7054 3052/7062 2507/7055
f 2957/7061 2782/7043 2853/7063
f 2507/7055 3052/7062 2887/7064
f 2853/7063 2782/7043 2542/7041
f 2507/7055 2887/7064 2649/7065
f 2649/7065 2887/7064 2670/7066
f 2507/7055 2649/7065 2002/7067
f 2002/7067 2649/7065 2670/7066
f 2507/7055 2002/7067 1794/7051
f 1794/7051 2002/7067 1864/7056
f 2002/7067 2670/7066 1907/7068
f 2002/7067 1907/7068 1864/7056
f 1907/7068 2670/7066 2051/7069
f 1864/7056 1907/7068 1779/7057
f 1907/7068 2051/7069 1897/7070
f 1907/7068 1897/7070 1779/7057
f 2696/7071 2853/7063 2542/7041
f 2853/7063 2696/7071 2847/7072
f 2853/7063 2847/7072 2900/7073
f 2696/7071 2542/7041 2672/7074
f 2672/7074 2542/7041 2184/7020
f 2847/7072 2696/7071 2789/7075
f 2789/7075 2696/7071 2672/7074
f 2900/7073 2847/7072 2884/7076
f 2884/7076 2847/7072 2789/7075
f 2900/7073 2884/7076 2952/7077
f 2952/7077 2884/7076 2989/7078
f 2989/7078 2884/7076 2893/7079
f 2893/7079 2884/7076 2805/7080
f 2805/7080 2884/7076 2789/7075
f 2805/7080 2789/7075 2800/7081
f 2800/7081 2789/7075 2672/7074
f 2711/7082 2672/7074 2184/7020
f 2672/7074 2711/7082 2800/7081
f 2711/7082 2184/7020 2435/7083
f 2711/7082 2435/7083 2803/7084
f 2711/7082 2803/7084 2800/7081
f 2800/7081 2803/7084 2811/7085
f 2204/7086 2278/7087 2269/7088
f 2204/7086 2269/7088 2236/7089
f 2794/7090 2802/7091 2401/7092
f 2012/7093 2269/7094 2004/7095
f 2269/7094 2012/7093 2242/7096
f 2242/7096 2012/7093 2204/7097
f 1678/7098 1717/7099 1738/7100
f 1738/7100 1717/7099 1829/7101
f 1717/7099 1678/7098 1749/7102
f 1829/7101 1717/7099 1790/7103
f 1790/7103 1717/7099 1749/7102
f 1829/7101 1790/7103 1819/7104
f 1819/7104 1790/7103 1749/7102
f 2866/7105 2901/7106 2794/7107
f 1861/7108 1800/7109 1679/7110
f 1679/7110 1800/7109 1670/7111
f 1679/7110 1670/7111 1598/7112
f 1679/7110 1598/7112 1536/7113
f 1536/7113 1598/7112 1517/7114
f 1536/7113 1517/7114 1473/7115
f 1536/7113 1473/7115 1435/7116
f 1435/7116 1473/7115 1290/7117
f 1679/7110 1536/7113 1415/7118
f 1679/7110 1415/7118 1775/7119
f 1536/7113 1435/7116 1368/7120
f 1368/7120 1435/7116 1290/7117
f 1536/7113 1368/7120 1415/7118
f 1775/7119 1415/7118 1246/7121
f 1246/7121 1415/7118 1207/7122
f 1246/7121 1207/7122 859/7123
f 1207/7122 1415/7118 1008/7124
f 1207/7122 1008/7124 859/7123
f 1415/7118 1368/7120 1259/7125
f 1415/7118 1259/7125 1008/7124
f 1259/7125 1368/7120 1282/7126
f 1282/7126 1368/7120 1290/7117
f 1008/7124 1259/7125 943/7127
f 943/7127 1259/7125 1282/7126
f 859/7123 1008/7124 542/7128
f 859/7123 542/7128 325/7129
f 325/7129 542/7128 80/7130
f 542/7128 1008/7124 598/7131
f 598/7131 1008/7124 943/7127
f 80/7130 542/7128 240/7132
f 240/7132 542/7128 598/7131
f 80/7130 240/7132 3685/7133
f 3685/7133 240/7132 15/7134
f 240/7132 598/7131 275/7135
f 240/7132 275/7135 15/7134
f 275/7135 598/7131 943/7127
f 15/7134 275/7135 90/7136
f 15/7134 90/7136 3451/7137
f 3451/7137 90/7136 28/7138
f 90/7136 275/7135 8/7139
f 8/7139 275/7135 48/7140
f 48/7140 275/7135 237/7141
f 48/7140 237/7141 95/7142
f 95/7142 237/7141 36/7143
f 36/7143 237/7141 3566/7144
f 237/7141 275/7135 724/7145
f 724/7145 275/7135 943/7127
f 724/7145 943/7127 1199/7146
f 1199/7146 943/7127 1282/7126
f 1199/7146 1282/7126 1290/7117
s 0
f 724/7145 1199/7146 1243/7147
f 1243/7147 1199/7146 1290/7117
s 1
f 724/7145 1243/7147 1139/7148
f 1243/7147 1290/7117 1350/7149
f 1139/7148 1243/7147 1123/7150
f 1243/7147 1350/7149 1225/7151
f 1123/7150 1243/7147 1134/7152
f 1134/7152 1243/7147 1225/7151
f 1134/7152 1225/7151 1252/7153
f 1134/7152 1252/7153 1146/7154
f 2957/7155 2853/7156 3016/7157
f 3016/7157 2853/7156 2900/7158
f 3016/7157 2900/7158 2918/7159
f 2957/7155 3016/7157 3093/7160
f 2957/7155 3093/7160 3155/7161
f 3155/7161 3093/7160 3211/7162
f 3155/7161 3211/7162 3243/7163
f 3211/7162 3093/7160 3157/7164
f 3157/7164 3093/7160 3016/7157
f 3243/7163 3211/7162 3274/7165
f 3243/7163 3274/7165 3231/7166
f 3231/7166 3274/7165 3185/7167
f 3185/7167 3274/7165 3279/7168
f 3279/7168 3274/7165 3288/7169
f 3288/7169 3274/7165 3211/7162
f 3288/7169 3211/7162 3157/7164
f 3288/7169 3157/7164 3361/7170
f 3288/7169 3361/7170 3426/7171
f 3426/7171 3361/7170 3409/7172
f 3409/7172 3361/7170 3338/7173
f 3361/7170 3157/7164 3218/7174
f 3361/7170 3218/7174 3338/7173
f 3218/7174 3157/7164 3124/7175
f 3124/7175 3157/7164 3016/7157
f 3338/7173 3218/7174 3233/7176
f 3233/7176 3218/7174 3124/7175
f 3338/7173 3233/7176 3336/7177
f 3124/7175 3016/7157 3151/7178
f 3124/7175 3151/7178 3233/7176
f 3151/7178 3016/7157 3004/7179
f 3004/7179 3016/7157 2918/7159
f 3004/7179 2918/7159 2935/7180
f 3004/7179 2935/7180 3076/7181
f 3004/7179 3076/7181 3151/7178
f 3151/7178 3076/7181 3234/7182
f 3151/7178 3234/7182 3233/7176
f 3234/7182 3076/7181 3108/7183
f 3233/7176 3234/7182 3351/7184
f 3351/7184 3234/7182 3108/7183
f 3233/7176 3351/7184 3336/7177
f 3351/7184 3108/7183 3194/7185
f 3351/7184 3194/7185 3336/7177
f 2951/7186 2901/7187 2995/7188
f 2995/7188 2901/7187 2866/7189
f 2951/7186 2995/7188 3114/7190
f 2951/7186 3114/7190 3073/7191
f 3114/7190 2995/7188 3165/7192
f 3073/7191 3114/7190 3212/7193
f 3073/7191 3212/7193 3256/7194
f 3114/7190 3165/7192 3249/7195
f 3114/7190 3249/7195 3212/7193
f 3256/7194 3212/7193 3290/7196
f 3249/7195 3165/7192 3253/7197
f 3290/7196 3212/7193 3285/7198
f 3212/7193 3249/7195 3291/7199
f 3212/7193 3291/7199 3285/7198
f 3249/7195 3253/7197 3303/7200
f 3290/7196 3285/7198 3228/7201
f 3290/7196 3228/7201 3308/7202
f 3303/7200 3253/7197 3250/7203
f 3249/7195 3303/7200 3305/7204
f 3249/7195 3305/7204 3291/7199
f 3285/7198 3291/7199 3187/7205
f 3285/7198 3187/7205 3228/7201
f 3291/7199 3305/7204 3162/7206
f 3187/7205 3291/7199 3293/7207
f 3293/7207 3291/7199 3162/7206
f 3162/7206 3305/7204 3140/7208
f 3312/7209 3305/7204 3303/7200
f 3305/7204 3312/7209 3140/7208
f 3312/7209 3303/7200 3306/7210
f 3306/7210 3303/7200 3250/7203
f 3140/7208 3312/7209 3154/7211
f 3154/7211 3312/7209 3306/7210
f 3162/7206 3140/7208 3103/7212
f 3103/7212 3140/7208 3154/7211
f 3154/7211 3306/7210 3167/7213
f 3154/7211 3167/7213 3103/7212
f 3103/7212 3167/7213 3125/7214
f 3167/7213 3306/7210 3278/7215
f 3167/7213 3278/7215 3125/7214
f 3278/7215 3306/7210 3250/7203
f 3103/7212 3125/7214 3213/7216
f 3103/7212 3213/7216 3162/7206
f 3213/7216 3125/7214 3278/7215
f 3162/7206 3213/7216 3293/7207
f 3293/7207 3213/7216 3278/7215
f 3293/7207 3278/7215 3250/7203
f 3293/7207 3250/7203 3109/7217
f 3109/7217 3250/7203 3096/7218
f 3293/7207 3109/7217 3187/7205
f 3109/7217 3096/7218 3003/7219
f 3003/7219 3096/7218 2929/7220
f 3187/7205 3109/7217 3060/7221
f 3060/7221 3109/7217 3003/7219
f 3003/7219 2929/7220 2937/7222
f 3003/7219 2937/7222 3060/7221
f 2937/7222 2929/7220 2676/7223
f 2676/7223 2929/7220 2799/7224
f 2937/7222 2676/7223 2823/7225
f 2937/7222 2823/7225 2895/7226
f 2937/7222 2895/7226 3060/7221
f 3060/7221 2895/7226 2993/7227
f 2993/7227 2895/7226 2863/7228
f 2993/7227 2863/7228 2874/7229
f 2993/7227 2874/7229 3017/7230
f 2993/7227 3017/7230 3137/7231
f 2993/7227 3137/7231 3134/7232
f 3060/7221 2993/7227 3102/7233
f 3102/7233 2993/7227 3134/7232
f 3060/7221 3102/7233 3117/7234
f 3060/7221 3117/7234 3187/7205
f 3117/7234 3102/7233 3030/7235
f 3030/7235 3102/7233 3134/7232
f 3187/7205 3117/7234 3156/7236
f 3134/7232 3137/7231 3228/7201
f 3187/7205 3156/7236 3228/7201
f 3228/7201 3137/7231 3222/7237
f 3156/7236 3117/7234 3038/7238
f 3038/7238 3117/7234 3030/7235
f 3156/7236 3038/7238 3084/7239
f 3228/7201 3156/7236 3163/7240
f 3163/7240 3156/7236 3084/7239
f 3228/7201 3163/7240 3134/7232
f 3084/7239 3038/7238 3056/7241
f 3084/7239 3056/7241 3163/7240
f 3056/7241 3038/7238 3030/7235
f 3134/7232 3163/7240 3034/7242
f 3134/7232 3034/7242 3030/7235
f 3034/7242 3163/7240 3056/7241
f 3034/7242 3056/7241 3030/7235
f 1463/7243 1551/7244 1385/7245
f 1551/7244 1463/7243 1622/7246
f 1463/7243 1385/7245 1387/7247
f 1387/7247 1385/7245 1344/7248
f 1551/7244 1622/7246 1519/7249
f 1551/7244 1519/7249 1385/7245
f 1519/7249 1622/7246 1548/7250
f 1344/7248 1385/7245 1395/7251
f 1395/7251 1385/7245 1519/7249
f 1395/7251 1519/7249 1548/7250
f 1344/7248 1395/7251 1416/7252
f 1416/7252 1395/7251 1548/7250
f 1397/7253 1387/7254 1354/7255
f 1397/7253 1354/7255 1339/7256
f 1354/7255 1387/7254 1344/7257
f 1339/7256 1354/7255 1322/7258
f 1322/7258 1354/7255 1382/7259
f 1354/7255 1344/7257 1508/7260
f 1354/7255 1508/7260 1382/7259
f 1508/7260 1344/7257 1416/7261
f 1322/7258 1382/7259 1311/7262
f 1508/7260 1416/7261 1548/7263
f 1311/7262 1382/7259 1374/7264
f 1311/7262 1374/7264 1355/7265
f 1508/7260 1548/7263 1613/7266
f 1613/7266 1548/7263 1622/7267
f 1613/7266 1622/7267 1618/7268
f 1508/7260 1613/7266 1528/7269
f 1511/7270 1382/7259 1508/7260
f 1511/7270 1508/7260 1528/7269
f 1459/7271 1374/7264 1382/7259
f 1459/7271 1382/7259 1511/7270
f 1459/7271 1511/7270 1528/7269
f 1374/7264 1459/7271 1355/7265
f 1459/7271 1528/7269 1496/7272
f 1355/7265 1459/7271 1443/7273
f 1443/7273 1459/7271 1496/7272
f 1355/7265 1443/7273 1431/7274
f 1431/7274 1443/7273 1496/7272
f 1598/7275 1587/7276 1543/7277
f 1598/7275 1543/7277 1517/7278
f 1543/7277 1587/7276 1531/7279
f 1543/7277 1531/7279 1445/7280
f 1445/7280 1531/7279 1553/7281
f 1553/7281 1531/7279 1426/7282
f 1543/7277 1445/7280 1444/7283
f 1543/7277 1444/7283 1469/7284
f 1469/7284 1444/7283 1433/7285
f 1433/7285 1444/7283 1499/7286
f 1499/7286 1444/7283 1391/7287
f 1445/7280 1553/7281 1512/7288
f 1391/7287 1444/7283 1488/7289
f 1391/7287 1488/7289 1373/7290
f 1363/7291 1444/7283 1445/7280
f 1444/7283 1363/7291 1488/7289
f 1373/7290 1488/7289 1367/7292
f 1367/7292 1488/7289 1363/7291
f 1373/7290 1367/7292 1317/7293
f 1317/7293 1367/7292 1363/7291
f 1381/7294 1445/7280 1512/7288
f 1445/7280 1381/7294 1363/7291
f 1381/7294 1512/7288 1527/7295
f 1527/7295 1512/7288 1553/7281
f 1363/7291 1381/7294 1331/7296
f 1363/7291 1331/7296 1317/7293
f 1381/7294 1527/7295 1376/7297
f 1381/7294 1376/7297 1331/7296
f 1527/7295 1553/7281 1552/7298
f 1527/7295 1552/7298 1376/7297
f 1552/7298 1553/7281 1426/7282
f 1552/7298 1426/7282 1409/7299
f 1552/7298 1409/7299 1376/7297
f 1409/7299 1426/7282 1346/7300
f 1409/7299 1346/7300 1376/7297
f 1376/7297 1346/7300 1331/7296
f 1331/7296 1346/7300 1317/7293
f 1317/7293 1346/7300 1339/7301
f 1339/7301 1346/7300 1397/7302
f 1317/7293 1339/7301 1318/7303
f 1318/7303 1339/7301 1322/7304
f 1317/7293 1318/7303 1316/7305
f 1316/7305 1318/7303 1335/7306
f 1335/7306 1318/7303 1349/7307
f 1318/7303 1322/7304 1311/7308
f 1349/7307 1318/7303 1352/7309
f 1352/7309 1318/7303 1334/7310
f 1352/7309 1334/7310 1370/7311
f 1318/7303 1311/7308 1315/7312
f 1318/7303 1315/7312 1334/7310
f 1315/7312 1311/7308 1299/7313
f 1299/7313 1311/7308 1355/7314
f 1334/7310 1315/7312 1304/7315
f 1304/7315 1315/7312 1299/7313
f 1299/7313 1355/7314 1348/7316
f 1299/7313 1348/7316 1304/7315
f 1348/7316 1355/7314 1431/7317
f 1334/7310 1304/7315 1332/7318
f 1332/7318 1304/7315 1348/7316
f 1348/7316 1431/7317 1379/7319
f 1348/7316 1379/7319 1332/7318
f 1379/7319 1431/7317 1489/7320
f 1379/7319 1489/7320 1332/7318
f 1489/7320 1431/7317 1496/7321
f 1334/7310 1332/7318 1384/7322
f 1384/7322 1332/7318 1489/7320
f 1334/7310 1384/7322 1370/7311
f 1370/7311 1384/7322 1489/7320
f 1370/7311 1489/7320 1526/7323
f 1526/7323 1489/7320 1496/7321
f 3426/7324 3437/7325 3363/7326
f 3426/7324 3363/7326 3288/7327
f 3288/7327 3363/7326 3317/7328
f 3437/7325 3426/7324 3438/7329
f 3438/7329 3426/7324 3433/7330
f 3363/7326 3437/7325 3393/7331
f 3363/7326 3393/7331 3317/7328
f 3437/7325 3438/7329 3418/7332
f 3437/7325 3418/7332 3393/7331
f 3418/7332 3438/7329 3435/7333
f 3317/7328 3393/7331 3387/7334
f 3387/7334 3393/7331 3418/7332
f 3317/7328 3387/7334 3394/7335
f 3418/7332 3435/7333 3394/7335
f 3418/7332 3394/7335 3387/7334
f 1469/7336 1517/7337 1543/7338
f 1517/7337 1469/7336 1473/7339
f 1473/7339 1469/7336 1290/7340
f 1290/7340 1469/7336 1350/7341
f 1350/7341 1469/7336 1433/7342
f 1350/7341 1433/7342 1252/7343
f 1350/7341 1252/7343 1225/7344
f 1252/7343 1433/7342 1312/7345
f 1252/7343 1312/7345 1146/7346
f 1312/7345 1433/7342 1522/7347
f 1312/7345 1522/7347 1518/7348
f 1312/7345 1518/7348 1254/7349
f 1271/7350 1267/7351 1268/7352
f 1268/7352 1267/7351 1263/7353
f 1263/7353 1267/7351 1258/7354
f 1258/7354 1267/7351 1242/7355
f 1242/7355 1267/7351 1271/7350
f 1263/7353 1258/7354 1241/7356
f 1241/7356 1258/7354 1242/7355
f 1268/7352 1263/7353 1269/7357
f 1263/7353 1241/7356 1248/7358
f 1263/7353 1248/7358 1269/7357
f 1268/7352 1269/7357 1281/7359
f 1268/7352 1281/7359 1271/7350
f 1281/7359 1269/7357 1302/7360
f 1271/7350 1281/7359 1293/7361
f 1293/7361 1281/7359 1302/7360
f 1271/7350 1293/7361 1286/7362
f 1227/7363 1248/7358 1241/7356
f 1254/7364 1269/7357 1248/7358
f 1269/7357 1254/7364 1302/7360
f 1254/7364 1248/7358 1227/7363
f 1293/7361 1302/7360 1295/7365
f 1227/7363 1241/7356 1235/7366
f 1235/7366 1241/7356 1242/7355
f 1293/7361 1295/7365 1294/7367
f 1293/7361 1294/7367 1286/7362
f 1295/7365 1302/7360 1325/7368
f 1295/7365 1325/7368 1294/7367
f 1325/7368 1302/7360 1402/7369
f 1402/7369 1302/7360 1254/7364
f 1294/7367 1325/7368 1301/7370
f 1325/7368 1402/7369 1404/7371
f 1404/7371 1402/7369 1453/7372
f 1301/7370 1325/7368 1369/7373
f 1369/7373 1325/7368 1404/7371
f 1404/7371 1453/7372 1454/7374
f 1404/7371 1454/7374 1369/7373
f 1301/7370 1369/7373 1399/7375
f 1399/7375 1369/7373 1454/7374
f 1301/7370 1399/7375 1294/7367
f 1297/7376 1286/7362 1294/7367
f 1297/7376 1294/7367 1399/7375
f 1286/7362 1297/7376 1271/7350
f 1271/7350 1297/7376 1242/7355
f 1399/7375 1454/7374 1455/7377
f 1399/7375 1455/7377 1297/7376
f 1455/7377 1454/7374 1492/7378
f 1297/7376 1455/7377 1465/7379
f 1465/7379 1455/7377 1492/7378
f 1492/7378 1454/7374 1569/7380
f 1465/7379 1492/7378 1520/7381
f 1492/7378 1569/7380 1575/7382
f 1492/7378 1575/7382 1520/7381
f 1229/7383 1242/7355 1297/7376
s 0
f 1229/7383 1297/7376 1158/7384
s 1
f 1242/7355 1229/7383 1230/7385
f 1242/7355 1230/7385 1235/7366
f 1235/7366 1230/7385 1227/7363
f 1230/7385 1229/7383 1195/7386
f 1230/7385 1195/7386 1227/7363
s 0
f 1229/7383 1158/7384 1128/7387
s 1
f 1229/7383 1128/7387 1195/7386
f 1128/7387 1158/7384 945/7388
f 1227/7363 1195/7386 1177/7389
f 1227/7363 1177/7389 1254/7364
f 1195/7386 1128/7387 1156/7390
f 1177/7389 1195/7386 1184/7391
f 1184/7391 1195/7386 1156/7390
f 1156/7390 1128/7387 986/7392
f 986/7392 1128/7387 945/7388
f 1184/7391 1156/7390 1175/7393
f 1184/7391 1175/7393 1177/7389
f 1156/7390 986/7392 1090/7394
f 1156/7390 1090/7394 1175/7393
f 986/7392 945/7388 984/7395
f 986/7392 984/7395 1090/7394
f 1175/7393 1090/7394 1142/7396
f 1175/7393 1142/7396 1177/7389
f 1090/7394 984/7395 1026/7397
f 1090/7394 1026/7397 1142/7396
f 984/7395 945/7388 926/7398
f 984/7395 926/7398 1026/7397
f 1142/7396 1026/7397 1104/7399
f 1142/7396 1104/7399 1177/7389
f 1104/7399 1026/7397 926/7398
f 1177/7389 1104/7399 1254/7364
f 926/7398 945/7388 841/7400
f 841/7400 945/7388 742/7401
f 1104/7399 926/7398 748/7402
f 1104/7399 748/7402 1254/7364
f 926/7398 841/7400 838/7403
f 926/7398 838/7403 818/7404
f 926/7398 818/7404 748/7402
f 838/7403 841/7400 800/7405
f 800/7405 841/7400 742/7401
f 818/7404 838/7403 826/7406
f 826/7406 838/7403 800/7405
f 818/7404 826/7406 761/7407
f 826/7406 800/7405 779/7408
f 826/7406 779/7408 761/7407
f 800/7405 742/7401 708/7409
f 800/7405 708/7409 779/7408
f 708/7409 742/7401 699/7410
f 761/7407 779/7408 715/7411
f 715/7411 779/7408 708/7409
f 818/7404 761/7407 751/7412
f 818/7404 751/7412 748/7402
f 761/7407 715/7411 713/7413
f 761/7407 713/7413 751/7412
f 715/7411 708/7409 702/7414
f 715/7411 702/7414 713/7413
f 702/7414 708/7409 699/7410
f 751/7412 713/7413 671/7415
f 751/7412 671/7415 748/7402
f 713/7413 702/7414 701/7416
f 713/7413 701/7416 671/7415
f 701/7416 702/7414 699/7410
f 671/7415 701/7416 597/7417
f 597/7417 701/7416 699/7410
f 748/7402 671/7415 523/7418
f 523/7418 671/7415 597/7417
f 597/7417 699/7410 608/7419
f 608/7419 699/7410 591/7420
f 608/7419 591/7420 597/7417
f 591/7420 699/7410 742/7401
f 591/7420 742/7401 586/7421
f 591/7420 586/7421 422/7422
f 523/7418 597/7417 573/7423
f 597/7417 591/7420 574/7424
f 597/7417 574/7424 573/7423
f 574/7424 591/7420 487/7425
f 487/7425 591/7420 422/7422
f 573/7423 574/7424 475/7426
f 573/7423 475/7426 523/7418
f 574/7424 487/7425 457/7427
f 574/7424 457/7427 475/7426
f 487/7425 422/7422 416/7428
f 487/7425 416/7428 457/7427
f 416/7428 422/7422 413/7429
f 457/7427 416/7428 418/7430
f 457/7427 418/7430 475/7426
f 418/7430 416/7428 413/7429
f 413/7429 422/7422 372/7431
f 475/7426 418/7430 399/7432
f 399/7432 418/7430 413/7429
f 475/7426 399/7432 523/7418
f 413/7429 372/7431 337/7433
f 413/7429 337/7433 399/7432
f 337/7433 372/7431 290/7434
f 337/7433 290/7434 288/7435
f 337/7433 288/7435 399/7432
f 523/7418 399/7432 469/7436
f 469/7436 399/7432 202/7437
f 523/7418 469/7436 748/7402
f 469/7436 202/7437 197/7438
f 19/7439 174/7440 197/7438
f 197/7438 174/7440 178/7441
f 197/7438 178/7441 199/7442
f 197/7438 199/7442 469/7436
f 199/7442 178/7441 189/7443
f 189/7443 178/7441 184/7444
f 199/7442 189/7443 382/7445
f 199/7442 382/7445 469/7436
f 189/7443 184/7444 393/7446
f 189/7443 393/7446 382/7445
f 184/7444 178/7441 359/7447
f 184/7444 359/7447 393/7446
f 359/7447 178/7441 347/7448
f 393/7446 359/7447 639/7449
f 639/7449 359/7447 347/7448
f 382/7445 393/7446 632/7450
f 632/7450 393/7446 639/7449
f 382/7445 632/7450 638/7451
f 632/7450 639/7449 642/7452
f 632/7450 642/7452 638/7451
f 382/7445 638/7451 637/7453
f 637/7453 638/7451 642/7452
f 382/7445 637/7453 469/7436
f 642/7452 639/7449 646/7454
f 646/7454 639/7449 347/7448
f 642/7452 646/7454 637/7453
f 646/7454 347/7448 724/7455
f 724/7455 347/7448 237/7456
f 637/7453 646/7454 581/7457
f 637/7453 581/7457 469/7436
f 646/7454 724/7455 836/7458
f 646/7454 836/7458 581/7457
f 836/7458 724/7455 1139/7459
f 469/7436 581/7457 783/7460
f 783/7460 581/7457 836/7458
f 469/7436 783/7460 748/7402
f 748/7402 783/7460 1109/7461
f 1109/7461 783/7460 836/7458
f 748/7402 1109/7461 1254/7364
f 836/7458 1139/7459 1107/7462
f 836/7458 1107/7462 1109/7461
f 1107/7462 1139/7459 1123/7463
f 1254/7364 1109/7461 1122/7464
f 1122/7464 1109/7461 1107/7462
f 1254/7364 1122/7464 1196/7465
f 1254/7364 1196/7465 1312/7466
f 1312/7466 1196/7465 1146/7467
f 1146/7467 1196/7465 1122/7464
f 1107/7462 1123/7463 1116/7468
f 1107/7462 1116/7468 1122/7464
f 1122/7464 1116/7468 1146/7467
f 1116/7468 1123/7463 1134/7469
f 1116/7468 1134/7469 1146/7467
f 445/7470 484/7471 454/7472
f 454/7472 484/7471 466/7473
f 454/7472 466/7473 443/7474
f 454/7472 443/7474 445/7470
f 443/7474 466/7473 442/7475
f 443/7474 442/7475 451/7476
f 445/7470 443/7474 437/7477
f 437/7477 443/7474 451/7476
f 437/7477 451/7476 280/7478
f 280/7478 451/7476 261/7479
f 445/7470 437/7477 234/7480
f 234/7480 437/7477 280/7478
f 445/7470 234/7480 247/7481
f 445/7470 247/7481 484/7471
f 234/7480 280/7478 133/7482
f 133/7482 280/7478 261/7479
f 247/7481 234/7480 141/7483
f 141/7483 234/7480 133/7482
f 484/7471 247/7481 586/7484
f 484/7471 586/7484 541/7485
f 586/7484 247/7481 422/7486
f 484/7471 541/7485 540/7487
f 484/7471 540/7487 466/7473
f 540/7487 541/7485 553/7488
f 466/7473 540/7487 571/7489
f 571/7489 540/7487 553/7488
f 422/7486 247/7481 283/7490
f 422/7486 283/7490 372/7491
f 372/7491 283/7490 290/7492
f 283/7490 247/7481 186/7493
f 186/7493 247/7481 162/7494
f 122/7495 187/7496 162/7494
f 122/7495 162/7494 100/7497
f 100/7497 162/7494 247/7481
f 122/7495 100/7497 99/7498
f 28/7499 90/7500 100/7497
f 28/7499 100/7497 3553/7501
f 3553/7501 100/7497 30/7502
f 30/7502 100/7497 247/7481
f 30/7502 247/7481 126/7503
f 126/7503 247/7481 141/7483
f 30/7502 126/7503 128/7504
f 128/7504 126/7503 141/7483
f 128/7504 141/7483 129/7505
f 30/7502 128/7504 59/7506
f 30/7502 59/7506 5/7507
f 30/7502 5/7507 3509/7508
f 3509/7508 5/7507 3461/7509
f 3461/7509 5/7507 59/7506
f 59/7506 128/7504 78/7510
f 59/7506 78/7510 3461/7509
f 78/7510 128/7504 129/7505
f 133/7482 129/7505 141/7483
f 3461/7509 78/7510 18/7511
f 78/7510 129/7505 103/7512
f 78/7510 103/7512 18/7511
f 103/7512 129/7505 107/7513
f 18/7511 103/7512 93/7514
f 93/7514 103/7512 107/7513
f 129/7505 133/7482 119/7515
f 129/7505 119/7515 107/7513
f 93/7514 107/7513 31/7516
f 93/7514 31/7516 18/7511
f 107/7513 119/7515 49/7517
f 107/7513 49/7517 31/7516
f 119/7515 133/7482 34/7518
f 119/7515 34/7518 49/7517
f 31/7516 49/7517 26/7519
f 26/7519 49/7517 34/7518
f 31/7516 26/7519 18/7511
f 34/7518 133/7482 22/7520
f 34/7518 22/7520 26/7519
f 22/7520 133/7482 261/7479
f 22/7520 261/7479 3489/7521
f 26/7519 22/7520 2/7522
f 26/7519 2/7522 18/7511
f 2/7522 22/7520 3532/7523
f 2/7522 3532/7523 3462/7524
f 3462/7524 3532/7523 3545/7525
f 3462/7524 3545/7525 3465/7526
f 3462/7524 3465/7526 2/7522
f 18/7511 2/7522 3449/7527
f 3449/7527 2/7522 3465/7526
f 18/7511 3449/7527 3472/7528
f 3472/7528 3449/7527 3465/7526
f 3472/7528 3465/7526 3544/7529
f 18/7511 3472/7528 3461/7509
f 3461/7509 3472/7528 3535/7530
f 283/7531 289/7532 290/7533
f 290/7533 289/7532 288/7534
f 289/7532 283/7531 231/7535
f 231/7535 283/7531 186/7536
f 289/7532 231/7535 266/7537
f 231/7535 186/7536 201/7538
f 231/7535 201/7538 266/7537
f 289/7532 266/7537 255/7539
f 289/7532 255/7539 288/7534
f 255/7539 266/7537 201/7538
f 201/7538 186/7536 185/7540
f 255/7539 201/7538 196/7541
f 196/7541 201/7538 185/7540
f 288/7534 255/7539 254/7542
f 254/7542 255/7539 196/7541
f 288/7534 254/7542 399/7543
f 399/7543 254/7542 202/7544
f 185/7540 186/7536 187/7545
f 185/7540 187/7545 196/7541
f 187/7545 186/7536 162/7546
f 254/7542 196/7541 149/7547
f 254/7542 149/7547 202/7544
f 196/7541 187/7545 109/7548
f 196/7541 109/7548 149/7547
f 109/7548 187/7545 122/7549
f 109/7548 122/7549 99/7550
f 149/7547 109/7548 16/7551
f 149/7547 16/7551 3440/7552
f 16/7551 109/7548 60/7553
f 60/7553 109/7548 99/7550
f 16/7551 60/7553 3536/7554
f 60/7553 99/7550 90/7555
f 90/7555 99/7550 100/7556
f 60/7553 90/7555 8/7557
f 60/7553 8/7557 3533/7558
f 149/7547 3440/7552 96/7559
f 149/7547 96/7559 202/7544
f 96/7559 3440/7552 94/7560
f 94/7560 3440/7552 9/7561
f 94/7560 9/7561 48/7562
f 94/7560 48/7562 95/7563
f 94/7560 95/7563 72/7564
f 94/7560 72/7564 96/7559
f 72/7564 95/7563 36/7565
f 72/7564 36/7565 3463/7566
f 72/7564 3463/7566 54/7567
f 72/7564 54/7567 96/7559
f 96/7559 54/7567 202/7544
f 202/7544 54/7567 3521/7568
f 202/7544 3521/7568 3473/7569
f 202/7544 3473/7569 197/7570
f 197/7570 3473/7569 19/7571
f 193/7572 347/7573 178/7574
f 347/7573 193/7572 237/7575
f 193/7572 178/7574 174/7576
f 237/7575 193/7572 3566/7577
f 193/7572 174/7576 19/7578
f 193/7572 19/7578 3566/7577
f 8/7579 48/7580 3550/7581
f 8/7579 3550/7581 3542/7582
f 3542/7582 3550/7581 3713/7583
f 3713/7583 3550/7581 4025/7584
f 3550/7581 48/7580 3530/7585
f 3530/7585 48/7580 9/7586
f 3550/7581 3530/7585 3510/7587
f 3510/7587 3530/7585 3463/7588
f 3510/7587 3463/7588 36/7589
f 3510/7587 36/7589 3566/7590
f 3510/7587 3566/7590 3550/7581
f 3550/7581 3566/7590 4025/7584
f 4025/7584 3566/7590 3647/7591
f 3647/7591 3566/7590 19/7592
f 4025/7584 3647/7591 3787/7593
f 3787/7593 3647/7591 3632/7594
f 3787/7593 3632/7594 3854/7595
f 3647/7591 19/7592 3628/7596
f 3628/7596 19/7592 3473/7597
f 3628/7596 3473/7597 3686/7598
f 3628/7596 3686/7598 3630/7599
f 3647/7591 3628/7596 3627/7600
f 3647/7591 3627/7600 3632/7594
f 3627/7600 3628/7596 3630/7599
f 3652/7601 3854/7595 3632/7594
f 3652/7601 3632/7594 3627/7600
f 3854/7595 3652/7601 3814/7602
f 3627/7600 3630/7599 3631/7603
f 3631/7603 3630/7599 3814/7602
f 3627/7600 3631/7603 3652/7601
f 3652/7601 3631/7603 3814/7602
f 1373/7604 1317/7605 1316/7606
f 1373/7604 1316/7606 1391/7607
f 1391/7607 1316/7606 1335/7608
f 1391/7607 1335/7608 1407/7609
f 1391/7607 1407/7609 1499/7610
f 1407/7609 1335/7608 1366/7611
f 1366/7611 1335/7608 1349/7612
f 1407/7609 1366/7611 1510/7613
f 1510/7613 1366/7611 1400/7614
f 1400/7614 1366/7611 1349/7612
f 1407/7609 1510/7613 1509/7615
f 1407/7609 1509/7615 1499/7610
f 1510/7613 1400/7614 1485/7616
f 1510/7613 1485/7616 1509/7615
f 1485/7616 1400/7614 1349/7612
f 1509/7615 1485/7616 1451/7617
f 1451/7617 1485/7616 1349/7612
f 1509/7615 1451/7617 1499/7610
f 1451/7617 1349/7612 1425/7618
f 1522/7619 1433/7620 1499/7610
f 1522/7619 1499/7610 1560/7621
f 1522/7619 1560/7621 1518/7622
f 1518/7622 1560/7621 1529/7623
f 1560/7621 1499/7610 1591/7624
f 1591/7624 1499/7610 1451/7617
f 1560/7621 1591/7624 1654/7625
f 1591/7624 1451/7617 1546/7626
f 1546/7626 1451/7617 1425/7618
f 1591/7624 1546/7626 1596/7627
f 1596/7627 1546/7626 1425/7618
f 1654/7625 1591/7624 1651/7628
f 1591/7624 1596/7627 1650/7629
f 1591/7624 1650/7629 1651/7628
f 1596/7627 1425/7618 1617/7630
f 1596/7627 1617/7630 1650/7629
f 1617/7630 1425/7618 1540/7631
f 1650/7629 1617/7630 1629/7632
f 1629/7632 1617/7630 1540/7631
f 1540/7631 1425/7618 1419/7633
f 1419/7633 1425/7618 1349/7612
f 1419/7633 1349/7612 1449/7634
f 1540/7631 1419/7633 1523/7635
f 1523/7635 1419/7633 1449/7634
f 1540/7631 1523/7635 1629/7632
f 1650/7629 1629/7632 1582/7636
f 1582/7636 1629/7632 1523/7635
f 1650/7629 1582/7636 1651/7628
f 1523/7635 1449/7634 1640/7637
f 1523/7635 1640/7637 1582/7636
f 1582/7636 1640/7637 1651/7628
f 1651/7628 1640/7637 1682/7638
f 1651/7628 1682/7638 1726/7639
f 1651/7628 1726/7639 1654/7625
f 1682/7638 1640/7637 1684/7640
f 1682/7638 1684/7640 1726/7639
f 1654/7625 1726/7639 1830/7641
f 1684/7640 1640/7637 1707/7642
f 1684/7640 1707/7642 1729/7643
f 1684/7640 1729/7643 1726/7639
f 1707/7642 1640/7637 1744/7644
f 1744/7644 1640/7637 1728/7645
f 1729/7643 1707/7642 1782/7646
f 1782/7646 1707/7642 1744/7644
f 1726/7639 1729/7643 1791/7647
f 1791/7647 1729/7643 1782/7646
f 1791/7647 1782/7646 1820/7648
f 1820/7648 1782/7646 1744/7644
f 1744/7644 1728/7645 1783/7649
f 1744/7644 1783/7649 1820/7648
f 1820/7648 1783/7649 1791/7647
f 1783/7649 1728/7645 1828/7650
f 1783/7649 1828/7650 1849/7651
f 1791/7647 1783/7649 1826/7652
f 1826/7652 1783/7649 1849/7651
f 1791/7647 1826/7652 1726/7639
f 1726/7639 1826/7652 1830/7641
f 1826/7652 1849/7651 1878/7653
f 1826/7652 1878/7653 1830/7641
f 1830/7641 1878/7653 1983/7654
f 1983/7654 1878/7653 2022/7655
f 3288/7656 3267/7657 3279/7658
f 3279/7658 3267/7657 3295/7659
f 3267/7657 3288/7656 3317/7660
f 3267/7657 3317/7660 3345/7661
f 3345/7661 3317/7660 3394/7662
f 3295/7659 3267/7657 3385/7663
f 3385/7663 3267/7657 3345/7661
f 3385/7663 3345/7661 3394/7662
f 3295/7659 3385/7663 3407/7664
f 3385/7663 3394/7662 3435/7665
f 3385/7663 3435/7665 3407/7664
f 3407/7664 3435/7665 3438/7666
f 3407/7664 3438/7666 3433/7667
f 3279/7668 3295/7669 3206/7670
f 3279/7668 3206/7670 3185/7671
f 3206/7670 3295/7669 3335/7672
f 3335/7672 3295/7669 3407/7673
f 3335/7672 3407/7673 3371/7674
f 3371/7674 3407/7673 3358/7675
f 3206/7670 3335/7672 3128/7676
f 3206/7670 3128/7676 3185/7671
f 3335/7672 3371/7674 3311/7677
f 3335/7672 3311/7677 3128/7676
f 3311/7677 3371/7674 3358/7675
f 3185/7671 3128/7676 3070/7678
f 3128/7676 3311/7677 3123/7679
f 3128/7676 3123/7679 3070/7678
f 3311/7677 3358/7675 3195/7680
f 3311/7677 3195/7680 3337/7681
f 3123/7679 3311/7677 3227/7682
f 3227/7682 3311/7677 3337/7681
f 3123/7679 3227/7682 2998/7683
f 3123/7679 2998/7683 3070/7678
f 3227/7682 3337/7681 3240/7684
f 3240/7684 3337/7681 3195/7680
f 3227/7682 3240/7684 3079/7685
f 3227/7682 3079/7685 2998/7683
f 3079/7685 3240/7684 3025/7686
f 3025/7686 3240/7684 3195/7680
f 2998/7683 3079/7685 2965/7687
f 2965/7687 3079/7685 3025/7686
f 2909/7688 3070/7678 2998/7683
f 3025/7686 3195/7680 2971/7689
f 2998/7683 2965/7687 2922/7690
f 2998/7683 2922/7690 2909/7688
f 2965/7687 3025/7686 2970/7691
f 2965/7687 2970/7691 2922/7690
f 2970/7691 3025/7686 2971/7689
f 2922/7690 2970/7691 2910/7692
f 2910/7692 2970/7691 2971/7689
f 2922/7690 2910/7692 2909/7688
f 2974/7693 2971/7689 3195/7680
f 2974/7693 3195/7680 3168/7694
f 3168/7694 3195/7680 3358/7675
f 2971/7689 2974/7693 2875/7695
f 2875/7695 2974/7693 2664/7696
f 3168/7694 3358/7675 3325/7697
f 3168/7694 3325/7697 3221/7698
f 3325/7697 3358/7675 3340/7699
f 3221/7698 3325/7697 3190/7700
f 3325/7697 3340/7699 3198/7701
f 3325/7697 3198/7701 3190/7700
f 2875/7695 2664/7696 2775/7702
f 2775/7702 2664/7696 2403/7703
f 2841/7704 2971/7689 2875/7695
f 2841/7704 2875/7695 2775/7702
f 2971/7689 2841/7704 2910/7692
f 2775/7702 2403/7703 2701/7705
f 2701/7705 2403/7703 2383/7706
f 2841/7704 2775/7702 2656/7707
f 2910/7692 2841/7704 2871/7708
f 2871/7708 2841/7704 2656/7707
f 2910/7692 2871/7708 2909/7688
f 2909/7688 2871/7708 2670/7709
f 2670/7709 2871/7708 2656/7707
f 2909/7688 2670/7709 2967/7710
f 2670/7709 2656/7707 2051/7711
f 2967/7710 2670/7709 2887/7712
f 2909/7688 2967/7710 3070/7678
f 2967/7710 2887/7712 3052/7713
f 3070/7678 2967/7710 3131/7714
f 3131/7714 2967/7710 3052/7713
f 3070/7678 3131/7714 3185/7671
f 3131/7714 3052/7713 3231/7715
f 3131/7714 3231/7715 3185/7671
f 2191/7716 2051/7711 2656/7707
f 2677/7717 2656/7707 2775/7702
f 2656/7707 2677/7717 2191/7716
f 2677/7717 2775/7702 2701/7705
f 2051/7711 2191/7716 1978/7718
f 2051/7711 1978/7718 1969/7719
f 1969/7719 1978/7718 1955/7720
f 1955/7720 1978/7718 1975/7721
f 1975/7721 1978/7718 2191/7716
f 1955/7720 1975/7721 1948/7722
f 2380/7723 2191/7716 2677/7717
f 2191/7716 2380/7723 1975/7721
f 2719/7724 2677/7717 2701/7705
f 2677/7717 2719/7724 2380/7723
f 2719/7724 2701/7705 2383/7706
f 1975/7721 2380/7723 2233/7725
f 2233/7725 2380/7723 2719/7724
f 1975/7721 2233/7725 1948/7722
f 2233/7725 2719/7724 2383/7706
f 2233/7725 2383/7706 1948/7722
f 1454/7726 1453/7727 1569/7728
f 1569/7728 1453/7727 1529/7729
f 1529/7729 1453/7727 1402/7730
f 1529/7729 1402/7730 1518/7731
f 1518/7731 1402/7730 1254/7732
f 1569/7728 1529/7729 1560/7733
f 1569/7728 1560/7733 1626/7734
f 1626/7734 1560/7733 1654/7735
f 1569/7728 1626/7734 1575/7736
f 1575/7736 1626/7734 1662/7737
f 1352/7738 1370/7739 1390/7740
f 1349/7741 1352/7738 1449/7742
f 1449/7742 1352/7738 1390/7740
f 1390/7740 1370/7739 1563/7743
f 1563/7743 1370/7739 1526/7744
f 1449/7742 1390/7740 1476/7745
f 1563/7743 1526/7744 1550/7746
f 1550/7746 1526/7744 1496/7747
f 1390/7740 1563/7743 1570/7748
f 1390/7740 1570/7748 1476/7745
f 1570/7748 1563/7743 1647/7749
f 1647/7749 1563/7743 1550/7746
f 1550/7746 1496/7747 1483/7750
f 1483/7750 1496/7747 1528/7751
f 1550/7746 1483/7750 1513/7752
f 1550/7746 1513/7752 1607/7753
f 1550/7746 1607/7753 1647/7749
f 1513/7752 1483/7750 1542/7754
f 1542/7754 1483/7750 1528/7751
f 1542/7754 1528/7751 1648/7755
f 1648/7755 1528/7751 1613/7756
f 1647/7749 1607/7753 1731/7757
f 1647/7749 1731/7757 1779/7758
f 1602/7759 1570/7748 1647/7749
f 1570/7748 1602/7759 1476/7745
f 1647/7749 1779/7758 1689/7760
f 1647/7749 1689/7760 1602/7759
f 1476/7745 1602/7759 1442/7761
f 1442/7761 1602/7759 1549/7762
f 1476/7745 1442/7761 1630/7763
f 1630/7763 1442/7761 1549/7762
f 1549/7762 1602/7759 1692/7764
f 1692/7764 1602/7759 1689/7760
f 1549/7762 1692/7764 1630/7763
f 1809/7765 1689/7760 1779/7758
f 1689/7760 1809/7765 1692/7764
f 1692/7764 1809/7765 1786/7766
f 1692/7764 1786/7766 1630/7763
f 1809/7765 1779/7758 1812/7767
f 1786/7766 1809/7765 1753/7768
f 1786/7766 1753/7768 1630/7763
f 1753/7768 1809/7765 1812/7767
f 1812/7767 1779/7758 1897/7769
f 1630/7763 1753/7768 1768/7770
f 1768/7770 1753/7768 1812/7767
f 1653/7771 1476/7745 1630/7763
f 1653/7771 1630/7763 1768/7770
f 1476/7745 1653/7771 1449/7742
f 1449/7742 1653/7771 1640/7772
f 1640/7772 1653/7771 1728/7773
f 1728/7773 1653/7771 1846/7774
f 1846/7774 1653/7771 1768/7770
f 1728/7773 1846/7774 1828/7775
f 1868/7776 1768/7770 1812/7767
f 1868/7776 1812/7767 1897/7769
f 1868/7776 1897/7769 1969/7777
f 1969/7777 1897/7769 2051/7778
f 1768/7770 1868/7776 1863/7779
f 1768/7770 1863/7779 1846/7774
f 1868/7776 1969/7777 1937/7780
f 1868/7776 1937/7780 1863/7779
f 1937/7780 1969/7777 1955/7781
f 1846/7774 1863/7779 1999/7782
f 1999/7782 1863/7779 1937/7780
f 1937/7780 1955/7781 1981/7783
f 1937/7780 1981/7783 1999/7782
f 1981/7783 1955/7781 1948/7784
f 1981/7783 1948/7784 2383/7785
f 1981/7783 2383/7785 2403/7786
f 1981/7783 2403/7786 1999/7782
f 1999/7782 2403/7786 2664/7787
f 1918/7788 1846/7774 1999/7782
f 1999/7782 2664/7787 2066/7789
f 1999/7782 2066/7789 1918/7788
f 1846/7774 1918/7788 1867/7790
f 1846/7774 1867/7790 1828/7775
f 1828/7775 1867/7790 1859/7791
f 1828/7775 1859/7791 1849/7792
f 1867/7790 1918/7788 1887/7793
f 1867/7790 1887/7793 1859/7791
f 1849/7792 1859/7791 1879/7794
f 1879/7794 1859/7791 1887/7793
f 1849/7792 1879/7794 1878/7795
f 1887/7793 1918/7788 1932/7796
f 1879/7794 1887/7793 1931/7797
f 1931/7797 1887/7793 1932/7796
f 1879/7794 1931/7797 1878/7795
f 1932/7796 1918/7788 1971/7798
f 1932/7796 1971/7798 1931/7797
f 1931/7797 1971/7798 1878/7795
f 1971/7798 1918/7788 2066/7789
f 1878/7795 1971/7798 2022/7799
f 1971/7798 2066/7789 2035/7800
f 1971/7798 2035/7800 2022/7799
f 2035/7800 2066/7789 2043/7801
f 2022/7799 2035/7800 2141/7802
f 2141/7802 2035/7800 2043/7801
f 2141/7802 2043/7801 2405/7803
f 2141/7802 2405/7803 2497/7804
f 2405/7803 2043/7801 2423/7805
f 2423/7805 2043/7801 2066/7789
f 2405/7803 2423/7805 2497/7804
f 2141/7802 2497/7804 2451/7806
f 2141/7802 2451/7806 2022/7799
f 2451/7806 2497/7804 2423/7805
f 2423/7805 2066/7789 2551/7807
f 2423/7805 2551/7807 2451/7806
f 2551/7807 2066/7789 2664/7787
f 2022/7799 2451/7806 2638/7808
f 2022/7799 2638/7808 2382/7809
f 2551/7807 2664/7787 2815/7810
f 2451/7806 2551/7807 2657/7811
f 2451/7806 2657/7811 2638/7808
f 2657/7811 2551/7807 2815/7810
f 2815/7810 2664/7787 2974/7812
f 2638/7808 2657/7811 2678/7813
f 2657/7811 2815/7810 2759/7814
f 2657/7811 2759/7814 2678/7813
f 2638/7808 2678/7813 2838/7815
f 2638/7808 2838/7815 2874/7816
f 2678/7813 2759/7814 2666/7817
f 2759/7814 2815/7810 2842/7818
f 2759/7814 2842/7818 2666/7817
f 2678/7813 2666/7817 2826/7819
f 2826/7819 2666/7817 2842/7818
f 2678/7813 2826/7819 2838/7815
f 2842/7818 2815/7810 2876/7820
f 2842/7818 2876/7820 2826/7819
f 2876/7820 2815/7810 2974/7812
f 2826/7819 2876/7820 2838/7815
f 2876/7820 2974/7812 2988/7821
f 2838/7815 2876/7820 2941/7822
f 2941/7822 2876/7820 2988/7821
f 2921/7823 2874/7816 2838/7815
f 2921/7823 2838/7815 2941/7822
f 2874/7816 2921/7823 3017/7824
f 2988/7821 2974/7812 3065/7825
f 3065/7825 2974/7812 3168/7826
f 2941/7822 2988/7821 2925/7827
f 2925/7827 2988/7821 3065/7825
f 2941/7822 2925/7827 2899/7828
f 2941/7822 2899/7828 2921/7823
f 2925/7827 3065/7825 3007/7829
f 2899/7828 2925/7827 2961/7830
f 2899/7828 2961/7830 2921/7823
f 2961/7830 2925/7827 3007/7829
f 3007/7829 3065/7825 3062/7831
f 3007/7829 3062/7831 2961/7830
f 3062/7831 3065/7825 3168/7826
f 2921/7823 2961/7830 3002/7832
f 3002/7832 2961/7830 3062/7831
f 3064/7833 3017/7824 2921/7823
f 3064/7833 2921/7823 3002/7832
f 3017/7824 3064/7833 3137/7834
f 3062/7831 3168/7826 3138/7835
f 3062/7831 3138/7835 3002/7832
f 3002/7832 3138/7835 3064/7833
f 3138/7835 3168/7826 3221/7836
f 3138/7835 3221/7836 3083/7837
f 3138/7835 3083/7837 3064/7833
f 3083/7837 3221/7836 3190/7838
f 3177/7839 3137/7834 3064/7833
f 3137/7834 3177/7839 3222/7840
f 3083/7837 3190/7838 3119/7841
f 3083/7837 3119/7841 3064/7833
f 3119/7841 3190/7838 3198/7842
f 3177/7839 3064/7833 3152/7843
f 3152/7843 3064/7833 3119/7841
f 3152/7843 3119/7841 3198/7842
f 3177/7839 3152/7843 3340/7844
f 3340/7844 3152/7843 3198/7842
f 1616/7845 1575/7846 1662/7847
f 1616/7845 1662/7847 1703/7848
f 1725/7849 1626/7850 1654/7851
f 1725/7849 1654/7851 1830/7852
f 1626/7850 1725/7849 1662/7853
f 1725/7849 1830/7852 1882/7854
f 1882/7854 1830/7852 1983/7855
f 1882/7854 1983/7855 2023/7856
f 1725/7849 1882/7854 1843/7857
f 1725/7849 1843/7857 1662/7853
f 1843/7857 1882/7854 2023/7856
f 1662/7853 1843/7857 1798/7858
f 1662/7853 1798/7858 1703/7859
f 1798/7858 1843/7857 1951/7860
f 1798/7858 1951/7860 1875/7861
f 1843/7857 2023/7856 2014/7862
f 1843/7857 2014/7862 1951/7860
f 2014/7862 2023/7856 2417/7863
f 1951/7860 2014/7862 2193/7864
f 2193/7864 2014/7862 2417/7863
f 2545/7865 2549/7866 2554/7867
f 2554/7867 2549/7866 2512/7868
f 2545/7865 2554/7867 2543/7869
f 2554/7867 2512/7868 2544/7870
f 2554/7867 2544/7870 2543/7869
f 2544/7870 2512/7868 2417/7871
f 2544/7870 2417/7871 2676/7872
f 2512/7868 2549/7866 2409/7873
f 2512/7868 2409/7873 2417/7871
f 2344/7874 2549/7866 2545/7865
f 2549/7866 2344/7874 2409/7873
f 2544/7870 2676/7872 2596/7875
f 2544/7870 2596/7875 2543/7869
f 2596/7875 2676/7872 2799/7876
f 2417/7871 2409/7873 2239/7877
f 2239/7877 2409/7873 2344/7874
f 2417/7871 2239/7877 2193/7878
f 2239/7877 2344/7874 2151/7879
f 2239/7877 2151/7879 2193/7878
f 2265/7880 2344/7874 2545/7865
f 2265/7880 2545/7865 2543/7869
f 2344/7874 2265/7880 2151/7879
f 2193/7878 2151/7879 2166/7881
f 2193/7878 2166/7881 1951/7882
f 2151/7879 2265/7880 2173/7883
f 2265/7880 2543/7869 2266/7884
f 2265/7880 2266/7884 2173/7883
f 2173/7883 2266/7884 2151/7879
f 2151/7879 2266/7884 2166/7881
f 2166/7881 2266/7884 1951/7882
f 2266/7884 2543/7869 2596/7875
f 1951/7882 2266/7884 2336/7885
f 2336/7885 2266/7884 2596/7875
f 1951/7882 2336/7885 2038/7886
f 2336/7885 2596/7875 2799/7876
f 2336/7885 2799/7876 2642/7887
f 2682/7888 2382/7889 2638/7890
f 2682/7888 2638/7890 2874/7891
f 2682/7888 2874/7891 2863/7892
f 2682/7888 2863/7892 2613/7893
f 2682/7888 2613/7893 2382/7889
f 2613/7893 2863/7892 2895/7894
f 2613/7893 2895/7894 2823/7895
f 2676/7896 2417/7897 2823/7895
f 2823/7895 2417/7897 2626/7898
f 2823/7895 2626/7898 2613/7893
f 2626/7898 2417/7897 2023/7899
f 2613/7893 2626/7898 2566/7900
f 2626/7898 2023/7899 2324/7901
f 2626/7898 2324/7901 2566/7900
f 2613/7893 2566/7900 2567/7902
f 2613/7893 2567/7902 2382/7889
f 2567/7902 2566/7900 2565/7903
f 2382/7889 2567/7902 2376/7904
f 2376/7904 2567/7902 2565/7903
f 2565/7903 2566/7900 2275/7905
f 2565/7903 2275/7905 2376/7904
f 2275/7905 2566/7900 2324/7901
f 2275/7905 2324/7901 2176/7906
f 2275/7905 2176/7906 2376/7904
f 2176/7906 2324/7901 2023/7899
f 2376/7904 2176/7906 2187/7907
f 2187/7907 2176/7906 2023/7899
f 2376/7904 2187/7907 2382/7889
f 2187/7907 2023/7899 1983/7908
f 2187/7907 1983/7908 2382/7889
f 2382/7889 1983/7908 2022/7909
f 464/7910 3547/7911 37/7912
f 462/7913 3460/7914 3547/7915
f 3547/7915 3460/7914 3867/7916
f 3547/7915 3867/7916 4053/7917
s 0
f 3547/7915 4053/7917 4156/7918
s 1
f 4053/7917 3867/7916 4186/7919
f 4156/7918 4053/7917 4266/7920
f 4053/7917 4186/7919 4340/7921
f 4053/7917 4340/7921 4266/7920
f 4266/7920 4340/7921 4395/7922
f 343/7923 217/7924 3460/7925
f 3460/7925 217/7924 3565/7926
f 3460/7925 3565/7926 3798/7927
f 3460/7925 3798/7927 3867/7928
f 3867/7928 3798/7927 4056/7929
f 3867/7928 4056/7929 4186/7930
f 4186/7930 4056/7929 4134/7931
f 2435/7932 1986/7933 1972/7934
f 1986/7933 2435/7932 2184/7935
f 2435/7932 1972/7934 2381/7936
f 2435/7932 2381/7936 2803/7937
f 4191/7938 4204/7939 4270/7940
f 4339/7941 4368/7942 4270/7940
f 4270/7940 4368/7942 4359/7943
f 4359/7943 4368/7942 4347/7944
f 4191/7938 4270/7940 4260/7945
f 4260/7945 4270/7940 4359/7943
f 4191/7938 4260/7945 4188/7946
f 4191/7938 4188/7946 4187/7947
f 4187/7947 4188/7946 4189/7948
f 4189/7948 4188/7946 4275/7949
f 4275/7949 4188/7946 4260/7945
f 4189/7948 4275/7949 4276/7950
f 4276/7950 4275/7949 4367/7951
f 4275/7949 4260/7945 4364/7952
f 4275/7949 4364/7952 4367/7951
f 4364/7952 4260/7945 4359/7943
f 4367/7951 4364/7952 4305/7953
f 4305/7953 4364/7952 4359/7943
f 4344/7954 4370/7955 4367/7951
f 4344/7954 4367/7951 4305/7953
f 4311/7956 4359/7943 4347/7944
f 4359/7943 4311/7956 4305/7953
f 4311/7956 4347/7944 4335/7957
f 4311/7956 4335/7957 4343/7958
f 4343/7958 4335/7957 4373/7959
f 4311/7956 4343/7958 4277/7960
f 4311/7956 4277/7960 4305/7953
f 4288/7961 4344/7954 4305/7953
f 4344/7954 4288/7961 4333/7962
f 4333/7962 4288/7961 4303/7963
f 4333/7962 4303/7963 4332/7964
f 4332/7964 4303/7963 4329/7965
f 4303/7963 4288/7961 4258/7966
f 4303/7963 4258/7966 4259/7967
f 4258/7966 4288/7961 4236/7968
f 4236/7968 4288/7961 4305/7953
f 4258/7966 4236/7968 4158/7969
f 4158/7969 4236/7968 4153/7970
f 4236/7968 4305/7953 4206/7971
f 4236/7968 4206/7971 4153/7970
f 4206/7971 4305/7953 4277/7960
f 4153/7970 4206/7971 4121/7972
f 4121/7972 4206/7971 4195/7973
f 4195/7973 4206/7971 4277/7960
f 4121/7972 4195/7973 4125/7974
f 4125/7974 4195/7973 4254/7975
f 4254/7975 4195/7973 4277/7960
f 4254/7975 4277/7960 4265/7976
f 4254/7975 4265/7976 4346/7977
f 4346/7977 4265/7976 4378/7978
f 4346/7977 4378/7978 4434/7979
f 4434/7979 4378/7978 4458/7980
f 4378/7978 4265/7976 4269/7981
f 4458/7980 4378/7978 4325/7982
f 4325/7982 4378/7978 4269/7981
f 4269/7981 4265/7976 4286/7983
f 4269/7981 4286/7983 4325/7982
f 4286/7983 4265/7976 4277/7960
f 4458/7980 4325/7982 4427/7984
f 4286/7983 4277/7960 4320/7985
f 4325/7982 4286/7983 4324/7986
f 4325/7982 4324/7986 4427/7984
f 4324/7986 4286/7983 4320/7985
f 4458/7980 4427/7984 4448/7987
f 4427/7984 4324/7986 4417/7988
f 4427/7984 4417/7988 4448/7987
f 4417/7988 4324/7986 4320/7985
f 4343/7958 4320/7985 4277/7960
f 4448/7987 4417/7988 4380/7989
f 4380/7989 4417/7988 4320/7985
f 4448/7987 4380/7989 4433/7990
f 4380/7989 4320/7985 4388/7991
f 4380/7989 4388/7991 4433/7990
f 4388/7991 4320/7985 4343/7958
f 4448/7987 4433/7990 4487/7992
f 4388/7991 4343/7958 4374/7993
f 4388/7991 4374/7993 4433/7990
f 4487/7992 4433/7990 4439/7994
f 4439/7994 4433/7990 4374/7993
f 4487/7992 4439/7994 4497/7995
f 4374/7993 4343/7958 4362/7996
f 4374/7993 4362/7996 4439/7994
f 4497/7995 4439/7994 4440/7997
f 4440/7997 4439/7994 4362/7996
f 4497/7995 4440/7997 4502/7998
f 4362/7996 4343/7958 4372/7999
f 4372/7999 4343/7958 4373/7959
f 4440/7997 4362/7996 4414/8000
f 4440/7997 4414/8000 4502/7998
f 4414/8000 4362/7996 4372/7999
f 4502/7998 4414/8000 4472/8001
f 4414/8000 4372/7999 4438/8002
f 4414/8000 4438/8002 4472/8001
f 4438/8002 4372/7999 4373/7959
f 4438/8002 4373/7959 4472/8001
f 4472/8001 4373/7959 4389/8003
f 5143/8004 5151/8005 5147/8006
f 5147/8006 5151/8005 5146/8007
f 5153/8008 5143/8004 5145/8009
f 5147/8006 5146/8007 5156/8010
f 5156/8010 5146/8007 5196/8011
f 5143/8004 5147/8006 5160/8012
f 5160/8012 5147/8006 5156/8010
f 5145/8009 5143/8004 5155/8013
f 5155/8013 5143/8004 5160/8012
f 5145/8009 5155/8013 5161/8014
f 5145/8009 5161/8014 5150/8015
f 5161/8014 5155/8013 5368/8016
f 5368/8016 5155/8013 5160/8012
f 5161/8014 5368/8016 5284/8017
f 5284/8017 5368/8016 5471/8018
f 5471/8018 5368/8016 5588/8019
f 5368/8016 5160/8012 5311/8020
f 5311/8020 5160/8012 5156/8010
f 5588/8019 5368/8016 5515/8021
f 5515/8021 5368/8016 5311/8020
f 5311/8020 5156/8010 5372/8022
f 5311/8020 5372/8022 5515/8021
f 5372/8022 5156/8010 5196/8011
f 5372/8022 5196/8011 5341/8023
f 5341/8023 5196/8011 5361/8024
f 5372/8022 5341/8023 5568/8025
f 5341/8023 5361/8024 5579/8026
f 5341/8023 5579/8026 5568/8025
f 5515/8021 5372/8022 5590/8027
f 5590/8027 5372/8022 5568/8025
f 5590/8027 5568/8025 5690/8028
f 5690/8028 5568/8025 5579/8026
f 5579/8026 5361/8024 5488/8029
f 5488/8029 5361/8024 5322/8030
f 5488/8029 5322/8030 5406/8031
f 5579/8026 5488/8029 5570/8032
f 5570/8032 5488/8029 5552/8033
f 5552/8033 5488/8029 5508/8034
f 5579/8026 5570/8032 5618/8035
f 5618/8035 5570/8032 5552/8033
f 5579/8026 5618/8035 5690/8028
f 5552/8033 5508/8034 5620/8036
f 5552/8033 5620/8036 5618/8035
f 5618/8035 5620/8036 5667/8037
f 5618/8035 5667/8037 5690/8028
f 5667/8037 5620/8036 5750/8038
f 5690/8028 5667/8037 5759/8039
f 5759/8039 5667/8037 5750/8038
f 5490/8040 5683/8041 5620/8036
f 5620/8036 5683/8041 5750/8038
f 5780/8042 5683/8041 5675/8043
f 5683/8041 5780/8042 5834/8044
f 5683/8041 5834/8044 5750/8038
f 5834/8044 5780/8042 5798/8045
f 5798/8045 5780/8042 5604/8046
f 5750/8038 5834/8044 5777/8047
f 5834/8044 5798/8045 5804/8048
f 5834/8044 5804/8048 5777/8047
f 5676/8049 5707/8050 5798/8045
f 5798/8045 5707/8050 5804/8048
f 5750/8038 5777/8047 5702/8051
f 5750/8038 5702/8051 5705/8052
f 5750/8038 5705/8052 5759/8039
f 5705/8052 5702/8051 5764/8053
f 5705/8052 5764/8053 5759/8039
f 5764/8053 5702/8051 5777/8047
f 5804/8048 5707/8050 5664/8054
f 5759/8039 5764/8053 5773/8055
f 5664/8054 5707/8050 5521/8056
f 5521/8056 5707/8050 5571/8057
f 5521/8056 5571/8057 5347/8058
f 5664/8054 5521/8056 5442/8059
f 5442/8059 5521/8056 5347/8058
f 5804/8048 5664/8054 5641/8060
f 5641/8060 5664/8054 5442/8059
f 5736/8061 5777/8047 5804/8048
f 5736/8061 5804/8048 5641/8060
f 5770/8062 5764/8053 5777/8047
f 5770/8062 5777/8047 5736/8061
f 5764/8053 5770/8062 5773/8055
f 5773/8055 5770/8062 5691/8063
f 5691/8063 5770/8062 5736/8061
f 5773/8055 5691/8063 5753/8064
f 5753/8064 5691/8063 5736/8061
f 5783/8065 5759/8039 5773/8055
f 5783/8065 5773/8055 5753/8064
f 5759/8039 5783/8065 5690/8028
f 5690/8028 5783/8065 5743/8066
f 5743/8066 5783/8065 5753/8064
f 5690/8028 5743/8066 5716/8067
f 5690/8028 5716/8067 5590/8027
f 5716/8067 5743/8066 5735/8068
f 5735/8068 5743/8066 5753/8064
f 5590/8027 5716/8067 5637/8069
f 5590/8027 5637/8069 5515/8021
f 5716/8067 5735/8068 5722/8070
f 5716/8067 5722/8070 5637/8069
f 5515/8021 5637/8069 5650/8071
f 5650/8071 5637/8069 5722/8070
f 5515/8021 5650/8071 5588/8019
f 5588/8019 5650/8071 5673/8072
f 5588/8019 5673/8072 5642/8073
f 5650/8071 5722/8070 5725/8074
f 5650/8071 5725/8074 5673/8072
f 5673/8072 5725/8074 5733/8075
f 5673/8072 5733/8075 5719/8076
f 5725/8074 5722/8070 5711/8077
f 5711/8077 5722/8070 5735/8068
f 5733/8075 5725/8074 5686/8078
f 5686/8078 5725/8074 5711/8077
f 5733/8075 5686/8078 5687/8079
f 5711/8077 5735/8068 5653/8080
f 5653/8080 5735/8068 5753/8064
f 5686/8078 5711/8077 5593/8081
f 5593/8081 5711/8077 5653/8080
f 5687/8079 5686/8078 5580/8082
f 5580/8082 5686/8078 5593/8081
f 5687/8079 5580/8082 5556/8083
f 5556/8083 5580/8082 5418/8084
f 5580/8082 5593/8081 5431/8085
f 5580/8082 5431/8085 5418/8084
f 5593/8081 5653/8080 5542/8086
f 5431/8085 5593/8081 5407/8087
f 5407/8087 5593/8081 5542/8086
f 5418/8084 5431/8085 5291/8088
f 5418/8084 5291/8088 5221/8089
f 5291/8088 5431/8085 5233/8090
f 5233/8090 5431/8085 5407/8087
f 5221/8089 5291/8088 5107/8091
f 5107/8091 5291/8088 5233/8090
f 5221/8089 5107/8091 4996/8092
f 5221/8089 4996/8092 5095/8093
f 5095/8093 4996/8092 4943/8094
f 4943/8094 4996/8092 4985/8095
f 4996/8092 5107/8091 4948/8096
f 4996/8092 4948/8096 4985/8095
f 5107/8091 5233/8090 4994/8097
f 5107/8091 4994/8097 4948/8096
f 4985/8095 4948/8096 5008/8098
f 5008/8098 4948/8096 4994/8097
f 5077/8099 4985/8095 5076/8100
f 5076/8100 4985/8095 5073/8101
f 5073/8101 4985/8095 5008/8098
f 5076/8100 5073/8101 4678/8102
f 5076/8100 4678/8102 4689/8103
f 5073/8101 5008/8098 5063/8104
f 5073/8101 5063/8104 4677/8105
f 5073/8101 4677/8105 4678/8102
f 5063/8104 5008/8098 5041/8106
f 4677/8105 5063/8104 4674/8107
f 4674/8107 5063/8104 5041/8106
f 4674/8107 5041/8106 4910/8108
f 4910/8108 5041/8106 4883/8109
f 4677/8105 4674/8107 4597/8110
f 4677/8105 4597/8110 4678/8102
f 4597/8110 4674/8107 4590/8111
f 4928/8112 5041/8106 5008/8098
f 5041/8106 4928/8112 4883/8109
f 4928/8112 5008/8098 4994/8097
f 4883/8109 4928/8112 4854/8113
f 4928/8112 4994/8097 5085/8114
f 4928/8112 5085/8114 4854/8113
f 5085/8114 4994/8097 5233/8090
f 4576/8115 4581/8116 4597/8110
f 4597/8110 4581/8116 4583/8117
f 4598/8118 4678/8102 4597/8110
f 4598/8118 4597/8110 4583/8117
f 4678/8102 4598/8118 4689/8103
f 4689/8103 4598/8118 4593/8119
f 4593/8119 4598/8118 4583/8117
f 4689/8103 4593/8119 4595/8120
f 4595/8120 4593/8119 4579/8121
f 4579/8121 4593/8119 4583/8117
f 4579/8121 4583/8117 4578/8122
f 5235/8123 5085/8114 5233/8090
f 5235/8123 5233/8090 5407/8087
f 5085/8114 5235/8123 5098/8124
f 5085/8114 5098/8124 4854/8113
f 5235/8123 5407/8087 5305/8125
f 5235/8123 5305/8125 5098/8124
f 5305/8125 5407/8087 5428/8126
f 5428/8126 5407/8087 5542/8086
f 5098/8124 5305/8125 5261/8127
f 5261/8127 5305/8125 5428/8126
f 4854/8113 5098/8124 4998/8128
f 4998/8128 5098/8124 5261/8127
f 4857/8129 4868/8130 4854/8113
f 4857/8129 4854/8113 4998/8128
f 5020/8131 4870/8132 4857/8129
f 5020/8131 4857/8129 4899/8133
f 4899/8133 4857/8129 4998/8128
f 4899/8133 4998/8128 5100/8134
f 4899/8133 5100/8134 4830/8135
f 4830/8135 5100/8134 5124/8136
f 5100/8134 4998/8128 5148/8137
f 5148/8137 4998/8128 5261/8127
f 5124/8136 5100/8134 5239/8138
f 5239/8138 5100/8134 5148/8137
f 5148/8137 5261/8127 5267/8139
f 5148/8137 5267/8139 5239/8138
f 5239/8138 5267/8139 5261/8127
f 5124/8136 5239/8138 5314/8140
f 5239/8138 5261/8127 5349/8141
f 5239/8138 5349/8141 5314/8140
f 5349/8141 5261/8127 5428/8126
f 5124/8136 5314/8140 4973/8142
f 4973/8142 5314/8140 5215/8143
f 4973/8142 5215/8143 5241/8144
f 5241/8144 5215/8143 5347/8058
f 5347/8058 5215/8143 5442/8059
f 5442/8059 5215/8143 5314/8140
f 5414/8145 5314/8140 5349/8141
f 5314/8140 5414/8145 5442/8059
f 5414/8145 5349/8141 5402/8146
f 5402/8146 5349/8141 5428/8126
f 5442/8059 5414/8145 5485/8147
f 5485/8147 5414/8145 5402/8146
f 5485/8147 5402/8146 5428/8126
f 5442/8059 5485/8147 5641/8060
f 5485/8147 5428/8126 5569/8148
f 5485/8147 5569/8148 5575/8149
f 5485/8147 5575/8149 5641/8060
f 5641/8060 5575/8149 5569/8148
f 5569/8148 5428/8126 5630/8150
f 5569/8148 5630/8150 5641/8060
f 5630/8150 5428/8126 5542/8086
f 5630/8150 5542/8086 5653/8080
f 5630/8150 5653/8080 5753/8064
f 5641/8060 5630/8150 5644/8151
f 5641/8060 5644/8151 5736/8061
f 5630/8150 5753/8064 5708/8152
f 5708/8152 5753/8064 5736/8061
f 5644/8151 5630/8150 5639/8153
f 5644/8151 5639/8153 5736/8061
f 5639/8153 5630/8150 5708/8152
f 5639/8153 5708/8152 5736/8061
f 4326/8154 4329/8155 4289/8156
f 4289/8156 4329/8155 4303/8157
f 4289/8156 4303/8157 4259/8158
f 4326/8154 4289/8156 4279/8159
f 4326/8154 4279/8159 4327/8160
f 4327/8160 4279/8159 4274/8161
f 4279/8159 4289/8156 4222/8162
f 4222/8162 4289/8156 4259/8158
f 4279/8159 4222/8162 4199/8163
f 4199/8163 4222/8162 4110/8164
f 4222/8162 4259/8158 4158/8165
f 4158/8165 4259/8158 4258/8166
f 4222/8162 4158/8165 4104/8167
f 4110/8164 4222/8162 4135/8168
f 4135/8168 4222/8162 4104/8167
f 4110/8164 4135/8168 4019/8169
f 4019/8169 4135/8168 4104/8167
f 4110/8164 4019/8169 4005/8170
f 4019/8169 4104/8167 3901/8171
f 3901/8171 4104/8167 3899/8172
f 3901/8171 3899/8172 3726/8173
f 4019/8169 3901/8171 3769/8174
f 4019/8169 3769/8174 4005/8170
f 3769/8174 3901/8171 3726/8173
f 4005/8170 3769/8174 3883/8175
f 3769/8174 3726/8173 3575/8176
f 3575/8176 3726/8173 12/8177
f 3769/8174 3575/8176 3621/8178
f 3575/8176 12/8177 87/8179
f 3575/8176 87/8179 3621/8178
f 3621/8178 87/8179 3481/8180
f 4472/8181 4503/8182 4502/8183
f 4502/8183 4503/8182 4501/8184
f 4502/8183 4501/8184 4497/8185
f 4506/8186 4507/8187 4501/8184
f 4501/8184 4507/8187 4505/8188
f 4505/8188 4507/8187 4456/8189
f 4505/8188 4456/8189 4423/8190
f 4423/8190 4456/8189 4409/8191
f 4501/8184 4505/8188 4486/8192
f 4486/8192 4505/8188 4483/8193
f 4501/8184 4486/8192 4469/8194
f 4501/8184 4469/8194 4497/8185
f 4469/8194 4486/8192 4446/8195
f 4497/8185 4469/8194 4481/8196
f 4481/8196 4469/8194 4458/8197
f 4497/8185 4481/8196 4487/8198
f 4481/8196 4458/8197 4448/8199
f 4481/8196 4448/8199 4487/8198
f 6580/8200 6499/8201 6540/8202
f 6580/8200 6540/8202 6592/8203
f 6592/8203 6540/8202 6632/8204
f 6592/8203 6632/8204 6585/8205
f 6632/8204 6540/8202 6470/8206
f 6540/8202 6499/8201 6370/8207
f 6540/8202 6370/8207 6470/8206
f 6370/8207 6499/8201 6186/8208
f 6470/8206 6370/8207 6188/8209
f 6188/8209 6370/8207 6186/8208
f 4423/8210 4412/8211 4483/8212
f 4423/8210 4483/8212 4505/8213
f 4483/8212 4412/8211 4512/8214
f 4483/8212 4512/8214 4486/8215
f 4412/8211 4423/8210 4357/8216
f 4486/8215 4512/8214 4495/8217
f 4486/8215 4495/8217 4466/8218
f 4466/8218 4495/8217 4508/8219
f 4508/8219 4495/8217 4512/8214
f 4466/8218 4508/8219 4457/8220
f 4457/8220 4508/8219 4478/8221
f 4478/8221 4508/8219 4512/8214
f 4457/8220 4478/8221 4432/8222
f 4470/8223 4512/8214 4412/8211
f 4512/8214 4470/8223 4478/8221
f 4432/8222 4478/8221 4444/8224
f 4444/8224 4478/8221 4470/8223
f 4432/8222 4444/8224 4350/8225
f 4470/8223 4412/8211 4397/8226
f 4470/8223 4397/8226 4444/8224
f 4444/8224 4397/8226 4350/8225
f 4397/8226 4412/8211 4357/8216
f 4397/8226 4357/8216 4350/8225
f 4390/8227 4357/8216 4423/8210
f 4390/8227 4423/8210 4409/8228
f 4357/8216 4390/8227 4340/8229
f 4390/8227 4409/8228 4402/8230
f 4340/8229 4390/8227 4395/8231
f 4395/8231 4390/8227 4402/8230
f 5157/8232 5150/8233 5158/8234
f 5158/8234 5150/8233 5164/8235
f 5164/8235 5150/8233 5161/8236
f 5157/8232 5158/8234 5511/8237
f 5164/8235 5161/8236 5276/8238
f 5164/8235 5276/8238 5158/8234
f 5158/8234 5276/8238 5511/8237
f 5276/8238 5161/8236 5284/8239
f 5276/8238 5284/8239 5476/8240
f 5276/8238 5476/8240 5511/8237
f 5476/8240 5284/8239 5471/8241
f 5476/8240 5471/8241 5642/8242
f 5642/8242 5471/8241 5588/8243
f 5511/8237 5476/8240 5646/8244
f 5646/8244 5476/8240 5642/8242
f 5646/8244 5642/8242 5719/8245
f 5719/8245 5642/8242 5673/8246
f 5646/8244 5719/8245 5727/8247
f 5511/8237 5646/8244 5873/8248
f 5873/8248 5646/8244 5727/8247
f 5511/8237 5873/8248 5912/8249
f 5873/8248 5727/8247 5689/8250
f 5912/8249 5873/8248 6118/8251
f 5873/8248 5689/8250 6095/8252
f 6118/8251 5873/8248 6154/8253
f 6154/8253 5873/8248 6095/8252
f 6188/8254 6232/8255 6470/8256
f 6470/8256 6232/8255 6485/8257
f 6470/8256 6485/8257 6632/8258
f 6632/8258 6485/8257 6585/8259
f 6485/8257 6232/8255 6240/8260
f 6585/8259 6485/8257 6459/8261
f 6459/8261 6485/8257 6240/8260
f 6459/8261 6240/8260 6289/8262
f 4504/8263 4321/8264 4274/8265
f 4274/8265 4321/8264 4327/8266
f 4517/8267 4587/8268 4504/8263
f 4517/8267 4504/8263 4334/8269
f 4334/8269 4504/8263 4274/8265
f 4334/8269 4274/8265 4172/8270
f 4172/8270 4274/8265 4199/8271
f 4334/8269 4172/8270 4089/8272
f 4334/8269 4089/8272 3812/8273
f 3812/8273 4089/8272 3883/8274
f 3812/8273 3883/8274 3687/8275
f 3812/8273 3687/8275 3469/8276
f 3687/8275 3883/8274 3621/8277
f 3469/8276 3687/8275 3481/8278
f 3481/8278 3687/8275 3621/8277
f 5193/8279 5140/8280 5227/8281
f 5146/8282 5193/8279 5196/8283
f 5196/8283 5193/8279 5227/8281
f 5196/8283 5227/8281 5361/8284
f 5361/8284 5227/8281 5322/8285
f 5227/8281 5140/8280 5194/8286
f 5227/8281 5194/8286 5322/8285
f 5194/8286 5140/8280 5126/8287
f 5126/8287 5140/8280 5163/8288
f 5322/8285 5194/8286 5302/8289
f 5302/8289 5194/8286 5126/8287
f 5322/8285 5302/8289 5406/8290
f 5126/8287 5163/8288 5211/8291
f 5302/8289 5126/8287 5321/8292
f 5321/8292 5126/8287 5211/8291
f 5406/8290 5302/8289 5411/8293
f 5411/8293 5302/8289 5321/8292
f 5406/8290 5411/8293 5488/8294
f 5488/8294 5411/8293 5508/8295
f 5508/8295 5411/8293 5490/8296
f 5490/8296 5411/8293 5321/8292
f 5508/8295 5490/8296 5620/8297
f 5321/8292 5211/8291 5319/8298
f 5319/8298 5211/8291 5237/8299
f 5490/8296 5321/8292 5518/8300
f 5518/8300 5321/8292 5319/8298
f 5490/8296 5518/8300 5683/8301
f 5683/8301 5518/8300 5675/8302
f 5675/8302 5518/8300 5504/8303
f 5504/8303 5518/8300 5319/8298
f 5319/8298 5237/8299 5245/8304
f 5504/8303 5319/8298 5376/8305
f 5376/8305 5319/8298 5245/8304
f 5504/8303 5376/8305 5430/8306
f 5430/8306 5376/8305 5345/8307
f 5345/8307 5376/8305 5190/8308
f 5190/8308 5376/8305 5245/8304
f 5190/8308 5245/8304 5122/8309
f 5190/8308 5122/8309 5028/8310
f 5028/8310 5122/8309 5060/8311
f 5504/8312 5604/8313 5675/8314
f 5675/8314 5604/8313 5780/8315
f 5604/8313 5504/8312 5430/8316
f 5798/8317 5604/8313 5676/8318
f 5676/8318 5604/8313 5524/8319
f 5524/8319 5604/8313 5430/8316
f 5676/8318 5524/8319 5707/8320
f 5707/8320 5524/8319 5571/8321
f 5524/8319 5430/8316 5356/8322
f 5356/8322 5430/8316 5345/8323
f 5571/8321 5524/8319 5424/8324
f 5424/8324 5524/8319 5356/8322
f 5571/8321 5424/8324 5347/8325
f 5347/8325 5424/8324 5241/8326
f 5241/8326 5424/8324 5356/8322
f 5356/8322 5345/8323 5154/8327
f 5241/8326 5356/8322 5109/8328
f 5109/8328 5356/8322 5154/8327
f 5241/8326 5109/8328 4973/8329
f 5109/8328 5154/8327 4842/8330
f 5109/8328 4842/8330 4973/8329
f 4633/8331 4787/8332 4689/8333
f 4689/8333 4787/8332 5077/8334
f 4689/8333 5077/8334 5076/8335
f 4633/8331 4689/8333 4595/8336
f 5077/8334 4787/8332 5039/8337
f 5039/8337 4787/8332 4743/8338
f 4743/8338 4787/8332 4633/8331
f 5077/8334 5039/8337 4983/8339
f 5077/8334 4983/8339 4985/8340
f 4985/8340 4983/8339 4943/8341
f 4983/8339 5039/8337 4963/8342
f 4963/8342 5039/8337 4743/8338
f 4943/8341 4983/8339 5004/8343
f 5004/8343 4983/8339 4963/8342
f 4943/8341 5004/8343 5095/8344
f 5004/8343 4963/8342 5043/8345
f 5095/8344 5004/8343 5171/8346
f 5171/8346 5004/8343 5043/8345
f 4963/8342 4743/8338 4717/8347
f 4963/8342 4717/8347 5043/8345
f 4717/8347 4743/8338 4633/8331
f 5043/8345 4717/8347 5171/8346
f 5095/8344 5171/8346 5326/8348
f 5095/8344 5326/8348 5221/8349
f 5221/8349 5326/8348 5418/8350
f 5418/8350 5326/8348 5556/8351
f 5326/8348 5171/8346 5328/8352
f 5556/8351 5326/8348 5527/8353
f 5328/8352 5171/8346 5468/8354
f 5468/8354 5171/8346 4717/8347
f 5326/8348 5328/8352 5562/8355
f 5326/8348 5562/8355 5527/8353
f 5562/8355 5328/8352 5468/8354
f 5556/8351 5527/8353 5633/8356
f 5633/8356 5527/8353 5562/8355
f 5556/8351 5633/8356 5687/8357
f 5633/8356 5562/8355 5689/8358
f 5689/8358 5562/8355 5468/8354
f 5687/8357 5633/8356 5709/8359
f 5709/8359 5633/8356 5689/8358
f 5709/8359 5689/8358 5727/8360
f 5709/8359 5727/8360 5719/8361
f 5709/8359 5719/8361 5687/8357
f 5687/8357 5719/8361 5733/8362
f 5689/8358 5468/8354 6095/8363
f 6095/8363 5468/8354 5862/8364
f 6095/8363 5862/8364 6161/8365
f 6161/8365 5862/8364 6044/8366
f 6044/8366 5862/8364 6089/8367
f 6089/8367 5862/8364 6133/8368
f 6133/8368 5862/8364 5888/8369
f 5888/8369 5862/8364 5468/8354
f 6133/8368 5888/8369 6035/8370
f 6035/8370 5888/8369 5981/8371
f 5888/8369 5468/8354 5459/8372
f 6164/8373 6054/8374 5888/8369
f 6164/8373 5888/8369 6115/8375
f 6115/8375 5888/8369 5459/8372
f 6164/8373 6115/8375 6152/8376
s 0
f 5459/8372 5468/8354 4717/8347
s 1
f 6152/8376 6115/8375 5871/8377
f 5871/8377 6115/8375 5459/8372
f 6152/8376 5871/8377 6107/8378
f 6152/8376 6107/8378 6141/8379
f 6107/8378 5871/8377 5875/8380
f 6107/8378 5875/8380 6143/8381
f 5875/8380 5871/8377 5228/8382
s 0
f 5228/8382 5871/8377 5459/8372
f 5228/8382 5459/8372 4572/8383
f 4572/8383 5459/8372 4717/8347
s 1
f 4572/8383 4717/8347 4473/8384
f 4572/8383 4473/8384 4141/8385
f 4141/8385 4473/8384 4334/8386
f 4334/8386 4473/8384 4717/8347
f 4141/8385 4334/8386 3812/8387
f 4334/8386 4717/8347 4517/8388
f 4517/8388 4717/8347 4633/8331
f 4517/8388 4633/8331 4599/8389
f 4599/8389 4633/8331 4595/8336
f 4517/8388 4599/8389 4587/8390
f 4599/8389 4595/8336 4579/8391
f 4599/8389 4579/8391 4587/8390
f 4587/8390 4579/8391 4578/8392
f 4799/8393 4869/8394 4924/8395
f 4799/8393 4924/8395 4851/8396
f 4851/8396 4924/8395 4870/8397
f 4870/8397 4924/8395 4868/8398
f 4870/8397 4868/8398 4857/8399
f 4851/8396 4870/8397 4972/8400
f 4972/8400 4870/8397 5020/8401
f 4972/8400 5020/8401 4899/8402
f 4972/8400 4899/8402 4830/8403
f 4972/8400 4830/8403 4851/8396
f 4851/8396 4830/8403 4799/8393
f 4799/8393 4830/8403 4842/8404
f 4842/8404 4830/8403 4973/8405
f 4973/8405 4830/8403 5124/8406
f 4274/8407 4279/8408 4199/8409
f 4254/8410 4346/8411 4313/8412
f 4313/8412 4346/8411 4434/8413
f 4458/8414 4469/8415 4434/8413
f 4434/8413 4469/8415 4407/8416
f 4434/8413 4407/8416 4313/8412
f 4254/8410 4313/8412 4213/8417
f 4254/8410 4213/8417 4125/8418
f 4213/8417 4313/8412 4273/8419
f 4273/8419 4313/8412 4366/8420
f 4366/8420 4313/8412 4407/8416
f 4273/8419 4366/8420 4242/8421
f 4273/8419 4242/8421 4213/8417
f 4081/8422 3950/8423 4125/8418
f 4418/8424 4407/8416 4469/8415
f 4418/8424 4469/8415 4446/8425
f 4418/8424 4446/8425 4382/8426
f 4418/8424 4382/8426 4285/8427
f 4418/8424 4285/8427 4407/8416
f 4285/8427 4382/8426 4297/8428
f 4081/8422 4125/8418 4113/8429
f 4113/8429 4125/8418 4213/8417
f 4081/8422 4113/8429 4123/8430
f 4081/8422 4123/8430 4128/8431
f 4113/8429 4213/8417 4150/8432
f 4113/8429 4150/8432 4123/8430
f 4128/8431 4123/8430 4163/8433
f 4128/8431 4163/8433 4179/8434
f 4123/8430 4150/8432 4173/8435
f 4123/8430 4173/8435 4163/8433
f 4150/8432 4213/8417 4145/8436
f 4150/8432 4145/8436 4173/8435
f 4145/8436 4213/8417 4177/8437
f 4177/8437 4213/8417 4242/8421
f 4179/8434 4163/8433 4239/8438
f 4239/8438 4163/8433 4173/8435
f 4179/8434 4239/8438 4231/8439
f 4179/8434 4231/8439 4166/8440
f 4166/8440 4231/8439 4126/8441
f 4126/8441 4231/8439 4285/8427
f 4231/8439 4239/8438 4271/8442
f 4231/8439 4271/8442 4285/8427
f 4239/8438 4173/8435 4192/8443
f 4239/8438 4192/8443 4271/8442
f 4192/8443 4173/8435 4145/8436
f 4285/8427 4271/8442 4354/8444
f 4285/8427 4354/8444 4407/8416
f 4407/8416 4354/8444 4366/8420
f 4192/8443 4145/8436 4149/8445
f 4149/8445 4145/8436 4177/8437
f 4271/8442 4192/8443 4233/8446
f 4271/8442 4233/8446 4354/8444
f 4233/8446 4192/8443 4149/8445
f 4366/8420 4354/8444 4282/8447
f 4282/8447 4354/8444 4233/8446
f 4366/8420 4282/8447 4242/8421
f 4149/8445 4177/8437 4193/8448
f 4149/8445 4193/8448 4233/8446
f 4193/8448 4177/8437 4242/8421
f 4233/8446 4193/8448 4282/8447
f 4282/8447 4193/8448 4242/8421
f 4486/8449 4466/8450 4446/8451
f 4446/8451 4466/8450 4457/8452
f 4446/8451 4457/8452 4349/8453
f 4349/8453 4457/8452 4432/8454
f 4349/8453 4432/8454 4350/8455
f 4349/8453 4350/8455 4357/8456
f 4446/8451 4349/8453 4408/8457
f 4446/8451 4408/8457 4382/8458
f 4349/8453 4357/8456 4308/8459
f 4349/8453 4308/8459 4408/8457
f 4308/8459 4357/8456 4253/8460
f 4253/8460 4357/8456 4340/8461
f 4408/8457 4308/8459 4292/8462
f 4408/8457 4292/8462 4382/8458
f 4292/8462 4308/8459 4253/8460
f 4253/8460 4340/8461 4186/8463
f 4253/8460 4186/8463 4134/8464
f 4253/8460 4134/8464 4182/8465
f 4253/8460 4182/8465 4292/8462
f 4292/8462 4182/8465 4237/8466
f 4292/8462 4237/8466 4382/8458
f 4382/8458 4237/8466 4297/8467
f 6593/8468 6592/8469 6577/8470
f 6593/8468 6577/8470 6561/8471
f 6561/8471 6577/8470 6477/8472
f 6477/8472 6577/8470 6437/8473
f 6477/8472 6437/8473 6189/8474
f 6577/8470 6592/8469 6574/8475
f 6577/8470 6574/8475 6437/8473
f 6189/8474 6437/8473 6275/8476
f 6275/8476 6437/8473 6574/8475
f 6189/8474 6275/8476 6181/8477
f 6189/8474 6181/8477 6176/8478
f 6176/8478 6181/8477 6161/8479
f 6574/8475 6592/8469 6644/8480
f 6154/8481 6095/8482 6161/8479
f 6154/8481 6161/8479 6181/8477
f 6644/8480 6592/8469 6585/8483
f 6644/8480 6585/8483 6607/8484
f 6607/8484 6585/8483 6459/8485
f 6607/8484 6459/8485 6450/8486
f 6644/8480 6607/8484 6473/8487
f 6644/8480 6473/8487 6481/8488
f 6644/8480 6481/8488 6574/8475
f 6574/8475 6481/8488 6275/8476
f 6481/8488 6473/8487 6180/8489
f 6275/8476 6481/8488 6165/8490
f 6165/8490 6481/8488 6180/8489
f 6275/8476 6165/8490 6181/8477
f 6165/8490 6180/8489 6289/8491
f 6165/8490 6289/8491 6240/8492
f 6165/8490 6240/8492 6181/8477
f 6181/8477 6240/8492 6232/8493
f 6181/8477 6232/8493 6188/8494
f 6181/8477 6188/8494 6182/8495
f 6181/8477 6182/8495 6154/8481
f 6154/8481 6182/8495 6118/8496
f 4172/8497 4199/8498 4110/8499
f 4172/8497 4110/8499 4089/8500
f 4089/8500 4110/8499 4005/8501
f 4089/8500 4005/8501 3883/8502
f 4182/8503 4227/8504 4237/8505
f 4237/8505 4227/8504 4297/8506
f 4134/8507 4006/8508 4182/8503
f 4006/8508 4134/8507 4056/8509
f 4227/8504 4182/8503 4118/8510
f 4118/8510 4182/8503 4006/8508
f 4297/8506 4227/8504 4307/8511
f 4307/8511 4227/8504 4267/8512
f 4297/8506 4307/8511 4209/8513
f 4297/8506 4209/8513 4285/8514
f 4285/8514 4209/8513 4126/8515
f 4126/8515 4209/8513 4108/8516
f 4267/8512 4227/8504 4143/8517
f 4143/8517 4227/8504 4118/8510
f 4307/8511 4267/8512 4198/8518
f 4307/8511 4198/8518 4209/8513
f 4198/8518 4267/8512 4143/8517
f 4143/8517 4118/8510 4020/8519
f 4209/8513 4198/8518 4106/8520
f 4209/8513 4106/8520 4108/8516
f 4198/8518 4143/8517 4084/8521
f 4084/8521 4143/8517 4020/8519
f 4198/8518 4084/8521 4106/8520
f 4020/8519 4118/8510 4035/8522
f 4020/8519 4035/8522 4084/8521
f 4084/8521 4035/8522 4106/8520
f 4106/8520 4035/8522 4108/8516
f 4035/8522 4118/8510 4006/8508
f 4108/8516 4035/8522 4051/8523
f 4051/8523 4035/8522 4006/8508
f 4108/8516 4051/8523 3940/8524
f 4051/8523 4006/8508 3913/8525
f 4051/8523 3913/8525 3940/8524
f 3913/8525 4006/8508 3793/8526
f 3913/8525 3793/8526 3805/8527
f 3913/8525 3805/8527 3940/8524
f 3940/8524 3805/8527 3842/8528
f 4158/8529 4153/8530 4034/8531
f 4158/8529 4034/8531 4104/8532
f 4104/8532 4034/8531 3899/8533
f 4034/8531 4153/8530 4121/8534
f 3899/8533 4034/8531 3861/8535
f 4034/8531 4121/8534 4002/8536
f 4034/8531 4002/8536 3861/8535
f 4002/8536 4121/8534 4125/8537
f 3861/8535 4002/8536 3878/8538
f 4002/8536 4125/8537 3950/8539
f 4002/8536 3950/8539 3878/8538
f 3878/8538 3950/8539 3784/8540
f 6044/8541 6315/8542 6421/8543
f 6421/8543 6315/8542 6563/8544
f 6044/8541 6421/8543 6089/8545
f 6421/8543 6563/8544 6583/8546
f 6089/8545 6421/8543 6480/8547
f 6480/8547 6421/8543 6583/8546
f 6089/8545 6480/8547 6336/8548
f 6336/8548 6480/8547 6583/8546
f 6089/8545 6336/8548 6056/8549
f 6089/8545 6056/8549 6053/8550
f 6056/8549 6336/8548 6299/8551
f 6299/8551 6336/8548 6583/8546
f 6053/8550 6056/8549 6008/8552
f 6008/8552 6056/8549 6299/8551
f 6053/8550 6008/8552 5993/8553
f 6299/8551 6583/8546 6345/8554
f 6299/8551 6345/8554 6008/8552
f 5993/8553 6008/8552 5999/8555
f 5999/8555 6008/8552 6345/8554
s 0
f 5993/8553 5999/8555 5952/8556
s 1
f 5952/8556 5999/8555 6031/8557
f 5952/8556 6031/8557 5949/8558
f 5999/8555 6345/8554 6100/8559
f 5999/8555 6100/8559 5984/8560
f 5999/8555 5984/8560 6031/8557
f 6100/8559 6345/8554 6378/8561
f 5984/8560 6100/8559 6036/8562
f 6036/8562 6100/8559 6378/8561
f 6378/8561 6345/8554 6606/8563
f 6606/8563 6345/8554 6583/8546
f 6036/8562 6378/8561 6385/8564
f 6385/8564 6378/8561 6606/8563
f 5984/8560 6036/8562 6055/8565
f 6055/8565 6036/8562 6385/8564
f 6606/8563 6583/8546 6572/8566
f 6606/8563 6572/8566 6385/8564
f 6572/8566 6583/8546 6579/8567
f 6055/8565 6385/8564 6403/8568
f 6403/8568 6385/8564 6572/8566
f 5984/8560 6055/8565 6110/8569
f 6110/8569 6055/8565 6403/8568
f 5984/8560 6110/8569 6031/8557
f 6403/8568 6572/8566 6598/8570
f 6598/8570 6572/8566 6579/8567
f 6110/8569 6403/8568 6356/8571
f 6356/8571 6403/8568 6598/8570
f 6110/8569 6356/8571 6031/8557
f 6356/8571 6598/8570 6461/8572
f 6031/8557 6356/8571 6173/8573
f 6173/8573 6356/8571 6461/8572
f 6461/8572 6598/8570 6486/8574
f 6461/8572 6486/8574 6173/8573
f 6486/8574 6598/8570 6622/8575
f 6622/8575 6598/8570 6579/8567
f 6173/8573 6486/8574 6123/8576
f 6031/8557 6173/8573 5985/8577
f 5985/8577 6173/8573 6123/8576
f 6123/8576 6486/8574 6400/8578
f 6400/8578 6486/8574 6622/8575
f 6123/8576 6400/8578 6059/8579
f 6400/8578 6622/8575 6460/8580
f 6400/8578 6460/8580 6059/8579
f 6460/8580 6622/8575 6558/8581
f 6558/8581 6622/8575 6579/8567
f 6059/8579 6460/8580 6116/8582
f 6123/8576 6059/8579 6027/8583
f 6027/8583 6059/8579 6116/8582
f 6123/8576 6027/8583 5985/8577
f 6116/8582 6460/8580 6426/8584
f 6426/8584 6460/8580 6558/8581
f 6027/8583 6116/8582 6046/8585
f 6046/8585 6116/8582 6426/8584
f 5985/8577 6027/8583 5982/8586
f 5982/8586 6027/8583 6046/8585
f 5982/8586 6046/8585 6194/8587
f 5982/8586 6194/8587 5985/8577
f 6194/8587 6046/8585 6426/8584
f 6426/8584 6558/8581 6599/8588
f 6426/8584 6599/8588 6194/8587
f 6599/8588 6558/8581 6573/8589
f 6573/8589 6558/8581 6579/8567
f 6194/8587 6599/8588 6363/8590
f 6363/8590 6599/8588 6573/8589
f 5976/8591 5985/8577 6194/8587
f 5985/8577 5976/8591 6031/8557
f 6031/8557 5976/8591 5949/8558
f 5976/8591 6194/8587 6124/8592
f 6124/8592 6194/8587 6363/8590
s 0
f 5949/8558 5976/8591 5996/8593
s 1
f 5996/8593 5976/8591 6124/8592
f 5949/8558 5996/8593 5988/8594
f 5949/8558 5988/8594 5943/8595
f 5943/8595 5988/8594 6447/8596
f 5988/8594 5996/8593 6149/8597
f 6149/8597 5996/8593 6107/8598
f 6149/8597 6107/8598 6141/8599
f 6107/8598 5996/8593 6003/8600
f 6003/8600 5996/8593 6124/8592
f 6003/8600 6124/8592 6338/8601
f 6338/8601 6124/8592 6363/8590
f 6003/8600 6338/8601 6274/8602
f 6338/8601 6363/8590 6573/8589
f 6338/8601 6573/8589 6274/8602
f 6274/8602 6573/8589 6619/8603
f 6274/8602 6619/8603 6510/8604
f 6619/8603 6573/8589 6579/8567
f 6510/8604 6619/8603 6620/8605
f 6620/8605 6619/8603 6579/8567
f 6620/8605 6579/8567 6609/8606
f 4081/8607 4087/8608 4008/8609
f 4087/8608 4081/8607 4128/8610
f 4087/8608 4128/8610 4120/8611
f 4120/8611 4128/8610 4179/8612
f 4120/8611 4179/8612 4166/8613
f 4087/8608 4120/8611 4049/8614
f 4087/8608 4049/8614 4008/8609
f 4120/8611 4166/8613 4105/8615
f 4120/8611 4105/8615 4049/8614
f 4105/8615 4166/8613 4100/8616
f 4100/8616 4166/8613 4126/8617
f 4049/8614 4105/8615 3988/8618
f 3988/8618 4105/8615 4100/8616
f 4008/8609 4049/8614 3918/8619
f 3918/8619 4049/8614 3988/8618
f 4008/8609 3918/8619 3916/8620
f 3916/8620 3918/8619 3988/8618
f 3988/8618 4100/8616 4032/8621
f 4008/8609 3916/8620 3934/8622
f 3916/8620 3988/8618 3941/8623
f 3916/8620 3941/8623 3934/8622
f 3988/8618 4032/8621 3991/8624
f 3988/8618 3991/8624 3941/8623
f 4032/8621 4100/8616 3970/8625
f 4032/8621 3970/8625 3991/8624
f 3970/8625 4100/8616 4126/8617
f 3941/8623 3991/8624 3902/8626
f 3941/8623 3902/8626 3934/8622
f 3902/8626 3991/8624 3970/8625
f 3889/8627 4008/8609 3934/8622
f 3889/8627 3934/8622 3902/8626
f 4008/8609 3889/8627 4081/8607
f 4081/8607 3889/8627 3950/8628
f 3950/8628 3889/8627 3784/8629
f 3943/8630 3970/8625 4126/8617
f 3943/8630 4126/8617 4108/8631
f 3943/8630 4108/8631 3940/8632
f 3943/8630 3940/8632 3842/8633
f 3943/8630 3842/8633 3752/8634
f 3970/8625 3943/8630 3845/8635
f 3845/8635 3943/8630 3752/8634
f 3750/8636 3784/8629 3889/8627
f 3784/8629 3750/8636 3572/8637
f 3572/8637 3750/8636 3673/8638
f 3750/8636 3889/8627 3825/8639
f 3825/8639 3889/8627 3902/8626
f 3881/8640 3902/8626 3970/8625
f 3902/8626 3881/8640 3825/8639
f 3881/8640 3970/8625 3845/8635
f 3825/8639 3881/8640 3837/8641
f 3837/8641 3881/8640 3845/8635
f 3750/8636 3825/8639 3809/8642
f 3809/8642 3825/8639 3837/8641
f 3750/8636 3809/8642 3749/8643
f 3809/8642 3837/8641 3776/8644
f 3809/8642 3776/8644 3749/8643
f 3837/8641 3845/8635 3745/8645
f 3837/8641 3745/8645 3776/8644
f 3745/8645 3845/8635 3754/8646
f 3754/8646 3845/8635 3752/8634
f 3754/8646 3752/8634 3668/8647
f 3750/8636 3749/8643 3710/8648
f 3750/8636 3710/8648 3673/8638
f 3703/8649 3749/8643 3776/8644
f 3703/8649 3776/8644 3745/8645
f 3710/8648 3749/8643 3701/8650
f 3701/8650 3749/8643 3703/8649
f 3673/8638 3710/8648 3716/8651
f 3716/8651 3710/8648 3701/8650
f 3673/8638 3716/8651 3658/8652
f 3701/8650 3703/8649 3711/8653
f 3701/8650 3711/8653 3716/8651
f 3703/8649 3745/8645 3730/8654
f 3703/8649 3730/8654 3711/8653
f 3711/8653 3730/8654 3716/8651
f 3730/8654 3745/8645 3754/8646
f 3658/8652 3716/8651 3691/8655
f 3691/8655 3716/8651 3730/8654
f 3691/8655 3730/8654 3754/8646
f 3658/8652 3691/8655 3668/8647
f 3668/8647 3691/8655 3754/8646
f 4056/8656 3839/8657 4006/8658
f 3839/8657 4056/8656 3798/8659
f 4006/8658 3839/8657 3793/8660
f 3839/8657 3798/8659 3670/8661
f 3839/8657 3670/8661 3793/8660
f 3670/8661 3798/8659 3565/8662
f 3793/8660 3670/8661 3775/8663
f 3793/8660 3775/8663 3805/8664
f 3775/8663 3670/8661 3695/8665
f 3805/8664 3775/8663 3807/8666
f 3775/8663 3695/8665 3778/8667
f 3775/8663 3778/8667 3807/8666
f 3778/8667 3695/8665 3727/8668
f 3695/8665 3670/8661 3592/8669
f 3695/8665 3592/8669 3727/8668
f 3592/8669 3670/8661 3583/8670
f 3583/8670 3670/8661 3581/8671
f 3583/8670 3581/8671 3596/8672
f 3583/8670 3596/8672 3592/8669
f 3592/8669 3596/8672 3612/8673
f 3592/8669 3612/8673 3727/8668
f 3612/8673 3596/8672 3603/8674
f 3603/8674 3596/8672 3601/8675
f 3727/8668 3612/8673 3693/8676
f 3693/8676 3612/8673 3603/8674
f 3811/8677 3778/8667 3727/8668
f 3811/8677 3727/8668 3693/8676
f 3778/8667 3811/8677 3807/8666
f 3603/8674 3601/8675 3696/8678
f 3603/8674 3696/8678 3693/8676
f 3696/8678 3601/8675 3681/8679
f 3811/8677 3693/8676 3824/8680
f 3811/8677 3824/8680 3807/8666
f 3824/8680 3693/8676 3696/8678
f 3824/8680 3696/8678 3826/8681
f 3824/8680 3826/8681 3807/8666
f 3826/8681 3696/8678 3681/8679
f 3807/8666 3826/8681 3817/8682
f 3817/8682 3826/8681 3681/8679
f 3807/8666 3817/8682 3805/8664
f 3805/8664 3817/8682 3842/8683
f 3842/8683 3817/8682 3752/8684
f 3752/8684 3817/8682 3681/8679
f 3752/8684 3681/8679 3657/8685
f 3726/8686 3899/8687 3707/8688
f 3707/8688 3899/8687 3861/8689
f 3726/8686 3707/8688 3599/8690
f 3726/8686 3599/8690 12/8691
f 3599/8690 3707/8688 3529/8692
f 12/8691 3599/8690 116/8693
f 116/8693 3599/8690 3529/8692
f 116/8693 3529/8692 169/8694
f 6180/8695 6473/8696 6183/8697
f 6180/8695 6183/8697 6289/8698
f 6450/8699 6459/8700 6289/8698
f 6450/8699 6289/8698 6231/8701
f 6231/8701 6289/8698 6183/8697
f 6231/8701 6183/8697 6172/8702
f 6231/8701 6172/8702 6204/8703
f 6172/8702 6183/8697 6192/8704
f 6204/8703 6172/8702 6171/8705
f 6172/8702 6192/8704 6191/8706
f 6171/8705 6172/8702 6143/8707
f 6171/8705 6143/8707 5980/8708
f 5980/8708 6143/8707 5875/8709
f 6143/8707 6172/8702 6152/8710
f 6143/8707 6152/8710 6141/8711
f 6143/8707 6141/8711 6149/8712
f 6152/8710 6172/8702 6164/8713
f 6172/8702 6191/8706 6176/8714
f 6172/8702 6176/8714 6164/8713
f 6176/8714 6191/8706 6189/8715
f 6164/8713 6176/8714 6133/8716
f 6133/8716 6176/8714 6161/8717
f 6164/8713 6133/8716 6054/8718
f 6133/8716 6161/8717 6089/8719
f 6089/8719 6161/8717 6053/8720
f 6054/8718 6133/8716 5981/8721
f 6054/8718 5981/8721 5888/8722
f 6593/8723 6561/8724 6579/8725
f 6579/8725 6561/8724 6586/8726
f 6586/8726 6561/8724 6483/8727
f 6579/8725 6586/8726 6595/8728
f 6595/8728 6586/8726 6591/8729
f 6591/8729 6586/8726 6483/8727
f 6579/8725 6595/8728 6641/8730
f 6595/8728 6591/8729 6607/8731
f 6595/8728 6607/8731 6641/8730
f 6579/8725 6641/8730 6633/8732
f 6579/8725 6633/8732 6609/8733
f 6609/8733 6633/8732 6541/8734
f 6541/8734 6633/8732 6641/8730
f 6607/8731 6591/8729 6431/8735
f 6431/8735 6591/8729 6483/8727
f 6607/8731 6431/8735 6473/8736
f 6473/8736 6431/8735 6183/8737
f 6183/8737 6431/8735 6483/8727
f 6183/8737 6483/8727 6192/8738
f 6495/8739 6641/8730 6607/8731
f 6641/8730 6495/8739 6541/8734
f 6495/8739 6607/8731 6450/8740
f 6541/8734 6495/8739 6440/8741
f 6440/8741 6495/8739 6450/8740
f 6541/8734 6440/8741 6454/8742
f 6440/8741 6450/8740 6231/8743
f 6440/8741 6231/8743 6454/8742
f 6454/8742 6231/8743 6204/8744
f 6415/8745 6192/8738 6483/8727
f 6415/8745 6483/8727 6561/8724
f 6192/8738 6415/8745 6191/8746
f 6415/8745 6561/8724 6477/8747
f 6415/8745 6477/8747 6191/8746
f 6191/8746 6477/8747 6189/8748
f 5835/8749 5839/8750 6308/8751
f 5839/8750 5835/8749 5845/8752
f 6308/8751 5839/8750 6153/8753
f 6153/8753 5839/8750 5856/8754
f 5856/8754 5839/8750 5845/8752
f 6153/8753 5856/8754 6301/8755
f 5845/8752 5835/8749 5800/8756
f 6301/8755 5856/8754 6103/8757
f 5856/8754 5845/8752 5857/8758
f 5856/8754 5857/8758 6103/8757
f 5857/8758 5845/8752 5838/8759
f 5838/8759 5845/8752 5800/8756
f 5857/8758 5838/8759 5853/8760
f 5857/8758 5853/8760 6103/8757
f 6642/8761 6153/8753 6301/8755
f 6153/8753 6642/8761 6308/8751
f 6544/8762 6301/8755 6103/8757
f 6301/8755 6544/8762 6642/8761
f 6544/8762 6103/8757 6527/8763
f 6308/8751 6642/8761 6658/8764
f 6642/8761 6544/8762 6645/8765
f 6642/8761 6645/8765 6658/8764
f 6645/8765 6544/8762 6549/8766
f 6549/8766 6544/8762 6527/8763
f 6645/8765 6549/8766 6649/8767
f 6645/8765 6649/8767 6658/8764
f 6649/8767 6549/8766 6527/8763
f 6308/8751 6658/8764 6490/8768
f 6490/8768 6658/8764 6649/8767
f 6308/8751 6490/8768 5904/8769
f 6308/8751 5904/8769 5835/8749
f 6490/8768 6649/8767 6706/8770
f 5835/8749 5904/8769 5800/8756
f 6490/8768 6706/8770 6681/8771
f 6681/8771 6706/8770 6761/8772
f 6490/8768 6681/8771 6503/8773
f 6490/8768 6503/8773 5904/8769
f 5904/8769 6503/8773 6269/8774
f 5904/8769 6269/8774 6002/8775
f 5883/8776 6002/8775 5886/8777
f 6002/8775 5883/8776 5651/8778
f 6002/8775 5651/8778 5904/8769
f 5904/8769 5651/8778 5800/8756
f 5800/8756 5651/8778 5679/8779
f 5679/8779 5651/8778 5486/8780
f 5800/8756 5679/8779 5747/8781
f 5800/8756 5747/8781 5838/8759
f 5679/8779 5486/8780 5559/8782
f 5679/8779 5559/8782 5747/8781
f 5559/8782 5486/8780 5534/8783
f 5838/8759 5747/8781 5853/8760
f 5747/8781 5559/8782 5714/8784
f 5747/8781 5714/8784 5853/8760
f 5559/8782 5534/8783 5578/8785
f 5559/8782 5578/8785 5714/8784
f 5578/8785 5534/8783 5564/8786
f 5578/8785 5564/8786 5448/8787
f 5578/8785 5448/8787 5437/8788
f 5437/8788 5448/8787 5382/8789
f 5437/8788 5382/8789 5384/8790
f 5384/8790 5382/8789 5330/8791
f 5578/8785 5437/8788 5594/8792
f 5763/8793 5714/8784 5578/8785
f 5763/8793 5578/8785 5594/8792
f 5714/8784 5763/8793 5853/8760
f 5763/8793 5594/8792 5715/8794
f 5853/8760 5763/8793 6109/8795
f 6109/8795 5763/8793 5715/8794
f 5853/8760 6109/8795 6103/8757
f 6109/8795 5715/8794 5881/8796
f 6109/8795 5881/8796 6514/8797
f 6103/8757 6109/8795 6527/8763
f 6109/8795 6514/8797 6670/8798
f 6109/8795 6670/8798 6527/8763
f 6670/8798 6514/8797 6735/8799
f 6670/8798 6735/8799 6830/8800
f 6670/8798 6830/8800 6821/8801
f 6821/8801 6830/8800 6955/8802
f 6821/8801 6955/8802 6974/8803
f 6527/8763 6670/8798 6705/8804
f 6705/8804 6670/8798 6821/8801
f 6527/8763 6705/8804 6710/8805
f 6527/8763 6710/8805 6649/8767
f 6710/8805 6705/8804 6755/8806
f 6755/8806 6705/8804 6821/8801
f 6649/8767 6710/8805 6734/8807
f 6649/8767 6734/8807 6706/8770
f 6710/8805 6755/8806 6818/8808
f 6710/8805 6818/8808 6734/8807
f 6706/8770 6734/8807 6835/8809
f 6835/8809 6734/8807 6818/8808
f 6706/8770 6835/8809 6832/8810
f 6755/8806 6821/8801 6768/8811
f 6818/8808 6755/8806 6800/8812
f 6800/8812 6755/8806 6768/8811
f 6835/8809 6818/8808 6841/8813
f 6841/8813 6818/8808 6800/8812
f 6835/8809 6841/8813 7005/8814
f 6835/8809 7005/8814 7072/8815
f 6841/8813 6800/8812 6842/8816
f 6800/8812 6768/8811 6799/8817
f 6800/8812 6799/8817 6842/8816
f 6841/8813 6842/8816 7008/8818
f 6841/8813 7008/8818 7005/8814
f 6842/8816 6799/8817 6945/8819
f 6842/8816 6945/8819 7008/8818
f 6799/8817 6768/8811 6878/8820
f 6799/8817 6878/8820 6945/8819
f 6878/8820 6768/8811 6821/8801
f 7008/8818 6945/8819 7089/8821
f 7089/8821 6945/8819 6878/8820
f 6878/8820 6821/8801 6979/8822
f 6878/8820 6979/8822 7089/8821
f 6979/8822 6821/8801 6974/8803
f 7008/8818 7089/8821 7212/8823
f 7008/8818 7212/8823 7005/8814
f 7089/8821 6979/8822 7122/8824
f 7122/8824 6979/8822 6974/8803
f 7089/8821 7122/8824 7212/8823
f 7122/8824 6974/8803 7174/8825
f 7122/8824 7174/8825 7207/8826
f 7122/8824 7207/8826 7212/8823
f 7212/8823 7207/8826 7005/8814
f 7005/8814 7207/8826 7219/8827
f 5779/8828 5651/8829 5883/8830
f 5651/8829 5779/8828 5655/8831
f 5655/8831 5779/8828 5696/8832
f 5696/8832 5779/8828 5788/8833
f 5696/8832 5788/8833 5700/8834
f 5696/8832 5700/8834 5622/8835
f 5696/8832 5622/8835 5655/8831
f 5655/8831 5622/8835 5586/8836
f 5655/8831 5586/8836 5514/8837
f 5655/8831 5514/8837 5651/8829
f 5514/8837 5586/8836 5458/8838
f 5651/8829 5514/8837 5306/8839
f 5306/8839 5514/8837 5458/8838
f 5651/8829 5306/8839 5486/8840
f 5486/8840 5306/8839 5330/8841
f 5306/8839 5458/8838 5327/8842
f 5330/8841 5306/8839 5208/8843
f 5330/8841 5208/8843 5384/8844
f 5208/8843 5306/8839 5087/8845
f 5087/8845 5306/8839 5327/8842
f 5384/8844 5208/8843 5263/8846
f 5384/8844 5263/8846 5437/8847
f 5208/8843 5087/8845 4967/8848
f 5208/8843 4967/8848 5263/8846
f 5437/8847 5263/8846 5353/8849
f 5437/8847 5353/8849 5594/8850
f 5263/8846 4967/8848 5112/8851
f 5594/8850 5353/8849 5379/8852
f 5263/8846 5112/8851 5253/8853
f 5263/8846 5253/8853 5353/8849
f 5112/8851 4967/8848 5021/8854
f 5112/8851 5021/8854 5253/8853
f 5353/8849 5253/8853 5209/8855
f 5353/8849 5209/8855 5379/8852
f 5253/8853 5021/8854 5204/8856
f 5253/8853 5204/8856 5209/8855
f 5021/8854 4967/8848 4812/8857
f 5204/8856 5021/8854 5092/8858
f 5092/8858 5021/8854 4812/8857
f 5204/8856 5092/8858 5097/8859
f 5204/8856 5097/8859 5209/8855
f 5097/8859 5092/8858 4942/8860
f 4942/8860 5092/8858 4812/8857
f 5097/8859 4942/8860 4859/8861
f 4859/8861 4942/8860 4812/8857
f 5097/8859 4859/8861 5051/8862
f 5097/8859 5051/8862 5209/8855
f 5051/8862 4859/8861 4864/8863
f 4859/8861 4812/8857 4756/8864
f 4859/8861 4756/8864 4864/8863
f 5051/8862 4864/8863 4797/8865
f 4797/8865 4864/8863 4756/8864
f 5209/8855 5051/8862 5031/8866
f 5031/8866 5051/8862 4797/8865
f 4756/8864 4812/8857 4792/8867
f 4792/8867 4812/8857 4967/8848
f 4756/8864 4792/8867 4797/8865
f 4792/8867 4967/8848 5087/8845
f 5031/8866 4797/8865 4800/8868
f 4797/8865 4792/8867 4730/8869
f 4797/8865 4730/8869 4800/8868
f 4730/8869 4792/8867 4725/8870
f 4800/8868 4730/8869 4698/8871
f 4698/8871 4730/8869 4725/8870
f 5031/8866 4800/8868 4889/8872
f 4800/8868 4698/8871 4777/8873
f 4800/8868 4777/8873 4889/8872
f 5031/8866 4889/8872 5024/8874
f 5031/8866 5024/8874 5209/8855
f 4889/8872 4777/8873 4819/8875
f 5209/8855 5024/8874 5212/8876
f 5209/8855 5212/8876 5379/8852
f 4777/8873 4698/8871 4691/8877
f 4777/8873 4691/8877 4819/8875
f 4691/8877 4698/8871 4707/8878
f 4707/8878 4698/8871 4725/8870
f 4691/8877 4707/8878 4692/8879
f 4691/8877 4692/8879 4735/8880
f 4691/8877 4735/8880 4819/8875
f 4735/8880 4692/8879 4754/8881
f 4735/8880 4754/8881 4861/8882
f 4735/8880 4861/8882 4819/8875
f 4819/8875 4861/8882 4926/8883
f 4819/8875 4926/8883 4889/8872
f 4889/8872 4926/8883 5024/8874
f 4727/8884 4707/8878 4715/8885
f 4715/8885 4707/8878 4711/8886
f 4711/8886 4707/8878 4725/8870
f 4711/8886 4725/8870 4752/8887
f 4752/8887 4725/8870 4769/8888
f 4752/8887 4769/8888 4989/8889
f 4769/8888 4725/8870 4789/8890
f 4789/8890 4725/8870 4792/8867
f 4769/8888 4789/8890 4804/8891
f 4789/8890 4792/8867 5087/8845
f 4804/8891 4789/8890 4860/8892
f 4860/8892 4789/8890 5087/8845
f 4804/8891 4860/8892 4856/8893
f 4856/8893 4860/8892 5090/8894
f 5090/8894 4860/8892 5127/8895
f 5127/8895 4860/8892 5188/8896
f 5127/8895 5188/8896 5304/8897
f 5304/8897 5188/8896 5351/8898
f 5351/8898 5188/8896 5192/8899
f 5188/8896 4860/8892 5056/8900
f 5188/8896 5056/8900 5192/8899
f 5056/8900 4860/8892 5087/8845
f 5192/8899 5056/8900 5152/8901
f 5152/8901 5056/8900 5185/8902
f 5185/8902 5056/8900 5087/8845
f 5185/8902 5087/8845 5327/8842
f 5185/8902 5327/8842 5294/8903
f 5294/8903 5327/8842 5392/8904
f 5294/8903 5392/8904 5421/8905
f 5421/8905 5392/8904 5529/8906
f 5392/8904 5327/8842 5475/8907
f 5392/8904 5475/8907 5529/8906
f 5475/8907 5327/8842 5458/8838
f 5529/8906 5475/8907 5589/8908
f 5475/8907 5458/8838 5528/8909
f 5475/8907 5528/8909 5589/8908
f 5870/8910 5779/8911 5883/8912
f 5870/8910 5883/8912 5886/8913
f 5779/8911 5870/8910 5789/8914
f 5779/8911 5789/8914 5788/8915
f 5788/8915 5789/8914 5767/8916
f 5788/8915 5767/8916 5700/8917
f 5789/8914 5870/8910 5786/8918
f 5789/8914 5786/8918 5767/8916
f 5700/8917 5767/8916 5652/8919
f 5652/8919 5767/8916 5786/8918
f 5700/8917 5652/8919 5622/8920
f 5622/8920 5652/8919 5586/8921
f 5786/8918 5870/8910 5882/8922
f 5882/8922 5870/8910 5886/8913
f 5652/8919 5786/8918 5799/8923
f 5799/8923 5786/8918 5882/8922
f 5652/8919 5799/8923 5573/8924
f 5586/8921 5652/8919 5602/8925
f 5602/8925 5652/8919 5573/8924
f 5586/8921 5602/8925 5458/8926
f 5602/8925 5573/8924 5561/8927
f 5602/8925 5561/8927 5458/8926
f 5561/8927 5573/8924 5516/8928
f 5458/8926 5561/8927 5528/8929
f 5561/8927 5516/8928 5603/8930
f 5561/8927 5603/8930 5528/8929
f 5528/8929 5603/8930 5589/8931
f 5589/8931 5603/8930 5563/8932
f 5563/8932 5603/8930 5532/8933
f 5589/8931 5563/8932 5529/8934
f 5563/8932 5532/8933 5449/8935
f 5563/8932 5449/8935 5529/8934
f 5529/8934 5449/8935 5421/8936
f 5421/8936 5449/8935 5441/8937
f 5421/8936 5441/8937 5294/8938
f 5294/8938 5441/8937 5395/8939
f 6503/8940 6681/8941 6539/8942
f 6539/8942 6681/8941 6683/8943
f 6539/8942 6683/8943 6672/8944
f 6683/8943 6681/8941 6719/8945
f 6719/8945 6681/8941 6761/8946
f 6672/8944 6683/8943 6691/8947
f 6691/8947 6683/8943 6719/8945
f 6672/8944 6691/8947 6668/8948
f 6668/8948 6691/8947 6682/8949
f 6682/8949 6691/8947 6719/8945
f 6682/8949 6719/8945 6737/8950
f 6519/8951 6503/8940 6539/8942
f 6519/8951 6539/8942 6505/8952
f 6519/8951 6505/8952 6509/8953
f 6519/8951 6509/8953 6369/8954
f 6519/8951 6369/8954 6503/8940
f 6503/8940 6369/8954 6269/8955
f 6269/8955 6369/8954 6217/8956
f 6269/8955 6217/8956 6244/8957
f 6269/8955 6244/8957 6002/8958
f 6107/8959 6274/8960 6143/8961
f 6274/8960 6107/8959 6003/8962
f 6143/8961 6274/8960 6149/8963
f 6149/8963 6274/8960 6510/8964
f 6149/8963 6510/8964 6320/8965
f 6149/8963 6320/8965 5988/8966
f 5988/8966 6320/8965 6447/8967
f 6320/8965 6510/8964 6552/8968
f 6320/8965 6552/8968 6447/8967
f 6552/8968 6510/8964 6620/8969
f 6552/8968 6620/8969 6696/8970
f 6552/8968 6696/8970 6447/8967
f 6696/8970 6620/8969 6609/8971
f 6447/8967 6696/8970 6762/8972
f 6447/8967 6762/8972 6707/8973
f 6707/8973 6762/8972 6831/8974
f 6762/8972 6696/8970 6863/8975
f 6831/8974 6762/8972 6909/8976
f 6909/8976 6762/8972 6863/8975
f 6831/8974 6909/8976 6947/8977
f 6947/8977 6909/8976 7037/8978
f 6831/8974 6947/8977 6750/8979
f 6863/8975 6696/8970 6727/8980
f 6727/8980 6696/8970 6609/8971
f 6863/8975 6727/8980 6808/8981
f 6808/8981 6727/8980 6737/8982
f 6727/8980 6609/8971 6541/8983
f 6737/8982 6727/8980 6682/8984
f 6682/8984 6727/8980 6541/8983
f 6682/8984 6541/8983 6509/8985
f 6682/8984 6509/8985 6668/8986
f 6509/8985 6541/8983 6454/8987
f 6509/8985 6454/8987 6369/8988
f 5486/8989 5461/8990 5534/8991
f 5461/8990 5486/8989 5390/8992
f 5390/8992 5486/8989 5330/8993
f 5534/8991 5461/8990 5498/8994
f 5534/8991 5498/8994 5564/8995
f 5390/8992 5330/8993 5312/8996
f 5390/8992 5312/8996 5461/8990
f 5312/8996 5330/8993 5382/8997
f 5461/8990 5312/8996 5378/8998
f 5461/8990 5378/8998 5498/8994
f 5378/8998 5312/8996 5382/8997
f 5564/8995 5498/8994 5429/8999
f 5429/8999 5498/8994 5378/8998
f 5429/8999 5378/8998 5382/8997
f 5564/8995 5429/8999 5448/9000
f 5448/9000 5429/8999 5382/8997
f 6706/9001 6832/9002 6761/9003
f 6835/9004 7072/9005 6832/9002
f 6975/9006 7072/9005 6921/9007
f 7072/9005 6975/9006 6899/9008
f 7072/9005 6899/9008 6832/9002
f 6899/9008 6975/9006 6877/9009
f 6877/9009 6975/9006 6886/9010
f 6899/9008 6877/9009 6829/9011
f 6899/9008 6829/9011 6849/9012
f 6899/9008 6849/9012 6832/9002
f 6849/9012 6829/9011 6797/9013
f 6849/9012 6797/9013 6806/9014
f 6849/9012 6806/9014 6832/9002
f 6806/9014 6797/9013 6746/9015
f 6806/9014 6746/9015 6832/9002
f 6832/9002 6746/9015 6761/9003
f 6761/9003 6746/9015 6754/9016
f 6754/9016 6746/9015 6733/9017
f 6761/9003 6754/9016 6719/9018
f 6754/9016 6733/9017 6737/9019
f 6754/9016 6737/9019 6719/9018
f 6002/9020 5896/9021 5886/8913
f 5896/9021 6002/9020 6244/9022
f 5896/9021 6244/9022 6217/9023
f 5886/8913 5896/9021 5882/8922
f 5882/8922 5896/9021 6217/9023
f 5882/8922 6217/9023 6369/9024
f 5882/8922 6369/9024 6204/9025
f 6204/9025 6369/9024 6454/9026
f 5882/8922 6204/9025 5799/8923
f 5799/8923 6204/9025 6171/9027
f 5980/9028 5778/9029 6171/9030
f 6171/9030 5778/9029 5799/9031
f 5778/9029 5980/9028 5704/9032
f 5704/9032 5980/9028 5875/9033
f 5704/9032 5875/9033 5228/9034
f 5704/9032 5228/9034 5467/9035
f 5704/9032 5467/9035 5778/9029
f 5467/9035 5228/9034 4832/9036
f 5467/9035 4832/9036 5219/9037
f 5497/9038 5799/9031 5778/9029
f 5497/9038 5778/9029 5467/9035
f 5799/9031 5497/9038 5573/9039
f 5467/9035 5219/9037 5271/9040
f 5467/9035 5271/9040 5497/9038
f 5271/9040 5219/9037 5066/9041
f 5066/9041 5219/9037 5040/9042
f 5066/9041 5040/9042 4962/9043
f 5466/9044 5516/9045 5573/9039
f 5466/9044 5573/9039 5497/9038
f 5271/9040 5066/9041 5165/9046
f 4906/9047 4913/9048 4962/9043
f 5298/9049 5497/9038 5271/9040
f 5298/9049 5271/9040 5165/9046
f 4957/9050 5066/9041 4962/9043
f 4957/9050 4962/9043 4913/9048
f 4791/9051 4918/9052 4913/9048
f 4913/9048 4918/9052 4957/9050
f 4957/9050 4918/9052 4934/9053
f 4966/9054 5165/9046 5066/9041
f 4966/9054 5066/9041 4957/9050
f 4957/9050 4934/9053 4882/9055
f 4957/9050 4882/9055 4966/9054
f 4882/9055 4934/9053 4974/9056
f 4882/9055 4974/9056 4818/9057
f 4818/9057 4974/9056 4780/9058
f 4818/9057 4780/9058 4727/9059
f 4818/9057 4727/9059 4715/9060
f 4882/9055 4818/9057 4916/9061
f 4818/9057 4715/9060 4824/9062
f 4818/9057 4824/9062 4916/9061
f 4824/9062 4715/9060 4844/9063
f 4824/9062 4844/9063 4916/9061
f 4916/9061 4844/9063 4882/9055
f 4844/9063 4715/9060 4711/9064
f 4882/9055 4844/9063 4810/9065
f 4810/9065 4844/9063 4711/9064
f 4882/9055 4810/9065 4966/9054
f 4810/9065 4711/9064 4786/9066
f 4810/9065 4786/9066 4966/9054
f 4786/9066 4711/9064 4752/9067
f 4786/9066 4752/9067 4836/9068
f 4836/9068 4752/9067 4989/9069
f 4786/9066 4836/9068 5037/9070
f 5037/9070 4836/9068 4989/9069
f 4786/9066 5037/9070 4966/9054
f 5037/9070 4989/9069 5065/9071
f 5065/9071 4989/9069 4769/9072
f 4966/9054 5037/9070 5015/9073
f 5065/9071 4769/9072 4878/9074
f 4878/9074 4769/9072 4804/9075
f 5037/9070 5065/9071 5086/9076
f 5086/9076 5065/9071 4878/9074
f 5037/9070 5086/9076 5015/9073
f 5086/9076 4878/9074 5019/9077
f 5086/9076 5019/9077 5015/9073
f 5019/9077 4878/9074 4804/9075
f 5079/9078 4966/9054 5015/9073
f 5079/9078 5015/9073 5019/9077
f 4966/9054 5079/9078 5165/9046
f 5019/9077 4804/9075 5091/9079
f 5019/9077 5091/9079 5079/9078
f 5091/9079 4804/9075 4856/9080
f 5165/9046 5079/9078 5181/9081
f 5181/9081 5079/9078 5091/9079
f 5091/9079 4856/9080 5090/9082
f 5091/9079 5090/9082 5181/9081
f 5165/9046 5181/9081 5298/9049
f 5127/9083 5304/9084 5090/9082
f 5181/9081 5090/9082 5264/9085
f 5264/9085 5090/9082 5304/9084
f 5264/9085 5304/9084 5352/9086
f 5352/9086 5304/9084 5351/9087
f 5181/9081 5264/9085 5278/9088
f 5278/9088 5264/9085 5352/9086
f 5307/9089 5298/9049 5181/9081
f 5307/9089 5181/9081 5278/9088
f 5352/9086 5351/9087 5289/9090
f 5352/9086 5289/9090 5278/9088
f 5289/9090 5351/9087 5192/9091
f 5278/9088 5289/9090 5307/9089
f 5289/9090 5192/9091 5152/9092
f 5289/9090 5152/9092 5307/9089
f 5401/9093 5298/9049 5307/9089
f 5298/9049 5401/9093 5497/9038
f 5307/9089 5152/9092 5288/9094
f 5288/9094 5152/9092 5185/9095
f 5288/9094 5185/9095 5294/9096
f 5288/9094 5294/9096 5395/9097
f 5288/9094 5395/9097 5391/9098
f 5288/9094 5391/9098 5307/9089
f 5307/9089 5391/9098 5401/9093
f 5462/9099 5497/9038 5401/9093
f 5497/9038 5462/9099 5466/9044
f 5466/9044 5462/9099 5533/9100
f 5466/9044 5533/9100 5520/9101
f 5533/9100 5462/9099 5446/9102
f 5533/9100 5446/9102 5520/9101
f 5446/9102 5462/9099 5401/9093
f 5520/9101 5446/9102 5449/9103
f 5449/9103 5446/9102 5401/9093
f 5449/9103 5401/9093 5391/9098
f 5520/9101 5449/9103 5532/9104
f 5449/9103 5391/9098 5441/9105
f 6509/9106 6505/9107 6668/9108
f 6668/9108 6505/9107 6672/9109
f 6672/9109 6505/9107 6539/9110
f 5531/9111 5594/8850 5379/8852
f 5594/8850 5531/9111 5715/9112
f 5715/9112 5531/9111 5681/9113
f 5715/9112 5681/9113 5881/9114
f 5531/9111 5379/8852 5355/9115
f 5531/9111 5355/9115 5681/9113
f 5881/9114 5681/9113 5756/9116
f 5756/9116 5681/9113 5355/9115
f 5881/9114 5756/9116 6524/9117
f 5881/9114 6524/9117 6514/9118
f 5756/9116 5355/9115 5299/9119
f 5355/9115 5379/8852 5173/9120
f 5355/9115 5173/9120 5299/9119
f 5173/9120 5379/8852 5212/8876
f 5299/9119 5173/9120 4995/9121
f 5173/9120 5212/8876 5024/8874
f 5173/9120 5024/8874 4995/9121
f 4995/9121 5024/8874 4917/9122
f 4917/9122 5024/8874 4926/8883
f 4995/9121 4917/9122 4981/9123
f 4917/9122 4926/8883 4978/9124
f 4917/9122 4978/9124 4981/9123
f 6733/9125 6746/9126 6774/9127
f 6774/9127 6746/9126 6797/9128
f 6733/9125 6774/9127 6737/9129
f 6774/9127 6797/9128 6829/9130
f 6737/9129 6774/9127 6808/9131
f 6808/9131 6774/9127 6829/9130
f 6808/9131 6829/9130 6877/9132
f 6808/9131 6877/9132 6938/9133
f 6808/9131 6938/9133 6863/9134
f 6938/9133 6877/9132 6886/9135
f 6863/9134 6938/9133 7016/9136
f 6863/9134 7016/9136 6909/9137
f 6909/9137 7016/9136 7037/9138
f 6975/9139 6921/9140 6886/9135
f 6886/9135 6921/9140 6889/9141
f 6889/9141 6921/9140 7072/9142
f 6889/9141 7072/9142 7011/9143
f 6886/9135 6889/9141 6919/9144
f 6889/9141 7011/9143 6937/9145
f 6889/9141 6937/9145 6919/9144
f 6937/9145 7011/9143 7056/9146
f 7056/9146 7011/9143 7072/9142
f 6919/9144 6937/9145 6971/9147
f 6971/9147 6937/9145 7056/9146
f 6886/9135 6919/9144 6943/9148
f 6886/9135 6943/9148 6938/9133
f 6919/9144 6971/9147 6991/9149
f 6919/9144 6991/9149 6943/9148
f 6971/9147 7056/9146 7154/9150
f 6971/9147 7154/9150 6991/9149
f 7215/9151 7056/9146 7072/9142
f 7056/9146 7215/9151 7154/9150
f 7215/9151 7072/9142 7219/9152
f 6991/9149 7154/9150 7019/9153
f 6991/9149 7019/9153 6943/9148
f 7154/9150 7215/9151 7162/9154
f 7154/9150 7162/9154 7019/9153
f 6943/9148 7019/9153 7033/9155
f 7033/9155 7019/9153 7162/9154
f 6943/9148 7033/9155 6938/9133
f 7162/9154 7215/9151 7232/9156
f 7232/9156 7215/9151 7219/9152
f 7162/9154 7232/9156 7033/9155
f 6938/9133 7033/9155 7074/9157
f 7232/9156 7219/9152 7266/9158
f 7266/9158 7219/9152 7207/9159
f 7033/9155 7232/9156 7203/9160
f 7033/9155 7203/9160 7074/9157
f 7232/9156 7266/9158 7255/9161
f 7232/9156 7255/9161 7203/9160
f 7203/9160 7255/9161 7045/9162
f 7203/9160 7045/9162 7074/9157
f 7255/9161 7266/9158 7276/9163
f 7016/9136 6938/9133 7074/9157
f 7045/9162 7255/9161 7194/9164
f 7194/9164 7255/9161 7276/9163
f 7045/9162 7194/9164 6997/9165
f 7276/9163 7266/9158 7300/9166
f 7300/9166 7266/9158 7269/9167
f 7300/9166 7269/9167 7295/9168
f 7300/9166 7295/9168 7299/9169
f 7045/9162 6997/9165 7058/9170
f 7045/9162 7058/9170 7074/9157
f 6997/9165 7194/9164 7027/9171
f 6997/9165 7027/9171 7058/9170
f 7027/9171 7194/9164 7223/9172
f 7223/9172 7194/9164 7276/9163
f 7058/9170 7027/9171 7181/9173
f 7181/9173 7027/9171 7223/9172
f 7223/9172 7276/9163 7284/9174
f 7223/9172 7284/9174 7181/9173
f 7284/9174 7276/9163 7300/9166
f 7181/9173 7284/9174 7249/9175
f 7058/9170 7181/9173 7196/9176
f 7196/9176 7181/9173 7249/9175
f 7058/9170 7196/9176 7074/9157
f 7249/9175 7284/9174 7247/9177
f 7249/9175 7247/9177 7196/9176
f 7074/9157 7196/9176 7139/9178
f 7074/9157 7139/9178 7016/9136
f 7139/9178 7196/9176 7147/9179
f 7016/9136 7139/9178 7111/9180
f 7016/9136 7111/9180 7129/9181
f 7016/9136 7129/9181 7037/9138
f 7111/9180 7139/9178 7126/9182
f 7126/9182 7139/9178 7147/9179
f 7111/9180 7126/9182 7183/9183
f 7111/9180 7183/9183 7129/9181
f 7183/9183 7126/9182 7106/9184
f 7129/9181 7183/9183 7135/9185
f 7135/9185 7183/9183 7106/9184
f 7157/9186 7037/9138 7129/9181
f 7135/9185 7106/9184 7091/9187
f 7091/9187 7106/9184 7126/9182
f 7129/9181 7135/9185 7140/9188
f 7129/9181 7140/9188 7157/9186
f 7135/9185 7091/9187 7132/9189
f 7132/9189 7091/9187 7126/9182
f 7135/9185 7132/9189 7046/9190
f 7135/9185 7046/9190 7140/9188
f 7132/9189 7126/9182 7053/9191
f 7046/9190 7132/9189 7035/9192
f 7035/9192 7132/9189 7053/9191
f 7053/9191 7126/9182 7052/9193
f 7052/9193 7126/9182 7147/9179
f 7035/9192 7053/9191 7001/9194
f 7035/9192 7001/9194 7046/9190
f 7020/9195 7140/9188 7046/9190
f 7046/9190 7001/9194 6935/9196
f 7020/9195 7046/9190 6903/9197
f 6903/9197 7046/9190 6935/9196
f 7020/9195 6903/9197 6852/9198
f 7020/9195 6852/9198 6973/9199
f 6852/9198 6903/9197 6749/9200
f 7020/9195 6973/9199 7097/9201
f 6973/9199 6852/9198 6783/9202
f 6973/9199 6783/9202 6836/9203
f 6783/9202 6852/9198 6713/9204
f 6713/9204 6852/9198 6749/9200
f 6836/9203 6783/9202 6715/9205
f 6715/9205 6783/9202 6713/9204
f 7020/9195 7097/9201 7152/9206
f 7141/9207 7107/9208 7097/9201
f 7097/9201 7107/9208 7152/9206
f 7075/9209 6947/9210 7107/9208
f 7107/9208 6947/9210 7037/9138
f 7107/9208 7037/9138 7157/9186
f 7107/9208 7157/9186 7177/9211
f 7107/9208 7177/9211 7152/9206
f 7177/9211 7157/9186 7175/9212
f 7152/9206 7177/9211 7006/9213
f 7006/9213 7177/9211 7175/9212
f 7175/9212 7157/9186 7185/9214
f 7185/9214 7157/9186 7140/9188
f 7006/9213 7175/9212 7031/9215
f 7175/9212 7185/9214 6982/9216
f 7175/9212 6982/9216 7031/9215
f 7185/9214 7140/9188 7167/9217
f 7167/9217 7140/9188 7020/9195
f 6982/9216 7185/9214 6984/9218
f 6984/9218 7185/9214 7167/9217
f 7031/9215 6982/9216 6939/9219
f 6939/9219 6982/9216 6984/9218
f 7031/9215 6939/9219 7006/9213
f 7167/9217 7020/9195 7130/9220
f 7130/9220 7020/9195 7152/9206
f 6984/9218 7167/9217 6998/9221
f 6984/9218 6998/9221 6939/9219
f 6998/9221 7167/9217 7130/9220
f 7006/9213 6939/9219 6957/9222
f 6957/9222 6939/9219 6998/9221
f 7006/9213 6957/9222 7152/9206
f 6957/9222 6998/9221 7130/9220
f 6957/9222 7130/9220 7152/9206
f 5516/9223 5532/9224 5603/9225
f 5532/9224 5516/9223 5441/9226
f 5441/9226 5516/9223 5434/9227
f 7072/9228 7005/9229 7219/9230
f 6830/9231 6959/9232 6955/9233
f 6959/9232 6830/9231 6735/9234
f 6955/9233 6959/9232 7068/9235
f 6955/9233 7068/9235 6974/9236
f 6959/9232 6735/9234 6723/9237
f 6524/9238 6735/9234 6514/9239
f 6735/9234 6524/9238 6723/9237
f 6723/9237 6524/9238 5756/9240
f 7068/9235 6959/9232 7123/9241
f 7123/9241 6959/9232 6723/9237
f 6723/9237 5756/9240 5762/9242
f 7068/9235 7123/9241 7151/9243
f 7068/9235 7151/9243 7150/9244
f 5762/9242 5756/9240 5299/9245
f 7150/9244 7151/9243 7112/9246
f 7112/9246 7151/9243 7104/9247
f 7151/9243 7123/9241 7081/9248
f 7151/9243 7081/9248 7104/9247
f 7112/9246 7104/9247 6967/9249
f 6967/9249 7104/9247 7081/9248
f 5762/9242 5299/9245 5739/9250
f 7081/9248 7123/9241 6912/9251
f 6912/9251 7123/9241 6723/9237
f 6652/9252 6723/9237 5762/9242
f 6723/9237 6652/9252 6912/9251
f 6652/9252 5762/9242 5739/9250
f 7081/9248 6912/9251 6892/9253
f 7081/9248 6892/9253 6967/9249
f 6912/9251 6652/9252 6786/9254
f 6912/9251 6786/9254 6892/9253
f 6892/9253 6786/9254 6765/9255
f 6786/9254 6652/9252 6666/9256
f 6786/9254 6666/9256 6765/9255
f 6666/9256 6652/9252 6205/9257
f 6205/9257 6652/9252 5739/9250
f 6666/9256 6205/9257 6533/9258
f 6666/9256 6533/9258 6765/9255
f 6205/9257 5739/9250 5785/9259
f 6862/9260 6967/9249 6892/9253
f 6862/9260 6892/9253 6765/9255
f 6862/9260 6765/9255 6751/9261
f 6862/9260 6751/9261 6760/9262
f 6751/9261 6765/9255 6695/9263
f 6695/9263 6765/9255 6533/9258
f 6695/9263 6533/9258 6438/9264
f 6695/9263 6438/9264 6515/9265
f 6515/9265 6438/9264 6508/9266
f 6438/9264 6533/9258 5900/9267
f 5878/9268 6533/9258 6205/9257
f 6533/9258 5878/9268 5900/9267
f 5878/9268 6205/9257 5785/9259
f 5900/9267 5878/9268 5718/9269
f 5900/9267 5718/9269 5843/9270
f 5843/9270 5718/9269 5748/9271
f 5718/9269 5878/9268 5693/9272
f 5693/9272 5878/9268 5785/9259
f 5718/9269 5693/9272 5536/9273
f 5536/9273 5693/9272 5785/9259
f 5718/9269 5536/9273 5566/9274
f 5536/9273 5785/9259 5433/9275
f 5536/9273 5433/9275 5365/9276
f 5433/9275 5785/9259 5739/9250
f 5365/9276 5433/9275 5238/9277
f 5433/9275 5739/9250 5205/9278
f 5205/9278 5739/9250 5299/9245
f 5238/9277 5433/9275 5184/9279
f 5184/9279 5433/9275 5205/9278
f 5238/9277 5184/9279 5114/9280
f 5205/9278 5299/9245 4981/9281
f 5205/9278 4981/9281 5184/9279
f 5184/9279 4981/9281 5114/9280
f 4981/9281 5299/9245 4995/9282
f 5114/9280 4981/9281 4978/9283
f 7207/9284 7269/9285 7266/9286
f 7269/9285 7207/9284 7174/9287
f 7269/9285 7174/9287 7227/9288
f 7269/9285 7227/9288 7295/9289
f 7227/9288 7174/9287 7055/9290
f 7055/9290 7174/9287 6974/9291
f 7055/9290 6974/9291 7068/9292
f 7055/9290 7068/9292 7150/9293
f 7055/9290 7150/9293 7227/9288
f 7295/9289 7227/9288 7264/9294
f 7264/9294 7227/9288 7150/9293
f 7295/9289 7264/9294 7303/9295
f 7295/9289 7303/9295 7299/9296
f 7264/9294 7150/9293 7134/9297
f 7303/9295 7264/9294 7234/9298
f 7234/9298 7264/9294 7134/9297
f 7134/9297 7150/9293 7164/9299
f 7134/9297 7164/9299 7234/9298
f 7164/9299 7150/9293 7112/9300
f 7303/9295 7234/9298 7256/9301
f 7256/9301 7234/9298 7164/9299
f 7298/9302 7299/9296 7303/9295
f 7298/9302 7303/9295 7256/9301
f 7299/9296 7298/9302 7294/9303
f 7256/9301 7164/9299 7237/9304
f 7237/9304 7164/9299 7112/9300
f 7256/9301 7237/9304 7298/9302
f 7237/9304 7112/9300 7259/9305
f 7237/9304 7259/9305 7298/9302
f 4832/9306 5040/9307 5219/9308
f 4906/9309 4962/9310 5040/9307
f 4906/9309 5040/9307 4764/9311
f 4764/9311 5040/9307 4832/9306
f 4906/9309 4764/9311 4791/9312
f 4906/9309 4791/9312 4913/9313
f 4764/9311 4832/9306 4658/9314
f 4764/9311 4658/9314 4791/9312
f 4791/9312 4658/9314 4475/9315
f 4791/9312 4475/9315 4654/9316
f 4791/9312 4654/9316 4918/9317
f 4475/9315 4658/9314 4196/9318
f 4475/9315 4196/9318 4025/9319
f 4658/9314 4832/9306 4500/9320
f 4658/9314 4500/9320 4196/9318
f 4025/9319 4196/9318 3713/9321
f 4500/9320 4832/9306 4580/9322
f 4580/9322 4832/9306 5228/9323
s 0
f 4580/9322 5228/9323 4572/9324
s 1
f 4580/9322 4572/9324 4330/9325
f 4580/9322 4330/9325 4500/9320
f 4330/9325 4572/9324 4141/9326
f 4136/9327 4196/9318 4500/9320
f 4136/9327 4500/9320 4330/9325
f 4196/9318 4136/9327 3713/9321
f 4330/9325 4141/9326 4009/9328
f 4330/9325 4009/9328 4136/9327
f 3713/9321 4136/9327 3685/9329
f 3685/9329 4136/9327 4009/9328
f 3713/9321 3685/9329 15/9330
f 3713/9321 15/9330 3542/9331
f 3542/9331 15/9330 3451/9332
f 4009/9328 4141/9326 3795/9333
f 4009/9328 3795/9333 3685/9329
f 3795/9333 4141/9326 3812/9334
f 3685/9329 3795/9333 80/9335
f 3795/9333 3812/9334 3469/9336
f 3795/9333 3469/9336 80/9335
f 7285/9337 7247/9177 7284/9174
f 7285/9337 7284/9174 7300/9166
f 7247/9177 7285/9337 7228/9338
f 7285/9337 7300/9166 7292/9339
f 7228/9338 7285/9337 7190/9340
f 7190/9340 7285/9337 7292/9339
f 7228/9338 7190/9340 7039/9341
f 7228/9338 7039/9341 7247/9177
f 7039/9341 7190/9340 7054/9342
f 7247/9177 7039/9341 7100/9343
f 7100/9343 7039/9341 7054/9342
f 7247/9177 7100/9343 7196/9176
f 7054/9342 7190/9340 7187/9344
f 7054/9342 7187/9344 7100/9343
f 7187/9344 7190/9340 7292/9339
f 7196/9176 7100/9343 7147/9179
f 7147/9179 7100/9343 7187/9344
f 7147/9179 7187/9344 7222/9345
f 7222/9345 7187/9344 7292/9339
f 7147/9179 7222/9345 7146/9346
f 7222/9345 7292/9339 7281/9347
f 7147/9179 7146/9346 7052/9193
f 7222/9345 7281/9347 7211/9348
f 7222/9345 7211/9348 7146/9346
f 7281/9347 7292/9339 7288/9349
f 7281/9347 7288/9349 7211/9348
f 7288/9349 7292/9339 7300/9166
f 7146/9346 7211/9348 7099/9350
f 7146/9346 7099/9350 7080/9351
f 7146/9346 7080/9351 7052/9193
f 7099/9350 7211/9348 7226/9352
f 7226/9352 7211/9348 7288/9349
f 7080/9351 7099/9350 7069/9353
f 7069/9353 7099/9350 7226/9352
f 7080/9351 7069/9353 7070/9354
f 7080/9351 7070/9354 7052/9193
f 7069/9353 7226/9352 7198/9355
f 7069/9353 7198/9355 7070/9354
f 7226/9352 7288/9349 7257/9356
f 7226/9352 7257/9356 7198/9355
f 7070/9354 7198/9355 7188/9357
f 7070/9354 7188/9357 7052/9193
f 7188/9357 7198/9355 7257/9356
f 7052/9193 7188/9357 7113/9358
f 7113/9358 7188/9357 7257/9356
f 7052/9193 7113/9358 6990/9359
f 7271/9360 7257/9356 7288/9349
f 7271/9360 7288/9349 7294/9361
f 7294/9361 7288/9349 7300/9166
f 7294/9361 7300/9166 7299/9169
f 7271/9360 7294/9361 7246/9362
f 7246/9362 7294/9361 7259/9363
f 7259/9363 7294/9361 7298/9364
f 7271/9360 7246/9362 7166/9365
f 7271/9360 7166/9365 7257/9356
f 7166/9365 7246/9362 7201/9366
f 7166/9365 7201/9366 7015/9367
f 7213/9368 7113/9358 7257/9356
f 7213/9368 7257/9356 7166/9365
f 7113/9358 7213/9368 7073/9369
f 7113/9358 7073/9369 6990/9359
f 7213/9368 7166/9365 7197/9370
f 7166/9365 7015/9367 6880/9371
f 6880/9371 7015/9367 6833/9372
f 7197/9370 7166/9365 7013/9373
f 7013/9373 7166/9365 6880/9371
f 7213/9368 7197/9370 7101/9374
f 7213/9368 7101/9374 7073/9369
f 7101/9374 7197/9370 7025/9375
f 7025/9375 7197/9370 7013/9373
f 7073/9369 7101/9374 6989/9376
f 7073/9369 6989/9376 6990/9359
f 7101/9374 7025/9375 6950/9377
f 7101/9374 6950/9377 6989/9376
f 6950/9377 7025/9375 6897/9378
f 6897/9378 7025/9375 7013/9373
f 6989/9376 6950/9377 6901/9379
f 6901/9379 6950/9377 6897/9378
f 6989/9376 6901/9379 6990/9359
f 6901/9379 6897/9378 6926/9380
f 6926/9380 6897/9378 7013/9373
f 6990/9359 6901/9379 6923/9381
f 6990/9359 6923/9381 7052/9193
f 6901/9379 6926/9380 6837/9382
f 6901/9379 6837/9382 6923/9381
f 6926/9380 7013/9373 6839/9383
f 6926/9380 6839/9383 6837/9382
f 7052/9193 6923/9381 7053/9191
f 6839/9383 7013/9373 6920/9384
f 6920/9384 7013/9373 6866/9385
f 6866/9385 7013/9373 6880/9371
f 6839/9383 6920/9384 6814/9386
f 6837/9382 6839/9383 6781/9387
f 6781/9387 6839/9383 6814/9386
f 6814/9386 6920/9384 6858/9388
f 6858/9388 6920/9384 6866/9385
f 6814/9386 6858/9388 6752/9389
f 6814/9386 6752/9389 6781/9387
f 6752/9389 6858/9388 6815/9390
f 6815/9390 6858/9388 6866/9385
f 6752/9389 6815/9390 6792/9391
f 6792/9391 6815/9390 6866/9385
f 6752/9389 6792/9391 6745/9392
f 6752/9389 6745/9392 6781/9387
f 6745/9392 6792/9391 6748/9393
f 6745/9392 6748/9393 6781/9387
f 6792/9391 6866/9385 6740/9394
f 6792/9391 6740/9394 6748/9393
f 6781/9387 6748/9393 6674/9395
f 6740/9394 6866/9385 6708/9396
f 6708/9396 6866/9385 6880/9371
f 6748/9393 6740/9394 6684/9397
f 6748/9393 6684/9397 6674/9395
f 6684/9397 6740/9394 6675/9398
f 6781/9387 6674/9395 6749/9200
f 6781/9387 6749/9200 6837/9382
f 6674/9395 6684/9397 6306/9399
f 6837/9382 6749/9200 6865/9400
f 6837/9382 6865/9400 6923/9381
f 6865/9400 6749/9200 6903/9197
f 6865/9400 6903/9197 6935/9196
f 6749/9200 6674/9395 6667/9401
f 6749/9200 6667/9401 6713/9204
f 6674/9395 6306/9399 6420/9402
f 6674/9395 6420/9402 6667/9401
f 6923/9381 6865/9400 6965/9403
f 6965/9403 6865/9400 6935/9196
f 6923/9381 6965/9403 6972/9404
f 6923/9381 6972/9404 7053/9191
f 6965/9403 6935/9196 6922/9405
f 6965/9403 6922/9405 6872/9406
f 6965/9403 6872/9406 6972/9404
f 6922/9405 6935/9196 6856/9407
f 6922/9405 6856/9407 6872/9406
f 6856/9407 6935/9196 6924/9408
f 6924/9408 6935/9196 7001/9194
f 6872/9406 6856/9407 6887/9409
f 6887/9409 6856/9407 6924/9408
f 6972/9404 6872/9406 6883/9410
f 6883/9410 6872/9406 6887/9409
f 6972/9404 6883/9410 7002/9411
f 7002/9411 6883/9410 6887/9409
f 6972/9404 7002/9411 7053/9191
f 6887/9409 6924/9408 6983/9412
f 6887/9409 6983/9412 7002/9411
f 7002/9411 6983/9412 7053/9191
f 6983/9412 6924/9408 7001/9194
f 6983/9412 7001/9194 7053/9191
f 6537/9413 6713/9204 6667/9401
f 6713/9204 6537/9413 6466/9414
f 6713/9204 6466/9414 6715/9205
f 6537/9413 6667/9401 6157/9415
f 6715/9205 6466/9414 6388/9416
f 6715/9205 6388/9416 6640/9417
f 6640/9417 6388/9416 6196/9418
f 6196/9418 6388/9416 5865/9419
f 6157/9415 6667/9401 6364/9420
f 6261/9421 6466/9414 6537/9413
f 6261/9421 6537/9413 6157/9415
f 6388/9416 6466/9414 6412/9422
f 6364/9420 6667/9401 6420/9402
f 5865/9419 6388/9416 6229/9423
f 6229/9423 6388/9416 6412/9422
f 6412/9422 6466/9414 6382/9424
f 6229/9423 6412/9422 6379/9425
f 6379/9425 6412/9422 6382/9424
f 6382/9424 6466/9414 6279/9426
f 6279/9426 6466/9414 6261/9421
f 6379/9425 6382/9424 6293/9427
f 6293/9427 6382/9424 6279/9426
f 6229/9423 6379/9425 6088/9428
f 6088/9428 6379/9425 6293/9427
f 6293/9427 6279/9426 6047/9429
f 6047/9429 6279/9426 6261/9421
f 6088/9428 6293/9427 5918/9430
f 5918/9430 6293/9427 6047/9429
f 6229/9423 6088/9428 5921/9431
f 6229/9423 5921/9431 5865/9419
f 6088/9428 5918/9430 5931/9432
f 5931/9432 5918/9430 6047/9429
f 6088/9428 5931/9432 5921/9431
f 5931/9432 6047/9429 5959/9433
f 5931/9432 5959/9433 5921/9431
f 5865/9419 5921/9431 5775/9434
f 5775/9434 5921/9431 5959/9433
f 5865/9419 5775/9434 5685/9435
f 5959/9433 6047/9429 5937/9436
f 5937/9436 6047/9429 6261/9421
f 5959/9433 5937/9436 5775/9434
f 5685/9435 5775/9434 5494/9437
f 5937/9436 6261/9421 5880/9438
f 5937/9436 5880/9438 5775/9434
f 5880/9438 6261/9421 6157/9415
f 5494/9437 5775/9434 5519/9439
f 5494/9437 5519/9439 5325/9440
f 5775/9434 5880/9438 5665/9441
f 5665/9441 5880/9438 6157/9415
f 5775/9434 5665/9441 5519/9439
f 5325/9440 5519/9439 5493/9442
f 5493/9442 5519/9439 5665/9441
f 5325/9440 5493/9442 5313/9443
f 5325/9440 5313/9443 5121/9444
f 5313/9443 5493/9442 5484/9445
f 5484/9445 5493/9442 5665/9441
f 5121/9444 5313/9443 5099/9446
f 5313/9443 5484/9445 5296/9447
f 5313/9443 5296/9447 5099/9446
f 5009/9448 4875/9449 5121/9444
f 5009/9448 5121/9444 5099/9446
f 5484/9445 5665/9441 5606/9450
f 5484/9445 5606/9450 5296/9447
f 5009/9448 5099/9446 5010/9451
f 5009/9448 5010/9451 4660/9452
f 4660/9452 5010/9451 4783/9453
f 4783/9453 5010/9451 4934/9454
f 4783/9453 4934/9454 4654/9455
f 4654/9455 4934/9454 4918/9456
f 4934/9454 5010/9451 4974/9457
f 4974/9457 5010/9451 5099/9446
f 5144/9458 5099/9446 5296/9447
f 5099/9446 5144/9458 4974/9457
f 5144/9458 5296/9447 5287/9459
f 5287/9459 5296/9447 5388/9460
f 5388/9460 5296/9447 5606/9450
f 5144/9458 5287/9459 5230/9461
f 5230/9461 5287/9459 5234/9462
f 5144/9458 5230/9461 5110/9463
f 5110/9463 5230/9461 5234/9462
f 5234/9462 5287/9459 5217/9464
f 5217/9464 5287/9459 5388/9460
f 5110/9463 5234/9462 5074/9465
f 5144/9458 5110/9463 4977/9466
f 5074/9465 5234/9462 5017/9467
f 5017/9467 5234/9462 5217/9464
f 5144/9458 4977/9466 4835/9468
f 4835/9468 4977/9466 5110/9463
f 5110/9463 5074/9465 4855/9469
f 4855/9469 5074/9465 5017/9467
f 5110/9463 4855/9469 4835/9468
f 4835/9468 4855/9469 4775/9470
f 4855/9469 5017/9467 5026/9471
f 4855/9469 5026/9471 4775/9470
f 5242/9472 5017/9467 5217/9464
f 5017/9467 5242/9472 5026/9471
f 4835/9468 4775/9470 4773/9473
f 4773/9473 4775/9470 4732/9474
f 4970/9475 5144/9458 4835/9468
f 4970/9475 4835/9468 4773/9473
f 5144/9458 4970/9475 4974/9457
f 4773/9473 4732/9474 4821/9476
f 4773/9473 4821/9476 4970/9475
f 4707/9477 4727/9478 4732/9474
f 4974/9457 4970/9475 5032/9479
f 5032/9479 4970/9475 4821/9476
f 4974/9457 5032/9479 4892/9480
f 4974/9457 4892/9480 4780/9481
f 5032/9479 4821/9476 4990/9482
f 4806/9483 4821/9476 4732/9474
f 4821/9476 4806/9483 4990/9482
f 4806/9483 4732/9474 4727/9478
f 5032/9479 4990/9482 4997/9484
f 5032/9479 4997/9484 4892/9480
f 4997/9484 4990/9482 4806/9483
f 4793/9485 4780/9481 4892/9480
f 4780/9481 4793/9485 4727/9478
f 4793/9485 4892/9480 4997/9484
f 4727/9478 4793/9485 4806/9483
f 4806/9483 4793/9485 4997/9484
f 3538/9486 3553/9487 3614/9488
f 3614/9488 3553/9487 3744/9489
f 3553/9487 3538/9486 3540/9490
f 3553/9487 3540/9490 28/9491
f 28/9491 3540/9490 3451/9492
f 3451/9492 3540/9490 3542/9493
f 3542/9493 3540/9490 3533/9494
f 3533/9494 3540/9490 3538/9486
f 3542/9493 3533/9494 8/9495
f 3533/9494 3538/9486 3536/9496
f 3533/9494 3536/9496 60/9497
f 3536/9496 3538/9486 3617/9498
f 3617/9498 3538/9486 3614/9488
f 3536/9496 3617/9498 3618/9499
f 3617/9498 3614/9488 3635/9500
f 3617/9498 3635/9500 3618/9499
f 3536/9496 3618/9499 3686/9501
f 3635/9500 3614/9488 3692/9502
f 3692/9502 3614/9488 3744/9489
f 3618/9499 3635/9500 3648/9503
f 3618/9499 3648/9503 3699/9504
f 3618/9499 3699/9504 3686/9501
f 3648/9503 3635/9500 3651/9505
f 3648/9503 3651/9505 3699/9504
f 3651/9505 3635/9500 3692/9502
f 3699/9504 3651/9505 3708/9506
f 3708/9506 3651/9505 3692/9502
f 3699/9504 3708/9506 3741/9507
f 3708/9506 3692/9502 3742/9508
f 3708/9506 3742/9508 3741/9507
f 3742/9508 3692/9502 3755/9509
f 3755/9509 3692/9502 3744/9489
f 3741/9507 3742/9508 3738/9510
f 3738/9510 3742/9508 3755/9509
f 3699/9504 3741/9507 3737/9511
f 3737/9511 3741/9507 3738/9510
f 3699/9504 3737/9511 3686/9501
f 3737/9511 3738/9510 3803/9512
f 3737/9511 3803/9512 3686/9501
f 3738/9510 3755/9509 3806/9513
f 3738/9510 3806/9513 3803/9512
f 3806/9513 3755/9509 3829/9514
f 3803/9512 3806/9513 3830/9515
f 3830/9515 3806/9513 3829/9514
f 3829/9514 3755/9509 3828/9516
f 3829/9514 3828/9516 3830/9515
f 3888/9517 3755/9509 3744/9489
f 3755/9509 3888/9517 3828/9516
f 3888/9517 3744/9489 3903/9518
f 3830/9515 3828/9516 3834/9519
f 3841/9520 3803/9512 3830/9515
f 3841/9520 3830/9515 3834/9519
f 3803/9512 3841/9520 3891/9521
f 3803/9512 3891/9521 3686/9501
f 3841/9520 3834/9519 3900/9522
f 3841/9520 3900/9522 3891/9521
f 3834/9519 3828/9516 3946/9523
f 3946/9523 3828/9516 3888/9517
f 3900/9522 3834/9519 3938/9524
f 3938/9524 3834/9519 3946/9523
f 3891/9521 3900/9522 3964/9525
f 3891/9521 3964/9525 3686/9501
f 3900/9522 3938/9524 3975/9526
f 3900/9522 3975/9526 3964/9525
f 3938/9524 3946/9523 3982/9527
f 3938/9524 3982/9527 3975/9526
f 4001/9528 3946/9523 3888/9517
f 3946/9523 4001/9528 3982/9527
f 3975/9526 3982/9527 3985/9529
f 3985/9529 3982/9527 4001/9528
f 3975/9526 3985/9529 3964/9525
f 3985/9529 4001/9528 4058/9530
f 3985/9529 4058/9530 4054/9531
f 4058/9530 4001/9528 4096/9532
f 4058/9530 4096/9532 4054/9531
f 4107/9533 4001/9528 3888/9517
f 4001/9528 4107/9533 4096/9532
f 4107/9533 3888/9517 3903/9518
f 3985/9529 4054/9531 4052/9534
f 4052/9534 4054/9531 4096/9532
f 3985/9529 4052/9534 3964/9525
f 4107/9533 3903/9518 4060/9535
f 3964/9525 4052/9534 4117/9536
f 4052/9534 4096/9532 4092/9537
f 4052/9534 4092/9537 4117/9536
f 4092/9537 4096/9532 4095/9538
f 4095/9538 4096/9532 4107/9533
f 4092/9537 4095/9538 4112/9539
f 4092/9537 4112/9539 4117/9536
f 3964/9525 4117/9536 4183/9540
f 3964/9525 4183/9540 3686/9501
f 4117/9536 4112/9539 4194/9541
f 4117/9536 4194/9541 4200/9542
f 4117/9536 4200/9542 4183/9540
f 4194/9541 4112/9539 4181/9543
f 4200/9542 4194/9541 4212/9544
f 4212/9544 4194/9541 4181/9543
f 4181/9543 4112/9539 4102/9545
f 4102/9545 4112/9539 4095/9538
f 4102/9545 4095/9538 4097/9546
f 4097/9546 4095/9538 4107/9533
f 4102/9545 4097/9546 4142/9547
f 4102/9545 4142/9547 4181/9543
f 4142/9547 4097/9546 4107/9533
f 4181/9543 4142/9547 4211/9548
f 4211/9548 4142/9547 4107/9533
f 4181/9543 4211/9548 4212/9544
f 4211/9548 4107/9533 4240/9549
f 4212/9544 4211/9548 4216/9550
f 4216/9550 4211/9548 4240/9549
f 4212/9544 4216/9550 4215/9551
f 4212/9544 4215/9551 4200/9542
f 4216/9550 4240/9549 4306/9552
f 4216/9550 4306/9552 4215/9551
f 4240/9549 4107/9533 4480/9553
f 4480/9553 4107/9533 4060/9535
f 4480/9553 4060/9535 4061/9554
f 4200/9542 4215/9551 4250/9555
f 4200/9542 4250/9555 4183/9540
f 4250/9555 4215/9551 4302/9556
f 4302/9556 4215/9551 4306/9552
f 4183/9540 4250/9555 4323/9557
f 4323/9557 4250/9555 4302/9556
f 4302/9556 4306/9552 4315/9558
f 4323/9557 4302/9556 4342/9559
f 4302/9556 4315/9558 4336/9560
f 4302/9556 4336/9560 4342/9559
f 4336/9560 4315/9558 4392/9561
f 4392/9561 4315/9558 4306/9552
f 4342/9559 4336/9560 4442/9562
f 4442/9562 4336/9560 4392/9561
f 4323/9557 4342/9559 4421/9563
f 4323/9557 4421/9563 4183/9540
f 4342/9559 4442/9562 4437/9564
f 4342/9559 4437/9564 4421/9563
f 4442/9562 4392/9561 4460/9565
f 4442/9562 4460/9565 4437/9564
f 4462/9566 4392/9561 4306/9552
f 4392/9561 4462/9566 4460/9565
f 4462/9566 4306/9552 4240/9549
f 4437/9564 4460/9565 4463/9567
f 4463/9567 4460/9565 4462/9566
f 4474/9568 4421/9563 4437/9564
f 4474/9568 4437/9564 4463/9567
f 4462/9566 4240/9549 4480/9553
f 4474/9568 4463/9567 4515/9569
f 4515/9569 4463/9567 4462/9566
f 4421/9563 4474/9568 4496/9570
f 4421/9563 4496/9570 4183/9540
f 4474/9568 4515/9569 4524/9571
f 4474/9568 4524/9571 4496/9570
f 4515/9569 4462/9566 4513/9572
f 4513/9572 4462/9566 4480/9553
f 4524/9571 4515/9569 4528/9573
f 4515/9569 4513/9572 4518/9574
f 4515/9569 4518/9574 4528/9573
f 4513/9572 4480/9553 4569/9575
f 4513/9572 4569/9575 4518/9574
f 4528/9573 4518/9574 4526/9576
f 4518/9574 4569/9575 4622/9577
f 4518/9574 4622/9577 4526/9576
f 4528/9573 4526/9576 4618/9578
f 4618/9578 4526/9576 4622/9577
f 4612/9579 4524/9571 4528/9573
f 4612/9579 4528/9573 4618/9578
f 4524/9571 4612/9579 4708/9580
f 4524/9571 4708/9580 4496/9570
f 4612/9579 4618/9578 4643/9581
f 4612/9579 4643/9581 4708/9580
f 4618/9578 4622/9577 4635/9582
f 4618/9578 4635/9582 4643/9581
f 4635/9582 4622/9577 4636/9583
f 4636/9583 4622/9577 4569/9575
f 4643/9581 4635/9582 4638/9584
f 4638/9584 4635/9582 4636/9583
f 4636/9583 4569/9575 4640/9585
f 4636/9583 4640/9585 4638/9584
f 4640/9585 4569/9575 4480/9553
f 4640/9585 4480/9553 4702/9586
f 4702/9586 4480/9553 4615/9587
f 4638/9584 4640/9585 4647/9588
f 4647/9588 4640/9585 4702/9586
f 4663/9589 4643/9581 4638/9584
f 4663/9589 4638/9584 4647/9588
f 4643/9581 4663/9589 4688/9590
f 4643/9581 4688/9590 4708/9580
f 4663/9589 4647/9588 4683/9591
f 4683/9591 4647/9588 4702/9586
f 4663/9589 4683/9591 4682/9592
f 4663/9589 4682/9592 4688/9590
f 4682/9592 4683/9591 4681/9593
f 4682/9592 4681/9593 4688/9590
f 4681/9593 4683/9591 4702/9586
f 4688/9590 4681/9593 4709/9594
f 4749/9595 4708/9580 4688/9590
f 4749/9595 4688/9590 4709/9594
f 4709/9594 4681/9593 4710/9596
f 4710/9596 4681/9593 4702/9586
f 4709/9594 4710/9596 4763/9597
f 4710/9596 4702/9586 4846/9598
f 4710/9596 4846/9598 4763/9597
f 4709/9594 4763/9597 4796/9599
f 4796/9599 4763/9597 4846/9598
f 4709/9594 4796/9599 4749/9595
f 4749/9595 4796/9599 4875/9600
f 4749/9595 4875/9600 4708/9580
f 4708/9580 4875/9600 5009/9601
f 4708/9580 5009/9601 4660/9602
f 4875/9600 4796/9599 4865/9603
f 4865/9603 4796/9599 4846/9598
f 4875/9600 4865/9603 4964/9604
f 4875/9600 4964/9604 5121/9605
f 4865/9603 4846/9598 4891/9606
f 4865/9603 4891/9606 4964/9604
f 4891/9606 4846/9598 4702/9586
f 4708/9580 4660/9602 4496/9570
f 4964/9604 4891/9606 4982/9607
f 4964/9604 4982/9607 5121/9605
f 4891/9606 4702/9586 4905/9608
f 4891/9606 4905/9608 4982/9607
f 4905/9608 4702/9586 4615/9587
f 4905/9608 4615/9587 4893/9609
f 4905/9608 4893/9609 4982/9607
f 4982/9607 4893/9609 4945/9610
f 4982/9607 4945/9610 5053/9611
f 5166/9612 5121/9605 4982/9607
f 5166/9612 4982/9607 5053/9611
f 5121/9605 5166/9612 5325/9613
f 5166/9612 5053/9611 5256/9614
f 5166/9612 5256/9614 5325/9613
f 5325/9613 5256/9614 5494/9615
f 4783/9616 4514/9617 4660/9602
f 4514/9617 4783/9616 4654/9618
f 4660/9602 4514/9617 4447/9619
f 4660/9602 4447/9619 4496/9570
f 4514/9617 4654/9618 4403/9620
f 4514/9617 4403/9620 4447/9619
f 4496/9570 4447/9619 4404/9621
f 4404/9621 4447/9619 4403/9620
f 4404/9621 4403/9620 4391/9622
f 4496/9570 4404/9621 4393/9623
f 4393/9623 4404/9621 4391/9622
f 4391/9622 4403/9620 4398/9624
f 4398/9624 4403/9620 4654/9618
f 4398/9624 4654/9618 4453/9625
f 4453/9625 4654/9618 4475/9626
f 4391/9622 4398/9624 4396/9627
f 4396/9627 4398/9624 4453/9625
f 4391/9622 4396/9627 4393/9623
f 4396/9627 4453/9625 4475/9626
f 4396/9627 4475/9626 4165/9628
f 4396/9627 4165/9628 4393/9623
f 4165/9628 4475/9626 4025/9629
f 4174/9630 4496/9570 4393/9623
f 4174/9630 4393/9623 4165/9628
f 4496/9570 4174/9630 4183/9540
f 4165/9628 4025/9629 4043/9631
f 4165/9628 4043/9631 4174/9630
f 4183/9540 4174/9630 4057/9632
f 4057/9632 4174/9630 4043/9631
f 4183/9540 4057/9632 3686/9501
f 4043/9631 4025/9629 4030/9633
f 4030/9633 4025/9629 3787/9634
f 4030/9633 3787/9634 4027/9635
f 4027/9635 3787/9634 3854/9636
f 4043/9631 4030/9633 4033/9637
f 4033/9637 4030/9633 4027/9635
f 4027/9635 3854/9636 4026/9638
f 4027/9635 4026/9638 4033/9637
f 4026/9638 3854/9636 3814/9639
f 4043/9631 4033/9637 4029/9640
f 4029/9640 4033/9637 4026/9638
f 4029/9640 4026/9638 3814/9639
f 4043/9631 4029/9640 4057/9632
f 4029/9640 3814/9639 3894/9641
f 4029/9640 3894/9641 4057/9632
f 4057/9632 3894/9641 3686/9501
f 3894/9641 3814/9639 3630/9642
f 3894/9641 3630/9642 3686/9501
f 4978/9643 4926/9644 5052/9645
f 4978/9643 5052/9645 5114/9646
f 5114/9646 5052/9645 5238/9647
f 5238/9647 5052/9645 5269/9648
f 5238/9647 5269/9648 5365/9649
f 5052/9645 4926/9644 5016/9650
f 5365/9649 5269/9648 5225/9651
f 5365/9649 5225/9651 5236/9652
f 5236/9652 5225/9651 5141/9653
f 5141/9653 5225/9651 5046/9654
f 5225/9651 5269/9648 5210/9655
f 5225/9651 5210/9655 5046/9654
f 5106/9656 5269/9648 5052/9645
f 5269/9648 5106/9656 5210/9655
f 5106/9656 5052/9645 5016/9650
f 5046/9654 5210/9655 5089/9657
f 5046/9654 5089/9657 4938/9658
f 5210/9655 5106/9656 5011/9659
f 5210/9655 5011/9659 5089/9657
f 4938/9658 5089/9657 4822/9660
f 4822/9660 5089/9657 5011/9659
f 4938/9658 4822/9660 4775/9661
f 5011/9659 5106/9656 4828/9662
f 5011/9659 4828/9662 4822/9660
f 4828/9662 5106/9656 5016/9650
f 4775/9661 4822/9660 4736/9663
f 4736/9663 4822/9660 4828/9662
f 4775/9661 4736/9663 4707/9664
f 4775/9661 4707/9664 4732/9665
f 4707/9664 4736/9663 4692/9666
f 4736/9663 4828/9662 4748/9667
f 4736/9663 4748/9667 4692/9666
f 4748/9667 4828/9662 5016/9650
f 4692/9666 4748/9667 4716/9668
f 4692/9666 4716/9668 4754/9669
f 4748/9667 5016/9650 5001/9670
f 5001/9670 5016/9650 4926/9644
f 5001/9670 4926/9644 4861/9671
f 4748/9667 5001/9670 4816/9672
f 4748/9667 4816/9672 4716/9668
f 4816/9672 5001/9670 4861/9671
f 4716/9668 4816/9672 4754/9669
f 4754/9669 4816/9672 4861/9671
f 54/9673 3463/9674 3521/9675
f 3521/9675 3463/9674 3530/9676
f 3521/9675 3530/9676 3534/9677
f 3534/9677 3530/9676 3440/9678
f 3440/9678 3530/9676 9/9679
f 3521/9675 3534/9677 3686/9680
f 3686/9680 3534/9677 3440/9678
f 3521/9675 3686/9680 3473/9681
f 3686/9680 3440/9678 16/9682
f 3686/9680 16/9682 3536/9683
f 7022/9684 6870/9685 7163/9686
f 7022/9684 7163/9686 7201/9687
f 6870/9685 7022/9684 6862/9688
f 7201/9687 7163/9686 7015/9689
f 6870/9685 6862/9688 6760/9690
f 7015/9689 7163/9686 6910/9691
f 6910/9691 7163/9686 6870/9685
f 7015/9689 6910/9691 6833/9692
f 6870/9685 6760/9690 6790/9693
f 6870/9685 6790/9693 6910/9691
f 6910/9691 6790/9693 6833/9692
f 6790/9693 6760/9690 6794/9694
f 6790/9693 6794/9694 6833/9692
f 5365/9695 5236/9696 5339/9697
f 5339/9697 5236/9696 5141/9698
f 5365/9695 5339/9697 5548/9699
f 5339/9697 5141/9698 5293/9700
f 5339/9697 5293/9700 5548/9699
f 5365/9695 5548/9699 5554/9701
f 5365/9695 5554/9701 5566/9702
f 5365/9695 5566/9702 5536/9703
f 5554/9701 5548/9699 5495/9704
f 5554/9701 5495/9704 5566/9702
f 5548/9699 5293/9700 5517/9705
f 5548/9699 5517/9705 5495/9704
f 5083/9706 5293/9700 5141/9698
f 5083/9706 5141/9698 4939/9707
f 4939/9707 5141/9698 5046/9708
f 5293/9700 5083/9706 5262/9709
f 5262/9709 5083/9706 4939/9707
f 5517/9705 5293/9700 5454/9710
f 5454/9710 5293/9700 5262/9709
f 5517/9705 5454/9710 5495/9704
f 5262/9709 4939/9707 5259/9711
f 5262/9709 5259/9711 5454/9710
f 4939/9707 5046/9708 4911/9712
f 4911/9712 5046/9708 4938/9713
f 5259/9711 4939/9707 5183/9714
f 5183/9714 4939/9707 4911/9712
f 5454/9710 5259/9711 5398/9715
f 5398/9715 5259/9711 5183/9714
f 5454/9710 5398/9715 5495/9704
f 5026/9716 4938/9713 4775/9717
f 4938/9713 5026/9716 5279/9718
f 4938/9713 5279/9718 4911/9712
f 4911/9712 5279/9718 5183/9714
f 5398/9715 5183/9714 5435/9719
f 5435/9719 5183/9714 5279/9718
f 5398/9715 5435/9719 5495/9704
f 5435/9719 5279/9718 5445/9720
f 5445/9720 5279/9718 5358/9721
f 5495/9704 5435/9719 5501/9722
f 5501/9722 5435/9719 5445/9720
f 5495/9704 5501/9722 5566/9702
f 5501/9722 5445/9720 5596/9723
f 5501/9722 5596/9723 5703/9724
f 5501/9722 5703/9724 5566/9702
f 5703/9724 5596/9723 5794/9725
f 5566/9702 5703/9724 5748/9726
f 5566/9702 5748/9726 5718/9727
f 5748/9726 5703/9724 5843/9728
f 5843/9728 5703/9724 5823/9729
f 7246/9730 7004/9731 7201/9732
f 7201/9732 7004/9731 7022/9733
f 7022/9733 7004/9731 6862/9260
f 6862/9260 7004/9731 6967/9249
f 7004/9731 7246/9730 7218/9734
f 7218/9734 7246/9730 7259/9735
f 6967/9249 7004/9731 7023/9736
f 7023/9736 7004/9731 7218/9734
f 7023/9736 7218/9734 7259/9735
f 6967/9249 7023/9736 7112/9246
f 7112/9246 7023/9736 7259/9735
f 5380/9737 5453/9738 5333/9739
f 5333/9739 5453/9738 5394/9740
f 5380/9737 5333/9739 5242/9472
f 5242/9472 5333/9739 5394/9740
f 5453/9738 5380/9737 5543/9741
f 5453/9738 5543/9741 5489/9742
f 5453/9738 5489/9742 5394/9740
f 5543/9741 5380/9737 5425/9743
f 5489/9742 5543/9741 5539/9744
f 5539/9744 5543/9741 5425/9743
f 5425/9743 5380/9737 5285/9745
f 5285/9745 5380/9737 5242/9472
f 5285/9745 5242/9472 5217/9464
f 5285/9745 5217/9464 5388/9460
f 5285/9745 5388/9460 5425/9743
f 5539/9744 5425/9743 5540/9746
f 5540/9746 5425/9743 5388/9460
f 5539/9744 5540/9746 5489/9742
f 5540/9746 5388/9460 5606/9450
f 5489/9742 5540/9746 5634/9747
f 5634/9747 5540/9746 5606/9450
f 5600/9748 5394/9740 5489/9742
f 5358/9749 5242/9472 5394/9740
f 5242/9472 5358/9749 5026/9471
f 5026/9471 5358/9749 5279/9750
f 5358/9749 5394/9740 5726/9751
f 5726/9751 5394/9740 5600/9748
f 5596/9752 5445/9753 5358/9749
f 5596/9752 5358/9749 5726/9751
f 5596/9752 5726/9751 5794/9754
f 5794/9754 5726/9751 6130/9755
f 5794/9754 6130/9755 5811/9756
f 6130/9755 5726/9751 5930/9757
f 5726/9751 5600/9748 5769/9758
f 5726/9751 5769/9758 5930/9757
f 5605/9759 5600/9748 5489/9742
f 5605/9759 5489/9742 5634/9747
f 5600/9748 5605/9759 5609/9760
f 5605/9759 5634/9747 5678/9761
f 5605/9759 5678/9761 5609/9760
f 5600/9748 5609/9760 5677/9762
f 5677/9762 5609/9760 5678/9761
f 5600/9748 5677/9762 5769/9758
f 5677/9762 5678/9761 5802/9763
f 5677/9762 5802/9763 5771/9764
f 5677/9762 5771/9764 5769/9758
f 5771/9764 5802/9763 5803/9765
f 5803/9765 5802/9763 5678/9761
f 5771/9764 5803/9765 5769/9758
f 5803/9765 5678/9761 5869/9766
f 5803/9765 5869/9766 5769/9758
f 5869/9766 5678/9761 5634/9747
f 5769/9758 5869/9766 5891/9767
f 5769/9758 5891/9767 5930/9757
f 5891/9767 5869/9766 5894/9768
f 5930/9757 5891/9767 5899/9769
f 5899/9769 5891/9767 5894/9768
f 5894/9768 5869/9766 6079/9770
f 5894/9768 6079/9770 5899/9769
f 5869/9766 5634/9747 5889/9771
f 5869/9766 5889/9771 6079/9770
f 5889/9771 5634/9747 5606/9450
f 5899/9769 6079/9770 6245/9772
f 5930/9757 5899/9769 6187/9773
f 6187/9773 5899/9769 6245/9772
f 5930/9757 6187/9773 6404/9774
f 5930/9757 6404/9774 6130/9755
f 6187/9773 6245/9772 6348/9775
f 6187/9773 6348/9775 6404/9774
f 6245/9772 6079/9770 6333/9776
f 6245/9772 6333/9776 6348/9775
f 6404/9774 6348/9775 6389/9777
f 6389/9777 6348/9775 6333/9776
f 6333/9776 6079/9770 6306/9399
f 6333/9776 6306/9399 6389/9777
f 6306/9399 6079/9770 5889/9771
f 6404/9774 6389/9777 6662/9778
f 6306/9399 5889/9771 6420/9402
f 6389/9777 6306/9399 6507/9779
f 6507/9779 6306/9399 6684/9397
f 6507/9779 6684/9397 6675/9398
f 6389/9777 6507/9779 6531/9780
f 6389/9777 6531/9780 6662/9778
f 6531/9780 6507/9779 6520/9781
f 6520/9781 6507/9779 6675/9398
f 6531/9780 6520/9781 6565/9782
f 6565/9782 6520/9781 6675/9398
f 6531/9780 6565/9782 6662/9778
f 6565/9782 6675/9398 6679/9783
f 6565/9782 6679/9783 6662/9778
f 6679/9783 6675/9398 6712/9784
f 6679/9783 6712/9784 6662/9778
f 6712/9784 6675/9398 6740/9394
f 6712/9784 6740/9394 6708/9396
f 6712/9784 6708/9396 6662/9778
f 6662/9778 6708/9396 6404/9774
f 6404/9774 6708/9396 6130/9755
f 6130/9755 6708/9396 6630/9785
f 6130/9755 6630/9785 6150/9786
f 6150/9786 6630/9785 6624/9787
f 6630/9785 6708/9396 6738/9788
f 6624/9787 6630/9785 6634/9789
f 6634/9789 6630/9785 6738/9788
f 6624/9787 6634/9789 6542/9790
f 6738/9788 6708/9396 6880/9371
f 6542/9790 6634/9789 6515/9791
f 6738/9788 6880/9371 6802/9792
f 6802/9792 6880/9371 6833/9372
f 6634/9789 6738/9788 6702/9793
f 6634/9789 6702/9793 6515/9791
f 6702/9793 6738/9788 6802/9792
f 6515/9791 6702/9793 6695/9794
f 6695/9794 6702/9793 6802/9792
f 6802/9792 6833/9372 6794/9795
f 6695/9794 6802/9792 6751/9796
f 6751/9796 6802/9792 6794/9795
f 6751/9796 6794/9795 6760/9797
f 6022/9798 6058/9799 6013/9800
f 6058/9799 6022/9798 6312/9801
f 6312/9801 6022/9798 6222/9802
f 6222/9802 6022/9798 6136/9803
f 6136/9803 6022/9798 6013/9800
f 6312/9801 6222/9802 6364/9420
f 6364/9420 6222/9802 6136/9803
f 6312/9801 6364/9420 6420/9402
f 6364/9420 6136/9803 5917/9804
f 5917/9804 6136/9803 6013/9800
f 6364/9420 5917/9804 6157/9415
f 6312/9801 6420/9402 6203/9805
f 6312/9801 6203/9805 6058/9799
f 6203/9805 6420/9402 5889/9771
f 6039/9806 6013/9800 6058/9799
f 6039/9806 6058/9799 6203/9805
f 5917/9804 6013/9800 5866/9807
f 5917/9804 5866/9807 6157/9415
f 5866/9807 6013/9800 6039/9806
f 6157/9415 5866/9807 5665/9441
f 6203/9805 5889/9771 5867/9808
f 6203/9805 5867/9808 6039/9806
f 6039/9806 5867/9808 5866/9807
f 5866/9807 5867/9808 5665/9441
f 5867/9808 5889/9771 5606/9450
f 5867/9808 5606/9450 5665/9441
f 5843/9809 5849/9810 5900/9811
f 5849/9810 5843/9809 5823/9812
f 5849/9810 5823/9812 5828/9813
f 5828/9813 5823/9812 5794/9814
f 5828/9813 5794/9814 5811/9815
f 5849/9810 5828/9813 5854/9816
f 5849/9810 5854/9816 5900/9811
f 5828/9813 5811/9815 5827/9817
f 5828/9813 5827/9817 5854/9816
f 6130/9818 6150/9819 5811/9815
f 5900/9811 5854/9816 6206/9820
f 5900/9811 6206/9820 6438/9821
f 6438/9821 6206/9820 6508/9822
f 6206/9820 5854/9816 6283/9823
f 6206/9820 6283/9823 6508/9822
f 6283/9823 5854/9816 5827/9817
f 5811/9815 6150/9819 6276/9824
f 5811/9815 6276/9824 5827/9817
f 6283/9823 5827/9817 6135/9825
f 6135/9825 5827/9817 6276/9824
f 6283/9823 6135/9825 6543/9826
f 6283/9823 6543/9826 6508/9822
f 6543/9826 6135/9825 6276/9824
f 6508/9822 6543/9826 6542/9827
f 6508/9822 6542/9827 6515/9828
f 6543/9826 6276/9824 6538/9829
f 6543/9826 6538/9829 6542/9827
f 6538/9829 6276/9824 6150/9819
f 6542/9827 6538/9829 6624/9830
f 6624/9830 6538/9829 6150/9819
f 3883/9831 3769/9832 3621/9833
f 5395/9834 5516/9835 5466/9836
f 5395/9834 5466/9836 5441/9837
f 5441/9837 5466/9836 5520/9838
f 5441/9837 5520/9838 5532/9839
f 5794/9840 5823/9841 5703/9842
f 2244/9843 2248/9844 2393/9845
f 6066/9846 6145/9847 6049/9848
f 5399/9849 5255/9850 5332/9851
f 5332/9851 5255/9850 5340/9852
f 5332/9851 5340/9852 5399/9849
f 6314/9853 6076/9854 6168/9855
f 6083/9856 6145/9857 6168/9858
f 6106/9859 6030/9860 6075/9861
f 6030/9862 6060/9863 6075/9864
f 6075/9864 6060/9863 6113/9865
f 6113/9866 6106/9867 6075/9868
f 2270/9869 2536/9870 2323/9871
f 2204/9872 2165/9873 2236/9874
f 6035/9875 6133/9876 5981/9877
f 5395/9878 5516/9879 5434/9880
f 5395/9878 5434/9880 5391/9881
f 5391/9881 5434/9880 5441/9882
