<?xml version="1.0" encoding="utf-8"?>
<COLLADA xmlns="http://www.collada.org/2005/11/COLLADASchema" version="1.4.1">
  <asset>
    <contributor>
      <author>Mixamo</author>
      <authoring_tool>COLLADA Mixamo exporter</authoring_tool>
      <comments/>
    </contributor>
    <created>2026-01-18T05:04:57Z</created>
    <modified>2026-01-18T05:04:57Z</modified>
    <revision/>
    <title/>
    <unit meter="0.010000"/>
    <up_axis>Y_UP</up_axis>
  </asset>
  <library_animations>
    <animation id="mixamorig_Hips-anim" name="mixamorig_Hips">
      <source id="mixamorig_Hips-Matrix-animation-input">
        <float_array id="mixamorig_Hips-Matrix-animation-input-array" count="91">

0.000000 0.033333 0.066667 0.100000 0.133333 0.166667 0.200000 0.233333 0.266667 0.300000 0.333333 0.366667 0.400000 0.433333 0.466667 0.500000
0.533333 0.566667 0.600000 0.633333 0.666667 0.700000 0.733333 0.766667 0.800000 0.833333 0.866667 0.900000 0.933333 0.966667 1.000000 1.033333
1.066667 1.100000 1.133333 1.166667 1.200000 1.233333 1.266667 1.300000 1.333333 1.366667 1.400000 1.433333 1.466667 1.500000 1.533333 1.566667
1.600000 1.633333 1.666667 1.700000 1.733333 1.766667 1.800000 1.833333 1.866667 1.900000 1.933333 1.966667 2.000000 2.033333 2.066667 2.100000
2.133333 2.166667 2.200000 2.233333 2.266667 2.300000 2.333333 2.366667 2.400000 2.433333 2.466667 2.500000 2.533333 2.566667 2.600000 2.633333
2.666667 2.700000 2.733333 2.766667 2.800000 2.833333 2.866667 2.900000 2.933333 2.966667 3.000000</float_array>
        <technique_common>
          <accessor source="#mixamorig_Hips-Matrix-animation-input-array" count="91">
            <param name="TIME" type="float"/>
          </accessor>
        </technique_common>
      </source>
      <source id="mixamorig_Hips-Matrix-animation-output-transform">
        <float_array id="mixamorig_Hips-Matrix-animation-output-transform-array" count="1456">

0.896702 -0.113269 0.427897 -0.259379 0.130830 0.991335 -0.011750 113.534126 -0.422859 0.066518 0.903751 0.864362 0.000000 0.000000 0.000000 1.000000
0.892459 -0.112410 0.436898 -0.341144 0.129595 0.991520 -0.009616 113.383507 -0.432113 0.065202 0.899459 3.205181 0.000000 0.000000 0.000000 1.000000
0.890832 -0.107949 0.441322 -0.338971 0.124871 0.992129 -0.009381 113.205376 -0.436836 0.063465 0.897300 5.525937 0.000000 0.000000 0.000000 1.000000
0.890398 -0.100471 0.443956 -0.248161 0.117286 0.993043 -0.010495 112.982941 -0.439813 0.061414 0.895987 7.872652 0.000000 0.000000 0.000000 1.000000
0.893953 -0.091170 0.438789 -0.061248 0.107983 0.994062 -0.013453 112.725288 -0.434957 0.059409 0.898490 10.204645 0.000000 0.000000 0.000000 1.000000
0.901222 -0.081219 0.425678 0.212248 0.098075 0.995020 -0.017790 112.432190 -0.422113 0.057781 0.904700 12.439810 0.000000 0.000000 0.000000 1.000000
0.912454 -0.071347 0.402912 0.587731 0.088127 0.995838 -0.023236 112.104828 -0.399577 0.056709 0.914944 14.795834 0.000000 0.000000 0.000000 1.000000
0.925091 -0.061265 0.374771 0.992989 0.077778 0.996547 -0.029079 111.716064 -0.371695 0.056050 0.926661 17.178648 0.000000 0.000000 0.000000 1.000000
0.937528 -0.050443 0.344234 1.435472 0.066476 0.997177 -0.034925 111.275757 -0.341501 0.055626 0.938234 19.617222 0.000000 0.000000 0.000000 1.000000
0.950692 -0.040039 0.307541 1.930843 0.055350 0.997616 -0.041223 110.736168 -0.305157 0.056213 0.950642 22.148907 0.000000 0.000000 0.000000 1.000000
0.965690 -0.029125 0.258058 2.431553 0.043041 0.997898 -0.048442 110.220207 -0.256105 0.057887 0.964914 24.620249 0.000000 0.000000 0.000000 1.000000
0.981981 -0.015836 0.188313 2.986383 0.027195 0.997953 -0.057887 109.790993 -0.187010 0.061965 0.980402 27.193476 0.000000 0.000000 0.000000 1.000000
0.995187 -0.004656 0.097885 3.582389 0.011563 0.997472 -0.070114 109.633591 -0.097311 0.070908 0.992725 29.963549 0.000000 0.000000 0.000000 1.000000
0.999979 0.005293 -0.003789 4.182829 -0.005598 0.996313 -0.085610 109.792191 0.003322 0.085629 0.996322 32.724377 0.000000 0.000000 0.000000 1.000000
0.994896 0.001342 -0.100894 4.628650 -0.011808 0.994590 -0.103207 110.168976 0.100210 0.103871 0.989530 35.348663 0.000000 0.000000 0.000000 1.000000
0.981424 -0.014271 -0.191320 4.946853 -0.008583 0.992965 -0.118098 110.620178 0.191660 0.117546 0.974397 37.955170 0.000000 0.000000 0.000000 1.000000
0.961108 -0.016212 -0.275696 5.472945 -0.019453 0.991822 -0.126137 111.044861 0.275487 0.126595 0.952933 40.263824 0.000000 0.000000 0.000000 1.000000
0.931721 -0.008217 -0.363081 6.175486 -0.042590 0.990374 -0.131706 111.419312 0.360668 0.138176 0.922402 42.474918 0.000000 0.000000 0.000000 1.000000
0.891528 0.003065 -0.452955 6.936026 -0.072252 0.988136 -0.135523 111.847290 0.447166 0.153550 0.881172 44.884079 0.000000 0.000000 0.000000 1.000000
0.846151 0.014122 -0.532756 7.583169 -0.099092 0.986386 -0.131236 112.240471 0.523650 0.163837 0.836031 47.223972 0.000000 0.000000 0.000000 1.000000
0.800635 0.025877 -0.598594 8.237062 -0.123301 0.984798 -0.122347 112.563248 0.586328 0.171763 0.791655 49.407600 0.000000 0.000000 0.000000 1.000000
0.755286 0.038249 -0.654278 8.876531 -0.144863 0.983347 -0.109740 112.802361 0.639185 0.177666 0.748249 51.571484 0.000000 0.000000 0.000000 1.000000
0.716710 0.048663 -0.695671 9.371832 -0.162017 0.981886 -0.098232 113.032471 0.678290 0.183115 0.711612 53.699909 0.000000 0.000000 0.000000 1.000000
0.688317 0.056659 -0.723194 9.787119 -0.175959 0.980212 -0.090677 113.250404 0.703746 0.189667 0.684667 55.771507 0.000000 0.000000 0.000000 1.000000
0.666628 0.063850 -0.742651 10.169865 -0.189343 0.978150 -0.085863 113.438019 0.720941 0.197855 0.664151 57.835861 0.000000 0.000000 0.000000 1.000000
0.650564 0.070852 -0.756139 10.505193 -0.199747 0.976547 -0.080352 113.557175 0.732713 0.203310 0.649459 59.778419 0.000000 0.000000 0.000000 1.000000
0.641869 0.077234 -0.762915 10.810467 -0.206378 0.975604 -0.074867 113.673088 0.738520 0.205504 0.642150 61.664318 0.000000 0.000000 0.000000 1.000000
0.641693 0.083027 -0.762454 11.092912 -0.211217 0.974812 -0.071612 113.791580 0.737304 0.206996 0.643067 63.555576 0.000000 0.000000 0.000000 1.000000
0.648081 0.088113 -0.756457 11.337811 -0.214714 0.974130 -0.070484 113.909637 0.730677 0.208101 0.650235 65.359825 0.000000 0.000000 0.000000 1.000000
0.659627 0.092209 -0.745916 11.594242 -0.216440 0.973709 -0.071033 113.972191 0.719754 0.208301 0.662242 67.116760 0.000000 0.000000 0.000000 1.000000
0.678454 0.095323 -0.728433 11.822396 -0.214919 0.973920 -0.072725 114.003059 0.702503 0.205895 0.681247 68.821136 0.000000 0.000000 0.000000 1.000000
0.702976 0.097550 -0.704492 12.026335 -0.211277 0.974476 -0.075888 114.000259 0.679107 0.202190 0.705643 70.397774 0.000000 0.000000 0.000000 1.000000
0.731273 0.098603 -0.674920 12.225574 -0.205437 0.975388 -0.080089 113.985794 0.650412 0.197221 0.733531 71.895088 0.000000 0.000000 0.000000 1.000000
0.761316 0.100852 -0.640490 12.432224 -0.201468 0.975727 -0.085835 113.954056 0.616287 0.194385 0.763155 73.410423 0.000000 0.000000 0.000000 1.000000
0.791158 0.103736 -0.602750 12.627049 -0.198629 0.975672 -0.092798 113.853592 0.578459 0.193142 0.792516 74.894958 0.000000 0.000000 0.000000 1.000000
0.820897 0.103537 -0.561612 12.762296 -0.193859 0.975553 -0.103510 113.620796 0.537165 0.193845 0.820901 76.345078 0.000000 0.000000 0.000000 1.000000
0.850669 0.099348 -0.516229 12.801126 -0.185298 0.975622 -0.117585 113.305252 0.491963 0.195682 0.848340 77.836502 0.000000 0.000000 0.000000 1.000000
0.878746 0.092448 -0.468251 12.750202 -0.173888 0.975646 -0.133705 112.941940 0.444487 0.198916 0.873421 79.356865 0.000000 0.000000 0.000000 1.000000
0.905013 0.089352 -0.415893 12.687091 -0.165261 0.974745 -0.150203 112.582741 0.391969 0.204666 0.896924 80.994911 0.000000 0.000000 0.000000 1.000000
0.929074 0.090560 -0.358638 12.618471 -0.159886 0.972632 -0.168595 112.188644 0.333555 0.213979 0.918125 82.784477 0.000000 0.000000 0.000000 1.000000
0.949323 0.095032 -0.299592 12.554937 -0.155981 0.969979 -0.186577 111.775085 0.272867 0.223852 0.935646 84.647797 0.000000 0.000000 0.000000 1.000000
0.965884 0.098233 -0.239619 12.411806 -0.149038 0.967536 -0.204110 111.291992 0.211790 0.232859 0.949169 86.642708 0.000000 0.000000 0.000000 1.000000
0.980013 0.101934 -0.170835 12.167039 -0.139163 0.964936 -0.222559 110.782768 0.142159 0.241884 0.959835 88.815994 0.000000 0.000000 0.000000 1.000000
0.989717 0.106773 -0.095187 11.879454 -0.126973 0.962214 -0.240880 110.238258 0.065871 0.250489 0.965876 91.095833 0.000000 0.000000 0.000000 1.000000
0.993687 0.111089 -0.015648 11.543482 -0.111393 0.960465 -0.255146 109.694702 -0.013314 0.255278 0.966776 93.428909 0.000000 0.000000 0.000000 1.000000
0.991265 0.111901 0.069801 11.010336 -0.090321 0.961649 -0.258984 109.090767 -0.096105 0.250417 0.963356 96.033745 0.000000 0.000000 0.000000 1.000000
0.981285 0.110156 0.157942 10.339298 -0.067104 0.964420 -0.255717 108.469589 -0.180491 0.240333 0.953763 98.801430 0.000000 0.000000 0.000000 1.000000
0.962985 0.108132 0.246914 9.572105 -0.044914 0.967574 -0.248562 107.820984 -0.265785 0.228271 0.936616 101.775948 0.000000 0.000000 0.000000 1.000000
0.936143 0.109170 0.334243 8.638458 -0.027649 0.970492 -0.239542 107.195496 -0.350531 0.215004 0.911538 105.250191 0.000000 0.000000 0.000000 1.000000
0.906333 0.117272 0.405965 7.708390 -0.022915 0.972945 -0.229898 107.184731 -0.421942 0.199062 0.884499 108.598213 0.000000 0.000000 0.000000 1.000000
0.878956 0.136755 0.456874 7.133425 -0.037270 0.974771 -0.220074 108.218246 -0.475443 0.176408 0.861878 112.566147 0.000000 0.000000 0.000000 1.000000
0.858805 0.128510 0.495923 6.177997 -0.024957 0.977372 -0.210051 109.375336 -0.511695 0.168016 0.842579 117.360558 0.000000 0.000000 0.000000 1.000000
0.843982 0.110105 0.524948 4.974744 -0.003091 0.979686 -0.200515 110.428810 -0.536362 0.167608 0.827178 121.854599 0.000000 0.000000 0.000000 1.000000
0.838991 0.099184 0.535030 4.077744 0.010418 0.980140 -0.198035 111.199028 -0.544046 0.171723 0.821295 125.412949 0.000000 0.000000 0.000000 1.000000
0.847864 0.084716 0.523403 3.549425 0.028130 0.978576 -0.203956 111.647629 -0.529468 0.187650 0.827316 128.686142 0.000000 0.000000 0.000000 1.000000
0.864995 0.065919 0.497432 3.171868 0.049719 0.975196 -0.215688 111.869804 -0.499312 0.211300 0.840262 132.024979 0.000000 0.000000 0.000000 1.000000
0.889676 0.051276 0.453705 3.017749 0.063163 0.970299 -0.233515 111.785431 -0.452203 0.236410 0.860013 135.450699 0.000000 0.000000 0.000000 1.000000
0.920685 0.039088 0.388345 2.993129 0.066147 0.964954 -0.253946 111.084610 -0.384661 0.259492 0.885833 139.046143 0.000000 0.000000 0.000000 1.000000
0.949794 0.024721 0.311897 3.046301 0.066614 0.958039 -0.278790 110.011681 -0.305701 0.285570 0.908293 143.699982 0.000000 0.000000 0.000000 1.000000
0.972842 0.003558 0.231444 3.097051 0.067784 0.951669 -0.299551 108.883698 -0.221324 0.307104 0.925582 149.148392 0.000000 0.000000 0.000000 1.000000
0.990862 -0.013027 0.134249 3.210142 0.055294 0.947076 -0.316211 107.340546 -0.123024 0.320745 0.939142 153.904007 0.000000 0.000000 0.000000 1.000000
0.998943 -0.019296 0.041721 3.458282 0.031915 0.944356 -0.327374 104.853516 -0.033083 0.328360 0.943973 158.365417 0.000000 0.000000 0.000000 1.000000
0.999368 -0.018010 -0.030644 3.866872 0.006837 0.943438 -0.331478 103.409233 0.034881 0.331059 0.942965 162.007614 0.000000 0.000000 0.000000 1.000000
0.996979 -0.011050 -0.076885 4.520059 -0.014653 0.945302 -0.325868 104.214279 0.076280 0.326010 0.942284 165.678513 0.000000 0.000000 0.000000 1.000000
0.994068 0.002427 -0.108729 5.259052 -0.037021 0.947596 -0.317320 105.541580 0.102261 0.319463 0.942065 170.080200 0.000000 0.000000 0.000000 1.000000
0.990595 0.019192 -0.135476 6.331555 -0.059633 0.951690 -0.301215 107.097641 0.123150 0.306461 0.943883 174.836853 0.000000 0.000000 0.000000 1.000000
0.986947 0.031639 -0.157909 7.375193 -0.075383 0.957223 -0.279359 108.565247 0.142316 0.287616 0.947113 179.173065 0.000000 0.000000 0.000000 1.000000
0.982738 0.044707 -0.179518 8.220437 -0.090492 0.962516 -0.255682 109.871399 0.161359 0.267513 0.949947 183.372665 0.000000 0.000000 0.000000 1.000000
0.977817 0.054534 -0.202239 8.931768 -0.102303 0.966860 -0.233915 110.906631 0.182781 0.249416 0.950991 187.718155 0.000000 0.000000 0.000000 1.000000
0.973516 0.056796 -0.221449 9.411098 -0.105599 0.970838 -0.215228 111.593994 0.202767 0.232912 0.951124 191.769684 0.000000 0.000000 0.000000 1.000000
0.971933 0.059607 -0.227581 9.787106 -0.106361 0.974194 -0.199081 111.940849 0.209841 0.217699 0.953191 195.620956 0.000000 0.000000 0.000000 1.000000
0.971736 0.063860 -0.227270 10.019977 -0.107732 0.976583 -0.186224 112.019577 0.210056 0.205445 0.955860 199.637955 0.000000 0.000000 0.000000 1.000000
0.972731 0.065095 -0.222612 10.031694 -0.105853 0.978615 -0.176373 111.397980 0.206371 0.195128 0.958820 204.279999 0.000000 0.000000 0.000000 1.000000
0.975059 0.054914 -0.215045 9.716766 -0.092655 0.981153 -0.169570 110.109894 0.201680 0.185266 0.961770 209.117874 0.000000 0.000000 0.000000 1.000000
0.978838 0.041154 -0.200454 9.275104 -0.075034 0.983522 -0.164481 108.923706 0.190382 0.176041 0.965797 214.074142 0.000000 0.000000 0.000000 1.000000
0.985138 0.023342 -0.170174 8.698792 -0.051117 0.985676 -0.160715 107.717949 0.163985 0.167025 0.972220 219.243347 0.000000 0.000000 0.000000 1.000000
0.991753 0.004173 -0.128094 8.116588 -0.024279 0.987489 -0.155807 106.633713 0.125841 0.157632 0.979447 224.545868 0.000000 0.000000 0.000000 1.000000
0.996609 -0.012252 -0.081366 7.521211 0.000090 0.989013 -0.147827 105.357109 0.082283 0.147318 0.985661 229.823029 0.000000 0.000000 0.000000 1.000000
0.999723 -0.019787 -0.012706 6.991035 0.017898 0.990740 -0.134586 103.525009 0.015251 0.134321 0.990821 234.797729 0.000000 0.000000 0.000000 1.000000
0.996506 -0.019900 0.081110 6.456041 0.029739 0.992089 -0.121965 102.360596 -0.078041 0.123952 0.989215 239.770798 0.000000 0.000000 0.000000 1.000000
0.986074 -0.005274 0.166224 5.981342 0.026230 0.991919 -0.124128 102.854797 -0.164226 0.126760 0.978244 244.850449 0.000000 0.000000 0.000000 1.000000
0.977504 0.006459 0.210819 5.424604 0.020531 0.991871 -0.125582 104.297394 -0.209916 0.127085 0.969425 249.183441 0.000000 0.000000 0.000000 1.000000
0.968031 0.000747 0.250829 4.610172 0.028834 0.993035 -0.114236 105.994850 -0.249167 0.117816 0.961268 252.986664 0.000000 0.000000 0.000000 1.000000
0.957469 -0.011012 0.288324 3.677776 0.040613 0.994466 -0.096886 107.641579 -0.285662 0.104476 0.952619 256.648285 0.000000 0.000000 0.000000 1.000000
0.946270 -0.028060 0.322158 2.842243 0.055619 0.995505 -0.076660 109.209435 -0.318558 0.090459 0.943577 260.567719 0.000000 0.000000 0.000000 1.000000
0.934992 -0.045683 0.351715 2.104736 0.070112 0.995908 -0.057030 110.493263 -0.347671 0.077982 0.934368 264.195923 0.000000 0.000000 0.000000 1.000000
0.924454 -0.060252 0.376504 1.499972 0.081882 0.995769 -0.041696 111.502647 -0.372399 0.069375 0.925476 267.780945 0.000000 0.000000 0.000000 1.000000
0.915192 -0.073840 0.396195 0.986439 0.093614 0.995133 -0.030779 112.253120 -0.391994 0.065258 0.917650 271.252777 0.000000 0.000000 0.000000 1.000000
0.907332 -0.088429 0.411009 0.523723 0.106867 0.994029 -0.022052 112.844704 -0.406605 0.063932 0.911364 274.501862 0.000000 0.000000 0.000000 1.000000
0.901145 -0.101841 0.421386 0.115498 0.119510 0.992709 -0.015657 113.263504 -0.416719 0.064469 0.906746 277.707062 0.000000 0.000000 0.000000 1.000000
0.896702 -0.113269 0.427897 -0.252868 0.130830 0.991335 -0.011750 113.534164 -0.422859 0.066518 0.903751 280.872620 0.000000 0.000000 0.000000 1.000000</float_array>
        <technique_common>
          <accessor source="#mixamorig_Hips-Matrix-animation-output-transform-array" count="91" stride="16">
            <param type="float4x4"/>
          </accessor>
        </technique_common>
      </source>
      <source id="mixamorig_Hips-Interpolations">
        <Name_array id="mixamorig_Hips-Interpolations-array" count="91">
 LINEAR LINEAR LINEAR LINEAR LINEAR LINEAR LINEAR LINEAR LINEAR LINEAR LINEAR
LINEAR LINEAR LINEAR LINEAR LINEAR LINEAR LINEAR LINEAR LINEAR LINEAR LINEAR LINEAR
LINEAR LINEAR LINEAR LINEAR LINEAR LINEAR LINEAR LINEAR LINEAR LINEAR LINEAR LINEAR
LINEAR LINEAR LINEAR LINEAR LINEAR LINEAR LINEAR LINEAR LINEAR LINEAR LINEAR LINEAR
LINEAR LINEAR LINEAR LINEAR LINEAR LINEAR LINEAR LINEAR LINEAR LINEAR LINEAR LINEAR
LINEAR LINEAR LINEAR LINEAR LINEAR LINEAR LINEAR LINEAR LINEAR LINEAR LINEAR LINEAR
LINEAR LINEAR LINEAR LINEAR LINEAR LINEAR LINEAR LINEAR LINEAR LINEAR LINEAR LINEAR
LINEAR LINEAR LINEAR LINEAR LINEAR LINEAR LINEAR LINEAR</Name_array>
        <technique_common>
          <accessor source="#mixamorig_Hips-Interpolations-array" count="91">
            <param type="name"/>
          </accessor>
        </technique_common>
      </source>
      <sampler id="mixamorig_Hips-Matrix-animation-transform">
        <input semantic="INPUT" source="#mixamorig_Hips-Matrix-animation-input"/>
        <input semantic="OUTPUT" source="#mixamorig_Hips-Matrix-animation-output-transform"/>
        <input semantic="INTERPOLATION" source="#mixamorig_Hips-Interpolations"/>
      </sampler>
      <channel source="#mixamorig_Hips-Matrix-animation-transform" target="mixamorig_Hips/matrix"/>
    </animation>
    <animation id="mixamorig_Spine-anim" name="mixamorig_Spine">
      <source id="mixamorig_Spine-Matrix-animation-input">
        <float_array id="mixamorig_Spine-Matrix-animation-input-array" count="91">

0.000000 0.033333 0.066667 0.100000 0.133333 0.166667 0.200000 0.233333 0.266667 0.300000 0.333333 0.366667 0.400000 0.433333 0.466667 0.500000
0.533333 0.566667 0.600000 0.633333 0.666667 0.700000 0.733333 0.766667 0.800000 0.833333 0.866667 0.900000 0.933333 0.966667 1.000000 1.033333
1.066667 1.100000 1.133333 1.166667 1.200000 1.233333 1.266667 1.300000 1.333333 1.366667 1.400000 1.433333 1.466667 1.500000 1.533333 1.566667
1.600000 1.633333 1.666667 1.700000 1.733333 1.766667 1.800000 1.833333 1.866667 1.900000 1.933333 1.966667 2.000000 2.033333 2.066667 2.100000
2.133333 2.166667 2.200000 2.233333 2.266667 2.300000 2.333333 2.366667 2.400000 2.433333 2.466667 2.500000 2.533333 2.566667 2.600000 2.633333
2.666667 2.700000 2.733333 2.766667 2.800000 2.833333 2.866667 2.900000 2.933333 2.966667 3.000000</float_array>
        <technique_common>
          <accessor source="#mixamorig_Spine-Matrix-animation-input-array" count="91">
            <param name="TIME" type="float"/>
          </accessor>
        </technique_common>
      </source>
      <source id="mixamorig_Spine-Matrix-animation-output-transform">
        <float_array id="mixamorig_Spine-Matrix-animation-output-transform-array" count="1456">

0.997195 0.012174 0.073854 0.000000 -0.007893 0.998287 -0.057978 7.244500 -0.074433 0.057232 0.995582 0.633400 0.000000 0.000000 0.000000 1.000000
0.993887 0.023384 0.107900 -0.000000 -0.017693 0.998417 -0.053395 7.244500 -0.108978 0.051160 0.992727 0.633400 0.000000 0.000000 0.000000 1.000000
0.989932 0.032547 0.137753 0.000000 -0.027054 0.998769 -0.041564 7.244500 -0.138936 0.037419 0.989594 0.633400 0.000000 0.000000 0.000000 1.000000
0.985769 0.037662 0.163835 0.000000 -0.033466 0.999039 -0.028295 7.244500 -0.164743 0.022410 0.986082 0.633400 0.000000 0.000000 0.000000 1.000000
0.980735 0.040065 0.191189 0.000000 -0.036994 0.999123 -0.019607 7.244500 -0.191807 0.012156 0.981357 0.633400 0.000000 0.000000 0.000000 1.000000
0.974973 0.041487 0.218417 0.000000 -0.039938 0.999136 -0.011505 7.244500 -0.218705 0.002494 0.975788 0.633400 0.000000 0.000000 0.000000 1.000000
0.969128 0.042616 0.242847 -0.000000 -0.042952 0.999069 -0.003915 7.244500 -0.242788 -0.006636 0.970057 0.633400 0.000000 0.000000 0.000000 1.000000
0.964893 0.043255 0.259058 0.000000 -0.045105 0.998982 0.001200 7.244500 -0.258742 -0.012843 0.965861 0.633400 0.000000 0.000000 0.000000 1.000000
0.962986 0.042730 0.266142 0.000000 -0.045900 0.998930 0.005699 7.244500 -0.265614 -0.017704 0.963917 0.633400 0.000000 0.000000 0.000000 1.000000
0.963397 0.042229 0.264730 -0.000000 -0.046808 0.998843 0.011010 7.244500 -0.263959 -0.022998 0.964260 0.633400 0.000000 0.000000 0.000000 1.000000
0.965411 0.040585 0.257556 0.000000 -0.044911 0.998931 0.010935 7.244500 -0.256837 -0.022124 0.966201 0.633400 0.000000 0.000000 0.000000 1.000000
0.967558 0.035717 0.250112 0.000000 -0.039889 0.999136 0.011629 7.244500 -0.249481 -0.021229 0.968147 0.633400 0.000000 0.000000 0.000000 1.000000
0.971616 0.033023 0.234248 -0.000000 -0.037704 0.999168 0.015532 7.244500 -0.233540 -0.023924 0.972053 0.633400 0.000000 0.000000 0.000000 1.000000
0.977238 0.030105 0.210000 -0.000000 -0.034908 0.999206 0.019199 7.244500 -0.209255 -0.026093 0.977513 0.633400 0.000000 0.000000 0.000000 1.000000
0.983560 0.045502 0.174753 -0.000000 -0.049574 0.998590 0.019005 7.244500 -0.173641 -0.027356 0.984429 0.633400 0.000000 0.000000 0.000000 1.000000
0.988203 0.073917 0.134134 -0.000000 -0.076914 0.996888 0.017292 7.244500 -0.132438 -0.027405 0.990812 0.633400 0.000000 0.000000 0.000000 1.000000
0.991819 0.081781 0.098011 -0.000000 -0.083165 0.996484 0.010113 7.244500 -0.096839 -0.018181 0.995134 0.633400 0.000000 0.000000 0.000000 1.000000
0.995311 0.068542 0.068256 0.000000 -0.069009 0.997606 0.004511 7.244500 -0.067784 -0.009200 0.997658 0.633400 0.000000 0.000000 0.000000 1.000000
0.997797 0.049000 0.044716 0.000000 -0.049400 0.998748 0.007891 7.244500 -0.044273 -0.010082 0.998969 0.633400 0.000000 0.000000 0.000000 1.000000
0.999243 0.032117 0.021944 0.000000 -0.032388 0.999402 0.012110 7.244500 -0.021542 -0.012812 0.999686 0.633400 0.000000 0.000000 0.000000 1.000000
0.999904 0.013759 0.001312 0.000000 -0.013772 0.999848 0.010720 7.244500 -0.001164 -0.010737 0.999942 0.633400 0.000000 0.000000 0.000000 1.000000
0.999846 -0.004253 -0.016997 -0.000000 0.004380 0.999962 0.007474 7.244500 0.016965 -0.007547 0.999828 0.633400 0.000000 0.000000 0.000000 1.000000
0.999227 -0.019410 -0.034174 0.000000 0.019742 0.999761 0.009399 7.244500 0.033984 -0.010066 0.999372 0.633400 0.000000 0.000000 0.000000 1.000000
0.998114 -0.034336 -0.050892 -0.000000 0.035134 0.999272 0.014875 7.244500 0.050344 -0.016635 0.998593 0.633400 0.000000 0.000000 0.000000 1.000000
0.996902 -0.046209 -0.063649 0.000000 0.047810 0.998571 0.023870 7.244500 0.062455 -0.026839 0.997687 0.633400 0.000000 0.000000 0.000000 1.000000
0.996380 -0.054896 -0.064903 0.000000 0.056983 0.997901 0.030761 7.244500 0.063079 -0.034348 0.997417 0.633400 0.000000 0.000000 0.000000 1.000000
0.996071 -0.061677 -0.063549 0.000000 0.063925 0.997376 0.033974 7.244500 0.061287 -0.037903 0.997400 0.633400 0.000000 0.000000 0.000000 1.000000
0.995471 -0.068079 -0.066357 -0.000000 0.070572 0.996858 0.035966 7.244500 0.063700 -0.040486 0.997148 0.633400 0.000000 0.000000 0.000000 1.000000
0.994502 -0.074222 -0.073867 0.000000 0.077099 0.996341 0.036885 7.244500 0.070859 -0.042377 0.996586 0.633400 0.000000 0.000000 0.000000 1.000000
0.993282 -0.079810 -0.083789 0.000000 0.083131 0.995855 0.036919 7.244500 0.080495 -0.043636 0.995799 0.633400 0.000000 0.000000 0.000000 1.000000
0.991735 -0.082809 -0.098005 0.000000 0.086660 0.995598 0.035704 7.244500 0.094617 -0.043902 0.994545 0.633400 0.000000 0.000000 0.000000 1.000000
0.990109 -0.082347 -0.113593 0.000000 0.086571 0.995707 0.032765 7.244500 0.110407 -0.042274 0.992987 0.633400 0.000000 0.000000 0.000000 1.000000
0.988405 -0.080170 -0.128949 0.000000 0.084429 0.996039 0.027904 7.244500 0.126201 -0.038468 0.991259 0.633400 0.000000 0.000000 0.000000 1.000000
0.986036 -0.082123 -0.144875 -0.000000 0.086070 0.996064 0.021182 7.244500 0.142565 -0.033355 0.989223 0.633400 0.000000 0.000000 0.000000 1.000000
0.983148 -0.086223 -0.161198 0.000000 0.089330 0.995928 0.012110 7.244500 0.159497 -0.026306 0.986848 0.633400 0.000000 0.000000 0.000000 1.000000
0.979736 -0.089765 -0.179050 0.000000 0.092025 0.995747 0.004338 7.244500 0.177899 -0.020727 0.983830 0.633400 0.000000 0.000000 0.000000 1.000000
0.976106 -0.089808 -0.197868 -0.000000 0.091465 0.995808 -0.000769 7.244500 0.197107 -0.017347 0.980228 0.633400 0.000000 0.000000 0.000000 1.000000
0.972366 -0.086827 -0.216717 0.000000 0.088174 0.996099 -0.003466 7.244500 0.216173 -0.015738 0.976228 0.633400 0.000000 0.000000 0.000000 1.000000
0.968172 -0.087854 -0.234359 0.000000 0.088660 0.996037 -0.007114 7.244500 0.234055 -0.013891 0.972124 0.633400 0.000000 0.000000 0.000000 1.000000
0.963658 -0.094691 -0.249793 0.000000 0.094841 0.995426 -0.011464 7.244500 0.249736 -0.012643 0.968231 0.633400 0.000000 0.000000 0.000000 1.000000
0.959356 -0.103745 -0.262436 0.000000 0.102705 0.994554 -0.017715 7.244500 0.262845 -0.009959 0.964787 0.633400 0.000000 0.000000 0.000000 1.000000
0.955562 -0.113405 -0.272102 0.000000 0.110898 0.993527 -0.024627 7.244500 0.273134 -0.006642 0.961953 0.633400 0.000000 0.000000 0.000000 1.000000
0.952489 -0.123435 -0.278441 -0.000000 0.119588 0.992345 -0.030827 7.244500 0.280115 -0.003936 0.959958 0.633400 0.000000 0.000000 0.000000 1.000000
0.950710 -0.132841 -0.280184 -0.000000 0.127703 0.991137 -0.036601 7.244500 0.282563 -0.000984 0.959248 0.633400 0.000000 0.000000 0.000000 1.000000
0.951319 -0.140137 -0.274505 0.000000 0.133584 0.990125 -0.042522 7.244500 0.277753 0.003783 0.960645 0.633400 0.000000 0.000000 0.000000 1.000000
0.954515 -0.144619 -0.260743 -0.000000 0.134702 0.989324 -0.055609 7.244500 0.266001 0.017957 0.963805 0.633400 0.000000 0.000000 0.000000 1.000000
0.958949 -0.146438 -0.242844 0.000000 0.134338 0.988752 -0.065752 7.244500 0.249741 0.030429 0.967835 0.633400 0.000000 0.000000 0.000000 1.000000
0.963446 -0.148251 -0.223143 -0.000000 0.135325 0.988165 -0.072231 7.244500 0.231211 0.039394 0.972106 0.633400 0.000000 0.000000 0.000000 1.000000
0.968711 -0.152699 -0.195656 -0.000000 0.139039 0.986900 -0.081829 7.244500 0.205589 0.052065 0.977253 0.633400 0.000000 0.000000 0.000000 1.000000
0.973844 -0.167861 -0.153138 0.000000 0.155392 0.983733 -0.090131 7.244500 0.165777 0.063977 0.984086 0.633400 0.000000 0.000000 0.000000 1.000000
0.976190 -0.194648 -0.095738 0.000000 0.188380 0.979545 -0.070735 7.244500 0.107548 0.051016 0.992890 0.633400 0.000000 0.000000 0.000000 1.000000
0.983311 -0.177734 -0.038864 0.000000 0.175950 0.983354 -0.045343 7.244500 0.046276 0.037748 0.998215 0.633400 0.000000 0.000000 0.000000 1.000000
0.990506 -0.136241 0.018363 0.000000 0.136797 0.990032 -0.033522 7.244500 -0.013613 0.035716 0.999269 0.633400 0.000000 0.000000 0.000000 1.000000
0.989276 -0.111635 0.094184 0.000000 0.116021 0.992340 -0.042440 7.244500 -0.088724 0.052912 0.994650 0.633400 0.000000 0.000000 0.000000 1.000000
0.979936 -0.089877 0.177895 0.000000 0.101908 0.993003 -0.059670 7.244500 -0.171287 0.076602 0.982239 0.633400 0.000000 0.000000 0.000000 1.000000
0.967126 -0.063665 0.246199 0.000000 0.086863 0.992627 -0.084533 7.244500 -0.239002 0.103140 0.965526 0.633400 0.000000 0.000000 0.000000 1.000000
0.953220 -0.042179 0.299320 0.000000 0.079702 0.990247 -0.114277 7.244500 -0.291580 0.132788 0.947285 0.633400 0.000000 0.000000 0.000000 1.000000
0.944478 -0.017420 0.328114 -0.000000 0.069339 0.986672 -0.147209 7.244500 -0.321176 0.161787 0.933097 0.633400 0.000000 0.000000 0.000000 1.000000
0.943922 0.021632 0.329460 -0.000000 0.030216 0.988004 -0.151442 7.244500 -0.328784 0.152904 0.931945 0.633400 0.000000 0.000000 0.000000 1.000000
0.946386 0.070926 0.315155 0.000000 -0.034126 0.992091 -0.120794 7.244500 -0.321229 0.103563 0.941322 0.633400 0.000000 0.000000 0.000000 1.000000
0.948581 0.109046 0.297160 0.000000 -0.072123 0.988552 -0.132529 7.244500 -0.308209 0.104283 0.945586 0.633400 0.000000 0.000000 0.000000 1.000000
0.953871 0.137577 0.266839 -0.000000 -0.095973 0.981917 -0.163184 7.244500 -0.284464 0.130047 0.949825 0.633400 0.000000 0.000000 0.000000 1.000000
0.964729 0.159838 0.209164 0.000000 -0.114693 0.970395 -0.212556 7.244500 -0.236946 0.181069 0.954500 0.633400 0.000000 0.000000 0.000000 1.000000
0.976830 0.174642 0.123709 0.000000 -0.144583 0.964680 -0.220199 7.244500 -0.157795 0.197211 0.967579 0.633400 0.000000 0.000000 0.000000 1.000000
0.983121 0.173489 0.058093 0.000000 -0.157398 0.963879 -0.214854 7.244500 -0.093270 0.202084 0.974917 0.633400 0.000000 0.000000 0.000000 1.000000
0.989208 0.143892 0.027612 0.000000 -0.134764 0.967507 -0.213938 7.244500 -0.057499 0.207908 0.976457 0.633400 0.000000 0.000000 0.000000 1.000000
0.994001 0.108921 0.009918 -0.000000 -0.104379 0.971808 -0.211410 7.244500 -0.032665 0.209107 0.977347 0.633400 0.000000 0.000000 0.000000 1.000000
0.996799 0.079880 -0.003410 0.000000 -0.078866 0.975348 -0.206096 7.244500 -0.013137 0.205705 0.978526 0.633400 0.000000 0.000000 0.000000 1.000000
0.997621 0.067078 -0.015891 -0.000000 -0.068904 0.977208 -0.200789 7.244500 0.002060 0.201406 0.979506 0.633400 0.000000 0.000000 0.000000 1.000000
0.997356 0.063446 -0.035433 0.000000 -0.069202 0.978033 -0.196628 7.244500 0.022180 0.198560 0.979838 0.633400 0.000000 0.000000 0.000000 1.000000
0.995913 0.061085 -0.066532 -0.000000 -0.073210 0.977355 -0.198538 7.244500 0.052898 0.202598 0.977832 0.633400 0.000000 0.000000 0.000000 1.000000
0.993313 0.057392 -0.100176 -0.000000 -0.076585 0.976849 -0.199754 7.244500 0.086393 0.206090 0.974712 0.633400 0.000000 0.000000 0.000000 1.000000
0.989819 0.051063 -0.132859 0.000000 -0.075097 0.980292 -0.182721 7.244500 0.120910 0.190838 0.974147 0.633400 0.000000 0.000000 0.000000 1.000000
0.985374 0.048056 -0.163488 0.000000 -0.073290 0.985659 -0.152002 7.244500 0.153839 0.161761 0.974765 0.633400 0.000000 0.000000 0.000000 1.000000
0.981171 0.047076 -0.187319 -0.000000 -0.070025 0.990560 -0.117844 7.244500 0.180003 0.128742 0.975205 0.633400 0.000000 0.000000 0.000000 1.000000
0.977157 0.042648 -0.208195 0.000000 -0.063012 0.993747 -0.092181 7.244500 0.202961 0.103194 0.973734 0.633400 0.000000 0.000000 0.000000 1.000000
0.972889 0.037082 -0.228282 0.000000 -0.057097 0.995020 -0.081705 7.244500 0.224115 0.092524 0.970161 0.633400 0.000000 0.000000 0.000000 1.000000
0.968144 0.032475 -0.248281 0.000000 -0.051996 0.996014 -0.072473 7.244500 0.244938 0.083074 0.965973 0.633400 0.000000 0.000000 0.000000 1.000000
0.962608 0.022067 -0.269998 -0.000000 -0.039207 0.997532 -0.058254 7.244500 0.268046 0.066662 0.961097 0.633400 0.000000 0.000000 0.000000 1.000000
0.957244 0.000733 -0.289282 0.000000 -0.018270 0.998154 -0.057928 7.244500 0.288706 0.060736 0.955490 0.633400 0.000000 0.000000 0.000000 1.000000
0.958506 -0.036492 -0.282727 0.000000 0.012724 0.996261 -0.085451 7.244500 0.284788 0.078308 0.955387 0.633400 0.000000 0.000000 0.000000 1.000000
0.965552 -0.074026 -0.249459 0.000000 0.053413 0.994650 -0.088420 7.244500 0.254670 0.072050 0.964340 0.633400 0.000000 0.000000 0.000000 1.000000
0.974141 -0.085185 -0.209268 0.000000 0.069564 0.994290 -0.080919 7.244500 0.214966 0.064269 0.974504 0.633400 0.000000 0.000000 0.000000 1.000000
0.981471 -0.078836 -0.174640 0.000000 0.068095 0.995449 -0.066673 7.244500 0.179101 0.053545 0.982372 0.633400 0.000000 0.000000 0.000000 1.000000
0.988469 -0.055254 -0.140986 0.000000 0.048258 0.997450 -0.052573 7.244500 0.143531 0.045163 0.988615 0.633400 0.000000 0.000000 0.000000 1.000000
0.993547 -0.040027 -0.106128 0.000000 0.035676 0.998456 -0.042583 7.244500 0.107668 0.038522 0.993440 0.633400 0.000000 0.000000 0.000000 1.000000
0.997015 -0.032103 -0.070222 0.000000 0.029386 0.998792 -0.039391 7.244500 0.071401 0.037209 0.996753 0.633400 0.000000 0.000000 0.000000 1.000000
0.999095 -0.026026 -0.033651 0.000000 0.024680 0.998901 -0.039835 7.244500 0.034651 0.038968 0.998639 0.633400 0.000000 0.000000 0.000000 1.000000
0.999879 -0.015316 0.002874 -0.000000 0.015425 0.998962 -0.042867 7.244500 -0.002215 0.042906 0.999077 0.633400 0.000000 0.000000 0.000000 1.000000
0.999233 -0.003588 0.038998 0.000000 0.005607 0.998643 -0.051769 7.244500 -0.038759 0.051948 0.997897 0.633400 0.000000 0.000000 0.000000 1.000000
0.997195 0.012174 0.073854 -0.000000 -0.007893 0.998287 -0.057978 7.244500 -0.074433 0.057232 0.995582 0.633400 0.000000 0.000000 0.000000 1.000000</float_array>
        <technique_common>
          <accessor source="#mixamorig_Spine-Matrix-animation-output-transform-array" count="91" stride="16">
            <param type="float4x4"/>
          </accessor>
        </technique_common>
      </source>
      <source id="mixamorig_Spine-Interpolations">
        <Name_array id="mixamorig_Spine-Interpolations-array" count="91">
 LINEAR LINEAR LINEAR LINEAR LINEAR LINEAR LINEAR LINEAR LINEAR LINEAR LINEAR
LINEAR LINEAR LINEAR LINEAR LINEAR LINEAR LINEAR LINEAR LINEAR LINEAR LINEAR LINEAR
LINEAR LINEAR LINEAR LINEAR LINEAR LINEAR LINEAR LINEAR LINEAR LINEAR LINEAR LINEAR
LINEAR LINEAR LINEAR LINEAR LINEAR LINEAR LINEAR LINEAR LINEAR LINEAR LINEAR LINEAR
LINEAR LINEAR LINEAR LINEAR LINEAR LINEAR LINEAR LINEAR LINEAR LINEAR LINEAR LINEAR
LINEAR LINEAR LINEAR LINEAR LINEAR LINEAR LINEAR LINEAR LINEAR LINEAR LINEAR LINEAR
LINEAR LINEAR LINEAR LINEAR LINEAR LINEAR LINEAR LINEAR LINEAR LINEAR LINEAR LINEAR
LINEAR LINEAR LINEAR LINEAR LINEAR LINEAR LINEAR LINEAR</Name_array>
        <technique_common>
          <accessor source="#mixamorig_Spine-Interpolations-array" count="91">
            <param type="name"/>
          </accessor>
        </technique_common>
      </source>
      <sampler id="mixamorig_Spine-Matrix-animation-transform">
        <input semantic="INPUT" source="#mixamorig_Spine-Matrix-animation-input"/>
        <input semantic="OUTPUT" source="#mixamorig_Spine-Matrix-animation-output-transform"/>
        <input semantic="INTERPOLATION" source="#mixamorig_Spine-Interpolations"/>
      </sampler>
      <channel source="#mixamorig_Spine-Matrix-animation-transform" target="mixamorig_Spine/matrix"/>
    </animation>
    <animation id="mixamorig_Spine1-anim" name="mixamorig_Spine1">
      <source id="mixamorig_Spine1-Matrix-animation-input">
        <float_array id="mixamorig_Spine1-Matrix-animation-input-array" count="91">

0.000000 0.033333 0.066667 0.100000 0.133333 0.166667 0.200000 0.233333 0.266667 0.300000 0.333333 0.366667 0.400000 0.433333 0.466667 0.500000
0.533333 0.566667 0.600000 0.633333 0.666667 0.700000 0.733333 0.766667 0.800000 0.833333 0.866667 0.900000 0.933333 0.966667 1.000000 1.033333
1.066667 1.100000 1.133333 1.166667 1.200000 1.233333 1.266667 1.300000 1.333333 1.366667 1.400000 1.433333 1.466667 1.500000 1.533333 1.566667
1.600000 1.633333 1.666667 1.700000 1.733333 1.766667 1.800000 1.833333 1.866667 1.900000 1.933333 1.966667 2.000000 2.033333 2.066667 2.100000
2.133333 2.166667 2.200000 2.233333 2.266667 2.300000 2.333333 2.366667 2.400000 2.433333 2.466667 2.500000 2.533333 2.566667 2.600000 2.633333
2.666667 2.700000 2.733333 2.766667 2.800000 2.833333 2.866667 2.900000 2.933333 2.966667 3.000000</float_array>
        <technique_common>
          <accessor source="#mixamorig_Spine1-Matrix-animation-input-array" count="91">
            <param name="TIME" type="float"/>
          </accessor>
        </technique_common>
      </source>
      <source id="mixamorig_Spine1-Matrix-animation-output-transform">
        <float_array id="mixamorig_Spine1-Matrix-animation-output-transform-array" count="1456">

0.999735 -0.008174 0.021503 0.000000 0.006898 0.998249 0.058750 7.456500 -0.021945 -0.058586 0.998041 0.000000 0.000000 0.000000 0.000000 1.000000
0.999443 -0.010649 0.031636 0.000000 0.008875 0.998409 0.055677 7.456500 -0.032179 -0.055365 0.997947 0.000000 0.000000 0.000000 0.000000 1.000000
0.999058 -0.015267 0.040621 -0.000000 0.013279 0.998722 0.048766 7.456500 -0.041314 -0.048181 0.997984 0.000000 0.000000 0.000000 0.000000 1.000000
0.998624 -0.019830 0.048544 -0.000000 0.017812 0.998972 0.041675 7.456500 -0.049321 -0.040753 0.997951 0.000000 0.000000 0.000000 0.000000 1.000000
0.998066 -0.024925 0.056948 -0.000000 0.022761 0.999006 0.038326 7.456500 -0.057846 -0.036956 0.997641 0.000000 0.000000 0.000000 0.000000 1.000000
0.997414 -0.029918 0.065344 0.000000 0.027515 0.998923 0.037357 7.456500 -0.066392 -0.035463 0.997163 -0.000000 0.000000 0.000000 0.000000 1.000000
0.996733 -0.034367 0.073093 -0.000000 0.031686 0.998794 0.037517 7.456500 -0.074294 -0.035078 0.996619 0.000000 0.000000 0.000000 0.000000 1.000000
0.996232 -0.037277 0.078308 -0.000000 0.034188 0.998598 0.040418 7.456500 -0.079705 -0.037589 0.996110 0.000000 0.000000 0.000000 0.000000 1.000000
0.995985 -0.039187 0.080486 -0.000000 0.035656 0.998357 0.044853 7.456500 -0.082111 -0.041803 0.995746 0.000000 0.000000 0.000000 0.000000 1.000000
0.996066 -0.038200 0.079954 0.000000 0.034314 0.998188 0.049423 7.456500 -0.081697 -0.046485 0.995573 0.000000 0.000000 0.000000 0.000000 1.000000
0.996418 -0.034179 0.077344 -0.000000 0.029919 0.998006 0.055573 7.456500 -0.079089 -0.053060 0.995454 0.000000 0.000000 0.000000 0.000000 1.000000
0.996845 -0.027781 0.074351 0.000000 0.023124 0.997760 0.062777 7.456500 -0.075929 -0.060859 0.995254 0.000000 0.000000 0.000000 0.000000 1.000000
0.997443 -0.019095 0.068864 0.000000 0.014332 0.997512 0.069022 7.456500 -0.070011 -0.067858 0.995236 0.000000 0.000000 0.000000 0.000000 1.000000
0.998113 -0.008291 0.060839 0.000000 0.003621 0.997066 0.076462 7.456500 -0.061294 -0.076097 0.995215 0.000000 0.000000 0.000000 0.000000 1.000000
0.998718 0.003690 0.050487 -0.000000 -0.007896 0.996487 0.083369 7.456500 -0.050002 -0.083661 0.995239 -0.000000 0.000000 0.000000 0.000000 1.000000
0.999073 0.018021 0.039098 0.000000 -0.021398 0.995914 0.087736 7.456500 -0.037357 -0.088491 0.995376 0.000000 0.000000 0.000000 0.000000 1.000000
0.999294 0.023691 0.029171 0.000000 -0.026316 0.995301 0.093180 7.456500 -0.026827 -0.093882 0.995222 0.000000 0.000000 0.000000 0.000000 1.000000
0.999516 0.023385 0.020494 -0.000000 -0.025301 0.994782 0.098832 7.456500 -0.018076 -0.099302 0.994893 -0.000000 0.000000 0.000000 0.000000 1.000000
0.999733 0.018752 0.013501 0.000000 -0.020041 0.994514 0.102662 7.456500 -0.011502 -0.102905 0.994625 -0.000000 0.000000 0.000000 0.000000 1.000000
0.999889 0.013273 0.006743 0.000000 -0.013903 0.994469 0.104107 7.456500 -0.005323 -0.104189 0.994543 -0.000000 0.000000 0.000000 0.000000 1.000000
0.999971 0.007574 0.000365 -0.000000 -0.007569 0.994286 0.106478 7.456500 0.000443 -0.106478 0.994315 0.000000 0.000000 0.000000 0.000000 1.000000
0.999988 0.002683 -0.004012 -0.000000 -0.002223 0.993869 0.110546 7.456500 0.004284 -0.110536 0.993863 -0.000000 0.000000 0.000000 0.000000 1.000000
0.999956 -0.002401 -0.009112 -0.000000 0.003437 0.993310 0.115424 7.456500 0.008774 -0.115450 0.993275 0.000000 0.000000 0.000000 0.000000 1.000000
0.999855 -0.007983 -0.015046 0.000000 0.009742 0.992640 0.120707 7.456500 0.013972 -0.120836 0.992574 0.000000 0.000000 0.000000 0.000000 1.000000
0.999719 -0.014137 -0.019011 0.000000 0.016422 0.991898 0.125968 7.456500 0.017076 -0.126245 0.991852 -0.000000 0.000000 0.000000 0.000000 1.000000
0.999636 -0.018440 -0.019717 0.000000 0.020869 0.991157 0.131040 7.456500 0.017126 -0.131404 0.991181 0.000000 0.000000 0.000000 0.000000 1.000000
0.999571 -0.021769 -0.019586 0.000000 0.024228 0.990462 0.135640 7.456500 0.016447 -0.136056 0.990565 -0.000000 0.000000 0.000000 0.000000 1.000000
0.999476 -0.025067 -0.020478 0.000000 0.027682 0.989846 0.139421 7.456500 0.016775 -0.139915 0.990021 0.000000 0.000000 0.000000 0.000000 1.000000
0.999347 -0.028212 -0.022571 0.000000 0.031139 0.989360 0.142116 7.456500 0.018321 -0.142726 0.989593 -0.000000 0.000000 0.000000 0.000000 1.000000
0.999197 -0.031004 -0.025397 0.000000 0.034340 0.989027 0.143690 7.456500 0.020663 -0.144447 0.989297 0.000000 0.000000 0.000000 0.000000 1.000000
0.999030 -0.032859 -0.029331 0.000000 0.036762 0.988844 0.144350 7.456500 0.024260 -0.145288 0.989092 0.000000 0.000000 0.000000 0.000000 1.000000
0.998868 -0.033639 -0.033634 -0.000000 0.038137 0.988909 0.143546 7.456500 0.028432 -0.144666 0.989072 0.000000 0.000000 0.000000 0.000000 1.000000
0.998730 -0.033224 -0.037887 0.000000 0.038278 0.989188 0.141573 7.456500 0.032774 -0.142843 0.989203 0.000000 0.000000 0.000000 0.000000 1.000000
0.998552 -0.033006 -0.042480 0.000000 0.038587 0.989669 0.138084 7.456500 0.037483 -0.139524 0.989509 0.000000 0.000000 0.000000 0.000000 1.000000
0.998327 -0.033191 -0.047354 0.000000 0.039266 0.990235 0.133762 7.456500 0.042452 -0.135397 0.989882 0.000000 0.000000 0.000000 0.000000 1.000000
0.998060 -0.032821 -0.052908 -0.000000 0.039451 0.990783 0.129586 7.456500 0.048167 -0.131422 0.990156 0.000000 0.000000 0.000000 0.000000 1.000000
0.997801 -0.031391 -0.058382 0.000000 0.038520 0.991371 0.125295 7.456500 0.053945 -0.127269 0.990400 0.000000 0.000000 0.000000 0.000000 1.000000
0.997585 -0.029700 -0.062787 -0.000000 0.037124 0.992007 0.120598 7.456500 0.058704 -0.122637 0.990714 -0.000000 0.000000 0.000000 0.000000 1.000000
0.997325 -0.028559 -0.067289 0.000000 0.036151 0.992770 0.114457 7.456500 0.063534 -0.116583 0.991147 0.000000 0.000000 0.000000 0.000000 1.000000
0.996979 -0.029602 -0.071805 -0.000000 0.037187 0.993595 0.106710 7.456500 0.068186 -0.109058 0.991694 -0.000000 0.000000 0.000000 0.000000 1.000000
0.996647 -0.031672 -0.075442 0.000000 0.038980 0.994476 0.097455 7.456500 0.071939 -0.100069 0.992376 0.000000 0.000000 0.000000 0.000000 1.000000
0.996345 -0.033921 -0.078397 0.000000 0.040833 0.995256 0.088309 7.456500 0.075030 -0.091187 0.993003 -0.000000 0.000000 0.000000 0.000000 1.000000
0.996118 -0.035954 -0.080347 0.000000 0.042409 0.995882 0.080131 7.456500 0.077135 -0.083227 0.993541 0.000000 0.000000 0.000000 0.000000 1.000000
0.996006 -0.038328 -0.080647 0.000000 0.044188 0.996413 0.072174 7.456500 0.077591 -0.075449 0.994126 0.000000 0.000000 0.000000 0.000000 1.000000
0.996013 -0.042063 -0.078663 0.000000 0.047328 0.996676 0.066307 7.456500 0.075612 -0.069766 0.994694 0.000000 0.000000 0.000000 0.000000 1.000000
0.996147 -0.045166 -0.075181 0.000000 0.049922 0.996788 0.062627 7.456500 0.072111 -0.066139 0.995201 0.000000 0.000000 0.000000 0.000000 1.000000
0.996405 -0.046692 -0.070687 0.000000 0.051039 0.996833 0.060988 7.456500 0.067615 -0.064377 0.995632 0.000000 0.000000 0.000000 0.000000 1.000000
0.996810 -0.046867 -0.064599 0.000000 0.050865 0.996798 0.061698 7.456500 0.061500 -0.064787 0.996002 0.000000 0.000000 0.000000 0.000000 1.000000
0.997281 -0.046009 -0.057558 0.000000 0.049891 0.996441 0.067943 7.456500 0.054228 -0.070630 0.996028 0.000000 0.000000 0.000000 0.000000 1.000000
0.997934 -0.042906 -0.047819 0.000000 0.046610 0.995764 0.079251 7.456500 0.044216 -0.081316 0.995707 0.000000 0.000000 0.000000 0.000000 1.000000
0.998522 -0.042662 -0.033672 0.000000 0.045146 0.996021 0.076832 7.456500 0.030261 -0.078238 0.996475 0.000000 0.000000 0.000000 0.000000 1.000000
0.998843 -0.045521 -0.015504 0.000000 0.046466 0.996649 0.067324 7.456500 0.012387 -0.067967 0.997611 0.000000 0.000000 0.000000 0.000000 1.000000
0.998687 -0.051112 0.003529 0.000000 0.050830 0.997095 0.056727 7.456500 -0.006419 -0.056473 0.998383 0.000000 0.000000 0.000000 0.000000 1.000000
0.998232 -0.053658 0.025553 0.000000 0.052208 0.997155 0.054368 7.456500 -0.028398 -0.052938 0.998194 -0.000000 0.000000 0.000000 0.000000 1.000000
0.997422 -0.052292 0.049149 0.000000 0.049722 0.997401 0.052136 7.456500 -0.051747 -0.049557 0.997430 0.000000 0.000000 0.000000 0.000000 1.000000
0.996351 -0.050667 0.068688 0.000000 0.047519 0.997777 0.046715 7.456500 -0.070902 -0.043281 0.996544 0.000000 0.000000 0.000000 0.000000 1.000000
0.995079 -0.052354 0.084126 0.000000 0.049381 0.998093 0.037046 7.456500 -0.085905 -0.032709 0.995766 -0.000000 0.000000 0.000000 0.000000 1.000000
0.994088 -0.055736 0.093180 0.000000 0.054178 0.998347 0.019177 7.456500 -0.094095 -0.014015 0.995465 -0.000000 0.000000 0.000000 0.000000 1.000000
0.993546 -0.059674 0.096463 -0.000000 0.061066 0.998067 -0.011538 7.456500 -0.095588 0.017354 0.995270 0.000000 0.000000 0.000000 0.000000 1.000000
0.993831 -0.057659 0.094743 0.000000 0.063183 0.996409 -0.056371 7.456500 -0.091153 0.062010 0.993904 0.000000 0.000000 0.000000 0.000000 1.000000
0.995360 -0.036815 0.088898 -0.000000 0.043842 0.995956 -0.078422 7.456500 -0.085652 0.081956 0.992949 -0.000000 0.000000 0.000000 0.000000 1.000000
0.997054 -0.012165 0.075738 -0.000000 0.019465 0.995152 -0.096402 7.456500 -0.074198 0.097592 0.992457 0.000000 0.000000 0.000000 0.000000 1.000000
0.998296 0.012795 0.056931 0.000000 -0.007421 0.995579 -0.093638 7.456500 -0.057878 0.093056 0.993977 -0.000000 0.000000 0.000000 0.000000 1.000000
0.998914 0.031101 0.034700 0.000000 -0.028435 0.996788 -0.074864 7.456500 -0.036917 0.073796 0.996590 -0.000000 0.000000 0.000000 0.000000 1.000000
0.998953 0.040412 0.021441 0.000000 -0.038960 0.997170 -0.064292 7.456500 -0.023978 0.063389 0.997701 -0.000000 0.000000 0.000000 0.000000 1.000000
0.999072 0.040031 0.015907 -0.000000 -0.039055 0.997580 -0.057517 7.456500 -0.018171 0.056842 0.998218 0.000000 0.000000 0.000000 0.000000 1.000000
0.999291 0.036829 0.007770 -0.000000 -0.036396 0.998087 -0.049973 7.456500 -0.009595 0.049655 0.998720 0.000000 0.000000 0.000000 0.000000 1.000000
0.999390 0.034932 -0.000495 0.000000 -0.034921 0.998461 -0.043090 7.456500 -0.001011 0.043081 0.999071 -0.000000 0.000000 0.000000 0.000000 1.000000
0.999359 0.035411 -0.005236 0.000000 -0.035568 0.998790 -0.033956 7.456500 0.004027 0.034120 0.999410 0.000000 0.000000 0.000000 0.000000 1.000000
0.999284 0.036461 -0.010055 0.000000 -0.036677 0.999082 -0.022150 7.456500 0.009238 0.022503 0.999704 0.000000 0.000000 0.000000 0.000000 1.000000
0.999125 0.037445 -0.018638 -0.000000 -0.037680 0.999213 -0.012424 7.456500 0.018158 0.013115 0.999749 -0.000000 0.000000 0.000000 0.000000 1.000000
0.998811 0.039372 -0.028763 -0.000000 -0.039602 0.999188 -0.007477 7.456500 0.028445 0.008607 0.999558 -0.000000 0.000000 0.000000 0.000000 1.000000
0.998327 0.043474 -0.038125 -0.000000 -0.043942 0.998968 -0.011534 7.456500 0.037584 0.013190 0.999206 -0.000000 0.000000 0.000000 0.000000 1.000000
0.997698 0.049736 -0.046092 0.000000 -0.050674 0.998527 -0.019400 7.456500 0.045059 0.021691 0.998749 0.000000 0.000000 0.000000 0.000000 1.000000
0.997038 0.055434 -0.053304 -0.000000 -0.056942 0.998007 -0.027195 7.456500 0.051691 0.030150 0.998208 0.000000 0.000000 0.000000 0.000000 1.000000
0.996584 0.056852 -0.059894 0.000000 -0.058620 0.997883 -0.028178 7.456500 0.058166 0.031593 0.997807 0.000000 0.000000 0.000000 0.000000 1.000000
0.996502 0.051208 -0.066044 0.000000 -0.052722 0.998380 -0.021387 7.456500 0.064842 0.024795 0.997587 0.000000 0.000000 0.000000 0.000000 1.000000
0.996486 0.042374 -0.072255 0.000000 -0.043525 0.998948 -0.014438 7.456500 0.071567 0.017532 0.997282 0.000000 0.000000 0.000000 0.000000 1.000000
0.996339 0.032881 -0.078908 0.000000 -0.033800 0.999375 -0.010338 7.456500 0.078519 0.012968 0.996828 0.000000 0.000000 0.000000 0.000000 1.000000
0.996306 0.019702 -0.083588 0.000000 -0.020023 0.999795 -0.003008 7.456500 0.083512 0.004670 0.996496 0.000000 0.000000 0.000000 0.000000 1.000000
0.996767 0.001984 -0.080320 0.000000 -0.000676 0.999867 0.016313 7.456500 0.080342 -0.016206 0.996636 0.000000 0.000000 0.000000 0.000000 1.000000
0.997259 -0.012053 -0.073003 0.000000 0.013889 0.999599 0.024683 7.456500 0.072677 -0.025629 0.997026 0.000000 0.000000 0.000000 0.000000 1.000000
0.997710 -0.019787 -0.064685 0.000000 0.021726 0.999331 0.029404 7.456500 0.064060 -0.030742 0.997472 0.000000 0.000000 0.000000 0.000000 1.000000
0.998226 -0.024329 -0.054348 0.000000 0.026069 0.999162 0.031556 7.456500 0.053535 -0.032917 0.998023 0.000000 0.000000 0.000000 0.000000 1.000000
0.998635 -0.028920 -0.043497 0.000000 0.030389 0.998977 0.033481 7.456500 0.042484 -0.034757 0.998492 0.000000 0.000000 0.000000 0.000000 1.000000
0.999064 -0.028314 -0.032701 0.000000 0.029518 0.998882 0.036935 7.456500 0.031619 -0.037866 0.998782 0.000000 0.000000 0.000000 0.000000 1.000000
0.999476 -0.023771 -0.021954 0.000000 0.024707 0.998753 0.043388 7.456500 0.020895 -0.043908 0.998817 -0.000000 0.000000 0.000000 0.000000 1.000000
0.999774 -0.018096 -0.011168 0.000000 0.018629 0.998596 0.049589 7.456500 0.010255 -0.049786 0.998707 -0.000000 0.000000 0.000000 0.000000 1.000000
0.999920 -0.012641 -0.000337 0.000000 0.012640 0.998399 0.055139 7.456500 -0.000360 -0.055139 0.998479 0.000000 0.000000 0.000000 0.000000 1.000000
0.999906 -0.008799 0.010547 0.000000 0.008174 0.998289 0.057905 7.456500 -0.011038 -0.057814 0.998266 0.000000 0.000000 0.000000 0.000000 1.000000
0.999735 -0.008174 0.021503 0.000000 0.006898 0.998249 0.058750 7.456500 -0.021945 -0.058586 0.998041 -0.000000 0.000000 0.000000 0.000000 1.000000</float_array>
        <technique_common>
          <accessor source="#mixamorig_Spine1-Matrix-animation-output-transform-array" count="91" stride="16">
            <param type="float4x4"/>
          </accessor>
        </technique_common>
      </source>
      <source id="mixamorig_Spine1-Interpolations">
        <Name_array id="mixamorig_Spine1-Interpolations-array" count="91">
 LINEAR LINEAR LINEAR LINEAR LINEAR LINEAR LINEAR LINEAR LINEAR LINEAR LINEAR
LINEAR LINEAR LINEAR LINEAR LINEAR LINEAR LINEAR LINEAR LINEAR LINEAR LINEAR LINEAR
LINEAR LINEAR LINEAR LINEAR LINEAR LINEAR LINEAR LINEAR LINEAR LINEAR LINEAR LINEAR
LINEAR LINEAR LINEAR LINEAR LINEAR LINEAR LINEAR LINEAR LINEAR LINEAR LINEAR LINEAR
LINEAR LINEAR LINEAR LINEAR LINEAR LINEAR LINEAR LINEAR LINEAR LINEAR LINEAR LINEAR
LINEAR LINEAR LINEAR LINEAR LINEAR LINEAR LINEAR LINEAR LINEAR LINEAR LINEAR LINEAR
LINEAR LINEAR LINEAR LINEAR LINEAR LINEAR LINEAR LINEAR LINEAR LINEAR LINEAR LINEAR
LINEAR LINEAR LINEAR LINEAR LINEAR LINEAR LINEAR LINEAR</Name_array>
        <technique_common>
          <accessor source="#mixamorig_Spine1-Interpolations-array" count="91">
            <param type="name"/>
          </accessor>
        </technique_common>
      </source>
      <sampler id="mixamorig_Spine1-Matrix-animation-transform">
        <input semantic="INPUT" source="#mixamorig_Spine1-Matrix-animation-input"/>
        <input semantic="OUTPUT" source="#mixamorig_Spine1-Matrix-animation-output-transform"/>
        <input semantic="INTERPOLATION" source="#mixamorig_Spine1-Interpolations"/>
      </sampler>
      <channel source="#mixamorig_Spine1-Matrix-animation-transform" target="mixamorig_Spine1/matrix"/>
    </animation>
    <animation id="mixamorig_Spine2-anim" name="mixamorig_Spine2">
      <source id="mixamorig_Spine2-Matrix-animation-input">
        <float_array id="mixamorig_Spine2-Matrix-animation-input-array" count="91">

0.000000 0.033333 0.066667 0.100000 0.133333 0.166667 0.200000 0.233333 0.266667 0.300000 0.333333 0.366667 0.400000 0.433333 0.466667 0.500000
0.533333 0.566667 0.600000 0.633333 0.666667 0.700000 0.733333 0.766667 0.800000 0.833333 0.866667 0.900000 0.933333 0.966667 1.000000 1.033333
1.066667 1.100000 1.133333 1.166667 1.200000 1.233333 1.266667 1.300000 1.333333 1.366667 1.400000 1.433333 1.466667 1.500000 1.533333 1.566667
1.600000 1.633333 1.666667 1.700000 1.733333 1.766667 1.800000 1.833333 1.866667 1.900000 1.933333 1.966667 2.000000 2.033333 2.066667 2.100000
2.133333 2.166667 2.200000 2.233333 2.266667 2.300000 2.333333 2.366667 2.400000 2.433333 2.466667 2.500000 2.533333 2.566667 2.600000 2.633333
2.666667 2.700000 2.733333 2.766667 2.800000 2.833333 2.866667 2.900000 2.933333 2.966667 3.000000</float_array>
        <technique_common>
          <accessor source="#mixamorig_Spine2-Matrix-animation-input-array" count="91">
            <param name="TIME" type="float"/>
          </accessor>
        </technique_common>
      </source>
      <source id="mixamorig_Spine2-Matrix-animation-output-transform">
        <float_array id="mixamorig_Spine2-Matrix-animation-output-transform-array" count="1456">

0.999736 -0.007068 0.021845 -0.000000 0.008122 0.998788 -0.048547 8.623300 -0.021475 0.048712 0.998582 0.000000 0.000000 0.000000 0.000000 1.000000
0.999444 -0.009217 0.032032 0.000000 0.010862 0.998611 -0.051551 8.623300 -0.031512 0.051871 0.998157 0.000000 0.000000 0.000000 0.000000 1.000000
0.999058 -0.013678 0.041189 0.000000 0.016072 0.998166 -0.058365 8.623300 -0.040315 0.058972 0.997445 0.000000 0.000000 0.000000 0.000000 1.000000
0.998619 -0.018184 0.049287 -0.000000 0.021391 0.997634 -0.065337 8.623300 -0.047982 0.066301 0.996645 0.000000 0.000000 0.000000 0.000000 1.000000
0.998056 -0.023163 0.057865 0.000000 0.027120 0.997279 -0.068546 8.623300 -0.056120 0.069982 0.995968 0.000000 0.000000 0.000000 0.000000 1.000000
0.997397 -0.028058 0.066420 -0.000000 0.032669 0.997055 -0.069380 8.623300 -0.064278 0.071370 0.995377 -0.000000 0.000000 0.000000 0.000000 1.000000
0.996713 -0.032385 0.074265 0.000000 0.037546 0.996897 -0.069189 8.623300 -0.071794 0.071750 0.994835 0.000000 0.000000 0.000000 0.000000 1.000000
0.996213 -0.035093 0.079549 0.000000 0.040420 0.996976 -0.066372 8.623300 -0.076979 0.069336 0.994619 0.000000 0.000000 0.000000 0.000000 1.000000
0.995965 -0.036754 0.081867 -0.000000 0.041888 0.997203 -0.061893 8.623300 -0.079363 0.065072 0.994720 0.000000 0.000000 0.000000 0.000000 1.000000
0.996049 -0.035604 0.081353 0.000000 0.040339 0.997540 -0.057330 8.623300 -0.079112 0.060386 0.995035 -0.000000 0.000000 0.000000 0.000000 1.000000
0.996410 -0.031404 0.078625 0.000000 0.035510 0.998048 -0.051379 8.623300 -0.076858 0.053986 0.995579 0.000000 0.000000 0.000000 0.000000 1.000000
0.996842 -0.024788 0.075442 0.000000 0.028197 0.998613 -0.044459 8.623300 -0.074235 0.046446 0.996159 0.000000 0.000000 0.000000 0.000000 1.000000
0.997439 -0.016113 0.069678 0.000000 0.018831 0.999080 -0.038523 8.623300 -0.068993 0.039737 0.996825 -0.000000 0.000000 0.000000 0.000000 1.000000
0.998105 -0.005417 0.061300 0.000000 0.007351 0.999481 -0.031360 8.623300 -0.061098 0.031752 0.997627 -0.000000 0.000000 0.000000 0.000000 1.000000
0.998705 0.006249 0.050487 0.000000 -0.005016 0.999687 -0.024510 8.623300 -0.050625 0.024225 0.998424 0.000000 0.000000 0.000000 0.000000 1.000000
0.999060 0.020079 0.038409 0.000000 -0.019321 0.999613 -0.019989 8.623300 -0.038796 0.019228 0.999062 0.000000 0.000000 0.000000 0.000000 1.000000
0.999283 0.025299 0.028159 0.000000 -0.024902 0.999587 -0.014361 8.623300 -0.028510 0.013649 0.999500 0.000000 0.000000 0.000000 0.000000 1.000000
0.999510 0.024564 0.019410 -0.000000 -0.024402 0.999666 -0.008525 8.623300 -0.019613 0.008047 0.999775 0.000000 0.000000 0.000000 0.000000 1.000000
0.999729 0.019541 0.012636 0.000000 -0.019484 0.999800 -0.004604 8.623300 -0.012724 0.004357 0.999910 -0.000000 0.000000 0.000000 0.000000 1.000000
0.999887 0.013673 0.006171 -0.000000 -0.013654 0.999902 -0.003109 8.623300 -0.006213 0.003024 0.999976 0.000000 0.000000 0.000000 0.000000 1.000000
0.999971 0.007610 0.000095 0.000000 -0.007610 0.999971 -0.000695 8.623300 -0.000100 0.000694 1.000000 -0.000000 0.000000 0.000000 0.000000 1.000000
0.999989 0.002446 -0.003971 -0.000000 -0.002433 0.999991 0.003417 8.623300 0.003980 -0.003408 0.999986 0.000000 0.000000 0.000000 0.000000 1.000000
0.999957 -0.002980 -0.008786 0.000000 0.003053 0.999961 0.008338 8.623300 0.008761 -0.008364 0.999927 0.000000 0.000000 0.000000 0.000000 1.000000
0.999856 -0.009022 -0.014399 -0.000000 0.009218 0.999864 0.013644 8.623300 0.014274 -0.013774 0.999803 0.000000 0.000000 0.000000 0.000000 1.000000
0.999717 -0.015483 -0.018065 0.000000 0.015824 0.999696 0.018909 8.623300 0.017766 -0.019189 0.999658 0.000000 0.000000 0.000000 0.000000 1.000000
0.999631 -0.019879 -0.018536 -0.000000 0.020322 0.999505 0.023997 8.623300 0.018050 -0.024365 0.999540 0.000000 0.000000 0.000000 0.000000 1.000000
0.999566 -0.023133 -0.018212 0.000000 0.023649 0.999311 0.028622 8.623300 0.017538 -0.029040 0.999424 0.000000 0.000000 0.000000 0.000000 1.000000
0.999471 -0.026508 -0.018823 0.000000 0.027109 0.999107 0.032410 8.623300 0.017947 -0.032903 0.999297 0.000000 0.000000 0.000000 0.000000 1.000000
0.999338 -0.029956 -0.020634 0.000000 0.030668 0.998914 0.035085 8.623300 0.019561 -0.035695 0.999171 0.000000 0.000000 0.000000 0.000000 1.000000
0.999177 -0.033184 -0.023312 0.000000 0.034024 0.998750 0.036608 8.623300 0.022068 -0.037371 0.999058 -0.000000 0.000000 0.000000 0.000000 1.000000
0.999002 -0.035474 -0.027129 0.000000 0.036471 0.998643 0.037183 8.623300 0.025773 -0.038135 0.998940 0.000000 0.000000 0.000000 0.000000 1.000000
0.998833 -0.036650 -0.031460 -0.000000 0.037785 0.998628 0.036266 8.623300 0.030088 -0.037413 0.998847 0.000000 0.000000 0.000000 0.000000 1.000000
0.998688 -0.036616 -0.035802 -0.000000 0.037842 0.998699 0.034172 8.623300 0.034504 -0.035482 0.998774 0.000000 0.000000 0.000000 0.000000 1.000000
0.998505 -0.036780 -0.040444 0.000000 0.038029 0.998810 0.030544 8.623300 0.039273 -0.032036 0.998715 0.000000 0.000000 0.000000 0.000000 1.000000
0.998275 -0.037361 -0.045286 0.000000 0.038568 0.998915 0.026094 8.623300 0.044262 -0.027795 0.998633 0.000000 0.000000 0.000000 0.000000 1.000000
0.998007 -0.037422 -0.050811 0.000000 0.038571 0.999017 0.021826 8.623300 0.049944 -0.023743 0.998470 0.000000 0.000000 0.000000 0.000000 1.000000
0.997750 -0.036360 -0.056332 0.000000 0.037398 0.999147 0.017492 8.623300 0.055648 -0.019559 0.998259 0.000000 0.000000 0.000000 0.000000 1.000000
0.997539 -0.034863 -0.060828 0.000000 0.035705 0.999280 0.012797 8.623300 0.060338 -0.014938 0.998066 0.000000 0.000000 0.000000 0.000000 1.000000
0.997283 -0.033857 -0.065423 0.000000 0.034363 0.999388 0.006612 8.623300 0.065159 -0.008842 0.997836 0.000000 0.000000 0.000000 0.000000 1.000000
0.996944 -0.034937 -0.069871 0.000000 0.034943 0.999389 -0.001135 8.623300 0.069868 -0.001310 0.997555 0.000000 0.000000 0.000000 0.000000 1.000000
0.996622 -0.036890 -0.073374 -0.000000 0.036228 0.999290 -0.010339 8.623300 0.073703 0.007645 0.997251 -0.000000 0.000000 0.000000 0.000000 1.000000
0.996330 -0.038993 -0.076192 0.000000 0.037617 0.999104 -0.019405 8.623300 0.076880 0.016468 0.996904 0.000000 0.000000 0.000000 0.000000 1.000000
0.996107 -0.040986 -0.078045 0.000000 0.038948 0.998864 -0.027471 8.623300 0.079082 0.024324 0.996571 0.000000 0.000000 0.000000 0.000000 1.000000
0.996000 -0.043144 -0.078245 0.000000 0.040480 0.998556 -0.035326 8.623300 0.079656 0.032018 0.996308 0.000000 0.000000 0.000000 0.000000 1.000000
0.996028 -0.046390 -0.075995 0.000000 0.043355 0.998213 -0.041112 8.623300 0.077767 0.037654 0.996260 0.000000 0.000000 0.000000 0.000000 1.000000
0.996159 -0.049276 -0.072383 0.000000 0.046106 0.997930 -0.044834 8.623300 0.074442 0.041325 0.996369 0.000000 0.000000 0.000000 0.000000 1.000000
0.996398 -0.050606 -0.068040 0.000000 0.047508 0.997792 -0.046409 8.623300 0.070238 0.043009 0.996603 0.000000 0.000000 0.000000 0.000000 1.000000
0.996808 -0.050435 -0.061892 0.000000 0.047652 0.997821 -0.045644 8.623300 0.064060 0.042549 0.997039 0.000000 0.000000 0.000000 0.000000 1.000000
0.997281 -0.049471 -0.054617 -0.000000 0.047357 0.998103 -0.039346 8.623300 0.056459 0.036652 0.997732 0.000000 0.000000 0.000000 0.000000 1.000000
0.997921 -0.046191 -0.044942 -0.000000 0.044972 0.998602 -0.027766 8.623300 0.046162 0.025688 0.998604 0.000000 0.000000 0.000000 0.000000 1.000000
0.998496 -0.044918 -0.031442 -0.000000 0.043974 0.998579 -0.030089 8.623300 0.032749 0.028661 0.999053 -0.000000 0.000000 0.000000 0.000000 1.000000
0.998841 -0.046254 -0.013306 0.000000 0.045693 0.998164 -0.039766 8.623300 0.015121 0.039112 0.999120 0.000000 0.000000 0.000000 0.000000 1.000000
0.998686 -0.050950 0.005467 0.000000 0.051161 0.997411 -0.050528 8.623300 -0.002878 0.050741 0.998708 0.000000 0.000000 0.000000 0.000000 1.000000
0.998233 -0.052677 0.027511 0.000000 0.054075 0.997137 -0.052847 8.623300 -0.024649 0.054241 0.998224 0.000000 0.000000 0.000000 0.000000 1.000000
0.997424 -0.050305 0.051135 -0.000000 0.053100 0.997080 -0.054874 8.623300 -0.048225 0.057448 0.997183 0.000000 0.000000 0.000000 0.000000 1.000000
0.996359 -0.047729 0.070647 0.000000 0.052002 0.996847 -0.059924 8.623300 -0.067564 0.063380 0.995700 0.000000 0.000000 0.000000 0.000000 1.000000
0.995082 -0.048695 0.086254 0.000000 0.054740 0.996102 -0.069165 8.623300 -0.082550 0.073547 0.993869 -0.000000 0.000000 0.000000 0.000000 1.000000
0.994045 -0.052262 0.095622 0.000000 0.060598 0.994410 -0.086466 8.623300 -0.090568 0.091746 0.991655 0.000000 0.000000 0.000000 0.000000 1.000000
0.993350 -0.057748 0.099607 0.000000 0.069249 0.990813 -0.116163 8.623300 -0.091984 0.122288 0.988223 -0.000000 0.000000 0.000000 0.000000 1.000000
0.993511 -0.057916 0.097881 0.000000 0.073112 0.984471 -0.159596 8.623300 -0.087118 0.165717 0.982318 0.000000 0.000000 0.000000 0.000000 1.000000
0.995118 -0.037361 0.091352 0.000000 0.053596 0.981780 -0.182309 8.623300 -0.082877 0.186315 0.978988 0.000000 0.000000 0.000000 0.000000 1.000000
0.996987 -0.012987 0.076474 0.000000 0.028202 0.979102 -0.201405 8.623300 -0.072260 0.202955 0.976518 -0.000000 0.000000 0.000000 0.000000 1.000000
0.998391 0.012008 0.055420 -0.000000 -0.000688 0.979815 -0.199905 8.623300 -0.056702 0.199545 0.978247 0.000000 0.000000 0.000000 0.000000 1.000000
0.998954 0.031210 0.033405 0.000000 -0.024643 0.983073 -0.181550 8.623300 -0.038505 0.180537 0.982814 -0.000000 0.000000 0.000000 0.000000 1.000000
0.998944 0.041283 0.020143 0.000000 -0.037248 0.984611 -0.170745 8.623300 -0.026882 0.169814 0.985109 0.000000 0.000000 0.000000 0.000000 1.000000
0.999046 0.041374 0.013955 0.000000 -0.038533 0.985727 -0.163885 8.623300 -0.020536 0.163191 0.986381 0.000000 0.000000 0.000000 0.000000 1.000000
0.999283 0.037429 0.005730 -0.000000 -0.036072 0.987005 -0.156588 8.623300 -0.011517 0.156269 0.987647 0.000000 0.000000 0.000000 0.000000 1.000000
0.999391 0.034794 -0.002620 -0.000000 -0.034793 0.988092 -0.149878 8.623300 -0.002626 0.149878 0.988701 0.000000 0.000000 0.000000 0.000000 1.000000
0.999356 0.035102 -0.007412 -0.000000 -0.035796 0.989388 -0.140817 8.623300 0.002391 0.140991 0.990008 0.000000 0.000000 0.000000 0.000000 1.000000
0.999265 0.036455 -0.011843 0.000000 -0.037680 0.990928 -0.129006 8.623300 0.007033 0.129357 0.991573 -0.000000 0.000000 0.000000 0.000000 1.000000
0.999116 0.036978 -0.020004 0.000000 -0.039105 0.992101 -0.119187 8.623300 0.015439 0.119864 0.992670 0.000000 0.000000 0.000000 0.000000 1.000000
0.998813 0.038240 -0.030186 0.000000 -0.041451 0.992604 -0.114097 8.623300 0.025599 0.115213 0.993011 0.000000 0.000000 0.000000 0.000000 1.000000
0.998286 0.042213 -0.040533 0.000000 -0.046727 0.991938 -0.117791 8.623300 0.035233 0.119483 0.992211 0.000000 0.000000 0.000000 0.000000 1.000000
0.997525 0.049062 -0.050359 -0.000000 -0.055035 0.990624 -0.125038 8.623300 0.043752 0.127501 0.990873 -0.000000 0.000000 0.000000 0.000000 1.000000
0.996728 0.055006 -0.059226 0.000000 -0.062452 0.989246 -0.132256 8.623300 0.051314 0.135522 0.989445 0.000000 0.000000 0.000000 0.000000 1.000000
0.996170 0.056791 -0.066484 0.000000 -0.065248 0.988985 -0.132856 8.623300 0.058207 0.136685 0.988903 0.000000 0.000000 0.000000 0.000000 1.000000
0.996128 0.051156 -0.071493 -0.000000 -0.059901 0.990210 -0.126083 8.623300 0.064343 0.129877 0.989440 0.000000 0.000000 0.000000 0.000000 1.000000
0.996256 0.041698 -0.075735 0.000000 -0.050584 0.991547 -0.119480 8.623300 0.070113 0.122864 0.989944 -0.000000 0.000000 0.000000 0.000000 1.000000
0.996230 0.031608 -0.080789 0.000000 -0.040870 0.992443 -0.115699 8.623300 0.076522 0.118564 0.989993 0.000000 0.000000 0.000000 0.000000 1.000000
0.996236 0.017763 -0.084847 -0.000000 -0.026980 0.993702 -0.108755 8.623300 0.082381 0.110635 0.990441 0.000000 0.000000 0.000000 0.000000 1.000000
0.996701 -0.001024 -0.081159 0.000000 -0.006299 0.995928 -0.089931 8.623300 0.080921 0.090146 0.992636 0.000000 0.000000 0.000000 0.000000 1.000000
0.997233 -0.015351 -0.072741 0.000000 0.009382 0.996613 -0.081692 8.623300 0.073749 0.080783 0.994000 0.000000 0.000000 0.000000 0.000000 1.000000
0.997668 -0.023184 -0.064194 0.000000 0.018221 0.996877 -0.076839 8.623300 0.065775 0.075490 0.994975 0.000000 0.000000 0.000000 0.000000 1.000000
0.998197 -0.027454 -0.053370 -0.000000 0.023415 0.996918 -0.074877 8.623300 0.055261 0.073493 0.995764 0.000000 0.000000 0.000000 0.000000 1.000000
0.998634 -0.032313 -0.041054 0.000000 0.029237 0.996871 -0.073439 8.623300 0.043299 0.072139 0.996454 -0.000000 0.000000 0.000000 0.000000 1.000000
0.999031 -0.032517 -0.029648 0.000000 0.030362 0.997053 -0.070453 8.623300 0.031851 0.069485 0.997074 -0.000000 0.000000 0.000000 0.000000 1.000000
0.999405 -0.028724 -0.019102 0.000000 0.027441 0.997553 -0.064308 8.623300 0.020902 0.063745 0.997747 -0.000000 0.000000 0.000000 0.000000 1.000000
0.999701 -0.022711 -0.009014 0.000000 0.022149 0.998065 -0.058103 8.623300 0.010317 0.057886 0.998270 0.000000 0.000000 0.000000 0.000000 1.000000
0.999870 -0.016121 0.000973 0.000000 0.016150 0.998497 -0.052378 8.623300 -0.000127 0.052387 0.998627 0.000000 0.000000 0.000000 0.000000 1.000000
0.999888 -0.010106 0.011062 0.000000 0.010641 0.998720 -0.049449 8.623300 -0.010548 0.049561 0.998715 0.000000 0.000000 0.000000 0.000000 1.000000
0.999736 -0.007068 0.021845 0.000000 0.008122 0.998788 -0.048547 8.623300 -0.021475 0.048712 0.998582 -0.000000 0.000000 0.000000 0.000000 1.000000</float_array>
        <technique_common>
          <accessor source="#mixamorig_Spine2-Matrix-animation-output-transform-array" count="91" stride="16">
            <param type="float4x4"/>
          </accessor>
        </technique_common>
      </source>
      <source id="mixamorig_Spine2-Interpolations">
        <Name_array id="mixamorig_Spine2-Interpolations-array" count="91">
 LINEAR LINEAR LINEAR LINEAR LINEAR LINEAR LINEAR LINEAR LINEAR LINEAR LINEAR
LINEAR LINEAR LINEAR LINEAR LINEAR LINEAR LINEAR LINEAR LINEAR LINEAR LINEAR LINEAR
LINEAR LINEAR LINEAR LINEAR LINEAR LINEAR LINEAR LINEAR LINEAR LINEAR LINEAR LINEAR
LINEAR LINEAR LINEAR LINEAR LINEAR LINEAR LINEAR LINEAR LINEAR LINEAR LINEAR LINEAR
LINEAR LINEAR LINEAR LINEAR LINEAR LINEAR LINEAR LINEAR LINEAR LINEAR LINEAR LINEAR
LINEAR LINEAR LINEAR LINEAR LINEAR LINEAR LINEAR LINEAR LINEAR LINEAR LINEAR LINEAR
LINEAR LINEAR LINEAR LINEAR LINEAR LINEAR LINEAR LINEAR LINEAR LINEAR LINEAR LINEAR
LINEAR LINEAR LINEAR LINEAR LINEAR LINEAR LINEAR LINEAR</Name_array>
        <technique_common>
          <accessor source="#mixamorig_Spine2-Interpolations-array" count="91">
            <param type="name"/>
          </accessor>
        </technique_common>
      </source>
      <sampler id="mixamorig_Spine2-Matrix-animation-transform">
        <input semantic="INPUT" source="#mixamorig_Spine2-Matrix-animation-input"/>
        <input semantic="OUTPUT" source="#mixamorig_Spine2-Matrix-animation-output-transform"/>
        <input semantic="INTERPOLATION" source="#mixamorig_Spine2-Interpolations"/>
      </sampler>
      <channel source="#mixamorig_Spine2-Matrix-animation-transform" target="mixamorig_Spine2/matrix"/>
    </animation>
    <animation id="mixamorig_Neck-anim" name="mixamorig_Neck">
      <source id="mixamorig_Neck-Matrix-animation-input">
        <float_array id="mixamorig_Neck-Matrix-animation-input-array" count="91">

0.000000 0.033333 0.066667 0.100000 0.133333 0.166667 0.200000 0.233333 0.266667 0.300000 0.333333 0.366667 0.400000 0.433333 0.466667 0.500000
0.533333 0.566667 0.600000 0.633333 0.666667 0.700000 0.733333 0.766667 0.800000 0.833333 0.866667 0.900000 0.933333 0.966667 1.000000 1.033333
1.066667 1.100000 1.133333 1.166667 1.200000 1.233333 1.266667 1.300000 1.333333 1.366667 1.400000 1.433333 1.466667 1.500000 1.533333 1.566667
1.600000 1.633333 1.666667 1.700000 1.733333 1.766667 1.800000 1.833333 1.866667 1.900000 1.933333 1.966667 2.000000 2.033333 2.066667 2.100000
2.133333 2.166667 2.200000 2.233333 2.266667 2.300000 2.333333 2.366667 2.400000 2.433333 2.466667 2.500000 2.533333 2.566667 2.600000 2.633333
2.666667 2.700000 2.733333 2.766667 2.800000 2.833333 2.866667 2.900000 2.933333 2.966667 3.000000</float_array>
        <technique_common>
          <accessor source="#mixamorig_Neck-Matrix-animation-input-array" count="91">
            <param name="TIME" type="float"/>
          </accessor>
        </technique_common>
      </source>
      <source id="mixamorig_Neck-Matrix-animation-output-transform">
        <float_array id="mixamorig_Neck-Matrix-animation-output-transform-array" count="1456">

0.998656 0.015860 -0.049338 -0.000000 -0.019732 0.996678 -0.079011 23.573400 0.047921 0.079879 0.995652 -4.474100 0.000000 0.000000 0.000000 1.000000
0.998463 0.015127 -0.053313 -0.000000 -0.019303 0.996710 -0.078714 23.573400 0.051947 0.079622 0.995471 -4.474100 0.000000 0.000000 0.000000 1.000000
0.998301 0.012067 -0.057000 0.000000 -0.016505 0.996813 -0.078042 23.573400 0.055877 0.078850 0.995319 -4.474100 0.000000 0.000000 0.000000 1.000000
0.998147 0.007996 -0.060316 -0.000000 -0.012643 0.996946 -0.077061 23.573400 0.059516 0.077681 0.995200 -4.474100 0.000000 0.000000 0.000000 1.000000
0.997967 0.004315 -0.063589 0.000000 -0.009142 0.997080 -0.075818 23.573400 0.063076 0.076245 0.995092 -4.474100 0.000000 0.000000 0.000000 1.000000
0.997802 0.001976 -0.066241 0.000000 -0.006908 0.997211 -0.074309 23.573400 0.065909 0.074603 0.995033 -4.474100 0.000000 0.000000 0.000000 1.000000
0.997674 0.000194 -0.068167 -0.000000 -0.005144 0.997359 -0.072452 23.573400 0.067973 0.072635 0.995040 -4.474100 0.000000 0.000000 0.000000 1.000000
0.997642 -0.001483 -0.068614 0.000000 -0.003338 0.997534 -0.070106 23.573400 0.068548 0.070170 0.995177 -4.474100 0.000000 0.000000 0.000000 1.000000
0.997701 -0.003085 -0.067701 0.000000 -0.001470 0.997743 -0.067132 23.573400 0.067755 0.067078 0.995445 -4.474100 0.000000 0.000000 0.000000 1.000000
0.997846 -0.004667 -0.065430 0.000000 0.000501 0.997979 -0.063539 23.573400 0.065594 0.063370 0.995832 -4.474100 0.000000 0.000000 0.000000 1.000000
0.998105 -0.006011 -0.061232 0.000000 0.002378 0.998241 -0.059232 23.573400 0.061480 0.058974 0.996364 -4.474100 0.000000 0.000000 0.000000 1.000000
0.998446 -0.007142 -0.055277 0.000000 0.004168 0.998547 -0.053732 23.573400 0.055580 0.053418 0.997024 -4.474100 0.000000 0.000000 0.000000 1.000000
0.998869 -0.009004 -0.046691 -0.000000 0.006917 0.998979 -0.044655 23.573400 0.047045 0.044281 0.997911 -4.474100 0.000000 0.000000 0.000000 1.000000
0.999257 -0.012343 -0.036504 0.000000 0.011067 0.999327 -0.034972 23.573400 0.036911 0.034542 0.998721 -4.474100 0.000000 0.000000 0.000000 1.000000
0.999499 -0.018611 -0.025595 -0.000000 0.017965 0.999520 -0.025234 23.573400 0.026053 0.024762 0.999354 -4.474100 0.000000 0.000000 0.000000 1.000000
0.999502 -0.027692 -0.015135 -0.000000 0.027466 0.999511 -0.014978 23.573400 0.015543 0.014555 0.999773 -4.474100 0.000000 0.000000 0.000000 1.000000
0.999524 -0.030474 -0.004883 0.000000 0.030441 0.999514 -0.006727 23.573400 0.005085 0.006575 0.999965 -4.474100 0.000000 0.000000 0.000000 1.000000
0.999553 -0.029470 0.005035 -0.000000 0.029469 0.999566 0.000306 23.573400 -0.005042 -0.000158 0.999987 -4.474100 0.000000 0.000000 0.000000 1.000000
0.999509 -0.027510 0.015016 0.000000 0.027421 0.999605 0.006133 23.573400 -0.015179 -0.005718 0.999868 -4.474100 0.000000 0.000000 0.000000 1.000000
0.999366 -0.025826 0.024496 0.000000 0.025589 0.999623 0.009942 23.573400 -0.024743 -0.009309 0.999650 -4.474100 0.000000 0.000000 0.000000 1.000000
0.999156 -0.024296 0.033116 0.000000 0.023936 0.999651 0.011219 23.573400 -0.033377 -0.010417 0.999389 -4.474100 0.000000 0.000000 0.000000 1.000000
0.998938 -0.023386 0.039696 0.000000 0.023037 0.999692 0.009212 23.573400 -0.039899 -0.008288 0.999169 -4.474100 0.000000 0.000000 0.000000 1.000000
0.998708 -0.022697 0.045475 0.000000 0.022498 0.999735 0.004894 23.573400 -0.045574 -0.003864 0.998953 -4.474100 0.000000 0.000000 0.000000 1.000000
0.998467 -0.022417 0.050611 0.000000 0.022444 0.999748 0.000038 23.573400 -0.050599 0.001098 0.998718 -4.474100 0.000000 0.000000 0.000000 1.000000
0.998293 -0.022529 0.053887 0.000000 0.022901 0.999718 -0.006280 23.573400 -0.053731 0.007504 0.998527 -4.474100 0.000000 0.000000 0.000000 1.000000
0.998230 -0.023203 0.054762 -0.000000 0.023925 0.999635 -0.012556 23.573400 -0.054451 0.013844 0.998420 -4.474100 0.000000 0.000000 0.000000 1.000000
0.998214 -0.024596 0.054448 0.000000 0.025596 0.999515 -0.017742 23.573400 -0.053985 0.019104 0.998359 -4.474100 0.000000 0.000000 0.000000 1.000000
0.998198 -0.026450 0.053858 0.000000 0.027631 0.999391 -0.021298 23.573400 -0.053262 0.022747 0.998321 -4.474100 0.000000 0.000000 0.000000 1.000000
0.998175 -0.028415 0.053290 -0.000000 0.029716 0.999276 -0.023774 23.573400 -0.052576 0.025314 0.998296 -4.474100 0.000000 0.000000 0.000000 1.000000
0.998149 -0.030595 0.052565 0.000000 0.031965 0.999166 -0.025423 23.573400 -0.051744 0.027056 0.998294 -4.474100 0.000000 0.000000 0.000000 1.000000
0.998098 -0.033279 0.051896 -0.000000 0.034654 0.999066 -0.025825 23.573400 -0.050988 0.027574 0.998319 -4.474100 0.000000 0.000000 0.000000 1.000000
0.998010 -0.037016 0.051042 0.000000 0.038335 0.998950 -0.025097 23.573400 -0.050059 0.027004 0.998381 -4.474100 0.000000 0.000000 0.000000 1.000000
0.997922 -0.040966 0.049734 0.000000 0.042148 0.998848 -0.022952 23.573400 -0.048737 0.025000 0.998499 -4.474100 0.000000 0.000000 0.000000 1.000000
0.997811 -0.045013 0.048452 0.000000 0.045991 0.998756 -0.019273 23.573400 -0.047524 0.021459 0.998640 -4.474100 0.000000 0.000000 0.000000 1.000000
0.997687 -0.048853 0.047267 0.000000 0.049577 0.998668 -0.014262 23.573400 -0.046507 0.016573 0.998780 -4.474100 0.000000 0.000000 0.000000 1.000000
0.997532 -0.052692 0.046397 0.000000 0.053148 0.998549 -0.008647 23.573400 -0.045874 0.011092 0.998886 -4.474100 0.000000 0.000000 0.000000 1.000000
0.997310 -0.057345 0.045653 0.000000 0.057522 0.998341 -0.002565 23.573400 -0.045430 0.005184 0.998954 -4.474100 0.000000 0.000000 0.000000 1.000000
0.997089 -0.062140 0.044180 0.000000 0.062015 0.998066 0.004212 23.573400 -0.044356 -0.001460 0.999015 -4.474100 0.000000 0.000000 0.000000 1.000000
0.996861 -0.067195 0.041865 0.000000 0.066734 0.997695 0.012297 23.573400 -0.042594 -0.009465 0.999048 -4.474100 0.000000 0.000000 0.000000 1.000000
0.996694 -0.071224 0.039092 -0.000000 0.070392 0.997271 0.022269 23.573400 -0.040572 -0.019443 0.998987 -4.474100 0.000000 0.000000 0.000000 1.000000
0.996570 -0.074635 0.035747 0.000000 0.073441 0.996732 0.033639 23.573400 -0.038141 -0.030898 0.998795 -4.474100 0.000000 0.000000 0.000000 1.000000
0.996520 -0.077159 0.031543 0.000000 0.075676 0.996081 0.045777 23.573400 -0.034951 -0.043231 0.998454 -4.474100 0.000000 0.000000 0.000000 1.000000
0.996602 -0.077868 0.026839 -0.000000 0.076212 0.995402 0.058026 23.573400 -0.031234 -0.055783 0.997954 -4.474100 0.000000 0.000000 0.000000 1.000000
0.996862 -0.076237 0.021320 0.000000 0.074583 0.994765 0.069853 23.573400 -0.026533 -0.068044 0.997329 -4.474100 0.000000 0.000000 0.000000 1.000000
0.997353 -0.071060 0.015416 0.000000 0.069594 0.994299 0.080782 23.573400 -0.021068 -0.079495 0.996613 -4.474100 0.000000 0.000000 0.000000 1.000000
0.997957 -0.063308 0.008555 0.000000 0.062299 0.994078 0.089041 23.573400 -0.014141 -0.088326 0.995991 -4.474100 0.000000 0.000000 0.000000 1.000000
0.998602 -0.052828 0.001702 0.000000 0.052444 0.994328 0.092532 23.573400 -0.006580 -0.092313 0.995708 -4.474100 0.000000 0.000000 0.000000 1.000000
0.999109 -0.041935 -0.004768 0.000000 0.042195 0.995024 0.090259 23.573400 0.000959 -0.090380 0.995907 -4.474100 0.000000 0.000000 0.000000 1.000000
0.999448 -0.030944 -0.012108 0.000000 0.031823 0.996229 0.080718 23.573400 0.009564 -0.081059 0.996663 -4.474100 0.000000 0.000000 0.000000 1.000000
0.999572 -0.020679 -0.020712 0.000000 0.022050 0.997420 0.068319 23.573400 0.019246 -0.068747 0.997448 -4.474100 0.000000 0.000000 0.000000 1.000000
0.999448 -0.012476 -0.030784 0.000000 0.014172 0.998358 0.055496 23.573400 0.030041 -0.055901 0.997984 -4.474100 0.000000 0.000000 0.000000 1.000000
0.999137 -0.008274 -0.040692 0.000000 0.010041 0.999006 0.043434 23.573400 0.040292 -0.043805 0.998227 -4.474100 0.000000 0.000000 0.000000 1.000000
0.998764 -0.004058 -0.049529 -0.000000 0.005753 0.999401 0.034124 23.573400 0.049361 -0.034367 0.998190 -4.474100 0.000000 0.000000 0.000000 1.000000
0.998256 0.001074 -0.059020 0.000000 0.000670 0.999564 0.029520 23.573400 0.059026 -0.029508 0.997820 -4.474100 0.000000 0.000000 0.000000 1.000000
0.997687 0.006622 -0.067651 -0.000000 -0.004740 0.999598 0.027941 23.573400 0.067809 -0.027556 0.997318 -4.474100 0.000000 0.000000 0.000000 1.000000
0.997287 0.011711 -0.072678 0.000000 -0.009552 0.999505 0.029980 23.573400 0.072993 -0.029204 0.996905 -4.474100 0.000000 0.000000 0.000000 1.000000
0.997106 0.018139 -0.073825 0.000000 -0.015553 0.999250 0.035459 23.573400 0.074413 -0.034208 0.996641 -4.474100 0.000000 0.000000 0.000000 1.000000
0.997175 0.026881 -0.070141 0.000000 -0.023854 0.998762 0.043645 23.573400 0.071228 -0.041848 0.996582 -4.474100 0.000000 0.000000 0.000000 1.000000
0.997476 0.029668 -0.064502 -0.000000 -0.026452 0.998391 0.050156 23.573400 0.065886 -0.048323 0.996656 -4.474100 0.000000 0.000000 0.000000 1.000000
0.998157 0.021567 -0.056728 0.000000 -0.018719 0.998560 0.050265 23.573400 0.057731 -0.049110 0.997124 -4.474100 0.000000 0.000000 0.000000 1.000000
0.998775 0.008612 -0.048730 -0.000000 -0.007037 0.999450 0.032401 23.573400 0.048982 -0.032019 0.998286 -4.474100 0.000000 0.000000 0.000000 1.000000
0.999266 0.006202 -0.037809 0.000000 -0.006726 0.999883 -0.013746 23.573400 0.037720 0.013990 0.999190 -4.474100 0.000000 0.000000 0.000000 1.000000
0.999615 0.012338 -0.024858 -0.000000 -0.014226 0.996911 -0.077239 23.573400 0.023829 0.077562 0.996703 -4.474100 0.000000 0.000000 0.000000 1.000000
0.998591 0.052862 -0.004621 0.000000 -0.053000 0.989345 -0.135603 23.573400 -0.002597 0.135657 0.990752 -4.474100 0.000000 0.000000 0.000000 1.000000
0.997008 0.077000 0.006760 0.000000 -0.075057 0.985313 -0.153375 23.573400 -0.018470 0.152409 0.988145 -4.474100 0.000000 0.000000 0.000000 1.000000
0.996541 0.082797 0.007067 0.000000 -0.080819 0.985476 -0.149352 23.573400 -0.019330 0.148264 0.988759 -4.474100 0.000000 0.000000 0.000000 1.000000
0.996283 0.085395 0.011287 -0.000000 -0.083175 0.987795 -0.131693 23.573400 -0.022395 0.130265 0.991226 -4.474100 0.000000 0.000000 0.000000 1.000000
0.996982 0.075301 0.018877 0.000000 -0.072855 0.991533 -0.107489 23.573400 -0.026811 0.105790 0.994027 -4.474100 0.000000 0.000000 0.000000 1.000000
0.998252 0.052858 0.026431 0.000000 -0.050468 0.995178 -0.084108 23.573400 -0.030749 0.082627 0.996106 -4.474100 0.000000 0.000000 0.000000 1.000000
0.999084 0.029473 0.031024 -0.000000 -0.027398 0.997488 -0.065319 23.573400 -0.032871 0.064409 0.997382 -4.474100 0.000000 0.000000 0.000000 1.000000
0.999333 0.012915 0.034152 -0.000000 -0.011077 0.998509 -0.053457 23.573400 -0.034791 0.053043 0.997986 -4.474100 0.000000 0.000000 0.000000 1.000000
0.999338 0.000779 0.036381 0.000000 0.000903 0.998931 -0.046217 23.573400 -0.036378 0.046220 0.998269 -4.474100 0.000000 0.000000 0.000000 1.000000
0.999213 -0.010347 0.038287 0.000000 0.011931 0.999073 -0.041365 23.573400 -0.037823 0.041789 0.998410 -4.474100 0.000000 0.000000 0.000000 1.000000
0.999014 -0.020249 0.039515 0.000000 0.021783 0.999010 -0.038786 23.573400 -0.038691 0.039609 0.998466 -4.474100 0.000000 0.000000 0.000000 1.000000
0.998842 -0.028264 0.038932 -0.000000 0.029744 0.998836 -0.037970 23.573400 -0.037813 0.039084 0.998520 -4.474100 0.000000 0.000000 0.000000 1.000000
0.998819 -0.030491 0.037840 -0.000000 0.031954 0.998741 -0.038677 23.573400 -0.036613 0.039841 0.998535 -4.474100 0.000000 0.000000 0.000000 1.000000
0.999027 -0.025372 0.036072 0.000000 0.026832 0.998816 -0.040587 23.573400 -0.034999 0.041515 0.998525 -4.474100 0.000000 0.000000 0.000000 1.000000
0.999267 -0.019590 0.032884 0.000000 0.021012 0.998834 -0.043458 23.573400 -0.031995 0.044117 0.998514 -4.474100 0.000000 0.000000 0.000000 1.000000
0.999490 -0.013771 0.028800 -0.000000 0.015123 0.998768 -0.047260 23.573400 -0.028114 0.047671 0.998467 -4.474100 0.000000 0.000000 0.000000 1.000000
0.999713 -0.008472 0.022425 0.000000 0.009607 0.998653 -0.050991 23.573400 -0.021963 0.051191 0.998447 -4.474100 0.000000 0.000000 0.000000 1.000000
0.999903 -0.003592 0.013481 0.000000 0.004325 0.998492 -0.054721 23.573400 -0.013264 0.054774 0.998411 -4.474100 0.000000 0.000000 0.000000 1.000000
0.999986 0.000454 0.005190 0.000000 -0.000150 0.998293 -0.058408 23.573400 -0.005208 0.058407 0.998279 -4.474100 0.000000 0.000000 0.000000 1.000000
0.999991 0.003716 -0.002040 0.000000 -0.003836 0.998069 -0.062000 23.573400 0.001806 0.062007 0.998074 -4.474100 0.000000 0.000000 0.000000 1.000000
0.999947 0.006316 -0.008138 0.000000 -0.006835 0.997833 -0.065438 23.573400 0.007707 0.065490 0.997823 -4.474100 0.000000 0.000000 0.000000 1.000000
0.999862 0.008614 -0.014180 0.000000 -0.009568 0.997595 -0.068650 23.573400 0.013554 0.068776 0.997540 -4.474100 0.000000 0.000000 0.000000 1.000000
0.999726 0.010653 -0.020865 -0.000000 -0.012121 0.997363 -0.071555 23.573400 0.020048 0.071788 0.997218 -4.474100 0.000000 0.000000 0.000000 1.000000
0.999550 0.012188 -0.027406 0.000000 -0.014190 0.997151 -0.074089 23.573400 0.026425 0.074444 0.996875 -4.474100 0.000000 0.000000 0.000000 1.000000
0.999339 0.013379 -0.033809 -0.000000 -0.015925 0.996967 -0.076177 23.573400 0.032687 0.076665 0.996521 -4.474100 0.000000 0.000000 0.000000 1.000000
0.999119 0.014256 -0.039471 0.000000 -0.017295 0.996823 -0.077751 23.573400 0.038237 0.078365 0.996191 -4.474100 0.000000 0.000000 0.000000 1.000000
0.998898 0.014993 -0.044473 -0.000000 -0.018465 0.996725 -0.078727 23.573400 0.043147 0.079461 0.995904 -4.474100 0.000000 0.000000 0.000000 1.000000
0.998656 0.015860 -0.049338 0.000000 -0.019732 0.996678 -0.079011 23.573400 0.047921 0.079878 0.995652 -4.474100 0.000000 0.000000 0.000000 1.000000</float_array>
        <technique_common>
          <accessor source="#mixamorig_Neck-Matrix-animation-output-transform-array" count="91" stride="16">
            <param type="float4x4"/>
          </accessor>
        </technique_common>
      </source>
      <source id="mixamorig_Neck-Interpolations">
        <Name_array id="mixamorig_Neck-Interpolations-array" count="91">
 LINEAR LINEAR LINEAR LINEAR LINEAR LINEAR LINEAR LINEAR LINEAR LINEAR LINEAR
LINEAR LINEAR LINEAR LINEAR LINEAR LINEAR LINEAR LINEAR LINEAR LINEAR LINEAR LINEAR
LINEAR LINEAR LINEAR LINEAR LINEAR LINEAR LINEAR LINEAR LINEAR LINEAR LINEAR LINEAR
LINEAR LINEAR LINEAR LINEAR LINEAR LINEAR LINEAR LINEAR LINEAR LINEAR LINEAR LINEAR
LINEAR LINEAR LINEAR LINEAR LINEAR LINEAR LINEAR LINEAR LINEAR LINEAR LINEAR LINEAR
LINEAR LINEAR LINEAR LINEAR LINEAR LINEAR LINEAR LINEAR LINEAR LINEAR LINEAR LINEAR
LINEAR LINEAR LINEAR LINEAR LINEAR LINEAR LINEAR LINEAR LINEAR LINEAR LINEAR LINEAR
LINEAR LINEAR LINEAR LINEAR LINEAR LINEAR LINEAR LINEAR</Name_array>
        <technique_common>
          <accessor source="#mixamorig_Neck-Interpolations-array" count="91">
            <param type="name"/>
          </accessor>
        </technique_common>
      </source>
      <sampler id="mixamorig_Neck-Matrix-animation-transform">
        <input semantic="INPUT" source="#mixamorig_Neck-Matrix-animation-input"/>
        <input semantic="OUTPUT" source="#mixamorig_Neck-Matrix-animation-output-transform"/>
        <input semantic="INTERPOLATION" source="#mixamorig_Neck-Interpolations"/>
      </sampler>
      <channel source="#mixamorig_Neck-Matrix-animation-transform" target="mixamorig_Neck/matrix"/>
    </animation>
    <animation id="mixamorig_Head-anim" name="mixamorig_Head">
      <source id="mixamorig_Head-Matrix-animation-input">
        <float_array id="mixamorig_Head-Matrix-animation-input-array" count="91">

0.000000 0.033333 0.066667 0.100000 0.133333 0.166667 0.200000 0.233333 0.266667 0.300000 0.333333 0.366667 0.400000 0.433333 0.466667 0.500000
0.533333 0.566667 0.600000 0.633333 0.666667 0.700000 0.733333 0.766667 0.800000 0.833333 0.866667 0.900000 0.933333 0.966667 1.000000 1.033333
1.066667 1.100000 1.133333 1.166667 1.200000 1.233333 1.266667 1.300000 1.333333 1.366667 1.400000 1.433333 1.466667 1.500000 1.533333 1.566667
1.600000 1.633333 1.666667 1.700000 1.733333 1.766667 1.800000 1.833333 1.866667 1.900000 1.933333 1.966667 2.000000 2.033333 2.066667 2.100000
2.133333 2.166667 2.200000 2.233333 2.266667 2.300000 2.333333 2.366667 2.400000 2.433333 2.466667 2.500000 2.533333 2.566667 2.600000 2.633333
2.666667 2.700000 2.733333 2.766667 2.800000 2.833333 2.866667 2.900000 2.933333 2.966667 3.000000</float_array>
        <technique_common>
          <accessor source="#mixamorig_Head-Matrix-animation-input-array" count="91">
            <param name="TIME" type="float"/>
          </accessor>
        </technique_common>
      </source>
      <source id="mixamorig_Head-Matrix-animation-output-transform">
        <float_array id="mixamorig_Head-Matrix-animation-output-transform-array" count="1456">

0.844116 -0.024113 -0.535618 -0.000000 -0.138525 0.955261 -0.261316 10.036000 0.517957 0.294778 0.803011 2.683300 0.000000 0.000000 0.000000 1.000000
0.821715 -0.051678 -0.567550 0.000000 -0.123570 0.956031 -0.265959 10.036000 0.556340 0.288675 0.779200 2.683300 0.000000 0.000000 0.000000 1.000000
0.805155 -0.070507 -0.588858 0.000000 -0.110935 0.957478 -0.266326 10.036000 0.582596 0.279759 0.763097 2.683300 0.000000 0.000000 0.000000 1.000000
0.792608 -0.085083 -0.603766 -0.000000 -0.098679 0.959262 -0.264724 10.036000 0.601693 0.269402 0.751923 2.683300 0.000000 0.000000 0.000000 1.000000
0.782147 -0.095756 -0.615692 -0.000000 -0.088442 0.961055 -0.261821 10.036000 0.616785 0.259236 0.743218 2.683300 0.000000 0.000000 0.000000 1.000000
0.774237 -0.105642 -0.624016 0.000000 -0.078731 0.962235 -0.260585 10.036000 0.627979 0.250884 0.736682 2.683300 0.000000 0.000000 0.000000 1.000000
0.771190 -0.113597 -0.626388 0.000000 -0.068688 0.963358 -0.259274 10.036000 0.632889 0.242975 0.735129 2.683300 0.000000 0.000000 0.000000 1.000000
0.773139 -0.120910 -0.622606 0.000000 -0.058447 0.963901 -0.259767 10.036000 0.631538 0.237225 0.738162 2.683300 0.000000 0.000000 0.000000 1.000000
0.780110 -0.127618 -0.612489 -0.000000 -0.048062 0.963858 -0.262044 10.036000 0.623794 0.233861 0.745782 2.683300 0.000000 0.000000 0.000000 1.000000
0.797045 -0.134655 -0.588717 0.000000 -0.034262 0.963173 -0.266690 10.036000 0.602947 0.232735 0.763079 2.683300 0.000000 0.000000 0.000000 1.000000
0.825008 -0.138254 -0.547949 0.000000 -0.016059 0.963486 -0.267278 10.036000 0.564893 0.229306 0.792663 2.683300 0.000000 0.000000 0.000000 1.000000
0.859700 -0.141158 -0.490908 0.000000 0.005950 0.963760 -0.266704 10.036000 0.510765 0.226364 0.829384 2.683300 0.000000 0.000000 0.000000 1.000000
0.902565 -0.144279 -0.405660 0.000000 0.033900 0.963071 -0.267105 10.036000 0.429217 0.227328 0.874125 2.683300 0.000000 0.000000 0.000000 1.000000
0.942788 -0.145842 -0.299802 0.000000 0.065417 0.962687 -0.262593 10.036000 0.326913 0.227957 0.917150 2.683300 0.000000 0.000000 0.000000 1.000000
0.971972 -0.148387 -0.182348 -0.000000 0.101062 0.964038 -0.245798 10.036000 0.212264 0.220481 0.952015 2.683300 0.000000 0.000000 0.000000 1.000000
0.986659 -0.151240 -0.060257 -0.000000 0.134606 0.966032 -0.220598 10.036000 0.091573 0.209544 0.973502 2.683300 0.000000 0.000000 0.000000 1.000000
0.990502 -0.129849 0.045216 0.000000 0.136157 0.972094 -0.191037 10.036000 -0.019148 0.195379 0.980541 2.683300 0.000000 0.000000 0.000000 1.000000
0.985742 -0.085730 0.144786 -0.000000 0.109947 0.979542 -0.168552 10.036000 -0.127374 0.182067 0.975001 2.683300 0.000000 0.000000 0.000000 1.000000
0.970290 -0.030043 0.240074 0.000000 0.069891 0.984763 -0.159241 10.036000 -0.231632 0.171289 0.957605 2.683300 0.000000 0.000000 0.000000 1.000000
0.944319 0.022232 0.328279 -0.000000 0.032215 0.986674 -0.159491 10.036000 -0.327450 0.161186 0.931019 2.683300 0.000000 0.000000 0.000000 1.000000
0.912446 0.063405 0.404256 0.000000 0.005423 0.985962 -0.166884 10.036000 -0.409162 0.154465 0.899293 2.683300 0.000000 0.000000 0.000000 1.000000
0.878042 0.091057 0.469842 0.000000 -0.003570 0.982952 -0.183827 10.036000 -0.478571 0.159730 0.863398 2.683300 0.000000 0.000000 0.000000 1.000000
0.845193 0.113051 0.522369 0.000000 -0.000517 0.977546 -0.210723 10.036000 -0.534461 0.177832 0.826273 2.683300 0.000000 0.000000 0.000000 1.000000
0.816836 0.131584 0.561662 0.000000 0.009335 0.970495 -0.240939 10.036000 -0.576794 0.202050 0.791508 2.683300 0.000000 0.000000 0.000000 1.000000
0.796178 0.143784 0.587730 0.000000 0.023088 0.963428 -0.266972 10.036000 -0.604621 0.226126 0.763741 2.683300 0.000000 0.000000 0.000000 1.000000
0.788382 0.147731 0.597185 0.000000 0.038553 0.956966 -0.287628 10.036000 -0.613977 0.249784 0.748759 2.683300 0.000000 0.000000 0.000000 1.000000
0.786432 0.149028 0.599429 0.000000 0.051764 0.951142 -0.304382 10.036000 -0.615504 0.270405 0.740294 2.683300 0.000000 0.000000 0.000000 1.000000
0.785860 0.150771 0.599744 0.000000 0.062041 0.945709 -0.319037 10.036000 -0.615285 0.287927 0.733841 2.683300 0.000000 0.000000 0.000000 1.000000
0.786174 0.152311 0.598942 0.000000 0.068842 0.941539 -0.329796 10.036000 -0.614159 0.300510 0.729728 2.683300 0.000000 0.000000 0.000000 1.000000
0.787442 0.152262 0.597287 0.000000 0.073580 0.938861 -0.336341 10.036000 -0.611981 0.308798 0.728095 2.683300 0.000000 0.000000 0.000000 1.000000
0.788937 0.149928 0.595902 0.000000 0.078701 0.937135 -0.339978 10.036000 -0.609413 0.315119 0.727541 2.683300 0.000000 0.000000 0.000000 1.000000
0.792551 0.143553 0.592668 -0.000000 0.081574 0.938204 -0.336332 10.036000 -0.604325 0.314906 0.731864 2.683300 0.000000 0.000000 0.000000 1.000000
0.798181 0.131645 0.587857 0.000000 0.084472 0.941731 -0.325587 10.036000 -0.596466 0.309535 0.740552 2.683300 0.000000 0.000000 0.000000 1.000000
0.803982 0.121206 0.582170 0.000000 0.080877 0.947622 -0.308984 10.036000 -0.589128 0.295502 0.752068 2.683300 0.000000 0.000000 0.000000 1.000000
0.808771 0.111611 0.577436 0.000000 0.073497 0.954950 -0.287521 10.036000 -0.583513 0.274979 0.764133 2.683300 0.000000 0.000000 0.000000 1.000000
0.812654 0.100807 0.573962 0.000000 0.066031 0.962652 -0.262567 10.036000 -0.578994 0.251275 0.775646 2.683300 0.000000 0.000000 0.000000 1.000000
0.818033 0.085487 0.568783 0.000000 0.059057 0.971183 -0.230903 10.036000 -0.572132 0.222477 0.789411 2.683300 0.000000 0.000000 0.000000 1.000000
0.825643 0.068183 0.560057 0.000000 0.052328 0.979138 -0.196345 10.036000 -0.561760 0.191418 0.804851 2.683300 0.000000 0.000000 0.000000 1.000000
0.836297 0.054146 0.545597 0.000000 0.040000 0.986434 -0.159208 10.036000 -0.546816 0.154969 0.822786 2.683300 0.000000 0.000000 0.000000 1.000000
0.852173 0.049314 0.520931 0.000000 0.015475 0.992739 -0.119292 10.036000 -0.523031 0.109719 0.845222 2.683300 0.000000 0.000000 0.000000 1.000000
0.871553 0.047848 0.487961 0.000000 -0.013926 0.997241 -0.072912 10.036000 -0.490104 0.056752 0.869815 2.683300 0.000000 0.000000 0.000000 1.000000
0.891802 0.051112 0.449530 0.000000 -0.045609 0.998693 -0.023071 10.036000 -0.450121 0.000072 0.892967 2.683300 0.000000 0.000000 0.000000 1.000000
0.915303 0.057003 0.398712 0.000000 -0.075360 0.996690 0.030505 10.036000 -0.395653 -0.057968 0.916569 2.683300 0.000000 0.000000 0.000000 1.000000
0.939588 0.065187 0.336043 -0.000000 -0.100539 0.990955 0.088882 10.036000 -0.327210 -0.117298 0.937643 2.683300 0.000000 0.000000 0.000000 1.000000
0.962091 0.078993 0.261037 0.000000 -0.120034 0.982092 0.145211 10.036000 -0.244891 -0.171040 0.954345 2.683300 0.000000 0.000000 0.000000 1.000000
0.979873 0.096735 0.174617 -0.000000 -0.131749 0.970558 0.201642 10.036000 -0.149970 -0.220589 0.963768 2.683300 0.000000 0.000000 0.000000 1.000000
0.990909 0.108214 0.079930 0.000000 -0.124844 0.961042 0.246601 10.036000 -0.050131 -0.254338 0.965815 2.683300 0.000000 0.000000 0.000000 1.000000
0.993565 0.112449 -0.013572 0.000000 -0.104276 0.954907 0.277992 10.036000 0.044220 -0.274788 0.960488 2.683300 0.000000 0.000000 0.000000 1.000000
0.987349 0.114312 -0.109882 0.000000 -0.076292 0.950002 0.302780 10.036000 0.139000 -0.290566 0.946705 2.683300 0.000000 0.000000 0.000000 1.000000
0.971425 0.114647 -0.207820 0.000000 -0.046758 0.950881 0.306004 10.036000 0.232695 -0.287543 0.929071 2.683300 0.000000 0.000000 0.000000 1.000000
0.945627 0.116923 -0.303512 0.000000 -0.024421 0.956042 0.292212 10.036000 0.324336 -0.268912 0.906914 2.683300 0.000000 0.000000 0.000000 1.000000
0.912726 0.097842 -0.396684 0.000000 0.009976 0.965276 0.261041 10.036000 0.408450 -0.242216 0.880057 2.683300 0.000000 0.000000 0.000000 1.000000
0.873611 0.058143 -0.483139 0.000000 0.062626 0.971147 0.230111 10.036000 0.482578 -0.231285 0.844764 2.683300 0.000000 0.000000 0.000000 1.000000
0.823778 0.016595 -0.566670 0.000000 0.117541 0.972851 0.199361 10.036000 0.554594 -0.230836 0.799463 2.683300 0.000000 0.000000 0.000000 1.000000
0.774521 -0.019021 -0.632262 0.000000 0.172772 0.967901 0.182528 10.036000 0.608495 -0.250609 0.752947 2.683300 0.000000 0.000000 0.000000 1.000000
0.745190 -0.040886 -0.665597 0.000000 0.217743 0.958329 0.184912 10.036000 0.630301 -0.282724 0.723040 2.683300 0.000000 0.000000 0.000000 1.000000
0.740656 -0.034837 -0.670981 -0.000000 0.246345 0.943189 0.222956 10.036000 0.625095 -0.330426 0.707160 2.683300 0.000000 0.000000 0.000000 1.000000
0.764489 -0.020075 -0.644324 -0.000000 0.260930 0.923611 0.280816 10.036000 0.589468 -0.382805 0.711329 2.683300 0.000000 0.000000 0.000000 1.000000
0.803808 -0.008856 -0.594823 0.000000 0.262342 0.902687 0.341074 10.036000 0.533919 -0.430206 0.727911 2.683300 0.000000 0.000000 0.000000 1.000000
0.845171 -0.011624 -0.534369 0.000000 0.257896 0.884555 0.388653 10.036000 0.468162 -0.466291 0.750598 2.683300 0.000000 0.000000 0.000000 1.000000
0.888355 -0.028366 -0.458281 0.000000 0.232347 0.888641 0.395390 10.036000 0.396032 -0.457726 0.796019 2.683300 0.000000 0.000000 0.000000 1.000000
0.935775 -0.032630 -0.351084 0.000000 0.159884 0.926727 0.340021 10.036000 0.314264 -0.374316 0.872425 2.683300 0.000000 0.000000 0.000000 1.000000
0.975130 0.002794 -0.221618 0.000000 0.051219 0.970013 0.237595 10.036000 0.215636 -0.243037 0.945745 2.683300 0.000000 0.000000 0.000000 1.000000
0.995189 0.037814 -0.090380 0.000000 -0.030445 0.996203 0.081559 10.036000 0.093121 -0.078415 0.992562 2.683300 0.000000 0.000000 0.000000 1.000000
0.996672 0.080946 -0.009657 0.000000 -0.081085 0.996595 -0.014972 10.036000 0.008412 0.015705 0.999841 2.683300 0.000000 0.000000 0.000000 1.000000
0.991822 0.126310 0.018288 0.000000 -0.125239 0.990810 -0.051100 10.036000 -0.024574 0.048391 0.998526 2.683300 0.000000 0.000000 0.000000 1.000000
0.987411 0.143137 0.067315 0.000000 -0.139026 0.988330 -0.062262 10.036000 -0.075441 0.052119 0.995787 2.683300 0.000000 0.000000 0.000000 1.000000
0.984922 0.116712 0.127697 -0.000000 -0.110289 0.992305 -0.056285 10.036000 -0.133283 0.041353 0.990215 2.683300 0.000000 0.000000 0.000000 1.000000
0.983595 0.056596 0.171283 -0.000000 -0.050271 0.997892 -0.041046 10.036000 -0.173245 0.031762 0.984366 2.683300 0.000000 0.000000 0.000000 1.000000
0.979261 -0.002546 0.202588 0.000000 0.007619 0.999677 -0.024265 10.036000 -0.202461 0.025305 0.978963 2.683300 0.000000 0.000000 0.000000 1.000000
0.970432 -0.042092 0.237674 0.000000 0.044447 0.999001 -0.004553 10.036000 -0.237245 0.014983 0.971334 2.683300 0.000000 0.000000 0.000000 1.000000
0.957947 -0.069239 0.278468 0.000000 0.065419 0.997593 0.022999 10.036000 -0.279390 -0.003815 0.960170 2.683300 0.000000 0.000000 0.000000 1.000000
0.945870 -0.090536 0.311662 -0.000000 0.076546 0.995443 0.056861 10.036000 -0.315390 -0.029927 0.948490 2.683300 0.000000 0.000000 0.000000 1.000000
0.938582 -0.097884 0.330882 -0.000000 0.072136 0.993393 0.089251 10.036000 -0.337432 -0.059901 0.939442 2.683300 0.000000 0.000000 0.000000 1.000000
0.937488 -0.098011 0.333931 -0.000000 0.063086 0.991488 0.113897 10.036000 -0.342252 -0.085710 0.935691 2.683300 0.000000 0.000000 0.000000 1.000000
0.946113 -0.082472 0.313158 0.000000 0.047912 0.992033 0.116509 10.036000 -0.320272 -0.095227 0.942527 2.683300 0.000000 0.000000 0.000000 1.000000
0.959817 -0.054842 0.275215 -0.000000 0.025131 0.993576 0.110344 10.036000 -0.279498 -0.098993 0.955029 2.683300 0.000000 0.000000 0.000000 1.000000
0.971628 -0.018305 0.235804 0.000000 -0.005534 0.994968 0.100040 10.036000 -0.236448 -0.098507 0.966638 2.683300 0.000000 0.000000 0.000000 1.000000
0.982398 0.022622 0.185426 0.000000 -0.037978 0.996096 0.079683 10.036000 -0.182899 -0.085323 0.979422 2.683300 0.000000 0.000000 0.000000 1.000000
0.991247 0.066131 0.114264 0.000000 -0.073561 0.995356 0.062085 10.036000 -0.109627 -0.069947 0.991509 2.683300 0.000000 0.000000 0.000000 1.000000
0.994321 0.103442 0.025029 0.000000 -0.104674 0.993023 0.054303 10.036000 -0.019238 -0.056615 0.998211 2.683300 0.000000 0.000000 0.000000 1.000000
0.989137 0.139096 -0.047548 0.000000 -0.137502 0.989872 0.035311 10.036000 0.051978 -0.028389 0.998245 2.683300 0.000000 0.000000 0.000000 1.000000
0.982163 0.146211 -0.118228 -0.000000 -0.147545 0.989052 -0.002562 10.036000 0.116559 0.019960 0.992983 2.683300 0.000000 0.000000 0.000000 1.000000
0.974242 0.138351 -0.178075 0.000000 -0.148774 0.987777 -0.046509 10.036000 0.169464 0.071804 0.982917 2.683300 0.000000 0.000000 0.000000 1.000000
0.964480 0.126518 -0.231888 0.000000 -0.150437 0.984652 -0.088478 10.036000 0.217135 0.120219 0.968710 2.683300 0.000000 0.000000 0.000000 1.000000
0.952913 0.111666 -0.281936 0.000000 -0.152943 0.979797 -0.128866 10.036000 0.261850 0.165918 0.950740 2.683300 0.000000 0.000000 0.000000 1.000000
0.937244 0.085305 -0.338079 0.000000 -0.150610 0.973536 -0.171885 10.036000 0.314470 0.212016 0.925288 2.683300 0.000000 0.000000 0.000000 1.000000
0.915456 0.061219 -0.397734 0.000000 -0.156269 0.964877 -0.211168 10.036000 0.370837 0.255469 0.892869 2.683300 0.000000 0.000000 0.000000 1.000000
0.891865 0.034869 -0.450955 0.000000 -0.160419 0.956594 -0.243299 10.036000 0.422897 0.289332 0.858746 2.683300 0.000000 0.000000 0.000000 1.000000
0.868353 0.004950 -0.495922 0.000000 -0.152174 0.954374 -0.256930 10.036000 0.472023 0.298572 0.829487 2.683300 0.000000 0.000000 0.000000 1.000000
0.844116 -0.024113 -0.535618 -0.000000 -0.138525 0.955261 -0.261316 10.036000 0.517957 0.294778 0.803011 2.683300 0.000000 0.000000 0.000000 1.000000</float_array>
        <technique_common>
          <accessor source="#mixamorig_Head-Matrix-animation-output-transform-array" count="91" stride="16">
            <param type="float4x4"/>
          </accessor>
        </technique_common>
      </source>
      <source id="mixamorig_Head-Interpolations">
        <Name_array id="mixamorig_Head-Interpolations-array" count="91">
 LINEAR LINEAR LINEAR LINEAR LINEAR LINEAR LINEAR LINEAR LINEAR LINEAR LINEAR
LINEAR LINEAR LINEAR LINEAR LINEAR LINEAR LINEAR LINEAR LINEAR LINEAR LINEAR LINEAR
LINEAR LINEAR LINEAR LINEAR LINEAR LINEAR LINEAR LINEAR LINEAR LINEAR LINEAR LINEAR
LINEAR LINEAR LINEAR LINEAR LINEAR LINEAR LINEAR LINEAR LINEAR LINEAR LINEAR LINEAR
LINEAR LINEAR LINEAR LINEAR LINEAR LINEAR LINEAR LINEAR LINEAR LINEAR LINEAR LINEAR
LINEAR LINEAR LINEAR LINEAR LINEAR LINEAR LINEAR LINEAR LINEAR LINEAR LINEAR LINEAR
LINEAR LINEAR LINEAR LINEAR LINEAR LINEAR LINEAR LINEAR LINEAR LINEAR LINEAR LINEAR
LINEAR LINEAR LINEAR LINEAR LINEAR LINEAR LINEAR LINEAR</Name_array>
        <technique_common>
          <accessor source="#mixamorig_Head-Interpolations-array" count="91">
            <param type="name"/>
          </accessor>
        </technique_common>
      </source>
      <sampler id="mixamorig_Head-Matrix-animation-transform">
        <input semantic="INPUT" source="#mixamorig_Head-Matrix-animation-input"/>
        <input semantic="OUTPUT" source="#mixamorig_Head-Matrix-animation-output-transform"/>
        <input semantic="INTERPOLATION" source="#mixamorig_Head-Interpolations"/>
      </sampler>
      <channel source="#mixamorig_Head-Matrix-animation-transform" target="mixamorig_Head/matrix"/>
    </animation>
    <animation id="mixamorig_LeftShoulder-anim" name="mixamorig_LeftShoulder">
      <source id="mixamorig_LeftShoulder-Matrix-animation-input">
        <float_array id="mixamorig_LeftShoulder-Matrix-animation-input-array" count="91">

0.000000 0.033333 0.066667 0.100000 0.133333 0.166667 0.200000 0.233333 0.266667 0.300000 0.333333 0.366667 0.400000 0.433333 0.466667 0.500000
0.533333 0.566667 0.600000 0.633333 0.666667 0.700000 0.733333 0.766667 0.800000 0.833333 0.866667 0.900000 0.933333 0.966667 1.000000 1.033333
1.066667 1.100000 1.133333 1.166667 1.200000 1.233333 1.266667 1.300000 1.333333 1.366667 1.400000 1.433333 1.466667 1.500000 1.533333 1.566667
1.600000 1.633333 1.666667 1.700000 1.733333 1.766667 1.800000 1.833333 1.866667 1.900000 1.933333 1.966667 2.000000 2.033333 2.066667 2.100000
2.133333 2.166667 2.200000 2.233333 2.266667 2.300000 2.333333 2.366667 2.400000 2.433333 2.466667 2.500000 2.533333 2.566667 2.600000 2.633333
2.666667 2.700000 2.733333 2.766667 2.800000 2.833333 2.866667 2.900000 2.933333 2.966667 3.000000</float_array>
        <technique_common>
          <accessor source="#mixamorig_LeftShoulder-Matrix-animation-input-array" count="91">
            <param name="TIME" type="float"/>
          </accessor>
        </technique_common>
      </source>
      <source id="mixamorig_LeftShoulder-Matrix-animation-output-transform">
        <float_array id="mixamorig_LeftShoulder-Matrix-animation-output-transform-array" count="1456">

-0.257951 0.834141 -0.487513 6.172300 0.159645 -0.460855 -0.872999 17.857000 -0.952877 -0.303020 -0.014288 -2.624400 0.000000 0.000000 0.000000 1.000000
-0.275354 0.826840 -0.490425 6.172300 0.161263 -0.463190 -0.871464 17.857000 -0.947721 -0.319048 -0.005797 -2.624400 0.000000 0.000000 0.000000 1.000000
-0.293205 0.819163 -0.492953 6.172300 0.163118 -0.465191 -0.870052 17.857000 -0.942031 -0.335513 0.002776 -2.624400 0.000000 0.000000 0.000000 1.000000
-0.310936 0.811121 -0.495380 6.172300 0.165250 -0.467140 -0.868604 17.857000 -0.935955 -0.351942 0.011213 -2.624400 0.000000 0.000000 0.000000 1.000000
-0.327990 0.802746 -0.498017 6.172300 0.167717 -0.469324 -0.866952 17.857000 -0.929674 -0.367877 0.019300 -2.624400 0.000000 0.000000 0.000000 1.000000
-0.343928 0.794173 -0.501001 6.172300 0.170376 -0.471914 -0.865026 17.857000 -0.923410 -0.382865 0.026996 -2.624400 0.000000 0.000000 0.000000 1.000000
-0.358481 0.786017 -0.503655 6.172300 0.172876 -0.474286 -0.863230 17.857000 -0.917390 -0.396522 0.034139 -2.624400 0.000000 0.000000 0.000000 1.000000
-0.371127 0.778518 -0.506137 6.172300 0.175197 -0.476570 -0.861503 17.857000 -0.911905 -0.408400 0.040474 -2.624400 0.000000 0.000000 0.000000 1.000000
-0.380265 0.772149 -0.509102 6.172300 0.178126 -0.479005 -0.859550 17.857000 -0.907563 -0.417541 0.044609 -2.624400 0.000000 0.000000 0.000000 1.000000
-0.384894 0.767363 -0.512845 6.172300 0.181046 -0.482085 -0.857214 17.857000 -0.905030 -0.422785 0.046624 -2.624400 0.000000 0.000000 0.000000 1.000000
-0.385602 0.764010 -0.517300 6.172300 0.182769 -0.486300 -0.854463 17.857000 -0.904382 -0.424029 0.047881 -2.624400 0.000000 0.000000 0.000000 1.000000
-0.378900 0.763219 -0.523385 6.172300 0.184449 -0.491926 -0.850875 17.857000 -0.906870 -0.418934 0.045616 -2.624400 0.000000 0.000000 0.000000 1.000000
-0.365858 0.764222 -0.531143 6.172300 0.186211 -0.499059 -0.846325 17.857000 -0.911851 -0.408539 0.040278 -2.624400 0.000000 0.000000 0.000000 1.000000
-0.347229 0.766139 -0.540798 6.172300 0.189294 -0.507547 -0.840573 17.857000 -0.918477 -0.394242 0.031209 -2.624400 0.000000 0.000000 0.000000 1.000000
-0.322830 0.769631 -0.550862 6.172300 0.191570 -0.516843 -0.834371 17.857000 -0.926867 -0.374888 0.019415 -2.624400 0.000000 0.000000 0.000000 1.000000
-0.277542 0.792134 -0.543594 6.172300 0.180032 -0.512916 -0.839348 17.857000 -0.943694 -0.330819 -0.000254 -2.624400 0.000000 0.000000 0.000000 1.000000
-0.223015 0.819010 -0.528665 6.172300 0.169814 -0.501391 -0.848393 17.857000 -0.959910 -0.278979 -0.027262 -2.624400 0.000000 0.000000 0.000000 1.000000
-0.183557 0.839093 -0.512084 6.172300 0.169500 -0.486116 -0.857299 17.857000 -0.968285 -0.244162 -0.052996 -2.624400 0.000000 0.000000 0.000000 1.000000
-0.163300 0.852870 -0.495929 6.172300 0.165305 -0.471917 -0.866007 17.857000 -0.972629 -0.223398 -0.063919 -2.624400 0.000000 0.000000 0.000000 1.000000
-0.155338 0.863716 -0.479441 6.172300 0.156924 -0.457595 -0.875204 17.857000 -0.975318 -0.211188 -0.064456 -2.624400 0.000000 0.000000 0.000000 1.000000
-0.152954 0.872531 -0.463998 6.172300 0.149917 -0.443602 -0.883596 17.857000 -0.976796 -0.204711 -0.062957 -2.624400 0.000000 0.000000 0.000000 1.000000
-0.153850 0.879217 -0.450896 6.172300 0.144062 -0.431493 -0.890539 17.857000 -0.977536 -0.201966 -0.060277 -2.624400 0.000000 0.000000 0.000000 1.000000
-0.158540 0.883383 -0.441021 6.172300 0.139335 -0.422183 -0.895738 17.857000 -0.977472 -0.203461 -0.056154 -2.624400 0.000000 0.000000 0.000000 1.000000
-0.171662 0.884051 -0.434725 6.172300 0.137986 -0.415349 -0.899136 17.857000 -0.975444 -0.214334 -0.050687 -2.624400 0.000000 0.000000 0.000000 1.000000
-0.187057 0.882203 -0.432120 6.172300 0.138227 -0.411870 -0.900698 17.857000 -0.972575 -0.228213 -0.044901 -2.624400 0.000000 0.000000 0.000000 1.000000
-0.201077 0.876848 -0.436698 6.172300 0.140115 -0.415474 -0.898749 17.857000 -0.969503 -0.241906 -0.039318 -2.624400 0.000000 0.000000 0.000000 1.000000
-0.212235 0.870243 -0.444561 6.172300 0.142138 -0.422596 -0.895103 17.857000 -0.966826 -0.253161 -0.034005 -2.624400 0.000000 0.000000 0.000000 1.000000
-0.221270 0.863908 -0.452440 6.172300 0.144610 -0.429744 -0.891296 17.857000 -0.964431 -0.262644 -0.029840 -2.624400 0.000000 0.000000 0.000000 1.000000
-0.227653 0.858146 -0.460174 6.172300 0.147785 -0.436659 -0.887406 17.857000 -0.962462 -0.270027 -0.027414 -2.624400 0.000000 0.000000 0.000000 1.000000
-0.228203 0.854473 -0.466690 6.172300 0.150119 -0.442725 -0.884001 17.857000 -0.961971 -0.271791 -0.027242 -2.624400 0.000000 0.000000 0.000000 1.000000
-0.224249 0.853065 -0.471160 6.172300 0.151530 -0.447071 -0.881571 17.857000 -0.962679 -0.269086 -0.029009 -2.624400 0.000000 0.000000 0.000000 1.000000
-0.216670 0.854248 -0.472562 6.172300 0.151809 -0.448690 -0.880699 17.857000 -0.964369 -0.262561 -0.032465 -2.624400 0.000000 0.000000 0.000000 1.000000
-0.201468 0.859350 -0.470031 6.172300 0.149778 -0.447198 -0.881805 17.857000 -0.967976 -0.248055 -0.038616 -2.624400 0.000000 0.000000 0.000000 1.000000
-0.183551 0.865881 -0.465359 6.172300 0.147423 -0.443801 -0.883916 17.857000 -0.971893 -0.230848 -0.046191 -2.624400 0.000000 0.000000 0.000000 1.000000
-0.165556 0.872343 -0.460010 6.172300 0.144937 -0.439860 -0.886294 17.857000 -0.975492 -0.213403 -0.053613 -2.624400 0.000000 0.000000 0.000000 1.000000
-0.151762 0.878610 -0.452783 6.172300 0.141417 -0.434075 -0.889708 17.857000 -0.978248 -0.199055 -0.058374 -2.624400 0.000000 0.000000 0.000000 1.000000
-0.139925 0.885183 -0.443703 6.172300 0.137287 -0.426439 -0.894037 17.857000 -0.980599 -0.186012 -0.061854 -2.624400 0.000000 0.000000 0.000000 1.000000
-0.129138 0.892542 -0.432079 6.172300 0.133288 -0.416150 -0.899474 17.857000 -0.982628 -0.173747 -0.065224 -2.624400 0.000000 0.000000 0.000000 1.000000
-0.120050 0.901827 -0.415086 6.172300 0.128925 -0.400408 -0.907222 17.857000 -0.984361 -0.162427 -0.068199 -2.624400 0.000000 0.000000 0.000000 1.000000
-0.112180 0.911530 -0.395636 6.172300 0.124518 -0.382116 -0.915687 17.857000 -0.985855 -0.151986 -0.070636 -2.624400 0.000000 0.000000 0.000000 1.000000
-0.105227 0.920982 -0.375125 6.172300 0.120565 -0.362622 -0.924105 17.857000 -0.987113 -0.142468 -0.072881 -2.624400 0.000000 0.000000 0.000000 1.000000
-0.098957 0.929245 -0.355966 6.172300 0.117121 -0.344359 -0.931504 17.857000 -0.988175 -0.133870 -0.074757 -2.624400 0.000000 0.000000 0.000000 1.000000
-0.093185 0.935564 -0.340641 6.172300 0.114171 -0.329832 -0.937110 17.857000 -0.989081 -0.126216 -0.076079 -2.624400 0.000000 0.000000 0.000000 1.000000
-0.087758 0.939308 -0.331662 6.172300 0.111643 -0.321575 -0.940279 17.857000 -0.989866 -0.119545 -0.076646 -2.624400 0.000000 0.000000 0.000000 1.000000
-0.082673 0.938610 -0.334927 6.172300 0.112337 -0.325158 -0.938964 17.857000 -0.990225 -0.115252 -0.078559 -2.624400 0.000000 0.000000 0.000000 1.000000
-0.079436 0.932650 -0.351928 6.172300 0.115982 -0.341998 -0.932516 17.857000 -0.990070 -0.114892 -0.081004 -2.624400 0.000000 0.000000 0.000000 1.000000
-0.080107 0.922141 -0.378470 6.172300 0.121700 -0.367801 -0.921906 17.857000 -0.989329 -0.119911 -0.082761 -2.624400 0.000000 0.000000 0.000000 1.000000
-0.091146 0.910469 -0.403408 6.172300 0.127772 -0.391054 -0.911455 17.857000 -0.987607 -0.134620 -0.080690 -2.624400 0.000000 0.000000 0.000000 1.000000
-0.109688 0.899630 -0.422651 6.172300 0.133073 -0.408097 -0.903188 17.857000 -0.985018 -0.155313 -0.074953 -2.624400 0.000000 0.000000 0.000000 1.000000
-0.131817 0.888628 -0.439278 6.172300 0.137070 -0.422548 -0.895916 17.857000 -0.981752 -0.178309 -0.066105 -2.624400 0.000000 0.000000 0.000000 1.000000
-0.155040 0.877309 -0.454194 6.172300 0.141879 -0.435214 -0.889078 17.857000 -0.977667 -0.202283 -0.056996 -2.624400 0.000000 0.000000 0.000000 1.000000
-0.177487 0.865453 -0.468497 6.172300 0.147740 -0.447228 -0.882133 17.857000 -0.972970 -0.225784 -0.048485 -2.624400 0.000000 0.000000 0.000000 1.000000
-0.197916 0.853303 -0.482392 6.172300 0.153725 -0.459018 -0.875026 17.857000 -0.968090 -0.247338 -0.040327 -2.624400 0.000000 0.000000 0.000000 1.000000
-0.214727 0.840900 -0.496769 6.172300 0.159637 -0.471575 -0.867256 17.857000 -0.963539 -0.265526 -0.032978 -2.624400 0.000000 0.000000 0.000000 1.000000
-0.226753 0.829157 -0.510962 6.172300 0.165108 -0.484309 -0.859177 17.857000 -0.959855 -0.279185 -0.027082 -2.624400 0.000000 0.000000 0.000000 1.000000
-0.234178 0.818573 -0.524500 6.172300 0.169863 -0.496752 -0.851108 17.857000 -0.957239 -0.288403 -0.022717 -2.624400 0.000000 0.000000 0.000000 1.000000
-0.238260 0.809380 -0.536783 6.172300 0.173792 -0.508247 -0.843494 17.857000 -0.955525 -0.294260 -0.019569 -2.624400 0.000000 0.000000 0.000000 1.000000
-0.239156 0.802396 -0.546778 6.172300 0.176446 -0.517829 -0.837090 17.857000 -0.954815 -0.296672 -0.017737 -2.624400 0.000000 0.000000 0.000000 1.000000
-0.237653 0.807975 -0.539163 6.172300 0.174574 -0.510500 -0.841970 17.857000 -0.955534 -0.294221 -0.019729 -2.624400 0.000000 0.000000 0.000000 1.000000
-0.228388 0.825822 -0.515614 6.172300 0.167582 -0.488360 -0.856400 17.857000 -0.959039 -0.281999 -0.026858 -2.624400 0.000000 0.000000 0.000000 1.000000
-0.174229 0.853848 -0.490497 6.172300 0.154434 -0.468258 -0.869991 17.857000 -0.972520 -0.227327 -0.050279 -2.624400 0.000000 0.000000 0.000000 1.000000
-0.115056 0.868370 -0.482386 6.172300 0.149890 -0.464874 -0.872597 17.857000 -0.981985 -0.172702 -0.076674 -2.624400 0.000000 0.000000 0.000000 1.000000
-0.062814 0.872858 -0.483914 6.172300 0.147340 -0.471448 -0.869498 17.857000 -0.987089 -0.125917 -0.098994 -2.624400 0.000000 0.000000 0.000000 1.000000
-0.017319 0.872608 -0.488114 6.172300 0.143168 -0.480992 -0.864957 17.857000 -0.989547 -0.084863 -0.116599 -2.624400 0.000000 0.000000 0.000000 1.000000
0.019464 0.869497 -0.493555 6.172300 0.140539 -0.491127 -0.859676 17.857000 -0.989884 -0.052631 -0.131757 -2.624400 0.000000 0.000000 0.000000 1.000000
0.044633 0.865404 -0.499083 6.172300 0.140690 -0.500047 -0.854493 17.857000 -0.989047 -0.032077 -0.144073 -2.624400 0.000000 0.000000 0.000000 1.000000
0.049515 0.861775 -0.504868 6.172300 0.148230 -0.506231 -0.849563 17.857000 -0.987713 -0.032770 -0.152807 -2.624400 0.000000 0.000000 0.000000 1.000000
0.030908 0.859678 -0.509901 6.172300 0.165299 -0.507517 -0.845638 17.857000 -0.985759 -0.058150 -0.157790 -2.624400 0.000000 0.000000 0.000000 1.000000
0.018426 0.862139 -0.506337 6.172300 0.177123 -0.501228 -0.846993 17.857000 -0.984016 -0.074077 -0.161941 -2.624400 0.000000 0.000000 0.000000 1.000000
0.033452 0.870717 -0.490645 6.172300 0.172744 -0.488569 -0.855254 17.857000 -0.984399 -0.056146 -0.166755 -2.624400 0.000000 0.000000 0.000000 1.000000
0.065401 0.882370 -0.465988 6.172300 0.158888 -0.470239 -0.868119 17.857000 -0.985128 -0.017264 -0.170952 -2.624400 0.000000 0.000000 0.000000 1.000000
0.101563 0.894144 -0.436110 6.172300 0.143002 -0.446945 -0.883057 17.857000 -0.984498 0.027321 -0.173257 -2.624400 0.000000 0.000000 0.000000 1.000000
0.133941 0.904893 -0.404016 6.172300 0.128140 -0.420082 -0.898394 17.857000 -0.982670 0.068561 -0.172219 -2.624400 0.000000 0.000000 0.000000 1.000000
0.153251 0.915374 -0.372297 6.172300 0.115944 -0.390801 -0.913144 17.857000 -0.981362 0.096774 -0.166023 -2.624400 0.000000 0.000000 0.000000 1.000000
0.154402 0.928568 -0.337524 6.172300 0.110944 -0.355755 -0.927971 17.857000 -0.981759 0.105834 -0.157948 -2.624400 0.000000 0.000000 0.000000 1.000000
0.145354 0.939399 -0.310485 6.172300 0.107396 -0.326945 -0.938921 17.857000 -0.983534 0.103131 -0.148410 -2.624400 0.000000 0.000000 0.000000 1.000000
0.133896 0.946315 -0.294210 6.172300 0.106085 -0.308865 -0.945171 17.857000 -0.985301 0.095343 -0.141745 -2.624400 0.000000 0.000000 0.000000 1.000000
0.115794 0.950224 -0.289249 6.172300 0.103245 -0.301145 -0.947973 17.857000 -0.987893 0.079906 -0.132977 -2.624400 0.000000 0.000000 0.000000 1.000000
0.093216 0.953004 -0.288259 6.172300 0.103022 -0.297198 -0.949242 17.857000 -0.990302 0.058788 -0.125884 -2.624400 0.000000 0.000000 0.000000 1.000000
0.075340 0.951154 -0.299383 6.172300 0.106014 -0.306175 -0.946054 17.857000 -0.991506 0.039537 -0.123903 -2.624400 0.000000 0.000000 0.000000 1.000000
0.062201 0.943329 -0.325979 6.172300 0.112017 -0.331146 -0.936907 17.857000 -0.991758 0.021762 -0.126267 -2.624400 0.000000 0.000000 0.000000 1.000000
0.044286 0.933307 -0.356339 6.172300 0.113490 -0.359080 -0.926381 17.857000 -0.992552 0.000585 -0.121823 -2.624400 0.000000 0.000000 0.000000 1.000000
0.014893 0.924321 -0.381325 6.172300 0.115064 -0.380418 -0.917629 17.857000 -0.993246 -0.030211 -0.112022 -2.624400 0.000000 0.000000 0.000000 1.000000
-0.035233 0.913816 -0.404597 6.172300 0.124510 -0.397680 -0.909037 17.857000 -0.991593 -0.082404 -0.099768 -2.624400 0.000000 0.000000 0.000000 1.000000
-0.080562 0.902065 -0.424016 6.172300 0.133402 -0.411813 -0.901451 17.857000 -0.987782 -0.129187 -0.087161 -2.624400 0.000000 0.000000 0.000000 1.000000
-0.111999 0.891320 -0.439323 6.172300 0.137559 -0.423942 -0.895182 17.857000 -0.984141 -0.160693 -0.075128 -2.624400 0.000000 0.000000 0.000000 1.000000
-0.143819 0.879920 -0.452832 6.172300 0.142209 -0.434463 -0.889392 17.857000 -0.979333 -0.192308 -0.062648 -2.624400 0.000000 0.000000 0.000000 1.000000
-0.175677 0.868374 -0.463749 6.172300 0.147217 -0.442605 -0.884550 17.857000 -0.973378 -0.223667 -0.050084 -2.624400 0.000000 0.000000 0.000000 1.000000
-0.206220 0.856810 -0.472600 6.172300 0.152064 -0.449052 -0.880471 17.857000 -0.966618 -0.253436 -0.037687 -2.624400 0.000000 0.000000 0.000000 1.000000
-0.234086 0.845334 -0.480223 6.172300 0.156319 -0.454794 -0.876771 17.857000 -0.959567 -0.280307 -0.025681 -2.624400 0.000000 0.000000 0.000000 1.000000
-0.257951 0.834141 -0.487513 6.172300 0.159645 -0.460855 -0.872999 17.857000 -0.952877 -0.303020 -0.014288 -2.624400 0.000000 0.000000 0.000000 1.000000</float_array>
        <technique_common>
          <accessor source="#mixamorig_LeftShoulder-Matrix-animation-output-transform-array" count="91" stride="16">
            <param type="float4x4"/>
          </accessor>
        </technique_common>
      </source>
      <source id="mixamorig_LeftShoulder-Interpolations">
        <Name_array id="mixamorig_LeftShoulder-Interpolations-array" count="91">
 LINEAR LINEAR LINEAR LINEAR LINEAR LINEAR LINEAR LINEAR LINEAR LINEAR LINEAR
LINEAR LINEAR LINEAR LINEAR LINEAR LINEAR LINEAR LINEAR LINEAR LINEAR LINEAR LINEAR
LINEAR LINEAR LINEAR LINEAR LINEAR LINEAR LINEAR LINEAR LINEAR LINEAR LINEAR LINEAR
LINEAR LINEAR LINEAR LINEAR LINEAR LINEAR LINEAR LINEAR LINEAR LINEAR LINEAR LINEAR
LINEAR LINEAR LINEAR LINEAR LINEAR LINEAR LINEAR LINEAR LINEAR LINEAR LINEAR LINEAR
LINEAR LINEAR LINEAR LINEAR LINEAR LINEAR LINEAR LINEAR LINEAR LINEAR LINEAR LINEAR
LINEAR LINEAR LINEAR LINEAR LINEAR LINEAR LINEAR LINEAR LINEAR LINEAR LINEAR LINEAR
LINEAR LINEAR LINEAR LINEAR LINEAR LINEAR LINEAR LINEAR</Name_array>
        <technique_common>
          <accessor source="#mixamorig_LeftShoulder-Interpolations-array" count="91">
            <param type="name"/>
          </accessor>
        </technique_common>
      </source>
      <sampler id="mixamorig_LeftShoulder-Matrix-animation-transform">
        <input semantic="INPUT" source="#mixamorig_LeftShoulder-Matrix-animation-input"/>
        <input semantic="OUTPUT" source="#mixamorig_LeftShoulder-Matrix-animation-output-transform"/>
        <input semantic="INTERPOLATION" source="#mixamorig_LeftShoulder-Interpolations"/>
      </sampler>
      <channel source="#mixamorig_LeftShoulder-Matrix-animation-transform" target="mixamorig_LeftShoulder/matrix"/>
    </animation>
    <animation id="mixamorig_LeftArm-anim" name="mixamorig_LeftArm">
      <source id="mixamorig_LeftArm-Matrix-animation-input">
        <float_array id="mixamorig_LeftArm-Matrix-animation-input-array" count="91">

0.000000 0.033333 0.066667 0.100000 0.133333 0.166667 0.200000 0.233333 0.266667 0.300000 0.333333 0.366667 0.400000 0.433333 0.466667 0.500000
0.533333 0.566667 0.600000 0.633333 0.666667 0.700000 0.733333 0.766667 0.800000 0.833333 0.866667 0.900000 0.933333 0.966667 1.000000 1.033333
1.066667 1.100000 1.133333 1.166667 1.200000 1.233333 1.266667 1.300000 1.333333 1.366667 1.400000 1.433333 1.466667 1.500000 1.533333 1.566667
1.600000 1.633333 1.666667 1.700000 1.733333 1.766667 1.800000 1.833333 1.866667 1.900000 1.933333 1.966667 2.000000 2.033333 2.066667 2.100000
2.133333 2.166667 2.200000 2.233333 2.266667 2.300000 2.333333 2.366667 2.400000 2.433333 2.466667 2.500000 2.533333 2.566667 2.600000 2.633333
2.666667 2.700000 2.733333 2.766667 2.800000 2.833333 2.866667 2.900000 2.933333 2.966667 3.000000</float_array>
        <technique_common>
          <accessor source="#mixamorig_LeftArm-Matrix-animation-input-array" count="91">
            <param name="TIME" type="float"/>
          </accessor>
        </technique_common>
      </source>
      <source id="mixamorig_LeftArm-Matrix-animation-output-transform">
        <float_array id="mixamorig_LeftArm-Matrix-animation-output-transform-array" count="1456">

0.950698 -0.279584 0.134187 0.000000 0.309386 0.825363 -0.472287 6.437300 0.021291 0.490518 0.871171 -0.000000 0.000000 0.000000 0.000000 1.000000
0.955622 -0.265494 0.127669 0.000000 0.294440 0.846695 -0.443184 6.437300 0.009566 0.461108 0.887293 -0.000000 0.000000 0.000000 0.000000 1.000000
0.961547 -0.254565 0.103075 -0.000000 0.273867 0.860580 -0.429416 6.437300 0.020610 0.441133 0.897205 0.000000 0.000000 0.000000 0.000000 1.000000
0.966484 -0.246108 0.073066 0.000000 0.253385 0.868701 -0.425623 6.437300 0.041277 0.429872 0.901946 -0.000000 0.000000 0.000000 0.000000 1.000000
0.969898 -0.238293 0.050142 0.000000 0.236378 0.871835 -0.428986 6.437300 0.058509 0.427926 0.901918 0.000000 0.000000 0.000000 0.000000 1.000000
0.971832 -0.231162 0.045889 0.000000 0.227460 0.869055 -0.439325 6.437300 0.061676 0.437388 0.897156 0.000000 0.000000 0.000000 0.000000 1.000000
0.974998 -0.218008 0.043024 0.000000 0.213471 0.865143 -0.453826 6.437300 0.061715 0.451664 0.890051 -0.000000 0.000000 0.000000 0.000000 1.000000
0.979289 -0.198962 0.037526 -0.000000 0.192654 0.858658 -0.474965 6.437300 0.062277 0.472357 0.879204 0.000000 0.000000 0.000000 0.000000 1.000000
0.984122 -0.173626 0.036849 0.000000 0.168792 0.851286 -0.496811 6.437300 0.054891 0.495142 0.867076 0.000000 0.000000 0.000000 0.000000 1.000000
0.989604 -0.140702 0.029767 0.000000 0.135646 0.844403 -0.518251 6.437300 0.047783 0.516901 0.854710 0.000000 0.000000 0.000000 0.000000 1.000000
0.994205 -0.103699 0.028325 0.000000 0.102292 0.831633 -0.545823 6.437300 0.033045 0.545557 0.837422 0.000000 0.000000 0.000000 0.000000 1.000000
0.996639 -0.068472 0.044962 0.000000 0.081855 0.811505 -0.578583 6.437300 0.003130 0.580319 0.814383 0.000000 0.000000 0.000000 0.000000 1.000000
0.996228 -0.047297 0.072747 0.000000 0.082024 0.786807 -0.611725 6.437300 -0.028305 0.615385 0.787719 0.000000 0.000000 0.000000 0.000000 1.000000
0.994032 -0.040393 0.101334 0.000000 0.096564 0.757967 -0.645105 6.437300 -0.050750 0.651041 0.757344 -0.000000 0.000000 0.000000 0.000000 1.000000
0.989651 -0.057162 0.131619 0.000000 0.131001 0.734258 -0.666111 6.437300 -0.058566 0.676460 0.734147 0.000000 0.000000 0.000000 0.000000 1.000000
0.978283 -0.089983 0.186722 0.000000 0.193544 0.718976 -0.667544 6.437300 -0.074180 0.689186 0.720777 0.000000 0.000000 0.000000 0.000000 1.000000
0.955884 -0.141579 0.257375 0.000000 0.279167 0.710451 -0.646007 6.437300 -0.091392 0.689358 0.718633 0.000000 0.000000 0.000000 0.000000 1.000000
0.929632 -0.217658 0.297337 0.000000 0.359726 0.710979 -0.604240 6.437300 -0.079882 0.668681 0.739246 0.000000 0.000000 0.000000 0.000000 1.000000
0.916873 -0.284913 0.279588 0.000000 0.397129 0.721961 -0.566623 6.437300 -0.040413 0.630554 0.775093 -0.000000 0.000000 0.000000 0.000000 1.000000
0.919143 -0.326285 0.220714 0.000000 0.393747 0.744171 -0.539605 6.437300 0.011816 0.582879 0.812473 -0.000000 0.000000 0.000000 0.000000 1.000000
0.921835 -0.352843 0.160383 0.000000 0.383756 0.772917 -0.505303 6.437300 0.054330 0.527353 0.847907 0.000000 0.000000 0.000000 0.000000 1.000000
0.923300 -0.367866 0.110412 0.000000 0.375642 0.804979 -0.459241 6.437300 0.080060 0.465493 0.881423 0.000000 0.000000 0.000000 0.000000 1.000000
0.923516 -0.376729 0.072066 0.000000 0.372051 0.834175 -0.407099 6.437300 0.093250 0.402775 0.910537 -0.000000 0.000000 0.000000 0.000000 1.000000
0.918698 -0.393436 0.034677 0.000000 0.378648 0.852379 -0.360660 6.437300 0.112339 0.344468 0.932052 0.000000 0.000000 0.000000 0.000000 1.000000
0.901860 -0.431066 -0.028825 -0.000000 0.397541 0.854139 -0.335273 6.437300 0.169145 0.290910 0.941680 0.000000 0.000000 0.000000 0.000000 1.000000
0.866398 -0.491190 -0.089929 0.000000 0.440499 0.836607 -0.325651 6.437300 0.235192 0.242530 0.941204 0.000000 0.000000 0.000000 0.000000 1.000000
0.819349 -0.555428 -0.142012 0.000000 0.485669 0.804102 -0.342850 6.437300 0.304621 0.211943 0.928594 0.000000 0.000000 0.000000 0.000000 1.000000
0.767339 -0.615891 -0.178518 0.000000 0.520810 0.761001 -0.386827 6.437300 0.374096 0.203854 0.904708 0.000000 0.000000 0.000000 0.000000 1.000000
0.721513 -0.664713 -0.193845 0.000000 0.540545 0.715703 -0.442245 6.437300 0.432701 0.214303 0.875696 0.000000 0.000000 0.000000 0.000000 1.000000
0.682238 -0.706595 -0.187817 0.000000 0.553001 0.666746 -0.499640 6.437300 0.478269 0.237011 0.845627 0.000000 0.000000 0.000000 0.000000 1.000000
0.653940 -0.741328 -0.150980 0.000000 0.571190 0.614651 -0.544009 6.437300 0.496090 0.269511 0.825384 0.000000 0.000000 0.000000 0.000000 1.000000
0.631143 -0.770083 -0.092899 -0.000000 0.598867 0.559894 -0.572606 6.437300 0.492968 0.305762 0.814551 0.000000 0.000000 0.000000 0.000000 1.000000
0.612916 -0.789791 -0.023748 0.000000 0.627153 0.504544 -0.593392 6.437300 0.480638 0.348806 0.804563 0.000000 0.000000 0.000000 0.000000 1.000000
0.594480 -0.802318 0.053672 0.000000 0.657487 0.446570 -0.606866 6.437300 0.462931 0.396058 0.792990 0.000000 0.000000 0.000000 0.000000 1.000000
0.571800 -0.808746 0.137750 0.000000 0.695651 0.388969 -0.603964 6.437300 0.434873 0.441172 0.785018 0.000000 0.000000 0.000000 0.000000 1.000000
0.539080 -0.809060 0.234124 0.000000 0.745613 0.329133 -0.579424 6.437300 0.391731 0.486922 0.780675 0.000000 0.000000 0.000000 0.000000 1.000000
0.493487 -0.802876 0.334457 0.000000 0.800162 0.268371 -0.536393 6.437300 0.340898 0.532323 0.774869 0.000000 0.000000 0.000000 0.000000 1.000000
0.435422 -0.789250 0.433005 0.000000 0.853281 0.208538 -0.477937 6.437300 0.286913 0.577579 0.764254 0.000000 0.000000 0.000000 0.000000 1.000000
0.365149 -0.769043 0.524633 0.000000 0.899781 0.146942 -0.410856 6.437300 0.238875 0.622078 0.745625 0.000000 0.000000 0.000000 0.000000 1.000000
0.284493 -0.743431 0.605288 0.000000 0.937374 0.083349 -0.338206 6.437300 0.200983 0.663598 0.720585 0.000000 0.000000 0.000000 0.000000 1.000000
0.207730 -0.710500 0.672338 0.000000 0.963474 0.029853 -0.266134 6.437300 0.169017 0.703064 0.690749 -0.000000 0.000000 0.000000 0.000000 1.000000
0.176679 -0.677151 0.714319 -0.000000 0.972246 0.006981 -0.233857 6.437300 0.153370 0.735811 0.659590 0.000000 0.000000 0.000000 0.000000 1.000000
0.164455 -0.644838 0.746417 0.000000 0.976503 -0.000410 -0.215503 6.437300 0.139271 0.764319 0.629619 0.000000 0.000000 0.000000 0.000000 1.000000
0.163037 -0.617332 0.769623 0.000000 0.978955 0.004173 -0.204034 6.437300 0.122745 0.786692 0.605021 0.000000 0.000000 0.000000 0.000000 1.000000
0.174125 -0.596771 0.783291 0.000000 0.979216 0.020924 -0.201737 6.437300 0.104001 0.802139 0.588011 0.000000 0.000000 0.000000 0.000000 1.000000
0.230896 -0.599078 0.766676 0.000000 0.967554 0.058286 -0.245849 6.437300 0.102596 0.798566 0.593099 0.000000 0.000000 0.000000 0.000000 1.000000
0.307414 -0.610054 0.730295 0.000000 0.945297 0.107764 -0.307897 6.437300 0.109134 0.784997 0.609811 -0.000000 0.000000 0.000000 0.000000 1.000000
0.389553 -0.620721 0.680407 -0.000000 0.911481 0.153865 -0.381482 6.437300 0.132103 0.768785 0.625714 0.000000 0.000000 0.000000 0.000000 1.000000
0.476144 -0.630284 0.613213 -0.000000 0.861399 0.194051 -0.469400 6.437300 0.176861 0.751722 0.635322 0.000000 0.000000 0.000000 0.000000 1.000000
0.564249 -0.629838 0.533785 0.000000 0.793394 0.234830 -0.561587 6.437300 0.228360 0.740377 0.632213 -0.000000 0.000000 0.000000 0.000000 1.000000
0.631303 -0.627584 0.455626 0.000000 0.728226 0.277645 -0.626578 6.437300 0.266728 0.727359 0.632301 0.000000 0.000000 0.000000 0.000000 1.000000
0.670270 -0.628618 0.394433 -0.000000 0.688103 0.327375 -0.647565 6.437300 0.277944 0.705454 0.651983 0.000000 0.000000 0.000000 0.000000 1.000000
0.682007 -0.640452 0.353111 0.000000 0.679557 0.376498 -0.629644 6.437300 0.270311 0.669381 0.691998 0.000000 0.000000 0.000000 0.000000 1.000000
0.679470 -0.655088 0.330424 0.000000 0.689279 0.415606 -0.593437 6.437300 0.251427 0.630977 0.733930 0.000000 0.000000 0.000000 0.000000 1.000000
0.678896 -0.665032 0.311179 0.000000 0.698986 0.455652 -0.551181 6.437300 0.224763 0.591705 0.774188 -0.000000 0.000000 0.000000 0.000000 1.000000
0.695476 -0.662508 0.278202 0.000000 0.689620 0.506664 -0.517413 6.437300 0.201835 0.551702 0.809251 -0.000000 0.000000 0.000000 0.000000 1.000000
0.732156 -0.637781 0.239131 0.000000 0.656268 0.566520 -0.498365 6.437300 0.182375 0.521815 0.833336 -0.000000 0.000000 0.000000 0.000000 1.000000
0.791737 -0.578773 0.195380 0.000000 0.591286 0.645788 -0.483052 6.437300 0.153404 0.497976 0.853515 0.000000 0.000000 0.000000 0.000000 1.000000
0.861510 -0.483681 0.154442 0.000000 0.492498 0.722082 -0.485843 6.437300 0.123473 0.494621 0.860293 0.000000 0.000000 0.000000 0.000000 1.000000
0.921386 -0.367130 0.127524 -0.000000 0.380319 0.784157 -0.490362 6.437300 0.080028 0.500312 0.862139 0.000000 0.000000 0.000000 0.000000 1.000000
0.968828 -0.222682 0.108558 -0.000000 0.246443 0.821630 -0.513994 6.437300 0.025263 0.524726 0.850897 0.000000 0.000000 0.000000 0.000000 1.000000
0.981450 -0.168345 0.091737 0.000000 0.190777 0.810230 -0.554194 6.437300 0.018967 0.561415 0.827317 0.000000 0.000000 0.000000 0.000000 1.000000
0.986296 -0.131821 0.099209 0.000000 0.164982 0.789344 -0.591369 6.437300 -0.000355 0.599633 0.800275 0.000000 0.000000 0.000000 0.000000 1.000000
0.990528 -0.062511 0.122260 -0.000000 0.125909 0.768749 -0.627034 6.437300 -0.054791 0.636488 0.769338 0.000000 0.000000 0.000000 0.000000 1.000000
0.983979 -0.053574 0.170043 0.000000 0.153329 0.740955 -0.653816 6.437300 -0.090967 0.669414 0.737299 0.000000 0.000000 0.000000 0.000000 1.000000
0.967042 -0.096869 0.235470 -0.000000 0.232227 0.714767 -0.659680 6.437300 -0.104404 0.692621 0.713706 0.000000 0.000000 0.000000 0.000000 1.000000
0.950660 -0.176407 0.255199 0.000000 0.302717 0.707466 -0.638635 6.437300 -0.067885 0.684378 0.725960 -0.000000 0.000000 0.000000 0.000000 1.000000
0.926470 -0.308878 0.215054 0.000000 0.375472 0.719104 -0.584731 6.437300 0.025965 0.622483 0.782203 0.000000 0.000000 0.000000 0.000000 1.000000
0.891794 -0.434332 0.126724 -0.000000 0.427841 0.718447 -0.548440 6.437300 0.147161 0.543313 0.826532 0.000000 0.000000 0.000000 0.000000 1.000000
0.860196 -0.509159 0.028627 0.000000 0.441398 0.715254 -0.541830 6.437300 0.255401 0.478716 0.840001 0.000000 0.000000 0.000000 0.000000 1.000000
0.830957 -0.553167 -0.059298 -0.000000 0.443141 0.722557 -0.530600 6.437300 0.336357 0.414629 0.845545 0.000000 0.000000 0.000000 0.000000 1.000000
0.813172 -0.567591 -0.128809 0.000000 0.430513 0.735508 -0.523150 6.437300 0.391676 0.369957 0.842450 0.000000 0.000000 0.000000 0.000000 1.000000
0.787929 -0.580486 -0.205434 0.000000 0.435959 0.761500 -0.479644 6.437300 0.434865 0.288365 0.853076 0.000000 0.000000 0.000000 0.000000 1.000000
0.752012 -0.597135 -0.279121 0.000000 0.461528 0.779340 -0.423818 6.437300 0.470606 0.189894 0.861667 0.000000 0.000000 0.000000 0.000000 1.000000
0.712491 -0.621135 -0.326416 -0.000000 0.505727 0.777047 -0.374752 6.437300 0.486412 0.101930 0.867764 -0.000000 0.000000 0.000000 0.000000 1.000000
0.675323 -0.649536 -0.349346 0.000000 0.548678 0.758995 -0.350541 6.437300 0.492841 0.045050 0.868952 0.000000 0.000000 0.000000 0.000000 1.000000
0.644807 -0.672487 -0.363297 0.000000 0.567482 0.739610 -0.361858 6.437300 0.512043 0.027164 0.858530 -0.000000 0.000000 0.000000 0.000000 1.000000
0.628839 -0.683814 -0.370080 0.000000 0.558359 0.728384 -0.397105 6.437300 0.541106 0.043077 0.839850 0.000000 0.000000 0.000000 0.000000 1.000000
0.623479 -0.698884 -0.350477 0.000000 0.544527 0.709835 -0.446793 6.437300 0.561038 0.087722 0.823129 0.000000 0.000000 0.000000 0.000000 1.000000
0.625488 -0.723291 -0.292601 0.000000 0.546776 0.673868 -0.496929 6.437300 0.556598 0.150836 0.816974 0.000000 0.000000 0.000000 0.000000 1.000000
0.643354 -0.741775 -0.189381 0.000000 0.565558 0.627228 -0.535471 6.437300 0.515984 0.237392 0.823047 0.000000 0.000000 0.000000 0.000000 1.000000
0.678880 -0.731681 -0.061352 0.000000 0.580767 0.586220 -0.564851 6.437300 0.449257 0.347835 0.822909 0.000000 0.000000 0.000000 0.000000 1.000000
0.706235 -0.704395 0.071133 0.000000 0.606062 0.549576 -0.575026 6.437300 0.365952 0.449215 0.815037 0.000000 0.000000 0.000000 0.000000 1.000000
0.723744 -0.670626 0.162651 0.000000 0.623173 0.533931 -0.571466 6.437300 0.296396 0.514954 0.804346 0.000000 0.000000 0.000000 0.000000 1.000000
0.745158 -0.623885 0.235598 -0.000000 0.629675 0.541849 -0.556695 6.437300 0.219655 0.563176 0.796608 0.000000 0.000000 0.000000 0.000000 1.000000
0.776075 -0.565027 0.280093 0.000000 0.613020 0.571646 -0.545369 6.437300 0.148034 0.594949 0.790013 0.000000 0.000000 0.000000 0.000000 1.000000
0.808145 -0.505471 0.302327 0.000000 0.583025 0.613705 -0.532398 6.437300 0.083572 0.606519 0.790665 0.000000 0.000000 0.000000 0.000000 1.000000
0.841610 -0.448885 0.300324 -0.000000 0.538979 0.662483 -0.520211 6.437300 0.034555 0.599683 0.799491 0.000000 0.000000 0.000000 0.000000 1.000000
0.878180 -0.392487 0.273413 -0.000000 0.478324 0.717539 -0.506304 6.437300 0.002534 0.575406 0.817864 0.000000 0.000000 0.000000 0.000000 1.000000
0.915112 -0.339888 0.216900 0.000000 0.403199 0.771740 -0.491781 6.437300 -0.000240 0.537488 0.843271 0.000000 0.000000 0.000000 0.000000 1.000000
0.950698 -0.279584 0.134187 0.000000 0.309386 0.825364 -0.472287 6.437300 0.021291 0.490518 0.871171 0.000000 0.000000 0.000000 0.000000 1.000000</float_array>
        <technique_common>
          <accessor source="#mixamorig_LeftArm-Matrix-animation-output-transform-array" count="91" stride="16">
            <param type="float4x4"/>
          </accessor>
        </technique_common>
      </source>
      <source id="mixamorig_LeftArm-Interpolations">
        <Name_array id="mixamorig_LeftArm-Interpolations-array" count="91">
 LINEAR LINEAR LINEAR LINEAR LINEAR LINEAR LINEAR LINEAR LINEAR LINEAR LINEAR
LINEAR LINEAR LINEAR LINEAR LINEAR LINEAR LINEAR LINEAR LINEAR LINEAR LINEAR LINEAR
LINEAR LINEAR LINEAR LINEAR LINEAR LINEAR LINEAR LINEAR LINEAR LINEAR LINEAR LINEAR
LINEAR LINEAR LINEAR LINEAR LINEAR LINEAR LINEAR LINEAR LINEAR LINEAR LINEAR LINEAR
LINEAR LINEAR LINEAR LINEAR LINEAR LINEAR LINEAR LINEAR LINEAR LINEAR LINEAR LINEAR
LINEAR LINEAR LINEAR LINEAR LINEAR LINEAR LINEAR LINEAR LINEAR LINEAR LINEAR LINEAR
LINEAR LINEAR LINEAR LINEAR LINEAR LINEAR LINEAR LINEAR LINEAR LINEAR LINEAR LINEAR
LINEAR LINEAR LINEAR LINEAR LINEAR LINEAR LINEAR LINEAR</Name_array>
        <technique_common>
          <accessor source="#mixamorig_LeftArm-Interpolations-array" count="91">
            <param type="name"/>
          </accessor>
        </technique_common>
      </source>
      <sampler id="mixamorig_LeftArm-Matrix-animation-transform">
        <input semantic="INPUT" source="#mixamorig_LeftArm-Matrix-animation-input"/>
        <input semantic="OUTPUT" source="#mixamorig_LeftArm-Matrix-animation-output-transform"/>
        <input semantic="INTERPOLATION" source="#mixamorig_LeftArm-Interpolations"/>
      </sampler>
      <channel source="#mixamorig_LeftArm-Matrix-animation-transform" target="mixamorig_LeftArm/matrix"/>
    </animation>
    <animation id="mixamorig_LeftForeArm-anim" name="mixamorig_LeftForeArm">
      <source id="mixamorig_LeftForeArm-Matrix-animation-input">
        <float_array id="mixamorig_LeftForeArm-Matrix-animation-input-array" count="91">

0.000000 0.033333 0.066667 0.100000 0.133333 0.166667 0.200000 0.233333 0.266667 0.300000 0.333333 0.366667 0.400000 0.433333 0.466667 0.500000
0.533333 0.566667 0.600000 0.633333 0.666667 0.700000 0.733333 0.766667 0.800000 0.833333 0.866667 0.900000 0.933333 0.966667 1.000000 1.033333
1.066667 1.100000 1.133333 1.166667 1.200000 1.233333 1.266667 1.300000 1.333333 1.366667 1.400000 1.433333 1.466667 1.500000 1.533333 1.566667
1.600000 1.633333 1.666667 1.700000 1.733333 1.766667 1.800000 1.833333 1.866667 1.900000 1.933333 1.966667 2.000000 2.033333 2.066667 2.100000
2.133333 2.166667 2.200000 2.233333 2.266667 2.300000 2.333333 2.366667 2.400000 2.433333 2.466667 2.500000 2.533333 2.566667 2.600000 2.633333
2.666667 2.700000 2.733333 2.766667 2.800000 2.833333 2.866667 2.900000 2.933333 2.966667 3.000000</float_array>
        <technique_common>
          <accessor source="#mixamorig_LeftForeArm-Matrix-animation-input-array" count="91">
            <param name="TIME" type="float"/>
          </accessor>
        </technique_common>
      </source>
      <source id="mixamorig_LeftForeArm-Matrix-animation-output-transform">
        <float_array id="mixamorig_LeftForeArm-Matrix-animation-output-transform-array" count="1456">

0.994081 -0.108645 0.000000 -0.000000 0.108645 0.994081 0.000000 27.263700 -0.000000 -0.000000 1.000000 -0.000000 0.000000 0.000000 0.000000 1.000000
0.990617 -0.136666 -0.000000 -0.000000 0.136666 0.990617 -0.000000 27.263700 0.000000 0.000000 1.000000 0.000000 0.000000 0.000000 0.000000 1.000000
0.987638 -0.156752 -0.000000 -0.000000 0.156752 0.987638 0.000000 27.263700 0.000000 -0.000000 1.000000 0.000000 0.000000 0.000000 0.000000 1.000000
0.985529 -0.169504 -0.000000 0.000000 0.169504 0.985529 -0.000000 27.263700 0.000000 0.000000 1.000000 -0.000000 0.000000 0.000000 0.000000 1.000000
0.984649 -0.174544 -0.000000 0.000000 0.174544 0.984649 -0.000000 27.263700 0.000000 0.000000 1.000000 -0.000000 0.000000 0.000000 0.000000 1.000000
0.985790 -0.167983 -0.000000 0.000000 0.167983 0.985790 -0.000000 27.263700 0.000000 0.000000 1.000000 0.000000 0.000000 0.000000 0.000000 1.000000
0.988374 -0.152043 -0.000000 0.000000 0.152043 0.988374 0.000000 27.263700 0.000000 -0.000000 1.000000 -0.000000 0.000000 0.000000 0.000000 1.000000
0.991385 -0.130983 -0.000000 0.000000 0.130983 0.991385 -0.000000 27.263700 0.000000 0.000000 1.000000 0.000000 0.000000 0.000000 0.000000 1.000000
0.994178 -0.107754 0.000000 0.000000 0.107754 0.994178 0.000000 27.263700 -0.000000 -0.000000 1.000000 0.000000 0.000000 0.000000 0.000000 1.000000
0.997174 -0.075123 0.000000 -0.000000 0.075123 0.997174 -0.000000 27.263700 -0.000000 0.000000 1.000000 0.000000 0.000000 0.000000 0.000000 1.000000
0.998954 -0.045718 0.000000 -0.000000 0.045718 0.998954 -0.000000 27.263700 -0.000000 0.000000 1.000000 0.000000 0.000000 0.000000 0.000000 1.000000
0.999483 -0.032136 -0.000000 0.000000 0.032136 0.999483 0.000000 27.263700 0.000000 -0.000000 1.000000 -0.000000 0.000000 0.000000 0.000000 1.000000
0.999632 -0.027133 0.000000 -0.000000 0.027133 0.999632 -0.000000 27.263700 -0.000000 0.000000 1.000000 -0.000000 0.000000 0.000000 0.000000 1.000000
0.999708 -0.024177 0.000000 -0.000000 0.024177 0.999708 0.000000 27.263700 -0.000000 -0.000000 1.000000 0.000000 0.000000 0.000000 0.000000 1.000000
0.999512 -0.031248 -0.000000 0.000000 0.031248 0.999512 0.000000 27.263700 0.000000 -0.000000 1.000000 0.000000 0.000000 0.000000 0.000000 1.000000
0.998637 -0.052191 0.000000 -0.000000 0.052191 0.998637 0.000000 27.263700 -0.000000 -0.000000 1.000000 0.000000 0.000000 0.000000 0.000000 1.000000
0.997086 -0.076290 0.000000 0.000000 0.076290 0.997086 0.000000 27.263700 -0.000000 -0.000000 1.000000 0.000000 0.000000 0.000000 0.000000 1.000000
0.995591 -0.093796 0.000000 0.000000 0.093796 0.995591 0.000000 27.263700 -0.000000 -0.000000 1.000000 0.000000 0.000000 0.000000 0.000000 1.000000
0.995841 -0.091109 -0.000000 0.000000 0.091109 0.995841 0.000000 27.263700 0.000000 -0.000000 1.000000 0.000000 0.000000 0.000000 0.000000 1.000000
0.996989 -0.077547 -0.000000 0.000000 0.077547 0.996989 -0.000000 27.263700 0.000000 0.000000 1.000000 0.000000 0.000000 0.000000 0.000000 1.000000
0.997643 -0.068614 -0.000000 0.000000 0.068614 0.997643 -0.000000 27.263700 0.000000 0.000000 1.000000 -0.000000 0.000000 0.000000 0.000000 1.000000
0.997312 -0.073270 -0.000000 -0.000000 0.073270 0.997312 -0.000000 27.263700 0.000000 0.000000 1.000000 -0.000000 0.000000 0.000000 0.000000 1.000000
0.996243 -0.086598 0.000000 0.000000 0.086598 0.996243 0.000000 27.263700 -0.000000 -0.000000 1.000000 -0.000000 0.000000 0.000000 0.000000 1.000000
0.994610 -0.103683 -0.000000 0.000000 0.103683 0.994610 0.000000 27.263700 0.000000 -0.000000 1.000000 0.000000 0.000000 0.000000 0.000000 1.000000
0.992395 -0.123092 0.000000 -0.000000 0.123092 0.992395 -0.000000 27.263700 -0.000000 0.000000 1.000000 0.000000 0.000000 0.000000 0.000000 1.000000
0.989386 -0.145312 -0.000000 -0.000000 0.145312 0.989386 -0.000000 27.263700 0.000000 0.000000 1.000000 0.000000 0.000000 0.000000 0.000000 1.000000
0.985323 -0.170698 0.000000 0.000000 0.170698 0.985323 0.000000 27.263700 -0.000000 -0.000000 1.000000 0.000000 0.000000 0.000000 0.000000 1.000000
0.979467 -0.201603 -0.000000 0.000000 0.201603 0.979467 -0.000000 27.263700 0.000000 0.000000 1.000000 0.000000 0.000000 0.000000 0.000000 1.000000
0.969768 -0.244027 -0.000000 0.000000 0.244027 0.969768 0.000000 27.263700 0.000000 -0.000000 1.000000 0.000000 0.000000 0.000000 0.000000 1.000000
0.961294 -0.275525 -0.000000 0.000000 0.275525 0.961294 -0.000000 27.263700 0.000000 0.000000 1.000000 0.000000 0.000000 0.000000 0.000000 1.000000
0.954274 -0.298932 0.000000 0.000000 0.298932 0.954274 -0.000000 27.263700 -0.000000 0.000000 1.000000 0.000000 0.000000 0.000000 0.000000 1.000000
0.949137 -0.314864 -0.000000 -0.000000 0.314864 0.949137 0.000000 27.263700 0.000000 -0.000000 1.000000 0.000000 0.000000 0.000000 0.000000 1.000000
0.947195 -0.320657 -0.000000 0.000000 0.320657 0.947195 0.000000 27.263700 0.000000 -0.000000 1.000000 0.000000 0.000000 0.000000 0.000000 1.000000
0.948253 -0.317517 -0.000000 -0.000000 0.317517 0.948253 -0.000000 27.263700 0.000000 0.000000 1.000000 0.000000 0.000000 0.000000 0.000000 1.000000
0.951750 -0.306875 -0.000000 0.000000 0.306875 0.951750 -0.000000 27.263700 0.000000 0.000000 1.000000 -0.000000 0.000000 0.000000 0.000000 1.000000
0.955820 -0.293953 0.000000 -0.000000 0.293953 0.955820 0.000000 27.263700 -0.000000 -0.000000 1.000000 -0.000000 0.000000 0.000000 0.000000 1.000000
0.959221 -0.282656 -0.000000 -0.000000 0.282656 0.959221 -0.000000 27.263700 0.000000 0.000000 1.000000 0.000000 0.000000 0.000000 0.000000 1.000000
0.960972 -0.276647 -0.000000 0.000000 0.276647 0.960972 0.000000 27.263700 0.000000 -0.000000 1.000000 0.000000 0.000000 0.000000 0.000000 1.000000
0.960360 -0.278762 0.000000 0.000000 0.278762 0.960360 0.000000 27.263700 -0.000000 -0.000000 1.000000 0.000000 0.000000 0.000000 0.000000 1.000000
0.956989 -0.290125 -0.000000 0.000000 0.290125 0.956989 0.000000 27.263700 -0.000000 -0.000000 1.000000 -0.000000 0.000000 0.000000 0.000000 1.000000
0.952700 -0.303911 0.000000 0.000000 0.303911 0.952700 -0.000000 27.263700 -0.000000 0.000000 1.000000 0.000000 0.000000 0.000000 0.000000 1.000000
0.947616 -0.319412 -0.000000 0.000000 0.319412 0.947616 -0.000000 27.263700 0.000000 0.000000 1.000000 0.000000 0.000000 0.000000 0.000000 1.000000
0.941617 -0.336687 -0.000000 -0.000000 0.336687 0.941617 -0.000000 27.263700 0.000000 0.000000 1.000000 0.000000 0.000000 0.000000 0.000000 1.000000
0.934565 -0.355791 0.000000 0.000000 0.355791 0.934565 -0.000000 27.263700 -0.000000 0.000000 1.000000 0.000000 0.000000 0.000000 0.000000 1.000000
0.926308 -0.376766 0.000000 0.000000 0.376766 0.926308 0.000000 27.263700 -0.000000 -0.000000 1.000000 0.000000 0.000000 0.000000 0.000000 1.000000
0.916673 -0.399638 -0.000000 0.000000 0.399638 0.916673 -0.000000 27.263700 0.000000 0.000000 1.000000 0.000000 0.000000 0.000000 0.000000 1.000000
0.905467 -0.424417 0.000000 0.000000 0.424417 0.905467 -0.000000 27.263700 -0.000000 0.000000 1.000000 0.000000 0.000000 0.000000 0.000000 1.000000
0.892475 -0.451097 -0.000000 0.000000 0.451097 0.892475 0.000000 27.263700 0.000000 -0.000000 1.000000 0.000000 0.000000 0.000000 0.000000 1.000000
0.877464 -0.479643 -0.000000 0.000000 0.479643 0.877464 0.000000 27.263700 0.000000 -0.000000 1.000000 0.000000 0.000000 0.000000 0.000000 1.000000
0.859141 -0.511740 0.000000 -0.000000 0.511740 0.859141 0.000000 27.263700 -0.000000 -0.000000 1.000000 -0.000000 0.000000 0.000000 0.000000 1.000000
0.836404 -0.548113 0.000000 -0.000000 0.548113 0.836404 -0.000000 27.263700 -0.000000 0.000000 1.000000 0.000000 0.000000 0.000000 0.000000 1.000000
0.812167 -0.583425 -0.000000 0.000000 0.583425 0.812167 0.000000 27.263700 -0.000000 -0.000000 1.000000 0.000000 0.000000 0.000000 0.000000 1.000000
0.790584 -0.612354 -0.000000 0.000000 0.612354 0.790584 0.000000 27.263700 0.000000 -0.000000 1.000000 0.000000 0.000000 0.000000 0.000000 1.000000
0.776491 -0.630129 -0.000000 0.000000 0.630129 0.776491 -0.000000 27.263700 0.000000 -0.000000 1.000000 0.000000 0.000000 0.000000 0.000000 1.000000
0.774848 -0.632148 -0.000000 -0.000000 0.632148 0.774848 -0.000000 27.263700 0.000000 0.000000 1.000000 0.000000 0.000000 0.000000 0.000000 1.000000
0.790547 -0.612402 -0.000000 -0.000000 0.612402 0.790547 0.000000 27.263700 -0.000000 -0.000000 1.000000 0.000000 0.000000 0.000000 0.000000 1.000000
0.829926 -0.557873 0.000000 0.000000 0.557873 0.829926 0.000000 27.263700 -0.000000 -0.000000 1.000000 -0.000000 0.000000 0.000000 0.000000 1.000000
0.881679 -0.471850 0.000000 0.000000 0.471850 0.881679 0.000000 27.263700 -0.000000 -0.000000 1.000000 0.000000 0.000000 0.000000 0.000000 1.000000
0.928964 -0.370169 -0.000000 0.000000 0.370169 0.928964 -0.000000 27.263700 0.000000 0.000000 1.000000 -0.000000 0.000000 0.000000 0.000000 1.000000
0.961983 -0.273110 -0.000000 0.000000 0.273110 0.961983 -0.000000 27.263700 0.000000 0.000000 1.000000 -0.000000 0.000000 0.000000 0.000000 1.000000
0.979392 -0.201969 -0.000000 0.000000 0.201969 0.979392 0.000000 27.263700 0.000000 -0.000000 1.000000 0.000000 0.000000 0.000000 0.000000 1.000000
0.988290 -0.152585 -0.000000 0.000000 0.152585 0.988290 -0.000000 27.263700 0.000000 0.000000 1.000000 -0.000000 0.000000 0.000000 0.000000 1.000000
0.993478 -0.114026 -0.000000 -0.000000 0.114026 0.993478 -0.000000 27.263700 0.000000 0.000000 1.000000 0.000000 0.000000 0.000000 0.000000 1.000000
0.996295 -0.086006 -0.000000 0.000000 0.086006 0.996295 -0.000000 27.263700 0.000000 0.000000 1.000000 0.000000 0.000000 0.000000 0.000000 1.000000
0.997678 -0.068111 0.000000 0.000000 0.068111 0.997678 0.000000 27.263700 -0.000000 -0.000000 1.000000 0.000000 0.000000 0.000000 0.000000 1.000000
0.998207 -0.059859 -0.000000 0.000000 0.059859 0.998207 -0.000000 27.263700 0.000000 0.000000 1.000000 -0.000000 0.000000 0.000000 0.000000 1.000000
0.998135 -0.061049 -0.000000 -0.000000 0.061049 0.998135 0.000000 27.263700 0.000000 -0.000000 1.000000 0.000000 0.000000 0.000000 0.000000 1.000000
0.997118 -0.075869 -0.000000 -0.000000 0.075869 0.997118 0.000000 27.263700 0.000000 -0.000000 1.000000 0.000000 0.000000 0.000000 0.000000 1.000000
0.994476 -0.104966 0.000000 0.000000 0.104966 0.994476 0.000000 27.263700 -0.000000 -0.000000 1.000000 0.000000 0.000000 0.000000 0.000000 1.000000
0.989485 -0.144632 -0.000000 0.000000 0.144632 0.989485 0.000000 27.263700 0.000000 -0.000000 1.000000 0.000000 0.000000 0.000000 0.000000 1.000000
0.981569 -0.191107 -0.000000 0.000000 0.191107 0.981569 0.000000 27.263700 -0.000000 -0.000000 1.000000 -0.000000 0.000000 0.000000 0.000000 1.000000
0.968007 -0.250925 -0.000000 0.000000 0.250925 0.968007 -0.000000 27.263700 0.000000 0.000000 1.000000 0.000000 0.000000 0.000000 0.000000 1.000000
0.949568 -0.313561 0.000000 0.000000 0.313561 0.949568 -0.000000 27.263700 -0.000000 0.000000 1.000000 0.000000 0.000000 0.000000 0.000000 1.000000
0.936616 -0.350358 -0.000000 0.000000 0.350358 0.936616 -0.000000 27.263700 0.000000 -0.000000 1.000000 0.000000 0.000000 0.000000 0.000000 1.000000
0.922507 -0.385979 -0.000000 0.000000 0.385979 0.922507 0.000000 27.263700 0.000000 -0.000000 1.000000 0.000000 0.000000 0.000000 0.000000 1.000000
0.907438 -0.420186 -0.000000 0.000000 0.420186 0.907438 -0.000000 27.263700 0.000000 0.000000 1.000000 0.000000 0.000000 0.000000 0.000000 1.000000
0.875565 -0.483100 0.000000 0.000000 0.483100 0.875565 0.000000 27.263700 -0.000000 -0.000000 1.000000 0.000000 0.000000 0.000000 0.000000 1.000000
0.845648 -0.533740 0.000000 0.000000 0.533740 0.845648 0.000000 27.263700 -0.000000 0.000000 1.000000 0.000000 0.000000 0.000000 0.000000 1.000000
0.803657 -0.595093 -0.000000 0.000000 0.595093 0.803657 -0.000000 27.263700 0.000000 -0.000000 1.000000 0.000000 0.000000 0.000000 0.000000 1.000000
0.759475 -0.650537 -0.000000 0.000000 0.650537 0.759475 0.000000 27.263700 -0.000000 -0.000000 1.000000 0.000000 0.000000 0.000000 0.000000 1.000000
0.724987 -0.688763 -0.000000 0.000000 0.688763 0.724987 0.000000 27.263700 0.000000 -0.000000 1.000000 0.000000 0.000000 0.000000 0.000000 1.000000
0.714651 -0.699481 -0.000000 0.000000 0.699481 0.714651 0.000000 27.263700 0.000000 -0.000000 1.000000 0.000000 0.000000 0.000000 0.000000 1.000000
0.750920 -0.660393 -0.000000 -0.000000 0.660393 0.750920 0.000000 27.263700 0.000000 -0.000000 1.000000 -0.000000 0.000000 0.000000 0.000000 1.000000
0.832319 -0.554297 -0.000000 0.000000 0.554297 0.832319 -0.000000 27.263700 0.000000 0.000000 1.000000 0.000000 0.000000 0.000000 0.000000 1.000000
0.910826 -0.412790 -0.000000 0.000000 0.412790 0.910826 -0.000000 27.263700 0.000000 0.000000 1.000000 0.000000 0.000000 0.000000 0.000000 1.000000
0.956897 -0.290428 0.000000 0.000000 0.290428 0.956897 -0.000000 27.263700 -0.000000 0.000000 1.000000 0.000000 0.000000 0.000000 0.000000 1.000000
0.983334 -0.181810 0.000000 0.000000 0.181810 0.983334 0.000000 27.263700 -0.000000 -0.000000 1.000000 0.000000 0.000000 0.000000 0.000000 1.000000
0.994587 -0.103907 0.000000 -0.000000 0.103907 0.994587 -0.000000 27.263700 -0.000000 0.000000 1.000000 -0.000000 0.000000 0.000000 0.000000 1.000000
0.996061 -0.088675 0.000000 0.000000 0.088675 0.996061 -0.000000 27.263700 -0.000000 0.000000 1.000000 0.000000 0.000000 0.000000 0.000000 1.000000
0.995895 -0.090520 0.000000 0.000000 0.090520 0.995895 0.000000 27.263700 -0.000000 -0.000000 1.000000 0.000000 0.000000 0.000000 0.000000 1.000000
0.994081 -0.108645 0.000000 0.000000 0.108645 0.994081 0.000000 27.263700 -0.000000 -0.000000 1.000000 -0.000000 0.000000 0.000000 0.000000 1.000000</float_array>
        <technique_common>
          <accessor source="#mixamorig_LeftForeArm-Matrix-animation-output-transform-array" count="91" stride="16">
            <param type="float4x4"/>
          </accessor>
        </technique_common>
      </source>
      <source id="mixamorig_LeftForeArm-Interpolations">
        <Name_array id="mixamorig_LeftForeArm-Interpolations-array" count="91">
 LINEAR LINEAR LINEAR LINEAR LINEAR LINEAR LINEAR LINEAR LINEAR LINEAR LINEAR
LINEAR LINEAR LINEAR LINEAR LINEAR LINEAR LINEAR LINEAR LINEAR LINEAR LINEAR LINEAR
LINEAR LINEAR LINEAR LINEAR LINEAR LINEAR LINEAR LINEAR LINEAR LINEAR LINEAR LINEAR
LINEAR LINEAR LINEAR LINEAR LINEAR LINEAR LINEAR LINEAR LINEAR LINEAR LINEAR LINEAR
LINEAR LINEAR LINEAR LINEAR LINEAR LINEAR LINEAR LINEAR LINEAR LINEAR LINEAR LINEAR
LINEAR LINEAR LINEAR LINEAR LINEAR LINEAR LINEAR LINEAR LINEAR LINEAR LINEAR LINEAR
LINEAR LINEAR LINEAR LINEAR LINEAR LINEAR LINEAR LINEAR LINEAR LINEAR LINEAR LINEAR
LINEAR LINEAR LINEAR LINEAR LINEAR LINEAR LINEAR LINEAR</Name_array>
        <technique_common>
          <accessor source="#mixamorig_LeftForeArm-Interpolations-array" count="91">
            <param type="name"/>
          </accessor>
        </technique_common>
      </source>
      <sampler id="mixamorig_LeftForeArm-Matrix-animation-transform">
        <input semantic="INPUT" source="#mixamorig_LeftForeArm-Matrix-animation-input"/>
        <input semantic="OUTPUT" source="#mixamorig_LeftForeArm-Matrix-animation-output-transform"/>
        <input semantic="INTERPOLATION" source="#mixamorig_LeftForeArm-Interpolations"/>
      </sampler>
      <channel source="#mixamorig_LeftForeArm-Matrix-animation-transform" target="mixamorig_LeftForeArm/matrix"/>
    </animation>
    <animation id="mixamorig_LeftHand-anim" name="mixamorig_LeftHand">
      <source id="mixamorig_LeftHand-Matrix-animation-input">
        <float_array id="mixamorig_LeftHand-Matrix-animation-input-array" count="91">

0.000000 0.033333 0.066667 0.100000 0.133333 0.166667 0.200000 0.233333 0.266667 0.300000 0.333333 0.366667 0.400000 0.433333 0.466667 0.500000
0.533333 0.566667 0.600000 0.633333 0.666667 0.700000 0.733333 0.766667 0.800000 0.833333 0.866667 0.900000 0.933333 0.966667 1.000000 1.033333
1.066667 1.100000 1.133333 1.166667 1.200000 1.233333 1.266667 1.300000 1.333333 1.366667 1.400000 1.433333 1.466667 1.500000 1.533333 1.566667
1.600000 1.633333 1.666667 1.700000 1.733333 1.766667 1.800000 1.833333 1.866667 1.900000 1.933333 1.966667 2.000000 2.033333 2.066667 2.100000
2.133333 2.166667 2.200000 2.233333 2.266667 2.300000 2.333333 2.366667 2.400000 2.433333 2.466667 2.500000 2.533333 2.566667 2.600000 2.633333
2.666667 2.700000 2.733333 2.766667 2.800000 2.833333 2.866667 2.900000 2.933333 2.966667 3.000000</float_array>
        <technique_common>
          <accessor source="#mixamorig_LeftHand-Matrix-animation-input-array" count="91">
            <param name="TIME" type="float"/>
          </accessor>
        </technique_common>
      </source>
      <source id="mixamorig_LeftHand-Matrix-animation-output-transform">
        <float_array id="mixamorig_LeftHand-Matrix-animation-output-transform-array" count="1456">

0.911298 0.012528 0.411556 -0.000000 0.064314 0.982938 -0.172329 27.518200 -0.406693 0.183512 0.894944 0.000000 0.000000 0.000000 0.000000 1.000000
0.938499 -0.019966 0.344705 -0.000000 0.062032 0.991833 -0.111440 27.518200 -0.339665 0.125968 0.932073 -0.000000 0.000000 0.000000 0.000000 1.000000
0.957185 -0.045403 0.285894 0.000000 0.064302 0.996298 -0.057063 27.518200 -0.282245 0.073003 0.956561 -0.000000 0.000000 0.000000 0.000000 1.000000
0.962693 -0.055190 0.264906 0.000000 0.067893 0.996929 -0.039031 27.518200 -0.261939 0.055560 0.963484 0.000000 0.000000 0.000000 0.000000 1.000000
0.962820 -0.054558 0.264576 -0.000000 0.072318 0.995702 -0.057852 27.518200 -0.260283 0.074835 0.962628 0.000000 0.000000 0.000000 0.000000 1.000000
0.961007 -0.045125 0.272818 -0.000000 0.072708 0.993115 -0.091851 27.518200 -0.266795 0.108106 0.957671 0.000000 0.000000 0.000000 0.000000 1.000000
0.956778 -0.027397 0.289526 0.000000 0.068570 0.988736 -0.133039 27.518200 -0.282620 0.147141 0.947880 0.000000 0.000000 0.000000 0.000000 1.000000
0.949693 0.003465 0.313164 -0.000000 0.055701 0.982128 -0.179785 27.518200 -0.308190 0.188184 0.932526 -0.000000 0.000000 0.000000 0.000000 1.000000
0.938582 0.053269 0.340921 0.000000 0.028901 0.972404 -0.231505 27.518200 -0.343845 0.227140 0.911141 0.000000 0.000000 0.000000 0.000000 1.000000
0.921638 0.115314 0.370521 0.000000 -0.005726 0.958765 -0.284143 27.518200 -0.388008 0.259756 0.884295 0.000000 0.000000 0.000000 0.000000 1.000000
0.899448 0.175558 0.400215 0.000000 -0.042289 0.946432 -0.320121 27.518200 -0.434976 0.271008 0.858691 0.000000 0.000000 0.000000 0.000000 1.000000
0.875655 0.220010 0.429912 -0.000000 -0.073482 0.940535 -0.331655 27.518200 -0.477315 0.258824 0.839750 0.000000 0.000000 0.000000 0.000000 1.000000
0.855427 0.235936 0.461063 -0.000000 -0.081796 0.940585 -0.329559 27.518200 -0.511424 0.244200 0.823900 -0.000000 0.000000 0.000000 0.000000 1.000000
0.837589 0.235227 0.493065 0.000000 -0.070731 0.941650 -0.329079 27.518200 -0.541703 0.240758 0.805353 0.000000 0.000000 0.000000 0.000000 1.000000
0.819060 0.233887 0.523868 0.000000 -0.047642 0.937702 -0.344160 27.518200 -0.571726 0.256930 0.779177 0.000000 0.000000 0.000000 0.000000 1.000000
0.800599 0.230990 0.552888 -0.000000 -0.015141 0.930214 -0.366706 27.518200 -0.599010 0.285213 0.748225 0.000000 0.000000 0.000000 0.000000 1.000000
0.783098 0.225205 0.579690 0.000000 0.020170 0.922442 -0.385609 27.518200 -0.621571 0.313662 0.717820 0.000000 0.000000 0.000000 0.000000 1.000000
0.762930 0.215119 0.609640 0.000000 0.052720 0.919170 -0.390316 27.518200 -0.644328 0.329924 0.689922 0.000000 0.000000 0.000000 0.000000 1.000000
0.738162 0.199424 0.644474 0.000000 0.056535 0.933663 -0.353664 27.518200 -0.672250 0.297496 0.677920 0.000000 0.000000 0.000000 0.000000 1.000000
0.749938 0.176791 0.637447 0.000000 0.015265 0.958744 -0.283859 27.518200 -0.661332 0.222608 0.716300 0.000000 0.000000 0.000000 0.000000 1.000000
0.800200 0.148106 0.581159 0.000000 -0.042044 0.980497 -0.191984 27.518200 -0.598258 0.129192 0.790820 -0.000000 0.000000 0.000000 0.000000 1.000000
0.863396 0.115599 0.491106 0.000000 -0.081457 0.992566 -0.090430 27.518200 -0.497908 0.038073 0.866393 0.000000 0.000000 0.000000 0.000000 1.000000
0.919973 0.081402 0.383435 0.000000 -0.086274 0.996261 -0.004506 27.518200 -0.382368 -0.028936 0.923557 0.000000 0.000000 0.000000 0.000000 1.000000
0.954401 0.046351 0.294908 0.000000 -0.050597 0.998696 0.006777 27.518200 -0.294209 -0.021389 0.955502 0.000000 0.000000 0.000000 0.000000 1.000000
0.971709 0.011307 0.235909 -0.000000 -0.010065 0.999928 -0.006470 27.518200 -0.235965 0.003912 0.971754 0.000000 0.000000 0.000000 0.000000 1.000000
0.981808 -0.021067 0.188703 0.000000 0.021044 0.999776 0.002126 27.518200 -0.188706 0.001884 0.982032 0.000000 0.000000 0.000000 0.000000 1.000000
0.987741 -0.051244 0.147452 0.000000 0.047182 0.998408 0.030919 27.518200 -0.148801 -0.023583 0.988586 0.000000 0.000000 0.000000 0.000000 1.000000
0.990849 -0.081379 0.107686 0.000000 0.075058 0.995280 0.061509 27.518200 -0.112183 -0.052863 0.992280 0.000000 0.000000 0.000000 0.000000 1.000000
0.991657 -0.110455 0.066450 0.000000 0.104852 0.991052 0.082600 27.518200 -0.074979 -0.074943 0.994365 -0.000000 0.000000 0.000000 0.000000 1.000000
0.990099 -0.137574 0.027882 0.000000 0.134460 0.986543 0.093026 27.518200 -0.040305 -0.088356 0.995273 0.000000 0.000000 0.000000 0.000000 1.000000
0.986784 -0.162041 -0.000648 -0.000000 0.161384 0.982407 0.093981 27.518200 -0.014592 -0.092844 0.995574 0.000000 0.000000 0.000000 0.000000 1.000000
0.982867 -0.184203 0.006539 -0.000000 0.182961 0.979311 0.086456 27.518200 -0.022329 -0.083778 0.996234 0.000000 0.000000 0.000000 0.000000 1.000000
0.978761 -0.203018 0.028470 -0.000000 0.201536 0.978315 0.047777 27.518200 -0.037552 -0.041025 0.998452 0.000000 0.000000 0.000000 0.000000 1.000000
0.974354 -0.218665 0.053110 0.000000 0.219576 0.975523 -0.011894 27.518200 -0.049209 0.023251 0.998518 0.000000 0.000000 0.000000 0.000000 1.000000
0.969328 -0.232028 0.081034 0.000000 0.236422 0.970388 -0.049523 27.518200 -0.067144 0.067163 0.995480 0.000000 0.000000 0.000000 0.000000 1.000000
0.963063 -0.244009 0.113881 0.000000 0.252942 0.964813 -0.071799 27.518200 -0.092354 0.097952 0.990897 -0.000000 0.000000 0.000000 0.000000 1.000000
0.954078 -0.255603 0.156212 0.000000 0.269741 0.959859 -0.076884 27.518200 -0.130289 0.115490 0.984727 0.000000 0.000000 0.000000 0.000000 1.000000
0.933162 -0.268430 0.239068 0.000000 0.293672 0.952846 -0.076430 27.518200 -0.207279 0.141529 0.967990 0.000000 0.000000 0.000000 0.000000 1.000000
0.898163 -0.280655 0.338433 0.000000 0.328179 0.940196 -0.091266 27.518200 -0.292579 0.193038 0.936554 0.000000 0.000000 0.000000 0.000000 1.000000
0.860195 -0.290884 0.418868 0.000000 0.364601 0.925073 -0.106331 27.518200 -0.356554 0.244185 0.901800 0.000000 0.000000 0.000000 0.000000 1.000000
0.809640 -0.299583 0.504711 0.000000 0.392767 0.915550 -0.086617 27.518200 -0.436139 0.268363 0.858932 0.000000 0.000000 0.000000 0.000000 1.000000
0.764096 -0.306206 0.567799 0.000000 0.395913 0.917502 -0.037990 27.518200 -0.509324 0.253827 0.822290 0.000000 0.000000 0.000000 0.000000 1.000000
0.748728 -0.310718 0.585543 -0.000000 0.384179 0.923258 -0.001319 27.518200 -0.540197 0.225941 0.810640 0.000000 0.000000 0.000000 0.000000 1.000000
0.757878 -0.313194 0.572302 -0.000000 0.383425 0.923569 -0.002329 27.518200 -0.527831 0.221200 0.820040 0.000000 0.000000 0.000000 0.000000 1.000000
0.776448 -0.313845 0.546470 0.000000 0.393502 0.918786 -0.031433 27.518200 -0.492224 0.239443 0.836888 0.000000 0.000000 0.000000 0.000000 1.000000
0.794802 -0.313083 0.519874 0.000000 0.390474 0.919601 -0.043161 27.518200 -0.464564 0.237302 0.853152 0.000000 0.000000 0.000000 0.000000 1.000000
0.815342 -0.310938 0.488401 -0.000000 0.373115 0.927213 -0.032577 27.518200 -0.442722 0.208791 0.872011 0.000000 0.000000 0.000000 0.000000 1.000000
0.839174 -0.307487 0.448596 0.000000 0.353982 0.935010 -0.021287 27.518200 -0.412896 0.176658 0.893481 0.000000 0.000000 0.000000 0.000000 1.000000
0.866281 -0.302771 0.397349 0.000000 0.332185 0.943198 -0.005519 27.518200 -0.373108 0.136775 0.917651 0.000000 0.000000 0.000000 0.000000 1.000000
0.899233 -0.296498 0.321666 0.000000 0.305638 0.951871 0.022969 27.518200 -0.312995 0.077659 0.946574 -0.000000 0.000000 0.000000 0.000000 1.000000
0.930634 -0.288499 0.225142 0.000000 0.281051 0.957477 0.065183 27.518200 -0.234373 0.002615 0.972143 0.000000 0.000000 0.000000 0.000000 1.000000
0.954501 -0.278554 0.106469 0.000000 0.269074 0.958403 0.095196 27.518200 -0.128558 -0.062217 0.989748 -0.000000 0.000000 0.000000 0.000000 1.000000
0.962869 -0.269166 0.020800 0.000000 0.266539 0.960052 0.085186 27.518200 -0.042898 -0.076479 0.996148 0.000000 0.000000 0.000000 0.000000 1.000000
0.964750 -0.263137 0.003914 0.000000 0.262648 0.963677 0.048405 27.518200 -0.016510 -0.045671 0.998820 -0.000000 0.000000 0.000000 0.000000 1.000000
0.965150 -0.259495 0.033890 0.000000 0.259278 0.965743 0.010746 27.518200 -0.035517 -0.001584 0.999368 0.000000 0.000000 0.000000 0.000000 1.000000
0.965097 -0.255544 0.057311 0.000000 0.256338 0.966563 -0.006827 27.518200 -0.053650 0.021280 0.998333 0.000000 0.000000 0.000000 0.000000 1.000000
0.968804 -0.244902 0.037980 0.000000 0.245006 0.969520 0.001960 27.518200 -0.037303 0.007407 0.999277 -0.000000 0.000000 0.000000 0.000000 1.000000
0.973428 -0.228978 -0.002810 -0.000000 0.228995 0.973319 0.014557 27.518200 -0.000599 -0.014813 0.999890 0.000000 0.000000 0.000000 0.000000 1.000000
0.977341 -0.205417 -0.051067 0.000000 0.205842 0.978580 0.003155 27.518200 0.049325 -0.013596 0.998690 0.000000 0.000000 0.000000 0.000000 1.000000
0.980454 -0.170437 -0.098294 0.000000 0.165668 0.984655 -0.054854 27.518200 0.106135 0.037497 0.993644 0.000000 0.000000 0.000000 0.000000 1.000000
0.978852 -0.120973 -0.164965 -0.000000 0.100871 0.986985 -0.125246 27.518200 0.177970 0.105957 0.978315 -0.000000 0.000000 0.000000 0.000000 1.000000
0.992126 -0.053055 -0.113448 -0.000000 0.034286 0.986293 -0.161403 27.518200 0.120456 0.156243 0.980346 0.000000 0.000000 0.000000 0.000000 1.000000
0.989359 0.057572 0.133621 -0.000000 -0.036642 0.987373 -0.154119 27.518200 -0.140807 0.147583 0.978975 0.000000 0.000000 0.000000 0.000000 1.000000
0.890084 0.287521 0.353668 0.000000 -0.223047 0.951443 -0.212147 27.518200 -0.397492 0.109944 0.910995 0.000000 0.000000 0.000000 0.000000 1.000000
0.789085 0.356267 0.500418 -0.000000 -0.223821 0.925386 -0.305885 27.518200 -0.572057 0.129365 0.809948 0.000000 0.000000 0.000000 0.000000 1.000000
0.803368 0.238453 0.545655 -0.000000 -0.068535 0.947260 -0.313052 27.518200 -0.591525 0.214100 0.777341 -0.000000 0.000000 0.000000 0.000000 1.000000
0.885052 0.087215 0.457248 0.000000 0.023276 0.972771 -0.230598 27.518200 -0.464909 0.214734 0.858923 0.000000 0.000000 0.000000 0.000000 1.000000
0.929597 -0.010095 0.368439 0.000000 0.053555 0.992715 -0.107925 27.518200 -0.364665 0.120059 0.923366 0.000000 0.000000 0.000000 0.000000 1.000000
0.935192 -0.073611 0.346407 -0.000000 0.071997 0.997251 0.017544 27.518200 -0.346746 0.008533 0.937920 -0.000000 0.000000 0.000000 0.000000 1.000000
0.945375 -0.128301 0.299676 0.000000 0.088956 0.985935 0.141487 27.518200 -0.313614 -0.107100 0.943491 0.000000 0.000000 0.000000 0.000000 1.000000
0.978016 -0.173574 0.115575 0.000000 0.149202 0.969653 0.193680 27.518200 -0.145685 -0.172178 0.974233 0.000000 0.000000 0.000000 0.000000 1.000000
0.968509 -0.210925 -0.132294 0.000000 0.233152 0.954746 0.184661 27.518200 0.087358 -0.209691 0.973858 0.000000 0.000000 0.000000 0.000000 1.000000
0.922540 -0.246460 -0.296947 0.000000 0.302779 0.939362 0.161008 27.518200 0.239258 -0.238446 0.941222 0.000000 0.000000 0.000000 0.000000 1.000000
0.900456 -0.284282 -0.329186 0.000000 0.348247 0.924655 0.154070 27.518200 0.260584 -0.253371 0.931611 0.000000 0.000000 0.000000 0.000000 1.000000
0.906851 -0.318916 -0.275525 0.000000 0.371447 0.913675 0.164998 27.518200 0.199120 -0.251972 0.947028 0.000000 0.000000 0.000000 0.000000 1.000000
0.922016 -0.348792 -0.168019 0.000000 0.376496 0.908917 0.179220 27.518200 0.090205 -0.228502 0.969355 0.000000 0.000000 0.000000 0.000000 1.000000
0.925425 -0.375010 -0.054373 0.000000 0.378533 0.908308 0.178017 27.518200 -0.017371 -0.185323 0.982524 -0.000000 0.000000 0.000000 0.000000 1.000000
0.916351 -0.399708 0.023119 0.000000 0.391075 0.905944 0.162252 27.518200 -0.085798 -0.139638 0.986479 0.000000 0.000000 0.000000 0.000000 1.000000
0.903999 -0.426232 0.033347 0.000000 0.416722 0.895884 0.154063 27.518200 -0.095542 -0.125376 0.987498 0.000000 0.000000 0.000000 0.000000 1.000000
0.887472 -0.460527 0.017583 0.000000 0.452864 0.878512 0.152087 27.518200 -0.085487 -0.127010 0.988211 0.000000 0.000000 0.000000 0.000000 1.000000
0.857403 -0.514631 -0.003973 -0.000000 0.508366 0.845712 0.162281 27.518200 -0.080154 -0.141160 0.986737 0.000000 0.000000 0.000000 0.000000 1.000000
0.834066 -0.551261 -0.021092 -0.000000 0.546716 0.820872 0.165141 27.518200 -0.073722 -0.149270 0.986044 0.000000 0.000000 0.000000 0.000000 1.000000
0.835035 -0.549975 0.015592 -0.000000 0.543441 0.828879 0.132787 27.518200 -0.085953 -0.102408 0.991022 0.000000 0.000000 0.000000 0.000000 1.000000
0.864094 -0.496937 0.079970 0.000000 0.496695 0.867585 0.024305 27.518200 -0.081459 0.018718 0.996501 0.000000 0.000000 0.000000 0.000000 1.000000
0.895487 -0.411506 0.169602 0.000000 0.425882 0.902927 -0.057853 27.518200 -0.129331 0.124037 0.983813 0.000000 0.000000 0.000000 0.000000 1.000000
0.915891 -0.286616 0.281061 0.000000 0.330259 0.936012 -0.121698 27.518200 -0.228196 0.204285 0.951942 0.000000 0.000000 0.000000 0.000000 1.000000
0.906334 -0.186159 0.379346 0.000000 0.261977 0.951924 -0.158772 27.518200 -0.331552 0.243280 0.911531 -0.000000 0.000000 0.000000 0.000000 1.000000
0.890805 -0.109316 0.441041 0.000000 0.209314 0.960234 -0.184765 27.518200 -0.403305 0.256906 0.878262 0.000000 0.000000 0.000000 0.000000 1.000000
0.887327 -0.030206 0.460151 0.000000 0.140502 0.968117 -0.207384 27.518200 -0.439216 0.248670 0.863280 0.000000 0.000000 0.000000 0.000000 1.000000
0.894259 0.019905 0.447107 0.000000 0.082160 0.974731 -0.207724 27.518200 -0.439944 0.222493 0.870026 0.000000 0.000000 0.000000 0.000000 1.000000
0.911298 0.012528 0.411556 0.000000 0.064314 0.982938 -0.172329 27.518200 -0.406693 0.183512 0.894944 0.000000 0.000000 0.000000 0.000000 1.000000</float_array>
        <technique_common>
          <accessor source="#mixamorig_LeftHand-Matrix-animation-output-transform-array" count="91" stride="16">
            <param type="float4x4"/>
          </accessor>
        </technique_common>
      </source>
      <source id="mixamorig_LeftHand-Interpolations">
        <Name_array id="mixamorig_LeftHand-Interpolations-array" count="91">
 LINEAR LINEAR LINEAR LINEAR LINEAR LINEAR LINEAR LINEAR LINEAR LINEAR LINEAR
LINEAR LINEAR LINEAR LINEAR LINEAR LINEAR LINEAR LINEAR LINEAR LINEAR LINEAR LINEAR
LINEAR LINEAR LINEAR LINEAR LINEAR LINEAR LINEAR LINEAR LINEAR LINEAR LINEAR LINEAR
LINEAR LINEAR LINEAR LINEAR LINEAR LINEAR LINEAR LINEAR LINEAR LINEAR LINEAR LINEAR
LINEAR LINEAR LINEAR LINEAR LINEAR LINEAR LINEAR LINEAR LINEAR LINEAR LINEAR LINEAR
LINEAR LINEAR LINEAR LINEAR LINEAR LINEAR LINEAR LINEAR LINEAR LINEAR LINEAR LINEAR
LINEAR LINEAR LINEAR LINEAR LINEAR LINEAR LINEAR LINEAR LINEAR LINEAR LINEAR LINEAR
LINEAR LINEAR LINEAR LINEAR LINEAR LINEAR LINEAR LINEAR</Name_array>
        <technique_common>
          <accessor source="#mixamorig_LeftHand-Interpolations-array" count="91">
            <param type="name"/>
          </accessor>
        </technique_common>
      </source>
      <sampler id="mixamorig_LeftHand-Matrix-animation-transform">
        <input semantic="INPUT" source="#mixamorig_LeftHand-Matrix-animation-input"/>
        <input semantic="OUTPUT" source="#mixamorig_LeftHand-Matrix-animation-output-transform"/>
        <input semantic="INTERPOLATION" source="#mixamorig_LeftHand-Interpolations"/>
      </sampler>
      <channel source="#mixamorig_LeftHand-Matrix-animation-transform" target="mixamorig_LeftHand/matrix"/>
    </animation>
    <animation id="mixamorig_LeftHandThumb1-anim" name="mixamorig_LeftHandThumb1">
      <source id="mixamorig_LeftHandThumb1-Matrix-animation-input">
        <float_array id="mixamorig_LeftHandThumb1-Matrix-animation-input-array" count="91">

0.000000 0.033333 0.066667 0.100000 0.133333 0.166667 0.200000 0.233333 0.266667 0.300000 0.333333 0.366667 0.400000 0.433333 0.466667 0.500000
0.533333 0.566667 0.600000 0.633333 0.666667 0.700000 0.733333 0.766667 0.800000 0.833333 0.866667 0.900000 0.933333 0.966667 1.000000 1.033333
1.066667 1.100000 1.133333 1.166667 1.200000 1.233333 1.266667 1.300000 1.333333 1.366667 1.400000 1.433333 1.466667 1.500000 1.533333 1.566667
1.600000 1.633333 1.666667 1.700000 1.733333 1.766667 1.800000 1.833333 1.866667 1.900000 1.933333 1.966667 2.000000 2.033333 2.066667 2.100000
2.133333 2.166667 2.200000 2.233333 2.266667 2.300000 2.333333 2.366667 2.400000 2.433333 2.466667 2.500000 2.533333 2.566667 2.600000 2.633333
2.666667 2.700000 2.733333 2.766667 2.800000 2.833333 2.866667 2.900000 2.933333 2.966667 3.000000</float_array>
        <technique_common>
          <accessor source="#mixamorig_LeftHandThumb1-Matrix-animation-input-array" count="91">
            <param name="TIME" type="float"/>
          </accessor>
        </technique_common>
      </source>
      <source id="mixamorig_LeftHandThumb1-Matrix-animation-output-transform">
        <float_array id="mixamorig_LeftHandThumb1-Matrix-animation-output-transform-array" count="1456">

0.840582 -0.456922 0.290935 -5.114400 0.534215 0.788155 -0.305656 4.227300 -0.089641 0.412351 0.906604 0.253900 0.000000 0.000000 0.000000 1.000000
0.839985 -0.458151 0.290727 -5.114400 0.535101 0.788251 -0.303855 4.227300 -0.089954 0.410802 0.907276 0.253900 0.000000 0.000000 0.000000 1.000000
0.838299 -0.461623 0.290100 -5.114400 0.537598 0.788470 -0.298837 4.227300 -0.090786 0.406472 0.909142 0.253900 0.000000 0.000000 0.000000 1.000000
0.835679 -0.467015 0.289029 -5.114400 0.541461 0.788699 -0.291159 4.227300 -0.091981 0.399814 0.911970 0.253900 0.000000 0.000000 0.000000 1.000000
0.832275 -0.474001 0.287474 -5.114400 0.546440 0.788814 -0.281382 4.227300 -0.093388 0.391275 0.915523 0.253900 0.000000 0.000000 0.000000 1.000000
0.828240 -0.482252 0.285398 -5.114400 0.552289 0.788694 -0.270073 4.227300 -0.094848 0.381307 0.919570 0.253900 0.000000 0.000000 0.000000 1.000000
0.823720 -0.491447 0.282781 -5.114400 0.558776 0.788231 -0.257801 4.227300 -0.096201 0.370367 0.923891 0.253900 0.000000 0.000000 0.000000 1.000000
0.818863 -0.501270 0.279627 -5.114400 0.565686 0.787339 -0.245146 4.227300 -0.097277 0.358922 0.928284 0.253900 0.000000 0.000000 0.000000 1.000000
0.813809 -0.511422 0.275976 -5.114400 0.572826 0.785955 -0.232690 4.227300 -0.097902 0.347451 0.932573 0.253900 0.000000 0.000000 0.000000 1.000000
0.808697 -0.521614 0.271898 -5.114400 0.580023 0.784044 -0.221017 4.227300 -0.097894 0.336443 0.936602 0.253900 0.000000 0.000000 0.000000 1.000000
0.803659 -0.531576 0.267505 -5.114400 0.587120 0.781595 -0.210713 4.227300 -0.097070 0.326398 0.940235 0.253900 0.000000 0.000000 0.000000 1.000000
0.798828 -0.541053 0.262937 -5.114400 0.593972 0.778620 -0.202355 4.227300 -0.095244 0.317824 0.943354 0.253900 0.000000 0.000000 0.000000 1.000000
0.794333 -0.549801 0.258369 -5.114400 0.600441 0.775146 -0.196517 4.227300 -0.092229 0.311235 0.945847 0.253900 0.000000 0.000000 0.000000 1.000000
0.790309 -0.557584 0.253993 -5.114400 0.606379 0.771207 -0.193761 4.227300 -0.087843 0.307148 0.947599 0.253900 0.000000 0.000000 0.000000 1.000000
0.786898 -0.564167 0.250014 -5.114400 0.611622 0.766833 -0.194641 4.227300 -0.081909 0.306077 0.948477 0.253900 0.000000 0.000000 0.000000 1.000000
0.783860 -0.570050 0.246183 -5.114400 0.616565 0.761519 -0.199841 4.227300 -0.073554 0.308435 0.948397 0.253900 0.000000 0.000000 0.000000 1.000000
0.780781 -0.575972 0.242152 -5.114400 0.621700 0.754768 -0.209319 4.227300 -0.062207 0.313978 0.947390 0.253900 0.000000 0.000000 0.000000 1.000000
0.777670 -0.581843 0.238091 -5.114400 0.626805 0.746769 -0.222377 4.227300 -0.048411 0.322172 0.945442 0.253900 0.000000 0.000000 0.000000 1.000000
0.774573 -0.587537 0.234173 -5.114400 0.631636 0.737738 -0.238284 4.227300 -0.032757 0.332481 0.942541 0.253900 0.000000 0.000000 0.000000 1.000000
0.771545 -0.592934 0.230538 -5.114400 0.635978 0.727902 -0.256302 4.227300 -0.015839 0.344366 0.938702 0.253900 0.000000 0.000000 0.000000 1.000000
0.768650 -0.597926 0.227291 -5.114400 0.639667 0.717510 -0.275689 4.227300 0.001758 0.357299 0.933988 0.253900 0.000000 0.000000 0.000000 1.000000
0.765952 -0.602427 0.224499 -5.114400 0.642604 0.706836 -0.295709 4.227300 0.019459 0.370763 0.928524 0.253900 0.000000 0.000000 0.000000 1.000000
0.763509 -0.606371 0.222190 -5.114400 0.644753 0.696180 -0.315637 4.227300 0.036708 0.384249 0.922499 0.253900 0.000000 0.000000 0.000000 1.000000
0.761369 -0.609720 0.220360 -5.114400 0.646150 0.685872 -0.334768 4.227300 0.052976 0.397268 0.916172 0.253900 0.000000 0.000000 0.000000 1.000000
0.759566 -0.612462 0.218974 -5.114400 0.646890 0.676262 -0.352423 4.227300 0.067762 0.409341 0.909862 0.253900 0.000000 0.000000 0.000000 1.000000
0.758119 -0.614606 0.217980 -5.114400 0.647118 0.667724 -0.367946 4.227300 0.080591 0.420005 0.903936 0.253900 0.000000 0.000000 0.000000 1.000000
0.757030 -0.616182 0.217314 -5.114400 0.647010 0.660639 -0.380702 4.227300 0.091016 0.428807 0.898800 0.253900 0.000000 0.000000 0.000000 1.000000
0.756294 -0.617228 0.216910 -5.114400 0.646759 0.655397 -0.390074 4.227300 0.098602 0.435299 0.894870 0.253900 0.000000 0.000000 0.000000 1.000000
0.755901 -0.617778 0.216712 -5.114400 0.646545 0.652381 -0.395448 4.227300 0.102920 0.439033 0.892557 0.253900 0.000000 0.000000 0.000000 1.000000
0.755858 -0.617858 0.216634 -5.114400 0.646472 0.651878 -0.396394 4.227300 0.103696 0.439665 0.892155 0.253900 0.000000 0.000000 0.000000 1.000000
0.756232 -0.617525 0.216279 -5.114400 0.646301 0.653453 -0.394074 4.227300 0.102023 0.437793 0.893269 0.253900 0.000000 0.000000 0.000000 1.000000
0.757019 -0.616815 0.215549 -5.114400 0.645924 0.656734 -0.389208 4.227300 0.098510 0.433866 0.895576 0.253900 0.000000 0.000000 0.000000 1.000000
0.758189 -0.615738 0.214514 -5.114400 0.645321 0.661519 -0.382039 4.227300 0.093331 0.428088 0.898905 0.253900 0.000000 0.000000 0.000000 1.000000
0.759710 -0.614301 0.213248 -5.114400 0.644463 0.667596 -0.372804 4.227300 0.086650 0.420654 0.903074 0.253900 0.000000 0.000000 0.000000 1.000000
0.761552 -0.612507 0.211833 -5.114400 0.643316 0.674751 -0.361740 4.227300 0.078634 0.411760 0.907893 0.253900 0.000000 0.000000 0.000000 1.000000
0.763684 -0.610360 0.210349 -5.114400 0.641843 0.682770 -0.349088 4.227300 0.069450 0.401604 0.913176 0.253900 0.000000 0.000000 0.000000 1.000000
0.766071 -0.607872 0.208870 -5.114400 0.640017 0.691441 -0.335093 4.227300 0.059272 0.390386 0.918741 0.253900 0.000000 0.000000 0.000000 1.000000
0.768672 -0.605062 0.207469 -5.114400 0.637818 0.700557 -0.320012 4.227300 0.048283 0.378312 0.924418 0.253900 0.000000 0.000000 0.000000 1.000000
0.771444 -0.601958 0.206204 -5.114400 0.635239 0.709921 -0.304111 4.227300 0.036673 0.365593 0.930052 0.253900 0.000000 0.000000 0.000000 1.000000
0.774337 -0.598604 0.205123 -5.114400 0.632293 0.719343 -0.287665 4.227300 0.024643 0.352448 0.935507 0.253900 0.000000 0.000000 0.000000 1.000000
0.777298 -0.595050 0.204261 -5.114400 0.629010 0.728647 -0.270962 4.227300 0.012402 0.339100 0.940668 0.253900 0.000000 0.000000 0.000000 1.000000
0.780271 -0.591363 0.203635 -5.114400 0.625442 0.737669 -0.254297 4.227300 0.000167 0.325783 0.945445 0.253900 0.000000 0.000000 0.000000 1.000000
0.783195 -0.587619 0.203248 -5.114400 0.621664 0.746259 -0.237974 4.227300 -0.011837 0.312732 0.949768 0.253900 0.000000 0.000000 0.000000 1.000000
0.786010 -0.583904 0.203086 -5.114400 0.617771 0.754282 -0.222302 4.227300 -0.023381 0.300192 0.953592 0.253900 0.000000 0.000000 0.000000 1.000000
0.788657 -0.580312 0.203121 -5.114400 0.613880 0.761614 -0.207592 4.227300 -0.034231 0.288411 0.956895 0.253900 0.000000 0.000000 0.000000 1.000000
0.791074 -0.576947 0.203310 -5.114400 0.610125 0.768147 -0.194159 4.227300 -0.044152 0.277639 0.959670 0.253900 0.000000 0.000000 0.000000 1.000000
0.793203 -0.573913 0.203601 -5.114400 0.606654 0.773777 -0.182316 4.227300 -0.052908 0.268129 0.961929 0.253900 0.000000 0.000000 0.000000 1.000000
0.794988 -0.571318 0.203935 -5.114400 0.603625 0.778411 -0.172376 4.227300 -0.060264 0.260137 0.963689 0.253900 0.000000 0.000000 0.000000 1.000000
0.796373 -0.569272 0.204253 -5.114400 0.601195 0.781956 -0.164648 4.227300 -0.065987 0.253917 0.964972 0.253900 0.000000 0.000000 0.000000 1.000000
0.797306 -0.567878 0.204494 -5.114400 0.599520 0.784318 -0.159439 4.227300 -0.069847 0.249720 0.965796 0.253900 0.000000 0.000000 0.000000 1.000000
0.797733 -0.567235 0.204613 -5.114400 0.598743 0.785393 -0.157052 4.227300 -0.071616 0.247796 0.966162 0.253900 0.000000 0.000000 0.000000 1.000000
0.797945 -0.566502 0.205813 -5.114400 0.598412 0.785411 -0.158215 4.227300 -0.072019 0.249408 0.965717 0.253900 0.000000 0.000000 0.000000 1.000000
0.798507 -0.564066 0.210277 -5.114400 0.597553 0.785011 -0.163367 4.227300 -0.072920 0.256101 0.963896 0.253900 0.000000 0.000000 0.000000 1.000000
0.799158 -0.560515 0.217185 -5.114400 0.596508 0.784131 -0.171224 4.227300 -0.074327 0.266388 0.960996 0.253900 0.000000 0.000000 0.000000 1.000000
0.799543 -0.556708 0.225403 -5.114400 0.595778 0.782644 -0.180328 4.227300 -0.076020 0.278470 0.957432 0.253900 0.000000 0.000000 0.000000 1.000000
0.799314 -0.553546 0.233846 -5.114400 0.595859 0.780483 -0.189203 4.227300 -0.077780 0.290572 0.953687 0.253900 0.000000 0.000000 0.000000 1.000000
0.798124 -0.551985 0.241476 -5.114400 0.597239 0.777653 -0.196368 4.227300 -0.079393 0.300945 0.950331 0.253900 0.000000 0.000000 0.000000 1.000000
0.795633 -0.553014 0.247273 -5.114400 0.600386 0.774209 -0.200341 4.227300 -0.080650 0.307857 0.948008 0.253900 0.000000 0.000000 0.000000 1.000000
0.791497 -0.557622 0.250180 -5.114400 0.605734 0.770207 -0.199669 4.227300 -0.081351 0.309580 0.947387 0.253900 0.000000 0.000000 0.000000 1.000000
0.785218 -0.566959 0.248977 -5.114400 0.613859 0.765516 -0.192776 4.227300 -0.081300 0.304208 0.949130 0.253900 0.000000 0.000000 0.000000 1.000000
0.774840 -0.583947 0.242134 -5.114400 0.627029 0.758630 -0.176962 4.227300 -0.080354 0.288942 0.953968 0.253900 0.000000 0.000000 0.000000 1.000000
0.760483 -0.607359 0.229741 -5.114400 0.644570 0.748938 -0.153695 4.227300 -0.078714 0.264967 0.961039 0.253900 0.000000 0.000000 0.000000 1.000000
0.743977 -0.633356 0.212975 -5.114400 0.663791 0.737093 -0.126792 4.227300 -0.076678 0.235701 0.968796 0.253900 0.000000 0.000000 0.000000 1.000000
0.727272 -0.658456 0.193678 -5.114400 0.682292 0.724227 -0.099858 4.227300 -0.074515 0.204769 0.975970 0.253900 0.000000 0.000000 0.000000 1.000000
0.712406 -0.679733 0.174470 -5.114400 0.698015 0.712025 -0.076134 4.227300 -0.072476 0.176021 0.981715 0.253900 0.000000 0.000000 0.000000 1.000000
0.701463 -0.694835 0.158600 -5.114400 0.709180 0.702600 -0.058460 4.227300 -0.070812 0.153484 0.985611 0.253900 0.000000 0.000000 0.000000 1.000000
0.696402 -0.701929 0.149398 -5.114400 0.714253 0.698155 -0.049208 4.227300 -0.069763 0.140977 0.987552 0.253900 0.000000 0.000000 0.000000 1.000000
0.696863 -0.702123 0.146308 -5.114400 0.713859 0.698706 -0.047052 4.227300 -0.069190 0.137233 0.988119 0.253900 0.000000 0.000000 0.000000 1.000000
0.701254 -0.697575 0.147082 -5.114400 0.709578 0.702888 -0.049476 4.227300 -0.068869 0.139061 0.987886 0.253900 0.000000 0.000000 0.000000 1.000000
0.708816 -0.689054 0.150942 -5.114400 0.702033 0.709960 -0.055726 4.227300 -0.068765 0.145466 0.986971 0.253900 0.000000 0.000000 0.000000 1.000000
0.718785 -0.677264 0.157038 -5.114400 0.691815 0.719135 -0.065093 4.227300 -0.068846 0.155429 0.985445 0.253900 0.000000 0.000000 0.000000 1.000000
0.730395 -0.662915 0.164518 -5.114400 0.679522 0.729617 -0.076866 4.227300 -0.069080 0.167936 0.983374 0.253900 0.000000 0.000000 0.000000 1.000000
0.742890 -0.646781 0.172593 -5.114400 0.665803 0.740644 -0.090292 4.227300 -0.069431 0.181990 0.980846 0.253900 0.000000 0.000000 0.000000 1.000000
0.755533 -0.629731 0.180579 -5.114400 0.651375 0.751518 -0.104558 4.227300 -0.069865 0.196622 0.977987 0.253900 0.000000 0.000000 0.000000 1.000000
0.767616 -0.612740 0.187923 -5.114400 0.637039 0.761624 -0.118789 4.227300 -0.070340 0.210899 0.974974 0.253900 0.000000 0.000000 0.000000 1.000000
0.778465 -0.596884 0.194220 -5.114400 0.623680 0.770445 -0.132052 4.227300 -0.070816 0.223929 0.972029 0.253900 0.000000 0.000000 0.000000 1.000000
0.787442 -0.583317 0.199190 -5.114400 0.612257 0.777550 -0.143379 4.227300 -0.071244 0.234858 0.969415 0.253900 0.000000 0.000000 0.000000 1.000000
0.793937 -0.573238 0.202641 -5.114400 0.603773 0.782574 -0.151780 4.227300 -0.071575 0.242852 0.967419 0.253900 0.000000 0.000000 0.000000 1.000000
0.797348 -0.567850 0.204406 -5.114400 0.599238 0.785171 -0.156268 4.227300 -0.071757 0.247088 0.966332 0.253900 0.000000 0.000000 0.000000 1.000000
0.797996 -0.566676 0.205137 -5.114400 0.598362 0.785582 -0.157554 4.227300 -0.071870 0.248474 0.965969 0.253900 0.000000 0.000000 0.000000 1.000000
0.799303 -0.563735 0.208128 -5.114400 0.596551 0.786096 -0.161802 4.227300 -0.072395 0.253488 0.964626 0.253900 0.000000 0.000000 0.000000 1.000000
0.801664 -0.558356 0.213479 -5.114400 0.593258 0.786961 -0.169522 4.227300 -0.073346 0.262548 0.962127 0.253900 0.000000 0.000000 0.000000 1.000000
0.804895 -0.550852 0.220693 -5.114400 0.588702 0.788012 -0.180187 4.227300 -0.074653 0.274954 0.958555 0.253900 0.000000 0.000000 0.000000 1.000000
0.808813 -0.541533 0.229267 -5.114400 0.583102 0.789075 -0.193271 4.227300 -0.076246 0.290006 0.953983 0.253900 0.000000 0.000000 0.000000 1.000000
0.813234 -0.530726 0.238706 -5.114400 0.576678 0.789987 -0.208238 4.227300 -0.078057 0.307002 0.948502 0.253900 0.000000 0.000000 0.000000 1.000000
0.817978 -0.518785 0.248544 -5.114400 0.569657 0.790616 -0.224537 4.227300 -0.080016 0.325251 0.942236 0.253900 0.000000 0.000000 0.000000 1.000000
0.822868 -0.506101 0.258362 -5.114400 0.562277 0.790869 -0.241601 4.227300 -0.082056 0.344077 0.935349 0.253900 0.000000 0.000000 0.000000 1.000000
0.827734 -0.493097 0.267789 -5.114400 0.554781 0.790706 -0.258846 4.227300 -0.084106 0.362820 0.928056 0.253900 0.000000 0.000000 0.000000 1.000000
0.832413 -0.480236 0.276519 -5.114400 0.547427 0.790144 -0.275675 4.227300 -0.086100 0.380849 0.920620 0.253900 0.000000 0.000000 0.000000 1.000000
0.836746 -0.468007 0.284300 -5.114400 0.540480 0.789253 -0.291482 4.227300 -0.087969 0.397554 0.913352 0.253900 0.000000 0.000000 0.000000 1.000000
0.840582 -0.456922 0.290935 -5.114400 0.534215 0.788156 -0.305656 4.227300 -0.089641 0.412350 0.906604 0.253900 0.000000 0.000000 0.000000 1.000000</float_array>
        <technique_common>
          <accessor source="#mixamorig_LeftHandThumb1-Matrix-animation-output-transform-array" count="91" stride="16">
            <param type="float4x4"/>
          </accessor>
        </technique_common>
      </source>
      <source id="mixamorig_LeftHandThumb1-Interpolations">
        <Name_array id="mixamorig_LeftHandThumb1-Interpolations-array" count="91">
 LINEAR LINEAR LINEAR LINEAR LINEAR LINEAR LINEAR LINEAR LINEAR LINEAR LINEAR
LINEAR LINEAR LINEAR LINEAR LINEAR LINEAR LINEAR LINEAR LINEAR LINEAR LINEAR LINEAR
LINEAR LINEAR LINEAR LINEAR LINEAR LINEAR LINEAR LINEAR LINEAR LINEAR LINEAR LINEAR
LINEAR LINEAR LINEAR LINEAR LINEAR LINEAR LINEAR LINEAR LINEAR LINEAR LINEAR LINEAR
LINEAR LINEAR LINEAR LINEAR LINEAR LINEAR LINEAR LINEAR LINEAR LINEAR LINEAR LINEAR
LINEAR LINEAR LINEAR LINEAR LINEAR LINEAR LINEAR LINEAR LINEAR LINEAR LINEAR LINEAR
LINEAR LINEAR LINEAR LINEAR LINEAR LINEAR LINEAR LINEAR LINEAR LINEAR LINEAR LINEAR
LINEAR LINEAR LINEAR LINEAR LINEAR LINEAR LINEAR LINEAR</Name_array>
        <technique_common>
          <accessor source="#mixamorig_LeftHandThumb1-Interpolations-array" count="91">
            <param type="name"/>
          </accessor>
        </technique_common>
      </source>
      <sampler id="mixamorig_LeftHandThumb1-Matrix-animation-transform">
        <input semantic="INPUT" source="#mixamorig_LeftHandThumb1-Matrix-animation-input"/>
        <input semantic="OUTPUT" source="#mixamorig_LeftHandThumb1-Matrix-animation-output-transform"/>
        <input semantic="INTERPOLATION" source="#mixamorig_LeftHandThumb1-Interpolations"/>
      </sampler>
      <channel source="#mixamorig_LeftHandThumb1-Matrix-animation-transform" target="mixamorig_LeftHandThumb1/matrix"/>
    </animation>
    <animation id="mixamorig_LeftHandThumb2-anim" name="mixamorig_LeftHandThumb2">
      <source id="mixamorig_LeftHandThumb2-Matrix-animation-input">
        <float_array id="mixamorig_LeftHandThumb2-Matrix-animation-input-array" count="91">

0.000000 0.033333 0.066667 0.100000 0.133333 0.166667 0.200000 0.233333 0.266667 0.300000 0.333333 0.366667 0.400000 0.433333 0.466667 0.500000
0.533333 0.566667 0.600000 0.633333 0.666667 0.700000 0.733333 0.766667 0.800000 0.833333 0.866667 0.900000 0.933333 0.966667 1.000000 1.033333
1.066667 1.100000 1.133333 1.166667 1.200000 1.233333 1.266667 1.300000 1.333333 1.366667 1.400000 1.433333 1.466667 1.500000 1.533333 1.566667
1.600000 1.633333 1.666667 1.700000 1.733333 1.766667 1.800000 1.833333 1.866667 1.900000 1.933333 1.966667 2.000000 2.033333 2.066667 2.100000
2.133333 2.166667 2.200000 2.233333 2.266667 2.300000 2.333333 2.366667 2.400000 2.433333 2.466667 2.500000 2.533333 2.566667 2.600000 2.633333
2.666667 2.700000 2.733333 2.766667 2.800000 2.833333 2.866667 2.900000 2.933333 2.966667 3.000000</float_array>
        <technique_common>
          <accessor source="#mixamorig_LeftHandThumb2-Matrix-animation-input-array" count="91">
            <param name="TIME" type="float"/>
          </accessor>
        </technique_common>
      </source>
      <source id="mixamorig_LeftHandThumb2-Matrix-animation-output-transform">
        <float_array id="mixamorig_LeftHandThumb2-Matrix-animation-output-transform-array" count="1456">

0.934203 0.290639 0.206865 0.000000 -0.289545 0.956478 -0.036236 1.937400 -0.208393 -0.026045 0.977698 0.000000 0.000000 0.000000 0.000000 1.000000
0.934745 0.289106 0.206567 0.000000 -0.287690 0.956988 -0.037537 1.937400 -0.208534 -0.024340 0.977712 0.000000 0.000000 0.000000 0.000000 1.000000
0.936227 0.284917 0.205675 0.000000 -0.282599 0.958353 -0.041200 1.937400 -0.208848 -0.019551 0.977753 -0.000000 0.000000 0.000000 0.000000 1.000000
0.938426 0.278662 0.204216 0.000000 -0.274959 0.960312 -0.046882 1.937400 -0.209175 -0.012156 0.977803 -0.000000 0.000000 0.000000 0.000000 1.000000
0.941119 0.270930 0.202218 0.000000 -0.265457 0.962595 -0.054246 1.937400 -0.209351 -0.002628 0.977837 0.000000 0.000000 0.000000 0.000000 1.000000
0.944311 0.262018 0.199056 0.000000 -0.254630 0.965028 -0.062318 1.937400 -0.208423 0.008162 0.978005 0.000000 0.000000 0.000000 0.000000 1.000000
0.947765 0.252568 0.194807 0.000000 -0.243232 0.967377 -0.070849 1.937400 -0.206346 0.019765 0.978279 0.000000 0.000000 0.000000 0.000000 1.000000
0.951148 0.243416 0.189910 0.000000 -0.232119 0.969395 -0.079967 1.937400 -0.203563 0.031979 0.978539 -0.000000 0.000000 0.000000 0.000000 1.000000
0.954292 0.235229 0.184372 -0.000000 -0.222055 0.970926 -0.089409 1.937400 -0.200043 0.044382 0.978781 -0.000000 0.000000 0.000000 0.000000 1.000000
0.957050 0.228695 0.178196 -0.000000 -0.213813 0.971853 -0.098925 1.937400 -0.195804 0.056575 0.979010 0.000000 0.000000 0.000000 0.000000 1.000000
0.959282 0.224516 0.171377 -0.000000 -0.208169 0.972082 -0.108272 1.937400 -0.190901 0.068188 0.979238 -0.000000 0.000000 0.000000 0.000000 1.000000
0.960845 0.223405 0.163910 -0.000000 -0.205896 0.971530 -0.117202 1.937400 -0.185427 0.078865 0.979488 0.000000 0.000000 0.000000 0.000000 1.000000
0.961569 0.226074 0.155805 0.000000 -0.207754 0.970103 -0.125450 1.937400 -0.179508 0.088260 0.979789 0.000000 0.000000 0.000000 0.000000 1.000000
0.961231 0.233232 0.147097 0.000000 -0.214486 0.967670 -0.132707 1.937400 -0.173293 0.096012 0.980179 -0.000000 0.000000 0.000000 0.000000 1.000000
0.959525 0.245572 0.137863 -0.000000 -0.226810 0.964026 -0.138601 1.937400 -0.166940 0.101723 0.980706 0.000000 0.000000 0.000000 0.000000 1.000000
0.956887 0.263362 0.122508 0.000000 -0.246203 0.959199 -0.139001 1.937400 -0.154117 0.102846 0.982685 0.000000 0.000000 0.000000 0.000000 1.000000
0.951937 0.288655 0.102441 -0.000000 -0.274025 0.952028 -0.136207 1.937400 -0.136844 0.101589 0.985370 -0.000000 0.000000 0.000000 0.000000 1.000000
0.944055 0.320184 0.079009 0.000000 -0.308657 0.942211 -0.130263 1.937400 -0.116151 0.098589 0.988326 0.000000 0.000000 0.000000 0.000000 1.000000
0.932781 0.356461 0.053435 0.000000 -0.348288 0.929540 -0.121044 1.937400 -0.092818 0.094297 0.991208 0.000000 0.000000 0.000000 0.000000 1.000000
0.917866 0.395973 0.026959 -0.000000 -0.391083 0.913925 -0.108608 1.937400 -0.067644 0.089145 0.993719 0.000000 0.000000 0.000000 0.000000 1.000000
0.899362 0.437203 0.000762 0.000000 -0.435235 0.895476 -0.093243 1.937400 -0.041449 0.083528 0.995643 0.000000 0.000000 0.000000 0.000000 1.000000
0.877668 0.478663 -0.024097 0.000000 -0.479033 0.874546 -0.075482 1.937400 -0.015057 0.077792 0.996856 0.000000 0.000000 0.000000 0.000000 1.000000
0.853539 0.518928 -0.046749 0.000000 -0.520919 0.851761 -0.056089 1.937400 0.010713 0.072226 0.997331 -0.000000 0.000000 0.000000 0.000000 1.000000
0.828061 0.556673 -0.066559 -0.000000 -0.559540 0.828021 -0.036013 1.937400 0.035065 0.067064 0.997132 0.000000 0.000000 0.000000 0.000000 1.000000
0.802594 0.590703 -0.083141 -0.000000 -0.593774 0.804466 -0.016336 1.937400 0.057235 0.062478 0.996404 0.000000 0.000000 0.000000 0.000000 1.000000
0.778692 0.619964 -0.096344 0.000000 -0.622725 0.782439 0.001798 1.937400 0.076498 0.058596 0.995346 0.000000 0.000000 0.000000 0.000000 1.000000
0.758022 0.643525 -0.106202 0.000000 -0.645685 0.763410 0.017232 1.937400 0.092164 0.055511 0.994195 0.000000 0.000000 0.000000 0.000000 1.000000
0.742263 0.660537 -0.112853 0.000000 -0.662056 0.748899 0.028851 1.937400 0.103573 0.053300 0.993193 0.000000 0.000000 0.000000 0.000000 1.000000
0.733021 0.670167 -0.116428 0.000000 -0.671242 0.740383 0.035609 1.937400 0.110065 0.052049 0.992561 0.000000 0.000000 0.000000 0.000000 1.000000
0.731347 0.671821 -0.117424 -0.000000 -0.672804 0.738892 0.037048 1.937400 0.111653 0.051909 0.992391 0.000000 0.000000 0.000000 0.000000 1.000000
0.735038 0.667391 -0.119616 -0.000000 -0.668518 0.742804 0.036405 1.937400 0.113147 0.053206 0.992153 0.000000 0.000000 0.000000 0.000000 1.000000
0.742658 0.658053 -0.124197 0.000000 -0.659500 0.750891 0.034967 1.937400 0.116269 0.055939 0.991641 0.000000 0.000000 0.000000 0.000000 1.000000
0.753583 0.644188 -0.130902 0.000000 -0.646152 0.762511 0.032632 1.937400 0.120835 0.059992 0.990858 0.000000 0.000000 0.000000 0.000000 1.000000
0.767133 0.626147 -0.139452 0.000000 -0.628859 0.776969 0.029248 1.937400 0.126664 0.065258 0.989797 0.000000 0.000000 0.000000 0.000000 1.000000
0.782607 0.604285 -0.149551 0.000000 -0.608017 0.793541 0.024650 1.937400 0.133571 0.071638 0.988447 0.000000 0.000000 0.000000 0.000000 1.000000
0.799311 0.578980 -0.160882 0.000000 -0.584050 0.811502 0.018685 1.937400 0.141374 0.079028 0.986797 0.000000 0.000000 0.000000 0.000000 1.000000
0.816587 0.550653 -0.173112 0.000000 -0.557420 0.830154 0.011235 1.937400 0.149896 0.087322 0.984838 0.000000 0.000000 0.000000 0.000000 1.000000
0.833832 0.519775 -0.185896 -0.000000 -0.528635 0.848846 0.002242 1.937400 0.158963 0.096402 0.982567 0.000000 0.000000 0.000000 0.000000 1.000000
0.850526 0.486878 -0.198884 0.000000 -0.498244 0.866998 -0.008281 1.937400 0.168400 0.106136 0.979988 -0.000000 0.000000 0.000000 0.000000 1.000000
0.866236 0.452550 -0.211740 -0.000000 -0.466836 0.884112 -0.020239 1.937400 0.178043 0.116380 0.977116 0.000000 0.000000 0.000000 0.000000 1.000000
0.880633 0.417426 -0.224147 0.000000 -0.435024 0.899797 -0.033451 1.937400 0.187723 0.126967 0.973981 0.000000 0.000000 0.000000 0.000000 1.000000
0.893489 0.382183 -0.235827 0.000000 -0.403434 0.913767 -0.047652 1.937400 0.197279 0.137717 0.970626 0.000000 0.000000 0.000000 0.000000 1.000000
0.904677 0.347523 -0.246550 -0.000000 -0.372689 0.925849 -0.062498 1.937400 0.206549 0.148427 0.967113 0.000000 0.000000 0.000000 0.000000 1.000000
0.914162 0.314163 -0.256143 0.000000 -0.343399 0.935980 -0.077579 1.937400 0.215372 0.158879 0.963521 0.000000 0.000000 0.000000 0.000000 1.000000
0.921986 0.282819 -0.264491 0.000000 -0.316148 0.944196 -0.092433 1.937400 0.223590 0.168840 0.959948 0.000000 0.000000 0.000000 0.000000 1.000000
0.928251 0.254197 -0.271540 0.000000 -0.291493 0.950619 -0.106557 1.937400 0.231045 0.178064 0.956510 0.000000 0.000000 0.000000 0.000000 1.000000
0.933102 0.228985 -0.277285 0.000000 -0.269957 0.955437 -0.119432 1.937400 0.237580 0.186298 0.953336 0.000000 0.000000 0.000000 0.000000 1.000000
0.936701 0.207853 -0.281758 -0.000000 -0.252036 0.958874 -0.130531 1.937400 0.243040 0.193282 0.950565 0.000000 0.000000 0.000000 0.000000 1.000000
0.939210 0.191449 -0.285013 0.000000 -0.238208 0.961167 -0.139336 1.937400 0.247269 0.198758 0.948342 0.000000 0.000000 0.000000 0.000000 1.000000
0.940761 0.180407 -0.287093 -0.000000 -0.228939 0.962527 -0.145355 1.937400 0.250112 0.202471 0.946810 0.000000 0.000000 0.000000 0.000000 1.000000
0.941434 0.175352 -0.288017 -0.000000 -0.224708 0.963100 -0.148135 1.937400 0.251413 0.204179 0.946098 0.000000 0.000000 0.000000 0.000000 1.000000
0.944466 0.173147 -0.279293 0.000000 -0.220656 0.963970 -0.148568 1.937400 0.243506 0.201945 0.948643 0.000000 0.000000 0.000000 0.000000 1.000000
0.954852 0.167209 -0.245557 -0.000000 -0.207535 0.966872 -0.148622 1.937400 0.212571 0.192874 0.957921 0.000000 0.000000 0.000000 0.000000 1.000000
0.968410 0.159582 -0.191616 0.000000 -0.189062 0.970915 -0.146903 1.937400 0.162600 0.178489 0.970414 0.000000 0.000000 0.000000 0.000000 1.000000
0.980245 0.153441 -0.124804 -0.000000 -0.170727 0.975001 -0.142216 1.937400 0.099862 0.160714 0.981936 0.000000 0.000000 0.000000 0.000000 1.000000
0.986961 0.152069 -0.052764 0.000000 -0.157932 0.978180 -0.134984 1.937400 0.031086 0.141557 0.989442 0.000000 0.000000 0.000000 0.000000 1.000000
0.987174 0.158756 0.016834 0.000000 -0.155361 0.979588 -0.127555 1.937400 -0.036741 0.123304 0.991689 -0.000000 0.000000 0.000000 0.000000 1.000000
0.981287 0.176667 0.076575 0.000000 -0.166464 0.978252 -0.123748 1.937400 -0.096772 0.108685 0.989355 -0.000000 0.000000 0.000000 0.000000 1.000000
0.970700 0.208624 0.119239 0.000000 -0.193372 0.972768 -0.127785 1.937400 -0.142650 0.100984 0.984608 -0.000000 0.000000 0.000000 0.000000 1.000000
0.957346 0.256248 0.133511 -0.000000 -0.237827 0.961231 -0.139546 1.937400 -0.164094 0.101841 0.981174 -0.000000 0.000000 0.000000 0.000000 1.000000
0.939854 0.326343 0.100871 0.000000 -0.309966 0.938913 -0.149546 1.937400 -0.143513 0.109285 0.983596 0.000000 0.000000 0.000000 0.000000 1.000000
0.905515 0.421996 0.044288 -0.000000 -0.408927 0.895766 -0.174306 1.937400 -0.113228 0.139727 0.983695 0.000000 0.000000 0.000000 0.000000 1.000000
0.850981 0.524528 -0.026487 -0.000000 -0.517904 0.829723 -0.208169 1.937400 -0.087214 0.190866 0.977734 0.000000 0.000000 0.000000 0.000000 1.000000
0.781486 0.616103 -0.098470 0.000000 -0.619233 0.746578 -0.243251 1.937400 -0.076352 0.251073 0.964952 0.000000 0.000000 0.000000 0.000000 1.000000
0.710712 0.685215 -0.159277 0.000000 -0.698776 0.661476 -0.272326 1.937400 -0.081244 0.304844 0.948931 -0.000000 0.000000 0.000000 0.000000 1.000000
0.655052 0.728422 -0.200770 0.000000 -0.749838 0.593997 -0.291394 1.937400 -0.093001 0.341423 0.935297 0.000000 0.000000 0.000000 0.000000 1.000000
0.628086 0.745862 -0.221806 0.000000 -0.771994 0.561505 -0.297890 1.937400 -0.097640 0.358333 0.928474 -0.000000 0.000000 0.000000 0.000000 1.000000
0.628037 0.739971 -0.240859 0.000000 -0.774618 0.564863 -0.284425 1.937400 -0.074414 0.365203 0.927949 -0.000000 0.000000 0.000000 0.000000 1.000000
0.646734 0.720686 -0.249694 0.000000 -0.761406 0.590871 -0.266706 1.937400 -0.044675 0.362606 0.930871 0.000000 0.000000 0.000000 0.000000 1.000000
0.679760 0.688810 -0.251926 0.000000 -0.733364 0.633586 -0.246468 1.937400 -0.010153 0.352293 0.935835 0.000000 0.000000 0.000000 0.000000 1.000000
0.722150 0.644538 -0.251139 0.000000 -0.691196 0.686700 -0.225147 1.937400 0.027341 0.336176 0.941402 -0.000000 0.000000 0.000000 0.000000 1.000000
0.768697 0.588594 -0.250324 0.000000 -0.636195 0.744006 -0.204230 1.937400 0.066034 0.316246 0.946376 0.000000 0.000000 0.000000 0.000000 1.000000
0.814442 0.522913 -0.251488 0.000000 -0.570798 0.799912 -0.185285 1.937400 0.104281 0.294452 0.949960 0.000000 0.000000 0.000000 0.000000 1.000000
0.855250 0.450868 -0.255470 -0.000000 -0.498774 0.849951 -0.169730 1.937400 0.140611 0.272584 0.951802 0.000000 0.000000 0.000000 0.000000 1.000000
0.888339 0.377107 -0.262000 -0.000000 -0.425058 0.891182 -0.158492 1.937400 0.173721 0.252160 0.951964 0.000000 0.000000 0.000000 0.000000 1.000000
0.912569 0.307129 -0.269981 0.000000 -0.355308 0.922354 -0.151721 1.937400 0.202420 0.234382 0.950837 0.000000 0.000000 0.000000 0.000000 1.000000
0.928369 0.246786 -0.277899 -0.000000 -0.295386 0.943733 -0.148712 1.937400 0.225562 0.220147 0.949029 0.000000 0.000000 0.000000 0.000000 1.000000
0.937265 0.201872 -0.284221 0.000000 -0.250949 0.956603 -0.148104 1.937400 0.241989 0.210138 0.947251 0.000000 0.000000 0.000000 0.000000 1.000000
0.941064 0.177884 -0.287672 0.000000 -0.227274 0.962467 -0.148337 1.937400 0.250488 0.204975 0.946172 -0.000000 0.000000 0.000000 0.000000 1.000000
0.942139 0.175432 -0.285652 0.000000 -0.224192 0.963265 -0.147845 1.937400 0.249222 0.203331 0.946861 0.000000 0.000000 0.000000 0.000000 1.000000
0.945779 0.178658 -0.271261 0.000000 -0.223555 0.963905 -0.144600 1.937400 0.235636 0.197402 0.951582 0.000000 0.000000 0.000000 0.000000 1.000000
0.951779 0.184550 -0.245069 0.000000 -0.222801 0.964957 -0.138630 1.937400 0.210897 0.186547 0.959543 -0.000000 0.000000 0.000000 0.000000 1.000000
0.958770 0.192748 -0.208824 0.000000 -0.222605 0.966168 -0.130254 1.937400 0.176652 0.171369 0.969240 0.000000 0.000000 0.000000 0.000000 1.000000
0.965314 0.202887 -0.164333 0.000000 -0.223699 0.967262 -0.119844 1.937400 0.134639 0.152448 0.979098 0.000000 0.000000 0.000000 0.000000 1.000000
0.970090 0.214570 -0.113516 0.000000 -0.226723 0.967968 -0.107861 1.937400 0.086736 0.130371 0.987664 0.000000 0.000000 0.000000 0.000000 1.000000
0.972056 0.227364 -0.058413 -0.000000 -0.232127 0.968048 -0.094867 1.937400 0.034977 0.105775 0.993775 0.000000 0.000000 0.000000 0.000000 1.000000
0.970576 0.240791 -0.001163 -0.000000 -0.240082 0.967326 -0.081494 1.937400 -0.018498 0.079375 0.996673 0.000000 0.000000 0.000000 0.000000 1.000000
0.965487 0.254346 0.056063 0.000000 -0.250435 0.965715 -0.068393 1.937400 -0.071536 0.051993 0.996082 0.000000 0.000000 0.000000 0.000000 1.000000
0.957125 0.267510 0.111133 -0.000000 -0.262697 0.963242 -0.056171 1.937400 -0.122074 0.024568 0.992217 0.000000 0.000000 0.000000 0.000000 1.000000
0.946297 0.279768 0.162022 0.000000 -0.276078 0.960066 -0.045331 1.937400 -0.168234 -0.001834 0.985745 0.000000 0.000000 0.000000 0.000000 1.000000
0.934203 0.290639 0.206865 0.000000 -0.289545 0.956478 -0.036236 1.937400 -0.208394 -0.026045 0.977698 0.000000 0.000000 0.000000 0.000000 1.000000</float_array>
        <technique_common>
          <accessor source="#mixamorig_LeftHandThumb2-Matrix-animation-output-transform-array" count="91" stride="16">
            <param type="float4x4"/>
          </accessor>
        </technique_common>
      </source>
      <source id="mixamorig_LeftHandThumb2-Interpolations">
        <Name_array id="mixamorig_LeftHandThumb2-Interpolations-array" count="91">
 LINEAR LINEAR LINEAR LINEAR LINEAR LINEAR LINEAR LINEAR LINEAR LINEAR LINEAR
LINEAR LINEAR LINEAR LINEAR LINEAR LINEAR LINEAR LINEAR LINEAR LINEAR LINEAR LINEAR
LINEAR LINEAR LINEAR LINEAR LINEAR LINEAR LINEAR LINEAR LINEAR LINEAR LINEAR LINEAR
LINEAR LINEAR LINEAR LINEAR LINEAR LINEAR LINEAR LINEAR LINEAR LINEAR LINEAR LINEAR
LINEAR LINEAR LINEAR LINEAR LINEAR LINEAR LINEAR LINEAR LINEAR LINEAR LINEAR LINEAR
LINEAR LINEAR LINEAR LINEAR LINEAR LINEAR LINEAR LINEAR LINEAR LINEAR LINEAR LINEAR
LINEAR LINEAR LINEAR LINEAR LINEAR LINEAR LINEAR LINEAR LINEAR LINEAR LINEAR LINEAR
LINEAR LINEAR LINEAR LINEAR LINEAR LINEAR LINEAR LINEAR</Name_array>
        <technique_common>
          <accessor source="#mixamorig_LeftHandThumb2-Interpolations-array" count="91">
            <param type="name"/>
          </accessor>
        </technique_common>
      </source>
      <sampler id="mixamorig_LeftHandThumb2-Matrix-animation-transform">
        <input semantic="INPUT" source="#mixamorig_LeftHandThumb2-Matrix-animation-input"/>
        <input semantic="OUTPUT" source="#mixamorig_LeftHandThumb2-Matrix-animation-output-transform"/>
        <input semantic="INTERPOLATION" source="#mixamorig_LeftHandThumb2-Interpolations"/>
      </sampler>
      <channel source="#mixamorig_LeftHandThumb2-Matrix-animation-transform" target="mixamorig_LeftHandThumb2/matrix"/>
    </animation>
    <animation id="mixamorig_LeftHandThumb3-anim" name="mixamorig_LeftHandThumb3">
      <source id="mixamorig_LeftHandThumb3-Matrix-animation-input">
        <float_array id="mixamorig_LeftHandThumb3-Matrix-animation-input-array" count="91">

0.000000 0.033333 0.066667 0.100000 0.133333 0.166667 0.200000 0.233333 0.266667 0.300000 0.333333 0.366667 0.400000 0.433333 0.466667 0.500000
0.533333 0.566667 0.600000 0.633333 0.666667 0.700000 0.733333 0.766667 0.800000 0.833333 0.866667 0.900000 0.933333 0.966667 1.000000 1.033333
1.066667 1.100000 1.133333 1.166667 1.200000 1.233333 1.266667 1.300000 1.333333 1.366667 1.400000 1.433333 1.466667 1.500000 1.533333 1.566667
1.600000 1.633333 1.666667 1.700000 1.733333 1.766667 1.800000 1.833333 1.866667 1.900000 1.933333 1.966667 2.000000 2.033333 2.066667 2.100000
2.133333 2.166667 2.200000 2.233333 2.266667 2.300000 2.333333 2.366667 2.400000 2.433333 2.466667 2.500000 2.533333 2.566667 2.600000 2.633333
2.666667 2.700000 2.733333 2.766667 2.800000 2.833333 2.866667 2.900000 2.933333 2.966667 3.000000</float_array>
        <technique_common>
          <accessor source="#mixamorig_LeftHandThumb3-Matrix-animation-input-array" count="91">
            <param name="TIME" type="float"/>
          </accessor>
        </technique_common>
      </source>
      <source id="mixamorig_LeftHandThumb3-Matrix-animation-output-transform">
        <float_array id="mixamorig_LeftHandThumb3-Matrix-animation-output-transform-array" count="1456">

0.980484 0.180488 -0.077946 0.000000 -0.145990 0.933954 0.326215 2.330000 0.131676 -0.308469 0.942076 0.000000 0.000000 0.000000 0.000000 1.000000
0.981958 0.171474 -0.079721 0.000000 -0.137568 0.937034 0.321002 2.330000 0.129745 -0.304243 0.943717 0.000000 0.000000 0.000000 0.000000 1.000000
0.985689 0.146056 -0.084170 -0.000000 -0.113895 0.945119 0.306232 2.330000 0.124278 -0.292263 0.948228 0.000000 0.000000 0.000000 0.000000 1.000000
0.990275 0.106495 -0.089522 0.000000 -0.077219 0.955988 0.283063 2.330000 0.115726 -0.273397 0.954914 0.000000 0.000000 0.000000 0.000000 1.000000
0.994073 0.055129 -0.093702 0.000000 -0.029809 0.967078 0.252727 2.330000 0.104550 -0.248436 0.962990 0.000000 0.000000 0.000000 0.000000 1.000000
0.995568 -0.005395 -0.093886 0.000000 0.025689 0.975985 0.216319 2.330000 0.090464 -0.217772 0.971798 0.000000 0.000000 0.000000 0.000000 1.000000
0.993456 -0.072045 -0.088629 -0.000000 0.086789 0.980607 0.175720 2.330000 0.074251 -0.182262 0.980442 0.000000 0.000000 0.000000 0.000000 1.000000
0.986876 -0.141571 -0.077673 0.000000 0.151010 0.979493 0.133380 2.330000 0.057197 -0.143359 0.988017 0.000000 0.000000 0.000000 0.000000 1.000000
0.975654 -0.210630 -0.061114 -0.000000 0.215619 0.972166 0.091660 2.330000 0.040106 -0.102606 0.993913 0.000000 0.000000 0.000000 0.000000 1.000000
0.960316 -0.276033 -0.039984 0.000000 0.277901 0.959154 0.052866 2.330000 0.023758 -0.061880 0.997801 0.000000 0.000000 0.000000 0.000000 1.000000
0.942085 -0.334983 -0.016163 -0.000000 0.335256 0.941935 0.019025 2.330000 0.008852 -0.023342 0.999688 -0.000000 0.000000 0.000000 0.000000 1.000000
0.922788 -0.385229 0.007828 0.000000 0.385287 0.922760 -0.008285 2.330000 -0.004032 0.010661 0.999935 0.000000 0.000000 0.000000 0.000000 1.000000
0.904689 -0.425077 0.029095 0.000000 0.425828 0.904371 -0.027984 2.330000 -0.014417 0.037706 0.999185 0.000000 0.000000 0.000000 0.000000 1.000000
0.890269 -0.453239 0.044665 0.000000 0.454909 0.889665 -0.039419 2.330000 -0.021871 0.055412 0.998224 0.000000 0.000000 0.000000 0.000000 1.000000
0.881942 -0.468506 0.051781 0.000000 0.470647 0.881314 -0.042149 2.330000 -0.025888 0.061543 0.997769 0.000000 0.000000 0.000000 0.000000 1.000000
0.881408 -0.469289 0.053735 0.000000 0.471450 0.881048 -0.038598 2.330000 -0.029230 0.059354 0.997809 0.000000 0.000000 0.000000 0.000000 1.000000
0.887247 -0.458413 0.051471 0.000000 0.460157 0.887363 -0.029029 2.330000 -0.032366 0.049440 0.998253 -0.000000 0.000000 0.000000 0.000000 1.000000
0.898169 -0.437467 0.043770 0.000000 0.438363 0.898703 -0.013044 2.330000 -0.033630 0.030903 0.998956 0.000000 0.000000 0.000000 0.000000 1.000000
0.912564 -0.407585 0.033185 0.000000 0.407547 0.913147 0.008180 2.330000 -0.033637 0.006060 0.999416 0.000000 0.000000 0.000000 0.000000 1.000000
0.928776 -0.370016 0.021502 0.000000 0.369215 0.928729 0.033796 2.330000 -0.032474 -0.023450 0.999197 0.000000 0.000000 0.000000 0.000000 1.000000
0.945229 -0.326243 0.010357 0.000000 0.325002 0.943626 0.062799 2.330000 -0.030261 -0.055993 0.997972 0.000000 0.000000 0.000000 0.000000 1.000000
0.960565 -0.278054 0.001077 0.000000 0.276727 0.956342 0.093984 2.330000 -0.027162 -0.089980 0.995573 -0.000000 0.000000 0.000000 0.000000 1.000000
0.973755 -0.227532 -0.005453 -0.000000 0.226392 0.965855 0.125978 2.330000 -0.023397 -0.123906 0.992018 0.000000 0.000000 0.000000 0.000000 1.000000
0.984175 -0.176980 -0.008861 -0.000000 0.176155 0.971710 0.157316 2.330000 -0.019231 -0.156387 0.987509 0.000000 0.000000 0.000000 0.000000 1.000000
0.991625 -0.128812 -0.009310 0.000000 0.128279 0.974036 0.186543 2.330000 -0.014960 -0.186175 0.982403 0.000000 0.000000 0.000000 0.000000 1.000000
0.996316 -0.085436 -0.007439 0.000000 0.085064 0.973493 0.212308 2.330000 -0.010897 -0.212159 0.977174 -0.000000 0.000000 0.000000 0.000000 1.000000
0.998782 -0.049168 -0.004245 0.000000 0.048800 0.971150 0.233422 2.330000 -0.007354 -0.233345 0.972366 0.000000 0.000000 0.000000 0.000000 1.000000
0.999753 -0.022196 -0.000919 0.000000 0.021726 0.968298 0.248853 2.330000 -0.004634 -0.248812 0.968541 0.000000 0.000000 0.000000 0.000000 1.000000
0.999977 -0.006601 0.001369 0.000000 0.006025 0.966216 0.257662 2.330000 -0.003023 -0.257648 0.966234 0.000000 0.000000 0.000000 0.000000 1.000000
0.999994 -0.002790 0.001926 0.000000 0.002195 0.965747 0.259476 2.330000 -0.002584 -0.259470 0.965748 0.000000 0.000000 0.000000 0.000000 1.000000
0.999998 0.000441 0.002052 0.000000 -0.000956 0.966092 0.258195 2.330000 -0.001868 -0.258196 0.966091 0.000000 0.000000 0.000000 0.000000 1.000000
0.999971 0.007198 0.002286 0.000000 -0.007543 0.966777 0.255509 2.330000 -0.000371 -0.255519 0.966804 -0.000000 0.000000 0.000000 0.000000 1.000000
0.999850 0.017103 0.002561 -0.000000 -0.017197 0.967688 0.251562 2.330000 0.001824 -0.251568 0.967838 0.000000 0.000000 0.000000 0.000000 1.000000
0.999553 0.029776 0.002795 -0.000000 -0.029546 0.968694 0.246493 2.330000 0.004632 -0.246466 0.969140 0.000000 0.000000 0.000000 0.000000 1.000000
0.998990 0.044833 0.002900 0.000000 -0.044214 0.969655 0.240445 2.330000 0.007968 -0.240331 0.970658 -0.000000 0.000000 0.000000 0.000000 1.000000
0.998079 0.061885 0.002790 0.000000 -0.060824 0.970437 0.233566 2.330000 0.011747 -0.233287 0.972337 0.000000 0.000000 0.000000 0.000000 1.000000
0.996749 0.080540 0.002389 -0.000000 -0.078994 0.970918 0.226005 2.330000 0.015883 -0.225458 0.974123 0.000000 0.000000 0.000000 0.000000 1.000000
0.994945 0.100406 0.001638 0.000000 -0.098348 0.970999 0.217918 2.330000 0.020289 -0.216978 0.975966 -0.000000 0.000000 0.000000 0.000000 1.000000
0.992641 0.121090 0.000497 0.000000 -0.118507 0.970608 0.209467 2.330000 0.024882 -0.207985 0.977816 -0.000000 0.000000 0.000000 0.000000 1.000000
0.989837 0.142201 -0.001051 -0.000000 -0.139095 0.969704 0.200814 2.330000 0.029575 -0.198626 0.979629 -0.000000 0.000000 0.000000 0.000000 1.000000
0.986563 0.163354 -0.002997 -0.000000 -0.159744 0.968283 0.192120 2.330000 0.034286 -0.189060 0.981367 0.000000 0.000000 0.000000 0.000000 1.000000
0.982879 0.184174 -0.005304 -0.000000 -0.180091 0.966373 0.183549 2.330000 0.038930 -0.179451 0.982996 0.000000 0.000000 0.000000 0.000000 1.000000
0.978878 0.204295 -0.007909 -0.000000 -0.199782 0.964040 0.175257 2.330000 0.043429 -0.169975 0.984491 0.000000 0.000000 0.000000 0.000000 1.000000
0.974677 0.223362 -0.010726 0.000000 -0.218472 0.961378 0.167397 2.330000 0.047702 -0.160814 0.985831 0.000000 0.000000 0.000000 0.000000 1.000000
0.970421 0.241035 -0.013646 -0.000000 -0.235826 0.958514 0.160114 2.330000 0.051673 -0.152160 0.987004 0.000000 0.000000 0.000000 0.000000 1.000000
0.966273 0.256989 -0.016542 0.000000 -0.251520 0.955595 0.153547 2.330000 0.055268 -0.144207 0.988003 -0.000000 0.000000 0.000000 0.000000 1.000000
0.962412 0.270907 -0.019275 0.000000 -0.265237 0.952784 0.147825 2.330000 0.058412 -0.137156 0.988826 0.000000 0.000000 0.000000 0.000000 1.000000
0.959027 0.282484 -0.021696 0.000000 -0.276664 0.950256 0.143072 2.330000 0.061032 -0.131207 0.989474 0.000000 0.000000 0.000000 0.000000 1.000000
0.956303 0.291419 -0.023658 0.000000 -0.285497 0.948186 0.139409 2.330000 0.063059 -0.126563 0.989952 -0.000000 0.000000 0.000000 0.000000 1.000000
0.954422 0.297409 -0.025020 0.000000 -0.291424 0.946739 0.136957 2.330000 0.064420 -0.123423 0.990261 0.000000 0.000000 0.000000 0.000000 1.000000
0.953549 0.300145 -0.025655 0.000000 -0.294133 0.946062 0.135838 2.330000 0.065042 -0.121982 0.990399 0.000000 0.000000 0.000000 0.000000 1.000000
0.959780 0.279320 -0.028335 0.000000 -0.273037 0.952133 0.137454 2.330000 0.065372 -0.124189 0.990103 0.000000 0.000000 0.000000 0.000000 1.000000
0.979244 0.198974 -0.038622 0.000000 -0.191769 0.971213 0.141314 2.330000 0.065628 -0.130974 0.989211 0.000000 0.000000 0.000000 0.000000 1.000000
0.995904 0.071908 -0.054818 0.000000 -0.063657 0.988141 0.139735 2.330000 0.064216 -0.135673 0.988670 0.000000 0.000000 0.000000 0.000000 1.000000
0.994200 -0.080607 -0.071200 0.000000 0.089125 0.988029 0.125919 2.330000 0.060198 -0.131534 0.989482 0.000000 0.000000 0.000000 0.000000 1.000000
0.968929 -0.234346 -0.079117 0.000000 0.241520 0.965404 0.098301 2.330000 0.053343 -0.114355 0.992007 -0.000000 0.000000 0.000000 0.000000 1.000000
0.927987 -0.365850 -0.070675 0.000000 0.370124 0.926944 0.061516 2.330000 0.043006 -0.083245 0.995601 0.000000 0.000000 0.000000 0.000000 1.000000
0.888904 -0.456125 -0.042410 0.000000 0.457288 0.889017 0.023167 2.330000 0.027137 -0.039987 0.998832 0.000000 0.000000 0.000000 0.000000 1.000000
0.871324 -0.490691 0.003987 0.000000 0.490701 0.871242 -0.012263 2.330000 0.002544 0.012641 0.999917 0.000000 0.000000 0.000000 0.000000 1.000000
0.889839 -0.453448 0.050699 0.000000 0.455608 0.889040 -0.045053 2.330000 -0.024644 0.063189 0.997697 0.000000 0.000000 0.000000 0.000000 1.000000
0.947683 -0.317336 0.034561 -0.000000 0.319125 0.944391 -0.079277 2.330000 -0.007482 0.086159 0.996253 0.000000 0.000000 0.000000 0.000000 1.000000
0.995849 -0.090338 -0.011111 -0.000000 0.086863 0.979733 -0.180494 2.330000 0.027192 0.178780 0.983513 0.000000 0.000000 0.000000 0.000000 1.000000
0.981175 0.171177 -0.089411 -0.000000 -0.192130 0.912067 -0.362242 2.330000 0.019541 0.372602 0.927786 -0.000000 0.000000 0.000000 0.000000 1.000000
0.917010 0.361278 -0.169030 0.000000 -0.390981 0.730347 -0.560113 2.330000 -0.078906 0.579716 0.810989 -0.000000 0.000000 0.000000 0.000000 1.000000
0.872575 0.435500 -0.221252 0.000000 -0.451770 0.547202 -0.704609 2.330000 -0.185788 0.714780 0.674220 -0.000000 0.000000 0.000000 0.000000 1.000000
0.865697 0.434900 -0.247851 -0.000000 -0.440775 0.427617 -0.789215 2.330000 -0.237244 0.792468 0.561880 -0.000000 0.000000 0.000000 0.000000 1.000000
0.868428 0.419574 -0.264179 -0.000000 -0.429252 0.369567 -0.824114 2.330000 -0.248144 0.829083 0.501045 0.000000 0.000000 0.000000 0.000000 1.000000
0.848566 0.433549 -0.303269 -0.000000 -0.467715 0.346716 -0.813038 2.330000 -0.247344 0.831759 0.496989 -0.000000 0.000000 0.000000 0.000000 1.000000
0.826328 0.465290 -0.317311 0.000000 -0.502738 0.355466 -0.787971 2.330000 -0.253842 0.810647 0.527651 0.000000 0.000000 0.000000 0.000000 1.000000
0.804201 0.509323 -0.306351 0.000000 -0.533816 0.392309 -0.749089 2.330000 -0.261344 0.765953 0.587380 0.000000 0.000000 0.000000 0.000000 1.000000
0.786508 0.555053 -0.270779 0.000000 -0.559494 0.454754 -0.692940 2.330000 -0.261481 0.696502 0.668216 0.000000 0.000000 0.000000 0.000000 1.000000
0.778821 0.589455 -0.214432 0.000000 -0.576600 0.538223 -0.614694 2.330000 -0.246922 0.602378 0.759059 0.000000 0.000000 0.000000 0.000000 1.000000
0.785419 0.600355 -0.150637 0.000000 -0.582004 0.633474 -0.509885 2.330000 -0.210687 0.488144 0.846951 -0.000000 0.000000 0.000000 0.000000 1.000000
0.807698 0.581369 -0.098148 0.000000 -0.570519 0.728656 -0.378905 2.330000 -0.148767 0.362036 0.920216 0.000000 0.000000 0.000000 0.000000 1.000000
0.844295 0.534327 -0.040746 0.000000 -0.527070 0.814282 -0.243190 2.330000 -0.096765 0.226800 0.969122 0.000000 0.000000 0.000000 0.000000 1.000000
0.883804 0.467816 -0.006248 0.000000 -0.465526 0.877990 -0.111442 2.330000 -0.046648 0.101401 0.993751 -0.000000 0.000000 0.000000 0.000000 1.000000
0.917780 0.397071 -0.003753 -0.000000 -0.397055 0.917784 0.004414 2.330000 0.005197 -0.002561 0.999983 0.000000 0.000000 0.000000 0.000000 1.000000
0.941022 0.338046 -0.014236 0.000000 -0.335602 0.937914 0.087687 2.330000 0.042994 -0.077738 0.996046 0.000000 0.000000 0.000000 0.000000 1.000000
0.952151 0.304666 -0.024242 0.000000 -0.299135 0.945247 0.130484 2.330000 0.062668 -0.116988 0.991154 -0.000000 0.000000 0.000000 0.000000 1.000000
0.953639 0.299842 -0.025850 0.000000 -0.293750 0.946051 0.136742 2.330000 0.065457 -0.122808 0.990269 0.000000 0.000000 0.000000 0.000000 1.000000
0.954638 0.296571 -0.026675 -0.000000 -0.290006 0.946335 0.142639 2.330000 0.067546 -0.128433 0.989415 0.000000 0.000000 0.000000 0.000000 1.000000
0.956427 0.290598 -0.028276 0.000000 -0.283127 0.946753 0.153290 2.330000 0.071316 -0.138605 0.987777 0.000000 0.000000 0.000000 0.000000 1.000000
0.958839 0.282286 -0.030707 0.000000 -0.273460 0.947123 0.167863 2.330000 0.076469 -0.152557 0.985332 -0.000000 0.000000 0.000000 0.000000 1.000000
0.961696 0.271997 -0.034035 0.000000 -0.261345 0.947250 0.185515 2.330000 0.082699 -0.169514 0.982052 0.000000 0.000000 0.000000 0.000000 1.000000
0.964818 0.260114 -0.038305 0.000000 -0.247145 0.946959 0.205395 2.330000 0.089700 -0.188702 0.977929 0.000000 0.000000 0.000000 0.000000 1.000000
0.968026 0.247048 -0.043514 -0.000000 -0.231268 0.946119 0.226660 2.330000 0.097165 -0.209349 0.973001 0.000000 0.000000 0.000000 0.000000 1.000000
0.971154 0.233241 -0.049585 0.000000 -0.214190 0.944658 0.248484 2.330000 0.104798 -0.230695 0.967366 0.000000 0.000000 0.000000 0.000000 1.000000
0.974057 0.219171 -0.056359 0.000000 -0.196462 0.942583 0.270072 2.330000 0.112315 -0.251993 0.961189 0.000000 0.000000 0.000000 0.000000 1.000000
0.976623 0.205338 -0.063584 0.000000 -0.178710 0.939984 0.290677 2.330000 0.119455 -0.272519 0.954706 0.000000 0.000000 0.000000 0.000000 1.000000
0.978777 0.192267 -0.070919 -0.000000 -0.161633 0.937028 0.309603 2.330000 0.125979 -0.291570 0.948218 -0.000000 0.000000 0.000000 0.000000 1.000000
0.980484 0.180488 -0.077946 -0.000000 -0.145990 0.933954 0.326215 2.330000 0.131676 -0.308469 0.942076 0.000000 0.000000 0.000000 0.000000 1.000000</float_array>
        <technique_common>
          <accessor source="#mixamorig_LeftHandThumb3-Matrix-animation-output-transform-array" count="91" stride="16">
            <param type="float4x4"/>
          </accessor>
        </technique_common>
      </source>
      <source id="mixamorig_LeftHandThumb3-Interpolations">
        <Name_array id="mixamorig_LeftHandThumb3-Interpolations-array" count="91">
 LINEAR LINEAR LINEAR LINEAR LINEAR LINEAR LINEAR LINEAR LINEAR LINEAR LINEAR
LINEAR LINEAR LINEAR LINEAR LINEAR LINEAR LINEAR LINEAR LINEAR LINEAR LINEAR LINEAR
LINEAR LINEAR LINEAR LINEAR LINEAR LINEAR LINEAR LINEAR LINEAR LINEAR LINEAR LINEAR
LINEAR LINEAR LINEAR LINEAR LINEAR LINEAR LINEAR LINEAR LINEAR LINEAR LINEAR LINEAR
LINEAR LINEAR LINEAR LINEAR LINEAR LINEAR LINEAR LINEAR LINEAR LINEAR LINEAR LINEAR
LINEAR LINEAR LINEAR LINEAR LINEAR LINEAR LINEAR LINEAR LINEAR LINEAR LINEAR LINEAR
LINEAR LINEAR LINEAR LINEAR LINEAR LINEAR LINEAR LINEAR LINEAR LINEAR LINEAR LINEAR
LINEAR LINEAR LINEAR LINEAR LINEAR LINEAR LINEAR LINEAR</Name_array>
        <technique_common>
          <accessor source="#mixamorig_LeftHandThumb3-Interpolations-array" count="91">
            <param type="name"/>
          </accessor>
        </technique_common>
      </source>
      <sampler id="mixamorig_LeftHandThumb3-Matrix-animation-transform">
        <input semantic="INPUT" source="#mixamorig_LeftHandThumb3-Matrix-animation-input"/>
        <input semantic="OUTPUT" source="#mixamorig_LeftHandThumb3-Matrix-animation-output-transform"/>
        <input semantic="INTERPOLATION" source="#mixamorig_LeftHandThumb3-Interpolations"/>
      </sampler>
      <channel source="#mixamorig_LeftHandThumb3-Matrix-animation-transform" target="mixamorig_LeftHandThumb3/matrix"/>
    </animation>
    <animation id="mixamorig_LeftHandIndex1-anim" name="mixamorig_LeftHandIndex1">
      <source id="mixamorig_LeftHandIndex1-Matrix-animation-input">
        <float_array id="mixamorig_LeftHandIndex1-Matrix-animation-input-array" count="91">

0.000000 0.033333 0.066667 0.100000 0.133333 0.166667 0.200000 0.233333 0.266667 0.300000 0.333333 0.366667 0.400000 0.433333 0.466667 0.500000
0.533333 0.566667 0.600000 0.633333 0.666667 0.700000 0.733333 0.766667 0.800000 0.833333 0.866667 0.900000 0.933333 0.966667 1.000000 1.033333
1.066667 1.100000 1.133333 1.166667 1.200000 1.233333 1.266667 1.300000 1.333333 1.366667 1.400000 1.433333 1.466667 1.500000 1.533333 1.566667
1.600000 1.633333 1.666667 1.700000 1.733333 1.766667 1.800000 1.833333 1.866667 1.900000 1.933333 1.966667 2.000000 2.033333 2.066667 2.100000
2.133333 2.166667 2.200000 2.233333 2.266667 2.300000 2.333333 2.366667 2.400000 2.433333 2.466667 2.500000 2.533333 2.566667 2.600000 2.633333
2.666667 2.700000 2.733333 2.766667 2.800000 2.833333 2.866667 2.900000 2.933333 2.966667 3.000000</float_array>
        <technique_common>
          <accessor source="#mixamorig_LeftHandIndex1-Matrix-animation-input-array" count="91">
            <param name="TIME" type="float"/>
          </accessor>
        </technique_common>
      </source>
      <source id="mixamorig_LeftHandIndex1-Matrix-animation-output-transform">
        <float_array id="mixamorig_LeftHandIndex1-Matrix-animation-output-transform-array" count="1456">

0.999816 -0.012972 0.014142 -2.356400 0.017430 0.922194 -0.386334 11.078700 -0.008031 0.386510 0.922250 0.085400 0.000000 0.000000 0.000000 1.000000
0.999805 -0.014131 0.013796 -2.356400 0.018351 0.922856 -0.384709 11.078700 -0.007295 0.384887 0.922935 0.085400 0.000000 0.000000 0.000000 1.000000
0.999767 -0.017370 0.012817 -2.356400 0.020939 0.924671 -0.380191 11.078700 -0.005248 0.380371 0.924819 0.085400 0.000000 0.000000 0.000000 1.000000
0.999686 -0.022347 0.011296 -2.356400 0.024949 0.927373 -0.373306 11.078700 -0.002133 0.373471 0.927640 0.085400 0.000000 0.000000 0.000000 1.000000
0.999544 -0.028719 0.009322 -2.356400 0.030141 0.930685 -0.364578 11.078700 0.001795 0.364693 0.931126 0.085400 0.000000 0.000000 0.000000 1.000000
0.999322 -0.036144 0.006984 -2.356400 0.036272 0.934339 -0.354536 11.078700 0.006289 0.354549 0.935016 0.085400 0.000000 0.000000 0.000000 1.000000
0.999010 -0.044276 0.004374 -2.356400 0.043081 0.938087 -0.343709 11.078700 0.011115 0.343558 0.939066 0.085400 0.000000 0.000000 0.000000 1.000000
0.998606 -0.052768 0.001586 -2.356400 0.050290 0.941714 -0.332633 11.078700 0.016059 0.332249 0.943055 0.085400 0.000000 0.000000 0.000000 1.000000
0.998120 -0.061272 -0.001289 -2.356400 0.057598 0.945040 -0.321841 11.078700 0.020938 0.321162 0.946793 0.085400 0.000000 0.000000 0.000000 1.000000
0.997578 -0.069438 -0.004155 -2.356400 0.064683 0.947921 -0.311867 11.078700 0.025594 0.310843 0.950117 0.085400 0.000000 0.000000 0.000000 1.000000
0.997014 -0.076916 -0.006915 -2.356400 0.071205 0.950249 -0.303243 11.078700 0.029895 0.301845 0.952888 0.085400 0.000000 0.000000 0.000000 1.000000
0.996475 -0.083355 -0.009476 -2.356400 0.076811 0.951940 -0.296496 11.078700 0.033735 0.294723 0.954987 0.085400 0.000000 0.000000 0.000000 1.000000
0.996015 -0.088405 -0.011742 -2.356400 0.081136 0.952925 -0.292149 11.078700 0.037016 0.290033 0.956301 0.085400 0.000000 0.000000 0.000000 1.000000
0.995692 -0.091716 -0.013620 -2.356400 0.083819 0.953130 -0.290720 11.078700 0.039645 0.288326 0.956711 0.085400 0.000000 0.000000 0.000000 1.000000
0.995558 -0.092940 -0.015018 -2.356400 0.084501 0.952457 -0.292720 11.078700 0.041510 0.290151 0.956080 0.085400 0.000000 0.000000 0.000000 1.000000
0.995651 -0.091848 -0.015581 -2.356400 0.083018 0.950651 -0.298951 11.078700 0.042270 0.296357 0.954141 0.085400 0.000000 0.000000 0.000000 1.000000
0.995926 -0.088669 -0.016427 -2.356400 0.079265 0.947620 -0.309407 11.078700 0.043001 0.306845 0.950788 0.085400 0.000000 0.000000 0.000000 1.000000
0.996337 -0.083739 -0.017316 -2.356400 0.073670 0.943399 -0.323374 11.078700 0.043415 0.320914 0.946113 0.085400 0.000000 0.000000 0.000000 1.000000
0.996843 -0.077389 -0.017730 -2.356400 0.066772 0.938004 -0.340133 11.078700 0.042953 0.337875 0.940210 0.085400 0.000000 0.000000 0.000000 1.000000
0.997387 -0.069962 -0.018009 -2.356400 0.058861 0.931517 -0.358903 11.078700 0.041886 0.356905 0.933201 0.085400 0.000000 0.000000 0.000000 1.000000
0.997923 -0.061796 -0.018193 -2.356400 0.050313 0.924055 -0.378935 11.078700 0.040228 0.377233 0.925244 0.085400 0.000000 0.000000 0.000000 1.000000
0.998415 -0.053224 -0.018304 -2.356400 0.041495 0.915796 -0.399496 11.078700 0.038025 0.398103 0.916552 0.085400 0.000000 0.000000 0.000000 1.000000
0.998837 -0.044574 -0.018364 -2.356400 0.032756 0.906995 -0.419866 11.078700 0.035371 0.418777 0.907400 0.085400 0.000000 0.000000 0.000000 1.000000
0.999176 -0.036173 -0.018390 -2.356400 0.024423 0.897982 -0.439353 11.078700 0.032406 0.438542 0.898126 0.085400 0.000000 0.000000 0.000000 1.000000
0.999429 -0.028339 -0.018392 -2.356400 0.016797 0.889160 -0.457288 11.078700 0.029312 0.456718 0.889129 0.085400 0.000000 0.000000 0.000000 1.000000
0.999602 -0.021385 -0.018381 -2.356400 0.010150 0.880991 -0.473024 11.078700 0.026309 0.472649 0.880858 0.085400 0.000000 0.000000 0.000000 1.000000
0.999709 -0.015622 -0.018362 -2.356400 0.004732 0.873981 -0.485936 11.078700 0.023640 0.485708 0.873801 0.085400 0.000000 0.000000 0.000000 1.000000
0.999767 -0.011358 -0.018342 -2.356400 0.000779 0.868657 -0.495413 11.078700 0.021560 0.495284 0.868464 0.085400 0.000000 0.000000 0.000000 1.000000
0.999792 -0.008898 -0.018328 -2.356400 -0.001478 0.865537 -0.500843 11.078700 0.020320 0.500766 0.865344 0.085400 0.000000 0.000000 0.000000 1.000000
0.999799 -0.008424 -0.018173 -2.356400 -0.001832 0.865000 -0.501768 11.078700 0.019947 0.501701 0.864811 0.085400 0.000000 0.000000 0.000000 1.000000
0.999818 -0.009115 -0.016745 -2.356400 -0.000459 0.866525 -0.499133 11.078700 0.019060 0.499050 0.866363 0.085400 0.000000 0.000000 0.000000 1.000000
0.999850 -0.010564 -0.013761 -2.356400 0.002395 0.869687 -0.493598 11.078700 0.017182 0.493490 0.869581 0.085400 0.000000 0.000000 0.000000 1.000000
0.999875 -0.012695 -0.009387 -2.356400 0.006542 0.874256 -0.485421 11.078700 0.014369 0.485300 0.874230 0.085400 0.000000 0.000000 0.000000 1.000000
0.999874 -0.015435 -0.003795 -2.356400 0.011782 0.879986 -0.474853 11.078700 0.010669 0.474748 0.880057 0.085400 0.000000 0.000000 0.000000 1.000000
0.999821 -0.018713 0.002845 -2.356400 0.017910 0.886627 -0.462139 11.078700 0.006125 0.462107 0.886803 0.085400 0.000000 0.000000 0.000000 1.000000
0.999694 -0.022453 0.010363 -2.356400 0.024717 0.893927 -0.447531 11.078700 0.000785 0.447650 0.894209 0.085400 0.000000 0.000000 0.000000 1.000000
0.999474 -0.026583 0.018586 -2.356400 0.032002 0.901646 -0.431290 11.078700 -0.005293 0.431658 0.902022 0.085400 0.000000 0.000000 0.000000 1.000000
0.999144 -0.031026 0.027346 -2.356400 0.039567 0.909556 -0.413694 11.078700 -0.012037 0.414422 0.910005 0.085400 0.000000 0.000000 0.000000 1.000000
0.998697 -0.035704 0.036472 -2.356400 0.047226 0.917451 -0.395037 11.078700 -0.019357 0.396244 0.917941 0.085400 0.000000 0.000000 0.000000 1.000000
0.998128 -0.040536 0.045798 -2.356400 0.054808 0.925146 -0.375633 11.078700 -0.027143 0.377440 0.925636 0.085400 0.000000 0.000000 0.000000 1.000000
0.997443 -0.045440 0.055158 -2.356400 0.062158 0.932487 -0.355816 11.078700 -0.035266 0.358335 0.932927 0.085400 0.000000 0.000000 0.000000 1.000000
0.996655 -0.050331 0.064390 -2.356400 0.069141 0.939343 -0.335937 11.078700 -0.043576 0.339266 0.939681 0.085400 0.000000 0.000000 0.000000 1.000000
0.995783 -0.055122 0.073335 -2.356400 0.075644 0.945617 -0.316365 11.078700 -0.051908 0.320578 0.945799 0.085400 0.000000 0.000000 0.000000 1.000000
0.994855 -0.059725 0.081836 -2.356400 0.081577 0.951237 -0.297479 11.078700 -0.060079 0.302624 0.951214 0.085400 0.000000 0.000000 0.000000 1.000000
0.993904 -0.064047 0.089742 -2.356400 0.086867 0.956157 -0.279673 11.078700 -0.067895 0.285764 0.955892 0.085400 0.000000 0.000000 0.000000 1.000000
0.992969 -0.067997 0.096901 -2.356400 0.091463 0.960356 -0.263345 11.078700 -0.075153 0.270356 0.959823 0.085400 0.000000 0.000000 0.000000 1.000000
0.992092 -0.071485 0.103167 -2.356400 0.095331 0.963827 -0.248897 11.078700 -0.081643 0.256763 0.963020 0.085400 0.000000 0.000000 0.000000 1.000000
0.991319 -0.074415 0.108396 -2.356400 0.098443 0.966575 -0.236731 11.078700 -0.087156 0.245347 0.965510 0.085400 0.000000 0.000000 0.000000 1.000000
0.990694 -0.076695 0.112441 -2.356400 0.100778 0.968608 -0.227250 11.078700 -0.091482 0.236467 0.967323 0.085400 0.000000 0.000000 0.000000 1.000000
0.990262 -0.078234 0.115158 -2.356400 0.102310 0.969927 -0.220848 11.078700 -0.094417 0.230479 0.968486 0.085400 0.000000 0.000000 0.000000 1.000000
0.990060 -0.078939 0.116401 -2.356400 0.103000 0.970518 -0.217911 11.078700 -0.095767 0.227734 0.969002 0.085400 0.000000 0.000000 0.000000 1.000000
0.990250 -0.079720 0.114235 -2.356400 0.103126 0.970831 -0.216452 11.078700 -0.093648 0.226122 0.969587 0.085400 0.000000 0.000000 0.000000 1.000000
0.991012 -0.082348 0.105422 -2.356400 0.103355 0.971661 -0.212587 11.078700 -0.084929 0.221572 0.971439 0.085400 0.000000 0.000000 0.000000 1.000000
0.992095 -0.086274 0.091127 -2.356400 0.103695 0.972590 -0.208123 11.078700 -0.070674 0.215927 0.973848 0.085400 0.000000 0.000000 0.000000 1.000000
0.993200 -0.090680 0.073012 -2.356400 0.103954 0.973119 -0.205508 11.078700 -0.052414 0.211700 0.975928 0.085400 0.000000 0.000000 0.000000 1.000000
0.994103 -0.094750 0.052749 -2.356400 0.103711 0.972795 -0.207155 11.078700 -0.031686 0.211404 0.976885 0.085400 0.000000 0.000000 0.000000 1.000000
0.994704 -0.097669 0.032010 -2.356400 0.102288 0.971151 -0.215412 11.078700 -0.010047 0.217546 0.975998 0.085400 0.000000 0.000000 0.000000 1.000000
0.995046 -0.098637 0.012451 -2.356400 0.098822 0.967560 -0.232514 11.078700 0.010887 0.232592 0.972513 0.085400 0.000000 0.000000 0.000000 1.000000
0.995287 -0.096880 -0.004310 -2.356400 0.092417 0.961023 -0.260563 11.078700 0.029385 0.258936 0.965447 0.085400 0.000000 0.000000 0.000000 1.000000
0.995676 -0.091532 -0.015852 -2.356400 0.082476 0.949560 -0.302544 11.078700 0.042745 0.299929 0.953003 0.085400 0.000000 0.000000 0.000000 1.000000
0.996502 -0.080771 -0.021438 -2.356400 0.067127 0.926467 -0.370341 11.078700 0.049775 0.367607 0.928648 0.085400 0.000000 0.000000 0.000000 1.000000
0.997390 -0.065801 -0.029734 -2.356400 0.044827 0.887073 -0.459447 11.078700 0.056608 0.456915 0.887707 0.085400 0.000000 0.000000 0.000000 1.000000
0.997984 -0.049286 -0.039976 -2.356400 0.018851 0.831740 -0.554845 11.078700 0.060595 0.552973 0.830993 0.085400 0.000000 0.000000 0.000000 1.000000
0.998136 -0.033533 -0.050986 -2.356400 -0.007132 0.765671 -0.643192 11.078700 0.060607 0.642357 0.764005 0.085400 0.000000 0.000000 0.000000 1.000000
0.997917 -0.020315 -0.061229 -2.356400 -0.029602 0.699098 -0.714412 11.078700 0.057319 0.714737 0.697041 0.085400 0.000000 0.000000 0.000000 1.000000
0.997558 -0.010867 -0.068994 -2.356400 -0.045680 0.645747 -0.762184 11.078700 0.052836 0.763474 0.643674 0.085400 0.000000 0.000000 0.000000 1.000000
0.997530 -0.006028 -0.069983 -2.356400 -0.051209 0.619533 -0.783299 11.078700 0.048078 0.784948 0.617694 0.085400 0.000000 0.000000 0.000000 1.000000
0.998014 -0.004853 -0.062810 -2.356400 -0.046226 0.620965 -0.782474 11.078700 0.042800 0.783823 0.619507 0.085400 0.000000 0.000000 0.000000 1.000000
0.998713 -0.006073 -0.050354 -2.356400 -0.034706 0.642150 -0.765793 11.078700 0.036985 0.766555 0.641113 0.085400 0.000000 0.000000 0.000000 1.000000
0.999386 -0.009465 -0.033743 -2.356400 -0.018379 0.678266 -0.734587 11.078700 0.029840 0.734756 0.677675 0.085400 0.000000 0.000000 0.000000 1.000000
0.999789 -0.014862 -0.014155 -2.356400 0.000995 0.723953 -0.689848 11.078700 0.020500 0.689689 0.723816 0.085400 0.000000 0.000000 0.000000 1.000000
0.999731 -0.022057 0.007208 -2.356400 0.021637 0.773825 -0.633030 11.078700 0.008385 0.633015 0.774094 0.085400 0.000000 0.000000 0.000000 1.000000
0.999103 -0.030730 0.029146 -2.356400 0.041840 0.822964 -0.566551 11.078700 -0.006576 0.567262 0.823511 0.085400 0.000000 0.000000 0.000000 1.000000
0.997906 -0.040415 0.050506 -2.356400 0.060130 0.867387 -0.493988 11.078700 -0.023844 0.495991 0.868000 0.085400 0.000000 0.000000 0.000000 1.000000
0.996252 -0.050488 0.070228 -2.356400 0.075438 0.904391 -0.419982 11.078700 -0.042309 0.423706 0.904811 0.085400 0.000000 0.000000 0.000000 1.000000
0.994355 -0.060197 0.087379 -2.356400 0.087214 0.932709 -0.349925 11.078700 -0.060435 0.355570 0.932694 0.085400 0.000000 0.000000 0.000000 1.000000
0.992495 -0.068698 0.101163 -2.356400 0.095436 0.952389 -0.289563 11.078700 -0.076455 0.297044 0.951798 0.085400 0.000000 0.000000 0.000000 1.000000
0.990991 -0.075111 0.110887 -2.356400 0.100469 0.964396 -0.244637 11.078700 -0.088564 0.253574 0.963253 0.085400 0.000000 0.000000 0.000000 1.000000
0.990149 -0.078570 0.115899 -2.356400 0.102792 0.969924 -0.220640 11.078700 -0.095078 0.230379 0.968445 0.085400 0.000000 0.000000 0.000000 1.000000
0.990127 -0.078669 0.116013 -2.356400 0.102708 0.970409 -0.218536 11.078700 -0.095388 0.228294 0.968908 0.085400 0.000000 0.000000 0.000000 1.000000
0.990623 -0.076703 0.113061 -2.356400 0.100603 0.969432 -0.223786 11.078700 -0.092440 0.233062 0.968058 0.085400 0.000000 0.000000 0.000000 1.000000
0.991488 -0.073146 0.107705 -2.356400 0.096722 0.967593 -0.233257 11.078700 -0.087153 0.241689 0.966432 0.085400 0.000000 0.000000 0.000000 1.000000
0.992611 -0.068261 0.100317 -2.356400 0.091238 0.964916 -0.246195 11.078700 -0.079992 0.253529 0.964015 0.085400 0.000000 0.000000 0.000000 1.000000
0.993874 -0.062316 0.091272 -2.356400 0.084327 0.961421 -0.261838 11.078700 -0.071435 0.267931 0.960786 0.085400 0.000000 0.000000 0.000000 1.000000
0.995168 -0.055573 0.080949 -2.356400 0.076178 0.957140 -0.279427 11.078700 -0.061951 0.284243 0.956749 0.085400 0.000000 0.000000 0.000000 1.000000
0.996396 -0.048297 0.069731 -2.356400 0.067022 0.952142 -0.298217 11.078700 -0.051990 0.301816 0.951947 0.085400 0.000000 0.000000 0.000000 1.000000
0.997484 -0.040750 0.058009 -2.356400 0.057133 0.946538 -0.317491 11.078700 -0.041970 0.320007 0.946485 0.085400 0.000000 0.000000 0.000000 1.000000
0.998381 -0.033191 0.046182 -2.356400 0.046835 0.940495 -0.336564 11.078700 -0.032263 0.338182 0.940527 0.085400 0.000000 0.000000 0.000000 1.000000
0.999064 -0.025874 0.034655 -2.356400 0.036502 0.934233 -0.354790 11.078700 -0.023196 0.355723 0.934303 0.085400 0.000000 0.000000 0.000000 1.000000
0.999534 -0.019052 0.023838 -2.356400 0.026550 0.928026 -0.371568 11.078700 -0.015043 0.372027 0.928100 0.085400 0.000000 0.000000 0.000000 1.000000
0.999816 -0.012972 0.014142 -2.356400 0.017430 0.922194 -0.386334 11.078700 -0.008031 0.386509 0.922250 0.085400 0.000000 0.000000 0.000000 1.000000</float_array>
        <technique_common>
          <accessor source="#mixamorig_LeftHandIndex1-Matrix-animation-output-transform-array" count="91" stride="16">
            <param type="float4x4"/>
          </accessor>
        </technique_common>
      </source>
      <source id="mixamorig_LeftHandIndex1-Interpolations">
        <Name_array id="mixamorig_LeftHandIndex1-Interpolations-array" count="91">
 LINEAR LINEAR LINEAR LINEAR LINEAR LINEAR LINEAR LINEAR LINEAR LINEAR LINEAR
LINEAR LINEAR LINEAR LINEAR LINEAR LINEAR LINEAR LINEAR LINEAR LINEAR LINEAR LINEAR
LINEAR LINEAR LINEAR LINEAR LINEAR LINEAR LINEAR LINEAR LINEAR LINEAR LINEAR LINEAR
LINEAR LINEAR LINEAR LINEAR LINEAR LINEAR LINEAR LINEAR LINEAR LINEAR LINEAR LINEAR
LINEAR LINEAR LINEAR LINEAR LINEAR LINEAR LINEAR LINEAR LINEAR LINEAR LINEAR LINEAR
LINEAR LINEAR LINEAR LINEAR LINEAR LINEAR LINEAR LINEAR LINEAR LINEAR LINEAR LINEAR
LINEAR LINEAR LINEAR LINEAR LINEAR LINEAR LINEAR LINEAR LINEAR LINEAR LINEAR LINEAR
LINEAR LINEAR LINEAR LINEAR LINEAR LINEAR LINEAR LINEAR</Name_array>
        <technique_common>
          <accessor source="#mixamorig_LeftHandIndex1-Interpolations-array" count="91">
            <param type="name"/>
          </accessor>
        </technique_common>
      </source>
      <sampler id="mixamorig_LeftHandIndex1-Matrix-animation-transform">
        <input semantic="INPUT" source="#mixamorig_LeftHandIndex1-Matrix-animation-input"/>
        <input semantic="OUTPUT" source="#mixamorig_LeftHandIndex1-Matrix-animation-output-transform"/>
        <input semantic="INTERPOLATION" source="#mixamorig_LeftHandIndex1-Interpolations"/>
      </sampler>
      <channel source="#mixamorig_LeftHandIndex1-Matrix-animation-transform" target="mixamorig_LeftHandIndex1/matrix"/>
    </animation>
    <animation id="mixamorig_LeftHandIndex2-anim" name="mixamorig_LeftHandIndex2">
      <source id="mixamorig_LeftHandIndex2-Matrix-animation-input">
        <float_array id="mixamorig_LeftHandIndex2-Matrix-animation-input-array" count="91">

0.000000 0.033333 0.066667 0.100000 0.133333 0.166667 0.200000 0.233333 0.266667 0.300000 0.333333 0.366667 0.400000 0.433333 0.466667 0.500000
0.533333 0.566667 0.600000 0.633333 0.666667 0.700000 0.733333 0.766667 0.800000 0.833333 0.866667 0.900000 0.933333 0.966667 1.000000 1.033333
1.066667 1.100000 1.133333 1.166667 1.200000 1.233333 1.266667 1.300000 1.333333 1.366667 1.400000 1.433333 1.466667 1.500000 1.533333 1.566667
1.600000 1.633333 1.666667 1.700000 1.733333 1.766667 1.800000 1.833333 1.866667 1.900000 1.933333 1.966667 2.000000 2.033333 2.066667 2.100000
2.133333 2.166667 2.200000 2.233333 2.266667 2.300000 2.333333 2.366667 2.400000 2.433333 2.466667 2.500000 2.533333 2.566667 2.600000 2.633333
2.666667 2.700000 2.733333 2.766667 2.800000 2.833333 2.866667 2.900000 2.933333 2.966667 3.000000</float_array>
        <technique_common>
          <accessor source="#mixamorig_LeftHandIndex2-Matrix-animation-input-array" count="91">
            <param name="TIME" type="float"/>
          </accessor>
        </technique_common>
      </source>
      <source id="mixamorig_LeftHandIndex2-Matrix-animation-output-transform">
        <float_array id="mixamorig_LeftHandIndex2-Matrix-animation-output-transform-array" count="1456">

0.998232 0.056922 -0.017092 0.000000 -0.056922 0.832959 -0.550399 2.455600 -0.017093 0.550399 0.834727 0.000000 0.000000 0.000000 0.000000 1.000000
0.998268 0.056401 -0.016751 0.000000 -0.056401 0.836300 -0.545364 2.455600 -0.016751 0.545364 0.838032 0.000000 0.000000 0.000000 0.000000 1.000000
0.998364 0.054949 -0.015821 0.000000 -0.054949 0.845385 -0.531324 2.455600 -0.015821 0.531324 0.847021 0.000000 0.000000 0.000000 0.000000 1.000000
0.998505 0.052719 -0.014458 -0.000000 -0.052719 0.858702 -0.509757 2.455600 -0.014458 0.509757 0.860197 -0.000000 0.000000 0.000000 0.000000 1.000000
0.998674 0.049861 -0.012823 0.000000 -0.049861 0.874682 -0.482126 2.455600 -0.012823 0.482126 0.876008 0.000000 0.000000 0.000000 0.000000 1.000000
0.998855 0.046537 -0.011069 0.000000 -0.046537 0.891827 -0.449977 2.455600 -0.011069 0.449977 0.892972 0.000000 0.000000 0.000000 0.000000 1.000000
0.999035 0.042918 -0.009330 -0.000000 -0.042918 0.908817 -0.414983 2.455600 -0.009330 0.414983 0.909781 0.000000 0.000000 0.000000 0.000000 1.000000
0.999202 0.039193 -0.007717 -0.000000 -0.039193 0.924580 -0.378967 2.455600 -0.007717 0.378967 0.925378 0.000000 0.000000 0.000000 0.000000 1.000000
0.999347 0.035565 -0.006310 -0.000000 -0.035565 0.938336 -0.343890 2.455600 -0.006310 0.343890 0.938989 0.000000 0.000000 0.000000 0.000000 1.000000
0.999467 0.032248 -0.005158 0.000000 -0.032248 0.949596 -0.311814 2.455600 -0.005158 0.311814 0.950129 -0.000000 0.000000 0.000000 0.000000 1.000000
0.999557 0.029461 -0.004286 0.000000 -0.029461 0.958114 -0.284867 2.455600 -0.004286 0.284867 0.958557 0.000000 0.000000 0.000000 0.000000 1.000000
0.999617 0.027426 -0.003704 0.000000 -0.027426 0.963806 -0.265192 2.455600 -0.003704 0.265192 0.964189 -0.000000 0.000000 0.000000 0.000000 1.000000
0.999647 0.026363 -0.003417 0.000000 -0.026363 0.966605 -0.254912 2.455600 -0.003417 0.254912 0.966958 0.000000 0.000000 0.000000 0.000000 1.000000
0.999643 0.026485 -0.003450 0.000000 -0.026485 0.966289 -0.256094 2.455600 -0.003449 0.256094 0.966646 0.000000 0.000000 0.000000 0.000000 1.000000
0.999601 0.027996 -0.003862 0.000000 -0.027996 0.962257 -0.270698 2.455600 -0.003862 0.270698 0.962656 -0.000000 0.000000 0.000000 0.000000 1.000000
0.999506 0.031071 -0.004779 0.000000 -0.031071 0.953296 -0.300437 2.455600 -0.004779 0.300437 0.953790 -0.000000 0.000000 0.000000 0.000000 1.000000
0.999320 0.036293 -0.006579 -0.000000 -0.036293 0.935700 -0.350926 2.455600 -0.006580 0.350926 0.936380 0.000000 0.000000 0.000000 0.000000 1.000000
0.998991 0.043832 -0.009754 -0.000000 -0.043832 0.904681 -0.423829 2.455600 -0.009754 0.423829 0.905689 -0.000000 0.000000 0.000000 0.000000 1.000000
0.998487 0.053004 -0.014628 0.000000 -0.053004 0.857042 -0.512514 2.455600 -0.014628 0.512514 0.858554 -0.000000 0.000000 0.000000 0.000000 1.000000
0.997781 0.063028 -0.021455 0.000000 -0.063028 0.790328 -0.609434 2.455600 -0.021455 0.609434 0.792547 -0.000000 0.000000 0.000000 0.000000 1.000000
0.996865 0.073082 -0.030311 0.000000 -0.073082 0.703778 -0.706650 2.455600 -0.030311 0.706650 0.706913 0.000000 0.000000 0.000000 0.000000 1.000000
0.995755 0.082382 -0.041043 0.000000 -0.082382 0.598896 -0.796578 2.455600 -0.041043 0.796578 0.603140 0.000000 0.000000 0.000000 0.000000 1.000000
0.994492 0.090271 -0.053255 -0.000000 -0.090271 0.479553 -0.872858 2.455600 -0.053255 0.872858 0.485060 0.000000 0.000000 0.000000 0.000000 1.000000
0.993139 0.096302 -0.066344 0.000000 -0.096301 0.351636 -0.931170 2.455600 -0.066344 0.931170 0.358497 0.000000 0.000000 0.000000 0.000000 1.000000
0.991770 0.100297 -0.079577 0.000000 -0.100297 0.222312 -0.969803 2.455600 -0.079577 0.969803 0.230542 0.000000 0.000000 0.000000 0.000000 1.000000
0.990467 0.102365 -0.092182 0.000000 -0.102365 0.099126 -0.989796 2.455600 -0.092182 0.989796 0.108660 0.000000 0.000000 0.000000 0.000000 1.000000
0.989303 0.102865 -0.103433 0.000000 -0.102865 -0.010821 -0.994636 2.455600 -0.103433 0.994636 -0.000124 0.000000 0.000000 0.000000 0.000000 1.000000
0.988344 0.102340 -0.112705 0.000000 -0.102341 -0.101431 -0.989565 2.455600 -0.112704 0.989565 -0.089776 0.000000 0.000000 0.000000 0.000000 1.000000
0.987643 0.101414 -0.119488 0.000000 -0.101414 -0.167722 -0.980604 2.455600 -0.119488 0.980604 -0.155365 0.000000 0.000000 0.000000 0.000000 1.000000
0.987242 0.100675 -0.123357 0.000000 -0.100675 -0.205539 -0.973457 2.455600 -0.123357 0.973457 -0.192781 0.000000 0.000000 0.000000 0.000000 1.000000
0.987167 0.100518 -0.124085 0.000000 -0.100518 -0.212653 -0.971944 2.455600 -0.124085 0.971944 -0.199820 0.000000 0.000000 0.000000 0.000000 1.000000
0.987302 0.100795 -0.122781 -0.000000 -0.100795 -0.199910 -0.974616 2.455600 -0.122781 0.974616 -0.187212 0.000000 0.000000 0.000000 0.000000 1.000000
0.987586 0.101319 -0.120033 0.000000 -0.101319 -0.173046 -0.979689 2.455600 -0.120032 0.979689 -0.160632 0.000000 0.000000 0.000000 0.000000 1.000000
0.988006 0.101952 -0.115972 0.000000 -0.101952 -0.133367 -0.985809 2.455600 -0.115972 0.985809 -0.121373 0.000000 0.000000 0.000000 0.000000 1.000000
0.988547 0.102523 -0.110738 0.000000 -0.102523 -0.082218 -0.991327 2.455600 -0.110738 0.991327 -0.070766 0.000000 0.000000 0.000000 0.000000 1.000000
0.989195 0.102848 -0.104481 0.000000 -0.102848 -0.021068 -0.994474 2.455600 -0.104481 0.994474 -0.010263 0.000000 0.000000 0.000000 0.000000 1.000000
0.989930 0.102750 -0.097370 0.000000 -0.102750 0.048429 -0.993528 2.455600 -0.097370 0.993528 0.058499 0.000000 0.000000 0.000000 0.000000 1.000000
0.990734 0.102072 -0.089596 -0.000000 -0.102072 0.124406 -0.986967 2.455600 -0.089595 0.986967 0.133671 0.000000 0.000000 0.000000 0.000000 1.000000
0.991585 0.100691 -0.081369 -0.000000 -0.100691 0.204803 -0.973610 2.455600 -0.081369 0.973610 0.213218 0.000000 0.000000 0.000000 0.000000 1.000000
0.992459 0.098530 -0.072915 0.000000 -0.098530 0.287424 -0.952722 2.455600 -0.072914 0.952722 0.294965 0.000000 0.000000 0.000000 0.000000 1.000000
0.993333 0.095569 -0.064462 0.000000 -0.095569 0.370028 -0.924092 2.455600 -0.064462 0.924092 0.376695 0.000000 0.000000 0.000000 0.000000 1.000000
0.994184 0.091844 -0.056234 0.000000 -0.091844 0.450442 -0.888069 2.455600 -0.056234 0.888069 0.456258 0.000000 0.000000 0.000000 0.000000 1.000000
0.994991 0.087447 -0.048433 0.000000 -0.087447 0.526677 -0.845556 2.455600 -0.048433 0.845556 0.531686 0.000000 0.000000 0.000000 0.000000 1.000000
0.995736 0.082525 -0.041233 0.000000 -0.082525 0.597041 -0.797955 2.455600 -0.041233 0.797955 0.601305 0.000000 0.000000 0.000000 0.000000 1.000000
0.996404 0.077264 -0.034769 0.000000 -0.077264 0.660219 -0.747089 2.455600 -0.034768 0.747089 0.663814 -0.000000 0.000000 0.000000 0.000000 1.000000
0.996987 0.071886 -0.029130 0.000000 -0.071886 0.715321 -0.695089 2.455600 -0.029130 0.695089 0.718334 0.000000 0.000000 0.000000 0.000000 1.000000
0.997480 0.066631 -0.024365 0.000000 -0.066631 0.761884 -0.644277 2.455600 -0.024366 0.644277 0.764404 0.000000 0.000000 0.000000 0.000000 1.000000
0.997882 0.061747 -0.020484 0.000000 -0.061747 0.799821 -0.597054 2.455600 -0.020483 0.597054 0.801939 0.000000 0.000000 0.000000 0.000000 1.000000
0.998194 0.057480 -0.017463 -0.000000 -0.057479 0.829333 -0.555790 2.455600 -0.017464 0.555790 0.831139 0.000000 0.000000 0.000000 0.000000 1.000000
0.998421 0.054062 -0.015270 0.000000 -0.054062 0.850773 -0.522746 2.455600 -0.015270 0.522746 0.852352 0.000000 0.000000 0.000000 0.000000 1.000000
0.998566 0.051711 -0.013868 0.000000 -0.051711 0.864476 -0.500007 2.455600 -0.013868 0.500007 0.865910 0.000000 0.000000 0.000000 0.000000 1.000000
0.998630 0.050617 -0.013244 -0.000000 -0.050617 0.870571 -0.489433 2.455600 -0.013244 0.489433 0.871941 0.000000 0.000000 0.000000 0.000000 1.000000
0.998668 0.049966 -0.012881 0.000000 -0.049966 0.874116 -0.483141 2.455600 -0.012881 0.483141 0.875448 0.000000 0.000000 0.000000 0.000000 1.000000
0.998784 0.047880 -0.011759 0.000000 -0.047879 0.885084 -0.462962 2.455600 -0.011759 0.462962 0.886300 0.000000 0.000000 0.000000 0.000000 1.000000
0.998953 0.044608 -0.010121 -0.000000 -0.044608 0.901091 -0.431330 2.455600 -0.010121 0.431330 0.902137 0.000000 0.000000 0.000000 0.000000 1.000000
0.999138 0.040677 -0.008339 0.000000 -0.040677 0.918502 -0.393319 2.455600 -0.008339 0.393319 0.919364 0.000000 0.000000 0.000000 0.000000 1.000000
0.999306 0.036651 -0.006715 0.000000 -0.036651 0.934380 -0.354388 2.455600 -0.006715 0.354388 0.935074 0.000000 0.000000 0.000000 0.000000 1.000000
0.999436 0.033135 -0.005453 0.000000 -0.033135 0.946706 -0.320390 2.455600 -0.005453 0.320390 0.947270 -0.000000 0.000000 0.000000 0.000000 1.000000
0.999516 0.030760 -0.004681 -0.000000 -0.030760 0.954247 -0.297433 2.455600 -0.004682 0.297433 0.954731 0.000000 0.000000 0.000000 0.000000 1.000000
0.999535 0.030145 -0.004492 -0.000000 -0.030145 0.956101 -0.291484 2.455600 -0.004492 0.291484 0.956565 0.000000 0.000000 0.000000 0.000000 1.000000
0.999478 0.031902 -0.005045 0.000000 -0.031902 0.950699 -0.308471 2.455600 -0.005045 0.308471 0.951220 0.000000 0.000000 0.000000 0.000000 1.000000
0.999292 0.037007 -0.006851 0.000000 -0.037007 0.933051 -0.357835 2.455600 -0.006850 0.357835 0.933760 -0.000000 0.000000 0.000000 0.000000 1.000000
0.998944 0.044786 -0.010206 0.000000 -0.044786 0.900256 -0.433051 2.455600 -0.010206 0.433051 0.901311 0.000000 0.000000 0.000000 0.000000 1.000000
0.998440 0.053763 -0.015087 -0.000000 -0.053763 0.852560 -0.519856 2.455600 -0.015087 0.519856 0.854121 0.000000 0.000000 0.000000 0.000000 1.000000
0.997818 0.062563 -0.021099 0.000000 -0.062563 0.793804 -0.604947 2.455600 -0.021099 0.604947 0.795987 0.000000 0.000000 0.000000 0.000000 1.000000
0.997166 0.070063 -0.027402 0.000000 -0.070063 0.732210 -0.677465 2.455600 -0.027402 0.677465 0.735044 0.000000 0.000000 0.000000 0.000000 1.000000
0.996611 0.075454 -0.032773 0.000000 -0.075454 0.679715 -0.729585 2.455600 -0.032773 0.729585 0.683105 0.000000 0.000000 0.000000 0.000000 1.000000
0.996286 0.078263 -0.035916 0.000000 -0.078263 0.649006 -0.756747 2.455600 -0.035916 0.756747 0.652720 -0.000000 0.000000 0.000000 0.000000 1.000000
0.996182 0.079109 -0.036915 0.000000 -0.079109 0.639239 -0.764928 2.455600 -0.036915 0.764928 0.643057 0.000000 0.000000 0.000000 0.000000 1.000000
0.996223 0.078774 -0.036517 0.000000 -0.078774 0.643134 -0.761691 2.455600 -0.036516 0.761691 0.646910 -0.000000 0.000000 0.000000 0.000000 1.000000
0.996383 0.077445 -0.034974 0.000000 -0.077445 0.658206 -0.748844 2.455600 -0.034974 0.748844 0.661823 -0.000000 0.000000 0.000000 0.000000 1.000000
0.996631 0.075270 -0.032577 0.000000 -0.075270 0.681631 -0.727814 2.455600 -0.032577 0.727814 0.685001 0.000000 0.000000 0.000000 0.000000 1.000000
0.996936 0.072392 -0.029625 0.000000 -0.072392 0.710483 -0.699981 2.455600 -0.029625 0.699981 0.713546 0.000000 0.000000 0.000000 0.000000 1.000000
0.997269 0.068972 -0.026407 0.000000 -0.068972 0.741932 -0.666918 2.455600 -0.026407 0.666918 0.744663 0.000000 0.000000 0.000000 0.000000 1.000000
0.997602 0.065210 -0.023185 0.000000 -0.065210 0.773416 -0.630536 2.455600 -0.023185 0.630536 0.775814 0.000000 0.000000 0.000000 0.000000 1.000000
0.997913 0.061342 -0.020183 0.000000 -0.061342 0.802760 -0.593139 2.455600 -0.020183 0.593139 0.804847 -0.000000 0.000000 0.000000 0.000000 1.000000
0.998182 0.057645 -0.017575 0.000000 -0.057645 0.828246 -0.557391 2.455600 -0.017575 0.557391 0.830064 0.000000 0.000000 0.000000 0.000000 1.000000
0.998398 0.054423 -0.015492 -0.000000 -0.054423 0.848597 -0.526233 2.455600 -0.015493 0.526233 0.850199 0.000000 0.000000 0.000000 0.000000 1.000000
0.998549 0.051994 -0.014032 -0.000000 -0.051994 0.862865 -0.502752 2.455600 -0.014032 0.502752 0.864317 0.000000 0.000000 0.000000 0.000000 1.000000
0.998627 0.050680 -0.013280 0.000000 -0.050680 0.870223 -0.490045 2.455600 -0.013279 0.490045 0.871596 0.000000 0.000000 0.000000 0.000000 1.000000
0.998634 0.050552 -0.013207 0.000000 -0.050552 0.870927 -0.488805 2.455600 -0.013207 0.488805 0.872293 0.000000 0.000000 0.000000 0.000000 1.000000
0.998621 0.050780 -0.013336 0.000000 -0.050780 0.869674 -0.491008 2.455600 -0.013336 0.491008 0.871053 0.000000 0.000000 0.000000 0.000000 1.000000
0.998597 0.051190 -0.013568 -0.000000 -0.051190 0.867400 -0.494971 2.455600 -0.013568 0.494971 0.868804 0.000000 0.000000 0.000000 0.000000 1.000000
0.998564 0.051747 -0.013889 0.000000 -0.051747 0.864270 -0.500359 2.455600 -0.013889 0.500359 0.865706 0.000000 0.000000 0.000000 0.000000 1.000000
0.998523 0.052417 -0.014280 0.000000 -0.052417 0.860445 -0.506839 2.455600 -0.014280 0.506839 0.861922 0.000000 0.000000 0.000000 0.000000 1.000000
0.998477 0.053166 -0.014725 0.000000 -0.053166 0.856094 -0.514078 2.455600 -0.014725 0.514078 0.857617 0.000000 0.000000 0.000000 0.000000 1.000000
0.998427 0.053959 -0.015206 0.000000 -0.053959 0.851392 -0.521748 2.455600 -0.015207 0.521748 0.852964 -0.000000 0.000000 0.000000 0.000000 1.000000
0.998376 0.054763 -0.015705 0.000000 -0.054763 0.846524 -0.529526 2.455600 -0.015704 0.529526 0.848148 -0.000000 0.000000 0.000000 0.000000 1.000000
0.998325 0.055547 -0.016199 0.000000 -0.055547 0.841689 -0.537098 2.455600 -0.016199 0.537098 0.843364 0.000000 0.000000 0.000000 0.000000 1.000000
0.998276 0.056277 -0.016669 -0.000000 -0.056277 0.837094 -0.544157 2.455600 -0.016669 0.544157 0.838818 0.000000 0.000000 0.000000 0.000000 1.000000
0.998232 0.056922 -0.017092 0.000000 -0.056922 0.832959 -0.550399 2.455600 -0.017093 0.550399 0.834727 0.000000 0.000000 0.000000 0.000000 1.000000</float_array>
        <technique_common>
          <accessor source="#mixamorig_LeftHandIndex2-Matrix-animation-output-transform-array" count="91" stride="16">
            <param type="float4x4"/>
          </accessor>
        </technique_common>
      </source>
      <source id="mixamorig_LeftHandIndex2-Interpolations">
        <Name_array id="mixamorig_LeftHandIndex2-Interpolations-array" count="91">
 LINEAR LINEAR LINEAR LINEAR LINEAR LINEAR LINEAR LINEAR LINEAR LINEAR LINEAR
LINEAR LINEAR LINEAR LINEAR LINEAR LINEAR LINEAR LINEAR LINEAR LINEAR LINEAR LINEAR
LINEAR LINEAR LINEAR LINEAR LINEAR LINEAR LINEAR LINEAR LINEAR LINEAR LINEAR LINEAR
LINEAR LINEAR LINEAR LINEAR LINEAR LINEAR LINEAR LINEAR LINEAR LINEAR LINEAR LINEAR
LINEAR LINEAR LINEAR LINEAR LINEAR LINEAR LINEAR LINEAR LINEAR LINEAR LINEAR LINEAR
LINEAR LINEAR LINEAR LINEAR LINEAR LINEAR LINEAR LINEAR LINEAR LINEAR LINEAR LINEAR
LINEAR LINEAR LINEAR LINEAR LINEAR LINEAR LINEAR LINEAR LINEAR LINEAR LINEAR LINEAR
LINEAR LINEAR LINEAR LINEAR LINEAR LINEAR LINEAR LINEAR</Name_array>
        <technique_common>
          <accessor source="#mixamorig_LeftHandIndex2-Interpolations-array" count="91">
            <param type="name"/>
          </accessor>
        </technique_common>
      </source>
      <sampler id="mixamorig_LeftHandIndex2-Matrix-animation-transform">
        <input semantic="INPUT" source="#mixamorig_LeftHandIndex2-Matrix-animation-input"/>
        <input semantic="OUTPUT" source="#mixamorig_LeftHandIndex2-Matrix-animation-output-transform"/>
        <input semantic="INTERPOLATION" source="#mixamorig_LeftHandIndex2-Interpolations"/>
      </sampler>
      <channel source="#mixamorig_LeftHandIndex2-Matrix-animation-transform" target="mixamorig_LeftHandIndex2/matrix"/>
    </animation>
    <animation id="mixamorig_LeftHandIndex3-anim" name="mixamorig_LeftHandIndex3">
      <source id="mixamorig_LeftHandIndex3-Matrix-animation-input">
        <float_array id="mixamorig_LeftHandIndex3-Matrix-animation-input-array" count="91">

0.000000 0.033333 0.066667 0.100000 0.133333 0.166667 0.200000 0.233333 0.266667 0.300000 0.333333 0.366667 0.400000 0.433333 0.466667 0.500000
0.533333 0.566667 0.600000 0.633333 0.666667 0.700000 0.733333 0.766667 0.800000 0.833333 0.866667 0.900000 0.933333 0.966667 1.000000 1.033333
1.066667 1.100000 1.133333 1.166667 1.200000 1.233333 1.266667 1.300000 1.333333 1.366667 1.400000 1.433333 1.466667 1.500000 1.533333 1.566667
1.600000 1.633333 1.666667 1.700000 1.733333 1.766667 1.800000 1.833333 1.866667 1.900000 1.933333 1.966667 2.000000 2.033333 2.066667 2.100000
2.133333 2.166667 2.200000 2.233333 2.266667 2.300000 2.333333 2.366667 2.400000 2.433333 2.466667 2.500000 2.533333 2.566667 2.600000 2.633333
2.666667 2.700000 2.733333 2.766667 2.800000 2.833333 2.866667 2.900000 2.933333 2.966667 3.000000</float_array>
        <technique_common>
          <accessor source="#mixamorig_LeftHandIndex3-Matrix-animation-input-array" count="91">
            <param name="TIME" type="float"/>
          </accessor>
        </technique_common>
      </source>
      <source id="mixamorig_LeftHandIndex3-Matrix-animation-output-transform">
        <float_array id="mixamorig_LeftHandIndex3-Matrix-animation-output-transform-array" count="1456">

0.999898 -0.014256 -0.000987 0.000000 0.014256 0.990351 0.137847 3.002600 -0.000987 -0.137847 0.990453 0.000000 0.000000 0.000000 0.000000 1.000000
0.999902 -0.013975 -0.000948 -0.000000 0.013975 0.990729 0.135131 3.002600 -0.000949 -0.135131 0.990827 0.000000 0.000000 0.000000 0.000000 1.000000
0.999913 -0.013164 -0.000841 0.000000 0.013164 0.991779 0.127287 3.002600 -0.000841 -0.127287 0.991866 0.000000 0.000000 0.000000 0.000000 1.000000
0.999929 -0.011866 -0.000683 0.000000 0.011866 0.993325 0.114736 3.002600 -0.000683 -0.114736 0.993396 -0.000000 0.000000 0.000000 0.000000 1.000000
0.999949 -0.010125 -0.000497 0.000000 0.010125 0.995145 0.097899 3.002600 -0.000497 -0.097899 0.995196 0.000000 0.000000 0.000000 0.000000 1.000000
0.999968 -0.007984 -0.000309 -0.000000 0.007984 0.996984 0.077198 3.002600 -0.000309 -0.077198 0.997016 0.000000 0.000000 0.000000 0.000000 1.000000
0.999985 -0.005488 -0.000145 0.000000 0.005488 0.998576 0.053063 3.002600 -0.000146 -0.053063 0.998591 0.000000 0.000000 0.000000 0.000000 1.000000
0.999996 -0.002682 -0.000035 -0.000000 0.002682 0.999660 0.025933 3.002600 -0.000035 -0.025933 0.999664 0.000000 0.000000 0.000000 0.000000 1.000000
1.000000 0.000387 -0.000001 0.000000 -0.000387 0.999993 -0.003738 3.002600 -0.000001 0.003738 0.999993 0.000000 0.000000 0.000000 0.000000 1.000000
0.999993 0.003670 -0.000065 -0.000000 -0.003670 0.999363 -0.035485 3.002600 -0.000065 0.035485 0.999370 0.000000 0.000000 0.000000 0.000000 1.000000
0.999975 0.007118 -0.000245 -0.000000 -0.007118 0.997603 -0.068830 3.002600 -0.000245 0.068830 0.997628 -0.000000 0.000000 0.000000 0.000000 1.000000
0.999943 0.010682 -0.000553 0.000000 -0.010682 0.994594 -0.103289 3.002600 -0.000553 0.103289 0.994651 0.000000 0.000000 0.000000 0.000000 1.000000
0.999897 0.014310 -0.000995 0.000000 -0.014310 0.990277 -0.138371 3.002600 -0.000995 0.138371 0.990380 -0.000000 0.000000 0.000000 0.000000 1.000000
0.999838 0.017952 -0.001570 -0.000000 -0.017952 0.984655 -0.173587 3.002600 -0.001570 0.173587 0.984817 0.000000 0.000000 0.000000 0.000000 1.000000
0.999765 0.021558 -0.002272 0.000000 -0.021558 0.977794 -0.208455 3.002600 -0.002272 0.208455 0.978029 0.000000 0.000000 0.000000 0.000000 1.000000
0.999681 0.025080 -0.003088 0.000000 -0.025080 0.969826 -0.242504 3.002600 -0.003088 0.242504 0.970146 0.000000 0.000000 0.000000 0.000000 1.000000
0.999587 0.028469 -0.003997 -0.000000 -0.028469 0.960942 -0.275281 3.002600 -0.003997 0.275281 0.961355 0.000000 0.000000 0.000000 0.000000 1.000000
0.999473 0.032053 -0.005094 0.000000 -0.032053 0.950220 -0.309928 3.002600 -0.005094 0.309928 0.950747 0.000000 0.000000 0.000000 0.000000 1.000000
0.999324 0.036177 -0.006537 0.000000 -0.036177 0.936120 -0.349815 3.002600 -0.006536 0.349815 0.936796 0.000000 0.000000 0.000000 0.000000 1.000000
0.999136 0.040704 -0.008351 0.000000 -0.040704 0.918390 -0.393578 3.002600 -0.008351 0.393578 0.919253 0.000000 0.000000 0.000000 0.000000 1.000000
0.998910 0.045470 -0.010538 0.000000 -0.045470 0.897014 -0.439658 3.002600 -0.010538 0.439658 0.898103 0.000000 0.000000 0.000000 0.000000 1.000000
0.998648 0.050318 -0.013077 0.000000 -0.050318 0.872207 -0.486543 3.002600 -0.013076 0.486543 0.873559 -0.000000 0.000000 0.000000 0.000000 1.000000
0.998354 0.055103 -0.015918 0.000000 -0.055103 0.844442 -0.532806 3.002600 -0.015918 0.532806 0.846088 -0.000000 0.000000 0.000000 0.000000 1.000000
0.998036 0.059689 -0.018986 -0.000000 -0.059689 0.814453 -0.577151 3.002600 -0.018986 0.577151 0.816416 -0.000000 0.000000 0.000000 0.000000 1.000000
0.997706 0.063960 -0.022182 -0.000000 -0.063960 0.783220 -0.618446 3.002600 -0.022182 0.618446 0.785515 -0.000000 0.000000 0.000000 0.000000 1.000000
0.997375 0.067816 -0.025383 0.000000 -0.067816 0.751935 -0.655739 3.002600 -0.025383 0.655739 0.754561 0.000000 0.000000 0.000000 0.000000 1.000000
0.997058 0.071181 -0.028451 0.000000 -0.071181 0.721952 -0.688272 3.002600 -0.028451 0.688272 0.724895 0.000000 0.000000 0.000000 0.000000 1.000000
0.996770 0.073992 -0.031237 0.000000 -0.073992 0.694734 -0.715450 3.002600 -0.031236 0.715450 0.697965 0.000000 0.000000 0.000000 0.000000 1.000000
0.996527 0.076201 -0.033584 -0.000000 -0.076201 0.671793 -0.736809 3.002600 -0.033584 0.736809 0.675266 0.000000 0.000000 0.000000 0.000000 1.000000
0.996345 0.077766 -0.035341 0.000000 -0.077766 0.654628 -0.751941 3.002600 -0.035340 0.751941 0.658283 0.000000 0.000000 0.000000 0.000000 1.000000
0.996240 0.078641 -0.036360 0.000000 -0.078642 0.644663 -0.760411 3.002600 -0.036360 0.760411 0.648424 0.000000 0.000000 0.000000 0.000000 1.000000
0.996219 0.078812 -0.036562 0.000000 -0.078812 0.642688 -0.762063 3.002600 -0.036562 0.762063 0.646469 0.000000 0.000000 0.000000 0.000000 1.000000
0.996248 0.078571 -0.036277 0.000000 -0.078571 0.645475 -0.759730 3.002600 -0.036277 0.759730 0.649226 0.000000 0.000000 0.000000 0.000000 1.000000
0.996310 0.078059 -0.035679 0.000000 -0.078059 0.651320 -0.754777 3.002600 -0.035679 0.754777 0.655010 0.000000 0.000000 0.000000 0.000000 1.000000
0.996400 0.077298 -0.034807 0.000000 -0.077298 0.659844 -0.747417 3.002600 -0.034807 0.747417 0.663443 -0.000000 0.000000 0.000000 0.000000 1.000000
0.996515 0.076307 -0.033701 -0.000000 -0.076307 0.670648 -0.737840 3.002600 -0.033701 0.737840 0.674134 0.000000 0.000000 0.000000 0.000000 1.000000
0.996649 0.075107 -0.032404 0.000000 -0.075108 0.683329 -0.726237 3.002600 -0.032403 0.726237 0.686680 -0.000000 0.000000 0.000000 0.000000 1.000000
0.996799 0.073718 -0.030955 -0.000000 -0.073718 0.697480 -0.712802 3.002600 -0.030955 0.712802 0.700682 -0.000000 0.000000 0.000000 0.000000 1.000000
0.996960 0.072161 -0.029398 0.000000 -0.072161 0.712704 -0.697744 3.002600 -0.029398 0.697744 0.715744 0.000000 0.000000 0.000000 0.000000 1.000000
0.997128 0.070459 -0.027770 0.000000 -0.070459 0.728614 -0.681291 3.002600 -0.027770 0.681291 0.731486 -0.000000 0.000000 0.000000 0.000000 1.000000
0.997300 0.068639 -0.026109 0.000000 -0.068639 0.744845 -0.663697 3.002600 -0.026109 0.663697 0.747545 0.000000 0.000000 0.000000 0.000000 1.000000
0.997471 0.066731 -0.024450 0.000000 -0.066731 0.761056 -0.645244 3.002600 -0.024450 0.645244 0.763585 0.000000 0.000000 0.000000 0.000000 1.000000
0.997639 0.064766 -0.022825 0.000000 -0.064766 0.776934 -0.626242 3.002600 -0.022825 0.626242 0.779295 0.000000 0.000000 0.000000 0.000000 1.000000
0.997801 0.062779 -0.021263 0.000000 -0.062779 0.792197 -0.607027 3.002600 -0.021263 0.607027 0.794396 0.000000 0.000000 0.000000 0.000000 1.000000
0.997953 0.060807 -0.019790 0.000000 -0.060807 0.806598 -0.587964 3.002600 -0.019790 0.587964 0.808645 -0.000000 0.000000 0.000000 0.000000 1.000000
0.998094 0.058891 -0.018426 0.000000 -0.058891 0.819922 -0.569438 3.002600 -0.018427 0.569438 0.821828 -0.000000 0.000000 0.000000 0.000000 1.000000
0.998222 0.057072 -0.017192 0.000000 -0.057073 0.831986 -0.551854 3.002600 -0.017192 0.551854 0.833764 0.000000 0.000000 0.000000 0.000000 1.000000
0.998335 0.055395 -0.016102 -0.000000 -0.055395 0.842634 -0.535630 3.002600 -0.016103 0.535630 0.844299 0.000000 0.000000 0.000000 0.000000 1.000000
0.998431 0.053902 -0.015172 -0.000000 -0.053902 0.851734 -0.521195 3.002600 -0.015171 0.521195 0.853303 0.000000 0.000000 0.000000 0.000000 1.000000
0.998510 0.052639 -0.014411 0.000000 -0.052639 0.859167 -0.508981 3.002600 -0.014411 0.508981 0.860657 -0.000000 0.000000 0.000000 0.000000 1.000000
0.998569 0.051650 -0.013832 -0.000000 -0.051650 0.864820 -0.499418 3.002600 -0.013833 0.499418 0.866251 0.000000 0.000000 0.000000 0.000000 1.000000
0.998609 0.050979 -0.013448 0.000000 -0.050979 0.868575 -0.492930 3.002600 -0.013448 0.492929 0.869965 0.000000 0.000000 0.000000 0.000000 1.000000
0.998627 0.050668 -0.013273 0.000000 -0.050668 0.870291 -0.489924 3.002600 -0.013272 0.489924 0.871664 0.000000 0.000000 0.000000 0.000000 1.000000
0.998660 0.050103 -0.012957 0.000000 -0.050103 0.873374 -0.484466 3.002600 -0.012957 0.484466 0.874714 0.000000 0.000000 0.000000 0.000000 1.000000
0.998776 0.048030 -0.011838 0.000000 -0.048030 0.884313 -0.464417 3.002600 -0.011838 0.464417 0.885537 0.000000 0.000000 0.000000 0.000000 1.000000
0.998947 0.044738 -0.010183 0.000000 -0.044738 0.900483 -0.432584 3.002600 -0.010183 0.432584 0.901536 -0.000000 0.000000 0.000000 0.000000 1.000000
0.999136 0.040715 -0.008356 0.000000 -0.040715 0.918345 -0.393682 3.002600 -0.008355 0.393682 0.919209 0.000000 0.000000 0.000000 0.000000 1.000000
0.999312 0.036485 -0.006652 0.000000 -0.036485 0.934992 -0.352788 3.002600 -0.006652 0.352788 0.935680 -0.000000 0.000000 0.000000 0.000000 1.000000
0.999454 0.032616 -0.005279 0.000000 -0.032616 0.948406 -0.315376 3.002600 -0.005279 0.315376 0.948952 0.000000 0.000000 0.000000 0.000000 1.000000
0.999549 0.029702 -0.004358 0.000000 -0.029702 0.957411 -0.287196 3.002600 -0.004358 0.287196 0.957862 0.000000 0.000000 0.000000 0.000000 1.000000
0.999590 0.028346 -0.003961 0.000000 -0.028346 0.961287 -0.274088 3.002600 -0.003962 0.274088 0.961697 0.000000 0.000000 0.000000 0.000000 1.000000
0.999566 0.029164 -0.004198 -0.000000 -0.029164 0.958973 -0.281995 3.002600 -0.004198 0.281995 0.959407 0.000000 0.000000 0.000000 0.000000 1.000000
0.999449 0.032775 -0.005332 0.000000 -0.032775 0.947888 -0.316913 3.002600 -0.005332 0.316913 0.948440 0.000000 0.000000 0.000000 0.000000 1.000000
0.999225 0.038631 -0.007489 0.000000 -0.038632 0.926809 -0.373541 3.002600 -0.007489 0.373541 0.927583 0.000000 0.000000 0.000000 0.000000 1.000000
0.998901 0.045653 -0.010628 -0.000000 -0.045653 0.896131 -0.441435 3.002600 -0.010628 0.441435 0.897230 0.000000 0.000000 0.000000 0.000000 1.000000
0.998499 0.052805 -0.014510 0.000000 -0.052805 0.858203 -0.510588 3.002600 -0.014510 0.510588 0.859703 0.000000 0.000000 0.000000 0.000000 1.000000
0.998074 0.059171 -0.018621 0.000000 -0.059171 0.818017 -0.572143 3.002600 -0.018622 0.572143 0.819942 0.000000 0.000000 0.000000 0.000000 1.000000
0.997703 0.063999 -0.022213 0.000000 -0.063999 0.782913 -0.618830 3.002600 -0.022213 0.618830 0.785211 0.000000 0.000000 0.000000 0.000000 1.000000
0.997472 0.066725 -0.024445 0.000000 -0.066725 0.761106 -0.645187 3.002600 -0.024445 0.645187 0.763634 0.000000 0.000000 0.000000 0.000000 1.000000
0.997375 0.067812 -0.025379 -0.000000 -0.067812 0.751977 -0.655692 3.002600 -0.025379 0.655692 0.754602 0.000000 0.000000 0.000000 0.000000 1.000000
0.997362 0.067959 -0.025508 0.000000 -0.067959 0.750714 -0.657123 3.002600 -0.025508 0.657123 0.753352 0.000000 0.000000 0.000000 0.000000 1.000000
0.997419 0.067329 -0.024961 0.000000 -0.067329 0.756067 -0.651022 3.002600 -0.024961 0.651022 0.758648 0.000000 0.000000 0.000000 0.000000 1.000000
0.997530 0.066059 -0.023885 0.000000 -0.066059 0.766574 -0.638749 3.002600 -0.023885 0.638749 0.769045 0.000000 0.000000 0.000000 0.000000 1.000000
0.997679 0.064286 -0.022441 -0.000000 -0.064286 0.780694 -0.621598 3.002600 -0.022441 0.621598 0.783015 0.000000 0.000000 0.000000 0.000000 1.000000
0.997851 0.062145 -0.020782 0.000000 -0.062145 0.796903 -0.600902 3.002600 -0.020782 0.600902 0.799053 0.000000 0.000000 0.000000 0.000000 1.000000
0.998029 0.059786 -0.019055 -0.000000 -0.059786 0.813782 -0.578087 3.002600 -0.019055 0.578087 0.815753 -0.000000 0.000000 0.000000 0.000000 1.000000
0.998202 0.057368 -0.017389 0.000000 -0.057368 0.830064 -0.554710 3.002600 -0.017389 0.554710 0.831862 0.000000 0.000000 0.000000 0.000000 1.000000
0.998356 0.055066 -0.015895 0.000000 -0.055066 0.844665 -0.532456 3.002600 -0.015895 0.532456 0.846309 0.000000 0.000000 0.000000 0.000000 1.000000
0.998483 0.053066 -0.014666 0.000000 -0.053067 0.856677 -0.513117 3.002600 -0.014666 0.513117 0.858194 0.000000 0.000000 0.000000 0.000000 1.000000
0.998575 0.051561 -0.013781 -0.000000 -0.051561 0.865323 -0.498555 3.002600 -0.013781 0.498555 0.866749 0.000000 0.000000 0.000000 0.000000 1.000000
0.998623 0.050743 -0.013315 -0.000000 -0.050743 0.869879 -0.490648 3.002600 -0.013315 0.490648 0.871256 0.000000 0.000000 0.000000 0.000000 1.000000
0.998653 0.050231 -0.013028 0.000000 -0.050231 0.872683 -0.485697 3.002600 -0.013028 0.485697 0.874030 0.000000 0.000000 0.000000 0.000000 1.000000
0.998791 0.047751 -0.011692 -0.000000 -0.047751 0.885740 -0.461719 3.002600 -0.011692 0.461719 0.886949 0.000000 0.000000 0.000000 0.000000 1.000000
0.999021 0.043222 -0.009470 0.000000 -0.043222 0.907450 -0.417930 3.002600 -0.009470 0.417930 0.908430 -0.000000 0.000000 0.000000 0.000000 1.000000
0.999294 0.036946 -0.006827 0.000000 -0.036946 0.933281 -0.357242 3.002600 -0.006827 0.357242 0.933987 0.000000 0.000000 0.000000 0.000000 1.000000
0.999563 0.029259 -0.004226 0.000000 -0.029259 0.958697 -0.282920 3.002600 -0.004226 0.282920 0.959134 0.000000 0.000000 0.000000 0.000000 1.000000
0.999786 0.020567 -0.002066 0.000000 -0.020567 0.979810 -0.198870 3.002600 -0.002066 0.198870 0.980024 0.000000 0.000000 0.000000 0.000000 1.000000
0.999935 0.011343 -0.000624 0.000000 -0.011343 0.993903 -0.109674 3.002600 -0.000624 0.109674 0.993967 0.000000 0.000000 0.000000 0.000000 1.000000
0.999998 0.002108 -0.000021 -0.000000 -0.002108 0.999790 -0.020387 3.002600 -0.000022 0.020387 0.999792 -0.000000 0.000000 0.000000 0.000000 1.000000
0.999978 -0.006597 -0.000211 0.000000 0.006597 0.997942 0.063790 3.002600 -0.000211 -0.063790 0.997963 0.000000 0.000000 0.000000 0.000000 1.000000
0.999898 -0.014256 -0.000988 0.000000 0.014256 0.990351 0.137847 3.002600 -0.000987 -0.137847 0.990453 0.000000 0.000000 0.000000 0.000000 1.000000</float_array>
        <technique_common>
          <accessor source="#mixamorig_LeftHandIndex3-Matrix-animation-output-transform-array" count="91" stride="16">
            <param type="float4x4"/>
          </accessor>
        </technique_common>
      </source>
      <source id="mixamorig_LeftHandIndex3-Interpolations">
        <Name_array id="mixamorig_LeftHandIndex3-Interpolations-array" count="91">
 LINEAR LINEAR LINEAR LINEAR LINEAR LINEAR LINEAR LINEAR LINEAR LINEAR LINEAR
LINEAR LINEAR LINEAR LINEAR LINEAR LINEAR LINEAR LINEAR LINEAR LINEAR LINEAR LINEAR
LINEAR LINEAR LINEAR LINEAR LINEAR LINEAR LINEAR LINEAR LINEAR LINEAR LINEAR LINEAR
LINEAR LINEAR LINEAR LINEAR LINEAR LINEAR LINEAR LINEAR LINEAR LINEAR LINEAR LINEAR
LINEAR LINEAR LINEAR LINEAR LINEAR LINEAR LINEAR LINEAR LINEAR LINEAR LINEAR LINEAR
LINEAR LINEAR LINEAR LINEAR LINEAR LINEAR LINEAR LINEAR LINEAR LINEAR LINEAR LINEAR
LINEAR LINEAR LINEAR LINEAR LINEAR LINEAR LINEAR LINEAR LINEAR LINEAR LINEAR LINEAR
LINEAR LINEAR LINEAR LINEAR LINEAR LINEAR LINEAR LINEAR</Name_array>
        <technique_common>
          <accessor source="#mixamorig_LeftHandIndex3-Interpolations-array" count="91">
            <param type="name"/>
          </accessor>
        </technique_common>
      </source>
      <sampler id="mixamorig_LeftHandIndex3-Matrix-animation-transform">
        <input semantic="INPUT" source="#mixamorig_LeftHandIndex3-Matrix-animation-input"/>
        <input semantic="OUTPUT" source="#mixamorig_LeftHandIndex3-Matrix-animation-output-transform"/>
        <input semantic="INTERPOLATION" source="#mixamorig_LeftHandIndex3-Interpolations"/>
      </sampler>
      <channel source="#mixamorig_LeftHandIndex3-Matrix-animation-transform" target="mixamorig_LeftHandIndex3/matrix"/>
    </animation>
    <animation id="mixamorig_LeftHandMiddle1-anim" name="mixamorig_LeftHandMiddle1">
      <source id="mixamorig_LeftHandMiddle1-Matrix-animation-input">
        <float_array id="mixamorig_LeftHandMiddle1-Matrix-animation-input-array" count="91">

0.000000 0.033333 0.066667 0.100000 0.133333 0.166667 0.200000 0.233333 0.266667 0.300000 0.333333 0.366667 0.400000 0.433333 0.466667 0.500000
0.533333 0.566667 0.600000 0.633333 0.666667 0.700000 0.733333 0.766667 0.800000 0.833333 0.866667 0.900000 0.933333 0.966667 1.000000 1.033333
1.066667 1.100000 1.133333 1.166667 1.200000 1.233333 1.266667 1.300000 1.333333 1.366667 1.400000 1.433333 1.466667 1.500000 1.533333 1.566667
1.600000 1.633333 1.666667 1.700000 1.733333 1.766667 1.800000 1.833333 1.866667 1.900000 1.933333 1.966667 2.000000 2.033333 2.066667 2.100000
2.133333 2.166667 2.200000 2.233333 2.266667 2.300000 2.333333 2.366667 2.400000 2.433333 2.466667 2.500000 2.533333 2.566667 2.600000 2.633333
2.666667 2.700000 2.733333 2.766667 2.800000 2.833333 2.866667 2.900000 2.933333 2.966667 3.000000</float_array>
        <technique_common>
          <accessor source="#mixamorig_LeftHandMiddle1-Matrix-animation-input-array" count="91">
            <param name="TIME" type="float"/>
          </accessor>
        </technique_common>
      </source>
      <source id="mixamorig_LeftHandMiddle1-Matrix-animation-output-transform">
        <float_array id="mixamorig_LeftHandMiddle1-Matrix-animation-output-transform-array" count="1456">

0.998108 0.055415 -0.026632 0.024100 -0.061470 0.908061 -0.414302 11.042700 0.001225 0.415155 0.909750 -0.048000 0.000000 0.000000 0.000000 1.000000
0.998096 0.055606 -0.026709 0.024100 -0.061677 0.907667 -0.415135 11.042700 0.001158 0.415992 0.909367 -0.048000 0.000000 0.000000 0.000000 1.000000
0.998059 0.056151 -0.026930 0.024100 -0.062267 0.906524 -0.417538 11.042700 0.000968 0.418404 0.908260 -0.048000 0.000000 0.000000 0.000000 1.000000
0.998001 0.057010 -0.027286 0.024100 -0.063199 0.904686 -0.421365 11.042700 0.000663 0.422247 0.906480 -0.048000 0.000000 0.000000 0.000000 1.000000
0.997922 0.058141 -0.027763 0.024100 -0.064429 0.902204 -0.426470 11.042700 0.000252 0.427373 0.904075 -0.048000 0.000000 0.000000 0.000000 1.000000
0.997825 0.059506 -0.028351 0.024100 -0.065914 0.899122 -0.432707 11.042700 -0.000258 0.433635 0.901089 -0.048000 0.000000 0.000000 0.000000 1.000000
0.997712 0.061062 -0.029038 0.024100 -0.067609 0.895485 -0.439927 11.042700 -0.000859 0.440883 0.897564 -0.048000 0.000000 0.000000 0.000000 1.000000
0.997583 0.062768 -0.029813 0.024100 -0.069471 0.891340 -0.447981 11.042700 -0.001545 0.448970 0.893546 -0.048000 0.000000 0.000000 0.000000 1.000000
0.997441 0.064583 -0.030666 0.024100 -0.071457 0.886735 -0.456723 11.042700 -0.002304 0.457745 0.889080 -0.048000 0.000000 0.000000 0.000000 1.000000
0.997289 0.066468 -0.031584 0.024100 -0.073523 0.881722 -0.466004 11.042700 -0.003126 0.467063 0.884218 -0.048000 0.000000 0.000000 0.000000 1.000000
0.997128 0.068381 -0.032554 0.024100 -0.075629 0.876360 -0.475683 11.042700 -0.003999 0.476779 0.879014 -0.048000 0.000000 0.000000 0.000000 1.000000
0.996962 0.070284 -0.033565 0.024100 -0.077733 0.870710 -0.485615 11.042700 -0.004906 0.486749 0.873528 -0.048000 0.000000 0.000000 0.000000 1.000000
0.996794 0.072137 -0.034603 0.024100 -0.079795 0.864842 -0.495663 11.042700 -0.005829 0.496835 0.867825 -0.048000 0.000000 0.000000 0.000000 1.000000
0.996628 0.073903 -0.035656 0.024100 -0.081777 0.858831 -0.505690 11.042700 -0.006749 0.506900 0.861978 -0.048000 0.000000 0.000000 0.000000 1.000000
0.996446 0.075751 -0.036834 0.024100 -0.083873 0.852028 -0.516734 11.042700 -0.007759 0.517987 0.855354 -0.048000 0.000000 0.000000 0.000000 1.000000
0.996229 0.077869 -0.038257 0.024100 -0.086293 0.843704 -0.529828 11.042700 -0.008979 0.531131 0.847242 -0.048000 0.000000 0.000000 0.000000 1.000000
0.995981 0.080192 -0.039889 0.024100 -0.088959 0.834022 -0.544512 11.042700 -0.010397 0.545872 0.837804 -0.048000 0.000000 0.000000 0.000000 1.000000
0.995707 0.082647 -0.041685 0.024100 -0.091784 0.823200 -0.560284 11.042700 -0.011990 0.561705 0.827251 -0.048000 0.000000 0.000000 0.000000 1.000000
0.995413 0.085162 -0.043598 0.024100 -0.094683 0.811482 -0.576656 11.042700 -0.013730 0.578139 0.815823 -0.048000 0.000000 0.000000 0.000000 1.000000
0.995106 0.087671 -0.045580 0.024100 -0.097576 0.799149 -0.593161 11.042700 -0.015578 0.594706 0.803792 -0.048000 0.000000 0.000000 0.000000 1.000000
0.994794 0.090113 -0.047580 0.024100 -0.100391 0.786515 -0.609357 11.042700 -0.017489 0.610961 0.791467 -0.048000 0.000000 0.000000 0.000000 1.000000
0.994486 0.092428 -0.049542 0.024100 -0.103056 0.773934 -0.624825 11.042700 -0.019409 0.626485 0.779191 -0.048000 0.000000 0.000000 0.000000 1.000000
0.994191 0.094563 -0.051410 0.024100 -0.105510 0.761787 -0.639177 11.042700 -0.021279 0.640888 0.767339 -0.048000 0.000000 0.000000 0.000000 1.000000
0.993917 0.096467 -0.053127 0.024100 -0.107694 0.750489 -0.652049 11.042700 -0.023030 0.653805 0.756313 -0.048000 0.000000 0.000000 0.000000 1.000000
0.993676 0.098095 -0.054634 0.024100 -0.109557 0.740471 -0.663098 11.042700 -0.024592 0.664891 0.746536 -0.048000 0.000000 0.000000 0.000000 1.000000
0.993478 0.099400 -0.055870 0.024100 -0.111047 0.732180 -0.671998 11.042700 -0.025890 0.673819 0.738443 -0.048000 0.000000 0.000000 0.000000 1.000000
0.993332 0.100340 -0.056776 0.024100 -0.112119 0.726063 -0.678425 11.042700 -0.026850 0.680267 0.732472 -0.048000 0.000000 0.000000 0.000000 1.000000
0.993249 0.100869 -0.057292 0.024100 -0.112722 0.722561 -0.682056 11.042700 -0.027401 0.683909 0.729053 -0.048000 0.000000 0.000000 0.000000 1.000000
0.993234 0.100970 -0.057373 0.024100 -0.112829 0.722015 -0.682615 11.042700 -0.027500 0.684470 0.728522 -0.048000 0.000000 0.000000 0.000000 1.000000
0.993265 0.100839 -0.057066 0.024100 -0.112605 0.724076 -0.680466 11.042700 -0.027297 0.682309 0.730554 -0.048000 0.000000 0.000000 0.000000 1.000000
0.993329 0.100562 -0.056428 0.024100 -0.112136 0.728350 -0.675967 11.042700 -0.026877 0.677785 0.734768 -0.048000 0.000000 0.000000 0.000000 1.000000
0.993423 0.100150 -0.055498 0.024100 -0.111445 0.734562 -0.669327 11.042700 -0.026266 0.671110 0.740892 -0.048000 0.000000 0.000000 0.000000 1.000000
0.993543 0.099609 -0.054312 0.024100 -0.110552 0.742423 -0.660747 11.042700 -0.025494 0.662485 0.748642 -0.048000 0.000000 0.000000 0.000000 1.000000
0.993685 0.098949 -0.052909 0.024100 -0.109479 0.751642 -0.650422 11.042700 -0.024589 0.652107 0.757728 -0.048000 0.000000 0.000000 0.000000 1.000000
0.993844 0.098175 -0.051330 0.024100 -0.108246 0.761926 -0.638554 11.042700 -0.023580 0.640180 0.767863 -0.048000 0.000000 0.000000 0.000000 1.000000
0.994018 0.097298 -0.049612 0.024100 -0.106875 0.772989 -0.625353 11.042700 -0.022496 0.626914 0.778764 -0.048000 0.000000 0.000000 0.000000 1.000000
0.994201 0.096328 -0.047794 0.024100 -0.105390 0.784555 -0.611037 11.042700 -0.021363 0.612531 0.790158 -0.048000 0.000000 0.000000 0.000000 1.000000
0.994391 0.095278 -0.045913 0.024100 -0.103815 0.796362 -0.595844 11.042700 -0.020208 0.597268 0.801787 -0.048000 0.000000 0.000000 0.000000 1.000000
0.994584 0.094163 -0.044004 0.024100 -0.102176 0.808166 -0.580024 11.042700 -0.019054 0.581378 0.813410 -0.048000 0.000000 0.000000 0.000000 1.000000
0.994775 0.093000 -0.042104 0.024100 -0.100502 0.819744 -0.563844 11.042700 -0.017923 0.565130 0.824807 -0.048000 0.000000 0.000000 0.000000 1.000000
0.994963 0.091811 -0.040245 0.024100 -0.098820 0.830891 -0.547589 11.042700 -0.016836 0.548808 0.835779 -0.048000 0.000000 0.000000 0.000000 1.000000
0.995143 0.090619 -0.038459 0.024100 -0.097164 0.841430 -0.531559 11.042700 -0.015809 0.532713 0.846148 -0.048000 0.000000 0.000000 0.000000 1.000000
0.995312 0.089448 -0.036775 0.024100 -0.095564 0.851202 -0.516064 11.042700 -0.014858 0.517159 0.855760 -0.048000 0.000000 0.000000 0.000000 1.000000
0.995469 0.088325 -0.035222 0.024100 -0.094053 0.860071 -0.501430 11.042700 -0.013996 0.502470 0.864481 -0.048000 0.000000 0.000000 0.000000 1.000000
0.995609 0.087281 -0.033826 0.024100 -0.092667 0.867918 -0.487988 11.042700 -0.013234 0.488980 0.872195 -0.048000 0.000000 0.000000 0.000000 1.000000
0.995731 0.086346 -0.032614 0.024100 -0.091439 0.874638 -0.476075 11.042700 -0.012582 0.477025 0.878799 -0.048000 0.000000 0.000000 0.000000 1.000000
0.995832 0.085550 -0.031609 0.024100 -0.090404 0.880137 -0.466033 11.042700 -0.012049 0.466948 0.884203 -0.048000 0.000000 0.000000 0.000000 1.000000
0.995910 0.084925 -0.030836 0.024100 -0.089596 0.884322 -0.458200 11.042700 -0.011644 0.459089 0.888314 -0.048000 0.000000 0.000000 0.000000 1.000000
0.995962 0.084501 -0.030319 0.024100 -0.089052 0.887097 -0.452911 11.042700 -0.011375 0.453783 0.891040 -0.048000 0.000000 0.000000 0.000000 1.000000
0.995986 0.084306 -0.030084 0.024100 -0.088803 0.888352 -0.450494 11.042700 -0.011254 0.451357 0.892272 -0.048000 0.000000 0.000000 0.000000 1.000000
0.996047 0.083634 -0.029935 0.024100 -0.088155 0.889194 -0.448957 11.042700 -0.010930 0.449821 0.893052 -0.048000 0.000000 0.000000 0.000000 1.000000
0.996256 0.081264 -0.029512 0.024100 -0.085898 0.891614 -0.444573 11.042700 -0.009815 0.445444 0.895256 -0.048000 0.000000 0.000000 0.000000 1.000000
0.996551 0.077759 -0.028985 0.024100 -0.082579 0.894641 -0.439087 11.042700 -0.008212 0.439966 0.897977 -0.048000 0.000000 0.000000 0.000000 1.000000
0.996857 0.073883 -0.028581 0.024100 -0.078952 0.897026 -0.434869 11.042700 -0.006491 0.435759 0.900040 -0.048000 0.000000 0.000000 0.000000 1.000000
0.997111 0.070402 -0.028524 0.024100 -0.075798 0.897570 -0.434308 11.042700 -0.004974 0.435216 0.900313 -0.048000 0.000000 0.000000 0.000000 1.000000
0.997257 0.068082 -0.029040 0.024100 -0.073911 0.895058 -0.439782 11.042700 -0.003949 0.440722 0.897635 -0.048000 0.000000 0.000000 0.000000 1.000000
0.997245 0.067673 -0.030368 0.024100 -0.074081 0.888126 -0.453590 11.042700 -0.003726 0.454590 0.890693 -0.048000 0.000000 0.000000 0.000000 1.000000
0.997016 0.069894 -0.032774 0.024100 -0.077052 0.875058 -0.477846 11.042700 -0.004719 0.478945 0.877832 -0.048000 0.000000 0.000000 0.000000 1.000000
0.996469 0.075533 -0.036662 0.024100 -0.083612 0.852980 -0.515203 11.042700 -0.007643 0.516449 0.856284 -0.048000 0.000000 0.000000 0.000000 1.000000
0.995322 0.086299 -0.043425 0.024100 -0.095533 0.812304 -0.575357 11.042700 -0.014379 0.576814 0.816749 -0.048000 0.000000 0.000000 0.000000 1.000000
0.993464 0.100983 -0.053207 0.024100 -0.111128 0.749269 -0.652875 11.042700 -0.026063 0.654521 0.755594 -0.048000 0.000000 0.000000 0.000000 1.000000
0.991027 0.116845 -0.064911 0.024100 -0.126805 0.668291 -0.733013 11.042700 -0.042269 0.734666 0.677111 -0.048000 0.000000 0.000000 0.000000 1.000000
0.988295 0.131632 -0.077112 0.024100 -0.139736 0.578272 -0.803788 11.042700 -0.061213 0.805155 0.589897 -0.048000 0.000000 0.000000 0.000000 1.000000
0.985678 0.143759 -0.088161 0.024100 -0.148510 0.492286 -0.857671 11.042700 -0.079897 0.858480 0.506585 -0.048000 0.000000 0.000000 0.000000 1.000000
0.983634 0.152240 -0.096367 0.024100 -0.153268 0.425818 -0.891733 11.042700 -0.094723 0.891909 0.442182 -0.048000 0.000000 0.000000 0.000000 1.000000
0.982583 0.156490 -0.100208 0.024100 -0.155125 0.393867 -0.905983 11.042700 -0.102308 0.905748 0.411283 -0.048000 0.000000 0.000000 0.000000 1.000000
0.982454 0.157439 -0.099987 0.024100 -0.155504 0.395494 -0.905209 11.042700 -0.102971 0.904874 0.413037 -0.048000 0.000000 0.000000 0.000000 1.000000
0.982959 0.156220 -0.096886 0.024100 -0.154989 0.420911 -0.893763 11.042700 -0.098844 0.893549 0.437951 -0.048000 0.000000 0.000000 0.000000 1.000000
0.983985 0.153005 -0.091446 0.024100 -0.153332 0.464943 -0.871962 11.042700 -0.090898 0.872019 0.480957 -0.048000 0.000000 0.000000 0.000000 1.000000
0.985409 0.147896 -0.084234 0.024100 -0.150115 0.521981 -0.839644 11.042700 -0.080211 0.840038 0.536566 -0.048000 0.000000 0.000000 0.000000 1.000000
0.987097 0.141025 -0.075842 0.024100 -0.144999 0.586278 -0.797028 11.042700 -0.067936 0.797740 0.599162 -0.048000 0.000000 0.000000 0.000000 1.000000
0.988905 0.132643 -0.066884 0.024100 -0.137903 0.652309 -0.745302 11.042700 -0.055230 0.746256 0.663363 -0.048000 0.000000 0.000000 0.000000 1.000000
0.990693 0.123161 -0.057959 0.024100 -0.129097 0.715174 -0.686920 11.042700 -0.043151 0.688009 0.724418 -0.048000 0.000000 0.000000 0.000000 1.000000
0.992335 0.113171 -0.049625 0.024100 -0.119212 0.770988 -0.625593 11.042700 -0.032539 0.626714 0.778570 -0.048000 0.000000 0.000000 0.000000 1.000000
0.993735 0.103429 -0.042352 0.024100 -0.109169 0.817102 -0.566062 11.042700 -0.023941 0.567139 0.823274 -0.048000 0.000000 0.000000 0.000000 1.000000
0.994825 0.094813 -0.036519 0.024100 -0.100068 0.852104 -0.513717 11.042700 -0.017589 0.514713 0.857182 -0.048000 0.000000 0.000000 0.000000 1.000000
0.995569 0.088267 -0.032422 0.024100 -0.093064 0.875495 -0.474182 11.042700 -0.013469 0.475098 0.879830 -0.048000 0.000000 0.000000 0.000000 1.000000
0.995943 0.084730 -0.030320 0.024100 -0.089257 0.887071 -0.452923 11.042700 -0.011480 0.453791 0.891034 -0.048000 0.000000 0.000000 0.000000 1.000000
0.995999 0.084163 -0.030048 0.024100 -0.088663 0.888557 -0.450117 11.042700 -0.011184 0.450981 0.892464 -0.048000 0.000000 0.000000 0.000000 1.000000
0.996062 0.083439 -0.029961 0.024100 -0.087989 0.889077 -0.449221 11.042700 -0.010845 0.450088 0.892918 -0.048000 0.000000 0.000000 0.000000 1.000000
0.996177 0.082122 -0.029803 0.024100 -0.086762 0.890020 -0.447590 11.042700 -0.010232 0.448464 0.893742 -0.048000 0.000000 0.000000 0.000000 1.000000
0.996332 0.080300 -0.029584 0.024100 -0.085059 0.891317 -0.445331 11.042700 -0.009391 0.446213 0.894877 -0.048000 0.000000 0.000000 0.000000 1.000000
0.996518 0.078057 -0.029316 0.024100 -0.082959 0.892899 -0.442549 11.042700 -0.008368 0.443440 0.896265 -0.048000 0.000000 0.000000 0.000000 1.000000
0.996725 0.075481 -0.029008 0.024100 -0.080542 0.894698 -0.439349 11.042700 -0.007209 0.440247 0.897848 -0.048000 0.000000 0.000000 0.000000 1.000000
0.996945 0.072659 -0.028672 0.024100 -0.077884 0.896648 -0.435839 11.042700 -0.005959 0.436740 0.899568 -0.048000 0.000000 0.000000 0.000000 1.000000
0.997168 0.069676 -0.028317 0.024100 -0.075065 0.898684 -0.432125 11.042700 -0.004661 0.433027 0.901369 -0.048000 0.000000 0.000000 0.000000 1.000000
0.997387 0.066620 -0.027954 0.024100 -0.072169 0.900743 -0.428316 11.042700 -0.003355 0.429214 0.903197 -0.048000 0.000000 0.000000 0.000000 1.000000
0.997595 0.063579 -0.027594 0.024100 -0.069278 0.902765 -0.424519 11.042700 -0.002079 0.425409 0.904999 -0.048000 0.000000 0.000000 0.000000 1.000000
0.997788 0.060639 -0.027247 0.024100 -0.066473 0.904695 -0.420843 11.042700 -0.000869 0.421723 0.906724 -0.048000 0.000000 0.000000 0.000000 1.000000
0.997960 0.057888 -0.026922 0.024100 -0.063842 0.906477 -0.417401 11.042700 0.000242 0.418268 0.908324 -0.048000 0.000000 0.000000 0.000000 1.000000
0.998108 0.055415 -0.026632 0.024100 -0.061470 0.908061 -0.414302 11.042700 0.001225 0.415155 0.909750 -0.048000 0.000000 0.000000 0.000000 1.000000</float_array>
        <technique_common>
          <accessor source="#mixamorig_LeftHandMiddle1-Matrix-animation-output-transform-array" count="91" stride="16">
            <param type="float4x4"/>
          </accessor>
        </technique_common>
      </source>
      <source id="mixamorig_LeftHandMiddle1-Interpolations">
        <Name_array id="mixamorig_LeftHandMiddle1-Interpolations-array" count="91">
 LINEAR LINEAR LINEAR LINEAR LINEAR LINEAR LINEAR LINEAR LINEAR LINEAR LINEAR
LINEAR LINEAR LINEAR LINEAR LINEAR LINEAR LINEAR LINEAR LINEAR LINEAR LINEAR LINEAR
LINEAR LINEAR LINEAR LINEAR LINEAR LINEAR LINEAR LINEAR LINEAR LINEAR LINEAR LINEAR
LINEAR LINEAR LINEAR LINEAR LINEAR LINEAR LINEAR LINEAR LINEAR LINEAR LINEAR LINEAR
LINEAR LINEAR LINEAR LINEAR LINEAR LINEAR LINEAR LINEAR LINEAR LINEAR LINEAR LINEAR
LINEAR LINEAR LINEAR LINEAR LINEAR LINEAR LINEAR LINEAR LINEAR LINEAR LINEAR LINEAR
LINEAR LINEAR LINEAR LINEAR LINEAR LINEAR LINEAR LINEAR LINEAR LINEAR LINEAR LINEAR
LINEAR LINEAR LINEAR LINEAR LINEAR LINEAR LINEAR LINEAR</Name_array>
        <technique_common>
          <accessor source="#mixamorig_LeftHandMiddle1-Interpolations-array" count="91">
            <param type="name"/>
          </accessor>
        </technique_common>
      </source>
      <sampler id="mixamorig_LeftHandMiddle1-Matrix-animation-transform">
        <input semantic="INPUT" source="#mixamorig_LeftHandMiddle1-Matrix-animation-input"/>
        <input semantic="OUTPUT" source="#mixamorig_LeftHandMiddle1-Matrix-animation-output-transform"/>
        <input semantic="INTERPOLATION" source="#mixamorig_LeftHandMiddle1-Interpolations"/>
      </sampler>
      <channel source="#mixamorig_LeftHandMiddle1-Matrix-animation-transform" target="mixamorig_LeftHandMiddle1/matrix"/>
    </animation>
    <animation id="mixamorig_LeftHandMiddle2-anim" name="mixamorig_LeftHandMiddle2">
      <source id="mixamorig_LeftHandMiddle2-Matrix-animation-input">
        <float_array id="mixamorig_LeftHandMiddle2-Matrix-animation-input-array" count="91">

0.000000 0.033333 0.066667 0.100000 0.133333 0.166667 0.200000 0.233333 0.266667 0.300000 0.333333 0.366667 0.400000 0.433333 0.466667 0.500000
0.533333 0.566667 0.600000 0.633333 0.666667 0.700000 0.733333 0.766667 0.800000 0.833333 0.866667 0.900000 0.933333 0.966667 1.000000 1.033333
1.066667 1.100000 1.133333 1.166667 1.200000 1.233333 1.266667 1.300000 1.333333 1.366667 1.400000 1.433333 1.466667 1.500000 1.533333 1.566667
1.600000 1.633333 1.666667 1.700000 1.733333 1.766667 1.800000 1.833333 1.866667 1.900000 1.933333 1.966667 2.000000 2.033333 2.066667 2.100000
2.133333 2.166667 2.200000 2.233333 2.266667 2.300000 2.333333 2.366667 2.400000 2.433333 2.466667 2.500000 2.533333 2.566667 2.600000 2.633333
2.666667 2.700000 2.733333 2.766667 2.800000 2.833333 2.866667 2.900000 2.933333 2.966667 3.000000</float_array>
        <technique_common>
          <accessor source="#mixamorig_LeftHandMiddle2-Matrix-animation-input-array" count="91">
            <param name="TIME" type="float"/>
          </accessor>
        </technique_common>
      </source>
      <source id="mixamorig_LeftHandMiddle2-Matrix-animation-output-transform">
        <float_array id="mixamorig_LeftHandMiddle2-Matrix-animation-output-transform-array" count="1456">

0.997085 0.070898 -0.028182 0.000000 -0.070898 0.724579 -0.685536 3.113000 -0.028183 0.685536 0.727493 0.000000 0.000000 0.000000 0.000000 1.000000
0.997154 0.070189 -0.027518 0.000000 -0.070189 0.731071 -0.678682 3.113000 -0.027518 0.678682 0.733916 0.000000 0.000000 0.000000 0.000000 1.000000
0.997341 0.068191 -0.025711 0.000000 -0.068191 0.748732 -0.659356 3.113000 -0.025711 0.659356 0.751391 0.000000 0.000000 0.000000 0.000000 1.000000
0.997615 0.065062 -0.023065 -0.000000 -0.065062 0.774592 -0.629105 3.113000 -0.023065 0.629105 0.776978 0.000000 0.000000 0.000000 0.000000 1.000000
0.997942 0.060960 -0.019901 -0.000000 -0.060960 0.805508 -0.589442 3.113000 -0.019902 0.589442 0.807566 0.000000 0.000000 0.000000 0.000000 1.000000
0.998290 0.056065 -0.016532 0.000000 -0.056065 0.838435 -0.542111 3.113000 -0.016532 0.542111 0.840145 0.000000 0.000000 0.000000 0.000000 1.000000
0.998631 0.050599 -0.013233 0.000000 -0.050599 0.870671 -0.489257 3.113000 -0.013234 0.489257 0.872039 0.000000 0.000000 0.000000 0.000000 1.000000
0.998942 0.044830 -0.010228 0.000000 -0.044830 0.900050 -0.433476 3.113000 -0.010227 0.433476 0.901107 0.000000 0.000000 0.000000 0.000000 1.000000
0.999207 0.039069 -0.007667 0.000000 -0.039069 0.925076 -0.377768 3.113000 -0.007667 0.377768 0.925869 0.000000 0.000000 0.000000 0.000000 1.000000
0.999418 0.033656 -0.005631 -0.000000 -0.033656 0.944967 -0.325430 3.113000 -0.005631 0.325430 0.945549 0.000000 0.000000 0.000000 0.000000 1.000000
0.999572 0.028949 -0.004135 0.000000 -0.028949 0.959587 -0.279917 3.113000 -0.004135 0.279917 0.960015 0.000000 0.000000 0.000000 0.000000 1.000000
0.999675 0.025308 -0.003145 0.000000 -0.025308 0.969265 -0.244713 3.113000 -0.003145 0.244713 0.969590 0.000000 0.000000 0.000000 0.000000 1.000000
0.999730 0.023087 -0.002610 -0.000000 -0.023087 0.974492 -0.223231 3.113000 -0.002610 0.223231 0.974762 -0.000000 0.000000 0.000000 0.000000 1.000000
0.999741 0.022623 -0.002505 0.000000 -0.022623 0.975519 -0.218749 3.113000 -0.002505 0.218749 0.975778 0.000000 0.000000 0.000000 0.000000 1.000000
0.999702 0.024236 -0.002880 0.000000 -0.024236 0.971851 -0.234345 3.113000 -0.002880 0.234345 0.972149 -0.000000 0.000000 0.000000 0.000000 1.000000
0.999588 0.028415 -0.003981 0.000000 -0.028415 0.961094 -0.274756 3.113000 -0.003981 0.274756 0.961506 0.000000 0.000000 0.000000 0.000000 1.000000
0.999363 0.035158 -0.006162 0.000000 -0.035158 0.939783 -0.339959 3.113000 -0.006162 0.339959 0.940420 -0.000000 0.000000 0.000000 0.000000 1.000000
0.998991 0.043840 -0.009757 -0.000000 -0.043841 0.904644 -0.423907 3.113000 -0.009757 0.423907 0.905653 0.000000 0.000000 0.000000 0.000000 1.000000
0.998441 0.053738 -0.015072 -0.000000 -0.053738 0.852709 -0.519614 3.113000 -0.015072 0.519614 0.854268 0.000000 0.000000 0.000000 0.000000 1.000000
0.997696 0.064076 -0.022274 -0.000000 -0.064076 0.782321 -0.619571 3.113000 -0.022274 0.619571 0.784624 0.000000 0.000000 0.000000 0.000000 1.000000
0.996760 0.074080 -0.031328 0.000000 -0.074080 0.693843 -0.716306 3.113000 -0.031328 0.716306 0.697083 0.000000 0.000000 0.000000 0.000000 1.000000
0.995661 0.083062 -0.041958 0.000000 -0.083062 0.589956 -0.803152 3.113000 -0.041958 0.803152 0.594295 0.000000 0.000000 0.000000 0.000000 1.000000
0.994449 0.090498 -0.053670 0.000000 -0.090498 0.475497 -0.875050 3.113000 -0.053670 0.875050 0.481048 0.000000 0.000000 0.000000 0.000000 1.000000
0.993194 0.096096 -0.065805 0.000000 -0.096096 0.356907 -0.929184 3.113000 -0.065805 0.929184 0.363712 0.000000 0.000000 0.000000 0.000000 1.000000
0.991973 0.099828 -0.077620 -0.000000 -0.099828 0.241440 -0.965267 3.113000 -0.077620 0.965267 0.249467 0.000000 0.000000 0.000000 0.000000 1.000000
0.990860 0.101910 -0.088373 -0.000000 -0.101911 0.136355 -0.985404 3.113000 -0.088373 0.985404 0.145494 0.000000 0.000000 0.000000 0.000000 1.000000
0.989929 0.102751 -0.097383 -0.000000 -0.102751 0.048301 -0.993534 3.113000 -0.097383 0.993534 0.058372 -0.000000 0.000000 0.000000 0.000000 1.000000
0.989238 0.102857 -0.104061 0.000000 -0.102856 -0.016967 -0.994552 3.113000 -0.104062 0.994551 -0.006205 0.000000 0.000000 0.000000 0.000000 1.000000
0.988841 0.102718 -0.107900 -0.000000 -0.102718 -0.054484 -0.993217 3.113000 -0.107900 0.993217 -0.043325 0.000000 0.000000 0.000000 0.000000 1.000000
0.988762 0.102674 -0.108660 0.000000 -0.102674 -0.061904 -0.992787 3.113000 -0.108659 0.992787 -0.050666 0.000000 0.000000 0.000000 0.000000 1.000000
0.988852 0.102724 -0.107794 -0.000000 -0.102724 -0.053440 -0.993273 3.113000 -0.107794 0.993273 -0.042292 0.000000 0.000000 0.000000 0.000000 1.000000
0.989039 0.102806 -0.105980 0.000000 -0.102805 -0.035721 -0.994060 3.113000 -0.105981 0.994060 -0.024761 0.000000 0.000000 0.000000 0.000000 1.000000
0.989315 0.102866 -0.103319 0.000000 -0.102866 -0.009713 -0.994648 3.113000 -0.103319 0.994648 0.000972 0.000000 0.000000 0.000000 0.000000 1.000000
0.989667 0.102842 -0.099910 -0.000000 -0.102843 0.023604 -0.994418 3.113000 -0.099910 0.994418 0.033936 0.000000 0.000000 0.000000 0.000000 1.000000
0.990086 0.102666 -0.095857 0.000000 -0.102665 0.063208 -0.992706 3.113000 -0.095858 0.992706 0.073121 0.000000 0.000000 0.000000 0.000000 1.000000
0.990561 0.102269 -0.091271 0.000000 -0.102269 0.108029 -0.988873 3.113000 -0.091271 0.988873 0.117469 0.000000 0.000000 0.000000 0.000000 1.000000
0.991078 0.101596 -0.086265 -0.000000 -0.101596 0.156948 -0.982367 3.113000 -0.086266 0.982367 0.165870 0.000000 0.000000 0.000000 0.000000 1.000000
0.991627 0.100604 -0.080960 0.000000 -0.100604 0.208804 -0.972769 3.113000 -0.080960 0.972769 0.217177 0.000000 0.000000 0.000000 0.000000 1.000000
0.992194 0.099266 -0.075474 0.000000 -0.099266 0.262408 -0.959838 3.113000 -0.075475 0.959837 0.270214 -0.000000 0.000000 0.000000 0.000000 1.000000
0.992768 0.097580 -0.069932 0.000000 -0.097580 0.316577 -0.943534 3.113000 -0.069931 0.943534 0.323809 0.000000 0.000000 0.000000 0.000000 1.000000
0.993335 0.095564 -0.064449 0.000000 -0.095564 0.370158 -0.924040 3.113000 -0.064449 0.924040 0.376823 -0.000000 0.000000 0.000000 0.000000 1.000000
0.993884 0.093259 -0.059138 0.000000 -0.093259 0.422063 -0.901757 3.113000 -0.059138 0.901757 0.428179 0.000000 0.000000 0.000000 0.000000 1.000000
0.994405 0.090730 -0.054099 -0.000000 -0.090730 0.471300 -0.877294 3.113000 -0.054100 0.877294 0.476895 0.000000 0.000000 0.000000 0.000000 1.000000
0.994889 0.088057 -0.049424 0.000000 -0.088057 0.516992 -0.851449 3.113000 -0.049424 0.851449 0.522103 -0.000000 0.000000 0.000000 0.000000 1.000000
0.995327 0.085339 -0.045187 0.000000 -0.085339 0.558395 -0.825174 3.113000 -0.045187 0.825174 0.563068 0.000000 0.000000 0.000000 0.000000 1.000000
0.995713 0.082688 -0.041452 0.000000 -0.082688 0.594896 -0.799538 3.113000 -0.041452 0.799538 0.599183 0.000000 0.000000 0.000000 0.000000 1.000000
0.996042 0.080221 -0.038269 0.000000 -0.080221 0.626002 -0.775684 3.113000 -0.038270 0.775684 0.629960 0.000000 0.000000 0.000000 0.000000 1.000000
0.996310 0.078060 -0.035680 -0.000000 -0.078060 0.651310 -0.754786 3.113000 -0.035680 0.754786 0.655000 0.000000 0.000000 0.000000 0.000000 1.000000
0.996513 0.076324 -0.033719 0.000000 -0.076324 0.670468 -0.738002 3.113000 -0.033719 0.738002 0.673955 0.000000 0.000000 0.000000 0.000000 1.000000
0.996647 0.075127 -0.032425 0.000000 -0.075127 0.683122 -0.726430 3.113000 -0.032425 0.726430 0.686475 0.000000 0.000000 0.000000 0.000000 1.000000
0.996707 0.074572 -0.031839 0.000000 -0.074572 0.688848 -0.721060 3.113000 -0.031839 0.721060 0.692141 -0.000000 0.000000 0.000000 0.000000 1.000000
0.996809 0.073617 -0.030853 0.000000 -0.073617 0.698485 -0.711828 3.113000 -0.030853 0.711828 0.701676 0.000000 0.000000 0.000000 0.000000 1.000000
0.997165 0.070078 -0.027415 0.000000 -0.070078 0.732078 -0.677607 3.113000 -0.027415 0.677607 0.734913 0.000000 0.000000 0.000000 0.000000 1.000000
0.997690 0.064156 -0.022337 0.000000 -0.064156 0.781704 -0.620341 3.113000 -0.022337 0.620341 0.784014 0.000000 0.000000 0.000000 0.000000 1.000000
0.998267 0.056406 -0.016754 0.000000 -0.056406 0.836270 -0.545409 3.113000 -0.016754 0.545409 0.838002 -0.000000 0.000000 0.000000 0.000000 1.000000
0.998798 0.047612 -0.011619 0.000000 -0.047612 0.886445 -0.460378 3.113000 -0.011620 0.460378 0.887647 0.000000 0.000000 0.000000 0.000000 1.000000
0.999218 0.038808 -0.007561 0.000000 -0.038808 0.926111 -0.375249 3.113000 -0.007560 0.375249 0.926893 0.000000 0.000000 0.000000 0.000000 1.000000
0.999501 0.031203 -0.004821 0.000000 -0.031203 0.952889 -0.301711 3.113000 -0.004821 0.301711 0.953387 0.000000 0.000000 0.000000 0.000000 1.000000
0.999655 0.026063 -0.003339 0.000000 -0.026063 0.967373 -0.252013 3.113000 -0.003339 0.252013 0.967718 0.000000 0.000000 0.000000 0.000000 1.000000
0.999693 0.024599 -0.002969 0.000000 -0.024599 0.970990 -0.237851 3.113000 -0.002968 0.237851 0.971297 0.000000 0.000000 0.000000 0.000000 1.000000
0.999622 0.027259 -0.003658 -0.000000 -0.027259 0.964253 -0.263576 3.113000 -0.003658 0.263576 0.964632 0.000000 0.000000 0.000000 0.000000 1.000000
0.999439 0.033057 -0.005427 0.000000 -0.033057 0.946962 -0.319640 3.113000 -0.005427 0.319640 0.947524 0.000000 0.000000 0.000000 0.000000 1.000000
0.999136 0.040713 -0.008354 -0.000000 -0.040713 0.918352 -0.393665 3.113000 -0.008355 0.393665 0.919216 -0.000000 0.000000 0.000000 0.000000 1.000000
0.998725 0.048956 -0.012331 -0.000000 -0.048957 0.879499 -0.473377 3.113000 -0.012330 0.473377 0.880774 0.000000 0.000000 0.000000 0.000000 1.000000
0.998252 0.056631 -0.016900 0.000000 -0.056631 0.834836 -0.547579 3.113000 -0.016901 0.547579 0.836584 0.000000 0.000000 0.000000 0.000000 1.000000
0.997801 0.062776 -0.021262 0.000000 -0.062776 0.792213 -0.607007 3.113000 -0.021262 0.607007 0.794412 0.000000 0.000000 0.000000 0.000000 1.000000
0.997472 0.066723 -0.024442 0.000000 -0.066723 0.761126 -0.645162 3.113000 -0.024443 0.645162 0.763654 0.000000 0.000000 0.000000 0.000000 1.000000
0.997245 0.069229 -0.026638 0.000000 -0.069229 0.739677 -0.669392 3.113000 -0.026638 0.669392 0.742432 0.000000 0.000000 0.000000 0.000000 1.000000
0.997060 0.071157 -0.028428 0.000000 -0.071157 0.722180 -0.688035 3.113000 -0.028428 0.688035 0.725120 0.000000 0.000000 0.000000 0.000000 1.000000
0.996915 0.072597 -0.029828 0.000000 -0.072597 0.708502 -0.701964 3.113000 -0.029828 0.701964 0.711587 0.000000 0.000000 0.000000 0.000000 1.000000
0.996808 0.073629 -0.030865 -0.000000 -0.073629 0.698368 -0.711942 3.113000 -0.030865 0.711942 0.701560 -0.000000 0.000000 0.000000 0.000000 1.000000
0.996734 0.074322 -0.031578 0.000000 -0.074322 0.691398 -0.718641 3.113000 -0.031578 0.718641 0.694664 0.000000 0.000000 0.000000 0.000000 1.000000
0.996689 0.074738 -0.032013 0.000000 -0.074738 0.687141 -0.722670 3.113000 -0.032014 0.722670 0.690452 0.000000 0.000000 0.000000 0.000000 1.000000
0.996668 0.074937 -0.032222 0.000000 -0.074937 0.685098 -0.724587 3.113000 -0.032223 0.724587 0.688430 0.000000 0.000000 0.000000 0.000000 1.000000
0.996664 0.074971 -0.032259 0.000000 -0.074971 0.684739 -0.724922 3.113000 -0.032259 0.724922 0.688075 0.000000 0.000000 0.000000 0.000000 1.000000
0.996672 0.074895 -0.032179 0.000000 -0.074895 0.685522 -0.724189 3.113000 -0.032179 0.724189 0.688850 0.000000 0.000000 0.000000 0.000000 1.000000
0.996687 0.074762 -0.032038 0.000000 -0.074762 0.686899 -0.722897 3.113000 -0.032038 0.722897 0.690213 0.000000 0.000000 0.000000 0.000000 1.000000
0.996702 0.074623 -0.031892 0.000000 -0.074623 0.688322 -0.721557 3.113000 -0.031893 0.721557 0.691620 0.000000 0.000000 0.000000 0.000000 1.000000
0.996711 0.074533 -0.031798 -0.000000 -0.074533 0.689248 -0.720681 3.113000 -0.031798 0.720681 0.692537 0.000000 0.000000 0.000000 0.000000 1.000000
0.996715 0.074502 -0.031766 0.000000 -0.074502 0.689559 -0.720387 3.113000 -0.031766 0.720387 0.692844 -0.000000 0.000000 0.000000 0.000000 1.000000
0.996726 0.074399 -0.031657 0.000000 -0.074398 0.690618 -0.719382 3.113000 -0.031658 0.719382 0.693892 0.000000 0.000000 0.000000 0.000000 1.000000
0.996746 0.074210 -0.031461 -0.000000 -0.074210 0.692533 -0.717559 3.113000 -0.031462 0.717559 0.695787 0.000000 0.000000 0.000000 0.000000 1.000000
0.996774 0.073950 -0.031193 0.000000 -0.073950 0.695159 -0.715043 3.113000 -0.031193 0.715043 0.698385 0.000000 0.000000 0.000000 0.000000 1.000000
0.996808 0.073631 -0.030867 0.000000 -0.073631 0.698348 -0.711961 3.113000 -0.030867 0.711961 0.701541 0.000000 0.000000 0.000000 0.000000 1.000000
0.996846 0.073267 -0.030497 0.000000 -0.073267 0.701957 -0.708440 3.113000 -0.030497 0.708440 0.705112 0.000000 0.000000 0.000000 0.000000 1.000000
0.996887 0.072871 -0.030100 0.000000 -0.072871 0.705843 -0.704610 3.113000 -0.030100 0.704610 0.708956 0.000000 0.000000 0.000000 0.000000 1.000000
0.996930 0.072456 -0.029688 0.000000 -0.072456 0.709863 -0.700603 3.113000 -0.029688 0.700603 0.712933 0.000000 0.000000 0.000000 0.000000 1.000000
0.996972 0.072038 -0.029277 0.000000 -0.072038 0.713880 -0.696553 3.113000 -0.029277 0.696553 0.716908 0.000000 0.000000 0.000000 0.000000 1.000000
0.997013 0.071628 -0.028880 0.000000 -0.071628 0.717759 -0.692597 3.113000 -0.028881 0.692597 0.720746 -0.000000 0.000000 0.000000 0.000000 1.000000
0.997051 0.071243 -0.028511 0.000000 -0.071244 0.721369 -0.688877 3.113000 -0.028511 0.688877 0.724317 0.000000 0.000000 0.000000 0.000000 1.000000
0.997085 0.070898 -0.028183 0.000000 -0.070898 0.724579 -0.685535 3.113000 -0.028183 0.685535 0.727494 0.000000 0.000000 0.000000 0.000000 1.000000</float_array>
        <technique_common>
          <accessor source="#mixamorig_LeftHandMiddle2-Matrix-animation-output-transform-array" count="91" stride="16">
            <param type="float4x4"/>
          </accessor>
        </technique_common>
      </source>
      <source id="mixamorig_LeftHandMiddle2-Interpolations">
        <Name_array id="mixamorig_LeftHandMiddle2-Interpolations-array" count="91">
 LINEAR LINEAR LINEAR LINEAR LINEAR LINEAR LINEAR LINEAR LINEAR LINEAR LINEAR
LINEAR LINEAR LINEAR LINEAR LINEAR LINEAR LINEAR LINEAR LINEAR LINEAR LINEAR LINEAR
LINEAR LINEAR LINEAR LINEAR LINEAR LINEAR LINEAR LINEAR LINEAR LINEAR LINEAR LINEAR
LINEAR LINEAR LINEAR LINEAR LINEAR LINEAR LINEAR LINEAR LINEAR LINEAR LINEAR LINEAR
LINEAR LINEAR LINEAR LINEAR LINEAR LINEAR LINEAR LINEAR LINEAR LINEAR LINEAR LINEAR
LINEAR LINEAR LINEAR LINEAR LINEAR LINEAR LINEAR LINEAR LINEAR LINEAR LINEAR LINEAR
LINEAR LINEAR LINEAR LINEAR LINEAR LINEAR LINEAR LINEAR LINEAR LINEAR LINEAR LINEAR
LINEAR LINEAR LINEAR LINEAR LINEAR LINEAR LINEAR LINEAR</Name_array>
        <technique_common>
          <accessor source="#mixamorig_LeftHandMiddle2-Interpolations-array" count="91">
            <param type="name"/>
          </accessor>
        </technique_common>
      </source>
      <sampler id="mixamorig_LeftHandMiddle2-Matrix-animation-transform">
        <input semantic="INPUT" source="#mixamorig_LeftHandMiddle2-Matrix-animation-input"/>
        <input semantic="OUTPUT" source="#mixamorig_LeftHandMiddle2-Matrix-animation-output-transform"/>
        <input semantic="INTERPOLATION" source="#mixamorig_LeftHandMiddle2-Interpolations"/>
      </sampler>
      <channel source="#mixamorig_LeftHandMiddle2-Matrix-animation-transform" target="mixamorig_LeftHandMiddle2/matrix"/>
    </animation>
    <animation id="mixamorig_LeftHandMiddle3-anim" name="mixamorig_LeftHandMiddle3">
      <source id="mixamorig_LeftHandMiddle3-Matrix-animation-input">
        <float_array id="mixamorig_LeftHandMiddle3-Matrix-animation-input-array" count="91">

0.000000 0.033333 0.066667 0.100000 0.133333 0.166667 0.200000 0.233333 0.266667 0.300000 0.333333 0.366667 0.400000 0.433333 0.466667 0.500000
0.533333 0.566667 0.600000 0.633333 0.666667 0.700000 0.733333 0.766667 0.800000 0.833333 0.866667 0.900000 0.933333 0.966667 1.000000 1.033333
1.066667 1.100000 1.133333 1.166667 1.200000 1.233333 1.266667 1.300000 1.333333 1.366667 1.400000 1.433333 1.466667 1.500000 1.533333 1.566667
1.600000 1.633333 1.666667 1.700000 1.733333 1.766667 1.800000 1.833333 1.866667 1.900000 1.933333 1.966667 2.000000 2.033333 2.066667 2.100000
2.133333 2.166667 2.200000 2.233333 2.266667 2.300000 2.333333 2.366667 2.400000 2.433333 2.466667 2.500000 2.533333 2.566667 2.600000 2.633333
2.666667 2.700000 2.733333 2.766667 2.800000 2.833333 2.866667 2.900000 2.933333 2.966667 3.000000</float_array>
        <technique_common>
          <accessor source="#mixamorig_LeftHandMiddle3-Matrix-animation-input-array" count="91">
            <param name="TIME" type="float"/>
          </accessor>
        </technique_common>
      </source>
      <source id="mixamorig_LeftHandMiddle3-Matrix-animation-output-transform">
        <float_array id="mixamorig_LeftHandMiddle3-Matrix-animation-output-transform-array" count="1456">

0.998835 0.046930 -0.011269 0.000000 -0.046930 0.889877 -0.453780 2.999400 -0.011268 0.453780 0.891043 -0.000000 0.000000 0.000000 0.000000 1.000000
0.998849 0.046650 -0.011126 0.000000 -0.046650 0.891266 -0.451075 2.999400 -0.011126 0.451075 0.892417 -0.000000 0.000000 0.000000 0.000000 1.000000
0.998889 0.045880 -0.010740 -0.000000 -0.045880 0.895037 -0.443627 2.999400 -0.010740 0.443627 0.896147 -0.000000 0.000000 0.000000 0.000000 1.000000
0.998948 0.044718 -0.010174 0.000000 -0.044718 0.900574 -0.432397 2.999400 -0.010174 0.432397 0.901626 -0.000000 0.000000 0.000000 0.000000 1.000000
0.999019 0.043265 -0.009490 0.000000 -0.043265 0.907257 -0.418346 2.999400 -0.009490 0.418346 0.908238 0.000000 0.000000 0.000000 0.000000 1.000000
0.999095 0.041621 -0.008749 -0.000000 -0.041621 0.914494 -0.402453 2.999400 -0.008749 0.402453 0.915399 0.000000 0.000000 0.000000 0.000000 1.000000
0.999172 0.039892 -0.008007 0.000000 -0.039892 0.921751 -0.385725 2.999400 -0.008007 0.385725 0.922579 0.000000 0.000000 0.000000 0.000000 1.000000
0.999244 0.038183 -0.007310 0.000000 -0.038183 0.928564 -0.369204 2.999400 -0.007310 0.369204 0.929320 -0.000000 0.000000 0.000000 0.000000 1.000000
0.999307 0.036607 -0.006698 -0.000000 -0.036607 0.934544 -0.353960 2.999400 -0.006698 0.353960 0.935237 0.000000 0.000000 0.000000 0.000000 1.000000
0.999358 0.035275 -0.006204 0.000000 -0.035275 0.939369 -0.341088 2.999400 -0.006204 0.341088 0.940011 -0.000000 0.000000 0.000000 0.000000 1.000000
0.999394 0.034304 -0.005857 0.000000 -0.034304 0.942762 -0.331697 2.999400 -0.005857 0.331697 0.943368 0.000000 0.000000 0.000000 0.000000 1.000000
0.999412 0.033808 -0.005684 0.000000 -0.033808 0.944455 -0.326897 2.999400 -0.005684 0.326897 0.945043 -0.000000 0.000000 0.000000 0.000000 1.000000
0.999409 0.033899 -0.005715 0.000000 -0.033899 0.944145 -0.327782 2.999400 -0.005715 0.327782 0.944736 0.000000 0.000000 0.000000 0.000000 1.000000
0.999380 0.034688 -0.005993 0.000000 -0.034688 0.941433 -0.335412 2.999400 -0.005993 0.335412 0.942052 -0.000000 0.000000 0.000000 0.000000 1.000000
0.999320 0.036279 -0.006574 -0.000000 -0.036279 0.935751 -0.350789 2.999400 -0.006574 0.350789 0.936431 -0.000000 0.000000 0.000000 0.000000 1.000000
0.999220 0.038763 -0.007543 -0.000000 -0.038763 0.926289 -0.374815 2.999400 -0.007542 0.374815 0.927069 0.000000 0.000000 0.000000 0.000000 1.000000
0.999053 0.042539 -0.009158 0.000000 -0.042539 0.910498 -0.411320 2.999400 -0.009158 0.411320 0.911445 0.000000 0.000000 0.000000 0.000000 1.000000
0.998789 0.047788 -0.011711 0.000000 -0.047788 0.885552 -0.462077 2.999400 -0.011711 0.462077 0.886763 0.000000 0.000000 0.000000 0.000000 1.000000
0.998417 0.054116 -0.015303 0.000000 -0.054116 0.850449 -0.523267 2.999400 -0.015303 0.523267 0.852031 0.000000 0.000000 0.000000 0.000000 1.000000
0.997932 0.061089 -0.019996 0.000000 -0.061089 0.804586 -0.590686 2.999400 -0.019996 0.590686 0.806654 0.000000 0.000000 0.000000 0.000000 1.000000
0.997334 0.068270 -0.025781 0.000000 -0.068270 0.748052 -0.660120 2.999400 -0.025781 0.660120 0.750718 0.000000 0.000000 0.000000 0.000000 1.000000
0.996633 0.075249 -0.032555 0.000000 -0.075249 0.681849 -0.727612 2.999400 -0.032555 0.727612 0.685216 0.000000 0.000000 0.000000 0.000000 1.000000
0.995851 0.081676 -0.040115 0.000000 -0.081676 0.607967 -0.789750 2.999400 -0.040115 0.789750 0.612116 0.000000 0.000000 0.000000 0.000000 1.000000
0.995019 0.087280 -0.048165 -0.000000 -0.087280 0.529296 -0.843936 2.999400 -0.048165 0.843936 0.534277 0.000000 0.000000 0.000000 0.000000 1.000000
0.994174 0.091896 -0.056337 0.000000 -0.091896 0.449429 -0.888577 2.999400 -0.056337 0.888577 0.455256 0.000000 0.000000 0.000000 0.000000 1.000000
0.993358 0.095472 -0.064221 0.000000 -0.095473 0.372391 -0.923152 2.999400 -0.064220 0.923152 0.379033 0.000000 0.000000 0.000000 0.000000 1.000000
0.992617 0.098056 -0.071387 0.000000 -0.098056 0.302359 -0.948137 2.999400 -0.071387 0.948137 0.309742 0.000000 0.000000 0.000000 0.000000 1.000000
0.991994 0.099777 -0.077417 0.000000 -0.099777 0.243420 -0.964775 2.999400 -0.077417 0.964775 0.251427 0.000000 0.000000 0.000000 0.000000 1.000000
0.991528 0.100805 -0.081919 0.000000 -0.100805 0.199432 -0.974713 2.999400 -0.081918 0.974713 0.207904 -0.000000 0.000000 0.000000 0.000000 1.000000
0.991258 0.101303 -0.084525 0.000000 -0.101303 0.173959 -0.979528 2.999400 -0.084525 0.979528 0.182700 0.000000 0.000000 0.000000 0.000000 1.000000
0.991207 0.101389 -0.085018 0.000000 -0.101389 0.169138 -0.980364 2.999400 -0.085018 0.980363 0.177931 -0.000000 0.000000 0.000000 0.000000 1.000000
0.991299 0.101232 -0.084131 0.000000 -0.101232 0.177808 -0.978844 2.999400 -0.084131 0.978844 0.186509 -0.000000 0.000000 0.000000 0.000000 1.000000
0.991491 0.100877 -0.082273 0.000000 -0.100877 0.195966 -0.975408 2.999400 -0.082273 0.975408 0.204475 -0.000000 0.000000 0.000000 0.000000 1.000000
0.991772 0.100292 -0.079557 0.000000 -0.100292 0.222508 -0.969758 2.999400 -0.079557 0.969758 0.230736 -0.000000 0.000000 0.000000 0.000000 1.000000
0.992130 0.099436 -0.076102 0.000000 -0.099436 0.256277 -0.961475 2.999400 -0.076102 0.961475 0.264147 0.000000 0.000000 0.000000 0.000000 1.000000
0.992551 0.098259 -0.072031 0.000000 -0.098260 0.296061 -0.950101 2.999400 -0.072031 0.950101 0.303511 -0.000000 0.000000 0.000000 0.000000 1.000000
0.993022 0.096720 -0.067473 -0.000000 -0.096720 0.340603 -0.935219 2.999400 -0.067473 0.935219 0.347581 -0.000000 0.000000 0.000000 0.000000 1.000000
0.993530 0.094786 -0.062561 0.000000 -0.094786 0.388610 -0.916514 2.999400 -0.062561 0.916514 0.395080 -0.000000 0.000000 0.000000 0.000000 1.000000
0.994061 0.092440 -0.057427 0.000000 -0.092440 0.438777 -0.893829 2.999400 -0.057427 0.893829 0.444716 0.000000 0.000000 0.000000 0.000000 1.000000
0.994601 0.089686 -0.052205 -0.000000 -0.089686 0.489818 -0.867200 2.999400 -0.052205 0.867200 0.495217 0.000000 0.000000 0.000000 0.000000 1.000000
0.995137 0.086550 -0.047019 -0.000000 -0.086550 0.540499 -0.836881 2.999400 -0.047019 0.836881 0.545362 -0.000000 0.000000 0.000000 0.000000 1.000000
0.995658 0.083083 -0.041986 0.000000 -0.083083 0.589682 -0.803351 2.999400 -0.041986 0.803351 0.594024 0.000000 0.000000 0.000000 0.000000 1.000000
0.996152 0.079354 -0.037210 0.000000 -0.079355 0.636354 -0.767304 2.999400 -0.037210 0.767304 0.640203 0.000000 0.000000 0.000000 0.000000 1.000000
0.996610 0.075459 -0.032779 0.000000 -0.075459 0.679662 -0.729634 2.999400 -0.032779 0.729634 0.683052 0.000000 0.000000 0.000000 0.000000 1.000000
0.997026 0.071504 -0.028761 0.000000 -0.071504 0.718929 -0.691395 2.999400 -0.028761 0.691395 0.721904 -0.000000 0.000000 0.000000 0.000000 1.000000
0.997393 0.067613 -0.025206 0.000000 -0.067613 0.753663 -0.653774 2.999400 -0.025207 0.653774 0.756270 0.000000 0.000000 0.000000 0.000000 1.000000
0.997709 0.063918 -0.022149 0.000000 -0.063918 0.783544 -0.618040 2.999400 -0.022149 0.618040 0.785835 0.000000 0.000000 0.000000 0.000000 1.000000
0.997972 0.060553 -0.019605 -0.000000 -0.060553 0.808404 -0.585505 2.999400 -0.019605 0.585505 0.810431 0.000000 0.000000 0.000000 0.000000 1.000000
0.998182 0.057655 -0.017582 0.000000 -0.057655 0.828181 -0.557488 2.999400 -0.017582 0.557488 0.829999 0.000000 0.000000 0.000000 0.000000 1.000000
0.998337 0.055358 -0.016079 0.000000 -0.055358 0.842863 -0.535273 2.999400 -0.016079 0.535273 0.844526 0.000000 0.000000 0.000000 0.000000 1.000000
0.998438 0.053787 -0.015101 -0.000000 -0.053787 0.852421 -0.520082 2.999400 -0.015101 0.520082 0.853983 -0.000000 0.000000 0.000000 0.000000 1.000000
0.998484 0.053059 -0.014661 0.000000 -0.053059 0.856723 -0.513040 2.999400 -0.014661 0.513040 0.858239 0.000000 0.000000 0.000000 0.000000 1.000000
0.998525 0.052391 -0.014265 0.000000 -0.052391 0.860596 -0.506586 2.999400 -0.014265 0.506586 0.862072 0.000000 0.000000 0.000000 0.000000 1.000000
0.998658 0.050137 -0.012976 -0.000000 -0.050137 0.873190 -0.484793 2.999400 -0.012976 0.484793 0.874532 0.000000 0.000000 0.000000 0.000000 1.000000
0.998848 0.046680 -0.011142 0.000000 -0.046680 0.891116 -0.451368 2.999400 -0.011141 0.451368 0.892268 0.000000 0.000000 0.000000 0.000000 1.000000
0.999047 0.042670 -0.009218 0.000000 -0.042670 0.909917 -0.412590 2.999400 -0.009218 0.412590 0.910870 0.000000 0.000000 0.000000 0.000000 1.000000
0.999218 0.038811 -0.007562 0.000000 -0.038811 0.926101 -0.375275 2.999400 -0.007562 0.375275 0.926883 -0.000000 0.000000 0.000000 0.000000 1.000000
0.999336 0.035857 -0.006417 0.000000 -0.035857 0.937284 -0.346717 2.999400 -0.006418 0.346717 0.937948 -0.000000 0.000000 0.000000 0.000000 1.000000
0.999384 0.034587 -0.005957 0.000000 -0.034587 0.941785 -0.334433 2.999400 -0.005957 0.334433 0.942401 0.000000 0.000000 0.000000 0.000000 1.000000
0.999340 0.035761 -0.006382 -0.000000 -0.035761 0.937632 -0.345785 2.999400 -0.006382 0.345785 0.938292 0.000000 0.000000 0.000000 0.000000 1.000000
0.999160 0.040174 -0.008125 0.000000 -0.040173 0.920593 -0.388451 2.999400 -0.008125 0.388451 0.921434 0.000000 0.000000 0.000000 0.000000 1.000000
0.998709 0.049238 -0.012482 0.000000 -0.049238 0.878013 -0.476097 2.999400 -0.012482 0.476097 0.879304 0.000000 0.000000 0.000000 0.000000 1.000000
0.997887 0.061672 -0.020427 0.000000 -0.061672 0.800371 -0.596325 2.999400 -0.020427 0.596325 0.802483 0.000000 0.000000 0.000000 0.000000 1.000000
0.996701 0.074630 -0.031899 0.000000 -0.074630 0.688255 -0.721620 2.999400 -0.031900 0.721620 0.691554 0.000000 0.000000 0.000000 0.000000 1.000000
0.995270 0.085707 -0.045734 0.000000 -0.085707 0.553053 -0.828726 2.999400 -0.045734 0.828726 0.557783 0.000000 0.000000 0.000000 0.000000 1.000000
0.993825 0.093525 -0.059709 0.000000 -0.093525 0.416481 -0.904321 2.999400 -0.059709 0.904321 0.422656 0.000000 0.000000 0.000000 0.000000 1.000000
0.992651 0.097950 -0.071057 0.000000 -0.097950 0.305580 -0.947115 2.999400 -0.071057 0.947115 0.312929 0.000000 0.000000 0.000000 0.000000 1.000000
0.992020 0.099712 -0.077160 -0.000000 -0.099712 0.245935 -0.964144 2.999400 -0.077160 0.964144 0.253914 0.000000 0.000000 0.000000 0.000000 1.000000
0.991906 0.099988 -0.078268 -0.000000 -0.099987 0.235109 -0.966812 2.999400 -0.078268 0.966812 0.243204 0.000000 0.000000 0.000000 0.000000 1.000000
0.992139 0.099411 -0.076010 0.000000 -0.099411 0.257176 -0.961238 2.999400 -0.076010 0.961238 0.265037 -0.000000 0.000000 0.000000 0.000000 1.000000
0.992653 0.097944 -0.071037 0.000000 -0.097944 0.305775 -0.947053 2.999400 -0.071037 0.947053 0.313122 0.000000 0.000000 0.000000 0.000000 1.000000
0.993375 0.095408 -0.064062 0.000000 -0.095408 0.373944 -0.922531 2.999400 -0.064061 0.922531 0.380569 0.000000 0.000000 0.000000 0.000000 1.000000
0.994225 0.091643 -0.055839 0.000000 -0.091643 0.454295 -0.886125 2.999400 -0.055840 0.886125 0.460070 0.000000 0.000000 0.000000 0.000000 1.000000
0.995125 0.086625 -0.047134 0.000000 -0.086625 0.539369 -0.837602 2.999400 -0.047134 0.837602 0.544243 0.000000 0.000000 0.000000 0.000000 1.000000
0.996002 0.080534 -0.038659 -0.000000 -0.080534 0.622195 -0.778709 2.999400 -0.038659 0.778709 0.626193 0.000000 0.000000 0.000000 0.000000 1.000000
0.996793 0.073773 -0.031011 -0.000000 -0.073773 0.696936 -0.713329 2.999400 -0.031011 0.713329 0.700143 -0.000000 0.000000 0.000000 0.000000 1.000000
0.997454 0.066932 -0.024621 0.000000 -0.066932 0.759386 -0.647189 2.999400 -0.024621 0.647189 0.761932 0.000000 0.000000 0.000000 0.000000 1.000000
0.997959 0.060733 -0.019736 -0.000000 -0.060733 0.807127 -0.587246 2.999400 -0.019736 0.587246 0.809168 0.000000 0.000000 0.000000 0.000000 1.000000
0.998298 0.055946 -0.016455 -0.000000 -0.055946 0.839185 -0.540961 2.999400 -0.016456 0.540961 0.840887 0.000000 0.000000 0.000000 0.000000 1.000000
0.998467 0.053323 -0.014820 -0.000000 -0.053324 0.855168 -0.515600 2.999400 -0.014820 0.515600 0.856701 0.000000 0.000000 0.000000 0.000000 1.000000
0.998490 0.052955 -0.014599 0.000000 -0.052955 0.857328 -0.512040 2.999400 -0.014599 0.512040 0.858838 -0.000000 0.000000 0.000000 0.000000 1.000000
0.998503 0.052748 -0.014476 0.000000 -0.052748 0.858534 -0.510036 2.999400 -0.014475 0.510036 0.860031 0.000000 0.000000 0.000000 0.000000 1.000000
0.998526 0.052374 -0.014254 0.000000 -0.052374 0.860696 -0.506418 2.999400 -0.014255 0.506418 0.862170 0.000000 0.000000 0.000000 0.000000 1.000000
0.998557 0.051862 -0.013955 0.000000 -0.051862 0.863620 -0.501469 2.999400 -0.013955 0.501469 0.865063 0.000000 0.000000 0.000000 0.000000 1.000000
0.998594 0.051242 -0.013598 0.000000 -0.051241 0.867112 -0.495470 2.999400 -0.013598 0.495470 0.868518 0.000000 0.000000 0.000000 0.000000 1.000000
0.998635 0.050542 -0.013202 0.000000 -0.050542 0.870981 -0.488709 2.999400 -0.013202 0.488709 0.872347 0.000000 0.000000 0.000000 0.000000 1.000000
0.998678 0.049794 -0.012786 0.000000 -0.049794 0.875044 -0.481475 2.999400 -0.012786 0.481475 0.876367 0.000000 0.000000 0.000000 0.000000 1.000000
0.998721 0.049027 -0.012369 0.000000 -0.049027 0.879126 -0.474061 2.999400 -0.012368 0.474061 0.880405 0.000000 0.000000 0.000000 0.000000 1.000000
0.998762 0.048273 -0.011966 0.000000 -0.048273 0.883060 -0.466770 2.999400 -0.011966 0.466770 0.884298 -0.000000 0.000000 0.000000 0.000000 1.000000
0.998801 0.047563 -0.011594 0.000000 -0.047563 0.886693 -0.459906 2.999400 -0.011594 0.459906 0.887892 0.000000 0.000000 0.000000 0.000000 1.000000
0.998835 0.046930 -0.011268 0.000000 -0.046930 0.889877 -0.453780 2.999400 -0.011269 0.453780 0.891042 -0.000000 0.000000 0.000000 0.000000 1.000000</float_array>
        <technique_common>
          <accessor source="#mixamorig_LeftHandMiddle3-Matrix-animation-output-transform-array" count="91" stride="16">
            <param type="float4x4"/>
          </accessor>
        </technique_common>
      </source>
      <source id="mixamorig_LeftHandMiddle3-Interpolations">
        <Name_array id="mixamorig_LeftHandMiddle3-Interpolations-array" count="91">
 LINEAR LINEAR LINEAR LINEAR LINEAR LINEAR LINEAR LINEAR LINEAR LINEAR LINEAR
LINEAR LINEAR LINEAR LINEAR LINEAR LINEAR LINEAR LINEAR LINEAR LINEAR LINEAR LINEAR
LINEAR LINEAR LINEAR LINEAR LINEAR LINEAR LINEAR LINEAR LINEAR LINEAR LINEAR LINEAR
LINEAR LINEAR LINEAR LINEAR LINEAR LINEAR LINEAR LINEAR LINEAR LINEAR LINEAR LINEAR
LINEAR LINEAR LINEAR LINEAR LINEAR LINEAR LINEAR LINEAR LINEAR LINEAR LINEAR LINEAR
LINEAR LINEAR LINEAR LINEAR LINEAR LINEAR LINEAR LINEAR LINEAR LINEAR LINEAR LINEAR
LINEAR LINEAR LINEAR LINEAR LINEAR LINEAR LINEAR LINEAR LINEAR LINEAR LINEAR LINEAR
LINEAR LINEAR LINEAR LINEAR LINEAR LINEAR LINEAR LINEAR</Name_array>
        <technique_common>
          <accessor source="#mixamorig_LeftHandMiddle3-Interpolations-array" count="91">
            <param type="name"/>
          </accessor>
        </technique_common>
      </source>
      <sampler id="mixamorig_LeftHandMiddle3-Matrix-animation-transform">
        <input semantic="INPUT" source="#mixamorig_LeftHandMiddle3-Matrix-animation-input"/>
        <input semantic="OUTPUT" source="#mixamorig_LeftHandMiddle3-Matrix-animation-output-transform"/>
        <input semantic="INTERPOLATION" source="#mixamorig_LeftHandMiddle3-Interpolations"/>
      </sampler>
      <channel source="#mixamorig_LeftHandMiddle3-Matrix-animation-transform" target="mixamorig_LeftHandMiddle3/matrix"/>
    </animation>
    <animation id="mixamorig_LeftHandRing1-anim" name="mixamorig_LeftHandRing1">
      <source id="mixamorig_LeftHandRing1-Matrix-animation-input">
        <float_array id="mixamorig_LeftHandRing1-Matrix-animation-input-array" count="91">

0.000000 0.033333 0.066667 0.100000 0.133333 0.166667 0.200000 0.233333 0.266667 0.300000 0.333333 0.366667 0.400000 0.433333 0.466667 0.500000
0.533333 0.566667 0.600000 0.633333 0.666667 0.700000 0.733333 0.766667 0.800000 0.833333 0.866667 0.900000 0.933333 0.966667 1.000000 1.033333
1.066667 1.100000 1.133333 1.166667 1.200000 1.233333 1.266667 1.300000 1.333333 1.366667 1.400000 1.433333 1.466667 1.500000 1.533333 1.566667
1.600000 1.633333 1.666667 1.700000 1.733333 1.766667 1.800000 1.833333 1.866667 1.900000 1.933333 1.966667 2.000000 2.033333 2.066667 2.100000
2.133333 2.166667 2.200000 2.233333 2.266667 2.300000 2.333333 2.366667 2.400000 2.433333 2.466667 2.500000 2.533333 2.566667 2.600000 2.633333
2.666667 2.700000 2.733333 2.766667 2.800000 2.833333 2.866667 2.900000 2.933333 2.966667 3.000000</float_array>
        <technique_common>
          <accessor source="#mixamorig_LeftHandRing1-Matrix-animation-input-array" count="91">
            <param name="TIME" type="float"/>
          </accessor>
        </technique_common>
      </source>
      <source id="mixamorig_LeftHandRing1-Matrix-animation-output-transform">
        <float_array id="mixamorig_LeftHandRing1-Matrix-animation-output-transform-array" count="1456">

0.993820 0.107127 -0.029082 2.847700 -0.108951 0.891204 -0.440325 10.709100 -0.021253 0.440772 0.897367 0.069600 0.000000 0.000000 0.000000 1.000000
0.993800 0.107303 -0.029115 2.847700 -0.109115 0.891008 -0.440680 10.709100 -0.021345 0.441125 0.897192 0.069600 0.000000 0.000000 0.000000 1.000000
0.993743 0.107798 -0.029224 2.847700 -0.109579 0.890381 -0.441831 10.709100 -0.021608 0.442269 0.896622 0.069600 0.000000 0.000000 0.000000 1.000000
0.993654 0.108562 -0.029422 2.847700 -0.110300 0.889256 -0.443911 10.709100 -0.022028 0.444339 0.895588 0.069600 0.000000 0.000000 0.000000 1.000000
0.993537 0.109546 -0.029722 2.847700 -0.111235 0.887567 -0.447048 10.709100 -0.022592 0.447465 0.894016 0.069600 0.000000 0.000000 0.000000 1.000000
0.993397 0.110700 -0.030138 2.847700 -0.112341 0.885238 -0.451368 10.709100 -0.023287 0.451773 0.891829 0.069600 0.000000 0.000000 0.000000 1.000000
0.993237 0.111974 -0.030685 2.847700 -0.113573 0.882189 -0.456994 10.709100 -0.024102 0.457389 0.888940 0.069600 0.000000 0.000000 0.000000 1.000000
0.993064 0.113315 -0.031377 2.847700 -0.114885 0.878330 -0.464045 10.709100 -0.025024 0.464431 0.885256 0.069600 0.000000 0.000000 0.000000 1.000000
0.992881 0.114671 -0.032230 2.847700 -0.116233 0.873562 -0.472631 10.709100 -0.026042 0.473012 0.880671 0.069600 0.000000 0.000000 0.000000 1.000000
0.992693 0.115989 -0.033263 2.847700 -0.117572 0.867771 -0.482857 10.709100 -0.027141 0.483239 0.875067 0.069600 0.000000 0.000000 0.000000 1.000000
0.992508 0.117213 -0.034492 2.847700 -0.118858 0.860831 -0.494816 10.709100 -0.028307 0.495208 0.868313 0.069600 0.000000 0.000000 0.000000 1.000000
0.992329 0.118284 -0.035938 2.847700 -0.120048 0.852598 -0.508591 10.709100 -0.029517 0.509004 0.860258 0.069600 0.000000 0.000000 0.000000 1.000000
0.992164 0.119144 -0.037621 2.847700 -0.121100 0.842910 -0.524249 10.709100 -0.030750 0.524697 0.850734 0.069600 0.000000 0.000000 0.000000 1.000000
0.991997 0.119840 -0.039755 2.847700 -0.122107 0.830448 -0.543549 10.709100 -0.032125 0.544053 0.838435 0.069600 0.000000 0.000000 0.000000 1.000000
0.991809 0.120445 -0.042523 2.847700 -0.123186 0.813953 -0.567720 10.709100 -0.033767 0.568308 0.822123 0.069600 0.000000 0.000000 0.000000 1.000000
0.991604 0.120911 -0.045846 2.847700 -0.124308 0.793661 -0.595525 10.709100 -0.035619 0.596224 0.802027 0.069600 0.000000 0.000000 0.000000 1.000000
0.991387 0.121193 -0.049630 2.847700 -0.125443 0.769935 -0.625671 10.709100 -0.037615 0.626508 0.778507 0.069600 0.000000 0.000000 0.000000 1.000000
0.991164 0.121256 -0.053770 2.847700 -0.126566 0.743263 -0.656918 10.709100 -0.039690 0.657919 0.752042 0.069600 0.000000 0.000000 0.000000 1.000000
0.990938 0.121081 -0.058150 2.847700 -0.127657 0.714279 -0.688121 10.709100 -0.041783 0.689308 0.723263 0.069600 0.000000 0.000000 0.000000 1.000000
0.990714 0.120670 -0.062641 2.847700 -0.128698 0.683779 -0.718250 10.709100 -0.043839 0.719643 0.692959 0.069600 0.000000 0.000000 0.000000 1.000000
0.990498 0.120044 -0.067106 2.847700 -0.129676 0.652710 -0.746427 10.709100 -0.045803 0.748037 0.662075 0.069600 0.000000 0.000000 0.000000 1.000000
0.990294 0.119247 -0.071402 2.847700 -0.130575 0.622156 -0.771928 10.709100 -0.047627 0.773759 0.631688 0.069600 0.000000 0.000000 0.000000 1.000000
0.990107 0.118347 -0.075378 2.847700 -0.131379 0.593307 -0.794183 10.709100 -0.049267 0.796229 0.602985 0.069600 0.000000 0.000000 0.000000 1.000000
0.989944 0.117424 -0.078885 2.847700 -0.132072 0.567426 -0.812764 10.709100 -0.050677 0.815009 0.577228 0.069600 0.000000 0.000000 0.000000 1.000000
0.989810 0.116575 -0.081772 2.847700 -0.132633 0.545813 -0.827343 10.709100 -0.051815 0.829758 0.555713 0.069600 0.000000 0.000000 0.000000 1.000000
0.989712 0.115899 -0.083893 2.847700 -0.133041 0.529769 -0.837642 10.709100 -0.052638 0.840186 0.539738 0.069600 0.000000 0.000000 0.000000 1.000000
0.989656 0.115494 -0.085103 2.847700 -0.133272 0.520555 -0.843363 10.709100 -0.053103 0.845981 0.530562 0.069600 0.000000 0.000000 0.000000 1.000000
0.989645 0.115427 -0.085318 2.847700 -0.133316 0.518907 -0.844371 10.709100 -0.053191 0.847002 0.528922 0.069600 0.000000 0.000000 0.000000 1.000000
0.989656 0.115642 -0.084899 2.847700 -0.133274 0.522101 -0.842407 10.709100 -0.053092 0.845008 0.532112 0.069600 0.000000 0.000000 0.000000 1.000000
0.989679 0.116082 -0.084028 2.847700 -0.133188 0.528709 -0.838289 10.709100 -0.052884 0.840828 0.538713 0.069600 0.000000 0.000000 0.000000 1.000000
0.989712 0.116714 -0.082756 2.847700 -0.133066 0.538322 -0.832168 10.709100 -0.052576 0.834618 0.548314 0.069600 0.000000 0.000000 0.000000 1.000000
0.989753 0.117501 -0.081133 2.847700 -0.132916 0.550517 -0.824175 10.709100 -0.052176 0.826514 0.560493 0.069600 0.000000 0.000000 0.000000 1.000000
0.989801 0.118406 -0.079209 2.847700 -0.132747 0.564862 -0.814438 10.709100 -0.051692 0.816646 0.574819 0.069600 0.000000 0.000000 0.000000 1.000000
0.989854 0.119392 -0.077034 2.847700 -0.132568 0.580927 -0.803088 10.709100 -0.051131 0.805152 0.590860 0.069600 0.000000 0.000000 0.000000 1.000000
0.989911 0.120424 -0.074660 2.847700 -0.132385 0.598284 -0.790273 10.709100 -0.050499 0.792184 0.608190 0.069600 0.000000 0.000000 0.000000 1.000000
0.989970 0.121470 -0.072138 2.847700 -0.132205 0.616516 -0.776164 10.709100 -0.049807 0.777916 0.626391 0.069600 0.000000 0.000000 0.000000 1.000000
0.990031 0.122501 -0.069517 2.847700 -0.132032 0.635223 -0.760960 10.709100 -0.049059 0.762552 0.645064 0.069600 0.000000 0.000000 0.000000 1.000000
0.990091 0.123493 -0.066850 2.847700 -0.131870 0.654023 -0.744892 10.709100 -0.048268 0.746326 0.663828 0.069600 0.000000 0.000000 0.000000 1.000000
0.990151 0.124427 -0.064183 2.847700 -0.131721 0.672562 -0.728224 10.709100 -0.047444 0.729506 0.682327 0.069600 0.000000 0.000000 0.000000 1.000000
0.990209 0.125285 -0.061564 2.847700 -0.131587 0.690510 -0.711253 10.709100 -0.046599 0.712390 0.700235 0.069600 0.000000 0.000000 0.000000 1.000000
0.990264 0.126059 -0.059038 2.847700 -0.131466 0.707570 -0.694307 10.709100 -0.045750 0.695309 0.717254 0.069600 0.000000 0.000000 0.000000 1.000000
0.990317 0.126742 -0.056651 2.847700 -0.131361 0.723471 -0.677741 10.709100 -0.044913 0.678620 0.733115 0.069600 0.000000 0.000000 0.000000 1.000000
0.990365 0.127330 -0.054442 2.847700 -0.131268 0.737976 -0.661937 10.709100 -0.044107 0.662706 0.747580 0.069600 0.000000 0.000000 0.000000 1.000000
0.990409 0.127823 -0.052452 2.847700 -0.131188 0.750868 -0.647292 10.709100 -0.043354 0.647965 0.760436 0.069600 0.000000 0.000000 0.000000 1.000000
0.990447 0.128225 -0.050720 2.847700 -0.131122 0.761956 -0.634216 10.709100 -0.042676 0.634808 0.771491 0.069600 0.000000 0.000000 0.000000 1.000000
0.990479 0.128538 -0.049282 2.847700 -0.131068 0.771062 -0.623126 10.709100 -0.042096 0.623652 0.780568 0.069600 0.000000 0.000000 0.000000 1.000000
0.990504 0.128767 -0.048175 2.847700 -0.131026 0.778010 -0.614437 10.709100 -0.041639 0.614914 0.787494 0.069600 0.000000 0.000000 0.000000 1.000000
0.990521 0.128914 -0.047434 2.847700 -0.130999 0.782622 -0.608557 10.709100 -0.041328 0.609002 0.792091 0.069600 0.000000 0.000000 0.000000 1.000000
0.990528 0.128979 -0.047099 2.847700 -0.130987 0.784702 -0.605875 10.709100 -0.041186 0.606306 0.794164 0.069600 0.000000 0.000000 0.000000 1.000000
0.990617 0.128466 -0.046636 2.847700 -0.130493 0.787660 -0.602132 10.709100 -0.040620 0.602568 0.797033 0.069600 0.000000 0.000000 0.000000 1.000000
0.990931 0.126584 -0.045079 2.847700 -0.128692 0.797548 -0.589369 10.709100 -0.038652 0.589826 0.806605 0.069600 0.000000 0.000000 0.000000 1.000000
0.991392 0.123743 -0.042773 2.847700 -0.125938 0.811970 -0.569952 10.709100 -0.035797 0.570432 0.820564 0.069600 0.000000 0.000000 0.000000 1.000000
0.991899 0.120499 -0.040197 2.847700 -0.122746 0.827751 -0.547504 10.709100 -0.032701 0.548003 0.835837 0.069600 0.000000 0.000000 0.000000 1.000000
0.992358 0.117454 -0.037806 2.847700 -0.119702 0.842074 -0.525911 10.709100 -0.029935 0.526418 0.849699 0.069600 0.000000 0.000000 0.000000 1.000000
0.992683 0.115252 -0.036023 2.847700 -0.117462 0.852525 -0.509318 10.709100 -0.027989 0.509822 0.859824 0.069600 0.000000 0.000000 0.000000 1.000000
0.992790 0.114565 -0.035252 2.847700 -0.116715 0.856949 -0.502012 10.709100 -0.027304 0.502507 0.864142 0.069600 0.000000 0.000000 0.000000 1.000000
0.992594 0.116054 -0.035903 2.847700 -0.118126 0.853093 -0.508211 10.709100 -0.028351 0.508688 0.860484 0.069600 0.000000 0.000000 0.000000 1.000000
0.991976 0.120419 -0.038502 2.847700 -0.122345 0.837632 -0.532358 10.709100 -0.031856 0.532797 0.845643 0.069600 0.000000 0.000000 0.000000 1.000000
0.990660 0.128996 -0.044195 2.847700 -0.130469 0.802504 -0.582207 10.709100 -0.039636 0.582535 0.811838 0.069600 0.000000 0.000000 0.000000 1.000000
0.988632 0.140735 -0.052911 2.847700 -0.141003 0.745684 -0.651210 10.709100 -0.052194 0.651268 0.757051 0.069600 0.000000 0.000000 0.000000 1.000000
0.986120 0.153365 -0.063619 2.847700 -0.151230 0.671460 -0.725446 10.709100 -0.068540 0.724997 0.685333 0.069600 0.000000 0.000000 0.000000 1.000000
0.983435 0.165010 -0.075011 2.847700 -0.159129 0.587805 -0.793198 10.709100 -0.086794 0.791996 0.604326 0.069600 0.000000 0.000000 0.000000 1.000000
0.980955 0.174374 -0.085561 2.847700 -0.163864 0.506447 -0.846558 10.709100 -0.104286 0.844455 0.525376 0.069600 0.000000 0.000000 0.000000 1.000000
0.979065 0.180714 -0.093670 2.847700 -0.165861 0.441537 -0.881780 10.709100 -0.117992 0.878856 0.462266 0.069600 0.000000 0.000000 0.000000 1.000000
0.978101 0.183672 -0.097890 2.847700 -0.166314 0.406975 -0.898171 10.709100 -0.125130 0.894783 0.428610 0.069600 0.000000 0.000000 0.000000 1.000000
0.977963 0.184004 -0.098645 2.847700 -0.166283 0.400768 -0.900964 10.709100 -0.126247 0.897512 0.422533 0.069600 0.000000 0.000000 0.000000 1.000000
0.978381 0.182608 -0.097084 2.847700 -0.166044 0.413734 -0.895128 10.709100 -0.123291 0.891896 0.435110 0.069600 0.000000 0.000000 0.000000 1.000000
0.979254 0.179711 -0.093623 2.847700 -0.165426 0.442152 -0.881553 10.709100 -0.117029 0.878752 0.462708 0.069600 0.000000 0.000000 0.000000 1.000000
0.980480 0.175478 -0.088688 2.847700 -0.164117 0.482019 -0.860653 10.709100 -0.108276 0.858409 0.501409 0.069600 0.000000 0.000000 0.000000 1.000000
0.981954 0.170074 -0.082715 2.847700 -0.161823 0.529234 -0.832901 10.709100 -0.097879 0.831255 0.547206 0.069600 0.000000 0.000000 0.000000 1.000000
0.983564 0.163720 -0.076149 2.847700 -0.158387 0.579798 -0.799217 10.709100 -0.086696 0.798142 0.596199 0.069600 0.000000 0.000000 0.000000 1.000000
0.985199 0.156720 -0.069433 2.847700 -0.153864 0.630008 -0.761194 10.709100 -0.075551 0.760611 0.644797 0.069600 0.000000 0.000000 0.000000 1.000000
0.986756 0.149481 -0.062993 2.847700 -0.148541 0.676645 -0.721171 10.709100 -0.065178 0.720976 0.689888 0.069600 0.000000 0.000000 0.000000 1.000000
0.988138 0.142511 -0.057221 2.847700 -0.142924 0.717101 -0.682158 10.709100 -0.056181 0.682244 0.728963 0.069600 0.000000 0.000000 0.000000 1.000000
0.989264 0.136397 -0.052472 2.847700 -0.137675 0.749378 -0.647671 10.709100 -0.049019 0.647941 0.760111 0.069600 0.000000 0.000000 0.000000 1.000000
0.990065 0.131776 -0.049061 2.847700 -0.133543 0.771957 -0.621489 10.709100 -0.044025 0.621866 0.781885 0.069600 0.000000 0.000000 0.000000 1.000000
0.990478 0.129292 -0.047287 2.847700 -0.131270 0.783488 -0.607383 10.709100 -0.041482 0.607807 0.793000 0.069600 0.000000 0.000000 0.000000 1.000000
0.990542 0.128908 -0.046996 2.847700 -0.130911 0.785359 -0.605040 10.709100 -0.041086 0.605470 0.794807 0.069600 0.000000 0.000000 0.000000 1.000000
0.990619 0.128470 -0.046579 2.847700 -0.130486 0.788018 -0.601665 10.709100 -0.040591 0.602098 0.797389 0.069600 0.000000 0.000000 0.000000 1.000000
0.990758 0.127669 -0.045820 2.847700 -0.129704 0.792828 -0.595483 10.709100 -0.039697 0.595923 0.802060 0.069600 0.000000 0.000000 0.000000 1.000000
0.990950 0.126544 -0.044772 2.847700 -0.128601 0.799437 -0.586824 10.709100 -0.038467 0.587271 0.808475 0.069600 0.000000 0.000000 0.000000 1.000000
0.991186 0.125135 -0.043484 2.847700 -0.127212 0.807483 -0.576011 10.709100 -0.036967 0.576466 0.816285 0.069600 0.000000 0.000000 0.000000 1.000000
0.991457 0.123483 -0.042007 2.847700 -0.125575 0.816607 -0.563368 10.709100 -0.035263 0.563831 0.825137 0.069600 0.000000 0.000000 0.000000 1.000000
0.991753 0.121629 -0.040391 2.847700 -0.123726 0.826459 -0.549233 10.709100 -0.033421 0.549702 0.834692 0.069600 0.000000 0.000000 0.000000 1.000000
0.992066 0.119619 -0.038685 2.847700 -0.121708 0.836706 -0.533957 10.709100 -0.031503 0.534429 0.844626 0.069600 0.000000 0.000000 0.000000 1.000000
0.992386 0.117499 -0.036938 2.847700 -0.119567 0.847039 -0.517908 10.709100 -0.029566 0.518381 0.854638 0.069600 0.000000 0.000000 0.000000 1.000000
0.992705 0.115319 -0.035194 2.847700 -0.117353 0.857175 -0.501476 10.709100 -0.027662 0.501948 0.864455 0.069600 0.000000 0.000000 0.000000 1.000000
0.993015 0.113133 -0.033497 2.847700 -0.115124 0.866865 -0.485069 10.709100 -0.025840 0.485537 0.873834 0.069600 0.000000 0.000000 0.000000 1.000000
0.993309 0.110999 -0.031887 2.847700 -0.112937 0.875888 -0.469112 10.709100 -0.024141 0.469574 0.882563 0.069600 0.000000 0.000000 0.000000 1.000000
0.993579 0.108976 -0.030403 2.847700 -0.110857 0.884055 -0.454046 10.709100 -0.022602 0.454501 0.890459 0.069600 0.000000 0.000000 0.000000 1.000000
0.993820 0.107127 -0.029081 2.847700 -0.108951 0.891204 -0.440325 10.709100 -0.021253 0.440772 0.897367 0.069600 0.000000 0.000000 0.000000 1.000000</float_array>
        <technique_common>
          <accessor source="#mixamorig_LeftHandRing1-Matrix-animation-output-transform-array" count="91" stride="16">
            <param type="float4x4"/>
          </accessor>
        </technique_common>
      </source>
      <source id="mixamorig_LeftHandRing1-Interpolations">
        <Name_array id="mixamorig_LeftHandRing1-Interpolations-array" count="91">
 LINEAR LINEAR LINEAR LINEAR LINEAR LINEAR LINEAR LINEAR LINEAR LINEAR LINEAR
LINEAR LINEAR LINEAR LINEAR LINEAR LINEAR LINEAR LINEAR LINEAR LINEAR LINEAR LINEAR
LINEAR LINEAR LINEAR LINEAR LINEAR LINEAR LINEAR LINEAR LINEAR LINEAR LINEAR LINEAR
LINEAR LINEAR LINEAR LINEAR LINEAR LINEAR LINEAR LINEAR LINEAR LINEAR LINEAR LINEAR
LINEAR LINEAR LINEAR LINEAR LINEAR LINEAR LINEAR LINEAR LINEAR LINEAR LINEAR LINEAR
LINEAR LINEAR LINEAR LINEAR LINEAR LINEAR LINEAR LINEAR LINEAR LINEAR LINEAR LINEAR
LINEAR LINEAR LINEAR LINEAR LINEAR LINEAR LINEAR LINEAR LINEAR LINEAR LINEAR LINEAR
LINEAR LINEAR LINEAR LINEAR LINEAR LINEAR LINEAR LINEAR</Name_array>
        <technique_common>
          <accessor source="#mixamorig_LeftHandRing1-Interpolations-array" count="91">
            <param type="name"/>
          </accessor>
        </technique_common>
      </source>
      <sampler id="mixamorig_LeftHandRing1-Matrix-animation-transform">
        <input semantic="INPUT" source="#mixamorig_LeftHandRing1-Matrix-animation-input"/>
        <input semantic="OUTPUT" source="#mixamorig_LeftHandRing1-Matrix-animation-output-transform"/>
        <input semantic="INTERPOLATION" source="#mixamorig_LeftHandRing1-Interpolations"/>
      </sampler>
      <channel source="#mixamorig_LeftHandRing1-Matrix-animation-transform" target="mixamorig_LeftHandRing1/matrix"/>
    </animation>
    <animation id="mixamorig_LeftHandRing2-anim" name="mixamorig_LeftHandRing2">
      <source id="mixamorig_LeftHandRing2-Matrix-animation-input">
        <float_array id="mixamorig_LeftHandRing2-Matrix-animation-input-array" count="91">

0.000000 0.033333 0.066667 0.100000 0.133333 0.166667 0.200000 0.233333 0.266667 0.300000 0.333333 0.366667 0.400000 0.433333 0.466667 0.500000
0.533333 0.566667 0.600000 0.633333 0.666667 0.700000 0.733333 0.766667 0.800000 0.833333 0.866667 0.900000 0.933333 0.966667 1.000000 1.033333
1.066667 1.100000 1.133333 1.166667 1.200000 1.233333 1.266667 1.300000 1.333333 1.366667 1.400000 1.433333 1.466667 1.500000 1.533333 1.566667
1.600000 1.633333 1.666667 1.700000 1.733333 1.766667 1.800000 1.833333 1.866667 1.900000 1.933333 1.966667 2.000000 2.033333 2.066667 2.100000
2.133333 2.166667 2.200000 2.233333 2.266667 2.300000 2.333333 2.366667 2.400000 2.433333 2.466667 2.500000 2.533333 2.566667 2.600000 2.633333
2.666667 2.700000 2.733333 2.766667 2.800000 2.833333 2.866667 2.900000 2.933333 2.966667 3.000000</float_array>
        <technique_common>
          <accessor source="#mixamorig_LeftHandRing2-Matrix-animation-input-array" count="91">
            <param name="TIME" type="float"/>
          </accessor>
        </technique_common>
      </source>
      <source id="mixamorig_LeftHandRing2-Matrix-animation-output-transform">
        <float_array id="mixamorig_LeftHandRing2-Matrix-animation-output-transform-array" count="1456">

0.994035 0.092560 -0.057675 0.000000 -0.092560 0.436360 -0.894998 2.984800 -0.057675 0.894998 0.442325 0.000000 0.000000 0.000000 0.000000 1.000000
0.994190 0.091817 -0.056182 0.000000 -0.091818 0.450950 -0.887814 2.984800 -0.056182 0.887814 0.456761 0.000000 0.000000 0.000000 0.000000 1.000000
0.994611 0.089631 -0.052109 0.000000 -0.089631 0.490756 -0.866675 2.984800 -0.052109 0.866675 0.496145 0.000000 0.000000 0.000000 0.000000 1.000000
0.995230 0.085963 -0.046119 0.000000 -0.085962 0.549289 -0.831199 2.984800 -0.046119 0.831199 0.554058 0.000000 0.000000 0.000000 0.000000 1.000000
0.995973 0.080755 -0.038937 0.000000 -0.080756 0.619477 -0.780850 2.984800 -0.038937 0.780850 0.623504 0.000000 0.000000 0.000000 0.000000 1.000000
0.996763 0.074050 -0.031297 0.000000 -0.074050 0.694143 -0.716018 2.984800 -0.031297 0.716018 0.697380 0.000000 0.000000 0.000000 0.000000 1.000000
0.997530 0.066055 -0.023881 0.000000 -0.066055 0.766613 -0.638703 2.984800 -0.023881 0.638703 0.769083 0.000000 0.000000 0.000000 0.000000 1.000000
0.998216 0.057163 -0.017252 -0.000000 -0.057163 0.831398 -0.552729 2.984800 -0.017252 0.552729 0.833183 0.000000 0.000000 0.000000 0.000000 1.000000
0.998781 0.047939 -0.011790 0.000000 -0.047939 0.884778 -0.463540 2.984800 -0.011790 0.463540 0.885998 0.000000 0.000000 0.000000 0.000000 1.000000
0.999207 0.039060 -0.007663 0.000000 -0.039060 0.925111 -0.377683 2.984800 -0.007663 0.377683 0.925903 0.000000 0.000000 0.000000 0.000000 1.000000
0.999500 0.031251 -0.004836 0.000000 -0.031251 0.952738 -0.302181 2.984800 -0.004836 0.302181 0.953238 0.000000 0.000000 0.000000 0.000000 1.000000
0.999677 0.025232 -0.003126 -0.000000 -0.025232 0.969454 -0.243973 2.984800 -0.003126 0.243973 0.969777 -0.000000 0.000000 0.000000 0.000000 1.000000
0.999762 0.021675 -0.002297 0.000000 -0.021674 0.977552 -0.209576 2.984800 -0.002297 0.209576 0.977790 -0.000000 0.000000 0.000000 0.000000 1.000000
0.999773 0.021197 -0.002196 0.000000 -0.021197 0.978542 -0.204956 2.984800 -0.002196 0.204956 0.978769 0.000000 0.000000 0.000000 0.000000 1.000000
0.999703 0.024209 -0.002874 0.000000 -0.024209 0.971914 -0.234088 2.984800 -0.002874 0.234088 0.972211 0.000000 0.000000 0.000000 0.000000 1.000000
0.999529 0.030363 -0.004559 0.000000 -0.030363 0.955450 -0.293586 2.984800 -0.004559 0.293586 0.955922 -0.000000 0.000000 0.000000 0.000000 1.000000
0.999211 0.038970 -0.007626 -0.000000 -0.038970 0.925469 -0.376813 2.984800 -0.007626 0.376813 0.926258 0.000000 0.000000 0.000000 0.000000 1.000000
0.998709 0.049237 -0.012482 0.000000 -0.049237 0.878018 -0.476089 2.984800 -0.012482 0.476089 0.879308 -0.000000 0.000000 0.000000 0.000000 1.000000
0.997993 0.060283 -0.019410 0.000000 -0.060283 0.810309 -0.582893 2.984800 -0.019410 0.582893 0.812317 -0.000000 0.000000 0.000000 0.000000 1.000000
0.997056 0.071197 -0.028467 0.000000 -0.071197 0.721799 -0.688430 2.984800 -0.028467 0.688430 0.724744 0.000000 0.000000 0.000000 0.000000 1.000000
0.995923 0.081137 -0.039421 -0.000000 -0.081137 0.614745 -0.784541 2.984800 -0.039421 0.784541 0.618822 0.000000 0.000000 0.000000 0.000000 1.000000
0.994647 0.089433 -0.051760 0.000000 -0.089433 0.494163 -0.864757 2.984800 -0.051760 0.864757 0.499516 0.000000 0.000000 0.000000 0.000000 1.000000
0.993304 0.095684 -0.064749 -0.000000 -0.095684 0.367229 -0.925196 2.984800 -0.064749 0.925196 0.373925 0.000000 0.000000 0.000000 0.000000 1.000000
0.991982 0.099806 -0.077532 0.000000 -0.099806 0.242296 -0.965055 2.984800 -0.077532 0.965055 0.250315 0.000000 0.000000 0.000000 0.000000 1.000000
0.990770 0.102027 -0.089245 0.000000 -0.102027 0.127833 -0.986534 2.984800 -0.089245 0.986534 0.137063 0.000000 0.000000 0.000000 0.000000 1.000000
0.989752 0.102820 -0.099094 0.000000 -0.102820 0.031580 -0.994199 2.984800 -0.099094 0.994199 0.041829 -0.000000 0.000000 0.000000 0.000000 1.000000
0.988996 0.102790 -0.106403 0.000000 -0.102790 -0.039852 -0.993904 2.984800 -0.106403 0.993904 -0.028848 0.000000 0.000000 0.000000 0.000000 1.000000
0.988562 0.102534 -0.110601 0.000000 -0.102534 -0.080872 -0.991437 2.984800 -0.110600 0.991437 -0.069433 0.000000 0.000000 0.000000 0.000000 1.000000
0.988473 0.102460 -0.111463 -0.000000 -0.102460 -0.089299 -0.990721 2.984800 -0.111463 0.990721 -0.077771 0.000000 0.000000 0.000000 0.000000 1.000000
0.988528 0.102507 -0.110931 0.000000 -0.102507 -0.084100 -0.991171 2.984800 -0.110931 0.991171 -0.072628 0.000000 0.000000 0.000000 0.000000 1.000000
0.988642 0.102595 -0.109822 0.000000 -0.102595 -0.073260 -0.992022 2.984800 -0.109822 0.992022 -0.061902 0.000000 0.000000 0.000000 0.000000 1.000000
0.988810 0.102702 -0.108195 0.000000 -0.102702 -0.057360 -0.993057 2.984800 -0.108195 0.993057 -0.046171 0.000000 0.000000 0.000000 0.000000 1.000000
0.989026 0.102801 -0.106110 0.000000 -0.102801 -0.036988 -0.994014 2.984800 -0.106110 0.994014 -0.026014 0.000000 0.000000 0.000000 0.000000 1.000000
0.989283 0.102863 -0.103629 -0.000000 -0.102863 -0.012737 -0.994614 2.984800 -0.103629 0.994614 -0.002019 0.000000 0.000000 0.000000 0.000000 1.000000
0.989574 0.102860 -0.100812 0.000000 -0.102860 0.014788 -0.994586 2.984800 -0.100812 0.994586 0.025214 0.000000 0.000000 0.000000 0.000000 1.000000
0.989893 0.102767 -0.097724 0.000000 -0.102767 0.044966 -0.993689 2.984800 -0.097724 0.993689 0.055073 0.000000 0.000000 0.000000 0.000000 1.000000
0.990234 0.102564 -0.094429 -0.000000 -0.102565 0.077168 -0.991729 2.984800 -0.094429 0.991729 0.086934 0.000000 0.000000 0.000000 0.000000 1.000000
0.990590 0.102239 -0.090992 0.000000 -0.102238 0.110754 -0.988575 2.984800 -0.090993 0.988575 0.120164 0.000000 0.000000 0.000000 0.000000 1.000000
0.990953 0.101783 -0.087480 0.000000 -0.101783 0.145078 -0.984171 2.984800 -0.087480 0.984171 0.154126 0.000000 0.000000 0.000000 0.000000 1.000000
0.991317 0.101200 -0.083958 0.000000 -0.101200 0.179502 -0.978539 2.984800 -0.083958 0.978539 0.188185 0.000000 0.000000 0.000000 0.000000 1.000000
0.991676 0.100502 -0.080490 0.000000 -0.100502 0.213393 -0.971783 2.984800 -0.080490 0.971783 0.221717 -0.000000 0.000000 0.000000 0.000000 1.000000
0.992022 0.099706 -0.077139 -0.000000 -0.099707 0.246139 -0.964092 2.984800 -0.077139 0.964092 0.254117 0.000000 0.000000 0.000000 0.000000 1.000000
0.992350 0.098841 -0.073966 0.000000 -0.098841 0.277150 -0.955729 2.984800 -0.073966 0.955729 0.284800 0.000000 0.000000 0.000000 0.000000 1.000000
0.992654 0.097941 -0.071028 -0.000000 -0.097941 0.305862 -0.947025 2.984800 -0.071028 0.947025 0.313208 -0.000000 0.000000 0.000000 0.000000 1.000000
0.992928 0.097046 -0.068380 0.000000 -0.097046 0.331742 -0.938365 2.984800 -0.068380 0.938365 0.338814 0.000000 0.000000 0.000000 0.000000 1.000000
0.993167 0.096199 -0.066074 -0.000000 -0.096199 0.354281 -0.930178 2.984800 -0.066073 0.930178 0.361115 0.000000 0.000000 0.000000 0.000000 1.000000
0.993365 0.095447 -0.064159 0.000000 -0.095447 0.372993 -0.922912 2.984800 -0.064159 0.922912 0.379629 -0.000000 0.000000 0.000000 0.000000 1.000000
0.993517 0.094838 -0.062684 0.000000 -0.094838 0.387406 -0.917018 2.984800 -0.062684 0.917018 0.393889 -0.000000 0.000000 0.000000 0.000000 1.000000
0.993619 0.094415 -0.061698 -0.000000 -0.094415 0.397045 -0.912930 2.984800 -0.061697 0.912930 0.403426 0.000000 0.000000 0.000000 0.000000 1.000000
0.993666 0.094218 -0.061249 0.000000 -0.094218 0.401427 -0.911032 2.984800 -0.061249 0.911032 0.407761 0.000000 0.000000 0.000000 0.000000 1.000000
0.993862 0.093358 -0.059348 0.000000 -0.093358 0.420003 -0.902708 2.984800 -0.059348 0.902708 0.426140 0.000000 0.000000 0.000000 0.000000 1.000000
0.994572 0.089841 -0.052481 0.000000 -0.089841 0.487121 -0.868701 2.984800 -0.052481 0.868701 0.492548 0.000000 0.000000 0.000000 0.000000 1.000000
0.995639 0.083219 -0.042172 0.000000 -0.083218 0.587865 -0.804667 2.984800 -0.042172 0.804667 0.592227 -0.000000 0.000000 0.000000 0.000000 1.000000
0.996830 0.073418 -0.030651 0.000000 -0.073418 0.700459 -0.709906 2.984800 -0.030651 0.709906 0.703629 -0.000000 0.000000 0.000000 0.000000 1.000000
0.997935 0.061056 -0.019972 0.000000 -0.061056 0.804819 -0.590371 2.984800 -0.019972 0.590371 0.806885 0.000000 0.000000 0.000000 0.000000 1.000000
0.998801 0.047566 -0.011596 -0.000000 -0.047566 0.886680 -0.459930 2.984800 -0.011595 0.459930 0.887879 -0.000000 0.000000 0.000000 0.000000 1.000000
0.999370 0.034966 -0.006092 0.000000 -0.034966 0.940462 -0.338096 2.984800 -0.006092 0.338096 0.941092 0.000000 0.000000 0.000000 0.000000 1.000000
0.999671 0.025461 -0.003183 0.000000 -0.025461 0.968887 -0.246191 2.984800 -0.003184 0.246191 0.969216 0.000000 0.000000 0.000000 0.000000 1.000000
0.999776 0.021044 -0.002164 0.000000 -0.021044 0.978854 -0.203476 2.984800 -0.002164 0.203476 0.979077 0.000000 0.000000 0.000000 0.000000 1.000000
0.999757 0.021907 -0.002347 0.000000 -0.021907 0.977063 -0.211821 2.984800 -0.002347 0.211821 0.977306 -0.000000 0.000000 0.000000 0.000000 1.000000
0.999639 0.026645 -0.003492 0.000000 -0.026645 0.965873 -0.257643 2.984800 -0.003492 0.257643 0.966234 0.000000 0.000000 0.000000 0.000000 1.000000
0.999407 0.033942 -0.005730 0.000000 -0.033942 0.944000 -0.328196 2.984800 -0.005730 0.328196 0.944592 0.000000 0.000000 0.000000 0.000000 1.000000
0.999057 0.042445 -0.009116 0.000000 -0.042446 0.910908 -0.410420 2.984800 -0.009116 0.410420 0.911851 -0.000000 0.000000 0.000000 0.000000 1.000000
0.998616 0.050865 -0.013384 0.000000 -0.050865 0.869202 -0.491834 2.984800 -0.013384 0.491834 0.870586 0.000000 0.000000 0.000000 0.000000 1.000000
0.998152 0.058079 -0.017868 -0.000000 -0.058079 0.825378 -0.561586 2.984800 -0.017868 0.561586 0.827226 0.000000 0.000000 0.000000 0.000000 1.000000
0.997760 0.063293 -0.021660 0.000000 -0.063293 0.788321 -0.612000 2.984800 -0.021660 0.612000 0.790561 0.000000 0.000000 0.000000 0.000000 1.000000
0.997402 0.067509 -0.025116 -0.000000 -0.067509 0.754546 -0.652765 2.984800 -0.025116 0.652765 0.757144 0.000000 0.000000 0.000000 0.000000 1.000000
0.997012 0.071636 -0.028888 0.000000 -0.071636 0.717686 -0.692673 2.984800 -0.028888 0.692673 0.720673 -0.000000 0.000000 0.000000 0.000000 1.000000
0.996597 0.075572 -0.032901 0.000000 -0.075572 0.678467 -0.730733 2.984800 -0.032901 0.730733 0.681870 0.000000 0.000000 0.000000 0.000000 1.000000
0.996167 0.079232 -0.037062 0.000000 -0.079232 0.637796 -0.766119 2.984800 -0.037063 0.766119 0.641629 0.000000 0.000000 0.000000 0.000000 1.000000
0.995732 0.082548 -0.041265 0.000000 -0.082548 0.596728 -0.798187 2.984800 -0.041265 0.798187 0.600995 0.000000 0.000000 0.000000 0.000000 1.000000
0.995306 0.085475 -0.045388 0.000000 -0.085475 0.556439 -0.826480 2.984800 -0.045388 0.826480 0.561133 0.000000 0.000000 0.000000 0.000000 1.000000
0.994901 0.087982 -0.049302 0.000000 -0.087982 0.518187 -0.850730 2.984800 -0.049302 0.850730 0.523286 0.000000 0.000000 0.000000 0.000000 1.000000
0.994532 0.090061 -0.052874 0.000000 -0.090061 0.483276 -0.870823 2.984800 -0.052874 0.870823 0.488745 0.000000 0.000000 0.000000 0.000000 1.000000
0.994212 0.091710 -0.055970 0.000000 -0.091710 0.453021 -0.886770 2.984800 -0.055970 0.886770 0.458809 0.000000 0.000000 0.000000 0.000000 1.000000
0.993954 0.092938 -0.058457 0.000000 -0.092938 0.428716 -0.898646 2.984800 -0.058457 0.898646 0.434761 0.000000 0.000000 0.000000 0.000000 1.000000
0.993773 0.093753 -0.060207 -0.000000 -0.093753 0.411609 -0.906525 2.984800 -0.060207 0.906525 0.417836 0.000000 0.000000 0.000000 0.000000 1.000000
0.993681 0.094153 -0.061101 -0.000000 -0.094153 0.402882 -0.910396 2.984800 -0.061100 0.910396 0.409201 0.000000 0.000000 0.000000 0.000000 1.000000
0.993671 0.094194 -0.061193 0.000000 -0.094194 0.401980 -0.910791 2.984800 -0.061193 0.910791 0.408308 0.000000 0.000000 0.000000 0.000000 1.000000
0.993681 0.094154 -0.061103 0.000000 -0.094154 0.402856 -0.910408 2.984800 -0.061103 0.910408 0.409175 0.000000 0.000000 0.000000 0.000000 1.000000
0.993698 0.094082 -0.060940 0.000000 -0.094082 0.404448 -0.909709 2.984800 -0.060940 0.909709 0.410750 0.000000 0.000000 0.000000 0.000000 1.000000
0.993721 0.093982 -0.060715 0.000000 -0.093981 0.406649 -0.908738 2.984800 -0.060715 0.908738 0.412928 0.000000 0.000000 0.000000 0.000000 1.000000
0.993749 0.093857 -0.060438 -0.000000 -0.093857 0.409352 -0.907536 2.984800 -0.060438 0.907536 0.415602 0.000000 0.000000 0.000000 0.000000 1.000000
0.993782 0.093714 -0.060121 -0.000000 -0.093714 0.412451 -0.906147 2.984800 -0.060121 0.906147 0.418669 0.000000 0.000000 0.000000 0.000000 1.000000
0.993818 0.093555 -0.059775 0.000000 -0.093555 0.415839 -0.904614 2.984800 -0.059774 0.904614 0.422021 0.000000 0.000000 0.000000 0.000000 1.000000
0.993856 0.093386 -0.059409 0.000000 -0.093386 0.419410 -0.902981 2.984800 -0.059409 0.902981 0.425554 0.000000 0.000000 0.000000 0.000000 1.000000
0.993895 0.093212 -0.059036 0.000000 -0.093212 0.423059 -0.901295 2.984800 -0.059036 0.901295 0.429165 0.000000 0.000000 0.000000 0.000000 1.000000
0.993933 0.093037 -0.058665 0.000000 -0.093037 0.426682 -0.899603 2.984800 -0.058665 0.899603 0.432749 0.000000 0.000000 0.000000 0.000000 1.000000
0.993970 0.092866 -0.058307 -0.000000 -0.092866 0.430176 -0.897956 2.984800 -0.058307 0.897956 0.436206 0.000000 0.000000 0.000000 0.000000 1.000000
0.994004 0.092706 -0.057974 0.000000 -0.092706 0.433435 -0.896404 2.984800 -0.057974 0.896404 0.439431 -0.000000 0.000000 0.000000 0.000000 1.000000
0.994035 0.092560 -0.057675 0.000000 -0.092560 0.436361 -0.894998 2.984800 -0.057675 0.894998 0.442325 0.000000 0.000000 0.000000 0.000000 1.000000</float_array>
        <technique_common>
          <accessor source="#mixamorig_LeftHandRing2-Matrix-animation-output-transform-array" count="91" stride="16">
            <param type="float4x4"/>
          </accessor>
        </technique_common>
      </source>
      <source id="mixamorig_LeftHandRing2-Interpolations">
        <Name_array id="mixamorig_LeftHandRing2-Interpolations-array" count="91">
 LINEAR LINEAR LINEAR LINEAR LINEAR LINEAR LINEAR LINEAR LINEAR LINEAR LINEAR
LINEAR LINEAR LINEAR LINEAR LINEAR LINEAR LINEAR LINEAR LINEAR LINEAR LINEAR LINEAR
LINEAR LINEAR LINEAR LINEAR LINEAR LINEAR LINEAR LINEAR LINEAR LINEAR LINEAR LINEAR
LINEAR LINEAR LINEAR LINEAR LINEAR LINEAR LINEAR LINEAR LINEAR LINEAR LINEAR LINEAR
LINEAR LINEAR LINEAR LINEAR LINEAR LINEAR LINEAR LINEAR LINEAR LINEAR LINEAR LINEAR
LINEAR LINEAR LINEAR LINEAR LINEAR LINEAR LINEAR LINEAR LINEAR LINEAR LINEAR LINEAR
LINEAR LINEAR LINEAR LINEAR LINEAR LINEAR LINEAR LINEAR LINEAR LINEAR LINEAR LINEAR
LINEAR LINEAR LINEAR LINEAR LINEAR LINEAR LINEAR LINEAR</Name_array>
        <technique_common>
          <accessor source="#mixamorig_LeftHandRing2-Interpolations-array" count="91">
            <param type="name"/>
          </accessor>
        </technique_common>
      </source>
      <sampler id="mixamorig_LeftHandRing2-Matrix-animation-transform">
        <input semantic="INPUT" source="#mixamorig_LeftHandRing2-Matrix-animation-input"/>
        <input semantic="OUTPUT" source="#mixamorig_LeftHandRing2-Matrix-animation-output-transform"/>
        <input semantic="INTERPOLATION" source="#mixamorig_LeftHandRing2-Interpolations"/>
      </sampler>
      <channel source="#mixamorig_LeftHandRing2-Matrix-animation-transform" target="mixamorig_LeftHandRing2/matrix"/>
    </animation>
    <animation id="mixamorig_LeftHandRing3-anim" name="mixamorig_LeftHandRing3">
      <source id="mixamorig_LeftHandRing3-Matrix-animation-input">
        <float_array id="mixamorig_LeftHandRing3-Matrix-animation-input-array" count="91">

0.000000 0.033333 0.066667 0.100000 0.133333 0.166667 0.200000 0.233333 0.266667 0.300000 0.333333 0.366667 0.400000 0.433333 0.466667 0.500000
0.533333 0.566667 0.600000 0.633333 0.666667 0.700000 0.733333 0.766667 0.800000 0.833333 0.866667 0.900000 0.933333 0.966667 1.000000 1.033333
1.066667 1.100000 1.133333 1.166667 1.200000 1.233333 1.266667 1.300000 1.333333 1.366667 1.400000 1.433333 1.466667 1.500000 1.533333 1.566667
1.600000 1.633333 1.666667 1.700000 1.733333 1.766667 1.800000 1.833333 1.866667 1.900000 1.933333 1.966667 2.000000 2.033333 2.066667 2.100000
2.133333 2.166667 2.200000 2.233333 2.266667 2.300000 2.333333 2.366667 2.400000 2.433333 2.466667 2.500000 2.533333 2.566667 2.600000 2.633333
2.666667 2.700000 2.733333 2.766667 2.800000 2.833333 2.866667 2.900000 2.933333 2.966667 3.000000</float_array>
        <technique_common>
          <accessor source="#mixamorig_LeftHandRing3-Matrix-animation-input-array" count="91">
            <param name="TIME" type="float"/>
          </accessor>
        </technique_common>
      </source>
      <source id="mixamorig_LeftHandRing3-Matrix-animation-output-transform">
        <float_array id="mixamorig_LeftHandRing3-Matrix-animation-output-transform-array" count="1456">

0.999107 0.041368 -0.008638 0.000000 -0.041368 0.915581 -0.400001 2.678500 -0.008638 0.400001 0.916474 0.000000 0.000000 0.000000 0.000000 1.000000
0.999119 0.041087 -0.008516 -0.000000 -0.041087 0.916775 -0.397286 2.678500 -0.008516 0.397286 0.917655 0.000000 0.000000 0.000000 0.000000 1.000000
0.999153 0.040315 -0.008186 0.000000 -0.040316 0.920006 -0.389825 2.678500 -0.008185 0.389825 0.920852 -0.000000 0.000000 0.000000 0.000000 1.000000
0.999203 0.039156 -0.007702 0.000000 -0.039156 0.924728 -0.378609 2.678500 -0.007702 0.378609 0.925524 0.000000 0.000000 0.000000 0.000000 1.000000
0.999263 0.037710 -0.007123 -0.000000 -0.037710 0.930389 -0.364628 2.678500 -0.007123 0.364628 0.931126 0.000000 0.000000 0.000000 0.000000 1.000000
0.999328 0.036082 -0.006501 -0.000000 -0.036082 0.936470 -0.348887 2.678500 -0.006501 0.348887 0.937142 0.000000 0.000000 0.000000 0.000000 1.000000
0.999392 0.034379 -0.005883 0.000000 -0.034379 0.942505 -0.332419 2.678500 -0.005883 0.332419 0.943113 0.000000 0.000000 0.000000 0.000000 1.000000
0.999451 0.032710 -0.005311 0.000000 -0.032710 0.948102 -0.316281 2.678500 -0.005311 0.316281 0.948651 0.000000 0.000000 0.000000 0.000000 1.000000
0.999502 0.031187 -0.004815 0.000000 -0.031187 0.952938 -0.301556 2.678500 -0.004816 0.301556 0.953436 0.000000 0.000000 0.000000 0.000000 1.000000
0.999542 0.029924 -0.004425 0.000000 -0.029924 0.956757 -0.289346 2.678500 -0.004425 0.289346 0.957214 0.000000 0.000000 0.000000 0.000000 1.000000
0.999570 0.029037 -0.004161 0.000000 -0.029037 0.959338 -0.280763 2.678500 -0.004161 0.280763 0.959768 0.000000 0.000000 0.000000 0.000000 1.000000
0.999582 0.028639 -0.004045 0.000000 -0.028639 0.960467 -0.276915 2.678500 -0.004045 0.276915 0.960886 0.000000 0.000000 0.000000 0.000000 1.000000
0.999576 0.028843 -0.004105 0.000000 -0.028843 0.959887 -0.278899 2.678500 -0.004104 0.278899 0.960312 -0.000000 0.000000 0.000000 0.000000 1.000000
0.999547 0.029762 -0.004376 0.000000 -0.029762 0.957234 -0.287780 2.678500 -0.004376 0.287780 0.957687 0.000000 0.000000 0.000000 0.000000 1.000000
0.999492 0.031498 -0.004915 0.000000 -0.031498 0.951970 -0.304567 2.678500 -0.004915 0.304567 0.952478 -0.000000 0.000000 0.000000 0.000000 1.000000
0.999392 0.034355 -0.005875 -0.000000 -0.034355 0.942588 -0.332187 2.678500 -0.005875 0.332187 0.943195 -0.000000 0.000000 0.000000 0.000000 1.000000
0.999233 0.038449 -0.007416 0.000000 -0.038449 0.927525 -0.371779 2.678500 -0.007416 0.371779 0.928292 0.000000 0.000000 0.000000 0.000000 1.000000
0.999007 0.043505 -0.009601 0.000000 -0.043505 0.906172 -0.420666 2.678500 -0.009601 0.420666 0.907165 0.000000 0.000000 0.000000 0.000000 1.000000
0.998710 0.049222 -0.012474 0.000000 -0.049222 0.878096 -0.475945 2.678500 -0.012474 0.475945 0.879386 0.000000 0.000000 0.000000 0.000000 1.000000
0.998341 0.055299 -0.016042 0.000000 -0.055299 0.843229 -0.534703 2.678500 -0.016042 0.534703 0.844888 0.000000 0.000000 0.000000 0.000000 1.000000
0.997905 0.061445 -0.020258 0.000000 -0.061445 0.802020 -0.594128 2.678500 -0.020258 0.594129 0.804115 0.000000 0.000000 0.000000 0.000000 1.000000
0.997413 0.067394 -0.025017 0.000000 -0.067394 0.755515 -0.651655 2.678500 -0.025017 0.651655 0.758102 0.000000 0.000000 0.000000 0.000000 1.000000
0.996882 0.072921 -0.030150 0.000000 -0.072921 0.705355 -0.705094 2.678500 -0.030150 0.705094 0.708473 0.000000 0.000000 0.000000 0.000000 1.000000
0.996335 0.077848 -0.035435 0.000000 -0.077848 0.653703 -0.752737 2.678500 -0.035435 0.752737 0.657367 0.000000 0.000000 0.000000 0.000000 1.000000
0.995800 0.082055 -0.040610 -0.000000 -0.082055 0.603130 -0.793411 2.678500 -0.040610 0.793411 0.607330 -0.000000 0.000000 0.000000 0.000000 1.000000
0.995306 0.085472 -0.045385 0.000000 -0.085473 0.556468 -0.826461 2.678500 -0.045385 0.826461 0.561162 -0.000000 0.000000 0.000000 0.000000 1.000000
0.994885 0.088077 -0.049458 0.000000 -0.088077 0.516660 -0.851649 2.678500 -0.049458 0.851649 0.521775 0.000000 0.000000 0.000000 0.000000 1.000000
0.994567 0.089870 -0.052532 -0.000000 -0.089870 0.486619 -0.868980 2.678500 -0.052532 0.868980 0.492052 0.000000 0.000000 0.000000 0.000000 1.000000
0.994382 0.090849 -0.054323 0.000000 -0.090849 0.469115 -0.878452 2.678500 -0.054323 0.878452 0.474733 0.000000 0.000000 0.000000 0.000000 1.000000
0.994345 0.091039 -0.054679 0.000000 -0.091038 0.465633 -0.880283 2.678500 -0.054679 0.880283 0.471287 0.000000 0.000000 0.000000 0.000000 1.000000
0.994387 0.090823 -0.054273 0.000000 -0.090822 0.469606 -0.878192 2.678500 -0.054273 0.878192 0.475219 0.000000 0.000000 0.000000 0.000000 1.000000
0.994475 0.090364 -0.053425 0.000000 -0.090364 0.477887 -0.873761 2.678500 -0.053425 0.873761 0.483412 0.000000 0.000000 0.000000 0.000000 1.000000
0.994602 0.089678 -0.052190 0.000000 -0.089678 0.489957 -0.867122 2.678500 -0.052190 0.867122 0.495354 -0.000000 0.000000 0.000000 0.000000 1.000000
0.994765 0.088773 -0.050623 0.000000 -0.088773 0.505278 -0.858378 2.678500 -0.050623 0.858378 0.510514 0.000000 0.000000 0.000000 0.000000 1.000000
0.994955 0.087661 -0.048779 0.000000 -0.087662 0.523303 -0.847626 2.678500 -0.048778 0.847626 0.528347 -0.000000 0.000000 0.000000 0.000000 1.000000
0.995169 0.086353 -0.046714 0.000000 -0.086353 0.543478 -0.834970 2.678500 -0.046714 0.834970 0.548309 0.000000 0.000000 0.000000 0.000000 1.000000
0.995399 0.084860 -0.044486 0.000000 -0.084860 0.565256 -0.820539 2.678500 -0.044485 0.820539 0.569857 0.000000 0.000000 0.000000 0.000000 1.000000
0.995641 0.083201 -0.042148 0.000000 -0.083201 0.588102 -0.804496 2.678500 -0.042148 0.804496 0.592461 0.000000 0.000000 0.000000 0.000000 1.000000
0.995889 0.081396 -0.039753 0.000000 -0.081396 0.611502 -0.787045 2.678500 -0.039753 0.787045 0.615613 0.000000 0.000000 0.000000 0.000000 1.000000
0.996137 0.079472 -0.037352 -0.000000 -0.079472 0.634967 -0.768441 2.678500 -0.037352 0.768441 0.638829 0.000000 0.000000 0.000000 0.000000 1.000000
0.996381 0.077460 -0.034991 0.000000 -0.077460 0.658043 -0.748986 2.678500 -0.034991 0.748986 0.661662 0.000000 0.000000 0.000000 0.000000 1.000000
0.996617 0.075396 -0.032712 0.000000 -0.075396 0.680315 -0.729031 2.678500 -0.032712 0.729031 0.683698 0.000000 0.000000 0.000000 0.000000 1.000000
0.996840 0.073322 -0.030553 -0.000000 -0.073322 0.701411 -0.708976 2.678500 -0.030553 0.708976 0.704570 0.000000 0.000000 0.000000 0.000000 1.000000
0.997047 0.071283 -0.028549 0.000000 -0.071283 0.721001 -0.689258 2.678500 -0.028549 0.689258 0.723953 0.000000 0.000000 0.000000 0.000000 1.000000
0.997236 0.069328 -0.026727 0.000000 -0.069328 0.738798 -0.670351 2.678500 -0.026728 0.670351 0.741562 0.000000 0.000000 0.000000 0.000000 1.000000
0.997403 0.067508 -0.025115 0.000000 -0.067508 0.754556 -0.652754 2.678500 -0.025115 0.652754 0.757153 0.000000 0.000000 0.000000 0.000000 1.000000
0.997545 0.065877 -0.023734 0.000000 -0.065877 0.768057 -0.636985 2.678500 -0.023734 0.636985 0.770511 -0.000000 0.000000 0.000000 0.000000 1.000000
0.997662 0.064489 -0.022603 0.000000 -0.064489 0.779107 -0.623565 2.678500 -0.022603 0.623565 0.781444 0.000000 0.000000 0.000000 0.000000 1.000000
0.997751 0.063398 -0.021742 0.000000 -0.063398 0.787520 -0.613019 2.678500 -0.021742 0.613019 0.789769 -0.000000 0.000000 0.000000 0.000000 1.000000
0.997811 0.062658 -0.021171 0.000000 -0.062658 0.793104 -0.605855 2.678500 -0.021171 0.605855 0.795293 0.000000 0.000000 0.000000 0.000000 1.000000
0.997837 0.062317 -0.020912 0.000000 -0.062317 0.795638 -0.602558 2.678500 -0.020911 0.602558 0.797801 0.000000 0.000000 0.000000 0.000000 1.000000
0.997898 0.061535 -0.020326 0.000000 -0.061535 0.801365 -0.595002 2.678500 -0.020325 0.595002 0.803467 0.000000 0.000000 0.000000 0.000000 1.000000
0.998110 0.058669 -0.018273 0.000000 -0.058669 0.821425 -0.567291 2.678500 -0.018273 0.567291 0.823315 -0.000000 0.000000 0.000000 0.000000 1.000000
0.998420 0.054079 -0.015280 0.000000 -0.054079 0.850672 -0.522907 2.678500 -0.015280 0.522907 0.852253 0.000000 0.000000 0.000000 0.000000 1.000000
0.998756 0.048397 -0.012032 0.000000 -0.048397 0.882419 -0.467969 2.678500 -0.012032 0.467969 0.883663 0.000000 0.000000 0.000000 0.000000 1.000000
0.999061 0.042361 -0.009078 0.000000 -0.042361 0.911281 -0.409600 2.678500 -0.009078 0.409600 0.912220 0.000000 0.000000 0.000000 0.000000 1.000000
0.999299 0.036814 -0.006777 0.000000 -0.036814 0.933773 -0.355967 2.678500 -0.006777 0.355967 0.934474 0.000000 0.000000 0.000000 0.000000 1.000000
0.999452 0.032671 -0.005298 0.000000 -0.032671 0.948226 -0.315911 2.678500 -0.005298 0.315911 0.948774 0.000000 0.000000 0.000000 0.000000 1.000000
0.999512 0.030863 -0.004714 0.000000 -0.030863 0.953933 -0.298429 2.678500 -0.004714 0.298429 0.954420 0.000000 0.000000 0.000000 0.000000 1.000000
0.999464 0.032326 -0.005183 0.000000 -0.032326 0.949345 -0.312569 2.678500 -0.005183 0.312569 0.949881 0.000000 0.000000 0.000000 0.000000 1.000000
0.999252 0.037987 -0.007232 -0.000000 -0.037987 0.929321 -0.367313 2.678500 -0.007232 0.367313 0.930069 0.000000 0.000000 0.000000 0.000000 1.000000
0.998837 0.046893 -0.011250 -0.000000 -0.046893 0.890061 -0.453423 2.678500 -0.011250 0.453423 0.891224 0.000000 0.000000 0.000000 0.000000 1.000000
0.998212 0.057217 -0.017288 0.000000 -0.057217 0.831046 -0.553253 2.678500 -0.017288 0.553253 0.832834 0.000000 0.000000 0.000000 0.000000 1.000000
0.997425 0.067256 -0.024898 0.000000 -0.067256 0.756675 -0.650323 2.678500 -0.024898 0.650323 0.759250 0.000000 0.000000 0.000000 0.000000 1.000000
0.996586 0.075670 -0.033006 0.000000 -0.075670 0.677438 -0.731677 2.678500 -0.033007 0.731677 0.680852 0.000000 0.000000 0.000000 0.000000 1.000000
0.995858 0.081626 -0.040050 0.000000 -0.081626 0.608599 -0.789268 2.678500 -0.040051 0.789268 0.612741 0.000000 0.000000 0.000000 0.000000 1.000000
0.995413 0.084770 -0.044355 -0.000000 -0.084770 0.566530 -0.819669 2.678500 -0.044355 0.819669 0.571117 -0.000000 0.000000 0.000000 0.000000 1.000000
0.995235 0.085934 -0.046076 0.000000 -0.085934 0.549706 -0.830926 2.678500 -0.046077 0.830926 0.554472 0.000000 0.000000 0.000000 0.000000 1.000000
0.995224 0.086001 -0.046178 0.000000 -0.086001 0.548714 -0.831575 2.678500 -0.046178 0.831575 0.553490 0.000000 0.000000 0.000000 0.000000 1.000000
0.995354 0.085161 -0.044925 0.000000 -0.085161 0.560959 -0.823451 2.678500 -0.044925 0.823451 0.565605 -0.000000 0.000000 0.000000 0.000000 1.000000
0.995592 0.083546 -0.042622 0.000000 -0.083546 0.583463 -0.807831 2.678500 -0.042622 0.807831 0.587871 -0.000000 0.000000 0.000000 0.000000 1.000000
0.995906 0.081269 -0.039591 0.000000 -0.081269 0.613091 -0.785821 2.678500 -0.039591 0.785821 0.617186 -0.000000 0.000000 0.000000 0.000000 1.000000
0.996262 0.078460 -0.036147 0.000000 -0.078461 0.646743 -0.758661 2.678500 -0.036147 0.758661 0.650482 0.000000 0.000000 0.000000 0.000000 1.000000
0.996630 0.075282 -0.032590 0.000000 -0.075282 0.681507 -0.727929 2.678500 -0.032590 0.727929 0.684878 0.000000 0.000000 0.000000 0.000000 1.000000
0.996982 0.071942 -0.029184 0.000000 -0.071942 0.714792 -0.695627 2.678500 -0.029184 0.695627 0.717810 -0.000000 0.000000 0.000000 0.000000 1.000000
0.997295 0.068690 -0.026154 0.000000 -0.068690 0.744403 -0.664188 2.678500 -0.026154 0.664188 0.747108 0.000000 0.000000 0.000000 0.000000 1.000000
0.997551 0.065815 -0.023683 0.000000 -0.065815 0.768556 -0.636388 2.678500 -0.023683 0.636388 0.771006 0.000000 0.000000 0.000000 0.000000 1.000000
0.997733 0.063626 -0.021919 0.000000 -0.063626 0.785786 -0.615218 2.678500 -0.021920 0.615218 0.788052 0.000000 0.000000 0.000000 0.000000 1.000000
0.997828 0.062435 -0.021002 -0.000000 -0.062435 0.794758 -0.603706 2.678500 -0.021001 0.603706 0.796930 0.000000 0.000000 0.000000 0.000000 1.000000
0.997847 0.062188 -0.020814 0.000000 -0.062188 0.796591 -0.601312 2.678500 -0.020814 0.601312 0.798743 0.000000 0.000000 0.000000 0.000000 1.000000
0.997892 0.061616 -0.020386 -0.000000 -0.061616 0.800774 -0.595789 2.678500 -0.020386 0.595789 0.802882 0.000000 0.000000 0.000000 0.000000 1.000000
0.997971 0.060574 -0.019621 0.000000 -0.060574 0.808253 -0.585712 2.678500 -0.019621 0.585712 0.810282 0.000000 0.000000 0.000000 0.000000 1.000000
0.998077 0.059126 -0.018590 0.000000 -0.059125 0.818327 -0.571703 2.678500 -0.018590 0.571703 0.820250 -0.000000 0.000000 0.000000 0.000000 1.000000
0.998204 0.057335 -0.017367 -0.000000 -0.057335 0.830283 -0.554385 2.678500 -0.017366 0.554385 0.832079 0.000000 0.000000 0.000000 0.000000 1.000000
0.998343 0.055267 -0.016022 -0.000000 -0.055267 0.843424 -0.534399 2.678500 -0.016022 0.534399 0.845081 0.000000 0.000000 0.000000 0.000000 1.000000
0.998488 0.052995 -0.014623 0.000000 -0.052995 0.857095 -0.512425 2.678500 -0.014623 0.512425 0.858607 0.000000 0.000000 0.000000 0.000000 1.000000
0.998632 0.050592 -0.013230 -0.000000 -0.050592 0.870706 -0.489194 2.678500 -0.013230 0.489194 0.872075 0.000000 0.000000 0.000000 0.000000 1.000000
0.998770 0.048141 -0.011896 -0.000000 -0.048141 0.883745 -0.465487 2.678500 -0.011896 0.465487 0.884975 0.000000 0.000000 0.000000 0.000000 1.000000
0.998897 0.045725 -0.010664 -0.000000 -0.045725 0.895784 -0.442132 2.678500 -0.010664 0.442132 0.896887 0.000000 0.000000 0.000000 0.000000 1.000000
0.999010 0.043437 -0.009569 0.000000 -0.043437 0.906483 -0.420002 2.678500 -0.009569 0.420002 0.907473 0.000000 0.000000 0.000000 0.000000 1.000000
0.999107 0.041368 -0.008638 0.000000 -0.041368 0.915581 -0.400001 2.678500 -0.008638 0.400001 0.916474 0.000000 0.000000 0.000000 0.000000 1.000000</float_array>
        <technique_common>
          <accessor source="#mixamorig_LeftHandRing3-Matrix-animation-output-transform-array" count="91" stride="16">
            <param type="float4x4"/>
          </accessor>
        </technique_common>
      </source>
      <source id="mixamorig_LeftHandRing3-Interpolations">
        <Name_array id="mixamorig_LeftHandRing3-Interpolations-array" count="91">
 LINEAR LINEAR LINEAR LINEAR LINEAR LINEAR LINEAR LINEAR LINEAR LINEAR LINEAR
LINEAR LINEAR LINEAR LINEAR LINEAR LINEAR LINEAR LINEAR LINEAR LINEAR LINEAR LINEAR
LINEAR LINEAR LINEAR LINEAR LINEAR LINEAR LINEAR LINEAR LINEAR LINEAR LINEAR LINEAR
LINEAR LINEAR LINEAR LINEAR LINEAR LINEAR LINEAR LINEAR LINEAR LINEAR LINEAR LINEAR
LINEAR LINEAR LINEAR LINEAR LINEAR LINEAR LINEAR LINEAR LINEAR LINEAR LINEAR LINEAR
LINEAR LINEAR LINEAR LINEAR LINEAR LINEAR LINEAR LINEAR LINEAR LINEAR LINEAR LINEAR
LINEAR LINEAR LINEAR LINEAR LINEAR LINEAR LINEAR LINEAR LINEAR LINEAR LINEAR LINEAR
LINEAR LINEAR LINEAR LINEAR LINEAR LINEAR LINEAR LINEAR</Name_array>
        <technique_common>
          <accessor source="#mixamorig_LeftHandRing3-Interpolations-array" count="91">
            <param type="name"/>
          </accessor>
        </technique_common>
      </source>
      <sampler id="mixamorig_LeftHandRing3-Matrix-animation-transform">
        <input semantic="INPUT" source="#mixamorig_LeftHandRing3-Matrix-animation-input"/>
        <input semantic="OUTPUT" source="#mixamorig_LeftHandRing3-Matrix-animation-output-transform"/>
        <input semantic="INTERPOLATION" source="#mixamorig_LeftHandRing3-Interpolations"/>
      </sampler>
      <channel source="#mixamorig_LeftHandRing3-Matrix-animation-transform" target="mixamorig_LeftHandRing3/matrix"/>
    </animation>
    <animation id="mixamorig_LeftHandPinky1-anim" name="mixamorig_LeftHandPinky1">
      <source id="mixamorig_LeftHandPinky1-Matrix-animation-input">
        <float_array id="mixamorig_LeftHandPinky1-Matrix-animation-input-array" count="91">

0.000000 0.033333 0.066667 0.100000 0.133333 0.166667 0.200000 0.233333 0.266667 0.300000 0.333333 0.366667 0.400000 0.433333 0.466667 0.500000
0.533333 0.566667 0.600000 0.633333 0.666667 0.700000 0.733333 0.766667 0.800000 0.833333 0.866667 0.900000 0.933333 0.966667 1.000000 1.033333
1.066667 1.100000 1.133333 1.166667 1.200000 1.233333 1.266667 1.300000 1.333333 1.366667 1.400000 1.433333 1.466667 1.500000 1.533333 1.566667
1.600000 1.633333 1.666667 1.700000 1.733333 1.766667 1.800000 1.833333 1.866667 1.900000 1.933333 1.966667 2.000000 2.033333 2.066667 2.100000
2.133333 2.166667 2.200000 2.233333 2.266667 2.300000 2.333333 2.366667 2.400000 2.433333 2.466667 2.500000 2.533333 2.566667 2.600000 2.633333
2.666667 2.700000 2.733333 2.766667 2.800000 2.833333 2.866667 2.900000 2.933333 2.966667 3.000000</float_array>
        <technique_common>
          <accessor source="#mixamorig_LeftHandPinky1-Matrix-animation-input-array" count="91">
            <param name="TIME" type="float"/>
          </accessor>
        </technique_common>
      </source>
      <source id="mixamorig_LeftHandPinky1-Matrix-animation-output-transform">
        <float_array id="mixamorig_LeftHandPinky1-Matrix-animation-output-transform-array" count="1456">

0.996524 0.058840 -0.058972 5.545400 -0.082739 0.781491 -0.618406 9.382400 0.009699 0.621136 0.783643 0.026800 0.000000 0.000000 0.000000 1.000000
0.996559 0.058479 -0.058744 5.545400 -0.082287 0.783298 -0.616176 9.382400 0.009981 0.618890 0.785415 0.026800 0.000000 0.000000 0.000000 1.000000
0.996650 0.057507 -0.058149 5.545400 -0.081074 0.788073 -0.610220 9.382400 0.010734 0.612890 0.790095 0.026800 0.000000 0.000000 0.000000 1.000000
0.996780 0.056080 -0.057315 5.545400 -0.079312 0.794845 -0.601607 9.382400 0.011819 0.604216 0.796733 0.026800 0.000000 0.000000 0.000000 1.000000
0.996929 0.054361 -0.056371 5.545400 -0.077209 0.802660 -0.591419 9.382400 0.013097 0.593955 0.804392 0.026800 0.000000 0.000000 0.000000 1.000000
0.997080 0.052514 -0.055443 5.545400 -0.074987 0.810606 -0.580771 9.382400 0.014443 0.583233 0.812176 0.026800 0.000000 0.000000 0.000000 1.000000
0.997217 0.050713 -0.054651 5.545400 -0.072874 0.817832 -0.570825 9.382400 0.015747 0.573219 0.819251 0.026800 0.000000 0.000000 0.000000 1.000000
0.997325 0.049139 -0.054113 5.545400 -0.071112 0.823544 -0.562778 9.382400 0.016910 0.565120 0.824835 0.026800 0.000000 0.000000 0.000000 1.000000
0.997391 0.047974 -0.053944 5.545400 -0.069949 0.826987 -0.557853 9.382400 0.017848 0.560171 0.828185 0.026800 0.000000 0.000000 0.000000 1.000000
0.997401 0.047404 -0.054258 5.545400 -0.069639 0.827405 -0.557271 9.382400 0.018476 0.559602 0.828556 0.026800 0.000000 0.000000 0.000000 1.000000
0.997341 0.047604 -0.055173 5.545400 -0.070432 0.823987 -0.562214 9.382400 0.018698 0.564605 0.825150 0.026800 0.000000 0.000000 0.000000 1.000000
0.997194 0.048739 -0.056818 5.545400 -0.072566 0.815794 -0.573773 9.382400 0.018387 0.576286 0.817041 0.026800 0.000000 0.000000 0.000000 1.000000
0.996928 0.050979 -0.059459 5.545400 -0.076369 0.801159 -0.593559 9.382400 0.017377 0.596276 0.802591 0.026800 0.000000 0.000000 0.000000 1.000000
0.996526 0.054230 -0.063211 5.545400 -0.081819 0.779241 -0.621361 9.382400 0.015560 0.624374 0.780970 0.026800 0.000000 0.000000 0.000000 1.000000
0.995990 0.058202 -0.067942 5.545400 -0.088533 0.750389 -0.655041 9.382400 0.012858 0.658429 0.752533 0.026800 0.000000 0.000000 0.000000 1.000000
0.995329 0.062602 -0.073496 5.545400 -0.096103 0.715090 -0.692395 9.382400 0.009211 0.696224 0.717766 0.026800 0.000000 0.000000 0.000000 1.000000
0.994554 0.067155 -0.079704 5.545400 -0.104121 0.674064 -0.731298 9.382400 0.004615 0.735614 0.677385 0.026800 0.000000 0.000000 0.000000 1.000000
0.993686 0.071620 -0.086367 5.545400 -0.112196 0.628339 -0.769807 9.382400 -0.000866 0.774636 0.632407 0.026800 0.000000 0.000000 0.000000 1.000000
0.992752 0.075796 -0.093267 5.545400 -0.119973 0.579284 -0.806249 9.382400 -0.007082 0.811594 0.584178 0.026800 0.000000 0.000000 0.000000 1.000000
0.991786 0.079535 -0.100169 5.545400 -0.127157 0.528588 -0.839301 9.382400 -0.013806 0.845145 0.534360 0.026800 0.000000 0.000000 0.000000 1.000000
0.990829 0.082741 -0.106825 5.545400 -0.133520 0.478209 -0.868037 9.382400 -0.020738 0.874340 0.484871 0.026800 0.000000 0.000000 0.000000 1.000000
0.989922 0.085370 -0.112990 5.545400 -0.138914 0.430297 -0.891935 9.382400 -0.027526 0.898642 0.437819 0.026800 0.000000 0.000000 0.000000 1.000000
0.989108 0.087421 -0.118419 5.545400 -0.143263 0.387114 -0.910834 9.382400 -0.033784 0.917878 0.395422 0.026800 0.000000 0.000000 0.000000 1.000000
0.988430 0.088924 -0.122879 5.545400 -0.146549 0.350953 -0.924854 9.382400 -0.039117 0.932161 0.359924 0.026800 0.000000 0.000000 0.000000 1.000000
0.987928 0.089921 -0.126146 5.545400 -0.148790 0.324068 -0.934260 9.382400 -0.043130 0.941751 0.333535 0.026800 0.000000 0.000000 0.000000 1.000000
0.987641 0.090450 -0.128004 5.545400 -0.150001 0.308631 -0.939280 9.382400 -0.045452 0.946871 0.318384 0.026800 0.000000 0.000000 0.000000 1.000000
0.987569 0.090652 -0.128413 5.545400 -0.150326 0.305957 -0.940102 9.382400 -0.045934 0.947719 0.315781 0.026800 0.000000 0.000000 0.000000 1.000000
0.987473 0.091519 -0.128538 5.545400 -0.151001 0.311708 -0.938103 9.382400 -0.045788 0.945760 0.321623 0.026800 0.000000 0.000000 0.000000 1.000000
0.987272 0.093299 -0.128798 5.545400 -0.152406 0.323570 -0.933849 9.382400 -0.045452 0.941593 0.333671 0.026800 0.000000 0.000000 0.000000 1.000000
0.986977 0.095869 -0.129172 5.545400 -0.154474 0.340820 -0.927351 9.382400 -0.044880 0.935228 0.351191 0.026800 0.000000 0.000000 0.000000 1.000000
0.986596 0.099099 -0.129647 5.545400 -0.157139 0.362707 -0.918559 9.382400 -0.044004 0.926619 0.373418 0.026800 0.000000 0.000000 0.000000 1.000000
0.986137 0.102856 -0.130206 5.545400 -0.160328 0.388459 -0.907411 9.382400 -0.042753 0.915707 0.399565 0.026800 0.000000 0.000000 0.000000 1.000000
0.985612 0.107008 -0.130836 5.545400 -0.163962 0.417293 -0.893859 9.382400 -0.041053 0.902450 0.428834 0.026800 0.000000 0.000000 0.000000 1.000000
0.985030 0.111429 -0.131527 5.545400 -0.167949 0.448419 -0.877903 9.382400 -0.038845 0.886850 0.460421 0.026800 0.000000 0.000000 0.000000 1.000000
0.984403 0.116000 -0.132269 5.545400 -0.172189 0.481061 -0.859611 9.382400 -0.036086 0.868979 0.493531 0.026800 0.000000 0.000000 0.000000 1.000000
0.983743 0.120610 -0.133055 5.545400 -0.176572 0.514459 -0.839139 9.382400 -0.032757 0.848991 0.527392 0.026800 0.000000 0.000000 0.000000 1.000000
0.983062 0.125161 -0.133882 5.545400 -0.180986 0.547890 -0.816737 9.382400 -0.028871 0.827134 0.561263 0.026800 0.000000 0.000000 0.000000 1.000000
0.982373 0.129566 -0.134741 5.545400 -0.185320 0.580681 -0.792759 9.382400 -0.024474 0.803755 0.594456 0.026800 0.000000 0.000000 0.000000 1.000000
0.981690 0.133753 -0.135625 5.545400 -0.189468 0.612214 -0.767656 9.382400 -0.019644 0.779297 0.626347 0.026800 0.000000 0.000000 0.000000 1.000000
0.981025 0.137659 -0.136526 5.545400 -0.193337 0.641948 -0.741973 9.382400 -0.014497 0.754290 0.656381 0.026800 0.000000 0.000000 0.000000 1.000000
0.980391 0.141235 -0.137427 5.545400 -0.196848 0.669410 -0.716338 9.382400 -0.009177 0.729344 0.684086 0.026800 0.000000 0.000000 0.000000 1.000000
0.979799 0.144442 -0.138311 5.545400 -0.199946 0.694208 -0.691445 9.382400 -0.003857 0.705132 0.709066 0.026800 0.000000 0.000000 0.000000 1.000000
0.979262 0.147248 -0.139154 5.545400 -0.202593 0.716019 -0.668037 9.382400 0.001269 0.682375 0.731001 0.026800 0.000000 0.000000 0.000000 1.000000
0.978791 0.149627 -0.139927 5.545400 -0.204773 0.734576 -0.646890 9.382400 0.005995 0.661823 0.749636 0.026800 0.000000 0.000000 0.000000 1.000000
0.978398 0.151557 -0.140600 5.545400 -0.206484 0.749659 -0.628789 9.382400 0.010105 0.644238 0.764758 0.026800 0.000000 0.000000 0.000000 1.000000
0.978093 0.153014 -0.141139 5.545400 -0.207736 0.761063 -0.614516 9.382400 0.013386 0.630373 0.776177 0.026800 0.000000 0.000000 0.000000 1.000000
0.977889 0.153974 -0.141509 5.545400 -0.208539 0.768573 -0.604820 9.382400 0.015634 0.620957 0.783689 0.026800 0.000000 0.000000 0.000000 1.000000
0.977797 0.154403 -0.141679 5.545400 -0.208891 0.771932 -0.600405 9.382400 0.016662 0.616669 0.787046 0.026800 0.000000 0.000000 0.000000 1.000000
0.978382 0.152267 -0.139938 5.545400 -0.206077 0.774535 -0.598020 9.382400 0.017328 0.613930 0.789170 0.026800 0.000000 0.000000 0.000000 1.000000
0.980517 0.144179 -0.133411 5.545400 -0.195491 0.782683 -0.590924 9.382400 0.019220 0.605492 0.795620 0.026800 0.000000 0.000000 0.000000 1.000000
0.983680 0.131294 -0.123030 5.545400 -0.178633 0.794545 -0.580335 9.382400 0.021558 0.592841 0.805031 0.026800 0.000000 0.000000 0.000000 1.000000
0.987209 0.115275 -0.110134 5.545400 -0.157702 0.807484 -0.568418 9.382400 0.023407 0.578516 0.815335 0.026800 0.000000 0.000000 0.000000 1.000000
0.990555 0.097816 -0.096084 5.545400 -0.134967 0.819095 -0.557555 9.382400 0.024164 0.565257 0.824561 0.026800 0.000000 0.000000 0.000000 1.000000
0.993341 0.080653 -0.082276 5.545400 -0.112756 0.827250 -0.550402 9.382400 0.023672 0.556014 0.830836 0.026800 0.000000 0.000000 0.000000 1.000000
0.995382 0.065541 -0.070134 5.545400 -0.093395 0.830028 -0.549846 9.382400 0.022175 0.553857 0.832316 0.026800 0.000000 0.000000 0.000000 1.000000
0.996656 0.054233 -0.061113 5.545400 -0.079186 0.825480 -0.558849 9.382400 0.020139 0.561819 0.827015 0.026800 0.000000 0.000000 0.000000 1.000000
0.997228 0.048297 -0.056609 5.545400 -0.072238 0.810883 -0.580733 9.382400 0.017855 0.583212 0.812124 0.026800 0.000000 0.000000 0.000000 1.000000
0.997284 0.047180 -0.056554 5.545400 -0.072162 0.779506 -0.622224 9.382400 0.014727 0.624615 0.780794 0.026800 0.000000 0.000000 0.000000 1.000000
0.996996 0.049062 -0.059926 5.545400 -0.076737 0.730442 -0.678650 9.382400 0.010476 0.681210 0.732013 0.026800 0.000000 0.000000 0.000000 1.000000
0.996418 0.052683 -0.066156 5.545400 -0.084407 0.668104 -0.739264 9.382400 0.005253 0.742200 0.670158 0.026800 0.000000 0.000000 0.000000 1.000000
0.995523 0.057050 -0.075361 5.545400 -0.094520 0.599352 -0.794886 9.382400 -0.000181 0.798450 0.602061 0.026800 0.000000 0.000000 0.000000 1.000000
0.994550 0.061578 -0.084133 5.545400 -0.104038 0.533417 -0.839430 9.382400 -0.006812 0.843608 0.536916 0.026800 0.000000 0.000000 0.000000 1.000000
0.993675 0.066044 -0.090824 5.545400 -0.111458 0.481332 -0.869423 9.382400 -0.013704 0.874046 0.485649 0.026800 0.000000 0.000000 0.000000 1.000000
0.993000 0.070519 -0.094757 5.545400 -0.116535 0.454023 -0.883336 9.382400 -0.019270 0.888195 0.459063 0.026800 0.000000 0.000000 0.000000 1.000000
0.992103 0.076198 -0.099624 5.545400 -0.123374 0.449881 -0.884526 9.382400 -0.022580 0.889832 0.455729 0.026800 0.000000 0.000000 0.000000 1.000000
0.990989 0.083613 -0.104638 5.545400 -0.131574 0.461465 -0.877347 9.382400 -0.025070 0.883209 0.468308 0.026800 0.000000 0.000000 0.000000 1.000000
0.989672 0.092287 -0.109689 5.545400 -0.140907 0.485675 -0.862708 9.382400 -0.026344 0.869254 0.493663 0.026800 0.000000 0.000000 0.000000 1.000000
0.988182 0.101705 -0.114679 5.545400 -0.151058 0.519192 -0.841202 9.382400 -0.026014 0.848585 0.528419 0.026800 0.000000 0.000000 0.000000 1.000000
0.986567 0.111354 -0.119521 5.545400 -0.161610 0.558647 -0.813508 9.382400 -0.023818 0.821896 0.569139 0.026800 0.000000 0.000000 0.000000 1.000000
0.984890 0.120761 -0.124134 5.545400 -0.172060 0.600781 -0.780678 9.382400 -0.019698 0.790240 0.612481 0.026800 0.000000 0.000000 0.000000 1.000000
0.983223 0.129520 -0.128442 5.545400 -0.181881 0.642592 -0.744308 9.382400 -0.013867 0.755182 0.655369 0.026800 0.000000 0.000000 0.000000 1.000000
0.981647 0.137300 -0.132358 5.545400 -0.190588 0.681475 -0.706589 9.382400 -0.006816 0.718846 0.695136 0.026800 0.000000 0.000000 0.000000 1.000000
0.980242 0.143844 -0.135774 5.545400 -0.197801 0.715291 -0.670249 9.382400 0.000707 0.683863 0.729611 0.026800 0.000000 0.000000 0.000000 1.000000
0.979089 0.148953 -0.138556 5.545400 -0.203284 0.742363 -0.638414 9.382400 0.007765 0.653231 0.757119 0.026800 0.000000 0.000000 0.000000 1.000000
0.978264 0.152468 -0.140546 5.545400 -0.206935 0.761358 -0.614420 9.382400 0.013327 0.630148 0.776360 0.026800 0.000000 0.000000 0.000000 1.000000
0.977840 0.154231 -0.141571 5.545400 -0.208714 0.771058 -0.601588 9.382400 0.016375 0.617804 0.786161 0.026800 0.000000 0.000000 0.000000 1.000000
0.977879 0.154118 -0.141419 5.545400 -0.208499 0.772274 -0.600101 9.382400 0.016728 0.616312 0.787324 0.026800 0.000000 0.000000 0.000000 1.000000
0.978385 0.152304 -0.139882 5.545400 -0.206127 0.772517 -0.600607 9.382400 0.016586 0.616458 0.787213 0.026800 0.000000 0.000000 0.000000 1.000000
0.979292 0.148992 -0.137068 5.545400 -0.201791 0.772955 -0.601516 9.382400 0.016327 0.616719 0.787014 0.026800 0.000000 0.000000 0.000000 1.000000
0.980529 0.144362 -0.133129 5.545400 -0.195726 0.773551 -0.602752 9.382400 0.015967 0.617072 0.786745 0.026800 0.000000 0.000000 0.000000 1.000000
0.982015 0.138597 -0.128210 5.545400 -0.188165 0.774270 -0.604235 9.382400 0.015524 0.617492 0.786424 0.026800 0.000000 0.000000 0.000000 1.000000
0.983673 0.131878 -0.122460 5.545400 -0.179340 0.775074 -0.605885 9.382400 0.015013 0.617955 0.786070 0.026800 0.000000 0.000000 0.000000 1.000000
0.985426 0.124388 -0.116030 5.545400 -0.169489 0.775928 -0.607626 9.382400 0.014449 0.618436 0.785702 0.026800 0.000000 0.000000 0.000000 1.000000
0.987206 0.116310 -0.109071 5.545400 -0.158848 0.776798 -0.609386 9.382400 0.013848 0.618915 0.785336 0.026800 0.000000 0.000000 0.000000 1.000000
0.988950 0.107828 -0.101739 5.545400 -0.147658 0.777656 -0.611104 9.382400 0.013223 0.619374 0.784985 0.026800 0.000000 0.000000 0.000000 1.000000
0.990607 0.099127 -0.094193 5.545400 -0.136161 0.778476 -0.612727 9.382400 0.012589 0.619797 0.784661 0.026800 0.000000 0.000000 0.000000 1.000000
0.992135 0.090391 -0.086593 5.545400 -0.124603 0.779240 -0.614215 9.382400 0.011957 0.620173 0.784374 0.026800 0.000000 0.000000 0.000000 1.000000
0.993504 0.081808 -0.079104 5.545400 -0.113232 0.779930 -0.615539 9.382400 0.011340 0.620497 0.784127 0.026800 0.000000 0.000000 0.000000 1.000000
0.994696 0.073564 -0.071892 5.545400 -0.102297 0.780538 -0.616681 9.382400 0.010749 0.620764 0.783924 0.026800 0.000000 0.000000 0.000000 1.000000
0.995702 0.065846 -0.065125 5.545400 -0.092049 0.781059 -0.617636 9.382400 0.010198 0.620976 0.783763 0.026800 0.000000 0.000000 0.000000 1.000000
0.996524 0.058840 -0.058972 5.545400 -0.082739 0.781491 -0.618406 9.382400 0.009699 0.621136 0.783643 0.026800 0.000000 0.000000 0.000000 1.000000</float_array>
        <technique_common>
          <accessor source="#mixamorig_LeftHandPinky1-Matrix-animation-output-transform-array" count="91" stride="16">
            <param type="float4x4"/>
          </accessor>
        </technique_common>
      </source>
      <source id="mixamorig_LeftHandPinky1-Interpolations">
        <Name_array id="mixamorig_LeftHandPinky1-Interpolations-array" count="91">
 LINEAR LINEAR LINEAR LINEAR LINEAR LINEAR LINEAR LINEAR LINEAR LINEAR LINEAR
LINEAR LINEAR LINEAR LINEAR LINEAR LINEAR LINEAR LINEAR LINEAR LINEAR LINEAR LINEAR
LINEAR LINEAR LINEAR LINEAR LINEAR LINEAR LINEAR LINEAR LINEAR LINEAR LINEAR LINEAR
LINEAR LINEAR LINEAR LINEAR LINEAR LINEAR LINEAR LINEAR LINEAR LINEAR LINEAR LINEAR
LINEAR LINEAR LINEAR LINEAR LINEAR LINEAR LINEAR LINEAR LINEAR LINEAR LINEAR LINEAR
LINEAR LINEAR LINEAR LINEAR LINEAR LINEAR LINEAR LINEAR LINEAR LINEAR LINEAR LINEAR
LINEAR LINEAR LINEAR LINEAR LINEAR LINEAR LINEAR LINEAR LINEAR LINEAR LINEAR LINEAR
LINEAR LINEAR LINEAR LINEAR LINEAR LINEAR LINEAR LINEAR</Name_array>
        <technique_common>
          <accessor source="#mixamorig_LeftHandPinky1-Interpolations-array" count="91">
            <param type="name"/>
          </accessor>
        </technique_common>
      </source>
      <sampler id="mixamorig_LeftHandPinky1-Matrix-animation-transform">
        <input semantic="INPUT" source="#mixamorig_LeftHandPinky1-Matrix-animation-input"/>
        <input semantic="OUTPUT" source="#mixamorig_LeftHandPinky1-Matrix-animation-output-transform"/>
        <input semantic="INTERPOLATION" source="#mixamorig_LeftHandPinky1-Interpolations"/>
      </sampler>
      <channel source="#mixamorig_LeftHandPinky1-Matrix-animation-transform" target="mixamorig_LeftHandPinky1/matrix"/>
    </animation>
    <animation id="mixamorig_LeftHandPinky2-anim" name="mixamorig_LeftHandPinky2">
      <source id="mixamorig_LeftHandPinky2-Matrix-animation-input">
        <float_array id="mixamorig_LeftHandPinky2-Matrix-animation-input-array" count="91">

0.000000 0.033333 0.066667 0.100000 0.133333 0.166667 0.200000 0.233333 0.266667 0.300000 0.333333 0.366667 0.400000 0.433333 0.466667 0.500000
0.533333 0.566667 0.600000 0.633333 0.666667 0.700000 0.733333 0.766667 0.800000 0.833333 0.866667 0.900000 0.933333 0.966667 1.000000 1.033333
1.066667 1.100000 1.133333 1.166667 1.200000 1.233333 1.266667 1.300000 1.333333 1.366667 1.400000 1.433333 1.466667 1.500000 1.533333 1.566667
1.600000 1.633333 1.666667 1.700000 1.733333 1.766667 1.800000 1.833333 1.866667 1.900000 1.933333 1.966667 2.000000 2.033333 2.066667 2.100000
2.133333 2.166667 2.200000 2.233333 2.266667 2.300000 2.333333 2.366667 2.400000 2.433333 2.466667 2.500000 2.533333 2.566667 2.600000 2.633333
2.666667 2.700000 2.733333 2.766667 2.800000 2.833333 2.866667 2.900000 2.933333 2.966667 3.000000</float_array>
        <technique_common>
          <accessor source="#mixamorig_LeftHandPinky2-Matrix-animation-input-array" count="91">
            <param name="TIME" type="float"/>
          </accessor>
        </technique_common>
      </source>
      <source id="mixamorig_LeftHandPinky2-Matrix-animation-output-transform">
        <float_array id="mixamorig_LeftHandPinky2-Matrix-animation-output-transform-array" count="1456">

0.996393 0.077357 -0.034874 0.000000 -0.077357 0.659187 -0.747990 2.548400 -0.034874 0.747990 0.662793 0.000000 0.000000 0.000000 0.000000 1.000000
0.996506 0.076383 -0.033785 0.000000 -0.076383 0.669831 -0.738574 2.548400 -0.033785 0.738574 0.673325 0.000000 0.000000 0.000000 0.000000 1.000000
0.996808 0.073625 -0.030861 -0.000000 -0.073626 0.698400 -0.711910 2.548400 -0.030861 0.711910 0.701592 0.000000 0.000000 0.000000 0.000000 1.000000
0.997241 0.069268 -0.026673 -0.000000 -0.069268 0.739327 -0.669775 2.548400 -0.026674 0.669775 0.742085 0.000000 0.000000 0.000000 0.000000 1.000000
0.997743 0.063501 -0.021822 -0.000000 -0.063501 0.786739 -0.614010 2.548400 -0.021822 0.614010 0.788996 -0.000000 0.000000 0.000000 0.000000 1.000000
0.998255 0.056593 -0.016876 0.000000 -0.056593 0.835078 -0.547213 2.548400 -0.016876 0.547213 0.836823 0.000000 0.000000 0.000000 0.000000 1.000000
0.998727 0.048924 -0.012313 0.000000 -0.048924 0.879668 -0.473066 2.548400 -0.012313 0.473066 0.880941 0.000000 0.000000 0.000000 0.000000 1.000000
0.999124 0.040989 -0.008473 -0.000000 -0.040989 0.917191 -0.396334 2.548400 -0.008474 0.396334 0.918067 0.000000 0.000000 0.000000 0.000000 1.000000
0.999428 0.033364 -0.005531 0.000000 -0.033364 0.945946 -0.322602 2.548400 -0.005531 0.322602 0.946518 0.000000 0.000000 0.000000 0.000000 1.000000
0.999638 0.026670 -0.003499 -0.000000 -0.026670 0.965808 -0.257881 2.548400 -0.003499 0.257881 0.966170 0.000000 0.000000 0.000000 0.000000 1.000000
0.999766 0.021535 -0.002267 -0.000000 -0.021535 0.977844 -0.208226 2.548400 -0.002267 0.208226 0.978078 0.000000 0.000000 0.000000 0.000000 1.000000
0.999826 0.018562 -0.001679 0.000000 -0.018562 0.983587 -0.179479 2.548400 -0.001680 0.179479 0.983760 0.000000 0.000000 0.000000 0.000000 1.000000
0.999831 0.018322 -0.001636 0.000000 -0.018322 0.984012 -0.177156 2.548400 -0.001636 0.177156 0.984181 0.000000 0.000000 0.000000 0.000000 1.000000
0.999774 0.021129 -0.002182 0.000000 -0.021129 0.978679 -0.204306 2.548400 -0.002181 0.204306 0.978905 0.000000 0.000000 0.000000 0.000000 1.000000
0.999640 0.026612 -0.003483 -0.000000 -0.026612 0.965959 -0.257324 2.548400 -0.003483 0.257324 0.966319 0.000000 0.000000 0.000000 0.000000 1.000000
0.999398 0.034215 -0.005825 -0.000000 -0.034215 0.943068 -0.330836 2.548400 -0.005826 0.330836 0.943670 -0.000000 0.000000 0.000000 0.000000 1.000000
0.999016 0.043316 -0.009513 -0.000000 -0.043316 0.907029 -0.418834 2.548400 -0.009513 0.418834 0.908013 0.000000 0.000000 0.000000 0.000000 1.000000
0.998473 0.053238 -0.014769 0.000000 -0.053238 0.855670 -0.514777 2.548400 -0.014769 0.514777 0.857197 0.000000 0.000000 0.000000 0.000000 1.000000
0.997760 0.063286 -0.021655 0.000000 -0.063287 0.788370 -0.611938 2.548400 -0.021655 0.611938 0.790609 0.000000 0.000000 0.000000 0.000000 1.000000
0.996894 0.072805 -0.030034 -0.000000 -0.072805 0.706482 -0.703976 2.548400 -0.030034 0.703976 0.709588 0.000000 0.000000 0.000000 0.000000 1.000000
0.995909 0.081246 -0.039561 0.000000 -0.081246 0.613380 -0.785598 2.548400 -0.039561 0.785598 0.617471 0.000000 0.000000 0.000000 0.000000 1.000000
0.994858 0.088233 -0.049715 0.000000 -0.088233 0.514151 -0.853149 2.548400 -0.049715 0.853149 0.519292 -0.000000 0.000000 0.000000 0.000000 1.000000
0.993810 0.093593 -0.059857 0.000000 -0.093593 0.415030 -0.904981 2.548400 -0.059857 0.904981 0.421221 0.000000 0.000000 0.000000 0.000000 1.000000
0.992833 0.097366 -0.069301 0.000000 -0.097366 0.322735 -0.941468 2.548400 -0.069301 0.941468 0.329903 0.000000 0.000000 0.000000 0.000000 1.000000
0.991998 0.099765 -0.077372 0.000000 -0.099765 0.243867 -0.964664 2.548400 -0.077372 0.964664 0.251869 -0.000000 0.000000 0.000000 0.000000 1.000000
0.991370 0.101105 -0.083444 0.000000 -0.101105 0.184520 -0.977615 2.548400 -0.083444 0.977615 0.193149 0.000000 0.000000 0.000000 0.000000 1.000000
0.991006 0.101705 -0.086961 0.000000 -0.101705 0.150153 -0.983418 2.548400 -0.086961 0.983418 0.159146 -0.000000 0.000000 0.000000 0.000000 1.000000
0.990930 0.101814 -0.087697 -0.000000 -0.101814 0.142965 -0.984477 2.548400 -0.087696 0.984477 0.152034 0.000000 0.000000 0.000000 0.000000 1.000000
0.990957 0.101776 -0.087435 0.000000 -0.101776 0.145523 -0.984106 2.548400 -0.087435 0.984106 0.154565 -0.000000 0.000000 0.000000 0.000000 1.000000
0.991014 0.101694 -0.086892 0.000000 -0.101694 0.150832 -0.983315 2.548400 -0.086891 0.983315 0.159818 0.000000 0.000000 0.000000 0.000000 1.000000
0.991096 0.101569 -0.086097 0.000000 -0.101569 0.158594 -0.982106 2.548400 -0.086097 0.982106 0.167498 0.000000 0.000000 0.000000 0.000000 1.000000
0.991201 0.101400 -0.085082 -0.000000 -0.101400 0.168510 -0.980470 2.548400 -0.085082 0.980470 0.177310 -0.000000 0.000000 0.000000 0.000000 1.000000
0.991325 0.101185 -0.083878 0.000000 -0.101186 0.180279 -0.978397 2.548400 -0.083878 0.978397 0.188954 0.000000 0.000000 0.000000 0.000000 1.000000
0.991466 0.100925 -0.082516 0.000000 -0.100925 0.193598 -0.975876 2.548400 -0.082515 0.975876 0.202131 -0.000000 0.000000 0.000000 0.000000 1.000000
0.991620 0.100618 -0.081025 -0.000000 -0.100618 0.208164 -0.972905 2.548400 -0.081025 0.972905 0.216544 -0.000000 0.000000 0.000000 0.000000 1.000000
0.991785 0.100265 -0.079438 0.000000 -0.100265 0.223676 -0.969493 2.548400 -0.079438 0.969493 0.231892 0.000000 0.000000 0.000000 0.000000 1.000000
0.991956 0.099868 -0.077784 0.000000 -0.099869 0.239834 -0.965663 2.548400 -0.077784 0.965664 0.247878 0.000000 0.000000 0.000000 0.000000 1.000000
0.992130 0.099434 -0.076095 0.000000 -0.099434 0.256340 -0.961459 2.548400 -0.076095 0.961459 0.264210 -0.000000 0.000000 0.000000 0.000000 1.000000
0.992306 0.098966 -0.074401 0.000000 -0.098966 0.272902 -0.956938 2.548400 -0.074400 0.956938 0.280597 0.000000 0.000000 0.000000 0.000000 1.000000
0.992478 0.098475 -0.072730 0.000000 -0.098474 0.289230 -0.952181 2.548400 -0.072730 0.952181 0.296752 0.000000 0.000000 0.000000 0.000000 1.000000
0.992646 0.097968 -0.071112 0.000000 -0.097968 0.305042 -0.947286 2.548400 -0.071112 0.947286 0.312397 -0.000000 0.000000 0.000000 0.000000 1.000000
0.992805 0.097459 -0.069575 0.000000 -0.097460 0.320063 -0.942370 2.548400 -0.069574 0.942370 0.327258 0.000000 0.000000 0.000000 0.000000 1.000000
0.992952 0.096963 -0.068147 0.000000 -0.096963 0.334020 -0.937565 2.548400 -0.068146 0.937565 0.341068 0.000000 0.000000 0.000000 0.000000 1.000000
0.993086 0.096493 -0.066854 0.000000 -0.096493 0.346651 -0.933018 2.548400 -0.066854 0.933018 0.353565 0.000000 0.000000 0.000000 0.000000 1.000000
0.993203 0.096065 -0.065724 0.000000 -0.096065 0.357697 -0.928883 2.548400 -0.065724 0.928883 0.364494 0.000000 0.000000 0.000000 0.000000 1.000000
0.993300 0.095697 -0.064782 0.000000 -0.095697 0.366903 -0.925324 2.548400 -0.064782 0.925324 0.373603 0.000000 0.000000 0.000000 0.000000 1.000000
0.993376 0.095405 -0.064054 -0.000000 -0.095405 0.374016 -0.922502 2.548400 -0.064054 0.922502 0.380640 0.000000 0.000000 0.000000 0.000000 1.000000
0.993426 0.095206 -0.063566 -0.000000 -0.095206 0.378781 -0.920576 2.548400 -0.063566 0.920576 0.385355 0.000000 0.000000 0.000000 0.000000 1.000000
0.993449 0.095115 -0.063345 -0.000000 -0.095115 0.380942 -0.919694 2.548400 -0.063345 0.919694 0.387493 -0.000000 0.000000 0.000000 0.000000 1.000000
0.993650 0.094287 -0.061403 -0.000000 -0.094287 0.399922 -0.911687 2.548400 -0.061403 0.911687 0.406272 0.000000 0.000000 0.000000 0.000000 1.000000
0.994379 0.090864 -0.054350 0.000000 -0.090864 0.468853 -0.878590 2.548400 -0.054350 0.878590 0.474474 0.000000 0.000000 0.000000 0.000000 1.000000
0.995478 0.084329 -0.043722 -0.000000 -0.084329 0.572712 -0.815408 2.548400 -0.043722 0.815408 0.577234 0.000000 0.000000 0.000000 0.000000 1.000000
0.996715 0.074501 -0.031765 0.000000 -0.074501 0.689568 -0.720379 2.548400 -0.031765 0.720379 0.692853 0.000000 0.000000 0.000000 0.000000 1.000000
0.997870 0.061891 -0.020591 -0.000000 -0.061891 0.798767 -0.598448 2.548400 -0.020591 0.598448 0.800897 0.000000 0.000000 0.000000 0.000000 1.000000
0.998785 0.047862 -0.011750 0.000000 -0.047862 0.885174 -0.462792 2.548400 -0.011750 0.462792 0.886389 0.000000 0.000000 0.000000 0.000000 1.000000
0.999391 0.034406 -0.005892 0.000000 -0.034406 0.942412 -0.332680 2.548400 -0.005893 0.332680 0.943021 0.000000 0.000000 0.000000 0.000000 1.000000
0.999714 0.023737 -0.002761 0.000000 -0.023737 0.973015 -0.229518 2.548400 -0.002761 0.229518 0.973301 0.000000 0.000000 0.000000 0.000000 1.000000
0.999840 0.017824 -0.001548 0.000000 -0.017824 0.984876 -0.172344 2.548400 -0.001548 0.172344 0.985036 0.000000 0.000000 0.000000 0.000000 1.000000
0.999864 0.016460 -0.001319 0.000000 -0.016460 0.987116 -0.159158 2.548400 -0.001318 0.159158 0.987252 0.000000 0.000000 0.000000 0.000000 1.000000
0.999831 0.018309 -0.001634 0.000000 -0.018309 0.984034 -0.177037 2.548400 -0.001634 0.177037 0.984203 -0.000000 0.000000 0.000000 0.000000 1.000000
0.999743 0.022517 -0.002481 0.000000 -0.022517 0.975750 -0.217729 2.548400 -0.002481 0.217729 0.976006 0.000000 0.000000 0.000000 0.000000 1.000000
0.999595 0.028188 -0.003916 0.000000 -0.028188 0.961725 -0.272561 2.548400 -0.003917 0.272561 0.962131 -0.000000 0.000000 0.000000 0.000000 1.000000
0.999389 0.034437 -0.005904 0.000000 -0.034437 0.942304 -0.332982 2.548400 -0.005904 0.332982 0.942915 -0.000000 0.000000 0.000000 0.000000 1.000000
0.999149 0.040422 -0.008230 -0.000000 -0.040422 0.919564 -0.390855 2.548400 -0.008231 0.390855 0.920416 0.000000 0.000000 0.000000 0.000000 1.000000
0.998909 0.045482 -0.010545 -0.000000 -0.045483 0.896950 -0.439785 2.548400 -0.010544 0.439786 0.898041 0.000000 0.000000 0.000000 0.000000 1.000000
0.998635 0.050531 -0.013196 0.000000 -0.050531 0.871043 -0.488601 2.548400 -0.013196 0.488601 0.872408 0.000000 0.000000 0.000000 0.000000 1.000000
0.998279 0.056235 -0.016643 0.000000 -0.056235 0.837356 -0.543758 2.548400 -0.016642 0.543758 0.839077 0.000000 0.000000 0.000000 0.000000 1.000000
0.997842 0.062263 -0.020871 -0.000000 -0.062263 0.796036 -0.602038 2.548400 -0.020871 0.602038 0.798194 0.000000 0.000000 0.000000 0.000000 1.000000
0.997331 0.068297 -0.025805 0.000000 -0.068297 0.747813 -0.660387 2.548400 -0.025805 0.660387 0.750482 0.000000 0.000000 0.000000 0.000000 1.000000
0.996763 0.074057 -0.031304 0.000000 -0.074057 0.694075 -0.716083 2.548400 -0.031304 0.716083 0.697313 0.000000 0.000000 0.000000 0.000000 1.000000
0.996157 0.079312 -0.037159 0.000000 -0.079312 0.636853 -0.766895 2.548400 -0.037159 0.766895 0.640696 -0.000000 0.000000 0.000000 0.000000 1.000000
0.995542 0.083894 -0.043107 0.000000 -0.083894 0.578721 -0.811199 2.548400 -0.043108 0.811199 0.583180 -0.000000 0.000000 0.000000 0.000000 1.000000
0.994948 0.087702 -0.048845 0.000000 -0.087702 0.522653 -0.848022 2.548400 -0.048845 0.848022 0.527705 -0.000000 0.000000 0.000000 0.000000 1.000000
0.994411 0.090700 -0.054044 0.000000 -0.090700 0.471845 -0.877004 2.548400 -0.054044 0.877004 0.477434 0.000000 0.000000 0.000000 0.000000 1.000000
0.993963 0.092897 -0.058371 0.000000 -0.092897 0.429555 -0.898250 2.548400 -0.058371 0.898250 0.435591 0.000000 0.000000 0.000000 0.000000 1.000000
0.993640 0.094330 -0.061501 -0.000000 -0.094329 0.398964 -0.912102 2.548400 -0.061501 0.912102 0.405324 0.000000 0.000000 0.000000 0.000000 1.000000
0.993471 0.095024 -0.063128 0.000000 -0.095025 0.383069 -0.918819 2.548400 -0.063127 0.918819 0.389597 0.000000 0.000000 0.000000 0.000000 1.000000
0.993463 0.095056 -0.063206 0.000000 -0.095057 0.382301 -0.919136 2.548400 -0.063206 0.919136 0.388837 0.000000 0.000000 0.000000 0.000000 1.000000
0.993533 0.094773 -0.062530 -0.000000 -0.094773 0.388912 -0.916387 2.548400 -0.062530 0.916387 0.395379 0.000000 0.000000 0.000000 0.000000 1.000000
0.993660 0.094242 -0.061302 0.000000 -0.094242 0.400911 -0.911257 2.548400 -0.061302 0.911257 0.407251 -0.000000 0.000000 0.000000 0.000000 1.000000
0.993836 0.093478 -0.059606 0.000000 -0.093477 0.417485 -0.903863 2.548400 -0.059606 0.903863 0.423649 0.000000 0.000000 0.000000 0.000000 1.000000
0.994051 0.092488 -0.057527 0.000000 -0.092488 0.437808 -0.894299 2.548400 -0.057527 0.894299 0.443757 0.000000 0.000000 0.000000 0.000000 1.000000
0.994297 0.091286 -0.055149 -0.000000 -0.091286 0.461044 -0.882670 2.548400 -0.055149 0.882670 0.466747 0.000000 0.000000 0.000000 0.000000 1.000000
0.994564 0.089884 -0.052558 -0.000000 -0.089884 0.486365 -0.869120 2.548400 -0.052558 0.869120 0.491801 0.000000 0.000000 0.000000 0.000000 1.000000
0.994846 0.088306 -0.049836 0.000000 -0.088306 0.512962 -0.853857 2.548400 -0.049837 0.853857 0.518116 0.000000 0.000000 0.000000 0.000000 1.000000
0.995133 0.086580 -0.047064 0.000000 -0.086580 0.540055 -0.837165 2.548400 -0.047064 0.837165 0.544922 -0.000000 0.000000 0.000000 0.000000 1.000000
0.995417 0.084743 -0.044316 0.000000 -0.084743 0.566909 -0.819410 2.548400 -0.044316 0.819410 0.571492 0.000000 0.000000 0.000000 0.000000 1.000000
0.995691 0.082844 -0.041663 0.000000 -0.082844 0.592843 -0.801046 2.548400 -0.041662 0.801046 0.597152 0.000000 0.000000 0.000000 0.000000 1.000000
0.995949 0.080937 -0.039167 0.000000 -0.080937 0.617232 -0.782607 2.548400 -0.039167 0.782607 0.621282 0.000000 0.000000 0.000000 0.000000 1.000000
0.996185 0.079085 -0.036887 0.000000 -0.079085 0.639514 -0.764701 2.548400 -0.036887 0.764701 0.643329 0.000000 0.000000 0.000000 0.000000 1.000000
0.996393 0.077357 -0.034874 0.000000 -0.077357 0.659187 -0.747990 2.548400 -0.034874 0.747990 0.662793 0.000000 0.000000 0.000000 0.000000 1.000000</float_array>
        <technique_common>
          <accessor source="#mixamorig_LeftHandPinky2-Matrix-animation-output-transform-array" count="91" stride="16">
            <param type="float4x4"/>
          </accessor>
        </technique_common>
      </source>
      <source id="mixamorig_LeftHandPinky2-Interpolations">
        <Name_array id="mixamorig_LeftHandPinky2-Interpolations-array" count="91">
 LINEAR LINEAR LINEAR LINEAR LINEAR LINEAR LINEAR LINEAR LINEAR LINEAR LINEAR
LINEAR LINEAR LINEAR LINEAR LINEAR LINEAR LINEAR LINEAR LINEAR LINEAR LINEAR LINEAR
LINEAR LINEAR LINEAR LINEAR LINEAR LINEAR LINEAR LINEAR LINEAR LINEAR LINEAR LINEAR
LINEAR LINEAR LINEAR LINEAR LINEAR LINEAR LINEAR LINEAR LINEAR LINEAR LINEAR LINEAR
LINEAR LINEAR LINEAR LINEAR LINEAR LINEAR LINEAR LINEAR LINEAR LINEAR LINEAR LINEAR
LINEAR LINEAR LINEAR LINEAR LINEAR LINEAR LINEAR LINEAR LINEAR LINEAR LINEAR LINEAR
LINEAR LINEAR LINEAR LINEAR LINEAR LINEAR LINEAR LINEAR LINEAR LINEAR LINEAR LINEAR
LINEAR LINEAR LINEAR LINEAR LINEAR LINEAR LINEAR LINEAR</Name_array>
        <technique_common>
          <accessor source="#mixamorig_LeftHandPinky2-Interpolations-array" count="91">
            <param type="name"/>
          </accessor>
        </technique_common>
      </source>
      <sampler id="mixamorig_LeftHandPinky2-Matrix-animation-transform">
        <input semantic="INPUT" source="#mixamorig_LeftHandPinky2-Matrix-animation-input"/>
        <input semantic="OUTPUT" source="#mixamorig_LeftHandPinky2-Matrix-animation-output-transform"/>
        <input semantic="INTERPOLATION" source="#mixamorig_LeftHandPinky2-Interpolations"/>
      </sampler>
      <channel source="#mixamorig_LeftHandPinky2-Matrix-animation-transform" target="mixamorig_LeftHandPinky2/matrix"/>
    </animation>
    <animation id="mixamorig_LeftHandPinky3-anim" name="mixamorig_LeftHandPinky3">
      <source id="mixamorig_LeftHandPinky3-Matrix-animation-input">
        <float_array id="mixamorig_LeftHandPinky3-Matrix-animation-input-array" count="91">

0.000000 0.033333 0.066667 0.100000 0.133333 0.166667 0.200000 0.233333 0.266667 0.300000 0.333333 0.366667 0.400000 0.433333 0.466667 0.500000
0.533333 0.566667 0.600000 0.633333 0.666667 0.700000 0.733333 0.766667 0.800000 0.833333 0.866667 0.900000 0.933333 0.966667 1.000000 1.033333
1.066667 1.100000 1.133333 1.166667 1.200000 1.233333 1.266667 1.300000 1.333333 1.366667 1.400000 1.433333 1.466667 1.500000 1.533333 1.566667
1.600000 1.633333 1.666667 1.700000 1.733333 1.766667 1.800000 1.833333 1.866667 1.900000 1.933333 1.966667 2.000000 2.033333 2.066667 2.100000
2.133333 2.166667 2.200000 2.233333 2.266667 2.300000 2.333333 2.366667 2.400000 2.433333 2.466667 2.500000 2.533333 2.566667 2.600000 2.633333
2.666667 2.700000 2.733333 2.766667 2.800000 2.833333 2.866667 2.900000 2.933333 2.966667 3.000000</float_array>
        <technique_common>
          <accessor source="#mixamorig_LeftHandPinky3-Matrix-animation-input-array" count="91">
            <param name="TIME" type="float"/>
          </accessor>
        </technique_common>
      </source>
      <source id="mixamorig_LeftHandPinky3-Matrix-animation-output-transform">
        <float_array id="mixamorig_LeftHandPinky3-Matrix-animation-output-transform-array" count="1456">

0.998510 0.052634 -0.014408 -0.000000 -0.052634 0.859193 -0.508937 2.338400 -0.014408 0.508937 0.860683 -0.000000 0.000000 0.000000 0.000000 1.000000
0.998535 0.052215 -0.014161 -0.000000 -0.052215 0.861605 -0.504887 2.338400 -0.014161 0.504887 0.863069 -0.000000 0.000000 0.000000 0.000000 1.000000
0.998605 0.051053 -0.013490 0.000000 -0.051053 0.868161 -0.493649 2.338400 -0.013490 0.493649 0.869557 0.000000 0.000000 0.000000 0.000000 1.000000
0.998707 0.049281 -0.012506 0.000000 -0.049281 0.877785 -0.476514 2.338400 -0.012506 0.476514 0.879078 -0.000000 0.000000 0.000000 0.000000 1.000000
0.998829 0.047032 -0.011320 0.000000 -0.047032 0.889368 -0.454767 2.338400 -0.011320 0.454767 0.890539 0.000000 0.000000 0.000000 0.000000 1.000000
0.998961 0.044443 -0.010042 0.000000 -0.044443 0.901859 -0.429738 2.338400 -0.010042 0.429738 0.902898 0.000000 0.000000 0.000000 0.000000 1.000000
0.999093 0.041661 -0.008767 0.000000 -0.041661 0.914325 -0.402834 2.338400 -0.008767 0.402834 0.915231 -0.000000 0.000000 0.000000 0.000000 1.000000
0.999217 0.038839 -0.007573 0.000000 -0.038839 0.925991 -0.375543 2.338400 -0.007573 0.375543 0.926774 -0.000000 0.000000 0.000000 0.000000 1.000000
0.999326 0.036139 -0.006522 0.000000 -0.036139 0.936263 -0.349437 2.338400 -0.006522 0.349437 0.936937 0.000000 0.000000 0.000000 0.000000 1.000000
0.999415 0.033730 -0.005657 0.000000 -0.033730 0.944718 -0.326145 2.338400 -0.005657 0.326145 0.945303 0.000000 0.000000 0.000000 0.000000 1.000000
0.999482 0.031785 -0.005007 0.000000 -0.031785 0.951070 -0.307337 2.338400 -0.005007 0.307337 0.951588 0.000000 0.000000 0.000000 0.000000 1.000000
0.999525 0.030477 -0.004594 0.000000 -0.030477 0.955107 -0.294690 2.338400 -0.004593 0.294690 0.955582 -0.000000 0.000000 0.000000 0.000000 1.000000
0.999541 0.029978 -0.004441 0.000000 -0.029978 0.956597 -0.289869 2.338400 -0.004441 0.289869 0.957056 0.000000 0.000000 0.000000 0.000000 1.000000
0.999526 0.030456 -0.004587 0.000000 -0.030456 0.955170 -0.294488 2.338400 -0.004587 0.294488 0.955644 0.000000 0.000000 0.000000 0.000000 1.000000
0.999472 0.032097 -0.005108 0.000000 -0.032097 0.950079 -0.310355 2.338400 -0.005108 0.310355 0.950607 -0.000000 0.000000 0.000000 0.000000 1.000000
0.999374 0.034863 -0.006055 0.000000 -0.034863 0.940824 -0.337098 2.338400 -0.006055 0.337098 0.941450 0.000000 0.000000 0.000000 0.000000 1.000000
0.999230 0.038534 -0.007450 0.000000 -0.038534 0.927193 -0.372596 2.338400 -0.007450 0.372596 0.927964 0.000000 0.000000 0.000000 0.000000 1.000000
0.999037 0.042880 -0.009313 0.000000 -0.042880 0.908983 -0.414621 2.338400 -0.009313 0.414621 0.909947 0.000000 0.000000 0.000000 0.000000 1.000000
0.998795 0.047669 -0.011649 -0.000000 -0.047669 0.886159 -0.460923 2.338400 -0.011649 0.460923 0.887364 0.000000 0.000000 0.000000 0.000000 1.000000
0.998508 0.052672 -0.014431 0.000000 -0.052672 0.858975 -0.509301 2.338400 -0.014430 0.509301 0.860468 0.000000 0.000000 0.000000 0.000000 1.000000
0.998180 0.057674 -0.017594 0.000000 -0.057674 0.828056 -0.557670 2.338400 -0.017594 0.557670 0.829876 0.000000 0.000000 0.000000 0.000000 1.000000
0.997824 0.062481 -0.021036 0.000000 -0.062480 0.794422 -0.604144 2.338400 -0.021036 0.604144 0.796598 0.000000 0.000000 0.000000 0.000000 1.000000
0.997455 0.066922 -0.024612 0.000000 -0.066922 0.759472 -0.647089 2.338400 -0.024612 0.647089 0.762017 0.000000 0.000000 0.000000 0.000000 1.000000
0.997089 0.070860 -0.028147 0.000000 -0.070860 0.724930 -0.685169 2.338400 -0.028147 0.685169 0.727841 0.000000 0.000000 0.000000 0.000000 1.000000
0.996749 0.074187 -0.031438 0.000000 -0.074187 0.692765 -0.717337 2.338400 -0.031438 0.717337 0.696017 0.000000 0.000000 0.000000 0.000000 1.000000
0.996456 0.076820 -0.034269 -0.000000 -0.076820 0.665093 -0.742799 2.338400 -0.034269 0.742799 0.668637 0.000000 0.000000 0.000000 0.000000 1.000000
0.996233 0.078693 -0.036421 -0.000000 -0.078693 0.644067 -0.760911 2.338400 -0.036421 0.760911 0.647834 0.000000 0.000000 0.000000 0.000000 1.000000
0.996103 0.079741 -0.037679 0.000000 -0.079741 0.631771 -0.771042 2.338400 -0.037679 0.771042 0.635668 0.000000 0.000000 0.000000 0.000000 1.000000
0.996078 0.079941 -0.037924 0.000000 -0.079941 0.629379 -0.772976 2.338400 -0.037924 0.772976 0.633301 -0.000000 0.000000 0.000000 0.000000 1.000000
0.996110 0.079688 -0.037615 0.000000 -0.079688 0.632400 -0.770532 2.338400 -0.037615 0.770532 0.636290 0.000000 0.000000 0.000000 0.000000 1.000000
0.996176 0.079158 -0.036974 0.000000 -0.079158 0.638667 -0.765401 2.338400 -0.036974 0.765401 0.642490 -0.000000 0.000000 0.000000 0.000000 1.000000
0.996273 0.078371 -0.036042 0.000000 -0.078371 0.647772 -0.757792 2.338400 -0.036042 0.757792 0.651500 0.000000 0.000000 0.000000 0.000000 1.000000
0.996394 0.077347 -0.034863 0.000000 -0.077347 0.659294 -0.747896 2.338400 -0.034863 0.747896 0.662899 -0.000000 0.000000 0.000000 0.000000 1.000000
0.996537 0.076107 -0.033481 0.000000 -0.076107 0.672799 -0.735901 2.338400 -0.033481 0.735901 0.676261 0.000000 0.000000 0.000000 0.000000 1.000000
0.996697 0.074669 -0.031941 0.000000 -0.074669 0.687855 -0.721997 2.338400 -0.031940 0.721997 0.691158 0.000000 0.000000 0.000000 0.000000 1.000000
0.996868 0.073055 -0.030285 0.000000 -0.073055 0.704036 -0.706397 2.338400 -0.030285 0.706397 0.707168 0.000000 0.000000 0.000000 0.000000 1.000000
0.997047 0.071291 -0.028556 -0.000000 -0.071291 0.720931 -0.689330 2.338400 -0.028556 0.689330 0.723885 0.000000 0.000000 0.000000 0.000000 1.000000
0.997229 0.069401 -0.026794 0.000000 -0.069401 0.738150 -0.671057 2.338400 -0.026794 0.671057 0.740921 0.000000 0.000000 0.000000 0.000000 1.000000
0.997411 0.067416 -0.025036 0.000000 -0.067416 0.755330 -0.651868 2.338400 -0.025036 0.651868 0.757919 -0.000000 0.000000 0.000000 0.000000 1.000000
0.997589 0.065370 -0.023316 -0.000000 -0.065370 0.772136 -0.632086 2.338400 -0.023316 0.632086 0.774548 0.000000 0.000000 0.000000 0.000000 1.000000
0.997759 0.063300 -0.021665 -0.000000 -0.063300 0.788272 -0.612062 2.338400 -0.021665 0.612062 0.790513 0.000000 0.000000 0.000000 0.000000 1.000000
0.997920 0.061243 -0.020109 -0.000000 -0.061243 0.803475 -0.592180 2.338400 -0.020110 0.592180 0.805555 0.000000 0.000000 0.000000 0.000000 1.000000
0.998069 0.059244 -0.018672 -0.000000 -0.059244 0.817520 -0.572844 2.338400 -0.018672 0.572844 0.819451 0.000000 0.000000 0.000000 0.000000 1.000000
0.998203 0.057345 -0.017373 -0.000000 -0.057345 0.830217 -0.554483 2.338400 -0.017373 0.554483 0.832013 0.000000 0.000000 0.000000 0.000000 1.000000
0.998322 0.055592 -0.016228 0.000000 -0.055592 0.841404 -0.537539 2.338400 -0.016228 0.537539 0.843082 0.000000 0.000000 0.000000 0.000000 1.000000
0.998423 0.054033 -0.015252 0.000000 -0.054033 0.850947 -0.522465 2.338400 -0.015252 0.522465 0.852524 0.000000 0.000000 0.000000 0.000000 1.000000
0.998505 0.052715 -0.014456 0.000000 -0.052714 0.858726 -0.509716 2.338400 -0.014456 0.509716 0.860221 0.000000 0.000000 0.000000 0.000000 1.000000
0.998567 0.051684 -0.013852 -0.000000 -0.051684 0.864628 -0.499747 2.338400 -0.013852 0.499747 0.866061 0.000000 0.000000 0.000000 0.000000 1.000000
0.998609 0.050987 -0.013453 -0.000000 -0.050987 0.868531 -0.493005 2.338400 -0.013453 0.493005 0.869922 -0.000000 0.000000 0.000000 0.000000 1.000000
0.998627 0.050667 -0.013272 -0.000000 -0.050667 0.870293 -0.489921 2.338400 -0.013272 0.489921 0.871666 0.000000 0.000000 0.000000 0.000000 1.000000
0.998658 0.050134 -0.012974 -0.000000 -0.050134 0.873207 -0.484765 2.338400 -0.012974 0.484765 0.874548 0.000000 0.000000 0.000000 0.000000 1.000000
0.998764 0.048240 -0.011948 0.000000 -0.048240 0.883234 -0.466445 2.338400 -0.011948 0.466445 0.884469 0.000000 0.000000 0.000000 0.000000 1.000000
0.998921 0.045250 -0.010431 -0.000000 -0.045250 0.898059 -0.437541 2.338400 -0.010431 0.437541 0.899138 0.000000 0.000000 0.000000 0.000000 1.000000
0.999096 0.041604 -0.008742 0.000000 -0.041604 0.914570 -0.402282 2.338400 -0.008742 0.402282 0.915474 0.000000 0.000000 0.000000 0.000000 1.000000
0.999261 0.037768 -0.007146 0.000000 -0.037768 0.930165 -0.365195 2.338400 -0.007146 0.365195 0.930904 -0.000000 0.000000 0.000000 0.000000 1.000000
0.999396 0.034246 -0.005836 0.000000 -0.034246 0.942961 -0.331136 2.338400 -0.005837 0.331136 0.943565 0.000000 0.000000 0.000000 0.000000 1.000000
0.999490 0.031563 -0.004936 0.000000 -0.031563 0.951766 -0.305198 2.338400 -0.004935 0.305198 0.952276 0.000000 0.000000 0.000000 0.000000 1.000000
0.999532 0.030257 -0.004526 0.000000 -0.030257 0.955768 -0.292563 2.338400 -0.004526 0.292563 0.956236 0.000000 0.000000 0.000000 0.000000 1.000000
0.999512 0.030872 -0.004717 0.000000 -0.030872 0.953906 -0.298513 2.338400 -0.004717 0.298513 0.954394 0.000000 0.000000 0.000000 0.000000 1.000000
0.999408 0.033916 -0.005722 0.000000 -0.033916 0.944086 -0.327950 2.338400 -0.005721 0.327950 0.944678 -0.000000 0.000000 0.000000 0.000000 1.000000
0.999214 0.038899 -0.007597 0.000000 -0.038899 0.925753 -0.376122 2.338400 -0.007597 0.376122 0.926539 0.000000 0.000000 0.000000 0.000000 1.000000
0.998938 0.044910 -0.010266 0.000000 -0.044910 0.899675 -0.434244 2.338400 -0.010266 0.434244 0.900737 0.000000 0.000000 0.000000 0.000000 1.000000
0.998603 0.051078 -0.013505 -0.000000 -0.051078 0.868023 -0.493890 2.338400 -0.013505 0.493890 0.869420 0.000000 0.000000 0.000000 0.000000 1.000000
0.998253 0.056620 -0.016893 0.000000 -0.056620 0.834906 -0.547473 2.338400 -0.016894 0.547473 0.836653 0.000000 0.000000 0.000000 0.000000 1.000000
0.997949 0.060865 -0.019832 0.000000 -0.060865 0.806188 -0.588520 2.338400 -0.019832 0.588520 0.808239 0.000000 0.000000 0.000000 0.000000 1.000000
0.997760 0.063290 -0.021658 0.000000 -0.063290 0.788341 -0.611974 2.338400 -0.021658 0.611974 0.790581 0.000000 0.000000 0.000000 0.000000 1.000000
0.997677 0.064308 -0.022459 -0.000000 -0.064308 0.780517 -0.621818 2.338400 -0.022459 0.621818 0.782840 0.000000 0.000000 0.000000 0.000000 1.000000
0.997660 0.064522 -0.022629 -0.000000 -0.064522 0.778850 -0.623883 2.338400 -0.022629 0.623883 0.781190 0.000000 0.000000 0.000000 0.000000 1.000000
0.997697 0.064067 -0.022267 0.000000 -0.064067 0.782387 -0.619488 2.338400 -0.022267 0.619488 0.784690 -0.000000 0.000000 0.000000 0.000000 1.000000
0.997778 0.063068 -0.021486 0.000000 -0.063068 0.790021 -0.609827 2.338400 -0.021486 0.609827 0.792243 -0.000000 0.000000 0.000000 0.000000 1.000000
0.997890 0.061643 -0.020406 0.000000 -0.061643 0.800580 -0.596046 2.338400 -0.020406 0.596046 0.802691 -0.000000 0.000000 0.000000 0.000000 1.000000
0.998020 0.059912 -0.019145 0.000000 -0.059912 0.812903 -0.579309 2.338400 -0.019145 0.579309 0.814883 0.000000 0.000000 0.000000 0.000000 1.000000
0.998158 0.058001 -0.017816 0.000000 -0.058001 0.825893 -0.560836 2.338400 -0.017815 0.560836 0.827735 0.000000 0.000000 0.000000 0.000000 1.000000
0.998292 0.056046 -0.016520 0.000000 -0.056046 0.838556 -0.541925 2.338400 -0.016520 0.541925 0.840265 0.000000 0.000000 0.000000 0.000000 1.000000
0.998413 0.054188 -0.015347 -0.000000 -0.054188 0.850019 -0.523958 2.338400 -0.015347 0.523958 0.851606 0.000000 0.000000 0.000000 0.000000 1.000000
0.998513 0.052577 -0.014374 -0.000000 -0.052577 0.859523 -0.508385 2.338400 -0.014374 0.508385 0.861010 -0.000000 0.000000 0.000000 0.000000 1.000000
0.998586 0.051369 -0.013671 0.000000 -0.051369 0.866398 -0.496704 2.338400 -0.013671 0.496704 0.867812 0.000000 0.000000 0.000000 0.000000 1.000000
0.998624 0.050719 -0.013302 -0.000000 -0.050720 0.870007 -0.490424 2.338400 -0.013301 0.490424 0.871382 -0.000000 0.000000 0.000000 0.000000 1.000000
0.998629 0.050647 -0.013260 -0.000000 -0.050647 0.870406 -0.489722 2.338400 -0.013261 0.489722 0.871778 0.000000 0.000000 0.000000 0.000000 1.000000
0.998626 0.050698 -0.013289 0.000000 -0.050698 0.870128 -0.490211 2.338400 -0.013289 0.490211 0.871502 0.000000 0.000000 0.000000 0.000000 1.000000
0.998620 0.050789 -0.013341 0.000000 -0.050789 0.869622 -0.491099 2.338400 -0.013341 0.491099 0.871002 0.000000 0.000000 0.000000 0.000000 1.000000
0.998613 0.050916 -0.013413 0.000000 -0.050916 0.868920 -0.492327 2.338400 -0.013413 0.492327 0.870307 0.000000 0.000000 0.000000 0.000000 1.000000
0.998604 0.051072 -0.013501 0.000000 -0.051072 0.868054 -0.493835 2.338400 -0.013501 0.493835 0.869451 -0.000000 0.000000 0.000000 0.000000 1.000000
0.998593 0.051251 -0.013603 0.000000 -0.051251 0.867057 -0.495565 2.338400 -0.013603 0.495565 0.868464 0.000000 0.000000 0.000000 0.000000 1.000000
0.998582 0.051447 -0.013716 0.000000 -0.051447 0.865961 -0.497458 2.338400 -0.013715 0.497458 0.867380 0.000000 0.000000 0.000000 0.000000 1.000000
0.998569 0.051653 -0.013834 -0.000000 -0.051653 0.864800 -0.499453 2.338400 -0.013834 0.499453 0.866231 0.000000 0.000000 0.000000 0.000000 1.000000
0.998557 0.051864 -0.013957 0.000000 -0.051864 0.863606 -0.501493 2.338400 -0.013957 0.501493 0.865049 0.000000 0.000000 0.000000 0.000000 1.000000
0.998544 0.052074 -0.014079 0.000000 -0.052074 0.862413 -0.503519 2.338400 -0.014079 0.503519 0.863869 0.000000 0.000000 0.000000 0.000000 1.000000
0.998532 0.052276 -0.014197 0.000000 -0.052276 0.861257 -0.505474 2.338400 -0.014197 0.505474 0.862725 0.000000 0.000000 0.000000 0.000000 1.000000
0.998520 0.052465 -0.014308 0.000000 -0.052465 0.860172 -0.507299 2.338400 -0.014308 0.507299 0.861651 -0.000000 0.000000 0.000000 0.000000 1.000000
0.998510 0.052634 -0.014408 0.000000 -0.052634 0.859193 -0.508937 2.338400 -0.014408 0.508937 0.860683 0.000000 0.000000 0.000000 0.000000 1.000000</float_array>
        <technique_common>
          <accessor source="#mixamorig_LeftHandPinky3-Matrix-animation-output-transform-array" count="91" stride="16">
            <param type="float4x4"/>
          </accessor>
        </technique_common>
      </source>
      <source id="mixamorig_LeftHandPinky3-Interpolations">
        <Name_array id="mixamorig_LeftHandPinky3-Interpolations-array" count="91">
 LINEAR LINEAR LINEAR LINEAR LINEAR LINEAR LINEAR LINEAR LINEAR LINEAR LINEAR
LINEAR LINEAR LINEAR LINEAR LINEAR LINEAR LINEAR LINEAR LINEAR LINEAR LINEAR LINEAR
LINEAR LINEAR LINEAR LINEAR LINEAR LINEAR LINEAR LINEAR LINEAR LINEAR LINEAR LINEAR
LINEAR LINEAR LINEAR LINEAR LINEAR LINEAR LINEAR LINEAR LINEAR LINEAR LINEAR LINEAR
LINEAR LINEAR LINEAR LINEAR LINEAR LINEAR LINEAR LINEAR LINEAR LINEAR LINEAR LINEAR
LINEAR LINEAR LINEAR LINEAR LINEAR LINEAR LINEAR LINEAR LINEAR LINEAR LINEAR LINEAR
LINEAR LINEAR LINEAR LINEAR LINEAR LINEAR LINEAR LINEAR LINEAR LINEAR LINEAR LINEAR
LINEAR LINEAR LINEAR LINEAR LINEAR LINEAR LINEAR LINEAR</Name_array>
        <technique_common>
          <accessor source="#mixamorig_LeftHandPinky3-Interpolations-array" count="91">
            <param type="name"/>
          </accessor>
        </technique_common>
      </source>
      <sampler id="mixamorig_LeftHandPinky3-Matrix-animation-transform">
        <input semantic="INPUT" source="#mixamorig_LeftHandPinky3-Matrix-animation-input"/>
        <input semantic="OUTPUT" source="#mixamorig_LeftHandPinky3-Matrix-animation-output-transform"/>
        <input semantic="INTERPOLATION" source="#mixamorig_LeftHandPinky3-Interpolations"/>
      </sampler>
      <channel source="#mixamorig_LeftHandPinky3-Matrix-animation-transform" target="mixamorig_LeftHandPinky3/matrix"/>
    </animation>
    <animation id="mixamorig_RightShoulder-anim" name="mixamorig_RightShoulder">
      <source id="mixamorig_RightShoulder-Matrix-animation-input">
        <float_array id="mixamorig_RightShoulder-Matrix-animation-input-array" count="91">

0.000000 0.033333 0.066667 0.100000 0.133333 0.166667 0.200000 0.233333 0.266667 0.300000 0.333333 0.366667 0.400000 0.433333 0.466667 0.500000
0.533333 0.566667 0.600000 0.633333 0.666667 0.700000 0.733333 0.766667 0.800000 0.833333 0.866667 0.900000 0.933333 0.966667 1.000000 1.033333
1.066667 1.100000 1.133333 1.166667 1.200000 1.233333 1.266667 1.300000 1.333333 1.366667 1.400000 1.433333 1.466667 1.500000 1.533333 1.566667
1.600000 1.633333 1.666667 1.700000 1.733333 1.766667 1.800000 1.833333 1.866667 1.900000 1.933333 1.966667 2.000000 2.033333 2.066667 2.100000
2.133333 2.166667 2.200000 2.233333 2.266667 2.300000 2.333333 2.366667 2.400000 2.433333 2.466667 2.500000 2.533333 2.566667 2.600000 2.633333
2.666667 2.700000 2.733333 2.766667 2.800000 2.833333 2.866667 2.900000 2.933333 2.966667 3.000000</float_array>
        <technique_common>
          <accessor source="#mixamorig_RightShoulder-Matrix-animation-input-array" count="91">
            <param name="TIME" type="float"/>
          </accessor>
        </technique_common>
      </source>
      <source id="mixamorig_RightShoulder-Matrix-animation-output-transform">
        <float_array id="mixamorig_RightShoulder-Matrix-animation-output-transform-array" count="1456">

-0.188234 -0.863966 0.467045 -6.172300 -0.148379 -0.445070 -0.883117 17.857201 0.970851 -0.235532 -0.044417 -2.624400 0.000000 0.000000 0.000000 1.000000
-0.180781 -0.866785 0.464760 -6.172300 -0.145666 -0.443738 -0.884239 17.857201 0.972677 -0.227553 -0.046042 -2.624400 0.000000 0.000000 0.000000 1.000000
-0.174216 -0.867512 0.465909 -6.172300 -0.144724 -0.445449 -0.883533 17.857201 0.974014 -0.221354 -0.047945 -2.624400 0.000000 0.000000 0.000000 1.000000
-0.172437 -0.864808 0.471563 -6.172300 -0.146829 -0.450819 -0.880456 17.857201 0.974016 -0.221062 -0.049241 -2.624400 0.000000 0.000000 0.000000 1.000000
-0.171874 -0.860626 0.479356 -6.172300 -0.149874 -0.458089 -0.876181 17.857201 0.973651 -0.222436 -0.050252 -2.624400 0.000000 0.000000 0.000000 1.000000
-0.171065 -0.856092 0.487691 -6.172300 -0.152673 -0.465976 -0.871526 17.857201 0.973359 -0.223545 -0.050990 -2.624400 0.000000 0.000000 0.000000 1.000000
-0.171350 -0.851674 0.495268 -6.172300 -0.155271 -0.473075 -0.867231 17.857201 0.972898 -0.225501 -0.051179 -2.624400 0.000000 0.000000 0.000000 1.000000
-0.173985 -0.847387 0.501662 -6.172300 -0.157568 -0.478913 -0.863606 17.857201 0.972061 -0.229300 -0.050197 -2.624400 0.000000 0.000000 0.000000 1.000000
-0.179600 -0.842611 0.507691 -6.172300 -0.159995 -0.484192 -0.860209 17.857201 0.970642 -0.235722 -0.047852 -2.624400 0.000000 0.000000 0.000000 1.000000
-0.187104 -0.837265 0.513788 -6.172300 -0.163117 -0.489284 -0.856735 17.857201 0.968703 -0.244106 -0.045025 -2.624400 0.000000 0.000000 0.000000 1.000000
-0.195497 -0.831341 0.520244 -6.172300 -0.165800 -0.494826 -0.853028 17.857201 0.966587 -0.253021 -0.041099 -2.624400 0.000000 0.000000 0.000000 1.000000
-0.203282 -0.825179 0.527026 -6.172300 -0.168045 -0.500874 -0.849050 17.857201 0.964592 -0.261161 -0.036848 -2.624400 0.000000 0.000000 0.000000 1.000000
-0.209393 -0.818067 0.535650 -6.172300 -0.170809 -0.508771 -0.843787 17.857201 0.962797 -0.268177 -0.033200 -2.624400 0.000000 0.000000 0.000000 1.000000
-0.214370 -0.809749 0.546216 -6.172300 -0.174522 -0.518464 -0.837100 17.857201 0.961035 -0.274776 -0.030175 -2.624400 0.000000 0.000000 0.000000 1.000000
-0.218847 -0.800945 0.557309 -6.172300 -0.178500 -0.528654 -0.829857 17.857201 0.959293 -0.281091 -0.027275 -2.624400 0.000000 0.000000 0.000000 1.000000
-0.223718 -0.793134 0.566470 -6.172300 -0.181905 -0.537012 -0.823729 17.857201 0.957528 -0.287327 -0.024136 -2.624400 0.000000 0.000000 0.000000 1.000000
-0.230138 -0.789525 0.568935 -6.172300 -0.184113 -0.538745 -0.822105 17.857201 0.955583 -0.293946 -0.021376 -2.624400 0.000000 0.000000 0.000000 1.000000
-0.237449 -0.788973 0.566691 -6.172300 -0.185166 -0.535917 -0.823715 17.857201 0.953589 -0.300522 -0.018838 -2.624400 0.000000 0.000000 0.000000 1.000000
-0.245072 -0.792118 0.559007 -6.172300 -0.183832 -0.528164 -0.829005 17.857201 0.951917 -0.305929 -0.016179 -2.624400 0.000000 0.000000 0.000000 1.000000
-0.253954 -0.793081 0.553651 -6.172300 -0.182284 -0.522915 -0.832666 17.857201 0.949884 -0.312381 -0.011769 -2.624400 0.000000 0.000000 0.000000 1.000000
-0.266335 -0.788859 0.553866 -6.172300 -0.183102 -0.522750 -0.832590 17.857201 0.946329 -0.323162 -0.005215 -2.624400 0.000000 0.000000 0.000000 1.000000
-0.282070 -0.779758 0.558939 -6.172300 -0.186568 -0.526892 -0.829203 17.857201 0.941078 -0.338174 0.003142 -2.624400 0.000000 0.000000 0.000000 1.000000
-0.299949 -0.768874 0.564680 -6.172300 -0.191382 -0.531400 -0.825219 17.857201 0.934560 -0.355594 0.012244 -2.624400 0.000000 0.000000 0.000000 1.000000
-0.318390 -0.757695 0.569671 -6.172300 -0.196542 -0.535124 -0.821592 17.857201 0.927361 -0.373551 0.021459 -2.624400 0.000000 0.000000 0.000000 1.000000
-0.335471 -0.746592 0.574509 -6.172300 -0.201368 -0.538923 -0.817932 17.857201 0.920277 -0.390080 0.030454 -2.624400 0.000000 0.000000 0.000000 1.000000
-0.351569 -0.736673 0.577678 -6.172300 -0.204984 -0.541520 -0.815315 17.857201 0.913444 -0.405054 0.039376 -2.624400 0.000000 0.000000 0.000000 1.000000
-0.367741 -0.728978 0.577372 -6.172300 -0.207283 -0.541000 -0.815079 17.857201 0.906532 -0.419417 0.047843 -2.624400 0.000000 0.000000 0.000000 1.000000
-0.381618 -0.722578 0.576411 -6.172300 -0.209441 -0.539788 -0.815330 17.857201 0.900279 -0.431869 0.054655 -2.624400 0.000000 0.000000 0.000000 1.000000
-0.391394 -0.717435 0.576280 -6.172300 -0.211192 -0.539493 -0.815074 17.857201 0.895661 -0.440720 0.059638 -2.624400 0.000000 0.000000 0.000000 1.000000
-0.397151 -0.713593 0.577110 -6.172300 -0.212746 -0.540117 -0.814256 17.857201 0.892754 -0.446161 0.062695 -2.624400 0.000000 0.000000 0.000000 1.000000
-0.400197 -0.709674 0.579831 -6.172300 -0.214887 -0.542399 -0.812174 17.857201 0.890879 -0.449628 0.064567 -2.624400 0.000000 0.000000 0.000000 1.000000
-0.400629 -0.705804 0.584241 -6.172300 -0.216117 -0.546864 -0.808847 17.857201 0.890387 -0.450312 0.066553 -2.624400 0.000000 0.000000 0.000000 1.000000
-0.398620 -0.702594 0.589460 -6.172300 -0.216756 -0.552348 -0.804940 17.857201 0.891134 -0.448634 0.067886 -2.624400 0.000000 0.000000 0.000000 1.000000
-0.395344 -0.699405 0.595429 -6.172300 -0.218294 -0.558126 -0.800527 17.857201 0.892217 -0.446462 0.067976 -2.624400 0.000000 0.000000 0.000000 1.000000
-0.390795 -0.696263 0.602077 -6.172300 -0.220861 -0.564056 -0.795651 17.857201 0.893588 -0.443912 0.066653 -2.624400 0.000000 0.000000 0.000000 1.000000
-0.385283 -0.693221 0.609099 -6.172300 -0.223808 -0.570153 -0.790465 17.857201 0.895247 -0.440874 0.064522 -2.624400 0.000000 0.000000 0.000000 1.000000
-0.378863 -0.690361 0.616331 -6.172300 -0.226905 -0.576357 -0.785065 17.857201 0.897205 -0.437281 0.061714 -2.624400 0.000000 0.000000 0.000000 1.000000
-0.371566 -0.687768 0.623630 -6.172300 -0.229973 -0.582603 -0.779542 17.857201 0.899473 -0.433069 0.058308 -2.624400 0.000000 0.000000 0.000000 1.000000
-0.363429 -0.685528 0.630849 -6.172300 -0.232833 -0.588827 -0.773997 17.857201 0.902058 -0.428176 0.054384 -2.624400 0.000000 0.000000 0.000000 1.000000
-0.354495 -0.683726 0.637850 -6.172300 -0.235315 -0.594963 -0.768535 17.857201 0.904964 -0.422537 0.050020 -2.624400 0.000000 0.000000 0.000000 1.000000
-0.344807 -0.682448 0.644494 -6.172300 -0.237251 -0.600946 -0.763266 17.857201 0.908196 -0.416087 0.045299 -2.624400 0.000000 0.000000 0.000000 1.000000
-0.334416 -0.681778 0.650649 -6.172300 -0.238482 -0.606708 -0.758308 17.857201 0.911752 -0.408759 0.040301 -2.624400 0.000000 0.000000 0.000000 1.000000
-0.323371 -0.681798 0.656188 -6.172300 -0.238857 -0.612178 -0.753780 17.857201 0.915630 -0.400486 0.035108 -2.624400 0.000000 0.000000 0.000000 1.000000
-0.311788 -0.682879 0.660655 -6.172300 -0.238202 -0.616933 -0.750102 17.857201 0.919809 -0.391242 0.029689 -2.624400 0.000000 0.000000 0.000000 1.000000
-0.300222 -0.688029 0.660668 -6.172300 -0.235994 -0.617511 -0.750325 17.857201 0.924215 -0.381177 0.023020 -2.624400 0.000000 0.000000 0.000000 1.000000
-0.287328 -0.698094 0.655826 -6.172300 -0.231394 -0.613828 -0.754766 17.857201 0.929462 -0.368620 0.014835 -2.624400 0.000000 0.000000 0.000000 1.000000
-0.273687 -0.715283 0.643013 -6.172300 -0.224089 -0.602720 -0.765841 17.857201 0.935350 -0.353693 0.004670 -2.624400 0.000000 0.000000 0.000000 1.000000
-0.258440 -0.735244 0.626598 -6.172300 -0.216076 -0.588203 -0.779313 17.857201 0.941552 -0.336798 -0.006853 -2.624400 0.000000 0.000000 0.000000 1.000000
-0.241618 -0.755924 0.608440 -6.172300 -0.207946 -0.572116 -0.793374 17.857201 0.947829 -0.318216 -0.018957 -2.624400 0.000000 0.000000 0.000000 1.000000
-0.223591 -0.777961 0.587183 -6.172300 -0.199309 -0.553212 -0.808846 17.857201 0.954088 -0.297881 -0.031361 -2.624400 0.000000 0.000000 0.000000 1.000000
-0.204644 -0.800522 0.563281 -6.172300 -0.190265 -0.531951 -0.825122 17.857201 0.960167 -0.276029 -0.043451 -2.624400 0.000000 0.000000 0.000000 1.000000
-0.185110 -0.822780 0.537371 -6.172300 -0.180885 -0.508951 -0.841576 17.857201 0.965927 -0.252987 -0.054617 -2.624400 0.000000 0.000000 0.000000 1.000000
-0.165155 -0.844039 0.510218 -6.172300 -0.171501 -0.484863 -0.857610 17.857201 0.971242 -0.229142 -0.064676 -2.624400 0.000000 0.000000 0.000000 1.000000
-0.144920 -0.863726 0.482675 -6.172300 -0.162529 -0.460418 -0.872697 17.857201 0.976003 -0.204920 -0.073657 -2.624400 0.000000 0.000000 0.000000 1.000000
-0.124522 -0.881425 0.455615 -6.172300 -0.154132 -0.436431 -0.886437 17.857201 0.980172 -0.180606 -0.081510 -2.624400 0.000000 0.000000 0.000000 1.000000
-0.100367 -0.897485 0.429473 -6.172300 -0.144747 -0.413889 -0.898746 17.857201 0.984365 -0.152370 -0.088368 -2.624400 0.000000 0.000000 0.000000 1.000000
-0.072885 -0.911302 0.405237 -6.172300 -0.133511 -0.393745 -0.909472 17.857201 0.988364 -0.120390 -0.092971 -2.624400 0.000000 0.000000 0.000000 1.000000
-0.044651 -0.922212 0.384099 -6.172300 -0.124414 -0.376355 -0.918084 17.857201 0.991225 -0.088781 -0.097932 -2.624400 0.000000 0.000000 0.000000 1.000000
-0.016717 -0.926955 0.374799 -6.172300 -0.120582 -0.370247 -0.921074 17.857201 0.992563 -0.060592 -0.105585 -2.624400 0.000000 0.000000 0.000000 1.000000
0.006107 -0.918115 0.396267 -6.172300 -0.124088 -0.393907 -0.910736 17.857201 0.992252 -0.043610 -0.116333 -2.624400 0.000000 0.000000 0.000000 1.000000
0.018386 -0.901922 0.431507 -6.172300 -0.129678 -0.430086 -0.893426 17.857201 0.991386 -0.039530 -0.124867 -2.624400 0.000000 0.000000 0.000000 1.000000
0.025767 -0.885927 0.463108 -6.172300 -0.135387 -0.462086 -0.876440 17.857201 0.990458 -0.040116 -0.131850 -2.624400 0.000000 0.000000 0.000000 1.000000
0.019079 -0.877828 0.478597 -6.172300 -0.135549 -0.476535 -0.868643 17.857201 0.990587 -0.048300 -0.128081 -2.624400 0.000000 0.000000 0.000000 1.000000
-0.001329 -0.871500 0.490394 -6.172300 -0.134914 -0.485755 -0.863620 17.857201 0.990856 -0.067309 -0.116932 -2.624400 0.000000 0.000000 0.000000 1.000000
-0.040533 -0.864974 0.500177 -6.172300 -0.144989 -0.490199 -0.859467 17.857201 0.988603 -0.107357 -0.105543 -2.624400 0.000000 0.000000 0.000000 1.000000
-0.078920 -0.858613 0.506514 -6.172300 -0.154602 -0.491409 -0.857097 17.857201 0.984820 -0.145950 -0.093961 -2.624400 0.000000 0.000000 0.000000 1.000000
-0.103935 -0.854100 0.509619 -6.172300 -0.157640 -0.491770 -0.856336 17.857201 0.982012 -0.169340 -0.083528 -2.624400 0.000000 0.000000 0.000000 1.000000
-0.123252 -0.849618 0.512794 -6.172300 -0.158286 -0.493287 -0.855344 17.857201 0.979671 -0.186591 -0.073684 -2.624400 0.000000 0.000000 0.000000 1.000000
-0.139837 -0.844661 0.516714 -6.172300 -0.158470 -0.496024 -0.853726 17.857201 0.977411 -0.201266 -0.064491 -2.624400 0.000000 0.000000 0.000000 1.000000
-0.157033 -0.840499 0.518558 -6.172300 -0.160013 -0.496481 -0.853172 17.857201 0.974544 -0.216952 -0.056527 -2.624400 0.000000 0.000000 0.000000 1.000000
-0.173970 -0.836177 0.520137 -6.172300 -0.163220 -0.496401 -0.852611 17.857201 0.971130 -0.233225 -0.050122 -2.624400 0.000000 0.000000 0.000000 1.000000
-0.189180 -0.830490 0.523925 -6.172300 -0.167377 -0.498478 -0.850591 17.857201 0.967572 -0.248608 -0.044703 -2.624400 0.000000 0.000000 0.000000 1.000000
-0.203066 -0.821576 0.532708 -6.172300 -0.172359 -0.505556 -0.845403 17.857201 0.963876 -0.263489 -0.038945 -2.624400 0.000000 0.000000 0.000000 1.000000
-0.215565 -0.806155 0.551041 -6.172300 -0.178409 -0.522295 -0.833894 17.857201 0.960053 -0.278069 -0.031237 -2.624400 0.000000 0.000000 0.000000 1.000000
-0.229350 -0.788213 0.571067 -6.172300 -0.185004 -0.540710 -0.820613 17.857201 0.955600 -0.293858 -0.021810 -2.624400 0.000000 0.000000 0.000000 1.000000
-0.249295 -0.777946 0.576760 -6.172300 -0.189717 -0.544792 -0.816829 17.857201 0.949663 -0.313053 -0.011775 -2.624400 0.000000 0.000000 0.000000 1.000000
-0.276994 -0.780794 0.560032 -6.172300 -0.186697 -0.527996 -0.828471 17.857201 0.942560 -0.334038 0.000480 -2.624400 0.000000 0.000000 0.000000 1.000000
-0.297178 -0.772524 0.561153 -6.172300 -0.189148 -0.528426 -0.827640 17.857201 0.935900 -0.352097 0.010916 -2.624400 0.000000 0.000000 0.000000 1.000000
-0.308743 -0.760110 0.571761 -6.172300 -0.197028 -0.536980 -0.820264 17.857201 0.930515 -0.365904 0.016026 -2.624400 0.000000 0.000000 0.000000 1.000000
-0.314146 -0.752459 0.578894 -6.172300 -0.202338 -0.542687 -0.815199 17.857201 0.927562 -0.373224 0.018232 -2.624400 0.000000 0.000000 0.000000 1.000000
-0.310451 -0.752670 0.580611 -6.172300 -0.203106 -0.544164 -0.814023 17.857201 0.928638 -0.370639 0.016065 -2.624400 0.000000 0.000000 0.000000 1.000000
-0.297251 -0.758985 0.579295 -6.172300 -0.204817 -0.541908 -0.815098 17.857201 0.932573 -0.360938 0.005630 -2.624400 0.000000 0.000000 0.000000 1.000000
-0.281466 -0.777531 0.562336 -6.172300 -0.205623 -0.523543 -0.826814 17.857201 0.937281 -0.348350 -0.012519 -2.624400 0.000000 0.000000 0.000000 1.000000
-0.261663 -0.787320 0.558265 -6.172300 -0.205411 -0.519738 -0.829264 17.857201 0.943047 -0.331662 -0.025728 -2.624400 0.000000 0.000000 0.000000 1.000000
-0.244042 -0.792140 0.559426 -6.172300 -0.198093 -0.523985 -0.828371 17.857201 0.949317 -0.312976 -0.029043 -2.624400 0.000000 0.000000 0.000000 1.000000
-0.228699 -0.796237 0.560092 -6.172300 -0.189243 -0.528002 -0.827889 17.857201 0.954926 -0.295331 -0.029929 -2.624400 0.000000 0.000000 0.000000 1.000000
-0.217434 -0.803589 0.554046 -6.172300 -0.180580 -0.524709 -0.831908 17.857201 0.959225 -0.280934 -0.031022 -2.624400 0.000000 0.000000 0.000000 1.000000
-0.209978 -0.818518 0.534731 -6.172300 -0.171444 -0.507624 -0.844349 17.857201 0.962557 -0.268971 -0.033740 -2.624400 0.000000 0.000000 0.000000 1.000000
-0.204242 -0.837570 0.506717 -6.172300 -0.162452 -0.481451 -0.861286 17.857201 0.965347 -0.258228 -0.037733 -2.624400 0.000000 0.000000 0.000000 1.000000
-0.197702 -0.854450 0.480447 -6.172300 -0.154550 -0.456822 -0.876030 17.857201 0.968002 -0.247446 -0.041741 -2.624400 0.000000 0.000000 0.000000 1.000000
-0.188234 -0.863966 0.467045 -6.172300 -0.148379 -0.445071 -0.883117 17.857201 0.970851 -0.235532 -0.044417 -2.624400 0.000000 0.000000 0.000000 1.000000</float_array>
        <technique_common>
          <accessor source="#mixamorig_RightShoulder-Matrix-animation-output-transform-array" count="91" stride="16">
            <param type="float4x4"/>
          </accessor>
        </technique_common>
      </source>
      <source id="mixamorig_RightShoulder-Interpolations">
        <Name_array id="mixamorig_RightShoulder-Interpolations-array" count="91">
 LINEAR LINEAR LINEAR LINEAR LINEAR LINEAR LINEAR LINEAR LINEAR LINEAR LINEAR
LINEAR LINEAR LINEAR LINEAR LINEAR LINEAR LINEAR LINEAR LINEAR LINEAR LINEAR LINEAR
LINEAR LINEAR LINEAR LINEAR LINEAR LINEAR LINEAR LINEAR LINEAR LINEAR LINEAR LINEAR
LINEAR LINEAR LINEAR LINEAR LINEAR LINEAR LINEAR LINEAR LINEAR LINEAR LINEAR LINEAR
LINEAR LINEAR LINEAR LINEAR LINEAR LINEAR LINEAR LINEAR LINEAR LINEAR LINEAR LINEAR
LINEAR LINEAR LINEAR LINEAR LINEAR LINEAR LINEAR LINEAR LINEAR LINEAR LINEAR LINEAR
LINEAR LINEAR LINEAR LINEAR LINEAR LINEAR LINEAR LINEAR LINEAR LINEAR LINEAR LINEAR
LINEAR LINEAR LINEAR LINEAR LINEAR LINEAR LINEAR LINEAR</Name_array>
        <technique_common>
          <accessor source="#mixamorig_RightShoulder-Interpolations-array" count="91">
            <param type="name"/>
          </accessor>
        </technique_common>
      </source>
      <sampler id="mixamorig_RightShoulder-Matrix-animation-transform">
        <input semantic="INPUT" source="#mixamorig_RightShoulder-Matrix-animation-input"/>
        <input semantic="OUTPUT" source="#mixamorig_RightShoulder-Matrix-animation-output-transform"/>
        <input semantic="INTERPOLATION" source="#mixamorig_RightShoulder-Interpolations"/>
      </sampler>
      <channel source="#mixamorig_RightShoulder-Matrix-animation-transform" target="mixamorig_RightShoulder/matrix"/>
    </animation>
    <animation id="mixamorig_RightArm-anim" name="mixamorig_RightArm">
      <source id="mixamorig_RightArm-Matrix-animation-input">
        <float_array id="mixamorig_RightArm-Matrix-animation-input-array" count="91">

0.000000 0.033333 0.066667 0.100000 0.133333 0.166667 0.200000 0.233333 0.266667 0.300000 0.333333 0.366667 0.400000 0.433333 0.466667 0.500000
0.533333 0.566667 0.600000 0.633333 0.666667 0.700000 0.733333 0.766667 0.800000 0.833333 0.866667 0.900000 0.933333 0.966667 1.000000 1.033333
1.066667 1.100000 1.133333 1.166667 1.200000 1.233333 1.266667 1.300000 1.333333 1.366667 1.400000 1.433333 1.466667 1.500000 1.533333 1.566667
1.600000 1.633333 1.666667 1.700000 1.733333 1.766667 1.800000 1.833333 1.866667 1.900000 1.933333 1.966667 2.000000 2.033333 2.066667 2.100000
2.133333 2.166667 2.200000 2.233333 2.266667 2.300000 2.333333 2.366667 2.400000 2.433333 2.466667 2.500000 2.533333 2.566667 2.600000 2.633333
2.666667 2.700000 2.733333 2.766667 2.800000 2.833333 2.866667 2.900000 2.933333 2.966667 3.000000</float_array>
        <technique_common>
          <accessor source="#mixamorig_RightArm-Matrix-animation-input-array" count="91">
            <param name="TIME" type="float"/>
          </accessor>
        </technique_common>
      </source>
      <source id="mixamorig_RightArm-Matrix-animation-output-transform">
        <float_array id="mixamorig_RightArm-Matrix-animation-output-transform-array" count="1456">

0.900406 0.417115 -0.123633 0.000000 -0.394734 0.663803 -0.635256 6.437400 -0.182907 0.620790 0.762342 0.000000 0.000000 0.000000 0.000000 1.000000
0.896836 0.432974 -0.090656 0.000000 -0.391227 0.680679 -0.619369 6.437400 -0.206463 0.590939 0.779848 0.000000 0.000000 0.000000 0.000000 1.000000
0.890611 0.450130 -0.064770 -0.000000 -0.395965 0.697504 -0.597243 6.437400 -0.223660 0.557558 0.799441 0.000000 0.000000 0.000000 0.000000 1.000000
0.883478 0.465544 -0.052302 0.000000 -0.409488 0.713178 -0.568943 6.437400 -0.227568 0.524066 0.820712 0.000000 0.000000 0.000000 0.000000 1.000000
0.879452 0.473866 -0.044889 0.000000 -0.421017 0.730424 -0.537797 6.437400 -0.222055 0.491866 0.841879 0.000000 0.000000 0.000000 0.000000 1.000000
0.878260 0.476430 -0.040907 0.000000 -0.428596 0.746365 -0.509161 6.437400 -0.212048 0.464709 0.859699 -0.000000 0.000000 0.000000 0.000000 1.000000
0.877811 0.477471 -0.038338 0.000000 -0.433060 0.756859 -0.489513 6.437400 -0.204712 0.446303 0.871153 0.000000 0.000000 0.000000 0.000000 1.000000
0.875828 0.480431 -0.045950 -0.000000 -0.441466 0.759026 -0.478527 6.437400 -0.195022 0.439392 0.876870 0.000000 0.000000 0.000000 0.000000 1.000000
0.871429 0.486077 -0.065886 0.000000 -0.455773 0.752704 -0.475088 6.437400 -0.181336 0.444034 0.877468 0.000000 0.000000 0.000000 0.000000 1.000000
0.863133 0.496344 -0.092971 0.000000 -0.475339 0.736441 -0.481361 6.437400 -0.170452 0.459671 0.871578 0.000000 0.000000 0.000000 0.000000 1.000000
0.849492 0.511337 -0.129991 -0.000000 -0.503439 0.711893 -0.489651 6.437400 -0.157837 0.481397 0.862174 0.000000 0.000000 0.000000 0.000000 1.000000
0.831698 0.526427 -0.176501 -0.000000 -0.536553 0.680280 -0.499329 6.437400 -0.142790 0.509993 0.848244 0.000000 0.000000 0.000000 0.000000 1.000000
0.805436 0.544039 -0.235147 0.000000 -0.578735 0.636368 -0.510002 6.437400 -0.127821 0.546862 0.827408 0.000000 0.000000 0.000000 0.000000 1.000000
0.772635 0.557035 -0.304544 -0.000000 -0.625859 0.587883 -0.512537 6.437400 -0.106465 0.586606 0.802844 0.000000 0.000000 0.000000 0.000000 1.000000
0.735906 0.563242 -0.375767 0.000000 -0.671694 0.537420 -0.509908 6.437400 -0.085257 0.627645 0.773817 0.000000 0.000000 0.000000 0.000000 1.000000
0.700866 0.558206 -0.444064 0.000000 -0.710677 0.493202 -0.501687 6.437400 -0.061031 0.667202 0.742373 0.000000 0.000000 0.000000 0.000000 1.000000
0.672325 0.548355 -0.497278 -0.000000 -0.739744 0.472712 -0.478876 6.437400 -0.027525 0.689819 0.723458 0.000000 0.000000 0.000000 0.000000 1.000000
0.643909 0.538930 -0.543079 0.000000 -0.764902 0.469684 -0.440820 6.437400 0.017504 0.699250 0.714662 0.000000 0.000000 0.000000 0.000000 1.000000
0.615662 0.528641 -0.584379 -0.000000 -0.784970 0.476506 -0.395934 6.437400 0.069153 0.702482 0.708334 -0.000000 0.000000 0.000000 0.000000 1.000000
0.605818 0.519403 -0.602665 -0.000000 -0.788639 0.492045 -0.368700 6.437400 0.105034 0.698651 0.707711 0.000000 0.000000 0.000000 0.000000 1.000000
0.619519 0.512526 -0.594570 -0.000000 -0.775515 0.516892 -0.362491 6.437400 0.121542 0.685668 0.717696 -0.000000 0.000000 0.000000 0.000000 1.000000
0.661799 0.501084 -0.557617 0.000000 -0.741132 0.549312 -0.385979 6.437400 0.112898 0.668708 0.734904 0.000000 0.000000 0.000000 0.000000 1.000000
0.720933 0.482786 -0.497165 0.000000 -0.687993 0.584731 -0.429831 6.437400 0.083192 0.651926 0.753705 0.000000 0.000000 0.000000 0.000000 1.000000
0.784793 0.458374 -0.417125 0.000000 -0.618300 0.625208 -0.476255 6.437400 0.042487 0.631670 0.774072 0.000000 0.000000 0.000000 0.000000 1.000000
0.845596 0.423608 -0.324844 0.000000 -0.533822 0.669716 -0.516250 6.437400 -0.001134 0.609948 0.792441 0.000000 0.000000 0.000000 0.000000 1.000000
0.897782 0.375358 -0.230423 0.000000 -0.438621 0.714450 -0.545136 6.437400 -0.039995 0.590482 0.806060 -0.000000 0.000000 0.000000 0.000000 1.000000
0.934910 0.327329 -0.137113 0.000000 -0.345542 0.751532 -0.561962 6.437400 -0.080902 0.572761 0.815720 -0.000000 0.000000 0.000000 0.000000 1.000000
0.956259 0.285996 -0.061446 -0.000000 -0.270325 0.783717 -0.559207 6.437400 -0.111774 0.551357 0.826748 0.000000 0.000000 0.000000 0.000000 1.000000
0.967883 0.250984 -0.014497 -0.000000 -0.218959 0.813239 -0.539165 6.437400 -0.123532 0.525023 0.842075 0.000000 0.000000 0.000000 0.000000 1.000000
0.975468 0.219736 0.013350 0.000000 -0.181998 0.839083 -0.512657 6.437400 -0.123850 0.497651 0.858490 -0.000000 0.000000 0.000000 0.000000 1.000000
0.981409 0.189845 0.028184 0.000000 -0.152522 0.860600 -0.485907 6.437400 -0.116502 0.472575 0.873556 -0.000000 0.000000 0.000000 0.000000 1.000000
0.986600 0.159897 0.032454 0.000000 -0.126490 0.875230 -0.466875 6.437400 -0.103057 0.456514 0.883727 0.000000 0.000000 0.000000 0.000000 1.000000
0.991341 0.128054 0.029069 0.000000 -0.100646 0.883160 -0.458147 6.437400 -0.084340 0.451254 0.888401 0.000000 0.000000 0.000000 0.000000 1.000000
0.994651 0.100652 0.023185 0.000000 -0.078759 0.884309 -0.460211 6.437400 -0.066824 0.455923 0.887507 0.000000 0.000000 0.000000 0.000000 1.000000
0.996717 0.079986 0.012549 0.000000 -0.064723 0.880267 -0.470044 6.437400 -0.048643 0.467688 0.882554 0.000000 0.000000 0.000000 0.000000 1.000000
0.997768 0.066561 -0.005443 -0.000000 -0.060842 0.872368 -0.485049 6.437400 -0.027537 0.484297 0.874470 0.000000 0.000000 0.000000 0.000000 1.000000
0.997855 0.060402 -0.025248 -0.000000 -0.064868 0.860198 -0.505818 6.437400 -0.008834 0.506371 0.862271 -0.000000 0.000000 0.000000 0.000000 1.000000
0.997024 0.061983 -0.045836 0.000000 -0.076846 0.846291 -0.527150 6.437400 0.006117 0.529103 0.848535 0.000000 0.000000 0.000000 0.000000 1.000000
0.995099 0.074811 -0.064661 -0.000000 -0.098025 0.832244 -0.545675 6.437400 0.012992 0.549339 0.835499 0.000000 0.000000 0.000000 0.000000 1.000000
0.990974 0.097942 -0.091536 0.000000 -0.132504 0.819257 -0.557908 6.437400 0.020349 0.565001 0.824840 0.000000 0.000000 0.000000 0.000000 1.000000
0.983264 0.133522 -0.123953 0.000000 -0.180467 0.807104 -0.562152 6.437400 0.024983 0.575113 0.817693 0.000000 0.000000 0.000000 0.000000 1.000000
0.970742 0.180987 -0.157807 0.000000 -0.238694 0.798937 -0.552019 6.437400 0.026170 0.573536 0.818762 0.000000 0.000000 0.000000 0.000000 1.000000
0.957509 0.227960 -0.176665 0.000000 -0.287899 0.791711 -0.538801 6.437400 0.017042 0.566769 0.823701 0.000000 0.000000 0.000000 0.000000 1.000000
0.944481 0.272635 -0.183374 0.000000 -0.328566 0.784378 -0.526114 6.437400 0.000397 0.557155 0.830409 -0.000000 0.000000 0.000000 0.000000 1.000000
0.933839 0.308524 -0.180991 0.000000 -0.357238 0.778914 -0.515436 6.437400 -0.018048 0.545991 0.837597 0.000000 0.000000 0.000000 0.000000 1.000000
0.925173 0.333493 -0.181210 0.000000 -0.378529 0.775819 -0.504798 6.437400 -0.027761 0.535618 0.844004 0.000000 0.000000 0.000000 0.000000 1.000000
0.921960 0.338703 -0.187803 -0.000000 -0.386632 0.776800 -0.497089 6.437400 -0.022480 0.530907 0.847132 0.000000 0.000000 0.000000 0.000000 1.000000
0.924091 0.329020 -0.194425 0.000000 -0.382024 0.781119 -0.493874 6.437400 -0.010625 0.530660 0.847518 0.000000 0.000000 0.000000 0.000000 1.000000
0.929111 0.309963 -0.201680 0.000000 -0.369773 0.785318 -0.496532 6.437400 0.004476 0.535909 0.844264 -0.000000 0.000000 0.000000 0.000000 1.000000
0.933147 0.284532 -0.219724 0.000000 -0.358193 0.787868 -0.500960 6.437400 0.030574 0.546173 0.837114 0.000000 0.000000 0.000000 0.000000 1.000000
0.934141 0.262610 -0.241693 -0.000000 -0.351820 0.791434 -0.499855 6.437400 0.060018 0.551968 0.831703 0.000000 0.000000 0.000000 0.000000 1.000000
0.936233 0.237553 -0.258913 -0.000000 -0.340406 0.795894 -0.500676 6.437400 0.087130 0.556885 0.826007 0.000000 0.000000 0.000000 0.000000 1.000000
0.938702 0.207712 -0.275127 0.000000 -0.324829 0.800193 -0.504160 6.437400 0.115435 0.562625 0.818613 -0.000000 0.000000 0.000000 0.000000 1.000000
0.939287 0.182931 -0.290302 0.000000 -0.312854 0.804054 -0.505589 6.437400 0.140931 0.565715 0.812468 0.000000 0.000000 0.000000 0.000000 1.000000
0.936601 0.172900 -0.304770 -0.000000 -0.311680 0.808518 -0.499154 6.437400 0.160108 0.562499 0.811148 0.000000 0.000000 0.000000 0.000000 1.000000
0.929219 0.187659 -0.318333 0.000000 -0.328402 0.814330 -0.478558 6.437400 0.169423 0.549227 0.818319 0.000000 0.000000 0.000000 0.000000 1.000000
0.914800 0.241985 -0.323395 0.000000 -0.368805 0.826907 -0.424509 6.437400 0.164693 0.507611 0.845699 0.000000 0.000000 0.000000 0.000000 1.000000
0.893777 0.341532 -0.290722 0.000000 -0.430998 0.833383 -0.345998 6.437400 0.124114 0.434545 0.892057 0.000000 0.000000 0.000000 0.000000 1.000000
0.855141 0.468501 -0.221902 0.000000 -0.515881 0.811197 -0.275365 6.437400 0.050997 0.349951 0.935379 0.000000 0.000000 0.000000 0.000000 1.000000
0.789585 0.598053 -0.137435 -0.000000 -0.612680 0.755789 -0.231100 6.437400 -0.034338 0.266676 0.963174 0.000000 0.000000 0.000000 0.000000 1.000000
0.697636 0.714472 -0.053236 -0.000000 -0.704788 0.671027 -0.230211 6.437400 -0.128756 0.198123 0.971684 0.000000 0.000000 0.000000 0.000000 1.000000
0.654899 0.754858 0.035998 0.000000 -0.720331 0.637931 -0.272338 6.437400 -0.228541 0.152424 0.961528 0.000000 0.000000 0.000000 0.000000 1.000000
0.666740 0.744474 0.034882 0.000000 -0.682605 0.628780 -0.372406 6.437400 -0.299180 0.224487 0.927414 0.000000 0.000000 0.000000 0.000000 1.000000
0.659788 0.743225 -0.110893 0.000000 -0.691838 0.543191 -0.475713 6.437400 -0.293326 0.390590 0.872582 -0.000000 0.000000 0.000000 0.000000 1.000000
0.648251 0.712149 -0.269472 -0.000000 -0.723086 0.464881 -0.510913 6.437400 -0.238574 0.526051 0.816304 0.000000 0.000000 0.000000 0.000000 1.000000
0.609024 0.692224 -0.387189 0.000000 -0.769497 0.397343 -0.499994 6.437400 -0.192261 0.602449 0.774655 0.000000 0.000000 0.000000 0.000000 1.000000
0.529298 0.700166 -0.479178 0.000000 -0.827644 0.301828 -0.473186 6.437400 -0.186680 0.647045 0.739245 0.000000 0.000000 0.000000 0.000000 1.000000
0.421658 0.721821 -0.548798 0.000000 -0.881995 0.186024 -0.432991 6.437400 -0.210452 0.666611 0.715080 0.000000 0.000000 0.000000 0.000000 1.000000
0.384644 0.716307 -0.582197 0.000000 -0.898110 0.144752 -0.415265 6.437400 -0.213183 0.682606 0.699001 0.000000 0.000000 0.000000 0.000000 1.000000
0.445337 0.672356 -0.591281 0.000000 -0.883674 0.223691 -0.411196 6.437400 -0.144206 0.705620 0.693761 0.000000 0.000000 0.000000 0.000000 1.000000
0.533716 0.619452 -0.575697 0.000000 -0.843345 0.339499 -0.416545 6.437400 -0.062581 0.707828 0.703608 0.000000 0.000000 0.000000 0.000000 1.000000
0.600099 0.584825 -0.545766 0.000000 -0.799762 0.424842 -0.424135 6.437400 -0.016180 0.691006 0.722668 0.000000 0.000000 0.000000 0.000000 1.000000
0.649638 0.569604 -0.503510 0.000000 -0.760223 0.481807 -0.435801 6.437400 -0.005639 0.665892 0.746027 0.000000 0.000000 0.000000 0.000000 1.000000
0.684349 0.573643 -0.450112 -0.000000 -0.728733 0.517082 -0.448971 6.437400 -0.024805 0.635264 0.771897 0.000000 0.000000 0.000000 0.000000 1.000000
0.735816 0.563120 -0.376127 0.000000 -0.674421 0.559273 -0.482048 6.437400 -0.061093 0.608366 0.791302 0.000000 0.000000 0.000000 0.000000 1.000000
0.790021 0.538130 -0.293739 0.000000 -0.603989 0.600959 -0.523493 6.437400 -0.105182 0.590986 0.799795 -0.000000 0.000000 0.000000 0.000000 1.000000
0.834583 0.502485 -0.225787 0.000000 -0.533255 0.634049 -0.560019 6.437400 -0.138242 0.587785 0.797119 0.000000 0.000000 0.000000 0.000000 1.000000
0.868214 0.467114 -0.167360 0.000000 -0.474039 0.681194 -0.557908 6.437400 -0.146603 0.563719 0.812852 -0.000000 0.000000 0.000000 0.000000 1.000000
0.899905 0.421626 -0.111369 0.000000 -0.412633 0.740649 -0.530257 6.437400 -0.141085 0.523135 0.840491 0.000000 0.000000 0.000000 0.000000 1.000000
0.924385 0.374592 -0.072066 0.000000 -0.357101 0.783340 -0.508781 6.437400 -0.134134 0.496044 0.857875 0.000000 0.000000 0.000000 0.000000 1.000000
0.943029 0.330489 -0.038392 0.000000 -0.302742 0.804491 -0.511020 6.437400 -0.138000 0.493530 0.858711 0.000000 0.000000 0.000000 0.000000 1.000000
0.947574 0.318193 -0.029273 0.000000 -0.287920 0.810492 -0.510103 6.437400 -0.138586 0.491788 0.859615 0.000000 0.000000 0.000000 0.000000 1.000000
0.946783 0.316890 -0.056416 -0.000000 -0.297223 0.793469 -0.531098 6.437400 -0.123535 0.519603 0.845430 0.000000 0.000000 0.000000 0.000000 1.000000
0.944489 0.311211 -0.105301 0.000000 -0.316957 0.778750 -0.541374 6.437400 -0.086479 0.544698 0.834162 0.000000 0.000000 0.000000 0.000000 1.000000
0.934414 0.309438 -0.176405 0.000000 -0.354711 0.763337 -0.539904 6.437400 -0.032410 0.567067 0.823034 -0.000000 0.000000 0.000000 0.000000 1.000000
0.922725 0.311771 -0.226664 0.000000 -0.385456 0.747976 -0.540329 6.437400 0.001080 0.585944 0.810351 0.000000 0.000000 0.000000 0.000000 1.000000
0.911847 0.321634 -0.255120 0.000000 -0.410411 0.729167 -0.547611 6.437400 0.009895 0.604042 0.796891 0.000000 0.000000 0.000000 0.000000 1.000000
0.906808 0.347878 -0.238076 -0.000000 -0.420306 0.702902 -0.573822 6.437400 -0.032276 0.620412 0.783612 0.000000 0.000000 0.000000 0.000000 1.000000
0.901947 0.375454 -0.213369 0.000000 -0.423734 0.674106 -0.605005 6.437400 -0.083318 0.636094 0.767100 0.000000 0.000000 0.000000 0.000000 1.000000
0.898273 0.403417 -0.174241 0.000000 -0.416642 0.655817 -0.629534 6.437400 -0.139694 0.638089 0.757184 0.000000 0.000000 0.000000 0.000000 1.000000
0.900406 0.417114 -0.123633 -0.000000 -0.394734 0.663803 -0.635256 6.437400 -0.182907 0.620790 0.762342 0.000000 0.000000 0.000000 0.000000 1.000000</float_array>
        <technique_common>
          <accessor source="#mixamorig_RightArm-Matrix-animation-output-transform-array" count="91" stride="16">
            <param type="float4x4"/>
          </accessor>
        </technique_common>
      </source>
      <source id="mixamorig_RightArm-Interpolations">
        <Name_array id="mixamorig_RightArm-Interpolations-array" count="91">
 LINEAR LINEAR LINEAR LINEAR LINEAR LINEAR LINEAR LINEAR LINEAR LINEAR LINEAR
LINEAR LINEAR LINEAR LINEAR LINEAR LINEAR LINEAR LINEAR LINEAR LINEAR LINEAR LINEAR
LINEAR LINEAR LINEAR LINEAR LINEAR LINEAR LINEAR LINEAR LINEAR LINEAR LINEAR LINEAR
LINEAR LINEAR LINEAR LINEAR LINEAR LINEAR LINEAR LINEAR LINEAR LINEAR LINEAR LINEAR
LINEAR LINEAR LINEAR LINEAR LINEAR LINEAR LINEAR LINEAR LINEAR LINEAR LINEAR LINEAR
LINEAR LINEAR LINEAR LINEAR LINEAR LINEAR LINEAR LINEAR LINEAR LINEAR LINEAR LINEAR
LINEAR LINEAR LINEAR LINEAR LINEAR LINEAR LINEAR LINEAR LINEAR LINEAR LINEAR LINEAR
LINEAR LINEAR LINEAR LINEAR LINEAR LINEAR LINEAR LINEAR</Name_array>
        <technique_common>
          <accessor source="#mixamorig_RightArm-Interpolations-array" count="91">
            <param type="name"/>
          </accessor>
        </technique_common>
      </source>
      <sampler id="mixamorig_RightArm-Matrix-animation-transform">
        <input semantic="INPUT" source="#mixamorig_RightArm-Matrix-animation-input"/>
        <input semantic="OUTPUT" source="#mixamorig_RightArm-Matrix-animation-output-transform"/>
        <input semantic="INTERPOLATION" source="#mixamorig_RightArm-Interpolations"/>
      </sampler>
      <channel source="#mixamorig_RightArm-Matrix-animation-transform" target="mixamorig_RightArm/matrix"/>
    </animation>
    <animation id="mixamorig_RightForeArm-anim" name="mixamorig_RightForeArm">
      <source id="mixamorig_RightForeArm-Matrix-animation-input">
        <float_array id="mixamorig_RightForeArm-Matrix-animation-input-array" count="91">

0.000000 0.033333 0.066667 0.100000 0.133333 0.166667 0.200000 0.233333 0.266667 0.300000 0.333333 0.366667 0.400000 0.433333 0.466667 0.500000
0.533333 0.566667 0.600000 0.633333 0.666667 0.700000 0.733333 0.766667 0.800000 0.833333 0.866667 0.900000 0.933333 0.966667 1.000000 1.033333
1.066667 1.100000 1.133333 1.166667 1.200000 1.233333 1.266667 1.300000 1.333333 1.366667 1.400000 1.433333 1.466667 1.500000 1.533333 1.566667
1.600000 1.633333 1.666667 1.700000 1.733333 1.766667 1.800000 1.833333 1.866667 1.900000 1.933333 1.966667 2.000000 2.033333 2.066667 2.100000
2.133333 2.166667 2.200000 2.233333 2.266667 2.300000 2.333333 2.366667 2.400000 2.433333 2.466667 2.500000 2.533333 2.566667 2.600000 2.633333
2.666667 2.700000 2.733333 2.766667 2.800000 2.833333 2.866667 2.900000 2.933333 2.966667 3.000000</float_array>
        <technique_common>
          <accessor source="#mixamorig_RightForeArm-Matrix-animation-input-array" count="91">
            <param name="TIME" type="float"/>
          </accessor>
        </technique_common>
      </source>
      <source id="mixamorig_RightForeArm-Matrix-animation-output-transform">
        <float_array id="mixamorig_RightForeArm-Matrix-animation-output-transform-array" count="1456">

0.932980 0.359929 0.000000 0.000000 -0.359929 0.932980 0.000000 27.263599 0.000000 -0.000000 1.000000 0.000000 0.000000 0.000000 0.000000 1.000000
0.927166 0.374650 0.000000 -0.000000 -0.374650 0.927166 -0.000000 27.263599 -0.000000 0.000000 1.000000 0.000000 0.000000 0.000000 0.000000 1.000000
0.922705 0.385506 0.000000 0.000000 -0.385506 0.922705 0.000000 27.263599 0.000000 -0.000000 1.000000 -0.000000 0.000000 0.000000 0.000000 1.000000
0.919336 0.393474 0.000000 -0.000000 -0.393474 0.919336 0.000000 27.263599 -0.000000 -0.000000 1.000000 0.000000 0.000000 0.000000 0.000000 1.000000
0.916732 0.399502 -0.000000 0.000000 -0.399502 0.916732 0.000000 27.263599 0.000000 -0.000000 1.000000 0.000000 0.000000 0.000000 0.000000 1.000000
0.914527 0.404525 0.000000 0.000000 -0.404525 0.914527 0.000000 27.263599 -0.000000 -0.000000 1.000000 0.000000 0.000000 0.000000 0.000000 1.000000
0.912327 0.409463 -0.000000 -0.000000 -0.409463 0.912327 0.000000 27.263599 0.000000 -0.000000 1.000000 0.000000 0.000000 0.000000 0.000000 1.000000
0.910978 0.412455 -0.000000 0.000000 -0.412455 0.910978 -0.000000 27.263599 -0.000000 0.000000 1.000000 0.000000 0.000000 0.000000 0.000000 1.000000
0.908675 0.417504 -0.000000 0.000000 -0.417504 0.908675 -0.000000 27.263599 0.000000 0.000000 1.000000 0.000000 0.000000 0.000000 0.000000 1.000000
0.905657 0.424012 -0.000000 0.000000 -0.424012 0.905657 0.000000 27.263599 0.000000 -0.000000 1.000000 0.000000 0.000000 0.000000 0.000000 1.000000
0.902229 0.431257 0.000000 -0.000000 -0.431257 0.902229 -0.000000 27.263599 -0.000000 0.000000 1.000000 0.000000 0.000000 0.000000 0.000000 1.000000
0.898715 0.438533 0.000000 -0.000000 -0.438533 0.898715 0.000000 27.263599 -0.000000 -0.000000 1.000000 0.000000 0.000000 0.000000 0.000000 1.000000
0.895462 0.445139 -0.000000 0.000000 -0.445139 0.895462 -0.000000 27.263599 -0.000000 0.000000 1.000000 0.000000 0.000000 0.000000 0.000000 1.000000
0.892835 0.450384 0.000000 0.000000 -0.450384 0.892835 0.000000 27.263599 -0.000000 -0.000000 1.000000 0.000000 0.000000 0.000000 0.000000 1.000000
0.891211 0.453589 -0.000000 0.000000 -0.453589 0.891211 -0.000000 27.263599 -0.000000 0.000000 1.000000 0.000000 0.000000 0.000000 0.000000 1.000000
0.890968 0.454067 -0.000000 0.000000 -0.454067 0.890968 -0.000000 27.263599 0.000000 0.000000 1.000000 0.000000 0.000000 0.000000 0.000000 1.000000
0.892461 0.451125 0.000000 0.000000 -0.451125 0.892461 -0.000000 27.263599 -0.000000 0.000000 1.000000 0.000000 0.000000 0.000000 0.000000 1.000000
0.895925 0.444205 -0.000000 0.000000 -0.444205 0.895925 -0.000000 27.263599 -0.000000 0.000000 1.000000 0.000000 0.000000 0.000000 0.000000 1.000000
0.900934 0.433956 -0.000000 0.000000 -0.433956 0.900934 -0.000000 27.263599 0.000000 0.000000 1.000000 -0.000000 0.000000 0.000000 0.000000 1.000000
0.907127 0.420857 0.000000 0.000000 -0.420857 0.907127 0.000000 27.263599 -0.000000 -0.000000 1.000000 0.000000 0.000000 0.000000 0.000000 1.000000
0.914240 0.405174 -0.000000 0.000000 -0.405174 0.914240 0.000000 27.263599 0.000000 -0.000000 1.000000 0.000000 0.000000 0.000000 0.000000 1.000000
0.922007 0.387174 0.000000 0.000000 -0.387174 0.922007 -0.000000 27.263599 -0.000000 0.000000 1.000000 -0.000000 0.000000 0.000000 0.000000 1.000000
0.930168 0.367135 -0.000000 -0.000000 -0.367135 0.930168 0.000000 27.263599 0.000000 0.000000 1.000000 0.000000 0.000000 0.000000 0.000000 1.000000
0.938476 0.345344 -0.000000 0.000000 -0.345344 0.938476 0.000000 27.263599 0.000000 -0.000000 1.000000 0.000000 0.000000 0.000000 0.000000 1.000000
0.946704 0.322106 0.000000 0.000000 -0.322106 0.946704 0.000000 27.263599 0.000000 -0.000000 1.000000 -0.000000 0.000000 0.000000 0.000000 1.000000
0.954650 0.297730 -0.000000 0.000000 -0.297730 0.954650 0.000000 27.263599 0.000000 0.000000 1.000000 0.000000 0.000000 0.000000 0.000000 1.000000
0.962142 0.272550 0.000000 -0.000000 -0.272550 0.962142 -0.000000 27.263599 -0.000000 0.000000 1.000000 0.000000 0.000000 0.000000 0.000000 1.000000
0.969040 0.246904 0.000000 0.000000 -0.246904 0.969040 0.000000 27.263599 -0.000000 -0.000000 1.000000 0.000000 0.000000 0.000000 0.000000 1.000000
0.976740 0.214426 -0.000000 0.000000 -0.214426 0.976740 0.000000 27.263599 0.000000 -0.000000 1.000000 0.000000 0.000000 0.000000 0.000000 1.000000
0.983778 0.179388 0.000000 0.000000 -0.179388 0.983778 -0.000000 27.263599 -0.000000 0.000000 1.000000 -0.000000 0.000000 0.000000 0.000000 1.000000
0.989546 0.144220 -0.000000 0.000000 -0.144220 0.989546 -0.000000 27.263599 0.000000 0.000000 1.000000 -0.000000 0.000000 0.000000 0.000000 1.000000
0.993784 0.111330 0.000000 0.000000 -0.111330 0.993784 -0.000000 27.263599 -0.000000 0.000000 1.000000 -0.000000 0.000000 0.000000 0.000000 1.000000
0.996452 0.084169 -0.000000 -0.000000 -0.084169 0.996452 -0.000000 27.263599 0.000000 0.000000 1.000000 0.000000 0.000000 0.000000 0.000000 1.000000
0.997797 0.066342 0.000000 0.000000 -0.066342 0.997797 0.000000 27.263599 -0.000000 -0.000000 1.000000 0.000000 0.000000 0.000000 0.000000 1.000000
0.998359 0.057265 -0.000000 -0.000000 -0.057265 0.998359 -0.000000 27.263599 0.000000 0.000000 1.000000 -0.000000 0.000000 0.000000 0.000000 1.000000
0.998200 0.059968 -0.000000 0.000000 -0.059968 0.998200 0.000000 27.263599 0.000000 -0.000000 1.000000 0.000000 0.000000 0.000000 0.000000 1.000000
0.997685 0.068009 0.000000 0.000000 -0.068009 0.997685 0.000000 27.263599 -0.000000 -0.000000 1.000000 0.000000 0.000000 0.000000 0.000000 1.000000
0.996914 0.078495 -0.000000 0.000000 -0.078495 0.996914 -0.000000 27.263599 0.000000 0.000000 1.000000 -0.000000 0.000000 0.000000 0.000000 1.000000
0.995775 0.091828 -0.000000 -0.000000 -0.091828 0.995775 -0.000000 27.263599 0.000000 0.000000 1.000000 0.000000 0.000000 0.000000 0.000000 1.000000
0.994147 0.108035 -0.000000 0.000000 -0.108035 0.994147 0.000000 27.263599 0.000000 -0.000000 1.000000 -0.000000 0.000000 0.000000 0.000000 1.000000
0.992610 0.121350 -0.000000 -0.000000 -0.121350 0.992610 0.000000 27.263599 0.000000 -0.000000 1.000000 0.000000 0.000000 0.000000 0.000000 1.000000
0.992018 0.126098 0.000000 0.000000 -0.126098 0.992018 -0.000000 27.263599 -0.000000 0.000000 1.000000 -0.000000 0.000000 0.000000 0.000000 1.000000
0.992095 0.125490 -0.000000 0.000000 -0.125490 0.992095 -0.000000 27.263599 0.000000 0.000000 1.000000 0.000000 0.000000 0.000000 0.000000 1.000000
0.992479 0.122412 -0.000000 0.000000 -0.122412 0.992479 0.000000 27.263599 0.000000 -0.000000 1.000000 0.000000 0.000000 0.000000 0.000000 1.000000
0.993014 0.117994 0.000000 -0.000000 -0.117994 0.993014 -0.000000 27.263599 -0.000000 0.000000 1.000000 0.000000 0.000000 0.000000 0.000000 1.000000
0.993567 0.113250 -0.000000 0.000000 -0.113250 0.993567 -0.000000 27.263599 0.000000 0.000000 1.000000 0.000000 0.000000 0.000000 0.000000 1.000000
0.994196 0.107585 0.000000 0.000000 -0.107585 0.994196 0.000000 27.263599 -0.000000 -0.000000 1.000000 0.000000 0.000000 0.000000 0.000000 1.000000
0.994949 0.100384 0.000000 0.000000 -0.100384 0.994949 0.000000 27.263599 -0.000000 -0.000000 1.000000 0.000000 0.000000 0.000000 0.000000 1.000000
0.995847 0.091046 -0.000000 0.000000 -0.091046 0.995847 0.000000 27.263599 0.000000 -0.000000 1.000000 0.000000 0.000000 0.000000 0.000000 1.000000
0.995832 0.091205 -0.000000 -0.000000 -0.091205 0.995832 -0.000000 27.263599 0.000000 0.000000 1.000000 0.000000 0.000000 0.000000 0.000000 1.000000
0.994919 0.100680 0.000000 -0.000000 -0.100680 0.994919 -0.000000 27.263599 -0.000000 0.000000 1.000000 0.000000 0.000000 0.000000 0.000000 1.000000
0.993393 0.114765 0.000000 0.000000 -0.114765 0.993393 0.000000 27.263599 -0.000000 -0.000000 1.000000 -0.000000 0.000000 0.000000 0.000000 1.000000
0.991347 0.131270 0.000000 0.000000 -0.131270 0.991347 0.000000 27.263599 -0.000000 -0.000000 1.000000 -0.000000 0.000000 0.000000 0.000000 1.000000
0.988985 0.148017 -0.000000 -0.000000 -0.148017 0.988985 0.000000 27.263599 0.000000 -0.000000 1.000000 -0.000000 0.000000 0.000000 0.000000 1.000000
0.986652 0.162846 -0.000000 -0.000000 -0.162846 0.986652 -0.000000 27.263599 0.000000 0.000000 1.000000 0.000000 0.000000 0.000000 0.000000 1.000000
0.984814 0.173615 -0.000000 0.000000 -0.173615 0.984814 0.000000 27.263599 0.000000 -0.000000 1.000000 -0.000000 0.000000 0.000000 0.000000 1.000000
0.984388 0.176012 0.000000 0.000000 -0.176012 0.984388 -0.000000 27.263599 -0.000000 0.000000 1.000000 0.000000 0.000000 0.000000 0.000000 1.000000
0.985660 0.168744 0.000000 0.000000 -0.168744 0.985660 0.000000 27.263599 0.000000 -0.000000 1.000000 0.000000 0.000000 0.000000 0.000000 1.000000
0.986713 0.162474 -0.000000 0.000000 -0.162474 0.986713 0.000000 27.263599 0.000000 -0.000000 1.000000 0.000000 0.000000 0.000000 0.000000 1.000000
0.985614 0.169011 -0.000000 -0.000000 -0.169011 0.985614 0.000000 27.263599 0.000000 -0.000000 1.000000 0.000000 0.000000 0.000000 0.000000 1.000000
0.970751 0.240090 0.000000 0.000000 -0.240090 0.970751 0.000000 27.263599 -0.000000 -0.000000 1.000000 -0.000000 0.000000 0.000000 0.000000 1.000000
0.854427 0.519572 0.000000 0.000000 -0.519572 0.854427 0.000000 27.263599 -0.000000 -0.000000 1.000000 0.000000 0.000000 0.000000 0.000000 1.000000
0.605377 0.795939 0.000000 -0.000000 -0.795939 0.605377 0.000000 27.263599 -0.000000 -0.000000 1.000000 0.000000 0.000000 0.000000 0.000000 1.000000
0.454098 0.890952 0.000000 0.000000 -0.890952 0.454098 0.000000 27.263599 0.000000 -0.000000 1.000000 0.000000 0.000000 0.000000 0.000000 1.000000
0.379124 0.925346 0.000000 0.000000 -0.925346 0.379124 0.000000 27.263599 0.000000 -0.000000 1.000000 0.000000 0.000000 0.000000 0.000000 1.000000
0.441308 0.897356 0.000000 0.000000 -0.897356 0.441308 0.000000 27.263599 0.000000 -0.000000 1.000000 0.000000 0.000000 0.000000 0.000000 1.000000
0.658658 0.752443 0.000000 0.000000 -0.752443 0.658658 -0.000000 27.263599 -0.000000 -0.000000 1.000000 -0.000000 0.000000 0.000000 0.000000 1.000000
0.881978 0.471291 -0.000000 0.000000 -0.471291 0.881978 0.000000 27.263599 0.000000 -0.000000 1.000000 0.000000 0.000000 0.000000 0.000000 1.000000
0.965678 0.259742 0.000000 0.000000 -0.259742 0.965678 0.000000 27.263599 -0.000000 -0.000000 1.000000 0.000000 0.000000 0.000000 0.000000 1.000000
0.960420 0.278556 0.000000 0.000000 -0.278556 0.960420 0.000000 27.263599 -0.000000 -0.000000 1.000000 0.000000 0.000000 0.000000 0.000000 1.000000
0.922877 0.385094 0.000000 0.000000 -0.385094 0.922877 0.000000 27.263599 -0.000000 -0.000000 1.000000 0.000000 0.000000 0.000000 0.000000 1.000000
0.891040 0.453924 -0.000000 0.000000 -0.453924 0.891040 -0.000000 27.263599 -0.000000 0.000000 1.000000 -0.000000 0.000000 0.000000 0.000000 1.000000
0.884509 0.466523 -0.000000 -0.000000 -0.466523 0.884509 0.000000 27.263599 0.000000 -0.000000 1.000000 0.000000 0.000000 0.000000 0.000000 1.000000
0.907872 0.419248 -0.000000 -0.000000 -0.419248 0.907872 -0.000000 27.263599 -0.000000 0.000000 1.000000 -0.000000 0.000000 0.000000 0.000000 1.000000
0.923109 0.384539 0.000000 0.000000 -0.384539 0.923109 -0.000000 27.263599 -0.000000 0.000000 1.000000 -0.000000 0.000000 0.000000 0.000000 1.000000
0.931920 0.362663 -0.000000 -0.000000 -0.362663 0.931920 -0.000000 27.263599 -0.000000 0.000000 1.000000 0.000000 0.000000 0.000000 0.000000 1.000000
0.936641 0.350291 -0.000000 0.000000 -0.350291 0.936641 -0.000000 27.263599 0.000000 0.000000 1.000000 -0.000000 0.000000 0.000000 0.000000 1.000000
0.943834 0.330419 -0.000000 -0.000000 -0.330419 0.943834 0.000000 27.263599 0.000000 -0.000000 1.000000 0.000000 0.000000 0.000000 0.000000 1.000000
0.948096 0.317984 0.000000 0.000000 -0.317984 0.948096 -0.000000 27.263599 -0.000000 0.000000 1.000000 0.000000 0.000000 0.000000 0.000000 1.000000
0.956697 0.291084 0.000000 0.000000 -0.291084 0.956697 -0.000000 27.263599 -0.000000 0.000000 1.000000 0.000000 0.000000 0.000000 0.000000 1.000000
0.974990 0.222250 0.000000 0.000000 -0.222250 0.974990 0.000000 27.263599 -0.000000 -0.000000 1.000000 0.000000 0.000000 0.000000 0.000000 1.000000
0.994181 0.107722 -0.000000 0.000000 -0.107722 0.994181 -0.000000 27.263599 0.000000 0.000000 1.000000 0.000000 0.000000 0.000000 0.000000 1.000000
0.999175 0.040614 0.000000 0.000000 -0.040614 0.999175 -0.000000 27.263599 -0.000000 0.000000 1.000000 0.000000 0.000000 0.000000 0.000000 1.000000
0.999063 0.043278 0.000000 0.000000 -0.043278 0.999063 0.000000 27.263599 -0.000000 -0.000000 1.000000 -0.000000 0.000000 0.000000 0.000000 1.000000
0.995643 0.093243 0.000000 0.000000 -0.093243 0.995643 0.000000 27.263599 -0.000000 -0.000000 1.000000 0.000000 0.000000 0.000000 0.000000 1.000000
0.986627 0.162993 -0.000000 0.000000 -0.162993 0.986627 -0.000000 27.263599 0.000000 0.000000 1.000000 0.000000 0.000000 0.000000 0.000000 1.000000
0.976320 0.216330 0.000000 0.000000 -0.216330 0.976320 0.000001 27.263599 0.000000 -0.000001 1.000000 0.000000 0.000000 0.000000 0.000000 1.000000
0.964557 0.263874 -0.000000 -0.000000 -0.263874 0.964557 0.000000 27.263599 0.000000 -0.000000 1.000000 0.000000 0.000000 0.000000 0.000000 1.000000
0.952546 0.304396 -0.000000 0.000000 -0.304396 0.952546 0.000000 27.263599 0.000000 0.000000 1.000000 0.000000 0.000000 0.000000 0.000000 1.000000
0.941589 0.336765 0.000000 -0.000000 -0.336765 0.941589 -0.000000 27.263599 -0.000000 0.000000 1.000000 0.000000 0.000000 0.000000 0.000000 1.000000
0.932979 0.359930 -0.000000 -0.000000 -0.359930 0.932979 -0.000000 27.263599 0.000000 0.000000 1.000000 0.000000 0.000000 0.000000 0.000000 1.000000</float_array>
        <technique_common>
          <accessor source="#mixamorig_RightForeArm-Matrix-animation-output-transform-array" count="91" stride="16">
            <param type="float4x4"/>
          </accessor>
        </technique_common>
      </source>
      <source id="mixamorig_RightForeArm-Interpolations">
        <Name_array id="mixamorig_RightForeArm-Interpolations-array" count="91">
 LINEAR LINEAR LINEAR LINEAR LINEAR LINEAR LINEAR LINEAR LINEAR LINEAR LINEAR
LINEAR LINEAR LINEAR LINEAR LINEAR LINEAR LINEAR LINEAR LINEAR LINEAR LINEAR LINEAR
LINEAR LINEAR LINEAR LINEAR LINEAR LINEAR LINEAR LINEAR LINEAR LINEAR LINEAR LINEAR
LINEAR LINEAR LINEAR LINEAR LINEAR LINEAR LINEAR LINEAR LINEAR LINEAR LINEAR LINEAR
LINEAR LINEAR LINEAR LINEAR LINEAR LINEAR LINEAR LINEAR LINEAR LINEAR LINEAR LINEAR
LINEAR LINEAR LINEAR LINEAR LINEAR LINEAR LINEAR LINEAR LINEAR LINEAR LINEAR LINEAR
LINEAR LINEAR LINEAR LINEAR LINEAR LINEAR LINEAR LINEAR LINEAR LINEAR LINEAR LINEAR
LINEAR LINEAR LINEAR LINEAR LINEAR LINEAR LINEAR LINEAR</Name_array>
        <technique_common>
          <accessor source="#mixamorig_RightForeArm-Interpolations-array" count="91">
            <param type="name"/>
          </accessor>
        </technique_common>
      </source>
      <sampler id="mixamorig_RightForeArm-Matrix-animation-transform">
        <input semantic="INPUT" source="#mixamorig_RightForeArm-Matrix-animation-input"/>
        <input semantic="OUTPUT" source="#mixamorig_RightForeArm-Matrix-animation-output-transform"/>
        <input semantic="INTERPOLATION" source="#mixamorig_RightForeArm-Interpolations"/>
      </sampler>
      <channel source="#mixamorig_RightForeArm-Matrix-animation-transform" target="mixamorig_RightForeArm/matrix"/>
    </animation>
    <animation id="mixamorig_RightHand-anim" name="mixamorig_RightHand">
      <source id="mixamorig_RightHand-Matrix-animation-input">
        <float_array id="mixamorig_RightHand-Matrix-animation-input-array" count="91">

0.000000 0.033333 0.066667 0.100000 0.133333 0.166667 0.200000 0.233333 0.266667 0.300000 0.333333 0.366667 0.400000 0.433333 0.466667 0.500000
0.533333 0.566667 0.600000 0.633333 0.666667 0.700000 0.733333 0.766667 0.800000 0.833333 0.866667 0.900000 0.933333 0.966667 1.000000 1.033333
1.066667 1.100000 1.133333 1.166667 1.200000 1.233333 1.266667 1.300000 1.333333 1.366667 1.400000 1.433333 1.466667 1.500000 1.533333 1.566667
1.600000 1.633333 1.666667 1.700000 1.733333 1.766667 1.800000 1.833333 1.866667 1.900000 1.933333 1.966667 2.000000 2.033333 2.066667 2.100000
2.133333 2.166667 2.200000 2.233333 2.266667 2.300000 2.333333 2.366667 2.400000 2.433333 2.466667 2.500000 2.533333 2.566667 2.600000 2.633333
2.666667 2.700000 2.733333 2.766667 2.800000 2.833333 2.866667 2.900000 2.933333 2.966667 3.000000</float_array>
        <technique_common>
          <accessor source="#mixamorig_RightHand-Matrix-animation-input-array" count="91">
            <param name="TIME" type="float"/>
          </accessor>
        </technique_common>
      </source>
      <source id="mixamorig_RightHand-Matrix-animation-output-transform">
        <float_array id="mixamorig_RightHand-Matrix-animation-output-transform-array" count="1456">

0.879599 0.406024 0.247889 0.000000 -0.411317 0.910912 -0.032508 27.518200 -0.239005 -0.073367 0.968243 0.000000 0.000000 0.000000 0.000000 1.000000
0.876332 0.415435 0.243838 0.000000 -0.420477 0.906681 -0.033586 27.518200 -0.235037 -0.073096 0.969234 -0.000000 0.000000 0.000000 0.000000 1.000000
0.876022 0.421558 0.234254 -0.000000 -0.426502 0.903930 -0.031731 27.518200 -0.225125 -0.072113 0.971658 0.000000 0.000000 0.000000 0.000000 1.000000
0.877227 0.426390 0.220601 0.000000 -0.431084 0.901848 -0.028920 27.518200 -0.211280 -0.069728 0.974935 0.000000 0.000000 0.000000 0.000000 1.000000
0.879271 0.430217 0.204440 0.000000 -0.434319 0.900362 -0.026741 27.518200 -0.195575 -0.065279 0.978514 -0.000000 0.000000 0.000000 0.000000 1.000000
0.881554 0.433321 0.187337 0.000000 -0.436376 0.899364 -0.026821 27.518200 -0.180106 -0.058106 0.981929 0.000000 0.000000 0.000000 0.000000 1.000000
0.883580 0.435988 0.170884 0.000000 -0.437528 0.898685 -0.030576 27.518200 -0.166902 -0.047750 0.984817 -0.000000 0.000000 0.000000 0.000000 1.000000
0.885108 0.438424 0.156102 0.000000 -0.438114 0.898105 -0.038258 27.518200 -0.156969 -0.034528 0.987000 -0.000000 0.000000 0.000000 0.000000 1.000000
0.886503 0.440240 0.142482 0.000000 -0.437906 0.897681 -0.049058 27.518200 -0.149501 -0.018904 0.988581 0.000000 0.000000 0.000000 0.000000 1.000000
0.887933 0.441425 0.129300 0.000000 -0.437030 0.897297 -0.062150 27.518200 -0.143455 -0.001323 0.989656 0.000000 0.000000 0.000000 0.000000 1.000000
0.889461 0.442091 0.115824 -0.000000 -0.434839 0.896660 -0.083164 27.518200 -0.140621 0.023606 0.989782 0.000000 0.000000 0.000000 0.000000 1.000000
0.891103 0.442345 0.101318 0.000000 -0.432030 0.895262 -0.108884 27.518200 -0.138870 0.053255 0.988878 0.000000 0.000000 0.000000 0.000000 1.000000
0.892829 0.442295 0.085042 0.000000 -0.429037 0.892646 -0.138238 27.518200 -0.137054 0.086936 0.986741 0.000000 0.000000 0.000000 0.000000 1.000000
0.894658 0.441811 0.066254 -0.000000 -0.428218 0.890334 -0.154709 27.518200 -0.127340 0.110040 0.985736 0.000000 0.000000 0.000000 0.000000 1.000000
0.897177 0.439458 0.044165 0.000000 -0.427763 0.889466 -0.160838 27.518200 -0.109965 0.125408 0.985992 -0.000000 0.000000 0.000000 0.000000 1.000000
0.900330 0.434839 0.017948 0.000000 -0.425185 0.887645 -0.176927 27.518200 -0.092867 0.151662 0.984060 0.000000 0.000000 0.000000 0.000000 1.000000
0.903733 0.427893 -0.013240 0.000000 -0.419591 0.879216 -0.225663 27.518200 -0.084919 0.209494 0.974115 0.000000 0.000000 0.000000 0.000000 1.000000
0.906148 0.418833 -0.058949 0.000000 -0.417878 0.864980 -0.277826 27.518200 -0.065373 0.276385 0.958821 0.000000 0.000000 0.000000 0.000000 1.000000
0.907411 0.406191 -0.107766 -0.000000 -0.418228 0.847780 -0.326121 27.518200 -0.041106 0.340996 0.939165 0.000000 0.000000 0.000000 0.000000 1.000000
0.908126 0.385821 -0.162631 -0.000000 -0.418687 0.834254 -0.358778 27.518200 -0.002748 0.393907 0.919146 0.000000 0.000000 0.000000 0.000000 1.000000
0.911703 0.360905 -0.196329 -0.000000 -0.409497 0.836979 -0.363013 27.518200 0.033310 0.411357 0.910866 -0.000000 0.000000 0.000000 0.000000 1.000000
0.919298 0.337961 -0.201676 0.000000 -0.389649 0.853658 -0.345603 27.518200 0.055362 0.396295 0.916452 0.000000 0.000000 0.000000 0.000000 1.000000
0.929569 0.323683 -0.176437 0.000000 -0.364166 0.880665 -0.303005 27.518200 0.057304 0.345917 0.936514 0.000000 0.000000 0.000000 0.000000 1.000000
0.937487 0.326073 -0.121634 0.000000 -0.346908 0.903486 -0.251729 27.518200 0.027813 0.278188 0.960124 0.000000 0.000000 0.000000 0.000000 1.000000
0.939181 0.340689 -0.043246 0.000000 -0.342170 0.917558 -0.202503 27.518200 -0.029310 0.204984 0.978326 0.000000 0.000000 0.000000 0.000000 1.000000
0.934943 0.352775 0.037828 0.000000 -0.342449 0.925144 -0.163821 27.518200 -0.092789 0.140209 0.985765 0.000000 0.000000 0.000000 0.000000 1.000000
0.929792 0.348998 0.116992 0.000000 -0.333411 0.933203 -0.134048 27.518200 -0.155960 0.085630 0.984045 0.000000 0.000000 0.000000 0.000000 1.000000
0.923116 0.333892 0.190718 0.000000 -0.319068 0.941931 -0.104693 27.518200 -0.214599 0.035792 0.976046 -0.000000 0.000000 0.000000 0.000000 1.000000
0.915824 0.312753 0.251896 0.000000 -0.301840 0.949834 -0.081902 27.518200 -0.264874 -0.001025 0.964283 0.000000 0.000000 0.000000 0.000000 1.000000
0.918969 0.288930 0.268356 0.000000 -0.281715 0.957232 -0.065904 27.518200 -0.275921 -0.015036 0.961063 0.000000 0.000000 0.000000 0.000000 1.000000
0.931089 0.263577 0.252192 0.000000 -0.256576 0.964605 -0.060874 27.518200 -0.259311 -0.008027 0.965761 0.000000 0.000000 0.000000 0.000000 1.000000
0.945422 0.237273 0.223335 -0.000000 -0.227551 0.971340 -0.068691 27.518200 -0.233232 0.014122 0.972318 0.000000 0.000000 0.000000 0.000000 1.000000
0.958707 0.211268 0.190386 0.000000 -0.197646 0.976305 -0.088123 27.518200 -0.204492 0.046855 0.977746 -0.000000 0.000000 0.000000 0.000000 1.000000
0.970298 0.187319 0.153082 0.000000 -0.170728 0.978553 -0.115269 27.518200 -0.171390 0.085710 0.981468 -0.000000 0.000000 0.000000 0.000000 1.000000
0.979958 0.167406 0.107973 -0.000000 -0.150010 0.976780 -0.152966 27.518200 -0.131073 0.133703 0.982315 0.000000 0.000000 0.000000 0.000000 1.000000
0.987406 0.150734 0.048053 0.000000 -0.138073 0.969311 -0.203401 27.518200 -0.077237 0.194204 0.977916 0.000000 0.000000 0.000000 0.000000 1.000000
0.990827 0.133776 -0.019108 -0.000000 -0.134211 0.957667 -0.254678 27.518200 -0.015771 0.254906 0.966837 0.000000 0.000000 0.000000 0.000000 1.000000
0.990654 0.118568 -0.067424 0.000000 -0.133619 0.942895 -0.305115 27.518200 0.027397 0.311272 0.949926 0.000000 0.000000 0.000000 0.000000 1.000000
0.989772 0.104367 -0.097253 0.000000 -0.132535 0.924950 -0.356234 27.518200 0.052775 0.365480 0.929322 0.000000 0.000000 0.000000 0.000000 1.000000
0.988531 0.092248 -0.119570 -0.000000 -0.132423 0.910104 -0.392650 27.518200 0.072600 0.403981 0.911882 -0.000000 0.000000 0.000000 0.000000 1.000000
0.986035 0.094819 -0.136908 -0.000000 -0.142723 0.904758 -0.401302 27.518200 0.085817 0.415238 0.905656 -0.000000 0.000000 0.000000 0.000000 1.000000
0.982284 0.112118 -0.150156 -0.000000 -0.162826 0.907280 -0.387725 27.518200 0.092762 0.405306 0.909463 0.000000 0.000000 0.000000 0.000000 1.000000
0.978295 0.133304 -0.158644 -0.000000 -0.183814 0.911708 -0.367425 27.518200 0.095658 0.388611 0.916423 0.000000 0.000000 0.000000 0.000000 1.000000
0.974453 0.156229 -0.161353 0.000000 -0.204439 0.914460 -0.349240 27.518200 0.092989 0.373304 0.923037 0.000000 0.000000 0.000000 0.000000 1.000000
0.971388 0.178861 -0.156250 -0.000000 -0.222032 0.917451 -0.330130 27.518200 0.084304 0.355376 0.930914 0.000000 0.000000 0.000000 0.000000 1.000000
0.969639 0.199204 -0.141837 0.000000 -0.234732 0.920814 -0.311451 27.518200 0.068563 0.335289 0.939617 0.000000 0.000000 0.000000 0.000000 1.000000
0.969507 0.215287 -0.117078 0.000000 -0.240951 0.924571 -0.295145 27.518200 0.044706 0.314355 0.948252 0.000000 0.000000 0.000000 0.000000 1.000000
0.968099 0.226039 -0.108125 0.000000 -0.247714 0.928329 -0.277204 27.518200 0.037717 0.295145 0.954708 0.000000 0.000000 0.000000 0.000000 1.000000
0.967244 0.229246 -0.109017 0.000000 -0.250345 0.932541 -0.260182 27.518200 0.042018 0.278951 0.959386 0.000000 0.000000 0.000000 0.000000 1.000000
0.968324 0.221220 -0.115805 0.000000 -0.243944 0.937107 -0.249643 27.518200 0.053295 0.269985 0.961388 0.000000 0.000000 0.000000 0.000000 1.000000
0.976726 0.168075 -0.133252 0.000000 -0.197084 0.948411 -0.248343 27.518200 0.084638 0.268825 0.959463 0.000000 0.000000 0.000000 0.000000 1.000000
0.987179 0.002337 -0.159600 0.000000 -0.047483 0.958925 -0.279658 27.518200 0.152390 0.283651 0.946741 0.000000 0.000000 0.000000 0.000000 1.000000
0.974138 -0.054996 -0.219160 -0.000000 -0.018451 0.947328 -0.319734 27.518200 0.225201 0.315509 0.921813 0.000000 0.000000 0.000000 0.000000 1.000000
0.964349 -0.062725 -0.257094 0.000000 -0.032879 0.935578 -0.351587 27.518200 0.262584 0.347506 0.900161 -0.000000 0.000000 0.000000 0.000000 1.000000
0.959694 -0.031893 -0.279231 -0.000000 -0.073777 0.930108 -0.359800 27.518200 0.271191 0.365899 0.890266 0.000000 0.000000 0.000000 0.000000 1.000000
0.958548 -0.019273 -0.284277 0.000000 -0.082140 0.936662 -0.340467 27.518200 0.272833 0.349704 0.896253 0.000000 0.000000 0.000000 0.000000 1.000000
0.968246 -0.025215 -0.248723 0.000000 -0.052896 0.951712 -0.302401 27.518200 0.244338 0.305955 0.920158 0.000000 0.000000 0.000000 0.000000 1.000000
0.984848 -0.049338 -0.166255 0.000000 -0.002650 0.954282 -0.298895 27.518200 0.173401 0.294806 0.939692 0.000000 0.000000 0.000000 0.000000 1.000000
0.993701 -0.035346 -0.106344 -0.000000 0.000955 0.951593 -0.307360 27.518200 0.112060 0.305322 0.945632 0.000000 0.000000 0.000000 0.000000 1.000000
0.986157 0.126366 -0.107358 -0.000000 -0.151716 0.948898 -0.276720 27.518200 0.066904 0.289177 0.954935 0.000000 0.000000 0.000000 0.000000 1.000000
0.974739 0.204156 -0.090578 0.000000 -0.217335 0.960462 -0.174005 27.518200 0.051473 0.189295 0.980570 0.000000 0.000000 0.000000 0.000000 1.000000
0.989877 0.135289 -0.042908 0.000000 -0.136980 0.989795 -0.039278 27.518200 0.037156 0.044757 0.998307 0.000000 0.000000 0.000000 0.000000 1.000000
0.999443 0.022784 0.024383 0.000000 -0.024841 0.995838 0.087685 27.518200 -0.022283 -0.088242 0.995850 0.000000 0.000000 0.000000 0.000000 1.000000
0.995020 -0.011045 0.099060 0.000000 -0.010402 0.976907 0.213413 27.518200 -0.099130 -0.213381 0.971927 0.000000 0.000000 0.000000 0.000000 1.000000
0.991749 0.032191 0.124089 0.000000 -0.055747 0.979942 0.191325 27.518200 -0.115441 -0.196664 0.973651 0.000000 0.000000 0.000000 0.000000 1.000000
0.984325 0.173702 0.030519 0.000000 -0.175791 0.980249 0.090605 27.518200 -0.014178 -0.094549 0.995419 0.000000 0.000000 0.000000 0.000000 1.000000
0.927528 0.362235 -0.092072 0.000000 -0.357972 0.931815 0.059809 27.518200 0.107459 -0.022516 0.993954 0.000000 0.000000 0.000000 0.000000 1.000000
0.829149 0.535468 -0.160582 -0.000000 -0.534046 0.843624 0.055608 27.518200 0.165247 0.039651 0.985455 0.000000 0.000000 0.000000 0.000000 1.000000
0.768317 0.601279 -0.219437 0.000000 -0.608113 0.792692 0.042866 27.518200 0.199720 0.100508 0.974685 0.000000 0.000000 0.000000 0.000000 1.000000
0.795668 0.547110 -0.259969 0.000000 -0.567815 0.823137 -0.005560 27.518200 0.210948 0.152038 0.965601 0.000000 0.000000 0.000000 0.000000 1.000000
0.851100 0.441670 -0.283824 0.000000 -0.477104 0.876285 -0.067062 27.518200 0.219091 0.192490 0.956528 0.000000 0.000000 0.000000 0.000000 1.000000
0.887166 0.355675 -0.293992 0.000000 -0.402660 0.907876 -0.116730 27.518200 0.225390 0.221938 0.948653 -0.000000 0.000000 0.000000 0.000000 1.000000
0.907364 0.295333 -0.299114 -0.000000 -0.349834 0.925072 -0.147845 27.518200 0.233038 0.238790 0.942694 0.000000 0.000000 0.000000 0.000000 1.000000
0.915801 0.263554 -0.303065 0.000000 -0.322033 0.932773 -0.161952 27.518200 0.240007 0.245913 0.939108 0.000000 0.000000 0.000000 0.000000 1.000000
0.937778 0.228518 -0.261442 0.000000 -0.277145 0.946192 -0.167068 27.518200 0.209197 0.229130 0.950651 0.000000 0.000000 0.000000 0.000000 1.000000
0.964775 0.195191 -0.176380 -0.000000 -0.223752 0.961437 -0.159920 27.518200 0.138363 0.193752 0.971244 -0.000000 0.000000 0.000000 0.000000 1.000000
0.981471 0.172644 -0.083115 0.000000 -0.183871 0.970642 -0.155069 27.518200 0.053903 0.167479 0.984401 -0.000000 0.000000 0.000000 0.000000 1.000000
0.980694 0.195187 -0.011874 -0.000000 -0.194776 0.969632 -0.147909 27.518200 -0.017357 0.147366 0.988930 -0.000000 0.000000 0.000000 0.000000 1.000000
0.962357 0.270960 0.021210 0.000000 -0.264995 0.952777 -0.148303 27.518200 -0.060392 0.137100 0.988714 0.000000 0.000000 0.000000 0.000000 1.000000
0.940245 0.335907 0.055725 0.000000 -0.325986 0.935305 -0.137611 27.518200 -0.098345 0.111223 0.988917 0.000000 0.000000 0.000000 0.000000 1.000000
0.934724 0.344954 0.085425 0.000000 -0.337221 0.936815 -0.093057 27.518200 -0.112128 0.058176 0.991989 0.000000 0.000000 0.000000 0.000000 1.000000
0.952566 0.278627 0.122411 0.000000 -0.278966 0.960188 -0.014712 27.518200 -0.121637 -0.020134 0.992370 -0.000000 0.000000 0.000000 0.000000 1.000000
0.979431 0.099006 0.175821 -0.000000 -0.117838 0.987975 0.100094 27.518200 -0.163797 -0.118753 0.979320 -0.000000 0.000000 0.000000 0.000000 1.000000
0.966096 -0.126546 0.225045 0.000000 0.071348 0.968557 0.238343 27.518200 -0.248131 -0.214205 0.944747 0.000000 0.000000 0.000000 0.000000 1.000000
0.915010 -0.312374 0.255303 -0.000000 0.209039 0.908354 0.362210 27.518200 -0.345051 -0.278058 0.896451 0.000000 0.000000 0.000000 0.000000 1.000000
0.881709 -0.385057 0.272617 0.000000 0.249576 0.871033 0.423100 27.518200 -0.400376 -0.305013 0.864099 0.000000 0.000000 0.000000 0.000000 1.000000
0.907696 -0.303105 0.290198 0.000000 0.179595 0.905630 0.384161 27.518200 -0.379253 -0.296583 0.876473 0.000000 0.000000 0.000000 0.000000 1.000000
0.948524 -0.105776 0.298518 0.000000 0.022959 0.963063 0.268296 27.518200 -0.315871 -0.247632 0.915917 0.000000 0.000000 0.000000 0.000000 1.000000
0.948987 0.133288 0.285757 0.000000 -0.175315 0.976309 0.126826 27.518200 -0.262083 -0.170454 0.949873 0.000000 0.000000 0.000000 0.000000 1.000000
0.907913 0.327853 0.261163 -0.000000 -0.342913 0.939277 0.012983 27.518200 -0.241048 -0.101343 0.965208 0.000000 0.000000 0.000000 0.000000 1.000000
0.879600 0.406024 0.247889 0.000000 -0.411317 0.910913 -0.032508 27.518200 -0.239004 -0.073367 0.968243 0.000000 0.000000 0.000000 0.000000 1.000000</float_array>
        <technique_common>
          <accessor source="#mixamorig_RightHand-Matrix-animation-output-transform-array" count="91" stride="16">
            <param type="float4x4"/>
          </accessor>
        </technique_common>
      </source>
      <source id="mixamorig_RightHand-Interpolations">
        <Name_array id="mixamorig_RightHand-Interpolations-array" count="91">
 LINEAR LINEAR LINEAR LINEAR LINEAR LINEAR LINEAR LINEAR LINEAR LINEAR LINEAR
LINEAR LINEAR LINEAR LINEAR LINEAR LINEAR LINEAR LINEAR LINEAR LINEAR LINEAR LINEAR
LINEAR LINEAR LINEAR LINEAR LINEAR LINEAR LINEAR LINEAR LINEAR LINEAR LINEAR LINEAR
LINEAR LINEAR LINEAR LINEAR LINEAR LINEAR LINEAR LINEAR LINEAR LINEAR LINEAR LINEAR
LINEAR LINEAR LINEAR LINEAR LINEAR LINEAR LINEAR LINEAR LINEAR LINEAR LINEAR LINEAR
LINEAR LINEAR LINEAR LINEAR LINEAR LINEAR LINEAR LINEAR LINEAR LINEAR LINEAR LINEAR
LINEAR LINEAR LINEAR LINEAR LINEAR LINEAR LINEAR LINEAR LINEAR LINEAR LINEAR LINEAR
LINEAR LINEAR LINEAR LINEAR LINEAR LINEAR LINEAR LINEAR</Name_array>
        <technique_common>
          <accessor source="#mixamorig_RightHand-Interpolations-array" count="91">
            <param type="name"/>
          </accessor>
        </technique_common>
      </source>
      <sampler id="mixamorig_RightHand-Matrix-animation-transform">
        <input semantic="INPUT" source="#mixamorig_RightHand-Matrix-animation-input"/>
        <input semantic="OUTPUT" source="#mixamorig_RightHand-Matrix-animation-output-transform"/>
        <input semantic="INTERPOLATION" source="#mixamorig_RightHand-Interpolations"/>
      </sampler>
      <channel source="#mixamorig_RightHand-Matrix-animation-transform" target="mixamorig_RightHand/matrix"/>
    </animation>
    <animation id="mixamorig_RightHandThumb1-anim" name="mixamorig_RightHandThumb1">
      <source id="mixamorig_RightHandThumb1-Matrix-animation-input">
        <float_array id="mixamorig_RightHandThumb1-Matrix-animation-input-array" count="91">

0.000000 0.033333 0.066667 0.100000 0.133333 0.166667 0.200000 0.233333 0.266667 0.300000 0.333333 0.366667 0.400000 0.433333 0.466667 0.500000
0.533333 0.566667 0.600000 0.633333 0.666667 0.700000 0.733333 0.766667 0.800000 0.833333 0.866667 0.900000 0.933333 0.966667 1.000000 1.033333
1.066667 1.100000 1.133333 1.166667 1.200000 1.233333 1.266667 1.300000 1.333333 1.366667 1.400000 1.433333 1.466667 1.500000 1.533333 1.566667
1.600000 1.633333 1.666667 1.700000 1.733333 1.766667 1.800000 1.833333 1.866667 1.900000 1.933333 1.966667 2.000000 2.033333 2.066667 2.100000
2.133333 2.166667 2.200000 2.233333 2.266667 2.300000 2.333333 2.366667 2.400000 2.433333 2.466667 2.500000 2.533333 2.566667 2.600000 2.633333
2.666667 2.700000 2.733333 2.766667 2.800000 2.833333 2.866667 2.900000 2.933333 2.966667 3.000000</float_array>
        <technique_common>
          <accessor source="#mixamorig_RightHandThumb1-Matrix-animation-input-array" count="91">
            <param name="TIME" type="float"/>
          </accessor>
        </technique_common>
      </source>
      <source id="mixamorig_RightHandThumb1-Matrix-animation-output-transform">
        <float_array id="mixamorig_RightHandThumb1-Matrix-animation-output-transform-array" count="1456">

0.894223 0.386266 -0.226195 5.114400 -0.435522 0.867492 -0.240370 4.227200 0.103376 0.313457 0.943959 0.254000 0.000000 0.000000 0.000000 1.000000
0.893841 0.387555 -0.225498 5.114400 -0.436586 0.866859 -0.240725 4.227200 0.102180 0.313619 0.944035 0.254000 0.000000 0.000000 0.000000 1.000000
0.892725 0.391266 -0.223503 5.114400 -0.439648 0.865027 -0.241740 4.227200 0.098751 0.314070 0.944250 0.254000 0.000000 0.000000 0.000000 1.000000
0.890900 0.397167 -0.220355 5.114400 -0.444512 0.862082 -0.243358 4.227200 0.093310 0.314758 0.944574 0.254000 0.000000 0.000000 0.000000 1.000000
0.888376 0.405023 -0.216203 5.114400 -0.450975 0.858101 -0.245531 4.227200 0.086078 0.315626 0.944971 0.254000 0.000000 0.000000 0.000000 1.000000
0.885158 0.414595 -0.211200 5.114400 -0.458827 0.853151 -0.248213 4.227200 0.077278 0.316613 0.945402 0.254000 0.000000 0.000000 0.000000 1.000000
0.881249 0.425641 -0.205498 5.114400 -0.467861 0.847303 -0.251365 4.227200 0.067128 0.317660 0.945826 0.254000 0.000000 0.000000 0.000000 1.000000
0.876656 0.437920 -0.199249 5.114400 -0.477865 0.840626 -0.254938 4.227200 0.055851 0.318707 0.946206 0.254000 0.000000 0.000000 0.000000 1.000000
0.871395 0.451192 -0.192602 5.114400 -0.488634 0.833198 -0.258879 4.227200 0.043672 0.319698 0.946513 0.254000 0.000000 0.000000 0.000000 1.000000
0.865496 0.465221 -0.185704 5.114400 -0.499967 0.825106 -0.263121 4.227200 0.030816 0.320576 0.946721 0.254000 0.000000 0.000000 0.000000 1.000000
0.859003 0.479775 -0.178692 5.114400 -0.511672 0.816448 -0.267590 4.227200 0.017509 0.321292 0.946818 0.254000 0.000000 0.000000 0.000000 1.000000
0.851977 0.494627 -0.171697 5.114400 -0.523564 0.807335 -0.272195 4.227200 0.003982 0.321798 0.946800 0.254000 0.000000 0.000000 0.000000 1.000000
0.844498 0.509559 -0.164842 5.114400 -0.535474 0.797891 -0.276834 4.227200 -0.009537 0.322055 0.946673 0.254000 0.000000 0.000000 0.000000 1.000000
0.836665 0.524358 -0.158241 5.114400 -0.547240 0.788257 -0.281390 4.227200 -0.022815 0.322025 0.946456 0.254000 0.000000 0.000000 0.000000 1.000000
0.828592 0.538825 -0.151994 5.114400 -0.558718 0.778583 -0.285732 4.227200 -0.035620 0.321677 0.946179 0.254000 0.000000 0.000000 0.000000 1.000000
0.820413 0.552766 -0.146192 5.114400 -0.569777 0.769036 -0.289721 4.227200 -0.047721 0.320987 0.945880 0.254000 0.000000 0.000000 0.000000 1.000000
0.812274 0.565998 -0.140917 5.114400 -0.580296 0.759794 -0.293204 4.227200 -0.058885 0.319936 0.945608 0.254000 0.000000 0.000000 0.000000 1.000000
0.804335 0.578345 -0.136241 5.114400 -0.590170 0.751047 -0.296021 4.227200 -0.068879 0.318506 0.945415 0.254000 0.000000 0.000000 0.000000 1.000000
0.796767 0.589642 -0.132229 5.114400 -0.599300 0.742989 -0.298007 4.227200 -0.077473 0.316686 0.945361 0.254000 0.000000 0.000000 0.000000 1.000000
0.789747 0.599728 -0.128942 5.114400 -0.607594 0.735823 -0.298988 4.227200 -0.084433 0.314469 0.945505 0.254000 0.000000 0.000000 0.000000 1.000000
0.783457 0.608447 -0.126442 5.114400 -0.614964 0.729756 -0.298790 4.227200 -0.089526 0.311846 0.945905 0.254000 0.000000 0.000000 0.000000 1.000000
0.777956 0.615806 -0.124771 5.114400 -0.621460 0.724880 -0.297213 4.227200 -0.092582 0.308759 0.946624 0.254000 0.000000 0.000000 0.000000 1.000000
0.772507 0.622827 -0.123773 5.114400 -0.628023 0.720528 -0.293985 4.227200 -0.093920 0.304838 0.947762 0.254000 0.000000 0.000000 0.000000 1.000000
0.766892 0.629817 -0.123320 5.114400 -0.634891 0.716455 -0.289147 4.227200 -0.093757 0.300039 0.949308 0.254000 0.000000 0.000000 0.000000 1.000000
0.761149 0.636745 -0.123324 5.114400 -0.641990 0.712643 -0.282823 4.227200 -0.092200 0.294443 0.951211 0.254000 0.000000 0.000000 0.000000 1.000000
0.755316 0.643579 -0.123704 5.114400 -0.649240 0.709074 -0.275139 4.227200 -0.089358 0.288131 0.953413 0.254000 0.000000 0.000000 0.000000 1.000000
0.749432 0.650291 -0.124388 5.114400 -0.656558 0.705731 -0.266223 4.227200 -0.085338 0.281184 0.955852 0.254000 0.000000 0.000000 0.000000 1.000000
0.743536 0.656851 -0.125308 5.114400 -0.663864 0.702598 -0.256205 4.227200 -0.080247 0.273685 0.958466 0.254000 0.000000 0.000000 0.000000 1.000000
0.737664 0.663230 -0.126403 5.114400 -0.671078 0.699658 -0.245220 4.227200 -0.074198 0.265716 0.961192 0.254000 0.000000 0.000000 0.000000 1.000000
0.731858 0.669400 -0.127621 5.114400 -0.678126 0.696899 -0.233403 4.227200 -0.067302 0.257361 0.963969 0.254000 0.000000 0.000000 0.000000 1.000000
0.726153 0.675339 -0.128915 5.114400 -0.684938 0.694308 -0.220897 4.227200 -0.059674 0.248704 0.966740 0.254000 0.000000 0.000000 0.000000 1.000000
0.720588 0.681021 -0.130247 5.114400 -0.691454 0.691876 -0.207846 4.227200 -0.051432 0.239831 0.969451 0.254000 0.000000 0.000000 0.000000 1.000000
0.715196 0.686426 -0.131584 5.114400 -0.697618 0.689593 -0.194397 4.227200 -0.042700 0.230827 0.972057 0.254000 0.000000 0.000000 0.000000 1.000000
0.710012 0.691536 -0.132899 5.114400 -0.703388 0.687453 -0.180702 4.227200 -0.033600 0.221780 0.974518 0.254000 0.000000 0.000000 0.000000 1.000000
0.705065 0.696334 -0.134172 5.114400 -0.708727 0.685453 -0.166914 4.227200 -0.024259 0.212777 0.976800 0.254000 0.000000 0.000000 0.000000 1.000000
0.700387 0.700806 -0.135387 5.114400 -0.713610 0.683588 -0.153191 4.227200 -0.014809 0.203906 0.978878 0.254000 0.000000 0.000000 0.000000 1.000000
0.696000 0.704942 -0.136531 5.114400 -0.718022 0.681859 -0.139690 4.227200 -0.005379 0.195257 0.980737 0.254000 0.000000 0.000000 0.000000 1.000000
0.691928 0.708733 -0.137597 5.114400 -0.721956 0.680265 -0.126571 4.227200 0.003898 0.186917 0.982368 0.254000 0.000000 0.000000 0.000000 1.000000
0.688193 0.712170 -0.138580 5.114400 -0.725413 0.678808 -0.113993 4.227200 0.012887 0.178977 0.983769 0.254000 0.000000 0.000000 0.000000 1.000000
0.684809 0.715250 -0.139476 5.114400 -0.728407 0.677492 -0.102118 4.227200 0.021454 0.171527 0.984946 0.254000 0.000000 0.000000 0.000000 1.000000
0.681793 0.717969 -0.140283 5.114400 -0.730952 0.676321 -0.091106 4.227200 0.029465 0.164655 0.985911 0.254000 0.000000 0.000000 0.000000 1.000000
0.679157 0.720323 -0.140998 5.114400 -0.733071 0.675298 -0.081117 4.227200 0.036785 0.158453 0.986681 0.254000 0.000000 0.000000 0.000000 1.000000
0.676913 0.722311 -0.141619 5.114400 -0.734790 0.674430 -0.072311 4.227200 0.043282 0.153009 0.987277 0.254000 0.000000 0.000000 0.000000 1.000000
0.675071 0.723930 -0.142143 5.114400 -0.736136 0.673720 -0.064846 4.227200 0.048821 0.148412 0.987720 0.254000 0.000000 0.000000 0.000000 1.000000
0.673641 0.725178 -0.142562 5.114400 -0.737136 0.673174 -0.058881 4.227200 0.053270 0.144752 0.988033 0.254000 0.000000 0.000000 0.000000 1.000000
0.672635 0.726052 -0.142869 5.114400 -0.737814 0.672794 -0.054573 4.227200 0.056499 0.142118 0.988236 0.254000 0.000000 0.000000 0.000000 1.000000
0.672065 0.726544 -0.143050 5.114400 -0.738188 0.672582 -0.052077 4.227200 0.058376 0.140597 0.988344 0.254000 0.000000 0.000000 0.000000 1.000000
0.671960 0.726633 -0.143089 5.114400 -0.738255 0.672545 -0.051600 4.227200 0.058740 0.140309 0.988364 0.254000 0.000000 0.000000 0.000000 1.000000
0.672463 0.726189 -0.142979 5.114400 -0.737917 0.672752 -0.053694 4.227200 0.057197 0.141614 0.988268 0.254000 0.000000 0.000000 0.000000 1.000000
0.673623 0.725161 -0.142737 5.114400 -0.737120 0.673233 -0.058416 4.227200 0.053734 0.144564 0.988035 0.254000 0.000000 0.000000 0.000000 1.000000
0.675410 0.723568 -0.142374 5.114400 -0.735842 0.673978 -0.065502 4.227200 0.048562 0.149006 0.987643 0.254000 0.000000 0.000000 0.000000 1.000000
0.677802 0.721423 -0.141895 5.114400 -0.734050 0.674975 -0.074689 4.227200 0.041893 0.154782 0.987060 0.254000 0.000000 0.000000 0.000000 1.000000
0.680775 0.718735 -0.141299 5.114400 -0.731706 0.676210 -0.085710 4.227200 0.033945 0.161738 0.986250 0.254000 0.000000 0.000000 0.000000 1.000000
0.684306 0.715515 -0.140582 5.114400 -0.728769 0.677668 -0.098297 4.227200 0.024935 0.169717 0.985177 0.254000 0.000000 0.000000 0.000000 1.000000
0.688368 0.711775 -0.139738 5.114400 -0.725205 0.679333 -0.112182 4.227200 0.015080 0.178561 0.983813 0.254000 0.000000 0.000000 0.000000 1.000000
0.692931 0.707526 -0.138761 5.114400 -0.720990 0.681191 -0.127095 4.227200 0.004600 0.188113 0.982137 0.254000 0.000000 0.000000 0.000000 1.000000
0.697959 0.702784 -0.137649 5.114400 -0.716110 0.683231 -0.142766 4.227200 -0.006288 0.198217 0.980138 0.254000 0.000000 0.000000 0.000000 1.000000
0.703412 0.697571 -0.136404 5.114400 -0.710570 0.685444 -0.158925 4.227200 -0.017364 0.208715 0.977822 0.254000 0.000000 0.000000 0.000000 1.000000
0.709242 0.691911 -0.135036 5.114400 -0.704392 0.687823 -0.175305 4.227200 -0.028415 0.219453 0.975209 0.254000 0.000000 0.000000 0.000000 1.000000
0.715397 0.685834 -0.133562 5.114400 -0.697616 0.690366 -0.191641 4.227200 -0.039227 0.230275 0.972335 0.254000 0.000000 0.000000 0.000000 1.000000
0.721819 0.679375 -0.132010 5.114400 -0.690302 0.693076 -0.207672 4.227200 -0.049594 0.241029 0.969250 0.254000 0.000000 0.000000 0.000000 1.000000
0.728445 0.672575 -0.130421 5.114400 -0.682531 0.695959 -0.223142 4.227200 -0.059312 0.251563 0.966022 0.254000 0.000000 0.000000 0.000000 1.000000
0.734663 0.665826 -0.130178 5.114400 -0.675322 0.699354 -0.234187 4.227200 -0.064888 0.259961 0.963437 0.254000 0.000000 0.000000 0.000000 1.000000
0.734619 0.662649 -0.145711 5.114400 -0.677775 0.706944 -0.202118 4.227200 -0.030924 0.247239 0.968461 0.254000 0.000000 0.000000 0.000000 1.000000
0.733222 0.659648 -0.165076 5.114400 -0.679873 0.715653 -0.160040 4.227200 0.012567 0.229576 0.973210 0.254000 0.000000 0.000000 0.000000 1.000000
0.742178 0.650857 -0.159868 5.114400 -0.670179 0.718718 -0.185213 4.227200 -0.005647 0.244601 0.969607 0.254000 0.000000 0.000000 0.000000 1.000000
0.753416 0.640625 -0.148200 5.114400 -0.656480 0.720026 -0.224938 4.227200 -0.037394 0.266763 0.963037 0.254000 0.000000 0.000000 0.000000 1.000000
0.753840 0.636161 -0.164391 5.114400 -0.657050 0.728650 -0.193272 4.227200 -0.003169 0.253710 0.967275 0.254000 0.000000 0.000000 0.000000 1.000000
0.758356 0.629332 -0.169815 5.114400 -0.651813 0.734537 -0.188666 4.227200 0.006001 0.253764 0.967248 0.254000 0.000000 0.000000 0.000000 1.000000
0.764254 0.621713 -0.171435 5.114400 -0.644880 0.739528 -0.192948 4.227200 0.006823 0.258016 0.966117 0.254000 0.000000 0.000000 0.000000 1.000000
0.770552 0.613312 -0.173488 5.114400 -0.637317 0.745143 -0.196442 4.227200 0.008793 0.261935 0.965045 0.254000 0.000000 0.000000 0.000000 1.000000
0.777621 0.603597 -0.176001 5.114400 -0.628623 0.751636 -0.199692 4.227200 0.011755 0.265923 0.963923 0.254000 0.000000 0.000000 0.000000 1.000000
0.785309 0.592696 -0.178891 5.114400 -0.618908 0.758844 -0.202753 4.227200 0.015579 0.269941 0.962751 0.254000 0.000000 0.000000 0.000000 1.000000
0.793466 0.580741 -0.182079 5.114400 -0.608282 0.766611 -0.205673 4.227200 0.020141 0.273950 0.961533 0.254000 0.000000 0.000000 0.000000 1.000000
0.801947 0.567869 -0.185488 5.114400 -0.596859 0.774782 -0.208500 4.227200 0.025312 0.277916 0.960272 0.254000 0.000000 0.000000 0.000000 1.000000
0.810615 0.554226 -0.189043 5.114400 -0.584760 0.783211 -0.211272 4.227200 0.030968 0.281805 0.958972 0.254000 0.000000 0.000000 0.000000 1.000000
0.819340 0.539963 -0.192671 5.114400 -0.572114 0.791757 -0.214024 4.227200 0.036983 0.285588 0.957639 0.254000 0.000000 0.000000 0.000000 1.000000
0.828001 0.525244 -0.196300 5.114400 -0.559058 0.800287 -0.216783 4.227200 0.043233 0.289240 0.956280 0.254000 0.000000 0.000000 0.000000 1.000000
0.836486 0.510242 -0.199862 5.114400 -0.545740 0.808676 -0.219569 4.227200 0.049591 0.292739 0.954906 0.254000 0.000000 0.000000 0.000000 1.000000
0.844695 0.495141 -0.203289 5.114400 -0.532318 0.816811 -0.222392 4.227200 0.055933 0.296068 0.953528 0.254000 0.000000 0.000000 0.000000 1.000000
0.852538 0.480135 -0.206516 5.114400 -0.518958 0.824586 -0.225258 4.227200 0.062136 0.299214 0.952161 0.254000 0.000000 0.000000 0.000000 1.000000
0.859938 0.465429 -0.209481 5.114400 -0.505838 0.831907 -0.228164 4.227200 0.068074 0.302170 0.950820 0.254000 0.000000 0.000000 0.000000 1.000000
0.866826 0.451237 -0.212126 5.114400 -0.493145 0.838690 -0.231102 4.227200 0.073626 0.304934 0.949523 0.254000 0.000000 0.000000 0.000000 1.000000
0.873145 0.437781 -0.214395 5.114400 -0.481070 0.844860 -0.234059 4.227200 0.078667 0.307506 0.948289 0.254000 0.000000 0.000000 0.000000 1.000000
0.878846 0.425290 -0.216237 5.114400 -0.469817 0.850350 -0.237016 4.227200 0.083076 0.309892 0.947135 0.254000 0.000000 0.000000 0.000000 1.000000
0.883886 0.413998 -0.217603 5.114400 -0.459590 0.855102 -0.239955 4.227200 0.086731 0.312101 0.946082 0.254000 0.000000 0.000000 0.000000 1.000000
0.888229 0.404143 -0.218446 5.114400 -0.450597 0.859059 -0.242857 4.227200 0.089510 0.314144 0.945146 0.254000 0.000000 0.000000 0.000000 1.000000
0.891180 0.396397 -0.220609 5.114400 -0.443835 0.862470 -0.243221 4.227200 0.093857 0.314667 0.944550 0.254000 0.000000 0.000000 0.000000 1.000000
0.892853 0.390905 -0.223622 5.114400 -0.439331 0.865206 -0.241677 4.227200 0.099006 0.314026 0.944238 0.254000 0.000000 0.000000 0.000000 1.000000
0.893874 0.387461 -0.225529 5.114400 -0.436503 0.866905 -0.240709 4.227200 0.102248 0.313607 0.944032 0.254000 0.000000 0.000000 0.000000 1.000000
0.894223 0.386266 -0.226195 5.114400 -0.435522 0.867492 -0.240370 4.227200 0.103376 0.313457 0.943959 0.254000 0.000000 0.000000 0.000000 1.000000</float_array>
        <technique_common>
          <accessor source="#mixamorig_RightHandThumb1-Matrix-animation-output-transform-array" count="91" stride="16">
            <param type="float4x4"/>
          </accessor>
        </technique_common>
      </source>
      <source id="mixamorig_RightHandThumb1-Interpolations">
        <Name_array id="mixamorig_RightHandThumb1-Interpolations-array" count="91">
 LINEAR LINEAR LINEAR LINEAR LINEAR LINEAR LINEAR LINEAR LINEAR LINEAR LINEAR
LINEAR LINEAR LINEAR LINEAR LINEAR LINEAR LINEAR LINEAR LINEAR LINEAR LINEAR LINEAR
LINEAR LINEAR LINEAR LINEAR LINEAR LINEAR LINEAR LINEAR LINEAR LINEAR LINEAR LINEAR
LINEAR LINEAR LINEAR LINEAR LINEAR LINEAR LINEAR LINEAR LINEAR LINEAR LINEAR LINEAR
LINEAR LINEAR LINEAR LINEAR LINEAR LINEAR LINEAR LINEAR LINEAR LINEAR LINEAR LINEAR
LINEAR LINEAR LINEAR LINEAR LINEAR LINEAR LINEAR LINEAR LINEAR LINEAR LINEAR LINEAR
LINEAR LINEAR LINEAR LINEAR LINEAR LINEAR LINEAR LINEAR LINEAR LINEAR LINEAR LINEAR
LINEAR LINEAR LINEAR LINEAR LINEAR LINEAR LINEAR LINEAR</Name_array>
        <technique_common>
          <accessor source="#mixamorig_RightHandThumb1-Interpolations-array" count="91">
            <param type="name"/>
          </accessor>
        </technique_common>
      </source>
      <sampler id="mixamorig_RightHandThumb1-Matrix-animation-transform">
        <input semantic="INPUT" source="#mixamorig_RightHandThumb1-Matrix-animation-input"/>
        <input semantic="OUTPUT" source="#mixamorig_RightHandThumb1-Matrix-animation-output-transform"/>
        <input semantic="INTERPOLATION" source="#mixamorig_RightHandThumb1-Interpolations"/>
      </sampler>
      <channel source="#mixamorig_RightHandThumb1-Matrix-animation-transform" target="mixamorig_RightHandThumb1/matrix"/>
    </animation>
    <animation id="mixamorig_RightHandThumb2-anim" name="mixamorig_RightHandThumb2">
      <source id="mixamorig_RightHandThumb2-Matrix-animation-input">
        <float_array id="mixamorig_RightHandThumb2-Matrix-animation-input-array" count="91">

0.000000 0.033333 0.066667 0.100000 0.133333 0.166667 0.200000 0.233333 0.266667 0.300000 0.333333 0.366667 0.400000 0.433333 0.466667 0.500000
0.533333 0.566667 0.600000 0.633333 0.666667 0.700000 0.733333 0.766667 0.800000 0.833333 0.866667 0.900000 0.933333 0.966667 1.000000 1.033333
1.066667 1.100000 1.133333 1.166667 1.200000 1.233333 1.266667 1.300000 1.333333 1.366667 1.400000 1.433333 1.466667 1.500000 1.533333 1.566667
1.600000 1.633333 1.666667 1.700000 1.733333 1.766667 1.800000 1.833333 1.866667 1.900000 1.933333 1.966667 2.000000 2.033333 2.066667 2.100000
2.133333 2.166667 2.200000 2.233333 2.266667 2.300000 2.333333 2.366667 2.400000 2.433333 2.466667 2.500000 2.533333 2.566667 2.600000 2.633333
2.666667 2.700000 2.733333 2.766667 2.800000 2.833333 2.866667 2.900000 2.933333 2.966667 3.000000</float_array>
        <technique_common>
          <accessor source="#mixamorig_RightHandThumb2-Matrix-animation-input-array" count="91">
            <param name="TIME" type="float"/>
          </accessor>
        </technique_common>
      </source>
      <source id="mixamorig_RightHandThumb2-Matrix-animation-output-transform">
        <float_array id="mixamorig_RightHandThumb2-Matrix-animation-output-transform-array" count="1456">

0.878103 -0.462247 -0.123542 0.000000 0.457880 0.886751 -0.063396 1.937500 0.138856 -0.000899 0.990312 0.000000 0.000000 0.000000 0.000000 1.000000
0.877422 -0.463831 -0.122437 0.000000 0.459319 0.885923 -0.064546 1.937500 0.138408 0.000397 0.990375 -0.000000 0.000000 0.000000 0.000000 1.000000
0.875447 -0.468374 -0.119236 -0.000000 0.463454 0.883520 -0.067841 1.937500 0.137123 0.004130 0.990545 0.000000 0.000000 0.000000 0.000000 1.000000
0.872260 -0.475549 -0.114081 0.000000 0.470015 0.879631 -0.073039 1.937500 0.135083 0.010089 0.990783 0.000000 0.000000 0.000000 0.000000 1.000000
0.868191 -0.484709 -0.106304 0.000000 0.478543 0.874494 -0.079094 1.937500 0.131300 0.017798 0.991183 0.000000 0.000000 0.000000 0.000000 1.000000
0.863363 -0.495413 -0.095766 0.000000 0.488726 0.868237 -0.085505 1.937500 0.125507 0.027018 0.991725 0.000000 0.000000 0.000000 0.000000 1.000000
0.857498 -0.507661 -0.083532 0.000000 0.500515 0.860723 -0.092956 1.937500 0.119088 0.037900 0.992160 0.000000 0.000000 0.000000 0.000000 1.000000
0.850614 -0.521130 -0.069851 -0.000000 0.513657 0.851994 -0.101301 1.937500 0.112304 0.050289 0.992401 0.000000 0.000000 0.000000 0.000000 1.000000
0.842745 -0.535498 -0.054981 0.000000 0.527892 0.842108 -0.110386 1.937500 0.105411 0.064004 0.992367 0.000000 0.000000 0.000000 0.000000 1.000000
0.833951 -0.550446 -0.039187 0.000000 0.542950 0.831140 -0.120051 1.937500 0.098651 0.078840 0.991994 -0.000000 0.000000 0.000000 0.000000 1.000000
0.824321 -0.565665 -0.022741 0.000000 0.558558 0.819195 -0.130127 1.937500 0.092237 0.094564 0.991237 0.000000 0.000000 0.000000 0.000000 1.000000
0.813978 -0.580866 -0.005920 0.000000 0.574442 0.806407 -0.140444 1.937500 0.086353 0.110918 0.990071 0.000000 0.000000 0.000000 0.000000 1.000000
0.803072 -0.595780 0.011001 0.000000 0.590332 0.792943 -0.150832 1.937500 0.081139 0.127623 0.988498 -0.000000 0.000000 0.000000 0.000000 1.000000
0.791784 -0.610170 0.027753 -0.000000 0.605967 0.779002 -0.161121 1.937500 0.076691 0.144391 0.986544 0.000000 0.000000 0.000000 0.000000 1.000000
0.780317 -0.623830 0.044075 -0.000000 0.621103 0.764814 -0.171147 1.937500 0.073057 0.160924 0.984259 0.000000 0.000000 0.000000 0.000000 1.000000
0.768890 -0.636587 0.059719 0.000000 0.635512 0.750635 -0.180754 1.937500 0.070239 0.176932 0.981714 0.000000 0.000000 0.000000 0.000000 1.000000
0.757734 -0.648303 0.074454 0.000000 0.648991 0.736741 -0.189797 1.937500 0.068193 0.192135 0.978996 0.000000 0.000000 0.000000 0.000000 1.000000
0.747083 -0.658871 0.088065 -0.000000 0.661361 0.723424 -0.198139 1.937500 0.066839 0.206269 0.976210 0.000000 0.000000 0.000000 0.000000 1.000000
0.737173 -0.668210 0.100355 -0.000000 0.672466 0.710982 -0.205654 1.937500 0.066069 0.219088 0.973466 -0.000000 0.000000 0.000000 0.000000 1.000000
0.728232 -0.676259 0.111140 0.000000 0.682169 0.699718 -0.212228 1.937500 0.065755 0.230367 0.970880 0.000000 0.000000 0.000000 0.000000 1.000000
0.720482 -0.682969 0.120246 -0.000000 0.690350 0.689929 -0.217749 1.937500 0.065755 0.239896 0.968569 0.000000 0.000000 0.000000 0.000000 1.000000
0.714025 -0.688312 0.128043 0.000000 0.697057 0.681819 -0.221889 1.937500 0.065426 0.247687 0.966628 0.000000 0.000000 0.000000 0.000000 1.000000
0.707993 -0.693052 0.135739 0.000000 0.703265 0.674322 -0.225185 1.937500 0.064533 0.254890 0.964814 0.000000 0.000000 0.000000 0.000000 1.000000
0.702049 -0.697614 0.143046 0.000000 0.709252 0.666924 -0.228416 1.937500 0.063945 0.261815 0.962997 -0.000000 0.000000 0.000000 0.000000 1.000000
0.696209 -0.701997 0.149974 0.000000 0.715012 0.659643 -0.231579 1.937500 0.063639 0.268461 0.961186 -0.000000 0.000000 0.000000 0.000000 1.000000
0.690489 -0.706203 0.156530 0.000000 0.720542 0.652493 -0.234676 1.937500 0.063594 0.274828 0.959388 0.000000 0.000000 0.000000 0.000000 1.000000
0.684901 -0.710233 0.162724 -0.000000 0.725838 0.645489 -0.237703 1.937500 0.063788 0.280915 0.957611 0.000000 0.000000 0.000000 0.000000 1.000000
0.679462 -0.714086 0.168563 0.000000 0.730897 0.638649 -0.240660 1.937500 0.064199 0.286722 0.955860 -0.000000 0.000000 0.000000 0.000000 1.000000
0.674183 -0.717762 0.174056 0.000000 0.735716 0.631987 -0.243544 1.937500 0.064805 0.292249 0.954144 0.000000 0.000000 0.000000 0.000000 1.000000
0.669077 -0.721263 0.179209 0.000000 0.740294 0.625521 -0.246350 1.937500 0.065585 0.297494 0.952468 0.000000 0.000000 0.000000 0.000000 1.000000
0.664156 -0.724589 0.184030 0.000000 0.744629 0.619265 -0.249075 1.937500 0.066514 0.302458 0.950839 -0.000000 0.000000 0.000000 0.000000 1.000000
0.659435 -0.727740 0.188524 0.000000 0.748719 0.613238 -0.251713 1.937500 0.067572 0.307139 0.949263 -0.000000 0.000000 0.000000 0.000000 1.000000
0.654922 -0.730715 0.192699 0.000000 0.752564 0.607453 -0.254258 1.937500 0.068734 0.311537 0.947745 0.000000 0.000000 0.000000 0.000000 1.000000
0.650630 -0.733515 0.196561 0.000000 0.756163 0.601930 -0.256705 1.937500 0.069981 0.315652 0.946291 0.000000 0.000000 0.000000 0.000000 1.000000
0.646571 -0.736139 0.200115 0.000000 0.759516 0.596683 -0.259046 1.937500 0.071289 0.319482 0.944907 0.000000 0.000000 0.000000 0.000000 1.000000
0.642754 -0.738586 0.203366 0.000000 0.762621 0.591730 -0.261274 1.937500 0.072636 0.323027 0.943598 -0.000000 0.000000 0.000000 0.000000 1.000000
0.639191 -0.740855 0.206322 0.000000 0.765479 0.587088 -0.263381 1.937500 0.073998 0.326286 0.942370 0.000000 0.000000 0.000000 0.000000 1.000000
0.635893 -0.742944 0.208986 0.000000 0.768090 0.582772 -0.265357 1.937500 0.075354 0.329259 0.941228 0.000000 0.000000 0.000000 0.000000 1.000000
0.632869 -0.744850 0.211363 0.000000 0.770452 0.578802 -0.267193 1.937500 0.076682 0.331944 0.940177 0.000000 0.000000 0.000000 0.000000 1.000000
0.630130 -0.746572 0.213461 -0.000000 0.772566 0.575191 -0.268880 1.937500 0.077958 0.334342 0.939222 0.000000 0.000000 0.000000 0.000000 1.000000
0.627687 -0.748106 0.215282 0.000000 0.774431 0.571959 -0.270407 1.937500 0.079160 0.336452 0.938368 -0.000000 0.000000 0.000000 0.000000 1.000000
0.625548 -0.749448 0.216833 -0.000000 0.776045 0.569121 -0.271762 1.937500 0.080267 0.338273 0.937619 0.000000 0.000000 0.000000 0.000000 1.000000
0.623725 -0.750594 0.218120 -0.000000 0.777409 0.566694 -0.272934 1.937500 0.081255 0.339804 0.936980 -0.000000 0.000000 0.000000 0.000000 1.000000
0.622228 -0.751536 0.219147 0.000000 0.778519 0.564695 -0.273911 1.937500 0.082103 0.341045 0.936455 0.000000 0.000000 0.000000 0.000000 1.000000
0.621066 -0.752271 0.219922 0.000000 0.779374 0.563140 -0.274681 1.937500 0.082787 0.341996 0.936047 -0.000000 0.000000 0.000000 0.000000 1.000000
0.620249 -0.752790 0.220451 0.000000 0.779971 0.562045 -0.275229 1.937500 0.083286 0.342656 0.935762 0.000000 0.000000 0.000000 0.000000 1.000000
0.619788 -0.753084 0.220741 0.000000 0.780306 0.561425 -0.275543 1.937500 0.083578 0.343024 0.935601 0.000000 0.000000 0.000000 0.000000 1.000000
0.619704 -0.753139 0.220791 0.000000 0.780366 0.561312 -0.275603 1.937500 0.083635 0.343090 0.935572 0.000000 0.000000 0.000000 0.000000 1.000000
0.620124 -0.752879 0.220497 0.000000 0.780058 0.561874 -0.275331 1.937500 0.083399 0.342740 0.935721 0.000000 0.000000 0.000000 0.000000 1.000000
0.621093 -0.752282 0.219807 0.000000 0.779343 0.563167 -0.274713 1.937500 0.082874 0.341927 0.936065 -0.000000 0.000000 0.000000 0.000000 1.000000
0.622586 -0.751365 0.218718 0.000000 0.778234 0.565156 -0.273772 1.937500 0.082092 0.340661 0.936596 0.000000 0.000000 0.000000 0.000000 1.000000
0.624579 -0.750141 0.217232 0.000000 0.776740 0.567804 -0.272532 1.937500 0.081092 0.338950 0.937303 0.000000 0.000000 0.000000 0.000000 1.000000
0.627048 -0.748622 0.215348 0.000000 0.774871 0.571075 -0.271013 1.937500 0.079907 0.336806 0.938177 -0.000000 0.000000 0.000000 0.000000 1.000000
0.629968 -0.746820 0.213071 0.000000 0.772636 0.574929 -0.269239 1.937500 0.078573 0.334239 0.939208 0.000000 0.000000 0.000000 0.000000 1.000000
0.633315 -0.744744 0.210401 0.000000 0.770041 0.579331 -0.267230 1.937500 0.077126 0.331258 0.940383 -0.000000 0.000000 0.000000 0.000000 1.000000
0.637063 -0.742402 0.207341 0.000000 0.767096 0.584241 -0.265003 1.937500 0.075601 0.327874 0.941692 0.000000 0.000000 0.000000 0.000000 1.000000
0.641187 -0.739801 0.203894 0.000000 0.763805 0.589623 -0.262578 1.937500 0.074035 0.324096 0.943123 0.000000 0.000000 0.000000 0.000000 1.000000
0.645664 -0.736949 0.200061 0.000000 0.760176 0.595438 -0.259973 1.937500 0.072463 0.319937 0.944664 0.000000 0.000000 0.000000 0.000000 1.000000
0.650466 -0.733852 0.195845 0.000000 0.756218 0.601649 -0.257204 1.937500 0.070919 0.315404 0.946304 0.000000 0.000000 0.000000 0.000000 1.000000
0.655568 -0.730517 0.191248 0.000000 0.751937 0.608218 -0.254288 1.937500 0.069441 0.310509 0.948031 0.000000 0.000000 0.000000 0.000000 1.000000
0.660944 -0.726951 0.186269 0.000000 0.747342 0.615108 -0.251241 1.937500 0.068064 0.305263 0.949833 0.000000 0.000000 0.000000 0.000000 1.000000
0.666568 -0.723159 0.180908 0.000000 0.742443 0.622283 -0.248077 1.937500 0.066823 0.299674 0.951699 0.000000 0.000000 0.000000 0.000000 1.000000
0.678576 -0.713704 0.173669 0.000000 0.731600 0.635610 -0.246497 1.937500 0.065540 0.294324 0.953456 0.000000 0.000000 0.000000 0.000000 1.000000
0.757511 -0.635968 0.147382 -0.000000 0.649851 0.713081 -0.263075 1.937500 0.062212 0.295059 0.953451 0.000000 0.000000 0.000000 0.000000 1.000000
0.837754 -0.534008 0.114033 0.000000 0.542826 0.791801 -0.279985 1.937500 0.059223 0.296458 0.953208 0.000000 0.000000 0.000000 0.000000 1.000000
0.824981 -0.553584 0.113804 0.000000 0.561836 0.781518 -0.271237 1.937500 0.061213 0.287705 0.955761 0.000000 0.000000 0.000000 0.000000 1.000000
0.789053 -0.602255 0.121178 -0.000000 0.611038 0.749031 -0.256096 1.937500 0.063469 0.276118 0.959026 0.000000 0.000000 0.000000 0.000000 1.000000
0.846226 -0.524569 0.093425 0.000000 0.528903 0.805756 -0.266494 1.937500 0.064517 0.274928 0.959298 0.000000 0.000000 0.000000 0.000000 1.000000
0.862896 -0.499062 0.079671 0.000000 0.500923 0.823694 -0.265715 1.937500 0.066984 0.269194 0.960754 -0.000000 0.000000 0.000000 0.000000 1.000000
0.866025 -0.494861 0.071513 -0.000000 0.495090 0.828704 -0.261029 1.937500 0.069910 0.261463 0.962678 0.000000 0.000000 0.000000 0.000000 1.000000
0.868551 -0.491492 0.063672 0.000000 0.490339 0.833542 -0.254509 1.937500 0.072015 0.252275 0.964972 0.000000 0.000000 0.000000 0.000000 1.000000
0.870808 -0.488568 0.054727 0.000000 0.485929 0.838478 -0.246633 1.937500 0.074609 0.241363 0.967563 -0.000000 0.000000 0.000000 0.000000 1.000000
0.872801 -0.486017 0.044797 0.000000 0.481857 0.843436 -0.237549 1.937500 0.077669 0.228919 0.970342 0.000000 0.000000 0.000000 0.000000 1.000000
0.874533 -0.483771 0.034010 0.000000 0.478125 0.848339 -0.227413 1.937500 0.081164 0.215141 0.973204 0.000000 0.000000 0.000000 0.000000 1.000000
0.876006 -0.481775 0.022503 0.000000 0.474742 0.853111 -0.216384 1.937500 0.085051 0.200237 0.976049 0.000000 0.000000 0.000000 0.000000 1.000000
0.877214 -0.479986 0.010425 0.000000 0.471725 0.857672 -0.204632 1.937500 0.089279 0.184424 0.978783 0.000000 0.000000 0.000000 0.000000 1.000000
0.878152 -0.478377 -0.002062 0.000000 0.469098 0.861949 -0.192331 1.937500 0.093784 0.167928 0.981328 0.000000 0.000000 0.000000 0.000000 1.000000
0.878811 -0.476941 -0.014786 0.000000 0.466895 0.865870 -0.179663 1.937500 0.098491 0.150986 0.983617 0.000000 0.000000 0.000000 0.000000 1.000000
0.879183 -0.475686 -0.027563 0.000000 0.465148 0.869374 -0.166813 1.937500 0.103314 0.133838 0.985603 0.000000 0.000000 0.000000 0.000000 1.000000
0.879263 -0.474637 -0.040208 0.000000 0.463896 0.872407 -0.153968 1.937500 0.108157 0.116726 0.987257 -0.000000 0.000000 0.000000 0.000000 1.000000
0.879044 -0.473837 -0.052527 0.000000 0.463174 0.874928 -0.141315 1.937500 0.112918 0.099893 0.988570 0.000000 0.000000 0.000000 0.000000 1.000000
0.878528 -0.473339 -0.064328 0.000000 0.463017 0.876906 -0.129036 1.937500 0.117488 0.083576 0.989551 0.000000 0.000000 0.000000 0.000000 1.000000
0.877716 -0.473208 -0.075424 0.000000 0.463454 0.878322 -0.117306 1.937500 0.121756 0.068006 0.990228 -0.000000 0.000000 0.000000 0.000000 1.000000
0.876615 -0.473512 -0.085632 0.000000 0.464508 0.879167 -0.106294 1.937500 0.125616 0.053403 0.990641 0.000000 0.000000 0.000000 0.000000 1.000000
0.875232 -0.474328 -0.094775 0.000000 0.466196 0.879440 -0.096160 1.937500 0.128960 0.039979 0.990844 0.000000 0.000000 0.000000 0.000000 1.000000
0.873577 -0.475729 -0.102688 0.000000 0.468530 0.879148 -0.087055 1.937500 0.131692 0.027938 0.990897 0.000000 0.000000 0.000000 0.000000 1.000000
0.871664 -0.477785 -0.109198 0.000000 0.471514 0.878303 -0.079111 1.937500 0.133707 0.017469 0.990867 0.000000 0.000000 0.000000 0.000000 1.000000
0.872695 -0.474599 -0.114712 0.000000 0.469144 0.880153 -0.072352 1.937500 0.135302 0.009324 0.990760 0.000000 0.000000 0.000000 0.000000 1.000000
0.875647 -0.467926 -0.119526 0.000000 0.463045 0.883759 -0.067516 1.937500 0.137225 0.003774 0.990533 0.000000 0.000000 0.000000 0.000000 1.000000
0.877474 -0.463713 -0.122512 0.000000 0.459211 0.885985 -0.064460 1.937500 0.138435 0.000303 0.990372 0.000000 0.000000 0.000000 0.000000 1.000000
0.878103 -0.462247 -0.123542 -0.000000 0.457880 0.886751 -0.063396 1.937500 0.138856 -0.000899 0.990312 0.000000 0.000000 0.000000 0.000000 1.000000</float_array>
        <technique_common>
          <accessor source="#mixamorig_RightHandThumb2-Matrix-animation-output-transform-array" count="91" stride="16">
            <param type="float4x4"/>
          </accessor>
        </technique_common>
      </source>
      <source id="mixamorig_RightHandThumb2-Interpolations">
        <Name_array id="mixamorig_RightHandThumb2-Interpolations-array" count="91">
 LINEAR LINEAR LINEAR LINEAR LINEAR LINEAR LINEAR LINEAR LINEAR LINEAR LINEAR
LINEAR LINEAR LINEAR LINEAR LINEAR LINEAR LINEAR LINEAR LINEAR LINEAR LINEAR LINEAR
LINEAR LINEAR LINEAR LINEAR LINEAR LINEAR LINEAR LINEAR LINEAR LINEAR LINEAR LINEAR
LINEAR LINEAR LINEAR LINEAR LINEAR LINEAR LINEAR LINEAR LINEAR LINEAR LINEAR LINEAR
LINEAR LINEAR LINEAR LINEAR LINEAR LINEAR LINEAR LINEAR LINEAR LINEAR LINEAR LINEAR
LINEAR LINEAR LINEAR LINEAR LINEAR LINEAR LINEAR LINEAR LINEAR LINEAR LINEAR LINEAR
LINEAR LINEAR LINEAR LINEAR LINEAR LINEAR LINEAR LINEAR LINEAR LINEAR LINEAR LINEAR
LINEAR LINEAR LINEAR LINEAR LINEAR LINEAR LINEAR LINEAR</Name_array>
        <technique_common>
          <accessor source="#mixamorig_RightHandThumb2-Interpolations-array" count="91">
            <param type="name"/>
          </accessor>
        </technique_common>
      </source>
      <sampler id="mixamorig_RightHandThumb2-Matrix-animation-transform">
        <input semantic="INPUT" source="#mixamorig_RightHandThumb2-Matrix-animation-input"/>
        <input semantic="OUTPUT" source="#mixamorig_RightHandThumb2-Matrix-animation-output-transform"/>
        <input semantic="INTERPOLATION" source="#mixamorig_RightHandThumb2-Interpolations"/>
      </sampler>
      <channel source="#mixamorig_RightHandThumb2-Matrix-animation-transform" target="mixamorig_RightHandThumb2/matrix"/>
    </animation>
    <animation id="mixamorig_RightHandThumb3-anim" name="mixamorig_RightHandThumb3">
      <source id="mixamorig_RightHandThumb3-Matrix-animation-input">
        <float_array id="mixamorig_RightHandThumb3-Matrix-animation-input-array" count="91">

0.000000 0.033333 0.066667 0.100000 0.133333 0.166667 0.200000 0.233333 0.266667 0.300000 0.333333 0.366667 0.400000 0.433333 0.466667 0.500000
0.533333 0.566667 0.600000 0.633333 0.666667 0.700000 0.733333 0.766667 0.800000 0.833333 0.866667 0.900000 0.933333 0.966667 1.000000 1.033333
1.066667 1.100000 1.133333 1.166667 1.200000 1.233333 1.266667 1.300000 1.333333 1.366667 1.400000 1.433333 1.466667 1.500000 1.533333 1.566667
1.600000 1.633333 1.666667 1.700000 1.733333 1.766667 1.800000 1.833333 1.866667 1.900000 1.933333 1.966667 2.000000 2.033333 2.066667 2.100000
2.133333 2.166667 2.200000 2.233333 2.266667 2.300000 2.333333 2.366667 2.400000 2.433333 2.466667 2.500000 2.533333 2.566667 2.600000 2.633333
2.666667 2.700000 2.733333 2.766667 2.800000 2.833333 2.866667 2.900000 2.933333 2.966667 3.000000</float_array>
        <technique_common>
          <accessor source="#mixamorig_RightHandThumb3-Matrix-animation-input-array" count="91">
            <param name="TIME" type="float"/>
          </accessor>
        </technique_common>
      </source>
      <source id="mixamorig_RightHandThumb3-Matrix-animation-output-transform">
        <float_array id="mixamorig_RightHandThumb3-Matrix-animation-output-transform-array" count="1456">

0.963472 0.238228 0.122348 0.000000 -0.265909 0.905301 0.331244 2.330100 -0.031850 -0.351678 0.935579 0.000000 0.000000 0.000000 0.000000 1.000000
0.964035 0.236775 0.120723 0.000000 -0.263974 0.905818 0.331378 2.330100 -0.030891 -0.351327 0.935743 0.000000 0.000000 0.000000 0.000000 1.000000
0.965628 0.232582 0.116050 0.000000 -0.258399 0.907295 0.331731 2.330100 -0.028137 -0.350316 0.936209 0.000000 0.000000 0.000000 0.000000 1.000000
0.968082 0.225876 0.108619 -0.000000 -0.249506 0.909609 0.332201 2.330100 -0.023765 -0.348699 0.936934 0.000000 0.000000 0.000000 0.000000 1.000000
0.971285 0.216976 0.097606 0.000000 -0.237313 0.912797 0.332391 2.330100 -0.016973 -0.346010 0.938077 0.000000 0.000000 0.000000 0.000000 1.000000
0.975006 0.206112 0.082949 0.000000 -0.222047 0.916735 0.332103 2.330100 -0.007592 -0.342221 0.939589 0.000000 0.000000 0.000000 0.000000 1.000000
0.978883 0.193374 0.066296 0.000000 -0.204400 0.921040 0.331521 2.330100 0.003046 -0.338071 0.941116 -0.000000 0.000000 0.000000 0.000000 1.000000
0.982677 0.178964 0.048141 0.000000 -0.184750 0.925531 0.330546 2.330100 0.014600 -0.333714 0.942561 -0.000000 0.000000 0.000000 0.000000 1.000000
0.986185 0.163096 0.028973 0.000000 -0.163480 0.930042 0.329083 2.330100 0.026726 -0.329274 0.943856 0.000000 0.000000 0.000000 0.000000 1.000000
0.989241 0.146002 0.009271 0.000000 -0.140978 0.934431 0.327052 2.330100 0.039087 -0.324840 0.944961 -0.000000 0.000000 0.000000 0.000000 1.000000
0.991728 0.127926 -0.010514 -0.000000 -0.117631 0.938582 0.324387 2.330100 0.051366 -0.320467 0.945866 -0.000000 0.000000 0.000000 0.000000 1.000000
0.993576 0.109128 -0.029965 0.000000 -0.093825 0.942403 0.321050 2.330100 0.063275 -0.316176 0.946588 -0.000000 0.000000 0.000000 0.000000 1.000000
0.994760 0.089885 -0.048711 0.000000 -0.069940 0.945833 0.317030 2.330100 0.074569 -0.311962 0.947164 -0.000000 0.000000 0.000000 0.000000 1.000000
0.995298 0.070484 -0.066437 -0.000000 -0.046343 0.948834 0.312358 2.330100 0.085054 -0.307810 0.947639 0.000000 0.000000 0.000000 0.000000 1.000000
0.995242 0.051222 -0.082887 -0.000000 -0.023389 0.951389 0.307102 2.330100 0.094588 -0.303702 0.948060 0.000000 0.000000 0.000000 0.000000 1.000000
0.994672 0.032406 -0.097863 0.000000 -0.001413 0.953504 0.301378 2.330100 0.103079 -0.299633 0.948470 -0.000000 0.000000 0.000000 0.000000 1.000000
0.993691 0.014345 -0.111228 0.000000 0.019270 0.955196 0.295345 2.330100 0.110481 -0.295625 0.948894 0.000000 0.000000 0.000000 0.000000 1.000000
0.992416 -0.002653 -0.122895 0.000000 0.038370 0.956497 0.289208 2.330100 0.116781 -0.291730 0.949345 0.000000 0.000000 0.000000 0.000000 1.000000
0.990971 -0.018276 -0.132824 -0.000000 0.055617 0.957444 0.283209 2.330100 0.121995 -0.288039 0.949816 0.000000 0.000000 0.000000 0.000000 1.000000
0.989484 -0.032222 -0.141005 -0.000000 0.070761 0.958082 0.277619 2.330100 0.126149 -0.284678 0.950287 0.000000 0.000000 0.000000 0.000000 1.000000
0.988082 -0.044189 -0.147451 0.000000 0.083563 0.958454 0.272731 2.330100 0.129273 -0.281802 0.950724 -0.000000 0.000000 0.000000 0.000000 1.000000
0.986774 -0.054098 -0.152807 0.000000 0.094165 0.958608 0.268708 2.330100 0.131946 -0.279544 0.951024 0.000000 0.000000 0.000000 0.000000 1.000000
0.985383 -0.063327 -0.158148 0.000000 0.104105 0.958674 0.264776 2.330100 0.134845 -0.277370 0.951253 0.000000 0.000000 0.000000 0.000000 1.000000
0.983990 -0.072327 -0.162885 0.000000 0.113622 0.958714 0.260688 2.330100 0.137305 -0.275022 0.951583 0.000000 0.000000 0.000000 0.000000 1.000000
0.982609 -0.081085 -0.167048 0.000000 0.122717 0.958727 0.256482 2.330100 0.139356 -0.272521 0.952004 0.000000 0.000000 0.000000 0.000000 1.000000
0.981248 -0.089587 -0.170663 0.000000 0.131393 0.958715 0.252193 2.330100 0.141024 -0.269888 0.952509 -0.000000 0.000000 0.000000 0.000000 1.000000
0.979918 -0.097820 -0.173761 -0.000000 0.139650 0.958679 0.247856 2.330100 0.142335 -0.267144 0.953087 0.000000 0.000000 0.000000 0.000000 1.000000
0.978624 -0.105770 -0.176371 0.000000 0.147493 0.958621 0.243501 2.330100 0.143318 -0.264309 0.953730 -0.000000 0.000000 0.000000 0.000000 1.000000
0.977376 -0.113426 -0.178526 0.000000 0.154925 0.958541 0.239159 2.330100 0.143998 -0.261406 0.954427 0.000000 0.000000 0.000000 0.000000 1.000000
0.976177 -0.120775 -0.180257 -0.000000 0.161949 0.958444 0.234858 2.330100 0.144401 -0.258456 0.955170 0.000000 0.000000 0.000000 0.000000 1.000000
0.975032 -0.127806 -0.181597 0.000000 0.168570 0.958330 0.230626 2.330100 0.144554 -0.255479 0.955947 0.000000 0.000000 0.000000 0.000000 1.000000
0.973947 -0.134507 -0.182578 -0.000000 0.174791 0.958203 0.226487 2.330100 0.144483 -0.252499 0.956749 -0.000000 0.000000 0.000000 0.000000 1.000000
0.972924 -0.140868 -0.183236 0.000000 0.180615 0.958065 0.222465 2.330100 0.144213 -0.249537 0.957567 0.000000 0.000000 0.000000 0.000000 1.000000
0.971965 -0.146879 -0.183603 0.000000 0.186046 0.957919 0.218583 2.330100 0.143772 -0.246614 0.958390 -0.000000 0.000000 0.000000 0.000000 1.000000
0.971073 -0.152529 -0.183715 0.000000 0.191088 0.957768 0.214861 2.330100 0.143184 -0.243752 0.959210 0.000000 0.000000 0.000000 0.000000 1.000000
0.970250 -0.157809 -0.183607 0.000000 0.195743 0.957616 0.211320 2.330100 0.142477 -0.240973 0.960017 0.000000 0.000000 0.000000 0.000000 1.000000
0.969496 -0.162709 -0.183313 0.000000 0.200014 0.957465 0.207979 2.330100 0.141676 -0.238300 0.960802 0.000000 0.000000 0.000000 0.000000 1.000000
0.968812 -0.167219 -0.182868 0.000000 0.203903 0.957318 0.204855 2.330100 0.140807 -0.235753 0.961558 0.000000 0.000000 0.000000 0.000000 1.000000
0.968199 -0.171331 -0.182309 0.000000 0.207411 0.957179 0.201966 2.330100 0.139899 -0.233356 0.962275 0.000000 0.000000 0.000000 0.000000 1.000000
0.967656 -0.175036 -0.181670 0.000000 0.210539 0.957049 0.199327 2.330100 0.138977 -0.231129 0.962946 0.000000 0.000000 0.000000 0.000000 1.000000
0.967184 -0.178325 -0.180985 0.000000 0.213290 0.956931 0.196955 2.330100 0.138068 -0.229094 0.963563 0.000000 0.000000 0.000000 0.000000 1.000000
0.966781 -0.181188 -0.180291 -0.000000 0.215662 0.956827 0.194865 2.330100 0.137200 -0.227274 0.964118 0.000000 0.000000 0.000000 0.000000 1.000000
0.966447 -0.183618 -0.179621 0.000000 0.217657 0.956739 0.193071 2.330100 0.136399 -0.225689 0.964604 0.000000 0.000000 0.000000 0.000000 1.000000
0.966181 -0.185606 -0.179009 0.000000 0.219274 0.956668 0.191588 2.330100 0.135692 -0.224361 0.965013 0.000000 0.000000 0.000000 0.000000 1.000000
0.965981 -0.187141 -0.178488 0.000000 0.220513 0.956614 0.190430 2.330100 0.135107 -0.223311 0.965338 0.000000 0.000000 0.000000 0.000000 1.000000
0.965846 -0.188217 -0.178091 0.000000 0.221373 0.956578 0.189612 2.330100 0.134670 -0.222560 0.965573 0.000000 0.000000 0.000000 0.000000 1.000000
0.965772 -0.188821 -0.177851 0.000000 0.221852 0.956559 0.189147 2.330100 0.134410 -0.222130 0.965708 0.000000 0.000000 0.000000 0.000000 1.000000
0.965759 -0.188931 -0.177806 -0.000000 0.221938 0.956556 0.189059 2.330100 0.134362 -0.222047 0.965734 0.000000 0.000000 0.000000 0.000000 1.000000
0.965830 -0.188377 -0.178007 0.000000 0.221490 0.956582 0.189454 2.330100 0.134590 -0.222407 0.965619 -0.000000 0.000000 0.000000 0.000000 1.000000
0.965999 -0.187095 -0.178443 0.000000 0.220447 0.956643 0.190362 2.330100 0.135090 -0.223227 0.965360 0.000000 0.000000 0.000000 0.000000 1.000000
0.966267 -0.185112 -0.179058 0.000000 0.218820 0.956737 0.191759 2.330100 0.135814 -0.224472 0.964970 0.000000 0.000000 0.000000 0.000000 1.000000
0.966635 -0.182452 -0.179797 0.000000 0.216621 0.956863 0.193617 2.330100 0.136715 -0.226105 0.964461 -0.000000 0.000000 0.000000 0.000000 1.000000
0.967104 -0.179144 -0.180605 0.000000 0.213861 0.957017 0.195912 2.330100 0.137746 -0.228091 0.963847 -0.000000 0.000000 0.000000 0.000000 1.000000
0.967671 -0.175210 -0.181425 0.000000 0.210551 0.957194 0.198617 2.330100 0.138859 -0.230395 0.963139 0.000000 0.000000 0.000000 0.000000 1.000000
0.968335 -0.170677 -0.182199 0.000000 0.206700 0.957387 0.201705 2.330100 0.140008 -0.232979 0.962351 0.000000 0.000000 0.000000 0.000000 1.000000
0.969095 -0.165571 -0.182868 0.000000 0.202317 0.957592 0.205148 2.330100 0.141146 -0.235806 0.961495 -0.000000 0.000000 0.000000 0.000000 1.000000
0.969948 -0.159917 -0.183375 0.000000 0.197412 0.957801 0.208918 2.330100 0.142227 -0.238840 0.960587 0.000000 0.000000 0.000000 0.000000 1.000000
0.970892 -0.153742 -0.183661 0.000000 0.191990 0.958007 0.212982 2.330100 0.143204 -0.242044 0.959639 0.000000 0.000000 0.000000 0.000000 1.000000
0.971924 -0.147071 -0.183668 0.000000 0.186061 0.958206 0.217309 2.330100 0.144032 -0.245382 0.958667 0.000000 0.000000 0.000000 0.000000 1.000000
0.973039 -0.139933 -0.183340 -0.000000 0.179629 0.958389 0.221864 2.330100 0.144665 -0.248816 0.957686 -0.000000 0.000000 0.000000 0.000000 1.000000
0.974235 -0.132354 -0.182618 -0.000000 0.172701 0.958552 0.226611 2.330100 0.145056 -0.252311 0.956712 0.000000 0.000000 0.000000 0.000000 1.000000
0.975505 -0.124364 -0.181449 0.000000 0.165282 0.958689 0.231510 2.330100 0.145162 -0.255830 0.955761 0.000000 0.000000 0.000000 0.000000 1.000000
0.976885 -0.116728 -0.179084 0.000000 0.157704 0.959087 0.235120 2.330100 0.144312 -0.257927 0.955326 0.000000 0.000000 0.000000 0.000000 1.000000
0.978778 -0.117188 -0.168108 0.000000 0.153484 0.962781 0.222474 2.330100 0.135780 -0.243554 0.960336 0.000000 0.000000 0.000000 0.000000 1.000000
0.980775 -0.118730 -0.154866 0.000000 0.149648 0.966956 0.206402 2.330100 0.125243 -0.225610 0.966134 0.000000 0.000000 0.000000 0.000000 1.000000
0.982235 -0.106625 -0.154419 0.000000 0.138959 0.966304 0.216673 2.330100 0.126113 -0.234282 0.963954 -0.000000 0.000000 0.000000 0.000000 1.000000
0.983514 -0.091035 -0.156248 0.000000 0.126318 0.964146 0.233379 2.330100 0.129400 -0.249269 0.959750 0.000000 0.000000 0.000000 0.000000 1.000000
0.985556 -0.088631 -0.144305 0.000000 0.119612 0.967530 0.222661 2.330100 0.119885 -0.236705 0.964157 0.000000 0.000000 0.000000 0.000000 1.000000
0.987294 -0.080287 -0.137127 0.000000 0.109765 0.968573 0.223199 2.330100 0.114897 -0.235415 0.965080 0.000000 0.000000 0.000000 0.000000 1.000000
0.988888 -0.069558 -0.131387 0.000000 0.098426 0.968681 0.227970 2.330100 0.111415 -0.238369 0.964763 -0.000000 0.000000 0.000000 0.000000 1.000000
0.990376 -0.057384 -0.125942 0.000000 0.085818 0.968552 0.233542 2.330100 0.108580 -0.242103 0.964156 0.000000 0.000000 0.000000 0.000000 1.000000
0.991933 -0.043136 -0.119199 0.000000 0.070959 0.968140 0.240146 2.330100 0.105042 -0.246667 0.963391 0.000000 0.000000 0.000000 0.000000 1.000000
0.993441 -0.027104 -0.111085 0.000000 0.054068 0.967379 0.247496 2.330100 0.100753 -0.251879 0.962500 -0.000000 0.000000 0.000000 0.000000 1.000000
0.994785 -0.009588 -0.101543 0.000000 0.035374 0.966209 0.255319 2.330100 0.095664 -0.257580 0.961510 0.000000 0.000000 0.000000 0.000000 1.000000
0.995851 0.009109 -0.090547 0.000000 0.015123 0.964577 0.263368 2.330100 0.089738 -0.263644 0.960437 0.000000 0.000000 0.000000 0.000000 1.000000
0.996533 0.028676 -0.078104 0.000000 -0.006421 0.962438 0.271424 2.330100 0.082954 -0.269981 0.959286 0.000000 0.000000 0.000000 0.000000 1.000000
0.996738 0.048801 -0.064272 0.000000 -0.028980 0.959766 0.279302 2.330100 0.075317 -0.276529 0.958050 0.000000 0.000000 0.000000 0.000000 1.000000
0.996393 0.069174 -0.049160 0.000000 -0.052255 0.956548 0.286855 2.330100 0.066867 -0.283251 0.956712 0.000000 0.000000 0.000000 0.000000 1.000000
0.995443 0.089492 -0.032936 0.000000 -0.075931 0.952794 0.293971 2.330100 0.057689 -0.290130 0.955247 -0.000000 0.000000 0.000000 0.000000 1.000000
0.993865 0.109460 -0.015823 0.000000 -0.099682 0.948536 0.300571 2.330100 0.047909 -0.297149 0.953628 0.000000 0.000000 0.000000 0.000000 1.000000
0.991669 0.128797 0.001898 0.000000 -0.123170 0.943833 0.306609 2.330100 0.037699 -0.304288 0.951834 0.000000 0.000000 0.000000 0.000000 1.000000
0.988901 0.147238 0.019897 -0.000000 -0.146052 0.938767 0.312066 2.330100 0.027270 -0.311508 0.949852 -0.000000 0.000000 0.000000 0.000000 1.000000
0.985646 0.164541 0.037799 0.000000 -0.167982 0.933449 0.316945 2.330100 0.016867 -0.318745 0.947690 -0.000000 0.000000 0.000000 0.000000 1.000000
0.982028 0.180481 0.055199 0.000000 -0.188612 0.928016 0.321266 2.330100 0.006756 -0.325904 0.945379 0.000000 0.000000 0.000000 0.000000 1.000000
0.978210 0.194856 0.071666 0.000000 -0.207599 0.922625 0.325062 2.330100 -0.002781 -0.332857 0.942973 0.000000 0.000000 0.000000 0.000000 1.000000
0.974383 0.207486 0.086757 0.000000 -0.224601 0.917455 0.328375 2.330100 -0.011463 -0.339449 0.940555 0.000000 0.000000 0.000000 0.000000 1.000000
0.970765 0.218205 0.100008 0.000000 -0.239278 0.912701 0.331245 2.330100 -0.018998 -0.345491 0.938230 0.000000 0.000000 0.000000 0.000000 1.000000
0.967751 0.226761 0.109712 0.000000 -0.250719 0.909294 0.332152 2.330100 -0.024442 -0.348947 0.936824 0.000000 0.000000 0.000000 0.000000 1.000000
0.965468 0.232993 0.116561 0.000000 -0.258964 0.907145 0.331701 2.330100 -0.028454 -0.350432 0.936156 -0.000000 0.000000 0.000000 0.000000 1.000000
0.963992 0.236883 0.120857 0.000000 -0.264122 0.905778 0.331368 2.330100 -0.030974 -0.351357 0.935729 0.000000 0.000000 0.000000 0.000000 1.000000
0.963472 0.238228 0.122348 -0.000000 -0.265908 0.905301 0.331244 2.330100 -0.031850 -0.351678 0.935579 0.000000 0.000000 0.000000 0.000000 1.000000</float_array>
        <technique_common>
          <accessor source="#mixamorig_RightHandThumb3-Matrix-animation-output-transform-array" count="91" stride="16">
            <param type="float4x4"/>
          </accessor>
        </technique_common>
      </source>
      <source id="mixamorig_RightHandThumb3-Interpolations">
        <Name_array id="mixamorig_RightHandThumb3-Interpolations-array" count="91">
 LINEAR LINEAR LINEAR LINEAR LINEAR LINEAR LINEAR LINEAR LINEAR LINEAR LINEAR
LINEAR LINEAR LINEAR LINEAR LINEAR LINEAR LINEAR LINEAR LINEAR LINEAR LINEAR LINEAR
LINEAR LINEAR LINEAR LINEAR LINEAR LINEAR LINEAR LINEAR LINEAR LINEAR LINEAR LINEAR
LINEAR LINEAR LINEAR LINEAR LINEAR LINEAR LINEAR LINEAR LINEAR LINEAR LINEAR LINEAR
LINEAR LINEAR LINEAR LINEAR LINEAR LINEAR LINEAR LINEAR LINEAR LINEAR LINEAR LINEAR
LINEAR LINEAR LINEAR LINEAR LINEAR LINEAR LINEAR LINEAR LINEAR LINEAR LINEAR LINEAR
LINEAR LINEAR LINEAR LINEAR LINEAR LINEAR LINEAR LINEAR LINEAR LINEAR LINEAR LINEAR
LINEAR LINEAR LINEAR LINEAR LINEAR LINEAR LINEAR LINEAR</Name_array>
        <technique_common>
          <accessor source="#mixamorig_RightHandThumb3-Interpolations-array" count="91">
            <param type="name"/>
          </accessor>
        </technique_common>
      </source>
      <sampler id="mixamorig_RightHandThumb3-Matrix-animation-transform">
        <input semantic="INPUT" source="#mixamorig_RightHandThumb3-Matrix-animation-input"/>
        <input semantic="OUTPUT" source="#mixamorig_RightHandThumb3-Matrix-animation-output-transform"/>
        <input semantic="INTERPOLATION" source="#mixamorig_RightHandThumb3-Interpolations"/>
      </sampler>
      <channel source="#mixamorig_RightHandThumb3-Matrix-animation-transform" target="mixamorig_RightHandThumb3/matrix"/>
    </animation>
    <animation id="mixamorig_RightHandIndex1-anim" name="mixamorig_RightHandIndex1">
      <source id="mixamorig_RightHandIndex1-Matrix-animation-input">
        <float_array id="mixamorig_RightHandIndex1-Matrix-animation-input-array" count="91">

0.000000 0.033333 0.066667 0.100000 0.133333 0.166667 0.200000 0.233333 0.266667 0.300000 0.333333 0.366667 0.400000 0.433333 0.466667 0.500000
0.533333 0.566667 0.600000 0.633333 0.666667 0.700000 0.733333 0.766667 0.800000 0.833333 0.866667 0.900000 0.933333 0.966667 1.000000 1.033333
1.066667 1.100000 1.133333 1.166667 1.200000 1.233333 1.266667 1.300000 1.333333 1.366667 1.400000 1.433333 1.466667 1.500000 1.533333 1.566667
1.600000 1.633333 1.666667 1.700000 1.733333 1.766667 1.800000 1.833333 1.866667 1.900000 1.933333 1.966667 2.000000 2.033333 2.066667 2.100000
2.133333 2.166667 2.200000 2.233333 2.266667 2.300000 2.333333 2.366667 2.400000 2.433333 2.466667 2.500000 2.533333 2.566667 2.600000 2.633333
2.666667 2.700000 2.733333 2.766667 2.800000 2.833333 2.866667 2.900000 2.933333 2.966667 3.000000</float_array>
        <technique_common>
          <accessor source="#mixamorig_RightHandIndex1-Matrix-animation-input-array" count="91">
            <param name="TIME" type="float"/>
          </accessor>
        </technique_common>
      </source>
      <source id="mixamorig_RightHandIndex1-Matrix-animation-output-transform">
        <float_array id="mixamorig_RightHandIndex1-Matrix-animation-output-transform-array" count="1456">

0.999897 0.014353 -0.000708 2.356400 -0.014100 0.970325 -0.241392 11.078700 -0.002777 0.241377 0.970427 0.085000 0.000000 0.000000 0.000000 1.000000
0.999899 0.014180 -0.000717 2.356400 -0.013924 0.969402 -0.245084 11.078700 -0.002780 0.245069 0.969502 0.085000 0.000000 0.000000 0.000000 1.000000
0.999906 0.013691 -0.000739 2.356400 -0.013425 0.966683 -0.255626 11.078700 -0.002786 0.255612 0.966776 0.085000 0.000000 0.000000 0.000000 1.000000
0.999916 0.012934 -0.000755 2.356400 -0.012651 0.962150 -0.272226 11.078700 -0.002794 0.272213 0.962233 0.085000 0.000000 0.000000 0.000000 1.000000
0.999928 0.011960 -0.000747 2.356400 -0.011651 0.955714 -0.294066 11.078700 -0.002804 0.294053 0.955785 0.085000 0.000000 0.000000 0.000000 1.000000
0.999941 0.010826 -0.000690 2.356400 -0.010477 0.947257 -0.320304 11.078700 -0.002814 0.320292 0.947315 0.085000 0.000000 0.000000 0.000000 1.000000
0.999954 0.009589 -0.000564 2.356400 -0.009180 0.936673 -0.350084 11.078700 -0.002829 0.350073 0.936718 0.085000 0.000000 0.000000 0.000000 1.000000
0.999965 0.008304 -0.000351 2.356400 -0.007806 0.923903 -0.382546 11.078700 -0.002852 0.382536 0.923936 0.085000 0.000000 0.000000 0.000000 1.000000
0.999975 0.007021 -0.000042 2.356400 -0.006400 0.908962 -0.416831 11.078700 -0.002889 0.416821 0.908984 0.085000 0.000000 0.000000 0.000000 1.000000
0.999983 0.005789 0.000368 2.356400 -0.004997 0.891955 -0.452097 11.078700 -0.002946 0.452088 0.891969 0.085000 0.000000 0.000000 0.000000 1.000000
0.999989 0.004645 0.000876 2.356400 -0.003628 0.873094 -0.487538 11.078700 -0.003029 0.487530 0.873101 0.085000 0.000000 0.000000 0.000000 1.000000
0.999992 0.003620 0.001472 2.356400 -0.002318 0.852703 -0.522391 11.078700 -0.003146 0.522383 0.852705 0.085000 0.000000 0.000000 0.000000 1.000000
0.999994 0.002736 0.002137 2.356400 -0.001086 0.831215 -0.555950 11.078700 -0.003298 0.555945 0.831213 0.085000 0.000000 0.000000 0.000000 1.000000
0.999994 0.002004 0.002849 2.356400 0.000053 0.809165 -0.587582 11.078700 -0.003483 0.587578 0.809160 0.085000 0.000000 0.000000 0.000000 1.000000
0.999993 0.001424 0.003582 2.356400 0.001088 0.787178 -0.616725 11.078700 -0.003698 0.616724 0.787171 0.085000 0.000000 0.000000 0.000000 1.000000
0.999990 0.000990 0.004305 2.356400 0.002010 0.765954 -0.642892 11.078700 -0.003934 0.642895 0.765944 0.085000 0.000000 0.000000 0.000000 1.000000
0.999987 0.000683 0.004986 2.356400 0.002809 0.746244 -0.665667 11.078700 -0.004175 0.665672 0.746233 0.085000 0.000000 0.000000 0.000000 1.000000
0.999984 0.000483 0.005593 2.356400 0.003477 0.728832 -0.684683 11.078700 -0.004407 0.684692 0.728819 0.085000 0.000000 0.000000 0.000000 1.000000
0.999981 0.000365 0.006096 2.356400 0.004004 0.714511 -0.699613 11.078700 -0.004611 0.699625 0.714496 0.085000 0.000000 0.000000 0.000000 1.000000
0.999979 0.000304 0.006464 2.356400 0.004376 0.704054 -0.710133 11.078700 -0.004766 0.710146 0.704038 0.085000 0.000000 0.000000 0.000000 1.000000
0.999978 0.000278 0.006671 2.356400 0.004581 0.698195 -0.715893 11.078700 -0.004856 0.715907 0.698179 0.085000 0.000000 0.000000 0.000000 1.000000
0.999978 0.000272 0.006674 2.356400 0.004594 0.697372 -0.716694 11.078700 -0.004849 0.716709 0.697355 0.085000 0.000000 0.000000 0.000000 1.000000
0.999980 0.000257 0.006344 2.356400 0.004348 0.700314 -0.713821 11.078700 -0.004627 0.713835 0.700299 0.085000 0.000000 0.000000 0.000000 1.000000
0.999984 0.000232 0.005669 2.356400 0.003849 0.706309 -0.707893 11.078700 -0.004168 0.707904 0.706297 0.085000 0.000000 0.000000 0.000000 1.000000
0.999989 0.000207 0.004681 2.356400 0.003124 0.715020 -0.699097 11.078700 -0.003492 0.699104 0.715012 0.085000 0.000000 0.000000 0.000000 1.000000
0.999994 0.000195 0.003415 2.356400 0.002206 0.726089 -0.687597 11.078700 -0.002614 0.687600 0.726085 0.085000 0.000000 0.000000 0.000000 1.000000
0.999998 0.000210 0.001904 2.356400 0.001128 0.739140 -0.673551 11.078700 -0.001549 0.673552 0.739138 0.085000 0.000000 0.000000 0.000000 1.000000
1.000000 0.000266 0.000184 2.356400 -0.000080 0.753790 -0.657115 11.078700 -0.000313 0.657115 0.753790 0.085000 0.000000 0.000000 0.000000 1.000000
0.999998 0.000379 -0.001709 2.356400 -0.001382 0.769656 -0.638457 11.078700 0.001073 0.638459 0.769655 0.085000 0.000000 0.000000 0.000000 1.000000
0.999993 0.000558 -0.003740 2.356400 -0.002749 0.786362 -0.617760 11.078700 0.002596 0.617766 0.786358 0.085000 0.000000 0.000000 0.000000 1.000000
0.999982 0.000816 -0.005872 2.356400 -0.004151 0.803544 -0.595230 11.078700 0.004233 0.595244 0.803534 0.085000 0.000000 0.000000 0.000000 1.000000
0.999967 0.001158 -0.008071 2.356400 -0.005560 0.820862 -0.571099 11.078700 0.005964 0.571125 0.820841 0.085000 0.000000 0.000000 0.000000 1.000000
0.999946 0.001587 -0.010303 2.356400 -0.006952 0.838000 -0.545627 11.078700 0.007768 0.545669 0.837965 0.085000 0.000000 0.000000 0.000000 1.000000
0.999919 0.002104 -0.012535 2.356400 -0.008305 0.854672 -0.519102 11.078700 0.009621 0.519164 0.854620 0.085000 0.000000 0.000000 0.000000 1.000000
0.999888 0.002703 -0.014737 2.356400 -0.009603 0.870631 -0.491842 11.078700 0.011501 0.491929 0.870560 0.085000 0.000000 0.000000 0.000000 1.000000
0.999852 0.003377 -0.016879 2.356400 -0.010828 0.885669 -0.464191 11.078700 0.013382 0.464305 0.885574 0.085000 0.000000 0.000000 0.000000 1.000000
0.999812 0.004115 -0.018937 2.356400 -0.011970 0.899619 -0.436513 11.078700 0.015240 0.436657 0.899499 0.085000 0.000000 0.000000 0.000000 1.000000
0.999770 0.004901 -0.020885 2.356400 -0.013020 0.912355 -0.409193 11.078700 0.017050 0.409371 0.912209 0.085000 0.000000 0.000000 0.000000 1.000000
0.999726 0.005716 -0.022705 2.356400 -0.013972 0.923795 -0.382634 11.078700 0.018788 0.382846 0.923621 0.085000 0.000000 0.000000 0.000000 1.000000
0.999681 0.006541 -0.024378 2.356400 -0.014822 0.933894 -0.357244 11.078700 0.020430 0.357491 0.933693 0.085000 0.000000 0.000000 0.000000 1.000000
0.999638 0.007353 -0.025888 2.356400 -0.015570 0.942643 -0.333440 11.078700 0.021952 0.333722 0.942416 0.085000 0.000000 0.000000 0.000000 1.000000
0.999596 0.008128 -0.027225 2.356400 -0.016213 0.950061 -0.311643 11.078700 0.023332 0.311959 0.949809 0.085000 0.000000 0.000000 0.000000 1.000000
0.999558 0.008841 -0.028374 2.356400 -0.016754 0.956188 -0.292273 11.078700 0.024547 0.292619 0.955914 0.085000 0.000000 0.000000 0.000000 1.000000
0.999525 0.009466 -0.029328 2.356400 -0.017193 0.961078 -0.275741 11.078700 0.025577 0.276115 0.960784 0.085000 0.000000 0.000000 0.000000 1.000000
0.999498 0.009980 -0.030077 2.356400 -0.017532 0.964784 -0.262458 11.078700 0.026399 0.262853 0.964475 0.085000 0.000000 0.000000 0.000000 1.000000
0.999478 0.010359 -0.030610 2.356400 -0.017769 0.967349 -0.252823 11.078700 0.026992 0.253235 0.967028 0.085000 0.000000 0.000000 0.000000 1.000000
0.999466 0.010582 -0.030916 2.356400 -0.017904 0.968792 -0.247226 11.078700 0.027335 0.247648 0.968464 0.085000 0.000000 0.000000 0.000000 1.000000
0.999464 0.010625 -0.030975 2.356400 -0.017930 0.969066 -0.246148 11.078700 0.027401 0.246571 0.968737 0.085000 0.000000 0.000000 0.000000 1.000000
0.999473 0.010440 -0.030721 2.356400 -0.017819 0.967877 -0.250792 11.078700 0.027116 0.251207 0.967553 0.085000 0.000000 0.000000 0.000000 1.000000
0.999495 0.010028 -0.030145 2.356400 -0.017562 0.965116 -0.261233 11.078700 0.026474 0.261631 0.964805 0.085000 0.000000 0.000000 0.000000 1.000000
0.999527 0.009425 -0.029266 2.356400 -0.017165 0.960765 -0.276831 11.078700 0.025509 0.277202 0.960473 0.085000 0.000000 0.000000 0.000000 1.000000
0.999568 0.008667 -0.028101 2.356400 -0.016626 0.954756 -0.296925 11.078700 0.024256 0.297264 0.954487 0.085000 0.000000 0.000000 0.000000 1.000000
0.999614 0.007798 -0.026666 2.356400 -0.015946 0.946999 -0.320841 11.078700 0.022751 0.321143 0.946758 0.085000 0.000000 0.000000 0.000000 1.000000
0.999664 0.006856 -0.024978 2.356400 -0.015122 0.937413 -0.347892 11.078700 0.021029 0.348153 0.937202 0.085000 0.000000 0.000000 0.000000 1.000000
0.999717 0.005883 -0.023056 2.356400 -0.014152 0.925948 -0.377385 11.078700 0.019129 0.377604 0.925769 0.085000 0.000000 0.000000 0.000000 1.000000
0.999769 0.004918 -0.020924 2.356400 -0.013041 0.912607 -0.408630 11.078700 0.017086 0.408809 0.912460 0.085000 0.000000 0.000000 0.000000 1.000000
0.999819 0.003993 -0.018612 2.356400 -0.011793 0.897455 -0.440948 11.078700 0.014943 0.441088 0.897339 0.085000 0.000000 0.000000 0.000000 1.000000
0.999865 0.003139 -0.016154 2.356400 -0.010417 0.880635 -0.473681 11.078700 0.012739 0.473785 0.880548 0.085000 0.000000 0.000000 0.000000 1.000000
0.999905 0.002379 -0.013588 2.356400 -0.008931 0.862370 -0.506200 11.078700 0.010514 0.506273 0.862309 0.085000 0.000000 0.000000 0.000000 1.000000
0.999938 0.001730 -0.010961 2.356400 -0.007355 0.842965 -0.537917 11.078700 0.008309 0.537965 0.842926 0.085000 0.000000 0.000000 0.000000 1.000000
0.999965 0.001202 -0.008321 2.356400 -0.005718 0.822806 -0.568293 11.078700 0.006163 0.568320 0.822784 0.085000 0.000000 0.000000 0.000000 1.000000
0.999983 0.000795 -0.005721 2.356400 -0.004053 0.802350 -0.596841 11.078700 0.004116 0.596854 0.802339 0.085000 0.000000 0.000000 0.000000 1.000000
0.999990 0.002458 -0.003860 2.356400 -0.004292 0.796113 -0.605133 11.078700 0.001586 0.605143 0.796115 0.085000 0.000000 0.000000 0.000000 1.000000
0.999646 0.025909 -0.006086 2.356400 -0.026266 0.923575 -0.382517 11.078700 -0.004289 0.382541 0.923928 0.085000 0.000000 0.000000 0.000000 1.000000
0.998745 0.050056 -0.001483 2.356400 -0.050020 0.995739 -0.077472 11.078700 -0.002401 0.077449 0.996993 0.085000 0.000000 0.000000 0.000000 1.000000
0.998509 0.054573 0.001549 2.356400 -0.054550 0.998438 -0.012092 11.078700 -0.002206 0.011990 0.999926 0.085000 0.000000 0.000000 0.000000 1.000000
0.998480 0.055050 0.002830 2.356400 -0.055024 0.998449 -0.008515 11.078700 -0.003294 0.008346 0.999960 0.085000 0.000000 0.000000 0.000000 1.000000
0.998554 0.053654 0.003229 2.356400 -0.053520 0.998030 -0.032724 11.078700 -0.004979 0.032504 0.999459 0.085000 0.000000 0.000000 0.000000 1.000000
0.998676 0.051350 0.003186 2.356400 -0.050998 0.996211 -0.070451 11.078700 -0.006792 0.070195 0.997510 0.085000 0.000000 0.000000 0.000000 1.000000
0.998791 0.049063 0.003056 2.356400 -0.048452 0.993033 -0.107415 11.078700 -0.008305 0.107137 0.994210 0.085000 0.000000 0.000000 0.000000 1.000000
0.998863 0.047580 0.002975 2.356400 -0.046791 0.990424 -0.129892 11.078700 -0.009127 0.129605 0.991524 0.085000 0.000000 0.000000 0.000000 1.000000
0.998914 0.046521 0.002439 2.356400 -0.045727 0.989185 -0.139365 11.078700 -0.008896 0.139102 0.990238 0.085000 0.000000 0.000000 0.000000 1.000000
0.998976 0.045211 0.001749 2.356400 -0.044453 0.987949 -0.148258 11.078700 -0.008431 0.148029 0.988947 0.085000 0.000000 0.000000 0.000000 1.000000
0.999046 0.043663 0.000960 2.356400 -0.042973 0.986713 -0.156685 11.078700 -0.007789 0.156494 0.987648 0.085000 0.000000 0.000000 0.000000 1.000000
0.999122 0.041891 0.000130 2.356400 -0.041298 0.985469 -0.164758 11.078700 -0.007030 0.164608 0.986334 0.085000 0.000000 0.000000 0.000000 1.000000
0.999203 0.039917 -0.000688 2.356400 -0.039436 0.984204 -0.172592 11.078700 -0.006212 0.172482 0.984993 0.085000 0.000000 0.000000 0.000000 1.000000
0.999286 0.037763 -0.001444 2.356400 -0.037405 0.982901 -0.180298 11.078700 -0.005390 0.180223 0.983611 0.085000 0.000000 0.000000 0.000000 1.000000
0.999369 0.035461 -0.002093 2.356400 -0.035222 0.981539 -0.187989 11.078700 -0.004612 0.187944 0.982169 0.085000 0.000000 0.000000 0.000000 1.000000
0.999451 0.033044 -0.002603 2.356400 -0.032914 0.980096 -0.195775 11.078700 -0.003918 0.195753 0.980645 0.085000 0.000000 0.000000 0.000000 1.000000
0.999529 0.030547 -0.002950 2.356400 -0.030508 0.978543 -0.203770 11.078700 -0.003338 0.203764 0.979014 0.085000 0.000000 0.000000 0.000000 1.000000
0.999603 0.028007 -0.003123 2.356400 -0.028032 0.976849 -0.212084 11.078700 -0.002889 0.212087 0.977247 0.085000 0.000000 0.000000 0.000000 1.000000
0.999671 0.025458 -0.003119 2.356400 -0.025519 0.974979 -0.220826 11.078700 -0.002580 0.220833 0.975308 0.085000 0.000000 0.000000 0.000000 1.000000
0.999733 0.022933 -0.002950 2.356400 -0.022997 0.972893 -0.230108 11.078700 -0.002407 0.230114 0.973161 0.085000 0.000000 0.000000 0.000000 1.000000
0.999787 0.020460 -0.002630 2.356400 -0.020493 0.970548 -0.240036 11.078700 -0.002358 0.240038 0.970761 0.085000 0.000000 0.000000 0.000000 1.000000
0.999834 0.018061 -0.002187 2.356400 -0.018032 0.967892 -0.250717 11.078700 -0.002411 0.250715 0.968058 0.085000 0.000000 0.000000 0.000000 1.000000
0.999874 0.015784 -0.001656 2.356400 -0.015666 0.964949 -0.261968 11.078700 -0.002537 0.261961 0.965075 0.085000 0.000000 0.000000 0.000000 1.000000
0.999890 0.014803 -0.001313 2.356400 -0.014629 0.964902 -0.262204 11.078700 -0.002614 0.262194 0.965012 0.085000 0.000000 0.000000 0.000000 1.000000
0.999896 0.014360 -0.001055 2.356400 -0.014147 0.966147 -0.257602 11.078700 -0.002680 0.257591 0.966250 0.085000 0.000000 0.000000 0.000000 1.000000
0.999898 0.014231 -0.000861 2.356400 -0.013992 0.967907 -0.250919 11.078700 -0.002737 0.250906 0.968008 0.085000 0.000000 0.000000 0.000000 1.000000
0.999899 0.014188 -0.000717 2.356400 -0.013932 0.969445 -0.244913 11.078700 -0.002780 0.244898 0.969545 0.085000 0.000000 0.000000 0.000000 1.000000
0.999897 0.014353 -0.000708 2.356400 -0.014100 0.970325 -0.241392 11.078700 -0.002777 0.241377 0.970427 0.085000 0.000000 0.000000 0.000000 1.000000</float_array>
        <technique_common>
          <accessor source="#mixamorig_RightHandIndex1-Matrix-animation-output-transform-array" count="91" stride="16">
            <param type="float4x4"/>
          </accessor>
        </technique_common>
      </source>
      <source id="mixamorig_RightHandIndex1-Interpolations">
        <Name_array id="mixamorig_RightHandIndex1-Interpolations-array" count="91">
 LINEAR LINEAR LINEAR LINEAR LINEAR LINEAR LINEAR LINEAR LINEAR LINEAR LINEAR
LINEAR LINEAR LINEAR LINEAR LINEAR LINEAR LINEAR LINEAR LINEAR LINEAR LINEAR LINEAR
LINEAR LINEAR LINEAR LINEAR LINEAR LINEAR LINEAR LINEAR LINEAR LINEAR LINEAR LINEAR
LINEAR LINEAR LINEAR LINEAR LINEAR LINEAR LINEAR LINEAR LINEAR LINEAR LINEAR LINEAR
LINEAR LINEAR LINEAR LINEAR LINEAR LINEAR LINEAR LINEAR LINEAR LINEAR LINEAR LINEAR
LINEAR LINEAR LINEAR LINEAR LINEAR LINEAR LINEAR LINEAR LINEAR LINEAR LINEAR LINEAR
LINEAR LINEAR LINEAR LINEAR LINEAR LINEAR LINEAR LINEAR LINEAR LINEAR LINEAR LINEAR
LINEAR LINEAR LINEAR LINEAR LINEAR LINEAR LINEAR LINEAR</Name_array>
        <technique_common>
          <accessor source="#mixamorig_RightHandIndex1-Interpolations-array" count="91">
            <param type="name"/>
          </accessor>
        </technique_common>
      </source>
      <sampler id="mixamorig_RightHandIndex1-Matrix-animation-transform">
        <input semantic="INPUT" source="#mixamorig_RightHandIndex1-Matrix-animation-input"/>
        <input semantic="OUTPUT" source="#mixamorig_RightHandIndex1-Matrix-animation-output-transform"/>
        <input semantic="INTERPOLATION" source="#mixamorig_RightHandIndex1-Interpolations"/>
      </sampler>
      <channel source="#mixamorig_RightHandIndex1-Matrix-animation-transform" target="mixamorig_RightHandIndex1/matrix"/>
    </animation>
    <animation id="mixamorig_RightHandIndex2-anim" name="mixamorig_RightHandIndex2">
      <source id="mixamorig_RightHandIndex2-Matrix-animation-input">
        <float_array id="mixamorig_RightHandIndex2-Matrix-animation-input-array" count="91">

0.000000 0.033333 0.066667 0.100000 0.133333 0.166667 0.200000 0.233333 0.266667 0.300000 0.333333 0.366667 0.400000 0.433333 0.466667 0.500000
0.533333 0.566667 0.600000 0.633333 0.666667 0.700000 0.733333 0.766667 0.800000 0.833333 0.866667 0.900000 0.933333 0.966667 1.000000 1.033333
1.066667 1.100000 1.133333 1.166667 1.200000 1.233333 1.266667 1.300000 1.333333 1.366667 1.400000 1.433333 1.466667 1.500000 1.533333 1.566667
1.600000 1.633333 1.666667 1.700000 1.733333 1.766667 1.800000 1.833333 1.866667 1.900000 1.933333 1.966667 2.000000 2.033333 2.066667 2.100000
2.133333 2.166667 2.200000 2.233333 2.266667 2.300000 2.333333 2.366667 2.400000 2.433333 2.466667 2.500000 2.533333 2.566667 2.600000 2.633333
2.666667 2.700000 2.733333 2.766667 2.800000 2.833333 2.866667 2.900000 2.933333 2.966667 3.000000</float_array>
        <technique_common>
          <accessor source="#mixamorig_RightHandIndex2-Matrix-animation-input-array" count="91">
            <param name="TIME" type="float"/>
          </accessor>
        </technique_common>
      </source>
      <source id="mixamorig_RightHandIndex2-Matrix-animation-output-transform">
        <float_array id="mixamorig_RightHandIndex2-Matrix-animation-output-transform-array" count="1456">

0.997742 -0.061310 0.027432 0.000000 0.061310 0.664507 -0.744763 2.455600 0.027432 0.744763 0.666765 0.000000 0.000000 0.000000 0.000000 1.000000
0.997724 -0.061504 0.027651 -0.000000 0.061504 0.661834 -0.747124 2.455600 0.027651 0.747124 0.664110 0.000000 0.000000 0.000000 0.000000 1.000000
0.997672 -0.062056 0.028280 0.000000 0.062055 0.654139 -0.753825 2.455600 0.028280 0.753825 0.656467 0.000000 0.000000 0.000000 0.000000 1.000000
0.997589 -0.062915 0.029286 0.000000 0.062915 0.641838 -0.764255 2.455600 0.029286 0.764255 0.644249 0.000000 0.000000 0.000000 0.000000 1.000000
0.997478 -0.064025 0.030638 0.000000 0.064025 0.625306 -0.777749 2.455600 0.030638 0.777749 0.627828 0.000000 0.000000 0.000000 0.000000 1.000000
0.997341 -0.065331 0.032306 0.000000 0.065331 0.604908 -0.793611 2.455600 0.032306 0.793611 0.607568 0.000000 0.000000 0.000000 0.000000 1.000000
0.997180 -0.066774 0.034258 0.000000 0.066774 0.581026 -0.811141 2.455600 0.034258 0.811141 0.583846 -0.000000 0.000000 0.000000 0.000000 1.000000
0.996998 -0.068299 0.036462 0.000000 0.068299 0.554075 -0.829660 2.455600 0.036462 0.829660 0.557076 0.000000 0.000000 0.000000 0.000000 1.000000
0.996799 -0.069852 0.038878 0.000000 0.069852 0.524521 -0.848527 2.455600 0.038878 0.848527 0.527722 0.000000 0.000000 0.000000 0.000000 1.000000
0.996587 -0.071386 0.041465 0.000000 0.071386 0.492890 -0.867158 2.455600 0.041465 0.867158 0.496304 0.000000 0.000000 0.000000 0.000000 1.000000
0.996364 -0.072858 0.044173 0.000000 0.072858 0.459766 -0.885046 2.455600 0.044173 0.885046 0.463402 0.000000 0.000000 0.000000 0.000000 1.000000
0.996135 -0.074235 0.046951 0.000000 0.074235 0.425792 -0.901771 2.455600 0.046951 0.901771 0.429657 0.000000 0.000000 0.000000 0.000000 1.000000
0.995905 -0.075489 0.049742 -0.000000 0.075489 0.391663 -0.917007 2.455600 0.049742 0.917007 0.395758 -0.000000 0.000000 0.000000 0.000000 1.000000
0.995679 -0.076602 0.052485 0.000000 0.076603 0.358117 -0.930529 2.455600 0.052485 0.930529 0.362438 0.000000 0.000000 0.000000 0.000000 1.000000
0.995463 -0.077564 0.055117 0.000000 0.077564 0.325923 -0.942209 2.455600 0.055118 0.942209 0.330460 0.000000 0.000000 0.000000 0.000000 1.000000
0.995260 -0.078371 0.057575 0.000000 0.078371 0.295868 -0.952009 2.455600 0.057575 0.952008 0.300608 0.000000 0.000000 0.000000 0.000000 1.000000
0.995078 -0.079025 0.059792 0.000000 0.079026 0.268749 -0.959963 2.455600 0.059792 0.959963 0.273671 0.000000 0.000000 0.000000 0.000000 1.000000
0.994920 -0.079536 0.061705 0.000000 0.079536 0.245361 -0.966164 2.455600 0.061705 0.966164 0.250440 -0.000000 0.000000 0.000000 0.000000 1.000000
0.994793 -0.079912 0.063248 0.000000 0.079912 0.226490 -0.970730 2.455600 0.063248 0.970730 0.231697 -0.000000 0.000000 0.000000 0.000000 1.000000
0.994702 -0.080163 0.064358 -0.000000 0.080163 0.212907 -0.973779 2.455600 0.064358 0.973779 0.218205 0.000000 0.000000 0.000000 0.000000 1.000000
0.994651 -0.080295 0.064975 0.000000 0.080295 0.205365 -0.975386 2.455600 0.064975 0.975386 0.210714 0.000000 0.000000 0.000000 0.000000 1.000000
0.994644 -0.080313 0.065063 0.000000 0.080313 0.204292 -0.975610 2.455600 0.065062 0.975610 0.209648 -0.000000 0.000000 0.000000 0.000000 1.000000
0.994668 -0.080251 0.064766 0.000000 0.080251 0.207922 -0.974848 2.455600 0.064766 0.974848 0.213253 0.000000 0.000000 0.000000 0.000000 1.000000
0.994718 -0.080119 0.064158 0.000000 0.080119 0.215353 -0.973244 2.455600 0.064159 0.973244 0.220635 0.000000 0.000000 0.000000 0.000000 1.000000
0.994792 -0.079917 0.063268 0.000000 0.079917 0.226243 -0.970787 2.455600 0.063268 0.970787 0.231451 -0.000000 0.000000 0.000000 0.000000 1.000000
0.994886 -0.079641 0.062123 0.000000 0.079641 0.240239 -0.967441 2.455600 0.062123 0.967441 0.245353 0.000000 0.000000 0.000000 0.000000 1.000000
0.994999 -0.079288 0.060754 0.000000 0.079288 0.256984 -0.963158 2.455600 0.060754 0.963158 0.261986 0.000000 0.000000 0.000000 0.000000 1.000000
0.995127 -0.078854 0.059190 -0.000000 0.078854 0.276116 -0.957884 2.455600 0.059190 0.957884 0.280988 0.000000 0.000000 0.000000 0.000000 1.000000
0.995270 -0.078335 0.057460 0.000000 0.078335 0.297267 -0.951576 2.455600 0.057461 0.951576 0.301997 0.000000 0.000000 0.000000 0.000000 1.000000
0.995423 -0.077728 0.055596 0.000000 0.077728 0.320069 -0.944200 2.455600 0.055596 0.944200 0.324646 0.000000 0.000000 0.000000 0.000000 1.000000
0.995585 -0.077032 0.053627 0.000000 0.077032 0.344154 -0.935748 2.455600 0.053627 0.935748 0.348569 0.000000 0.000000 0.000000 0.000000 1.000000
0.995754 -0.076248 0.051582 0.000000 0.076249 0.369157 -0.926234 2.455600 0.051582 0.926234 0.373403 0.000000 0.000000 0.000000 0.000000 1.000000
0.995926 -0.075382 0.049492 0.000000 0.075382 0.394718 -0.915705 2.455600 0.049492 0.915705 0.398792 -0.000000 0.000000 0.000000 0.000000 1.000000
0.996099 -0.074438 0.047385 0.000000 0.074438 0.420487 -0.904240 2.455600 0.047385 0.904240 0.424388 0.000000 0.000000 0.000000 0.000000 1.000000
0.996272 -0.073427 0.045289 0.000000 0.073427 0.446126 -0.891953 2.455600 0.045289 0.891953 0.449855 0.000000 0.000000 0.000000 0.000000 1.000000
0.996441 -0.072360 0.043229 0.000000 0.072360 0.471312 -0.878993 2.455600 0.043229 0.878993 0.474871 0.000000 0.000000 0.000000 0.000000 1.000000
0.996606 -0.071253 0.041232 0.000000 0.071253 0.495739 -0.865544 2.455600 0.041232 0.865544 0.499133 0.000000 0.000000 0.000000 0.000000 1.000000
0.996763 -0.070123 0.039320 0.000000 0.070123 0.519121 -0.851819 2.455600 0.039320 0.851819 0.522358 0.000000 0.000000 0.000000 0.000000 1.000000
0.996912 -0.068991 0.037515 0.000000 0.068991 0.541193 -0.838064 2.455600 0.037516 0.838064 0.544281 0.000000 0.000000 0.000000 0.000000 1.000000
0.997050 -0.067877 0.035838 0.000000 0.067878 0.561709 -0.824546 2.455600 0.035838 0.824546 0.564659 0.000000 0.000000 0.000000 0.000000 1.000000
0.997176 -0.066808 0.034306 0.000000 0.066808 0.580444 -0.811555 2.455600 0.034306 0.811555 0.583268 0.000000 0.000000 0.000000 0.000000 1.000000
0.997289 -0.065807 0.032937 0.000000 0.065807 0.597190 -0.799396 2.455600 0.032937 0.799396 0.599902 -0.000000 0.000000 0.000000 0.000000 1.000000
0.997387 -0.064901 0.031746 0.000000 0.064901 0.611754 -0.788381 2.455600 0.031746 0.788381 0.614367 0.000000 0.000000 0.000000 0.000000 1.000000
0.997469 -0.064114 0.030748 0.000000 0.064114 0.623951 -0.778829 2.455600 0.030749 0.778829 0.626482 0.000000 0.000000 0.000000 0.000000 1.000000
0.997534 -0.063474 0.029960 0.000000 0.063474 0.633598 -0.771054 2.455600 0.029960 0.771054 0.636065 0.000000 0.000000 0.000000 0.000000 1.000000
0.997580 -0.063005 0.029394 0.000000 0.063005 0.640513 -0.765358 2.455600 0.029394 0.765358 0.642933 -0.000000 0.000000 0.000000 0.000000 1.000000
0.997607 -0.062731 0.029068 -0.000000 0.062731 0.644498 -0.762028 2.455600 0.029069 0.762028 0.646891 0.000000 0.000000 0.000000 0.000000 1.000000
0.997612 -0.062678 0.029006 0.000000 0.062678 0.645263 -0.761385 2.455600 0.029006 0.761385 0.647651 0.000000 0.000000 0.000000 0.000000 1.000000
0.997590 -0.062906 0.029276 0.000000 0.062906 0.641962 -0.764152 2.455600 0.029276 0.764152 0.644372 0.000000 0.000000 0.000000 0.000000 1.000000
0.997540 -0.063415 0.029887 0.000000 0.063415 0.634482 -0.770332 2.455600 0.029887 0.770332 0.636942 0.000000 0.000000 0.000000 0.000000 1.000000
0.997463 -0.064167 0.030814 -0.000000 0.064167 0.623153 -0.779463 2.455600 0.030814 0.779463 0.625690 0.000000 0.000000 0.000000 0.000000 1.000000
0.997363 -0.065120 0.032029 -0.000000 0.065120 0.608283 -0.791044 2.455600 0.032030 0.791044 0.610920 0.000000 0.000000 0.000000 0.000000 1.000000
0.997241 -0.066232 0.033511 0.000000 0.066232 0.590171 -0.804557 2.455600 0.033511 0.804557 0.592929 0.000000 0.000000 0.000000 0.000000 1.000000
0.997100 -0.067461 0.035231 0.000000 0.067461 0.569126 -0.819478 2.455600 0.035232 0.819478 0.572026 -0.000000 0.000000 0.000000 0.000000 1.000000
0.996941 -0.068763 0.037165 0.000000 0.068763 0.545480 -0.835299 2.455600 0.037165 0.835299 0.548539 0.000000 0.000000 0.000000 0.000000 1.000000
0.996766 -0.070099 0.039281 -0.000000 0.070099 0.519596 -0.851532 2.455600 0.039281 0.851532 0.522830 0.000000 0.000000 0.000000 0.000000 1.000000
0.996580 -0.071432 0.041548 0.000000 0.071432 0.491875 -0.867731 2.455600 0.041548 0.867731 0.495295 0.000000 0.000000 0.000000 0.000000 1.000000
0.996384 -0.072731 0.043929 -0.000000 0.072731 0.462758 -0.883496 2.455600 0.043929 0.883496 0.466374 0.000000 0.000000 0.000000 0.000000 1.000000
0.996182 -0.073965 0.046384 0.000000 0.073965 0.432726 -0.898486 2.455600 0.046384 0.898486 0.436544 0.000000 0.000000 0.000000 0.000000 1.000000
0.995977 -0.075112 0.048873 0.000000 0.075112 0.402294 -0.912424 2.455600 0.048873 0.912424 0.406318 -0.000000 0.000000 0.000000 0.000000 1.000000
0.995773 -0.076155 0.051349 0.000000 0.076155 0.372013 -0.925098 2.455600 0.051349 0.925098 0.376240 0.000000 0.000000 0.000000 0.000000 1.000000
0.995574 -0.077083 0.053765 0.000000 0.077083 0.342457 -0.936366 2.455600 0.053765 0.936366 0.346883 0.000000 0.000000 0.000000 0.000000 1.000000
0.995566 -0.077119 0.053866 0.000000 0.077120 0.341231 -0.936810 2.455600 0.053866 0.936810 0.345666 0.000000 0.000000 0.000000 0.000000 1.000000
0.997510 -0.063713 0.030252 0.000000 0.063713 0.630024 -0.773957 2.455600 0.030252 0.773957 0.632515 0.000000 0.000000 0.000000 0.000000 1.000000
0.999223 -0.038259 0.009435 0.000000 0.038259 0.884611 -0.464757 2.455600 0.009435 0.464757 0.885388 0.000000 0.000000 0.000000 0.000000 1.000000
0.999479 -0.031661 0.006334 0.000000 0.031662 0.922537 -0.384608 2.455600 0.006334 0.384608 0.923058 0.000000 0.000000 0.000000 0.000000 1.000000
0.999504 -0.030921 0.006029 0.000000 0.030921 0.926260 -0.375615 2.455600 0.006030 0.375615 0.926756 0.000000 0.000000 0.000000 0.000000 1.000000
0.999436 -0.032886 0.006856 -0.000000 0.032886 0.916152 -0.399480 2.455600 0.006856 0.399480 0.916716 0.000000 0.000000 0.000000 0.000000 1.000000
0.999311 -0.036161 0.008371 0.000000 0.036161 0.897626 -0.439271 2.455600 0.008371 0.439271 0.898315 0.000000 0.000000 0.000000 0.000000 1.000000
0.999174 -0.039389 0.010039 0.000000 0.039389 0.877218 -0.478474 2.455600 0.010040 0.478474 0.878044 -0.000000 0.000000 0.000000 0.000000 1.000000
0.999082 -0.041371 0.011156 0.000000 0.041370 0.863560 -0.502546 2.455600 0.011157 0.502546 0.864478 0.000000 0.000000 0.000000 0.000000 1.000000
0.999028 -0.042460 0.011801 0.000000 0.042460 0.855667 -0.515783 2.455600 0.011802 0.515783 0.856638 -0.000000 0.000000 0.000000 0.000000 1.000000
0.998970 -0.043620 0.012514 0.000000 0.043620 0.846955 -0.529872 2.455600 0.012514 0.529872 0.847985 0.000000 0.000000 0.000000 0.000000 1.000000
0.998906 -0.044842 0.013294 0.000000 0.044842 0.837421 -0.544715 2.455600 0.013294 0.544715 0.838516 0.000000 0.000000 0.000000 0.000000 1.000000
0.998836 -0.046117 0.014140 0.000000 0.046117 0.827064 -0.560213 2.455600 0.014141 0.560213 0.828228 -0.000000 0.000000 0.000000 0.000000 1.000000
0.998761 -0.047439 0.015054 -0.000000 0.047439 0.815885 -0.576265 2.455600 0.015055 0.576265 0.817124 0.000000 0.000000 0.000000 0.000000 1.000000
0.998680 -0.048798 0.016035 0.000000 0.048798 0.803890 -0.592773 2.455600 0.016035 0.592773 0.805210 0.000000 0.000000 0.000000 0.000000 1.000000
0.998594 -0.050186 0.017082 0.000000 0.050186 0.791091 -0.609636 2.455600 0.017082 0.609636 0.792497 -0.000000 0.000000 0.000000 0.000000 1.000000
0.998502 -0.051596 0.018193 0.000000 0.051596 0.777503 -0.626759 2.455600 0.018193 0.626759 0.779001 -0.000000 0.000000 0.000000 0.000000 1.000000
0.998406 -0.053019 0.019367 0.000000 0.053019 0.763148 -0.644045 2.455600 0.019367 0.644045 0.764742 -0.000000 0.000000 0.000000 0.000000 1.000000
0.998304 -0.054447 0.020601 -0.000000 0.054448 0.748053 -0.661402 2.455600 0.020601 0.661402 0.749749 -0.000000 0.000000 0.000000 0.000000 1.000000
0.998198 -0.055875 0.021893 -0.000000 0.055875 0.732251 -0.678739 2.455600 0.021893 0.678739 0.734053 -0.000000 0.000000 0.000000 0.000000 1.000000
0.998087 -0.057293 0.023240 0.000000 0.057293 0.715782 -0.695970 2.455600 0.023240 0.695970 0.717695 0.000000 0.000000 0.000000 0.000000 1.000000
0.997972 -0.058696 0.024637 -0.000000 0.058696 0.698691 -0.713012 2.455600 0.024637 0.713012 0.700719 -0.000000 0.000000 0.000000 0.000000 1.000000
0.997853 -0.060077 0.026081 0.000000 0.060077 0.681030 -0.729786 2.455600 0.026081 0.729786 0.683178 0.000000 0.000000 0.000000 0.000000 1.000000
0.997733 -0.061408 0.027542 0.000000 0.061408 0.663163 -0.745952 2.455600 0.027542 0.745952 0.665430 -0.000000 0.000000 0.000000 0.000000 1.000000
0.997694 -0.061818 0.028008 0.000000 0.061819 0.657470 -0.750941 2.455600 0.028008 0.750941 0.659775 0.000000 0.000000 0.000000 0.000000 1.000000
0.997692 -0.061846 0.028039 0.000000 0.061846 0.657085 -0.751275 2.455600 0.028039 0.751275 0.659393 0.000000 0.000000 0.000000 0.000000 1.000000
0.997708 -0.061677 0.027847 0.000000 0.061677 0.659439 -0.749223 2.455600 0.027847 0.749223 0.661732 0.000000 0.000000 0.000000 0.000000 1.000000
0.997725 -0.061495 0.027641 0.000000 0.061495 0.661958 -0.747014 2.455600 0.027641 0.747014 0.664233 0.000000 0.000000 0.000000 0.000000 1.000000
0.997742 -0.061310 0.027432 0.000000 0.061310 0.664507 -0.744763 2.455600 0.027432 0.744763 0.666765 0.000000 0.000000 0.000000 0.000000 1.000000</float_array>
        <technique_common>
          <accessor source="#mixamorig_RightHandIndex2-Matrix-animation-output-transform-array" count="91" stride="16">
            <param type="float4x4"/>
          </accessor>
        </technique_common>
      </source>
      <source id="mixamorig_RightHandIndex2-Interpolations">
        <Name_array id="mixamorig_RightHandIndex2-Interpolations-array" count="91">
 LINEAR LINEAR LINEAR LINEAR LINEAR LINEAR LINEAR LINEAR LINEAR LINEAR LINEAR
LINEAR LINEAR LINEAR LINEAR LINEAR LINEAR LINEAR LINEAR LINEAR LINEAR LINEAR LINEAR
LINEAR LINEAR LINEAR LINEAR LINEAR LINEAR LINEAR LINEAR LINEAR LINEAR LINEAR LINEAR
LINEAR LINEAR LINEAR LINEAR LINEAR LINEAR LINEAR LINEAR LINEAR LINEAR LINEAR LINEAR
LINEAR LINEAR LINEAR LINEAR LINEAR LINEAR LINEAR LINEAR LINEAR LINEAR LINEAR LINEAR
LINEAR LINEAR LINEAR LINEAR LINEAR LINEAR LINEAR LINEAR LINEAR LINEAR LINEAR LINEAR
LINEAR LINEAR LINEAR LINEAR LINEAR LINEAR LINEAR LINEAR LINEAR LINEAR LINEAR LINEAR
LINEAR LINEAR LINEAR LINEAR LINEAR LINEAR LINEAR LINEAR</Name_array>
        <technique_common>
          <accessor source="#mixamorig_RightHandIndex2-Interpolations-array" count="91">
            <param type="name"/>
          </accessor>
        </technique_common>
      </source>
      <sampler id="mixamorig_RightHandIndex2-Matrix-animation-transform">
        <input semantic="INPUT" source="#mixamorig_RightHandIndex2-Matrix-animation-input"/>
        <input semantic="OUTPUT" source="#mixamorig_RightHandIndex2-Matrix-animation-output-transform"/>
        <input semantic="INTERPOLATION" source="#mixamorig_RightHandIndex2-Interpolations"/>
      </sampler>
      <channel source="#mixamorig_RightHandIndex2-Matrix-animation-transform" target="mixamorig_RightHandIndex2/matrix"/>
    </animation>
    <animation id="mixamorig_RightHandIndex3-anim" name="mixamorig_RightHandIndex3">
      <source id="mixamorig_RightHandIndex3-Matrix-animation-input">
        <float_array id="mixamorig_RightHandIndex3-Matrix-animation-input-array" count="91">

0.000000 0.033333 0.066667 0.100000 0.133333 0.166667 0.200000 0.233333 0.266667 0.300000 0.333333 0.366667 0.400000 0.433333 0.466667 0.500000
0.533333 0.566667 0.600000 0.633333 0.666667 0.700000 0.733333 0.766667 0.800000 0.833333 0.866667 0.900000 0.933333 0.966667 1.000000 1.033333
1.066667 1.100000 1.133333 1.166667 1.200000 1.233333 1.266667 1.300000 1.333333 1.366667 1.400000 1.433333 1.466667 1.500000 1.533333 1.566667
1.600000 1.633333 1.666667 1.700000 1.733333 1.766667 1.800000 1.833333 1.866667 1.900000 1.933333 1.966667 2.000000 2.033333 2.066667 2.100000
2.133333 2.166667 2.200000 2.233333 2.266667 2.300000 2.333333 2.366667 2.400000 2.433333 2.466667 2.500000 2.533333 2.566667 2.600000 2.633333
2.666667 2.700000 2.733333 2.766667 2.800000 2.833333 2.866667 2.900000 2.933333 2.966667 3.000000</float_array>
        <technique_common>
          <accessor source="#mixamorig_RightHandIndex3-Matrix-animation-input-array" count="91">
            <param name="TIME" type="float"/>
          </accessor>
        </technique_common>
      </source>
      <source id="mixamorig_RightHandIndex3-Matrix-animation-output-transform">
        <float_array id="mixamorig_RightHandIndex3-Matrix-animation-output-transform-array" count="1456">

0.999969 -0.007811 0.000371 0.000000 0.007811 0.995458 -0.094880 3.002600 0.000371 0.094880 0.995489 0.000000 0.000000 0.000000 0.000000 1.000000
0.999968 -0.007945 0.000384 -0.000000 0.007945 0.995300 -0.096512 3.002600 0.000384 0.096512 0.995332 -0.000000 0.000000 0.000000 0.000000 1.000000
0.999965 -0.008329 0.000423 0.000000 0.008329 0.994833 -0.101179 3.002600 0.000422 0.101179 0.994868 0.000000 0.000000 0.000000 0.000000 1.000000
0.999960 -0.008936 0.000486 0.000000 0.008936 0.994051 -0.108550 3.002600 0.000487 0.108550 0.994091 0.000000 0.000000 0.000000 0.000000 1.000000
0.999952 -0.009738 0.000578 0.000000 0.009738 0.992931 -0.118293 3.002600 0.000578 0.118293 0.992979 0.000000 0.000000 0.000000 0.000000 1.000000
0.999942 -0.010708 0.000699 -0.000000 0.010708 0.991446 -0.130074 3.002600 0.000699 0.130074 0.991504 -0.000000 0.000000 0.000000 0.000000 1.000000
0.999930 -0.011818 0.000853 0.000000 0.011818 0.989571 -0.143558 3.002600 0.000853 0.143558 0.989641 -0.000000 0.000000 0.000000 0.000000 1.000000
0.999914 -0.013040 0.001040 0.000000 0.013040 0.987287 -0.158409 3.002600 0.001039 0.158409 0.987373 0.000000 0.000000 0.000000 0.000000 1.000000
0.999896 -0.014348 0.001260 0.000000 0.014348 0.984590 -0.174291 3.002600 0.001260 0.174291 0.984693 0.000000 0.000000 0.000000 0.000000 1.000000
0.999875 -0.015712 0.001513 0.000000 0.015712 0.981490 -0.190868 3.002600 0.001514 0.190868 0.981614 0.000000 0.000000 0.000000 0.000000 1.000000
0.999852 -0.017107 0.001797 0.000000 0.017107 0.978020 -0.207810 3.002600 0.001797 0.207810 0.978168 0.000000 0.000000 0.000000 0.000000 1.000000
0.999827 -0.018505 0.002107 0.000000 0.018505 0.974232 -0.224787 3.002600 0.002107 0.224787 0.974406 0.000000 0.000000 0.000000 0.000000 1.000000
0.999799 -0.019878 0.002436 0.000000 0.019878 0.970204 -0.241474 3.002600 0.002436 0.241474 0.970404 -0.000000 0.000000 0.000000 0.000000 1.000000
0.999771 -0.021202 0.002777 0.000000 0.021202 0.966032 -0.257552 3.002600 0.002777 0.257552 0.966260 0.000000 0.000000 0.000000 0.000000 1.000000
0.999743 -0.022450 0.003121 0.000000 0.022450 0.961834 -0.272710 3.002600 0.003121 0.272710 0.962091 0.000000 0.000000 0.000000 0.000000 1.000000
0.999716 -0.023597 0.003455 0.000000 0.023597 0.957748 -0.286640 3.002600 0.003455 0.286640 0.958032 -0.000000 0.000000 0.000000 0.000000 1.000000
0.999690 -0.024618 0.003767 -0.000000 0.024618 0.953923 -0.299041 3.002600 0.003768 0.299041 0.954233 -0.000000 0.000000 0.000000 0.000000 1.000000
0.999667 -0.025488 0.004046 0.000000 0.025488 0.950520 -0.309618 3.002600 0.004046 0.309618 0.950853 0.000000 0.000000 0.000000 0.000000 1.000000
0.999648 -0.026185 0.004276 0.000000 0.026185 0.947703 -0.318077 3.002600 0.004276 0.318077 0.948055 -0.000000 0.000000 0.000000 0.000000 1.000000
0.999634 -0.026682 0.004445 0.000000 0.026682 0.945638 -0.324126 3.002600 0.004445 0.324125 0.946004 -0.000000 0.000000 0.000000 0.000000 1.000000
0.999626 -0.026958 0.004540 -0.000000 0.026958 0.944477 -0.327471 3.002600 0.004540 0.327471 0.944850 0.000000 0.000000 0.000000 0.000000 1.000000
0.999625 -0.026998 0.004554 0.000000 0.026998 0.944306 -0.327958 3.002600 0.004554 0.327958 0.944681 -0.000000 0.000000 0.000000 0.000000 1.000000
0.999629 -0.026874 0.004511 0.000000 0.026875 0.944829 -0.326459 3.002600 0.004511 0.326459 0.945201 -0.000000 0.000000 0.000000 0.000000 1.000000
0.999636 -0.026621 0.004424 0.000000 0.026621 0.945894 -0.323383 3.002600 0.004424 0.323383 0.946258 0.000000 0.000000 0.000000 0.000000 1.000000
0.999646 -0.026249 0.004298 0.000000 0.026249 0.947438 -0.318861 3.002600 0.004298 0.318861 0.947792 0.000000 0.000000 0.000000 0.000000 1.000000
0.999659 -0.025768 0.004138 -0.000000 0.025768 0.949397 -0.313020 3.002600 0.004137 0.313020 0.949738 -0.000000 0.000000 0.000000 0.000000 1.000000
0.999675 -0.025189 0.003949 -0.000000 0.025189 0.951702 -0.305988 3.002600 0.003949 0.305988 0.952027 -0.000000 0.000000 0.000000 0.000000 1.000000
0.999692 -0.024523 0.003738 0.000000 0.024523 0.954284 -0.297894 3.002600 0.003738 0.297894 0.954592 -0.000000 0.000000 0.000000 0.000000 1.000000
0.999711 -0.023780 0.003510 -0.000000 0.023780 0.957074 -0.288866 3.002600 0.003510 0.288866 0.957363 -0.000000 0.000000 0.000000 0.000000 1.000000
0.999731 -0.022970 0.003270 0.000000 0.022970 0.960007 -0.279033 3.002600 0.003270 0.279033 0.960276 0.000000 0.000000 0.000000 0.000000 1.000000
0.999751 -0.022105 0.003024 0.000000 0.022105 0.963018 -0.268528 3.002600 0.003024 0.268528 0.963267 0.000000 0.000000 0.000000 0.000000 1.000000
0.999771 -0.021196 0.002776 0.000000 0.021196 0.966051 -0.257482 3.002600 0.002776 0.257482 0.966279 0.000000 0.000000 0.000000 0.000000 1.000000
0.999792 -0.020254 0.002531 0.000000 0.020254 0.969050 -0.246031 3.002600 0.002531 0.246031 0.969259 -0.000000 0.000000 0.000000 0.000000 1.000000
0.999811 -0.019289 0.002292 0.000000 0.019289 0.971970 -0.234312 3.002600 0.002292 0.234312 0.972159 0.000000 0.000000 0.000000 0.000000 1.000000
0.999830 -0.018313 0.002063 0.000000 0.018313 0.974769 -0.222463 3.002600 0.002063 0.222463 0.974939 0.000000 0.000000 0.000000 0.000000 1.000000
0.999848 -0.017339 0.001847 0.000000 0.017339 0.977413 -0.210624 3.002600 0.001847 0.210624 0.977565 0.000000 0.000000 0.000000 0.000000 1.000000
0.999865 -0.016377 0.001646 0.000000 0.016377 0.979875 -0.198938 3.002600 0.001646 0.198938 0.980011 -0.000000 0.000000 0.000000 0.000000 1.000000
0.999880 -0.015439 0.001461 0.000000 0.015439 0.982134 -0.187547 3.002600 0.001461 0.187547 0.982254 0.000000 0.000000 0.000000 0.000000 1.000000
0.999893 -0.014538 0.001294 0.000000 0.014538 0.984176 -0.176596 3.002600 0.001294 0.176596 0.984283 0.000000 0.000000 0.000000 0.000000 1.000000
0.999906 -0.013684 0.001145 0.000000 0.013684 0.985992 -0.166229 3.002600 0.001145 0.166229 0.986086 0.000000 0.000000 0.000000 0.000000 1.000000
0.999916 -0.012891 0.001016 0.000000 0.012891 0.987579 -0.156593 3.002600 0.001016 0.156593 0.987663 0.000000 0.000000 0.000000 0.000000 1.000000
0.999926 -0.012170 0.000905 0.000000 0.012170 0.988938 -0.147831 3.002600 0.000905 0.147831 0.989012 0.000000 0.000000 0.000000 0.000000 1.000000
0.999933 -0.011532 0.000812 -0.000000 0.011532 0.990072 -0.140091 3.002600 0.000812 0.140091 0.990138 -0.000000 0.000000 0.000000 0.000000 1.000000
0.999939 -0.010991 0.000737 -0.000000 0.010991 0.990986 -0.133516 3.002600 0.000737 0.133516 0.991046 0.000000 0.000000 0.000000 0.000000 1.000000
0.999944 -0.010558 0.000680 0.000000 0.010558 0.991685 -0.128253 3.002600 0.000680 0.128253 0.991741 0.000000 0.000000 0.000000 0.000000 1.000000
0.999947 -0.010244 0.000640 -0.000000 0.010244 0.992174 -0.124446 3.002600 0.000640 0.124446 0.992226 0.000000 0.000000 0.000000 0.000000 1.000000
0.999949 -0.010063 0.000617 0.000000 0.010063 0.992450 -0.122238 3.002600 0.000617 0.122238 0.992501 0.000000 0.000000 0.000000 0.000000 1.000000
0.999950 -0.010028 0.000613 0.000000 0.010028 0.992502 -0.121813 3.002600 0.000613 0.121813 0.992553 -0.000000 0.000000 0.000000 0.000000 1.000000
0.999948 -0.010179 0.000632 -0.000000 0.010179 0.992274 -0.123644 3.002600 0.000632 0.123644 0.992326 0.000000 0.000000 0.000000 0.000000 1.000000
0.999944 -0.010518 0.000675 0.000000 0.010518 0.991748 -0.127769 3.002600 0.000675 0.127769 0.991804 -0.000000 0.000000 0.000000 0.000000 1.000000
0.999939 -0.011027 0.000742 -0.000000 0.011027 0.990927 -0.133949 3.002600 0.000742 0.133949 0.990988 -0.000000 0.000000 0.000000 0.000000 1.000000
0.999931 -0.011685 0.000834 0.000000 0.011685 0.989805 -0.141946 3.002600 0.000834 0.141946 0.989874 0.000000 0.000000 0.000000 0.000000 1.000000
0.999922 -0.012473 0.000951 0.000000 0.012473 0.988375 -0.151521 3.002600 0.000951 0.151521 0.988454 -0.000000 0.000000 0.000000 0.000000 1.000000
0.999910 -0.013372 0.001093 0.000000 0.013372 0.986629 -0.162434 3.002600 0.001093 0.162434 0.986719 0.000000 0.000000 0.000000 0.000000 1.000000
0.999896 -0.014361 0.001262 0.000000 0.014361 0.984562 -0.174445 3.002600 0.001262 0.174445 0.984666 0.000000 0.000000 0.000000 0.000000 1.000000
0.999880 -0.015420 0.001457 0.000000 0.015420 0.982179 -0.187314 3.002600 0.001457 0.187314 0.982299 -0.000000 0.000000 0.000000 0.000000 1.000000
0.999862 -0.016530 0.001677 0.000000 0.016530 0.979493 -0.200801 3.002600 0.001677 0.200801 0.979631 0.000000 0.000000 0.000000 0.000000 1.000000
0.999842 -0.017672 0.001919 0.000000 0.017672 0.976527 -0.214668 3.002600 0.001919 0.214668 0.976685 0.000000 0.000000 0.000000 0.000000 1.000000
0.999820 -0.018825 0.002182 -0.000000 0.018825 0.973319 -0.228681 3.002600 0.002182 0.228681 0.973499 0.000000 0.000000 0.000000 0.000000 1.000000
0.999798 -0.019972 0.002460 0.000000 0.019972 0.969920 -0.242604 3.002600 0.002460 0.242604 0.970122 0.000000 0.000000 0.000000 0.000000 1.000000
0.999774 -0.021092 0.002748 0.000000 0.021092 0.966391 -0.256211 3.002600 0.002748 0.256211 0.966617 -0.000000 0.000000 0.000000 0.000000 1.000000
0.999750 -0.022167 0.003041 0.000000 0.022167 0.962809 -0.269272 3.002600 0.003041 0.269272 0.963059 0.000000 0.000000 0.000000 0.000000 1.000000
0.999715 -0.023634 0.003466 0.000000 0.023634 0.957610 -0.287097 3.002600 0.003466 0.287097 0.957895 0.000000 0.000000 0.000000 0.000000 1.000000
0.999527 -0.030214 0.005746 0.000000 0.030214 0.929721 -0.367023 3.002600 0.005747 0.367023 0.930194 0.000000 0.000000 0.000000 0.000000 1.000000
0.999256 -0.037492 0.009037 0.000000 0.037492 0.889478 -0.455437 3.002600 0.009037 0.455437 0.890222 0.000000 0.000000 0.000000 0.000000 1.000000
0.999163 -0.039618 0.010165 0.000000 0.039618 0.875684 -0.481257 3.002600 0.010165 0.481257 0.876521 -0.000000 0.000000 0.000000 0.000000 1.000000
0.999128 -0.040377 0.010588 0.000000 0.040377 0.870515 -0.490483 3.002600 0.010588 0.490483 0.871386 0.000000 0.000000 0.000000 0.000000 1.000000
0.999122 -0.040509 0.010662 0.000000 0.040509 0.869603 -0.492087 3.002600 0.010662 0.492087 0.870481 0.000000 0.000000 0.000000 0.000000 1.000000
0.999134 -0.040255 0.010518 0.000000 0.040254 0.871359 -0.488992 3.002600 0.010519 0.488992 0.872225 0.000000 0.000000 0.000000 0.000000 1.000000
0.999153 -0.039850 0.010293 0.000000 0.039850 0.874116 -0.484080 3.002600 0.010293 0.484080 0.874963 0.000000 0.000000 0.000000 0.000000 1.000000
0.999169 -0.039482 0.010091 0.000000 0.039482 0.876591 -0.479615 3.002600 0.010091 0.479615 0.877421 0.000000 0.000000 0.000000 0.000000 1.000000
0.999202 -0.038758 0.009699 0.000000 0.038758 0.881380 -0.470815 3.002600 0.009699 0.470815 0.882178 -0.000000 0.000000 0.000000 0.000000 1.000000
0.999245 -0.037742 0.009165 -0.000000 0.037742 0.887906 -0.458474 3.002600 0.009166 0.458474 0.888661 0.000000 0.000000 0.000000 0.000000 1.000000
0.999299 -0.036462 0.008519 0.000000 0.036462 0.895818 -0.442922 3.002600 0.008519 0.442922 0.896520 0.000000 0.000000 0.000000 0.000000 1.000000
0.999359 -0.034945 0.007788 -0.000000 0.034945 0.904756 -0.424495 3.002600 0.007788 0.424495 0.905397 0.000000 0.000000 0.000000 0.000000 1.000000
0.999424 -0.033219 0.007003 0.000000 0.033219 0.914361 -0.403535 3.002600 0.007002 0.403535 0.914938 0.000000 0.000000 0.000000 0.000000 1.000000
0.999490 -0.031315 0.006190 0.000000 0.031315 0.924292 -0.380399 3.002600 0.006190 0.380399 0.924802 0.000000 0.000000 0.000000 0.000000 1.000000
0.999557 -0.029262 0.005378 0.000000 0.029262 0.934232 -0.355464 3.002600 0.005378 0.355464 0.934674 -0.000000 0.000000 0.000000 0.000000 1.000000
0.999622 -0.027094 0.004587 0.000000 0.027094 0.943896 -0.329129 3.002600 0.004588 0.329129 0.944274 0.000000 0.000000 0.000000 0.000000 1.000000
0.999684 -0.024846 0.003840 -0.000000 0.024846 0.953044 -0.301811 3.002600 0.003840 0.301811 0.953360 0.000000 0.000000 0.000000 0.000000 1.000000
0.999741 -0.022552 0.003150 -0.000000 0.022552 0.961479 -0.273951 3.002600 0.003150 0.273951 0.961738 0.000000 0.000000 0.000000 0.000000 1.000000
0.999792 -0.020251 0.002530 0.000000 0.020251 0.969057 -0.246006 3.002600 0.002530 0.246006 0.969265 -0.000000 0.000000 0.000000 0.000000 1.000000
0.999836 -0.017983 0.001988 0.000000 0.017983 0.975683 -0.218445 3.002600 0.001988 0.218445 0.975847 0.000000 0.000000 0.000000 0.000000 1.000000
0.999874 -0.015785 0.001528 -0.000000 0.015785 0.981317 -0.191751 3.002600 0.001528 0.191751 0.981442 0.000000 0.000000 0.000000 0.000000 1.000000
0.999906 -0.013699 0.001148 -0.000000 0.013699 0.985962 -0.166408 3.002600 0.001148 0.166408 0.986056 -0.000000 0.000000 0.000000 0.000000 1.000000
0.999930 -0.011777 0.000847 0.000000 0.011776 0.989645 -0.143055 3.002600 0.000847 0.143055 0.989714 0.000000 0.000000 0.000000 0.000000 1.000000
0.999945 -0.010485 0.000670 0.000000 0.010485 0.991801 -0.127361 3.002600 0.000671 0.127361 0.991856 -0.000000 0.000000 0.000000 0.000000 1.000000
0.999955 -0.009434 0.000542 0.000000 0.009434 0.993367 -0.114601 3.002600 0.000542 0.114601 0.993411 0.000000 0.000000 0.000000 0.000000 1.000000
0.999963 -0.008595 0.000450 -0.000000 0.008595 0.994497 -0.104409 3.002600 0.000450 0.104409 0.994534 0.000000 0.000000 0.000000 0.000000 1.000000
0.999968 -0.007939 0.000384 -0.000000 0.007939 0.995307 -0.096437 3.002600 0.000384 0.096437 0.995339 0.000000 0.000000 0.000000 0.000000 1.000000
0.999969 -0.007811 0.000372 0.000000 0.007811 0.995458 -0.094881 3.002600 0.000371 0.094881 0.995489 0.000000 0.000000 0.000000 0.000000 1.000000</float_array>
        <technique_common>
          <accessor source="#mixamorig_RightHandIndex3-Matrix-animation-output-transform-array" count="91" stride="16">
            <param type="float4x4"/>
          </accessor>
        </technique_common>
      </source>
      <source id="mixamorig_RightHandIndex3-Interpolations">
        <Name_array id="mixamorig_RightHandIndex3-Interpolations-array" count="91">
 LINEAR LINEAR LINEAR LINEAR LINEAR LINEAR LINEAR LINEAR LINEAR LINEAR LINEAR
LINEAR LINEAR LINEAR LINEAR LINEAR LINEAR LINEAR LINEAR LINEAR LINEAR LINEAR LINEAR
LINEAR LINEAR LINEAR LINEAR LINEAR LINEAR LINEAR LINEAR LINEAR LINEAR LINEAR LINEAR
LINEAR LINEAR LINEAR LINEAR LINEAR LINEAR LINEAR LINEAR LINEAR LINEAR LINEAR LINEAR
LINEAR LINEAR LINEAR LINEAR LINEAR LINEAR LINEAR LINEAR LINEAR LINEAR LINEAR LINEAR
LINEAR LINEAR LINEAR LINEAR LINEAR LINEAR LINEAR LINEAR LINEAR LINEAR LINEAR LINEAR
LINEAR LINEAR LINEAR LINEAR LINEAR LINEAR LINEAR LINEAR LINEAR LINEAR LINEAR LINEAR
LINEAR LINEAR LINEAR LINEAR LINEAR LINEAR LINEAR LINEAR</Name_array>
        <technique_common>
          <accessor source="#mixamorig_RightHandIndex3-Interpolations-array" count="91">
            <param type="name"/>
          </accessor>
        </technique_common>
      </source>
      <sampler id="mixamorig_RightHandIndex3-Matrix-animation-transform">
        <input semantic="INPUT" source="#mixamorig_RightHandIndex3-Matrix-animation-input"/>
        <input semantic="OUTPUT" source="#mixamorig_RightHandIndex3-Matrix-animation-output-transform"/>
        <input semantic="INTERPOLATION" source="#mixamorig_RightHandIndex3-Interpolations"/>
      </sampler>
      <channel source="#mixamorig_RightHandIndex3-Matrix-animation-transform" target="mixamorig_RightHandIndex3/matrix"/>
    </animation>
    <animation id="mixamorig_RightHandMiddle1-anim" name="mixamorig_RightHandMiddle1">
      <source id="mixamorig_RightHandMiddle1-Matrix-animation-input">
        <float_array id="mixamorig_RightHandMiddle1-Matrix-animation-input-array" count="91">

0.000000 0.033333 0.066667 0.100000 0.133333 0.166667 0.200000 0.233333 0.266667 0.300000 0.333333 0.366667 0.400000 0.433333 0.466667 0.500000
0.533333 0.566667 0.600000 0.633333 0.666667 0.700000 0.733333 0.766667 0.800000 0.833333 0.866667 0.900000 0.933333 0.966667 1.000000 1.033333
1.066667 1.100000 1.133333 1.166667 1.200000 1.233333 1.266667 1.300000 1.333333 1.366667 1.400000 1.433333 1.466667 1.500000 1.533333 1.566667
1.600000 1.633333 1.666667 1.700000 1.733333 1.766667 1.800000 1.833333 1.866667 1.900000 1.933333 1.966667 2.000000 2.033333 2.066667 2.100000
2.133333 2.166667 2.200000 2.233333 2.266667 2.300000 2.333333 2.366667 2.400000 2.433333 2.466667 2.500000 2.533333 2.566667 2.600000 2.633333
2.666667 2.700000 2.733333 2.766667 2.800000 2.833333 2.866667 2.900000 2.933333 2.966667 3.000000</float_array>
        <technique_common>
          <accessor source="#mixamorig_RightHandMiddle1-Matrix-animation-input-array" count="91">
            <param name="TIME" type="float"/>
          </accessor>
        </technique_common>
      </source>
      <source id="mixamorig_RightHandMiddle1-Matrix-animation-output-transform">
        <float_array id="mixamorig_RightHandMiddle1-Matrix-animation-output-transform-array" count="1456">

0.999220 -0.025413 0.030231 -0.024100 0.036889 0.873932 -0.484647 11.042700 -0.014103 0.485384 0.874187 -0.048000 0.000000 0.000000 0.000000 1.000000
0.999205 -0.025448 0.030688 -0.024100 0.037226 0.871043 -0.489794 11.042700 -0.014267 0.490547 0.871298 -0.048000 0.000000 0.000000 0.000000 1.000000
0.999162 -0.025531 0.032003 -0.024100 0.038198 0.862634 -0.504385 11.042700 -0.014729 0.505184 0.862886 -0.048000 0.000000 0.000000 0.000000 1.000000
0.999090 -0.025615 0.034102 -0.024100 0.039755 0.848885 -0.527080 11.042700 -0.015447 0.527956 0.849131 -0.048000 0.000000 0.000000 0.000000 1.000000
0.998989 -0.025637 0.036921 -0.024100 0.041861 0.829844 -0.556423 11.042700 -0.016374 0.557406 0.830078 -0.048000 0.000000 0.000000 0.000000 1.000000
0.998858 -0.025527 0.040395 -0.024100 0.044483 0.805527 -0.590887 11.042700 -0.017456 0.592009 0.805742 -0.048000 0.000000 0.000000 0.000000 1.000000
0.998693 -0.025214 0.044450 -0.024100 0.047584 0.776019 -0.628912 11.042700 -0.018637 0.630205 0.776205 -0.048000 0.000000 0.000000 0.000000 1.000000
0.998495 -0.024635 0.049003 -0.024100 0.051126 0.741546 -0.668951 11.042700 -0.019858 0.670450 0.741689 -0.048000 0.000000 0.000000 0.000000 1.000000
0.998261 -0.023743 0.053956 -0.024100 0.055059 0.702524 -0.709527 11.042700 -0.021060 0.711264 0.702610 -0.048000 0.000000 0.000000 0.000000 1.000000
0.997992 -0.022505 0.059199 -0.024100 0.059320 0.659593 -0.749279 11.042700 -0.022185 0.751286 0.659603 -0.048000 0.000000 0.000000 0.000000 1.000000
0.997691 -0.020916 0.064610 -0.024100 0.063831 0.613617 -0.787020 11.042700 -0.023185 0.789327 0.613535 -0.048000 0.000000 0.000000 0.000000 1.000000
0.997362 -0.018995 0.070059 -0.024100 0.068499 0.565675 -0.821778 11.042700 -0.024021 0.824409 0.565484 -0.048000 0.000000 0.000000 0.000000 1.000000
0.997011 -0.016793 0.075409 -0.024100 0.073213 0.517031 -0.852830 11.042700 -0.024667 0.855802 0.516715 -0.048000 0.000000 0.000000 0.000000 1.000000
0.996649 -0.014385 0.080527 -0.024100 0.077849 0.469085 -0.879715 11.042700 -0.025120 0.883036 0.468633 -0.048000 0.000000 0.000000 0.000000 1.000000
0.996287 -0.011871 0.085277 -0.024100 0.082270 0.423333 -0.902231 11.042700 -0.025390 0.905896 0.422737 -0.048000 0.000000 0.000000 0.000000 1.000000
0.995940 -0.009374 0.089534 -0.024100 0.086333 0.381312 -0.920406 11.042700 -0.025512 0.924399 0.380573 -0.048000 0.000000 0.000000 0.000000 1.000000
0.995625 -0.007032 0.093179 -0.024100 0.089887 0.344565 -0.934449 11.042700 -0.025536 0.938736 0.343690 -0.048000 0.000000 0.000000 0.000000 1.000000
0.995359 -0.004988 0.096100 -0.024100 0.092783 0.314602 -0.944678 11.042700 -0.025521 0.949211 0.313605 -0.048000 0.000000 0.000000 0.000000 1.000000
0.995162 -0.003386 0.098189 -0.024100 0.094871 0.292877 -0.951432 11.042700 -0.025536 0.956144 0.291781 -0.048000 0.000000 0.000000 0.000000 1.000000
0.995050 -0.002361 0.099343 -0.024100 0.096007 0.280776 -0.954959 11.042700 -0.025639 0.959770 0.279613 -0.048000 0.000000 0.000000 0.000000 1.000000
0.995035 -0.001963 0.099506 -0.024100 0.096098 0.279068 -0.955451 11.042700 -0.025893 0.960269 0.277871 -0.048000 0.000000 0.000000 0.000000 1.000000
0.995088 -0.001820 0.098973 -0.024100 0.095394 0.284674 -0.953866 11.042700 -0.026440 0.958623 0.283450 -0.048000 0.000000 0.000000 0.000000 1.000000
0.995196 -0.001791 0.097884 -0.024100 0.094023 0.296093 -0.950520 11.042700 -0.027281 0.955158 0.294839 -0.048000 0.000000 0.000000 0.000000 1.000000
0.995352 -0.001848 0.096281 -0.024100 0.092027 0.312763 -0.945363 11.042700 -0.028366 0.949829 0.311480 -0.048000 0.000000 0.000000 0.000000 1.000000
0.995550 -0.001957 0.094210 -0.024100 0.089448 0.334099 -0.938284 11.042700 -0.029639 0.942536 0.332787 -0.048000 0.000000 0.000000 0.000000 1.000000
0.995783 -0.002082 0.091714 -0.024100 0.086328 0.359492 -0.929146 11.042700 -0.031037 0.933146 0.358156 -0.048000 0.000000 0.000000 0.000000 1.000000
0.996043 -0.002181 0.088840 -0.024100 0.082712 0.388315 -0.917807 11.042700 -0.032496 0.921524 0.386959 -0.048000 0.000000 0.000000 0.000000 1.000000
0.996324 -0.002220 0.085635 -0.024100 0.078647 0.419927 -0.904144 11.042700 -0.033953 0.907555 0.418558 -0.048000 0.000000 0.000000 0.000000 1.000000
0.996618 -0.002162 0.082150 -0.024100 0.074186 0.453678 -0.888072 11.042700 -0.035350 0.891163 0.452304 -0.048000 0.000000 0.000000 0.000000 1.000000
0.996917 -0.001978 0.078436 -0.024100 0.069386 0.488921 -0.869564 11.042700 -0.036629 0.872326 0.487551 -0.048000 0.000000 0.000000 0.000000 1.000000
0.997216 -0.001643 0.074550 -0.024100 0.064309 0.525016 -0.848659 11.042700 -0.037745 0.851091 0.523660 -0.048000 0.000000 0.000000 0.000000 1.000000
0.997508 -0.001142 0.070547 -0.024100 0.059023 0.561346 -0.825474 11.042700 -0.038658 0.827580 0.560015 -0.048000 0.000000 0.000000 0.000000 1.000000
0.997787 -0.000465 0.066483 -0.024100 0.053597 0.597326 -0.800205 11.042700 -0.039340 0.801998 0.596030 -0.048000 0.000000 0.000000 0.000000 1.000000
0.998050 0.000388 0.062417 -0.024100 0.048105 0.632414 -0.773135 11.042700 -0.039773 0.774630 0.631162 -0.048000 0.000000 0.000000 0.000000 1.000000
0.998292 0.001407 0.058403 -0.024100 0.042624 0.666122 -0.744623 11.042700 -0.039951 0.745841 0.664925 -0.048000 0.000000 0.000000 0.000000 1.000000
0.998511 0.002575 0.054496 -0.024100 0.037228 0.698025 -0.715105 11.042700 -0.039881 0.716069 0.696890 -0.048000 0.000000 0.000000 0.000000 1.000000
0.998704 0.003868 0.050747 -0.024100 0.031992 0.727766 -0.685079 11.042700 -0.039581 0.685815 0.726699 -0.048000 0.000000 0.000000 0.000000 1.000000
0.998872 0.005250 0.047202 -0.024100 0.026989 0.755059 -0.655101 11.042700 -0.039080 0.655636 0.754065 -0.048000 0.000000 0.000000 0.000000 1.000000
0.999013 0.006682 0.043906 -0.024100 0.022287 0.779689 -0.625770 11.042700 -0.038415 0.626131 0.778771 -0.048000 0.000000 0.000000 0.000000 1.000000
0.999130 0.008120 0.040898 -0.024100 0.017953 0.801510 -0.597712 11.042700 -0.037633 0.597927 0.800667 -0.048000 0.000000 0.000000 0.000000 1.000000
0.999224 0.009514 0.038212 -0.024100 0.014046 0.820430 -0.571575 11.042700 -0.036788 0.571669 0.819660 -0.048000 0.000000 0.000000 0.000000 1.000000
0.999298 0.010812 0.035880 -0.024100 0.010627 0.836404 -0.548011 11.042700 -0.035935 0.548007 0.835701 -0.048000 0.000000 0.000000 0.000000 1.000000
0.999353 0.011963 0.033931 -0.024100 0.007748 0.849417 -0.527666 11.042700 -0.035135 0.527587 0.848774 -0.048000 0.000000 0.000000 0.000000 1.000000
0.999392 0.012916 0.032394 -0.024100 0.005461 0.859461 -0.511172 11.042700 -0.034443 0.511038 0.858868 -0.048000 0.000000 0.000000 0.000000 1.000000
0.999417 0.013622 0.031294 -0.024100 0.003819 0.866516 -0.499134 11.042700 -0.033916 0.498963 0.865959 -0.048000 0.000000 0.000000 0.000000 1.000000
0.999431 0.014037 0.030663 -0.024100 0.002872 0.870520 -0.492125 11.042700 -0.033600 0.491933 0.869984 -0.048000 0.000000 0.000000 0.000000 1.000000
0.999434 0.014115 0.030544 -0.024100 0.002695 0.871267 -0.490802 11.042700 -0.033540 0.490606 0.870736 -0.048000 0.000000 0.000000 0.000000 1.000000
0.999422 0.013766 0.031073 -0.024100 0.003488 0.867920 -0.496691 11.042700 -0.033807 0.496513 0.867371 -0.048000 0.000000 0.000000 0.000000 1.000000
0.999395 0.012995 0.032269 -0.024100 0.005275 0.860268 -0.509815 11.042700 -0.034385 0.509677 0.859679 -0.048000 0.000000 0.000000 0.000000 1.000000
0.999349 0.011873 0.034080 -0.024100 0.007969 0.848433 -0.529243 11.042700 -0.035199 0.529170 0.847785 -0.048000 0.000000 0.000000 0.000000 1.000000
0.999280 0.010479 0.036463 -0.024100 0.011484 0.832452 -0.553979 11.042700 -0.036159 0.553999 0.831732 -0.048000 0.000000 0.000000 0.000000 1.000000
0.999185 0.008899 0.039370 -0.024100 0.015735 0.812339 -0.582973 11.042700 -0.037170 0.583117 0.811537 -0.048000 0.000000 0.000000 0.000000 1.000000
0.999060 0.007218 0.042752 -0.024100 0.020629 0.788136 -0.615155 11.042700 -0.038135 0.615459 0.787246 -0.048000 0.000000 0.000000 0.000000 1.000000
0.998900 0.005520 0.046555 -0.024100 0.026069 0.759955 -0.649453 11.042700 -0.038964 0.649952 0.758975 -0.048000 0.000000 0.000000 0.000000 1.000000
0.998706 0.003879 0.050715 -0.024100 0.031948 0.728013 -0.684819 11.042700 -0.039578 0.685553 0.726946 -0.048000 0.000000 0.000000 0.000000 1.000000
0.998475 0.002364 0.055162 -0.024100 0.038152 0.692652 -0.720262 11.042700 -0.039911 0.721268 0.691506 -0.048000 0.000000 0.000000 0.000000 1.000000
0.998209 0.001027 0.059817 -0.024100 0.044562 0.654355 -0.754873 11.042700 -0.039917 0.756187 0.653137 -0.048000 0.000000 0.000000 0.000000 1.000000
0.997912 -0.000091 0.064594 -0.024100 0.051054 0.613740 -0.787856 11.042700 -0.039572 0.789509 0.612462 -0.048000 0.000000 0.000000 0.000000 1.000000
0.997588 -0.000969 0.069404 -0.024100 0.057503 0.571555 -0.818546 11.042700 -0.038875 0.820563 0.570232 -0.048000 0.000000 0.000000 0.000000 1.000000
0.997246 -0.001601 0.074152 -0.024100 0.063787 0.528664 -0.846431 11.042700 -0.037847 0.848830 0.527310 -0.048000 0.000000 0.000000 0.000000 1.000000
0.996893 -0.001998 0.078745 -0.024100 0.069787 0.486019 -0.871157 11.042700 -0.036531 0.873946 0.484648 -0.048000 0.000000 0.000000 0.000000 1.000000
0.996540 -0.002188 0.083090 -0.024100 0.075394 0.444638 -0.892532 11.042700 -0.034992 0.895708 0.443264 -0.048000 0.000000 0.000000 0.000000 1.000000
0.996411 -0.007696 0.084295 -0.024100 0.079258 0.434420 -0.897216 11.042700 -0.029714 0.900677 0.433471 -0.048000 0.000000 0.000000 0.000000 1.000000
0.995615 -0.077317 0.052659 -0.024100 0.092375 0.723786 -0.683813 11.042700 0.014756 0.685679 0.727754 -0.048000 0.000000 0.000000 0.000000 1.000000
0.987093 -0.159333 0.016160 -0.024100 0.156590 0.939066 -0.305999 11.042700 0.033580 0.304580 0.951895 -0.048000 0.000000 0.000000 0.000000 1.000000
0.983506 -0.180615 0.009653 -0.024100 0.178513 0.960696 -0.212594 11.042700 0.029124 0.210811 0.977093 -0.048000 0.000000 0.000000 0.000000 1.000000
0.982523 -0.185932 0.008850 -0.024100 0.183909 0.962290 -0.200438 11.042700 0.028751 0.198563 0.979666 -0.048000 0.000000 0.000000 0.000000 1.000000
0.982855 -0.184084 0.010406 -0.024100 0.181663 0.957190 -0.225357 11.042700 0.031524 0.223384 0.974221 -0.048000 0.000000 0.000000 0.000000 1.000000
0.983919 -0.178128 0.013214 -0.024100 0.175109 0.947363 -0.268031 11.042700 0.035225 0.266034 0.963320 -0.048000 0.000000 0.000000 0.000000 1.000000
0.985107 -0.171189 0.016092 -0.024100 0.167715 0.936034 -0.309374 11.042700 0.037899 0.307465 0.950804 -0.048000 0.000000 0.000000 0.000000 1.000000
0.985931 -0.166212 0.017719 -0.024100 0.162620 0.929262 -0.331702 11.042700 0.038668 0.329917 0.943218 -0.048000 0.000000 0.000000 0.000000 1.000000
0.986826 -0.160759 0.018208 -0.024100 0.157401 0.927947 -0.337846 11.042700 0.037416 0.336261 0.941025 -0.048000 0.000000 0.000000 0.000000 1.000000
0.987906 -0.153917 0.018752 -0.024100 0.150898 0.926553 -0.344570 11.042700 0.035661 0.343233 0.938573 -0.048000 0.000000 0.000000 0.000000 1.000000
0.989105 -0.145933 0.019349 -0.024100 0.143357 0.924985 -0.351926 11.042700 0.033460 0.350865 0.935828 -0.048000 0.000000 0.000000 0.000000 1.000000
0.990361 -0.137056 0.020002 -0.024100 0.135024 0.923145 -0.359962 11.042700 0.030870 0.359193 0.932752 -0.048000 0.000000 0.000000 0.000000 1.000000
0.991619 -0.127525 0.020713 -0.024100 0.126137 0.920940 -0.368727 11.042700 0.027947 0.368249 0.929307 -0.048000 0.000000 0.000000 0.000000 1.000000
0.992833 -0.117565 0.021483 -0.024100 0.116923 0.918285 -0.378262 11.042700 0.024743 0.378063 0.925449 -0.048000 0.000000 0.000000 0.000000 1.000000
0.993967 -0.107386 0.022318 -0.024100 0.107591 0.915101 -0.388606 11.042700 0.021308 0.388663 0.921134 -0.048000 0.000000 0.000000 0.000000 1.000000
0.994997 -0.097171 0.023220 -0.024100 0.098329 0.911316 -0.399792 11.042700 0.017687 0.400075 0.916312 -0.048000 0.000000 0.000000 0.000000 1.000000
0.995907 -0.087081 0.024196 -0.024100 0.089302 0.906868 -0.411845 11.042700 0.013922 0.412320 0.910933 -0.048000 0.000000 0.000000 0.000000 1.000000
0.996692 -0.077252 0.025250 -0.024100 0.080651 0.901695 -0.424785 11.042700 0.010048 0.425416 0.904942 -0.048000 0.000000 0.000000 0.000000 1.000000
0.997350 -0.067794 0.026388 -0.024100 0.072493 0.895742 -0.438624 11.042700 0.006099 0.439375 0.898283 -0.048000 0.000000 0.000000 0.000000 1.000000
0.997888 -0.058795 0.027618 -0.024100 0.064924 0.888956 -0.453367 11.042700 0.002105 0.454203 0.890896 -0.048000 0.000000 0.000000 0.000000 1.000000
0.998313 -0.050324 0.028943 -0.024100 0.058023 0.881285 -0.469010 11.042700 -0.001905 0.469898 0.882718 -0.048000 0.000000 0.000000 0.000000 1.000000
0.998637 -0.042436 0.030372 -0.024100 0.051851 0.872674 -0.485542 11.042700 -0.005901 0.486456 0.873685 -0.048000 0.000000 0.000000 0.000000 1.000000
0.998870 -0.035242 0.031876 -0.024100 0.046497 0.863284 -0.502572 11.042700 -0.009806 0.503486 0.863948 -0.048000 0.000000 0.000000 0.000000 1.000000
0.998995 -0.031273 0.032094 -0.024100 0.043212 0.861956 -0.505139 11.042700 -0.011867 0.506018 0.862441 -0.048000 0.000000 0.000000 0.000000 1.000000
0.999087 -0.028594 0.031748 -0.024100 0.040668 0.864238 -0.501437 11.042700 -0.013099 0.502270 0.864611 -0.048000 0.000000 0.000000 0.000000 1.000000
0.999156 -0.026787 0.031145 -0.024100 0.038698 0.868125 -0.494834 11.042700 -0.013782 0.495622 0.868429 -0.048000 0.000000 0.000000 0.000000 1.000000
0.999208 -0.025444 0.030591 -0.024100 0.037158 0.871656 -0.488708 11.042700 -0.014231 0.489457 0.871911 -0.048000 0.000000 0.000000 0.000000 1.000000
0.999220 -0.025412 0.030231 -0.024100 0.036889 0.873932 -0.484647 11.042700 -0.014104 0.485384 0.874187 -0.048000 0.000000 0.000000 0.000000 1.000000</float_array>
        <technique_common>
          <accessor source="#mixamorig_RightHandMiddle1-Matrix-animation-output-transform-array" count="91" stride="16">
            <param type="float4x4"/>
          </accessor>
        </technique_common>
      </source>
      <source id="mixamorig_RightHandMiddle1-Interpolations">
        <Name_array id="mixamorig_RightHandMiddle1-Interpolations-array" count="91">
 LINEAR LINEAR LINEAR LINEAR LINEAR LINEAR LINEAR LINEAR LINEAR LINEAR LINEAR
LINEAR LINEAR LINEAR LINEAR LINEAR LINEAR LINEAR LINEAR LINEAR LINEAR LINEAR LINEAR
LINEAR LINEAR LINEAR LINEAR LINEAR LINEAR LINEAR LINEAR LINEAR LINEAR LINEAR LINEAR
LINEAR LINEAR LINEAR LINEAR LINEAR LINEAR LINEAR LINEAR LINEAR LINEAR LINEAR LINEAR
LINEAR LINEAR LINEAR LINEAR LINEAR LINEAR LINEAR LINEAR LINEAR LINEAR LINEAR LINEAR
LINEAR LINEAR LINEAR LINEAR LINEAR LINEAR LINEAR LINEAR LINEAR LINEAR LINEAR LINEAR
LINEAR LINEAR LINEAR LINEAR LINEAR LINEAR LINEAR LINEAR LINEAR LINEAR LINEAR LINEAR
LINEAR LINEAR LINEAR LINEAR LINEAR LINEAR LINEAR LINEAR</Name_array>
        <technique_common>
          <accessor source="#mixamorig_RightHandMiddle1-Interpolations-array" count="91">
            <param type="name"/>
          </accessor>
        </technique_common>
      </source>
      <sampler id="mixamorig_RightHandMiddle1-Matrix-animation-transform">
        <input semantic="INPUT" source="#mixamorig_RightHandMiddle1-Matrix-animation-input"/>
        <input semantic="OUTPUT" source="#mixamorig_RightHandMiddle1-Matrix-animation-output-transform"/>
        <input semantic="INTERPOLATION" source="#mixamorig_RightHandMiddle1-Interpolations"/>
      </sampler>
      <channel source="#mixamorig_RightHandMiddle1-Matrix-animation-transform" target="mixamorig_RightHandMiddle1/matrix"/>
    </animation>
    <animation id="mixamorig_RightHandMiddle2-anim" name="mixamorig_RightHandMiddle2">
      <source id="mixamorig_RightHandMiddle2-Matrix-animation-input">
        <float_array id="mixamorig_RightHandMiddle2-Matrix-animation-input-array" count="91">

0.000000 0.033333 0.066667 0.100000 0.133333 0.166667 0.200000 0.233333 0.266667 0.300000 0.333333 0.366667 0.400000 0.433333 0.466667 0.500000
0.533333 0.566667 0.600000 0.633333 0.666667 0.700000 0.733333 0.766667 0.800000 0.833333 0.866667 0.900000 0.933333 0.966667 1.000000 1.033333
1.066667 1.100000 1.133333 1.166667 1.200000 1.233333 1.266667 1.300000 1.333333 1.366667 1.400000 1.433333 1.466667 1.500000 1.533333 1.566667
1.600000 1.633333 1.666667 1.700000 1.733333 1.766667 1.800000 1.833333 1.866667 1.900000 1.933333 1.966667 2.000000 2.033333 2.066667 2.100000
2.133333 2.166667 2.200000 2.233333 2.266667 2.300000 2.333333 2.366667 2.400000 2.433333 2.466667 2.500000 2.533333 2.566667 2.600000 2.633333
2.666667 2.700000 2.733333 2.766667 2.800000 2.833333 2.866667 2.900000 2.933333 2.966667 3.000000</float_array>
        <technique_common>
          <accessor source="#mixamorig_RightHandMiddle2-Matrix-animation-input-array" count="91">
            <param name="TIME" type="float"/>
          </accessor>
        </technique_common>
      </source>
      <source id="mixamorig_RightHandMiddle2-Matrix-animation-output-transform">
        <float_array id="mixamorig_RightHandMiddle2-Matrix-animation-output-transform-array" count="1456">

0.996980 -0.068451 0.036691 -0.000000 0.068451 0.551272 -0.831513 3.113000 0.036691 0.831513 0.554293 -0.000000 0.000000 0.000000 0.000000 1.000000
0.996965 -0.068570 0.036871 0.000000 0.068571 0.549069 -0.832959 3.113000 0.036871 0.832959 0.552104 0.000000 0.000000 0.000000 0.000000 1.000000
0.996922 -0.068908 0.037388 0.000000 0.068908 0.542745 -0.837066 3.113000 0.037389 0.837066 0.545823 0.000000 0.000000 0.000000 0.000000 1.000000
0.996854 -0.069435 0.038211 0.000000 0.069435 0.532688 -0.843459 3.113000 0.038211 0.843459 0.535833 0.000000 0.000000 0.000000 0.000000 1.000000
0.996764 -0.070116 0.039308 0.000000 0.070116 0.519264 -0.851733 3.113000 0.039309 0.851733 0.522500 -0.000000 0.000000 0.000000 0.000000 1.000000
0.996654 -0.070917 0.040651 0.000000 0.070917 0.502838 -0.861467 3.113000 0.040651 0.861467 0.506185 0.000000 0.000000 0.000000 0.000000 1.000000
0.996525 -0.071804 0.042210 0.000000 0.071804 0.483781 -0.872239 3.113000 0.042210 0.872239 0.487256 -0.000000 0.000000 0.000000 0.000000 1.000000
0.996382 -0.072742 0.043952 -0.000000 0.072743 0.462479 -0.883641 3.113000 0.043951 0.883641 0.466097 0.000000 0.000000 0.000000 0.000000 1.000000
0.996226 -0.073701 0.045843 -0.000000 0.073701 0.439341 -0.895292 3.113000 0.045843 0.895292 0.443115 0.000000 0.000000 0.000000 0.000000 1.000000
0.996061 -0.074653 0.047850 0.000000 0.074652 0.414801 -0.906845 3.113000 0.047850 0.906844 0.418740 0.000000 0.000000 0.000000 0.000000 1.000000
0.995889 -0.075571 0.049934 -0.000000 0.075571 0.389322 -0.917996 3.113000 0.049933 0.917996 0.393432 0.000000 0.000000 0.000000 0.000000 1.000000
0.995715 -0.076435 0.052054 0.000000 0.076435 0.363391 -0.928496 3.113000 0.052054 0.928496 0.367676 -0.000000 0.000000 0.000000 0.000000 1.000000
0.995541 -0.077229 0.054169 0.000000 0.077230 0.337520 -0.938145 3.113000 0.054169 0.938145 0.341979 0.000000 0.000000 0.000000 0.000000 1.000000
0.995371 -0.077942 0.056236 0.000000 0.077942 0.312243 -0.946800 3.113000 0.056236 0.946800 0.316872 -0.000000 0.000000 0.000000 0.000000 1.000000
0.995208 -0.078565 0.058210 0.000000 0.078565 0.288103 -0.954371 3.113000 0.058210 0.954371 0.292895 -0.000000 0.000000 0.000000 0.000000 1.000000
0.995057 -0.079096 0.060045 0.000000 0.079096 0.265659 -0.960817 3.113000 0.060045 0.960817 0.270602 0.000000 0.000000 0.000000 0.000000 1.000000
0.994921 -0.079533 0.061696 0.000000 0.079534 0.245472 -0.966135 3.113000 0.061695 0.966135 0.250551 0.000000 0.000000 0.000000 0.000000 1.000000
0.994804 -0.079881 0.063116 0.000000 0.079881 0.228105 -0.970354 3.113000 0.063116 0.970354 0.233300 0.000000 0.000000 0.000000 0.000000 1.000000
0.994710 -0.080141 0.064260 0.000000 0.080141 0.214116 -0.973515 3.113000 0.064259 0.973515 0.219406 -0.000000 0.000000 0.000000 0.000000 1.000000
0.994642 -0.080317 0.065082 0.000000 0.080317 0.204059 -0.975658 3.113000 0.065082 0.975658 0.209417 -0.000000 0.000000 0.000000 0.000000 1.000000
0.994605 -0.080411 0.065538 -0.000000 0.080411 0.198479 -0.976801 3.113000 0.065538 0.976801 0.203874 0.000000 0.000000 0.000000 0.000000 1.000000
0.994601 -0.080422 0.065588 0.000000 0.080422 0.197864 -0.976925 3.113000 0.065588 0.976925 0.203264 0.000000 0.000000 0.000000 0.000000 1.000000
0.994629 -0.080350 0.065239 0.000000 0.080350 0.202138 -0.976055 3.113000 0.065239 0.976055 0.207508 0.000000 0.000000 0.000000 0.000000 1.000000
0.994688 -0.080199 0.064524 0.000000 0.080199 0.210886 -0.974215 3.113000 0.064524 0.974215 0.216197 0.000000 0.000000 0.000000 0.000000 1.000000
0.994775 -0.079965 0.063476 0.000000 0.079965 0.223700 -0.971372 3.113000 0.063476 0.971372 0.228926 0.000000 0.000000 0.000000 0.000000 1.000000
0.994885 -0.079642 0.062129 -0.000000 0.079642 0.240164 -0.967460 3.113000 0.062129 0.967460 0.245278 -0.000000 0.000000 0.000000 0.000000 1.000000
0.995018 -0.079226 0.060520 -0.000000 0.079226 0.259846 -0.962395 3.113000 0.060521 0.962395 0.264828 -0.000000 0.000000 0.000000 0.000000 1.000000
0.995169 -0.078706 0.058683 -0.000000 0.078706 0.282313 -0.956088 3.113000 0.058683 0.956088 0.287144 0.000000 0.000000 0.000000 0.000000 1.000000
0.995336 -0.078079 0.056655 -0.000000 0.078079 0.307120 -0.948462 3.113000 0.056655 0.948462 0.311784 0.000000 0.000000 0.000000 0.000000 1.000000
0.995516 -0.077337 0.054472 -0.000000 0.077338 0.333822 -0.939458 3.113000 0.054471 0.939458 0.338306 -0.000000 0.000000 0.000000 0.000000 1.000000
0.995705 -0.076480 0.052170 0.000000 0.076480 0.361971 -0.929047 3.113000 0.052170 0.929047 0.366265 0.000000 0.000000 0.000000 0.000000 1.000000
0.995902 -0.075508 0.049786 0.000000 0.075508 0.391124 -0.917235 3.113000 0.049786 0.917235 0.395222 0.000000 0.000000 0.000000 0.000000 1.000000
0.996102 -0.074424 0.047356 -0.000000 0.074424 0.420844 -0.904075 3.113000 0.047356 0.904075 0.424742 0.000000 0.000000 0.000000 0.000000 1.000000
0.996303 -0.073238 0.044914 0.000000 0.073238 0.450710 -0.889661 3.113000 0.044914 0.889661 0.454407 0.000000 0.000000 0.000000 0.000000 1.000000
0.996502 -0.071960 0.042493 0.000000 0.071960 0.480315 -0.874139 3.113000 0.042493 0.874139 0.483813 0.000000 0.000000 0.000000 0.000000 1.000000
0.996697 -0.070607 0.040125 0.000000 0.070607 0.509277 -0.857701 3.113000 0.040125 0.857701 0.512580 0.000000 0.000000 0.000000 0.000000 1.000000
0.996885 -0.069199 0.037839 -0.000000 0.069198 0.537239 -0.840587 3.113000 0.037839 0.840587 0.540354 -0.000000 0.000000 0.000000 0.000000 1.000000
0.997064 -0.067757 0.035661 0.000000 0.067757 0.563874 -0.823077 3.113000 0.035661 0.823077 0.566810 0.000000 0.000000 0.000000 0.000000 1.000000
0.997233 -0.066309 0.033616 -0.000000 0.066309 0.588886 -0.805491 3.113000 0.033616 0.805491 0.591653 0.000000 0.000000 0.000000 0.000000 1.000000
0.997388 -0.064884 0.031725 0.000000 0.064884 0.612011 -0.788183 3.113000 0.031725 0.788183 0.614622 0.000000 0.000000 0.000000 0.000000 1.000000
0.997530 -0.063513 0.030008 0.000000 0.063514 0.633012 -0.771532 3.113000 0.030007 0.771532 0.635482 0.000000 0.000000 0.000000 0.000000 1.000000
0.997655 -0.062230 0.028481 0.000000 0.062230 0.651684 -0.755934 3.113000 0.028481 0.755934 0.654028 0.000000 0.000000 0.000000 0.000000 1.000000
0.997764 -0.061066 0.027160 0.000000 0.061066 0.667838 -0.741797 3.113000 0.027160 0.741797 0.670074 0.000000 0.000000 0.000000 0.000000 1.000000
0.997855 -0.060056 0.026059 0.000000 0.060056 0.681302 -0.729535 3.113000 0.026059 0.729535 0.683447 0.000000 0.000000 0.000000 0.000000 1.000000
0.997926 -0.059234 0.025192 0.000000 0.059234 0.691909 -0.719551 3.113000 0.025192 0.719551 0.693983 -0.000000 0.000000 0.000000 0.000000 1.000000
0.997977 -0.058632 0.024572 0.000000 0.058632 0.699486 -0.712237 3.113000 0.024572 0.712237 0.701509 0.000000 0.000000 0.000000 0.000000 1.000000
0.998007 -0.058280 0.024216 0.000000 0.058280 0.703843 -0.707961 3.113000 0.024216 0.707961 0.705836 0.000000 0.000000 0.000000 0.000000 1.000000
0.998012 -0.058212 0.024148 0.000000 0.058212 0.704678 -0.707135 3.113000 0.024148 0.707135 0.706666 0.000000 0.000000 0.000000 0.000000 1.000000
0.997988 -0.058505 0.024443 0.000000 0.058505 0.701071 -0.710688 3.113000 0.024443 0.710688 0.703083 -0.000000 0.000000 0.000000 0.000000 1.000000
0.997933 -0.059158 0.025112 -0.000000 0.059158 0.692878 -0.718624 3.113000 0.025113 0.718624 0.694945 -0.000000 0.000000 0.000000 0.000000 1.000000
0.997849 -0.060123 0.026131 0.000000 0.060123 0.680424 -0.730348 3.113000 0.026131 0.730348 0.682575 0.000000 0.000000 0.000000 0.000000 1.000000
0.997738 -0.061347 0.027474 0.000000 0.061347 0.663995 -0.745216 3.113000 0.027474 0.745216 0.666257 -0.000000 0.000000 0.000000 0.000000 1.000000
0.997603 -0.062775 0.029120 0.000000 0.062775 0.643869 -0.762556 3.113000 0.029120 0.762556 0.646266 0.000000 0.000000 0.000000 0.000000 1.000000
0.997444 -0.064350 0.031044 0.000000 0.064350 0.620339 -0.781690 3.113000 0.031044 0.781690 0.622895 -0.000000 0.000000 0.000000 0.000000 1.000000
0.997265 -0.066018 0.033220 0.000000 0.066018 0.593729 -0.801952 3.113000 0.033220 0.801952 0.596464 0.000000 0.000000 0.000000 0.000000 1.000000
0.997068 -0.067727 0.035617 -0.000000 0.067727 0.564414 -0.822709 3.113000 0.035617 0.822709 0.567346 -0.000000 0.000000 0.000000 0.000000 1.000000
0.996855 -0.069428 0.038200 0.000000 0.069428 0.532825 -0.843373 3.113000 0.038200 0.843373 0.535970 0.000000 0.000000 0.000000 0.000000 1.000000
0.996631 -0.071078 0.040928 0.000000 0.071078 0.499455 -0.863419 3.113000 0.040928 0.863419 0.502824 0.000000 0.000000 0.000000 0.000000 1.000000
0.996398 -0.072640 0.043757 0.000000 0.072640 0.464856 -0.882402 3.113000 0.043757 0.882402 0.468458 -0.000000 0.000000 0.000000 0.000000 1.000000
0.996161 -0.074086 0.046637 0.000000 0.074086 0.429636 -0.899958 3.113000 0.046637 0.899958 0.433475 -0.000000 0.000000 0.000000 0.000000 1.000000
0.995924 -0.075391 0.049514 0.000000 0.075391 0.394449 -0.915820 3.113000 0.049514 0.915820 0.398525 0.000000 0.000000 0.000000 0.000000 1.000000
0.995692 -0.076543 0.052332 0.000000 0.076543 0.359989 -0.929811 3.113000 0.052332 0.929811 0.364297 0.000000 0.000000 0.000000 0.000000 1.000000
0.995650 -0.076739 0.052842 0.000000 0.076739 0.353757 -0.932184 3.113000 0.052841 0.932184 0.358107 0.000000 0.000000 0.000000 0.000000 1.000000
0.997545 -0.063365 0.029827 0.000000 0.063365 0.635217 -0.769730 3.113000 0.029827 0.769730 0.637673 -0.000000 0.000000 0.000000 0.000000 1.000000
0.999223 -0.038257 0.009434 -0.000000 0.038257 0.884626 -0.464729 3.113000 0.009433 0.464729 0.885403 0.000000 0.000000 0.000000 0.000000 1.000000
0.999470 -0.031920 0.006442 0.000000 0.031920 0.921213 -0.387746 3.113000 0.006442 0.387746 0.921744 -0.000000 0.000000 0.000000 0.000000 1.000000
0.999489 -0.031349 0.006204 0.000000 0.031349 0.924121 -0.380811 3.113000 0.006204 0.380811 0.924632 0.000000 0.000000 0.000000 0.000000 1.000000
0.999416 -0.033434 0.007097 0.000000 0.033434 0.913200 -0.406137 3.113000 0.007097 0.406137 0.913785 0.000000 0.000000 0.000000 0.000000 1.000000
0.999285 -0.036801 0.008687 -0.000000 0.036801 0.893755 -0.447043 3.113000 0.008687 0.447043 0.894470 0.000000 0.000000 0.000000 0.000000 1.000000
0.999140 -0.040116 0.010441 0.000000 0.040116 0.872308 -0.487308 3.113000 0.010441 0.487308 0.873168 0.000000 0.000000 0.000000 0.000000 1.000000
0.999041 -0.042208 0.011650 0.000000 0.042208 0.857519 -0.512719 3.113000 0.011650 0.512719 0.858478 0.000000 0.000000 0.000000 0.000000 1.000000
0.998978 -0.043468 0.012419 0.000000 0.043468 0.848115 -0.528026 3.113000 0.012419 0.528026 0.849137 0.000000 0.000000 0.000000 0.000000 1.000000
0.998903 -0.044892 0.013326 0.000000 0.044892 0.837024 -0.545322 3.113000 0.013326 0.545322 0.838121 0.000000 0.000000 0.000000 0.000000 1.000000
0.998817 -0.046455 0.014370 0.000000 0.046455 0.824253 -0.564313 3.113000 0.014370 0.564313 0.825436 0.000000 0.000000 0.000000 0.000000 1.000000
0.998720 -0.048133 0.015551 0.000000 0.048134 0.809817 -0.584705 3.113000 0.015551 0.584705 0.811097 -0.000000 0.000000 0.000000 0.000000 1.000000
0.998612 -0.049903 0.016865 0.000000 0.049903 0.793745 -0.606200 3.113000 0.016865 0.606200 0.795133 0.000000 0.000000 0.000000 0.000000 1.000000
0.998493 -0.051739 0.018309 0.000000 0.051739 0.776083 -0.628505 3.113000 0.018309 0.628505 0.777590 -0.000000 0.000000 0.000000 0.000000 1.000000
0.998364 -0.053618 0.019878 0.000000 0.053618 0.756898 -0.651330 3.113000 0.019878 0.651330 0.758534 0.000000 0.000000 0.000000 0.000000 1.000000
0.998225 -0.055517 0.021563 -0.000000 0.055517 0.736282 -0.674393 3.113000 0.021564 0.674393 0.738057 0.000000 0.000000 0.000000 0.000000 1.000000
0.998077 -0.057413 0.023356 0.000000 0.057413 0.714353 -0.697426 3.113000 0.023357 0.697426 0.716276 0.000000 0.000000 0.000000 0.000000 1.000000
0.997922 -0.059285 0.025245 0.000000 0.059285 0.691258 -0.720172 3.113000 0.025245 0.720172 0.693336 0.000000 0.000000 0.000000 0.000000 1.000000
0.997760 -0.061115 0.027215 0.000000 0.061115 0.667167 -0.742397 3.113000 0.027215 0.742397 0.669407 0.000000 0.000000 0.000000 0.000000 1.000000
0.997592 -0.062884 0.029250 0.000000 0.062884 0.642278 -0.763888 3.113000 0.029250 0.763888 0.644685 -0.000000 0.000000 0.000000 0.000000 1.000000
0.997421 -0.064577 0.031332 -0.000000 0.064578 0.616812 -0.784457 3.113000 0.031332 0.784457 0.619391 -0.000000 0.000000 0.000000 0.000000 1.000000
0.997247 -0.066182 0.033442 0.000000 0.066182 0.591010 -0.803945 3.113000 0.033442 0.803945 0.593763 -0.000000 0.000000 0.000000 0.000000 1.000000
0.997075 -0.067666 0.035529 0.000000 0.067666 0.565486 -0.821978 3.113000 0.035529 0.821978 0.568410 0.000000 0.000000 0.000000 0.000000 1.000000
0.997002 -0.068268 0.036415 0.000000 0.068268 0.554647 -0.829281 3.113000 0.036415 0.829281 0.557645 -0.000000 0.000000 0.000000 0.000000 1.000000
0.996972 -0.068514 0.036786 0.000000 0.068514 0.550111 -0.832276 3.113000 0.036786 0.832276 0.553139 0.000000 0.000000 0.000000 0.000000 1.000000
0.996966 -0.068564 0.036861 -0.000000 0.068564 0.549193 -0.832879 3.113000 0.036861 0.832879 0.552227 0.000000 0.000000 0.000000 0.000000 1.000000
0.996965 -0.068565 0.036863 0.000000 0.068565 0.549171 -0.832892 3.113000 0.036863 0.832892 0.552206 0.000000 0.000000 0.000000 0.000000 1.000000
0.996980 -0.068451 0.036691 0.000000 0.068451 0.551272 -0.831513 3.113000 0.036691 0.831513 0.554293 0.000000 0.000000 0.000000 0.000000 1.000000</float_array>
        <technique_common>
          <accessor source="#mixamorig_RightHandMiddle2-Matrix-animation-output-transform-array" count="91" stride="16">
            <param type="float4x4"/>
          </accessor>
        </technique_common>
      </source>
      <source id="mixamorig_RightHandMiddle2-Interpolations">
        <Name_array id="mixamorig_RightHandMiddle2-Interpolations-array" count="91">
 LINEAR LINEAR LINEAR LINEAR LINEAR LINEAR LINEAR LINEAR LINEAR LINEAR LINEAR
LINEAR LINEAR LINEAR LINEAR LINEAR LINEAR LINEAR LINEAR LINEAR LINEAR LINEAR LINEAR
LINEAR LINEAR LINEAR LINEAR LINEAR LINEAR LINEAR LINEAR LINEAR LINEAR LINEAR LINEAR
LINEAR LINEAR LINEAR LINEAR LINEAR LINEAR LINEAR LINEAR LINEAR LINEAR LINEAR LINEAR
LINEAR LINEAR LINEAR LINEAR LINEAR LINEAR LINEAR LINEAR LINEAR LINEAR LINEAR LINEAR
LINEAR LINEAR LINEAR LINEAR LINEAR LINEAR LINEAR LINEAR LINEAR LINEAR LINEAR LINEAR
LINEAR LINEAR LINEAR LINEAR LINEAR LINEAR LINEAR LINEAR LINEAR LINEAR LINEAR LINEAR
LINEAR LINEAR LINEAR LINEAR LINEAR LINEAR LINEAR LINEAR</Name_array>
        <technique_common>
          <accessor source="#mixamorig_RightHandMiddle2-Interpolations-array" count="91">
            <param type="name"/>
          </accessor>
        </technique_common>
      </source>
      <sampler id="mixamorig_RightHandMiddle2-Matrix-animation-transform">
        <input semantic="INPUT" source="#mixamorig_RightHandMiddle2-Matrix-animation-input"/>
        <input semantic="OUTPUT" source="#mixamorig_RightHandMiddle2-Matrix-animation-output-transform"/>
        <input semantic="INTERPOLATION" source="#mixamorig_RightHandMiddle2-Interpolations"/>
      </sampler>
      <channel source="#mixamorig_RightHandMiddle2-Matrix-animation-transform" target="mixamorig_RightHandMiddle2/matrix"/>
    </animation>
    <animation id="mixamorig_RightHandMiddle3-anim" name="mixamorig_RightHandMiddle3">
      <source id="mixamorig_RightHandMiddle3-Matrix-animation-input">
        <float_array id="mixamorig_RightHandMiddle3-Matrix-animation-input-array" count="91">

0.000000 0.033333 0.066667 0.100000 0.133333 0.166667 0.200000 0.233333 0.266667 0.300000 0.333333 0.366667 0.400000 0.433333 0.466667 0.500000
0.533333 0.566667 0.600000 0.633333 0.666667 0.700000 0.733333 0.766667 0.800000 0.833333 0.866667 0.900000 0.933333 0.966667 1.000000 1.033333
1.066667 1.100000 1.133333 1.166667 1.200000 1.233333 1.266667 1.300000 1.333333 1.366667 1.400000 1.433333 1.466667 1.500000 1.533333 1.566667
1.600000 1.633333 1.666667 1.700000 1.733333 1.766667 1.800000 1.833333 1.866667 1.900000 1.933333 1.966667 2.000000 2.033333 2.066667 2.100000
2.133333 2.166667 2.200000 2.233333 2.266667 2.300000 2.333333 2.366667 2.400000 2.433333 2.466667 2.500000 2.533333 2.566667 2.600000 2.633333
2.666667 2.700000 2.733333 2.766667 2.800000 2.833333 2.866667 2.900000 2.933333 2.966667 3.000000</float_array>
        <technique_common>
          <accessor source="#mixamorig_RightHandMiddle3-Matrix-animation-input-array" count="91">
            <param name="TIME" type="float"/>
          </accessor>
        </technique_common>
      </source>
      <source id="mixamorig_RightHandMiddle3-Matrix-animation-output-transform">
        <float_array id="mixamorig_RightHandMiddle3-Matrix-animation-output-transform-array" count="1456">

0.999673 -0.025259 0.003972 0.000000 0.025259 0.951427 -0.306836 2.999400 0.003972 0.306836 0.951754 0.000000 0.000000 0.000000 0.000000 1.000000
0.999668 -0.025436 0.004029 0.000000 0.025436 0.950728 -0.308981 2.999400 0.004029 0.308981 0.951060 0.000000 0.000000 0.000000 0.000000 1.000000
0.999655 -0.025941 0.004195 0.000000 0.025941 0.948696 -0.315124 2.999400 0.004195 0.315124 0.949041 0.000000 0.000000 0.000000 0.000000 1.000000
0.999632 -0.026741 0.004465 0.000000 0.026741 0.945393 -0.324833 2.999400 0.004465 0.324833 0.945761 -0.000000 0.000000 0.000000 0.000000 1.000000
0.999602 -0.027797 0.004836 0.000000 0.027797 0.940857 -0.337663 2.999400 0.004836 0.337663 0.941255 0.000000 0.000000 0.000000 0.000000 1.000000
0.999563 -0.029073 0.005306 -0.000000 0.029073 0.935109 -0.353167 2.999400 0.005306 0.353167 0.935545 0.000000 0.000000 0.000000 0.000000 1.000000
0.999517 -0.030532 0.005873 0.000000 0.030532 0.928175 -0.370889 2.999400 0.005873 0.370889 0.928659 -0.000000 0.000000 0.000000 0.000000 1.000000
0.999462 -0.032136 0.006534 -0.000000 0.032136 0.920094 -0.390377 2.999400 0.006534 0.390377 0.920632 0.000000 0.000000 0.000000 0.000000 1.000000
0.999400 -0.033849 0.007284 0.000000 0.033849 0.910925 -0.411181 2.999400 0.007283 0.411181 0.911525 0.000000 0.000000 0.000000 0.000000 1.000000
0.999332 -0.035633 0.008115 0.000000 0.035633 0.900758 -0.432857 2.999400 0.008115 0.432857 0.901426 -0.000000 0.000000 0.000000 0.000000 1.000000
0.999258 -0.037454 0.009017 -0.000000 0.037454 0.889716 -0.454975 2.999400 0.009018 0.454975 0.890458 0.000000 0.000000 0.000000 0.000000 1.000000
0.999179 -0.039277 0.009979 0.000000 0.039277 0.877961 -0.477118 2.999400 0.009979 0.477118 0.878783 -0.000000 0.000000 0.000000 0.000000 1.000000
0.999096 -0.041069 0.010982 -0.000000 0.041069 0.865693 -0.498888 2.999400 0.010982 0.498888 0.866597 0.000000 0.000000 0.000000 0.000000 1.000000
0.999012 -0.042800 0.012007 0.000000 0.042800 0.853149 -0.519908 2.999400 0.012008 0.519908 0.854138 0.000000 0.000000 0.000000 0.000000 1.000000
0.998927 -0.044439 0.013033 0.000000 0.044439 0.840604 -0.539825 2.999400 0.013034 0.539825 0.841677 0.000000 0.000000 0.000000 0.000000 1.000000
0.998845 -0.045960 0.014034 0.000000 0.045960 0.828362 -0.558305 2.999400 0.014034 0.558305 0.829517 -0.000000 0.000000 0.000000 0.000000 1.000000
0.998767 -0.047338 0.014983 -0.000000 0.047338 0.816754 -0.575041 2.999400 0.014983 0.575041 0.817988 0.000000 0.000000 0.000000 0.000000 1.000000
0.998695 -0.048548 0.015852 0.000000 0.048548 0.806132 -0.589740 2.999400 0.015852 0.589740 0.807437 0.000000 0.000000 0.000000 0.000000 1.000000
0.998633 -0.049568 0.016610 0.000000 0.049568 0.796860 -0.602128 2.999400 0.016610 0.602128 0.798227 0.000000 0.000000 0.000000 0.000000 1.000000
0.998582 -0.050375 0.017228 -0.000000 0.050375 0.789301 -0.611936 2.999400 0.017228 0.611936 0.790720 0.000000 0.000000 0.000000 0.000000 1.000000
0.998545 -0.050948 0.017676 -0.000000 0.050948 0.783819 -0.618896 2.999400 0.017677 0.618896 0.785274 -0.000000 0.000000 0.000000 0.000000 1.000000
0.998524 -0.051264 0.017927 0.000000 0.051264 0.780756 -0.622729 2.999400 0.017927 0.622729 0.782232 0.000000 0.000000 0.000000 0.000000 1.000000
0.998521 -0.051318 0.017970 0.000000 0.051318 0.780232 -0.623381 2.999400 0.017970 0.623381 0.781712 0.000000 0.000000 0.000000 0.000000 1.000000
0.998526 -0.051238 0.017906 0.000000 0.051238 0.781012 -0.622411 2.999400 0.017906 0.622411 0.782486 0.000000 0.000000 0.000000 0.000000 1.000000
0.998537 -0.051073 0.017775 0.000000 0.051073 0.782612 -0.620412 2.999400 0.017775 0.620412 0.784075 0.000000 0.000000 0.000000 0.000000 1.000000
0.998552 -0.050831 0.017584 -0.000000 0.050831 0.784954 -0.617465 2.999400 0.017583 0.617465 0.786402 -0.000000 0.000000 0.000000 0.000000 1.000000
0.998573 -0.050516 0.017338 0.000000 0.050517 0.787959 -0.613652 2.999400 0.017338 0.613652 0.789386 -0.000000 0.000000 0.000000 0.000000 1.000000
0.998597 -0.050138 0.017045 0.000000 0.050138 0.791544 -0.609052 2.999400 0.017045 0.609052 0.792947 0.000000 0.000000 0.000000 0.000000 1.000000
0.998624 -0.049701 0.016711 0.000000 0.049701 0.795629 -0.603742 2.999400 0.016711 0.603742 0.797004 0.000000 0.000000 0.000000 0.000000 1.000000
0.998655 -0.049212 0.016343 0.000000 0.049212 0.800130 -0.597804 2.999400 0.016343 0.597804 0.801475 0.000000 0.000000 0.000000 0.000000 1.000000
0.998687 -0.048678 0.015947 0.000000 0.048678 0.804968 -0.591318 2.999400 0.015947 0.591318 0.806281 -0.000000 0.000000 0.000000 0.000000 1.000000
0.998722 -0.048106 0.015531 0.000000 0.048106 0.810063 -0.584366 2.999400 0.015530 0.584366 0.811342 0.000000 0.000000 0.000000 0.000000 1.000000
0.998757 -0.047502 0.015099 0.000000 0.047502 0.815339 -0.577031 2.999400 0.015099 0.577031 0.816582 -0.000000 0.000000 0.000000 0.000000 1.000000
0.998793 -0.046874 0.014659 0.000000 0.046874 0.820722 -0.569402 2.999400 0.014659 0.569402 0.821929 0.000000 0.000000 0.000000 0.000000 1.000000
0.998830 -0.046229 0.014216 -0.000000 0.046229 0.826140 -0.561565 2.999400 0.014216 0.561565 0.827311 0.000000 0.000000 0.000000 0.000000 1.000000
0.998866 -0.045574 0.013776 0.000000 0.045574 0.831527 -0.553612 2.999400 0.013776 0.553612 0.832661 0.000000 0.000000 0.000000 0.000000 1.000000
0.998902 -0.044917 0.013343 0.000000 0.044917 0.836817 -0.545637 2.999400 0.013343 0.545637 0.837916 0.000000 0.000000 0.000000 0.000000 1.000000
0.998936 -0.044267 0.012923 0.000000 0.044267 0.841951 -0.537735 2.999400 0.012923 0.537735 0.843015 -0.000000 0.000000 0.000000 0.000000 1.000000
0.998969 -0.043631 0.012521 -0.000000 0.043631 0.846871 -0.530005 2.999400 0.012521 0.530005 0.847902 0.000000 0.000000 0.000000 0.000000 1.000000
0.999001 -0.043017 0.012140 0.000000 0.043017 0.851524 -0.522548 2.999400 0.012141 0.522548 0.852524 0.000000 0.000000 0.000000 0.000000 1.000000
0.999030 -0.042434 0.011786 0.000000 0.042434 0.855860 -0.515464 2.999400 0.011786 0.515464 0.856830 0.000000 0.000000 0.000000 0.000000 1.000000
0.999057 -0.041890 0.011461 0.000000 0.041890 0.859831 -0.508857 2.999400 0.011461 0.508857 0.860775 0.000000 0.000000 0.000000 0.000000 1.000000
0.999080 -0.041394 0.011170 0.000000 0.041394 0.863392 -0.502833 2.999400 0.011170 0.502833 0.864312 -0.000000 0.000000 0.000000 0.000000 1.000000
0.999101 -0.040954 0.010916 0.000000 0.040954 0.866500 -0.497495 2.999400 0.010916 0.497495 0.867398 -0.000000 0.000000 0.000000 0.000000 1.000000
0.999119 -0.040580 0.010702 0.000000 0.040580 0.869111 -0.492950 2.999400 0.010703 0.492950 0.869992 0.000000 0.000000 0.000000 0.000000 1.000000
0.999133 -0.040280 0.010533 0.000000 0.040280 0.871183 -0.489303 2.999400 0.010533 0.489303 0.872050 0.000000 0.000000 0.000000 0.000000 1.000000
0.999143 -0.040062 0.010411 0.000000 0.040062 0.872673 -0.486659 2.999400 0.010411 0.486659 0.873530 -0.000000 0.000000 0.000000 0.000000 1.000000
0.999149 -0.039936 0.010341 0.000000 0.039936 0.873534 -0.485122 2.999400 0.010341 0.485122 0.874386 0.000000 0.000000 0.000000 0.000000 1.000000
0.999150 -0.039911 0.010327 0.000000 0.039911 0.873703 -0.484819 2.999400 0.010327 0.484819 0.874554 0.000000 0.000000 0.000000 0.000000 1.000000
0.999145 -0.040015 0.010385 0.000000 0.040015 0.872998 -0.486080 2.999400 0.010385 0.486080 0.873853 0.000000 0.000000 0.000000 0.000000 1.000000
0.999134 -0.040249 0.010516 0.000000 0.040249 0.871394 -0.488930 2.999400 0.010516 0.488930 0.872260 -0.000000 0.000000 0.000000 0.000000 1.000000
0.999118 -0.040601 0.010714 0.000000 0.040601 0.868969 -0.493198 2.999400 0.010714 0.493198 0.869851 0.000000 0.000000 0.000000 0.000000 1.000000
0.999097 -0.041055 0.010974 -0.000000 0.041055 0.865795 -0.498712 2.999400 0.010974 0.498712 0.866698 0.000000 0.000000 0.000000 0.000000 1.000000
0.999071 -0.041597 0.011289 0.000000 0.041597 0.861941 -0.505299 2.999400 0.011289 0.505299 0.862870 0.000000 0.000000 0.000000 0.000000 1.000000
0.999041 -0.042213 0.011654 0.000000 0.042213 0.857480 -0.512783 2.999400 0.011653 0.512783 0.858439 0.000000 0.000000 0.000000 0.000000 1.000000
0.999007 -0.042889 0.012062 0.000000 0.042889 0.852483 -0.520992 2.999400 0.012062 0.520992 0.853476 -0.000000 0.000000 0.000000 0.000000 1.000000
0.998970 -0.043610 0.012508 0.000000 0.043610 0.847029 -0.529754 2.999400 0.012508 0.529754 0.848059 0.000000 0.000000 0.000000 0.000000 1.000000
0.998931 -0.044363 0.012985 0.000000 0.044363 0.841200 -0.538901 2.999400 0.012985 0.538901 0.842269 0.000000 0.000000 0.000000 0.000000 1.000000
0.998890 -0.045134 0.013485 0.000000 0.045134 0.835085 -0.548267 2.999400 0.013485 0.548267 0.836195 0.000000 0.000000 0.000000 0.000000 1.000000
0.998847 -0.045910 0.014000 0.000000 0.045910 0.828777 -0.557692 2.999400 0.014001 0.557692 0.829930 0.000000 0.000000 0.000000 0.000000 1.000000
0.998804 -0.046678 0.014523 -0.000000 0.046678 0.822382 -0.567018 2.999400 0.014523 0.567018 0.823577 -0.000000 0.000000 0.000000 0.000000 1.000000
0.998761 -0.047425 0.015045 0.000000 0.047425 0.816006 -0.576094 2.999400 0.015045 0.576094 0.817245 0.000000 0.000000 0.000000 0.000000 1.000000
0.998738 -0.047825 0.015329 0.000000 0.047825 0.812528 -0.580957 2.999400 0.015329 0.580957 0.813790 -0.000000 0.000000 0.000000 0.000000 1.000000
0.998925 -0.044470 0.013054 0.000000 0.044470 0.840358 -0.540205 2.999400 0.013053 0.540205 0.841432 0.000000 0.000000 0.000000 0.000000 1.000000
0.999139 -0.040153 0.010462 0.000000 0.040153 0.872053 -0.487762 2.999400 0.010462 0.487762 0.872914 0.000000 0.000000 0.000000 0.000000 1.000000
0.999172 -0.039418 0.010056 0.000000 0.039418 0.877023 -0.478828 2.999400 0.010055 0.478828 0.877851 0.000000 0.000000 0.000000 0.000000 1.000000
0.999165 -0.039587 0.010148 0.000000 0.039587 0.875892 -0.480880 2.999400 0.010148 0.480880 0.876728 0.000000 0.000000 0.000000 0.000000 1.000000
0.999139 -0.040157 0.010464 0.000000 0.040157 0.872026 -0.487809 2.999400 0.010464 0.487809 0.872888 0.000000 0.000000 0.000000 0.000000 1.000000
0.999104 -0.040906 0.010888 -0.000000 0.040906 0.866841 -0.496904 2.999400 0.010888 0.496904 0.867737 -0.000000 0.000000 0.000000 0.000000 1.000000
0.999070 -0.041613 0.011298 0.000000 0.041613 0.861825 -0.505495 2.999400 0.011298 0.505495 0.862755 0.000000 0.000000 0.000000 0.000000 1.000000
0.999048 -0.042062 0.011564 0.000000 0.042062 0.858576 -0.510957 2.999400 0.011564 0.510957 0.859528 -0.000000 0.000000 0.000000 0.000000 1.000000
0.999044 -0.042142 0.011610 0.000000 0.042141 0.858003 -0.511913 2.999400 0.011611 0.511913 0.858959 0.000000 0.000000 0.000000 0.000000 1.000000
0.999053 -0.041961 0.011504 -0.000000 0.041961 0.859313 -0.509726 2.999400 0.011503 0.509726 0.860260 -0.000000 0.000000 0.000000 0.000000 1.000000
0.999073 -0.041551 0.011262 0.000000 0.041551 0.862272 -0.504737 2.999400 0.011262 0.504737 0.863200 0.000000 0.000000 0.000000 0.000000 1.000000
0.999102 -0.040937 0.010905 0.000000 0.040936 0.866627 -0.497275 2.999400 0.010906 0.497275 0.867524 0.000000 0.000000 0.000000 0.000000 1.000000
0.999139 -0.040145 0.010457 -0.000000 0.040145 0.872110 -0.487661 2.999400 0.010457 0.487661 0.872970 0.000000 0.000000 0.000000 0.000000 1.000000
0.999182 -0.039203 0.009939 0.000000 0.039203 0.878452 -0.476219 2.999400 0.009939 0.476219 0.879271 0.000000 0.000000 0.000000 0.000000 1.000000
0.999229 -0.038137 0.009371 0.000000 0.038137 0.885393 -0.463275 2.999400 0.009371 0.463275 0.886165 0.000000 0.000000 0.000000 0.000000 1.000000
0.999278 -0.036976 0.008775 0.000000 0.036976 0.892681 -0.449169 2.999400 0.008775 0.449169 0.893404 -0.000000 0.000000 0.000000 0.000000 1.000000
0.999327 -0.035747 0.008170 -0.000000 0.035748 0.900085 -0.434245 2.999400 0.008170 0.434245 0.900758 -0.000000 0.000000 0.000000 0.000000 1.000000
0.999377 -0.034482 0.007572 -0.000000 0.034482 0.907393 -0.418867 2.999400 0.007572 0.418867 0.908016 0.000000 0.000000 0.000000 0.000000 1.000000
0.999424 -0.033209 0.006998 0.000000 0.033209 0.914419 -0.403405 2.999400 0.006998 0.403405 0.914995 0.000000 0.000000 0.000000 0.000000 1.000000
0.999468 -0.031961 0.006459 0.000000 0.031961 0.921002 -0.388244 2.999400 0.006460 0.388244 0.921534 0.000000 0.000000 0.000000 0.000000 1.000000
0.999509 -0.030770 0.005968 0.000000 0.030770 0.927007 -0.373779 2.999400 0.005968 0.373779 0.927498 0.000000 0.000000 0.000000 0.000000 1.000000
0.999544 -0.029670 0.005534 0.000000 0.029670 0.932321 -0.360413 2.999400 0.005534 0.360413 0.932776 0.000000 0.000000 0.000000 0.000000 1.000000
0.999575 -0.028693 0.005163 -0.000000 0.028693 0.936852 -0.348547 2.999400 0.005163 0.348547 0.937277 0.000000 0.000000 0.000000 0.000000 1.000000
0.999602 -0.027800 0.004837 0.000000 0.027800 0.940841 -0.337706 2.999400 0.004837 0.337706 0.941239 0.000000 0.000000 0.000000 0.000000 1.000000
0.999627 -0.026919 0.004526 -0.000000 0.026919 0.944640 -0.327002 2.999400 0.004527 0.327002 0.945013 -0.000000 0.000000 0.000000 0.000000 1.000000
0.999650 -0.026117 0.004253 0.000000 0.026117 0.947981 -0.317254 2.999400 0.004254 0.317254 0.948331 0.000000 0.000000 0.000000 0.000000 1.000000
0.999668 -0.025463 0.004038 0.000000 0.025463 0.950621 -0.309309 2.999400 0.004038 0.309309 0.950953 0.000000 0.000000 0.000000 0.000000 1.000000
0.999673 -0.025259 0.003972 0.000000 0.025259 0.951427 -0.306836 2.999400 0.003972 0.306836 0.951754 -0.000000 0.000000 0.000000 0.000000 1.000000</float_array>
        <technique_common>
          <accessor source="#mixamorig_RightHandMiddle3-Matrix-animation-output-transform-array" count="91" stride="16">
            <param type="float4x4"/>
          </accessor>
        </technique_common>
      </source>
      <source id="mixamorig_RightHandMiddle3-Interpolations">
        <Name_array id="mixamorig_RightHandMiddle3-Interpolations-array" count="91">
 LINEAR LINEAR LINEAR LINEAR LINEAR LINEAR LINEAR LINEAR LINEAR LINEAR LINEAR
LINEAR LINEAR LINEAR LINEAR LINEAR LINEAR LINEAR LINEAR LINEAR LINEAR LINEAR LINEAR
LINEAR LINEAR LINEAR LINEAR LINEAR LINEAR LINEAR LINEAR LINEAR LINEAR LINEAR LINEAR
LINEAR LINEAR LINEAR LINEAR LINEAR LINEAR LINEAR LINEAR LINEAR LINEAR LINEAR LINEAR
LINEAR LINEAR LINEAR LINEAR LINEAR LINEAR LINEAR LINEAR LINEAR LINEAR LINEAR LINEAR
LINEAR LINEAR LINEAR LINEAR LINEAR LINEAR LINEAR LINEAR LINEAR LINEAR LINEAR LINEAR
LINEAR LINEAR LINEAR LINEAR LINEAR LINEAR LINEAR LINEAR LINEAR LINEAR LINEAR LINEAR
LINEAR LINEAR LINEAR LINEAR LINEAR LINEAR LINEAR LINEAR</Name_array>
        <technique_common>
          <accessor source="#mixamorig_RightHandMiddle3-Interpolations-array" count="91">
            <param type="name"/>
          </accessor>
        </technique_common>
      </source>
      <sampler id="mixamorig_RightHandMiddle3-Matrix-animation-transform">
        <input semantic="INPUT" source="#mixamorig_RightHandMiddle3-Matrix-animation-input"/>
        <input semantic="OUTPUT" source="#mixamorig_RightHandMiddle3-Matrix-animation-output-transform"/>
        <input semantic="INTERPOLATION" source="#mixamorig_RightHandMiddle3-Interpolations"/>
      </sampler>
      <channel source="#mixamorig_RightHandMiddle3-Matrix-animation-transform" target="mixamorig_RightHandMiddle3/matrix"/>
    </animation>
    <animation id="mixamorig_RightHandRing1-anim" name="mixamorig_RightHandRing1">
      <source id="mixamorig_RightHandRing1-Matrix-animation-input">
        <float_array id="mixamorig_RightHandRing1-Matrix-animation-input-array" count="91">

0.000000 0.033333 0.066667 0.100000 0.133333 0.166667 0.200000 0.233333 0.266667 0.300000 0.333333 0.366667 0.400000 0.433333 0.466667 0.500000
0.533333 0.566667 0.600000 0.633333 0.666667 0.700000 0.733333 0.766667 0.800000 0.833333 0.866667 0.900000 0.933333 0.966667 1.000000 1.033333
1.066667 1.100000 1.133333 1.166667 1.200000 1.233333 1.266667 1.300000 1.333333 1.366667 1.400000 1.433333 1.466667 1.500000 1.533333 1.566667
1.600000 1.633333 1.666667 1.700000 1.733333 1.766667 1.800000 1.833333 1.866667 1.900000 1.933333 1.966667 2.000000 2.033333 2.066667 2.100000
2.133333 2.166667 2.200000 2.233333 2.266667 2.300000 2.333333 2.366667 2.400000 2.433333 2.466667 2.500000 2.533333 2.566667 2.600000 2.633333
2.666667 2.700000 2.733333 2.766667 2.800000 2.833333 2.866667 2.900000 2.933333 2.966667 3.000000</float_array>
        <technique_common>
          <accessor source="#mixamorig_RightHandRing1-Matrix-animation-input-array" count="91">
            <param name="TIME" type="float"/>
          </accessor>
        </technique_common>
      </source>
      <source id="mixamorig_RightHandRing1-Matrix-animation-output-transform">
        <float_array id="mixamorig_RightHandRing1-Matrix-animation-output-transform-array" count="1456">

0.998528 -0.020549 0.050202 -2.847700 0.049219 0.732270 -0.679233 10.709100 -0.022804 0.680704 0.732203 0.070000 0.000000 0.000000 0.000000 1.000000
0.998499 -0.020764 0.050680 -2.847700 0.049827 0.728531 -0.683199 10.709100 -0.022736 0.684699 0.728472 0.070000 0.000000 0.000000 0.000000 1.000000
0.998416 -0.021363 0.052046 -2.847700 0.051555 0.717768 -0.694371 10.709100 -0.022524 0.695954 0.717733 0.070000 0.000000 0.000000 0.000000 1.000000
0.998282 -0.022263 0.054207 -2.847700 0.054261 0.700515 -0.711572 10.709100 -0.022131 0.713290 0.700519 0.070000 0.000000 0.000000 0.000000 1.000000
0.998097 -0.023369 0.057069 -2.847700 0.057797 0.677216 -0.733510 10.709100 -0.021506 0.735413 0.677278 0.070000 0.000000 0.000000 0.000000 1.000000
0.997863 -0.024582 0.060538 -2.847700 0.062009 0.648316 -0.758842 10.709100 -0.020594 0.760974 0.648455 0.070000 0.000000 0.000000 0.000000 1.000000
0.997583 -0.025805 0.064517 -2.847700 0.066739 0.614325 -0.786226 10.709100 -0.019346 0.788631 0.614562 0.070000 0.000000 0.000000 0.000000 1.000000
0.997260 -0.026950 0.068897 -2.847700 0.071825 0.575870 -0.814380 10.709100 -0.017728 0.817097 0.576228 0.070000 0.000000 0.000000 0.000000 1.000000
0.996899 -0.027948 0.073564 -2.847700 0.077106 0.533729 -0.842133 10.709100 -0.015728 0.845194 0.534229 0.070000 0.000000 0.000000 0.000000 1.000000
0.996508 -0.028744 0.078399 -2.847700 0.082426 0.488836 -0.868473 10.709100 -0.013361 0.871902 0.489498 0.070000 0.000000 0.000000 0.000000 1.000000
0.996095 -0.029312 0.083276 -2.847700 0.087637 0.442280 -0.892585 10.709100 -0.010668 0.896398 0.443122 0.070000 0.000000 0.000000 0.000000 1.000000
0.995673 -0.029645 0.088069 -2.847700 0.092603 0.395284 -0.913879 10.709100 -0.007721 0.918081 0.396319 0.070000 0.000000 0.000000 0.000000 1.000000
0.995253 -0.029762 0.092654 -2.847700 0.097207 0.349169 -0.932004 10.709100 -0.004613 0.936587 0.350405 0.070000 0.000000 0.000000 0.000000 1.000000
0.994850 -0.029707 0.096911 -2.847700 0.101351 0.305327 -0.946839 10.709100 -0.001461 0.951784 0.306765 0.070000 0.000000 0.000000 0.000000 1.000000
0.994476 -0.029537 0.100725 -2.847700 0.104954 0.265174 -0.958471 10.709100 0.001601 0.963748 0.266810 0.070000 0.000000 0.000000 0.000000 1.000000
0.994146 -0.029327 0.103992 -2.847700 0.107957 0.230132 -0.967153 10.709100 0.004432 0.972717 0.231951 0.070000 0.000000 0.000000 0.000000 1.000000
0.993873 -0.029157 0.106609 -2.847700 0.110309 0.201593 -0.973238 10.709100 0.006885 0.979035 0.203575 0.070000 0.000000 0.000000 0.000000 1.000000
0.993672 -0.029109 0.108482 -2.847700 0.111973 0.180914 -0.977104 10.709100 0.008817 0.983068 0.183029 0.070000 0.000000 0.000000 0.000000 1.000000
0.993554 -0.029256 0.109515 -2.847700 0.112905 0.169405 -0.979058 10.709100 0.010091 0.985112 0.171616 0.070000 0.000000 0.000000 0.000000 1.000000
0.993527 -0.029647 0.109656 -2.847700 0.113094 0.167806 -0.979311 10.709100 0.010632 0.985374 0.170073 0.070000 0.000000 0.000000 0.000000 1.000000
0.993562 -0.030251 0.109174 -2.847700 0.112782 0.173146 -0.978417 10.709100 0.010695 0.984431 0.175443 0.070000 0.000000 0.000000 0.000000 1.000000
0.993646 -0.031032 0.108192 -2.847700 0.112073 0.184020 -0.976512 10.709100 0.010394 0.982433 0.186328 0.070000 0.000000 0.000000 0.000000 1.000000
0.993772 -0.031958 0.106747 -2.847700 0.110999 0.199919 -0.973505 10.709100 0.009770 0.979291 0.202221 0.070000 0.000000 0.000000 0.000000 1.000000
0.993938 -0.032991 0.104876 -2.847700 0.109584 0.220321 -0.969252 10.709100 0.008870 0.974869 0.222601 0.070000 0.000000 0.000000 0.000000 1.000000
0.994137 -0.034089 0.102618 -2.847700 0.107855 0.244689 -0.963584 10.709100 0.007738 0.969002 0.246931 0.070000 0.000000 0.000000 0.000000 1.000000
0.994363 -0.035213 0.100010 -2.847700 0.105833 0.272470 -0.956326 10.709100 0.006426 0.961520 0.274661 0.070000 0.000000 0.000000 0.000000 1.000000
0.994612 -0.036321 0.097092 -2.847700 0.103544 0.303099 -0.947317 10.709100 0.004979 0.952267 0.305227 0.070000 0.000000 0.000000 0.000000 1.000000
0.994879 -0.037374 0.093906 -2.847700 0.101011 0.336002 -0.936429 10.709100 0.003446 0.941120 0.338056 0.070000 0.000000 0.000000 0.000000 1.000000
0.995159 -0.038338 0.090497 -2.847700 0.098265 0.370598 -0.923581 10.709100 0.001870 0.928002 0.372571 0.070000 0.000000 0.000000 0.000000 1.000000
0.995445 -0.039182 0.086911 -2.847700 0.095335 0.406312 -0.908747 10.709100 0.000294 0.912894 0.408197 0.070000 0.000000 0.000000 0.000000 1.000000
0.995735 -0.039883 0.083198 -2.847700 0.092256 0.442577 -0.891972 10.709100 -0.001247 0.895843 0.444368 0.070000 0.000000 0.000000 0.000000 1.000000
0.996022 -0.040423 0.079408 -2.847700 0.089063 0.478844 -0.873370 10.709100 -0.002720 0.876969 0.480540 0.070000 0.000000 0.000000 0.000000 1.000000
0.996304 -0.040791 0.075590 -2.847700 0.085797 0.514595 -0.853130 10.709100 -0.004098 0.856462 0.516193 0.070000 0.000000 0.000000 0.000000 1.000000
0.996577 -0.040986 0.071798 -2.847700 0.082499 0.549344 -0.831514 10.709100 -0.005361 0.834590 0.550845 0.070000 0.000000 0.000000 0.000000 1.000000
0.996836 -0.041013 0.068081 -2.847700 0.079214 0.582651 -0.808853 10.709100 -0.006494 0.811687 0.584056 0.070000 0.000000 0.000000 0.000000 1.000000
0.997081 -0.040884 0.064488 -2.847700 0.075988 0.614123 -0.785544 10.709100 -0.007487 0.788151 0.615437 0.070000 0.000000 0.000000 0.000000 1.000000
0.997307 -0.040618 0.061067 -2.847700 0.072866 0.643421 -0.762036 10.709100 -0.008339 0.764434 0.644648 0.070000 0.000000 0.000000 0.000000 1.000000
0.997513 -0.040241 0.057862 -2.847700 0.069896 0.670260 -0.738828 10.709100 -0.009051 0.741035 0.671405 0.070000 0.000000 0.000000 0.000000 1.000000
0.997698 -0.039783 0.054915 -2.847700 0.067124 0.694402 -0.716450 10.709100 -0.009631 0.718487 0.695474 0.070000 0.000000 0.000000 0.000000 1.000000
0.997860 -0.039277 0.052267 -2.847700 0.064596 0.715658 -0.695457 10.709100 -0.010089 0.697345 0.716664 0.070000 0.000000 0.000000 0.000000 1.000000
0.997999 -0.038761 0.049952 -2.847700 0.062359 0.733875 -0.676416 10.709100 -0.010440 0.678178 0.734824 0.070000 0.000000 0.000000 0.000000 1.000000
0.998114 -0.038273 0.048006 -2.847700 0.060456 0.748922 -0.659895 10.709100 -0.010697 0.661552 0.749823 0.070000 0.000000 0.000000 0.000000 1.000000
0.998203 -0.037848 0.046464 -2.847700 0.058933 0.760677 -0.646450 10.709100 -0.010877 0.648026 0.761541 0.070000 0.000000 0.000000 0.000000 1.000000
0.998266 -0.037524 0.045357 -2.847700 0.057831 0.769012 -0.636614 10.709100 -0.010992 0.638133 0.769848 0.070000 0.000000 0.000000 0.000000 1.000000
0.998302 -0.037328 0.044721 -2.847700 0.057194 0.773765 -0.630886 10.709100 -0.011054 0.632372 0.774586 0.070000 0.000000 0.000000 0.000000 1.000000
0.998308 -0.037292 0.044604 -2.847700 0.057077 0.774634 -0.629828 10.709100 -0.011065 0.631309 0.775453 0.070000 0.000000 0.000000 0.000000 1.000000
0.998278 -0.037453 0.045144 -2.847700 0.057614 0.770609 -0.634699 10.709100 -0.011017 0.636207 0.771440 0.070000 0.000000 0.000000 0.000000 1.000000
0.998210 -0.037800 0.046354 -2.847700 0.058811 0.761508 -0.645482 10.709100 -0.010900 0.647053 0.762367 0.070000 0.000000 0.000000 0.000000 1.000000
0.998105 -0.038284 0.048178 -2.847700 0.060600 0.747609 -0.661368 10.709100 -0.010699 0.663035 0.748512 0.070000 0.000000 0.000000 0.000000 1.000000
0.997965 -0.038849 0.050559 -2.847700 0.062909 0.729130 -0.681478 10.709100 -0.010390 0.683272 0.730090 0.070000 0.000000 0.000000 0.000000 1.000000
0.997792 -0.039435 0.053443 -2.847700 0.065668 0.706271 -0.704889 10.709100 -0.009948 0.706842 0.707301 0.070000 0.000000 0.000000 0.000000 1.000000
0.997586 -0.039980 0.056771 -2.847700 0.068804 0.679262 -0.730663 10.709100 -0.009351 0.732806 0.680374 0.070000 0.000000 0.000000 0.000000 1.000000
0.997350 -0.040428 0.060480 -2.847700 0.072240 0.648388 -0.757875 10.709100 -0.008575 0.760236 0.649590 0.070000 0.000000 0.000000 0.000000 1.000000
0.997086 -0.040727 0.064501 -2.847700 0.075902 0.614016 -0.785636 10.709100 -0.007609 0.788242 0.615318 0.070000 0.000000 0.000000 0.000000 1.000000
0.996797 -0.040836 0.068762 -2.847700 0.079714 0.576613 -0.813120 10.709100 -0.006445 0.815996 0.578021 0.070000 0.000000 0.000000 0.000000 1.000000
0.996487 -0.040726 0.073184 -2.847700 0.083598 0.536746 -0.839592 10.709100 -0.005088 0.842761 0.538265 0.070000 0.000000 0.000000 0.000000 1.000000
0.996160 -0.040380 0.077685 -2.847700 0.087481 0.495085 -0.864429 10.709100 -0.003555 0.867906 0.496716 0.070000 0.000000 0.000000 0.000000 1.000000
0.995822 -0.039797 0.082182 -2.847700 0.091292 0.452392 -0.887134 10.709100 -0.001873 0.890931 0.454135 0.070000 0.000000 0.000000 0.000000 1.000000
0.995481 -0.038990 0.086589 -2.847700 0.094963 0.409504 -0.907352 10.709100 -0.000081 0.911475 0.411356 0.070000 0.000000 0.000000 0.000000 1.000000
0.995142 -0.037985 0.090824 -2.847700 0.098432 0.367319 -0.924872 10.709100 0.001770 0.929319 0.369274 0.070000 0.000000 0.000000 0.000000 1.000000
0.994814 -0.036824 0.094807 -2.847700 0.101643 0.326770 -0.939622 10.709100 0.003621 0.944386 0.328818 0.070000 0.000000 0.000000 0.000000 1.000000
0.994505 -0.035560 0.098460 -2.847700 0.104545 0.288810 -0.951661 10.709100 0.005405 0.956726 0.290941 0.070000 0.000000 0.000000 0.000000 1.000000
0.994190 -0.041775 0.099199 -2.847700 0.106988 0.282599 -0.953253 10.709100 0.011789 0.958328 0.285427 0.070000 0.000000 0.000000 0.000000 1.000000
0.988687 -0.133241 0.068880 -2.847700 0.134334 0.582300 -0.801798 10.709100 0.066724 0.801981 0.593612 0.070000 0.000000 0.000000 0.000000 1.000000
0.971490 -0.235147 0.030210 -2.847700 0.219194 0.842325 -0.492385 10.709100 0.090336 0.484969 0.869853 0.070000 0.000000 0.000000 0.000000 1.000000
0.965505 -0.259431 0.022279 -2.847700 0.245860 0.880125 -0.406119 10.709100 0.085751 0.397587 0.913549 0.070000 0.000000 0.000000 0.000000 1.000000
0.964150 -0.264540 0.020819 -2.847700 0.251564 0.886250 -0.388943 10.709100 0.084440 0.380237 0.921027 0.070000 0.000000 0.000000 0.000000 1.000000
0.965061 -0.261092 0.022081 -2.847700 0.247493 0.880627 -0.404035 10.709100 0.086045 0.395383 0.914477 0.070000 0.000000 0.000000 0.000000 1.000000
0.967198 -0.252815 0.024744 -2.847700 0.238123 0.868428 -0.434891 10.709100 0.088459 0.426518 0.900143 0.070000 0.000000 0.000000 0.000000 1.000000
0.969519 -0.243473 0.027465 -2.847700 0.227979 0.855342 -0.465204 10.709100 0.089773 0.457286 0.884777 0.070000 0.000000 0.000000 0.000000 1.000000
0.971184 -0.236575 0.028881 -2.847700 0.221050 0.848820 -0.480252 10.709100 0.089101 0.472797 0.876655 0.070000 0.000000 0.000000 0.000000 1.000000
0.972929 -0.229237 0.029318 -2.847700 0.214470 0.848349 -0.484052 10.709100 0.086091 0.477236 0.874548 0.070000 0.000000 0.000000 0.000000 1.000000
0.975015 -0.220112 0.029951 -2.847700 0.206273 0.847061 -0.489836 10.709100 0.082448 0.483776 0.871300 0.070000 0.000000 0.000000 0.000000 1.000000
0.977343 -0.209415 0.030768 -2.847700 0.196694 0.844880 -0.497483 10.709100 0.078185 0.492263 0.866928 0.070000 0.000000 0.000000 0.000000 1.000000
0.979816 -0.197365 0.031755 -2.847700 0.185977 0.841728 -0.506860 10.709100 0.073307 0.502535 0.861443 0.070000 0.000000 0.000000 0.000000 1.000000
0.982341 -0.184185 0.032899 -2.847700 0.174374 0.837522 -0.517833 10.709100 0.067824 0.514426 0.854849 0.070000 0.000000 0.000000 0.000000 1.000000
0.984834 -0.170100 0.034187 -2.847700 0.162142 0.832187 -0.530259 10.709100 0.061747 0.527760 0.847146 0.070000 0.000000 0.000000 0.000000 1.000000
0.987219 -0.155339 0.035608 -2.847700 0.149538 0.825661 -0.543987 10.709100 0.055102 0.542359 0.838338 0.070000 0.000000 0.000000 0.000000 1.000000
0.989436 -0.140126 0.037151 -2.847700 0.136816 0.817895 -0.558864 10.709100 0.047926 0.558043 0.828427 0.070000 0.000000 0.000000 0.000000 1.000000
0.991437 -0.124686 0.038806 -2.847700 0.124220 0.808861 -0.574728 10.709100 0.040272 0.574627 0.817424 0.070000 0.000000 0.000000 0.000000 1.000000
0.993188 -0.109234 0.040563 -2.847700 0.111981 0.798552 -0.591418 10.709100 0.032211 0.591931 0.805344 0.070000 0.000000 0.000000 0.000000 1.000000
0.994670 -0.093979 0.042413 -2.847700 0.100314 0.786982 -0.608766 10.709100 0.023833 0.609776 0.792215 0.070000 0.000000 0.000000 0.000000 1.000000
0.995878 -0.079120 0.044346 -2.847700 0.089410 0.774190 -0.626607 10.709100 0.015245 0.627989 0.778073 0.070000 0.000000 0.000000 0.000000 1.000000
0.996818 -0.064843 0.046354 -2.847700 0.079437 0.760235 -0.644774 10.709100 0.006569 0.646404 0.762967 0.070000 0.000000 0.000000 0.000000 1.000000
0.997507 -0.051322 0.048427 -2.847700 0.070533 0.745196 -0.663105 10.709100 -0.002056 0.664867 0.746959 0.070000 0.000000 0.000000 0.000000 1.000000
0.997968 -0.038831 0.050518 -2.847700 0.062863 0.729456 -0.681133 10.709100 -0.010401 0.682925 0.730415 0.070000 0.000000 0.000000 0.000000 1.000000
0.998187 -0.031708 0.051153 -2.847700 0.058206 0.724666 -0.686638 10.709100 -0.015297 0.688370 0.725198 0.070000 0.000000 0.000000 0.000000 1.000000
0.998333 -0.026737 0.051157 -2.847700 0.054607 0.724718 -0.686879 10.709100 -0.018710 0.688527 0.724970 0.070000 0.000000 0.000000 0.000000 1.000000
0.998435 -0.023275 0.050842 -2.847700 0.051805 0.727238 -0.684428 10.709100 -0.021044 0.685991 0.727306 0.070000 0.000000 0.000000 0.000000 1.000000
0.998509 -0.020687 0.050513 -2.847700 0.049613 0.729835 -0.681820 10.709100 -0.022762 0.683310 0.729774 0.070000 0.000000 0.000000 0.000000 1.000000
0.998528 -0.020550 0.050202 -2.847700 0.049219 0.732270 -0.679233 10.709100 -0.022803 0.680704 0.732204 0.070000 0.000000 0.000000 0.000000 1.000000</float_array>
        <technique_common>
          <accessor source="#mixamorig_RightHandRing1-Matrix-animation-output-transform-array" count="91" stride="16">
            <param type="float4x4"/>
          </accessor>
        </technique_common>
      </source>
      <source id="mixamorig_RightHandRing1-Interpolations">
        <Name_array id="mixamorig_RightHandRing1-Interpolations-array" count="91">
 LINEAR LINEAR LINEAR LINEAR LINEAR LINEAR LINEAR LINEAR LINEAR LINEAR LINEAR
LINEAR LINEAR LINEAR LINEAR LINEAR LINEAR LINEAR LINEAR LINEAR LINEAR LINEAR LINEAR
LINEAR LINEAR LINEAR LINEAR LINEAR LINEAR LINEAR LINEAR LINEAR LINEAR LINEAR LINEAR
LINEAR LINEAR LINEAR LINEAR LINEAR LINEAR LINEAR LINEAR LINEAR LINEAR LINEAR LINEAR
LINEAR LINEAR LINEAR LINEAR LINEAR LINEAR LINEAR LINEAR LINEAR LINEAR LINEAR LINEAR
LINEAR LINEAR LINEAR LINEAR LINEAR LINEAR LINEAR LINEAR LINEAR LINEAR LINEAR LINEAR
LINEAR LINEAR LINEAR LINEAR LINEAR LINEAR LINEAR LINEAR LINEAR LINEAR LINEAR LINEAR
LINEAR LINEAR LINEAR LINEAR LINEAR LINEAR LINEAR LINEAR</Name_array>
        <technique_common>
          <accessor source="#mixamorig_RightHandRing1-Interpolations-array" count="91">
            <param type="name"/>
          </accessor>
        </technique_common>
      </source>
      <sampler id="mixamorig_RightHandRing1-Matrix-animation-transform">
        <input semantic="INPUT" source="#mixamorig_RightHandRing1-Matrix-animation-input"/>
        <input semantic="OUTPUT" source="#mixamorig_RightHandRing1-Matrix-animation-output-transform"/>
        <input semantic="INTERPOLATION" source="#mixamorig_RightHandRing1-Interpolations"/>
      </sampler>
      <channel source="#mixamorig_RightHandRing1-Matrix-animation-transform" target="mixamorig_RightHandRing1/matrix"/>
    </animation>
    <animation id="mixamorig_RightHandRing2-anim" name="mixamorig_RightHandRing2">
      <source id="mixamorig_RightHandRing2-Matrix-animation-input">
        <float_array id="mixamorig_RightHandRing2-Matrix-animation-input-array" count="91">

0.000000 0.033333 0.066667 0.100000 0.133333 0.166667 0.200000 0.233333 0.266667 0.300000 0.333333 0.366667 0.400000 0.433333 0.466667 0.500000
0.533333 0.566667 0.600000 0.633333 0.666667 0.700000 0.733333 0.766667 0.800000 0.833333 0.866667 0.900000 0.933333 0.966667 1.000000 1.033333
1.066667 1.100000 1.133333 1.166667 1.200000 1.233333 1.266667 1.300000 1.333333 1.366667 1.400000 1.433333 1.466667 1.500000 1.533333 1.566667
1.600000 1.633333 1.666667 1.700000 1.733333 1.766667 1.800000 1.833333 1.866667 1.900000 1.933333 1.966667 2.000000 2.033333 2.066667 2.100000
2.133333 2.166667 2.200000 2.233333 2.266667 2.300000 2.333333 2.366667 2.400000 2.433333 2.466667 2.500000 2.533333 2.566667 2.600000 2.633333
2.666667 2.700000 2.733333 2.766667 2.800000 2.833333 2.866667 2.900000 2.933333 2.966667 3.000000</float_array>
        <technique_common>
          <accessor source="#mixamorig_RightHandRing2-Matrix-animation-input-array" count="91">
            <param name="TIME" type="float"/>
          </accessor>
        </technique_common>
      </source>
      <source id="mixamorig_RightHandRing2-Matrix-animation-output-transform">
        <float_array id="mixamorig_RightHandRing2-Matrix-animation-output-transform-array" count="1456">

0.997328 -0.065451 0.032463 0.000000 0.065451 0.602981 -0.795066 2.984800 0.032464 0.795066 0.605653 0.000000 0.000000 0.000000 0.000000 1.000000
0.997314 -0.065577 0.032629 0.000000 0.065577 0.600947 -0.796594 2.984800 0.032630 0.796594 0.603633 0.000000 0.000000 0.000000 0.000000 1.000000
0.997275 -0.065933 0.033106 0.000000 0.065933 0.595122 -0.800926 2.984800 0.033106 0.800926 0.597847 0.000000 0.000000 0.000000 0.000000 1.000000
0.997212 -0.066488 0.033862 0.000000 0.066488 0.585878 -0.807667 2.984800 0.033862 0.807667 0.588666 -0.000000 0.000000 0.000000 0.000000 1.000000
0.997130 -0.067207 0.034868 0.000000 0.067206 0.573573 -0.816393 2.984800 0.034868 0.816393 0.576443 0.000000 0.000000 0.000000 0.000000 1.000000
0.997029 -0.068053 0.036096 0.000000 0.068053 0.558558 -0.826669 2.984800 0.036095 0.826669 0.561529 0.000000 0.000000 0.000000 0.000000 1.000000
0.996912 -0.068990 0.037516 0.000000 0.068991 0.541194 -0.838063 2.984800 0.037515 0.838063 0.544282 -0.000000 0.000000 0.000000 0.000000 1.000000
0.996782 -0.069986 0.039097 0.000000 0.069986 0.521857 -0.850157 2.984800 0.039096 0.850157 0.525075 0.000000 0.000000 0.000000 0.000000 1.000000
0.996641 -0.071007 0.040806 0.000000 0.071007 0.500947 -0.862560 2.984800 0.040806 0.862560 0.504306 0.000000 0.000000 0.000000 0.000000 1.000000
0.996492 -0.072024 0.042610 -0.000000 0.072024 0.478892 -0.874914 2.984800 0.042609 0.874914 0.482400 -0.000000 0.000000 0.000000 0.000000 1.000000
0.996339 -0.073011 0.044469 0.000000 0.073011 0.456149 -0.886903 2.984800 0.044469 0.886903 0.459810 -0.000000 0.000000 0.000000 0.000000 1.000000
0.996185 -0.073946 0.046346 0.000000 0.073946 0.433199 -0.898260 2.984800 0.046346 0.898260 0.437014 0.000000 0.000000 0.000000 0.000000 1.000000
0.996032 -0.074811 0.048198 0.000000 0.074811 0.410550 -0.908764 2.984800 0.048197 0.908764 0.414517 0.000000 0.000000 0.000000 0.000000 1.000000
0.995885 -0.075591 0.049982 0.000000 0.075591 0.388731 -0.918245 2.984800 0.049982 0.918245 0.392846 0.000000 0.000000 0.000000 0.000000 1.000000
0.995748 -0.076277 0.051653 0.000000 0.076277 0.368287 -0.926578 2.984800 0.051653 0.926578 0.372540 0.000000 0.000000 0.000000 0.000000 1.000000
0.995623 -0.076861 0.053167 -0.000000 0.076861 0.349775 -0.933675 2.984800 0.053167 0.933675 0.354152 0.000000 0.000000 0.000000 0.000000 1.000000
0.995515 -0.077340 0.054477 0.000000 0.077340 0.333753 -0.939482 2.984800 0.054477 0.939482 0.338238 0.000000 0.000000 0.000000 0.000000 1.000000
0.995428 -0.077708 0.055537 0.000000 0.077708 0.320786 -0.943959 2.984800 0.055537 0.943959 0.325358 0.000000 0.000000 0.000000 0.000000 1.000000
0.995365 -0.077964 0.056302 -0.000000 0.077964 0.311429 -0.947066 2.984800 0.056303 0.947066 0.316064 0.000000 0.000000 0.000000 0.000000 1.000000
0.995330 -0.078102 0.056728 0.000000 0.078102 0.306231 -0.948748 2.984800 0.056727 0.948748 0.310901 -0.000000 0.000000 0.000000 0.000000 1.000000
0.995327 -0.078116 0.056769 -0.000000 0.078116 0.305726 -0.948910 2.984800 0.056769 0.948910 0.310399 0.000000 0.000000 0.000000 0.000000 1.000000
0.995357 -0.077998 0.056407 0.000000 0.077998 0.310155 -0.947481 2.984800 0.056407 0.947481 0.314798 0.000000 0.000000 0.000000 0.000000 1.000000
0.995417 -0.077752 0.055668 0.000000 0.077752 0.319182 -0.944499 2.984800 0.055669 0.944499 0.323765 0.000000 0.000000 0.000000 0.000000 1.000000
0.995506 -0.077379 0.054590 0.000000 0.077379 0.332371 -0.939969 2.984800 0.054590 0.939969 0.336865 0.000000 0.000000 0.000000 0.000000 1.000000
0.995620 -0.076877 0.053209 0.000000 0.076877 0.349269 -0.933864 2.984800 0.053208 0.933864 0.353649 0.000000 0.000000 0.000000 0.000000 1.000000
0.995755 -0.076240 0.051562 0.000000 0.076240 0.369410 -0.926134 2.984800 0.051561 0.926134 0.373655 0.000000 0.000000 0.000000 0.000000 1.000000
0.995910 -0.075466 0.049688 0.000000 0.075466 0.392317 -0.916729 2.984800 0.049689 0.916729 0.396408 0.000000 0.000000 0.000000 0.000000 1.000000
0.996079 -0.074551 0.047629 0.000000 0.074551 0.417509 -0.905609 2.984800 0.047629 0.905609 0.421430 0.000000 0.000000 0.000000 0.000000 1.000000
0.996261 -0.073493 0.045422 0.000000 0.073493 0.444500 -0.892759 2.984800 0.045422 0.892759 0.448240 0.000000 0.000000 0.000000 0.000000 1.000000
0.996451 -0.072294 0.043107 0.000000 0.072294 0.472810 -0.878194 2.984800 0.043107 0.878194 0.476358 -0.000000 0.000000 0.000000 0.000000 1.000000
0.996648 -0.070959 0.040723 0.000000 0.070959 0.501963 -0.861973 2.984800 0.040723 0.861973 0.505315 0.000000 0.000000 0.000000 0.000000 1.000000
0.996846 -0.069496 0.038308 -0.000000 0.069496 0.531501 -0.844202 2.984800 0.038308 0.844202 0.534654 0.000000 0.000000 0.000000 0.000000 1.000000
0.997045 -0.067918 0.035897 -0.000000 0.067918 0.560985 -0.825035 2.984800 0.035897 0.825035 0.563940 0.000000 0.000000 0.000000 0.000000 1.000000
0.997240 -0.066242 0.033524 -0.000000 0.066242 0.590001 -0.804680 2.984800 0.033525 0.804680 0.592761 0.000000 0.000000 0.000000 0.000000 1.000000
0.997430 -0.064490 0.031221 0.000000 0.064490 0.618171 -0.783393 2.984800 0.031221 0.783393 0.620742 0.000000 0.000000 0.000000 0.000000 1.000000
0.997611 -0.062686 0.029015 -0.000000 0.062686 0.645150 -0.761480 2.984800 0.029015 0.761480 0.647538 0.000000 0.000000 0.000000 0.000000 1.000000
0.997783 -0.060859 0.026932 0.000000 0.060859 0.670632 -0.739290 2.984800 0.026931 0.739290 0.672849 0.000000 0.000000 0.000000 0.000000 1.000000
0.997943 -0.059041 0.024992 0.000000 0.059041 0.694353 -0.717208 2.984800 0.024992 0.717208 0.696411 0.000000 0.000000 0.000000 0.000000 1.000000
0.998089 -0.057267 0.023214 0.000000 0.057267 0.716092 -0.695653 2.984800 0.023214 0.695653 0.718003 0.000000 0.000000 0.000000 0.000000 1.000000
0.998221 -0.055572 0.021614 -0.000000 0.055572 0.735661 -0.675067 2.984800 0.021614 0.675067 0.737440 -0.000000 0.000000 0.000000 0.000000 1.000000
0.998337 -0.053995 0.020204 0.000000 0.053995 0.752908 -0.655907 2.984800 0.020204 0.655907 0.754571 0.000000 0.000000 0.000000 0.000000 1.000000
0.998436 -0.052574 0.018994 0.000000 0.052574 0.767707 -0.638641 2.984800 0.018994 0.638641 0.769271 -0.000000 0.000000 0.000000 0.000000 1.000000
0.998519 -0.051347 0.017993 -0.000000 0.051347 0.779948 -0.623735 2.984800 0.017993 0.623735 0.781429 0.000000 0.000000 0.000000 0.000000 1.000000
0.998583 -0.050352 0.017210 0.000000 0.050352 0.789525 -0.611649 2.984800 0.017210 0.611649 0.790942 -0.000000 0.000000 0.000000 0.000000 1.000000
0.998629 -0.049626 0.016654 0.000000 0.049626 0.796328 -0.602827 2.984800 0.016654 0.602827 0.797698 0.000000 0.000000 0.000000 0.000000 1.000000
0.998655 -0.049203 0.016336 0.000000 0.049203 0.800217 -0.597688 2.984800 0.016336 0.597688 0.801562 0.000000 0.000000 0.000000 0.000000 1.000000
0.998660 -0.049123 0.016276 0.000000 0.049123 0.800946 -0.596718 2.984800 0.016276 0.596718 0.802286 -0.000000 0.000000 0.000000 0.000000 1.000000
0.998638 -0.049478 0.016542 0.000000 0.049478 0.797689 -0.601036 2.984800 0.016542 0.601036 0.799051 0.000000 0.000000 0.000000 0.000000 1.000000
0.998588 -0.050270 0.017147 0.000000 0.050270 0.790300 -0.610654 2.984800 0.017147 0.610654 0.791712 0.000000 0.000000 0.000000 0.000000 1.000000
0.998513 -0.051442 0.018069 0.000000 0.051442 0.779016 -0.624891 2.984800 0.018069 0.624891 0.780503 0.000000 0.000000 0.000000 0.000000 1.000000
0.998412 -0.052934 0.019295 0.000000 0.052934 0.764024 -0.643013 2.984800 0.019295 0.643013 0.765612 -0.000000 0.000000 0.000000 0.000000 1.000000
0.998287 -0.054683 0.020810 -0.000000 0.054683 0.745498 -0.664261 2.984800 0.020810 0.664261 0.747211 -0.000000 0.000000 0.000000 0.000000 1.000000
0.998140 -0.056626 0.022598 0.000000 0.056626 0.723629 -0.687862 2.984800 0.022598 0.687862 0.725490 -0.000000 0.000000 0.000000 0.000000 1.000000
0.997972 -0.058699 0.024641 0.000000 0.058699 0.698648 -0.713053 2.984800 0.024640 0.713053 0.700677 -0.000000 0.000000 0.000000 0.000000 1.000000
0.997784 -0.060844 0.026914 0.000000 0.060844 0.670845 -0.739098 2.984800 0.026914 0.739098 0.673060 0.000000 0.000000 0.000000 0.000000 1.000000
0.997581 -0.063000 0.029388 0.000000 0.063000 0.640582 -0.765301 2.984800 0.029388 0.765301 0.643001 0.000000 0.000000 0.000000 0.000000 1.000000
0.997363 -0.065118 0.032028 0.000000 0.065119 0.608301 -0.791031 2.984800 0.032028 0.791031 0.610938 -0.000000 0.000000 0.000000 0.000000 1.000000
0.997136 -0.067152 0.034790 0.000000 0.067152 0.574522 -0.815730 2.984800 0.034790 0.815730 0.577386 0.000000 0.000000 0.000000 0.000000 1.000000
0.996903 -0.069062 0.037626 -0.000000 0.069062 0.539841 -0.838929 2.984800 0.037626 0.838929 0.542939 0.000000 0.000000 0.000000 0.000000 1.000000
0.996668 -0.070817 0.040481 0.000000 0.070817 0.504920 -0.860256 2.984800 0.040481 0.860256 0.508252 0.000000 0.000000 0.000000 0.000000 1.000000
0.996436 -0.072397 0.043298 0.000000 0.072397 0.470473 -0.879439 2.984800 0.043298 0.879439 0.474038 0.000000 0.000000 0.000000 0.000000 1.000000
0.996212 -0.073785 0.046014 0.000000 0.073785 0.437260 -0.896303 2.984800 0.046014 0.896303 0.441048 0.000000 0.000000 0.000000 0.000000 1.000000
0.996175 -0.074004 0.046466 -0.000000 0.074004 0.431723 -0.898965 2.984800 0.046466 0.898965 0.435548 0.000000 0.000000 0.000000 0.000000 1.000000
0.997965 -0.058778 0.024721 0.000000 0.058778 0.697663 -0.714011 2.984800 0.024721 0.714011 0.699698 0.000000 0.000000 0.000000 0.000000 1.000000
0.999465 -0.032065 0.006503 0.000000 0.032065 0.920467 -0.389503 2.984800 0.006503 0.389503 0.921002 0.000000 0.000000 0.000000 0.000000 1.000000
0.999673 -0.025264 0.003973 0.000000 0.025264 0.951408 -0.306895 2.984800 0.003973 0.306895 0.951735 -0.000000 0.000000 0.000000 0.000000 1.000000
0.999698 -0.024313 0.003673 -0.000000 0.024313 0.955083 -0.295340 2.984800 0.003673 0.295340 0.955385 -0.000000 0.000000 0.000000 0.000000 1.000000
0.999651 -0.026060 0.004234 0.000000 0.026060 0.948215 -0.316558 2.984800 0.004234 0.316558 0.948564 0.000000 0.000000 0.000000 0.000000 1.000000
0.999561 -0.029150 0.005335 0.000000 0.029150 0.934752 -0.354104 2.984800 0.005335 0.354104 0.935191 0.000000 0.000000 0.000000 0.000000 1.000000
0.999458 -0.032250 0.006582 0.000000 0.032250 0.919500 -0.391764 2.984800 0.006582 0.391764 0.920042 -0.000000 0.000000 0.000000 0.000000 1.000000
0.999389 -0.034167 0.007428 0.000000 0.034167 0.909160 -0.415043 2.984800 0.007428 0.415043 0.909772 0.000000 0.000000 0.000000 0.000000 1.000000
0.999343 -0.035365 0.007987 0.000000 0.035365 0.902325 -0.429603 2.984800 0.007987 0.429603 0.902982 0.000000 0.000000 0.000000 0.000000 1.000000
0.999284 -0.036827 0.008700 -0.000000 0.036827 0.893597 -0.447357 2.984800 0.008700 0.447357 0.894313 -0.000000 0.000000 0.000000 0.000000 1.000000
0.999212 -0.038516 0.009570 0.000000 0.038516 0.882955 -0.467875 2.984800 0.009571 0.467875 0.883743 -0.000000 0.000000 0.000000 0.000000 1.000000
0.999127 -0.040397 0.010599 0.000000 0.040397 0.870378 -0.490724 2.984800 0.010599 0.490724 0.871251 0.000000 0.000000 0.000000 0.000000 1.000000
0.999030 -0.042434 0.011786 -0.000000 0.042434 0.855859 -0.515465 2.984800 0.011786 0.515465 0.856830 0.000000 0.000000 0.000000 0.000000 1.000000
0.998919 -0.044590 0.013131 0.000000 0.044590 0.839412 -0.541664 2.984800 0.013131 0.541664 0.840493 0.000000 0.000000 0.000000 0.000000 1.000000
0.998796 -0.046832 0.014630 0.000000 0.046832 0.821077 -0.568893 2.984800 0.014630 0.568893 0.822281 0.000000 0.000000 0.000000 0.000000 1.000000
0.998660 -0.049124 0.016277 0.000000 0.049124 0.800932 -0.596737 2.984800 0.016277 0.596737 0.802272 0.000000 0.000000 0.000000 0.000000 1.000000
0.998513 -0.051434 0.018063 0.000000 0.051434 0.779092 -0.624797 2.984800 0.018063 0.624797 0.780579 0.000000 0.000000 0.000000 0.000000 1.000000
0.998356 -0.053731 0.019975 0.000000 0.053731 0.755714 -0.652694 2.984800 0.019974 0.652694 0.757358 0.000000 0.000000 0.000000 0.000000 1.000000
0.998189 -0.055985 0.021995 0.000000 0.055985 0.731000 -0.680077 2.984800 0.021995 0.680077 0.732811 0.000000 0.000000 0.000000 0.000000 1.000000
0.998016 -0.058170 0.024106 0.000000 0.058170 0.705194 -0.706624 2.984800 0.024105 0.706624 0.707178 0.000000 0.000000 0.000000 0.000000 1.000000
0.997836 -0.060263 0.026282 0.000000 0.060263 0.678581 -0.732049 2.984800 0.026281 0.732049 0.680745 0.000000 0.000000 0.000000 0.000000 1.000000
0.997654 -0.062244 0.028497 0.000000 0.062243 0.651486 -0.756103 2.984800 0.028497 0.756103 0.653832 -0.000000 0.000000 0.000000 0.000000 1.000000
0.997473 -0.064071 0.030694 0.000000 0.064071 0.624614 -0.778301 2.984800 0.030694 0.778301 0.627141 0.000000 0.000000 0.000000 0.000000 1.000000
0.997389 -0.064882 0.031722 0.000000 0.064882 0.612044 -0.788158 2.984800 0.031722 0.788158 0.614655 -0.000000 0.000000 0.000000 0.000000 1.000000
0.997345 -0.065287 0.032248 -0.000000 0.065287 0.605608 -0.793080 2.984800 0.032248 0.793080 0.608263 -0.000000 0.000000 0.000000 0.000000 1.000000
0.997327 -0.065457 0.032471 0.000000 0.065457 0.602883 -0.795140 2.984800 0.032471 0.795140 0.605556 -0.000000 0.000000 0.000000 0.000000 1.000000
0.997317 -0.065550 0.032594 0.000000 0.065550 0.601377 -0.796272 2.984800 0.032594 0.796272 0.604060 0.000000 0.000000 0.000000 0.000000 1.000000
0.997328 -0.065451 0.032463 -0.000000 0.065451 0.602981 -0.795066 2.984800 0.032463 0.795066 0.605654 0.000000 0.000000 0.000000 0.000000 1.000000</float_array>
        <technique_common>
          <accessor source="#mixamorig_RightHandRing2-Matrix-animation-output-transform-array" count="91" stride="16">
            <param type="float4x4"/>
          </accessor>
        </technique_common>
      </source>
      <source id="mixamorig_RightHandRing2-Interpolations">
        <Name_array id="mixamorig_RightHandRing2-Interpolations-array" count="91">
 LINEAR LINEAR LINEAR LINEAR LINEAR LINEAR LINEAR LINEAR LINEAR LINEAR LINEAR
LINEAR LINEAR LINEAR LINEAR LINEAR LINEAR LINEAR LINEAR LINEAR LINEAR LINEAR LINEAR
LINEAR LINEAR LINEAR LINEAR LINEAR LINEAR LINEAR LINEAR LINEAR LINEAR LINEAR LINEAR
LINEAR LINEAR LINEAR LINEAR LINEAR LINEAR LINEAR LINEAR LINEAR LINEAR LINEAR LINEAR
LINEAR LINEAR LINEAR LINEAR LINEAR LINEAR LINEAR LINEAR LINEAR LINEAR LINEAR LINEAR
LINEAR LINEAR LINEAR LINEAR LINEAR LINEAR LINEAR LINEAR LINEAR LINEAR LINEAR LINEAR
LINEAR LINEAR LINEAR LINEAR LINEAR LINEAR LINEAR LINEAR LINEAR LINEAR LINEAR LINEAR
LINEAR LINEAR LINEAR LINEAR LINEAR LINEAR LINEAR LINEAR</Name_array>
        <technique_common>
          <accessor source="#mixamorig_RightHandRing2-Interpolations-array" count="91">
            <param type="name"/>
          </accessor>
        </technique_common>
      </source>
      <sampler id="mixamorig_RightHandRing2-Matrix-animation-transform">
        <input semantic="INPUT" source="#mixamorig_RightHandRing2-Matrix-animation-input"/>
        <input semantic="OUTPUT" source="#mixamorig_RightHandRing2-Matrix-animation-output-transform"/>
        <input semantic="INTERPOLATION" source="#mixamorig_RightHandRing2-Interpolations"/>
      </sampler>
      <channel source="#mixamorig_RightHandRing2-Matrix-animation-transform" target="mixamorig_RightHandRing2/matrix"/>
    </animation>
    <animation id="mixamorig_RightHandRing3-anim" name="mixamorig_RightHandRing3">
      <source id="mixamorig_RightHandRing3-Matrix-animation-input">
        <float_array id="mixamorig_RightHandRing3-Matrix-animation-input-array" count="91">

0.000000 0.033333 0.066667 0.100000 0.133333 0.166667 0.200000 0.233333 0.266667 0.300000 0.333333 0.366667 0.400000 0.433333 0.466667 0.500000
0.533333 0.566667 0.600000 0.633333 0.666667 0.700000 0.733333 0.766667 0.800000 0.833333 0.866667 0.900000 0.933333 0.966667 1.000000 1.033333
1.066667 1.100000 1.133333 1.166667 1.200000 1.233333 1.266667 1.300000 1.333333 1.366667 1.400000 1.433333 1.466667 1.500000 1.533333 1.566667
1.600000 1.633333 1.666667 1.700000 1.733333 1.766667 1.800000 1.833333 1.866667 1.900000 1.933333 1.966667 2.000000 2.033333 2.066667 2.100000
2.133333 2.166667 2.200000 2.233333 2.266667 2.300000 2.333333 2.366667 2.400000 2.433333 2.466667 2.500000 2.533333 2.566667 2.600000 2.633333
2.666667 2.700000 2.733333 2.766667 2.800000 2.833333 2.866667 2.900000 2.933333 2.966667 3.000000</float_array>
        <technique_common>
          <accessor source="#mixamorig_RightHandRing3-Matrix-animation-input-array" count="91">
            <param name="TIME" type="float"/>
          </accessor>
        </technique_common>
      </source>
      <source id="mixamorig_RightHandRing3-Matrix-animation-output-transform">
        <float_array id="mixamorig_RightHandRing3-Matrix-animation-output-transform-array" count="1456">

0.998491 -0.051766 0.018330 0.000000 0.051765 0.775823 -0.628823 2.678400 0.018330 0.628823 0.777332 0.000000 0.000000 0.000000 0.000000 1.000000
0.998485 -0.051859 0.018406 0.000000 0.051859 0.774901 -0.629952 2.678400 0.018406 0.629952 0.776416 -0.000000 0.000000 0.000000 0.000000 1.000000
0.998467 -0.052124 0.018622 0.000000 0.052124 0.772251 -0.633176 2.678400 0.018622 0.633176 0.773784 0.000000 0.000000 0.000000 0.000000 1.000000
0.998439 -0.052542 0.018967 -0.000000 0.052541 0.768035 -0.638249 2.678400 0.018967 0.638249 0.769596 0.000000 0.000000 0.000000 0.000000 1.000000
0.998401 -0.053090 0.019427 0.000000 0.053090 0.762406 -0.644918 2.678400 0.019427 0.644918 0.764005 0.000000 0.000000 0.000000 0.000000 1.000000
0.998354 -0.053750 0.019991 0.000000 0.053750 0.755512 -0.652926 2.678400 0.019991 0.652926 0.757158 0.000000 0.000000 0.000000 0.000000 1.000000
0.998300 -0.054498 0.020646 -0.000000 0.054498 0.747504 -0.662017 2.678400 0.020646 0.662017 0.749204 0.000000 0.000000 0.000000 0.000000 1.000000
0.998240 -0.055315 0.021379 -0.000000 0.055315 0.738539 -0.671938 2.678400 0.021379 0.671938 0.740299 -0.000000 0.000000 0.000000 0.000000 1.000000
0.998174 -0.056179 0.022177 0.000000 0.056179 0.728780 -0.682440 2.678400 0.022177 0.682440 0.730605 -0.000000 0.000000 0.000000 0.000000 1.000000
0.998105 -0.057072 0.023026 -0.000000 0.057072 0.718402 -0.693283 2.678400 0.023025 0.693283 0.720297 0.000000 0.000000 0.000000 0.000000 1.000000
0.998032 -0.057974 0.023909 -0.000000 0.057974 0.707592 -0.704239 2.678400 0.023910 0.704239 0.709560 0.000000 0.000000 0.000000 0.000000 1.000000
0.997957 -0.058867 0.024812 0.000000 0.058867 0.696550 -0.715090 2.678400 0.024812 0.715090 0.698592 0.000000 0.000000 0.000000 0.000000 1.000000
0.997883 -0.059735 0.025717 0.000000 0.059735 0.685488 -0.725629 2.678400 0.025717 0.725629 0.687605 0.000000 0.000000 0.000000 0.000000 1.000000
0.997810 -0.060561 0.026605 0.000000 0.060561 0.674631 -0.735666 2.678400 0.026604 0.735666 0.676821 0.000000 0.000000 0.000000 0.000000 1.000000
0.997740 -0.061331 0.027456 0.000000 0.061331 0.664216 -0.745021 2.678400 0.027456 0.745021 0.666476 0.000000 0.000000 0.000000 0.000000 1.000000
0.997674 -0.062031 0.028252 -0.000000 0.062031 0.654487 -0.753524 2.678400 0.028252 0.753524 0.656813 0.000000 0.000000 0.000000 0.000000 1.000000
0.997615 -0.062648 0.028970 0.000000 0.062648 0.645697 -0.761020 2.678400 0.028970 0.761020 0.648082 0.000000 0.000000 0.000000 0.000000 1.000000
0.997564 -0.063170 0.029592 -0.000000 0.063170 0.638103 -0.767356 2.678400 0.029591 0.767356 0.640539 -0.000000 0.000000 0.000000 0.000000 1.000000
0.997523 -0.063584 0.030093 0.000000 0.063584 0.631964 -0.772385 2.678400 0.030093 0.772385 0.634442 0.000000 0.000000 0.000000 0.000000 1.000000
0.997493 -0.063878 0.030455 -0.000000 0.063878 0.627538 -0.775961 2.678400 0.030455 0.775961 0.630045 0.000000 0.000000 0.000000 0.000000 1.000000
0.997476 -0.064040 0.030656 0.000000 0.064040 0.625078 -0.777931 2.678400 0.030656 0.777931 0.627602 0.000000 0.000000 0.000000 0.000000 1.000000
0.997474 -0.064062 0.030683 0.000000 0.064062 0.624754 -0.778189 2.678400 0.030683 0.778189 0.627280 0.000000 0.000000 0.000000 0.000000 1.000000
0.997484 -0.063968 0.030568 0.000000 0.063969 0.626167 -0.777061 2.678400 0.030567 0.777061 0.628683 -0.000000 0.000000 0.000000 0.000000 1.000000
0.997503 -0.063778 0.030331 0.000000 0.063777 0.629057 -0.774738 2.678400 0.030331 0.774738 0.631554 0.000000 0.000000 0.000000 0.000000 1.000000
0.997532 -0.063495 0.029985 0.000000 0.063495 0.633286 -0.771309 2.678400 0.029985 0.771309 0.635754 -0.000000 0.000000 0.000000 0.000000 1.000000
0.997568 -0.063128 0.029542 -0.000000 0.063129 0.638709 -0.766854 2.678400 0.029542 0.766854 0.641141 -0.000000 0.000000 0.000000 0.000000 1.000000
0.997612 -0.062684 0.029013 0.000000 0.062684 0.645181 -0.761454 2.678400 0.029013 0.761454 0.647570 0.000000 0.000000 0.000000 0.000000 1.000000
0.997661 -0.062168 0.028410 0.000000 0.062168 0.652556 -0.755186 2.678400 0.028409 0.755186 0.654895 0.000000 0.000000 0.000000 0.000000 1.000000
0.997716 -0.061587 0.027745 0.000000 0.061587 0.660687 -0.748131 2.678400 0.027745 0.748131 0.662971 0.000000 0.000000 0.000000 0.000000 1.000000
0.997775 -0.060949 0.027030 0.000000 0.060949 0.669428 -0.740372 2.678400 0.027030 0.740372 0.671653 0.000000 0.000000 0.000000 0.000000 1.000000
0.997837 -0.060259 0.026277 -0.000000 0.060259 0.678638 -0.731997 2.678400 0.026277 0.731997 0.680801 0.000000 0.000000 0.000000 0.000000 1.000000
0.997901 -0.059526 0.025497 0.000000 0.059526 0.688178 -0.723095 2.678400 0.025497 0.723096 0.690277 -0.000000 0.000000 0.000000 0.000000 1.000000
0.997967 -0.058758 0.024701 0.000000 0.058758 0.697914 -0.713767 2.678400 0.024701 0.713767 0.699947 0.000000 0.000000 0.000000 0.000000 1.000000
0.998033 -0.057964 0.023899 -0.000000 0.057964 0.707716 -0.704115 2.678400 0.023899 0.704115 0.709684 0.000000 0.000000 0.000000 0.000000 1.000000
0.998098 -0.057152 0.023102 0.000000 0.057152 0.717462 -0.694249 2.678400 0.023102 0.694249 0.719364 0.000000 0.000000 0.000000 0.000000 1.000000
0.998163 -0.056331 0.022319 0.000000 0.056331 0.727034 -0.684287 2.678400 0.022320 0.684287 0.728872 0.000000 0.000000 0.000000 0.000000 1.000000
0.998225 -0.055513 0.021560 0.000000 0.055513 0.736322 -0.674350 2.678400 0.021560 0.674350 0.738097 -0.000000 0.000000 0.000000 0.000000 1.000000
0.998285 -0.054708 0.020832 -0.000000 0.054708 0.745223 -0.664567 2.678400 0.020833 0.664567 0.746938 0.000000 0.000000 0.000000 0.000000 1.000000
0.998342 -0.053927 0.020144 0.000000 0.053927 0.753638 -0.655073 2.678400 0.020144 0.655073 0.755297 -0.000000 0.000000 0.000000 0.000000 1.000000
0.998394 -0.053180 0.019503 0.000000 0.053180 0.761477 -0.646006 2.678400 0.019504 0.646006 0.763083 0.000000 0.000000 0.000000 0.000000 1.000000
0.998443 -0.052480 0.018916 0.000000 0.052480 0.768654 -0.637509 2.678400 0.018916 0.637509 0.770211 -0.000000 0.000000 0.000000 0.000000 1.000000
0.998486 -0.051840 0.018391 0.000000 0.051840 0.775086 -0.629726 2.678400 0.018391 0.629726 0.776600 0.000000 0.000000 0.000000 0.000000 1.000000
0.998524 -0.051270 0.017932 0.000000 0.051270 0.780695 -0.622805 2.678400 0.017932 0.622805 0.782171 0.000000 0.000000 0.000000 0.000000 1.000000
0.998556 -0.050783 0.017547 0.000000 0.050783 0.785406 -0.616894 2.678400 0.017547 0.616894 0.786850 0.000000 0.000000 0.000000 0.000000 1.000000
0.998581 -0.050392 0.017241 0.000000 0.050392 0.789142 -0.612141 2.678400 0.017241 0.612141 0.790561 0.000000 0.000000 0.000000 0.000000 1.000000
0.998599 -0.050108 0.017022 0.000000 0.050108 0.791824 -0.608690 2.678400 0.017022 0.608690 0.793226 0.000000 0.000000 0.000000 0.000000 1.000000
0.998609 -0.049943 0.016895 0.000000 0.049943 0.793373 -0.606684 2.678400 0.016895 0.606684 0.794763 0.000000 0.000000 0.000000 0.000000 1.000000
0.998611 -0.049911 0.016871 0.000000 0.049911 0.793670 -0.606298 2.678400 0.016871 0.606298 0.795059 0.000000 0.000000 0.000000 0.000000 1.000000
0.998603 -0.050048 0.016976 0.000000 0.050048 0.792387 -0.607962 2.678400 0.016976 0.607962 0.793784 0.000000 0.000000 0.000000 0.000000 1.000000
0.998583 -0.050356 0.017213 -0.000000 0.050356 0.789484 -0.611702 2.678400 0.017213 0.611702 0.790901 0.000000 0.000000 0.000000 0.000000 1.000000
0.998553 -0.050816 0.017572 0.000000 0.050816 0.785097 -0.617284 2.678400 0.017572 0.617284 0.786544 0.000000 0.000000 0.000000 0.000000 1.000000
0.998515 -0.051407 0.018042 0.000000 0.051407 0.779357 -0.624468 2.678400 0.018041 0.624468 0.780842 -0.000000 0.000000 0.000000 0.000000 1.000000
0.998468 -0.052110 0.018611 -0.000000 0.052110 0.772387 -0.633010 2.678400 0.018611 0.633010 0.773920 0.000000 0.000000 0.000000 0.000000 1.000000
0.998414 -0.052905 0.019271 0.000000 0.052905 0.764316 -0.642668 2.678400 0.019271 0.642668 0.765902 -0.000000 0.000000 0.000000 0.000000 1.000000
0.998353 -0.053772 0.020011 -0.000000 0.053772 0.755275 -0.653199 2.678400 0.020010 0.653199 0.756922 0.000000 0.000000 0.000000 0.000000 1.000000
0.998286 -0.054692 0.020818 0.000000 0.054692 0.745404 -0.664366 2.678400 0.020818 0.664366 0.747118 0.000000 0.000000 0.000000 0.000000 1.000000
0.998215 -0.055644 0.021680 0.000000 0.055644 0.734853 -0.675940 2.678400 0.021680 0.675940 0.736637 0.000000 0.000000 0.000000 0.000000 1.000000
0.998141 -0.056613 0.022585 0.000000 0.056613 0.723783 -0.687701 2.678400 0.022586 0.687701 0.725642 0.000000 0.000000 0.000000 0.000000 1.000000
0.998064 -0.057579 0.023519 0.000000 0.057579 0.712369 -0.699439 2.678400 0.023519 0.699439 0.714305 0.000000 0.000000 0.000000 0.000000 1.000000
0.997986 -0.058527 0.024465 0.000000 0.058527 0.700797 -0.710956 2.678400 0.024465 0.710956 0.702811 0.000000 0.000000 0.000000 0.000000 1.000000
0.997908 -0.059441 0.025408 0.000000 0.059441 0.689267 -0.722065 2.678400 0.025408 0.722065 0.691359 0.000000 0.000000 0.000000 0.000000 1.000000
0.997832 -0.060308 0.026330 -0.000000 0.060308 0.677990 -0.732593 2.678400 0.026330 0.732593 0.680157 0.000000 0.000000 0.000000 0.000000 1.000000
0.997783 -0.060854 0.026926 -0.000000 0.060855 0.670694 -0.739233 2.678400 0.026926 0.739233 0.672911 0.000000 0.000000 0.000000 0.000000 1.000000
0.998009 -0.058255 0.024191 0.000000 0.058255 0.704150 -0.707657 2.678400 0.024191 0.707657 0.706142 -0.000000 0.000000 0.000000 0.000000 1.000000
0.998281 -0.054768 0.020886 0.000000 0.054768 0.744573 -0.665290 2.678400 0.020886 0.665290 0.746293 0.000000 0.000000 0.000000 0.000000 1.000000
0.998320 -0.054223 0.020404 0.000000 0.054223 0.750467 -0.658679 2.678400 0.020403 0.658679 0.752147 0.000000 0.000000 0.000000 0.000000 1.000000
0.998308 -0.054393 0.020553 0.000000 0.054393 0.748644 -0.660737 2.678400 0.020553 0.660737 0.750336 -0.000000 0.000000 0.000000 0.000000 1.000000
0.998273 -0.054875 0.020981 0.000000 0.054875 0.743400 -0.666593 2.678400 0.020981 0.666593 0.745127 -0.000000 0.000000 0.000000 0.000000 1.000000
0.998227 -0.055483 0.021532 -0.000000 0.055483 0.736668 -0.673975 2.678400 0.021532 0.673975 0.738440 0.000000 0.000000 0.000000 0.000000 1.000000
0.998186 -0.056033 0.022041 -0.000000 0.056034 0.730446 -0.680668 2.678400 0.022041 0.680668 0.732261 0.000000 0.000000 0.000000 0.000000 1.000000
0.998162 -0.056345 0.022332 0.000000 0.056345 0.726884 -0.684445 2.678400 0.022332 0.684445 0.728723 0.000000 0.000000 0.000000 0.000000 1.000000
0.998162 -0.056344 0.022332 0.000000 0.056344 0.726883 -0.684446 2.678400 0.022332 0.684446 0.728722 0.000000 0.000000 0.000000 0.000000 1.000000
0.998167 -0.056274 0.022266 0.000000 0.056274 0.727692 -0.683592 2.678400 0.022266 0.683592 0.729525 -0.000000 0.000000 0.000000 0.000000 1.000000
0.998177 -0.056142 0.022142 0.000000 0.056142 0.729205 -0.681989 2.678400 0.022142 0.681989 0.731028 0.000000 0.000000 0.000000 0.000000 1.000000
0.998191 -0.055957 0.021970 0.000000 0.055957 0.731315 -0.679740 2.678400 0.021970 0.679740 0.733124 -0.000000 0.000000 0.000000 0.000000 1.000000
0.998209 -0.055728 0.021757 0.000000 0.055728 0.733915 -0.676951 2.678400 0.021757 0.676951 0.735706 0.000000 0.000000 0.000000 0.000000 1.000000
0.998229 -0.055462 0.021513 0.000000 0.055462 0.736898 -0.673725 2.678400 0.021513 0.673725 0.738669 -0.000000 0.000000 0.000000 0.000000 1.000000
0.998251 -0.055169 0.021247 0.000000 0.055169 0.740158 -0.670167 2.678400 0.021247 0.670166 0.741907 0.000000 0.000000 0.000000 0.000000 1.000000
0.998274 -0.054858 0.020966 -0.000000 0.054858 0.743589 -0.666383 2.678400 0.020966 0.666383 0.745315 0.000000 0.000000 0.000000 0.000000 1.000000
0.998298 -0.054536 0.020680 0.000000 0.054536 0.747089 -0.662483 2.678400 0.020680 0.662483 0.748792 0.000000 0.000000 0.000000 0.000000 1.000000
0.998321 -0.054215 0.020396 0.000000 0.054215 0.750559 -0.658576 2.678400 0.020396 0.658576 0.752238 0.000000 0.000000 0.000000 0.000000 1.000000
0.998343 -0.053902 0.020123 0.000000 0.053902 0.753899 -0.654776 2.678400 0.020123 0.654776 0.755555 0.000000 0.000000 0.000000 0.000000 1.000000
0.998364 -0.053607 0.019868 -0.000000 0.053607 0.757014 -0.651196 2.678400 0.019868 0.651196 0.758649 0.000000 0.000000 0.000000 0.000000 1.000000
0.998383 -0.053340 0.019640 -0.000000 0.053340 0.759810 -0.647953 2.678400 0.019640 0.647953 0.761427 -0.000000 0.000000 0.000000 0.000000 1.000000
0.998399 -0.053111 0.019445 0.000000 0.053111 0.762195 -0.645165 2.678400 0.019445 0.645165 0.763796 -0.000000 0.000000 0.000000 0.000000 1.000000
0.998412 -0.052926 0.019288 0.000000 0.052926 0.764105 -0.642917 2.678400 0.019289 0.642917 0.765693 0.000000 0.000000 0.000000 0.000000 1.000000
0.998430 -0.052672 0.019076 0.000000 0.052672 0.766704 -0.639836 2.678400 0.019076 0.639836 0.768274 0.000000 0.000000 0.000000 0.000000 1.000000
0.998450 -0.052380 0.018834 -0.000000 0.052380 0.769668 -0.636292 2.678400 0.018834 0.636292 0.771218 -0.000000 0.000000 0.000000 0.000000 1.000000
0.998469 -0.052093 0.018597 0.000000 0.052093 0.772558 -0.632804 2.678400 0.018597 0.632804 0.774089 0.000000 0.000000 0.000000 0.000000 1.000000
0.998485 -0.051854 0.018402 0.000000 0.051854 0.774943 -0.629900 2.678400 0.018402 0.629900 0.776458 0.000000 0.000000 0.000000 0.000000 1.000000
0.998491 -0.051765 0.018330 -0.000000 0.051765 0.775824 -0.628823 2.678400 0.018330 0.628823 0.777333 0.000000 0.000000 0.000000 0.000000 1.000000</float_array>
        <technique_common>
          <accessor source="#mixamorig_RightHandRing3-Matrix-animation-output-transform-array" count="91" stride="16">
            <param type="float4x4"/>
          </accessor>
        </technique_common>
      </source>
      <source id="mixamorig_RightHandRing3-Interpolations">
        <Name_array id="mixamorig_RightHandRing3-Interpolations-array" count="91">
 LINEAR LINEAR LINEAR LINEAR LINEAR LINEAR LINEAR LINEAR LINEAR LINEAR LINEAR
LINEAR LINEAR LINEAR LINEAR LINEAR LINEAR LINEAR LINEAR LINEAR LINEAR LINEAR LINEAR
LINEAR LINEAR LINEAR LINEAR LINEAR LINEAR LINEAR LINEAR LINEAR LINEAR LINEAR LINEAR
LINEAR LINEAR LINEAR LINEAR LINEAR LINEAR LINEAR LINEAR LINEAR LINEAR LINEAR LINEAR
LINEAR LINEAR LINEAR LINEAR LINEAR LINEAR LINEAR LINEAR LINEAR LINEAR LINEAR LINEAR
LINEAR LINEAR LINEAR LINEAR LINEAR LINEAR LINEAR LINEAR LINEAR LINEAR LINEAR LINEAR
LINEAR LINEAR LINEAR LINEAR LINEAR LINEAR LINEAR LINEAR LINEAR LINEAR LINEAR LINEAR
LINEAR LINEAR LINEAR LINEAR LINEAR LINEAR LINEAR LINEAR</Name_array>
        <technique_common>
          <accessor source="#mixamorig_RightHandRing3-Interpolations-array" count="91">
            <param type="name"/>
          </accessor>
        </technique_common>
      </source>
      <sampler id="mixamorig_RightHandRing3-Matrix-animation-transform">
        <input semantic="INPUT" source="#mixamorig_RightHandRing3-Matrix-animation-input"/>
        <input semantic="OUTPUT" source="#mixamorig_RightHandRing3-Matrix-animation-output-transform"/>
        <input semantic="INTERPOLATION" source="#mixamorig_RightHandRing3-Interpolations"/>
      </sampler>
      <channel source="#mixamorig_RightHandRing3-Matrix-animation-transform" target="mixamorig_RightHandRing3/matrix"/>
    </animation>
    <animation id="mixamorig_RightHandPinky1-anim" name="mixamorig_RightHandPinky1">
      <source id="mixamorig_RightHandPinky1-Matrix-animation-input">
        <float_array id="mixamorig_RightHandPinky1-Matrix-animation-input-array" count="91">

0.000000 0.033333 0.066667 0.100000 0.133333 0.166667 0.200000 0.233333 0.266667 0.300000 0.333333 0.366667 0.400000 0.433333 0.466667 0.500000
0.533333 0.566667 0.600000 0.633333 0.666667 0.700000 0.733333 0.766667 0.800000 0.833333 0.866667 0.900000 0.933333 0.966667 1.000000 1.033333
1.066667 1.100000 1.133333 1.166667 1.200000 1.233333 1.266667 1.300000 1.333333 1.366667 1.400000 1.433333 1.466667 1.500000 1.533333 1.566667
1.600000 1.633333 1.666667 1.700000 1.733333 1.766667 1.800000 1.833333 1.866667 1.900000 1.933333 1.966667 2.000000 2.033333 2.066667 2.100000
2.133333 2.166667 2.200000 2.233333 2.266667 2.300000 2.333333 2.366667 2.400000 2.433333 2.466667 2.500000 2.533333 2.566667 2.600000 2.633333
2.666667 2.700000 2.733333 2.766667 2.800000 2.833333 2.866667 2.900000 2.933333 2.966667 3.000000</float_array>
        <technique_common>
          <accessor source="#mixamorig_RightHandPinky1-Matrix-animation-input-array" count="91">
            <param name="TIME" type="float"/>
          </accessor>
        </technique_common>
      </source>
      <source id="mixamorig_RightHandPinky1-Matrix-animation-output-transform">
        <float_array id="mixamorig_RightHandPinky1-Matrix-animation-output-transform-array" count="1456">

0.998793 -0.014267 0.046997 -5.545400 0.039596 0.800034 -0.598646 9.382300 -0.029058 0.599785 0.799634 0.027000 0.000000 0.000000 0.000000 1.000000
0.998767 -0.014565 0.047463 -5.545400 0.040295 0.796284 -0.603579 9.382300 -0.029003 0.604747 0.795889 0.027000 0.000000 0.000000 0.000000 1.000000
0.998690 -0.015389 0.048793 -5.545400 0.042271 0.785477 -0.617446 9.382300 -0.028824 0.618700 0.785099 0.027000 0.000000 0.000000 0.000000 1.000000
0.998565 -0.016628 0.050899 -5.545400 0.045348 0.768078 -0.638749 9.382300 -0.028474 0.640141 0.767730 0.027000 0.000000 0.000000 0.000000 1.000000
0.998393 -0.018148 0.053694 -5.545400 0.049342 0.744440 -0.665864 9.382300 -0.027887 0.667443 0.744139 0.027000 0.000000 0.000000 0.000000 1.000000
0.998172 -0.019816 0.057089 -5.545400 0.054063 0.714925 -0.697108 9.382300 -0.027000 0.698920 0.714690 0.027000 0.000000 0.000000 0.000000 1.000000
0.997907 -0.021501 0.060987 -5.545400 0.059315 0.680001 -0.730808 9.382300 -0.025758 0.732896 0.679853 0.027000 0.000000 0.000000 0.000000 1.000000
0.997600 -0.023088 0.065280 -5.545400 0.064902 0.640311 -0.765369 9.382300 -0.024129 0.767769 0.640273 0.027000 0.000000 0.000000 0.000000 1.000000
0.997257 -0.024481 0.069848 -5.545400 0.070633 0.596716 -0.799338 9.382300 -0.022111 0.802079 0.596809 0.027000 0.000000 0.000000 0.000000 1.000000
0.996888 -0.025611 0.074559 -5.545400 0.076325 0.550307 -0.831467 9.382300 -0.019735 0.834570 0.550549 0.027000 0.000000 0.000000 0.000000 1.000000
0.996502 -0.026441 0.079277 -5.545400 0.081809 0.502386 -0.860764 9.382300 -0.017068 0.864239 0.502792 0.027000 0.000000 0.000000 0.000000 1.000000
0.996112 -0.026964 0.083862 -5.545400 0.086937 0.454443 -0.886523 9.382300 -0.014206 0.890367 0.455021 0.027000 0.000000 0.000000 0.000000 1.000000
0.995734 -0.027203 0.088174 -5.545400 0.091584 0.408099 -0.908332 9.382300 -0.011275 0.912532 0.408850 0.027000 0.000000 0.000000 0.000000 1.000000
0.995380 -0.027207 0.092081 -5.545400 0.095646 0.365060 -0.926058 9.382300 -0.008420 0.930587 0.365975 0.027000 0.000000 0.000000 0.000000 1.000000
0.995066 -0.027047 0.095455 -5.545400 0.099043 0.327061 -0.939799 9.382300 -0.005801 0.944616 0.328126 0.027000 0.000000 0.000000 0.000000 1.000000
0.994808 -0.026806 0.098177 -5.545400 0.101708 0.295829 -0.949811 9.382300 -0.003583 0.954865 0.297020 0.027000 0.000000 0.000000 0.000000 1.000000
0.994619 -0.026570 0.100134 -5.545400 0.103581 0.273047 -0.956408 9.382300 -0.001930 0.961634 0.274330 0.027000 0.000000 0.000000 0.000000 1.000000
0.994514 -0.026417 0.101216 -5.545400 0.104602 0.260333 -0.959836 9.382300 -0.000994 0.965158 0.261668 0.027000 0.000000 0.000000 0.000000 1.000000
0.994498 -0.026397 0.101379 -5.545400 0.104756 0.258550 -0.960301 9.382300 -0.000863 0.965637 0.259892 0.027000 0.000000 0.000000 0.000000 1.000000
0.994531 -0.026489 0.101024 -5.545400 0.104431 0.263909 -0.958878 9.382300 -0.001261 0.964184 0.265232 0.027000 0.000000 0.000000 0.000000 1.000000
0.994600 -0.026667 0.100300 -5.545400 0.103764 0.274760 -0.955898 9.382300 -0.002068 0.961143 0.276043 0.027000 0.000000 0.000000 0.000000 1.000000
0.994700 -0.026907 0.099238 -5.545400 0.102770 0.290580 -0.951316 9.382300 -0.003239 0.956472 0.291805 0.027000 0.000000 0.000000 0.000000 1.000000
0.994829 -0.027180 0.097863 -5.545400 0.101457 0.310826 -0.945036 9.382300 -0.004733 0.950078 0.311976 0.027000 0.000000 0.000000 0.000000 1.000000
0.994983 -0.027452 0.096205 -5.545400 0.099834 0.334936 -0.936937 9.382300 -0.006502 0.941841 0.335996 0.027000 0.000000 0.000000 0.000000 1.000000
0.995159 -0.027690 0.094293 -5.545400 0.097907 0.362334 -0.926892 9.382300 -0.008500 0.931637 0.363291 0.027000 0.000000 0.000000 0.000000 1.000000
0.995355 -0.027863 0.092158 -5.545400 0.095684 0.392429 -0.914792 9.382300 -0.010677 0.919360 0.393272 0.027000 0.000000 0.000000 0.000000 1.000000
0.995565 -0.027938 0.089833 -5.545400 0.093176 0.424627 -0.900561 9.382300 -0.012985 0.904937 0.425346 0.027000 0.000000 0.000000 0.000000 1.000000
0.995787 -0.027892 0.087352 -5.545400 0.090399 0.458330 -0.884173 9.382300 -0.015374 0.888344 0.458921 0.027000 0.000000 0.000000 0.000000 1.000000
0.996017 -0.027703 0.084753 -5.545400 0.087372 0.492953 -0.865658 9.382300 -0.017798 0.869615 0.493410 0.027000 0.000000 0.000000 0.000000 1.000000
0.996251 -0.027356 0.082074 -5.545400 0.084120 0.527923 -0.845116 9.382300 -0.020210 0.848852 0.528245 0.027000 0.000000 0.000000 0.000000 1.000000
0.996485 -0.026844 0.079355 -5.545400 0.080675 0.562696 -0.822718 9.382300 -0.022568 0.826228 0.562884 0.027000 0.000000 0.000000 0.000000 1.000000
0.996716 -0.026167 0.076635 -5.545400 0.077077 0.596764 -0.798706 9.382300 -0.024833 0.801990 0.596821 0.027000 0.000000 0.000000 0.000000 1.000000
0.996940 -0.025333 0.073951 -5.545400 0.073369 0.629663 -0.773396 9.382300 -0.026971 0.776455 0.629595 0.027000 0.000000 0.000000 0.000000 1.000000
0.997154 -0.024359 0.071341 -5.545400 0.069603 0.660981 -0.747168 9.382300 -0.028955 0.750007 0.660795 0.027000 0.000000 0.000000 0.000000 1.000000
0.997356 -0.023266 0.068841 -5.545400 0.065833 0.690361 -0.720464 9.382300 -0.030763 0.723091 0.690067 0.027000 0.000000 0.000000 0.000000 1.000000
0.997543 -0.022085 0.066483 -5.545400 0.062123 0.717508 -0.693775 9.382300 -0.032380 0.696200 0.717117 0.027000 0.000000 0.000000 0.000000 1.000000
0.997713 -0.020851 0.064295 -5.545400 0.058535 0.742185 -0.667634 9.382300 -0.033798 0.669870 0.741709 0.027000 0.000000 0.000000 0.000000 1.000000
0.997865 -0.019605 0.062304 -5.545400 0.055137 0.764213 -0.642602 9.382300 -0.035015 0.644666 0.763662 0.027000 0.000000 0.000000 0.000000 1.000000
0.997997 -0.018391 0.060531 -5.545400 0.051998 0.783460 -0.619263 9.382300 -0.036035 0.621170 0.782847 0.027000 0.000000 0.000000 0.000000 1.000000
0.998109 -0.017256 0.058998 -5.545400 0.049187 0.799832 -0.598205 9.382300 -0.036866 0.599976 0.799168 0.027000 0.000000 0.000000 0.000000 1.000000
0.998201 -0.016246 0.057720 -5.545400 0.046775 0.813262 -0.580015 9.382300 -0.037519 0.581671 0.812559 0.027000 0.000000 0.000000 0.000000 1.000000
0.998271 -0.015409 0.056715 -5.545400 0.044829 0.823689 -0.565267 9.382300 -0.038006 0.566832 0.822956 0.027000 0.000000 0.000000 0.000000 1.000000
0.998321 -0.014789 0.056000 -5.545400 0.043415 0.831042 -0.554513 9.382300 -0.038338 0.556013 0.830289 0.027000 0.000000 0.000000 0.000000 1.000000
0.998349 -0.014425 0.055591 -5.545400 0.042597 0.835213 -0.548274 9.382300 -0.038522 0.549737 0.834449 0.027000 0.000000 0.000000 0.000000 1.000000
0.998354 -0.014359 0.055517 -5.545400 0.042449 0.835958 -0.547149 9.382300 -0.038554 0.548606 0.835192 0.027000 0.000000 0.000000 0.000000 1.000000
0.998330 -0.014672 0.055868 -5.545400 0.043153 0.832385 -0.552515 9.382300 -0.038397 0.554003 0.831629 0.027000 0.000000 0.000000 0.000000 1.000000
0.998276 -0.015357 0.056655 -5.545400 0.044710 0.824317 -0.564360 9.382300 -0.038035 0.565920 0.823583 0.027000 0.000000 0.000000 0.000000 1.000000
0.998192 -0.016348 0.057846 -5.545400 0.047016 0.811944 -0.581839 9.382300 -0.037456 0.583507 0.811244 0.027000 0.000000 0.000000 0.000000 1.000000
0.998079 -0.017574 0.059417 -5.545400 0.049964 0.795386 -0.604041 9.382300 -0.036644 0.605849 0.794735 0.027000 0.000000 0.000000 0.000000 1.000000
0.997937 -0.018956 0.061338 -5.545400 0.053440 0.774743 -0.630013 9.382300 -0.035579 0.631992 0.774158 0.027000 0.000000 0.000000 0.000000 1.000000
0.997768 -0.020417 0.063580 -5.545400 0.057329 0.750144 -0.658785 9.382300 -0.034244 0.660959 0.749640 0.027000 0.000000 0.000000 0.000000 1.000000
0.997573 -0.021882 0.066108 -5.545400 0.061517 0.721775 -0.689388 9.382300 -0.032630 0.691782 0.721369 0.027000 0.000000 0.000000 0.000000 1.000000
0.997353 -0.023284 0.068880 -5.545400 0.065893 0.689913 -0.720887 9.382300 -0.030736 0.723517 0.689622 0.027000 0.000000 0.000000 0.000000 1.000000
0.997113 -0.024560 0.071849 -5.545400 0.070348 0.654942 -0.752398 9.382300 -0.028578 0.755280 0.654779 0.027000 0.000000 0.000000 0.000000 1.000000
0.996856 -0.025666 0.074961 -5.545400 0.074784 0.617359 -0.783119 9.382300 -0.026178 0.786263 0.617338 0.027000 0.000000 0.000000 0.000000 1.000000
0.996587 -0.026565 0.078158 -5.545400 0.079110 0.577780 -0.812350 9.382300 -0.023578 0.815760 0.577909 0.027000 0.000000 0.000000 0.000000 1.000000
0.996311 -0.027239 0.081376 -5.545400 0.083249 0.536925 -0.839513 9.382300 -0.020825 0.843190 0.537212 0.027000 0.000000 0.000000 0.000000 1.000000
0.996035 -0.027681 0.084552 -5.545400 0.087131 0.495609 -0.864164 9.382300 -0.017983 0.868104 0.496056 0.027000 0.000000 0.000000 0.000000 1.000000
0.995763 -0.027903 0.087620 -5.545400 0.090704 0.454722 -0.886003 9.382300 -0.015121 0.890196 0.455326 0.027000 0.000000 0.000000 0.000000 1.000000
0.995503 -0.027928 0.090517 -5.545400 0.093924 0.415205 -0.904866 9.382300 -0.012312 0.909299 0.415961 0.027000 0.000000 0.000000 0.000000 1.000000
0.995261 -0.027791 0.093184 -5.545400 0.096761 0.378032 -0.920722 9.382300 -0.009638 0.925375 0.378930 0.027000 0.000000 0.000000 0.000000 1.000000
0.995042 -0.027541 0.095563 -5.545400 0.099193 0.344187 -0.933647 9.382300 -0.007178 0.938497 0.345212 0.027000 0.000000 0.000000 0.000000 1.000000
0.994187 -0.037608 0.100882 -5.545400 0.107655 0.335491 -0.935872 9.382300 0.001351 0.941292 0.337590 0.027000 0.000000 0.000000 0.000000 1.000000
0.975793 -0.167173 0.141002 -5.545400 0.211302 0.554441 -0.804952 9.382300 0.056389 0.815260 0.576343 0.027000 0.000000 0.000000 0.000000 1.000000
0.931866 -0.316349 0.177621 -5.545400 0.360428 0.751301 -0.552846 9.382300 0.041445 0.579198 0.814133 0.027000 0.000000 0.000000 0.000000 1.000000
0.917416 -0.351885 0.185808 -5.545400 0.397281 0.783295 -0.478139 9.382300 0.022708 0.512471 0.858405 0.027000 0.000000 0.000000 0.000000 1.000000
0.914185 -0.359328 0.187481 -5.545400 0.404956 0.790828 -0.458914 9.382300 0.016635 0.495454 0.868475 0.027000 0.000000 0.000000 0.000000 1.000000
0.916453 -0.354287 0.185996 -5.545400 0.399731 0.789511 -0.465713 9.382300 0.018150 0.501152 0.865169 0.027000 0.000000 0.000000 0.000000 1.000000
0.921651 -0.342322 0.182689 -5.545400 0.387339 0.783790 -0.485430 9.382300 0.022984 0.518159 0.854975 0.027000 0.000000 0.000000 0.000000 1.000000
0.927227 -0.328999 0.178912 -5.545400 0.373531 0.778137 -0.504953 9.382300 0.026911 0.535035 0.844401 0.027000 0.000000 0.000000 0.000000 1.000000
0.931142 -0.319472 0.175816 -5.545400 0.363667 0.778069 -0.512206 9.382300 0.026839 0.540875 0.840675 0.027000 0.000000 0.000000 0.000000 1.000000
0.935106 -0.309788 0.172072 -5.545400 0.353605 0.783850 -0.510433 9.382300 0.023247 0.538155 0.842525 0.027000 0.000000 0.000000 0.000000 1.000000
0.939873 -0.297654 0.167452 -5.545400 0.340953 0.789456 -0.510402 9.382300 0.019728 0.536806 0.843475 0.027000 0.000000 0.000000 0.000000 1.000000
0.945240 -0.283333 0.162001 -5.545400 0.325969 0.794748 -0.511977 9.382300 0.016310 0.536748 0.843585 0.027000 0.000000 0.000000 0.000000 1.000000
0.951000 -0.267085 0.155772 -5.545400 0.308918 0.799576 -0.515022 9.382300 0.013003 0.537906 0.842904 0.027000 0.000000 0.000000 0.000000 1.000000
0.956954 -0.249181 0.148820 -5.545400 0.290073 0.803796 -0.519394 9.382300 0.009803 0.540205 0.841476 0.027000 0.000000 0.000000 0.000000 1.000000
0.962916 -0.229894 0.141215 -5.545400 0.269718 0.807263 -0.524956 9.382300 0.006687 0.543577 0.839333 0.027000 0.000000 0.000000 0.000000 1.000000
0.968715 -0.209504 0.133037 -5.545400 0.248148 0.809846 -0.531575 9.382300 0.003628 0.547957 0.836498 0.027000 0.000000 0.000000 0.000000 1.000000
0.974204 -0.188297 0.124381 -5.545400 0.225668 0.811429 -0.539126 9.382300 0.000590 0.553287 0.832990 0.027000 0.000000 0.000000 0.000000 1.000000
0.979260 -0.166562 0.115355 -5.545400 0.202592 0.811913 -0.547497 9.382300 -0.002467 0.559512 0.828818 0.027000 0.000000 0.000000 0.000000 1.000000
0.983789 -0.144590 0.106083 -5.545400 0.179245 0.811221 -0.556589 9.382300 -0.005580 0.566581 0.823987 0.027000 0.000000 0.000000 0.000000 1.000000
0.987725 -0.122672 0.096697 -5.545400 0.155954 0.809297 -0.566319 9.382300 -0.008785 0.574448 0.818494 0.027000 0.000000 0.000000 0.000000 1.000000
0.991035 -0.101097 0.087340 -5.545400 0.133050 0.806107 -0.576618 9.382300 -0.012111 0.583070 0.812332 0.027000 0.000000 0.000000 0.000000 1.000000
0.993713 -0.080151 0.078165 -5.545400 0.110866 0.801642 -0.587434 9.382300 -0.015577 0.592407 0.805488 0.027000 0.000000 0.000000 0.000000 1.000000
0.995781 -0.060111 0.069329 -5.545400 0.089731 0.795910 -0.598728 9.382300 -0.019189 0.602423 0.797946 0.027000 0.000000 0.000000 0.000000 1.000000
0.997274 -0.041424 0.061057 -5.545400 0.070138 0.789113 -0.610230 9.382300 -0.022902 0.612849 0.789868 0.027000 0.000000 0.000000 0.000000 1.000000
0.997956 -0.030787 0.055993 -5.545400 0.058670 0.788650 -0.612037 9.382300 -0.025316 0.614072 0.788844 0.027000 0.000000 0.000000 0.000000 1.000000
0.998362 -0.023387 0.052207 -5.545400 0.050411 0.791068 -0.609648 9.382300 -0.027042 0.611282 0.790951 0.027000 0.000000 0.000000 0.000000 1.000000
0.998613 -0.018250 0.049391 -5.545400 0.044463 0.794742 -0.605316 9.382300 -0.028206 0.606672 0.794451 0.027000 0.000000 0.000000 0.000000 1.000000
0.998779 -0.014427 0.047247 -5.545400 0.039972 0.798023 -0.601300 9.382300 -0.029029 0.602454 0.797625 0.027000 0.000000 0.000000 0.000000 1.000000
0.998793 -0.014267 0.046997 -5.545400 0.039596 0.800034 -0.598646 9.382300 -0.029058 0.599785 0.799634 0.027000 0.000000 0.000000 0.000000 1.000000</float_array>
        <technique_common>
          <accessor source="#mixamorig_RightHandPinky1-Matrix-animation-output-transform-array" count="91" stride="16">
            <param type="float4x4"/>
          </accessor>
        </technique_common>
      </source>
      <source id="mixamorig_RightHandPinky1-Interpolations">
        <Name_array id="mixamorig_RightHandPinky1-Interpolations-array" count="91">
 LINEAR LINEAR LINEAR LINEAR LINEAR LINEAR LINEAR LINEAR LINEAR LINEAR LINEAR
LINEAR LINEAR LINEAR LINEAR LINEAR LINEAR LINEAR LINEAR LINEAR LINEAR LINEAR LINEAR
LINEAR LINEAR LINEAR LINEAR LINEAR LINEAR LINEAR LINEAR LINEAR LINEAR LINEAR LINEAR
LINEAR LINEAR LINEAR LINEAR LINEAR LINEAR LINEAR LINEAR LINEAR LINEAR LINEAR LINEAR
LINEAR LINEAR LINEAR LINEAR LINEAR LINEAR LINEAR LINEAR LINEAR LINEAR LINEAR LINEAR
LINEAR LINEAR LINEAR LINEAR LINEAR LINEAR LINEAR LINEAR LINEAR LINEAR LINEAR LINEAR
LINEAR LINEAR LINEAR LINEAR LINEAR LINEAR LINEAR LINEAR LINEAR LINEAR LINEAR LINEAR
LINEAR LINEAR LINEAR LINEAR LINEAR LINEAR LINEAR LINEAR</Name_array>
        <technique_common>
          <accessor source="#mixamorig_RightHandPinky1-Interpolations-array" count="91">
            <param type="name"/>
          </accessor>
        </technique_common>
      </source>
      <sampler id="mixamorig_RightHandPinky1-Matrix-animation-transform">
        <input semantic="INPUT" source="#mixamorig_RightHandPinky1-Matrix-animation-input"/>
        <input semantic="OUTPUT" source="#mixamorig_RightHandPinky1-Matrix-animation-output-transform"/>
        <input semantic="INTERPOLATION" source="#mixamorig_RightHandPinky1-Interpolations"/>
      </sampler>
      <channel source="#mixamorig_RightHandPinky1-Matrix-animation-transform" target="mixamorig_RightHandPinky1/matrix"/>
    </animation>
    <animation id="mixamorig_RightHandPinky2-anim" name="mixamorig_RightHandPinky2">
      <source id="mixamorig_RightHandPinky2-Matrix-animation-input">
        <float_array id="mixamorig_RightHandPinky2-Matrix-animation-input-array" count="91">

0.000000 0.033333 0.066667 0.100000 0.133333 0.166667 0.200000 0.233333 0.266667 0.300000 0.333333 0.366667 0.400000 0.433333 0.466667 0.500000
0.533333 0.566667 0.600000 0.633333 0.666667 0.700000 0.733333 0.766667 0.800000 0.833333 0.866667 0.900000 0.933333 0.966667 1.000000 1.033333
1.066667 1.100000 1.133333 1.166667 1.200000 1.233333 1.266667 1.300000 1.333333 1.366667 1.400000 1.433333 1.466667 1.500000 1.533333 1.566667
1.600000 1.633333 1.666667 1.700000 1.733333 1.766667 1.800000 1.833333 1.866667 1.900000 1.933333 1.966667 2.000000 2.033333 2.066667 2.100000
2.133333 2.166667 2.200000 2.233333 2.266667 2.300000 2.333333 2.366667 2.400000 2.433333 2.466667 2.500000 2.533333 2.566667 2.600000 2.633333
2.666667 2.700000 2.733333 2.766667 2.800000 2.833333 2.866667 2.900000 2.933333 2.966667 3.000000</float_array>
        <technique_common>
          <accessor source="#mixamorig_RightHandPinky2-Matrix-animation-input-array" count="91">
            <param name="TIME" type="float"/>
          </accessor>
        </technique_common>
      </source>
      <source id="mixamorig_RightHandPinky2-Matrix-animation-output-transform">
        <float_array id="mixamorig_RightHandPinky2-Matrix-animation-output-transform-array" count="1456">

0.995803 -0.076006 0.050980 0.000000 0.076006 0.376518 -0.923286 2.548400 0.050981 0.923286 0.380715 0.000000 0.000000 0.000000 0.000000 1.000000
0.995795 -0.076049 0.051086 0.000000 0.076049 0.375226 -0.923808 2.548400 0.051086 0.923808 0.379432 0.000000 0.000000 0.000000 0.000000 1.000000
0.995770 -0.076171 0.051387 0.000000 0.076171 0.371547 -0.925284 2.548400 0.051387 0.925284 0.375778 0.000000 0.000000 0.000000 0.000000 1.000000
0.995731 -0.076359 0.051860 0.000000 0.076359 0.365757 -0.927573 2.548400 0.051860 0.927573 0.370026 0.000000 0.000000 0.000000 0.000000 1.000000
0.995679 -0.076602 0.052484 0.000000 0.076602 0.358131 -0.930524 2.548400 0.052484 0.930524 0.362452 0.000000 0.000000 0.000000 0.000000 1.000000
0.995618 -0.076887 0.053235 -0.000000 0.076887 0.348942 -0.933985 2.548400 0.053235 0.933985 0.353325 0.000000 0.000000 0.000000 0.000000 1.000000
0.995547 -0.077202 0.054092 -0.000000 0.077201 0.338466 -0.937806 2.548400 0.054092 0.937806 0.342919 0.000000 0.000000 0.000000 0.000000 1.000000
0.995470 -0.077534 0.055031 0.000000 0.077534 0.326981 -0.941845 2.548400 0.055031 0.941845 0.331511 0.000000 0.000000 0.000000 0.000000 1.000000
0.995388 -0.077873 0.056029 0.000000 0.077873 0.314772 -0.945967 2.548400 0.056029 0.945967 0.319384 0.000000 0.000000 0.000000 0.000000 1.000000
0.995302 -0.078210 0.057063 0.000000 0.078210 0.302126 -0.950054 2.548400 0.057063 0.950054 0.306823 -0.000000 0.000000 0.000000 0.000000 1.000000
0.995216 -0.078535 0.058109 0.000000 0.078535 0.289338 -0.954000 2.548400 0.058109 0.954000 0.294122 -0.000000 0.000000 0.000000 0.000000 1.000000
0.995131 -0.078840 0.059141 0.000000 0.078840 0.276707 -0.957715 2.548400 0.059142 0.957715 0.281575 -0.000000 0.000000 0.000000 0.000000 1.000000
0.995049 -0.079121 0.060137 0.000000 0.079121 0.264536 -0.961125 2.548400 0.060137 0.961125 0.269487 -0.000000 0.000000 0.000000 0.000000 1.000000
0.994973 -0.079372 0.061069 0.000000 0.079372 0.253133 -0.964170 2.548400 0.061069 0.964170 0.258160 -0.000000 0.000000 0.000000 0.000000 1.000000
0.994903 -0.079589 0.061914 0.000000 0.079589 0.242806 -0.966804 2.548400 0.061914 0.966804 0.247903 0.000000 0.000000 0.000000 0.000000 1.000000
0.994843 -0.079768 0.062644 0.000000 0.079768 0.233870 -0.968990 2.548400 0.062644 0.968990 0.239027 -0.000000 0.000000 0.000000 0.000000 1.000000
0.994794 -0.079909 0.063236 0.000000 0.079909 0.226635 -0.970696 2.548400 0.063236 0.970696 0.231841 -0.000000 0.000000 0.000000 0.000000 1.000000
0.994759 -0.080007 0.063663 0.000000 0.080007 0.221413 -0.971892 2.548400 0.063663 0.971893 0.226654 0.000000 0.000000 0.000000 0.000000 1.000000
0.994740 -0.080061 0.063900 0.000000 0.080061 0.218515 -0.972544 2.548400 0.063900 0.972544 0.223775 0.000000 0.000000 0.000000 0.000000 1.000000
0.994740 -0.080061 0.063898 0.000000 0.080061 0.218541 -0.972538 2.548400 0.063898 0.972538 0.223801 0.000000 0.000000 0.000000 0.000000 1.000000
0.994774 -0.079967 0.063483 0.000000 0.079966 0.223615 -0.971392 2.548400 0.063483 0.971392 0.228841 0.000000 0.000000 0.000000 0.000000 1.000000
0.994843 -0.079768 0.062640 -0.000000 0.079767 0.233928 -0.968976 2.548400 0.062640 0.968976 0.239085 0.000000 0.000000 0.000000 0.000000 1.000000
0.994945 -0.079460 0.061408 0.000000 0.079460 0.248992 -0.965241 2.548400 0.061408 0.965241 0.254047 0.000000 0.000000 0.000000 0.000000 1.000000
0.995075 -0.079036 0.059829 0.000000 0.079036 0.268302 -0.960087 2.548400 0.059829 0.960087 0.273227 0.000000 0.000000 0.000000 0.000000 1.000000
0.995230 -0.078485 0.057945 0.000000 0.078485 0.291340 -0.953395 2.548400 0.057945 0.953395 0.296110 0.000000 0.000000 0.000000 0.000000 1.000000
0.995406 -0.077797 0.055800 0.000000 0.077797 0.317572 -0.945037 2.548400 0.055800 0.945037 0.322166 0.000000 0.000000 0.000000 0.000000 1.000000
0.995601 -0.076962 0.053438 0.000000 0.076962 0.346457 -0.934904 2.548400 0.053438 0.934904 0.350856 -0.000000 0.000000 0.000000 0.000000 1.000000
0.995809 -0.075975 0.050905 0.000000 0.075975 0.377445 -0.922910 2.548400 0.050904 0.922910 0.381635 0.000000 0.000000 0.000000 0.000000 1.000000
0.996029 -0.074831 0.048244 0.000000 0.074831 0.409985 -0.909017 2.548400 0.048244 0.909017 0.413957 0.000000 0.000000 0.000000 0.000000 1.000000
0.996254 -0.073532 0.045501 0.000000 0.073532 0.443534 -0.893236 2.548400 0.045501 0.893236 0.447279 0.000000 0.000000 0.000000 0.000000 1.000000
0.996483 -0.072084 0.042719 0.000000 0.072084 0.477558 -0.875638 2.548400 0.042719 0.875638 0.481075 0.000000 0.000000 0.000000 0.000000 1.000000
0.996712 -0.070497 0.039940 0.000000 0.070497 0.511545 -0.856360 2.548400 0.039940 0.856360 0.514833 0.000000 0.000000 0.000000 0.000000 1.000000
0.996937 -0.068788 0.037203 0.000000 0.068788 0.545011 -0.835603 2.548400 0.037203 0.835603 0.548073 0.000000 0.000000 0.000000 0.000000 1.000000
0.997156 -0.066979 0.034546 0.000000 0.066979 0.577507 -0.813633 2.548400 0.034546 0.813633 0.580351 0.000000 0.000000 0.000000 0.000000 1.000000
0.997366 -0.065098 0.032001 0.000000 0.065098 0.608628 -0.790781 2.548400 0.032001 0.790781 0.611263 0.000000 0.000000 0.000000 0.000000 1.000000
0.997563 -0.063176 0.029598 0.000000 0.063176 0.638014 -0.767429 2.548400 0.029599 0.767429 0.640450 -0.000000 0.000000 0.000000 0.000000 1.000000
0.997747 -0.061248 0.027363 -0.000000 0.061248 0.665352 -0.744013 2.548400 0.027363 0.744013 0.667605 0.000000 0.000000 0.000000 0.000000 1.000000
0.997916 -0.059354 0.025317 -0.000000 0.059354 0.690383 -0.721005 2.548400 0.025317 0.721005 0.692467 0.000000 0.000000 0.000000 0.000000 1.000000
0.998067 -0.057535 0.023476 -0.000000 0.057535 0.712891 -0.698910 2.548400 0.023476 0.698910 0.714824 -0.000000 0.000000 0.000000 0.000000 1.000000
0.998201 -0.055835 0.021856 0.000000 0.055835 0.732703 -0.678254 2.548400 0.021856 0.678254 0.734502 0.000000 0.000000 0.000000 0.000000 1.000000
0.998315 -0.054297 0.020468 -0.000000 0.054297 0.749678 -0.659571 2.548400 0.020468 0.659571 0.751363 0.000000 0.000000 0.000000 0.000000 1.000000
0.998409 -0.052965 0.019322 -0.000000 0.052965 0.763699 -0.643397 2.548400 0.019322 0.643397 0.765289 0.000000 0.000000 0.000000 0.000000 1.000000
0.998483 -0.051884 0.018426 -0.000000 0.051884 0.774652 -0.630256 2.548400 0.018426 0.630256 0.776168 0.000000 0.000000 0.000000 0.000000 1.000000
0.998535 -0.051093 0.017791 0.000000 0.051093 0.782417 -0.620656 2.548400 0.017791 0.620656 0.783881 0.000000 0.000000 0.000000 0.000000 1.000000
0.998565 -0.050633 0.017429 0.000000 0.050633 0.786846 -0.615069 2.548400 0.017429 0.615069 0.788280 -0.000000 0.000000 0.000000 0.000000 1.000000
0.998571 -0.050548 0.017363 0.000000 0.050548 0.787656 -0.614038 2.548400 0.017363 0.614038 0.789085 -0.000000 0.000000 0.000000 0.000000 1.000000
0.998545 -0.050940 0.017669 0.000000 0.050939 0.783905 -0.618788 2.548400 0.017670 0.618788 0.785360 0.000000 0.000000 0.000000 0.000000 1.000000
0.998488 -0.051806 0.018363 0.000000 0.051806 0.775425 -0.629311 2.548400 0.018363 0.629311 0.776937 0.000000 0.000000 0.000000 0.000000 1.000000
0.998401 -0.053084 0.019422 0.000000 0.053084 0.762475 -0.644836 2.548400 0.019422 0.644836 0.764074 0.000000 0.000000 0.000000 0.000000 1.000000
0.998285 -0.054705 0.020830 0.000000 0.054705 0.745256 -0.664530 2.548400 0.020830 0.664530 0.746971 -0.000000 0.000000 0.000000 0.000000 1.000000
0.998142 -0.056598 0.022572 0.000000 0.056598 0.723954 -0.687523 2.548400 0.022572 0.687523 0.725812 0.000000 0.000000 0.000000 0.000000 1.000000
0.997972 -0.058689 0.024630 0.000000 0.058689 0.698776 -0.712929 2.548400 0.024630 0.712929 0.700804 0.000000 0.000000 0.000000 0.000000 1.000000
0.997779 -0.060907 0.026984 0.000000 0.060907 0.669984 -0.739873 2.548400 0.026985 0.739873 0.672205 0.000000 0.000000 0.000000 0.000000 1.000000
0.997563 -0.063183 0.029607 -0.000000 0.063183 0.637912 -0.767513 2.548400 0.029607 0.767513 0.640350 0.000000 0.000000 0.000000 0.000000 1.000000
0.997328 -0.065451 0.032463 0.000000 0.065451 0.602986 -0.795062 2.548400 0.032463 0.795062 0.605659 0.000000 0.000000 0.000000 0.000000 1.000000
0.997077 -0.067653 0.035509 0.000000 0.067653 0.565726 -0.821813 2.548400 0.035509 0.821813 0.568650 0.000000 0.000000 0.000000 0.000000 1.000000
0.996814 -0.069739 0.038696 0.000000 0.069739 0.526748 -0.847156 2.548400 0.038696 0.847156 0.529934 -0.000000 0.000000 0.000000 0.000000 1.000000
0.996545 -0.071668 0.041967 0.000000 0.071668 0.486755 -0.870593 2.548400 0.041967 0.870593 0.490210 0.000000 0.000000 0.000000 0.000000 1.000000
0.996274 -0.073411 0.045256 -0.000000 0.073410 0.446526 -0.891754 2.548400 0.045256 0.891754 0.450252 0.000000 0.000000 0.000000 0.000000 1.000000
0.996008 -0.074945 0.048496 -0.000000 0.074945 0.406897 -0.910394 2.548400 0.048496 0.910394 0.410890 0.000000 0.000000 0.000000 0.000000 1.000000
0.995751 -0.076262 0.051616 -0.000000 0.076262 0.368748 -0.926396 2.548400 0.051616 0.926396 0.372997 0.000000 0.000000 0.000000 0.000000 1.000000
0.995510 -0.077362 0.054540 0.000000 0.077362 0.332980 -0.939755 2.548400 0.054540 0.939755 0.337470 -0.000000 0.000000 0.000000 0.000000 1.000000
0.995474 -0.077518 0.054986 0.000000 0.077518 0.327535 -0.941654 2.548400 0.054986 0.941654 0.332061 0.000000 0.000000 0.000000 0.000000 1.000000
0.997415 -0.064631 0.031400 -0.000000 0.064631 0.615982 -0.785104 2.548400 0.031400 0.785104 0.618567 0.000000 0.000000 0.000000 0.000000 1.000000
0.999163 -0.039633 0.010173 0.000000 0.039633 0.875582 -0.481441 2.548400 0.010174 0.481441 0.876419 -0.000000 0.000000 0.000000 0.000000 1.000000
0.999438 -0.032815 0.006825 0.000000 0.032814 0.916532 -0.398614 2.548400 0.006825 0.398614 0.917094 0.000000 0.000000 0.000000 0.000000 1.000000
0.999481 -0.031578 0.006299 0.000000 0.031578 0.922960 -0.383597 2.548400 0.006299 0.383597 0.923479 0.000000 0.000000 0.000000 0.000000 1.000000
0.999433 -0.032958 0.006888 0.000000 0.032958 0.915764 -0.400362 2.548400 0.006888 0.400362 0.916331 -0.000000 0.000000 0.000000 0.000000 1.000000
0.999330 -0.035684 0.008139 0.000000 0.035683 0.900463 -0.433466 2.548400 0.008139 0.433466 0.901133 -0.000000 0.000000 0.000000 0.000000 1.000000
0.999213 -0.038497 0.009560 0.000000 0.038497 0.883079 -0.467642 2.548400 0.009560 0.467642 0.883866 0.000000 0.000000 0.000000 0.000000 1.000000
0.999132 -0.040308 0.010549 -0.000000 0.040308 0.870994 -0.489638 2.548400 0.010548 0.489638 0.871862 0.000000 0.000000 0.000000 0.000000 1.000000
0.999064 -0.041734 0.011369 0.000000 0.041734 0.860953 -0.506969 2.548400 0.011370 0.506969 0.861889 0.000000 0.000000 0.000000 0.000000 1.000000
0.998974 -0.043530 0.012458 0.000000 0.043530 0.847641 -0.528782 2.548400 0.012458 0.528782 0.848666 0.000000 0.000000 0.000000 0.000000 1.000000
0.998863 -0.045636 0.013817 -0.000000 0.045636 0.831022 -0.554364 2.548400 0.013817 0.554364 0.832160 0.000000 0.000000 0.000000 0.000000 1.000000
0.998728 -0.047992 0.015448 0.000000 0.047991 0.811070 -0.582977 2.548400 0.015448 0.582977 0.812342 0.000000 0.000000 0.000000 0.000000 1.000000
0.998572 -0.050534 0.017352 -0.000000 0.050534 0.787790 -0.613867 2.548400 0.017352 0.613867 0.789218 0.000000 0.000000 0.000000 0.000000 1.000000
0.998393 -0.053203 0.019523 0.000000 0.053203 0.761237 -0.646287 2.548400 0.019523 0.646287 0.762844 0.000000 0.000000 0.000000 0.000000 1.000000
0.998193 -0.055937 0.021951 0.000000 0.055937 0.731539 -0.679501 2.548400 0.021951 0.679501 0.733346 0.000000 0.000000 0.000000 0.000000 1.000000
0.997973 -0.058679 0.024620 0.000000 0.058679 0.698904 -0.712805 2.548400 0.024620 0.712805 0.700930 0.000000 0.000000 0.000000 0.000000 1.000000
0.997736 -0.061374 0.027504 0.000000 0.061374 0.663628 -0.745541 2.548400 0.027504 0.745541 0.665892 0.000000 0.000000 0.000000 0.000000 1.000000
0.997483 -0.063973 0.030573 -0.000000 0.063973 0.626098 -0.777116 2.548400 0.030573 0.777116 0.628615 0.000000 0.000000 0.000000 0.000000 1.000000
0.997219 -0.066434 0.033787 -0.000000 0.066434 0.586785 -0.807013 2.548400 0.033787 0.807013 0.589566 -0.000000 0.000000 0.000000 0.000000 1.000000
0.996946 -0.068722 0.037103 0.000000 0.068722 0.546240 -0.834805 2.548400 0.037103 0.834805 0.549295 0.000000 0.000000 0.000000 0.000000 1.000000
0.996669 -0.070810 0.040468 0.000000 0.070810 0.505080 -0.860163 2.548400 0.040468 0.860163 0.508412 0.000000 0.000000 0.000000 0.000000 1.000000
0.996392 -0.072678 0.043829 0.000000 0.072678 0.463977 -0.882861 2.548400 0.043829 0.882861 0.467585 0.000000 0.000000 0.000000 0.000000 1.000000
0.996123 -0.074301 0.047092 0.000000 0.074301 0.424074 -0.902574 2.548400 0.047092 0.902574 0.427951 0.000000 0.000000 0.000000 0.000000 1.000000
0.995981 -0.075089 0.048822 0.000000 0.075090 0.402917 -0.912151 2.548400 0.048821 0.912151 0.406936 0.000000 0.000000 0.000000 0.000000 1.000000
0.995891 -0.075561 0.049911 0.000000 0.075561 0.389595 -0.917882 2.548400 0.049911 0.917882 0.393703 0.000000 0.000000 0.000000 0.000000 1.000000
0.995836 -0.075841 0.050579 0.000000 0.075841 0.381428 -0.921282 2.548400 0.050579 0.921282 0.385592 0.000000 0.000000 0.000000 0.000000 1.000000
0.995798 -0.076034 0.051049 0.000000 0.076034 0.375676 -0.923627 2.548400 0.051049 0.923627 0.379879 0.000000 0.000000 0.000000 0.000000 1.000000
0.995803 -0.076006 0.050980 -0.000000 0.076006 0.376518 -0.923286 2.548400 0.050980 0.923286 0.380715 0.000000 0.000000 0.000000 0.000000 1.000000</float_array>
        <technique_common>
          <accessor source="#mixamorig_RightHandPinky2-Matrix-animation-output-transform-array" count="91" stride="16">
            <param type="float4x4"/>
          </accessor>
        </technique_common>
      </source>
      <source id="mixamorig_RightHandPinky2-Interpolations">
        <Name_array id="mixamorig_RightHandPinky2-Interpolations-array" count="91">
 LINEAR LINEAR LINEAR LINEAR LINEAR LINEAR LINEAR LINEAR LINEAR LINEAR LINEAR
LINEAR LINEAR LINEAR LINEAR LINEAR LINEAR LINEAR LINEAR LINEAR LINEAR LINEAR LINEAR
LINEAR LINEAR LINEAR LINEAR LINEAR LINEAR LINEAR LINEAR LINEAR LINEAR LINEAR LINEAR
LINEAR LINEAR LINEAR LINEAR LINEAR LINEAR LINEAR LINEAR LINEAR LINEAR LINEAR LINEAR
LINEAR LINEAR LINEAR LINEAR LINEAR LINEAR LINEAR LINEAR LINEAR LINEAR LINEAR LINEAR
LINEAR LINEAR LINEAR LINEAR LINEAR LINEAR LINEAR LINEAR LINEAR LINEAR LINEAR LINEAR
LINEAR LINEAR LINEAR LINEAR LINEAR LINEAR LINEAR LINEAR LINEAR LINEAR LINEAR LINEAR
LINEAR LINEAR LINEAR LINEAR LINEAR LINEAR LINEAR LINEAR</Name_array>
        <technique_common>
          <accessor source="#mixamorig_RightHandPinky2-Interpolations-array" count="91">
            <param type="name"/>
          </accessor>
        </technique_common>
      </source>
      <sampler id="mixamorig_RightHandPinky2-Matrix-animation-transform">
        <input semantic="INPUT" source="#mixamorig_RightHandPinky2-Matrix-animation-input"/>
        <input semantic="OUTPUT" source="#mixamorig_RightHandPinky2-Matrix-animation-output-transform"/>
        <input semantic="INTERPOLATION" source="#mixamorig_RightHandPinky2-Interpolations"/>
      </sampler>
      <channel source="#mixamorig_RightHandPinky2-Matrix-animation-transform" target="mixamorig_RightHandPinky2/matrix"/>
    </animation>
    <animation id="mixamorig_RightHandPinky3-anim" name="mixamorig_RightHandPinky3">
      <source id="mixamorig_RightHandPinky3-Matrix-animation-input">
        <float_array id="mixamorig_RightHandPinky3-Matrix-animation-input-array" count="91">

0.000000 0.033333 0.066667 0.100000 0.133333 0.166667 0.200000 0.233333 0.266667 0.300000 0.333333 0.366667 0.400000 0.433333 0.466667 0.500000
0.533333 0.566667 0.600000 0.633333 0.666667 0.700000 0.733333 0.766667 0.800000 0.833333 0.866667 0.900000 0.933333 0.966667 1.000000 1.033333
1.066667 1.100000 1.133333 1.166667 1.200000 1.233333 1.266667 1.300000 1.333333 1.366667 1.400000 1.433333 1.466667 1.500000 1.533333 1.566667
1.600000 1.633333 1.666667 1.700000 1.733333 1.766667 1.800000 1.833333 1.866667 1.900000 1.933333 1.966667 2.000000 2.033333 2.066667 2.100000
2.133333 2.166667 2.200000 2.233333 2.266667 2.300000 2.333333 2.366667 2.400000 2.433333 2.466667 2.500000 2.533333 2.566667 2.600000 2.633333
2.666667 2.700000 2.733333 2.766667 2.800000 2.833333 2.866667 2.900000 2.933333 2.966667 3.000000</float_array>
        <technique_common>
          <accessor source="#mixamorig_RightHandPinky3-Matrix-animation-input-array" count="91">
            <param name="TIME" type="float"/>
          </accessor>
        </technique_common>
      </source>
      <source id="mixamorig_RightHandPinky3-Matrix-animation-output-transform">
        <float_array id="mixamorig_RightHandPinky3-Matrix-animation-output-transform-array" count="1456">

0.999116 -0.040653 0.010744 0.000000 0.040653 0.868608 -0.493829 2.338400 0.010743 0.493829 0.869493 -0.000000 0.000000 0.000000 0.000000 1.000000
0.999116 -0.040652 0.010743 0.000000 0.040652 0.868610 -0.493826 2.338400 0.010743 0.493826 0.869495 0.000000 0.000000 0.000000 0.000000 1.000000
0.999116 -0.040650 0.010742 0.000000 0.040650 0.868623 -0.493803 2.338400 0.010742 0.493803 0.869508 0.000000 0.000000 0.000000 0.000000 1.000000
0.999116 -0.040645 0.010739 0.000000 0.040645 0.868659 -0.493740 2.338400 0.010739 0.493740 0.869543 0.000000 0.000000 0.000000 0.000000 1.000000
0.999116 -0.040635 0.010733 0.000000 0.040635 0.868729 -0.493619 2.338400 0.010734 0.493619 0.869612 -0.000000 0.000000 0.000000 0.000000 1.000000
0.999117 -0.040619 0.010724 -0.000000 0.040619 0.868843 -0.493419 2.338400 0.010724 0.493419 0.869726 0.000000 0.000000 0.000000 0.000000 1.000000
0.999118 -0.040594 0.010710 0.000000 0.040594 0.869013 -0.493121 2.338400 0.010710 0.493121 0.869895 -0.000000 0.000000 0.000000 0.000000 1.000000
0.999120 -0.040560 0.010691 0.000000 0.040560 0.869251 -0.492704 2.338400 0.010691 0.492704 0.870131 -0.000000 0.000000 0.000000 0.000000 1.000000
0.999122 -0.040514 0.010665 0.000000 0.040514 0.869567 -0.492150 2.338400 0.010665 0.492150 0.870445 0.000000 0.000000 0.000000 0.000000 1.000000
0.999125 -0.040456 0.010632 -0.000000 0.040456 0.869972 -0.491438 2.338400 0.010632 0.491438 0.870848 0.000000 0.000000 0.000000 0.000000 1.000000
0.999128 -0.040383 0.010591 0.000000 0.040383 0.870477 -0.490549 2.338400 0.010591 0.490549 0.871349 0.000000 0.000000 0.000000 0.000000 1.000000
0.999132 -0.040293 0.010540 0.000000 0.040293 0.871093 -0.489462 2.338400 0.010540 0.489462 0.871961 -0.000000 0.000000 0.000000 0.000000 1.000000
0.999137 -0.040185 0.010480 0.000000 0.040185 0.871830 -0.488157 2.338400 0.010480 0.488157 0.872693 -0.000000 0.000000 0.000000 0.000000 1.000000
0.999143 -0.040059 0.010409 0.000000 0.040059 0.872698 -0.486615 2.338400 0.010409 0.486615 0.873555 0.000000 0.000000 0.000000 0.000000 1.000000
0.999150 -0.039910 0.010326 -0.000000 0.039910 0.873706 -0.484814 2.338400 0.010327 0.484814 0.874557 0.000000 0.000000 0.000000 0.000000 1.000000
0.999158 -0.039739 0.010232 0.000000 0.039739 0.874865 -0.482733 2.338400 0.010232 0.482733 0.875708 -0.000000 0.000000 0.000000 0.000000 1.000000
0.999167 -0.039543 0.010124 0.000000 0.039543 0.876183 -0.480353 2.338400 0.010124 0.480353 0.877017 0.000000 0.000000 0.000000 0.000000 1.000000
0.999177 -0.039321 0.010003 0.000000 0.039321 0.877669 -0.477652 2.338400 0.010003 0.477652 0.878492 -0.000000 0.000000 0.000000 0.000000 1.000000
0.999188 -0.039071 0.009867 -0.000000 0.039071 0.879330 -0.474608 2.338400 0.009867 0.474608 0.880142 0.000000 0.000000 0.000000 0.000000 1.000000
0.999200 -0.038790 0.009716 0.000000 0.038790 0.881173 -0.471200 2.338400 0.009716 0.471200 0.881973 -0.000000 0.000000 0.000000 0.000000 1.000000
0.999214 -0.038465 0.009543 0.000000 0.038464 0.883288 -0.467249 2.338400 0.009543 0.467249 0.884074 -0.000000 0.000000 0.000000 0.000000 1.000000
0.999234 -0.038007 0.009303 0.000000 0.038007 0.886227 -0.461689 2.338400 0.009303 0.461689 0.886993 -0.000000 0.000000 0.000000 0.000000 1.000000
0.999260 -0.037401 0.008990 0.000000 0.037401 0.890051 -0.454324 2.338400 0.008990 0.454324 0.890791 0.000000 0.000000 0.000000 0.000000 1.000000
0.999291 -0.036657 0.008616 0.000000 0.036657 0.894632 -0.445298 2.338400 0.008616 0.445298 0.895341 -0.000000 0.000000 0.000000 0.000000 1.000000
0.999326 -0.035790 0.008190 0.000000 0.035790 0.899838 -0.434754 2.338400 0.008190 0.434754 0.900512 -0.000000 0.000000 0.000000 0.000000 1.000000
0.999364 -0.034809 0.007724 0.000000 0.034808 0.905536 -0.422838 2.338400 0.007724 0.422838 0.906172 0.000000 0.000000 0.000000 0.000000 1.000000
0.999405 -0.033727 0.007229 0.000000 0.033727 0.911598 -0.409696 2.338400 0.007228 0.409696 0.912193 0.000000 0.000000 0.000000 0.000000 1.000000
0.999447 -0.032556 0.006713 0.000000 0.032556 0.917898 -0.395479 2.338400 0.006713 0.395479 0.918450 0.000000 0.000000 0.000000 0.000000 1.000000
0.999491 -0.031310 0.006188 0.000000 0.031310 0.924316 -0.380342 2.338400 0.006189 0.380342 0.924825 -0.000000 0.000000 0.000000 0.000000 1.000000
0.999534 -0.030002 0.005663 0.000000 0.030002 0.930741 -0.364446 2.338400 0.005663 0.364446 0.931207 0.000000 0.000000 0.000000 0.000000 1.000000
0.999576 -0.028644 0.005146 -0.000000 0.028644 0.937073 -0.347955 2.338400 0.005145 0.347955 0.937497 0.000000 0.000000 0.000000 0.000000 1.000000
0.999618 -0.027252 0.004642 -0.000000 0.027252 0.943222 -0.331042 2.338400 0.004643 0.331042 0.943605 0.000000 0.000000 0.000000 0.000000 1.000000
0.999657 -0.025839 0.004161 -0.000000 0.025839 0.949111 -0.313881 2.338400 0.004161 0.313881 0.949453 0.000000 0.000000 0.000000 0.000000 1.000000
0.999695 -0.024421 0.003706 0.000000 0.024421 0.954672 -0.296655 2.338400 0.003706 0.296655 0.954978 0.000000 0.000000 0.000000 0.000000 1.000000
0.999730 -0.023013 0.003282 0.000000 0.023013 0.959856 -0.279547 2.338400 0.003283 0.279547 0.960126 0.000000 0.000000 0.000000 0.000000 1.000000
0.999762 -0.021630 0.002893 0.000000 0.021630 0.964622 -0.262747 2.338400 0.002893 0.262747 0.964861 0.000000 0.000000 0.000000 0.000000 1.000000
0.999791 -0.020288 0.002539 0.000000 0.020288 0.968944 -0.246445 2.338400 0.002539 0.246445 0.969153 0.000000 0.000000 0.000000 0.000000 1.000000
0.999817 -0.019003 0.002223 -0.000000 0.019003 0.972807 -0.230836 2.338400 0.002224 0.230836 0.972990 0.000000 0.000000 0.000000 0.000000 1.000000
0.999840 -0.017791 0.001946 0.000000 0.017791 0.976206 -0.216115 2.338400 0.001946 0.216115 0.976366 0.000000 0.000000 0.000000 0.000000 1.000000
0.999860 -0.016668 0.001705 -0.000000 0.016668 0.979145 -0.202476 2.338400 0.001705 0.202476 0.979286 0.000000 0.000000 0.000000 0.000000 1.000000
0.999876 -0.015651 0.001502 0.000000 0.015651 0.981637 -0.190116 2.338400 0.001501 0.190116 0.981761 0.000000 0.000000 0.000000 0.000000 1.000000
0.999890 -0.014755 0.001333 0.000000 0.014755 0.983697 -0.179229 2.338400 0.001333 0.179229 0.983806 0.000000 0.000000 0.000000 0.000000 1.000000
0.999901 -0.013996 0.001198 0.000000 0.013996 0.985343 -0.170011 2.338400 0.001199 0.170011 0.985441 0.000000 0.000000 0.000000 0.000000 1.000000
0.999910 -0.013390 0.001096 0.000000 0.013390 0.986592 -0.162654 2.338400 0.001096 0.162654 0.986683 0.000000 0.000000 0.000000 0.000000 1.000000
0.999916 -0.012953 0.001025 0.000000 0.012953 0.987458 -0.157349 2.338400 0.001026 0.157349 0.987543 0.000000 0.000000 0.000000 0.000000 1.000000
0.999919 -0.012701 0.000986 0.000000 0.012701 0.987945 -0.154286 2.338400 0.000986 0.154286 0.988026 -0.000000 0.000000 0.000000 0.000000 1.000000
0.999919 -0.012654 0.000978 0.000000 0.012654 0.988034 -0.153717 2.338400 0.000978 0.153717 0.988114 -0.000000 0.000000 0.000000 0.000000 1.000000
0.999917 -0.012872 0.001013 0.000000 0.012872 0.987615 -0.156366 2.338400 0.001013 0.156366 0.987699 -0.000000 0.000000 0.000000 0.000000 1.000000
0.999910 -0.013362 0.001092 -0.000000 0.013362 0.986648 -0.162315 2.338400 0.001092 0.162315 0.986738 0.000000 0.000000 0.000000 0.000000 1.000000
0.999900 -0.014096 0.001216 0.000000 0.014096 0.985129 -0.171236 2.338400 0.001216 0.171236 0.985229 -0.000000 0.000000 0.000000 0.000000 1.000000
0.999886 -0.015048 0.001387 0.000000 0.015048 0.983035 -0.182798 2.338400 0.001387 0.182798 0.983150 0.000000 0.000000 0.000000 0.000000 1.000000
0.999868 -0.016190 0.001608 0.000000 0.016190 0.980337 -0.196664 2.338400 0.001608 0.196664 0.980470 0.000000 0.000000 0.000000 0.000000 1.000000
0.999845 -0.017493 0.001880 0.000000 0.017493 0.977005 -0.212497 2.338400 0.001880 0.212497 0.977160 0.000000 0.000000 0.000000 0.000000 1.000000
0.999818 -0.018930 0.002206 -0.000000 0.018930 0.973016 -0.229958 2.338400 0.002206 0.229958 0.973198 0.000000 0.000000 0.000000 0.000000 1.000000
0.999787 -0.020474 0.002587 -0.000000 0.020474 0.968362 -0.248707 2.338400 0.002587 0.248707 0.968575 -0.000000 0.000000 0.000000 0.000000 1.000000
0.999751 -0.022096 0.003021 0.000000 0.022096 0.963052 -0.268407 2.338400 0.003021 0.268407 0.963301 0.000000 0.000000 0.000000 0.000000 1.000000
0.999711 -0.023768 0.003506 0.000000 0.023768 0.957118 -0.288723 2.338400 0.003506 0.288723 0.957406 0.000000 0.000000 0.000000 0.000000 1.000000
0.999668 -0.025464 0.004038 -0.000000 0.025464 0.950615 -0.309325 2.338400 0.004038 0.309325 0.950948 -0.000000 0.000000 0.000000 0.000000 1.000000
0.999621 -0.027157 0.004609 0.000000 0.027157 0.943629 -0.329890 2.338400 0.004609 0.329890 0.944008 0.000000 0.000000 0.000000 0.000000 1.000000
0.999571 -0.028821 0.005211 0.000000 0.028821 0.936267 -0.350104 2.338400 0.005211 0.350104 0.936696 -0.000000 0.000000 0.000000 0.000000 1.000000
0.999520 -0.030431 0.005833 0.000000 0.030431 0.928668 -0.369662 2.338400 0.005833 0.369662 0.929148 0.000000 0.000000 0.000000 0.000000 1.000000
0.999468 -0.031963 0.006460 0.000000 0.031963 0.920992 -0.388269 2.338400 0.006460 0.388269 0.921523 -0.000000 0.000000 0.000000 0.000000 1.000000
0.999430 -0.033039 0.006923 0.000000 0.033039 0.915333 -0.401341 2.338400 0.006923 0.401341 0.915903 0.000000 0.000000 0.000000 0.000000 1.000000
0.999539 -0.029850 0.005604 0.000000 0.029850 0.931467 -0.362599 2.338400 0.005604 0.362599 0.931928 -0.000000 0.000000 0.000000 0.000000 1.000000
0.999664 -0.025594 0.004080 0.000000 0.025594 0.950098 -0.310899 2.338400 0.004080 0.310899 0.950434 0.000000 0.000000 0.000000 0.000000 1.000000
0.999677 -0.025126 0.003929 0.000000 0.025126 0.951949 -0.305224 2.338400 0.003929 0.305224 0.952273 0.000000 0.000000 0.000000 0.000000 1.000000
0.999666 -0.025514 0.004054 -0.000000 0.025514 0.950415 -0.309935 2.338400 0.004054 0.309935 0.950749 0.000000 0.000000 0.000000 0.000000 1.000000
0.999645 -0.026284 0.004310 0.000000 0.026284 0.947294 -0.319284 2.338400 0.004310 0.319284 0.947649 0.000000 0.000000 0.000000 0.000000 1.000000
0.999618 -0.027234 0.004636 -0.000000 0.027234 0.943296 -0.330832 2.338400 0.004636 0.330832 0.943678 0.000000 0.000000 0.000000 0.000000 1.000000
0.999591 -0.028168 0.004970 -0.000000 0.028167 0.939217 -0.342166 2.338400 0.004970 0.342166 0.939626 0.000000 0.000000 0.000000 0.000000 1.000000
0.999569 -0.028892 0.005238 0.000000 0.028892 0.935941 -0.350970 2.338400 0.005238 0.350970 0.936372 -0.000000 0.000000 0.000000 0.000000 1.000000
0.999551 -0.029450 0.005450 0.000000 0.029450 0.933353 -0.357750 2.338400 0.005449 0.357750 0.933801 -0.000000 0.000000 0.000000 0.000000 1.000000
0.999532 -0.030069 0.005690 0.000000 0.030069 0.930416 -0.365269 2.338400 0.005690 0.365269 0.930885 -0.000000 0.000000 0.000000 0.000000 1.000000
0.999510 -0.030740 0.005956 0.000000 0.030740 0.927153 -0.373420 2.338400 0.005957 0.373420 0.927643 0.000000 0.000000 0.000000 0.000000 1.000000
0.999486 -0.031455 0.006248 0.000000 0.031455 0.923587 -0.382098 2.338400 0.006248 0.382098 0.924101 0.000000 0.000000 0.000000 0.000000 1.000000
0.999460 -0.032204 0.006562 -0.000000 0.032204 0.919744 -0.391196 2.338400 0.006562 0.391196 0.920284 -0.000000 0.000000 0.000000 0.000000 1.000000
0.999432 -0.032979 0.006897 0.000000 0.032979 0.915654 -0.400613 2.338400 0.006897 0.400613 0.916222 0.000000 0.000000 0.000000 0.000000 1.000000
0.999403 -0.033772 0.007249 0.000000 0.033772 0.911351 -0.410243 2.338400 0.007248 0.410243 0.911947 0.000000 0.000000 0.000000 0.000000 1.000000
0.999373 -0.034574 0.007615 0.000000 0.034574 0.906871 -0.419988 2.338400 0.007615 0.419988 0.907498 -0.000000 0.000000 0.000000 0.000000 1.000000
0.999342 -0.035377 0.007992 0.000000 0.035377 0.902257 -0.429746 2.338400 0.007992 0.429746 0.902915 0.000000 0.000000 0.000000 0.000000 1.000000
0.999310 -0.036174 0.008377 0.000000 0.036174 0.897553 -0.439420 2.338400 0.008377 0.439420 0.898242 -0.000000 0.000000 0.000000 0.000000 1.000000
0.999278 -0.036955 0.008765 0.000000 0.036955 0.892810 -0.448915 2.338400 0.008765 0.448915 0.893531 -0.000000 0.000000 0.000000 0.000000 1.000000
0.999247 -0.037715 0.009151 0.000000 0.037714 0.888081 -0.458137 2.338400 0.009151 0.458137 0.888834 0.000000 0.000000 0.000000 0.000000 1.000000
0.999215 -0.038444 0.009532 0.000000 0.038444 0.883424 -0.466995 2.338400 0.009532 0.466995 0.884208 0.000000 0.000000 0.000000 0.000000 1.000000
0.999185 -0.039135 0.009902 0.000000 0.039136 0.878899 -0.475399 2.338400 0.009902 0.475399 0.879714 0.000000 0.000000 0.000000 0.000000 1.000000
0.999156 -0.039777 0.010253 0.000000 0.039777 0.874613 -0.483188 2.338400 0.010253 0.483188 0.875457 0.000000 0.000000 0.000000 0.000000 1.000000
0.999140 -0.040132 0.010450 0.000000 0.040132 0.872200 -0.487501 2.338400 0.010450 0.487501 0.873060 0.000000 0.000000 0.000000 0.000000 1.000000
0.999129 -0.040372 0.010585 -0.000000 0.040372 0.870551 -0.490419 2.338400 0.010585 0.490419 0.871422 0.000000 0.000000 0.000000 0.000000 1.000000
0.999121 -0.040534 0.010676 0.000000 0.040534 0.869433 -0.492385 2.338400 0.010676 0.492385 0.870312 -0.000000 0.000000 0.000000 0.000000 1.000000
0.999116 -0.040653 0.010743 -0.000000 0.040653 0.868610 -0.493827 2.338400 0.010743 0.493827 0.869494 0.000000 0.000000 0.000000 0.000000 1.000000
0.999116 -0.040653 0.010744 0.000000 0.040653 0.868608 -0.493829 2.338400 0.010743 0.493829 0.869493 0.000000 0.000000 0.000000 0.000000 1.000000</float_array>
        <technique_common>
          <accessor source="#mixamorig_RightHandPinky3-Matrix-animation-output-transform-array" count="91" stride="16">
            <param type="float4x4"/>
          </accessor>
        </technique_common>
      </source>
      <source id="mixamorig_RightHandPinky3-Interpolations">
        <Name_array id="mixamorig_RightHandPinky3-Interpolations-array" count="91">
 LINEAR LINEAR LINEAR LINEAR LINEAR LINEAR LINEAR LINEAR LINEAR LINEAR LINEAR
LINEAR LINEAR LINEAR LINEAR LINEAR LINEAR LINEAR LINEAR LINEAR LINEAR LINEAR LINEAR
LINEAR LINEAR LINEAR LINEAR LINEAR LINEAR LINEAR LINEAR LINEAR LINEAR LINEAR LINEAR
LINEAR LINEAR LINEAR LINEAR LINEAR LINEAR LINEAR LINEAR LINEAR LINEAR LINEAR LINEAR
LINEAR LINEAR LINEAR LINEAR LINEAR LINEAR LINEAR LINEAR LINEAR LINEAR LINEAR LINEAR
LINEAR LINEAR LINEAR LINEAR LINEAR LINEAR LINEAR LINEAR LINEAR LINEAR LINEAR LINEAR
LINEAR LINEAR LINEAR LINEAR LINEAR LINEAR LINEAR LINEAR LINEAR LINEAR LINEAR LINEAR
LINEAR LINEAR LINEAR LINEAR LINEAR LINEAR LINEAR LINEAR</Name_array>
        <technique_common>
          <accessor source="#mixamorig_RightHandPinky3-Interpolations-array" count="91">
            <param type="name"/>
          </accessor>
        </technique_common>
      </source>
      <sampler id="mixamorig_RightHandPinky3-Matrix-animation-transform">
        <input semantic="INPUT" source="#mixamorig_RightHandPinky3-Matrix-animation-input"/>
        <input semantic="OUTPUT" source="#mixamorig_RightHandPinky3-Matrix-animation-output-transform"/>
        <input semantic="INTERPOLATION" source="#mixamorig_RightHandPinky3-Interpolations"/>
      </sampler>
      <channel source="#mixamorig_RightHandPinky3-Matrix-animation-transform" target="mixamorig_RightHandPinky3/matrix"/>
    </animation>
    <animation id="mixamorig_LeftUpLeg-anim" name="mixamorig_LeftUpLeg">
      <source id="mixamorig_LeftUpLeg-Matrix-animation-input">
        <float_array id="mixamorig_LeftUpLeg-Matrix-animation-input-array" count="91">

0.000000 0.033333 0.066667 0.100000 0.133333 0.166667 0.200000 0.233333 0.266667 0.300000 0.333333 0.366667 0.400000 0.433333 0.466667 0.500000
0.533333 0.566667 0.600000 0.633333 0.666667 0.700000 0.733333 0.766667 0.800000 0.833333 0.866667 0.900000 0.933333 0.966667 1.000000 1.033333
1.066667 1.100000 1.133333 1.166667 1.200000 1.233333 1.266667 1.300000 1.333333 1.366667 1.400000 1.433333 1.466667 1.500000 1.533333 1.566667
1.600000 1.633333 1.666667 1.700000 1.733333 1.766667 1.800000 1.833333 1.866667 1.900000 1.933333 1.966667 2.000000 2.033333 2.066667 2.100000
2.133333 2.166667 2.200000 2.233333 2.266667 2.300000 2.333333 2.366667 2.400000 2.433333 2.466667 2.500000 2.533333 2.566667 2.600000 2.633333
2.666667 2.700000 2.733333 2.766667 2.800000 2.833333 2.866667 2.900000 2.933333 2.966667 3.000000</float_array>
        <technique_common>
          <accessor source="#mixamorig_LeftUpLeg-Matrix-animation-input-array" count="91">
            <param name="TIME" type="float"/>
          </accessor>
        </technique_common>
      </source>
      <source id="mixamorig_LeftUpLeg-Matrix-animation-output-transform">
        <float_array id="mixamorig_LeftUpLeg-Matrix-animation-output-transform-array" count="1456">

-0.996265 0.021751 0.083558 9.965800 0.001872 -0.962082 0.272754 -12.315800 0.086323 0.271892 0.958448 -0.278900 0.000000 0.000000 0.000000 1.000000
-0.997414 -0.004127 0.071750 9.965800 0.027715 -0.943216 0.331023 -12.315800 0.066309 0.332156 0.940891 -0.278900 0.000000 0.000000 0.000000 1.000000
-0.997849 -0.026497 0.059958 9.965800 0.047861 -0.919493 0.390182 -12.315800 0.044792 0.392212 0.918784 -0.278900 0.000000 0.000000 0.000000 1.000000
-0.997729 -0.046361 0.048855 9.965800 0.063452 -0.890245 0.451041 -12.315800 0.022583 0.453116 0.891165 -0.278900 0.000000 0.000000 0.000000 1.000000
-0.997114 -0.062443 0.043189 9.965800 0.075672 -0.863618 0.498435 -12.315800 0.006175 0.500264 0.865851 -0.278900 0.000000 0.000000 0.000000 1.000000
-0.996336 -0.075393 0.040388 9.965800 0.085329 -0.843910 0.529655 -12.315800 -0.005848 0.531161 0.847251 -0.278900 0.000000 0.000000 0.000000 1.000000
-0.995388 -0.086953 0.040525 9.965800 0.094982 -0.833940 0.543620 -12.315800 -0.013474 0.544962 0.838352 -0.278900 0.000000 0.000000 0.000000 1.000000
-0.994425 -0.097047 0.041237 9.965800 0.103728 -0.830049 0.547958 -12.315800 -0.018948 0.549181 0.835489 -0.278900 0.000000 0.000000 0.000000 1.000000
-0.993535 -0.105222 0.042629 9.965800 0.111327 -0.829363 0.547507 -12.315800 -0.022255 0.548713 0.835715 -0.278900 0.000000 0.000000 0.000000 1.000000
-0.992946 -0.111476 0.040395 9.965800 0.115748 -0.837460 0.534100 -12.315800 -0.025710 0.535008 0.844456 -0.278900 0.000000 0.000000 0.000000 1.000000
-0.993089 -0.108342 0.045131 9.965800 0.116166 -0.852505 0.509647 -12.315800 -0.016742 0.511367 0.859199 -0.278900 0.000000 0.000000 0.000000 1.000000
-0.993680 -0.087052 0.070863 9.965800 0.111189 -0.849869 0.515131 -12.315800 0.015381 0.519755 0.854177 -0.278900 0.000000 0.000000 0.000000 1.000000
-0.993433 -0.043175 0.105960 9.965800 0.090899 -0.860249 0.501706 -12.315800 0.069491 0.508042 0.858524 -0.278900 0.000000 0.000000 0.000000 1.000000
-0.988711 0.010962 0.149433 9.965800 0.066609 -0.861198 0.503886 -12.315800 0.134215 0.508152 0.850746 -0.278900 0.000000 0.000000 0.000000 1.000000
-0.979842 0.047469 0.194052 9.965800 0.058107 -0.861642 0.504179 -12.315800 0.191136 0.505291 0.841515 -0.278900 0.000000 0.000000 0.000000 1.000000
-0.968818 0.064264 0.239294 9.965800 0.063476 -0.869175 0.490414 -12.315800 0.239504 0.490312 0.837993 -0.278900 0.000000 0.000000 0.000000 1.000000
-0.957710 0.084733 0.274976 9.965800 0.058311 -0.878672 0.473852 -12.315800 0.281764 0.469847 0.836572 -0.278900 0.000000 0.000000 0.000000 1.000000
-0.943354 0.115345 0.311092 9.965800 0.043604 -0.886392 0.460877 -12.315800 0.328909 0.448335 0.831152 -0.278900 0.000000 0.000000 0.000000 1.000000
-0.923598 0.149310 0.353091 9.965800 0.025440 -0.895136 0.445067 -12.315800 0.382518 0.420046 0.822947 -0.278900 0.000000 0.000000 0.000000 1.000000
-0.902480 0.174838 0.393652 9.965800 0.008435 -0.906565 0.421983 -12.315800 0.430650 0.384151 0.816681 -0.278900 0.000000 0.000000 0.000000 1.000000
-0.882873 0.195953 0.426775 9.965800 -0.007518 -0.914565 0.404369 -12.315800 0.469551 0.353798 0.808918 -0.278900 0.000000 0.000000 0.000000 1.000000
-0.863453 0.216896 0.455417 9.965800 -0.024931 -0.920084 0.390928 -12.315800 0.503812 0.326194 0.799857 -0.278900 0.000000 0.000000 0.000000 1.000000
-0.848527 0.224828 0.479015 9.965800 -0.038850 -0.929274 0.367341 -12.315800 0.527725 0.293089 0.797249 -0.278900 0.000000 0.000000 0.000000 1.000000
-0.839761 0.223117 0.494995 9.965800 -0.047890 -0.938551 0.341803 -12.315800 0.540840 0.263328 0.798844 -0.278900 0.000000 0.000000 0.000000 1.000000
-0.833573 0.220725 0.506396 9.965800 -0.054560 -0.945118 0.322142 -12.315800 0.549709 0.240899 0.799867 -0.278900 0.000000 0.000000 0.000000 1.000000
-0.828438 0.220289 0.514940 9.965800 -0.059411 -0.948779 0.310304 -12.315800 0.556921 0.226474 0.799092 -0.278900 0.000000 0.000000 0.000000 1.000000
-0.825064 0.215188 0.522459 9.965800 -0.061318 -0.953280 0.295799 -12.315800 0.561702 0.212017 0.799712 -0.278900 0.000000 0.000000 0.000000 1.000000
-0.823621 0.207372 0.527869 9.965800 -0.060917 -0.957717 0.281189 -12.315800 0.563860 0.199437 0.801428 -0.278900 0.000000 0.000000 0.000000 1.000000
-0.822987 0.198853 0.532118 9.965800 -0.059039 -0.961598 0.268038 -12.315800 0.564984 0.189177 0.803123 -0.278900 0.000000 0.000000 0.000000 1.000000
-0.822620 0.188905 0.536293 9.965800 -0.055060 -0.965230 0.255538 -12.315800 0.565919 0.180682 0.804419 -0.278900 0.000000 0.000000 0.000000 1.000000
-0.824533 0.175338 0.537960 9.965800 -0.048859 -0.969286 0.241034 -12.315800 0.563700 0.172457 0.807775 -0.278900 0.000000 0.000000 0.000000 1.000000
-0.828080 0.161276 0.536912 9.965800 -0.041680 -0.972788 0.227919 -12.315800 0.559059 0.166356 0.812268 -0.278900 0.000000 0.000000 0.000000 1.000000
-0.832421 0.144945 0.534851 9.965800 -0.033335 -0.976536 0.212760 -12.315800 0.553139 0.159277 0.817721 -0.278900 0.000000 0.000000 0.000000 1.000000
-0.836755 0.131747 0.531493 9.965800 -0.027284 -0.979450 0.199834 -12.315800 0.546898 0.152711 0.823154 -0.278900 0.000000 0.000000 0.000000 1.000000
-0.840029 0.123120 0.528387 9.965800 -0.024652 -0.981567 0.189524 -12.315800 0.541982 0.146179 0.827579 -0.278900 0.000000 0.000000 0.000000 1.000000
-0.842806 0.115214 0.525742 9.965800 -0.020754 -0.983050 0.182161 -12.315800 0.537818 0.142614 0.830911 -0.278900 0.000000 0.000000 0.000000 1.000000
-0.845889 0.107924 0.522326 9.965800 -0.014558 -0.983621 0.179662 -12.315800 0.533160 0.144370 0.833605 -0.278900 0.000000 0.000000 0.000000 1.000000
-0.848381 0.099956 0.519863 9.965800 -0.006880 -0.984012 0.177971 -12.315800 0.529341 0.147411 0.835505 -0.278900 0.000000 0.000000 0.000000 1.000000
-0.851509 0.094990 0.515664 9.965800 -0.003855 -0.984561 0.175000 -12.315800 0.524326 0.147027 0.838729 -0.278900 0.000000 0.000000 0.000000 1.000000
-0.855934 0.094441 0.508388 9.965800 -0.005705 -0.984845 0.173345 -12.315800 0.517054 0.145471 0.843500 -0.278900 0.000000 0.000000 0.000000 1.000000
-0.860195 0.097572 0.500544 9.965800 -0.011815 -0.985075 0.171718 -12.315800 0.509828 0.141797 0.848510 -0.278900 0.000000 0.000000 0.000000 1.000000
-0.864277 0.100196 0.492937 9.965800 -0.018661 -0.985673 0.167632 -12.315800 0.502671 0.135681 0.853764 -0.278900 0.000000 0.000000 0.000000 1.000000
-0.872593 0.103485 0.477360 9.965800 -0.027968 -0.986281 0.162689 -12.315800 0.487647 0.128611 0.863516 -0.278900 0.000000 0.000000 0.000000 1.000000
-0.884001 0.108950 0.454612 9.965800 -0.039756 -0.986461 0.159105 -12.315800 0.465791 0.122575 0.876364 -0.278900 0.000000 0.000000 0.000000 1.000000
-0.896926 0.115257 0.426895 9.965800 -0.053965 -0.986747 0.153028 -12.315800 0.438875 0.114217 0.891259 -0.278900 0.000000 0.000000 0.000000 1.000000
-0.911801 0.121832 0.392142 9.965800 -0.073443 -0.987959 0.136174 -12.315800 0.404010 0.095364 0.909770 -0.278900 0.000000 0.000000 0.000000 1.000000
-0.927145 0.132957 0.350321 9.965800 -0.096906 -0.988204 0.118584 -12.315800 0.361955 0.075996 0.929093 -0.278900 0.000000 0.000000 0.000000 1.000000
-0.941579 0.151680 0.300701 9.965800 -0.125150 -0.986488 0.105727 -12.315800 0.312675 0.061918 0.947840 -0.278900 0.000000 0.000000 0.000000 1.000000
-0.952674 0.182465 0.243143 9.965800 -0.162939 -0.981726 0.098310 -12.315800 0.256638 0.054040 0.964996 -0.278900 0.000000 0.000000 0.000000 1.000000
-0.955810 0.222965 0.191606 9.965800 -0.206421 -0.973068 0.102615 -12.315800 0.209325 0.058529 0.976093 -0.278900 0.000000 0.000000 0.000000 1.000000
-0.949803 0.272102 0.154386 9.965800 -0.259293 -0.960795 0.098180 -12.315800 0.175048 0.053221 0.983120 -0.278900 0.000000 0.000000 0.000000 1.000000
-0.952648 0.284275 0.107929 9.965800 -0.270137 -0.954168 0.128797 -12.315800 0.139596 0.093543 0.985780 -0.278900 0.000000 0.000000 0.000000 1.000000
-0.963092 0.266401 0.038521 9.965800 -0.252098 -0.942876 0.217789 -12.315800 0.094339 0.200039 0.975236 -0.278900 0.000000 0.000000 0.000000 1.000000
-0.975994 0.217652 -0.007918 9.965800 -0.206946 -0.915425 0.345210 -12.315800 0.067887 0.338562 0.938492 -0.278900 0.000000 0.000000 0.000000 1.000000
-0.990700 0.136057 -0.001623 9.965800 -0.120945 -0.875070 0.468642 -12.315800 0.062342 0.464480 0.883387 -0.278900 0.000000 0.000000 0.000000 1.000000
-0.998067 0.047042 0.040623 9.965800 -0.015925 -0.825301 0.564469 -12.315800 0.060080 0.562731 0.824454 -0.278900 0.000000 0.000000 0.000000 1.000000
-0.994981 -0.025229 0.096828 9.965800 0.081089 -0.770259 0.632555 -12.315800 0.058624 0.637232 0.768439 -0.278900 0.000000 0.000000 0.000000 1.000000
-0.985542 -0.067123 0.155569 9.965800 0.156302 -0.714584 0.681864 -12.315800 0.065399 0.696322 0.714744 -0.278900 0.000000 0.000000 0.000000 1.000000
-0.975443 -0.078231 0.205889 9.965800 0.206169 -0.653201 0.728576 -12.315800 0.077490 0.753133 0.653289 -0.278900 0.000000 0.000000 0.000000 1.000000
-0.966898 -0.075080 0.243867 9.965800 0.233291 -0.647260 0.725692 -12.315800 0.103361 0.758562 0.643350 -0.278900 0.000000 0.000000 0.000000 1.000000
-0.956816 -0.030695 0.289069 9.965800 0.243746 -0.626578 0.740262 -12.315800 0.158403 0.778754 0.607002 -0.278900 0.000000 0.000000 0.000000 1.000000
-0.944740 0.041688 0.325159 9.965800 0.244710 -0.570331 0.784117 -12.315800 0.218136 0.820357 0.528613 -0.278900 0.000000 0.000000 0.000000 1.000000
-0.935431 0.099035 0.339354 9.965800 0.226408 -0.569404 0.790265 -12.315800 0.271493 0.816071 0.510216 -0.278900 0.000000 0.000000 0.000000 1.000000
-0.931401 0.133518 0.338623 9.965800 0.193524 -0.606275 0.771349 -12.315800 0.308287 0.783967 0.538846 -0.278900 0.000000 0.000000 0.000000 1.000000
-0.930767 0.162758 0.327388 9.965800 0.157357 -0.629941 0.760535 -12.315800 0.330018 0.759397 0.560717 -0.278900 0.000000 0.000000 0.000000 1.000000
-0.931001 0.180672 0.317168 9.965800 0.120171 -0.668763 0.733699 -12.315800 0.344669 0.721189 0.600907 -0.278900 0.000000 0.000000 0.000000 1.000000
-0.931435 0.185322 0.313184 9.965800 0.088883 -0.718695 0.689621 -12.315800 0.352886 0.670174 0.652946 -0.278900 0.000000 0.000000 0.000000 1.000000
-0.929993 0.188765 0.315406 9.965800 0.059735 -0.769049 0.636392 -12.315800 0.362691 0.610681 0.703935 -0.278900 0.000000 0.000000 0.000000 1.000000
-0.923794 0.191365 0.331638 9.965800 0.038810 -0.814886 0.578321 -12.315800 0.380918 0.547120 0.745360 -0.278900 0.000000 0.000000 0.000000 1.000000
-0.915554 0.187301 0.355921 9.965800 0.027374 -0.853873 0.519761 -12.315800 0.401263 0.485612 0.776639 -0.278900 0.000000 0.000000 0.000000 1.000000
-0.907552 0.181598 0.378643 9.965800 0.018167 -0.883841 0.467435 -12.315800 0.419546 0.431100 0.798833 -0.278900 0.000000 0.000000 0.000000 1.000000
-0.899966 0.176678 0.398555 9.965800 0.006298 -0.908836 0.417105 -12.315800 0.435914 0.377891 0.816809 -0.278900 0.000000 0.000000 0.000000 1.000000
-0.893272 0.172944 0.414917 9.965800 -0.006524 -0.927919 0.372726 -12.315800 0.449470 0.330238 0.830012 -0.278900 0.000000 0.000000 0.000000 1.000000
-0.887047 0.164344 0.431437 9.965800 -0.012313 -0.942586 0.333735 -12.315800 0.461514 0.290726 0.838142 -0.278900 0.000000 0.000000 0.000000 1.000000
-0.883370 0.145987 0.445361 9.965800 -0.018620 -0.960432 0.277890 -12.315800 0.468307 0.237187 0.851135 -0.278900 0.000000 0.000000 0.000000 1.000000
-0.886510 0.116217 0.447877 9.965800 -0.025581 -0.978774 0.203342 -12.315800 0.462002 0.168807 0.870665 -0.278900 0.000000 0.000000 0.000000 1.000000
-0.894529 0.081241 0.439566 9.965800 -0.034826 -0.993023 0.112659 -12.315800 0.445652 0.085468 0.891117 -0.278900 0.000000 0.000000 0.000000 1.000000
-0.904340 0.057335 0.422944 9.965800 -0.051791 -0.998355 0.024599 -12.315800 0.423658 0.000341 0.905822 -0.278900 0.000000 0.000000 0.000000 1.000000
-0.923172 0.063917 0.379037 9.965800 -0.081621 -0.996187 -0.030809 -12.315800 0.375622 -0.059379 0.924869 -0.278900 0.000000 0.000000 0.000000 1.000000
-0.946441 0.087072 0.310915 9.965800 -0.117360 -0.989859 -0.080038 -12.315800 0.300793 -0.112241 0.947062 -0.278900 0.000000 0.000000 0.000000 1.000000
-0.957826 0.125985 0.258256 9.965800 -0.160818 -0.979851 -0.118447 -12.315800 0.238130 -0.154984 0.958788 -0.278900 0.000000 0.000000 0.000000 1.000000
-0.957387 0.165405 0.236753 9.965800 -0.197503 -0.973072 -0.118839 -12.315800 0.210721 -0.160534 0.964275 -0.278900 0.000000 0.000000 0.000000 1.000000
-0.959396 0.196857 0.202005 9.965800 -0.216124 -0.973245 -0.078008 -12.315800 0.181244 -0.118498 0.976273 -0.278900 0.000000 0.000000 0.000000 1.000000
-0.963045 0.218569 0.157393 9.965800 -0.223068 -0.974738 -0.011288 -12.315800 0.150949 -0.045980 0.987472 -0.278900 0.000000 0.000000 0.000000 1.000000
-0.967860 0.223340 0.115612 9.965800 -0.218687 -0.974428 0.051636 -12.315800 0.124188 0.024694 0.991951 -0.278900 0.000000 0.000000 0.000000 1.000000
-0.973891 0.211839 0.081612 9.965800 -0.201800 -0.972508 0.116208 -12.315800 0.103986 0.096705 0.989866 -0.278900 0.000000 0.000000 0.000000 1.000000
-0.979945 0.189992 0.060084 9.965800 -0.176876 -0.968217 0.176834 -12.315800 0.091772 0.162660 0.982405 -0.278900 0.000000 0.000000 0.000000 1.000000
-0.986483 0.155776 0.050849 9.965800 -0.139540 -0.961260 0.237714 -12.315800 0.085909 0.227406 0.970003 -0.278900 0.000000 0.000000 0.000000 1.000000
-0.991795 0.115976 0.053778 9.965800 -0.096361 -0.954663 0.281663 -12.315800 0.084006 0.274170 0.958005 -0.278900 0.000000 0.000000 0.000000 1.000000
-0.995217 0.071347 0.066736 9.965800 -0.048000 -0.952085 0.302044 -12.315800 0.085088 0.297396 0.950955 -0.278900 0.000000 0.000000 0.000000 1.000000
-0.996265 0.021751 0.083558 9.965800 0.001872 -0.962083 0.272751 -12.315800 0.086323 0.271889 0.958449 -0.278900 0.000000 0.000000 0.000000 1.000000</float_array>
        <technique_common>
          <accessor source="#mixamorig_LeftUpLeg-Matrix-animation-output-transform-array" count="91" stride="16">
            <param type="float4x4"/>
          </accessor>
        </technique_common>
      </source>
      <source id="mixamorig_LeftUpLeg-Interpolations">
        <Name_array id="mixamorig_LeftUpLeg-Interpolations-array" count="91">
 LINEAR LINEAR LINEAR LINEAR LINEAR LINEAR LINEAR LINEAR LINEAR LINEAR LINEAR
LINEAR LINEAR LINEAR LINEAR LINEAR LINEAR LINEAR LINEAR LINEAR LINEAR LINEAR LINEAR
LINEAR LINEAR LINEAR LINEAR LINEAR LINEAR LINEAR LINEAR LINEAR LINEAR LINEAR LINEAR
LINEAR LINEAR LINEAR LINEAR LINEAR LINEAR LINEAR LINEAR LINEAR LINEAR LINEAR LINEAR
LINEAR LINEAR LINEAR LINEAR LINEAR LINEAR LINEAR LINEAR LINEAR LINEAR LINEAR LINEAR
LINEAR LINEAR LINEAR LINEAR LINEAR LINEAR LINEAR LINEAR LINEAR LINEAR LINEAR LINEAR
LINEAR LINEAR LINEAR LINEAR LINEAR LINEAR LINEAR LINEAR LINEAR LINEAR LINEAR LINEAR
LINEAR LINEAR LINEAR LINEAR LINEAR LINEAR LINEAR LINEAR</Name_array>
        <technique_common>
          <accessor source="#mixamorig_LeftUpLeg-Interpolations-array" count="91">
            <param type="name"/>
          </accessor>
        </technique_common>
      </source>
      <sampler id="mixamorig_LeftUpLeg-Matrix-animation-transform">
        <input semantic="INPUT" source="#mixamorig_LeftUpLeg-Matrix-animation-input"/>
        <input semantic="OUTPUT" source="#mixamorig_LeftUpLeg-Matrix-animation-output-transform"/>
        <input semantic="INTERPOLATION" source="#mixamorig_LeftUpLeg-Interpolations"/>
      </sampler>
      <channel source="#mixamorig_LeftUpLeg-Matrix-animation-transform" target="mixamorig_LeftUpLeg/matrix"/>
    </animation>
    <animation id="mixamorig_LeftLeg-anim" name="mixamorig_LeftLeg">
      <source id="mixamorig_LeftLeg-Matrix-animation-input">
        <float_array id="mixamorig_LeftLeg-Matrix-animation-input-array" count="91">

0.000000 0.033333 0.066667 0.100000 0.133333 0.166667 0.200000 0.233333 0.266667 0.300000 0.333333 0.366667 0.400000 0.433333 0.466667 0.500000
0.533333 0.566667 0.600000 0.633333 0.666667 0.700000 0.733333 0.766667 0.800000 0.833333 0.866667 0.900000 0.933333 0.966667 1.000000 1.033333
1.066667 1.100000 1.133333 1.166667 1.200000 1.233333 1.266667 1.300000 1.333333 1.366667 1.400000 1.433333 1.466667 1.500000 1.533333 1.566667
1.600000 1.633333 1.666667 1.700000 1.733333 1.766667 1.800000 1.833333 1.866667 1.900000 1.933333 1.966667 2.000000 2.033333 2.066667 2.100000
2.133333 2.166667 2.200000 2.233333 2.266667 2.300000 2.333333 2.366667 2.400000 2.433333 2.466667 2.500000 2.533333 2.566667 2.600000 2.633333
2.666667 2.700000 2.733333 2.766667 2.800000 2.833333 2.866667 2.900000 2.933333 2.966667 3.000000</float_array>
        <technique_common>
          <accessor source="#mixamorig_LeftLeg-Matrix-animation-input-array" count="91">
            <param name="TIME" type="float"/>
          </accessor>
        </technique_common>
      </source>
      <source id="mixamorig_LeftLeg-Matrix-animation-output-transform">
        <float_array id="mixamorig_LeftLeg-Matrix-animation-output-transform-array" count="1456">

0.985804 0.013609 -0.167349 0.000000 0.044356 0.940193 0.337742 46.748001 0.161936 -0.340371 0.926242 -0.000000 0.000000 0.000000 0.000000 1.000000
0.986086 0.013393 -0.165697 -0.000000 0.041175 0.946011 0.321507 46.748001 0.161058 -0.323856 0.932297 -0.000000 0.000000 0.000000 0.000000 1.000000
0.986359 0.013192 -0.164079 0.000000 0.040225 0.947248 0.317967 46.748001 0.159618 -0.320229 0.933796 0.000000 0.000000 0.000000 0.000000 1.000000
0.985713 0.013449 -0.167895 0.000000 0.042984 0.943714 0.327958 46.748001 0.162855 -0.330490 0.929653 0.000000 0.000000 0.000000 0.000000 1.000000
0.985625 0.013438 -0.168415 -0.000000 0.043709 0.942614 0.331010 46.748001 0.163199 -0.333613 0.928477 0.000000 0.000000 0.000000 0.000000 1.000000
0.985507 0.013436 -0.169103 -0.000000 0.042357 0.945794 0.321993 46.748001 0.164263 -0.324489 0.931517 0.000000 0.000000 0.000000 0.000000 1.000000
0.985478 0.013385 -0.169273 -0.000000 0.037960 0.954293 0.296454 46.748001 0.165504 -0.298574 0.939927 0.000000 0.000000 0.000000 0.000000 1.000000
0.985604 0.013300 -0.168545 0.000000 0.033789 0.961293 0.273448 46.748001 0.165658 -0.275206 0.947005 0.000000 0.000000 0.000000 0.000000 1.000000
0.985962 0.013120 -0.166456 -0.000000 0.032115 0.963394 0.266159 46.748001 0.163855 -0.267768 0.949448 0.000000 0.000000 0.000000 0.000000 1.000000
0.990943 0.010463 -0.133878 0.000000 0.024774 0.965604 0.258833 46.748001 0.131981 -0.259805 0.956599 0.000000 0.000000 0.000000 0.000000 1.000000
0.998960 0.003338 -0.045464 0.000000 0.008517 0.966091 0.258061 46.748001 0.044784 -0.258180 0.965058 0.000000 0.000000 0.000000 0.000000 1.000000
0.999851 -0.001648 0.017161 0.000000 -0.003980 0.946475 0.322752 46.748001 -0.016775 -0.322773 0.946328 0.000000 0.000000 0.000000 0.000000 1.000000
0.999639 0.002016 -0.026792 -0.000000 0.006639 0.947726 0.319017 46.748001 0.026034 -0.319080 0.947370 0.000000 0.000000 0.000000 0.000000 1.000000
0.997829 0.005238 -0.065656 0.000000 0.018016 0.937112 0.348564 46.748001 0.063352 -0.348990 0.934983 0.000000 0.000000 0.000000 0.000000 1.000000
0.997752 0.005335 -0.066803 -0.000000 0.020141 0.926873 0.374836 46.748001 0.063917 -0.375338 0.924681 0.000000 0.000000 0.000000 0.000000 1.000000
0.999480 0.002587 -0.032151 -0.000000 0.010015 0.922621 0.385579 46.748001 0.030661 -0.385700 0.922115 0.000000 0.000000 0.000000 0.000000 1.000000
0.999977 -0.000416 0.006795 0.000000 -0.002267 0.920823 0.389973 46.748001 -0.006419 -0.389980 0.920801 -0.000000 0.000000 0.000000 0.000000 1.000000
0.999038 -0.003305 0.043717 0.000000 -0.014194 0.919061 0.393860 46.748001 -0.041481 -0.394102 0.918130 0.000000 0.000000 0.000000 0.000000 1.000000
0.996405 -0.006485 0.084466 0.000000 -0.026955 0.920976 0.388685 46.748001 -0.080312 -0.389565 0.917491 0.000000 0.000000 0.000000 0.000000 1.000000
0.991604 -0.010016 0.128921 -0.000000 -0.039835 0.924850 0.378241 46.748001 -0.123021 -0.380201 0.916686 -0.000000 0.000000 0.000000 0.000000 1.000000
0.987906 -0.012015 0.154587 0.000000 -0.048515 0.922982 0.381772 46.748001 -0.147268 -0.384655 0.911237 0.000000 0.000000 0.000000 0.000000 1.000000
0.995196 -0.007524 0.097614 0.000000 -0.032367 0.915692 0.400574 46.748001 -0.092398 -0.401809 0.911050 0.000000 0.000000 0.000000 0.000000 1.000000
0.999324 -0.002768 0.036648 0.000000 -0.012077 0.917052 0.398585 46.748001 -0.034711 -0.398758 0.916399 0.000000 0.000000 0.000000 0.000000 1.000000
0.999987 0.000487 -0.005007 0.000000 0.001482 0.922656 0.385622 46.748001 0.004807 -0.385624 0.922643 0.000000 0.000000 0.000000 0.000000 1.000000
0.999438 0.002707 -0.033406 -0.000000 0.010093 0.926150 0.377021 46.748001 0.031959 -0.377146 0.925602 0.000000 0.000000 0.000000 0.000000 1.000000
0.998543 0.004304 -0.053782 0.000000 0.016681 0.923345 0.383609 46.748001 0.051310 -0.383947 0.921928 0.000000 0.000000 0.000000 0.000000 1.000000
0.997692 0.005391 -0.067690 -0.000000 0.021322 0.921555 0.387661 46.748001 0.064470 -0.388210 0.919313 0.000000 0.000000 0.000000 0.000000 1.000000
0.997385 0.005729 -0.072048 0.000000 0.022856 0.920695 0.389612 46.748001 0.068566 -0.390240 0.918156 0.000000 0.000000 0.000000 0.000000 1.000000
0.997717 0.005346 -0.067315 -0.000000 0.021452 0.920128 0.391029 46.748001 0.064029 -0.391580 0.917913 0.000000 0.000000 0.000000 0.000000 1.000000
0.998467 0.004376 -0.055184 0.000000 0.017672 0.919517 0.392653 46.748001 0.052461 -0.393026 0.918030 -0.000000 0.000000 0.000000 0.000000 1.000000
0.999556 0.002345 -0.029688 0.000000 0.009501 0.919688 0.392535 46.748001 0.028225 -0.392643 0.919258 -0.000000 0.000000 0.000000 0.000000 1.000000
0.999996 -0.000270 0.002815 -0.000000 -0.000859 0.919317 0.393516 46.748001 -0.002694 -0.393517 0.919314 0.000000 0.000000 0.000000 0.000000 1.000000
0.999167 -0.003336 0.040674 0.000000 -0.012823 0.920514 0.390498 46.748001 -0.038743 -0.390694 0.919705 0.000000 0.000000 0.000000 0.000000 1.000000
0.996734 -0.006568 0.080488 0.000000 -0.025190 0.921673 0.387149 46.748001 -0.076726 -0.387912 0.918498 0.000000 0.000000 0.000000 0.000000 1.000000
0.996531 -0.006777 0.082947 -0.000000 -0.025884 0.922010 0.386299 46.748001 -0.079095 -0.387106 0.918636 0.000000 0.000000 0.000000 0.000000 1.000000
0.997763 -0.005452 0.066627 0.000000 -0.020877 0.921406 0.388039 46.748001 -0.063506 -0.388562 0.919231 0.000000 0.000000 0.000000 0.000000 1.000000
0.999066 -0.003522 0.043074 0.000000 -0.013884 0.917688 0.397059 46.748001 -0.040927 -0.397286 0.916782 0.000000 0.000000 0.000000 0.000000 1.000000
0.999645 -0.002162 0.026573 0.000000 -0.008837 0.913490 0.406765 46.748001 -0.025154 -0.406855 0.913146 0.000000 0.000000 0.000000 0.000000 1.000000
0.999717 -0.001900 0.023702 -0.000000 -0.008020 0.911465 0.411299 46.748001 -0.022385 -0.411373 0.911192 0.000000 0.000000 0.000000 0.000000 1.000000
0.999570 -0.002318 0.029232 0.000000 -0.009958 0.910802 0.412723 46.748001 -0.027581 -0.412836 0.910388 0.000000 0.000000 0.000000 0.000000 1.000000
0.999336 -0.002853 0.036325 0.000000 -0.012396 0.910845 0.412562 46.748001 -0.034263 -0.412738 0.910205 0.000000 0.000000 0.000000 0.000000 1.000000
0.999090 -0.003311 0.042516 0.000000 -0.014482 0.911392 0.411283 46.748001 -0.040111 -0.411525 0.910515 0.000000 0.000000 0.000000 0.000000 1.000000
0.998765 -0.003827 0.049533 0.000000 -0.016705 0.913113 0.407365 46.748001 -0.046788 -0.407690 0.911921 0.000000 0.000000 0.000000 0.000000 1.000000
0.998058 -0.004809 0.062102 0.000000 -0.020731 0.914532 0.403983 46.748001 -0.058737 -0.404486 0.912656 -0.000000 0.000000 0.000000 0.000000 1.000000
0.996803 -0.006187 0.079661 0.000000 -0.026319 0.915932 0.400469 46.748001 -0.075442 -0.401285 0.912841 -0.000000 0.000000 0.000000 0.000000 1.000000
0.994505 -0.008170 0.104365 0.000000 -0.034106 0.917270 0.396804 46.748001 -0.098973 -0.398183 0.911951 0.000000 0.000000 0.000000 0.000000 1.000000
0.990473 -0.010829 0.137283 0.000000 -0.045359 0.915618 0.399483 46.748001 -0.130025 -0.401904 0.906403 0.000000 0.000000 0.000000 0.000000 1.000000
0.985418 -0.013509 0.169612 0.000000 -0.058196 0.909963 0.410585 46.748001 -0.159888 -0.414469 0.895908 -0.000000 0.000000 0.000000 0.000000 1.000000
0.984720 -0.014046 0.173576 -0.000000 -0.062629 0.901486 0.428253 46.748001 -0.162491 -0.432580 0.886832 -0.000000 0.000000 0.000000 0.000000 1.000000
0.984699 -0.014138 0.173687 0.000000 -0.065980 0.892249 0.446697 46.748001 -0.161287 -0.451322 0.877664 0.000000 0.000000 0.000000 0.000000 1.000000
0.984030 -0.014195 0.177438 0.000000 -0.067809 0.891763 0.447392 46.748001 -0.164583 -0.452279 0.876559 0.000000 0.000000 0.000000 0.000000 1.000000
0.984293 -0.014598 0.175936 0.000000 -0.083223 0.840525 0.535342 46.748001 -0.155694 -0.541576 0.826109 0.000000 0.000000 0.000000 0.000000 1.000000
0.999683 -0.003151 0.024980 0.000000 -0.014993 0.722557 0.691149 46.748001 -0.020227 -0.691305 0.722280 0.000000 0.000000 0.000000 0.000000 1.000000
0.993454 0.009969 -0.113794 0.000000 0.087141 0.577955 0.811403 46.748001 0.073857 -0.816008 0.573303 0.000000 0.000000 0.000000 0.000000 1.000000
0.993976 0.009356 -0.109197 0.000000 0.090588 0.490664 0.866627 46.748001 0.061687 -0.871299 0.486861 0.000000 0.000000 0.000000 0.000000 1.000000
0.995212 0.008041 -0.097408 0.000000 0.080733 0.494127 0.865633 46.748001 0.055092 -0.869352 0.491112 0.000000 0.000000 0.000000 0.000000 1.000000
0.997947 0.004965 -0.063858 0.000000 0.049518 0.572566 0.818362 46.748001 0.040626 -0.819843 0.571145 0.000000 0.000000 0.000000 0.000000 1.000000
0.998813 0.003512 -0.048579 0.000000 0.033533 0.673773 0.738177 46.748001 0.035323 -0.738930 0.672855 0.000000 0.000000 0.000000 0.000000 1.000000
0.999997 -0.001202 0.002057 0.000000 -0.000392 0.768556 0.639782 46.748001 -0.002350 -0.639781 0.768554 0.000000 0.000000 0.000000 0.000000 1.000000
0.998349 -0.005446 0.057176 -0.000000 -0.020438 0.896641 0.442287 46.748001 -0.053675 -0.442726 0.895049 0.000000 0.000000 0.000000 0.000000 1.000000
0.992769 -0.010225 0.119601 0.000000 -0.028764 0.947073 0.319726 46.748001 -0.116540 -0.320854 0.939931 0.000000 0.000000 0.000000 0.000000 1.000000
0.985808 -0.013869 0.167303 0.000000 -0.053950 0.917545 0.393956 46.748001 -0.158971 -0.397391 0.903775 0.000000 0.000000 0.000000 0.000000 1.000000
0.986808 -0.013210 0.161357 -0.000000 -0.059957 0.895979 0.440031 46.748001 -0.150385 -0.443901 0.883367 0.000000 0.000000 0.000000 0.000000 1.000000
0.991446 -0.010783 0.130070 0.000000 -0.047793 0.897369 0.438686 46.748001 -0.121451 -0.441150 0.889178 0.000000 0.000000 0.000000 0.000000 1.000000
0.994065 -0.008925 0.108422 -0.000000 -0.045192 0.872693 0.486174 46.748001 -0.098958 -0.488188 0.867110 0.000000 0.000000 0.000000 0.000000 1.000000
0.994578 -0.008478 0.103650 0.000000 -0.046334 0.856159 0.514631 46.748001 -0.093104 -0.516643 0.851124 -0.000000 0.000000 0.000000 0.000000 1.000000
0.995297 -0.008165 0.096530 -0.000000 -0.043154 0.854748 0.517246 46.748001 -0.086732 -0.518979 0.850375 0.000000 0.000000 0.000000 0.000000 1.000000
0.994710 -0.008802 0.102341 -0.000000 -0.044751 0.859664 0.508896 46.748001 -0.092458 -0.510784 0.854723 0.000000 0.000000 0.000000 0.000000 1.000000
0.993353 -0.009897 0.114682 0.000000 -0.048994 0.865191 0.499043 46.748001 -0.104161 -0.501345 0.858955 0.000000 0.000000 0.000000 0.000000 1.000000
0.993404 -0.009867 0.114245 0.000000 -0.047595 0.870943 0.489074 46.748001 -0.104327 -0.491285 0.864728 -0.000000 0.000000 0.000000 0.000000 1.000000
0.993696 -0.009531 0.111702 -0.000000 -0.046375 0.872190 0.486964 46.748001 -0.102067 -0.489074 0.866250 -0.000000 0.000000 0.000000 0.000000 1.000000
0.993507 -0.009389 0.113383 -0.000000 -0.047310 0.872241 0.486782 46.748001 -0.103468 -0.488985 0.866134 0.000000 0.000000 0.000000 0.000000 1.000000
0.992118 -0.010014 0.124909 0.000000 -0.055315 0.859431 0.508251 46.748001 -0.112440 -0.511154 0.852103 0.000000 0.000000 0.000000 0.000000 1.000000
0.988967 -0.011737 0.147671 0.000000 -0.071793 0.833989 0.547091 46.748001 -0.129577 -0.551657 0.823945 0.000000 0.000000 0.000000 0.000000 1.000000
0.986877 -0.012766 0.160971 0.000000 -0.080364 0.825814 0.558187 46.748001 -0.140057 -0.563798 0.813951 0.000000 0.000000 0.000000 0.000000 1.000000
0.987475 -0.012432 0.157285 -0.000000 -0.075981 0.836208 0.543123 46.748001 -0.138275 -0.548271 0.824790 0.000000 0.000000 0.000000 0.000000 1.000000
0.988499 -0.011827 0.150767 -0.000000 -0.066154 0.862679 0.501407 46.748001 -0.135994 -0.505614 0.851974 0.000000 0.000000 0.000000 0.000000 1.000000
0.992281 -0.009619 0.123639 0.000000 -0.048932 0.885731 0.461614 46.748001 -0.113951 -0.464100 0.878423 0.000000 0.000000 0.000000 0.000000 1.000000
0.998693 -0.004120 0.050946 -0.000000 -0.020394 0.881845 0.471099 46.748001 -0.046867 -0.471522 0.880608 0.000000 0.000000 0.000000 0.000000 1.000000
0.999660 -0.002350 0.025975 -0.000000 -0.009952 0.886213 0.463172 46.748001 -0.024108 -0.463273 0.885888 0.000000 0.000000 0.000000 0.000000 1.000000
0.997996 -0.005100 0.063072 0.000000 -0.021157 0.912486 0.408559 46.748001 -0.059636 -0.409075 0.910550 0.000000 0.000000 0.000000 0.000000 1.000000
0.996468 -0.006323 0.083740 0.000000 -0.027842 0.915893 0.400456 46.748001 -0.079229 -0.401373 0.912481 0.000000 0.000000 0.000000 0.000000 1.000000
0.999197 -0.002880 0.039963 -0.000000 -0.017080 0.871633 0.489861 46.748001 -0.036244 -0.490150 0.870884 0.000000 0.000000 0.000000 0.000000 1.000000
0.999295 0.003171 -0.037408 0.000000 0.020020 0.797907 0.602448 46.748001 0.031758 -0.602772 0.797281 0.000000 0.000000 0.000000 0.000000 1.000000
0.990800 0.010855 -0.134897 0.000000 0.083164 0.737533 0.670170 46.748001 0.106766 -0.675224 0.729845 0.000000 0.000000 0.000000 0.000000 1.000000
0.985053 0.013710 -0.171707 0.000000 0.113594 0.697652 0.707374 46.748001 0.129490 -0.716305 0.685667 0.000000 0.000000 0.000000 0.000000 1.000000
0.985275 0.013619 -0.170432 0.000000 0.113611 0.692776 0.712148 46.748001 0.127770 -0.721025 0.681028 0.000000 0.000000 0.000000 0.000000 1.000000
0.984758 0.013679 -0.173394 0.000000 0.112700 0.709138 0.696004 46.748001 0.132481 -0.704937 0.696787 0.000000 0.000000 0.000000 0.000000 1.000000
0.984585 0.013690 -0.174369 -0.000000 0.103297 0.758985 0.642861 46.748001 0.141144 -0.650964 0.745872 -0.000000 0.000000 0.000000 0.000000 1.000000
0.984630 0.013731 -0.174114 0.000000 0.083763 0.837650 0.539746 46.748001 0.153258 -0.546035 0.823625 0.000000 0.000000 0.000000 0.000000 1.000000
0.985804 0.013609 -0.167349 0.000000 0.044355 0.940195 0.337736 46.748001 0.161937 -0.340364 0.926244 0.000000 0.000000 0.000000 0.000000 1.000000</float_array>
        <technique_common>
          <accessor source="#mixamorig_LeftLeg-Matrix-animation-output-transform-array" count="91" stride="16">
            <param type="float4x4"/>
          </accessor>
        </technique_common>
      </source>
      <source id="mixamorig_LeftLeg-Interpolations">
        <Name_array id="mixamorig_LeftLeg-Interpolations-array" count="91">
 LINEAR LINEAR LINEAR LINEAR LINEAR LINEAR LINEAR LINEAR LINEAR LINEAR LINEAR
LINEAR LINEAR LINEAR LINEAR LINEAR LINEAR LINEAR LINEAR LINEAR LINEAR LINEAR LINEAR
LINEAR LINEAR LINEAR LINEAR LINEAR LINEAR LINEAR LINEAR LINEAR LINEAR LINEAR LINEAR
LINEAR LINEAR LINEAR LINEAR LINEAR LINEAR LINEAR LINEAR LINEAR LINEAR LINEAR LINEAR
LINEAR LINEAR LINEAR LINEAR LINEAR LINEAR LINEAR LINEAR LINEAR LINEAR LINEAR LINEAR
LINEAR LINEAR LINEAR LINEAR LINEAR LINEAR LINEAR LINEAR LINEAR LINEAR LINEAR LINEAR
LINEAR LINEAR LINEAR LINEAR LINEAR LINEAR LINEAR LINEAR LINEAR LINEAR LINEAR LINEAR
LINEAR LINEAR LINEAR LINEAR LINEAR LINEAR LINEAR LINEAR</Name_array>
        <technique_common>
          <accessor source="#mixamorig_LeftLeg-Interpolations-array" count="91">
            <param type="name"/>
          </accessor>
        </technique_common>
      </source>
      <sampler id="mixamorig_LeftLeg-Matrix-animation-transform">
        <input semantic="INPUT" source="#mixamorig_LeftLeg-Matrix-animation-input"/>
        <input semantic="OUTPUT" source="#mixamorig_LeftLeg-Matrix-animation-output-transform"/>
        <input semantic="INTERPOLATION" source="#mixamorig_LeftLeg-Interpolations"/>
      </sampler>
      <channel source="#mixamorig_LeftLeg-Matrix-animation-transform" target="mixamorig_LeftLeg/matrix"/>
    </animation>
    <animation id="mixamorig_LeftFoot-anim" name="mixamorig_LeftFoot">
      <source id="mixamorig_LeftFoot-Matrix-animation-input">
        <float_array id="mixamorig_LeftFoot-Matrix-animation-input-array" count="91">

0.000000 0.033333 0.066667 0.100000 0.133333 0.166667 0.200000 0.233333 0.266667 0.300000 0.333333 0.366667 0.400000 0.433333 0.466667 0.500000
0.533333 0.566667 0.600000 0.633333 0.666667 0.700000 0.733333 0.766667 0.800000 0.833333 0.866667 0.900000 0.933333 0.966667 1.000000 1.033333
1.066667 1.100000 1.133333 1.166667 1.200000 1.233333 1.266667 1.300000 1.333333 1.366667 1.400000 1.433333 1.466667 1.500000 1.533333 1.566667
1.600000 1.633333 1.666667 1.700000 1.733333 1.766667 1.800000 1.833333 1.866667 1.900000 1.933333 1.966667 2.000000 2.033333 2.066667 2.100000
2.133333 2.166667 2.200000 2.233333 2.266667 2.300000 2.333333 2.366667 2.400000 2.433333 2.466667 2.500000 2.533333 2.566667 2.600000 2.633333
2.666667 2.700000 2.733333 2.766667 2.800000 2.833333 2.866667 2.900000 2.933333 2.966667 3.000000</float_array>
        <technique_common>
          <accessor source="#mixamorig_LeftFoot-Matrix-animation-input-array" count="91">
            <param name="TIME" type="float"/>
          </accessor>
        </technique_common>
      </source>
      <source id="mixamorig_LeftFoot-Matrix-animation-output-transform">
        <float_array id="mixamorig_LeftFoot-Matrix-animation-output-transform-array" count="1456">

0.988706 0.066052 -0.134530 0.000000 -0.149666 0.388223 -0.909331 46.818001 -0.007836 0.919195 0.393724 0.000000 0.000000 0.000000 0.000000 1.000000
0.987183 0.073871 -0.141467 0.000000 -0.159007 0.379375 -0.911478 46.818001 -0.013662 0.922289 0.386258 0.000000 0.000000 0.000000 0.000000 1.000000
0.985207 0.078703 -0.152226 0.000000 -0.170687 0.371553 -0.912587 46.818001 -0.015263 0.925070 0.379490 -0.000000 0.000000 0.000000 0.000000 1.000000
0.982925 0.069644 -0.170319 -0.000000 -0.183982 0.356419 -0.916033 46.818001 -0.003091 0.931727 0.363146 0.000000 0.000000 0.000000 0.000000 1.000000
0.981563 0.041750 -0.186521 0.000000 -0.189037 0.356286 -0.915055 46.818001 0.028252 0.933444 0.357609 0.000000 0.000000 0.000000 0.000000 1.000000
0.978011 0.011948 -0.208211 -0.000000 -0.198087 0.365518 -0.909482 46.818001 0.065238 0.930728 0.359847 0.000000 0.000000 0.000000 0.000000 1.000000
0.972627 0.001664 -0.232368 0.000000 -0.214657 0.389403 -0.895705 46.818001 0.088994 0.921066 0.379101 0.000000 0.000000 0.000000 0.000000 1.000000
0.969106 0.024041 -0.245470 -0.000000 -0.233981 0.404411 -0.884141 46.818001 0.078015 0.914262 0.397542 0.000000 0.000000 0.000000 0.000000 1.000000
0.972709 0.070071 -0.221197 0.000000 -0.230135 0.412958 -0.881194 46.818001 0.029599 0.908051 0.417814 0.000000 0.000000 0.000000 0.000000 1.000000
0.973808 0.109276 -0.199390 0.000000 -0.227178 0.431458 -0.873060 46.818001 -0.009376 0.895490 0.444983 -0.000000 0.000000 0.000000 0.000000 1.000000
0.981889 0.093770 -0.164626 -0.000000 -0.189317 0.451968 -0.871713 46.818001 -0.007335 0.887092 0.461534 0.000000 0.000000 0.000000 0.000000 1.000000
0.999101 0.022048 -0.036202 0.000000 -0.042259 0.451652 -0.891193 46.818001 -0.003298 0.891922 0.452178 0.000000 0.000000 0.000000 0.000000 1.000000
0.999580 -0.014239 0.025258 -0.000000 0.028992 0.502666 -0.863994 46.818001 -0.000394 0.864363 0.502868 0.000000 0.000000 0.000000 0.000000 1.000000
0.999025 -0.033522 0.028732 0.000000 0.041788 0.507925 -0.860387 46.818001 0.014248 0.860749 0.508831 -0.000000 0.000000 0.000000 0.000000 1.000000
0.998006 -0.062955 -0.004593 0.000000 0.026852 0.489276 -0.871716 46.818001 0.057126 0.869854 0.489991 -0.000000 0.000000 0.000000 0.000000 1.000000
0.991229 -0.123763 -0.046351 -0.000000 0.016278 0.462390 -0.886527 46.818001 0.131152 0.877997 0.460349 -0.000000 0.000000 0.000000 0.000000 1.000000
0.977318 -0.199557 -0.070902 0.000000 0.023591 0.435295 -0.899979 46.818001 0.210460 0.877893 0.430129 0.000000 0.000000 0.000000 0.000000 1.000000
0.957729 -0.268289 -0.103810 -0.000000 0.019843 0.421613 -0.906559 46.818001 0.286988 0.866178 0.409114 0.000000 0.000000 0.000000 0.000000 1.000000
0.931518 -0.332351 -0.147702 0.000000 0.006038 0.420193 -0.907415 46.818001 0.363644 0.844382 0.393424 0.000000 0.000000 0.000000 0.000000 1.000000
0.898067 -0.396519 -0.190388 0.000000 -0.007606 0.418775 -0.908058 46.818001 0.439792 0.816946 0.373072 0.000000 0.000000 0.000000 0.000000 1.000000
0.868870 -0.444151 -0.218622 0.000000 -0.021537 0.407292 -0.913044 46.818001 0.494572 0.798025 0.344318 -0.000000 0.000000 0.000000 0.000000 1.000000
0.880958 -0.423086 -0.211924 0.000000 -0.034491 0.389253 -0.920485 46.818001 0.471936 0.818218 0.328322 0.000000 0.000000 0.000000 0.000000 1.000000
0.896049 -0.396459 -0.199790 0.000000 -0.042761 0.370857 -0.927705 46.818001 0.441891 0.839812 0.315353 0.000000 0.000000 0.000000 0.000000 1.000000
0.903983 -0.382002 -0.192063 0.000000 -0.047381 0.356935 -0.932927 46.818001 0.424934 0.852450 0.304563 -0.000000 0.000000 0.000000 0.000000 1.000000
0.908422 -0.372659 -0.189460 0.000000 -0.051570 0.349840 -0.935389 46.818001 0.414862 0.859498 0.298584 0.000000 0.000000 0.000000 0.000000 1.000000
0.912007 -0.361926 -0.193011 -0.000000 -0.058100 0.351825 -0.934261 46.818001 0.406040 0.863266 0.299839 0.000000 0.000000 0.000000 0.000000 1.000000
0.915714 -0.350516 -0.196486 0.000000 -0.062372 0.359066 -0.931226 46.818001 0.396961 0.864991 0.306939 0.000000 0.000000 0.000000 0.000000 1.000000
0.918697 -0.340649 -0.199886 0.000000 -0.064178 0.370608 -0.926569 46.818001 0.389714 0.864065 0.318614 -0.000000 0.000000 0.000000 0.000000 1.000000
0.920900 -0.332467 -0.203491 0.000000 -0.064121 0.385724 -0.920383 46.818001 0.384489 0.860629 0.333896 -0.000000 0.000000 0.000000 0.000000 1.000000
0.922717 -0.326181 -0.205423 -0.000000 -0.062247 0.399830 -0.914473 46.818001 0.380418 0.856587 0.348626 0.000000 0.000000 0.000000 0.000000 1.000000
0.921658 -0.327088 -0.208710 -0.000000 -0.058516 0.414579 -0.908130 46.818001 0.383565 0.849198 0.362960 0.000000 0.000000 0.000000 0.000000 1.000000
0.919953 -0.329836 -0.211885 0.000000 -0.053462 0.429878 -0.901303 46.818001 0.388367 0.840484 0.377834 0.000000 0.000000 0.000000 0.000000 1.000000
0.917986 -0.334151 -0.213648 0.000000 -0.046196 0.444930 -0.894373 46.818001 0.393914 0.830891 0.393003 0.000000 0.000000 0.000000 0.000000 1.000000
0.916912 -0.337379 -0.213183 0.000000 -0.037978 0.457987 -0.888147 46.818001 0.397277 0.822450 0.407121 0.000000 0.000000 0.000000 0.000000 1.000000
0.931771 -0.308589 -0.191247 0.000000 -0.027934 0.464284 -0.885246 46.818001 0.361970 0.830189 0.423986 -0.000000 0.000000 0.000000 0.000000 1.000000
0.952313 -0.263144 -0.154448 0.000000 -0.016723 0.460413 -0.887547 46.818001 0.304663 0.847806 0.434057 0.000000 0.000000 0.000000 0.000000 1.000000
0.971684 -0.207686 -0.112685 -0.000000 -0.005667 0.456278 -0.889819 46.818001 0.236218 0.865261 0.442180 0.000000 0.000000 0.000000 0.000000 1.000000
0.985199 -0.155330 -0.072500 0.000000 0.005272 0.450202 -0.892911 46.818001 0.171336 0.879313 0.444357 0.000000 0.000000 0.000000 0.000000 1.000000
0.992964 -0.112300 -0.037568 0.000000 0.016047 0.441936 -0.896903 46.818001 0.117325 0.889990 0.440628 0.000000 0.000000 0.000000 0.000000 1.000000
0.997209 -0.074392 -0.006387 0.000000 0.026214 0.428927 -0.902959 46.818001 0.069912 0.900271 0.429680 0.000000 0.000000 0.000000 0.000000 1.000000
0.999098 -0.035802 0.022844 -0.000000 0.035649 0.414645 -0.909285 46.818001 0.023082 0.909279 0.415547 -0.000000 0.000000 0.000000 0.000000 1.000000
0.998734 0.005423 0.050020 0.000000 0.043692 0.399494 -0.915694 46.818001 -0.024948 0.916720 0.398751 0.000000 0.000000 0.000000 0.000000 1.000000
0.996180 0.047096 0.073532 0.000000 0.049699 0.386591 -0.920911 46.818001 -0.071798 0.921048 0.382773 0.000000 0.000000 0.000000 0.000000 1.000000
0.992272 0.083661 0.091632 0.000000 0.053735 0.375912 -0.925096 46.818001 -0.111840 0.922871 0.368512 0.000000 0.000000 0.000000 0.000000 1.000000
0.987856 0.114464 0.105064 0.000000 0.055625 0.370841 -0.927029 46.818001 -0.145074 0.921615 0.359970 -0.000000 0.000000 0.000000 0.000000 1.000000
0.984124 0.137810 0.111840 0.000000 0.053428 0.370885 -0.927140 46.818001 -0.169249 0.918397 0.357634 0.000000 0.000000 0.000000 0.000000 1.000000
0.982064 0.150335 0.113799 0.000000 0.048676 0.380944 -0.923316 46.818001 -0.182158 0.912294 0.366793 0.000000 0.000000 0.000000 0.000000 1.000000
0.980479 0.159178 0.115423 -0.000000 0.042329 0.402384 -0.914492 46.818001 -0.192012 0.901526 0.387791 0.000000 0.000000 0.000000 0.000000 1.000000
0.973540 0.188077 0.129799 0.000000 0.033146 0.445779 -0.894529 46.818001 -0.226102 0.875162 0.427749 0.000000 0.000000 0.000000 0.000000 1.000000
0.964824 0.204878 0.164742 0.000000 0.023982 0.555437 -0.831213 46.818001 -0.261801 0.805925 0.530986 0.000000 0.000000 0.000000 0.000000 1.000000
0.962851 0.184388 0.197280 -0.000000 0.008534 0.709431 -0.704723 46.818001 -0.269899 0.680227 0.681503 0.000000 0.000000 0.000000 0.000000 1.000000
0.996072 0.073185 0.049851 0.000000 -0.030107 0.809323 -0.586592 46.818001 -0.083275 0.582787 0.808347 0.000000 0.000000 0.000000 0.000000 1.000000
0.998244 0.038801 -0.044754 -0.000000 -0.056489 0.850905 -0.522274 46.818001 0.017816 0.523885 0.851602 0.000000 0.000000 0.000000 0.000000 1.000000
0.999154 0.012746 -0.039104 0.000000 -0.033635 0.800393 -0.598531 46.818001 0.023669 0.599340 0.800144 0.000000 0.000000 0.000000 0.000000 1.000000
0.999296 -0.027148 -0.025892 0.000000 0.002592 0.738489 -0.674260 46.818001 0.037426 0.673718 0.738040 -0.000000 0.000000 0.000000 0.000000 1.000000
0.999945 0.003837 -0.009732 0.000000 -0.009668 0.694328 -0.719594 46.818001 0.003996 0.719649 0.694327 0.000000 0.000000 0.000000 0.000000 1.000000
0.999157 0.022946 -0.034031 -0.000000 -0.040803 0.644997 -0.763095 46.818001 0.004440 0.763841 0.645390 -0.000000 0.000000 0.000000 0.000000 1.000000
0.995881 0.047799 -0.077050 0.000000 -0.090539 0.570261 -0.816459 46.818001 0.004912 0.820072 0.572240 0.000000 0.000000 0.000000 0.000000 1.000000
0.987477 0.023297 -0.156031 0.000000 -0.147337 0.489737 -0.859331 46.818001 0.056394 0.871559 0.487036 0.000000 0.000000 0.000000 0.000000 1.000000
0.977080 0.001433 -0.212866 0.000000 -0.191262 0.444899 -0.874919 46.818001 0.093450 0.895580 0.434976 0.000000 0.000000 0.000000 0.000000 1.000000
0.982118 -0.104026 -0.156915 0.000000 -0.098479 0.426492 -0.899114 46.818001 0.160455 0.898489 0.408621 0.000000 0.000000 0.000000 0.000000 1.000000
0.981456 -0.172955 -0.082649 -0.000000 0.011274 0.482496 -0.875825 46.818001 0.191356 0.858652 0.475499 -0.000000 0.000000 0.000000 0.000000 1.000000
0.973005 -0.228566 -0.031929 0.000000 0.112193 0.589363 -0.800040 46.818001 0.201680 0.774861 0.599096 0.000000 0.000000 0.000000 0.000000 1.000000
0.972935 -0.222261 -0.063229 -0.000000 0.096157 0.638218 -0.763827 46.818001 0.210122 0.737074 0.642316 0.000000 0.000000 0.000000 0.000000 1.000000
0.973845 -0.215860 -0.070928 0.000000 0.075131 0.600527 -0.796067 46.818001 0.214433 0.769917 0.601038 0.000000 0.000000 0.000000 0.000000 1.000000
0.970717 -0.223586 -0.087846 0.000000 0.054477 0.561042 -0.825993 46.818001 0.233966 0.797020 0.556794 0.000000 0.000000 0.000000 0.000000 1.000000
0.967606 -0.230591 -0.102789 0.000000 0.036725 0.531374 -0.846341 46.818001 0.249779 0.815150 0.522629 -0.000000 0.000000 0.000000 0.000000 1.000000
0.961838 -0.244941 -0.121953 0.000000 0.019084 0.504667 -0.863103 46.818001 0.272955 0.827837 0.490082 0.000000 0.000000 0.000000 0.000000 1.000000
0.956353 -0.258168 -0.136888 0.000000 0.002797 0.476516 -0.879161 46.818001 0.292201 0.840406 0.456440 0.000000 0.000000 0.000000 0.000000 1.000000
0.956477 -0.255531 -0.140907 0.000000 -0.010821 0.451487 -0.892212 46.818001 0.291606 0.854905 0.429072 0.000000 0.000000 0.000000 0.000000 1.000000
0.960720 -0.241556 -0.136631 0.000000 -0.021299 0.426700 -0.904142 46.818001 0.276702 0.871537 0.404795 0.000000 0.000000 0.000000 0.000000 1.000000
0.964757 -0.227555 -0.132144 0.000000 -0.032530 0.395192 -0.918022 46.818001 0.261123 0.889967 0.373862 0.000000 0.000000 0.000000 0.000000 1.000000
0.966800 -0.220713 -0.128779 -0.000000 -0.048888 0.334891 -0.940988 46.818001 0.250815 0.916043 0.312982 0.000000 0.000000 0.000000 0.000000 1.000000
0.966615 -0.221391 -0.128998 0.000000 -0.068212 0.262940 -0.962398 46.818001 0.246985 0.939068 0.239061 -0.000000 0.000000 0.000000 0.000000 1.000000
0.969368 -0.209329 -0.128480 -0.000000 -0.084606 0.206498 -0.974782 46.818001 0.230581 0.955793 0.182462 0.000000 0.000000 0.000000 0.000000 1.000000
0.975940 -0.177850 -0.126134 -0.000000 -0.098644 0.155755 -0.982858 46.818001 0.194448 0.971653 0.134464 0.000000 0.000000 0.000000 0.000000 1.000000
0.981773 -0.139537 -0.129040 0.000000 -0.111619 0.126208 -0.985704 46.818001 0.153828 0.982141 0.108333 -0.000000 0.000000 0.000000 0.000000 1.000000
0.987963 -0.077317 -0.133982 0.000000 -0.125237 0.108622 -0.986163 46.818001 0.090800 0.991072 0.097632 0.000000 0.000000 0.000000 0.000000 1.000000
0.990386 0.029688 -0.135110 0.000000 -0.137070 0.078916 -0.987413 46.818001 -0.018651 0.996439 0.082226 0.000000 0.000000 0.000000 0.000000 1.000000
0.985343 0.093335 -0.142789 0.000000 -0.152051 0.101075 -0.983191 46.818001 -0.077333 0.990491 0.113785 0.000000 0.000000 0.000000 0.000000 1.000000
0.982415 0.111818 -0.149523 -0.000000 -0.172293 0.234360 -0.956761 46.818001 -0.071941 0.965698 0.249504 0.000000 0.000000 0.000000 0.000000 1.000000
0.978235 0.140586 -0.152613 0.000000 -0.196708 0.394235 -0.897711 46.818001 -0.066040 0.908193 0.413309 0.000000 0.000000 0.000000 0.000000 1.000000
0.973999 0.162412 -0.157952 0.000000 -0.216437 0.461059 -0.860569 46.818001 -0.066942 0.872380 0.484223 0.000000 0.000000 0.000000 0.000000 1.000000
0.978711 0.154208 -0.135443 -0.000000 -0.190615 0.438264 -0.878402 46.818001 -0.076097 0.885519 0.458328 -0.000000 0.000000 0.000000 0.000000 1.000000
0.978111 0.156680 -0.136928 0.000000 -0.189703 0.401041 -0.896203 46.818001 -0.085504 0.902562 0.421986 0.000000 0.000000 0.000000 0.000000 1.000000
0.980521 0.136269 -0.141453 0.000000 -0.181451 0.352751 -0.917955 46.818001 -0.075191 0.925741 0.370606 0.000000 0.000000 0.000000 0.000000 1.000000
0.989302 0.121800 -0.080289 -0.000000 -0.116663 0.330113 -0.936704 46.818001 -0.087587 0.936050 0.340791 0.000000 0.000000 0.000000 0.000000 1.000000
0.981358 0.137479 -0.134299 -0.000000 -0.170510 0.300404 -0.938447 46.818001 -0.088673 0.943852 0.318246 0.000000 0.000000 0.000000 0.000000 1.000000
0.980796 0.130247 -0.145175 0.000000 -0.178156 0.295355 -0.938630 46.818001 -0.079376 0.946468 0.312887 -0.000000 0.000000 0.000000 0.000000 1.000000
0.985491 0.106894 -0.131841 0.000000 -0.159566 0.318720 -0.934321 46.818001 -0.057853 0.941802 0.331153 0.000000 0.000000 0.000000 0.000000 1.000000
0.988706 0.066052 -0.134529 0.000000 -0.149665 0.388227 -0.909330 46.818001 -0.007835 0.919194 0.393727 0.000000 0.000000 0.000000 0.000000 1.000000</float_array>
        <technique_common>
          <accessor source="#mixamorig_LeftFoot-Matrix-animation-output-transform-array" count="91" stride="16">
            <param type="float4x4"/>
          </accessor>
        </technique_common>
      </source>
      <source id="mixamorig_LeftFoot-Interpolations">
        <Name_array id="mixamorig_LeftFoot-Interpolations-array" count="91">
 LINEAR LINEAR LINEAR LINEAR LINEAR LINEAR LINEAR LINEAR LINEAR LINEAR LINEAR
LINEAR LINEAR LINEAR LINEAR LINEAR LINEAR LINEAR LINEAR LINEAR LINEAR LINEAR LINEAR
LINEAR LINEAR LINEAR LINEAR LINEAR LINEAR LINEAR LINEAR LINEAR LINEAR LINEAR LINEAR
LINEAR LINEAR LINEAR LINEAR LINEAR LINEAR LINEAR LINEAR LINEAR LINEAR LINEAR LINEAR
LINEAR LINEAR LINEAR LINEAR LINEAR LINEAR LINEAR LINEAR LINEAR LINEAR LINEAR LINEAR
LINEAR LINEAR LINEAR LINEAR LINEAR LINEAR LINEAR LINEAR LINEAR LINEAR LINEAR LINEAR
LINEAR LINEAR LINEAR LINEAR LINEAR LINEAR LINEAR LINEAR LINEAR LINEAR LINEAR LINEAR
LINEAR LINEAR LINEAR LINEAR LINEAR LINEAR LINEAR LINEAR</Name_array>
        <technique_common>
          <accessor source="#mixamorig_LeftFoot-Interpolations-array" count="91">
            <param type="name"/>
          </accessor>
        </technique_common>
      </source>
      <sampler id="mixamorig_LeftFoot-Matrix-animation-transform">
        <input semantic="INPUT" source="#mixamorig_LeftFoot-Matrix-animation-input"/>
        <input semantic="OUTPUT" source="#mixamorig_LeftFoot-Matrix-animation-output-transform"/>
        <input semantic="INTERPOLATION" source="#mixamorig_LeftFoot-Interpolations"/>
      </sampler>
      <channel source="#mixamorig_LeftFoot-Matrix-animation-transform" target="mixamorig_LeftFoot/matrix"/>
    </animation>
    <animation id="mixamorig_LeftToeBase-anim" name="mixamorig_LeftToeBase">
      <source id="mixamorig_LeftToeBase-Matrix-animation-input">
        <float_array id="mixamorig_LeftToeBase-Matrix-animation-input-array" count="91">

0.000000 0.033333 0.066667 0.100000 0.133333 0.166667 0.200000 0.233333 0.266667 0.300000 0.333333 0.366667 0.400000 0.433333 0.466667 0.500000
0.533333 0.566667 0.600000 0.633333 0.666667 0.700000 0.733333 0.766667 0.800000 0.833333 0.866667 0.900000 0.933333 0.966667 1.000000 1.033333
1.066667 1.100000 1.133333 1.166667 1.200000 1.233333 1.266667 1.300000 1.333333 1.366667 1.400000 1.433333 1.466667 1.500000 1.533333 1.566667
1.600000 1.633333 1.666667 1.700000 1.733333 1.766667 1.800000 1.833333 1.866667 1.900000 1.933333 1.966667 2.000000 2.033333 2.066667 2.100000
2.133333 2.166667 2.200000 2.233333 2.266667 2.300000 2.333333 2.366667 2.400000 2.433333 2.466667 2.500000 2.533333 2.566667 2.600000 2.633333
2.666667 2.700000 2.733333 2.766667 2.800000 2.833333 2.866667 2.900000 2.933333 2.966667 3.000000</float_array>
        <technique_common>
          <accessor source="#mixamorig_LeftToeBase-Matrix-animation-input-array" count="91">
            <param name="TIME" type="float"/>
          </accessor>
        </technique_common>
      </source>
      <source id="mixamorig_LeftToeBase-Matrix-animation-output-transform">
        <float_array id="mixamorig_LeftToeBase-Matrix-animation-output-transform-array" count="1456">

1.000000 0.000002 0.000002 0.000000 -0.000000 0.771807 -0.635857 13.200000 -0.000002 0.635857 0.771807 0.000000 0.000000 0.000000 0.000000 1.000000
1.000000 0.000002 0.000002 -0.000000 -0.000000 0.782642 -0.622472 13.200000 -0.000002 0.622472 0.782642 0.000000 0.000000 0.000000 0.000000 1.000000
1.000000 0.000002 0.000002 0.000000 -0.000001 0.793712 -0.608294 13.200000 -0.000002 0.608294 0.793712 0.000000 0.000000 0.000000 0.000000 1.000000
1.000000 0.000002 0.000002 0.000000 -0.000000 0.798917 -0.601441 13.200000 -0.000002 0.601441 0.798917 0.000000 0.000000 0.000000 0.000000 1.000000
1.000000 0.000002 0.000001 -0.000000 -0.000001 0.790633 -0.612290 13.200000 -0.000002 0.612290 0.790633 0.000000 0.000000 0.000000 0.000000 1.000000
1.000000 0.000001 0.000002 -0.000000 -0.000000 0.790502 -0.612459 13.200000 -0.000002 0.612459 0.790502 0.000000 0.000000 0.000000 0.000000 1.000000
1.000000 0.000001 0.000002 -0.000000 -0.000000 0.792495 -0.609879 13.200000 -0.000002 0.609879 0.792495 -0.000000 0.000000 0.000000 0.000000 1.000000
1.000000 0.000002 0.000002 0.000000 -0.000000 0.801954 -0.597385 13.200000 -0.000002 0.597385 0.801954 0.000000 0.000000 0.000000 0.000000 1.000000
1.000000 0.000002 0.000002 -0.000000 -0.000000 0.806071 -0.591819 13.200000 -0.000002 0.591819 0.806071 0.000000 0.000000 0.000000 0.000000 1.000000
1.000000 0.000002 0.000002 0.000000 -0.000000 0.805393 -0.592741 13.200000 -0.000002 0.592741 0.805393 0.000000 0.000000 0.000000 0.000000 1.000000
1.000000 0.000002 0.000002 0.000000 -0.000001 0.808518 -0.588471 13.200000 -0.000002 0.588471 0.808518 0.000000 0.000000 0.000000 0.000000 1.000000
1.000000 0.000002 0.000002 -0.000000 -0.000001 0.810100 -0.586291 13.200000 -0.000002 0.586291 0.810100 0.000000 0.000000 0.000000 0.000000 1.000000
1.000000 0.000002 0.000002 0.000000 -0.000001 0.807596 -0.589736 13.200000 -0.000002 0.589736 0.807596 0.000000 0.000000 0.000000 0.000000 1.000000
1.000000 0.000002 0.000002 0.000000 -0.000000 0.806113 -0.591762 13.200000 -0.000002 0.591762 0.806113 0.000000 0.000000 0.000000 0.000000 1.000000
1.000000 0.000002 0.000002 0.000000 -0.000000 0.803312 -0.595559 13.200000 -0.000002 0.595559 0.803312 0.000000 0.000000 0.000000 0.000000 1.000000
1.000000 0.000002 0.000002 0.000000 -0.000000 0.801205 -0.598390 13.200000 -0.000002 0.598390 0.801205 0.000000 0.000000 0.000000 0.000000 1.000000
1.000000 0.000002 0.000002 0.000000 -0.000000 0.801790 -0.597605 13.200000 -0.000002 0.597605 0.801790 0.000000 0.000000 0.000000 0.000000 1.000000
1.000000 0.000002 0.000002 -0.000000 -0.000000 0.805312 -0.592851 13.200000 -0.000002 0.592851 0.805312 0.000000 0.000000 0.000000 0.000000 1.000000
1.000000 0.000002 0.000002 -0.000000 -0.000001 0.809903 -0.586564 13.200000 -0.000002 0.586564 0.809903 0.000000 0.000000 0.000000 0.000000 1.000000
1.000000 0.000002 0.000002 -0.000000 -0.000000 0.813784 -0.581167 13.200000 -0.000002 0.581167 0.813784 0.000000 0.000000 0.000000 0.000000 1.000000
1.000000 0.000002 0.000002 0.000000 -0.000001 0.812258 -0.583298 13.200000 -0.000002 0.583298 0.812258 0.000000 0.000000 0.000000 0.000000 1.000000
1.000000 0.000002 0.000002 0.000000 -0.000001 0.809789 -0.586722 13.200000 -0.000002 0.586722 0.809789 0.000000 0.000000 0.000000 0.000000 1.000000
1.000000 0.000002 0.000002 0.000000 -0.000001 0.806943 -0.590629 13.200000 -0.000002 0.590629 0.806943 0.000000 0.000000 0.000000 0.000000 1.000000
1.000000 0.000002 0.000002 -0.000000 -0.000000 0.803978 -0.594659 13.200000 -0.000002 0.594659 0.803978 0.000000 0.000000 0.000000 0.000000 1.000000
1.000000 0.000002 0.000002 0.000000 -0.000000 0.801157 -0.598455 13.200000 -0.000002 0.598455 0.801157 0.000000 0.000000 0.000000 0.000000 1.000000
1.000000 0.000002 0.000002 0.000000 -0.000000 0.798749 -0.601665 13.200000 -0.000002 0.601665 0.798749 -0.000000 0.000000 0.000000 0.000000 1.000000
1.000000 0.000002 0.000002 -0.000000 -0.000001 0.797029 -0.603941 13.200000 -0.000002 0.603941 0.797029 0.000000 0.000000 0.000000 0.000000 1.000000
1.000000 0.000002 0.000002 0.000000 -0.000000 0.796274 -0.604936 13.200000 -0.000002 0.604936 0.796274 0.000000 0.000000 0.000000 0.000000 1.000000
1.000000 0.000002 -0.000013 0.000000 -0.000010 0.777531 -0.628845 13.200000 0.000009 0.628845 0.777531 0.000000 0.000000 0.000000 0.000000 1.000000
1.000000 0.000002 -0.000014 0.000000 -0.000010 0.753057 -0.657955 13.200000 0.000009 0.657955 0.753057 0.000000 0.000000 0.000000 0.000000 1.000000
1.000000 0.000001 -0.000016 -0.000000 -0.000012 0.728139 -0.685430 13.200000 0.000011 0.685430 0.728139 0.000000 0.000000 0.000000 0.000000 1.000000
1.000000 0.000001 -0.000020 0.000000 -0.000015 0.702319 -0.711862 13.200000 0.000013 0.711862 0.702319 0.000000 0.000000 0.000000 0.000000 1.000000
1.000000 0.000001 -0.000024 -0.000000 -0.000019 0.677883 -0.735170 13.200000 0.000016 0.735170 0.677883 0.000000 0.000000 0.000000 0.000000 1.000000
1.000000 0.000001 -0.000024 0.000000 -0.000019 0.654989 -0.755639 13.200000 0.000015 0.755639 0.654989 0.000000 0.000000 0.000000 0.000000 1.000000
1.000000 0.000001 -0.000025 -0.000000 -0.000020 0.637115 -0.770769 13.200000 0.000015 0.770769 0.637115 0.000000 0.000000 0.000000 0.000000 1.000000
1.000000 0.000001 -0.000024 -0.000000 -0.000019 0.627595 -0.778540 13.200000 0.000014 0.778540 0.627595 -0.000000 0.000000 0.000000 0.000000 1.000000
1.000000 0.000001 -0.000014 0.000000 -0.000012 0.615906 -0.787819 13.200000 0.000008 0.787819 0.615906 0.000000 0.000000 0.000000 0.000000 1.000000
1.000000 0.000001 -0.000009 0.000000 -0.000008 0.607155 -0.794583 13.200000 0.000004 0.794583 0.607155 0.000000 0.000000 0.000000 0.000000 1.000000
1.000000 0.000001 -0.000008 -0.000000 -0.000007 0.602310 -0.798263 13.200000 0.000004 0.798263 0.602310 -0.000000 0.000000 0.000000 0.000000 1.000000
1.000000 0.000001 -0.000007 -0.000000 -0.000007 0.602589 -0.798052 13.200000 0.000003 0.798052 0.602589 -0.000000 0.000000 0.000000 0.000000 1.000000
1.000000 0.000002 -0.000006 0.000000 -0.000006 0.604522 -0.796589 13.200000 0.000002 0.796589 0.604522 -0.000000 0.000000 0.000000 0.000000 1.000000
1.000000 0.000002 -0.000004 0.000000 -0.000004 0.607005 -0.794698 13.200000 0.000001 0.794698 0.607005 0.000000 0.000000 0.000000 0.000000 1.000000
1.000000 0.000001 -0.000004 0.000000 -0.000004 0.608695 -0.793405 13.200000 0.000001 0.793405 0.608695 0.000000 0.000000 0.000000 0.000000 1.000000
1.000000 0.000002 -0.000005 0.000000 -0.000005 0.608456 -0.793588 13.200000 0.000002 0.793588 0.608456 0.000000 0.000000 0.000000 0.000000 1.000000
1.000000 0.000001 -0.000008 0.000000 -0.000008 0.603648 -0.797251 13.200000 0.000004 0.797251 0.603648 0.000000 0.000000 0.000000 0.000000 1.000000
1.000000 0.000001 -0.000018 0.000000 -0.000015 0.592615 -0.805486 13.200000 0.000010 0.805486 0.592615 0.000000 0.000000 0.000000 0.000000 1.000000
1.000000 0.000000 -0.000035 -0.000000 -0.000029 0.569238 -0.822173 13.200000 0.000019 0.822173 0.569238 0.000000 0.000000 0.000000 0.000000 1.000000
1.000000 -0.000001 -0.000085 0.000000 -0.000071 0.530660 -0.847585 13.200000 0.000046 0.847585 0.530660 0.000000 0.000000 0.000000 0.000000 1.000000
1.000000 -0.000006 -0.000274 0.000000 -0.000240 0.466137 -0.884712 13.200000 0.000133 0.884712 0.466137 0.000000 0.000000 0.000000 0.000000 1.000000
1.000000 -0.000027 -0.000539 0.000000 -0.000499 0.332983 -0.942933 13.200000 0.000205 0.942933 0.332983 -0.000000 0.000000 0.000000 0.000000 1.000000
0.999961 -0.000845 -0.008812 0.000000 -0.008443 0.208274 -0.978034 13.200000 0.002662 0.978070 0.208258 0.000000 0.000000 0.000000 0.000000 1.000000
0.995623 -0.004568 -0.093350 -0.000000 -0.088040 0.289395 -0.953152 13.200000 0.031369 0.957199 0.287726 0.000000 0.000000 0.000000 0.000000 1.000000
0.996967 -0.003413 -0.077744 0.000000 -0.065474 0.503163 -0.861708 13.200000 0.042059 0.864185 0.501413 0.000000 0.000000 0.000000 0.000000 1.000000
1.000000 0.000002 0.000001 0.000000 -0.000001 0.739120 -0.673573 13.200000 -0.000002 0.673573 0.739120 0.000000 0.000000 0.000000 0.000000 1.000000
1.000000 0.000001 0.000001 0.000000 -0.000000 0.745461 -0.666549 13.200000 -0.000002 0.666549 0.745461 0.000000 0.000000 0.000000 0.000000 1.000000
1.000000 0.000002 0.000001 0.000000 -0.000000 0.756448 -0.654054 13.200000 -0.000002 0.654054 0.756448 0.000000 0.000000 0.000000 0.000000 1.000000
1.000000 0.000001 0.000002 -0.000000 -0.000000 0.766113 -0.642706 13.200000 -0.000002 0.642706 0.766113 0.000000 0.000000 0.000000 0.000000 1.000000
1.000000 0.000002 0.000002 0.000000 -0.000000 0.770360 -0.637609 13.200000 -0.000002 0.637609 0.770360 0.000000 0.000000 0.000000 0.000000 1.000000
1.000000 0.000002 0.000001 -0.000000 -0.000001 0.788511 -0.615021 13.200000 -0.000002 0.615021 0.788511 -0.000000 0.000000 0.000000 0.000000 1.000000
1.000000 0.000002 0.000002 0.000000 -0.000000 0.761830 -0.647777 13.200000 -0.000002 0.647777 0.761830 0.000000 0.000000 0.000000 0.000000 1.000000
1.000000 0.000002 0.000002 0.000000 -0.000000 0.765934 -0.642919 13.200000 -0.000002 0.642919 0.765934 0.000000 0.000000 0.000000 0.000000 1.000000
1.000000 0.000002 0.000001 0.000000 -0.000000 0.753948 -0.656934 13.200000 -0.000002 0.656934 0.753948 0.000000 0.000000 0.000000 0.000000 1.000000
1.000000 0.000002 0.000002 -0.000000 -0.000000 0.778725 -0.627366 13.200000 -0.000002 0.627366 0.778725 0.000000 0.000000 0.000000 0.000000 1.000000
1.000000 0.000002 0.000002 0.000000 -0.000000 0.794377 -0.607426 13.200000 -0.000002 0.607426 0.794377 0.000000 0.000000 0.000000 0.000000 1.000000
1.000000 0.000002 0.000002 0.000000 -0.000000 0.803417 -0.595417 13.200000 -0.000002 0.595417 0.803417 0.000000 0.000000 0.000000 0.000000 1.000000
1.000000 0.000002 0.000002 0.000000 -0.000001 0.805285 -0.592888 13.200000 -0.000002 0.592888 0.805285 0.000000 0.000000 0.000000 0.000000 1.000000
1.000000 0.000002 0.000002 -0.000000 -0.000001 0.798596 -0.601867 13.200000 -0.000003 0.601867 0.798596 0.000000 0.000000 0.000000 0.000000 1.000000
1.000000 0.000002 0.000002 0.000000 -0.000000 0.789324 -0.613977 13.200000 -0.000002 0.613977 0.789324 0.000000 0.000000 0.000000 0.000000 1.000000
1.000000 0.000002 0.000002 0.000000 -0.000000 0.780775 -0.624812 13.200000 -0.000002 0.624812 0.780775 0.000000 0.000000 0.000000 0.000000 1.000000
1.000000 0.000002 0.000002 0.000000 -0.000000 0.771860 -0.635793 13.200000 -0.000002 0.635793 0.771860 -0.000000 0.000000 0.000000 0.000000 1.000000
1.000000 0.000002 0.000002 0.000000 -0.000000 0.761087 -0.648650 13.200000 -0.000002 0.648650 0.761087 0.000000 0.000000 0.000000 0.000000 1.000000
1.000000 0.000002 0.000001 -0.000000 -0.000000 0.755545 -0.655097 13.200000 -0.000002 0.655097 0.755545 0.000000 0.000000 0.000000 0.000000 1.000000
1.000000 0.000002 0.000002 0.000000 -0.000001 0.756326 -0.654195 13.200000 -0.000002 0.654195 0.756326 0.000000 0.000000 0.000000 0.000000 1.000000
1.000000 0.000002 0.000001 0.000000 -0.000000 0.753989 -0.656887 13.200000 -0.000002 0.656887 0.753989 -0.000000 0.000000 0.000000 0.000000 1.000000
1.000000 0.000002 0.000001 0.000000 -0.000001 0.750746 -0.660591 13.200000 -0.000002 0.660591 0.750746 0.000000 0.000000 0.000000 0.000000 1.000000
1.000000 0.000002 0.000001 0.000000 -0.000000 0.753497 -0.657452 13.200000 -0.000002 0.657452 0.753497 0.000000 0.000000 0.000000 0.000000 1.000000
1.000000 0.000002 0.000001 0.000000 -0.000000 0.752764 -0.658290 13.200000 -0.000002 0.658290 0.752764 0.000000 0.000000 0.000000 0.000000 1.000000
1.000000 0.000002 0.000001 0.000000 -0.000000 0.743322 -0.668934 13.200000 -0.000002 0.668934 0.743322 0.000000 0.000000 0.000000 0.000000 1.000000
1.000000 0.000002 0.000001 -0.000000 -0.000000 0.723790 -0.690020 13.200000 -0.000002 0.690020 0.723790 0.000000 0.000000 0.000000 0.000000 1.000000
1.000000 0.000002 0.000001 -0.000000 -0.000000 0.673578 -0.739116 13.200000 -0.000002 0.739116 0.673578 0.000000 0.000000 0.000000 0.000000 1.000000
1.000000 0.000002 0.000001 0.000000 -0.000000 0.558846 -0.829272 13.200000 -0.000002 0.829272 0.558846 0.000000 0.000000 0.000000 0.000000 1.000000
1.000000 0.000002 0.000001 0.000000 -0.000000 0.492744 -0.870174 13.200000 -0.000002 0.870174 0.492744 0.000000 0.000000 0.000000 0.000000 1.000000
1.000000 0.000002 0.000001 0.000000 -0.000000 0.570394 -0.821371 13.200000 -0.000002 0.821371 0.570394 -0.000000 0.000000 0.000000 0.000000 1.000000
1.000000 0.000002 0.000001 0.000000 -0.000001 0.736309 -0.676645 13.200000 -0.000002 0.676645 0.736309 0.000000 0.000000 0.000000 0.000000 1.000000
1.000000 0.000002 0.000001 0.000000 -0.000000 0.765472 -0.643470 13.200000 -0.000002 0.643470 0.765472 0.000000 0.000000 0.000000 0.000000 1.000000
1.000000 0.000002 0.000001 -0.000000 -0.000000 0.766755 -0.641940 13.200000 -0.000002 0.641940 0.766755 0.000000 0.000000 0.000000 0.000000 1.000000
1.000000 0.000002 0.000002 0.000000 -0.000000 0.762598 -0.646873 13.200000 -0.000002 0.646873 0.762598 0.000000 0.000000 0.000000 0.000000 1.000000
1.000000 0.000002 0.000001 0.000000 -0.000000 0.764186 -0.644995 13.200000 -0.000002 0.644995 0.764186 0.000000 0.000000 0.000000 0.000000 1.000000
1.000000 0.000002 0.000001 0.000000 -0.000000 0.754228 -0.656612 13.200000 -0.000002 0.656612 0.754228 0.000000 0.000000 0.000000 0.000000 1.000000
1.000000 0.000002 0.000001 -0.000000 -0.000000 0.762551 -0.646928 13.200000 -0.000002 0.646928 0.762551 0.000000 0.000000 0.000000 0.000000 1.000000
1.000000 0.000002 0.000001 -0.000000 -0.000000 0.771807 -0.635857 13.200000 -0.000002 0.635857 0.771807 0.000000 0.000000 0.000000 0.000000 1.000000</float_array>
        <technique_common>
          <accessor source="#mixamorig_LeftToeBase-Matrix-animation-output-transform-array" count="91" stride="16">
            <param type="float4x4"/>
          </accessor>
        </technique_common>
      </source>
      <source id="mixamorig_LeftToeBase-Interpolations">
        <Name_array id="mixamorig_LeftToeBase-Interpolations-array" count="91">
 LINEAR LINEAR LINEAR LINEAR LINEAR LINEAR LINEAR LINEAR LINEAR LINEAR LINEAR
LINEAR LINEAR LINEAR LINEAR LINEAR LINEAR LINEAR LINEAR LINEAR LINEAR LINEAR LINEAR
LINEAR LINEAR LINEAR LINEAR LINEAR LINEAR LINEAR LINEAR LINEAR LINEAR LINEAR LINEAR
LINEAR LINEAR LINEAR LINEAR LINEAR LINEAR LINEAR LINEAR LINEAR LINEAR LINEAR LINEAR
LINEAR LINEAR LINEAR LINEAR LINEAR LINEAR LINEAR LINEAR LINEAR LINEAR LINEAR LINEAR
LINEAR LINEAR LINEAR LINEAR LINEAR LINEAR LINEAR LINEAR LINEAR LINEAR LINEAR LINEAR
LINEAR LINEAR LINEAR LINEAR LINEAR LINEAR LINEAR LINEAR LINEAR LINEAR LINEAR LINEAR
LINEAR LINEAR LINEAR LINEAR LINEAR LINEAR LINEAR LINEAR</Name_array>
        <technique_common>
          <accessor source="#mixamorig_LeftToeBase-Interpolations-array" count="91">
            <param type="name"/>
          </accessor>
        </technique_common>
      </source>
      <sampler id="mixamorig_LeftToeBase-Matrix-animation-transform">
        <input semantic="INPUT" source="#mixamorig_LeftToeBase-Matrix-animation-input"/>
        <input semantic="OUTPUT" source="#mixamorig_LeftToeBase-Matrix-animation-output-transform"/>
        <input semantic="INTERPOLATION" source="#mixamorig_LeftToeBase-Interpolations"/>
      </sampler>
      <channel source="#mixamorig_LeftToeBase-Matrix-animation-transform" target="mixamorig_LeftToeBase/matrix"/>
    </animation>
    <animation id="mixamorig_RightUpLeg-anim" name="mixamorig_RightUpLeg">
      <source id="mixamorig_RightUpLeg-Matrix-animation-input">
        <float_array id="mixamorig_RightUpLeg-Matrix-animation-input-array" count="91">

0.000000 0.033333 0.066667 0.100000 0.133333 0.166667 0.200000 0.233333 0.266667 0.300000 0.333333 0.366667 0.400000 0.433333 0.466667 0.500000
0.533333 0.566667 0.600000 0.633333 0.666667 0.700000 0.733333 0.766667 0.800000 0.833333 0.866667 0.900000 0.933333 0.966667 1.000000 1.033333
1.066667 1.100000 1.133333 1.166667 1.200000 1.233333 1.266667 1.300000 1.333333 1.366667 1.400000 1.433333 1.466667 1.500000 1.533333 1.566667
1.600000 1.633333 1.666667 1.700000 1.733333 1.766667 1.800000 1.833333 1.866667 1.900000 1.933333 1.966667 2.000000 2.033333 2.066667 2.100000
2.133333 2.166667 2.200000 2.233333 2.266667 2.300000 2.333333 2.366667 2.400000 2.433333 2.466667 2.500000 2.533333 2.566667 2.600000 2.633333
2.666667 2.700000 2.733333 2.766667 2.800000 2.833333 2.866667 2.900000 2.933333 2.966667 3.000000</float_array>
        <technique_common>
          <accessor source="#mixamorig_RightUpLeg-Matrix-animation-input-array" count="91">
            <param name="TIME" type="float"/>
          </accessor>
        </technique_common>
      </source>
      <source id="mixamorig_RightUpLeg-Matrix-animation-output-transform">
        <float_array id="mixamorig_RightUpLeg-Matrix-animation-output-transform-array" count="1456">

-0.987582 -0.095058 -0.125084 -9.965800 0.060909 -0.965574 0.252896 -12.316100 -0.144818 0.242137 0.959374 -0.278900 0.000000 0.000000 0.000000 1.000000
-0.988725 -0.082731 -0.124815 -9.965800 0.051863 -0.971128 0.232855 -12.316100 -0.140476 0.223757 0.964469 -0.278900 0.000000 0.000000 0.000000 1.000000
-0.989398 -0.067299 -0.128698 -9.965800 0.038971 -0.976682 0.211125 -12.316100 -0.139905 0.203871 0.968950 -0.278900 0.000000 0.000000 0.000000 1.000000
-0.990531 -0.048028 -0.128611 -9.965800 0.023213 -0.981914 0.187897 -12.316100 -0.135309 0.183132 0.973732 -0.278900 0.000000 0.000000 0.000000 1.000000
-0.991329 -0.028000 -0.128387 -9.965800 0.006452 -0.986228 0.165265 -12.316100 -0.131246 0.163004 0.977857 -0.278900 0.000000 0.000000 0.000000 1.000000
-0.990860 -0.011116 -0.134439 -9.965800 -0.008593 -0.989373 0.145145 -12.316100 -0.134624 0.144973 0.980234 -0.278900 0.000000 0.000000 0.000000 1.000000
-0.990405 0.003711 -0.138149 -9.965800 -0.021181 -0.991905 0.125207 -12.316100 -0.136566 0.126932 0.982465 -0.278900 0.000000 0.000000 0.000000 1.000000
-0.989543 0.016417 -0.143301 -9.965800 -0.031671 -0.993986 0.104825 -12.316100 -0.140719 0.108267 0.984112 -0.278900 0.000000 0.000000 0.000000 1.000000
-0.988096 0.027213 -0.151415 -9.965800 -0.040193 -0.995711 0.083335 -12.316100 -0.148498 0.088429 0.984951 -0.278900 0.000000 0.000000 0.000000 1.000000
-0.986465 0.033691 -0.160476 -9.965800 -0.044628 -0.996884 0.065045 -12.316100 -0.157785 0.071326 0.984894 -0.278900 0.000000 0.000000 0.000000 1.000000
-0.984774 0.036426 -0.169982 -9.965800 -0.044759 -0.997963 0.045452 -12.316100 -0.167980 0.052368 0.984398 -0.278900 0.000000 0.000000 0.000000 1.000000
-0.982772 0.035099 -0.181458 -9.965800 -0.039958 -0.998932 0.023188 -12.316100 -0.180450 0.030039 0.983125 -0.278900 0.000000 0.000000 0.000000 1.000000
-0.981813 0.026851 -0.187941 -9.965800 -0.026999 -0.999634 -0.001774 -12.316100 -0.187919 0.003332 0.982179 -0.278900 0.000000 0.000000 0.000000 1.000000
-0.981464 0.017814 -0.190815 -9.965800 -0.012904 -0.999554 -0.026942 -12.316100 -0.191210 -0.023981 0.981256 -0.278900 0.000000 0.000000 0.000000 1.000000
-0.982091 -0.004797 -0.188347 -9.965800 0.012482 -0.999136 -0.039635 -12.316100 -0.187994 -0.041276 0.981302 -0.278900 0.000000 0.000000 0.000000 1.000000
-0.982267 -0.039565 -0.183267 -9.965800 0.048039 -0.997961 -0.042031 -12.316100 -0.181231 -0.050090 0.982164 -0.278900 0.000000 0.000000 0.000000 1.000000
-0.980770 -0.059740 -0.185799 -9.965800 0.068341 -0.996850 -0.040231 -12.316100 -0.182811 -0.052155 0.981764 -0.278900 0.000000 0.000000 0.000000 1.000000
-0.978272 -0.079116 -0.191637 -9.965800 0.081999 -0.996607 -0.007144 -12.316100 -0.190422 -0.022703 0.981440 -0.278900 0.000000 0.000000 0.000000 1.000000
-0.976686 -0.092661 -0.193647 -9.965800 0.092578 -0.995660 0.009495 -12.316100 -0.193686 -0.008654 0.981025 -0.278900 0.000000 0.000000 0.000000 1.000000
-0.976280 -0.116322 -0.182611 -9.965800 0.112307 -0.993151 0.032207 -12.316100 -0.185107 0.010935 0.982658 -0.278900 0.000000 0.000000 0.000000 1.000000
-0.974092 -0.134496 -0.181810 -9.965800 0.128292 -0.990691 0.045521 -12.316100 -0.186240 0.021017 0.982279 -0.278900 0.000000 0.000000 0.000000 1.000000
-0.970662 -0.151356 -0.186836 -9.965800 0.143338 -0.988100 0.055785 -12.316100 -0.193056 0.027367 0.980806 -0.278900 0.000000 0.000000 0.000000 1.000000
-0.967191 -0.165725 -0.192552 -9.965800 0.156594 -0.985727 0.061817 -12.316100 -0.200048 0.029637 0.979338 -0.278900 0.000000 0.000000 0.000000 1.000000
-0.963613 -0.180389 -0.197255 -9.965800 0.170565 -0.983143 0.065851 -12.316100 -0.205809 0.029810 0.978138 -0.278900 0.000000 0.000000 0.000000 1.000000
-0.960444 -0.195222 -0.198583 -9.965800 0.184487 -0.980240 0.071380 -12.316100 -0.208594 0.031921 0.977481 -0.278900 0.000000 0.000000 0.000000 1.000000
-0.957362 -0.210456 -0.197904 -9.965800 0.198323 -0.976909 0.079476 -12.316100 -0.210060 0.036838 0.976994 -0.278900 0.000000 0.000000 0.000000 1.000000
-0.955435 -0.221656 -0.194969 -9.965800 0.208373 -0.974221 0.086446 -12.316100 -0.209105 0.041968 0.976992 -0.278900 0.000000 0.000000 0.000000 1.000000
-0.954622 -0.226210 -0.193717 -9.965800 0.211709 -0.972915 0.092820 -12.316100 -0.209467 0.047597 0.976657 -0.278900 0.000000 0.000000 0.000000 1.000000
-0.955575 -0.223158 -0.192555 -9.965800 0.207211 -0.973215 0.099583 -12.316100 -0.209620 0.055260 0.976220 -0.278900 0.000000 0.000000 0.000000 1.000000
-0.957813 -0.214478 -0.191292 -9.965800 0.196087 -0.974329 0.110604 -12.316100 -0.210103 0.068428 0.975282 -0.278900 0.000000 0.000000 0.000000 1.000000
-0.961428 -0.201604 -0.187115 -9.965800 0.180446 -0.975723 0.124116 -12.316100 -0.207594 0.085565 0.974466 -0.278900 0.000000 0.000000 0.000000 1.000000
-0.965803 -0.183658 -0.183014 -9.965800 0.159143 -0.977167 0.140775 -12.316100 -0.204690 0.106836 0.972979 -0.278900 0.000000 0.000000 0.000000 1.000000
-0.970959 -0.161774 -0.176258 -9.965800 0.133368 -0.977636 0.162606 -12.316100 -0.198622 0.134376 0.970820 -0.278900 0.000000 0.000000 0.000000 1.000000
-0.976903 -0.132462 -0.167672 -9.965800 0.099797 -0.976673 0.190133 -12.316100 -0.188946 0.169008 0.967334 -0.278900 0.000000 0.000000 0.000000 1.000000
-0.981958 -0.101979 -0.159243 -9.965800 0.064256 -0.971957 0.226208 -12.316100 -0.177846 0.211895 0.960974 -0.278900 0.000000 0.000000 0.000000 1.000000
-0.986240 -0.072483 -0.148580 -9.965800 0.029405 -0.961338 0.273795 -12.316100 -0.162681 0.265659 0.950242 -0.278900 0.000000 0.000000 0.000000 1.000000
-0.988814 -0.048502 -0.141048 -9.965800 -0.000727 -0.944073 0.329736 -12.316100 -0.149152 0.326150 0.933477 -0.278900 0.000000 0.000000 0.000000 1.000000
-0.990486 -0.030046 -0.134292 -9.965800 -0.024974 -0.920421 0.390131 -12.316100 -0.135327 0.389773 0.910914 -0.278900 0.000000 0.000000 0.000000 1.000000
-0.991931 -0.011503 -0.126252 -9.965800 -0.046900 -0.891925 0.449744 -12.316100 -0.117781 0.452037 0.884189 -0.278900 0.000000 0.000000 0.000000 1.000000
-0.992915 0.006496 -0.118652 -9.965800 -0.066308 -0.858880 0.507866 -12.316100 -0.098608 0.512135 0.853226 -0.278900 0.000000 0.000000 0.000000 1.000000
-0.993654 0.021160 -0.110473 -9.965800 -0.079925 -0.823889 0.561088 -12.316100 -0.079145 0.566357 0.820351 -0.278900 0.000000 0.000000 0.000000 1.000000
-0.993745 0.025151 -0.108806 -9.965800 -0.086954 -0.785621 0.612567 -12.316100 -0.070073 0.618197 0.782894 -0.278900 0.000000 0.000000 0.000000 1.000000
-0.991373 0.014214 -0.130297 -9.965800 -0.097201 -0.746625 0.658106 -12.316100 -0.087928 0.665094 0.741565 -0.278900 0.000000 0.000000 0.000000 1.000000
-0.987538 -0.007057 -0.157225 -9.965800 -0.105453 -0.711909 0.694309 -12.316100 -0.116830 0.702236 0.702293 -0.278900 0.000000 0.000000 0.000000 1.000000
-0.981923 -0.038560 -0.185309 -9.965800 -0.108571 -0.687211 0.718299 -12.316100 -0.155044 0.725434 0.670602 -0.278900 0.000000 0.000000 0.000000 1.000000
-0.973289 -0.081178 -0.214753 -9.965800 -0.104729 -0.675418 0.729961 -12.316100 -0.204305 0.732954 0.648875 -0.278900 0.000000 0.000000 0.000000 1.000000
-0.960485 -0.127845 -0.247234 -9.965800 -0.097048 -0.678696 0.727979 -12.316100 -0.260865 0.723206 0.639470 -0.278900 0.000000 0.000000 0.000000 1.000000
-0.942369 -0.169024 -0.288740 -9.965800 -0.090726 -0.701575 0.706797 -12.316100 -0.322038 0.692260 0.645808 -0.278900 0.000000 0.000000 0.000000 1.000000
-0.918887 -0.191902 -0.344702 -9.965800 -0.092508 -0.744560 0.661114 -12.316100 -0.383521 0.639377 0.666415 -0.278900 0.000000 0.000000 0.000000 1.000000
-0.895177 -0.206608 -0.394932 -9.965800 -0.098173 -0.772912 0.626873 -12.316100 -0.434764 0.599934 0.671610 -0.278900 0.000000 0.000000 0.000000 1.000000
-0.875133 -0.185140 -0.447063 -9.965800 -0.115272 -0.817544 0.564211 -12.316100 -0.469952 0.545294 0.694118 -0.278900 0.000000 0.000000 0.000000 1.000000
-0.862078 -0.168027 -0.478109 -9.965800 -0.109653 -0.859238 0.499687 -12.316100 -0.494770 0.483195 0.722305 -0.278900 0.000000 0.000000 0.000000 1.000000
-0.854454 -0.150558 -0.497233 -9.965800 -0.097384 -0.893707 0.437954 -12.316100 -0.510318 0.422634 0.748970 -0.278900 0.000000 0.000000 0.000000 1.000000
-0.856669 -0.123357 -0.500901 -9.965800 -0.092349 -0.918631 0.384173 -12.316100 -0.507534 0.375367 0.775571 -0.278900 0.000000 0.000000 0.000000 1.000000
-0.868024 -0.107413 -0.484764 -9.965800 -0.082022 -0.931887 0.353355 -12.316100 -0.489700 0.346482 0.800090 -0.278900 0.000000 0.000000 0.000000 1.000000
-0.882568 -0.101867 -0.459018 -9.965800 -0.066943 -0.939079 0.337118 -12.316100 -0.465395 0.328258 0.821982 -0.278900 0.000000 0.000000 0.000000 1.000000
-0.901087 -0.095838 -0.422916 -9.965800 -0.054879 -0.942227 0.330450 -12.316100 -0.430152 0.320973 0.843769 -0.278900 0.000000 0.000000 0.000000 1.000000
-0.924164 -0.092890 -0.370530 -9.965800 -0.044279 -0.937395 0.345442 -12.316100 -0.379421 0.335652 0.862194 -0.278900 0.000000 0.000000 0.000000 1.000000
-0.944149 -0.089306 -0.317186 -9.965800 -0.031101 -0.934126 0.355585 -12.316100 -0.328048 0.345590 0.879177 -0.278900 0.000000 0.000000 0.000000 1.000000
-0.959619 -0.087379 -0.267389 -9.965800 -0.010466 -0.938785 0.344344 -12.316100 -0.281110 0.333238 0.899961 -0.278900 0.000000 0.000000 0.000000 1.000000
-0.974829 -0.080629 -0.207862 -9.965800 0.005109 -0.940149 0.340725 -12.316100 -0.222893 0.331087 0.916897 -0.278900 0.000000 0.000000 0.000000 1.000000
-0.984888 -0.073219 -0.156951 -9.965800 0.013865 -0.936663 0.349959 -12.316100 -0.172634 0.342494 0.923523 -0.278900 0.000000 0.000000 0.000000 1.000000
-0.990182 -0.063190 -0.124683 -9.965800 0.018899 -0.944317 0.328493 -12.316100 -0.138498 0.322912 0.936241 -0.278900 0.000000 0.000000 0.000000 1.000000
-0.991845 -0.056962 -0.114016 -9.965800 0.025421 -0.965012 0.260971 -12.316100 -0.124893 0.255944 0.958590 -0.278900 0.000000 0.000000 0.000000 1.000000
-0.992430 -0.062970 -0.105437 -9.965800 0.035385 -0.968750 0.245502 -12.316100 -0.117601 0.239913 0.963645 -0.278900 0.000000 0.000000 0.000000 1.000000
-0.993909 -0.070332 -0.084838 -9.965800 0.044336 -0.960005 0.276449 -12.316100 -0.100888 0.271004 0.957277 -0.278900 0.000000 0.000000 0.000000 1.000000
-0.996530 -0.064131 -0.053065 -9.965800 0.042980 -0.942378 0.331777 -12.316100 -0.071284 0.328345 0.941864 -0.278900 0.000000 0.000000 0.000000 1.000000
-0.998348 -0.048361 -0.031029 -9.965800 0.032559 -0.921081 0.388008 -12.316100 -0.047345 0.386357 0.921133 -0.278900 0.000000 0.000000 0.000000 1.000000
-0.999153 -0.027939 -0.030225 -9.965800 0.011867 -0.898688 0.438428 -12.316100 -0.039412 0.437698 0.898258 -0.278900 0.000000 0.000000 0.000000 1.000000
-0.999166 -0.007594 -0.040116 -9.965800 -0.012945 -0.872928 0.487677 -12.316100 -0.038722 0.487790 0.872102 -0.278900 0.000000 0.000000 0.000000 1.000000
-0.998548 0.016137 -0.051391 -9.965800 -0.041008 -0.846353 0.531041 -12.316100 -0.034925 0.532378 0.845786 -0.278900 0.000000 0.000000 0.000000 1.000000
-0.997055 0.045388 -0.061822 -9.965800 -0.071939 -0.832900 0.548729 -12.316100 -0.026586 0.551560 0.833712 -0.278900 0.000000 0.000000 0.000000 1.000000
-0.995192 0.071257 -0.067191 -9.965800 -0.096778 -0.820822 0.562926 -12.316100 -0.015040 0.566722 0.823772 -0.278900 0.000000 0.000000 0.000000 1.000000
-0.994299 0.083229 -0.066653 -9.965800 -0.106619 -0.784219 0.611255 -12.316100 -0.001396 0.614877 0.788622 -0.278900 0.000000 0.000000 0.000000 1.000000
-0.994698 0.082294 -0.061669 -9.965800 -0.102509 -0.745630 0.658428 -12.316100 0.008203 0.661259 0.750113 -0.278900 0.000000 0.000000 0.000000 1.000000
-0.996169 0.062199 -0.061466 -9.965800 -0.087418 -0.690671 0.717866 -12.316100 0.002197 0.720489 0.693463 -0.278900 0.000000 0.000000 0.000000 1.000000
-0.998351 0.025784 -0.051280 -9.965800 -0.055760 -0.647502 0.760021 -12.316100 -0.013608 0.761627 0.647872 -0.278900 0.000000 0.000000 0.000000 1.000000
-0.999280 -0.007340 -0.037214 -9.965800 -0.024002 -0.637323 0.770223 -12.316100 -0.029370 0.770562 0.636688 -0.278900 0.000000 0.000000 0.000000 1.000000
-0.998618 -0.024851 -0.046305 -9.965800 -0.017619 -0.671797 0.740525 -12.316100 -0.049510 0.740318 0.670431 -0.278900 0.000000 0.000000 0.000000 1.000000
-0.995260 -0.054464 -0.080567 -9.965800 -0.018711 -0.705737 0.708227 -12.316100 -0.095431 0.706377 0.701373 -0.278900 0.000000 0.000000 0.000000 1.000000
-0.988930 -0.090623 -0.117491 -9.965800 -0.019498 -0.705591 0.708351 -12.316100 -0.147093 0.702801 0.696013 -0.278900 0.000000 0.000000 0.000000 1.000000
-0.987443 -0.094332 -0.126723 -9.965800 -0.018567 -0.727295 0.686074 -12.316100 -0.156884 0.679812 0.716410 -0.278900 0.000000 0.000000 0.000000 1.000000
-0.987064 -0.099096 -0.126032 -9.965800 -0.004694 -0.767904 0.640547 -12.316100 -0.160256 0.632853 0.757506 -0.278900 0.000000 0.000000 0.000000 1.000000
-0.987149 -0.100067 -0.124590 -9.965800 0.008718 -0.812222 0.583283 -12.316100 -0.159562 0.574701 0.802657 -0.278900 0.000000 0.000000 0.000000 1.000000
-0.987144 -0.103231 -0.122023 -9.965800 0.024604 -0.852488 0.522167 -12.316100 -0.157927 0.512452 0.844069 -0.278900 0.000000 0.000000 0.000000 1.000000
-0.987235 -0.104978 -0.119779 -9.965800 0.037903 -0.885289 0.463494 -12.316100 -0.154696 0.453038 0.877967 -0.278900 0.000000 0.000000 0.000000 1.000000
-0.987677 -0.102554 -0.118222 -9.965800 0.045310 -0.910411 0.411216 -12.316100 -0.149803 0.400792 0.903839 -0.278900 0.000000 0.000000 0.000000 1.000000
-0.988392 -0.099019 -0.115228 -9.965800 0.050397 -0.929177 0.366182 -12.316100 -0.143326 0.356125 0.923381 -0.278900 0.000000 0.000000 0.000000 1.000000
-0.988286 -0.098612 -0.116476 -9.965800 0.055745 -0.943727 0.325992 -12.316100 -0.142069 0.315681 0.938170 -0.278900 0.000000 0.000000 0.000000 1.000000
-0.987901 -0.097903 -0.120279 -9.965800 0.059496 -0.955464 0.289048 -12.316100 -0.143221 0.278395 0.949728 -0.278900 0.000000 0.000000 0.000000 1.000000
-0.987582 -0.095058 -0.125084 -9.965800 0.060908 -0.965574 0.252896 -12.316100 -0.144818 0.242137 0.959373 -0.278900 0.000000 0.000000 0.000000 1.000000</float_array>
        <technique_common>
          <accessor source="#mixamorig_RightUpLeg-Matrix-animation-output-transform-array" count="91" stride="16">
            <param type="float4x4"/>
          </accessor>
        </technique_common>
      </source>
      <source id="mixamorig_RightUpLeg-Interpolations">
        <Name_array id="mixamorig_RightUpLeg-Interpolations-array" count="91">
 LINEAR LINEAR LINEAR LINEAR LINEAR LINEAR LINEAR LINEAR LINEAR LINEAR LINEAR
LINEAR LINEAR LINEAR LINEAR LINEAR LINEAR LINEAR LINEAR LINEAR LINEAR LINEAR LINEAR
LINEAR LINEAR LINEAR LINEAR LINEAR LINEAR LINEAR LINEAR LINEAR LINEAR LINEAR LINEAR
LINEAR LINEAR LINEAR LINEAR LINEAR LINEAR LINEAR LINEAR LINEAR LINEAR LINEAR LINEAR
LINEAR LINEAR LINEAR LINEAR LINEAR LINEAR LINEAR LINEAR LINEAR LINEAR LINEAR LINEAR
LINEAR LINEAR LINEAR LINEAR LINEAR LINEAR LINEAR LINEAR LINEAR LINEAR LINEAR LINEAR
LINEAR LINEAR LINEAR LINEAR LINEAR LINEAR LINEAR LINEAR LINEAR LINEAR LINEAR LINEAR
LINEAR LINEAR LINEAR LINEAR LINEAR LINEAR LINEAR LINEAR</Name_array>
        <technique_common>
          <accessor source="#mixamorig_RightUpLeg-Interpolations-array" count="91">
            <param type="name"/>
          </accessor>
        </technique_common>
      </source>
      <sampler id="mixamorig_RightUpLeg-Matrix-animation-transform">
        <input semantic="INPUT" source="#mixamorig_RightUpLeg-Matrix-animation-input"/>
        <input semantic="OUTPUT" source="#mixamorig_RightUpLeg-Matrix-animation-output-transform"/>
        <input semantic="INTERPOLATION" source="#mixamorig_RightUpLeg-Interpolations"/>
      </sampler>
      <channel source="#mixamorig_RightUpLeg-Matrix-animation-transform" target="mixamorig_RightUpLeg/matrix"/>
    </animation>
    <animation id="mixamorig_RightLeg-anim" name="mixamorig_RightLeg">
      <source id="mixamorig_RightLeg-Matrix-animation-input">
        <float_array id="mixamorig_RightLeg-Matrix-animation-input-array" count="91">

0.000000 0.033333 0.066667 0.100000 0.133333 0.166667 0.200000 0.233333 0.266667 0.300000 0.333333 0.366667 0.400000 0.433333 0.466667 0.500000
0.533333 0.566667 0.600000 0.633333 0.666667 0.700000 0.733333 0.766667 0.800000 0.833333 0.866667 0.900000 0.933333 0.966667 1.000000 1.033333
1.066667 1.100000 1.133333 1.166667 1.200000 1.233333 1.266667 1.300000 1.333333 1.366667 1.400000 1.433333 1.466667 1.500000 1.533333 1.566667
1.600000 1.633333 1.666667 1.700000 1.733333 1.766667 1.800000 1.833333 1.866667 1.900000 1.933333 1.966667 2.000000 2.033333 2.066667 2.100000
2.133333 2.166667 2.200000 2.233333 2.266667 2.300000 2.333333 2.366667 2.400000 2.433333 2.466667 2.500000 2.533333 2.566667 2.600000 2.633333
2.666667 2.700000 2.733333 2.766667 2.800000 2.833333 2.866667 2.900000 2.933333 2.966667 3.000000</float_array>
        <technique_common>
          <accessor source="#mixamorig_RightLeg-Matrix-animation-input-array" count="91">
            <param name="TIME" type="float"/>
          </accessor>
        </technique_common>
      </source>
      <source id="mixamorig_RightLeg-Matrix-animation-output-transform">
        <float_array id="mixamorig_RightLeg-Matrix-animation-output-transform-array" count="1456">

0.984841 -0.013436 0.172940 0.000000 -0.057711 0.914820 0.399717 46.747700 -0.163579 -0.403638 0.900177 0.000000 0.000000 0.000000 0.000000 1.000000
0.985049 -0.013200 0.171770 -0.000000 -0.059564 0.909475 0.411471 46.747700 -0.161652 -0.415550 0.895090 0.000000 0.000000 0.000000 0.000000 1.000000
0.985290 -0.013047 0.170390 -0.000000 -0.060168 0.906749 0.417357 46.747700 -0.159946 -0.421470 0.892626 0.000000 0.000000 0.000000 0.000000 1.000000
0.985459 -0.012999 0.169416 -0.000000 -0.060235 0.905587 0.419861 46.747700 -0.158879 -0.423961 0.891636 0.000000 0.000000 0.000000 0.000000 1.000000
0.985536 -0.012997 0.168968 0.000000 -0.060067 0.905532 0.420004 46.747700 -0.158464 -0.424079 0.891654 -0.000000 0.000000 0.000000 0.000000 1.000000
0.985560 -0.012969 0.168832 0.000000 -0.060192 0.905109 0.420896 46.747700 -0.158270 -0.424981 0.891259 0.000000 0.000000 0.000000 0.000000 1.000000
0.985514 -0.012893 0.169106 0.000000 -0.060732 0.904155 0.422866 46.747700 -0.158350 -0.427010 0.890274 0.000000 0.000000 0.000000 0.000000 1.000000
0.985389 -0.012833 0.169838 0.000000 -0.061462 0.903179 0.424841 46.747700 -0.158846 -0.429072 0.889193 0.000000 0.000000 0.000000 0.000000 1.000000
0.985327 -0.012804 0.170196 -0.000000 -0.062037 0.902111 0.427022 46.747700 -0.159003 -0.431315 0.888080 0.000000 0.000000 0.000000 0.000000 1.000000
0.985086 -0.012789 0.171589 0.000000 -0.064215 0.897858 0.435578 46.747700 -0.159633 -0.440100 0.883645 0.000000 0.000000 0.000000 0.000000 1.000000
0.984522 -0.013001 0.174776 0.000000 -0.065977 0.896390 0.438328 46.747700 -0.162367 -0.443075 0.881659 0.000000 0.000000 0.000000 0.000000 1.000000
0.983925 -0.013525 0.178067 0.000000 -0.065723 0.899718 0.431496 46.747700 -0.166046 -0.436263 0.884366 0.000000 0.000000 0.000000 0.000000 1.000000
0.986667 -0.012324 0.162286 0.000000 -0.055905 0.910795 0.409055 46.747700 -0.152850 -0.412674 0.897963 0.000000 0.000000 0.000000 0.000000 1.000000
0.997660 -0.005016 0.068184 0.000000 -0.020497 0.929488 0.368283 46.747700 -0.065223 -0.368819 0.927210 0.000000 0.000000 0.000000 0.000000 1.000000
0.999900 0.001352 -0.014066 -0.000000 0.003300 0.945566 0.325415 46.747700 0.013740 -0.325429 0.945467 0.000000 0.000000 0.000000 0.000000 1.000000
0.997154 0.006247 -0.075136 0.000000 0.016087 0.955985 0.292975 46.747700 0.073659 -0.293349 0.953163 0.000000 0.000000 0.000000 0.000000 1.000000
0.992140 0.010002 -0.124732 -0.000000 0.024604 0.961748 0.272828 46.747700 0.122690 -0.273753 0.953943 0.000000 0.000000 0.000000 0.000000 1.000000
0.990454 0.010966 -0.137410 -0.000000 0.032446 0.950279 0.309705 46.747700 0.133974 -0.311206 0.940851 0.000000 0.000000 0.000000 0.000000 1.000000
0.998964 0.003517 -0.045380 0.000000 0.011192 0.947412 0.319819 46.747700 0.044118 -0.319996 0.946391 0.000000 0.000000 0.000000 0.000000 1.000000
0.989849 -0.011684 0.141645 0.000000 -0.040020 0.933376 0.356662 46.747700 -0.136376 -0.358710 0.923433 0.000000 0.000000 0.000000 0.000000 1.000000
0.986190 -0.013923 0.165034 0.000000 -0.052522 0.918736 0.391363 46.747700 -0.157072 -0.394626 0.905317 0.000000 0.000000 0.000000 0.000000 1.000000
0.986163 -0.014033 0.165184 -0.000000 -0.058873 0.901816 0.428090 46.747700 -0.154973 -0.431892 0.888512 0.000000 0.000000 0.000000 0.000000 1.000000
0.992796 -0.010279 0.119377 0.000000 -0.045991 0.887303 0.458887 46.747700 -0.110640 -0.461072 0.880438 0.000000 0.000000 0.000000 0.000000 1.000000
0.996856 -0.006809 0.078941 0.000000 -0.032183 0.875617 0.481933 46.747700 -0.072404 -0.482959 0.872645 -0.000000 0.000000 0.000000 0.000000 1.000000
0.994495 -0.008820 0.104413 0.000000 -0.044943 0.864240 0.501069 46.747700 -0.094658 -0.503003 0.859086 0.000000 0.000000 0.000000 0.000000 1.000000
0.988054 -0.012810 0.153576 0.000000 -0.070190 0.849770 0.522459 46.747700 -0.137197 -0.526997 0.838720 -0.000000 0.000000 0.000000 0.000000 1.000000
0.986931 -0.013382 0.160589 0.000000 -0.077416 0.834640 0.545328 46.747700 -0.141332 -0.550633 0.822696 0.000000 0.000000 0.000000 0.000000 1.000000
0.986817 -0.013397 0.161283 0.000000 -0.080701 0.823092 0.562145 46.747700 -0.140282 -0.567750 0.811160 0.000000 0.000000 0.000000 0.000000 1.000000
0.988302 -0.012611 0.151990 0.000000 -0.077953 0.814794 0.574486 46.747700 -0.131085 -0.579614 0.804279 0.000000 0.000000 0.000000 0.000000 1.000000
0.992670 -0.009981 0.120447 0.000000 -0.063288 0.806102 0.588382 46.747700 -0.102966 -0.591692 0.799562 0.000000 0.000000 0.000000 0.000000 1.000000
0.995197 -0.008048 0.097559 0.000000 -0.052627 0.796351 0.602541 46.747700 -0.082540 -0.604781 0.792103 -0.000000 0.000000 0.000000 0.000000 1.000000
0.996368 -0.006941 0.084865 -0.000000 -0.046853 0.787533 0.614489 46.747700 -0.071099 -0.616233 0.784348 0.000000 0.000000 0.000000 0.000000 1.000000
0.997080 -0.006130 0.076123 -0.000000 -0.043016 0.778526 0.626137 46.747700 -0.063102 -0.627583 0.775988 0.000000 0.000000 0.000000 0.000000 1.000000
0.997505 -0.005577 0.070376 0.000000 -0.040415 0.772241 0.634043 46.747700 -0.057883 -0.635305 0.770089 0.000000 0.000000 0.000000 0.000000 1.000000
0.997573 -0.005408 0.069418 0.000000 -0.040654 0.764147 0.643759 46.747700 -0.056528 -0.645019 0.762073 -0.000000 0.000000 0.000000 0.000000 1.000000
0.997154 -0.005786 0.075169 0.000000 -0.044882 0.755565 0.653534 46.747700 -0.060577 -0.655048 0.753155 0.000000 0.000000 0.000000 0.000000 1.000000
0.997010 -0.005868 0.077055 0.000000 -0.046666 0.749065 0.660851 46.747700 -0.061597 -0.662471 0.746551 0.000000 0.000000 0.000000 0.000000 1.000000
0.997233 -0.005562 0.074136 0.000000 -0.045167 0.746740 0.663580 46.747700 -0.059051 -0.665092 0.744423 -0.000000 0.000000 0.000000 0.000000 1.000000
0.995759 -0.006927 0.091737 0.000000 -0.055387 0.751058 0.657909 46.747700 -0.073457 -0.660199 0.747490 -0.000000 0.000000 0.000000 0.000000 1.000000
0.993788 -0.008433 0.110968 0.000000 -0.065551 0.761437 0.644916 46.747700 -0.089934 -0.648184 0.756154 -0.000000 0.000000 0.000000 0.000000 1.000000
0.991434 -0.009936 0.130233 0.000000 -0.074776 0.774348 0.628326 46.747700 -0.107089 -0.632681 0.766972 0.000000 0.000000 0.000000 0.000000 1.000000
0.989908 -0.010753 0.141300 0.000000 -0.078661 0.787697 0.611021 46.747700 -0.117872 -0.615969 0.778902 0.000000 0.000000 0.000000 0.000000 1.000000
0.992711 -0.009008 0.120183 -0.000000 -0.064856 0.800576 0.595711 46.747700 -0.101582 -0.599163 0.794157 0.000000 0.000000 0.000000 0.000000 1.000000
0.996041 -0.006434 0.088657 0.000000 -0.046462 0.812602 0.580964 46.747700 -0.075781 -0.582783 0.809086 -0.000000 0.000000 0.000000 0.000000 1.000000
0.998919 -0.003092 0.046389 -0.000000 -0.023791 0.823253 0.567177 46.747700 -0.039944 -0.567667 0.822289 0.000000 0.000000 0.000000 0.000000 1.000000
0.999974 -0.000015 0.007239 0.000000 -0.004014 0.831118 0.556082 46.747700 -0.006025 -0.556097 0.831096 0.000000 0.000000 0.000000 0.000000 1.000000
0.999370 0.003336 -0.035337 -0.000000 0.016447 0.838716 0.544321 46.747700 0.031453 -0.544559 0.838132 0.000000 0.000000 0.000000 0.000000 1.000000
0.996150 0.007362 -0.087359 0.000000 0.039550 0.851569 0.522749 46.747700 0.078241 -0.524191 0.847999 -0.000000 0.000000 0.000000 0.000000 1.000000
0.990786 0.010893 -0.135000 0.000000 0.057889 0.867068 0.494816 46.747700 0.122444 -0.498071 0.858448 0.000000 0.000000 0.000000 0.000000 1.000000
0.985560 0.013497 -0.168789 0.000000 0.076576 0.853536 0.515376 46.747700 0.151023 -0.520859 0.840177 -0.000000 0.000000 0.000000 0.000000 1.000000
0.985331 0.013375 -0.170131 0.000000 0.076338 0.857078 0.509500 46.747700 0.152630 -0.515014 0.843484 0.000000 0.000000 0.000000 0.000000 1.000000
0.985081 0.013121 -0.171588 0.000000 0.073692 0.868881 0.489505 46.747700 0.155512 -0.494847 0.854952 0.000000 0.000000 0.000000 0.000000 1.000000
0.985437 0.012763 -0.169563 -0.000000 0.067101 0.887067 0.456738 46.747700 0.156243 -0.461465 0.873292 0.000000 0.000000 0.000000 0.000000 1.000000
0.986586 0.012648 -0.162750 0.000000 0.056419 0.909135 0.412663 46.747700 0.153181 -0.416309 0.896227 0.000000 0.000000 0.000000 0.000000 1.000000
0.988465 0.012219 -0.150954 0.000000 0.046765 0.923403 0.380971 46.747700 0.144046 -0.383636 0.912181 0.000000 0.000000 0.000000 0.000000 1.000000
0.990719 0.011132 -0.135469 0.000000 0.038960 0.931568 0.361473 46.747700 0.130222 -0.363396 0.922489 -0.000000 0.000000 0.000000 0.000000 1.000000
0.995408 0.007884 -0.095396 0.000000 0.026781 0.933861 0.356632 46.747700 0.091898 -0.357549 0.929362 0.000000 0.000000 0.000000 0.000000 1.000000
0.999722 0.002086 -0.023506 0.000000 0.007473 0.916837 0.399192 46.747700 0.022384 -0.399256 0.916566 -0.000000 0.000000 0.000000 0.000000 1.000000
0.999223 -0.003225 0.039280 0.000000 -0.014537 0.896214 0.443383 46.747700 -0.036633 -0.443610 0.895471 0.000000 0.000000 0.000000 0.000000 1.000000
0.996910 -0.006215 0.078309 -0.000000 -0.031161 0.883794 0.466837 46.747700 -0.072110 -0.467835 0.880869 0.000000 0.000000 0.000000 0.000000 1.000000
0.998618 -0.004124 0.052385 0.000000 -0.023051 0.861492 0.507248 46.747700 -0.047221 -0.507755 0.860206 0.000000 0.000000 0.000000 0.000000 1.000000
0.999948 -0.000821 0.010127 0.000000 -0.005221 0.813559 0.581459 46.747700 -0.008717 -0.581481 0.813513 0.000000 0.000000 0.000000 0.000000 1.000000
0.999544 0.002669 -0.030090 0.000000 0.015754 0.803840 0.594637 46.747700 0.025774 -0.594839 0.803431 0.000000 0.000000 0.000000 0.000000 1.000000
0.997332 0.006141 -0.072744 -0.000000 0.033475 0.847050 0.530458 46.747700 0.064876 -0.531478 0.844584 0.000000 0.000000 0.000000 0.000000 1.000000
0.993724 0.009215 -0.111480 -0.000000 0.053931 0.833653 0.549649 46.747700 0.098000 -0.552212 0.827924 0.000000 0.000000 0.000000 0.000000 1.000000
0.996963 0.006549 -0.077596 0.000000 0.044689 0.767920 0.638985 46.747700 0.063772 -0.640513 0.765295 0.000000 0.000000 0.000000 0.000000 1.000000
0.999548 -0.002009 0.030004 -0.000000 -0.020337 0.689819 0.723696 46.747700 -0.022151 -0.723979 0.689467 0.000000 0.000000 0.000000 0.000000 1.000000
0.990268 -0.010954 0.138741 0.000000 -0.098029 0.652730 0.751221 46.747700 -0.098789 -0.757511 0.645304 0.000000 0.000000 0.000000 0.000000 1.000000
0.986186 -0.013037 0.165129 -0.000000 -0.118530 0.640825 0.758481 46.747700 -0.115707 -0.767576 0.630427 0.000000 0.000000 0.000000 0.000000 1.000000
0.985619 -0.013248 0.168461 0.000000 -0.120023 0.646872 0.753095 46.747700 -0.118949 -0.762484 0.635979 0.000000 0.000000 0.000000 0.000000 1.000000
0.984322 -0.013731 0.175847 0.000000 -0.119876 0.679248 0.724053 46.747700 -0.129386 -0.733781 0.666952 0.000000 0.000000 0.000000 0.000000 1.000000
0.984311 -0.013723 0.175905 0.000000 -0.107003 0.746279 0.656976 46.747700 -0.140290 -0.665492 0.733103 0.000000 0.000000 0.000000 0.000000 1.000000
0.984281 -0.013966 0.176055 0.000000 -0.087949 0.825705 0.557204 46.747700 -0.153152 -0.563929 0.811498 -0.000000 0.000000 0.000000 0.000000 1.000000
0.984545 -0.014182 0.174558 0.000000 -0.066792 0.890977 0.449109 46.747700 -0.161897 -0.453827 0.876259 -0.000000 0.000000 0.000000 0.000000 1.000000
0.985984 -0.013108 0.166325 0.000000 -0.047040 0.934624 0.352514 46.747700 -0.160072 -0.355397 0.920907 0.000000 0.000000 0.000000 0.000000 1.000000
0.986609 -0.012550 0.162618 0.000000 -0.035971 0.955743 0.291996 46.747700 -0.159085 -0.293936 0.942493 0.000000 0.000000 0.000000 0.000000 1.000000
0.988781 -0.011424 0.148932 0.000000 -0.029151 0.963141 0.267414 46.747700 -0.146497 -0.268756 0.952003 -0.000000 0.000000 0.000000 0.000000 1.000000
0.989277 -0.011316 0.145610 0.000000 -0.027872 0.964042 0.264283 46.747700 -0.143365 -0.265507 0.953390 0.000000 0.000000 0.000000 0.000000 1.000000
0.987430 -0.012426 0.157567 0.000000 -0.032182 0.960217 0.277396 46.747700 -0.154745 -0.278979 0.947747 -0.000000 0.000000 0.000000 0.000000 1.000000
0.988569 -0.011944 0.150292 0.000000 -0.039493 0.941532 0.334600 46.747700 -0.145501 -0.336711 0.930298 0.000000 0.000000 0.000000 0.000000 1.000000
0.995332 -0.007401 0.096227 -0.000000 -0.035752 0.897840 0.438867 46.747700 -0.089644 -0.440259 0.893384 0.000000 0.000000 0.000000 0.000000 1.000000
0.992356 -0.009502 0.123042 -0.000000 -0.050738 0.877451 0.476975 46.747700 -0.112495 -0.479572 0.870262 0.000000 0.000000 0.000000 0.000000 1.000000
0.989262 -0.011289 0.145715 0.000000 -0.059620 0.879116 0.472865 46.747700 -0.133438 -0.476475 0.869003 0.000000 0.000000 0.000000 0.000000 1.000000
0.991542 -0.010093 0.129393 0.000000 -0.050477 0.888491 0.456110 46.747700 -0.119568 -0.458784 0.880466 0.000000 0.000000 0.000000 0.000000 1.000000
0.991553 -0.010221 0.129297 0.000000 -0.048380 0.895792 0.441833 46.747700 -0.120339 -0.444357 0.887731 0.000000 0.000000 0.000000 0.000000 1.000000
0.991720 -0.010268 0.128005 0.000000 -0.045957 0.902403 0.428435 46.747700 -0.119911 -0.430770 0.894460 0.000000 0.000000 0.000000 0.000000 1.000000
0.993193 -0.009408 0.116100 0.000000 -0.040566 0.906398 0.420473 46.747700 -0.109189 -0.422320 0.899846 0.000000 0.000000 0.000000 0.000000 1.000000
0.994149 -0.008773 0.107660 0.000000 -0.037067 0.908466 0.416312 46.747700 -0.101457 -0.417867 0.902825 0.000000 0.000000 0.000000 0.000000 1.000000
0.993171 -0.009485 0.116278 0.000000 -0.039518 0.910414 0.411806 46.747700 -0.109767 -0.413589 0.903823 0.000000 0.000000 0.000000 0.000000 1.000000
0.989666 -0.011513 0.142930 0.000000 -0.048226 0.911982 0.407386 46.747700 -0.135040 -0.410069 0.902002 0.000000 0.000000 0.000000 0.000000 1.000000
0.984841 -0.013435 0.172940 0.000000 -0.057711 0.914820 0.399716 46.747700 -0.163580 -0.403637 0.900177 0.000000 0.000000 0.000000 0.000000 1.000000</float_array>
        <technique_common>
          <accessor source="#mixamorig_RightLeg-Matrix-animation-output-transform-array" count="91" stride="16">
            <param type="float4x4"/>
          </accessor>
        </technique_common>
      </source>
      <source id="mixamorig_RightLeg-Interpolations">
        <Name_array id="mixamorig_RightLeg-Interpolations-array" count="91">
 LINEAR LINEAR LINEAR LINEAR LINEAR LINEAR LINEAR LINEAR LINEAR LINEAR LINEAR
LINEAR LINEAR LINEAR LINEAR LINEAR LINEAR LINEAR LINEAR LINEAR LINEAR LINEAR LINEAR
LINEAR LINEAR LINEAR LINEAR LINEAR LINEAR LINEAR LINEAR LINEAR LINEAR LINEAR LINEAR
LINEAR LINEAR LINEAR LINEAR LINEAR LINEAR LINEAR LINEAR LINEAR LINEAR LINEAR LINEAR
LINEAR LINEAR LINEAR LINEAR LINEAR LINEAR LINEAR LINEAR LINEAR LINEAR LINEAR LINEAR
LINEAR LINEAR LINEAR LINEAR LINEAR LINEAR LINEAR LINEAR LINEAR LINEAR LINEAR LINEAR
LINEAR LINEAR LINEAR LINEAR LINEAR LINEAR LINEAR LINEAR LINEAR LINEAR LINEAR LINEAR
LINEAR LINEAR LINEAR LINEAR LINEAR LINEAR LINEAR LINEAR</Name_array>
        <technique_common>
          <accessor source="#mixamorig_RightLeg-Interpolations-array" count="91">
            <param type="name"/>
          </accessor>
        </technique_common>
      </source>
      <sampler id="mixamorig_RightLeg-Matrix-animation-transform">
        <input semantic="INPUT" source="#mixamorig_RightLeg-Matrix-animation-input"/>
        <input semantic="OUTPUT" source="#mixamorig_RightLeg-Matrix-animation-output-transform"/>
        <input semantic="INTERPOLATION" source="#mixamorig_RightLeg-Interpolations"/>
      </sampler>
      <channel source="#mixamorig_RightLeg-Matrix-animation-transform" target="mixamorig_RightLeg/matrix"/>
    </animation>
    <animation id="mixamorig_RightFoot-anim" name="mixamorig_RightFoot">
      <source id="mixamorig_RightFoot-Matrix-animation-input">
        <float_array id="mixamorig_RightFoot-Matrix-animation-input-array" count="91">

0.000000 0.033333 0.066667 0.100000 0.133333 0.166667 0.200000 0.233333 0.266667 0.300000 0.333333 0.366667 0.400000 0.433333 0.466667 0.500000
0.533333 0.566667 0.600000 0.633333 0.666667 0.700000 0.733333 0.766667 0.800000 0.833333 0.866667 0.900000 0.933333 0.966667 1.000000 1.033333
1.066667 1.100000 1.133333 1.166667 1.200000 1.233333 1.266667 1.300000 1.333333 1.366667 1.400000 1.433333 1.466667 1.500000 1.533333 1.566667
1.600000 1.633333 1.666667 1.700000 1.733333 1.766667 1.800000 1.833333 1.866667 1.900000 1.933333 1.966667 2.000000 2.033333 2.066667 2.100000
2.133333 2.166667 2.200000 2.233333 2.266667 2.300000 2.333333 2.366667 2.400000 2.433333 2.466667 2.500000 2.533333 2.566667 2.600000 2.633333
2.666667 2.700000 2.733333 2.766667 2.800000 2.833333 2.866667 2.900000 2.933333 2.966667 3.000000</float_array>
        <technique_common>
          <accessor source="#mixamorig_RightFoot-Matrix-animation-input-array" count="91">
            <param name="TIME" type="float"/>
          </accessor>
        </technique_common>
      </source>
      <source id="mixamorig_RightFoot-Matrix-animation-output-transform">
        <float_array id="mixamorig_RightFoot-Matrix-animation-output-transform-array" count="1456">

0.911759 0.325248 0.250816 0.000000 0.068285 0.482130 -0.873435 46.818001 -0.405009 0.813489 0.417377 0.000000 0.000000 0.000000 0.000000 1.000000
0.905086 0.335036 0.261859 0.000000 0.087579 0.455734 -0.885797 46.818001 -0.416112 0.824656 0.383136 -0.000000 0.000000 0.000000 0.000000 1.000000
0.901686 0.338445 0.269104 0.000000 0.106309 0.429733 -0.896676 46.818001 -0.419118 0.837129 0.351505 0.000000 0.000000 0.000000 0.000000 1.000000
0.897900 0.342705 0.276278 0.000000 0.123826 0.405644 -0.905605 46.818001 -0.422426 0.847353 0.321792 0.000000 0.000000 0.000000 0.000000 1.000000
0.898848 0.340835 0.275507 0.000000 0.133683 0.385451 -0.912993 46.818001 -0.417374 0.857472 0.300899 0.000000 0.000000 0.000000 0.000000 1.000000
0.906791 0.326868 0.266248 0.000000 0.137503 0.367698 -0.919724 46.818001 -0.398527 0.870607 0.288479 -0.000000 0.000000 0.000000 0.000000 1.000000
0.917854 0.304902 0.254123 -0.000000 0.139498 0.351598 -0.925699 46.818001 -0.371596 0.885107 0.280182 -0.000000 0.000000 0.000000 0.000000 1.000000
0.931204 0.275976 0.238110 -0.000000 0.139296 0.334230 -0.932141 46.818001 -0.336832 0.901181 0.272794 -0.000000 0.000000 0.000000 0.000000 1.000000
0.945165 0.240697 0.220746 -0.000000 0.138386 0.317071 -0.938251 46.818001 -0.295826 0.917350 0.266376 -0.000000 0.000000 0.000000 0.000000 1.000000
0.959898 0.196782 0.199683 -0.000000 0.134952 0.299979 -0.944352 46.818001 -0.245732 0.933429 0.261393 -0.000000 0.000000 0.000000 0.000000 1.000000
0.975386 0.140688 0.169792 0.000000 0.124184 0.285811 -0.950206 46.818001 -0.182211 0.947902 0.261304 -0.000000 0.000000 0.000000 0.000000 1.000000
0.989594 0.066899 0.127387 0.000000 0.103844 0.280758 -0.954144 46.818001 -0.099596 0.957444 0.270890 -0.000000 0.000000 0.000000 0.000000 1.000000
0.996651 -0.002199 0.081743 0.000000 0.078728 0.296023 -0.951931 46.818001 -0.022105 0.955178 0.295205 0.000000 0.000000 0.000000 0.000000 1.000000
0.998201 -0.001985 0.059922 0.000000 0.057080 0.337263 -0.939678 46.818001 -0.018344 0.941408 0.336770 -0.000000 0.000000 0.000000 0.000000 1.000000
0.998567 -0.006236 0.053144 -0.000000 0.051344 0.391265 -0.918845 46.818001 -0.015063 0.920257 0.391025 -0.000000 0.000000 0.000000 0.000000 1.000000
0.998093 -0.018587 0.058857 -0.000000 0.060906 0.451165 -0.890360 46.818001 -0.010005 0.892247 0.451437 -0.000000 0.000000 0.000000 0.000000 1.000000
0.999203 -0.011740 0.038151 -0.000000 0.038864 0.504111 -0.862764 46.818001 -0.009104 0.863559 0.504165 0.000000 0.000000 0.000000 0.000000 1.000000
0.997605 -0.030687 0.061995 -0.000000 0.068921 0.517598 -0.852843 46.818001 -0.005917 0.855073 0.518473 0.000000 0.000000 0.000000 0.000000 1.000000
0.995991 -0.041810 0.079086 0.000000 0.089205 0.530506 -0.842975 46.818001 -0.006711 0.846650 0.532108 0.000000 0.000000 0.000000 0.000000 1.000000
0.995155 -0.044855 0.087487 -0.000000 0.097687 0.551600 -0.828368 46.818001 -0.011102 0.832902 0.553310 0.000000 0.000000 0.000000 0.000000 1.000000
0.994916 -0.043946 0.090618 -0.000000 0.099427 0.571855 -0.814307 46.818001 -0.016035 0.819176 0.573317 0.000000 0.000000 0.000000 0.000000 1.000000
0.994692 -0.043209 0.093383 0.000000 0.100890 0.587839 -0.802662 46.818001 -0.020212 0.807823 0.589078 0.000000 0.000000 0.000000 0.000000 1.000000
0.994560 -0.041165 0.095690 0.000000 0.101274 0.597146 -0.795714 46.818001 -0.024386 0.801076 0.598066 0.000000 0.000000 0.000000 0.000000 1.000000
0.994327 -0.039922 0.098591 0.000000 0.102642 0.603282 -0.790895 46.818001 -0.027904 0.796528 0.603958 0.000000 0.000000 0.000000 0.000000 1.000000
0.993730 -0.041300 0.103899 0.000000 0.107510 0.608116 -0.786535 46.818001 -0.030699 0.792773 0.608743 0.000000 0.000000 0.000000 0.000000 1.000000
0.992955 -0.044057 0.109999 0.000000 0.113899 0.610895 -0.783476 46.818001 -0.032680 0.790485 0.611609 -0.000000 0.000000 0.000000 0.000000 1.000000
0.992365 -0.046288 0.114321 -0.000000 0.118659 0.611144 -0.782575 46.818001 -0.033642 0.790165 0.611970 0.000000 0.000000 0.000000 0.000000 1.000000
0.991793 -0.048779 0.118181 0.000000 0.123297 0.609463 -0.783168 46.818001 -0.033825 0.791312 0.610476 0.000000 0.000000 0.000000 0.000000 1.000000
0.991261 -0.051346 0.121510 -0.000000 0.127642 0.605846 -0.785276 46.818001 -0.033296 0.793924 0.607105 -0.000000 0.000000 0.000000 0.000000 1.000000
0.990846 -0.053593 0.123904 -0.000000 0.131129 0.600240 -0.788998 46.818001 -0.032088 0.798023 0.601773 -0.000000 0.000000 0.000000 0.000000 1.000000
0.990376 -0.056204 0.126480 0.000000 0.135016 0.593315 -0.793567 46.818001 -0.030441 0.803006 0.595193 0.000000 0.000000 0.000000 0.000000 1.000000
0.989829 -0.059147 0.129386 0.000000 0.139393 0.585025 -0.798947 46.818001 -0.028439 0.808856 0.587319 -0.000000 0.000000 0.000000 0.000000 1.000000
0.989238 -0.062194 0.132437 0.000000 0.143958 0.575497 -0.805034 46.818001 -0.026149 0.815436 0.578257 0.000000 0.000000 0.000000 0.000000 1.000000
0.988599 -0.065250 0.135701 0.000000 0.148705 0.564610 -0.811851 46.818001 -0.023645 0.822775 0.567875 -0.000000 0.000000 0.000000 0.000000 1.000000
0.987874 -0.068339 0.139410 0.000000 0.153830 0.552345 -0.819299 46.818001 -0.021012 0.830810 0.556160 0.000000 0.000000 0.000000 0.000000 1.000000
0.987052 -0.071381 0.143642 0.000000 0.159350 0.538697 -0.827292 46.818001 -0.018327 0.839470 0.543097 0.000000 0.000000 0.000000 0.000000 1.000000
0.986181 -0.074103 0.148174 0.000000 0.164931 0.523592 -0.835852 46.818001 -0.015644 0.848740 0.528578 0.000000 0.000000 0.000000 0.000000 1.000000
0.985257 -0.076439 0.153054 0.000000 0.170585 0.507003 -0.844896 46.818001 -0.013016 0.858548 0.512568 0.000000 0.000000 0.000000 0.000000 1.000000
0.984130 -0.078767 0.159008 0.000000 0.177154 0.487701 -0.854848 46.818001 -0.010214 0.869450 0.493915 0.000000 0.000000 0.000000 0.000000 1.000000
0.982898 -0.080632 0.165557 0.000000 0.184005 0.465485 -0.865717 46.818001 -0.007259 0.881375 0.472361 0.000000 0.000000 0.000000 0.000000 1.000000
0.981546 -0.081906 0.172795 0.000000 0.191173 0.441190 -0.876815 46.818001 -0.004419 0.893668 0.448707 -0.000000 0.000000 0.000000 0.000000 1.000000
0.980119 -0.082334 0.180521 0.000000 0.198400 0.416049 -0.887435 46.818001 -0.002039 0.905607 0.424112 0.000000 0.000000 0.000000 0.000000 1.000000
0.978714 -0.081529 0.188338 0.000000 0.205227 0.390949 -0.897241 46.818001 -0.000479 0.916794 0.399360 0.000000 0.000000 0.000000 0.000000 1.000000
0.978530 -0.070036 0.193841 0.000000 0.205960 0.367556 -0.906909 46.818001 -0.007731 0.927361 0.374089 0.000000 0.000000 0.000000 0.000000 1.000000
0.980279 -0.038023 0.193925 0.000000 0.194937 0.347133 -0.917332 46.818001 -0.032438 0.937045 0.347699 -0.000000 0.000000 0.000000 0.000000 1.000000
0.981013 -0.001141 0.193938 -0.000000 0.183450 0.329897 -0.926021 46.818001 -0.062923 0.944016 0.323843 0.000000 0.000000 0.000000 0.000000 1.000000
0.979957 0.033945 0.196295 -0.000000 0.174890 0.325205 -0.929331 46.818001 -0.095382 0.945034 0.312750 0.000000 0.000000 0.000000 0.000000 1.000000
0.976724 0.098883 0.190347 0.000000 0.138608 0.386283 -0.911906 46.818001 -0.163700 0.917065 0.363586 0.000000 0.000000 0.000000 0.000000 1.000000
0.968242 0.189511 0.163074 0.000000 0.051769 0.486154 -0.872339 46.818001 -0.244596 0.853077 0.460904 0.000000 0.000000 0.000000 0.000000 1.000000
0.953779 0.229698 0.193765 0.000000 0.056262 0.496894 -0.865985 46.818001 -0.295195 0.836860 0.461004 0.000000 0.000000 0.000000 0.000000 1.000000
0.948129 0.238929 0.209676 0.000000 0.074442 0.474372 -0.877171 46.818001 -0.309046 0.847281 0.431979 0.000000 0.000000 0.000000 0.000000 1.000000
0.943366 0.258899 0.207440 0.000000 0.077932 0.434848 -0.897125 46.818001 -0.322470 0.862484 0.390045 -0.000000 0.000000 0.000000 0.000000 1.000000
0.939804 0.275880 0.201638 0.000000 0.076988 0.403964 -0.911529 46.818001 -0.332928 0.872183 0.358408 0.000000 0.000000 0.000000 0.000000 1.000000
0.937641 0.286260 0.197191 -0.000000 0.073842 0.390303 -0.917721 46.818001 -0.339671 0.875054 0.344826 -0.000000 0.000000 0.000000 0.000000 1.000000
0.939820 0.284621 0.189021 0.000000 0.071612 0.376849 -0.923502 46.818001 -0.334080 0.881462 0.333788 0.000000 0.000000 0.000000 0.000000 1.000000
0.946263 0.272740 0.173779 0.000000 0.067951 0.357678 -0.931369 46.818001 -0.316179 0.893129 0.319925 0.000000 0.000000 0.000000 0.000000 1.000000
0.961614 0.231378 0.147521 0.000000 0.064468 0.332062 -0.941052 46.818001 -0.266725 0.914439 0.304399 0.000000 0.000000 0.000000 0.000000 1.000000
0.981993 0.151722 0.112564 0.000000 0.066001 0.282766 -0.956916 46.818001 -0.177015 0.947113 0.267660 0.000000 0.000000 0.000000 0.000000 1.000000
0.994231 0.067936 0.083002 0.000000 0.066233 0.219831 -0.973287 46.818001 -0.084368 0.973170 0.214063 0.000000 0.000000 0.000000 0.000000 1.000000
0.997706 -0.004640 0.067530 -0.000000 0.067402 0.159915 -0.984827 46.818001 -0.006230 0.987120 0.159861 0.000000 0.000000 0.000000 0.000000 1.000000
0.997664 -0.017282 0.066094 0.000000 0.067449 0.095527 -0.993139 46.818001 0.010849 0.995277 0.096469 -0.000000 0.000000 0.000000 0.000000 1.000000
0.997806 -0.015392 0.064385 -0.000000 0.064500 0.007154 -0.997892 46.818001 0.014899 0.999856 0.008131 0.000000 0.000000 0.000000 0.000000 1.000000
0.998099 -0.011793 0.060500 0.000000 0.060074 -0.033682 -0.997626 46.818001 0.013803 0.999363 -0.032909 0.000000 0.000000 0.000000 0.000000 1.000000
0.996907 -0.017568 0.076608 0.000000 0.077415 0.051107 -0.995688 46.818001 0.013577 0.998539 0.052309 0.000000 0.000000 0.000000 0.000000 1.000000
0.985207 -0.069628 0.156583 0.000000 0.169317 0.254626 -0.952102 46.818001 0.026423 0.964530 0.262649 0.000000 0.000000 0.000000 0.000000 1.000000
0.966035 -0.124487 0.226449 0.000000 0.257690 0.398679 -0.880142 46.818001 0.019285 0.908602 0.417217 -0.000000 0.000000 0.000000 0.000000 1.000000
0.981621 -0.089177 0.168722 0.000000 0.190138 0.381245 -0.904710 46.818001 0.016355 0.920163 0.391194 -0.000000 0.000000 0.000000 0.000000 1.000000
0.985794 -0.076085 0.149739 -0.000000 0.167128 0.355737 -0.919521 46.818001 0.016694 0.931484 0.363399 0.000000 0.000000 0.000000 0.000000 1.000000
0.985410 -0.075787 0.152394 0.000000 0.169219 0.340307 -0.924963 46.818001 0.018239 0.937255 0.348166 0.000000 0.000000 0.000000 0.000000 1.000000
0.984683 -0.078668 0.155598 0.000000 0.173299 0.343574 -0.922997 46.818001 0.019151 0.935825 0.351945 0.000000 0.000000 0.000000 0.000000 1.000000
0.978578 -0.074553 0.191903 0.000000 0.205863 0.364705 -0.908081 46.818001 -0.002288 0.928134 0.372240 0.000000 0.000000 0.000000 0.000000 1.000000
0.973434 -0.079434 0.214748 0.000000 0.227472 0.442555 -0.867411 46.818001 -0.026136 0.893216 0.448867 0.000000 0.000000 0.000000 0.000000 1.000000
0.970029 -0.076682 0.230573 -0.000000 0.235262 0.533794 -0.812229 46.818001 -0.060795 0.842130 0.535836 0.000000 0.000000 0.000000 0.000000 1.000000
0.964926 -0.062163 0.255057 0.000000 0.243519 0.574871 -0.781167 46.818001 -0.098065 0.815879 0.569846 0.000000 0.000000 0.000000 0.000000 1.000000
0.961386 -0.036284 0.272800 0.000000 0.238921 0.601983 -0.761927 46.818001 -0.136575 0.797684 0.587407 0.000000 0.000000 0.000000 0.000000 1.000000
0.965575 0.004886 0.260078 0.000000 0.203949 0.606374 -0.768580 46.818001 -0.161460 0.795165 0.584503 -0.000000 0.000000 0.000000 0.000000 1.000000
0.976116 0.051114 0.211151 -0.000000 0.151056 0.538848 -0.828749 46.818001 -0.156139 0.840851 0.518257 0.000000 0.000000 0.000000 0.000000 1.000000
0.984367 0.094368 0.148715 0.000000 0.077399 0.526686 -0.846529 46.818001 -0.158211 0.844806 0.511148 -0.000000 0.000000 0.000000 0.000000 1.000000
0.987195 0.131957 0.089629 -0.000000 -0.028102 0.696946 -0.716573 46.818001 -0.157023 0.704878 0.691730 -0.000000 0.000000 0.000000 0.000000 1.000000
0.986687 0.153575 0.053514 0.000000 -0.087164 0.777175 -0.623219 46.818001 -0.137301 0.610257 0.780215 0.000000 0.000000 0.000000 0.000000 1.000000
0.971341 0.203582 0.122679 0.000000 -0.057274 0.701397 -0.710466 46.818001 -0.230685 0.683078 0.692956 0.000000 0.000000 0.000000 0.000000 1.000000
0.969830 0.203885 0.133644 0.000000 -0.031539 0.648539 -0.760528 46.818001 -0.241734 0.733367 0.635403 0.000000 0.000000 0.000000 0.000000 1.000000
0.966020 0.212398 0.147282 0.000000 -0.014519 0.613523 -0.789544 46.818001 -0.258059 0.760577 0.595759 -0.000000 0.000000 0.000000 0.000000 1.000000
0.949860 0.253778 0.182656 0.000000 -0.000680 0.585843 -0.810424 46.818001 -0.312676 0.769665 0.556641 0.000000 0.000000 0.000000 0.000000 1.000000
0.938751 0.275864 0.206506 0.000000 0.014256 0.567668 -0.823134 46.818001 -0.344300 0.775662 0.528967 -0.000000 0.000000 0.000000 0.000000 1.000000
0.927743 0.297326 0.225588 0.000000 0.024202 0.555239 -0.831338 46.818001 -0.372434 0.776728 0.507924 -0.000000 0.000000 0.000000 0.000000 1.000000
0.912664 0.325393 0.247314 0.000000 0.033032 0.544403 -0.838173 46.818001 -0.407374 0.773140 0.486108 -0.000000 0.000000 0.000000 0.000000 1.000000
0.898363 0.349948 0.265481 0.000000 0.043026 0.531378 -0.846042 46.818001 -0.437141 0.771475 0.462313 0.000000 0.000000 0.000000 0.000000 1.000000
0.895627 0.354193 0.269072 0.000000 0.051130 0.518932 -0.853285 46.818001 -0.441857 0.777983 0.446659 -0.000000 0.000000 0.000000 0.000000 1.000000
0.902173 0.342647 0.262064 0.000000 0.059575 0.502721 -0.862394 46.818001 -0.427241 0.793641 0.433128 0.000000 0.000000 0.000000 0.000000 1.000000
0.911760 0.325250 0.250812 0.000000 0.068281 0.482129 -0.873436 46.818001 -0.405009 0.813489 0.417377 -0.000000 0.000000 0.000000 0.000000 1.000000</float_array>
        <technique_common>
          <accessor source="#mixamorig_RightFoot-Matrix-animation-output-transform-array" count="91" stride="16">
            <param type="float4x4"/>
          </accessor>
        </technique_common>
      </source>
      <source id="mixamorig_RightFoot-Interpolations">
        <Name_array id="mixamorig_RightFoot-Interpolations-array" count="91">
 LINEAR LINEAR LINEAR LINEAR LINEAR LINEAR LINEAR LINEAR LINEAR LINEAR LINEAR
LINEAR LINEAR LINEAR LINEAR LINEAR LINEAR LINEAR LINEAR LINEAR LINEAR LINEAR LINEAR
LINEAR LINEAR LINEAR LINEAR LINEAR LINEAR LINEAR LINEAR LINEAR LINEAR LINEAR LINEAR
LINEAR LINEAR LINEAR LINEAR LINEAR LINEAR LINEAR LINEAR LINEAR LINEAR LINEAR LINEAR
LINEAR LINEAR LINEAR LINEAR LINEAR LINEAR LINEAR LINEAR LINEAR LINEAR LINEAR LINEAR
LINEAR LINEAR LINEAR LINEAR LINEAR LINEAR LINEAR LINEAR LINEAR LINEAR LINEAR LINEAR
LINEAR LINEAR LINEAR LINEAR LINEAR LINEAR LINEAR LINEAR LINEAR LINEAR LINEAR LINEAR
LINEAR LINEAR LINEAR LINEAR LINEAR LINEAR LINEAR LINEAR</Name_array>
        <technique_common>
          <accessor source="#mixamorig_RightFoot-Interpolations-array" count="91">
            <param type="name"/>
          </accessor>
        </technique_common>
      </source>
      <sampler id="mixamorig_RightFoot-Matrix-animation-transform">
        <input semantic="INPUT" source="#mixamorig_RightFoot-Matrix-animation-input"/>
        <input semantic="OUTPUT" source="#mixamorig_RightFoot-Matrix-animation-output-transform"/>
        <input semantic="INTERPOLATION" source="#mixamorig_RightFoot-Interpolations"/>
      </sampler>
      <channel source="#mixamorig_RightFoot-Matrix-animation-transform" target="mixamorig_RightFoot/matrix"/>
    </animation>
    <animation id="mixamorig_RightToeBase-anim" name="mixamorig_RightToeBase">
      <source id="mixamorig_RightToeBase-Matrix-animation-input">
        <float_array id="mixamorig_RightToeBase-Matrix-animation-input-array" count="91">

0.000000 0.033333 0.066667 0.100000 0.133333 0.166667 0.200000 0.233333 0.266667 0.300000 0.333333 0.366667 0.400000 0.433333 0.466667 0.500000
0.533333 0.566667 0.600000 0.633333 0.666667 0.700000 0.733333 0.766667 0.800000 0.833333 0.866667 0.900000 0.933333 0.966667 1.000000 1.033333
1.066667 1.100000 1.133333 1.166667 1.200000 1.233333 1.266667 1.300000 1.333333 1.366667 1.400000 1.433333 1.466667 1.500000 1.533333 1.566667
1.600000 1.633333 1.666667 1.700000 1.733333 1.766667 1.800000 1.833333 1.866667 1.900000 1.933333 1.966667 2.000000 2.033333 2.066667 2.100000
2.133333 2.166667 2.200000 2.233333 2.266667 2.300000 2.333333 2.366667 2.400000 2.433333 2.466667 2.500000 2.533333 2.566667 2.600000 2.633333
2.666667 2.700000 2.733333 2.766667 2.800000 2.833333 2.866667 2.900000 2.933333 2.966667 3.000000</float_array>
        <technique_common>
          <accessor source="#mixamorig_RightToeBase-Matrix-animation-input-array" count="91">
            <param name="TIME" type="float"/>
          </accessor>
        </technique_common>
      </source>
      <source id="mixamorig_RightToeBase-Matrix-animation-output-transform">
        <float_array id="mixamorig_RightToeBase-Matrix-animation-output-transform-array" count="1456">

1.000000 -0.000000 -0.000000 0.000000 -0.000000 0.756175 -0.654370 13.200000 0.000000 0.654370 0.756175 -0.000000 0.000000 0.000000 0.000000 1.000000
1.000000 -0.000000 -0.000000 0.000000 0.000000 0.752752 -0.658304 13.200000 0.000000 0.658304 0.752752 0.000000 0.000000 0.000000 0.000000 1.000000
1.000000 0.000000 0.000000 -0.000000 -0.000000 0.748908 -0.662674 13.200000 -0.000000 0.662674 0.748908 0.000000 0.000000 0.000000 0.000000 1.000000
1.000000 -0.000000 -0.000000 -0.000000 0.000000 0.745620 -0.666371 13.200000 0.000000 0.666371 0.745620 0.000000 0.000000 0.000000 0.000000 1.000000
1.000000 -0.000000 0.000000 0.000000 0.000000 0.736838 -0.676069 13.200000 0.000000 0.676069 0.736838 0.000000 0.000000 0.000000 0.000000 1.000000
1.000000 0.000000 0.000000 -0.000000 0.000000 0.727539 -0.686066 13.200000 -0.000000 0.686066 0.727539 -0.000000 0.000000 0.000000 0.000000 1.000000
1.000000 -0.000000 0.000000 -0.000000 0.000000 0.720167 -0.693800 13.200000 0.000000 0.693800 0.720167 0.000000 0.000000 0.000000 0.000000 1.000000
1.000000 -0.000000 -0.000000 0.000000 -0.000000 0.713730 -0.700421 13.200000 0.000000 0.700421 0.713730 -0.000000 0.000000 0.000000 0.000000 1.000000
1.000000 -0.000000 0.000000 -0.000000 0.000000 0.706841 -0.707372 13.200000 0.000000 0.707372 0.706841 0.000000 0.000000 0.000000 0.000000 1.000000
1.000000 0.000000 0.000000 0.000000 -0.000000 0.700135 -0.714011 13.200000 -0.000000 0.714011 0.700135 0.000000 0.000000 0.000000 0.000000 1.000000
1.000000 -0.000000 0.000000 0.000000 0.000000 0.692089 -0.721812 13.200000 0.000000 0.721812 0.692089 0.000000 0.000000 0.000000 0.000000 1.000000
1.000000 0.000000 0.000000 0.000000 -0.000000 0.680826 -0.732445 13.200000 -0.000000 0.732445 0.680826 0.000000 0.000000 0.000000 0.000000 1.000000
1.000000 -0.000000 0.000000 0.000000 0.000000 0.670447 -0.741958 13.200000 0.000000 0.741958 0.670447 -0.000000 0.000000 0.000000 0.000000 1.000000
1.000000 -0.000000 0.000000 0.000000 0.000000 0.660822 -0.750542 13.200000 0.000000 0.750542 0.660822 0.000000 0.000000 0.000000 0.000000 1.000000
1.000000 0.000000 0.000000 0.000000 -0.000000 0.636401 -0.771358 13.200000 -0.000000 0.771358 0.636401 -0.000000 0.000000 0.000000 0.000000 1.000000
1.000000 0.000000 0.000000 0.000000 -0.000000 0.597659 -0.801751 13.200000 -0.000000 0.801751 0.597659 0.000000 0.000000 0.000000 0.000000 1.000000
0.999413 0.000670 0.034266 -0.000000 0.027652 0.574933 -0.817733 13.200000 -0.020248 0.818200 0.574576 -0.000000 0.000000 0.000000 0.000000 1.000000
0.999243 0.001181 0.038884 -0.000000 0.029921 0.615453 -0.787606 13.200000 -0.024861 0.788173 0.614951 0.000000 0.000000 0.000000 0.000000 1.000000
0.999136 0.000884 0.041545 -0.000000 0.029834 0.680693 -0.731961 13.200000 -0.028927 0.732568 0.680079 0.000000 0.000000 0.000000 0.000000 1.000000
1.000000 -0.000000 0.000000 0.000000 0.000000 0.739179 -0.673509 13.200000 -0.000000 0.673509 0.739179 -0.000000 0.000000 0.000000 0.000000 1.000000
1.000000 0.000000 0.000000 -0.000000 0.000000 0.737864 -0.674950 13.200000 -0.000000 0.674950 0.737864 0.000000 0.000000 0.000000 0.000000 1.000000
1.000000 -0.000000 0.000000 0.000000 0.000000 0.736759 -0.676155 13.200000 -0.000000 0.676155 0.736759 -0.000000 0.000000 0.000000 0.000000 1.000000
1.000000 0.000000 0.000000 0.000000 0.000000 0.735956 -0.677029 13.200000 -0.000000 0.677029 0.735956 0.000000 0.000000 0.000000 0.000000 1.000000
1.000000 -0.000000 0.000000 0.000000 0.000000 0.735383 -0.677652 13.200000 0.000000 0.677652 0.735383 -0.000000 0.000000 0.000000 0.000000 1.000000
1.000000 0.000000 -0.000000 0.000000 -0.000000 0.734966 -0.678104 13.200000 -0.000000 0.678104 0.734966 -0.000000 0.000000 0.000000 0.000000 1.000000
1.000000 0.000001 0.000000 -0.000000 -0.000000 0.734631 -0.678467 13.200000 -0.000000 0.678467 0.734631 0.000000 0.000000 0.000000 0.000000 1.000000
1.000000 0.000000 0.000000 0.000000 -0.000000 0.735087 -0.677973 13.200000 -0.000000 0.677973 0.735087 0.000000 0.000000 0.000000 0.000000 1.000000
1.000000 0.000000 0.000000 -0.000000 -0.000000 0.737500 -0.675348 13.200000 -0.000000 0.675348 0.737500 0.000000 0.000000 0.000000 0.000000 1.000000
1.000000 0.000000 -0.000000 -0.000000 -0.000000 0.740956 -0.671553 13.200000 0.000000 0.671553 0.740956 0.000000 0.000000 0.000000 0.000000 1.000000
1.000000 0.000000 0.000000 0.000000 0.000000 0.744875 -0.667205 13.200000 -0.000000 0.667205 0.744875 0.000000 0.000000 0.000000 0.000000 1.000000
1.000000 0.000000 0.000000 0.000000 -0.000000 0.749159 -0.662390 13.200000 -0.000000 0.662390 0.749159 0.000000 0.000000 0.000000 0.000000 1.000000
1.000000 -0.000001 -0.000000 0.000000 0.000000 0.753718 -0.657198 13.200000 0.000001 0.657198 0.753718 0.000000 0.000000 0.000000 0.000000 1.000000
1.000000 0.000000 0.000000 0.000000 -0.000000 0.758458 -0.651722 13.200000 -0.000000 0.651722 0.758458 0.000000 0.000000 0.000000 0.000000 1.000000
1.000000 -0.000000 -0.000000 -0.000000 0.000000 0.763292 -0.646054 13.200000 0.000000 0.646054 0.763292 0.000000 0.000000 0.000000 0.000000 1.000000
1.000000 0.000000 -0.000000 0.000000 -0.000000 0.768132 -0.640291 13.200000 -0.000000 0.640291 0.768132 0.000000 0.000000 0.000000 0.000000 1.000000
1.000000 -0.000000 0.000000 0.000000 0.000000 0.772896 -0.634532 13.200000 -0.000000 0.634532 0.772896 0.000000 0.000000 0.000000 0.000000 1.000000
1.000000 0.000000 0.000000 -0.000000 -0.000000 0.777504 -0.628878 13.200000 -0.000000 0.628878 0.777504 0.000000 0.000000 0.000000 0.000000 1.000000
1.000000 0.000000 -0.000000 0.000000 -0.000000 0.781878 -0.623431 13.200000 -0.000000 0.623431 0.781878 0.000000 0.000000 0.000000 0.000000 1.000000
1.000000 -0.000000 0.000000 0.000000 0.000000 0.785944 -0.618298 13.200000 0.000000 0.618298 0.785944 0.000000 0.000000 0.000000 0.000000 1.000000
1.000000 -0.000000 0.000000 0.000000 0.000000 0.789628 -0.613586 13.200000 0.000000 0.613586 0.789628 0.000000 0.000000 0.000000 0.000000 1.000000
1.000000 -0.000000 0.000000 0.000000 0.000000 0.792860 -0.609403 13.200000 -0.000000 0.609403 0.792860 0.000000 0.000000 0.000000 0.000000 1.000000
1.000000 0.000000 0.000000 0.000000 -0.000000 0.795572 -0.605859 13.200000 -0.000000 0.605859 0.795572 0.000000 0.000000 0.000000 0.000000 1.000000
1.000000 -0.000000 -0.000000 0.000000 0.000000 0.797652 -0.603119 13.200000 0.000000 0.603119 0.797652 0.000000 0.000000 0.000000 0.000000 1.000000
1.000000 0.000000 0.000000 0.000000 -0.000000 0.798730 -0.601689 13.200000 -0.000000 0.601689 0.798730 0.000000 0.000000 0.000000 0.000000 1.000000
1.000000 -0.000000 0.000000 -0.000000 0.000000 0.798907 -0.601454 13.200000 -0.000000 0.601454 0.798907 0.000000 0.000000 0.000000 0.000000 1.000000
1.000000 -0.000000 0.000000 0.000000 0.000000 0.798520 -0.601968 13.200000 -0.000000 0.601968 0.798520 0.000000 0.000000 0.000000 0.000000 1.000000
1.000000 -0.000000 -0.000000 -0.000000 0.000000 0.797907 -0.602781 13.200000 0.000000 0.602781 0.797907 0.000000 0.000000 0.000000 0.000000 1.000000
1.000000 -0.000000 -0.000000 0.000000 0.000000 0.797404 -0.603446 13.200000 0.000000 0.603446 0.797404 -0.000000 0.000000 0.000000 0.000000 1.000000
1.000000 0.000000 0.000000 0.000000 -0.000000 0.797349 -0.603518 13.200000 -0.000000 0.603518 0.797349 0.000000 0.000000 0.000000 0.000000 1.000000
1.000000 0.000000 -0.000000 -0.000000 -0.000000 0.798083 -0.602548 13.200000 -0.000000 0.602548 0.798083 0.000000 0.000000 0.000000 0.000000 1.000000
1.000000 0.000000 -0.000000 0.000000 -0.000000 0.800483 -0.599355 13.200000 0.000000 0.599355 0.800483 -0.000000 0.000000 0.000000 0.000000 1.000000
1.000000 0.000000 0.000000 0.000000 -0.000000 0.802641 -0.596463 13.200000 -0.000000 0.596463 0.802641 0.000000 0.000000 0.000000 0.000000 1.000000
1.000000 0.000000 -0.000000 0.000000 -0.000000 0.802870 -0.596154 13.200000 0.000000 0.596154 0.802870 0.000000 0.000000 0.000000 0.000000 1.000000
1.000000 0.000000 -0.000000 -0.000000 -0.000000 0.802309 -0.596909 13.200000 -0.000000 0.596909 0.802309 0.000000 0.000000 0.000000 0.000000 1.000000
1.000000 -0.000000 0.000000 0.000000 0.000000 0.801305 -0.598256 13.200000 0.000000 0.598256 0.801305 0.000000 0.000000 0.000000 0.000000 1.000000
1.000000 0.000000 -0.000000 -0.000000 -0.000000 0.800204 -0.599727 13.200000 -0.000000 0.599727 0.800204 0.000000 0.000000 0.000000 0.000000 1.000000
1.000000 -0.000000 0.000000 -0.000000 0.000000 0.799358 -0.600855 13.200000 0.000000 0.600855 0.799358 0.000000 0.000000 0.000000 0.000000 1.000000
1.000000 -0.000000 -0.000000 0.000000 -0.000000 0.798991 -0.601343 13.200000 0.000000 0.601343 0.798991 0.000000 0.000000 0.000000 0.000000 1.000000
1.000000 0.000000 0.000000 0.000000 -0.000000 0.797863 -0.602838 13.200000 -0.000000 0.602838 0.797863 0.000000 0.000000 0.000000 0.000000 1.000000
1.000000 0.000000 -0.000000 0.000000 -0.000000 0.795444 -0.606028 13.200000 -0.000000 0.606028 0.795444 -0.000000 0.000000 0.000000 0.000000 1.000000
1.000000 -0.000000 -0.000000 0.000000 0.000000 0.792214 -0.610244 13.200000 0.000000 0.610244 0.792214 0.000000 0.000000 0.000000 0.000000 1.000000
1.000000 0.000000 0.000000 -0.000000 -0.000000 0.788664 -0.614824 13.200000 -0.000000 0.614824 0.788664 0.000000 0.000000 0.000000 0.000000 1.000000
1.000000 0.000000 -0.000000 0.000000 -0.000000 0.785299 -0.619117 13.200000 -0.000000 0.619117 0.785299 -0.000000 0.000000 0.000000 0.000000 1.000000
1.000000 -0.000000 -0.000000 0.000000 0.000000 0.770271 -0.637717 13.200000 0.000000 0.637717 0.770271 0.000000 0.000000 0.000000 0.000000 1.000000
0.999997 -0.000001 -0.002326 -0.000000 -0.001859 0.600734 -0.799447 13.200000 0.001398 0.799449 0.600732 0.000000 0.000000 0.000000 0.000000 1.000000
0.999244 -0.000780 -0.038866 0.000000 -0.030637 0.599608 -0.799707 13.200000 0.023928 0.800293 0.599131 -0.000000 0.000000 0.000000 0.000000 1.000000
1.000000 0.000000 0.000000 0.000000 -0.000000 0.755475 -0.655177 13.200000 -0.000000 0.655177 0.755475 0.000000 0.000000 0.000000 0.000000 1.000000
1.000000 -0.000000 0.000000 0.000000 0.000000 0.769665 -0.638448 13.200000 0.000000 0.638448 0.769665 0.000000 0.000000 0.000000 0.000000 1.000000
1.000000 -0.000000 -0.000000 -0.000000 0.000000 0.776729 -0.629835 13.200000 0.000000 0.629835 0.776729 0.000000 0.000000 0.000000 0.000000 1.000000
1.000000 -0.000000 0.000000 0.000000 0.000000 0.788074 -0.615580 13.200000 0.000000 0.615580 0.788074 0.000000 0.000000 0.000000 0.000000 1.000000
1.000000 0.000000 0.000000 0.000000 -0.000000 0.780007 -0.625770 13.200000 -0.000000 0.625770 0.780007 -0.000000 0.000000 0.000000 0.000000 1.000000
1.000000 0.000000 -0.000000 -0.000000 -0.000000 0.769335 -0.638846 13.200000 0.000000 0.638846 0.769335 0.000000 0.000000 0.000000 0.000000 1.000000
1.000000 0.000000 -0.000000 0.000000 -0.000000 0.769878 -0.638191 13.200000 -0.000000 0.638191 0.769878 0.000000 0.000000 0.000000 0.000000 1.000000
1.000000 0.000000 0.000000 0.000000 0.000000 0.778944 -0.627094 13.200000 -0.000000 0.627094 0.778944 0.000000 0.000000 0.000000 0.000000 1.000000
1.000000 -0.000000 0.000000 0.000000 0.000000 0.782264 -0.622947 13.200000 -0.000000 0.622947 0.782264 -0.000000 0.000000 0.000000 0.000000 1.000000
1.000000 -0.000000 0.000000 0.000000 0.000000 0.775812 -0.630964 13.200000 -0.000000 0.630964 0.775812 -0.000000 0.000000 0.000000 0.000000 1.000000
1.000000 0.000000 -0.000000 0.000000 -0.000000 0.771768 -0.635905 13.200000 0.000000 0.635905 0.771768 0.000000 0.000000 0.000000 0.000000 1.000000
1.000000 0.000000 -0.000000 0.000000 -0.000000 0.765204 -0.643787 13.200000 -0.000000 0.643787 0.765204 0.000000 0.000000 0.000000 0.000000 1.000000
1.000000 0.000000 -0.000000 0.000000 -0.000000 0.769271 -0.638923 13.200000 -0.000000 0.638923 0.769271 0.000000 0.000000 0.000000 0.000000 1.000000
1.000000 -0.000000 -0.000000 0.000000 0.000000 0.791681 -0.610935 13.200000 0.000000 0.610935 0.791681 0.000000 0.000000 0.000000 0.000000 1.000000
1.000000 -0.000000 0.000000 0.000000 0.000000 0.798169 -0.602434 13.200000 0.000000 0.602434 0.798169 0.000000 0.000000 0.000000 0.000000 1.000000
1.000000 0.000000 -0.000000 0.000000 -0.000000 0.798514 -0.601976 13.200000 -0.000000 0.601976 0.798514 0.000000 0.000000 0.000000 0.000000 1.000000
1.000000 0.000000 0.000000 0.000000 -0.000000 0.797095 -0.603853 13.200000 -0.000000 0.603853 0.797095 -0.000000 0.000000 0.000000 0.000000 1.000000
1.000000 0.000000 0.000000 0.000000 -0.000000 0.795280 -0.606243 13.200000 -0.000000 0.606243 0.795280 0.000000 0.000000 0.000000 0.000000 1.000000
1.000000 0.000000 -0.000000 0.000000 -0.000000 0.793590 -0.608453 13.200000 0.000000 0.608453 0.793590 0.000000 0.000000 0.000000 0.000000 1.000000
1.000000 -0.000000 0.000000 0.000000 0.000000 0.791452 -0.611231 13.200000 0.000000 0.611231 0.791452 0.000000 0.000000 0.000000 0.000000 1.000000
1.000000 0.000000 0.000000 0.000000 -0.000000 0.787951 -0.615738 13.200000 -0.000000 0.615738 0.787951 0.000000 0.000000 0.000000 0.000000 1.000000
1.000000 0.000000 0.000000 0.000000 0.000000 0.779188 -0.626790 13.200000 -0.000000 0.626790 0.779188 0.000000 0.000000 0.000000 0.000000 1.000000
1.000000 -0.000000 -0.000000 0.000000 0.000000 0.767977 -0.640477 13.200000 0.000000 0.640477 0.767977 0.000000 0.000000 0.000000 0.000000 1.000000
1.000000 0.000000 0.000000 0.000000 -0.000000 0.759769 -0.650193 13.200000 -0.000000 0.650193 0.759769 0.000000 0.000000 0.000000 0.000000 1.000000
1.000000 -0.000000 0.000000 0.000000 0.000000 0.756174 -0.654371 13.200000 -0.000000 0.654371 0.756174 0.000000 0.000000 0.000000 0.000000 1.000000</float_array>
        <technique_common>
          <accessor source="#mixamorig_RightToeBase-Matrix-animation-output-transform-array" count="91" stride="16">
            <param type="float4x4"/>
          </accessor>
        </technique_common>
      </source>
      <source id="mixamorig_RightToeBase-Interpolations">
        <Name_array id="mixamorig_RightToeBase-Interpolations-array" count="91">
 LINEAR LINEAR LINEAR LINEAR LINEAR LINEAR LINEAR LINEAR LINEAR LINEAR LINEAR
LINEAR LINEAR LINEAR LINEAR LINEAR LINEAR LINEAR LINEAR LINEAR LINEAR LINEAR LINEAR
LINEAR LINEAR LINEAR LINEAR LINEAR LINEAR LINEAR LINEAR LINEAR LINEAR LINEAR LINEAR
LINEAR LINEAR LINEAR LINEAR LINEAR LINEAR LINEAR LINEAR LINEAR LINEAR LINEAR LINEAR
LINEAR LINEAR LINEAR LINEAR LINEAR LINEAR LINEAR LINEAR LINEAR LINEAR LINEAR LINEAR
LINEAR LINEAR LINEAR LINEAR LINEAR LINEAR LINEAR LINEAR LINEAR LINEAR LINEAR LINEAR
LINEAR LINEAR LINEAR LINEAR LINEAR LINEAR LINEAR LINEAR LINEAR LINEAR LINEAR LINEAR
LINEAR LINEAR LINEAR LINEAR LINEAR LINEAR LINEAR LINEAR</Name_array>
        <technique_common>
          <accessor source="#mixamorig_RightToeBase-Interpolations-array" count="91">
            <param type="name"/>
          </accessor>
        </technique_common>
      </source>
      <sampler id="mixamorig_RightToeBase-Matrix-animation-transform">
        <input semantic="INPUT" source="#mixamorig_RightToeBase-Matrix-animation-input"/>
        <input semantic="OUTPUT" source="#mixamorig_RightToeBase-Matrix-animation-output-transform"/>
        <input semantic="INTERPOLATION" source="#mixamorig_RightToeBase-Interpolations"/>
      </sampler>
      <channel source="#mixamorig_RightToeBase-Matrix-animation-transform" target="mixamorig_RightToeBase/matrix"/>
    </animation>
  </library_animations>
  <library_visual_scenes>
    <visual_scene id="RootNode" name="RootNode">
      <node id="mixamorig_Hips" name="mixamorig_Hips" sid="mixamorig_Hips" type="JOINT">
        <matrix sid="matrix">0.896702 -0.113269 0.427897 -0.259379 0.130830 0.991335 -0.011750 113.534126 -0.422859 0.066518 0.903751 0.864362 0.000000 0.000000 0.000000 1.000000</matrix>
        <node id="mixamorig_Spine" name="mixamorig_Spine" sid="mixamorig_Spine" type="JOINT">
          <matrix sid="matrix">0.997195 0.012174 0.073854 0.000000 -0.007893 0.998287 -0.057978 7.244500 -0.074433 0.057232 0.995582 0.633400 0.000000 0.000000 0.000000 1.000000</matrix>
          <node id="mixamorig_Spine1" name="mixamorig_Spine1" sid="mixamorig_Spine1" type="JOINT">
            <matrix sid="matrix">0.999735 -0.008174 0.021503 0.000000 0.006898 0.998249 0.058750 7.456500 -0.021945 -0.058586 0.998041 0.000000 0.000000 0.000000 0.000000 1.000000</matrix>
            <node id="mixamorig_Spine2" name="mixamorig_Spine2" sid="mixamorig_Spine2" type="JOINT">
              <matrix sid="matrix">0.999736 -0.007068 0.021845 -0.000000 0.008122 0.998788 -0.048547 8.623300 -0.021475 0.048712 0.998582 0.000000 0.000000 0.000000 0.000000 1.000000</matrix>
              <node id="mixamorig_Neck" name="mixamorig_Neck" sid="mixamorig_Neck" type="JOINT">
                <matrix sid="matrix">0.998656 0.015860 -0.049338 -0.000000 -0.019732 0.996678 -0.079011 23.573400 0.047921 0.079879 0.995652 -4.474100 0.000000 0.000000 0.000000 1.000000</matrix>
                <node id="mixamorig_Head" name="mixamorig_Head" sid="mixamorig_Head" type="JOINT">
                  <matrix sid="matrix">0.844116 -0.024113 -0.535618 -0.000000 -0.138525 0.955261 -0.261316 10.036000 0.517957 0.294778 0.803011 2.683300 0.000000 0.000000 0.000000 1.000000</matrix>
                  <node id="mixamorig_HeadTop_End" name="mixamorig_HeadTop_End" sid="mixamorig_HeadTop_End" type="JOINT">
                    <matrix sid="matrix">1.000000 -0.000000 -0.000000 0.000000 0.000000 1.000000 0.000000 31.158001 0.000000 -0.000000 1.000000 3.729500 0.000000 0.000000 0.000000 1.000000</matrix>
                  </node>
                  <node id="mixamorig_LeftEye" name="mixamorig_LeftEye" sid="mixamorig_LeftEye" type="JOINT">
                    <matrix sid="matrix">1.000000 -0.000000 -0.000000 4.364600 0.000000 1.000000 0.000000 5.593300 0.000000 -0.000000 1.000000 8.907100 0.000000 0.000000 0.000000 1.000000</matrix>
                  </node>
                  <node id="mixamorig_RightEye" name="mixamorig_RightEye" sid="mixamorig_RightEye" type="JOINT">
                    <matrix sid="matrix">1.000000 -0.000000 -0.000000 -4.364700 0.000000 1.000000 0.000000 5.592900 0.000000 -0.000000 1.000000 8.907100 0.000000 0.000000 0.000000 1.000000</matrix>
                  </node>
                </node>
              </node>
              <node id="mixamorig_LeftShoulder" name="mixamorig_LeftShoulder" sid="mixamorig_LeftShoulder" type="JOINT">
                <matrix sid="matrix">-0.257951 0.834141 -0.487513 6.172300 0.159645 -0.460855 -0.872999 17.857000 -0.952877 -0.303020 -0.014288 -2.624400 0.000000 0.000000 0.000000 1.000000</matrix>
                <node id="mixamorig_LeftArm" name="mixamorig_LeftArm" sid="mixamorig_LeftArm" type="JOINT">
                  <matrix sid="matrix">0.950698 -0.279584 0.134187 0.000000 0.309386 0.825363 -0.472287 6.437300 0.021291 0.490518 0.871171 -0.000000 0.000000 0.000000 0.000000 1.000000</matrix>
                  <node id="mixamorig_LeftForeArm" name="mixamorig_LeftForeArm" sid="mixamorig_LeftForeArm" type="JOINT">
                    <matrix sid="matrix">0.994081 -0.108645 0.000000 -0.000000 0.108645 0.994081 0.000000 27.263700 -0.000000 -0.000000 1.000000 -0.000000 0.000000 0.000000 0.000000 1.000000</matrix>
                    <node id="mixamorig_LeftHand" name="mixamorig_LeftHand" sid="mixamorig_LeftHand" type="JOINT">
                      <matrix sid="matrix">0.911298 0.012528 0.411556 -0.000000 0.064314 0.982938 -0.172329 27.518200 -0.406693 0.183512 0.894944 0.000000 0.000000 0.000000 0.000000 1.000000</matrix>
                      <node id="mixamorig_LeftHandThumb1" name="mixamorig_LeftHandThumb1" sid="mixamorig_LeftHandThumb1" type="JOINT">
                        <matrix sid="matrix">0.840582 -0.456922 0.290935 -5.114400 0.534215 0.788155 -0.305656 4.227300 -0.089641 0.412351 0.906604 0.253900 0.000000 0.000000 0.000000 1.000000</matrix>
                        <node id="mixamorig_LeftHandThumb2" name="mixamorig_LeftHandThumb2" sid="mixamorig_LeftHandThumb2" type="JOINT">
                          <matrix sid="matrix">0.934203 0.290639 0.206865 0.000000 -0.289545 0.956478 -0.036236 1.937400 -0.208393 -0.026045 0.977698 0.000000 0.000000 0.000000 0.000000 1.000000</matrix>
                          <node id="mixamorig_LeftHandThumb3" name="mixamorig_LeftHandThumb3" sid="mixamorig_LeftHandThumb3" type="JOINT">
                            <matrix sid="matrix">0.980484 0.180488 -0.077946 0.000000 -0.145990 0.933954 0.326215 2.330000 0.131676 -0.308469 0.942076 0.000000 0.000000 0.000000 0.000000 1.000000</matrix>
                            <node id="mixamorig_LeftHandThumb4" name="mixamorig_LeftHandThumb4" sid="mixamorig_LeftHandThumb4" type="JOINT">
                              <matrix sid="matrix">1.000000 -0.000000 0.000000 0.000000 0.000000 1.000000 -0.000000 4.614000 0.000000 -0.000000 1.000000 0.000000 0.000000 0.000000 0.000000 1.000000</matrix>
                            </node>
                          </node>
                        </node>
                      </node>
                      <node id="mixamorig_LeftHandIndex1" name="mixamorig_LeftHandIndex1" sid="mixamorig_LeftHandIndex1" type="JOINT">
                        <matrix sid="matrix">0.999816 -0.012972 0.014142 -2.356400 0.017430 0.922194 -0.386334 11.078700 -0.008031 0.386510 0.922250 0.085400 0.000000 0.000000 0.000000 1.000000</matrix>
                        <node id="mixamorig_LeftHandIndex2" name="mixamorig_LeftHandIndex2" sid="mixamorig_LeftHandIndex2" type="JOINT">
                          <matrix sid="matrix">0.998232 0.056922 -0.017092 0.000000 -0.056922 0.832959 -0.550399 2.455600 -0.017093 0.550399 0.834727 0.000000 0.000000 0.000000 0.000000 1.000000</matrix>
                          <node id="mixamorig_LeftHandIndex3" name="mixamorig_LeftHandIndex3" sid="mixamorig_LeftHandIndex3" type="JOINT">
                            <matrix sid="matrix">0.999898 -0.014256 -0.000987 0.000000 0.014256 0.990351 0.137847 3.002600 -0.000987 -0.137847 0.990453 0.000000 0.000000 0.000000 0.000000 1.000000</matrix>
                            <node id="mixamorig_LeftHandIndex4" name="mixamorig_LeftHandIndex4" sid="mixamorig_LeftHandIndex4" type="JOINT">
                              <matrix sid="matrix">1.000000 0.000000 -0.000000 0.000000 0.000000 1.000000 0.000000 4.387300 0.000000 -0.000000 1.000000 0.000000 0.000000 0.000000 0.000000 1.000000</matrix>
                            </node>
                          </node>
                        </node>
                      </node>
                      <node id="mixamorig_LeftHandMiddle1" name="mixamorig_LeftHandMiddle1" sid="mixamorig_LeftHandMiddle1" type="JOINT">
                        <matrix sid="matrix">0.998108 0.055415 -0.026632 0.024100 -0.061470 0.908061 -0.414302 11.042700 0.001225 0.415155 0.909750 -0.048000 0.000000 0.000000 0.000000 1.000000</matrix>
                        <node id="mixamorig_LeftHandMiddle2" name="mixamorig_LeftHandMiddle2" sid="mixamorig_LeftHandMiddle2" type="JOINT">
                          <matrix sid="matrix">0.997085 0.070898 -0.028182 0.000000 -0.070898 0.724579 -0.685536 3.113000 -0.028183 0.685536 0.727493 0.000000 0.000000 0.000000 0.000000 1.000000</matrix>
                          <node id="mixamorig_LeftHandMiddle3" name="mixamorig_LeftHandMiddle3" sid="mixamorig_LeftHandMiddle3" type="JOINT">
                            <matrix sid="matrix">0.998835 0.046930 -0.011269 0.000000 -0.046930 0.889877 -0.453780 2.999400 -0.011268 0.453780 0.891043 -0.000000 0.000000 0.000000 0.000000 1.000000</matrix>
                            <node id="mixamorig_LeftHandMiddle4" name="mixamorig_LeftHandMiddle4" sid="mixamorig_LeftHandMiddle4" type="JOINT">
                              <matrix sid="matrix">1.000000 -0.000000 0.000000 0.000000 0.000000 1.000000 -0.000000 4.647400 0.000000 -0.000000 1.000000 0.000000 0.000000 0.000000 0.000000 1.000000</matrix>
                            </node>
                          </node>
                        </node>
                      </node>
                      <node id="mixamorig_LeftHandRing1" name="mixamorig_LeftHandRing1" sid="mixamorig_LeftHandRing1" type="JOINT">
                        <matrix sid="matrix">0.993820 0.107127 -0.029082 2.847700 -0.108951 0.891204 -0.440325 10.709100 -0.021253 0.440772 0.897367 0.069600 0.000000 0.000000 0.000000 1.000000</matrix>
                        <node id="mixamorig_LeftHandRing2" name="mixamorig_LeftHandRing2" sid="mixamorig_LeftHandRing2" type="JOINT">
                          <matrix sid="matrix">0.994035 0.092560 -0.057675 0.000000 -0.092560 0.436360 -0.894998 2.984800 -0.057675 0.894998 0.442325 0.000000 0.000000 0.000000 0.000000 1.000000</matrix>
                          <node id="mixamorig_LeftHandRing3" name="mixamorig_LeftHandRing3" sid="mixamorig_LeftHandRing3" type="JOINT">
                            <matrix sid="matrix">0.999107 0.041368 -0.008638 0.000000 -0.041368 0.915581 -0.400001 2.678500 -0.008638 0.400001 0.916474 0.000000 0.000000 0.000000 0.000000 1.000000</matrix>
                            <node id="mixamorig_LeftHandRing4" name="mixamorig_LeftHandRing4" sid="mixamorig_LeftHandRing4" type="JOINT">
                              <matrix sid="matrix">1.000000 0.000000 0.000000 -0.000000 0.000000 1.000000 -0.000000 4.015300 -0.000000 -0.000000 1.000000 0.000000 0.000000 0.000000 0.000000 1.000000</matrix>
                            </node>
                          </node>
                        </node>
                      </node>
                      <node id="mixamorig_LeftHandPinky1" name="mixamorig_LeftHandPinky1" sid="mixamorig_LeftHandPinky1" type="JOINT">
                        <matrix sid="matrix">0.996524 0.058840 -0.058972 5.545400 -0.082739 0.781491 -0.618406 9.382400 0.009699 0.621136 0.783643 0.026800 0.000000 0.000000 0.000000 1.000000</matrix>
                        <node id="mixamorig_LeftHandPinky2" name="mixamorig_LeftHandPinky2" sid="mixamorig_LeftHandPinky2" type="JOINT">
                          <matrix sid="matrix">0.996393 0.077357 -0.034874 0.000000 -0.077357 0.659187 -0.747990 2.548400 -0.034874 0.747990 0.662793 0.000000 0.000000 0.000000 0.000000 1.000000</matrix>
                          <node id="mixamorig_LeftHandPinky3" name="mixamorig_LeftHandPinky3" sid="mixamorig_LeftHandPinky3" type="JOINT">
                            <matrix sid="matrix">0.998510 0.052634 -0.014408 -0.000000 -0.052634 0.859193 -0.508937 2.338400 -0.014408 0.508937 0.860683 -0.000000 0.000000 0.000000 0.000000 1.000000</matrix>
                            <node id="mixamorig_LeftHandPinky4" name="mixamorig_LeftHandPinky4" sid="mixamorig_LeftHandPinky4" type="JOINT">
                              <matrix sid="matrix">1.000000 0.000000 0.000000 0.000000 -0.000000 1.000000 0.000000 3.731100 0.000000 0.000000 1.000000 0.000000 0.000000 0.000000 0.000000 1.000000</matrix>
                            </node>
                          </node>
                        </node>
                      </node>
                    </node>
                  </node>
                </node>
              </node>
              <node id="mixamorig_RightShoulder" name="mixamorig_RightShoulder" sid="mixamorig_RightShoulder" type="JOINT">
                <matrix sid="matrix">-0.188234 -0.863966 0.467045 -6.172300 -0.148379 -0.445070 -0.883117 17.857201 0.970851 -0.235532 -0.044417 -2.624400 0.000000 0.000000 0.000000 1.000000</matrix>
                <node id="mixamorig_RightArm" name="mixamorig_RightArm" sid="mixamorig_RightArm" type="JOINT">
                  <matrix sid="matrix">0.900406 0.417115 -0.123633 0.000000 -0.394734 0.663803 -0.635256 6.437400 -0.182907 0.620790 0.762342 0.000000 0.000000 0.000000 0.000000 1.000000</matrix>
                  <node id="mixamorig_RightForeArm" name="mixamorig_RightForeArm" sid="mixamorig_RightForeArm" type="JOINT">
                    <matrix sid="matrix">0.932980 0.359929 0.000000 0.000000 -0.359929 0.932980 0.000000 27.263599 0.000000 -0.000000 1.000000 0.000000 0.000000 0.000000 0.000000 1.000000</matrix>
                    <node id="mixamorig_RightHand" name="mixamorig_RightHand" sid="mixamorig_RightHand" type="JOINT">
                      <matrix sid="matrix">0.879599 0.406024 0.247889 0.000000 -0.411317 0.910912 -0.032508 27.518200 -0.239005 -0.073367 0.968243 0.000000 0.000000 0.000000 0.000000 1.000000</matrix>
                      <node id="mixamorig_RightHandThumb1" name="mixamorig_RightHandThumb1" sid="mixamorig_RightHandThumb1" type="JOINT">
                        <matrix sid="matrix">0.894223 0.386266 -0.226195 5.114400 -0.435522 0.867492 -0.240370 4.227200 0.103376 0.313457 0.943959 0.254000 0.000000 0.000000 0.000000 1.000000</matrix>
                        <node id="mixamorig_RightHandThumb2" name="mixamorig_RightHandThumb2" sid="mixamorig_RightHandThumb2" type="JOINT">
                          <matrix sid="matrix">0.878103 -0.462247 -0.123542 0.000000 0.457880 0.886751 -0.063396 1.937500 0.138856 -0.000899 0.990312 0.000000 0.000000 0.000000 0.000000 1.000000</matrix>
                          <node id="mixamorig_RightHandThumb3" name="mixamorig_RightHandThumb3" sid="mixamorig_RightHandThumb3" type="JOINT">
                            <matrix sid="matrix">0.963472 0.238228 0.122348 0.000000 -0.265909 0.905301 0.331244 2.330100 -0.031850 -0.351678 0.935579 0.000000 0.000000 0.000000 0.000000 1.000000</matrix>
                            <node id="mixamorig_RightHandThumb4" name="mixamorig_RightHandThumb4" sid="mixamorig_RightHandThumb4" type="JOINT">
                              <matrix sid="matrix">1.000000 0.000000 0.000000 0.000000 0.000000 1.000000 0.000000 4.614000 0.000000 0.000000 1.000000 -0.000000 0.000000 0.000000 0.000000 1.000000</matrix>
                            </node>
                          </node>
                        </node>
                      </node>
                      <node id="mixamorig_RightHandIndex1" name="mixamorig_RightHandIndex1" sid="mixamorig_RightHandIndex1" type="JOINT">
                        <matrix sid="matrix">0.999897 0.014353 -0.000708 2.356400 -0.014100 0.970325 -0.241392 11.078700 -0.002777 0.241377 0.970427 0.085000 0.000000 0.000000 0.000000 1.000000</matrix>
                        <node id="mixamorig_RightHandIndex2" name="mixamorig_RightHandIndex2" sid="mixamorig_RightHandIndex2" type="JOINT">
                          <matrix sid="matrix">0.997742 -0.061310 0.027432 0.000000 0.061310 0.664507 -0.744763 2.455600 0.027432 0.744763 0.666765 0.000000 0.000000 0.000000 0.000000 1.000000</matrix>
                          <node id="mixamorig_RightHandIndex3" name="mixamorig_RightHandIndex3" sid="mixamorig_RightHandIndex3" type="JOINT">
                            <matrix sid="matrix">0.999969 -0.007811 0.000371 0.000000 0.007811 0.995458 -0.094880 3.002600 0.000371 0.094880 0.995489 0.000000 0.000000 0.000000 0.000000 1.000000</matrix>
                            <node id="mixamorig_RightHandIndex4" name="mixamorig_RightHandIndex4" sid="mixamorig_RightHandIndex4" type="JOINT">
                              <matrix sid="matrix">1.000000 0.000000 0.000000 0.000000 0.000000 1.000000 0.000000 4.387300 -0.000000 0.000000 1.000000 -0.000000 0.000000 0.000000 0.000000 1.000000</matrix>
                            </node>
                          </node>
                        </node>
                      </node>
                      <node id="mixamorig_RightHandMiddle1" name="mixamorig_RightHandMiddle1" sid="mixamorig_RightHandMiddle1" type="JOINT">
                        <matrix sid="matrix">0.999220 -0.025413 0.030231 -0.024100 0.036889 0.873932 -0.484647 11.042700 -0.014103 0.485384 0.874187 -0.048000 0.000000 0.000000 0.000000 1.000000</matrix>
                        <node id="mixamorig_RightHandMiddle2" name="mixamorig_RightHandMiddle2" sid="mixamorig_RightHandMiddle2" type="JOINT">
                          <matrix sid="matrix">0.996980 -0.068451 0.036691 -0.000000 0.068451 0.551272 -0.831513 3.113000 0.036691 0.831513 0.554293 -0.000000 0.000000 0.000000 0.000000 1.000000</matrix>
                          <node id="mixamorig_RightHandMiddle3" name="mixamorig_RightHandMiddle3" sid="mixamorig_RightHandMiddle3" type="JOINT">
                            <matrix sid="matrix">0.999673 -0.025259 0.003972 0.000000 0.025259 0.951427 -0.306836 2.999400 0.003972 0.306836 0.951754 0.000000 0.000000 0.000000 0.000000 1.000000</matrix>
                            <node id="mixamorig_RightHandMiddle4" name="mixamorig_RightHandMiddle4" sid="mixamorig_RightHandMiddle4" type="JOINT">
                              <matrix sid="matrix">1.000000 0.000000 -0.000000 0.000000 -0.000000 1.000000 0.000000 4.647500 -0.000000 0.000000 1.000000 0.000000 0.000000 0.000000 0.000000 1.000000</matrix>
                            </node>
                          </node>
                        </node>
                      </node>
                      <node id="mixamorig_RightHandRing1" name="mixamorig_RightHandRing1" sid="mixamorig_RightHandRing1" type="JOINT">
                        <matrix sid="matrix">0.998528 -0.020549 0.050202 -2.847700 0.049219 0.732270 -0.679233 10.709100 -0.022804 0.680704 0.732203 0.070000 0.000000 0.000000 0.000000 1.000000</matrix>
                        <node id="mixamorig_RightHandRing2" name="mixamorig_RightHandRing2" sid="mixamorig_RightHandRing2" type="JOINT">
                          <matrix sid="matrix">0.997328 -0.065451 0.032463 0.000000 0.065451 0.602981 -0.795066 2.984800 0.032464 0.795066 0.605653 0.000000 0.000000 0.000000 0.000000 1.000000</matrix>
                          <node id="mixamorig_RightHandRing3" name="mixamorig_RightHandRing3" sid="mixamorig_RightHandRing3" type="JOINT">
                            <matrix sid="matrix">0.998491 -0.051766 0.018330 0.000000 0.051765 0.775823 -0.628823 2.678400 0.018330 0.628823 0.777332 0.000000 0.000000 0.000000 0.000000 1.000000</matrix>
                            <node id="mixamorig_RightHandRing4" name="mixamorig_RightHandRing4" sid="mixamorig_RightHandRing4" type="JOINT">
                              <matrix sid="matrix">1.000000 0.000000 0.000000 0.000000 -0.000000 1.000000 0.000000 4.015300 -0.000000 -0.000000 1.000000 0.000000 0.000000 0.000000 0.000000 1.000000</matrix>
                            </node>
                          </node>
                        </node>
                      </node>
                      <node id="mixamorig_RightHandPinky1" name="mixamorig_RightHandPinky1" sid="mixamorig_RightHandPinky1" type="JOINT">
                        <matrix sid="matrix">0.998793 -0.014267 0.046997 -5.545400 0.039596 0.800034 -0.598646 9.382300 -0.029058 0.599785 0.799634 0.027000 0.000000 0.000000 0.000000 1.000000</matrix>
                        <node id="mixamorig_RightHandPinky2" name="mixamorig_RightHandPinky2" sid="mixamorig_RightHandPinky2" type="JOINT">
                          <matrix sid="matrix">0.995803 -0.076006 0.050980 0.000000 0.076006 0.376518 -0.923286 2.548400 0.050981 0.923286 0.380715 0.000000 0.000000 0.000000 0.000000 1.000000</matrix>
                          <node id="mixamorig_RightHandPinky3" name="mixamorig_RightHandPinky3" sid="mixamorig_RightHandPinky3" type="JOINT">
                            <matrix sid="matrix">0.999116 -0.040653 0.010744 0.000000 0.040653 0.868608 -0.493829 2.338400 0.010743 0.493829 0.869493 -0.000000 0.000000 0.000000 0.000000 1.000000</matrix>
                            <node id="mixamorig_RightHandPinky4" name="mixamorig_RightHandPinky4" sid="mixamorig_RightHandPinky4" type="JOINT">
                              <matrix sid="matrix">1.000000 0.000000 0.000000 0.000000 -0.000000 1.000000 -0.000000 3.731200 0.000000 0.000000 1.000000 0.000000 0.000000 0.000000 0.000000 1.000000</matrix>
                            </node>
                          </node>
                        </node>
                      </node>
                    </node>
                  </node>
                </node>
              </node>
            </node>
          </node>
        </node>
        <node id="mixamorig_LeftUpLeg" name="mixamorig_LeftUpLeg" sid="mixamorig_LeftUpLeg" type="JOINT">
          <matrix sid="matrix">-0.996265 0.021751 0.083558 9.965800 0.001872 -0.962082 0.272754 -12.315800 0.086323 0.271892 0.958448 -0.278900 0.000000 0.000000 0.000000 1.000000</matrix>
          <node id="mixamorig_LeftLeg" name="mixamorig_LeftLeg" sid="mixamorig_LeftLeg" type="JOINT">
            <matrix sid="matrix">0.985804 0.013609 -0.167349 0.000000 0.044356 0.940193 0.337742 46.748001 0.161936 -0.340371 0.926242 -0.000000 0.000000 0.000000 0.000000 1.000000</matrix>
            <node id="mixamorig_LeftFoot" name="mixamorig_LeftFoot" sid="mixamorig_LeftFoot" type="JOINT">
              <matrix sid="matrix">0.988706 0.066052 -0.134530 0.000000 -0.149666 0.388223 -0.909331 46.818001 -0.007836 0.919195 0.393724 0.000000 0.000000 0.000000 0.000000 1.000000</matrix>
              <node id="mixamorig_LeftToeBase" name="mixamorig_LeftToeBase" sid="mixamorig_LeftToeBase" type="JOINT">
                <matrix sid="matrix">1.000000 0.000002 0.000002 0.000000 -0.000000 0.771807 -0.635857 13.200000 -0.000002 0.635857 0.771807 0.000000 0.000000 0.000000 0.000000 1.000000</matrix>
                <node id="mixamorig_LeftToe_End" name="mixamorig_LeftToe_End" sid="mixamorig_LeftToe_End" type="JOINT">
                  <matrix sid="matrix">1.000000 -0.000000 0.000000 0.000000 -0.000000 1.000000 -0.000000 10.342800 -0.000000 0.000000 1.000000 -0.000000 0.000000 0.000000 0.000000 1.000000</matrix>
                </node>
              </node>
            </node>
          </node>
        </node>
        <node id="mixamorig_RightUpLeg" name="mixamorig_RightUpLeg" sid="mixamorig_RightUpLeg" type="JOINT">
          <matrix sid="matrix">-0.987582 -0.095058 -0.125084 -9.965800 0.060909 -0.965574 0.252896 -12.316100 -0.144818 0.242137 0.959374 -0.278900 0.000000 0.000000 0.000000 1.000000</matrix>
          <node id="mixamorig_RightLeg" name="mixamorig_RightLeg" sid="mixamorig_RightLeg" type="JOINT">
            <matrix sid="matrix">0.984841 -0.013436 0.172940 0.000000 -0.057711 0.914820 0.399717 46.747700 -0.163579 -0.403638 0.900177 0.000000 0.000000 0.000000 0.000000 1.000000</matrix>
            <node id="mixamorig_RightFoot" name="mixamorig_RightFoot" sid="mixamorig_RightFoot" type="JOINT">
              <matrix sid="matrix">0.911759 0.325248 0.250816 0.000000 0.068285 0.482130 -0.873435 46.818001 -0.405009 0.813489 0.417377 0.000000 0.000000 0.000000 0.000000 1.000000</matrix>
              <node id="mixamorig_RightToeBase" name="mixamorig_RightToeBase" sid="mixamorig_RightToeBase" type="JOINT">
                <matrix sid="matrix">1.000000 -0.000000 -0.000000 0.000000 -0.000000 0.756175 -0.654370 13.200000 0.000000 0.654370 0.756175 -0.000000 0.000000 0.000000 0.000000 1.000000</matrix>
                <node id="mixamorig_RightToe_End" name="mixamorig_RightToe_End" sid="mixamorig_RightToe_End" type="JOINT">
                  <matrix sid="matrix">1.000000 0.000000 -0.000000 -0.000000 -0.000000 1.000000 0.000000 10.343000 -0.000000 0.000000 1.000000 -0.000000 0.000000 0.000000 0.000000 1.000000</matrix>
                </node>
              </node>
            </node>
          </node>
        </node>
        <node id="mixamorig_LeftRibbon1" name="mixamorig_LeftRibbon1" sid="mixamorig_LeftRibbon1" type="JOINT">
          <matrix sid="matrix">-0.675568 0.714461 -0.182079 16.064199 -0.737297 -0.654644 0.166835 3.449600 -0.000000 0.246955 0.969027 8.420300 0.000000 0.000000 0.000000 1.000000</matrix>
        </node>
        <node id="mixamorig_LeftRibbon2" name="mixamorig_LeftRibbon2" sid="mixamorig_LeftRibbon2" type="JOINT">
          <matrix sid="matrix">-0.947976 0.298883 -0.109591 10.697000 -0.317832 -0.869148 0.378898 -0.096800 0.017995 0.394018 0.918927 12.125900 0.000000 0.000000 0.000000 1.000000</matrix>
        </node>
      </node>
    </visual_scene>
  </library_visual_scenes>
  <scene>
    <instance_visual_scene url="#RootNode"/>
  </scene>
</COLLADA>
