# Blender 4.5.0
# www.blender.org
mtllib tripo_convert_67610a7a-6169-4340-88a0-e1eed7fc3cee.mtl
o tripo_node_67610a7a-6169-4340-88a0-e1eed7fc3cee
v 0.000014 -0.395142 -0.282196
v 0.000483 -0.238663 -0.107674
v 0.000649 0.016579 0.130798
v 0.002257 -0.130310 0.109970
v 0.003505 0.332458 -0.032291
v 0.004129 0.348877 0.027157
v 0.004399 -0.248718 0.107925
v 0.004608 -0.416290 0.283386
v 0.004812 -0.416840 -0.282532
v 0.004815 -0.184586 -0.292633
v 0.005200 -0.494598 0.471405
v 0.005735 -0.437836 -0.346161
v 0.005871 -0.126999 0.121155
v 0.005930 -0.241638 -0.294708
v 0.006009 -0.008845 -0.113686
v 0.006372 -0.349335 -0.282227
v 0.006450 0.237823 0.091194
v 0.006498 -0.045567 0.128647
v 0.006579 -0.324097 -0.288574
v 0.006760 0.240204 -0.089127
v 0.006996 -0.022219 -0.067566
v 0.007090 -0.053131 0.115387
v 0.007236 0.402039 0.009339
v 0.007624 -0.428986 0.326508
v 0.007769 -0.461823 0.397461
v 0.007854 0.236816 -0.075279
v 0.007991 0.198349 0.084900
v 0.008601 -0.240662 -0.284912
v 0.009269 0.190338 0.068489
v 0.009400 -0.273804 -0.284241
v 0.009747 0.013078 -0.129852
v 0.009932 -0.022787 -0.085739
v 0.010473 0.257568 0.052521
v 0.011093 -0.220825 -0.290649
v 0.011264 -0.162674 0.269531
v 0.011488 -0.047085 -0.119019
v 0.012208 -0.499451 0.346039
v 0.012280 0.389465 -0.010950
v 0.012480 -0.160324 0.284729
v 0.013184 0.256073 -0.080986
v 0.013587 -0.052006 -0.128799
v 0.013928 -0.075348 -0.118027
v 0.015415 0.254181 0.087952
v 0.015926 0.016487 -0.114021
v 0.016560 0.016602 0.121719
v 0.016636 0.241028 0.075310
v 0.016832 0.210388 0.091171
v 0.017069 -0.481262 -0.438141
v 0.017141 0.180344 0.081604
v 0.017683 0.000116 0.116005
v 0.018118 0.083611 -0.068100
v 0.018272 0.002086 -0.117630
v 0.019335 -0.142715 -0.108795
v 0.020060 0.165131 -0.068428
v 0.020172 0.198318 -0.089951
v 0.020182 -0.157288 -0.289215
v 0.020224 -0.161407 -0.266357
v 0.020254 0.181717 -0.081268
v 0.020445 -0.057682 0.127289
v 0.020931 -0.294952 -0.292236
v 0.021029 -0.291382 0.298218
v 0.021172 0.258545 0.074013
v 0.022083 -0.001085 -0.130569
v 0.024063 -0.175842 0.279510
v 0.024189 -0.172836 -0.280579
v 0.024487 0.162537 0.068871
v 0.024670 -0.145157 0.116096
v 0.024801 -0.082321 0.114677
v 0.024803 -0.181534 0.110046
v 0.024889 -0.058620 -0.127899
v 0.025068 0.000436 0.128601
v 0.025106 -0.181061 -0.294922
v 0.025368 -0.336823 0.292755
v 0.025379 -0.258667 0.110580
v 0.025742 0.225891 -0.056732
v 0.025841 -0.288055 0.285492
v 0.025988 -0.428986 -0.327545
v 0.026127 -0.045887 0.118134
v 0.026360 -0.145187 -0.118950
v 0.026999 0.198212 0.072868
v 0.027061 -0.220947 -0.281281
v 0.028799 -0.260895 -0.114990
v 0.029093 -0.192856 -0.114197
v 0.029419 -0.217987 -0.292206
v 0.030138 -0.045204 -0.131104
v 0.030291 0.197998 0.085373
v 0.030653 0.198135 -0.073402
v 0.030685 0.251831 -0.091408
v 0.030968 -0.358124 -0.283508
v 0.031521 -0.276886 -0.282867
v 0.031612 -0.054623 -0.118164
v 0.031754 -0.106781 -0.114471
v 0.031979 0.250641 0.089760
v 0.032097 -0.378082 0.285553
v 0.032207 -0.415070 0.284729
v 0.032616 -0.018816 0.131210
v 0.033577 -0.211105 0.118675
v 0.033680 -0.384003 0.296326
v 0.033733 -0.415222 -0.287903
v 0.033836 0.237579 -0.087334
v 0.034088 -0.179565 -0.267151
v 0.034546 -0.022858 0.093811
v 0.034634 -0.277557 0.114449
v 0.035381 0.294678 0.030832
v 0.035614 0.245056 -0.076134
v 0.037022 -0.416992 0.297089
v 0.037373 -0.374268 -0.293274
v 0.037437 -0.137085 0.115097
v 0.037479 0.241882 0.075516
v 0.037575 0.313965 -0.004374
v 0.038113 0.276672 -0.038647
v 0.040035 -0.022678 -0.113693
v 0.040966 -0.001662 -0.117867
v 0.041119 -0.499603 0.460724
v 0.041576 0.218658 0.055828
v 0.042057 -0.318451 -0.284393
v 0.042217 -0.002181 0.114449
v 0.043434 -0.045002 0.130981
v 0.043747 -0.051956 0.118546
v 0.044708 -0.173264 -0.286987
v 0.045010 0.198212 0.068275
v 0.045143 -0.277527 -0.113785
v 0.045334 -0.499573 -0.454468
v 0.045662 -0.451935 -0.382385
v 0.045830 -0.261688 0.284180
v 0.045864 0.173370 0.073616
v 0.045887 -0.477264 0.431183
v 0.046001 -0.499512 -0.403046
v 0.046005 0.190247 -0.073662
v 0.046101 0.193527 -0.089088
v 0.046413 -0.487488 -0.454437
v 0.046505 -0.183456 0.267487
v 0.046780 -0.430634 -0.337860
v 0.046825 -0.217545 -0.288727
v 0.046951 -0.404358 0.300018
v 0.047020 -0.270355 -0.286041
v 0.047150 -0.435974 0.344391
v 0.047340 -0.412659 -0.295502
v 0.047474 -0.417725 0.306641
v 0.047504 0.197632 0.086510
v 0.047520 -0.000894 -0.130859
v 0.047642 -0.408600 -0.324280
v 0.047649 -0.451874 -0.406006
v 0.047684 -0.404358 -0.299927
v 0.047741 -0.335297 0.296539
v 0.047756 0.010879 0.122559
v 0.047783 -0.046124 -0.118011
v 0.047840 -0.173508 0.285553
v 0.048088 0.158569 -0.070869
v 0.048225 -0.421936 0.351196
v 0.048431 -0.048386 -0.130737
v 0.048462 -0.486542 -0.477844
v 0.048641 -0.496063 -0.478516
v 0.048901 -0.496399 0.479431
v 0.049816 -0.082695 0.114388
v 0.050491 -0.267792 0.296875
v 0.050785 -0.216049 0.297302
v 0.051388 -0.338593 -0.296692
v 0.051712 -0.486847 0.480164
v 0.051792 -0.477264 0.456268
v 0.051842 -0.255188 -0.297882
v 0.052094 -0.278015 0.184357
v 0.052975 0.237839 -0.079018
v 0.053120 0.218674 -0.041992
v 0.053173 -0.213409 0.286499
v 0.053375 0.222748 -0.070961
v 0.053703 -0.156967 -0.269226
v 0.054058 -0.157135 -0.291382
v 0.055218 -0.205490 -0.262421
v 0.055691 0.148270 0.067978
v 0.056057 0.240067 0.090561
v 0.056602 -0.066895 0.122963
v 0.056999 -0.158188 0.270874
v 0.057835 0.222656 0.070923
v 0.057869 -0.206268 0.257782
v 0.058727 0.232559 -0.088890
v 0.060646 -0.070251 -0.117805
v 0.061741 -0.409302 -0.326172
v 0.061760 -0.460724 -0.419952
v 0.061867 -0.404297 0.300964
v 0.061909 -0.398499 -0.299377
v 0.062073 -0.422729 0.351044
v 0.062191 0.250275 0.073593
v 0.062393 0.218903 0.013012
v 0.062435 -0.494019 -0.479034
v 0.062599 0.187897 0.084473
v 0.063263 0.164307 -0.075188
v 0.063316 0.277985 -0.078728
v 0.064430 0.258301 0.089951
v 0.064758 0.267151 -0.059780
v 0.064850 -0.206253 -0.292603
v 0.064957 0.179474 -0.068672
v 0.065292 -0.019554 0.065636
v 0.065437 -0.497925 0.452637
v 0.065788 -0.218628 0.293671
v 0.066116 -0.498260 0.422852
v 0.066124 -0.352020 0.299469
v 0.066353 -0.257233 0.298828
v 0.066437 0.079025 -0.066460
v 0.066505 0.055946 0.066666
v 0.066658 -0.490204 0.479034
v 0.066742 -0.477448 0.450195
v 0.066765 -0.298950 -0.291260
v 0.066811 -0.231598 -0.275909
v 0.066818 -0.496033 -0.423828
v 0.066841 -0.499451 0.134521
v 0.067047 -0.436249 -0.334869
v 0.067093 -0.048290 0.130829
v 0.067108 0.135742 0.042561
v 0.067131 -0.390900 -0.283386
v 0.067139 -0.450928 0.362732
v 0.067146 -0.226807 0.273499
v 0.067146 -0.358215 0.286194
v 0.067169 -0.273407 0.278290
v 0.067177 -0.017195 -0.062092
v 0.067184 0.178055 0.006489
v 0.067184 -0.493866 -0.458038
v 0.067200 0.151306 -0.065628
v 0.067207 0.173157 -0.029675
v 0.067284 -0.380371 0.271912
v 0.067314 -0.341034 -0.272125
v 0.067368 -0.422089 0.287079
v 0.067596 0.162476 -0.047726
v 0.067719 -0.476532 0.319244
v 0.067902 0.169495 0.066711
v 0.067917 0.013554 -0.121590
v 0.067955 0.198334 -0.025377
v 0.068237 0.051426 0.002196
v 0.068375 0.123306 0.001959
v 0.068436 0.166855 0.025465
v 0.068504 -0.022558 0.003330
v 0.068596 0.196838 -0.089462
v 0.068596 -0.436371 0.276978
v 0.068687 -0.469910 0.284180
v 0.068810 -0.069016 0.114594
v 0.068924 -0.430939 -0.278015
v 0.069199 0.222931 -0.059116
v 0.069336 -0.046612 0.118874
v 0.069611 -0.484528 0.422119
v 0.069901 -0.469147 -0.284454
v 0.070328 -0.483093 -0.416260
v 0.070763 0.192932 -0.009669
v 0.070816 0.198486 -0.070831
v 0.071236 0.192368 0.045448
v 0.071739 0.219345 0.057915
v 0.071983 0.016495 0.121124
v 0.072044 -0.252808 -0.114388
v 0.072098 0.198334 -0.044178
v 0.072945 -0.476776 -0.336761
v 0.073463 0.239853 0.058544
v 0.073509 -0.018265 0.113731
v 0.073738 0.218674 0.015164
v 0.073753 0.198151 0.028540
v 0.073868 0.198288 0.009787
v 0.074234 0.198334 0.066490
v 0.074425 0.243729 -0.059399
v 0.074562 0.232162 0.040012
v 0.074699 0.166901 0.049274
v 0.074768 0.228088 0.090195
v 0.075851 0.233444 -0.042034
v 0.076401 0.314087 -0.073860
v 0.077667 0.238998 0.003137
v 0.077919 -0.158417 0.281952
v 0.078186 -0.045795 -0.129517
v 0.078194 0.175659 -0.017559
v 0.078339 -0.174225 -0.283752
v 0.078453 -0.045948 -0.117836
v 0.079193 0.176529 0.016928
v 0.079369 -0.002631 -0.114250
v 0.079712 -0.499451 -0.025820
v 0.079948 0.179947 -0.064621
v 0.080040 0.176224 -0.050999
v 0.081406 0.198502 0.084167
v 0.082550 0.176849 0.061398
v 0.083496 0.257721 0.089462
v 0.084084 0.198212 -0.031818
v 0.084129 -0.001985 -0.128113
v 0.084381 -0.161285 -0.278564
v 0.084503 0.255157 0.025198
v 0.084976 -0.177597 0.285553
v 0.085487 0.000689 0.128571
v 0.086044 0.249054 -0.019720
v 0.086487 -0.485413 -0.422577
v 0.086555 0.000132 0.116203
v 0.086670 -0.048733 0.123787
v 0.086731 0.269012 -0.064529
v 0.086754 0.254791 0.065666
v 0.086845 0.242477 -0.085823
v 0.087517 -0.074150 -0.114822
v 0.088173 -0.177933 -0.266663
v 0.088333 0.239639 -0.060349
v 0.088951 -0.231964 -0.273224
v 0.089340 0.236679 0.040642
v 0.089470 0.198395 -0.013480
v 0.089569 0.198837 -0.086327
v 0.089951 0.205231 -0.068222
v 0.090004 -0.022482 0.046501
v 0.090118 0.198227 0.014124
v 0.090645 0.198486 -0.046394
v 0.090668 -0.172867 -0.114418
v 0.090729 0.198395 0.069954
v 0.090752 0.198639 0.042221
v 0.091042 -0.068321 0.118645
v 0.091194 0.227341 0.079575
v 0.091278 0.237747 0.006669
v 0.091339 0.239609 -0.033138
v 0.091431 0.216599 -0.003311
v 0.091568 -0.499451 -0.230728
v 0.093239 -0.213852 -0.285675
v 0.093697 -0.278076 0.251709
v 0.097038 -0.022282 0.098984
v 0.098137 -0.022663 -0.058872
v 0.099548 -0.287994 -0.271698
v 0.099998 -0.302765 0.271820
v 0.100121 -0.277954 0.116806
v 0.100639 -0.177933 0.270355
v 0.101303 -0.219360 0.282928
v 0.101692 -0.440643 -0.402466
v 0.101875 -0.479614 0.362091
v 0.102936 -0.184921 0.115952
v 0.103035 -0.002088 -0.117439
v 0.104988 -0.244934 -0.279022
v 0.105164 -0.244736 0.278076
v 0.105202 -0.082748 0.119110
v 0.105286 -0.465698 0.285370
v 0.105331 0.017618 -0.119286
v 0.105515 -0.046989 0.126572
v 0.105545 -0.207352 -0.253021
v 0.107048 -0.277618 -0.119011
v 0.107063 -0.001550 0.119232
v 0.107231 0.021105 0.120056
v 0.107246 -0.177872 0.282318
v 0.108139 -0.216034 -0.003090
v 0.109749 -0.434174 -0.380920
v 0.109924 -0.021097 -0.110596
v 0.110840 -0.179398 -0.122955
v 0.110992 -0.175476 -0.282288
v 0.111351 -0.042068 -0.129532
v 0.111511 -0.019646 0.112434
v 0.111961 -0.137421 -0.008258
v 0.112465 -0.004468 0.131195
v 0.112541 -0.276978 0.018421
v 0.112694 -0.272736 -0.032936
v 0.113701 -0.441650 -0.421417
v 0.113930 -0.020546 0.065445
v 0.114151 -0.022957 -0.046806
v 0.114250 -0.190125 0.092247
v 0.114296 -0.224640 -0.077316
v 0.114342 -0.103119 0.070221
v 0.114380 -0.110817 -0.090317
v 0.114410 -0.074516 0.021883
v 0.114456 0.013002 0.049183
v 0.114464 0.008134 0.075752
v 0.114822 -0.004820 -0.088745
v 0.114998 0.026199 -0.135666
v 0.115067 0.016516 0.008185
v 0.115082 -0.246002 -0.111000
v 0.115112 -0.422455 -0.406067
v 0.115158 0.001584 -0.132019
v 0.115227 -0.140228 -0.040604
v 0.115326 -0.049911 -0.037006
v 0.115379 -0.071617 -0.056084
v 0.115585 -0.065460 -0.081139
v 0.115700 -0.227646 0.035496
v 0.115715 -0.495361 -0.423737
v 0.115791 -0.051723 0.009077
v 0.116074 -0.014887 0.096840
v 0.116165 -0.052002 -0.010985
v 0.116180 -0.080017 -0.021788
v 0.116234 -0.221863 -0.285919
v 0.116379 -0.045883 -0.067726
v 0.116447 -0.051315 0.063271
v 0.116447 -0.184753 -0.027039
v 0.116463 -0.001798 0.096931
v 0.116623 -0.063057 0.103668
v 0.116653 -0.001063 -0.018518
v 0.116692 0.031937 0.108070
v 0.116707 -0.465607 -0.285156
v 0.116730 -0.137421 0.016642
v 0.116875 -0.154388 0.110359
v 0.116920 -0.165314 -0.266785
v 0.117012 -0.050564 0.040962
v 0.117065 0.033882 -0.110092
v 0.117081 -0.140717 -0.111099
v 0.117210 -0.162888 0.268524
v 0.117226 -0.248779 -0.031349
v 0.117447 0.000291 0.018032
v 0.117683 -0.158203 -0.281342
v 0.117691 -0.071991 0.088837
v 0.117851 -0.001651 0.040737
v 0.117958 0.003967 -0.049587
v 0.118080 -0.277527 -0.102905
v 0.118439 -0.045914 -0.084702
v 0.118446 -0.256104 0.133362
v 0.118759 -0.443115 0.280548
v 0.118881 -0.072884 0.052986
v 0.118912 -0.075668 -0.094864
v 0.119598 -0.438843 -0.279175
v 0.119667 -0.257812 0.108551
v 0.119911 -0.224899 -0.273071
v 0.120239 -0.000620 -0.104614
v 0.120445 -0.045826 0.080170
v 0.120476 -0.277496 0.105179
v 0.120544 -0.068192 -0.104996
v 0.121216 -0.410889 0.271118
v 0.121452 -0.119942 -0.136795
v 0.121460 -0.141159 0.133728
v 0.122307 0.016916 0.071480
v 0.122314 -0.065041 0.019573
v 0.122459 -0.000009 0.104523
v 0.123840 -0.225922 0.272186
v 0.123856 -0.277710 0.132675
v 0.124077 -0.043243 0.141785
v 0.124222 0.023132 0.142136
v 0.124344 0.016659 -0.016096
v 0.125351 0.012687 -0.070282
v 0.125580 -0.063049 -0.056877
v 0.125687 -0.237366 -0.133408
v 0.125717 -0.495941 0.424530
v 0.126022 -0.277710 -0.133179
v 0.126053 -0.063416 -0.085442
v 0.126648 -0.053631 -0.020020
v 0.126678 -0.059891 0.062080
v 0.126938 -0.000295 -0.047401
v 0.127228 -0.159531 0.282867
v 0.127365 0.002712 0.078293
v 0.127548 0.016783 0.009747
v 0.127655 -0.131165 0.105606
v 0.128052 0.014431 -0.143188
v 0.128204 -0.004934 -0.086845
v 0.128311 0.068024 -0.122238
v 0.128510 -0.238297 -0.109482
v 0.128693 -0.277954 -0.185013
v 0.128860 -0.000175 -0.023989
v 0.128937 0.009377 0.050838
v 0.129135 -0.045181 -0.067039
v 0.129242 0.066017 0.122292
v 0.129364 -0.243195 -0.272369
v 0.129486 -0.035698 -0.045872
v 0.129578 -0.046444 0.006164
v 0.129639 -0.440369 -0.398621
v 0.129822 -0.241470 -0.251709
v 0.130371 -0.048405 0.039085
v 0.130432 0.033005 0.101448
v 0.130447 -0.044670 0.058510
v 0.130661 -0.001124 0.024216
v 0.130676 -0.007692 0.093224
v 0.130722 -0.045940 0.084419
v 0.130890 -0.110886 -0.110428
v 0.131134 -0.050846 -0.096764
v 0.131317 -0.042805 -0.084747
v 0.131393 -0.014028 0.019043
v 0.131638 0.032589 -0.103294
v 0.131790 -0.277893 -0.251465
v 0.131897 -0.181808 -0.285736
v 0.132477 -0.424286 -0.380859
v 0.132523 -0.425049 -0.419098
v 0.135239 -0.231903 0.120941
v 0.136337 -0.499573 0.402283
v 0.136627 -0.128220 -0.125198
v 0.137100 -0.041302 0.105072
v 0.137192 -0.133636 0.119171
v 0.137207 -0.483521 0.417542
v 0.137436 -0.017355 -0.103142
v 0.137726 -0.277802 0.118546
v 0.138092 -0.277771 -0.118599
v 0.138275 -0.369568 -0.269562
v 0.138443 -0.244614 0.278076
v 0.138748 -0.024778 -0.133209
v 0.139465 0.054012 -0.120758
v 0.139816 0.028772 0.134598
v 0.140060 -0.234253 -0.122749
v 0.140167 -0.225800 -0.285339
v 0.141571 -0.221680 0.284821
v 0.142075 -0.436920 -0.413818
v 0.142685 -0.267883 -0.274414
v 0.143097 -0.050457 0.127426
v 0.143295 -0.419525 -0.398163
v 0.143387 -0.055073 -0.114128
v 0.143692 -0.244675 0.251648
v 0.145432 -0.441681 -0.377289
v 0.146347 0.028961 -0.109970
v 0.146988 0.029316 0.116005
v 0.147797 -0.499664 -0.395325
v 0.148224 0.027946 -0.129257
v 0.149063 -0.157562 -0.268311
v 0.149429 -0.471558 -0.307251
v 0.149673 -0.227951 -0.272888
v 0.151215 -0.499451 0.278900
v 0.151596 -0.157639 -0.282990
v 0.152298 -0.277893 -0.043606
v 0.153183 -0.009852 -0.121452
v 0.154037 -0.240875 0.273010
v 0.154114 -0.157761 0.266052
v 0.155350 -0.429871 0.360687
v 0.156204 -0.174194 -0.270416
v 0.157303 -0.175034 0.285309
v 0.157532 -0.156906 0.279816
v 0.157959 -0.174637 -0.285431
v 0.158890 -0.482574 -0.383514
v 0.160049 -0.179474 0.268005
v 0.160706 -0.437134 0.334503
v 0.161240 -0.221985 0.275879
v 0.161484 -0.205612 0.263672
v 0.161789 -0.466522 0.285492
v 0.162750 -0.415466 0.347595
v 0.165771 -0.221848 -0.274719
v 0.167572 -0.242935 -0.272797
v 0.170044 -0.206985 0.253784
v 0.171585 -0.221970 -0.286499
v 0.172348 -0.435028 0.365143
v 0.175171 -0.220551 0.285858
v 0.177277 -0.176865 -0.270538
v 0.177948 -0.199249 -0.263885
v 0.178711 -0.237091 -0.285645
v 0.179092 -0.239212 0.283752
v 0.179901 -0.469818 -0.284760
v 0.180145 -0.467896 0.283997
v 0.181946 -0.432587 0.341553
v 0.182098 -0.499451 0.069679
v 0.183273 -0.246887 0.272400
v 0.183319 -0.473236 0.302032
v 0.184158 -0.486877 -0.429047
v 0.184464 -0.262482 -0.272980
v 0.185760 -0.142944 0.259521
v 0.185837 -0.176971 -0.283661
v 0.186035 -0.200287 0.286102
v 0.186340 -0.220795 -0.285858
v 0.186356 -0.434387 0.276917
v 0.186691 -0.422455 -0.276642
v 0.187164 -0.450104 -0.302979
v 0.187744 -0.109444 -0.275299
v 0.187790 -0.101295 0.252319
v 0.187820 -0.176407 0.273010
v 0.188507 -0.144592 -0.265411
v 0.188950 -0.227371 -0.273834
v 0.189407 -0.480316 0.353271
v 0.189896 -0.476410 -0.315491
v 0.190567 -0.129105 0.285431
v 0.191803 -0.082565 0.260162
v 0.191803 -0.094398 -0.282074
v 0.192291 -0.123024 -0.234375
v 0.192642 -0.221573 0.280884
v 0.193115 -0.090111 -0.251953
v 0.193192 -0.139191 0.234818
v 0.193848 -0.081261 -0.266876
v 0.193848 -0.414612 0.297455
v 0.194031 -0.438782 0.395508
v 0.194153 -0.278015 0.132034
v 0.195694 -0.153473 0.275604
v 0.195969 -0.325134 0.272003
v 0.196365 -0.149261 0.295349
v 0.196503 -0.094627 -0.230240
v 0.196609 -0.093651 0.275665
v 0.197311 -0.140060 -0.302979
v 0.197357 -0.165176 0.249298
v 0.197769 -0.096931 -0.304199
v 0.197891 -0.422882 0.390381
v 0.198563 -0.150742 -0.230804
v 0.199158 -0.194855 -0.285706
v 0.199448 -0.475922 0.330963
v 0.200256 -0.268921 -0.273712
v 0.200455 -0.111946 0.219467
v 0.200821 -0.086037 0.220612
v 0.201447 -0.486816 0.430298
v 0.201553 -0.092857 0.305786
v 0.201996 -0.277588 0.251190
v 0.202225 -0.165985 -0.285309
v 0.202255 -0.201981 -0.257324
v 0.202881 -0.154816 -0.261414
v 0.203079 -0.171509 0.274719
v 0.203339 -0.277313 -0.244873
v 0.203430 -0.096176 -0.277405
v 0.203720 -0.407867 -0.309448
v 0.205048 -0.171906 -0.273010
v 0.205124 -0.093437 0.233582
v 0.205460 -0.183044 -0.248108
v 0.205536 -0.244217 -0.251251
v 0.205704 -0.436005 0.319672
v 0.205795 -0.274078 0.288300
v 0.205887 -0.174683 0.284210
v 0.205902 -0.156326 0.263702
v 0.206314 -0.155014 0.305939
v 0.206528 -0.203568 0.262848
v 0.206696 -0.227219 0.272461
v 0.206879 -0.221649 -0.279266
v 0.207047 -0.435516 0.376343
v 0.207123 -0.250336 0.243515
v 0.207138 -0.278015 0.234680
v 0.207291 -0.086823 -0.301544
v 0.207397 -0.150650 0.293335
v 0.207489 -0.439697 0.417328
v 0.208252 -0.424561 0.410614
v 0.208679 -0.182861 0.265656
v 0.209091 -0.251099 -0.292206
v 0.209183 -0.164215 -0.301514
v 0.209274 -0.152023 -0.290741
v 0.209305 -0.203217 0.251526
v 0.209991 -0.095245 -0.232605
v 0.210327 -0.217331 0.284393
v 0.210403 -0.155640 -0.234192
v 0.210815 -0.173935 0.230652
v 0.211914 -0.499451 -0.185150
v 0.212173 -0.480377 -0.346069
v 0.212708 -0.195221 -0.288971
v 0.213852 -0.081352 -0.223206
v 0.214386 -0.100090 0.254913
v 0.214661 -0.096252 0.298950
v 0.214737 -0.410461 0.398438
v 0.214828 -0.099884 -0.255066
v 0.214935 -0.081627 0.304840
v 0.215164 -0.175018 -0.219742
v 0.215500 -0.088371 -0.207382
v 0.216232 -0.243408 -0.228073
v 0.216263 -0.144928 0.204391
v 0.217072 -0.125015 -0.202942
v 0.217545 -0.185577 0.297272
v 0.218262 -0.419708 0.382263
v 0.218292 -0.123039 -0.325714
v 0.221741 -0.084236 0.215408
v 0.221741 -0.191238 -0.303925
v 0.222229 -0.441925 0.403290
v 0.222382 -0.087608 -0.322021
v 0.223572 -0.097496 0.289337
v 0.223907 -0.088493 0.325531
v 0.223969 -0.094177 0.199646
v 0.224091 -0.287018 -0.313080
v 0.224365 -0.405121 -0.330627
v 0.224564 -0.077560 0.257721
v 0.224747 -0.479309 0.347870
v 0.224762 -0.272003 0.311432
v 0.224777 -0.081375 -0.266113
v 0.225052 -0.156708 0.308258
v 0.225082 -0.121613 0.195496
v 0.225296 -0.119156 0.330780
v 0.225342 -0.277832 -0.212921
v 0.225479 -0.153015 0.322662
v 0.226318 -0.499451 -0.307434
v 0.227280 -0.358826 0.322296
v 0.227570 -0.427246 0.397552
v 0.228149 -0.146835 -0.196564
v 0.228180 -0.149933 -0.327515
v 0.228226 -0.098991 -0.303558
v 0.228622 -0.097801 0.217819
v 0.228989 -0.249496 0.214844
v 0.229065 -0.439758 0.381012
v 0.229401 -0.095978 0.319916
v 0.229614 -0.152237 -0.208359
v 0.231094 -0.170868 -0.315033
v 0.231384 -0.166992 0.208099
v 0.231903 -0.498260 -0.430695
v 0.232224 -0.189011 -0.214798
v 0.232620 -0.096550 -0.208267
v 0.233627 -0.099037 -0.224670
v 0.235535 -0.438843 0.339539
v 0.236160 -0.499451 -0.086029
v 0.237167 -0.056034 0.281769
v 0.238495 -0.187546 0.316040
v 0.238983 -0.060158 0.240631
v 0.240540 -0.278046 0.206161
v 0.243149 -0.097252 -0.190918
v 0.243729 -0.051003 -0.284607
v 0.243790 -0.497955 0.432739
v 0.243896 -0.085869 -0.227051
v 0.244049 -0.165787 -0.198990
v 0.244278 -0.096741 0.191330
v 0.244659 -0.121597 0.336090
v 0.245743 -0.150482 0.328094
v 0.246338 -0.095619 0.328094
v 0.247650 -0.239029 -0.206711
v 0.249161 -0.482391 0.392029
v 0.249481 -0.151855 -0.324341
v 0.249496 -0.148697 0.191818
v 0.249939 -0.481049 -0.353302
v 0.250305 -0.277985 -0.201828
v 0.250336 -0.094925 -0.199463
v 0.251068 -0.231079 0.150894
v 0.251160 -0.251068 0.204651
v 0.251221 -0.252869 -0.147324
v 0.251251 -0.247101 -0.001169
v 0.251251 -0.278015 -0.046711
v 0.251251 -0.278076 0.132248
v 0.251373 -0.277252 -0.173203
v 0.251404 -0.295776 -0.325256
v 0.252106 -0.206955 -0.183517
v 0.252289 -0.099670 0.309204
v 0.252930 -0.099098 0.217957
v 0.252960 -0.003783 0.264374
v 0.252991 -0.027191 -0.248032
v 0.253784 -0.412598 -0.338501
v 0.253815 -0.083069 -0.195724
v 0.253937 -0.182037 0.206116
v 0.253967 -0.117668 -0.338684
v 0.254150 -0.158401 -0.204849
v 0.254272 -0.208618 0.206772
v 0.255585 -0.151947 0.202148
v 0.255646 -0.145309 -0.190231
v 0.256226 -0.145691 -0.336700
v 0.256470 -0.099617 -0.310822
v 0.257141 -0.206055 -0.098457
v 0.257385 -0.206238 0.146469
v 0.257416 -0.206177 0.013100
v 0.257660 -0.087898 -0.331390
v 0.258850 -0.196075 -0.208099
v 0.258972 -0.310394 0.328400
v 0.259827 -0.081352 0.191055
v 0.259979 -0.172043 0.324860
v 0.260651 -0.069107 0.298248
v 0.261230 -0.188873 -0.323151
v 0.261810 -0.211349 0.318451
v 0.261871 -0.095299 0.201950
v 0.262573 -0.481689 0.356628
v 0.262604 0.013556 0.262909
v 0.263275 -0.046371 0.236649
v 0.263519 0.022528 -0.263977
v 0.263672 -0.462158 0.352814
v 0.263824 -0.197983 -0.194626
v 0.263885 -0.484558 -0.433929
v 0.264343 -0.097481 -0.207748
v 0.265015 -0.181152 0.010200
v 0.265228 -0.070770 -0.301758
v 0.265442 -0.155533 -0.035923
v 0.265656 -0.182648 0.182846
v 0.266296 -0.145660 0.337463
v 0.266510 -0.176712 -0.154236
v 0.266510 -0.179031 0.114731
v 0.266632 -0.149170 0.190063
v 0.267395 -0.080658 -0.188263
v 0.267670 -0.102928 0.185471
v 0.268066 -0.182968 -0.092262
v 0.268341 -0.090645 0.334076
v 0.268341 -0.158234 -0.079338
v 0.268402 -0.080528 -0.223694
v 0.268402 -0.374023 0.138138
v 0.268768 -0.155472 0.014628
v 0.268768 -0.163513 -0.122810
v 0.269104 -0.178772 0.204697
v 0.269501 -0.177673 0.096100
v 0.269836 -0.484802 0.433838
v 0.270111 -0.176971 -0.181747
v 0.270416 -0.366577 -0.125732
v 0.270569 -0.004100 0.271942
v 0.270569 -0.167984 -0.204742
v 0.270752 -0.156860 0.126221
v 0.270874 -0.159821 -0.320251
v 0.271484 -0.292053 0.176102
v 0.271606 -0.245926 0.128967
v 0.271667 -0.279175 0.068054
v 0.271729 -0.121391 0.338593
v 0.271729 -0.251526 -0.082718
v 0.271729 -0.289795 0.198959
v 0.271759 -0.158508 0.205139
v 0.271759 -0.302795 -0.068245
v 0.271759 -0.396881 0.078171
v 0.271790 -0.221420 0.067574
v 0.271820 -0.223343 0.133423
v 0.271942 -0.266113 -0.202362
v 0.272461 -0.160614 0.089325
v 0.272552 -0.228363 -0.069832
v 0.272614 -0.225082 -0.192230
v 0.272858 -0.082222 -0.202042
v 0.273132 -0.160126 -0.156631
v 0.273193 -0.252319 -0.130478
v 0.273315 -0.109581 -0.187180
v 0.273376 -0.223007 -0.161942
v 0.273407 -0.265472 0.097588
v 0.273743 -0.221466 0.090462
v 0.273834 -0.221924 -0.208237
v 0.274078 -0.229630 0.157242
v 0.274139 -0.247498 -0.152710
v 0.274139 -0.252289 -0.177643
v 0.274200 -0.228699 0.207306
v 0.274292 -0.165070 0.158203
v 0.274292 -0.417877 0.336578
v 0.274475 -0.150940 0.322327
v 0.274780 -0.251007 0.147339
v 0.275208 -0.243759 -0.109009
v 0.275208 -0.416107 -0.068832
v 0.275269 -0.408569 0.187317
v 0.275543 -0.227173 0.114403
v 0.275574 -0.222229 -0.125381
v 0.276123 -0.246414 0.181900
v 0.277252 -0.435822 0.127197
v 0.277374 -0.035831 -0.282257
v 0.277527 -0.096405 0.323700
v 0.278198 -0.441223 -0.397003
v 0.278290 -0.155670 -0.014959
v 0.278534 -0.224060 -0.088745
v 0.278778 -0.093681 -0.192169
v 0.279053 -0.438568 -0.124504
v 0.279175 -0.440643 -0.372742
v 0.279724 -0.151260 -0.331299
v 0.279724 -0.427460 0.069435
v 0.279999 -0.177597 0.176620
v 0.280090 -0.416229 -0.189621
v 0.280212 -0.499664 -0.381500
v 0.280334 -0.178009 0.116158
v 0.280579 -0.151932 0.021538
v 0.281097 -0.093216 -0.303802
v 0.281158 -0.221436 0.191360
v 0.281433 -0.497986 0.434296
v 0.281494 -0.220673 0.072205
v 0.281769 -0.043209 -0.246185
v 0.282013 -0.185257 0.315582
v 0.282135 -0.094971 -0.333862
v 0.282196 -0.167252 -0.119644
v 0.282227 -0.150024 -0.031315
v 0.282288 -0.050594 0.240570
v 0.283203 -0.381989 0.013380
v 0.283234 -0.416901 0.006557
v 0.283630 -0.161713 -0.000861
v 0.283691 -0.158417 -0.041592
v 0.283752 -0.170502 -0.090477
v 0.283936 -0.157089 0.043152
v 0.283997 -0.221558 -0.166168
v 0.284058 -0.229568 -0.187332
v 0.284119 -0.413208 0.030815
v 0.284149 -0.092972 0.192596
v 0.284180 -0.469238 -0.069733
v 0.284210 -0.329102 0.013817
v 0.284302 -0.186691 -0.316071
v 0.284363 -0.157562 0.072304
v 0.284363 -0.320770 -0.003733
v 0.284393 -0.342865 -0.027002
v 0.284454 -0.218491 -0.018347
v 0.284515 -0.217560 0.138168
v 0.284668 -0.178299 0.096687
v 0.284668 -0.219131 -0.068703
v 0.284668 -0.234055 0.140961
v 0.284790 -0.468719 0.071541
v 0.284851 -0.221069 -0.117363
v 0.284851 -0.242584 -0.017303
v 0.284943 -0.177658 -0.180832
v 0.285065 -0.153320 0.196960
v 0.285065 -0.262115 -0.317810
v 0.285095 -0.178879 -0.157089
v 0.285126 -0.162170 0.119469
v 0.285126 -0.215744 -0.040241
v 0.285309 -0.198120 0.013883
v 0.285309 -0.262634 0.028654
v 0.285339 -0.172562 0.019318
v 0.285339 -0.359009 0.031052
v 0.285400 -0.233139 0.047882
v 0.285553 -0.194061 0.081596
v 0.285583 -0.465271 0.128571
v 0.285614 -0.179688 0.155121
v 0.285797 -0.201492 -0.102310
v 0.285797 -0.223557 0.166031
v 0.285919 -0.284912 -0.025721
v 0.285950 -0.156281 -0.065773
v 0.285980 -0.197891 -0.195175
v 0.285980 -0.496002 -0.430267
v 0.286011 -0.470337 -0.182129
v 0.286041 -0.195465 0.197830
v 0.286072 -0.169327 -0.203400
v 0.286133 -0.203003 -0.018805
v 0.286346 -0.220474 -0.148087
v 0.286377 -0.227051 0.105240
v 0.286469 -0.216522 0.210770
v 0.286469 -0.468262 0.177765
v 0.286499 -0.230865 -0.104515
v 0.286499 -0.262360 0.001800
v 0.286530 -0.178223 -0.021406
v 0.286560 -0.200180 -0.033260
v 0.286713 -0.163071 0.324249
v 0.286743 -0.095360 0.222992
v 0.286743 -0.204453 0.036888
v 0.286865 -0.170609 0.206741
v 0.286987 -0.467072 -0.087395
v 0.287292 -0.095856 -0.225891
v 0.287292 -0.235214 -0.140442
v 0.287354 -0.182129 -0.035255
v 0.287384 -0.422943 -0.334900
v 0.287537 -0.172974 0.036709
v 0.287567 -0.295929 -0.068192
v 0.287689 -0.207611 -0.211563
v 0.287964 -0.302795 0.031242
v 0.288208 -0.270264 0.206192
v 0.288391 -0.419189 -0.384216
v 0.288696 -0.416992 -0.031248
v 0.289398 -0.318817 0.047543
v 0.289520 -0.467529 -0.158463
v 0.289948 -0.192093 0.067757
v 0.290192 -0.192612 -0.048294
v 0.290405 -0.284607 -0.047928
v 0.290710 -0.327881 0.068138
v 0.290863 -0.187576 -0.067856
v 0.290894 -0.146515 -0.195084
v 0.291412 -0.049099 -0.266571
v 0.291534 -0.384979 -0.032299
v 0.292175 -0.056023 0.257629
v 0.292847 -0.281647 0.314758
v 0.292847 -0.481964 0.347809
v 0.293549 -0.215637 0.025663
v 0.293701 -0.159225 -0.212463
v 0.294434 -0.097618 0.301025
v 0.294617 -0.097145 -0.312592
v 0.294617 -0.499420 0.120232
v 0.294830 -0.336670 -0.022947
v 0.294891 -0.116089 -0.331787
v 0.294983 -0.349121 0.029490
v 0.295013 -0.074837 0.286560
v 0.295044 -0.319458 -0.042561
v 0.295532 -0.320068 0.002910
v 0.295898 -0.279449 -0.012784
v 0.295990 -0.093979 -0.215866
v 0.296173 -0.399994 0.033512
v 0.296448 -0.154953 0.030310
v 0.296570 -0.334381 -0.204102
v 0.296570 -0.424561 -0.400391
v 0.296936 -0.155640 -0.309998
v 0.297028 -0.290527 0.004452
v 0.297089 -0.179398 -0.022821
v 0.297089 -0.499451 0.275574
v 0.297241 -0.416687 0.038334
v 0.297333 -0.177032 0.020288
v 0.297363 -0.259308 -0.000050
v 0.297729 -0.417084 -0.044788
v 0.297913 -0.413452 0.330414
v 0.298126 -0.155579 0.017609
v 0.298309 -0.153732 0.312714
v 0.298309 -0.214951 -0.216858
v 0.298340 -0.144135 0.329285
v 0.298370 -0.441376 -0.398010
v 0.298523 -0.184235 -0.033970
v 0.298737 -0.499695 0.376984
v 0.298798 -0.194138 0.021580
v 0.298950 -0.096672 0.330505
v 0.299133 -0.299286 0.027725
v 0.299774 -0.332581 0.044125
v 0.299957 -0.194595 0.034725
v 0.300079 -0.187881 0.048496
v 0.300690 -0.425751 -0.068176
v 0.300842 -0.156693 0.056259
v 0.300903 -0.115562 0.197571
v 0.300903 -0.152023 0.207504
v 0.301178 -0.432678 -0.369659
v 0.301270 -0.371185 -0.049866
v 0.301514 -0.146332 -0.323944
v 0.301819 -0.183411 0.219788
v 0.302002 -0.081261 -0.214432
v 0.302124 -0.163132 -0.051548
v 0.302277 -0.277710 0.052914
v 0.302551 -0.088394 -0.323364
v 0.302612 -0.093536 0.312073
v 0.302612 -0.156738 -0.065338
v 0.302643 -0.088890 -0.199356
v 0.303009 -0.481720 -0.344330
v 0.303070 -0.116272 0.329346
v 0.303314 -0.401367 0.197540
v 0.303345 -0.204834 -0.067596
v 0.303467 -0.404114 0.052601
v 0.303558 -0.084740 0.204498
v 0.303589 -0.408325 0.067451
v 0.303650 -0.347198 -0.067657
v 0.303772 -0.095757 -0.286713
v 0.303802 -0.209000 -0.019419
v 0.303802 -0.372559 0.063751
v 0.304138 -0.228683 0.065544
v 0.304382 -0.232880 -0.053459
v 0.304474 -0.097229 0.242142
v 0.304535 -0.155869 -0.020643
v 0.304596 -0.082344 0.320709
v 0.304810 -0.179459 0.303070
v 0.305481 -0.215561 -0.032585
v 0.305725 -0.346161 -0.314362
v 0.305756 -0.405640 -0.063156
v 0.306549 -0.419037 -0.009634
v 0.306915 -0.175537 -0.305115
v 0.307037 -0.195175 -0.036991
v 0.307312 -0.454834 -0.189682
v 0.307373 -0.114693 -0.199799
v 0.307526 -0.177078 0.035275
v 0.308655 -0.153763 0.294708
v 0.309082 -0.093140 0.268951
v 0.309326 -0.093468 0.226959
v 0.309387 -0.426849 -0.386688
v 0.309418 -0.160828 -0.211914
v 0.309875 -0.446411 -0.330414
v 0.309998 -0.408081 -0.048466
v 0.310486 -0.269836 0.223816
v 0.310913 -0.156204 -0.295471
v 0.311066 -0.155319 -0.035458
v 0.311279 -0.155914 0.227081
v 0.312012 -0.258728 -0.296051
v 0.312042 -0.215714 0.021019
v 0.312347 -0.154007 -0.227203
v 0.313171 -0.155411 0.028284
v 0.313232 -0.211487 0.034950
v 0.313538 -0.441406 -0.379517
v 0.313751 -0.476379 -0.188782
v 0.313782 -0.085236 -0.227768
v 0.313873 -0.243851 0.288147
v 0.313904 -0.188934 0.021267
v 0.313965 -0.183258 -0.023706
v 0.315125 -0.198013 -0.237793
v 0.316437 -0.149567 0.309387
v 0.316437 -0.477020 0.189163
v 0.316986 -0.205215 -0.275146
v 0.317169 -0.191177 0.243164
v 0.317444 -0.081543 0.222168
v 0.317841 -0.280426 -0.229797
v 0.318085 -0.188217 0.271240
v 0.318207 -0.083923 -0.303894
v 0.318390 -0.097733 -0.264557
v 0.318420 -0.094246 0.290161
v 0.318756 -0.139587 -0.310852
v 0.318878 -0.156815 -0.272278
v 0.319550 -0.154816 0.273682
v 0.320557 -0.171799 -0.288330
v 0.320679 -0.082031 -0.217667
v 0.320709 -0.095406 -0.233841
v 0.321045 -0.079071 0.303009
v 0.321167 -0.168427 0.285736
v 0.321289 -0.402374 -0.216476
v 0.322174 -0.252930 0.254730
v 0.322418 -0.097282 0.258636
v 0.322693 -0.354095 0.230515
v 0.322876 -0.147659 0.220123
v 0.323212 -0.409058 0.066605
v 0.323730 -0.168655 -0.252197
v 0.324127 -0.163635 0.232956
v 0.324615 -0.110703 0.308380
v 0.324860 -0.154297 0.252258
v 0.325165 -0.284119 -0.254852
v 0.325226 -0.482513 -0.352264
v 0.325775 -0.360779 -0.289001
v 0.325989 -0.145859 0.297577
v 0.326019 -0.475891 -0.137787
v 0.326111 -0.416809 0.303558
v 0.326355 -0.136383 -0.220230
v 0.327393 -0.408997 -0.060246
v 0.327972 -0.099930 0.221558
v 0.328339 -0.096291 -0.226181
v 0.328552 -0.428192 -0.046329
v 0.328613 -0.482635 0.352661
v 0.329468 -0.096901 -0.298065
v 0.329468 -0.428619 -0.292175
v 0.329590 -0.094444 0.297607
v 0.330048 -0.161118 0.266022
v 0.330170 -0.157745 -0.270905
v 0.330353 -0.091080 0.244003
v 0.331116 -0.123306 -0.298126
v 0.331360 -0.483307 0.387573
v 0.332031 -0.147537 0.276978
v 0.332611 -0.499451 -0.002448
v 0.333527 -0.091545 -0.260376
v 0.333527 -0.377991 -0.255219
v 0.333679 -0.445709 -0.307922
v 0.334137 -0.481018 0.317688
v 0.334381 -0.436005 0.226318
v 0.334625 -0.372925 0.262665
v 0.334656 -0.087219 0.267365
v 0.334808 -0.499481 -0.245178
v 0.335663 -0.119270 0.281403
v 0.336334 -0.439026 0.178009
v 0.337860 -0.142395 0.255737
v 0.337860 -0.442657 -0.130081
v 0.338196 -0.111359 0.251617
v 0.338501 -0.127609 -0.255371
v 0.339172 -0.497070 0.384583
v 0.339813 -0.478607 0.067619
v 0.340576 -0.455841 -0.223816
v 0.340851 -0.412872 -0.049698
v 0.341400 -0.427216 -0.126129
v 0.341827 -0.434662 -0.260590
v 0.342163 -0.477478 0.100098
v 0.342194 -0.480560 -0.301910
v 0.342621 -0.480804 0.211090
v 0.342987 -0.424469 0.167374
v 0.343811 -0.481049 -0.212845
v 0.343994 -0.439880 -0.114761
v 0.344666 -0.435791 0.047615
v 0.344910 -0.442596 -0.322937
v 0.345245 -0.469025 -0.291321
v 0.345276 -0.419952 0.050503
v 0.345642 -0.425232 0.189270
v 0.347473 -0.447845 0.266785
v 0.348114 -0.478210 0.175095
v 0.348480 -0.440704 -0.149994
v 0.351654 -0.497437 -0.372681
v 0.351990 -0.420837 -0.138138
v 0.353424 -0.441620 0.177505
v 0.353699 -0.422028 -0.119041
v 0.353760 -0.477295 -0.255188
v 0.353760 -0.484650 -0.368835
v 0.354736 -0.439667 0.156845
v 0.354736 -0.481262 0.250671
v 0.355042 -0.442017 -0.345795
v 0.356781 -0.422089 -0.325775
v 0.357391 -0.459808 0.067688
v 0.357605 -0.441681 -0.305573
v 0.357635 -0.419037 0.166534
v 0.358459 -0.480011 -0.067757
v 0.362518 -0.429230 -0.144516
v 0.362701 -0.425934 0.190628
v 0.363403 -0.440369 -0.120064
v 0.366302 -0.442566 0.197723
v 0.366913 -0.427063 -0.342285
v 0.367157 -0.441284 -0.320618
v 0.367798 -0.426483 -0.311554
v 0.368439 -0.430817 -0.125381
v 0.369354 -0.434570 -0.048649
v 0.369507 -0.454529 -0.067368
v 0.370422 -0.432831 0.173752
v 0.372742 -0.499725 -0.322662
v 0.373932 -0.442505 -0.140366
v 0.378326 -0.439178 -0.119469
v 0.380341 -0.424988 -0.325317
v 0.380951 -0.441589 -0.306488
v 0.382233 -0.439453 -0.335754
v 0.384155 -0.454651 -0.047832
v 0.384460 -0.499603 0.163269
v 0.384674 -0.433014 0.230881
v 0.384674 -0.455231 -0.002571
v 0.384827 -0.482239 -0.094765
v 0.385712 -0.499664 0.278900
v 0.385834 -0.427917 -0.126114
v 0.385834 -0.427917 -0.126114
v 0.387482 -0.499634 -0.118324
v 0.388275 -0.431793 -0.108040
v 0.389526 -0.440887 0.247147
v 0.389923 -0.442841 -0.097046
v 0.394318 -0.427704 0.216522
v 0.395691 -0.423553 -0.101868
v 0.396545 -0.416870 -0.119713
v 0.397064 -0.445740 -0.062553
v 0.397797 -0.440460 -0.117340
v 0.400085 -0.499542 0.060421
v 0.401367 -0.426392 0.246918
v 0.401581 -0.482544 -0.220337
v 0.402954 -0.494324 0.329498
v 0.403168 -0.441132 0.211197
v 0.403290 -0.441711 -0.137085
v 0.405060 -0.413177 0.226715
v 0.408325 -0.482849 0.264404
v 0.409027 -0.439514 -0.100578
v 0.409424 -0.483765 0.319122
v 0.410156 -0.426636 -0.127594
v 0.411011 -0.453552 0.061943
v 0.411438 -0.441681 0.230499
v 0.411652 -0.499756 -0.225021
v 0.413055 -0.484894 -0.318176
v 0.414276 -0.427948 -0.111023
v 0.415466 -0.426117 0.220749
v 0.416901 -0.482330 0.067619
v 0.416931 -0.440796 0.251160
v 0.417145 -0.422882 0.241302
v 0.417572 -0.497101 -0.308136
v 0.419220 -0.484436 -0.067413
v 0.420197 -0.498444 -0.066635
v 0.422729 -0.441589 -0.122490
v 0.423309 -0.498077 0.066254
v 0.423737 -0.484650 0.130341
v 0.425751 -0.437958 0.229324
v 0.426056 -0.486664 -0.129242
v 0.426086 -0.496704 0.148987
v 0.426636 -0.497833 -0.146683
v 0.427002 -0.496521 0.277832
v 0.429199 -0.483643 0.268250
v 0.430328 -0.463684 -0.050018
v 0.430328 -0.483093 -0.252808
v 0.433838 -0.494995 -0.249420
v 0.441193 -0.468994 0.048798
v 0.443604 -0.481842 0.047939
v 0.445648 -0.499603 -0.028246
v 0.447662 -0.480255 -0.067436
v 0.449768 -0.499451 0.056305
v 0.452820 -0.493774 0.067307
v 0.456940 -0.498138 -0.066505
v 0.461090 -0.486511 -0.047165
v 0.466827 -0.481262 -0.060085
v 0.471130 -0.494873 0.014888
v 0.479248 -0.496704 0.048950
v 0.479370 -0.497070 -0.045410
v 0.480408 -0.491486 0.065521
v 0.483002 -0.486816 -0.051819
v 0.483459 -0.492584 -0.064255
v 0.484161 -0.487946 0.052162
v -0.000067 -0.277161 0.108131
v -0.000196 0.219009 0.067886
v -0.000919 -0.161804 -0.107758
v -0.001326 0.426453 -0.002411
v -0.002123 0.219040 -0.069153
v -0.002175 0.198273 -0.073250
v -0.002190 -0.258484 0.288391
v -0.002468 -0.163803 0.108017
v -0.003168 -0.157318 -0.288239
v -0.003312 0.060562 0.067741
v -0.003373 -0.053009 -0.116341
v -0.003845 -0.277161 -0.108047
v -0.005494 -0.381165 0.283234
v -0.005559 -0.256714 -0.289185
v -0.005656 -0.128448 -0.116753
v -0.006041 -0.045540 -0.130753
v -0.006409 -0.325653 0.289581
v -0.006642 -0.419739 -0.306549
v -0.006700 0.198029 -0.090012
v -0.006873 0.171799 0.069275
v -0.007259 0.235825 0.074661
v -0.007348 0.170288 -0.068939
v -0.007834 -0.022055 0.068092
v -0.008471 -0.497192 -0.477417
v -0.009124 0.222214 -0.091583
v -0.009601 -0.302399 0.296997
v -0.009658 -0.229095 -0.294983
v -0.010341 -0.239944 -0.251892
v -0.010508 -0.286682 -0.292328
v -0.010744 -0.159576 -0.268982
v -0.011072 0.198410 0.072701
v -0.011263 -0.046104 0.118332
v -0.011550 -0.116806 0.115295
v -0.011679 -0.208832 0.284821
v -0.012050 0.243759 -0.087898
v -0.012107 0.239120 0.087265
v -0.012293 0.242645 -0.073242
v -0.012428 0.017107 -0.123634
v -0.013138 0.258514 -0.077583
v -0.013271 -0.220947 -0.284271
v -0.013940 0.250977 0.075966
v -0.014425 0.007310 0.119652
v -0.014677 -0.181229 -0.266052
v -0.014678 -0.021423 -0.131134
v -0.014716 0.374908 0.015490
v -0.015326 0.178619 0.082367
v -0.015648 0.198471 0.090141
v -0.016695 0.258881 -0.090797
v -0.017254 -0.048576 0.131042
v -0.017405 0.002324 0.130585
v -0.017529 0.254700 0.090988
v -0.017595 0.002822 -0.118042
v -0.017967 -0.286499 0.294861
v -0.017986 -0.141342 -0.109146
v -0.018782 -0.068413 0.119087
v -0.019930 -0.172134 0.285278
v -0.020147 -0.159454 0.275421
v -0.020153 -0.142960 0.109154
v -0.020645 -0.177612 0.269989
v -0.020704 0.362793 -0.012435
v -0.021334 0.179840 -0.080864
v -0.021414 -0.076668 -0.116730
v -0.021734 -0.137848 0.118607
v -0.022432 0.218628 -0.060078
v -0.022533 -0.453003 -0.377625
v -0.022785 0.252747 0.050228
v -0.022797 0.165314 0.073318
v -0.023703 -0.277832 -0.124886
v -0.023720 -0.161774 -0.285431
v -0.023859 -0.000017 -0.128632
v -0.023952 -0.171005 -0.295227
v -0.024240 -0.487213 0.452759
v -0.024300 -0.052013 -0.129120
v -0.024895 0.182861 0.067368
v -0.025320 -0.219269 -0.293579
v -0.025503 -0.221069 -0.109039
v -0.025986 -0.276947 -0.109634
v -0.026417 -0.499725 0.452118
v -0.026627 -0.244049 0.251923
v -0.027063 -0.175888 -0.278046
v -0.027170 -0.342865 -0.286987
v -0.027367 -0.210678 0.114548
v -0.027531 -0.277100 0.116524
v -0.027758 -0.499756 -0.454803
v -0.028624 0.200562 -0.090630
v -0.029358 -0.151810 -0.119911
v -0.029512 0.168121 -0.067421
v -0.029596 -0.499420 -0.331207
v -0.029892 0.255951 -0.076584
v -0.030107 0.198257 0.077370
v -0.030384 -0.055130 -0.116470
v -0.031033 0.277161 -0.041069
v -0.032101 -0.417023 0.287811
v -0.032162 -0.395905 -0.282227
v -0.032509 -0.218231 -0.117783
v -0.032791 0.252045 0.083000
v -0.032856 0.242538 -0.087364
v -0.032948 -0.381042 0.292450
v -0.033283 -0.381897 -0.293060
v -0.033543 -0.226425 -0.282562
v -0.034470 0.255585 -0.090958
v -0.034508 -0.021770 0.113510
v -0.035149 -0.047619 0.121719
v -0.035873 0.197876 -0.073517
v -0.036854 0.237717 0.078064
v -0.037498 -0.278015 -0.251770
v -0.037498 -0.306610 -0.288177
v -0.038124 -0.485321 -0.449249
v -0.038273 -0.416901 -0.291901
v -0.038986 0.232941 -0.072906
v -0.039459 -0.209625 -0.294373
v -0.040611 -0.001247 0.118408
v -0.040787 0.236374 0.090515
v -0.041027 -0.499451 0.072609
v -0.041122 -0.317017 0.288055
v -0.041145 -0.175415 0.285278
v -0.041676 0.198288 0.071037
v -0.041859 -0.001534 -0.115700
v -0.042385 -0.023075 0.102333
v -0.042545 -0.289185 0.286469
v -0.042568 0.255676 0.043213
v -0.042786 0.280304 -0.021345
v -0.042915 -0.176346 0.270782
v -0.043056 -0.126587 -0.114510
v -0.043728 -0.176392 -0.289551
v -0.044430 -0.046764 -0.128860
v -0.044762 -0.464081 -0.402618
v -0.044865 -0.417908 0.304291
v -0.045063 -0.030790 0.131226
v -0.045555 -0.494141 0.479065
v -0.045692 0.275604 0.016121
v -0.046665 -0.233856 0.284119
v -0.046688 -0.455231 0.384521
v -0.046719 -0.480652 0.440155
v -0.046936 -0.243073 -0.285675
v -0.047188 -0.023108 -0.075142
v -0.047203 -0.434143 -0.343475
v -0.047291 -0.428619 0.330627
v -0.047318 -0.499420 0.232956
v -0.047821 -0.160355 -0.288116
v -0.047832 -0.481659 0.465546
v -0.047848 -0.457947 -0.411957
v -0.048000 -0.001120 0.130844
v -0.048019 -0.046108 -0.118103
v -0.048023 -0.450195 0.404297
v -0.048080 0.003522 -0.130386
v -0.048134 0.163803 -0.069687
v -0.048393 -0.314758 0.299011
v -0.048637 0.188599 -0.086914
v -0.048668 0.202652 0.090759
v -0.049076 -0.225037 0.296295
v -0.049107 -0.159134 0.272583
v -0.049126 -0.177490 -0.266174
v -0.049335 -0.363403 -0.296417
v -0.049915 -0.418488 -0.341614
v -0.050568 0.148285 0.067947
v -0.050877 0.219177 -0.055271
v -0.050915 -0.206589 -0.253021
v -0.050941 0.177490 0.080765
v -0.051575 -0.207260 0.252930
v -0.051720 -0.479156 -0.459045
v -0.051838 -0.413910 0.334503
v -0.052128 -0.287140 -0.297791
v -0.052208 -0.402405 0.299896
v -0.052784 -0.405670 -0.300385
v -0.053368 -0.205872 0.115227
v -0.054790 0.218674 0.040802
v -0.056664 -0.021341 -0.113670
v -0.056984 0.237350 -0.080353
v -0.057060 0.015061 -0.123383
v -0.057266 -0.204193 -0.263214
v -0.057617 -0.079628 0.115616
v -0.057987 -0.157410 -0.267883
v -0.058632 -0.277771 -0.115608
v -0.058704 -0.066521 0.125580
v -0.059074 0.237289 0.066261
v -0.059116 -0.066261 -0.121994
v -0.059265 -0.156982 0.285065
v -0.059456 0.221924 -0.072113
v -0.059521 0.218658 -0.022182
v -0.059723 -0.207687 0.286530
v -0.059914 0.238068 0.086113
v -0.059933 0.199020 -0.090958
v -0.059959 -0.492188 -0.479523
v -0.060570 0.226807 -0.090912
v -0.060959 -0.455353 0.409973
v -0.061176 -0.157501 -0.295258
v -0.061291 0.281006 0.066574
v -0.061554 0.219864 0.064713
v -0.061836 -0.491974 0.473694
v -0.062294 -0.260193 0.299255
v -0.062393 -0.499451 -0.137375
v -0.062401 -0.202194 -0.295441
v -0.062481 -0.047306 -0.131256
v -0.062584 -0.376434 0.299713
v -0.062675 -0.409973 -0.325409
v -0.062798 -0.442444 -0.388885
v -0.063736 0.249756 -0.090378
v -0.063866 -0.046818 -0.119141
v -0.064598 -0.498596 -0.422272
v -0.065048 -0.498230 0.445160
v -0.065102 -0.498840 0.417328
v -0.065125 0.254974 -0.070587
v -0.065338 -0.003772 0.066673
v -0.065475 0.163116 0.072830
v -0.065498 0.271759 0.086189
v -0.065689 -0.178040 0.265686
v -0.065765 -0.182877 -0.287323
v -0.065910 -0.216995 0.293823
v -0.066376 0.062683 -0.066422
v -0.066460 -0.412384 0.328369
v -0.066521 -0.022284 -0.066330
v -0.066734 -0.497070 -0.450592
v -0.066750 0.083199 0.066422
v -0.066803 -0.407867 -0.297150
v -0.066864 0.154190 -0.065826
v -0.066910 -0.343079 -0.297760
v -0.066963 -0.410278 0.293610
v -0.067047 -0.243118 -0.272003
v -0.067192 -0.481323 -0.450775
v -0.067253 -0.457886 -0.366364
v -0.067337 -0.485443 -0.415710
v -0.067345 0.154938 0.013078
v -0.067352 -0.226318 0.273438
v -0.067368 0.125748 0.042683
v -0.067383 -0.482269 0.418427
v -0.067398 -0.286407 0.283752
v -0.067459 -0.453888 0.327576
v -0.067467 -0.291565 0.272034
v -0.067497 -0.330292 -0.271698
v -0.067535 -0.329041 -0.283112
v -0.067604 0.010868 0.048782
v -0.067719 0.004523 -0.011723
v -0.067734 0.180542 -0.029493
v -0.067825 0.087151 -0.002854
v -0.067871 -0.448029 -0.296265
v -0.068008 -0.046932 0.127487
v -0.068008 -0.412537 0.274841
v -0.068146 -0.022554 -0.010402
v -0.068291 0.180389 -0.073517
v -0.068382 -0.472046 0.292419
v -0.068489 0.155655 -0.028864
v -0.068535 -0.478088 -0.328796
v -0.068558 0.220016 -0.013112
v -0.068596 0.163452 -0.008656
v -0.068779 -0.470215 -0.286926
v -0.068939 -0.222672 -0.279327
v -0.069107 0.168961 0.042187
v -0.069366 0.223175 0.089417
v -0.069649 0.164398 -0.047798
v -0.069733 -0.277863 0.114586
v -0.070206 0.013928 0.126282
v -0.070312 -0.430847 -0.276611
v -0.070694 -0.156601 -0.283478
v -0.070801 0.193329 0.027643
v -0.071327 0.195404 0.069923
v -0.071510 0.198181 0.004586
v -0.071518 0.198212 -0.068344
v -0.071899 0.200363 0.089653
v -0.072083 0.223007 -0.054817
v -0.072502 -0.047161 0.116440
v -0.073395 0.196320 0.046551
v -0.073456 0.237015 0.055561
v -0.074066 0.222946 0.035988
v -0.074142 0.321594 0.072800
v -0.074318 -0.478912 0.344360
v -0.074326 0.166962 0.018970
v -0.074394 0.237076 -0.053150
v -0.074463 0.197281 -0.046513
v -0.074509 0.166748 0.061226
v -0.074982 0.198059 -0.030012
v -0.075058 0.242828 -0.029654
v -0.075768 0.002004 -0.113731
v -0.078514 -0.158188 0.272736
v -0.078842 0.236115 -0.014303
v -0.079453 -0.022598 0.068939
v -0.079559 -0.270569 -0.271698
v -0.079865 -0.205643 0.263733
v -0.080811 0.179443 -0.020035
v -0.081039 -0.218445 -0.285370
v -0.081520 0.242889 0.024504
v -0.081825 -0.046757 -0.124649
v -0.082489 0.178787 -0.051876
v -0.082603 0.253510 -0.016939
v -0.082657 0.198074 0.032383
v -0.083267 0.199097 -0.081467
v -0.083397 -0.278015 -0.170242
v -0.083557 0.002023 -0.127090
v -0.083786 0.260498 0.083946
v -0.084114 0.264374 0.062195
v -0.084518 0.258209 -0.030960
v -0.084816 0.257111 -0.089455
v -0.084953 -0.179596 -0.283844
v -0.085258 -0.023373 -0.098320
v -0.085304 0.182404 0.051033
v -0.085503 -0.002180 0.116928
v -0.085503 -0.171722 -0.266388
v -0.085785 0.257050 -0.066391
v -0.086700 0.186737 0.022346
v -0.087074 -0.172897 0.285309
v -0.087234 -0.067764 0.120651
v -0.087494 -0.160446 -0.276550
v -0.087746 -0.043144 0.131119
v -0.087952 -0.089951 -0.115036
v -0.088226 -0.001293 0.129013
v -0.088348 0.242767 -0.034729
v -0.088348 -0.177551 0.269775
v -0.088982 0.233612 -0.059696
v -0.089325 -0.223923 0.274872
v -0.089409 0.231476 0.057693
v -0.089767 0.198532 0.071259
v -0.089897 0.204498 0.086945
v -0.090179 0.197113 0.050659
v -0.090378 0.199707 -0.018694
v -0.090393 0.198273 -0.065308
v -0.090408 0.227371 -0.088425
v -0.090569 0.237793 -0.003182
v -0.090591 0.199188 0.006447
v -0.090637 0.198853 -0.042549
v -0.090813 -0.222321 0.286041
v -0.091171 -0.023006 -0.021004
v -0.092278 -0.023075 -0.055973
v -0.092384 -0.028074 -0.131302
v -0.093040 -0.230835 -0.272858
v -0.094070 -0.422241 0.273315
v -0.095848 -0.328857 -0.271698
v -0.096764 -0.459900 0.283691
v -0.098396 -0.243469 0.278564
v -0.100990 -0.265778 0.271881
v -0.101105 -0.219772 -0.115379
v -0.101997 -0.051540 -0.125656
v -0.103088 -0.084679 0.116829
v -0.103699 -0.240097 -0.281860
v -0.104523 0.020779 -0.120506
v -0.104546 -0.220673 -0.286163
v -0.104874 -0.037598 0.127869
v -0.105202 -0.270721 0.117439
v -0.105316 -0.277679 -0.116661
v -0.105972 -0.007628 -0.115829
v -0.106094 -0.186478 0.116371
v -0.107765 -0.440338 0.381836
v -0.107925 -0.178299 -0.270355
v -0.107979 -0.227570 0.002418
v -0.108131 -0.276855 0.002653
v -0.108147 -0.005387 0.116562
v -0.108200 -0.109100 -0.117683
v -0.108208 -0.201141 -0.024681
v -0.108231 -0.262787 -0.024502
v -0.109390 -0.341461 0.271729
v -0.109993 -0.427307 0.405151
v -0.110336 -0.178802 -0.285034
v -0.110435 0.027521 0.127747
v -0.110497 -0.139374 0.006677
v -0.110558 -0.247681 -0.273438
v -0.110611 -0.483795 -0.415741
v -0.110855 -0.496063 -0.422394
v -0.111778 -0.235687 0.278931
v -0.112808 -0.177505 0.271088
v -0.113289 -0.022139 0.108040
v -0.113609 -0.141495 -0.022383
v -0.113937 -0.022961 -0.041168
v -0.114151 -0.018211 0.068230
v -0.114235 0.003843 0.130646
v -0.114281 -0.278046 0.251678
v -0.114288 -0.136093 -0.048908
v -0.114388 -0.067741 -0.006629
v -0.114433 -0.109581 0.024599
v -0.114532 -0.227203 -0.094177
v -0.114594 0.024174 -0.107567
v -0.114639 -0.097000 0.063370
v -0.114716 0.002483 -0.051189
v -0.114723 -0.068321 0.030277
v -0.115028 -0.263367 0.025286
v -0.115044 -0.277374 -0.030426
v -0.115273 -0.208191 0.105179
v -0.115295 -0.079170 -0.052994
v -0.115326 -0.267883 0.053619
v -0.115440 0.000265 -0.131927
v -0.115623 -0.203369 -0.130020
v -0.115746 0.028048 -0.135986
v -0.115845 -0.195099 0.028425
v -0.115974 -0.022072 -0.108444
v -0.116013 -0.164444 -0.269745
v -0.116142 -0.070518 0.080574
v -0.116150 -0.474487 -0.321045
v -0.116203 -0.160263 0.276520
v -0.116226 -0.052082 -0.080383
v -0.116554 -0.051384 0.047409
v -0.116646 0.031864 0.108063
v -0.116676 -0.092560 0.106346
v -0.116684 0.009706 0.077271
v -0.116699 -0.000792 0.040676
v -0.116753 -0.006346 0.097229
v -0.116768 -0.072647 0.012845
v -0.116882 -0.003625 -0.027237
v -0.116997 -0.051323 -0.063599
v -0.116997 -0.221008 0.285645
v -0.117058 -0.162125 -0.285034
v -0.117104 -0.053169 -0.044430
v -0.117218 -0.160294 0.038750
v -0.117271 -0.240463 -0.110855
v -0.117279 -0.057194 -0.101517
v -0.117302 -0.423035 0.383942
v -0.117310 -0.178864 0.285431
v -0.117584 -0.138580 -0.110741
v -0.117599 -0.276886 0.108696
v -0.117622 -0.499542 -0.373230
v -0.117905 -0.439850 -0.360718
v -0.117943 -0.051117 0.084244
v -0.118118 -0.045963 -0.025932
v -0.118271 -0.440918 0.416229
v -0.118332 -0.277924 -0.132797
v -0.118416 -0.214630 0.131592
v -0.118446 -0.045902 0.065323
v -0.118591 -0.046036 0.006095
v -0.118706 -0.002384 -0.086815
v -0.118713 -0.045998 -0.011310
v -0.118912 -0.073784 -0.088936
v -0.119141 -0.123810 -0.001092
v -0.119164 -0.047119 0.027767
v -0.119225 -0.216248 -0.029957
v -0.119804 0.001407 -0.105431
v -0.119904 0.050610 -0.119926
v -0.119972 -0.078094 -0.135437
v -0.120247 0.011089 0.005668
v -0.120880 -0.067307 0.054459
v -0.120888 0.001081 0.105629
v -0.121437 -0.067947 -0.018833
v -0.121506 -0.058662 0.137589
v -0.121880 -0.442230 -0.330475
v -0.121918 0.016462 0.053661
v -0.122047 -0.277863 -0.105133
v -0.122314 -0.277954 0.135193
v -0.123428 -0.277985 0.033279
v -0.123924 -0.222031 -0.275909
v -0.124397 -0.065071 -0.055092
v -0.125778 -0.218185 0.106850
v -0.126892 0.016554 0.144424
v -0.127090 -0.418182 -0.346527
v -0.127228 0.013959 -0.064476
v -0.127350 -0.198380 -0.106262
v -0.127609 -0.465424 -0.285187
v -0.127731 -0.000844 -0.046501
v -0.127731 -0.002906 -0.145111
v -0.127914 -0.417664 0.412079
v -0.128296 0.001225 0.077286
v -0.128418 -0.090797 0.107109
v -0.128479 0.063614 0.124687
v -0.128616 -0.422394 -0.361877
v -0.128693 -0.000627 0.040539
v -0.128784 -0.002253 0.093040
v -0.128784 -0.055222 0.091408
v -0.128922 -0.000418 -0.025658
v -0.129120 -0.054424 0.022715
v -0.129211 -0.051765 -0.097740
v -0.129318 -0.187195 -0.265686
v -0.129349 -0.224289 0.273438
v -0.129501 -0.046524 0.066505
v -0.129852 0.016165 0.097069
v -0.130005 0.036625 -0.140015
v -0.130692 -0.045269 0.007427
v -0.130814 -0.047726 -0.017294
v -0.130844 -0.045189 0.042038
v -0.130844 -0.046162 -0.075851
v -0.130905 0.072716 -0.120415
v -0.130951 -0.045006 -0.044285
v -0.130966 -0.224426 -0.130096
v -0.131058 0.014683 0.069351
v -0.131104 -0.005193 -0.078819
v -0.131256 -0.090881 -0.109497
v -0.131302 -0.007222 0.015101
v -0.131409 0.001976 -0.098091
v -0.131622 0.031311 -0.100456
v -0.132111 -0.440063 0.397552
v -0.133240 -0.438934 0.373322
v -0.134979 -0.230698 0.283661
v -0.135040 -0.275085 0.118027
v -0.135406 -0.248505 0.127045
v -0.135849 -0.256897 0.272430
v -0.135895 -0.076172 -0.129837
v -0.136200 -0.412170 0.398163
v -0.136566 -0.181152 0.265594
v -0.136612 -0.277740 -0.123428
v -0.137329 -0.257843 -0.118988
v -0.137650 -0.024227 0.105217
v -0.137955 -0.420929 -0.337036
v -0.137970 -0.163055 0.119904
v -0.138260 -0.035625 0.132660
v -0.138458 -0.277985 0.208099
v -0.138779 -0.159775 -0.121445
v -0.138855 -0.439453 -0.352661
v -0.138916 -0.405151 -0.272888
v -0.139633 -0.239288 -0.251709
v -0.140442 0.035019 0.107971
v -0.140701 -0.482941 0.387482
v -0.141037 -0.436401 -0.370728
v -0.141129 0.025906 0.137466
v -0.141342 -0.159439 0.285461
v -0.142624 0.028440 -0.131073
v -0.143555 -0.227997 -0.285522
v -0.143951 -0.240677 -0.273590
v -0.144363 -0.037174 -0.110291
v -0.145111 -0.471832 0.310028
v -0.145401 -0.425842 0.386322
v -0.145706 -0.158401 -0.266876
v -0.146683 -0.160065 -0.283112
v -0.147049 -0.419220 -0.357941
v -0.147247 -0.497833 0.425629
v -0.147293 -0.499451 -0.017344
v -0.147415 0.035282 0.122932
v -0.148071 -0.158493 0.272705
v -0.148117 -0.441864 -0.329498
v -0.149139 0.017637 -0.115593
v -0.150345 -0.439117 0.401855
v -0.150787 -0.026859 0.121674
v -0.150955 -0.229019 0.283173
v -0.151169 -0.499451 -0.226822
v -0.152054 -0.040031 -0.122810
v -0.152405 -0.205612 -0.262085
v -0.153107 -0.277863 -0.251495
v -0.154053 -0.222168 0.273682
v -0.154861 -0.244583 0.271820
v -0.156815 -0.173294 0.285522
v -0.157852 -0.175385 -0.269958
v -0.158417 -0.372314 0.269775
v -0.158783 -0.439880 -0.352936
v -0.161285 -0.246841 0.251587
v -0.161438 -0.195663 -0.285675
v -0.162994 -0.278046 -0.037331
v -0.166687 -0.244431 -0.273743
v -0.166779 -0.221741 -0.273529
v -0.167267 -0.177673 0.270477
v -0.168472 -0.432434 0.277069
v -0.172058 -0.222916 0.283142
v -0.172241 -0.223984 0.271820
v -0.172775 -0.225113 -0.285309
v -0.173508 -0.281616 0.271942
v -0.176697 -0.485413 0.426331
v -0.177094 -0.468628 -0.284668
v -0.177185 -0.242416 0.280090
v -0.177689 -0.468628 0.284729
v -0.177979 -0.176971 -0.270233
v -0.180054 -0.203430 0.258179
v -0.180969 -0.499573 0.373993
v -0.184036 -0.277863 -0.234375
v -0.184052 -0.278015 -0.124252
v -0.184067 -0.177628 0.285278
v -0.185074 -0.177231 -0.284607
v -0.185883 -0.499420 0.182526
v -0.186111 -0.193207 -0.265686
v -0.186646 -0.097946 0.258636
v -0.186661 -0.116219 -0.271698
v -0.186935 -0.139664 0.268494
v -0.187332 -0.418579 -0.275909
v -0.187927 -0.272003 -0.271790
v -0.188766 -0.231384 -0.283417
v -0.188995 -0.227661 -0.273956
v -0.190491 -0.242889 0.272980
v -0.191315 -0.476807 0.315674
v -0.191711 -0.222260 0.285980
v -0.191986 -0.391541 0.278290
v -0.192230 -0.143127 0.240417
v -0.192291 -0.476990 -0.318634
v -0.192566 -0.221985 0.275208
v -0.193420 -0.118507 0.295441
v -0.193573 -0.089928 -0.278381
v -0.194092 -0.207092 -0.252899
v -0.194107 -0.115402 -0.229706
v -0.194702 -0.120316 0.227219
v -0.194794 -0.155258 -0.264099
v -0.194931 -0.420135 -0.297638
v -0.195206 -0.084053 0.261932
v -0.195465 -0.094711 0.299133
v -0.195694 -0.094879 0.249786
v -0.195923 -0.158295 0.253052
v -0.196259 -0.114227 -0.303772
v -0.196396 -0.144684 0.299774
v -0.196976 -0.088005 -0.250885
v -0.197006 -0.096222 -0.223557
v -0.197220 -0.155457 0.279663
v -0.197723 -0.305328 0.271851
v -0.197754 -0.091385 0.226624
v -0.199127 -0.150909 -0.227859
v -0.201309 -0.089592 -0.301941
v -0.201401 -0.095695 0.276428
v -0.201553 -0.277161 -0.251190
v -0.201874 -0.271271 -0.272400
v -0.202515 -0.153137 -0.295380
v -0.202713 -0.428986 0.313141
v -0.203064 -0.154266 0.223129
v -0.203339 -0.480530 0.343323
v -0.203461 -0.498230 -0.428589
v -0.203537 -0.193832 0.286835
v -0.203613 -0.171509 0.284058
v -0.204193 -0.295624 0.290039
v -0.205078 -0.289764 -0.291107
v -0.205154 -0.155182 0.263580
v -0.205551 -0.097542 -0.263519
v -0.205643 -0.155640 -0.266388
v -0.205765 -0.243362 -0.251282
v -0.206100 -0.236145 0.272156
v -0.206207 -0.174591 0.268738
v -0.206360 -0.277618 -0.235489
v -0.206696 -0.082199 -0.224777
v -0.206970 -0.204803 -0.259521
v -0.207092 -0.095055 -0.229599
v -0.207321 -0.241898 0.245773
v -0.207428 -0.176682 -0.283356
v -0.207504 -0.183243 0.252045
v -0.208160 -0.151596 0.234802
v -0.208191 -0.203293 0.258362
v -0.208282 -0.106789 0.315613
v -0.208359 -0.177231 -0.266724
v -0.208542 -0.159988 -0.239639
v -0.208771 -0.185364 -0.250092
v -0.209198 -0.455505 -0.331848
v -0.209747 -0.221558 0.281616
v -0.210007 -0.218597 -0.280396
v -0.210388 -0.080368 0.302795
v -0.210815 -0.277924 0.235199
v -0.210922 -0.112633 -0.207901
v -0.211197 -0.161880 0.305664
v -0.211853 -0.278046 0.124344
v -0.212051 -0.181625 0.235519
v -0.212112 -0.094246 0.228165
v -0.212143 -0.152664 0.291229
v -0.212921 -0.080482 0.226334
v -0.212967 -0.093475 0.299591
v -0.214478 -0.235809 -0.230865
v -0.214767 -0.098083 0.265686
v -0.215454 -0.482178 0.389984
v -0.215698 -0.172409 -0.221420
v -0.216156 -0.481354 -0.347778
v -0.216965 -0.100151 -0.254364
v -0.217834 -0.144073 -0.322327
v -0.218033 -0.098190 0.201645
v -0.219070 -0.083054 0.209030
v -0.220184 -0.185669 0.299438
v -0.220261 -0.098694 -0.289703
v -0.220764 -0.099541 0.235764
v -0.221130 -0.109047 -0.326508
v -0.221298 -0.081650 -0.318207
v -0.221771 -0.389465 -0.321625
v -0.221985 -0.146591 0.202240
v -0.222656 -0.081665 -0.208237
v -0.222870 -0.142487 0.325653
v -0.222992 -0.483704 -0.431061
v -0.223526 -0.099510 -0.229996
v -0.224060 -0.081841 0.319946
v -0.224945 -0.278534 -0.312286
v -0.225632 -0.135620 -0.196564
v -0.226181 -0.094749 -0.213943
v -0.226334 -0.353851 0.321869
v -0.226349 -0.173599 -0.309937
v -0.226822 -0.499420 -0.095154
v -0.227173 -0.450287 0.340546
v -0.227310 -0.240295 0.309448
v -0.227356 -0.440094 -0.381653
v -0.227798 -0.157745 0.310699
v -0.228546 -0.094528 -0.195587
v -0.228943 -0.425049 -0.401917
v -0.228973 -0.441132 -0.412933
v -0.229416 -0.251495 0.214706
v -0.229462 -0.189850 0.214874
v -0.230469 -0.278137 -0.210892
v -0.230576 -0.094872 0.329590
v -0.231339 -0.095619 -0.329620
v -0.232178 -0.070137 0.283722
v -0.232346 -0.098839 0.305725
v -0.232498 -0.153961 0.209396
v -0.234497 -0.482452 -0.378693
v -0.235107 -0.164886 -0.208618
v -0.236099 -0.097115 -0.317169
v -0.236572 -0.178635 0.319183
v -0.237167 -0.049503 0.254089
v -0.237259 -0.045273 -0.266052
v -0.237518 -0.481720 0.351044
v -0.237778 -0.499451 -0.317535
v -0.238739 -0.170761 -0.323212
v -0.239624 -0.425720 -0.379639
v -0.239777 -0.082596 0.230316
v -0.240097 -0.167191 0.200684
v -0.242065 -0.064842 -0.237244
v -0.242523 -0.094315 0.192657
v -0.242844 -0.431427 -0.414886
v -0.243637 -0.074753 -0.295197
v -0.243927 -0.254944 -0.206589
v -0.243988 -0.202682 -0.210052
v -0.244385 -0.120850 0.336060
v -0.244415 -0.145294 -0.333221
v -0.244965 -0.110725 0.189224
v -0.246460 -0.094681 0.203140
v -0.246933 -0.441742 -0.390289
v -0.247772 -0.194519 -0.316956
v -0.247787 -0.099327 -0.217712
v -0.249146 -0.278015 0.194931
v -0.249176 -0.156891 0.323517
v -0.249451 -0.159943 -0.319702
v -0.250000 -0.481354 -0.353241
v -0.250183 -0.149857 -0.191238
v -0.250244 -0.498383 0.432617
v -0.250519 -0.095581 0.327759
v -0.250977 -0.499756 -0.409363
v -0.251068 -0.251099 0.204788
v -0.251190 -0.242950 -0.133133
v -0.251251 -0.245712 0.121788
v -0.251343 -0.242065 -0.011981
v -0.251343 -0.278076 0.124908
v -0.251373 -0.278107 -0.146088
v -0.251434 -0.278076 0.010281
v -0.251465 -0.278137 -0.201202
v -0.252014 -0.420197 -0.397491
v -0.252258 -0.206299 -0.082634
v -0.252289 -0.207184 0.154572
v -0.252625 -0.295044 0.325287
v -0.253326 -0.023624 -0.278778
v -0.253662 -0.444305 -0.343933
v -0.254364 -0.093277 -0.201508
v -0.254791 -0.144821 0.188217
v -0.256317 -0.204254 0.207153
v -0.256470 -0.442627 -0.374054
v -0.256836 -0.055202 0.291931
v -0.256836 -0.116577 -0.339691
v -0.257385 -0.107407 -0.185928
v -0.258240 -0.205750 0.021749
v -0.258606 -0.273224 -0.324768
v -0.258911 -0.081863 -0.190521
v -0.259033 -0.204376 -0.208649
v -0.259277 -0.151443 0.335236
v -0.259705 -0.193329 0.319061
v -0.259796 -0.006505 0.253357
v -0.259918 0.008945 0.266174
v -0.260254 -0.093399 -0.328217
v -0.260529 -0.176895 -0.205734
v -0.260864 -0.098846 0.212936
v -0.261353 -0.199203 -0.190399
v -0.261780 -0.066841 0.226944
v -0.261902 0.015431 -0.263214
v -0.262268 -0.172028 -0.326630
v -0.262543 -0.085518 0.329681
v -0.262878 -0.085320 0.339905
v -0.263123 -0.205322 -0.112595
v -0.263214 -0.083176 0.186035
v -0.263367 -0.451141 0.348969
v -0.263489 -0.205536 0.105774
v -0.264526 -0.048214 -0.236099
v -0.264801 -0.439575 -0.400543
v -0.265381 -0.080948 0.196487
v -0.265533 -0.189285 -0.138184
v -0.265686 -0.161240 0.204010
v -0.266113 -0.173141 0.019228
v -0.266235 -0.155487 -0.202133
v -0.266327 -0.161514 -0.139694
v -0.267059 -0.162094 0.116989
v -0.267822 -0.184128 0.186218
v -0.268066 -0.382111 0.138123
v -0.268127 -0.089050 -0.334442
v -0.268402 -0.178314 0.087555
v -0.268463 -0.178955 -0.046871
v -0.268616 -0.144150 -0.337799
v -0.268616 -0.176559 -0.096397
v -0.268707 -0.176880 0.134705
v -0.268951 -0.098122 -0.311554
v -0.269257 -0.177505 0.041523
v -0.269470 -0.178970 0.206772
v -0.269897 -0.378204 -0.112907
v -0.270050 -0.158844 0.084587
v -0.270081 -0.165024 -0.116936
v -0.270233 -0.169662 -0.159775
v -0.270294 -0.162277 0.048943
v -0.270355 -0.156601 -0.002723
v -0.270416 -0.176849 -0.182968
v -0.271027 -0.156769 -0.070938
v -0.271210 -0.097816 0.308838
v -0.271667 -0.255402 -0.196960
v -0.271698 -0.271118 0.083504
v -0.271698 -0.335419 -0.155167
v -0.271759 -0.272217 0.125381
v -0.271790 -0.287994 0.199203
v -0.271790 -0.317017 0.175751
v -0.271790 -0.372314 0.091988
v -0.271851 -0.222092 -0.111412
v -0.271851 -0.291687 -0.067924
v -0.271881 -0.375488 0.191513
v -0.271912 -0.249695 -0.115784
v -0.272034 -0.261505 0.169434
v -0.272278 -0.158875 0.155518
v -0.272614 -0.161743 -0.089752
v -0.272614 -0.243561 0.152802
v -0.272644 -0.257690 -0.092361
v -0.272980 -0.248657 0.188324
v -0.273193 -0.221283 0.094833
v -0.273193 -0.226105 -0.191956
v -0.273285 -0.221451 0.071388
v -0.273285 -0.221542 -0.075600
v -0.273468 -0.247925 -0.143051
v -0.273590 -0.376678 0.331818
v -0.273773 -0.111389 0.338135
v -0.273834 -0.083931 -0.200623
v -0.273834 -0.428101 -0.117752
v -0.273956 -0.229935 0.120613
v -0.274170 -0.495361 -0.434052
v -0.274536 -0.418091 0.068817
v -0.274628 -0.222351 -0.166367
v -0.274689 -0.426666 0.111885
v -0.274750 -0.093803 0.335358
v -0.274780 -0.146255 -0.190018
v -0.274841 -0.418610 -0.187576
v -0.275055 -0.157349 0.018780
v -0.275146 -0.222488 -0.129166
v -0.275818 -0.226685 0.204803
v -0.276337 -0.419800 -0.069565
v -0.276367 -0.245163 -0.171295
v -0.276581 -0.153534 0.193832
v -0.276794 -0.227707 0.162872
v -0.277008 -0.329529 -0.196793
v -0.277039 -0.165817 -0.320648
v -0.277130 -0.123573 0.188004
v -0.277710 -0.304962 0.068016
v -0.277710 -0.433624 0.186264
v -0.277924 -0.222183 0.186554
v -0.278046 -0.243225 0.101448
v -0.278351 -0.095016 -0.203339
v -0.278870 -0.164825 -0.050495
v -0.279175 -0.094452 0.194748
v -0.279572 -0.049877 0.239365
v -0.279694 -0.047588 -0.286285
v -0.279938 -0.222076 -0.149429
v -0.280396 -0.174072 0.022625
v -0.280670 -0.177597 -0.093216
v -0.280731 -0.244492 0.141830
v -0.280975 -0.034782 -0.251221
v -0.281067 -0.156754 0.134949
v -0.281250 -0.172974 -0.204178
v -0.281281 -0.499420 0.014211
v -0.281494 -0.234970 -0.102539
v -0.281708 -0.162689 0.116714
v -0.281738 -0.483582 -0.431610
v -0.281799 -0.159210 -0.010099
v -0.282104 -0.388153 -0.013362
v -0.282135 -0.157684 -0.158279
v -0.282501 -0.476349 0.349396
v -0.282532 -0.240494 -0.182831
v -0.282684 -0.416443 0.027847
v -0.282837 -0.488007 0.430420
v -0.282898 -0.039967 0.281982
v -0.282990 -0.177917 0.046787
v -0.283203 -0.159393 -0.126450
v -0.283264 -0.093597 -0.192291
v -0.283264 -0.160080 0.057018
v -0.283295 -0.222336 -0.112892
v -0.283417 -0.460999 0.072075
v -0.283478 -0.346527 0.028538
v -0.283508 -0.383392 0.026823
v -0.283600 -0.212204 -0.209473
v -0.283661 -0.241135 0.026884
v -0.283691 -0.121437 -0.335205
v -0.283691 -0.257355 0.047626
v -0.283783 -0.279510 -0.024403
v -0.283813 -0.469147 -0.070480
v -0.283966 -0.219391 0.074318
v -0.284088 -0.240280 0.183456
v -0.284119 -0.461426 -0.091103
v -0.284271 -0.180908 -0.028889
v -0.284515 -0.169113 0.320129
v -0.284760 -0.234268 -0.315094
v -0.284943 -0.169785 0.092926
v -0.284973 -0.177032 -0.185059
v -0.285004 -0.230179 -0.138702
v -0.285156 -0.161652 -0.087219
v -0.285309 -0.179550 0.116371
v -0.285370 -0.178604 0.175476
v -0.285370 -0.219498 -0.044884
v -0.285431 -0.173752 -0.159348
v -0.285461 -0.182724 -0.114449
v -0.285522 -0.467682 0.182098
v -0.285553 -0.177521 0.068047
v -0.285583 -0.226654 0.141968
v -0.285614 -0.201797 -0.074921
v -0.285706 -0.295837 -0.067909
v -0.285767 -0.217224 0.112801
v -0.285858 -0.197922 -0.139374
v -0.285889 -0.218262 0.165894
v -0.285919 -0.220627 -0.166077
v -0.285980 -0.223480 0.097069
v -0.285980 -0.416809 -0.023537
v -0.286041 -0.176819 0.205276
v -0.286133 -0.209167 -0.190063
v -0.286133 -0.461548 -0.161163
v -0.286621 -0.327576 -0.006017
v -0.286804 -0.092331 0.224472
v -0.286865 -0.466278 0.122017
v -0.286896 -0.243973 0.001688
v -0.286987 -0.215546 0.205612
v -0.287598 -0.250061 0.208099
v -0.287598 -0.305084 -0.321411
v -0.287750 -0.267487 -0.047688
v -0.287781 -0.194962 0.007470
v -0.288177 -0.236816 0.312164
v -0.288330 -0.083939 0.298065
v -0.288544 -0.093925 -0.227951
v -0.288879 -0.217819 0.050171
v -0.289307 -0.050289 0.255280
v -0.289520 -0.370819 -0.033005
v -0.289703 -0.499420 -0.208237
v -0.290741 -0.284760 0.015508
v -0.291290 -0.217896 -0.065781
v -0.291443 -0.327118 -0.046459
v -0.291718 -0.318817 0.044952
v -0.292969 -0.168442 -0.315247
v -0.292999 -0.154129 -0.208420
v -0.293488 -0.096512 0.318878
v -0.293488 -0.333405 0.024122
v -0.293640 -0.125107 -0.193695
v -0.293915 -0.153793 0.311371
v -0.294006 -0.299866 -0.023756
v -0.294647 -0.282867 -0.208633
v -0.295227 -0.387878 0.033672
v -0.295593 -0.093880 -0.209854
v -0.295715 -0.243149 0.065536
v -0.296417 -0.416687 0.032307
v -0.296875 -0.409058 0.193039
v -0.297272 -0.401825 0.067741
v -0.297791 -0.147949 0.200745
v -0.298523 -0.090637 -0.320435
v -0.298767 -0.216370 0.062866
v -0.299225 -0.096466 -0.297424
v -0.299500 -0.268829 0.048435
v -0.299683 -0.407135 -0.048580
v -0.300140 -0.365295 0.052788
v -0.300262 -0.380035 -0.052277
v -0.300537 -0.083305 -0.204819
v -0.300995 -0.440033 -0.190186
v -0.301117 -0.076134 -0.271667
v -0.301392 -0.353424 0.067734
v -0.301422 -0.146149 -0.326141
v -0.301514 -0.280762 -0.048458
v -0.301697 -0.216782 -0.049625
v -0.301727 -0.430023 -0.329834
v -0.301910 -0.328339 -0.063057
v -0.301941 -0.481812 -0.342407
v -0.302032 -0.246475 -0.063644
v -0.302734 -0.135117 0.325439
v -0.303192 -0.088982 0.327637
v -0.303314 -0.407928 0.052856
v -0.303345 -0.108009 0.196533
v -0.303497 -0.145889 -0.199310
v -0.303528 -0.474274 -0.185913
v -0.303589 -0.179657 -0.218094
v -0.303864 -0.404053 -0.066551
v -0.303986 -0.179001 0.221375
v -0.304169 -0.175018 0.305725
v -0.304230 -0.355072 0.316711
v -0.304504 -0.096809 -0.197510
v -0.304779 -0.094833 0.246109
v -0.305176 -0.434479 -0.067886
v -0.305695 -0.499664 0.366425
v -0.306244 -0.082649 0.207764
v -0.306366 -0.180832 -0.300537
v -0.306488 -0.083099 0.221069
v -0.306519 -0.471893 -0.091728
v -0.307587 -0.499451 0.181046
v -0.307617 -0.093796 0.280151
v -0.307831 -0.449829 0.331848
v -0.307861 -0.482727 -0.399139
v -0.308838 -0.092667 0.304169
v -0.309784 -0.081337 0.311249
v -0.310944 -0.223724 -0.231735
v -0.310974 -0.152176 0.226654
v -0.311157 -0.110786 -0.321747
v -0.311340 -0.095253 0.231613
v -0.311401 -0.163681 0.293335
v -0.311646 -0.472382 0.163956
v -0.312073 -0.262146 0.296478
v -0.312347 -0.235214 0.229980
v -0.313507 -0.238571 -0.288300
v -0.313538 -0.344147 0.216995
v -0.313843 -0.476471 0.188416
v -0.314240 -0.494934 -0.405579
v -0.314819 -0.421844 -0.000227
v -0.315094 -0.193481 -0.279663
v -0.315369 -0.151093 0.213821
v -0.315918 -0.320618 -0.300171
v -0.316345 -0.094368 -0.228470
v -0.316589 -0.086105 -0.301239
v -0.317963 -0.475830 0.068420
v -0.318787 -0.181961 0.242249
v -0.319397 -0.481964 0.333649
v -0.319763 -0.173309 0.280121
v -0.320007 -0.159225 -0.272491
v -0.320007 -0.242401 0.265656
v -0.320190 -0.196777 -0.261505
v -0.320251 -0.096870 -0.269592
v -0.320435 -0.082687 -0.219269
v -0.320526 -0.278534 -0.239990
v -0.321014 -0.154144 0.250183
v -0.321167 -0.425446 0.306549
v -0.322266 -0.152649 -0.298401
v -0.322815 -0.146301 0.304077
v -0.323639 -0.343048 0.292358
v -0.323883 -0.159485 -0.238495
v -0.324219 -0.096741 -0.252014
v -0.324432 -0.175308 0.259430
v -0.324860 -0.111855 0.306274
v -0.325317 -0.096474 0.264404
v -0.325592 -0.426239 -0.047169
v -0.325897 -0.118874 -0.217758
v -0.326813 -0.444275 0.209946
v -0.326874 -0.090012 0.224731
v -0.327179 -0.311554 0.254028
v -0.327759 -0.430389 -0.215698
v -0.328278 -0.083504 -0.266205
v -0.328339 -0.483856 0.387665
v -0.328644 -0.149673 0.234970
v -0.329712 -0.113518 0.227234
v -0.330200 -0.094398 0.296875
v -0.330353 -0.096001 -0.297668
v -0.331146 -0.155502 -0.272705
v -0.331177 -0.095062 -0.229218
v -0.331543 -0.364868 -0.261475
v -0.332520 -0.442719 -0.306122
v -0.333405 -0.440399 -0.184570
v -0.333862 -0.082451 0.261078
v -0.334198 -0.411163 -0.052597
v -0.334320 -0.095543 0.245651
v -0.334686 -0.430786 -0.003697
v -0.335327 -0.115837 -0.283905
v -0.335602 -0.145279 0.274048
v -0.335602 -0.421051 0.235611
v -0.335815 -0.448364 0.306580
v -0.336456 -0.409668 0.271179
v -0.336609 -0.145325 0.253113
v -0.336823 -0.412964 0.053371
v -0.337585 -0.094154 -0.265564
v -0.337891 -0.439728 -0.161133
v -0.338654 -0.127762 -0.252960
v -0.338959 -0.101524 0.266693
v -0.340179 -0.413879 -0.066833
v -0.341003 -0.426636 -0.168198
v -0.341522 -0.478119 -0.067978
v -0.342163 -0.438202 0.138824
v -0.342529 -0.426147 0.129791
v -0.343048 -0.481903 -0.306976
v -0.343323 -0.452362 0.282928
v -0.343689 -0.442749 0.108978
v -0.344757 -0.479309 -0.213531
v -0.345062 -0.481171 0.206955
v -0.345428 -0.448669 -0.260132
v -0.346313 -0.439026 -0.034023
v -0.347595 -0.499634 -0.317963
v -0.348450 -0.441986 -0.195343
v -0.350037 -0.427399 0.325470
v -0.351196 -0.481659 0.273407
v -0.351471 -0.438293 0.047298
v -0.352264 -0.428070 -0.192215
v -0.352509 -0.446838 0.067696
v -0.352661 -0.440857 0.331055
v -0.352966 -0.420197 -0.167313
v -0.353424 -0.422089 0.064911
v -0.353516 -0.480988 -0.255310
v -0.355103 -0.425323 0.114616
v -0.358917 -0.426819 0.142654
v -0.359039 -0.422394 0.341522
v -0.359039 -0.479950 -0.131653
v -0.360596 -0.439789 0.151962
v -0.360901 -0.444366 0.028969
v -0.360962 -0.414917 0.127014
v -0.360962 -0.497681 0.364471
v -0.361511 -0.439026 -0.156418
v -0.361877 -0.433655 0.309967
v -0.362244 -0.411224 0.327240
v -0.366364 -0.439850 0.348083
v -0.366455 -0.445648 -0.194885
v -0.366913 -0.442291 -0.174957
v -0.367615 -0.427612 -0.172562
v -0.367920 -0.445648 -0.047848
v -0.371918 -0.421753 0.140381
v -0.372711 -0.423523 0.117638
v -0.375610 -0.426422 0.315521
v -0.378479 -0.427277 0.128891
v -0.378479 -0.427277 0.128891
v -0.378998 -0.439331 0.133408
v -0.379547 -0.441437 -0.230408
v -0.379639 -0.419159 0.329193
v -0.381165 -0.482941 0.322571
v -0.381439 -0.481903 0.176117
v -0.382111 -0.441284 0.106255
v -0.382172 -0.468842 -0.067162
v -0.382690 -0.483093 -0.307098
v -0.383423 -0.439117 0.342834
v -0.383820 -0.499634 -0.140366
v -0.385406 -0.485321 -0.343109
v -0.386505 -0.482544 -0.213623
v -0.386688 -0.440674 0.321869
v -0.387329 -0.440704 -0.048645
v -0.387360 -0.497009 -0.342499
v -0.387787 -0.431763 0.121368
v -0.387787 -0.431763 0.121368
v -0.389160 -0.427002 -0.224854
v -0.391510 -0.418427 0.116875
v -0.394135 -0.426910 -0.245300
v -0.394653 -0.499725 0.267670
v -0.395874 -0.441376 -0.208801
v -0.396240 -0.427155 0.103012
v -0.398346 -0.441772 -0.252350
v -0.400024 -0.441650 0.102196
v -0.400269 -0.430542 0.134888
v -0.400482 -0.482117 0.067734
v -0.401093 -0.441620 -0.235718
v -0.402222 -0.449524 0.048893
v -0.404877 -0.415314 -0.227081
v -0.411224 -0.443848 0.139069
v -0.411682 -0.426880 -0.245941
v -0.414337 -0.489349 0.315430
v -0.415894 -0.494019 -0.310150
v -0.416443 -0.499573 0.023413
v -0.416534 -0.434082 0.114449
v -0.419006 -0.433716 -0.219833
v -0.419006 -0.498474 0.073120
v -0.420685 -0.484985 -0.067291
v -0.423157 -0.485077 0.071968
v -0.423553 -0.498291 -0.107529
v -0.423706 -0.498840 -0.062077
v -0.423767 -0.485199 -0.084557
v -0.424835 -0.482788 0.145340
v -0.425598 -0.495117 0.149155
v -0.427490 -0.485596 -0.275970
v -0.427612 -0.464478 -0.064995
v -0.428375 -0.498627 -0.235275
v -0.428833 -0.442017 -0.240677
v -0.429688 -0.485809 -0.180267
v -0.429810 -0.476349 0.003859
v -0.430847 -0.496918 0.254883
v -0.431671 -0.483826 0.252228
v -0.431732 -0.476624 0.047859
v -0.440094 -0.497101 -0.067123
v -0.443817 -0.470459 0.062767
v -0.444244 -0.482941 -0.047710
v -0.450470 -0.493256 0.066345
v -0.456451 -0.477905 -0.053230
v -0.463074 -0.479187 0.049129
v -0.472687 -0.498718 0.030064
v -0.473755 -0.498840 -0.024250
v -0.476440 -0.498260 -0.055725
v -0.481445 -0.493408 0.056293
v -0.481659 -0.489380 -0.060093
vt 0.532715 0.505127
vt 0.535156 0.506836
vt 0.533691 0.511475
vt 0.538818 0.500000
vt 0.546631 0.499512
vt 0.528564 0.504395
vt 0.535400 0.496826
vt 0.558350 0.479736
vt 0.531250 0.515625
vt 0.527588 0.495117
vt 0.544922 0.477783
vt 0.522705 0.501221
vt 0.520752 0.487549
vt 0.542236 0.467041
vt 0.552979 0.463135
vt 0.565918 0.466553
vt 0.570068 0.469727
vt 0.579346 0.460693
vt 0.586670 0.460693
vt 0.606445 0.440918
vt 0.575928 0.473877
vt 0.579834 0.477539
vt 0.590820 0.461914
vt 0.597900 0.465820
vt 0.610596 0.445557
vt 0.611328 0.450928
vt 0.617920 0.435791
vt 0.598389 0.436768
vt 0.613281 0.428223
vt 0.622314 0.425781
vt 0.620361 0.439941
vt 0.624268 0.440186
vt 0.632324 0.424561
vt 0.614258 0.452881
vt 0.635254 0.435547
vt 0.636230 0.426514
vt 0.641357 0.419922
vt 0.638672 0.430176
vt 0.644775 0.431885
vt 0.650879 0.427002
vt 0.640625 0.443359
vt 0.635010 0.458740
vt 0.612305 0.463623
vt 0.620605 0.468994
vt 0.611084 0.468018
vt 0.601562 0.473389
vt 0.614990 0.478027
vt 0.627441 0.479248
vt 0.640137 0.471924
vt 0.644531 0.475342
vt 0.622070 0.480469
vt 0.618896 0.475830
vt 0.619385 0.487549
vt 0.638672 0.482178
vt 0.610596 0.502930
vt 0.636475 0.492676
vt 0.604736 0.498535
vt 0.602051 0.507080
vt 0.603027 0.512939
vt 0.609619 0.482666
vt 0.600098 0.489502
vt 0.592285 0.479492
vt 0.588379 0.477051
vt 0.585938 0.485352
vt 0.591309 0.492676
vt 0.582031 0.483398
vt 0.580078 0.495850
vt 0.594971 0.501465
vt 0.594238 0.507080
vt 0.577881 0.481445
vt 0.562744 0.483154
vt 0.567383 0.487061
vt 0.562012 0.506836
vt 0.551025 0.521484
vt 0.542969 0.518066
vt 0.556641 0.527100
vt 0.569580 0.519531
vt 0.585693 0.510498
vt 0.587402 0.514160
vt 0.568359 0.527100
vt 0.590576 0.517578
vt 0.568848 0.534180
vt 0.554199 0.533203
vt 0.549561 0.533691
vt 0.592773 0.531494
vt 0.541504 0.533691
vt 0.552734 0.538574
vt 0.563965 0.548340
vt 0.551270 0.545410
vt 0.548340 0.551758
vt 0.511475 0.534668
vt 0.510254 0.497314
vt 0.592529 0.541504
vt 0.578613 0.577881
vt 0.551270 0.586426
vt 0.568115 0.572998
vt 0.577637 0.596436
vt 0.569824 0.623535
vt 0.489014 0.604980
vt 0.519775 0.653320
vt 0.483398 0.563965
vt 0.478027 0.523193
vt 0.452148 0.586182
vt 0.447998 0.556152
vt 0.452393 0.632324
vt 0.583008 0.604736
vt 0.587158 0.630859
vt 0.592529 0.619629
vt 0.598877 0.587158
vt 0.620361 0.624023
vt 0.618408 0.604980
vt 0.587891 0.564453
vt 0.613770 0.596191
vt 0.624268 0.601318
vt 0.618896 0.588379
vt 0.610352 0.585449
vt 0.610596 0.576416
vt 0.619873 0.578125
vt 0.642090 0.582275
vt 0.627930 0.565674
vt 0.608398 0.556885
vt 0.615479 0.566162
vt 0.619141 0.556396
vt 0.627686 0.550049
vt 0.641357 0.551758
vt 0.639893 0.539062
vt 0.609619 0.538818
vt 0.602295 0.534180
vt 0.614502 0.528076
vt 0.634521 0.518555
vt 0.607910 0.518066
vt 0.636963 0.499756
vt 0.696533 0.585693
vt 0.701172 0.582275
vt 0.710938 0.586670
vt 0.678223 0.577881
vt 0.674072 0.584473
vt 0.654297 0.586914
vt 0.654297 0.582275
vt 0.674316 0.565430
vt 0.682373 0.600098
vt 0.654541 0.613525
vt 0.703369 0.564941
vt 0.724365 0.581299
vt 0.745605 0.593994
vt 0.742676 0.635986
vt 0.679932 0.633789
vt 0.773926 0.630127
vt 0.753906 0.583008
vt 0.764893 0.590332
vt 0.746094 0.577637
vt 0.770020 0.577881
vt 0.758545 0.555908
vt 0.771973 0.540283
vt 0.723877 0.551758
vt 0.757812 0.527100
vt 0.770996 0.525879
vt 0.736816 0.528809
vt 0.751221 0.518799
vt 0.768799 0.513184
vt 0.727051 0.535156
vt 0.730469 0.528809
vt 0.750977 0.505615
vt 0.770752 0.493652
vt 0.726807 0.517822
vt 0.716797 0.515137
vt 0.718994 0.542480
vt 0.710205 0.549072
vt 0.720215 0.480957
vt 0.753418 0.465332
vt 0.765137 0.456543
vt 0.728760 0.455811
vt 0.739258 0.449463
vt 0.745605 0.448730
vt 0.757812 0.447021
vt 0.762207 0.439453
vt 0.773438 0.440918
vt 0.701660 0.469482
vt 0.699707 0.456543
vt 0.688721 0.476074
vt 0.695801 0.506104
vt 0.712891 0.528320
vt 0.700928 0.535400
vt 0.679199 0.494873
vt 0.667969 0.463135
vt 0.662598 0.489746
vt 0.684570 0.532227
vt 0.675293 0.533203
vt 0.696289 0.553467
vt 0.693604 0.547119
vt 0.684082 0.556885
vt 0.665283 0.559326
vt 0.661133 0.533936
vt 0.648682 0.545166
vt 0.646973 0.482666
vt 0.643555 0.525879
vt 0.291260 0.982910
vt 0.286621 0.979736
vt 0.297363 0.979736
vt 0.284668 0.987061
vt 0.298828 0.989258
vt 0.290771 0.993408
vt 0.020752 0.038330
vt 0.006104 0.031982
vt 0.017090 0.033936
vt 0.022217 0.023193
vt 0.011963 0.028564
vt 0.016602 0.023926
vt 0.011230 0.014893
vt 0.009277 0.023193
vt 0.002930 0.021484
vt 0.857666 0.636963
vt 0.860596 0.650146
vt 0.849854 0.642334
vt 0.853760 0.653076
vt 0.868652 0.641846
vt 0.852783 0.629150
vt 0.846191 0.629639
vt 0.868408 0.633301
vt 0.876709 0.644043
vt 0.843994 0.619385
vt 0.862061 0.623779
vt 0.879150 0.628174
vt 0.885498 0.640137
vt 0.886719 0.632080
vt 0.852295 0.621582
vt 0.886719 0.619385
vt 0.852539 0.608643
vt 0.841064 0.608154
vt 0.856445 0.617676
vt 0.836670 0.577637
vt 0.861816 0.614990
vt 0.862305 0.601562
vt 0.854248 0.572998
vt 0.867676 0.614990
vt 0.874756 0.613037
vt 0.869385 0.609131
vt 0.871826 0.602539
vt 0.872070 0.590088
vt 0.881348 0.608154
vt 0.877686 0.602295
vt 0.890381 0.604736
vt 0.881348 0.599365
vt 0.863281 0.558838
vt 0.828125 0.544678
vt 0.880615 0.582275
vt 0.887207 0.597900
vt 0.892090 0.592529
vt 0.896484 0.589355
vt 0.903320 0.593018
vt 0.894043 0.579346
vt 0.875732 0.548096
vt 0.866943 0.533691
vt 0.887207 0.541504
vt 0.888672 0.507324
vt 0.897949 0.566895
vt 0.904297 0.557373
vt 0.893799 0.537598
vt 0.910889 0.507568
vt 0.908447 0.548828
vt 0.900146 0.533447
vt 0.897949 0.615723
vt 0.910889 0.614502
vt 0.905762 0.623047
vt 0.899170 0.629150
vt 0.409912 0.165771
vt 0.408936 0.136719
vt 0.417480 0.150635
vt 0.424316 0.135010
vt 0.424561 0.147949
vt 0.381104 0.150146
vt 0.385010 0.121826
vt 0.434570 0.093750
vt 0.420410 0.095947
vt 0.396729 0.075195
vt 0.341797 0.108887
vt 0.433594 0.063721
vt 0.364990 0.053955
vt 0.325684 0.055176
vt 0.335693 0.024658
vt 0.293701 0.036865
vt 0.386475 0.016846
vt 0.415527 0.041504
vt 0.441895 0.033936
vt 0.433594 0.025146
vt 0.443604 0.022705
vt 0.452881 0.019287
vt 0.442383 0.067139
vt 0.445068 0.058594
vt 0.453125 0.048584
vt 0.449463 0.061523
vt 0.451660 0.055420
vt 0.450928 0.070557
vt 0.462646 0.063232
vt 0.454346 0.052490
vt 0.463623 0.053955
vt 0.453613 0.039551
vt 0.464111 0.049316
vt 0.482666 0.061279
vt 0.452148 0.025146
vt 0.484619 0.037598
vt 0.454834 0.021484
vt 0.462402 0.021729
vt 0.462402 0.017090
vt 0.466064 0.011475
vt 0.485107 0.013916
vt 0.475098 0.019775
vt 0.486816 0.025146
vt 0.493896 0.022461
vt 0.506836 0.027588
vt 0.512451 0.027588
vt 0.504395 0.031982
vt 0.514404 0.034668
vt 0.517090 0.031006
vt 0.514160 0.039307
vt 0.523193 0.029785
vt 0.505615 0.045654
vt 0.513672 0.043457
vt 0.509033 0.053711
vt 0.500488 0.059082
vt 0.505127 0.059082
vt 0.485840 0.057129
vt 0.499756 0.063965
vt 0.490479 0.065918
vt 0.472168 0.072510
vt 0.498535 0.069580
vt 0.512695 0.067871
vt 0.518555 0.062256
vt 0.528320 0.063477
vt 0.540527 0.069824
vt 0.521484 0.072266
vt 0.497070 0.079346
vt 0.471924 0.079834
vt 0.485352 0.086182
vt 0.466797 0.088867
vt 0.440186 0.088623
vt 0.494385 0.102295
vt 0.482910 0.101562
vt 0.460693 0.112549
vt 0.428955 0.133057
vt 0.435547 0.136230
vt 0.444580 0.166992
vt 0.451660 0.157227
vt 0.453369 0.135986
vt 0.461914 0.145752
vt 0.469971 0.136230
vt 0.474854 0.156494
vt 0.462158 0.124756
vt 0.488525 0.133057
vt 0.491211 0.148926
vt 0.471191 0.118164
vt 0.495850 0.124756
vt 0.480713 0.114502
vt 0.510986 0.111328
vt 0.505615 0.084473
vt 0.539062 0.096191
vt 0.533936 0.082031
vt 0.557617 0.080322
vt 0.259521 0.953613
vt 0.263184 0.938477
vt 0.263672 0.962891
vt 0.252441 0.955322
vt 0.989746 0.955078
vt 0.989258 0.968506
vt 0.981445 0.952881
vt 0.980957 0.967773
vt 0.975830 0.979736
vt 0.983643 0.981934
vt 0.965332 0.974609
vt 0.974854 0.984375
vt 0.981445 0.992920
vt 0.960938 0.987793
vt 0.967773 0.979492
vt 0.963379 0.983154
vt 0.953369 0.979248
vt 0.944092 0.986084
vt 0.936768 0.979248
vt 0.926514 0.985107
vt 0.958252 0.957764
vt 0.927490 0.978760
vt 0.921387 0.976807
vt 0.946533 0.975342
vt 0.945801 0.966797
vt 0.933594 0.974609
vt 0.930420 0.964111
vt 0.916748 0.963135
vt 0.922607 0.951904
vt 0.918945 0.941406
vt 0.938232 0.953369
vt 0.933594 0.940430
vt 0.915283 0.923828
vt 0.931641 0.922119
vt 0.944092 0.932861
vt 0.943359 0.943604
vt 0.948975 0.951172
vt 0.951904 0.943115
vt 0.953857 0.934326
vt 0.947510 0.930908
vt 0.958496 0.937500
vt 0.956299 0.946533
vt 0.963135 0.949463
vt 0.963135 0.936768
vt 0.966309 0.946045
vt 0.970215 0.948730
vt 0.972900 0.935547
vt 0.971436 0.923828
vt 0.977295 0.947021
vt 0.985107 0.938232
vt 0.994873 0.946533
vt 0.996826 0.931885
vt 0.995117 0.908691
vt 0.988281 0.905518
vt 0.970215 0.916260
vt 0.770752 0.806152
vt 0.761719 0.811035
vt 0.766602 0.793213
vt 0.750732 0.793701
vt 0.746338 0.816895
vt 0.774414 0.789795
vt 0.767334 0.821777
vt 0.762695 0.831787
vt 0.740479 0.824219
vt 0.756592 0.841553
vt 0.732910 0.828613
vt 0.777344 0.796387
vt 0.779541 0.785156
vt 0.780273 0.792236
vt 0.780518 0.799805
vt 0.775635 0.805664
vt 0.781738 0.804443
vt 0.780762 0.810791
vt 0.774658 0.816406
vt 0.780273 0.816406
vt 0.779297 0.826660
vt 0.771973 0.828125
vt 0.776367 0.834961
vt 0.765381 0.838867
vt 0.774170 0.842529
vt 0.770996 0.845459
vt 0.767822 0.849854
vt 0.752197 0.855225
vt 0.759521 0.856934
vt 0.754395 0.862061
vt 0.748291 0.862061
vt 0.744629 0.851562
vt 0.725830 0.839355
vt 0.737061 0.858887
vt 0.743164 0.866943
vt 0.715576 0.857422
vt 0.715332 0.845947
vt 0.707764 0.860107
vt 0.697998 0.843750
vt 0.692139 0.859619
vt 0.678711 0.852051
vt 0.692871 0.870605
vt 0.423584 0.914795
vt 0.422119 0.907715
vt 0.429688 0.911865
vt 0.419189 0.920166
vt 0.416504 0.908936
vt 0.392090 0.937256
vt 0.419189 0.903076
vt 0.432373 0.918213
vt 0.431885 0.926514
vt 0.429688 0.902832
vt 0.429443 0.888916
vt 0.440430 0.919922
vt 0.438721 0.927979
vt 0.447266 0.926514
vt 0.452637 0.936279
vt 0.457275 0.926025
vt 0.443359 0.902100
vt 0.462158 0.910400
vt 0.473633 0.908691
vt 0.472412 0.901611
vt 0.458252 0.902832
vt 0.438721 0.887451
vt 0.431396 0.885742
vt 0.432617 0.879150
vt 0.450195 0.886963
vt 0.439697 0.871338
vt 0.449707 0.897949
vt 0.452637 0.895264
vt 0.460938 0.898682
vt 0.456543 0.882080
vt 0.492432 0.892822
vt 0.454102 0.875977
vt 0.439453 0.868164
vt 0.467285 0.865234
vt 0.446045 0.849609
vt 0.293945 0.869385
vt 0.285889 0.867432
vt 0.285645 0.851807
vt 0.283691 0.875000
vt 0.292480 0.887207
vt 0.274658 0.866699
vt 0.285400 0.904541
vt 0.274902 0.860352
vt 0.267090 0.870361
vt 0.268311 0.854980
vt 0.265625 0.841797
vt 0.276123 0.837891
vt 0.261230 0.863525
vt 0.249268 0.862061
vt 0.258789 0.857178
vt 0.258545 0.852539
vt 0.248291 0.845459
vt 0.239746 0.839355
vt 0.250000 0.852783
vt 0.242188 0.852539
vt 0.234863 0.846436
vt 0.233398 0.838867
vt 0.227051 0.846680
vt 0.236816 0.871582
vt 0.200684 0.849609
vt 0.239746 0.885254
vt 0.189209 0.880615
vt 0.240723 0.906006
vt 0.198242 0.904053
vt 0.173096 0.875244
vt 0.782959 0.033936
vt 0.783447 0.029297
vt 0.799316 0.039307
vt 0.766602 0.030029
vt 0.767090 0.023193
vt 0.769531 0.019775
vt 0.787109 0.026855
vt 0.778076 0.013916
vt 0.778809 0.006104
vt 0.789551 0.009277
vt 0.067871 0.010742
vt 0.070801 0.002930
vt 0.073975 0.009521
vt 0.078613 0.009521
vt 0.063965 0.008789
vt 0.075439 0.020996
vt 0.064209 0.017822
vt 0.069824 0.016602
vt 0.978027 0.024658
vt 0.973633 0.011475
vt 0.987305 0.014160
vt 0.994873 0.025391
vt 0.994141 0.060059
vt 0.972656 0.021484
vt 0.947510 0.022705
vt 0.939453 0.044678
vt 0.938721 0.076904
vt 0.091064 0.345703
vt 0.088135 0.358154
vt 0.083008 0.347900
vt 0.093506 0.322266
vt 0.078369 0.358643
vt 0.100342 0.371338
vt 0.082031 0.327881
vt 0.086670 0.312500
vt 0.093262 0.310791
vt 0.079590 0.314209
vt 0.077148 0.348633
vt 0.072754 0.318359
vt 0.073730 0.306396
vt 0.066162 0.312500
vt 0.070068 0.342285
vt 0.063965 0.340088
vt 0.057129 0.322998
vt 0.059814 0.308594
vt 0.054688 0.347900
vt 0.072021 0.350098
vt 0.067627 0.359863
vt 0.065430 0.345703
vt 0.059570 0.356934
vt 0.050293 0.365967
vt 0.029785 0.375000
vt 0.020752 0.383789
vt 0.031006 0.380127
vt 0.040527 0.387939
vt 0.054443 0.383545
vt 0.067871 0.369141
vt 0.077393 0.369629
vt 0.077881 0.377441
vt 0.083008 0.377441
vt 0.088623 0.368164
vt 0.102539 0.377930
vt 0.101074 0.386475
vt 0.107910 0.373779
vt 0.111084 0.385498
vt 0.577637 0.945557
vt 0.520020 0.987305
vt 0.520264 0.934814
vt 0.948242 0.166260
vt 0.966553 0.168701
vt 0.946533 0.204834
vt 0.974609 0.199951
vt 0.952393 0.280518
vt 0.990967 0.207520
vt 0.984131 0.281494
vt 0.045166 0.013916
vt 0.046143 0.005859
vt 0.051514 0.010986
vt 0.039307 0.010498
vt 0.049561 0.018066
vt 0.041260 0.018066
vt 0.265869 0.978760
vt 0.277100 0.979004
vt 0.271240 0.982910
vt 0.273926 0.986816
vt 0.280273 0.988037
vt 0.270996 0.995361
vt 0.268555 0.988037
vt 0.265137 0.989990
vt 0.354492 0.210449
vt 0.328369 0.228516
vt 0.341553 0.189209
vt 0.321533 0.220459
vt 0.368652 0.152344
vt 0.395508 0.159424
vt 0.329590 0.192627
vt 0.326416 0.186768
vt 0.307373 0.202148
vt 0.343018 0.175537
vt 0.339844 0.158203
vt 0.323975 0.176758
vt 0.329102 0.165039
vt 0.318848 0.151123
vt 0.298828 0.159424
vt 0.305664 0.140137
vt 0.322754 0.144287
vt 0.282959 0.120361
vt 0.294678 0.139893
vt 0.266846 0.153809
vt 0.296387 0.149658
vt 0.293213 0.181641
vt 0.281738 0.195312
vt 0.290039 0.165527
vt 0.287109 0.175537
vt 0.274658 0.171387
vt 0.280762 0.181885
vt 0.238037 0.184082
vt 0.267334 0.179688
vt 0.201416 0.141113
vt 0.169434 0.173096
vt 0.233887 0.194092
vt 0.274414 0.190186
vt 0.262451 0.201660
vt 0.874023 0.456299
vt 0.871338 0.469971
vt 0.867188 0.465576
vt 0.848389 0.461670
vt 0.861084 0.468018
vt 0.867432 0.456055
vt 0.862305 0.456055
vt 0.881348 0.455078
vt 0.864258 0.446533
vt 0.876953 0.471680
vt 0.879395 0.480713
vt 0.882568 0.472900
vt 0.887695 0.477783
vt 0.866943 0.431152
vt 0.873535 0.431885
vt 0.854736 0.426270
vt 0.840820 0.439209
vt 0.855469 0.451172
vt 0.887695 0.455566
vt 0.877930 0.430420
vt 0.862061 0.450684
vt 0.858154 0.455322
vt 0.857666 0.457275
vt 0.887939 0.444824
vt 0.882080 0.426025
vt 0.893311 0.442871
vt 0.894531 0.466797
vt 0.893799 0.473877
vt 0.896973 0.474121
vt 0.897705 0.478516
vt 0.893555 0.479980
vt 0.905029 0.476562
vt 0.897461 0.482910
vt 0.896240 0.487305
vt 0.909912 0.481689
vt 0.915771 0.488525
vt 0.902100 0.499512
vt 0.911865 0.494629
vt 0.933594 0.509277
vt 0.920410 0.512695
vt 0.928955 0.491943
vt 0.945312 0.487793
vt 0.942383 0.479980
vt 0.957764 0.500244
vt 0.937988 0.477539
vt 0.956543 0.472656
vt 0.949463 0.468994
vt 0.920898 0.473389
vt 0.938477 0.470215
vt 0.942871 0.466553
vt 0.931885 0.471436
vt 0.947266 0.462891
vt 0.952393 0.466309
vt 0.936768 0.464111
vt 0.952393 0.459961
vt 0.947998 0.452881
vt 0.935303 0.454346
vt 0.942139 0.451660
vt 0.946289 0.447754
vt 0.948486 0.442871
vt 0.943359 0.440918
vt 0.942871 0.447266
vt 0.938721 0.447266
vt 0.937256 0.440430
vt 0.948486 0.429199
vt 0.934814 0.421143
vt 0.950439 0.400879
vt 0.943115 0.394287
vt 0.934570 0.409912
vt 0.924561 0.422852
vt 0.927246 0.404053
vt 0.915039 0.422607
vt 0.927490 0.438721
vt 0.932617 0.447754
vt 0.927734 0.448975
vt 0.924316 0.447021
vt 0.914551 0.441406
vt 0.919678 0.451416
vt 0.917480 0.459961
vt 0.919434 0.447266
vt 0.915527 0.446045
vt 0.909424 0.451660
vt 0.909668 0.447510
vt 0.904541 0.443115
vt 0.899170 0.434326
vt 0.890381 0.414795
vt 0.904053 0.448975
vt 0.901123 0.449707
vt 0.897217 0.451904
vt 0.904297 0.453857
vt 0.895264 0.454834
vt 0.902100 0.469238
vt 0.905518 0.472168
vt 0.909912 0.473145
vt 0.910156 0.468994
vt 0.914062 0.473633
vt 0.916992 0.465820
vt 0.923096 0.467041
vt 0.924072 0.469971
vt 0.928711 0.467773
vt 0.930664 0.464111
vt 0.582275 0.918945
vt 0.528809 0.899170
vt 0.597168 0.905518
vt 0.529053 0.909180
vt 0.559814 0.882568
vt 0.524414 0.923584
vt 0.587646 0.937012
vt 0.535645 0.931885
vt 0.602295 0.932617
vt 0.610840 0.922119
vt 0.630615 0.938477
vt 0.616699 0.909424
vt 0.647705 0.876221
vt 0.610107 0.892090
vt 0.617432 0.856445
vt 0.576172 0.841553
vt 0.512939 0.948242
vt 0.515869 0.957520
vt 0.508301 0.954102
vt 0.506836 0.967773
vt 0.504150 0.957275
vt 0.499756 0.958252
vt 0.502441 0.948730
vt 0.509033 0.947510
vt 0.512939 0.941650
vt 0.504883 0.943604
vt 0.510742 0.941406
vt 0.514160 0.936523
vt 0.509033 0.935791
vt 0.847168 0.684326
vt 0.820312 0.698242
vt 0.839600 0.684570
vt 0.840332 0.713623
vt 0.834229 0.719727
vt 0.823975 0.714355
vt 0.818115 0.719238
vt 0.835938 0.731201
vt 0.826660 0.734131
vt 0.814209 0.706299
vt 0.806396 0.717529
vt 0.805664 0.709961
vt 0.800049 0.704834
vt 0.790771 0.708008
vt 0.776123 0.717529
vt 0.833740 0.745117
vt 0.802490 0.740967
vt 0.790039 0.697021
vt 0.777100 0.704346
vt 0.805420 0.758301
vt 0.773193 0.739990
vt 0.769043 0.719971
vt 0.740967 0.724365
vt 0.735107 0.698730
vt 0.724365 0.714600
vt 0.689453 0.752930
vt 0.702637 0.751709
vt 0.714600 0.756348
vt 0.753662 0.697021
vt 0.741943 0.691650
vt 0.763428 0.692627
vt 0.754150 0.684570
vt 0.740479 0.682373
vt 0.774658 0.688721
vt 0.753906 0.663330
vt 0.745117 0.651855
vt 0.757568 0.638428
vt 0.765381 0.646484
vt 0.782471 0.675781
vt 0.764160 0.660645
vt 0.772217 0.656982
vt 0.784668 0.643066
vt 0.774902 0.663330
vt 0.782227 0.654297
vt 0.791260 0.667236
vt 0.801758 0.658691
vt 0.800537 0.672607
vt 0.807129 0.670166
vt 0.812500 0.678711
vt 0.815674 0.668213
vt 0.812012 0.635986
vt 0.810547 0.624512
vt 0.828857 0.656494
vt 0.822021 0.674561
vt 0.822510 0.631348
vt 0.840820 0.632324
vt 0.828125 0.674316
vt 0.831299 0.682373
vt 0.835205 0.674561
vt 0.839600 0.662109
vt 0.846191 0.670654
vt 0.841553 0.674316
vt 0.845947 0.682373
vt 0.905029 0.972168
vt 0.911133 0.968506
vt 0.912109 0.982666
vt 0.912842 0.992432
vt 0.902832 0.996826
vt 0.906494 0.984131
vt 0.898682 0.991943
vt 0.869629 0.987793
vt 0.892578 0.981689
vt 0.860840 0.965576
vt 0.843994 0.976562
vt 0.848389 0.963379
vt 0.853027 0.948730
vt 0.862061 0.954590
vt 0.888916 0.965576
vt 0.884766 0.953613
vt 0.910400 0.934082
vt 0.263428 0.099854
vt 0.306152 0.096191
vt 0.281982 0.101562
vt 0.312256 0.071045
vt 0.215820 0.069092
vt 0.228027 0.052979
vt 0.242676 0.104248
vt 0.215332 0.108154
vt 0.199707 0.023438
vt 0.208008 0.105225
vt 0.196533 0.108887
vt 0.171387 0.059570
vt 0.120117 0.085938
vt 0.117188 0.026611
vt 0.155518 0.115723
vt 0.188721 0.116699
vt 0.162109 0.123535
vt 0.174316 0.154297
vt 0.149902 0.125732
vt 0.142334 0.121094
vt 0.132568 0.141846
vt 0.138428 0.156494
vt 0.118652 0.183594
vt 0.136230 0.172852
vt 0.109863 0.194580
vt 0.116455 0.197998
vt 0.128418 0.199951
vt 0.137207 0.208984
vt 0.295166 0.798584
vt 0.299316 0.807617
vt 0.283447 0.803467
vt 0.305664 0.794922
vt 0.305908 0.779053
vt 0.306885 0.817139
vt 0.292725 0.811523
vt 0.289551 0.819580
vt 0.269287 0.804932
vt 0.257324 0.782715
vt 0.273193 0.817871
vt 0.297852 0.827148
vt 0.309814 0.833008
vt 0.304199 0.836426
vt 0.291748 0.837891
vt 0.312988 0.853271
vt 0.323486 0.851807
vt 0.281006 0.833252
vt 0.257568 0.817139
vt 0.265381 0.812256
vt 0.260742 0.807373
vt 0.252441 0.800537
vt 0.246826 0.827148
vt 0.245605 0.814209
vt 0.242432 0.798340
vt 0.224365 0.800049
vt 0.235107 0.804443
vt 0.237549 0.808838
vt 0.229248 0.807617
vt 0.225586 0.814209
vt 0.217041 0.800781
vt 0.211670 0.824951
vt 0.209717 0.809814
vt 0.192139 0.802979
vt 0.209717 0.841309
vt 0.194824 0.811279
vt 0.198730 0.835449
vt 0.182861 0.847168
vt 0.199707 0.822510
vt 0.187744 0.818848
vt 0.185791 0.828613
vt 0.440918 0.840576
vt 0.427246 0.854980
vt 0.435791 0.832275
vt 0.445312 0.833984
vt 0.448242 0.838379
vt 0.449219 0.822754
vt 0.441162 0.818359
vt 0.432617 0.802734
vt 0.424561 0.835449
vt 0.428711 0.818359
vt 0.418457 0.802246
vt 0.396729 0.836426
vt 0.421631 0.827148
vt 0.411377 0.832031
vt 0.416260 0.825684
vt 0.410156 0.817627
vt 0.404785 0.812988
vt 0.399170 0.798828
vt 0.400635 0.827148
vt 0.395508 0.816162
vt 0.391357 0.807129
vt 0.387451 0.822021
vt 0.390625 0.796875
vt 0.367920 0.821533
vt 0.368896 0.839355
vt 0.380371 0.815674
vt 0.382812 0.804688
vt 0.371338 0.789062
vt 0.374268 0.812988
vt 0.365967 0.803955
vt 0.358887 0.793457
vt 0.354980 0.832764
vt 0.358154 0.840820
vt 0.343506 0.854980
vt 0.337158 0.846191
vt 0.355225 0.819824
vt 0.345703 0.822998
vt 0.349365 0.809814
vt 0.324951 0.827148
vt 0.324219 0.844238
vt 0.340576 0.814209
vt 0.348633 0.791992
vt 0.345215 0.769531
vt 0.332764 0.805908
vt 0.311279 0.803711
vt 0.322510 0.799316
vt 0.338379 0.797852
vt 0.329834 0.794922
vt 0.324951 0.788086
vt 0.317383 0.796631
vt 0.339600 0.785889
vt 0.331543 0.777100
vt 0.329102 0.770996
vt 0.907959 0.241455
vt 0.876221 0.197998
vt 0.897217 0.190674
vt 0.888672 0.237793
vt 0.870117 0.206543
vt 0.875732 0.220947
vt 0.877686 0.236328
vt 0.863037 0.246582
vt 0.837891 0.265625
vt 0.885254 0.166016
vt 0.884521 0.140137
vt 0.876709 0.177246
vt 0.871826 0.189209
vt 0.865479 0.175537
vt 0.870605 0.161377
vt 0.877930 0.163574
vt 0.877930 0.157227
vt 0.874023 0.151611
vt 0.791504 0.877686
vt 0.820801 0.910889
vt 0.804932 0.903320
vt 0.724854 0.869385
vt 0.809814 0.889648
vt 0.809326 0.848633
vt 0.822754 0.860352
vt 0.814453 0.919434
vt 0.800781 0.912598
vt 0.811523 0.928711
vt 0.232666 0.992188
vt 0.196533 0.986084
vt 0.204346 0.949463
vt 0.245117 0.956543
vt 0.154053 0.993164
vt 0.146729 0.972412
vt 0.156738 0.964600
vt 0.153564 0.946533
vt 0.153564 0.928955
vt 0.159424 0.921143
vt 0.173340 0.911133
vt 0.244141 0.932373
vt 0.256836 0.927734
vt 0.207031 0.914795
vt 0.170898 0.900635
vt 0.556396 0.036133
vt 0.551514 0.036133
vt 0.553955 0.031738
vt 0.552002 0.044189
vt 0.561035 0.037354
vt 0.558105 0.044434
vt 0.556396 0.049072
vt 0.542725 0.031494
vt 0.550293 0.031738
vt 0.541016 0.042725
vt 0.534912 0.035645
vt 0.549805 0.051758
vt 0.542969 0.055908
vt 0.556885 0.055420
vt 0.560791 0.056641
vt 0.546631 0.059814
vt 0.545166 0.064209
vt 0.552490 0.056641
vt 0.556641 0.060791
vt 0.551025 0.060547
vt 0.551514 0.066406
vt 0.561768 0.075684
vt 0.550293 0.071533
vt 0.930908 0.902832
vt 0.928711 0.914062
vt 0.920898 0.914551
vt 0.905762 0.898193
vt 0.951660 0.904785
vt 0.907959 0.892822
vt 0.881836 0.882080
vt 0.917725 0.846436
vt 0.933594 0.862549
vt 0.947510 0.883789
vt 0.966064 0.885986
vt 0.982178 0.901123
vt 0.977783 0.883057
vt 0.990967 0.870117
vt 0.964600 0.824219
vt 0.981689 0.821533
vt 0.954346 0.797119
vt 0.952881 0.838135
vt 0.950195 0.810059
vt 0.936279 0.808105
vt 0.806885 0.040771
vt 0.804932 0.035156
vt 0.816406 0.036377
vt 0.814453 0.017334
vt 0.829346 0.030029
vt 0.827148 0.047363
vt 0.837158 0.047119
vt 0.833496 0.001953
vt 0.837402 0.026123
vt 0.039795 0.423096
vt 0.036865 0.410645
vt 0.042969 0.417236
vt 0.053955 0.413574
vt 0.055664 0.396729
vt 0.041992 0.409668
vt 0.044922 0.398926
vt 0.036377 0.395508
vt 0.034668 0.400146
vt 0.029785 0.398926
vt 0.030518 0.406006
vt 0.014893 0.402832
vt 0.014893 0.410889
vt 0.004639 0.416016
vt 0.032959 0.423584
vt 0.008057 0.424072
vt 0.000977 0.430664
vt 0.005371 0.434082
vt 0.015625 0.415527
vt 0.020996 0.431396
vt 0.015869 0.440918
vt 0.022705 0.441162
vt 0.026855 0.412842
vt 0.023193 0.414795
vt 0.026855 0.418945
vt 0.029053 0.427490
vt 0.028564 0.438232
vt 0.026611 0.442871
vt 0.033447 0.441895
vt 0.802734 0.972168
vt 0.808838 0.960938
vt 0.815918 0.972656
vt 0.794189 0.960693
vt 0.812744 0.983398
vt 0.821777 0.986816
vt 0.822754 0.968994
vt 0.833252 0.973145
vt 0.834229 0.958496
vt 0.837646 0.985596
vt 0.808350 0.999756
vt 0.848145 0.989258
vt 0.627197 0.953613
vt 0.612549 0.957520
vt 0.606689 0.950195
vt 0.617188 0.942871
vt 0.603027 0.939941
vt 0.619385 0.973145
vt 0.592529 0.953613
vt 0.601318 0.961426
vt 0.585449 0.948486
vt 0.579590 0.963379
vt 0.625732 0.989990
vt 0.610107 0.983643
vt 0.602783 0.975586
vt 0.609131 0.988525
vt 0.602295 0.984863
vt 0.592773 0.979736
vt 0.591797 0.969971
vt 0.576904 0.976807
vt 0.561523 0.965332
vt 0.790527 0.969238
vt 0.788818 0.973389
vt 0.785156 0.967773
vt 0.796631 0.974609
vt 0.788574 0.962158
vt 0.133789 0.991943
vt 0.135010 0.986572
vt 0.140381 0.993408
vt 0.137451 0.980713
vt 0.129883 0.982422
vt 0.121582 0.980713
vt 0.132812 0.975830
vt 0.129150 0.971191
vt 0.134521 0.968994
vt 0.143066 0.983154
vt 0.137451 0.966797
vt 0.128662 0.963379
vt 0.134033 0.963867
vt 0.142090 0.958008
vt 0.144531 0.963379
vt 0.132812 0.958496
vt 0.136719 0.952637
vt 0.140869 0.946045
vt 0.123047 0.950684
vt 0.121094 0.944824
vt 0.118652 0.962158
vt 0.111328 0.949951
vt 0.108398 0.944336
vt 0.115723 0.955566
vt 0.103027 0.955078
vt 0.099609 0.953613
vt 0.098145 0.962158
vt 0.106445 0.957520
vt 0.111572 0.957764
vt 0.108154 0.962402
vt 0.106201 0.966309
vt 0.115967 0.968994
vt 0.115967 0.974854
vt 0.108154 0.971680
vt 0.099365 0.969971
vt 0.109131 0.975342
vt 0.101074 0.981445
vt 0.085693 0.983154
vt 0.074951 0.958740
vt 0.077148 0.948242
vt 0.047852 0.952393
vt 0.063721 0.974609
vt 0.076904 0.988281
vt 0.053711 0.989502
vt 0.968750 0.491699
vt 0.956543 0.452881
vt 0.964844 0.438721
vt 0.955078 0.409424
vt 0.994141 0.437500
vt 0.731201 0.023438
vt 0.731689 0.011719
vt 0.737793 0.031738
vt 0.724609 0.022949
vt 0.569824 0.159912
vt 0.568115 0.130859
vt 0.580566 0.136719
vt 0.573975 0.094971
vt 0.023682 0.343018
vt 0.051514 0.318848
vt 0.023926 0.360840
vt 0.047363 0.345947
vt 0.057373 0.291748
vt 0.013916 0.321777
vt 0.795654 0.984375
vt 0.786865 0.979492
vt 0.800049 0.979248
vt 0.801514 0.985596
vt 0.790283 0.985107
vt 0.788086 0.989746
vt 0.795654 0.988770
vt 0.799072 0.992920
vt 0.582275 0.053467
vt 0.582275 0.100586
vt 0.572266 0.072266
vt 0.871582 0.302002
vt 0.848877 0.329346
vt 0.836670 0.282227
vt 0.910645 0.409424
vt 0.861572 0.408203
vt 0.832275 0.369629
vt 0.131348 0.017822
vt 0.082520 0.017822
vt 0.127686 0.007812
vt 0.065186 0.164795
vt 0.099609 0.159668
vt 0.118164 0.166016
vt 0.055908 0.157227
vt 0.059814 0.103027
vt 0.084717 0.115479
vt 0.134766 0.107178
vt 0.097412 0.086182
vt 0.055664 0.068848
vt 0.099121 0.064453
vt 0.067871 0.065186
vt 0.424561 0.945068
vt 0.415771 0.932861
vt 0.422852 0.930908
vt 0.414307 0.937500
vt 0.410645 0.941650
vt 0.411133 0.953369
vt 0.417480 0.956787
vt 0.407227 0.961426
vt 0.423584 0.953125
vt 0.426270 0.966309
vt 0.428467 0.960449
vt 0.429443 0.954590
vt 0.436279 0.969482
vt 0.398438 0.966797
vt 0.413086 0.973389
vt 0.450928 0.978516
vt 0.460938 0.983643
vt 0.458984 0.986084
vt 0.442139 0.987793
vt 0.406982 0.979980
vt 0.428223 0.995605
vt 0.393799 0.971924
vt 0.390381 0.968506
vt 0.393555 0.966309
vt 0.392578 0.975098
vt 0.390137 0.963379
vt 0.386963 0.975830
vt 0.385254 0.969971
vt 0.398438 0.981689
vt 0.389893 0.985107
vt 0.406006 0.987305
vt 0.408691 0.990967
vt 0.405029 0.992188
vt 0.428223 1.000000
vt 0.411377 0.999268
vt 0.385986 0.966553
vt 0.386719 0.969482
vt 0.387939 0.960938
vt 0.384277 0.961670
vt 0.379639 0.967773
vt 0.909912 0.013672
vt 0.903320 0.018311
vt 0.903809 0.013672
vt 0.904785 0.005127
vt 0.896484 0.012939
vt 0.914795 0.011719
vt 0.898682 0.022217
vt 0.913330 0.020508
vt 0.907715 0.025635
vt 0.033203 0.018066
vt 0.027344 0.011719
vt 0.034668 0.012939
vt 0.033691 0.006836
vt 0.026123 0.018311
vt 0.026611 0.004639
vt 0.021973 0.011475
vt 0.696045 0.650635
vt 0.704590 0.672363
vt 0.669922 0.693848
vt 0.691650 0.693115
vt 0.622803 0.677490
vt 0.673828 0.710449
vt 0.676514 0.716309
vt 0.636719 0.727783
vt 0.637695 0.733154
vt 0.610596 0.748535
vt 0.607666 0.743652
vt 0.587646 0.751221
vt 0.556885 0.694580
vt 0.587402 0.640137
vt 0.510254 0.666504
vt 0.723633 0.417969
vt 0.712402 0.411621
vt 0.740234 0.407715
vt 0.737793 0.396973
vt 0.760742 0.423096
vt 0.795166 0.403564
vt 0.800537 0.424316
vt 0.820801 0.444092
vt 0.825195 0.440674
vt 0.845459 0.421387
vt 0.848145 0.410156
vt 0.830566 0.396484
vt 0.760498 0.379639
vt 0.734131 0.371338
vt 0.813232 0.388672
vt 0.817627 0.377930
vt 0.791016 0.385010
vt 0.805176 0.381348
vt 0.812500 0.354248
vt 0.821777 0.363525
vt 0.826904 0.345703
vt 0.836182 0.303467
vt 0.826416 0.288818
vt 0.795166 0.368164
vt 0.802734 0.328369
vt 0.804932 0.284912
vt 0.783936 0.357666
vt 0.785645 0.309814
vt 0.769043 0.348877
vt 0.758789 0.364502
vt 0.766113 0.317139
vt 0.785889 0.285156
vt 0.768799 0.288086
vt 0.750488 0.316406
vt 0.750000 0.349121
vt 0.748779 0.361328
vt 0.735107 0.355713
vt 0.733643 0.318115
vt 0.729736 0.284668
vt 0.721191 0.346436
vt 0.716553 0.311035
vt 0.712158 0.299561
vt 0.158936 0.827637
vt 0.146973 0.839355
vt 0.139404 0.832275
vt 0.161133 0.839844
vt 0.139160 0.849365
vt 0.129639 0.840332
vt 0.165039 0.829590
vt 0.176514 0.829102
vt 0.177002 0.818359
vt 0.163330 0.814453
vt 0.183838 0.800049
vt 0.129883 0.834961
vt 0.125732 0.840332
vt 0.122559 0.847412
vt 0.119385 0.829102
vt 0.114014 0.831299
vt 0.126709 0.825928
vt 0.111328 0.811035
vt 0.146240 0.817383
vt 0.122070 0.820801
vt 0.118408 0.819092
vt 0.133301 0.812012
vt 0.123779 0.811279
vt 0.156250 0.812012
vt 0.160645 0.802979
vt 0.146484 0.804199
vt 0.154785 0.798828
vt 0.154785 0.790527
vt 0.220947 0.782959
vt 0.186768 0.782227
vt 0.173340 0.771729
vt 0.141357 0.792725
vt 0.123535 0.799805
vt 0.150635 0.781982
vt 0.137207 0.785645
vt 0.141846 0.780273
vt 0.148682 0.772461
vt 0.163330 0.758057
vt 0.187744 0.754883
vt 0.135254 0.777100
vt 0.142090 0.762451
vt 0.149170 0.748535
vt 0.119629 0.784668
vt 0.134277 0.769531
vt 0.135986 0.754395
vt 0.129395 0.767090
vt 0.124512 0.760498
vt 0.110840 0.771484
vt 0.109863 0.760498
vt 0.121094 0.753418
vt 0.128174 0.747803
vt 0.134277 0.745605
vt 0.127930 0.737793
vt 0.122070 0.747314
vt 0.117432 0.738770
vt 0.112305 0.749512
vt 0.104736 0.739746
vt 0.096436 0.755859
vt 0.083252 0.756104
vt 0.082031 0.744385
vt 0.070312 0.752686
vt 0.088623 0.761719
vt 0.094238 0.766113
vt 0.091797 0.768066
vt 0.096436 0.773438
vt 0.084717 0.770264
vt 0.079102 0.760742
vt 0.073975 0.760010
vt 0.072021 0.764404
vt 0.070312 0.771484
vt 0.089111 0.777588
vt 0.092773 0.785645
vt 0.079346 0.792725
vt 0.103516 0.780273
vt 0.085449 0.800049
vt 0.071777 0.807129
vt 0.069336 0.813232
vt 0.090576 0.805420
vt 0.090820 0.814941
vt 0.102783 0.796631
vt 0.101074 0.788086
vt 0.113037 0.802490
vt 0.104004 0.784180
vt 0.115723 0.798828
vt 0.110107 0.786865
vt 0.112305 0.793213
vt 0.880859 0.014404
vt 0.871338 0.026611
vt 0.872559 0.012207
vt 0.870850 0.002197
vt 0.867432 0.018066
vt 0.860352 0.019287
vt 0.861084 0.008301
vt 0.867188 0.008301
vt 0.833252 0.495361
vt 0.839600 0.482178
vt 0.844482 0.504883
vt 0.839111 0.476074
vt 0.844727 0.473877
vt 0.826172 0.505127
vt 0.825684 0.476807
vt 0.836914 0.466553
vt 0.831787 0.484131
vt 0.824463 0.494873
vt 0.825684 0.487549
vt 0.821777 0.484863
vt 0.812500 0.490723
vt 0.807129 0.486084
vt 0.810059 0.496582
vt 0.803955 0.498047
vt 0.808350 0.502441
vt 0.795898 0.500977
vt 0.794922 0.494873
vt 0.798828 0.513672
vt 0.795166 0.489502
vt 0.807129 0.521729
vt 0.818848 0.517334
vt 0.799805 0.466064
vt 0.799805 0.529053
vt 0.789307 0.529297
vt 0.804688 0.528564
vt 0.800049 0.544678
vt 0.810303 0.539551
vt 0.790527 0.536133
vt 0.786621 0.541504
vt 0.791504 0.553711
vt 0.803955 0.567871
vt 0.814697 0.527100
vt 0.821289 0.558838
vt 0.813477 0.573242
vt 0.827881 0.599609
vt 0.817871 0.537842
vt 0.822754 0.544434
vt 0.825684 0.533203
vt 0.820801 0.526611
vt 0.826660 0.521973
vt 0.829834 0.529053
vt 0.832031 0.513916
vt 0.841553 0.517090
vt 0.834717 0.520752
vt 0.835938 0.530762
vt 0.844238 0.524902
vt 0.845215 0.533447
vt 0.867188 0.041504
vt 0.843506 0.047607
vt 0.850098 0.016602
vt 0.855225 0.065430
vt 0.878906 0.060059
vt 0.890137 0.015381
vt 0.861328 0.072266
vt 0.899414 0.044678
vt 0.872070 0.077148
vt 0.860596 0.077637
vt 0.851318 0.079102
vt 0.864014 0.081055
vt 0.888184 0.078125
vt 0.929688 0.012939
vt 0.911621 0.040527
vt 0.895508 0.070068
vt 0.918945 0.054443
vt 0.896729 0.076416
vt 0.903320 0.068848
vt 0.898193 0.080078
vt 0.896729 0.093750
vt 0.908691 0.070312
vt 0.920410 0.068848
vt 0.929932 0.065186
vt 0.905762 0.081055
vt 0.910156 0.075684
vt 0.916504 0.079102
vt 0.914551 0.076904
vt 0.931641 0.104980
vt 0.912109 0.105957
vt 0.919434 0.111328
vt 0.932617 0.112793
vt 0.903076 0.102783
vt 0.895264 0.103271
vt 0.897705 0.111328
vt 0.916016 0.115723
vt 0.914795 0.126221
vt 0.928955 0.119873
vt 0.908447 0.114014
vt 0.905762 0.125000
vt 0.897217 0.124023
vt 0.901367 0.138428
vt 0.916016 0.139160
vt 0.550293 0.015625
vt 0.555664 0.026855
vt 0.542969 0.018799
vt 0.539551 0.026367
vt 0.558105 0.017578
vt 0.537842 0.015137
vt 0.546631 0.008789
vt 0.815674 0.461426
vt 0.834473 0.456787
vt 0.842285 0.448975
vt 0.815430 0.447998
vt 0.796631 0.441650
vt 0.811523 0.470947
vt 0.790039 0.448975
vt 0.791260 0.474854
vt 0.783691 0.468506
vt 0.781494 0.477539
vt 0.395752 0.845947
vt 0.413086 0.859619
vt 0.410645 0.865234
vt 0.379883 0.843018
vt 0.417480 0.869141
vt 0.419189 0.857666
vt 0.401367 0.865234
vt 0.379395 0.849121
vt 0.404053 0.878906
vt 0.412354 0.902100
vt 0.398193 0.873779
vt 0.380615 0.873779
vt 0.351318 0.858643
vt 0.390625 0.876709
vt 0.397705 0.890625
vt 0.386230 0.899658
vt 0.392578 0.883057
vt 0.389160 0.894775
vt 0.377197 0.889893
vt 0.390625 0.890381
vt 0.356689 0.895508
vt 0.325928 0.865723
vt 0.342529 0.901611
vt 0.310059 0.872803
vt 0.797119 0.956055
vt 0.816162 0.933594
vt 0.823486 0.952637
vt 0.825439 0.935303
vt 0.843750 0.954590
vt 0.850098 0.931396
vt 0.828125 0.924561
vt 0.828857 0.908691
vt 0.843018 0.923340
vt 0.861328 0.917480
vt 0.894043 0.938232
vt 0.839111 0.907227
vt 0.837646 0.893311
vt 0.851562 0.902100
vt 0.832031 0.870605
vt 0.866699 0.883301
vt 0.849365 0.892090
vt 0.842529 0.876221
vt 0.848389 0.860840
vt 0.833740 0.858643
vt 0.868164 0.853027
vt 0.836182 0.849609
vt 0.550537 0.751953
vt 0.550781 0.718506
vt 0.566406 0.741211
vt 0.526855 0.731934
vt 0.566406 0.754150
vt 0.554443 0.799072
vt 0.546143 0.780762
vt 0.540039 0.802246
vt 0.537598 0.785889
vt 0.526367 0.794434
vt 0.513428 0.784424
vt 0.490967 0.758545
vt 0.498291 0.798584
vt 0.472656 0.789795
vt 0.460938 0.770508
vt 0.474854 0.759521
vt 0.466797 0.757568
vt 0.440430 0.741699
vt 0.458252 0.764893
vt 0.437988 0.767090
vt 0.444336 0.777344
vt 0.445312 0.782471
vt 0.417969 0.793701
vt 0.432129 0.798340
vt 0.421387 0.795410
vt 0.893311 0.319580
vt 0.880859 0.311523
vt 0.905518 0.318604
vt 0.910400 0.299316
vt 0.927246 0.299805
vt 0.945801 0.298828
vt 0.921875 0.340332
vt 0.901855 0.348633
vt 0.910645 0.366455
vt 0.908691 0.383545
vt 0.931396 0.378418
vt 0.935547 0.361084
vt 0.949219 0.375244
vt 0.942139 0.339844
vt 0.955566 0.315674
vt 0.953125 0.286865
vt 0.953125 0.358154
vt 0.966797 0.293457
vt 0.975342 0.379639
vt 0.958984 0.385498
vt 0.985840 0.399902
vt 0.963867 0.353760
vt 0.978516 0.372559
vt 0.976318 0.364502
vt 0.970215 0.354004
vt 0.966309 0.333008
vt 0.974121 0.336670
vt 0.977051 0.298584
vt 0.967041 0.285645
vt 0.982666 0.318604
vt 0.983643 0.296631
vt 0.990967 0.290527
vt 0.989990 0.283936
vt 0.041992 0.095459
vt 0.032959 0.090332
vt 0.045654 0.090332
vt 0.041992 0.080566
vt 0.049316 0.084717
vt 0.054443 0.100586
vt 0.045898 0.103760
vt 0.047607 0.112793
vt 0.038818 0.109375
vt 0.033936 0.113037
vt 0.019775 0.101318
vt 0.007812 0.103760
vt 0.011475 0.094971
vt 0.005127 0.091797
vt 0.015137 0.080078
vt 0.016602 0.092041
vt 0.020264 0.086914
vt 0.172607 0.860107
vt 0.153809 0.916992
vt 0.153076 0.898926
vt 0.164062 0.867188
vt 0.142578 0.911865
vt 0.131836 0.922852
vt 0.147705 0.888916
vt 0.121338 0.913330
vt 0.119385 0.921631
vt 0.138428 0.897705
vt 0.139893 0.885986
vt 0.137207 0.865479
vt 0.128662 0.904785
vt 0.129395 0.890869
vt 0.111328 0.870117
vt 0.118652 0.897705
vt 0.092773 0.835205
vt 0.107422 0.897217
vt 0.093018 0.856934
vt 0.088623 0.830811
vt 0.112549 0.913330
vt 0.100586 0.930664
vt 0.098633 0.916748
vt 0.097900 0.903564
vt 0.091309 0.916504
vt 0.089844 0.927490
vt 0.073486 0.919434
vt 0.083984 0.843018
vt 0.068848 0.827881
vt 0.083496 0.848877
vt 0.076660 0.848877
vt 0.077148 0.843506
vt 0.071045 0.830566
vt 0.572754 0.036621
vt 0.570312 0.031250
vt 0.578369 0.033203
vt 0.570557 0.026367
vt 0.580322 0.040039
vt 0.571777 0.042480
vt 0.581299 0.047607
vt 0.569336 0.053223
vt 0.104492 0.701660
vt 0.081543 0.682617
vt 0.099854 0.687500
vt 0.110840 0.692627
vt 0.096680 0.706787
vt 0.082764 0.660400
vt 0.068359 0.687500
vt 0.106201 0.668457
vt 0.115967 0.689697
vt 0.112061 0.663574
vt 0.075439 0.630371
vt 0.071533 0.635010
vt 0.035645 0.628418
vt 0.033936 0.637451
vt 0.032959 0.651367
vt 0.029785 0.671631
vt 0.020752 0.678223
vt 0.021973 0.690918
vt 0.065186 0.714355
vt 0.032471 0.717773
vt 0.094238 0.721680
vt 0.063965 0.724854
vt 0.086426 0.737549
vt 0.991211 0.988037
vt 0.991699 0.982178
vt 0.999756 0.979004
vt 0.993164 0.975098
vt 1.000000 0.987549
vt 0.456787 0.700684
vt 0.468506 0.702637
vt 0.470215 0.725586
vt 0.455566 0.730225
vt 0.482666 0.694092
vt 0.489990 0.699951
vt 0.477783 0.686279
vt 0.490967 0.685059
vt 0.510010 0.673584
vt 0.528564 0.694092
vt 0.473633 0.675049
vt 0.486328 0.668457
vt 0.474121 0.659668
vt 0.436768 0.701660
vt 0.449951 0.650879
vt 0.442383 0.731689
vt 0.457031 0.737549
vt 0.452148 0.740967
vt 0.412842 0.752441
vt 0.388916 0.747559
vt 0.411865 0.714844
vt 0.390137 0.683350
vt 0.439697 0.618896
vt 0.404053 0.611816
vt 0.362793 0.729248
vt 0.351318 0.742432
vt 0.369141 0.673584
vt 0.343018 0.660400
vt 0.351318 0.713135
vt 0.325684 0.741211
vt 0.031250 0.263916
vt 0.017090 0.250977
vt 0.035400 0.234863
vt 0.002197 0.232910
vt 0.003906 0.263428
vt 0.049316 0.281494
vt 0.265137 0.476562
vt 0.273438 0.457520
vt 0.285156 0.494141
vt 0.279053 0.502197
vt 0.286377 0.509033
vt 0.284668 0.474365
vt 0.283447 0.449463
vt 0.294434 0.510010
vt 0.289062 0.515381
vt 0.291260 0.494385
vt 0.309570 0.530029
vt 0.294922 0.455811
vt 0.297363 0.501465
vt 0.291260 0.484619
vt 0.305420 0.507080
vt 0.308838 0.489014
vt 0.320068 0.512207
vt 0.344971 0.521973
vt 0.293213 0.437500
vt 0.370605 0.540527
vt 0.309814 0.574951
vt 0.303955 0.461914
vt 0.347412 0.597900
vt 0.314453 0.617188
vt 0.334473 0.653809
vt 0.271484 0.654297
vt 0.383545 0.620361
vt 0.383545 0.574707
vt 0.432617 0.567139
vt 0.325684 0.464844
vt 0.317627 0.455566
vt 0.327881 0.474609
vt 0.334229 0.456787
vt 0.318848 0.447510
vt 0.338379 0.462402
vt 0.325684 0.501221
vt 0.334961 0.480713
vt 0.331299 0.509521
vt 0.331299 0.501465
vt 0.342773 0.494141
vt 0.333984 0.507080
vt 0.345459 0.511963
vt 0.353027 0.507324
vt 0.342773 0.464355
vt 0.351074 0.440674
vt 0.354980 0.453369
vt 0.352539 0.486572
vt 0.361816 0.477539
vt 0.362061 0.511719
vt 0.368896 0.521484
vt 0.384277 0.493408
vt 0.393799 0.522217
vt 0.405273 0.533691
vt 0.434082 0.541260
vt 0.449219 0.544434
vt 0.451172 0.537842
vt 0.422852 0.534424
vt 0.442627 0.524902
vt 0.411621 0.509033
vt 0.430664 0.504883
vt 0.449219 0.512939
vt 0.438721 0.494629
vt 0.417480 0.493896
vt 0.428955 0.476807
vt 0.409668 0.477783
vt 0.420166 0.469482
vt 0.417725 0.455322
vt 0.403320 0.467773
vt 0.377686 0.471436
vt 0.390869 0.450928
vt 0.392578 0.433838
vt 0.381836 0.461426
vt 0.374268 0.463135
vt 0.367676 0.447266
vt 0.364746 0.408203
vt 0.379639 0.394287
vt 0.358398 0.412842
vt 0.357910 0.380371
vt 0.353516 0.391846
vt 0.349365 0.416260
vt 0.345703 0.399658
vt 0.353271 0.376221
vt 0.344238 0.430420
vt 0.344238 0.441406
vt 0.342285 0.393066
vt 0.344971 0.375732
vt 0.341064 0.413330
vt 0.336426 0.426758
vt 0.331787 0.439697
vt 0.333984 0.395020
vt 0.326172 0.381104
vt 0.338379 0.361328
vt 0.331543 0.403076
vt 0.322510 0.364502
vt 0.316162 0.379883
vt 0.318848 0.393799
vt 0.304932 0.403809
vt 0.321289 0.407715
vt 0.308838 0.409912
vt 0.291504 0.419922
vt 0.329346 0.429932
vt 0.312256 0.413818
vt 0.313477 0.424805
vt 0.305908 0.427979
vt 0.313965 0.435303
vt 0.309082 0.438232
vt 0.684814 0.270996
vt 0.697510 0.265137
vt 0.697510 0.276855
vt 0.691162 0.287842
vt 0.702393 0.282959
vt 0.669434 0.280273
vt 0.700195 0.298340
vt 0.684570 0.298584
vt 0.696533 0.305908
vt 0.705811 0.298828
vt 0.713135 0.327881
vt 0.638916 0.316895
vt 0.695068 0.315674
vt 0.688232 0.311768
vt 0.677734 0.312012
vt 0.686523 0.319824
vt 0.687744 0.328369
vt 0.677246 0.320068
vt 0.659424 0.332764
vt 0.680908 0.330811
vt 0.678467 0.343506
vt 0.700928 0.347656
vt 0.673340 0.334961
vt 0.681396 0.371338
vt 0.667236 0.340820
vt 0.664795 0.357422
vt 0.662354 0.346924
vt 0.656738 0.351074
vt 0.645752 0.352295
vt 0.615479 0.349609
vt 0.652588 0.365479
vt 0.645264 0.361816
vt 0.626953 0.370605
vt 0.681396 0.383545
vt 0.655518 0.379883
vt 0.681396 0.401123
vt 0.693115 0.398438
vt 0.708984 0.425537
vt 0.650146 0.386963
vt 0.683838 0.413086
vt 0.688477 0.423096
vt 0.626953 0.385986
vt 0.600342 0.379150
vt 0.664795 0.417236
vt 0.623779 0.393799
vt 0.565430 0.412109
vt 0.662598 0.428467
vt 0.680176 0.430176
vt 0.693848 0.438965
vt 0.674805 0.441162
vt 0.660645 0.438965
vt 0.025391 0.583496
vt 0.035156 0.536621
vt 0.036377 0.577637
vt 0.022705 0.595459
vt 0.060059 0.602295
vt 0.065918 0.588379
vt 0.088867 0.610352
vt 0.101074 0.561523
vt 0.070801 0.542480
vt 0.118164 0.534424
vt 0.048340 0.518066
vt 0.059570 0.510742
vt 0.031250 0.501221
vt 0.311035 0.015625
vt 0.322266 0.022217
vt 0.277100 0.013916
vt 0.279541 0.032715
vt 0.302246 0.005615
vt 0.315430 0.008057
vt 0.310303 0.004639
vt 0.309814 0.000000
vt 0.271484 0.032959
vt 0.279297 0.044678
vt 0.277588 0.057129
vt 0.268066 0.049072
vt 0.265381 0.013184
vt 0.239746 0.005127
vt 0.262695 0.002197
vt 0.255371 0.003906
vt 0.260742 0.983887
vt 0.254395 0.977783
vt 0.260254 0.971924
vt 0.250244 0.962158
vt 0.247070 0.973145
vt 0.247559 0.978027
vt 0.245605 0.984375
vt 0.322510 0.706543
vt 0.320557 0.713867
vt 0.313232 0.712402
vt 0.300049 0.713623
vt 0.314453 0.716797
vt 0.307617 0.705078
vt 0.327637 0.695557
vt 0.316650 0.689209
vt 0.336914 0.660645
vt 0.295654 0.702393
vt 0.309326 0.677002
vt 0.306641 0.691162
vt 0.297852 0.672363
vt 0.291260 0.661133
vt 0.302979 0.685059
vt 0.296875 0.692139
vt 0.293457 0.686523
vt 0.289062 0.677246
vt 0.278809 0.666260
vt 0.288086 0.690918
vt 0.279053 0.681885
vt 0.274658 0.672607
vt 0.264648 0.666748
vt 0.270264 0.676758
vt 0.246826 0.678955
vt 0.274170 0.697510
vt 0.264648 0.683838
vt 0.282959 0.727539
vt 0.301514 0.746582
vt 0.289307 0.742188
vt 0.259033 0.689453
vt 0.250488 0.687988
vt 0.263672 0.697754
vt 0.255127 0.695068
vt 0.261963 0.708496
vt 0.244385 0.691650
vt 0.236572 0.683105
vt 0.224121 0.668945
vt 0.275391 0.711914
vt 0.272949 0.718506
vt 0.267578 0.716553
vt 0.272217 0.722412
vt 0.268311 0.725586
vt 0.279785 0.745850
vt 0.261719 0.729004
vt 0.254150 0.709717
vt 0.242676 0.714111
vt 0.255615 0.726562
vt 0.242920 0.701172
vt 0.230957 0.695312
vt 0.218994 0.705078
vt 0.228516 0.711426
vt 0.215088 0.690430
vt 0.193115 0.689209
vt 0.229492 0.687012
vt 0.231689 0.683838
vt 0.222900 0.687500
vt 0.226318 0.683594
vt 0.229004 0.681152
vt 0.224854 0.676270
vt 0.216553 0.676025
vt 0.210693 0.682861
vt 0.203857 0.674561
vt 0.206055 0.678223
vt 0.193604 0.672119
vt 0.200684 0.682861
vt 0.193604 0.676758
vt 0.184814 0.692871
vt 0.174316 0.674561
vt 0.176758 0.682129
vt 0.268066 0.973389
vt 0.276855 0.950439
vt 0.290283 0.975586
vt 0.293213 0.948486
vt 0.295410 0.974854
vt 0.294922 0.914307
vt 0.309326 0.973633
vt 0.305908 0.947266
vt 0.320801 0.969482
vt 0.329346 0.965820
vt 0.313232 0.919678
vt 0.298340 0.881836
vt 0.310547 0.893799
vt 0.340332 0.955566
vt 0.339111 0.931885
vt 0.342285 0.908447
vt 0.355957 0.950439
vt 0.351074 0.965576
vt 0.356689 0.963135
vt 0.376953 0.960938
vt 0.055420 0.974121
vt 0.004150 0.990967
vt 0.023926 0.971191
vt 0.042969 0.990723
vt 0.618652 0.329346
vt 0.619629 0.313477
vt 0.627197 0.321777
vt 0.619873 0.304443
vt 0.601318 0.302979
vt 0.613770 0.337646
vt 0.632324 0.308350
vt 0.617676 0.292480
vt 0.576172 0.295898
vt 0.606201 0.288330
vt 0.604980 0.268311
vt 0.616699 0.277344
vt 0.599121 0.286621
vt 0.596924 0.277344
vt 0.587891 0.283203
vt 0.593506 0.280273
vt 0.592285 0.273193
vt 0.585938 0.266113
vt 0.572998 0.280518
vt 0.579346 0.272217
vt 0.576904 0.263672
vt 0.570557 0.266846
vt 0.566895 0.259277
vt 0.562012 0.261475
vt 0.553711 0.268799
vt 0.582764 0.249756
vt 0.566406 0.252686
vt 0.555664 0.252441
vt 0.559082 0.243652
vt 0.546875 0.247314
vt 0.547363 0.261963
vt 0.551758 0.237061
vt 0.559570 0.303467
vt 0.540527 0.278809
vt 0.539062 0.289551
vt 0.548584 0.307129
vt 0.589355 0.363770
vt 0.589600 0.343018
vt 0.581543 0.311523
vt 0.566406 0.228516
vt 0.559814 0.218994
vt 0.571777 0.218750
vt 0.541260 0.232910
vt 0.538330 0.244385
vt 0.580811 0.218750
vt 0.582764 0.205322
vt 0.578613 0.231689
vt 0.587646 0.218994
vt 0.584229 0.229980
vt 0.586182 0.237061
vt 0.599121 0.228027
vt 0.622070 0.193359
vt 0.592041 0.238525
vt 0.600830 0.250244
vt 0.598389 0.240967
vt 0.610107 0.236084
vt 0.603027 0.245850
vt 0.607666 0.249268
vt 0.619629 0.240723
vt 0.650879 0.191406
vt 0.641846 0.162109
vt 0.605225 0.179199
vt 0.616211 0.255859
vt 0.635498 0.246826
vt 0.615967 0.267334
vt 0.620117 0.275146
vt 0.627686 0.269775
vt 0.581299 0.188232
vt 0.630615 0.148193
vt 0.550781 0.203857
vt 0.564697 0.176758
vt 0.597656 0.135986
vt 0.541016 0.220703
vt 0.531250 0.198975
vt 0.522217 0.213135
vt 0.531982 0.231445
vt 0.526123 0.237549
vt 0.527832 0.253174
vt 0.517578 0.244141
vt 0.512207 0.235840
vt 0.510010 0.225098
vt 0.499268 0.231934
vt 0.497559 0.227783
vt 0.500732 0.214355
vt 0.487061 0.216064
vt 0.487549 0.205811
vt 0.505615 0.203125
vt 0.497070 0.195801
vt 0.480225 0.202637
vt 0.477295 0.191162
vt 0.487305 0.187500
vt 0.513428 0.198975
vt 0.520020 0.187988
vt 0.532471 0.167725
vt 0.563232 0.148193
vt 0.509766 0.184570
vt 0.502441 0.181641
vt 0.510254 0.166260
vt 0.513672 0.144775
vt 0.492432 0.177490
vt 0.478760 0.178223
vt 0.504395 0.149414
vt 0.486084 0.171143
vt 0.470215 0.171631
vt 0.482910 0.159912
vt 0.477783 0.168701
vt 0.474365 0.165283
vt 0.008301 0.075684
vt 0.001221 0.072266
vt 0.018799 0.044189
vt 0.021240 0.075439
vt 0.010986 0.043457
vt 0.002930 0.044922
vt 0.006836 0.039307
vt 0.414795 0.021240
vt 0.410400 0.029053
vt 0.405762 0.024170
vt 0.406006 0.019775
vt 0.418701 0.023438
vt 0.416504 0.030518
vt 0.425781 0.022217
vt 0.418701 0.015869
vt 0.413574 0.014404
vt 0.420654 0.007080
vt 0.411377 0.007568
vt 0.407715 0.014404
vt 0.402100 0.020996
vt 0.408203 0.009521
vt 0.403564 0.013916
vt 0.405762 0.007568
vt 0.515625 0.983398
vt 0.506836 0.983398
vt 0.512939 0.978271
vt 0.510986 0.976074
vt 0.513184 0.971924
vt 0.514648 0.975098
vt 0.249756 0.227295
vt 0.283203 0.204834
vt 0.268311 0.246582
vt 0.326416 0.235352
vt 0.384033 0.215820
vt 0.378174 0.291016
vt 0.338135 0.285645
vt 0.292236 0.299561
vt 0.314453 0.339355
vt 0.278320 0.360107
vt 0.262451 0.286377
vt 0.268066 0.324951
vt 0.257568 0.344238
vt 0.267578 0.367676
vt 0.256836 0.315918
vt 0.253174 0.258545
vt 0.252930 0.294434
vt 0.247803 0.252441
vt 0.251709 0.344971
vt 0.258545 0.372314
vt 0.232666 0.347168
vt 0.253418 0.320312
vt 0.248047 0.296387
vt 0.233154 0.290039
vt 0.242676 0.226318
vt 0.251953 0.217041
vt 0.246094 0.218262
vt 0.251709 0.208740
vt 0.220459 0.219482
vt 0.225098 0.210938
vt 0.232666 0.239258
vt 0.222412 0.229004
vt 0.189209 0.217529
vt 0.191406 0.208984
vt 0.184082 0.211670
vt 0.159424 0.208252
vt 0.137939 0.214600
vt 0.210205 0.257568
vt 0.197021 0.233154
vt 0.179932 0.227295
vt 0.137451 0.225342
vt 0.156250 0.250000
vt 0.115967 0.232422
vt 0.113281 0.254883
vt 0.116699 0.278076
vt 0.124756 0.289795
vt 0.109375 0.288086
vt 0.109131 0.295898
vt 0.111328 0.309082
vt 0.184082 0.250977
vt 0.177246 0.276855
vt 0.196533 0.239014
vt 0.196045 0.263428
vt 0.153320 0.295410
vt 0.195312 0.272705
vt 0.139160 0.314453
vt 0.107666 0.321777
vt 0.195068 0.281982
vt 0.181641 0.299561
vt 0.142822 0.324951
vt 0.114502 0.337891
vt 0.178223 0.318848
vt 0.204102 0.297607
vt 0.203613 0.277832
vt 0.212646 0.288818
vt 0.218994 0.307861
vt 0.200684 0.314209
vt 0.218018 0.322021
vt 0.225342 0.325439
vt 0.209473 0.330078
vt 0.200195 0.327393
vt 0.210205 0.341797
vt 0.224121 0.346191
vt 0.220459 0.361084
vt 0.201416 0.351074
vt 0.200439 0.364746
vt 0.172852 0.347168
vt 0.140625 0.360840
vt 0.152100 0.371826
vt 0.113037 0.370117
vt 0.110107 0.361816
vt 0.104736 0.351074
vt 0.136719 0.345215
vt 0.172119 0.334717
vt 0.703613 0.941895
vt 0.684814 0.916016
vt 0.692627 0.910400
vt 0.676270 0.926758
vt 0.670898 0.913086
vt 0.666504 0.906738
vt 0.665771 0.916016
vt 0.657715 0.918701
vt 0.666748 0.923096
vt 0.651367 0.895752
vt 0.642822 0.929688
vt 0.660156 0.930176
vt 0.652588 0.933105
vt 0.668213 0.938721
vt 0.647461 0.942139
vt 0.631592 0.949707
vt 0.641602 0.955078
vt 0.659668 0.941895
vt 0.648438 0.954834
vt 0.648682 0.964600
vt 0.662109 0.968750
vt 0.653076 0.948486
vt 0.663818 0.958984
vt 0.697510 0.991211
vt 0.665771 0.949463
vt 0.210693 0.756592
vt 0.206543 0.758057
vt 0.204590 0.750244
vt 0.189209 0.748535
vt 0.216797 0.749756
vt 0.219482 0.757080
vt 0.229492 0.754150
vt 0.220215 0.738525
vt 0.208008 0.745605
vt 0.182129 0.731689
vt 0.141846 0.729980
vt 0.196777 0.729736
vt 0.194580 0.717529
vt 0.235840 0.733887
vt 0.147461 0.705322
vt 0.142334 0.710693
vt 0.202881 0.708008
vt 0.253906 0.732910
vt 0.154541 0.690430
vt 0.129883 0.706299
vt 0.113770 0.729736
vt 0.101074 0.713135
vt 0.132324 0.695312
vt 0.152100 0.698486
vt 0.136719 0.685303
vt 0.939209 0.717773
vt 0.934814 0.730469
vt 0.928955 0.716309
vt 0.922607 0.727539
vt 0.911621 0.733643
vt 0.921631 0.718750
vt 0.919434 0.705078
vt 0.934814 0.711426
vt 0.914795 0.715576
vt 0.923340 0.688721
vt 0.912109 0.719971
vt 0.898682 0.717285
vt 0.903564 0.724121
vt 0.899658 0.732178
vt 0.887695 0.735352
vt 0.892822 0.722656
vt 0.888672 0.719238
vt 0.889648 0.701416
vt 0.909912 0.691406
vt 0.920166 0.675049
vt 0.906006 0.686523
vt 0.892090 0.692627
vt 0.885498 0.687500
vt 0.915527 0.664551
vt 0.938232 0.618896
vt 0.888672 0.646484
vt 0.874512 0.673340
vt 0.859619 0.662354
vt 0.863770 0.681885
vt 0.870850 0.681885
vt 0.865479 0.692871
vt 0.876221 0.691406
vt 0.878418 0.699463
vt 0.868408 0.701416
vt 0.875244 0.709717
vt 0.880127 0.724854
vt 0.875977 0.729248
vt 0.869385 0.725830
vt 0.868896 0.716553
vt 0.863281 0.720459
vt 0.858643 0.703857
vt 0.855713 0.698242
vt 0.850586 0.707031
vt 0.907471 0.250244
vt 0.898926 0.274414
vt 0.896973 0.253662
vt 0.922363 0.236084
vt 0.918701 0.257812
vt 0.907471 0.273682
vt 0.916504 0.278320
vt 0.907959 0.285400
vt 0.906006 0.293945
vt 0.891602 0.277588
vt 0.888428 0.260498
vt 0.881348 0.254883
vt 0.890869 0.256836
vt 0.878418 0.262451
vt 0.882324 0.271240
vt 0.879883 0.280762
vt 0.870850 0.269287
vt 0.871826 0.280273
vt 0.849365 0.270752
vt 0.810791 0.273682
vt 0.359619 0.983643
vt 0.361328 0.975586
vt 0.366699 0.982178
vt 0.369141 0.976318
vt 0.367920 0.968506
vt 0.353760 0.971924
vt 0.352295 0.986084
vt 0.363281 0.992188
vt 0.373535 0.977295
vt 0.373535 0.966064
vt 0.368164 0.985596
vt 0.374023 0.985107
vt 0.986816 0.585449
vt 0.991455 0.592285
vt 0.983154 0.603760
vt 0.993408 0.603027
vt 0.987305 0.611084
vt 0.999756 0.585205
vt 0.994385 0.577881
vt 0.999756 0.572021
vt 0.981445 0.567871
vt 0.973389 0.601807
vt 0.979736 0.615967
vt 0.954346 0.568604
vt 0.956543 0.609863
vt 0.036133 0.055908
vt 0.026123 0.037109
vt 0.034180 0.039551
vt 0.033936 0.026855
vt 0.040283 0.039795
vt 0.041260 0.032227
vt 0.058838 0.022461
vt 0.027100 0.022705
vt 0.053223 0.040771
vt 0.062988 0.035889
vt 0.058105 0.045166
vt 0.070068 0.047852
vt 0.076416 0.036865
vt 0.095703 0.033936
vt 0.082764 0.041016
vt 0.073975 0.057861
vt 0.025391 0.066162
vt 0.089844 0.045898
vt 0.107178 0.047607
vt 0.113281 0.036377
vt 0.112549 0.056885
vt 0.712891 0.960449
vt 0.745850 0.937988
vt 0.758545 0.943359
vt 0.779541 0.986084
vt 0.765625 0.924805
vt 0.769043 0.939697
vt 0.778809 0.936035
vt 0.779785 0.921143
vt 0.792480 0.929932
vt 0.789062 0.917480
vt 0.697754 0.021729
vt 0.703613 0.021240
vt 0.702148 0.027832
vt 0.709229 0.030518
vt 0.698975 0.030273
vt 0.702148 0.033691
vt 0.698730 0.041504
vt 0.693359 0.033936
vt 0.689453 0.037354
vt 0.685059 0.027588
vt 0.691406 0.005859
vt 0.680908 0.012939
vt 0.674316 0.019287
vt 0.669434 0.009521
vt 0.667236 0.015869
vt 0.675293 0.029053
vt 0.677979 0.032715
vt 0.748047 0.054932
vt 0.734863 0.059814
vt 0.728027 0.057129
vt 0.738281 0.071289
vt 0.697998 0.065186
vt 0.703613 0.047363
vt 0.714844 0.040283
vt 0.723145 0.068604
vt 0.731689 0.036133
vt 0.714600 0.025391
vt 0.726074 0.073975
vt 0.717041 0.078613
vt 0.726807 0.081787
vt 0.724609 0.087158
vt 0.718994 0.087158
vt 0.735352 0.090332
vt 0.751709 0.086914
vt 0.769043 0.093018
vt 0.758057 0.099121
vt 0.789551 0.067383
vt 0.797607 0.055420
vt 0.776611 0.039307
vt 0.822266 0.051758
vt 0.841309 0.055664
vt 0.842529 0.067627
vt 0.825684 0.084473
vt 0.835449 0.104980
vt 0.792725 0.101318
vt 0.770020 0.101318
vt 0.778076 0.109375
vt 0.824707 0.105957
vt 0.813965 0.115967
vt 0.831787 0.121826
vt 0.841309 0.129639
vt 0.868164 0.837891
vt 0.881592 0.831055
vt 0.889404 0.834473
vt 0.887939 0.839844
vt 0.873047 0.826904
vt 0.853516 0.846436
vt 0.883057 0.822998
vt 0.857910 0.814209
vt 0.829590 0.829346
vt 0.896973 0.817871
vt 0.901367 0.840088
vt 0.908691 0.846191
vt 0.877930 0.813721
vt 0.881836 0.802246
vt 0.820801 0.839844
vt 0.821533 0.843506
vt 0.813477 0.838379
vt 0.816895 0.827637
vt 0.788086 0.855225
vt 0.816162 0.818848
vt 0.785889 0.826904
vt 0.828125 0.806152
vt 0.855225 0.775879
vt 0.801025 0.764404
vt 0.845947 0.757812
vt 0.844727 0.709473
vt 0.864502 0.752686
vt 0.876709 0.768555
vt 0.905762 0.767822
vt 0.869629 0.793213
vt 0.891357 0.777344
vt 0.910889 0.781738
vt 0.880371 0.779785
vt 0.882080 0.792725
vt 0.877441 0.788330
vt 0.875732 0.801514
vt 0.870605 0.809082
vt 0.642578 0.970215
vt 0.639648 0.974365
vt 0.635498 0.959473
vt 0.645020 0.976562
vt 0.652344 0.971924
vt 0.656982 0.979980
vt 0.647705 0.981201
vt 0.637695 0.983154
vt 0.652344 0.991943
vt 0.180664 0.000000
vt 0.180664 0.017822
vt 0.169678 0.000244
vt 0.161621 0.002930
vt 0.160645 0.017334
vt 0.143799 0.001709
vt 0.144043 0.015137
vt 0.129150 0.000732
vt 0.201904 0.433838
vt 0.211182 0.368164
vt 0.241455 0.397705
vt 0.239990 0.460449
vt 0.168945 0.410156
vt 0.163574 0.450928
vt 0.177490 0.488281
vt 0.130127 0.471436
vt 0.210449 0.482178
vt 0.239746 0.487549
vt 0.261963 0.487793
vt 0.143799 0.493408
vt 0.126953 0.486816
vt 0.131592 0.493896
vt 0.186279 0.500732
vt 0.160156 0.502441
vt 0.163574 0.520752
vt 0.103271 0.525391
vt 0.194336 0.506104
vt 0.124512 0.530762
vt 0.202637 0.499023
vt 0.202393 0.510742
vt 0.217285 0.494873
vt 0.212402 0.504150
vt 0.213135 0.520264
vt 0.218750 0.503906
vt 0.238037 0.496094
vt 0.224854 0.502441
vt 0.222900 0.506348
vt 0.236328 0.514160
vt 0.226562 0.510742
vt 0.218506 0.527588
vt 0.208984 0.548584
vt 0.223145 0.534424
vt 0.215332 0.555664
vt 0.219482 0.557373
vt 0.224365 0.551270
vt 0.219727 0.567627
vt 0.212891 0.571777
vt 0.223389 0.567383
vt 0.197754 0.539062
vt 0.231445 0.555176
vt 0.237793 0.548096
vt 0.244873 0.561279
vt 0.223389 0.580078
vt 0.245850 0.536377
vt 0.256592 0.546387
vt 0.255859 0.527832
vt 0.252197 0.510498
vt 0.259277 0.525146
vt 0.254395 0.499023
vt 0.257080 0.507568
vt 0.262451 0.545410
vt 0.266113 0.562500
vt 0.267578 0.525879
vt 0.261963 0.566406
vt 0.261963 0.504395
vt 0.279053 0.514893
vt 0.267090 0.496582
vt 0.258301 0.493652
vt 0.241699 0.568604
vt 0.229492 0.569580
vt 0.243896 0.574463
vt 0.256592 0.573975
vt 0.260010 0.578369
vt 0.265137 0.585205
vt 0.256104 0.588135
vt 0.232178 0.583740
vt 0.241943 0.587402
vt 0.241943 0.594971
vt 0.248779 0.609375
vt 0.258057 0.605713
vt 0.239014 0.604248
vt 0.246094 0.620361
vt 0.259033 0.629883
vt 0.221436 0.592773
vt 0.257812 0.629639
vt 0.252930 0.628662
vt 0.246826 0.625488
vt 0.243652 0.625977
vt 0.249512 0.630859
vt 0.239502 0.613037
vt 0.229004 0.602295
vt 0.231934 0.614258
vt 0.237305 0.632324
vt 0.224854 0.616699
vt 0.229248 0.633789
vt 0.219727 0.622559
vt 0.213867 0.607422
vt 0.210938 0.640381
vt 0.203369 0.631836
vt 0.207031 0.577148
vt 0.204834 0.594971
vt 0.198975 0.566406
vt 0.190430 0.615479
vt 0.195312 0.634766
vt 0.172852 0.591797
vt 0.191406 0.556396
vt 0.176270 0.566650
vt 0.176270 0.556152
vt 0.164062 0.546631
vt 0.154297 0.555420
vt 0.145020 0.545410
vt 0.150146 0.572754
vt 0.137695 0.536377
vt 0.145020 0.558105
vt 0.133301 0.574463
vt 0.145752 0.627197
vt 0.125000 0.569092
vt 0.117188 0.561768
vt 0.112061 0.607910
vt 0.124023 0.616211
vt 0.114014 0.653809
vt 0.101074 0.643555
vt 0.120117 0.649170
vt 0.135498 0.633301
vt 0.143066 0.647217
vt 0.140381 0.654297
vt 0.150146 0.641602
vt 0.152100 0.645752
vt 0.157715 0.645996
vt 0.154785 0.628174
vt 0.156006 0.639404
vt 0.173340 0.625244
vt 0.161377 0.634033
vt 0.162109 0.640869
vt 0.167969 0.638916
vt 0.172119 0.641113
vt 0.178467 0.633057
vt 0.181641 0.638916
vt 0.188721 0.631592
vt 0.185303 0.640625
vt 0.192627 0.642090
vt 0.683350 0.125732
vt 0.677246 0.120605
vt 0.687256 0.112061
vt 0.675537 0.125244
vt 0.670898 0.119385
vt 0.667480 0.131836
vt 0.668213 0.111328
vt 0.665283 0.120361
vt 0.690186 0.131348
vt 0.656982 0.117188
vt 0.683350 0.091309
vt 0.651367 0.109619
vt 0.704590 0.098145
vt 0.701904 0.118164
vt 0.694092 0.081299
vt 0.700928 0.084717
vt 0.694092 0.138916
vt 0.699463 0.143555
vt 0.687500 0.137695
vt 0.690186 0.143066
vt 0.680664 0.138916
vt 0.689209 0.147217
vt 0.693848 0.154053
vt 0.674561 0.143066
vt 0.688232 0.158936
vt 0.699707 0.169678
vt 0.660889 0.140137
vt 0.655762 0.158203
vt 0.663330 0.166748
vt 0.690674 0.170654
vt 0.695312 0.183350
vt 0.701660 0.175537
vt 0.701416 0.185059
vt 0.699219 0.194336
vt 0.708252 0.197021
vt 0.638184 0.155518
vt 0.650635 0.130615
vt 0.648438 0.122314
vt 0.629639 0.117188
vt 0.639648 0.114502
vt 0.615234 0.111328
vt 0.643555 0.109619
vt 0.638184 0.102295
vt 0.629639 0.104980
vt 0.622314 0.104004
vt 0.616943 0.100586
vt 0.609131 0.100098
vt 0.622070 0.091797
vt 0.611816 0.074219
vt 0.638916 0.086670
vt 0.627686 0.072021
vt 0.659180 0.091309
vt 0.646729 0.074951
vt 0.618896 0.054932
vt 0.613770 0.060547
vt 0.606689 0.049805
vt 0.625000 0.051758
vt 0.607666 0.045654
vt 0.592285 0.046143
vt 0.586914 0.036133
vt 0.615967 0.045410
vt 0.607666 0.033936
vt 0.589844 0.025146
vt 0.603760 0.025391
vt 0.610596 0.029053
vt 0.621094 0.040283
vt 0.619141 0.031982
vt 0.611816 0.025635
vt 0.632568 0.038574
vt 0.607910 0.018799
vt 0.642822 0.046631
vt 0.625000 0.011719
vt 0.630859 0.062256
vt 0.644043 0.055908
vt 0.659424 0.031006
vt 0.673340 0.037598
vt 0.649902 0.068848
vt 0.661377 0.065430
vt 0.674316 0.062500
vt 0.693604 0.046387
vt 0.689453 0.066406
vt 0.669678 0.077148
vt 0.668945 0.083252
vt 0.679443 0.077393
vt 0.685303 0.082031
vt 0.030762 0.879150
vt 0.015381 0.871094
vt 0.028076 0.860596
vt 0.014404 0.890381
vt 0.037598 0.866211
vt 0.042236 0.874512
vt 0.067139 0.866699
vt 0.062256 0.880859
vt 0.031738 0.899170
vt 0.050781 0.891602
vt 0.017090 0.908447
vt 0.072266 0.897461
vt 0.037354 0.920654
vt 0.051758 0.901855
vt 0.046875 0.903320
vt 0.024902 0.925049
vt 0.058350 0.909912
vt 0.057861 0.918457
vt 0.049072 0.926025
vt 0.066406 0.921143
vt 0.011963 0.933594
vt 0.023682 0.934814
vt 0.029297 0.942139
vt 0.046387 0.940918
vt 0.058105 0.935791
vt 0.064453 0.930176
vt 0.075928 0.930420
vt 0.062744 0.939697
vt 0.865234 0.211426
vt 0.840576 0.251465
vt 0.853760 0.216553
vt 0.842529 0.197754
vt 0.861084 0.198242
vt 0.840088 0.220215
vt 0.852539 0.190186
vt 0.857666 0.184570
vt 0.841797 0.186768
vt 0.843750 0.168945
vt 0.859863 0.161377
vt 0.824707 0.170410
vt 0.823242 0.186523
vt 0.826416 0.198486
vt 0.806885 0.195801
vt 0.811279 0.183594
vt 0.804199 0.171875
vt 0.813477 0.200928
vt 0.800293 0.207764
vt 0.824219 0.209717
vt 0.817627 0.223145
vt 0.806641 0.235596
vt 0.826660 0.240234
vt 0.813965 0.255127
vt 0.809326 0.153320
vt 0.797852 0.157715
vt 0.822998 0.155518
vt 0.814453 0.147217
vt 0.808350 0.134277
vt 0.822266 0.134033
vt 0.829590 0.150146
vt 0.838867 0.154785
vt 0.842285 0.142578
vt 0.855713 0.147461
vt 0.863037 0.151367
vt 0.852783 0.132812
vt 0.860596 0.131104
vt 0.867920 0.107422
vt 0.598389 0.816406
vt 0.577148 0.805908
vt 0.622803 0.797363
vt 0.627197 0.849121
vt 0.657959 0.840088
vt 0.642822 0.802490
vt 0.666748 0.847900
vt 0.596680 0.768311
vt 0.663574 0.827148
vt 0.636719 0.766113
vt 0.657959 0.803223
vt 0.646729 0.778564
vt 0.621582 0.750488
vt 0.628662 0.750488
vt 0.638672 0.758057
vt 0.634033 0.742432
vt 0.641846 0.747070
vt 0.648926 0.758301
vt 0.674072 0.745361
vt 0.659912 0.731445
vt 0.672607 0.728516
vt 0.668701 0.738281
vt 0.678223 0.739746
vt 0.683838 0.745850
vt 0.681885 0.767822
vt 0.662598 0.768311
vt 0.673340 0.784180
vt 0.659180 0.776123
vt 0.700195 0.777100
vt 0.663574 0.788818
vt 0.678223 0.792236
vt 0.693848 0.786865
vt 0.672363 0.802246
vt 0.683350 0.801270
vt 0.698242 0.793945
vt 0.702881 0.791992
vt 0.704102 0.801025
vt 0.712402 0.799072
vt 0.689697 0.808838
vt 0.715088 0.804199
vt 0.712402 0.810547
vt 0.709229 0.816406
vt 0.719482 0.813721
vt 0.716553 0.820557
vt 0.734619 0.820557
vt 0.709473 0.823242
vt 0.692627 0.824707
vt 0.681885 0.818604
vt 0.684814 0.828369
vt 0.677002 0.809082
vt 0.674561 0.822998
vt 0.666992 0.810547
vt 0.981445 0.621826
vt 0.996094 0.620605
vt 0.986572 0.647217
vt 0.970215 0.624512
vt 0.974365 0.648682
vt 0.995361 0.694336
vt 0.984131 0.705811
vt 0.951660 0.651367
vt 0.958740 0.617676
vt 0.958008 0.723877
vt 0.939453 0.706055
vt 0.932129 0.683350
vt 0.930664 0.662354
vt 0.934326 0.655029
vt 0.928711 0.651855
vt 0.572021 0.009277
vt 0.579102 0.003174
vt 0.580078 0.009766
vt 0.588379 0.006348
vt 0.588135 0.017090
vt 0.578125 0.017334
vt 0.572266 0.020508
vt 0.582520 0.023682
vt 0.519531 0.014404
vt 0.526611 0.017090
vt 0.520996 0.024902
vt 0.511475 0.018311
vt 0.525635 0.008301
vt 0.510498 0.009277
vt 0.518311 0.008301
vt 0.516846 0.000977
vt 0.760010 0.011475
vt 0.754883 0.019287
vt 0.750488 0.007568
vt 0.743408 0.023438
vt 0.760010 0.030518
vt 0.750488 0.025879
vt 0.747803 0.032959
vt 0.708496 0.003906
vt 0.719727 0.007568
vt 0.711914 0.011963
vt 0.721191 0.016113
vt 0.706055 0.015381
vt 0.713867 0.020996
vt 0.708984 0.987061
vt 0.721191 0.984131
vt 0.720947 0.991211
vt 0.729736 0.988037
vt 0.714355 0.977783
vt 0.712646 0.967285
vt 0.725830 0.979004
vt 0.729492 0.973877
vt 0.719482 0.975098
vt 0.504395 0.973877
vt 0.496826 0.987061
vt 0.495605 0.965332
vt 0.789551 0.938477
vt 0.789551 0.958008
vt 0.784180 0.943604
vt 1.000000 0.963623
vt 0.994141 0.965332
vt 0.997559 0.954102
vt 0.997070 0.970703
vt 0.037598 0.146973
vt 0.000000 0.184326
vt 0.014648 0.133057
vt 0.039062 0.138184
vt 0.063477 0.176025
vt 0.035889 0.213867
vt 0.021729 0.468506
vt 0.072998 0.398193
vt 0.068359 0.465576
vt 0.928467 0.750244
vt 0.904297 0.755127
vt 0.909180 0.741943
vt 0.934326 0.762939
vt 0.946777 0.740967
vt 0.944580 0.731201
vt 0.954346 0.740479
vt 0.937012 0.769775
vt 0.911621 0.764404
vt 0.966064 0.751221
vt 0.989746 0.731934
vt 0.964844 0.786377
vt 0.928955 0.792236
vt 0.984375 0.758789
vt 0.994873 0.758301
vt 0.975098 0.792236
vt 0.993164 0.826660
vt 0.507080 0.900391
vt 0.495850 0.949951
vt 0.489014 0.911377
vt 0.479492 0.957031
vt 0.483398 0.975586
vt 0.447998 0.961670
vt 0.471191 0.934570
vt 0.481201 0.909668
vt 0.460449 0.940430
vt 0.453369 0.951416
vt 0.430176 0.942871
vt 0.439209 0.959961
vt 0.370361 0.001465
vt 0.344482 0.001465
vt 0.314941 0.000000
vt 0.799072 0.017822
vt 0.801514 0.024902
vt 0.793945 0.021484
vt 0.807129 0.016846
vt 0.794434 0.011475
vt 0.801758 0.010742
vt 0.115479 0.213623
vt 0.124756 0.208496
vt 0.104248 0.229980
vt 0.105713 0.218750
vt 0.111328 0.208496
vt 0.083740 0.208008
vt 0.075684 0.193604
vt 0.077881 0.211426
vt 0.061768 0.206055
vt 0.056396 0.197021
vt 0.054688 0.210205
vt 0.068604 0.241699
vt 0.100098 0.262451
vt 0.045654 0.237305
vt 0.062744 0.247803
vt 0.072998 0.260742
vt 0.111084 0.275391
vt 0.075928 0.274902
vt 0.050293 0.250977
vt 0.039795 0.244141
vt 0.056152 0.262695
vt 0.085693 0.301025
vt 0.039307 0.250977
vt 0.048828 0.270752
vt 0.790527 0.109863
vt 0.799805 0.121826
vt 0.792725 0.133057
vt 0.774658 0.138184
vt 0.784912 0.162354
vt 0.757324 0.170166
vt 0.749023 0.113037
vt 0.782227 0.170166
vt 0.790771 0.180908
vt 0.725342 0.170410
vt 0.793945 0.200684
vt 0.725586 0.198486
vt 0.718018 0.192139
vt 0.714355 0.201172
vt 0.733154 0.211426
vt 0.719971 0.219971
vt 0.743408 0.213135
vt 0.753418 0.224121
vt 0.797607 0.239990
vt 0.736572 0.218018
vt 0.752686 0.241943
vt 0.802246 0.261475
vt 0.777832 0.271729
vt 0.728516 0.229492
vt 0.727051 0.244629
vt 0.737061 0.259766
vt 0.774658 0.276367
vt 0.739014 0.274658
vt 0.720459 0.241943
vt 0.724365 0.254150
vt 0.726562 0.269287
vt 0.711426 0.237305
vt 0.714111 0.250732
vt 0.720215 0.260010
vt 0.714844 0.263184
vt 0.709961 0.257812
vt 0.703369 0.250244
vt 0.702637 0.261963
vt 0.708252 0.248291
vt 0.691406 0.249023
vt 0.700684 0.240479
vt 0.697021 0.233643
vt 0.678711 0.235840
vt 0.700195 0.217285
vt 0.689453 0.228516
vt 0.696533 0.211914
vt 0.687256 0.218262
vt 0.678711 0.226807
vt 0.662109 0.234619
vt 0.671875 0.218262
vt 0.678711 0.219238
vt 0.681152 0.212402
vt 0.973389 0.148682
vt 0.975830 0.140869
vt 0.984131 0.149902
vt 0.979248 0.164307
vt 0.990723 0.162109
vt 0.977295 0.131104
vt 0.966309 0.156982
vt 0.985107 0.182861
vt 0.966064 0.130127
vt 0.949707 0.122314
vt 0.963867 0.117920
vt 0.952148 0.113525
vt 0.971436 0.120361
vt 0.963379 0.101562
vt 0.970703 0.103027
vt 0.980957 0.101074
vt 0.973633 0.084717
vt 0.987061 0.079346
vt 0.975586 0.071289
vt 0.019043 0.767090
vt 0.003174 0.718262
vt 0.070068 0.736816
vt 0.490967 0.489990
vt 0.489258 0.438721
vt 0.520264 0.461670
vt 0.515625 0.397461
vt 0.483643 0.390625
vt 0.500244 0.370117
vt 0.446045 0.419434
vt 0.422363 0.450439
vt 0.402588 0.412354
vt 0.435791 0.395752
vt 0.482666 0.374756
vt 0.498779 0.365723
vt 0.449707 0.383789
vt 0.420166 0.388916
vt 0.394043 0.395508
vt 0.394043 0.390869
vt 0.433350 0.386963
vt 0.444580 0.377197
vt 0.481689 0.370117
vt 0.429932 0.384033
vt 0.432373 0.358398
vt 0.418457 0.381592
vt 0.387207 0.374268
vt 0.411133 0.363281
vt 0.394775 0.364746
vt 0.491699 0.340332
vt 0.474121 0.342041
vt 0.504150 0.347168
vt 0.394287 0.350098
vt 0.381104 0.354736
vt 0.425293 0.353271
vt 0.374756 0.326172
vt 0.365967 0.346924
vt 0.349365 0.322021
vt 0.382568 0.309082
vt 0.360352 0.300537
vt 0.403564 0.341797
vt 0.394287 0.300781
vt 0.385254 0.278809
vt 0.401855 0.287598
vt 0.420166 0.339844
vt 0.437012 0.347900
vt 0.446289 0.340332
vt 0.436279 0.337891
vt 0.426025 0.317871
vt 0.440430 0.320801
vt 0.413086 0.281738
vt 0.393066 0.268555
vt 0.423340 0.281006
vt 0.410156 0.266113
vt 0.430908 0.273926
vt 0.447754 0.316895
vt 0.454346 0.330811
vt 0.464355 0.309082
vt 0.435791 0.271484
vt 0.469482 0.329590
vt 0.487549 0.328125
vt 0.453369 0.259766
vt 0.492676 0.324707
vt 0.488037 0.316650
vt 0.478027 0.286133
vt 0.467773 0.260254
vt 0.481934 0.268311
vt 0.470703 0.257568
vt 0.489990 0.288574
vt 0.488770 0.262207
vt 0.496338 0.288330
vt 0.492920 0.256348
vt 0.499756 0.249756
vt 0.500000 0.314209
vt 0.502686 0.292725
vt 0.509033 0.275391
vt 0.509521 0.250732
vt 0.515869 0.261719
vt 0.517334 0.281982
vt 0.522705 0.256348
vt 0.509277 0.299561
vt 0.517090 0.292725
vt 0.506104 0.313232
vt 0.513428 0.312256
vt 0.506836 0.324219
vt 0.514160 0.327148
vt 0.511230 0.345459
vt 0.339355 0.980225
vt 0.333496 0.975586
vt 0.342773 0.973633
vt 0.343994 0.983643
vt 0.336670 0.969971
vt 0.325439 0.974609
vt 0.325684 0.984619
vt 0.337158 0.985596
vt 0.332520 0.992188
vt 0.512451 0.858643
vt 0.516602 0.847900
vt 0.527832 0.850586
vt 0.502197 0.844971
vt 0.523926 0.845459
vt 0.489258 0.863037
vt 0.516602 0.839600
vt 0.487061 0.847168
vt 0.528564 0.842041
vt 0.466309 0.854980
vt 0.515869 0.828613
vt 0.505371 0.832275
vt 0.499512 0.837158
vt 0.502197 0.823975
vt 0.538086 0.832764
vt 0.493164 0.830322
vt 0.493164 0.824951
vt 0.486572 0.831543
vt 0.478027 0.836914
vt 0.451904 0.845215
vt 0.465088 0.822754
vt 0.483154 0.818115
vt 0.485840 0.812256
vt 0.493164 0.813477
vt 0.475098 0.808594
vt 0.480469 0.799316
vt 0.468018 0.796631
vt 0.439941 0.005859
vt 0.442383 0.012451
vt 0.433594 0.011719
vt 0.440430 0.017578
vt 0.428955 0.005859
vt 0.431396 0.019043
vt 0.428711 0.012695
vt 0.515869 0.929443
vt 0.508545 0.920654
vt 0.515137 0.891846
vt 0.233887 0.004883
vt 0.237305 0.017090
vt 0.185059 0.014893
vt 0.536865 0.853027
vt 0.541016 0.846924
vt 0.552002 0.846436
vt 0.550537 0.840820
vt 0.536865 0.842285
vt 0.560303 0.846680
vt 0.560791 0.838135
vt 0.565430 0.828857
vt 0.572266 0.836914
vt 0.566650 0.834473
vt 0.579590 0.829346
vt 0.582275 0.837402
vt 0.657471 0.009033
vt 0.656982 0.023438
vt 0.648926 0.015381
vt 0.642822 0.009033
vt 0.649170 0.024170
vt 0.643799 0.033447
vt 0.643066 0.020996
vt 0.638672 0.021973
vt 0.066650 0.776611
vt 0.050537 0.784180
vt 0.041504 0.775146
vt 0.058350 0.757568
vt 0.031982 0.767090
vt 0.069336 0.787842
vt 0.066162 0.798828
vt 0.011719 0.786621
vt 0.039307 0.798096
vt 0.061035 0.816406
vt 0.026123 0.801514
vt 0.021973 0.818604
vt 0.044922 0.816406
vt 0.044678 0.833740
vt 0.161621 0.376953
vt 0.167236 0.393311
vt 0.148193 0.398438
vt 0.140625 0.392578
vt 0.159912 0.408936
vt 0.182617 0.393799
vt 0.134521 0.406250
vt 0.128662 0.424316
vt 0.125732 0.397949
vt 0.121826 0.388916
vt 0.105713 0.397949
vt 0.117676 0.407959
vt 0.097900 0.412598
vt 0.083496 0.400879
vt 0.086426 0.420654
vt 0.114014 0.422119
vt 0.102051 0.428223
vt 0.086670 0.434814
vt 0.118408 0.427002
vt 0.120605 0.439941
vt 0.127686 0.454102
vt 0.112793 0.441162
vt 0.105469 0.447754
vt 0.116699 0.449463
vt 0.116699 0.462891
vt 0.086914 0.451172
vt 0.075195 0.440918
vt 0.102783 0.464844
vt 0.114746 0.476074
vt 0.081787 0.468262
vt 0.074219 0.460449
vt 0.101318 0.482666
vt 0.113770 0.490723
vt 0.078369 0.484375
vt 0.747803 0.898438
vt 0.736572 0.905273
vt 0.724854 0.898682
vt 0.725586 0.906494
vt 0.744141 0.885986
vt 0.729492 0.912354
vt 0.717529 0.912354
vt 0.713135 0.892578
vt 0.766357 0.899414
vt 0.705078 0.881104
vt 0.758789 0.907227
vt 0.768066 0.909180
vt 0.763428 0.918213
vt 0.747559 0.915771
vt 0.748779 0.927734
vt 0.735840 0.927246
vt 0.741211 0.912598
vt 0.733887 0.916260
vt 0.727295 0.923828
vt 0.734375 0.935547
vt 0.716797 0.933594
vt 0.679443 0.900635
vt 0.705078 0.904297
vt 0.699951 0.896240
vt 0.686768 0.884766
vt 0.703369 0.891357
vt 0.691650 0.882080
vt 0.687012 0.874512
vt 0.673828 0.867188
vt 0.931152 0.546143
vt 0.939453 0.538086
vt 0.934570 0.549316
vt 0.915771 0.539062
vt 0.908447 0.530762
vt 0.913330 0.546143
vt 0.924072 0.555420
vt 0.923828 0.568115
vt 0.931152 0.560059
vt 0.935791 0.556641
vt 0.950195 0.562988
vt 0.933594 0.569824
vt 0.928467 0.578369
vt 0.917480 0.584717
vt 0.932861 0.587402
vt 0.923340 0.589355
vt 0.949463 0.598145
vt 0.935791 0.598389
vt 0.960449 0.554443
vt 0.963867 0.563477
vt 0.959473 0.542725
vt 0.926270 0.595947
vt 0.916504 0.606201
vt 0.927490 0.607910
vt 0.931152 0.602051
vt 0.933350 0.614014
vt 0.966309 0.531006
vt 0.970947 0.542236
vt 0.938232 0.513916
vt 0.967529 0.513184
vt 0.971191 0.519287
vt 0.977295 0.523438
vt 0.491699 0.977051
vt 0.491699 0.987061
vt 0.485840 0.981445
vt 0.542725 0.980713
vt 0.549316 0.983154
vt 0.551514 0.995117
vt 0.555176 0.987793
vt 0.562256 0.989502
vt 0.553467 0.976074
vt 0.555420 0.969971
vt 0.559082 0.979736
vt 0.563965 0.976807
vt 0.675537 0.985596
vt 0.668701 0.995117
vt 0.666504 0.987549
vt 0.660889 0.991455
vt 0.666016 0.979004
vt 0.661133 0.984131
vt 0.734375 0.987793
vt 0.738037 0.977051
vt 0.740479 0.982666
vt 0.747559 0.980225
vt 0.743896 0.990234
vt 0.741455 0.995850
vt 0.749512 0.990967
vt 0.312500 0.982910
vt 0.310547 0.989014
vt 0.303955 0.980957
vt 0.316650 0.977783
vt 0.303467 0.992676
vt 0.318359 0.989014
vt 0.313965 0.995361
vt 0.470215 0.989746
vt 0.473145 0.984619
vt 0.477539 0.995117
vt 0.465576 0.993164
vt 0.481934 0.983154
vt 0.465332 0.983398
vt 0.470459 0.976807
vt 0.934814 0.033447
vt 0.934814 0.018799
vt 0.939941 0.026123
s 1
usemtl tripo_mat_67610a7a-6169-4340-88a0-e1eed7fc3cee
f 201/1 159/2 154/3
f 159/2 201/1 160/4
f 154/3 159/2 127/5
f 127/5 159/2 160/4
f 201/1 154/3 194/6
f 160/4 201/1 202/7
f 202/7 201/1 194/6
f 160/4 202/7 182/8
f 194/6 154/3 114/9
f 202/7 194/6 239/10
f 202/7 239/10 211/11
f 202/7 211/11 182/8
f 239/10 194/6 196/12
f 196/12 194/6 114/9
f 239/10 196/12 419/13
f 211/11 239/10 224/14
f 211/11 224/14 234/15
f 211/11 234/15 233/16
f 211/11 233/16 222/17
f 211/11 222/17 182/8
f 222/17 233/16 220/18
f 222/17 220/18 213/19
f 213/19 220/18 214/20
f 182/8 222/17 180/21
f 180/21 222/17 213/19
f 182/8 180/21 135/22
f 180/21 213/19 197/23
f 197/23 213/19 214/20
f 180/21 197/23 145/24
f 180/21 145/24 135/22
f 197/23 214/20 198/25
f 197/23 198/25 156/26
f 197/23 156/26 145/24
f 198/25 214/20 195/27
f 198/25 195/27 156/26
f 314/28 212/29 214/20
f 214/20 212/29 195/27
f 195/27 212/29 317/30
f 156/26 195/27 157/31
f 195/27 317/30 165/32
f 195/27 165/32 157/31
f 157/31 165/32 156/26
f 165/32 317/30 280/33
f 156/26 165/32 125/34
f 156/26 125/34 145/24
f 165/32 280/33 148/35
f 148/35 280/33 263/36
f 263/36 280/33 316/37
f 148/35 263/36 173/38
f 173/38 263/36 316/37
f 173/38 316/37 132/39
f 173/38 132/39 148/35
f 132/39 316/37 175/40
f 148/35 132/39 64/41
f 148/35 64/41 165/32
f 165/32 64/41 1213/42
f 165/32 1213/42 125/34
f 125/34 1213/42 76/43
f 125/34 76/43 145/24
f 76/43 1213/42 1186/44
f 145/24 76/43 61/45
f 61/45 76/43 1186/44
f 145/24 61/45 73/46
f 61/45 1186/44 1205/47
f 61/45 1205/47 73/46
f 1186/44 1213/42 1299/48
f 1299/48 1213/42 1311/49
f 1299/48 1311/49 1330/50
f 1186/44 1299/48 1294/51
f 1186/44 1294/51 1232/52
f 1186/44 1232/52 1205/47
f 1294/51 1299/48 1327/53
f 1327/53 1299/48 1330/50
f 1294/51 1327/53 1232/52
f 1232/52 1327/53 1205/47
f 1327/53 1330/50 1370/54
f 1327/53 1370/54 1374/55
f 1374/55 1370/54 1406/56
f 1205/47 1327/53 1277/57
f 1327/53 1374/55 1343/58
f 1327/53 1343/58 1277/57
f 1374/55 1406/56 1397/59
f 1374/55 1397/59 1343/58
f 1205/47 1277/57 1196/60
f 1205/47 1196/60 73/46
f 73/46 1196/60 1192/61
f 1192/61 1196/60 1277/57
f 73/46 1192/61 94/62
f 73/46 94/62 98/63
f 73/46 98/63 145/24
f 94/62 1192/61 95/64
f 94/62 95/64 98/63
f 145/24 98/63 135/22
f 95/64 1192/61 8/65
f 8/65 1192/61 1277/57
f 98/63 95/64 106/66
f 98/63 106/66 135/22
f 95/64 8/65 24/67
f 95/64 24/67 106/66
f 8/65 1277/57 1272/68
f 8/65 1272/68 24/67
f 1272/68 1277/57 1307/69
f 1272/68 1307/69 24/67
f 1307/69 1277/57 1343/58
f 139/70 135/22 106/66
f 139/70 106/66 24/67
f 135/22 139/70 150/71
f 135/22 150/71 182/8
f 182/8 150/71 160/4
f 160/4 150/71 127/5
f 150/71 139/70 137/72
f 150/71 137/72 127/5
f 137/72 139/70 24/67
f 127/5 137/72 25/73
f 25/73 137/72 24/67
f 127/5 25/73 1251/74
f 127/5 1251/74 11/75
f 127/5 11/75 154/3
f 1251/74 25/73 1313/76
f 1251/74 1313/76 11/75
f 154/3 11/75 114/9
f 25/73 24/67 1312/77
f 25/73 1312/77 1313/76
f 1312/77 24/67 1317/78
f 1317/78 24/67 1307/69
f 1317/78 1307/69 1341/79
f 1317/78 1341/79 1312/77
f 1341/79 1307/69 1343/58
f 1313/76 1312/77 1324/80
f 1324/80 1312/77 1341/79
f 1341/79 1343/58 1397/59
f 1341/79 1397/59 1390/81
f 1324/80 1341/79 1365/82
f 1365/82 1341/79 1390/81
f 1313/76 1324/80 1320/83
f 1320/83 1324/80 1365/82
f 1313/76 1320/83 1309/84
f 1313/76 1309/84 11/75
f 1390/81 1397/59 1407/85
f 1390/81 1407/85 1365/82
f 11/75 1309/84 1257/86
f 1309/84 1320/83 1369/87
f 1369/87 1320/83 1365/82
f 1309/84 1369/87 1257/86
f 11/75 1257/86 114/9
f 1369/87 1365/82 1405/88
f 1405/88 1365/82 1407/85
f 1257/86 1369/87 1380/89
f 1380/89 1369/87 1405/88
f 1257/86 1380/89 1381/90
f 1381/90 1380/89 1405/88
f 114/9 1257/86 37/91
f 37/91 1257/86 1381/90
f 114/9 37/91 196/12
f 196/12 37/91 459/92
f 1445/93 1405/88 1407/85
f 1381/90 1405/88 1717/94
f 1717/94 1405/88 1445/93
f 37/91 1381/90 1723/95
f 1723/95 1381/90 1687/96
f 1687/96 1381/90 1717/94
f 1723/95 1687/96 1880/97
f 1880/97 1687/96 1717/94
f 1723/95 1880/97 2136/98
f 37/91 1723/95 1728/99
f 1728/99 1723/95 2136/98
f 1728/99 2136/98 2141/100
s 0
f 37/91 1728/99 1318/101
f 37/91 1318/101 489/102
f 1318/101 1728/99 1293/103
f 1318/101 1293/103 206/104
f 1293/103 1728/99 1688/105
s 1
f 2024/106 2136/98 1880/97
f 2024/106 1880/97 1717/94
f 2136/98 2024/106 2247/107
f 2247/107 2024/106 2192/108
f 2192/108 2024/106 1810/109
f 1810/109 2024/106 1717/94
f 2192/108 1810/109 2264/110
f 2264/110 1810/109 2167/111
f 1810/109 1717/94 1674/112
f 1674/112 1717/94 1445/93
f 2167/111 1810/109 2021/113
f 2167/111 2021/113 2143/114
f 2143/114 2021/113 1923/115
f 2021/113 1810/109 1856/116
f 2021/113 1856/116 1923/115
f 1810/109 1674/112 1770/117
f 1810/109 1770/117 1856/116
f 1923/115 1856/116 1835/118
f 1835/118 1856/116 1770/117
f 1923/115 1835/118 1832/119
f 1832/119 1835/118 1768/120
f 1768/120 1835/118 1770/117
f 1770/117 1674/112 1682/121
f 1682/121 1674/112 1445/93
f 1768/120 1770/117 1738/122
f 1738/122 1770/117 1682/121
f 1768/120 1738/122 1720/123
f 1720/123 1738/122 1682/121
f 1768/120 1720/123 1712/124
f 1768/120 1712/124 1740/125
f 1740/125 1712/124 1704/126
f 1720/123 1682/121 1506/127
f 1506/127 1682/121 1445/93
f 1720/123 1506/127 1712/124
f 1506/127 1445/93 1420/128
f 1420/128 1445/93 1407/85
f 1704/126 1712/124 1504/129
f 1504/129 1712/124 1506/127
f 1704/126 1504/129 1528/130
f 1506/127 1420/128 1417/131
f 1506/127 1417/131 1504/129
f 1417/131 1420/128 1407/85
f 1504/129 1417/131 1528/130
f 1417/131 1407/85 1397/59
f 1528/130 1417/131 1408/132
f 1417/131 1397/59 1406/56
f 1417/131 1406/56 1408/132
f 801/133 739/134 663/135
f 739/134 801/133 1044/136
f 1044/136 801/133 1061/137
f 1044/136 1061/137 1132/138
f 1044/136 1132/138 1138/139
f 1044/136 1138/139 1036/140
f 1061/137 801/133 926/141
f 1061/137 926/141 1117/142
f 926/141 801/133 663/135
f 739/134 1044/136 671/143
f 671/143 1044/136 1036/140
f 565/144 663/135 739/134
f 565/144 739/134 671/143
f 926/141 663/135 459/145
f 926/141 459/145 489/146
f 926/141 489/146 914/147
f 489/146 459/145 37/148
f 459/145 663/135 419/149
f 419/149 663/135 565/144
f 459/145 419/149 196/150
f 419/149 565/144 463/151
f 463/151 565/144 671/143
f 419/149 463/151 239/152
f 239/152 463/151 319/153
f 239/152 319/153 224/154
f 319/153 463/151 537/155
f 537/155 463/151 671/143
f 224/154 319/153 325/156
f 224/154 325/156 234/157
f 325/156 319/153 505/158
f 505/158 319/153 537/155
f 234/157 325/156 395/159
f 395/159 325/156 505/158
f 234/157 395/159 233/160
f 505/158 537/155 522/161
f 395/159 505/158 518/162
f 518/162 505/158 522/161
f 233/160 395/159 405/163
f 233/160 405/163 220/164
f 395/159 518/162 529/165
f 395/159 529/165 405/163
f 518/162 522/161 547/166
f 518/162 547/166 529/165
f 561/167 522/161 537/155
f 522/161 561/167 547/166
f 561/167 537/155 630/168
f 630/168 537/155 671/143
f 405/163 529/165 551/169
f 551/169 529/165 547/166
f 314/170 220/164 405/163
f 314/170 405/163 551/169
f 220/164 314/170 214/171
f 314/170 551/169 521/172
f 314/170 521/172 493/173
f 314/170 493/173 468/174
f 314/170 468/174 323/175
f 314/170 323/175 317/176
f 314/170 317/176 212/177
f 580/178 585/179 551/169
f 580/178 551/169 547/166
f 580/178 547/166 631/180
f 631/180 547/166 639/181
f 639/181 547/166 579/182
f 579/182 547/166 561/167
f 579/182 561/167 655/183
f 579/182 655/183 639/181
f 655/183 561/167 630/168
f 631/180 639/181 705/184
f 631/180 705/184 710/185
f 710/185 705/184 892/186
f 705/184 639/181 774/187
f 774/187 639/181 655/183
f 892/186 705/184 919/188
f 919/188 705/184 774/187
f 655/183 630/168 712/189
f 712/189 630/168 671/143
f 774/187 655/183 716/190
f 716/190 655/183 712/189
f 774/187 716/190 919/188
f 712/189 671/143 893/191
f 712/189 893/191 716/190
f 716/190 893/191 919/188
f 893/191 671/143 1036/140
f 893/191 1036/140 1050/192
f 893/191 1050/192 919/188
f 919/188 1050/192 1030/193
f 919/188 1030/193 892/186
f 1030/193 1050/192 1078/194
f 892/186 1030/193 993/195
f 1030/193 1078/194 1052/196
f 1030/193 1052/196 993/195
f 622/197 640/198 592/199
f 640/198 622/197 646/200
f 622/197 592/199 548/201
f 646/200 622/197 587/202
f 587/202 622/197 548/201
f 592/203 640/204 593/205
f 592/203 593/205 548/206
f 593/205 640/204 609/207
f 548/206 593/205 558/208
f 558/208 593/205 609/207
f 548/206 558/208 587/209
f 609/207 640/204 618/210
f 609/207 618/210 558/208
f 558/208 618/210 587/209
f 618/210 640/204 646/211
f 618/210 646/211 587/209
f 749/212 731/213 667/214
f 667/214 731/213 669/215
f 731/213 749/212 928/216
f 749/212 667/214 724/217
f 724/217 667/214 668/218
f 928/216 749/212 949/219
f 928/216 949/219 963/220
f 724/217 668/218 707/221
f 949/219 749/212 923/222
f 923/222 749/212 724/217
f 963/220 949/219 1023/223
f 1023/223 949/219 923/222
f 963/220 1023/223 1013/224
f 1013/224 1023/223 1039/225
f 724/217 707/221 775/226
f 1039/225 1023/223 1055/227
f 775/226 707/221 804/228
f 804/228 707/221 710/229
f 724/217 775/226 865/230
f 724/217 865/230 923/222
f 865/230 775/226 804/228
f 804/228 710/229 892/231
f 923/222 865/230 921/232
f 921/232 865/230 804/228
f 804/228 892/231 964/233
f 804/228 964/233 921/232
f 964/233 892/231 993/234
f 923/222 921/232 997/235
f 923/222 997/235 1023/223
f 997/235 921/232 964/233
f 1023/223 997/235 1028/236
f 1023/223 1028/236 1055/227
f 997/235 964/233 974/237
f 997/235 974/237 1028/236
f 974/237 964/233 1014/238
f 974/237 1014/238 1028/236
f 1003/239 964/233 993/234
f 964/233 1003/239 1014/238
f 1028/236 1014/238 1045/240
f 1028/236 1045/240 1055/227
f 1045/240 1014/238 1009/241
f 1009/241 1014/238 1003/239
f 1055/227 1045/240 1057/242
f 1045/240 1009/241 1040/243
f 1040/243 1009/241 1003/239
f 1045/240 1040/243 1057/242
f 1016/244 1003/239 993/234
f 1016/244 993/234 1052/245
f 1040/243 1003/239 1000/246
f 1000/246 1003/239 1016/244
f 1057/242 1040/243 1024/247
f 1024/247 1040/243 1000/246
f 1057/242 1024/247 1022/248
f 1022/248 1024/247 1000/246
f 1022/248 1000/246 984/249
f 1057/242 1022/248 1019/250
f 1019/250 1022/248 984/249
f 984/249 1000/246 940/251
f 984/249 940/251 1019/250
f 981/252 1000/246 1016/244
f 1000/246 981/252 940/251
f 981/252 1016/244 1018/253
f 940/251 981/252 878/254
f 878/254 981/252 950/255
f 940/251 878/254 859/256
f 859/256 878/254 772/257
f 772/257 878/254 751/258
f 751/258 878/254 779/259
f 772/257 751/258 782/260
f 782/260 751/258 746/261
f 1059/262 1057/242 1019/250
f 1059/262 1019/250 1033/263
f 1059/262 1033/263 1042/264
f 1057/242 1059/262 1055/227
f 1059/262 1042/264 1053/265
f 1059/262 1053/265 1055/227
f 1055/227 1053/265 1039/225
f 1061/266 1117/267 1132/268
f 1132/268 1117/267 1159/269
f 1132/268 1159/269 1138/270
f 926/271 914/272 1117/267
f 1159/269 1117/267 1157/273
f 1117/267 914/272 1113/274
f 1117/267 1113/274 1157/273
f 1113/274 914/272 898/275
s 0
f 898/275 914/272 489/276
s 1
f 1113/274 898/275 1129/277
f 1113/274 1129/277 1157/273
s 0
f 898/275 489/276 520/278
f 520/278 489/276 206/279
f 520/278 206/279 270/280
f 270/280 206/279 1293/281
f 520/278 270/280 656/282
f 520/278 656/282 1046/283
s 1
f 520/278 1046/283 898/275
f 898/275 1046/283 1129/277
f 1129/277 1046/283 1166/284
f 1166/284 1046/283 1151/285
f 1166/284 1151/285 1170/286
f 1166/284 1170/286 1178/287
f 1153/288 1157/273 1129/277
s 0
f 1129/277 1166/284 1168/289
s 1
f 1129/277 1168/289 1153/288
f 1168/289 1166/284 1174/290
f 1153/288 1168/289 1169/291
f 1169/291 1168/289 1176/292
f 1176/292 1168/289 1174/290
f 1153/288 1169/291 1146/293
f 1169/291 1176/292 1140/294
f 1169/291 1140/294 1146/293
f 1176/292 1174/290 1179/295
f 1176/292 1179/295 1140/294
f 1179/295 1174/290 1164/296
f 1179/295 1164/296 1140/294
f 1173/297 1174/290 1166/284
f 1164/296 1174/290 1165/298
f 1165/298 1174/290 1173/297
f 1140/294 1164/296 1076/299
f 1076/299 1164/296 1165/298
f 1173/297 1166/284 1175/300
f 1175/300 1166/284 1178/287
f 1165/298 1173/297 1115/301
f 1175/300 1178/287 1177/302
f 1173/297 1175/300 1171/303
f 1171/303 1175/300 1177/302
f 1173/297 1171/303 1115/301
f 1177/302 1178/287 1172/304
f 1177/302 1172/304 1171/303
f 1172/304 1178/287 1167/305
f 1172/304 1167/305 1127/306
f 1171/303 1172/304 1161/307
f 1161/307 1172/304 1127/306
f 1171/303 1161/307 1112/308
f 1171/303 1112/308 1115/301
f 1161/307 1127/306 1103/309
f 1161/307 1103/309 1112/308
f 1103/309 1127/306 1064/310
f 1064/310 1127/306 1032/311
f 1112/308 1103/309 1035/312
f 1112/308 1035/312 1115/301
f 1035/312 1103/309 1064/310
f 1064/310 1032/311 980/313
f 1064/310 980/313 1035/312
f 980/313 1032/311 967/314
f 1035/312 980/313 918/315
f 918/315 980/313 938/316
f 1035/312 918/315 968/317
f 1035/312 968/317 1115/301
f 968/317 918/315 880/318
f 968/317 880/318 810/319
f 968/317 810/319 915/320
f 915/320 810/319 817/321
f 1115/301 968/317 1073/322
f 1073/322 968/317 915/320
f 1115/301 1073/322 1165/298
f 1165/298 1073/322 1076/299
f 1073/322 915/320 952/323
f 1073/322 952/323 1076/299
f 1076/299 952/323 1020/324
f 1076/299 1020/324 1140/294
f 1140/294 1020/324 1091/325
f 1020/324 952/323 954/326
f 1020/324 954/326 1091/325
f 954/326 952/323 958/327
f 958/327 952/323 930/328
f 958/327 930/328 943/329
f 958/327 943/329 959/330
f 958/327 959/330 886/331
f 958/327 886/331 954/326
f 1146/293 1140/294 1091/325
f 954/326 886/331 793/332
f 954/326 793/332 1091/325
f 1146/293 1091/325 1062/333
f 1091/325 793/332 830/334
f 1091/325 830/334 1062/333
f 1146/293 1062/333 1067/335
f 1067/335 1062/333 830/334
f 1146/293 1067/335 1154/336
f 1146/293 1154/336 1153/288
f 1153/288 1154/336 1157/273
f 830/334 793/332 783/337
f 1067/335 830/334 845/338
f 845/338 830/334 783/337
f 1154/336 1067/335 1079/339
f 1079/339 1067/335 845/338
f 1157/273 1154/336 1160/340
f 1160/340 1154/336 1079/339
f 1157/273 1160/340 1159/269
f 1159/269 1160/340 1138/270
f 1138/270 1160/340 1136/341
f 1136/341 1160/340 1079/339
f 1138/270 1136/341 1036/342
f 1036/342 1136/341 1050/343
f 1050/343 1136/341 1088/344
f 1088/344 1136/341 1079/339
f 1050/343 1088/344 1078/345
f 1078/345 1088/344 1051/346
f 1078/345 1051/346 1052/347
f 1088/344 1079/339 1069/348
f 1088/344 1069/348 1051/346
f 1051/346 1069/348 950/349
f 1051/346 950/349 1018/350
f 950/349 1069/348 998/351
f 998/351 1069/348 1079/339
f 950/349 998/351 779/352
f 998/351 1079/339 860/353
f 998/351 860/353 779/352
f 860/353 1079/339 845/338
f 860/353 845/338 783/337
f 860/353 783/337 779/352
f 779/352 783/337 734/354
f 734/354 783/337 754/355
f 734/354 754/355 766/356
f 754/355 783/337 793/332
f 766/356 754/355 748/357
f 754/355 793/332 886/331
f 754/355 886/331 748/357
f 748/357 886/331 883/358
f 519/359 511/360 502/361
f 511/360 519/359 506/362
f 506/362 519/359 502/361
f 668/363 667/364 637/365
f 637/365 667/364 635/366
f 635/366 667/364 625/367
f 625/367 667/364 669/368
f 635/366 625/367 566/369
f 635/366 566/369 637/365
f 625/367 669/368 647/370
f 647/370 669/368 686/371
f 647/370 686/371 624/372
f 625/367 647/370 611/373
f 625/367 611/373 566/369
f 611/373 647/370 608/374
f 608/374 647/370 624/372
f 611/373 608/374 566/369
f 608/374 624/372 554/375
f 608/374 554/375 566/369
f 554/375 624/372 607/376
f 554/375 607/376 576/377
f 576/377 607/376 644/378
f 566/369 554/375 539/379
f 576/377 644/378 620/380
f 620/380 644/378 626/381
f 554/375 576/377 540/382
f 554/375 540/382 533/383
f 533/383 540/382 576/377
f 554/375 533/383 539/379
f 576/377 620/380 564/384
f 576/377 564/384 533/383
f 620/380 626/381 563/385
f 620/380 563/385 564/384
f 564/384 563/385 533/383
f 563/385 626/381 634/386
f 563/385 634/386 615/387
f 615/387 634/386 650/388
f 533/383 563/385 545/389
f 545/389 563/385 615/387
f 615/387 650/388 602/390
f 615/387 602/390 545/389
f 602/390 650/388 645/391
f 602/390 645/391 588/392
f 602/390 588/392 598/393
f 545/389 602/390 556/394
f 556/394 602/390 598/393
f 525/395 533/383 545/389
f 525/395 545/389 556/394
f 533/383 525/395 539/379
f 556/394 598/393 582/396
f 556/394 582/396 525/395
f 582/396 598/393 594/397
f 594/397 598/393 584/398
f 582/396 594/397 571/399
f 525/395 582/396 550/400
f 525/395 550/400 539/379
f 550/400 582/396 571/399
f 539/379 550/400 552/401
f 552/401 550/400 571/399
f 539/379 552/401 566/369
f 552/401 571/399 581/402
f 566/369 552/401 637/365
f 552/401 581/402 591/403
f 637/365 552/401 583/404
f 583/404 552/401 591/403
f 591/403 581/402 617/405
f 591/403 617/405 583/404
f 617/405 581/402 600/406
f 637/365 583/404 633/407
f 633/407 583/404 617/405
f 637/365 633/407 658/408
f 658/408 633/407 617/405
f 637/365 658/408 668/363
f 668/363 658/408 707/409
f 707/409 658/408 710/410
f 710/410 658/408 631/411
f 631/411 658/408 617/405
f 631/411 617/405 580/412
f 580/412 617/405 600/406
f 580/412 600/406 585/413
f 896/414 902/415 708/416
f 708/416 902/415 742/417
f 742/417 902/415 891/418
f 896/414 708/416 686/419
f 891/418 902/415 975/420
f 975/420 902/415 896/414
f 891/418 975/420 961/421
f 891/418 961/421 808/422
f 808/422 961/421 866/423
f 808/422 866/423 714/424
f 896/414 686/419 785/425
f 785/425 686/419 669/426
f 785/425 669/426 731/427
f 785/425 731/427 928/428
f 785/425 928/428 945/429
f 785/425 945/429 896/414
f 945/429 928/428 963/430
f 945/429 963/430 1013/431
f 896/414 945/429 1006/432
f 1006/432 945/429 1013/431
f 896/414 1006/432 975/420
f 1006/432 1013/431 1039/433
f 1006/432 1039/433 1053/434
f 975/420 1006/432 1017/435
f 1017/435 1006/432 1053/434
f 975/420 1017/435 961/421
f 1017/435 1053/434 1042/436
f 961/421 1017/435 976/437
f 976/437 1017/435 1042/436
f 976/437 1042/436 1033/438
f 976/437 1033/438 1001/439
f 976/437 1001/439 953/440
f 961/421 976/437 866/423
f 866/423 976/437 953/440
f 866/423 953/440 711/441
f 711/441 953/440 818/442
f 711/441 818/442 706/443
f 711/441 706/443 666/444
f 866/423 711/441 687/445
f 866/423 687/445 714/424
f 714/424 687/445 659/446
f 687/445 711/441 644/447
f 644/447 711/441 666/444
f 687/445 644/447 659/446
f 644/447 666/444 626/448
f 659/446 644/447 607/449
f 659/446 607/449 629/450
f 629/450 607/449 624/451
f 629/450 624/451 657/452
f 657/452 624/451 708/453
f 657/452 708/453 688/454
f 708/453 624/451 686/455
f 516/456 543/457 512/458
f 543/457 516/456 521/459
f 521/459 516/456 512/458
f 543/457 521/459 585/460
f 585/460 521/459 551/461
f 543/457 585/460 600/462
f 521/459 512/458 503/463
f 521/459 503/463 493/464
f 543/457 600/462 527/465
f 543/457 527/465 512/458
f 527/465 600/462 581/466
f 493/464 503/463 474/467
f 474/467 503/463 512/458
f 474/467 512/458 527/465
f 493/464 474/467 468/468
f 468/468 474/467 411/469
f 468/468 411/469 323/470
f 323/470 411/469 317/471
f 317/471 411/469 474/467
f 474/467 527/465 497/472
f 474/467 497/472 317/471
f 497/472 527/465 581/466
f 317/471 497/472 332/473
f 317/471 332/473 280/474
f 280/474 332/473 316/475
f 332/473 497/472 425/476
f 332/473 425/476 316/475
f 497/472 581/466 534/477
f 534/477 581/466 571/478
f 534/477 571/478 594/479
f 534/477 594/479 501/480
f 534/477 501/480 497/472
f 501/480 594/479 584/481
f 498/482 425/476 497/472
f 498/482 497/472 501/480
f 425/476 498/482 494/483
f 494/483 498/482 501/480
f 425/476 494/483 385/484
f 385/484 494/483 501/480
f 425/476 385/484 316/475
f 316/475 385/484 501/480
f 316/475 501/480 504/485
f 504/485 501/480 584/481
f 316/475 504/485 175/486
f 504/485 584/481 509/487
f 504/485 509/487 175/486
f 509/487 584/481 598/488
f 175/486 509/487 480/489
f 480/489 509/487 598/488
f 480/489 598/488 588/490
f 64/491 39/492 1213/493
f 39/492 64/491 35/494
f 35/494 64/491 132/495
f 39/492 35/494 1236/496
f 35/494 132/495 175/497
f 39/492 1236/496 1235/498
f 39/492 1235/498 1213/493
f 1236/496 35/494 1238/499
f 1238/499 35/494 175/497
f 1236/496 1238/499 1235/498
f 1213/493 1235/498 1295/500
f 1295/500 1235/498 1238/499
f 1360/501 1311/502 1213/493
f 1360/501 1213/493 1295/500
f 1295/500 1238/499 1302/503
f 1302/503 1238/499 1386/504
f 1295/500 1302/503 1331/505
f 1331/505 1302/503 1386/504
f 1360/501 1295/500 1357/506
f 1357/506 1295/500 1331/505
f 1360/501 1357/506 1479/507
f 1360/501 1479/507 1583/508
f 1357/506 1331/505 1453/509
f 1357/506 1453/509 1479/507
f 1453/509 1331/505 1386/504
f 1479/507 1453/509 1486/510
f 1486/510 1453/509 1386/504
f 1479/507 1486/510 1583/508
f 1583/508 1486/510 1537/511
f 1583/508 1537/511 1565/512
f 1537/511 1486/510 1661/513
f 1661/513 1486/510 1386/504
f 1661/513 1386/504 1457/514
f 1457/514 1386/504 1238/499
f 1661/513 1457/514 1722/515
f 1457/514 1238/499 175/497
f 1722/515 1457/514 1339/516
f 1339/516 1457/514 175/497
f 1722/515 1339/516 1706/517
f 1339/516 175/497 1258/518
f 1339/516 1258/518 1706/517
f 1706/517 1258/518 1543/519
f 1706/517 1543/519 1786/520
f 742/521 713/522 708/523
f 713/522 742/521 891/524
f 713/522 891/524 808/525
f 713/522 808/525 714/526
f 708/523 713/522 688/527
f 713/522 714/526 659/528
f 713/522 659/528 688/527
f 688/527 659/528 629/529
f 688/527 629/529 657/530
f 1147/531 1130/532 1122/533
f 1122/533 1130/532 1114/534
f 1130/532 1147/531 1148/535
f 1122/533 1114/534 1133/536
f 1148/535 1147/531 1155/537
f 1122/533 1133/536 1141/538
f 1141/538 1133/536 1155/537
f 1122/533 1141/538 1147/531
f 1147/531 1141/538 1155/537
f 589/539 588/540 645/541
f 589/539 645/541 660/542
f 589/539 660/542 549/543
f 588/540 589/539 567/544
f 567/544 589/539 549/543
f 588/540 567/544 480/545
f 480/545 567/544 310/546
f 310/546 567/544 549/543
f 310/546 549/543 162/547
f 1019/548 940/549 936/550
f 1019/548 936/550 1033/551
f 936/550 940/549 868/552
f 868/552 940/549 859/553
f 1033/551 936/550 935/554
f 953/555 1001/556 1033/551
f 953/555 1033/551 935/554
f 953/555 935/554 818/557
f 935/554 936/550 834/558
f 834/558 936/550 868/552
f 818/557 935/554 729/559
f 818/557 729/559 706/560
f 706/560 729/559 666/561
f 729/559 935/554 727/562
f 727/562 935/554 834/558
f 666/561 729/559 673/563
f 673/563 729/559 727/562
f 634/564 626/565 666/561
f 634/564 666/561 673/563
f 634/564 673/563 650/566
f 727/562 834/558 752/567
f 752/567 834/558 737/568
f 752/567 737/568 727/562
f 737/568 834/558 868/552
f 696/569 673/563 727/562
f 696/569 727/562 737/568
f 673/563 696/569 692/570
f 673/563 692/570 650/566
f 692/570 696/569 737/568
f 650/566 692/570 695/571
f 695/571 692/570 737/568
f 650/566 695/571 645/572
f 660/573 645/572 678/574
f 678/574 645/572 695/571
f 678/574 695/571 677/575
f 677/575 695/571 701/576
f 701/576 695/571 723/577
f 723/577 695/571 737/568
f 723/577 737/568 794/578
f 794/578 737/568 868/552
f 723/577 794/578 773/579
f 773/579 794/578 846/580
f 794/578 868/552 854/581
f 794/578 854/581 846/580
f 854/581 868/552 859/553
f 846/580 854/581 800/582
f 800/582 854/581 859/553
f 846/580 800/582 848/583
f 800/582 859/553 772/584
f 848/583 800/582 782/585
f 782/585 800/582 772/584
s 0
f 489/586 1318/587 206/588
s 1
f 660/589 678/590 682/591
f 682/591 678/590 677/592
f 682/591 677/592 680/593
f 680/593 677/592 701/594
f 680/593 701/594 702/595
f 1098/596 1056/597 1083/598
f 1056/597 1098/596 1077/599
f 1098/596 1083/598 1105/600
f 1077/599 1098/596 1096/601
f 1096/601 1098/596 1105/600
f 1056/602 1077/603 1070/604
f 1070/604 1077/603 1093/605
f 1093/605 1077/603 1096/606
f 1093/605 1096/606 1105/607
f 1070/604 1093/605 1087/608
f 1087/608 1093/605 1105/607
f 1070/604 1087/608 1056/602
f 1087/608 1105/607 1083/609
f 1087/608 1083/609 1056/602
f 701/610 723/611 726/612
f 726/612 723/611 773/613
f 720/614 702/615 701/610
f 720/614 701/610 726/612
f 726/612 773/613 744/616
f 744/616 773/613 837/617
f 744/616 837/617 726/612
f 837/617 773/613 846/618
f 720/614 726/612 738/619
f 720/614 738/619 758/620
f 726/612 837/617 797/621
f 726/612 797/621 738/619
f 797/621 837/617 846/618
f 758/620 738/619 827/622
f 827/622 738/619 797/621
f 758/620 827/622 844/623
f 827/622 797/621 858/624
f 827/622 858/624 844/623
f 858/624 797/621 846/618
f 844/623 858/624 802/625
f 844/623 802/625 883/626
f 883/626 802/625 748/627
f 748/627 802/625 755/628
f 748/627 755/628 766/629
f 755/628 802/625 767/630
f 767/630 802/625 858/624
f 755/628 767/630 766/629
f 766/629 767/630 858/624
f 826/631 858/624 846/618
f 826/631 846/618 848/632
f 766/629 858/624 780/633
f 780/633 858/624 826/631
f 780/633 826/631 756/634
f 766/629 780/633 747/635
f 747/635 780/633 756/634
f 756/634 826/631 829/636
f 756/634 829/636 747/635
f 829/636 826/631 848/632
f 766/629 747/635 746/637
f 747/635 829/636 776/638
f 747/635 776/638 746/637
f 766/629 746/637 734/639
f 734/639 746/637 779/640
f 779/640 746/637 751/641
f 829/636 848/632 769/642
f 829/636 769/642 776/638
f 776/638 769/642 746/637
f 769/642 848/632 782/643
f 769/642 782/643 746/637
f 413/644 414/645 341/646
f 96/647 341/646 281/648
f 341/646 96/647 327/649
f 341/646 327/649 413/644
f 327/649 96/647 285/650
f 414/645 413/644 477/651
f 413/644 327/649 324/652
f 414/645 477/651 471/653
f 414/645 471/653 437/654
f 437/654 471/653 483/655
f 483/655 471/653 477/651
f 437/654 483/655 444/656
f 477/651 413/644 407/657
f 407/657 413/644 324/652
f 477/651 407/657 462/658
f 407/657 324/652 320/659
f 320/659 324/652 108/660
f 108/660 324/652 235/661
f 483/655 477/651 461/662
f 461/662 477/651 462/658
f 483/655 461/662 444/656
f 461/662 462/658 428/663
f 235/661 324/652 303/664
f 303/664 324/652 327/649
f 235/661 303/664 238/665
f 303/664 327/649 285/650
f 303/664 285/650 238/665
f 238/665 285/650 208/666
f 461/662 428/663 375/667
f 375/667 428/663 380/668
f 461/662 375/667 389/669
f 389/669 375/667 380/668
f 447/670 444/656 461/662
f 444/656 447/670 410/671
f 410/671 447/670 374/672
f 410/671 374/672 367/673
f 410/671 367/673 339/674
f 367/673 374/672 353/675
f 353/675 374/672 447/670
f 339/674 367/673 311/676
f 339/674 311/676 251/677
f 311/676 367/673 345/678
f 345/678 367/673 353/675
f 311/676 345/678 297/679
f 311/676 297/679 102/680
f 102/680 297/679 193/681
f 228/682 200/683 193/681
f 228/682 193/681 231/684
f 231/684 193/681 297/679
f 228/682 231/684 215/685
f 215/685 231/684 312/686
f 312/686 231/684 297/679
f 215/685 312/686 32/687
f 312/686 297/679 346/688
f 346/688 297/679 345/678
f 312/686 346/688 335/689
f 335/689 346/688 354/690
f 346/688 345/678 387/691
f 354/690 346/688 391/692
f 354/690 391/692 416/693
f 391/692 346/688 376/694
f 376/694 346/688 387/691
f 354/690 416/693 430/695
f 354/690 430/695 401/696
f 416/693 391/692 424/697
f 416/693 424/697 430/695
f 424/697 391/692 376/694
f 464/698 430/695 451/699
f 430/695 424/697 439/700
f 451/699 430/695 436/701
f 436/701 430/695 439/700
f 451/699 436/701 393/702
f 451/699 393/702 421/703
f 421/703 393/702 363/704
f 393/702 436/701 371/705
f 393/702 371/705 363/704
f 371/705 436/701 417/706
f 417/706 436/701 439/700
f 363/704 371/705 362/707
f 362/707 371/705 417/706
f 362/707 417/706 439/700
f 363/704 362/707 350/708
f 350/708 362/707 360/709
f 350/708 360/709 348/710
f 348/710 360/709 386/711
f 386/711 360/709 373/712
f 373/712 360/709 340/713
f 373/712 340/713 333/714
f 333/714 340/713 379/715
f 340/713 360/709 369/716
f 369/716 360/709 362/707
f 340/713 369/716 379/715
f 369/716 362/707 361/717
f 361/717 362/707 439/700
f 369/716 361/717 422/718
f 422/718 361/717 439/700
f 369/716 422/718 368/719
f 379/715 369/716 351/720
f 351/720 369/716 368/719
f 368/719 422/718 440/721
f 422/718 439/700 452/722
f 422/718 452/722 440/721
f 368/719 440/721 366/723
f 368/719 366/723 351/720
f 366/723 440/721 409/724
f 366/723 409/724 351/720
f 409/724 440/721 443/725
f 443/725 440/721 452/722
f 351/720 409/724 382/726
f 382/726 409/724 443/725
f 351/720 382/726 396/727
f 396/727 382/726 443/725
f 349/728 379/715 351/720
f 349/728 351/720 396/727
f 379/715 349/728 347/729
f 347/729 349/728 380/668
f 380/668 349/728 389/669
f 389/669 349/728 396/727
f 396/727 443/725 423/730
f 389/669 396/727 372/731
f 372/731 396/727 423/730
f 389/669 372/731 402/732
f 423/730 443/725 445/733
f 423/730 445/733 372/731
f 372/731 445/733 402/732
f 445/733 443/725 452/722
f 389/669 402/732 448/734
f 448/734 402/732 445/733
f 389/669 448/734 461/662
f 448/734 445/733 452/722
f 461/662 448/734 447/670
f 447/670 448/734 452/722
f 447/670 452/722 426/735
f 447/670 426/735 353/675
f 353/675 426/735 408/736
f 353/675 408/736 352/737
f 408/736 426/735 435/738
f 408/736 435/738 352/737
f 435/738 426/735 452/722
f 353/675 352/737 390/739
f 390/739 352/737 435/738
f 353/675 390/739 345/678
f 345/678 390/739 387/691
f 390/739 435/738 446/740
f 446/740 435/738 452/722
f 390/739 446/740 387/691
f 446/740 452/722 427/741
f 446/740 427/741 387/691
f 387/691 427/741 356/742
f 387/691 356/742 376/694
f 356/742 427/741 415/743
f 356/742 415/743 376/694
f 427/741 452/722 434/744
f 427/741 434/744 415/743
f 415/743 434/744 376/694
f 434/744 452/722 439/700
f 376/694 434/744 424/697
f 424/697 434/744 439/700
f 458/745 407/746 394/747
f 407/746 458/745 462/748
f 394/747 407/746 320/749
f 462/748 458/745 428/750
f 399/751 380/752 428/750
f 399/751 428/750 458/745
f 399/751 458/745 403/753
f 403/753 458/745 465/754
f 403/753 465/754 549/755
f 465/754 458/745 412/756
f 465/754 412/756 549/755
f 412/756 458/745 394/747
f 549/755 412/756 162/757
f 412/756 394/747 315/758
f 412/756 315/758 162/757
f 315/758 394/747 320/749
f 162/757 315/758 103/759
f 103/759 315/758 320/749
f 103/759 320/749 97/760
f 341/761 414/762 331/763
f 331/763 414/762 437/764
f 331/763 437/764 377/765
f 377/765 437/764 444/766
f 377/765 444/766 410/767
f 377/765 410/767 331/763
f 341/761 331/763 330/768
f 330/768 331/763 410/767
f 341/761 330/768 281/769
f 330/768 410/767 339/770
f 281/769 330/768 284/771
f 284/771 330/768 339/770
f 281/769 284/771 246/772
f 284/771 339/770 251/773
f 285/774 96/775 208/776
f 281/777 246/778 96/775
f 96/775 246/778 146/779
f 146/779 246/778 117/780
f 117/780 246/778 284/781
f 117/780 284/781 251/782
f 146/779 117/780 71/783
f 146/779 71/783 96/775
f 117/780 251/782 50/784
f 117/780 50/784 71/783
f 71/783 50/784 45/785
f 71/783 45/785 3/786
f 71/783 3/786 96/775
f 45/785 50/784 1221/787
f 45/785 1221/787 3/786
f 50/784 251/782 1281/788
f 50/784 1281/788 1221/787
f 311/789 102/790 251/782
f 251/782 102/790 1281/788
f 3/786 1221/787 1229/791
f 3/786 1229/791 96/775
f 1229/791 1221/787 1291/792
f 1291/792 1221/787 1281/788
f 193/793 1202/794 102/790
f 102/790 1202/794 1298/795
f 102/790 1298/795 1281/788
f 1298/795 1202/794 1455/796
f 1298/795 1455/796 1281/788
f 1281/788 1455/796 1538/797
f 1538/797 1455/796 1541/798
f 1541/798 1455/796 1540/799
f 1540/799 1455/796 1500/800
f 1500/800 1455/796 1418/801
f 1281/788 1538/797 1475/802
f 1281/788 1475/802 1291/792
f 1475/802 1538/797 1524/803
f 1291/792 1475/802 1431/804
f 1475/802 1524/803 1484/805
f 1475/802 1484/805 1431/804
f 1484/805 1524/803 1542/806
f 1291/792 1431/804 1322/807
f 1322/807 1431/804 1484/805
f 1291/792 1322/807 1229/791
f 1484/805 1542/806 1515/808
f 1484/805 1515/808 1322/807
f 1515/808 1542/806 1608/809
f 1515/808 1608/809 1511/810
f 1515/808 1511/810 1480/811
f 1229/791 1322/807 1308/812
f 1308/812 1322/807 1515/808
f 1515/808 1480/811 1482/813
f 1515/808 1482/813 1308/812
f 1482/813 1480/811 1440/814
f 1440/814 1480/811 1351/815
f 1482/813 1440/814 1416/816
f 1416/816 1440/814 1351/815
f 1482/813 1416/816 1308/812
f 1416/816 1351/815 1354/817
f 1416/816 1354/817 1308/812
f 96/775 1229/791 1308/812
f 1354/817 1351/815 1282/818
f 1354/817 1282/818 1308/812
f 1282/818 1351/815 1234/819
f 1308/812 1282/818 1228/820
f 1228/820 1282/818 1234/819
f 1308/812 1228/820 96/775
f 1228/820 1234/819 1211/821
f 96/775 1228/820 18/822
f 18/822 1228/820 1211/821
f 1211/821 1234/819 22/823
f 1211/821 22/823 18/822
f 1212/824 1234/819 1351/815
f 1212/824 1351/815 1242/825
f 22/823 1234/819 68/826
f 68/826 1234/819 1212/824
f 18/822 22/823 59/827
f 18/822 59/827 96/775
f 59/827 22/823 68/826
f 13/828 108/829 1212/824
f 1212/824 108/829 68/826
f 59/827 68/826 78/830
f 96/775 59/827 118/831
f 118/831 59/827 78/830
f 96/775 118/831 208/776
f 78/830 68/826 119/832
f 78/830 119/832 118/831
f 68/826 108/829 155/833
f 68/826 155/833 119/832
f 155/833 108/829 235/834
f 118/831 119/832 172/835
f 118/831 172/835 208/776
f 172/835 119/832 155/833
f 172/835 155/833 235/834
f 208/776 172/835 238/836
f 238/836 172/835 235/834
f 67/837 108/838 13/839
f 1212/840 1242/841 13/839
f 13/839 1242/841 4/842
f 13/839 4/842 67/837
f 4/842 1242/841 1237/843
f 1237/843 1242/841 1261/844
f 4/842 1237/843 1187/845
f 1187/845 1237/843 1261/844
f 4/842 1187/845 67/837
f 1187/845 1261/844 7/846
f 7/846 1261/844 1262/847
f 7/846 1262/847 1180/848
f 7/846 1180/848 103/849
f 7/846 103/849 74/850
f 1187/845 7/846 69/851
f 1187/845 69/851 67/837
f 69/851 7/846 74/850
f 74/850 103/849 97/852
f 74/850 97/852 69/851
f 69/851 97/852 67/837
f 67/837 97/852 108/838
f 108/838 97/852 320/853
f 1262/854 103/855 1180/856
f 103/855 1262/854 162/857
f 162/857 1262/854 1668/858
f 162/857 1668/858 1543/859
f 1668/858 1262/854 1430/860
f 1668/858 1430/860 1516/861
f 1543/859 1668/858 1799/862
f 1668/858 1516/861 1612/863
f 1668/858 1612/863 1656/864
f 1799/862 1668/858 1802/865
f 1802/865 1668/858 1656/864
f 1708/866 1889/867 1802/865
f 1708/866 1802/865 1613/868
f 1613/868 1802/865 1656/864
f 1613/868 1656/864 1585/869
f 1613/868 1585/869 1556/870
f 1556/870 1585/869 1554/871
f 1613/868 1556/870 1552/872
f 1613/868 1552/872 1523/873
f 1523/873 1552/872 1522/874
f 1522/874 1552/872 1560/875
f 1560/875 1552/872 1556/870
f 1522/874 1560/875 1532/876
f 1560/875 1556/870 1579/877
f 1560/875 1579/877 1532/876
f 1579/877 1556/870 1554/871
f 1532/876 1579/877 1598/878
f 1598/878 1579/877 1546/879
f 1546/879 1579/877 1549/880
f 1549/880 1579/877 1554/871
f 1549/880 1554/871 1569/881
f 259/882 275/883 171/884
f 275/883 259/882 304/885
f 304/885 259/882 273/886
f 275/883 304/885 287/887
f 275/883 287/887 189/888
f 275/883 189/888 171/884
f 189/888 287/887 183/889
f 189/888 183/889 171/884
f 259/882 171/884 93/890
f 259/882 93/890 47/891
f 171/884 183/889 109/892
f 171/884 109/892 93/890
f 183/889 287/887 250/893
f 250/893 287/887 293/894
f 250/893 293/894 257/895
f 183/889 250/893 245/896
f 245/896 250/893 257/895
f 245/896 257/895 252/897
f 252/897 257/895 262/898
f 183/889 245/896 174/899
f 183/889 174/899 109/892
f 109/892 174/899 46/900
f 62/901 93/890 109/892
f 62/901 109/892 46/900
f 93/890 62/901 43/902
f 43/902 62/901 46/900
f 93/890 43/902 17/903
f 17/903 43/902 46/900
f 93/890 17/903 47/891
f 1181/904 46/900 174/899
f 17/903 46/900 1200/905
f 1200/905 46/900 1181/904
f 47/891 17/903 1215/906
f 1215/906 17/903 1200/905
f 47/891 1215/906 1292/907
f 1292/907 1215/906 1230/908
f 1215/906 1200/905 1220/909
f 1215/906 1220/909 1230/908
f 1292/907 1230/908 1275/910
f 1275/910 1230/908 1220/909
f 1292/907 1275/910 1284/911
f 1284/911 1275/910 1220/909
f 1284/911 1220/909 1200/905
f 1284/911 1200/905 1181/904
f 1292/907 1284/911 1361/912
f 1284/911 1181/904 1368/913
f 1361/912 1284/911 1355/914
f 1355/914 1284/911 1368/913
f 1361/912 1355/914 1367/915
f 1368/913 1181/904 1346/916
f 1367/915 1355/914 1469/917
f 1368/913 1346/916 1443/918
f 1443/918 1346/916 1423/919
f 1355/914 1368/913 1442/920
f 1355/914 1442/920 1469/917
f 1442/920 1368/913 1443/918
f 1469/917 1442/920 1489/921
f 1442/920 1443/918 1460/922
f 1442/920 1460/922 1489/921
f 273/923 259/924 186/925
f 255/926 301/927 273/923
f 255/926 273/923 186/925
f 274/928 255/926 225/929
f 225/929 255/926 186/925
f 225/929 186/925 170/930
f 186/925 259/924 140/931
f 170/930 186/925 126/932
f 126/932 186/925 140/931
f 170/930 126/932 66/933
f 140/931 259/924 47/934
f 126/932 140/931 121/935
f 126/932 121/935 66/933
f 121/935 140/931 86/936
f 86/936 140/931 47/934
f 66/933 121/935 80/937
f 80/937 121/935 86/936
f 80/937 86/936 66/933
f 66/933 86/936 49/938
f 66/933 49/938 29/939
f 66/933 29/939 1199/940
f 49/938 86/936 27/941
f 49/938 27/941 29/939
f 27/941 86/936 47/934
f 1199/940 29/939 1210/942
f 1210/942 29/939 27/941
f 1199/940 1210/942 1225/943
f 1210/942 27/941 1226/944
f 1226/944 27/941 47/934
f 1210/942 1226/944 1225/943
f 1199/940 1225/943 1246/945
f 1246/945 1225/943 1226/944
f 1226/944 47/934 1329/946
f 1329/946 47/934 1292/947
f 1246/945 1226/944 1269/948
f 1269/948 1226/944 1329/946
f 1246/945 1269/948 1253/949
f 1246/945 1253/949 1335/950
f 1253/949 1269/948 1296/951
f 1253/949 1296/951 1335/950
f 1296/951 1269/948 1329/946
f 1335/950 1296/951 1338/952
f 1338/952 1296/951 1329/946
f 1335/950 1338/952 1384/953
f 1384/953 1338/952 1329/946
f 1428/954 1329/946 1292/947
f 1428/954 1292/947 1361/955
f 1428/954 1361/955 1385/956
f 1428/954 1385/956 1468/957
f 1329/946 1428/954 1438/958
f 1329/946 1438/958 1384/953
f 1428/954 1468/957 1491/959
f 1428/954 1491/959 1438/958
f 1384/953 1438/958 1435/960
f 1491/959 1468/957 1489/961
f 1489/961 1468/957 1469/962
f 1438/958 1491/959 1490/963
f 1490/963 1491/959 1489/961
f 1438/958 1490/963 1435/960
f 1384/953 1435/960 1449/964
f 1449/964 1435/960 1490/963
f 1384/953 1449/964 1404/965
f 1490/963 1489/961 1492/966
f 1490/963 1492/966 1449/964
f 1492/966 1489/961 1497/967
f 1492/966 1497/967 1464/968
f 1449/964 1492/966 1474/969
f 1492/966 1464/968 1441/970
f 1492/966 1441/970 1474/969
f 1441/970 1464/968 1434/971
f 1434/971 1464/968 1478/972
f 1474/969 1441/970 1427/973
f 1427/973 1441/970 1434/971
f 1474/969 1427/973 1449/964
f 1449/964 1427/973 1404/965
f 1427/973 1434/971 1446/974
f 1427/973 1446/974 1404/965
f 1404/965 1446/974 1402/975
f 758/976 735/977 720/978
f 735/977 758/976 822/979
f 735/977 822/979 798/980
f 798/980 822/979 814/981
f 814/981 822/979 934/982
f 814/981 934/982 932/983
f 814/981 932/983 843/984
f 720/978 735/977 722/985
f 720/978 722/985 732/986
f 722/985 735/977 787/987
f 787/987 735/977 811/988
f 787/987 811/988 863/989
f 787/987 863/989 962/990
f 722/985 787/987 807/991
f 807/991 787/987 962/990
f 722/985 807/991 812/992
f 807/991 962/990 983/993
f 959/994 934/995 883/996
f 959/994 883/996 886/997
f 934/995 959/994 932/998
f 932/998 959/994 943/999
f 932/998 943/999 843/1000
f 883/996 934/995 822/1001
f 883/996 822/1001 844/1002
f 844/1002 822/1001 758/1003
f 193/1004 200/1005 1189/1006
f 193/1004 1189/1006 1202/1007
f 209/1008 225/1009 200/1005
f 200/1005 225/1009 170/1010
f 200/1005 170/1010 1189/1006
f 1189/1006 170/1010 66/1011
f 1189/1006 66/1011 1199/1012
f 1189/1006 1199/1012 1246/1013
f 1189/1006 1246/1013 1335/1014
f 1383/1015 1202/1007 1189/1006
f 1202/1007 1383/1015 1455/1016
f 1383/1015 1189/1006 1393/1017
f 1393/1017 1189/1006 1335/1014
f 1393/1017 1335/1014 1384/1018
f 274/1019 301/1020 255/1021
f 301/1020 274/1019 302/1022
f 302/1022 274/1019 258/1023
f 302/1022 258/1023 244/1024
f 302/1022 244/1024 253/1025
f 304/1026 273/1027 301/1020
f 304/1026 301/1020 293/1028
f 293/1028 301/1020 302/1022
f 304/1026 293/1028 287/1029
f 293/1028 302/1022 298/1030
f 298/1030 302/1022 253/1025
f 293/1028 298/1030 307/1031
f 298/1030 253/1025 268/1032
f 268/1032 253/1025 230/1033
f 307/1031 298/1030 294/1034
f 307/1031 294/1034 276/1035
f 298/1030 268/1032 254/1036
f 268/1032 230/1033 216/1037
f 268/1032 216/1037 254/1036
f 298/1030 254/1036 242/1038
f 242/1038 254/1036 216/1037
f 298/1030 242/1038 294/1034
f 242/1038 216/1037 265/1039
f 242/1038 265/1039 294/1034
f 294/1034 265/1039 276/1035
f 265/1039 216/1037 229/1040
f 276/1035 265/1039 219/1041
f 219/1041 265/1039 229/1040
f 115/1042 174/1043 245/1044
f 115/1042 245/1044 252/1045
f 174/1043 115/1042 1181/1046
f 115/1042 252/1045 184/1047
f 184/1047 252/1045 164/1048
f 184/1047 164/1048 110/1049
f 115/1042 184/1047 104/1050
f 104/1050 184/1047 110/1049
f 1181/1046 115/1042 33/1051
f 33/1051 115/1042 104/1050
f 1181/1046 33/1051 1245/1052
f 1181/1046 1245/1052 1346/1053
f 1346/1053 1245/1052 1300/1054
f 1346/1053 1300/1054 1310/1055
f 1310/1055 1300/1054 1224/1056
f 1224/1056 1300/1054 1245/1052
f 1310/1055 1224/1056 1239/1057
f 1239/1057 1224/1056 1183/1058
f 6/1059 1245/1052 33/1051
f 1245/1052 6/1059 1224/1056
f 6/1059 33/1051 104/1050
f 1183/1058 1224/1056 23/1060
f 23/1060 1224/1056 6/1059
f 23/1060 6/1059 104/1050
f 23/1060 104/1050 110/1049
f 1183/1058 23/1060 38/1061
f 38/1061 23/1060 110/1049
f 274/1062 225/1063 258/1064
f 258/1064 225/1063 209/1065
f 258/1064 209/1065 230/1066
f 258/1064 230/1066 244/1067
f 244/1067 230/1066 253/1068
f 230/1066 209/1065 229/1069
f 230/1066 229/1069 216/1070
f 930/1071 929/1072 881/1073
f 930/1071 881/1073 943/1074
f 943/1074 881/1073 843/1075
f 843/1075 881/1073 877/1076
f 877/1076 881/1073 929/1072
f 843/1075 877/1076 840/1077
f 840/1077 877/1076 862/1078
f 862/1078 877/1076 917/1079
f 917/1079 877/1076 929/1072
f 862/1078 917/1079 905/1080
f 917/1079 929/1072 912/1081
f 917/1079 912/1081 905/1080
f 912/1081 929/1072 930/1071
f 905/1080 912/1081 903/1082
f 903/1082 912/1081 899/1083
f 903/1082 899/1083 938/1084
f 912/1081 930/1071 901/1085
f 938/1084 899/1083 890/1086
f 938/1084 890/1086 918/1087
f 918/1087 890/1086 880/1088
f 890/1086 899/1083 824/1089
f 880/1088 890/1086 809/1090
f 809/1090 890/1086 824/1089
f 880/1088 809/1090 810/1091
f 810/1091 809/1090 817/1092
f 904/1093 899/1083 912/1081
f 904/1093 912/1081 901/1085
f 824/1089 899/1083 823/1094
f 823/1094 899/1083 904/1093
f 824/1089 823/1094 809/1090
f 823/1094 904/1093 820/1095
f 823/1094 820/1095 809/1090
f 820/1095 904/1093 901/1085
f 809/1090 820/1095 842/1096
f 842/1096 820/1095 901/1085
f 809/1090 842/1096 817/1092
f 842/1096 901/1085 907/1097
f 842/1096 907/1097 817/1092
f 907/1097 901/1085 930/1071
f 817/1092 907/1097 915/1098
f 907/1097 930/1071 952/1099
f 907/1097 952/1099 915/1098
f 989/1100 973/1101 931/1102
f 973/1101 989/1100 994/1103
f 989/1100 931/1102 894/1104
f 894/1104 931/1102 867/1105
f 867/1105 931/1102 927/1106
f 867/1105 927/1106 839/1107
f 839/1107 927/1106 894/1108
f 867/1105 839/1107 874/1109
f 867/1105 874/1109 843/1110
f 843/1110 874/1109 814/1111
f 973/1112 988/1113 908/1114
f 973/1112 908/1114 874/1115
f 874/1115 908/1114 814/1116
f 988/1113 973/1112 994/1117
f 814/1116 908/1114 798/1118
f 908/1114 988/1113 920/1119
f 908/1114 920/1119 798/1118
f 920/1119 988/1113 994/1117
f 735/1120 798/1118 811/1121
f 986/1122 927/1123 994/1117
f 994/1117 927/1123 916/1124
f 994/1117 916/1124 920/1119
f 916/1124 927/1123 931/1125
f 916/1124 931/1125 973/1126
f 916/1124 973/1126 874/1127
f 920/1119 916/1124 841/1128
f 841/1128 916/1124 874/1127
f 920/1119 841/1128 798/1118
f 798/1118 841/1128 811/1121
f 841/1128 874/1127 839/1129
f 841/1128 839/1129 811/1121
f 811/1121 839/1129 863/1130
f 986/1131 989/1132 894/1133
f 989/1132 986/1131 994/1134
f 986/1131 894/1133 927/1135
f 293/1136 279/1137 257/1138
f 257/1138 279/1137 262/1139
f 279/1137 293/1136 305/1140
f 279/1137 305/1140 262/1139
f 305/1140 293/1136 307/1141
f 262/1139 305/1140 282/1142
f 305/1140 307/1141 306/1143
f 305/1140 306/1143 282/1142
f 262/1139 282/1142 260/1144
f 260/1144 282/1142 306/1143
f 262/1139 260/1144 252/1145
f 252/1145 260/1144 237/1146
f 260/1144 306/1143 291/1147
f 237/1146 260/1144 256/1148
f 256/1148 260/1144 291/1147
f 237/1146 256/1148 190/1149
f 237/1146 190/1149 163/1150
f 256/1148 291/1147 286/1151
f 256/1148 286/1151 190/1149
f 190/1149 286/1151 261/1152
f 190/1149 261/1152 188/1153
f 261/1152 286/1151 288/1154
f 261/1152 288/1154 188/1153
f 288/1154 286/1151 291/1147
f 188/1153 288/1154 176/1155
f 296/1156 291/1147 306/1143
f 291/1147 296/1156 288/1154
f 296/1156 306/1143 307/1141
f 176/1155 288/1154 232/1157
f 176/1155 232/1157 130/1158
f 288/1154 296/1156 295/1159
f 288/1154 295/1159 232/1157
f 130/1158 232/1157 187/1160
f 130/1158 187/1160 149/1161
f 149/1161 187/1160 218/1162
f 187/1160 232/1157 192/1163
f 187/1160 192/1163 218/1162
f 232/1157 295/1159 243/1164
f 232/1157 243/1164 192/1163
f 243/1164 295/1159 296/1156
f 192/1163 243/1164 271/1165
f 271/1165 243/1164 296/1156
f 192/1163 271/1165 218/1162
f 271/1165 296/1156 272/1166
f 271/1165 272/1166 218/1162
f 272/1166 296/1156 299/1167
f 299/1167 296/1156 307/1141
f 299/1167 307/1141 276/1168
f 272/1166 299/1167 248/1169
f 248/1169 299/1167 276/1168
f 218/1162 272/1166 223/1170
f 223/1170 272/1166 248/1169
f 248/1169 276/1168 227/1171
f 227/1171 276/1168 219/1172
f 227/1171 219/1172 248/1169
f 248/1169 219/1172 223/1170
f 223/1170 219/1172 229/1173
f 218/1162 223/1170 199/1174
f 218/1162 199/1174 51/1175
f 51/1175 199/1174 215/1176
f 215/1176 199/1174 228/1177
f 228/1177 199/1174 223/1170
f 228/1177 223/1170 229/1173
f 228/1177 229/1173 209/1178
f 228/1177 209/1178 200/1179
f 682/1180 680/1181 681/1182
f 681/1182 680/1181 679/1183
f 682/1180 681/1182 491/1184
f 495/1185 502/1186 511/1187
f 502/1186 495/1185 506/1188
f 506/1188 495/1185 511/1187
f 1051/1189 1018/1190 1052/1191
f 1052/1191 1018/1190 1016/1192
f 310/1193 1258/1194 480/1195
f 480/1195 1258/1194 175/1196
f 1258/1194 310/1193 1543/1197
f 1543/1197 310/1193 162/1198
f 1135/1199 1114/1200 1130/1201
f 1135/1199 1130/1201 1148/1202
f 1114/1200 1135/1199 1124/1203
f 1114/1200 1124/1203 1133/1204
f 1135/1199 1148/1202 1145/1205
f 1135/1199 1145/1205 1124/1203
f 1124/1203 1145/1205 1133/1204
f 1145/1205 1148/1202 1155/1206
f 1145/1205 1155/1206 1133/1204
f 950/1207 981/1208 1018/1209
f 682/1210 549/1211 660/1212
f 549/1211 682/1210 491/1213
f 549/1211 491/1213 342/1214
f 549/1211 342/1214 403/1215
f 779/1216 878/1217 950/1218
f 399/1219 347/1220 380/1221
f 347/1220 399/1219 403/1222
f 347/1220 403/1222 342/1223
f 347/1220 342/1223 364/1224
f 347/1220 364/1224 379/1225
f 379/1225 364/1224 333/1226
f 333/1226 364/1224 342/1223
f 333/1226 342/1223 343/1227
f 333/1226 343/1227 373/1228
f 373/1228 343/1227 386/1229
f 840/1230 867/1231 843/1232
f 867/1231 840/1230 894/1233
f 894/1233 840/1230 839/1234
f 839/1234 840/1230 825/1235
f 825/1235 840/1230 832/1236
f 825/1235 832/1236 838/1237
f 832/1236 840/1230 862/1238
f 838/1237 832/1236 885/1239
f 832/1236 862/1238 849/1240
f 832/1236 849/1240 885/1239
f 849/1240 862/1238 905/1241
f 849/1240 905/1241 903/1242
f 849/1240 903/1242 885/1239
f 838/1237 885/1239 884/1243
f 885/1239 903/1242 960/1244
f 885/1239 960/1244 884/1243
f 960/1244 903/1242 938/1245
f 980/1246 967/1247 938/1245
f 938/1245 967/1247 955/1248
f 938/1245 955/1248 960/1244
f 960/1244 955/1248 951/1249
f 951/1249 955/1248 875/1250
f 884/1243 960/1244 942/1251
f 942/1251 960/1244 951/1249
f 884/1243 942/1251 812/1252
f 884/1243 812/1252 872/1253
f 942/1251 951/1249 946/1254
f 872/1253 812/1252 925/1255
f 942/1251 946/1254 850/1256
f 942/1251 850/1256 812/1252
f 812/1252 850/1256 722/1257
f 850/1256 946/1254 887/1258
f 887/1258 946/1254 951/1249
f 850/1256 887/1258 813/1259
f 813/1259 887/1258 828/1260
f 828/1260 887/1258 951/1249
f 828/1260 951/1249 875/1250
f 828/1260 875/1250 759/1261
f 828/1260 759/1261 788/1262
f 759/1261 875/1250 753/1263
f 759/1261 753/1263 750/1264
f 983/1265 925/1255 812/1252
f 983/1265 812/1252 807/1266
f 925/1255 983/1265 970/1267
f 970/1267 983/1265 995/1268
f 995/1268 983/1265 962/1269
f 1590/1270 1693/1271 1653/1272
f 1590/1270 1653/1272 1520/1273
f 1520/1273 1653/1272 1654/1274
f 1654/1274 1653/1272 1693/1271
f 1590/1270 1520/1273 1529/1275
f 1654/1274 1693/1271 1683/1276
f 1590/1270 1529/1275 1624/1277
f 1590/1270 1624/1277 1693/1271
f 1693/1271 1624/1277 1660/1278
f 1693/1271 1660/1278 1683/1276
f 1624/1279 1582/1280 1660/1281
f 1660/1281 1582/1280 1683/1282
f 1582/1280 1624/1279 1529/1283
f 1683/1282 1582/1280 1654/1284
f 1582/1280 1529/1283 1520/1285
f 1582/1280 1520/1285 1654/1284
f 2136/1286 2247/1287 2281/1288
f 2281/1288 2247/1287 2293/1289
f 2136/1286 2281/1288 2141/1290
f 2281/1288 2293/1289 2312/1291
f 2312/1291 2293/1289 2313/1292
f 2281/1288 2312/1291 2305/1293
f 2305/1293 2312/1291 2313/1292
f 2281/1288 2305/1293 2141/1290
f 2305/1293 2313/1292 2304/1294
f 2305/1293 2304/1294 2300/1295
f 2305/1293 2300/1295 2298/1296
f 2305/1293 2298/1296 2141/1290
f 2141/1290 2298/1296 2295/1297
f 2141/1290 2295/1297 2014/1298
f 2141/1290 2014/1298 1728/1299
s 0
f 1728/1299 2014/1298 1688/1300
s 1
f 2247/1301 2192/1302 2293/1303
f 2293/1303 2192/1302 2264/1304
f 2293/1303 2264/1304 2313/1305
f 2313/1305 2264/1304 2265/1306
f 2313/1305 2265/1306 2304/1307
f 2304/1307 2265/1306 2300/1308
f 2300/1308 2265/1306 2287/1309
f 2287/1309 2265/1306 2165/1310
f 2031/1311 2165/1310 2071/1312
f 2071/1312 2165/1310 2265/1306
f 2265/1306 2264/1304 2232/1313
f 2232/1313 2264/1304 2167/1314
f 2071/1312 2265/1306 2152/1315
f 2071/1312 2152/1315 2055/1316
f 2152/1315 2265/1306 2226/1317
f 2226/1317 2265/1306 2232/1313
f 2055/1316 2152/1315 2157/1318
f 2157/1318 2152/1315 2226/1317
f 2055/1316 2157/1318 2101/1319
f 2055/1316 2101/1319 1999/1320
f 1999/1320 2101/1319 1963/1321
f 1963/1321 2101/1319 1958/1322
f 1958/1322 2101/1319 2074/1323
f 2157/1318 2226/1317 2187/1324
f 2157/1318 2187/1324 2101/1319
f 2074/1323 2101/1319 2156/1325
f 2156/1325 2101/1319 2187/1324
f 2074/1323 2156/1325 2154/1326
f 2187/1324 2226/1317 2208/1327
f 2187/1324 2208/1327 2156/1325
f 2208/1327 2226/1317 2232/1313
f 2154/1326 2156/1325 2189/1328
f 2189/1328 2156/1325 2208/1327
f 2208/1327 2232/1313 2210/1329
f 2208/1327 2210/1329 2189/1328
f 2210/1329 2232/1313 2223/1330
f 2189/1328 2210/1329 2179/1331
f 2189/1328 2179/1331 2170/1332
f 2170/1332 2179/1331 2153/1333
f 2153/1333 2179/1331 2132/1334
f 2179/1331 2210/1329 2176/1335
f 2179/1331 2176/1335 2132/1334
f 2176/1335 2210/1329 2223/1330
f 2209/1336 2223/1330 2232/1313
f 2223/1330 2209/1336 2176/1335
f 2209/1336 2232/1313 2167/1314
f 2209/1336 2167/1314 2143/1337
f 2209/1336 2143/1337 2176/1335
f 2176/1335 2143/1337 2132/1334
f 2132/1334 2143/1337 1976/1338
f 2132/1334 1976/1338 2078/1339
f 1976/1338 2143/1337 1923/1340
f 1976/1338 1923/1340 1832/1341
f 1976/1338 1832/1341 1894/1342
f 1908/1343 1868/1344 1977/1345
f 1868/1344 1908/1343 1825/1346
f 1868/1344 1825/1346 1845/1347
f 1868/1344 1845/1347 1920/1348
f 1868/1344 1920/1348 1977/1345
f 1825/1346 1908/1343 1876/1349
f 1825/1346 1876/1349 1853/1350
f 1853/1350 1876/1349 1909/1351
f 1909/1351 1876/1349 1908/1343
f 1909/1351 1908/1343 2044/1352
f 2044/1352 1908/1343 1977/1345
f 1909/1351 2044/1352 2078/1353
f 1985/1354 1977/1345 1920/1348
f 1985/1354 1920/1348 1919/1355
f 1919/1355 1920/1348 1881/1356
f 1919/1355 1881/1356 2091/1357
f 1919/1355 2091/1357 1985/1354
f 2091/1357 1881/1356 1953/1358
f 1977/1345 1985/1354 2123/1359
f 2123/1359 1985/1354 2091/1357
f 2091/1357 1953/1358 2142/1360
f 1977/1345 2123/1359 2122/1361
f 1977/1345 2122/1361 2044/1352
f 2123/1359 2091/1357 2146/1362
f 2146/1362 2091/1357 2145/1363
f 2145/1363 2091/1357 2142/1360
f 2123/1359 2146/1362 2183/1364
f 2123/1359 2183/1364 2122/1361
f 2146/1362 2145/1363 2195/1365
f 2195/1365 2145/1363 2142/1360
f 2146/1362 2195/1365 2183/1364
f 2094/1366 2044/1352 2122/1361
f 2044/1352 2094/1366 2131/1367
f 2131/1367 2094/1366 2122/1361
f 2044/1352 2131/1367 2078/1353
f 2178/1368 2122/1361 2183/1364
f 2122/1361 2178/1368 2131/1367
f 2131/1367 2178/1368 2151/1369
f 2131/1367 2151/1369 2168/1370
f 2168/1370 2151/1369 2178/1368
f 2131/1367 2168/1370 2078/1353
f 2132/1371 2078/1353 2153/1372
f 2153/1372 2078/1353 2168/1370
f 2153/1372 2168/1370 2170/1373
f 2207/1374 2178/1368 2183/1364
f 2178/1368 2207/1374 2168/1370
f 2207/1374 2183/1364 2216/1375
f 2216/1375 2183/1364 2195/1365
f 2168/1370 2207/1374 2182/1376
f 2168/1370 2182/1376 2170/1373
f 2182/1376 2207/1374 2211/1377
f 2211/1377 2207/1374 2216/1375
f 2182/1376 2211/1377 2175/1378
f 2170/1373 2182/1376 2166/1379
f 2166/1379 2182/1376 2175/1378
f 2170/1373 2166/1379 2154/1380
f 2170/1373 2154/1380 2189/1381
f 2166/1379 2175/1378 2193/1382
f 2193/1382 2175/1378 2211/1377
f 2154/1380 2166/1379 2130/1383
f 2130/1383 2166/1379 2193/1382
f 2154/1380 2130/1383 2073/1384
f 2193/1382 2211/1377 2194/1385
f 2194/1385 2211/1377 2216/1375
f 2130/1383 2193/1382 2148/1386
f 2073/1384 2130/1383 2066/1387
f 2148/1386 2193/1382 2161/1388
f 2148/1386 2161/1388 2130/1383
f 2161/1388 2193/1382 2194/1385
f 2066/1387 2130/1383 2103/1389
f 2103/1389 2130/1383 2161/1388
f 2103/1389 2161/1388 2125/1390
f 2125/1390 2161/1388 2194/1385
f 2103/1389 2125/1390 1997/1391
f 2066/1387 2103/1389 1993/1392
f 1993/1392 2103/1389 1997/1391
f 2066/1387 1993/1392 1944/1393
f 2066/1387 1944/1393 1934/1394
f 1934/1394 1944/1393 1899/1395
f 1899/1395 1944/1393 1929/1396
f 1929/1396 1944/1393 1993/1392
f 1899/1395 1929/1396 1861/1397
f 1929/1396 1993/1392 1898/1398
f 1929/1396 1898/1398 1861/1397
f 1898/1398 1993/1392 1997/1391
f 1861/1397 1898/1398 1823/1399
f 1898/1398 1997/1391 1870/1400
f 1898/1398 1870/1400 1823/1399
f 1823/1399 1870/1400 1815/1401
f 1823/1399 1815/1401 1748/1402
f 1748/1402 1815/1401 1761/1403
f 1815/1401 1870/1400 1863/1404
f 1870/1400 1997/1391 1922/1405
f 1870/1400 1922/1405 1863/1404
f 1863/1404 1922/1405 1927/1406
f 1922/1405 1997/1391 2004/1407
f 1922/1405 2004/1407 1927/1406
f 2004/1407 1997/1391 2125/1390
f 1863/1404 1927/1406 1871/1408
f 1863/1404 1871/1408 1815/1401
f 1871/1408 1927/1406 2004/1407
f 1816/1409 1761/1403 1815/1401
f 1816/1409 1815/1401 1871/1408
f 1761/1403 1816/1409 1806/1410
f 1761/1403 1806/1410 1804/1411
f 1804/1411 1806/1410 1816/1409
f 1804/1411 1816/1409 1871/1408
f 1804/1411 1871/1408 1819/1412
f 1819/1412 1871/1408 1914/1413
f 1914/1413 1871/1408 2004/1407
f 1914/1413 2004/1407 2070/1414
f 1914/1413 2070/1414 1916/1415
f 2137/1416 2004/1407 2125/1390
f 2004/1407 2137/1416 2070/1414
f 2137/1416 2125/1390 2194/1385
f 1916/1415 2070/1414 2005/1417
f 1916/1415 2005/1417 1910/1418
f 1910/1418 2005/1417 1911/1419
f 1911/1419 2005/1417 2082/1420
f 2082/1420 2005/1417 2070/1414
f 1911/1419 2082/1420 2025/1421
f 2025/1421 2082/1420 2142/1360
f 2082/1420 2070/1414 2134/1422
f 2082/1420 2134/1422 2142/1360
f 2134/1422 2070/1414 2150/1423
f 2150/1423 2070/1414 2137/1416
f 2142/1360 2134/1422 2184/1424
f 2184/1424 2134/1422 2150/1423
f 2142/1360 2184/1424 2195/1365
f 2195/1365 2184/1424 2216/1375
f 2150/1423 2137/1416 2139/1425
f 2216/1375 2184/1424 2202/1426
f 2139/1425 2137/1416 2188/1427
f 2139/1425 2188/1427 2150/1423
f 2188/1427 2137/1416 2194/1385
f 2184/1424 2150/1423 2204/1428
f 2184/1424 2204/1428 2202/1426
f 2204/1428 2150/1423 2188/1427
f 2202/1426 2204/1428 2216/1375
f 2204/1428 2188/1427 2194/1385
f 2204/1428 2194/1385 2216/1375
f 2269/1429 2242/1430 2263/1431
f 2269/1429 2263/1431 2273/1432
f 2263/1431 2242/1430 2250/1433
f 2250/1433 2242/1430 2231/1434
f 2250/1433 2231/1434 2249/1435
f 2250/1433 2249/1435 2263/1431
f 2263/1431 2249/1435 2258/1436
f 2263/1431 2258/1436 2273/1432
f 2273/1432 2258/1436 2249/1435
f 1791/1437 1845/1438 1825/1439
f 1881/1440 1920/1441 1845/1438
f 1791/1437 1825/1439 1744/1442
f 1881/1440 1845/1438 1848/1443
f 1881/1440 1848/1443 1953/1444
f 1845/1438 1791/1437 1828/1445
f 1845/1438 1828/1445 1848/1443
f 1828/1445 1791/1437 1752/1446
f 1752/1446 1791/1437 1744/1442
f 1828/1445 1752/1446 1798/1447
f 1828/1445 1798/1447 1807/1448
f 1807/1448 1798/1447 1752/1446
f 1828/1445 1807/1448 1848/1443
f 1807/1448 1752/1446 1764/1449
f 1848/1443 1807/1448 1809/1450
f 1809/1450 1807/1448 1764/1449
f 1764/1449 1752/1446 1751/1451
f 1751/1451 1752/1446 1744/1442
f 1764/1449 1751/1451 1753/1452
f 1764/1449 1753/1452 1809/1450
f 1751/1451 1744/1442 1730/1453
f 1751/1451 1730/1453 1753/1452
f 1753/1452 1730/1453 1761/1454
f 1753/1452 1761/1454 1804/1455
f 1753/1452 1804/1455 1809/1450
f 1761/1454 1730/1453 1748/1456
f 1809/1450 1804/1455 1819/1457
f 1748/1456 1730/1453 1741/1458
f 1732/1459 1730/1453 1744/1442
f 1730/1453 1732/1459 1741/1458
f 1809/1450 1819/1457 1854/1460
f 1748/1456 1741/1458 1769/1461
f 1748/1456 1769/1461 1823/1462
f 1769/1461 1741/1458 1789/1463
f 1823/1462 1769/1461 1843/1464
f 1769/1461 1789/1463 1803/1465
f 1803/1465 1789/1463 1741/1458
f 1769/1461 1803/1465 1843/1464
f 1823/1462 1843/1464 1849/1466
f 1823/1462 1849/1466 1861/1467
f 1861/1467 1849/1466 1843/1464
f 1861/1467 1843/1464 1899/1468
f 1899/1468 1843/1464 1842/1469
f 1842/1469 1843/1464 1803/1465
f 1803/1465 1741/1458 1754/1470
f 1754/1470 1741/1458 1732/1459
f 1842/1469 1803/1465 1786/1471
f 1842/1469 1786/1471 1799/1472
f 1799/1472 1786/1471 1543/1473
f 1786/1471 1803/1465 1788/1474
f 1788/1474 1803/1465 1754/1470
f 1786/1471 1788/1474 1790/1475
f 1790/1475 1788/1474 1781/1476
f 1788/1474 1754/1470 1776/1477
f 1788/1474 1776/1477 1781/1476
f 1776/1477 1754/1470 1732/1459
f 1781/1476 1776/1477 1759/1478
f 1759/1478 1776/1477 1732/1459
f 1781/1476 1759/1478 1773/1479
f 1759/1478 1732/1459 1756/1480
f 1756/1480 1732/1459 1744/1442
f 1756/1480 1744/1442 1825/1439
f 1756/1480 1825/1439 1801/1481
f 1759/1478 1756/1480 1805/1482
f 1759/1478 1805/1482 1773/1479
f 1805/1482 1756/1480 1801/1481
f 1773/1479 1805/1482 1772/1483
f 1805/1482 1801/1481 1817/1484
f 1805/1482 1817/1484 1772/1483
f 1772/1483 1817/1484 1796/1485
f 1894/1486 2078/1487 1976/1488
f 2078/1487 1894/1486 1909/1489
f 1909/1489 1894/1486 1836/1490
f 1836/1490 1894/1486 1832/1491
f 1909/1489 1836/1490 1853/1492
f 1836/1490 1832/1491 1774/1493
f 1853/1492 1836/1490 1817/1494
f 1853/1492 1817/1494 1838/1495
f 1853/1492 1838/1495 1825/1496
f 1825/1496 1838/1495 1801/1497
f 1801/1497 1838/1495 1817/1494
f 1817/1494 1836/1490 1796/1498
f 1796/1498 1836/1490 1774/1493
f 1740/1499 1760/1500 1774/1493
f 1774/1493 1760/1500 1780/1501
f 1774/1493 1780/1501 1796/1498
f 1780/1501 1760/1500 1716/1502
f 1796/1498 1780/1501 1743/1503
f 1780/1501 1716/1502 1737/1504
f 1780/1501 1737/1504 1743/1503
f 1796/1498 1743/1503 1739/1505
f 1739/1505 1743/1503 1737/1504
f 1796/1498 1739/1505 1772/1506
f 1737/1504 1716/1502 1719/1507
f 1737/1504 1719/1507 1739/1505
f 1719/1507 1716/1502 1701/1508
f 1701/1508 1716/1502 1658/1509
f 1739/1505 1719/1507 1713/1510
f 1739/1505 1713/1510 1772/1506
f 1719/1507 1701/1508 1714/1511
f 1719/1507 1714/1511 1713/1510
f 1701/1508 1658/1509 1695/1512
f 1714/1511 1701/1508 1700/1513
f 1700/1513 1701/1508 1695/1512
f 1714/1511 1700/1513 1713/1510
f 1713/1510 1700/1513 1695/1512
f 1713/1510 1695/1512 1772/1506
f 1772/1506 1695/1512 1583/1514
f 1772/1506 1583/1514 1702/1515
f 1702/1515 1583/1514 1677/1516
f 1677/1516 1583/1514 1565/1517
f 1772/1506 1702/1515 1726/1518
f 1772/1506 1726/1518 1773/1519
f 1773/1519 1726/1518 1781/1520
f 1677/1516 1565/1517 1690/1521
f 1677/1516 1690/1521 1702/1515
f 1690/1521 1565/1517 1661/1522
f 1661/1522 1565/1517 1537/1523
f 1702/1515 1690/1521 1711/1524
f 1702/1515 1711/1524 1726/1518
f 1711/1524 1690/1521 1661/1522
f 1726/1518 1711/1524 1781/1520
f 1711/1524 1661/1522 1722/1525
f 1711/1524 1722/1525 1781/1520
f 1781/1520 1722/1525 1790/1526
f 1790/1526 1722/1525 1786/1527
f 1786/1527 1722/1525 1706/1528
f 2251/1529 2273/1530 2236/1531
f 2236/1531 2273/1530 2249/1532
f 2273/1530 2251/1529 2269/1533
f 2236/1531 2249/1532 2231/1534
f 2236/1531 2231/1534 2251/1529
f 2269/1533 2251/1529 2242/1535
f 2242/1535 2251/1529 2231/1534
f 1901/1536 1953/1444 1848/1443
f 1953/1444 1901/1536 2079/1537
f 1953/1444 2079/1537 2142/1538
f 2142/1538 2079/1537 2025/1539
f 2025/1539 2079/1537 1901/1536
f 2025/1539 1901/1536 1911/1540
f 1901/1536 1848/1443 1847/1541
f 1901/1536 1847/1541 1911/1540
f 1847/1541 1848/1443 1809/1450
f 1847/1541 1809/1450 1854/1460
f 1847/1541 1854/1460 1911/1540
f 1911/1540 1854/1460 1910/1542
f 1910/1542 1854/1460 1860/1543
f 1910/1542 1860/1543 1916/1544
f 1860/1543 1854/1460 1819/1457
f 1916/1544 1860/1543 1914/1545
f 1914/1545 1860/1543 1819/1457
f 1370/1546 1330/1547 1388/1548
f 1370/1546 1388/1548 1406/1549
f 1388/1548 1330/1547 1360/1550
f 1360/1550 1330/1547 1311/1551
f 1406/1549 1388/1548 1403/1552
f 1406/1549 1403/1552 1408/1553
f 1388/1548 1360/1550 1499/1554
f 1388/1548 1499/1554 1403/1552
f 1499/1554 1360/1550 1583/1555
f 1408/1553 1403/1552 1488/1556
f 1488/1556 1403/1552 1499/1554
f 1408/1553 1488/1556 1508/1557
f 1408/1553 1508/1557 1528/1558
f 1488/1556 1499/1554 1507/1559
f 1488/1556 1507/1559 1508/1557
f 1499/1554 1583/1555 1576/1560
f 1576/1560 1583/1555 1695/1561
f 1507/1559 1499/1554 1536/1562
f 1536/1562 1499/1554 1576/1560
f 1507/1559 1536/1562 1508/1557
f 1576/1560 1695/1561 1655/1563
f 1655/1563 1695/1561 1658/1564
f 1536/1562 1576/1560 1636/1565
f 1636/1565 1576/1560 1655/1563
f 1536/1562 1636/1565 1508/1557
f 1636/1565 1655/1563 1658/1564
f 1636/1565 1658/1564 1508/1557
f 1508/1557 1658/1564 1716/1566
f 1508/1557 1716/1566 1528/1558
f 1528/1558 1716/1566 1704/1567
f 1704/1567 1716/1566 1760/1568
f 1704/1567 1760/1568 1740/1569
f 2154/1570 2073/1571 2074/1572
f 2074/1572 2073/1571 1990/1573
f 2074/1572 1990/1573 1958/1574
f 1958/1574 1990/1573 1970/1575
f 1990/1573 2073/1571 2000/1576
f 1990/1573 2000/1576 1970/1575
f 2000/1576 2073/1571 2062/1577
f 1970/1575 2000/1576 2041/1578
f 2041/1578 2000/1576 2062/1577
f 1970/1575 2041/1578 1965/1579
f 1970/1575 1965/1579 1959/1580
f 2041/1578 2062/1577 1994/1581
f 2041/1578 1994/1581 1965/1579
f 1994/1581 2062/1577 2057/1582
f 1965/1579 1994/1581 1968/1583
f 1968/1583 1994/1581 2057/1582
f 2057/1582 2062/1577 2060/1584
f 1965/1579 1968/1583 1957/1585
f 1968/1583 2057/1582 2010/1586
f 1968/1583 2010/1586 1957/1585
f 2010/1586 2057/1582 1980/1587
f 1980/1587 2057/1582 2060/1584
f 2010/1586 1980/1587 1957/1585
f 1980/1587 2060/1584 2001/1588
f 1980/1587 2001/1588 1957/1585
f 2001/1588 2060/1584 2064/1589
f 1957/1585 2001/1588 1955/1590
f 2001/1588 2064/1589 1971/1591
f 2001/1588 1971/1591 1955/1590
f 2051/1592 2073/1593 2066/1594
f 2073/1593 2051/1592 2062/1595
f 2051/1592 2066/1594 1934/1596
f 2051/1592 1934/1596 1941/1597
f 2051/1592 1941/1597 1966/1598
f 1966/1598 1941/1597 1933/1599
f 1966/1598 1933/1599 2012/1600
f 1966/1598 2012/1600 2051/1592
f 2012/1600 1933/1599 2016/1601
f 2012/1600 2016/1601 2051/1592
f 2051/1592 2016/1601 2050/1602
f 2060/1603 2062/1595 2051/1592
f 2060/1603 2051/1592 2050/1602
f 2060/1603 2050/1602 2046/1604
f 2060/1603 2046/1604 2056/1605
f 2060/1603 2056/1605 2040/1606
f 2060/1603 2040/1606 2064/1607
f 2064/1607 2040/1606 1971/1608
f 1955/1609 1971/1608 1973/1610
f 1973/1610 1971/1608 2040/1606
f 1973/1610 2040/1606 2099/1611
f 2099/1611 2040/1606 2105/1612
f 2040/1606 2056/1605 2081/1613
f 2040/1606 2081/1613 2105/1612
f 2105/1612 2081/1613 2107/1614
f 2081/1613 2056/1605 2035/1615
f 2081/1613 2035/1615 2037/1616
f 1958/1617 1970/1618 1959/1619
f 1965/1620 1957/1621 1959/1619
f 1959/1619 1957/1621 1955/1622
f 1958/1617 1959/1619 1935/1623
f 1935/1623 1959/1619 1955/1622
f 1958/1617 1935/1623 1963/1624
f 1963/1624 1935/1623 1999/1625
f 2055/1626 1999/1625 2071/1627
f 2071/1627 1999/1625 1984/1628
f 1984/1628 1999/1625 1935/1623
f 2071/1627 1984/1628 2031/1629
f 1935/1623 1955/1622 1960/1630
f 1935/1623 1960/1630 1984/1628
f 1960/1630 1955/1622 1998/1631
f 1998/1631 1955/1622 1973/1632
f 1984/1628 1960/1630 1982/1633
f 1984/1628 1982/1633 2031/1629
f 1982/1633 1960/1630 1998/1631
f 1998/1631 1973/1632 2099/1634
f 2031/1629 1982/1633 2235/1635
f 2031/1629 2235/1635 2165/1636
f 2165/1636 2235/1635 2287/1637
f 2235/1635 1982/1633 2102/1638
f 2102/1638 1982/1633 1998/1631
f 2235/1635 2102/1638 2238/1639
f 2238/1639 2102/1638 2212/1640
f 2212/1640 2102/1638 2124/1641
f 2102/1638 1998/1631 2114/1642
f 2102/1638 2114/1642 2124/1641
f 2114/1642 1998/1631 2099/1634
f 2124/1641 2114/1642 2109/1643
f 2109/1643 2114/1642 2099/1634
f 2109/1643 2099/1634 2107/1644
f 2107/1644 2099/1634 2105/1645
f 2109/1643 2107/1644 2088/1646
f 2088/1646 2107/1644 2037/1647
f 2088/1646 2037/1647 2035/1648
f 2037/1647 2107/1644 2081/1649
f 2291/1650 2261/1651 2286/1652
f 2286/1652 2261/1651 2276/1653
f 2286/1652 2276/1653 2259/1654
f 2286/1652 2259/1654 2279/1655
f 2286/1652 2279/1655 2296/1656
f 2286/1652 2296/1656 2291/1650
f 2296/1656 2279/1655 2283/1657
f 2291/1650 2296/1656 2285/1658
f 2285/1658 2296/1656 2283/1657
f 2291/1650 2285/1658 2261/1651
f 2285/1658 2283/1657 2266/1659
f 2285/1658 2266/1659 2261/1651
f 2261/1651 2266/1659 2224/1660
f 2224/1660 2266/1659 2240/1661
f 2224/1660 2240/1661 2221/1662
f 2221/1662 2240/1661 2246/1663
f 2221/1662 2246/1663 2241/1664
f 2224/1660 2221/1662 2220/1665
f 2224/1660 2220/1665 2261/1651
f 2220/1665 2221/1662 2241/1664
f 2244/1666 2241/1664 2261/1651
f 2241/1664 2244/1666 2220/1665
f 2220/1665 2244/1666 2261/1651
f 1608/1667 1542/1668 1617/1669
f 1608/1667 1617/1669 1667/1670
f 1617/1669 1542/1668 1531/1671
f 1531/1671 1542/1668 1524/1672
f 1667/1670 1617/1669 1676/1673
f 1531/1671 1524/1672 1606/1674
f 1606/1674 1524/1672 1538/1675
f 1617/1669 1531/1671 1627/1676
f 1617/1669 1627/1676 1676/1673
f 1667/1670 1676/1673 1689/1677
f 1689/1677 1676/1673 1627/1676
f 1667/1670 1689/1677 1694/1678
f 1627/1676 1531/1671 1568/1679
f 1568/1679 1531/1671 1606/1674
f 1689/1677 1627/1676 1673/1680
f 1689/1677 1673/1680 1694/1678
f 1673/1680 1627/1676 1568/1679
f 1694/1678 1673/1680 1664/1681
f 1673/1680 1568/1679 1638/1682
f 1638/1682 1568/1679 1606/1674
f 1673/1680 1638/1682 1664/1681
f 1694/1678 1664/1681 1626/1683
f 1638/1682 1606/1674 1630/1684
f 1638/1682 1630/1684 1664/1681
f 1626/1683 1664/1681 1631/1685
f 1631/1685 1664/1681 1630/1684
f 1626/1683 1631/1685 1569/1686
f 1630/1684 1606/1674 1572/1687
f 1572/1687 1606/1674 1538/1675
f 1572/1687 1538/1675 1541/1688
f 1572/1687 1541/1688 1570/1689
f 1630/1684 1572/1687 1625/1690
f 1625/1690 1572/1687 1570/1689
f 1630/1684 1625/1690 1631/1685
f 1625/1690 1570/1689 1647/1691
f 1647/1691 1570/1689 1610/1692
f 1647/1691 1610/1692 1629/1693
f 1647/1691 1629/1693 1625/1690
f 1625/1690 1629/1693 1631/1685
f 1563/1694 1569/1686 1631/1685
f 1569/1686 1563/1694 1549/1695
f 1563/1694 1631/1685 1588/1696
f 1588/1696 1631/1685 1637/1697
f 1563/1694 1588/1696 1593/1698
f 1593/1698 1588/1696 1637/1697
f 1563/1694 1593/1698 1605/1699
f 1605/1699 1593/1698 1637/1697
f 2256/1700 2260/1701 2241/1702
f 2241/1702 2260/1701 2261/1703
f 2256/1700 2241/1702 2246/1704
f 2256/1700 2246/1704 2257/1705
f 2257/1705 2246/1704 2240/1706
f 2257/1705 2240/1706 2259/1705
f 2259/1705 2240/1706 2266/1707
f 1612/1708 1592/1709 1657/1710
f 1612/1708 1657/1710 1656/1711
f 1592/1709 1612/1708 1516/1712
f 1656/1711 1657/1710 1666/1713
f 1666/1713 1657/1710 1592/1709
f 1592/1709 1516/1712 1519/1714
f 1656/1711 1666/1713 1616/1715
f 1656/1711 1616/1715 1585/1716
f 1585/1716 1616/1715 1554/1717
f 1554/1717 1616/1715 1569/1718
f 1569/1718 1616/1715 1626/1719
f 1626/1719 1616/1715 1666/1713
f 1626/1719 1666/1713 1694/1720
f 1694/1720 1666/1713 1667/1721
f 1667/1721 1666/1713 1592/1709
f 1667/1721 1592/1709 1608/1722
f 1608/1722 1592/1709 1519/1714
f 1608/1722 1519/1714 1511/1723
f 1511/1723 1519/1714 1480/1724
f 1480/1724 1519/1714 1351/1725
f 1351/1725 1519/1714 1345/1726
f 1345/1726 1519/1714 1516/1712
f 1351/1725 1345/1726 1242/1727
f 1345/1726 1516/1712 1430/1728
f 1242/1727 1345/1726 1261/1729
f 1345/1726 1430/1728 1262/1730
f 1345/1726 1262/1730 1261/1729
f 2257/1731 2277/1732 2283/1733
f 2283/1733 2277/1732 2266/1734
f 2257/1731 2283/1733 2279/1735
f 2257/1731 2279/1735 2259/1731
f 1937/1736 1946/1737 2046/1738
f 1937/1736 2046/1738 2050/1739
f 2046/1738 1946/1737 2029/1740
f 2046/1738 2029/1740 2056/1741
f 2029/1740 1946/1737 1949/1742
f 1949/1742 1946/1737 1937/1736
f 2056/1741 2029/1740 2026/1743
f 2026/1743 2029/1740 1949/1742
f 2056/1741 2026/1743 2077/1744
f 2056/1741 2077/1744 2035/1745
f 2026/1743 1949/1742 1943/1746
f 2026/1743 1943/1746 2008/1747
f 1943/1746 1949/1742 1937/1736
f 1943/1746 1937/1736 1930/1748
f 1930/1748 1937/1736 1924/1749
f 1930/1748 1924/1749 1904/1750
f 1941/1751 1937/1736 2050/1739
f 1937/1736 1941/1751 1924/1749
f 1941/1751 2050/1739 2016/1752
f 1941/1751 2016/1752 1933/1753
f 1924/1749 1941/1751 1934/1754
f 1924/1749 1934/1754 1899/1755
f 1904/1750 1924/1749 1893/1756
f 1893/1756 1924/1749 1899/1755
f 1904/1750 1893/1756 1885/1757
f 1885/1757 1893/1756 1899/1755
f 1904/1750 1885/1757 1886/1758
f 1886/1758 1885/1757 1889/1759
f 1885/1757 1899/1755 1883/1760
f 1883/1760 1899/1755 1842/1761
f 1889/1759 1885/1757 1887/1762
f 1889/1759 1887/1762 1802/1763
f 1885/1757 1883/1760 1875/1764
f 1875/1764 1883/1760 1842/1761
f 1885/1757 1875/1764 1887/1762
f 1887/1762 1875/1764 1802/1763
f 1875/1764 1842/1761 1799/1765
f 1875/1764 1799/1765 1802/1763
f 1385/1766 1444/1767 1468/1768
f 1468/1768 1444/1767 1469/1769
f 1469/1769 1444/1767 1367/1770
f 1367/1770 1444/1767 1385/1766
f 1367/1770 1385/1766 1361/1771
f 2235/1772 2238/1773 2316/1774
f 2287/1775 2235/1772 2300/1776
f 2300/1776 2235/1772 2316/1774
f 2316/1774 2238/1773 2289/1777
f 2289/1777 2238/1773 2212/1778
f 2300/1776 2316/1774 2318/1779
f 2300/1776 2318/1779 2298/1780
f 2316/1774 2289/1777 2320/1781
f 2298/1780 2318/1779 2295/1782
f 2289/1777 2212/1778 2233/1783
f 2316/1774 2320/1781 2324/1784
f 2316/1774 2324/1784 2318/1779
f 2320/1781 2289/1777 2314/1785
f 2320/1781 2314/1785 2324/1784
f 2314/1785 2289/1777 2233/1783
f 2318/1779 2324/1784 2321/1786
f 2318/1779 2321/1786 2295/1782
f 2324/1784 2314/1785 2311/1787
f 2324/1784 2311/1787 2321/1786
f 2311/1787 2314/1785 2233/1783
f 2295/1782 2321/1786 2322/1788
f 2322/1788 2321/1786 2311/1787
f 2295/1782 2322/1788 2302/1789
f 2124/1790 2233/1783 2212/1778
f 2295/1782 2302/1789 2270/1791
f 2295/1782 2270/1791 2014/1792
f 2311/1787 2233/1783 2245/1793
f 2014/1792 2270/1791 1834/1794
s 0
f 2014/1792 1834/1794 1688/1795
f 1688/1795 1834/1794 1371/1796
f 1688/1795 1371/1796 1293/1797
f 1696/1798 1834/1794 2084/1799
s 1
f 2084/1799 1834/1794 2270/1791
f 2084/1799 2270/1791 2229/1800
f 2228/1801 2311/1787 2245/1793
f 2228/1801 2245/1793 2205/1802
f 2205/1802 2245/1793 2233/1783
f 2311/1787 2228/1801 2255/1803
f 2228/1801 2205/1802 2185/1804
f 2228/1801 2185/1804 2255/1803
f 2205/1802 2233/1783 2159/1805
f 2205/1802 2159/1805 2185/1804
f 2159/1805 2233/1783 2124/1790
f 2255/1803 2185/1804 2203/1806
f 2311/1787 2255/1803 2317/1807
f 2311/1787 2317/1807 2322/1788
f 2317/1807 2255/1803 2274/1808
f 2274/1808 2255/1803 2203/1806
f 2322/1788 2317/1807 2323/1809
f 2317/1807 2274/1808 2319/1810
f 2317/1807 2319/1810 2323/1809
f 2322/1788 2323/1809 2302/1789
f 2319/1810 2274/1808 2307/1811
f 2307/1811 2274/1808 2203/1806
f 2323/1809 2319/1810 2325/1812
f 2325/1812 2319/1810 2307/1811
f 2323/1809 2325/1812 2315/1813
f 2315/1813 2325/1812 2307/1811
f 2323/1809 2315/1813 2302/1789
f 2302/1789 2315/1813 2299/1814
f 2299/1814 2315/1813 2307/1811
f 2307/1811 2203/1806 2217/1815
f 2217/1815 2203/1806 2129/1816
f 2307/1811 2217/1815 2135/1817
f 2135/1817 2217/1815 2129/1816
f 2299/1814 2307/1811 2267/1818
f 2267/1818 2307/1811 2135/1817
f 2299/1814 2267/1818 2219/1819
f 2219/1819 2267/1818 2135/1817
f 2303/1820 2302/1789 2299/1814
f 2302/1789 2303/1820 2301/1821
f 2302/1789 2301/1821 2270/1791
f 2303/1820 2299/1814 2243/1822
f 2243/1822 2299/1814 2219/1819
f 2301/1821 2303/1820 2310/1823
f 2310/1823 2303/1820 2243/1822
f 2270/1791 2301/1821 2308/1824
f 2308/1824 2301/1821 2310/1823
f 2270/1791 2308/1824 2229/1800
f 2229/1800 2308/1824 2294/1825
f 2229/1800 2294/1825 2275/1826
f 2275/1826 2294/1825 2271/1827
f 2294/1825 2308/1824 2306/1828
f 2294/1825 2306/1828 2271/1827
f 2306/1828 2308/1824 2310/1823
f 2271/1827 2306/1828 2268/1829
f 2306/1828 2310/1823 2272/1830
f 2306/1828 2272/1830 2268/1829
f 2272/1830 2310/1823 2243/1822
f 2268/1829 2272/1830 2239/1831
f 2268/1829 2239/1831 2222/1832
f 2222/1832 2239/1831 2227/1833
f 2239/1831 2272/1830 2225/1834
f 2239/1831 2225/1834 2227/1833
f 2225/1834 2272/1830 2243/1822
f 2227/1833 2225/1834 2190/1835
f 2190/1835 2225/1834 2127/1836
f 2127/1836 2225/1834 2243/1822
f 2190/1835 2127/1836 2112/1837
f 2112/1837 2127/1836 1987/1838
f 2127/1836 2243/1822 2068/1839
f 2127/1836 2068/1839 1987/1838
f 2068/1839 2243/1822 2140/1840
f 2140/1840 2243/1822 2219/1819
f 1987/1838 2068/1839 1979/1841
f 1987/1838 1979/1841 1945/1842
f 2068/1839 2140/1840 2042/1843
f 2068/1839 2042/1843 1979/1841
f 2140/1840 2219/1819 2039/1844
f 2140/1840 2039/1844 2042/1843
f 2039/1844 2219/1819 1991/1845
f 2039/1844 1991/1845 2042/1843
f 2042/1843 1991/1845 1979/1841
f 1979/1841 1991/1845 1945/1842
f 1991/1845 2219/1819 2135/1817
f 1945/1842 1991/1845 1962/1846
f 1945/1842 1962/1846 1969/1847
f 1991/1845 2135/1817 2059/1848
f 1991/1845 2059/1848 1962/1846
f 1962/1846 2059/1848 2086/1849
f 2086/1849 2059/1848 2121/1850
f 2059/1848 2135/1817 2129/1816
f 2121/1850 2059/1848 2119/1851
f 2119/1851 2059/1848 2129/1816
f 2121/1850 2119/1851 2116/1852
f 2121/1850 2116/1852 2117/1853
f 2119/1851 2129/1816 2110/1854
f 2119/1851 2110/1854 2116/1852
f 2110/1854 2129/1816 2108/1855
f 2108/1855 2129/1816 2203/1806
f 2108/1855 2203/1806 2185/1804
f 2117/1853 2116/1852 2076/1856
f 2117/1853 2076/1856 2052/1857
f 2116/1852 2110/1854 2087/1858
f 2116/1852 2087/1858 2076/1856
f 2110/1854 2108/1855 2083/1859
f 2110/1854 2083/1859 2087/1858
f 2108/1855 2185/1804 2065/1860
f 2108/1855 2065/1860 2083/1859
f 2065/1860 2185/1804 2159/1805
f 2038/1861 2052/1857 2076/1856
f 2038/1861 2076/1856 2087/1858
f 2052/1857 2038/1861 2072/1862
f 2052/1857 2072/1862 2043/1863
f 2038/1861 2087/1858 2095/1864
f 2095/1864 2087/1858 2083/1859
f 2038/1861 2095/1864 2072/1862
f 2043/1863 2072/1862 2077/1865
f 2077/1865 2072/1862 2035/1866
f 2035/1866 2072/1862 2085/1867
f 2085/1867 2072/1862 2095/1864
f 2035/1866 2085/1867 2088/1868
f 2095/1864 2083/1859 2069/1869
f 2095/1864 2069/1869 2085/1867
f 2088/1868 2085/1867 2092/1870
f 2092/1870 2085/1867 2069/1869
f 2088/1868 2092/1870 2109/1871
f 2069/1869 2083/1859 2019/1872
f 2019/1872 2083/1859 2065/1860
f 2092/1870 2069/1869 2032/1873
f 2069/1869 2019/1872 2033/1874
f 2069/1869 2033/1874 2032/1873
f 2033/1874 2019/1872 2065/1860
f 2032/1873 2033/1874 2092/1870
f 2097/1875 2109/1871 2092/1870
f 2097/1875 2092/1870 2033/1874
f 2109/1871 2097/1875 2124/1790
f 2033/1874 2065/1860 2023/1876
f 2124/1790 2097/1875 2100/1877
f 2100/1877 2097/1875 2033/1874
f 2100/1877 2033/1874 2023/1876
f 2100/1877 2023/1876 2065/1860
f 2124/1790 2100/1877 2159/1805
f 2159/1805 2100/1877 2065/1860
f 1549/1878 1563/1879 1605/1880
f 1549/1878 1605/1880 1551/1881
f 1551/1881 1605/1880 1567/1882
f 1549/1878 1551/1881 1546/1883
f 1551/1881 1567/1882 1599/1884
f 1546/1883 1551/1881 1573/1885
f 1551/1881 1599/1884 1633/1886
f 1551/1881 1633/1886 1573/1885
f 1633/1886 1599/1884 1642/1887
f 1633/1886 1642/1887 1650/1888
f 1546/1883 1573/1885 1544/1889
f 1633/1886 1650/1888 1640/1890
f 1633/1886 1640/1890 1573/1885
f 1573/1885 1640/1890 1594/1891
f 1544/1889 1573/1885 1545/1892
f 1545/1892 1573/1885 1594/1891
f 1594/1891 1640/1890 1596/1893
f 1594/1891 1596/1893 1545/1892
f 1640/1890 1650/1888 1641/1894
f 1640/1890 1641/1894 1596/1893
f 1545/1892 1596/1893 1607/1895
f 1607/1895 1596/1893 1641/1894
f 1544/1889 1545/1892 1555/1896
f 1555/1896 1545/1892 1607/1895
f 1607/1895 1641/1894 1589/1897
f 1641/1894 1650/1888 1645/1898
f 1641/1894 1645/1898 1589/1897
f 1645/1898 1650/1888 1632/1899
f 1607/1895 1589/1897 1578/1900
f 1607/1895 1578/1900 1555/1896
f 1578/1900 1589/1897 1645/1898
f 1645/1898 1632/1899 1648/1901
f 1578/1900 1645/1898 1615/1902
f 1578/1900 1615/1902 1555/1896
f 1645/1898 1648/1901 1643/1903
f 1645/1898 1643/1903 1615/1902
f 1555/1896 1615/1902 1575/1904
f 1575/1904 1615/1902 1643/1903
f 1555/1896 1575/1904 1566/1905
f 1566/1905 1575/1904 1643/1903
f 1555/1896 1566/1905 1597/1906
f 1597/1906 1566/1905 1643/1903
f 1555/1896 1597/1906 1544/1889
f 1544/1889 1597/1906 1584/1907
f 1634/1908 1643/1903 1648/1901
f 1643/1903 1634/1908 1597/1906
f 1584/1907 1597/1906 1581/1909
f 1581/1909 1597/1906 1634/1908
f 1584/1907 1581/1909 1649/1910
f 1649/1910 1581/1909 1634/1908
f 1634/1908 1648/1901 1651/1911
f 1649/1910 1634/1908 1681/1912
f 1681/1912 1634/1908 1651/1911
f 1681/1912 1651/1911 1692/1913
f 1692/1913 1651/1911 1652/1914
f 1692/1913 1652/1914 1644/1915
f 1681/1912 1692/1913 1697/1916
f 1681/1912 1697/1916 1649/1910
f 1692/1913 1644/1915 1678/1917
f 1692/1913 1678/1917 1697/1916
f 1678/1917 1644/1915 1639/1918
f 1649/1910 1697/1916 1659/1919
f 1659/1919 1697/1916 1678/1917
f 1649/1910 1659/1919 1669/1920
f 1678/1917 1639/1918 1623/1921
f 1678/1917 1623/1921 1659/1919
f 1659/1919 1623/1921 1603/1922
f 1659/1919 1603/1922 1558/1923
f 1603/1922 1623/1921 1557/1924
f 1623/1921 1639/1918 1559/1925
f 1623/1921 1559/1925 1557/1924
f 1559/1925 1639/1918 1602/1926
f 1559/1925 1602/1926 1513/1927
f 1559/1925 1513/1927 1557/1924
f 1557/1924 1513/1927 1518/1928
f 1383/1929 1393/1930 1411/1931
f 1383/1929 1411/1931 1455/1932
f 1455/1932 1411/1931 1418/1933
f 1418/1933 1411/1931 1412/1934
f 1418/1933 1412/1934 1391/1935
f 1391/1935 1412/1934 1389/1936
f 1412/1934 1411/1931 1414/1937
f 1412/1934 1414/1937 1389/1936
f 1414/1937 1411/1931 1393/1930
f 1389/1936 1414/1937 1395/1938
f 1414/1937 1393/1930 1404/1939
f 1414/1937 1404/1939 1402/1940
f 1404/1939 1393/1930 1384/1941
f 1637/1942 1631/1943 1650/1944
f 1650/1944 1631/1943 1629/1945
f 1637/1942 1650/1944 1642/1946
f 1637/1942 1642/1946 1605/1947
f 1605/1947 1642/1946 1567/1948
f 1567/1948 1642/1946 1599/1949
f 1650/1944 1629/1945 1571/1950
f 1571/1950 1629/1945 1610/1951
f 1571/1950 1610/1951 1570/1952
f 1571/1950 1570/1952 1541/1953
f 1650/1944 1571/1950 1604/1954
f 1604/1954 1571/1950 1541/1953
f 1604/1954 1541/1953 1540/1955
f 1650/1944 1604/1954 1632/1956
f 1632/1956 1604/1954 1574/1957
f 2026/1958 2008/1959 2077/1960
f 2077/1960 2008/1959 2018/1961
f 2018/1961 2008/1959 1988/1962
f 1988/1962 2008/1959 1930/1963
f 1930/1963 2008/1959 1943/1964
f 1446/1965 1434/1966 1478/1967
f 1446/1965 1478/1967 1497/1968
f 1497/1968 1478/1967 1464/1969
f 1446/1965 1497/1968 1436/1970
f 1446/1965 1436/1970 1402/1971
f 1402/1971 1436/1970 1424/1972
f 1402/1971 1424/1972 1414/1973
f 1436/1970 1497/1968 1493/1974
f 1436/1970 1493/1974 1424/1972
f 1414/1973 1424/1972 1421/1975
f 1421/1975 1424/1972 1458/1976
f 1458/1976 1424/1972 1493/1974
f 1414/1973 1421/1975 1429/1977
f 1414/1973 1429/1977 1395/1978
f 1421/1975 1458/1976 1413/1979
f 1421/1975 1413/1979 1429/1977
f 1413/1979 1458/1976 1450/1980
f 1450/1980 1458/1976 1493/1974
f 1429/1977 1413/1979 1448/1981
f 1448/1981 1413/1979 1450/1980
f 1395/1978 1429/1977 1462/1982
f 1462/1982 1429/1977 1448/1981
f 1395/1978 1462/1982 1419/1983
f 1448/1981 1450/1980 1498/1984
f 1448/1981 1498/1984 1462/1982
f 1498/1984 1450/1980 1493/1974
f 1419/1983 1462/1982 1494/1985
f 1494/1985 1462/1982 1498/1984
f 1419/1983 1494/1985 1437/1986
f 1419/1983 1437/1986 1362/1987
f 1362/1987 1437/1986 1465/1988
f 1465/1988 1437/1986 1494/1985
f 1362/1987 1465/1988 1364/1989
f 1494/1985 1498/1984 1487/1990
f 1494/1985 1487/1990 1465/1988
f 1487/1990 1498/1984 1493/1974
f 1465/1988 1487/1990 1495/1991
f 1465/1988 1495/1991 1364/1989
f 1487/1990 1493/1974 1496/1992
f 1496/1992 1493/1974 1497/1968
f 1496/1992 1497/1968 1489/1993
f 1496/1992 1489/1993 1460/1994
f 1364/1989 1495/1991 1471/1995
f 1471/1995 1495/1991 1487/1990
f 1364/1989 1471/1995 1377/1996
f 1471/1995 1487/1990 1477/1997
f 1377/1996 1471/1995 1382/1998
f 1382/1998 1471/1995 1477/1997
f 1477/1997 1487/1990 1447/1999
f 1477/1997 1447/1999 1382/1998
f 1377/1996 1382/1998 1348/2000
f 1377/1996 1348/2000 1364/1989
f 1348/2000 1382/1998 1447/1999
f 1364/1989 1348/2000 1276/2001
f 1364/1989 1276/2001 1204/2002
f 1447/1999 1487/1990 1485/2003
f 1485/2003 1487/1990 1496/1992
f 1485/2003 1496/1992 1470/2004
f 1447/1999 1485/2003 1451/2005
f 1451/2005 1485/2003 1470/2004
f 1470/2004 1496/1992 1463/2006
f 1470/2004 1463/2006 1451/2005
f 1463/2006 1496/1992 1454/2007
f 1463/2006 1454/2007 1451/2005
f 1451/2005 1454/2007 1447/1999
f 1454/2007 1496/1992 1460/1994
f 1454/2007 1460/1994 1443/2008
f 1454/2007 1443/2008 1423/2009
f 1447/1999 1454/2007 1439/2010
f 1439/2010 1454/2007 1423/2009
f 1447/1999 1439/2010 1348/2000
f 1439/2010 1423/2009 1336/2011
f 1336/2011 1423/2009 1359/2012
f 1348/2000 1439/2010 1358/2013
f 1358/2013 1439/2010 1336/2011
f 1348/2000 1358/2013 1289/2014
f 1358/2013 1336/2011 1184/2015
f 1358/2013 1184/2015 1289/2014
f 1184/2015 1336/2011 1243/2016
f 1348/2000 1289/2014 1276/2001
f 1289/2014 1184/2015 26/2017
f 26/2017 1184/2015 166/2018
f 1276/2001 1289/2014 1268/2019
f 1276/2001 1268/2019 1280/2020
f 1268/2019 1289/2014 1216/2021
f 1216/2021 1289/2014 26/2017
f 1268/2019 1216/2021 1218/2022
f 1280/2020 1268/2019 1227/2023
f 1280/2020 1227/2023 1276/2001
f 1227/2023 1268/2019 1218/2022
f 1276/2001 1227/2023 1214/2024
f 1214/2024 1227/2023 1218/2022
f 1214/2024 1218/2022 1216/2021
f 1214/2024 1216/2021 26/2017
f 1276/2001 1214/2024 1204/2002
f 1214/2024 26/2017 20/2025
f 1214/2024 20/2025 1204/2002
f 20/2025 26/2017 40/2026
f 1204/2002 20/2025 100/2027
f 20/2025 40/2026 88/2028
f 20/2025 88/2028 100/2027
f 1204/2002 100/2027 176/2029
f 88/2028 40/2026 105/2030
f 105/2030 40/2026 26/2017
f 88/2028 105/2030 100/2027
f 105/2030 26/2017 166/2018
f 176/2029 100/2027 163/2031
f 163/2031 100/2027 105/2030
f 163/2031 105/2030 166/2018
f 163/2031 166/2018 237/2032
f 176/2029 163/2031 188/2033
f 188/2033 163/2031 190/2034
f 1346/2035 1310/2036 1423/2037
f 1423/2037 1310/2036 1301/2038
f 1423/2037 1301/2038 1359/2039
f 1301/2038 1310/2036 1239/2040
f 1359/2039 1301/2038 1336/2041
f 1336/2041 1301/2038 1271/2042
f 1271/2042 1301/2038 1239/2040
f 1336/2041 1271/2042 1243/2043
f 1243/2043 1271/2042 1184/2044
f 1271/2042 1239/2040 5/2045
f 1271/2042 5/2045 1184/2044
f 5/2045 1239/2040 1183/2046
f 5/2045 1183/2046 38/2047
f 1184/2044 5/2045 75/2048
f 5/2045 38/2047 111/2049
f 5/2045 111/2049 75/2048
f 111/2049 38/2047 110/2050
f 111/2049 110/2050 164/2051
f 111/2049 164/2051 75/2048
f 75/2048 164/2051 1184/2044
f 1184/2044 164/2051 166/2052
f 166/2052 164/2051 237/2053
f 237/2053 164/2051 252/2054
f 1768/2055 1774/2056 1832/2057
f 1774/2056 1768/2055 1740/2058
f 1930/2059 1950/2060 1988/2061
f 1988/2061 1950/2060 2018/2062
f 1950/2060 1930/2059 1938/2063
f 1950/2060 1938/2063 2018/2062
f 1938/2063 1930/2059 1904/2064
f 2077/2065 2018/2062 2043/2066
f 2043/2066 2018/2062 1938/2063
f 1938/2063 1904/2064 1921/2067
f 2043/2066 1938/2063 2003/2068
f 2043/2066 2003/2068 2058/2069
f 2043/2066 2058/2069 2052/2070
f 2003/2068 1938/2063 1952/2071
f 2003/2068 1952/2071 2049/2072
f 2003/2068 2049/2072 2058/2069
f 1952/2071 1938/2063 1940/2073
f 1940/2073 1938/2063 1921/2067
f 2049/2072 1952/2071 1967/2074
f 1967/2074 1952/2071 1940/2073
f 2049/2072 1967/2074 2009/2075
f 2009/2075 1967/2074 1940/2073
f 2049/2072 2009/2075 2058/2069
f 2009/2075 1940/2073 2054/2076
f 2009/2075 2054/2076 2058/2069
f 1940/2073 1921/2067 1928/2077
f 2054/2076 1940/2073 1947/2078
f 1947/2078 1940/2073 1928/2077
f 2054/2076 1947/2078 2027/2079
f 1947/2078 1928/2077 1932/2080
f 1947/2078 1932/2080 2027/2079
f 2027/2079 1932/2080 2020/2081
f 1932/2080 1928/2077 1948/2082
f 1932/2080 1948/2082 2020/2081
f 1915/2083 1928/2077 1921/2067
f 1928/2077 1915/2083 1948/2082
f 2061/2084 2054/2076 2027/2079
f 2054/2076 2061/2084 2058/2069
f 2027/2079 2020/2081 2053/2085
f 2053/2085 2020/2081 1948/2082
f 2027/2079 2053/2085 2061/2084
f 2053/2085 1948/2082 1951/2086
f 1951/2086 1948/2082 1915/2083
f 2053/2085 1951/2086 2047/2087
f 2053/2085 2047/2087 2061/2084
f 1951/2086 1915/2083 1913/2088
f 1913/2088 1915/2083 1907/2089
f 1951/2086 1913/2088 2013/2090
f 1951/2086 2013/2090 2047/2087
f 1907/2089 1915/2083 1884/2091
f 1907/2089 1884/2091 1866/2092
f 1866/2092 1884/2091 1890/2093
f 1890/2093 1884/2091 1888/2094
f 1888/2094 1884/2091 1889/2095
f 1889/2095 1884/2091 1886/2096
f 1884/2091 1915/2083 1892/2097
f 1884/2091 1892/2097 1886/2096
f 1892/2097 1915/2083 1921/2067
f 1886/2096 1892/2097 1904/2064
f 1904/2064 1892/2097 1921/2067
f 2067/2098 2047/2087 2013/2090
f 2047/2087 2067/2098 2061/2084
f 2067/2098 2013/2090 2034/2099
f 2067/2098 2034/2099 1972/2100
f 2034/2099 2013/2090 2090/2101
f 2090/2101 2013/2090 1986/2102
f 2067/2098 1972/2100 2022/2103
f 2022/2103 1972/2100 1954/2104
f 1954/2104 1972/2100 2034/2099
f 2067/2098 2022/2103 2063/2105
f 2067/2098 2063/2105 2061/2084
f 2063/2105 2022/2103 1992/2106
f 1992/2106 2022/2103 1954/2104
f 2063/2105 1992/2106 1983/2107
f 2061/2084 2063/2105 2007/2108
f 2007/2108 2063/2105 1983/2107
f 1983/2107 1992/2106 1975/2109
f 1983/2107 1975/2109 2007/2108
f 1992/2106 1954/2104 1956/2110
f 1992/2106 1956/2110 1975/2109
f 2061/2084 2007/2108 2048/2111
f 2048/2111 2007/2108 1975/2109
f 2061/2084 2048/2111 2030/2112
f 2061/2084 2030/2112 2058/2069
f 2048/2111 1975/2109 1989/2113
f 2048/2111 1989/2113 2030/2112
f 1989/2113 1975/2109 1964/2114
f 1964/2114 1975/2109 1956/2110
f 2030/2112 1989/2113 1961/2115
f 1961/2115 1989/2113 1964/2114
f 2030/2112 1961/2115 2015/2116
f 2015/2116 1961/2115 1964/2114
f 2030/2112 2015/2116 2058/2069
f 2015/2116 1964/2114 1969/2117
f 1969/2117 1964/2114 1956/2110
f 1969/2117 1956/2110 1945/2118
f 1945/2118 1956/2110 1987/2119
f 1987/2119 1956/2110 1995/2120
f 1995/2120 1956/2110 1954/2104
f 2015/2116 1969/2117 1974/2121
f 1974/2121 1969/2117 1962/2122
f 1974/2121 1962/2122 2086/2123
f 1974/2121 2086/2123 2015/2116
f 2015/2116 2086/2123 2058/2069
f 2058/2069 2086/2123 2052/2070
f 2052/2070 2086/2123 2117/2124
f 2117/2124 2086/2123 2121/2125
f 2096/2126 1995/2120 1954/2104
f 1995/2120 2096/2126 2112/2127
f 2096/2126 1954/2104 2034/2099
f 2096/2126 2034/2099 2147/2128
f 2174/2129 2190/2130 2096/2126
f 2174/2129 2096/2126 2147/2128
f 2147/2128 2034/2099 2128/2131
f 2128/2131 2034/2099 2090/2101
f 2174/2129 2147/2128 2171/2132
f 2147/2128 2128/2131 2180/2133
f 2147/2128 2180/2133 2171/2132
f 2128/2131 2090/2101 2126/2134
f 2128/2131 2126/2134 2180/2133
f 2126/2134 2090/2101 1986/2102
f 2126/2134 1986/2102 2093/2135
f 2093/2135 1986/2102 1903/2136
f 2093/2135 1903/2136 2028/2137
f 2093/2135 2028/2137 2133/2138
f 2126/2134 2093/2135 2186/2139
f 2186/2139 2093/2135 2133/2138
f 2126/2134 2186/2139 2180/2133
f 2186/2139 2133/2138 2173/2140
f 2186/2139 2173/2140 2198/2141
f 2186/2139 2198/2141 2215/2142
f 2186/2139 2215/2142 2180/2133
f 2215/2142 2198/2141 2213/2143
f 2215/2142 2213/2143 2206/2144
f 2180/2133 2215/2142 2197/2145
f 2197/2145 2215/2142 2206/2144
f 2180/2133 2197/2145 2171/2132
f 2197/2145 2206/2144 2177/2146
f 2177/2146 2206/2144 2196/2147
f 2177/2146 2196/2147 2149/2148
f 2177/2146 2149/2148 2115/2149
f 2171/2132 2197/2145 2169/2150
f 2169/2150 2197/2145 2160/2151
f 2169/2150 2160/2151 2171/2132
f 2160/2151 2197/2145 2177/2146
f 2171/2132 2160/2151 2155/2152
f 2171/2132 2155/2152 2174/2129
f 2174/2129 2155/2152 2199/2153
f 2160/2151 2177/2146 2138/2154
f 2138/2154 2177/2146 2115/2149
f 2160/2151 2138/2154 2155/2152
f 2138/2154 2115/2149 2089/2155
f 2138/2154 2089/2155 2155/2152
f 2155/2152 2089/2155 2045/2156
f 2155/2152 2045/2156 2162/2157
f 2089/2155 2115/2149 1996/2158
f 2089/2155 1996/2158 2045/2156
f 1996/2158 2115/2149 1939/2159
f 2045/2156 1996/2158 1905/2160
f 1996/2158 1939/2159 1918/2161
f 1996/2158 1918/2161 1905/2160
f 1918/2161 1939/2159 1869/2162
f 1905/2160 1918/2161 1873/2163
f 1918/2161 1869/2162 1877/2164
f 1918/2161 1877/2164 1873/2163
f 1877/2164 1869/2162 1858/2165
f 1877/2164 1858/2165 1873/2163
f 702/2166 720/2167 700/2168
f 702/2166 700/2168 680/2169
f 700/2168 720/2167 730/2170
f 730/2170 720/2167 732/2171
f 730/2170 732/2171 813/2172
f 957/2173 995/2174 913/2175
f 957/2173 913/2175 925/2176
f 995/2174 957/2173 965/2177
f 995/2174 965/2177 970/2178
f 970/2178 965/2177 838/2179
f 838/2179 965/2177 825/2180
f 825/2180 965/2177 957/2173
f 825/2180 957/2173 856/2181
f 856/2181 957/2173 925/2176
f 825/2180 856/2181 839/2182
f 839/2182 856/2181 863/2183
f 856/2181 925/2176 864/2184
f 856/2181 864/2184 863/2183
f 864/2184 925/2176 970/2185
f 863/2183 864/2184 872/2186
f 864/2184 970/2185 838/2187
f 864/2184 838/2187 872/2186
f 872/2186 838/2187 884/2188
f 995/2189 962/2190 913/2191
f 913/2191 962/2190 863/2192
f 913/2191 863/2192 872/2193
f 913/2191 872/2193 925/2194
f 1151/2195 1046/2196 1120/2197
f 1120/2197 1046/2196 656/2198
s 0
f 270/2199 308/2200 656/2198
f 656/2198 308/2200 603/2201
f 656/2198 603/2201 1054/2202
s 1
f 656/2198 1054/2202 1120/2197
s 0
f 1054/2202 603/2201 638/2203
s 1
f 1054/2202 638/2203 796/2204
f 1120/2197 1054/2202 1142/2205
f 1054/2202 796/2204 1106/2206
f 1054/2202 1106/2206 1142/2205
f 1106/2206 796/2204 1081/2207
f 1081/2207 796/2204 852/2208
f 1142/2205 1106/2206 1149/2209
f 1149/2209 1106/2206 1081/2207
f 1120/2197 1142/2205 1158/2210
f 1120/2197 1158/2210 1151/2195
f 1142/2205 1149/2209 1163/2211
f 1142/2205 1163/2211 1158/2210
f 1151/2195 1158/2210 1156/2212
f 1156/2212 1158/2210 1163/2211
f 1086/2213 1081/2207 852/2208
f 1086/2213 852/2208 718/2214
f 1086/2213 718/2214 1026/2215
f 1081/2207 1086/2213 1143/2216
f 1081/2207 1143/2216 1149/2209
f 1143/2216 1086/2213 1026/2215
f 1162/2217 1163/2211 1149/2209
f 1162/2217 1149/2209 1143/2216
f 1163/2211 1162/2217 1156/2212
f 1162/2217 1143/2216 1131/2218
f 1131/2218 1143/2216 1026/2215
f 1162/2217 1131/2218 1156/2212
f 1150/2219 1151/2195 1156/2212
f 1151/2195 1150/2219 1170/2220
f 1167/2221 1178/2222 1170/2220
f 1167/2221 1170/2220 1150/2219
f 1167/2221 1150/2219 1104/2223
f 1167/2221 1104/2223 1127/2224
f 1150/2219 1156/2212 1116/2225
f 1116/2225 1156/2212 1131/2218
f 1104/2223 1150/2219 1094/2226
f 1094/2226 1150/2219 1116/2225
f 1127/2224 1104/2223 933/2227
f 933/2227 1104/2223 1094/2226
f 1127/2224 933/2227 1032/2228
f 1032/2228 933/2227 967/2229
f 967/2229 933/2227 955/2230
f 955/2230 933/2227 875/2231
f 1094/2226 1116/2225 1029/2232
f 1029/2232 1116/2225 1131/2218
f 933/2227 1094/2226 819/2233
f 819/2233 1094/2226 1029/2232
f 875/2231 933/2227 778/2234
f 778/2234 933/2227 819/2233
f 875/2231 778/2234 753/2235
f 753/2235 778/2234 741/2236
f 753/2235 741/2236 750/2237
f 750/2237 741/2236 763/2238
f 763/2238 741/2236 771/2239
f 771/2239 741/2236 757/2240
f 771/2239 757/2240 760/2241
f 760/2241 757/2240 768/2242
f 768/2242 757/2240 922/2243
f 790/2244 741/2236 778/2234
f 790/2244 778/2234 819/2233
f 757/2240 741/2236 795/2245
f 795/2245 741/2236 790/2244
f 790/2244 819/2233 869/2246
f 869/2246 819/2233 1029/2232
f 790/2244 869/2246 882/2247
f 882/2247 869/2246 1029/2232
f 790/2244 882/2247 795/2245
f 909/2248 922/2243 757/2240
f 909/2248 757/2240 795/2245
f 795/2245 882/2247 853/2249
f 922/2243 909/2248 1002/2250
f 922/2243 1002/2250 996/2251
f 909/2248 795/2245 971/2252
f 971/2252 795/2245 853/2249
f 1002/2250 909/2248 1015/2253
f 1015/2253 909/2248 971/2252
f 996/2251 1002/2250 1025/2254
f 996/2251 1025/2254 999/2255
f 1002/2250 1015/2253 1048/2256
f 1002/2250 1048/2256 1025/2254
f 1015/2253 971/2252 1063/2257
f 1015/2253 1063/2257 1048/2256
f 991/2258 971/2252 853/2249
f 991/2258 853/2249 882/2247
f 971/2252 991/2258 1063/2257
f 991/2258 882/2247 1029/2232
f 991/2258 1029/2232 1071/2259
f 991/2258 1071/2259 1063/2257
f 1071/2259 1029/2232 1131/2218
f 1063/2257 1071/2259 1085/2260
f 1085/2260 1071/2259 1131/2218
f 1066/2261 1048/2256 1063/2257
f 1066/2261 1063/2257 1085/2260
f 1066/2261 1085/2260 1075/2262
f 1085/2260 1131/2218 1068/2263
f 1085/2260 1068/2263 1075/2262
f 1068/2263 1131/2218 1026/2215
f 1066/2261 1075/2262 1049/2264
f 1049/2264 1075/2262 1068/2263
f 1038/2265 1048/2256 1066/2261
f 1038/2265 1066/2261 1049/2264
f 1049/2264 1068/2263 979/2266
f 1049/2264 979/2266 1038/2265
f 1068/2263 1026/2215 948/2267
f 1068/2263 948/2267 979/2266
f 948/2267 1026/2215 674/2268
f 948/2267 674/2268 873/2269
f 948/2267 873/2269 979/2266
f 873/2269 674/2268 690/2270
f 1038/2265 979/2266 966/2271
f 966/2271 979/2266 873/2269
f 873/2269 690/2270 835/2272
f 873/2269 835/2272 966/2271
f 835/2272 690/2270 684/2273
f 835/2272 684/2273 709/2274
f 835/2272 709/2274 821/2275
f 835/2272 821/2275 969/2276
f 835/2272 969/2276 985/2277
f 835/2272 985/2277 966/2271
f 985/2277 969/2276 999/2255
f 966/2271 985/2277 1027/2278
f 1027/2278 985/2277 999/2255
f 966/2271 1027/2278 1038/2265
f 1027/2278 999/2255 1025/2254
f 1038/2265 1027/2278 1048/2256
f 1048/2256 1027/2278 1025/2254
f 51/2279 149/2280 218/2281
f 149/2280 51/2279 54/2282
f 149/2280 54/2282 129/2283
f 149/2280 129/2283 130/2284
f 130/2284 129/2283 87/2285
f 87/2285 129/2283 54/2282
f 130/2284 87/2285 55/2286
f 87/2285 54/2282 58/2287
f 87/2285 58/2287 55/2286
f 130/2284 55/2286 176/2288
f 176/2288 55/2286 1204/2289
f 55/2286 58/2287 1185/2290
f 1185/2290 58/2287 54/2282
f 1204/2289 55/2286 1198/2291
f 1198/2291 55/2286 1185/2290
f 1185/2290 54/2282 1201/2292
f 1185/2290 1201/2292 1198/2291
f 1201/2292 54/2282 51/2279
f 1204/2289 1198/2291 1264/2293
f 1204/2289 1264/2293 1364/2294
f 1364/2294 1264/2293 1362/2295
f 1264/2293 1198/2291 1240/2296
f 1240/2296 1198/2291 1201/2292
f 1362/2295 1264/2293 1328/2297
f 1362/2295 1328/2297 1419/2298
f 1419/2298 1328/2297 1395/2299
f 1328/2297 1264/2293 1283/2300
f 1283/2300 1264/2293 1240/2296
f 1395/2299 1328/2297 1326/2301
f 1326/2301 1328/2297 1283/2300
f 1395/2299 1326/2301 1389/2302
f 1389/2302 1326/2301 51/2279
f 1326/2301 1283/2300 1266/2303
f 1326/2301 1266/2303 51/2279
f 1266/2303 1283/2300 1240/2296
f 51/2279 1266/2303 1201/2292
f 1201/2292 1266/2303 1240/2296
f 421/2304 363/2305 397/2306
f 397/2306 363/2305 350/2307
f 421/2304 397/2306 450/2308
f 421/2304 450/2308 451/2309
f 451/2309 450/2308 464/2310
f 464/2310 450/2308 479/2311
f 450/2308 397/2306 404/2312
f 450/2308 404/2312 479/2311
f 404/2312 397/2306 350/2307
f 404/2312 350/2307 384/2313
f 384/2313 350/2307 348/2314
f 479/2311 404/2312 449/2315
f 449/2315 404/2312 384/2313
f 479/2311 449/2315 460/2316
f 479/2311 460/2316 469/2317
f 449/2315 384/2313 432/2318
f 449/2315 432/2318 460/2316
f 384/2313 348/2314 357/2319
f 384/2313 357/2319 432/2318
f 469/2317 460/2316 406/2320
f 469/2317 406/2320 429/2321
f 406/2320 460/2316 418/2322
f 357/2319 348/2314 392/2323
f 357/2319 392/2323 432/2318
f 392/2323 348/2314 343/2324
f 392/2323 343/2324 491/2325
f 392/2323 491/2325 466/2326
f 392/2323 466/2326 432/2318
f 418/2322 460/2316 472/2327
f 472/2327 460/2316 432/2318
f 472/2327 432/2318 466/2326
f 418/2322 472/2327 420/2328
f 420/2328 472/2327 466/2326
f 759/2329 750/2330 788/2331
f 788/2331 750/2330 777/2332
f 777/2332 750/2330 763/2333
f 788/2331 777/2332 861/2334
f 788/2331 861/2334 847/2335
f 788/2331 847/2335 828/2336
f 861/2334 777/2332 831/2337
f 861/2334 831/2337 847/2335
f 828/2336 847/2335 813/2338
f 831/2337 777/2332 781/2339
f 781/2339 777/2332 763/2333
f 847/2335 831/2337 857/2340
f 857/2340 831/2337 781/2339
f 781/2339 763/2333 871/2341
f 781/2339 871/2341 857/2340
f 871/2341 763/2333 770/2342
f 871/2341 770/2342 857/2340
f 770/2342 763/2333 771/2343
f 857/2340 770/2342 765/2344
f 765/2344 770/2342 771/2343
f 857/2340 765/2344 815/2345
f 815/2345 765/2344 771/2343
f 836/2346 847/2335 857/2340
f 836/2346 857/2340 815/2345
f 806/2347 813/2338 847/2335
f 806/2347 847/2335 836/2346
f 813/2338 806/2347 730/2348
f 730/2348 806/2347 736/2349
f 736/2349 806/2347 762/2350
f 762/2350 806/2347 836/2346
f 730/2348 736/2349 725/2351
f 725/2351 736/2349 762/2350
f 725/2351 762/2350 836/2346
f 730/2348 725/2351 700/2352
f 680/2353 700/2352 679/2354
f 679/2354 700/2352 685/2355
f 679/2354 685/2355 670/2356
f 670/2356 685/2355 704/2357
f 685/2355 700/2352 717/2358
f 685/2355 717/2358 704/2357
f 717/2358 700/2352 725/2351
f 704/2357 717/2358 743/2359
f 717/2358 725/2351 740/2360
f 717/2358 740/2360 743/2359
f 740/2360 725/2351 836/2346
f 743/2359 740/2360 833/2361
f 833/2361 740/2360 836/2346
f 743/2359 833/2361 855/2362
f 833/2361 836/2346 851/2363
f 833/2361 851/2363 855/2362
f 851/2363 836/2346 815/2345
f 851/2363 815/2345 816/2364
f 816/2364 815/2345 771/2343
f 816/2364 771/2343 760/2365
f 816/2364 760/2365 768/2366
f 851/2363 816/2364 876/2367
f 876/2367 816/2364 768/2366
f 851/2363 876/2367 855/2362
f 876/2367 768/2366 922/2368
f 855/2362 876/2367 895/2369
f 895/2369 876/2367 922/2368
f 855/2362 895/2369 888/2370
f 895/2369 922/2368 978/2371
f 895/2369 978/2371 888/2370
f 464/2372 453/2373 430/2374
f 479/2375 492/2376 464/2372
f 464/2372 492/2376 482/2377
f 464/2372 482/2377 453/2373
f 482/2377 492/2376 485/2378
f 482/2377 485/2378 470/2379
f 482/2377 470/2379 453/2373
f 470/2379 485/2378 431/2380
f 470/2379 431/2380 453/2373
f 453/2373 431/2380 383/2381
f 401/2382 430/2374 453/2373
f 401/2382 453/2373 383/2381
f 335/2383 354/2384 401/2382
f 335/2383 401/2382 321/2385
f 401/2382 383/2381 326/2386
f 401/2382 326/2386 321/2385
f 326/2386 383/2381 355/2387
f 321/2385 326/2386 359/2388
f 359/2388 326/2386 355/2387
f 359/2388 355/2387 429/2389
f 359/2388 429/2389 338/2390
f 338/2390 429/2389 406/2391
f 1137/2392 1144/2393 1125/2394
f 1125/2394 1144/2393 1126/2395
f 1126/2395 1144/2393 1139/2396
f 1139/2396 1144/2393 1152/2397
f 1152/2397 1144/2393 1137/2392
f 1152/2397 1137/2392 1128/2398
f 1128/2398 1137/2392 1123/2399
f 1126/2395 1139/2396 1119/2400
f 1126/2395 1119/2400 1125/2394
f 1119/2400 1139/2396 1134/2401
f 1121/2402 1137/2392 1125/2394
f 1137/2392 1121/2402 1123/2399
f 1121/2402 1125/2394 1119/2400
f 1123/2399 1121/2402 1108/2403
f 1108/2403 1121/2402 1119/2400
f 269/2404 226/2405 113/2406
f 113/2406 226/2405 141/2407
f 113/2406 141/2407 63/2408
f 141/2407 226/2405 277/2409
f 277/2409 226/2405 269/2404
f 277/2409 269/2404 321/2410
f 277/2409 321/2410 359/2411
f 321/2410 269/2404 335/2412
f 269/2404 113/2406 112/2413
f 269/2404 112/2413 335/2412
f 112/2413 113/2406 15/2414
f 335/2412 112/2413 312/2415
f 312/2415 112/2413 32/2416
f 15/2417 113/2418 52/2419
f 52/2419 113/2418 63/2420
f 15/2417 52/2419 44/2421
f 52/2419 63/2420 31/2422
f 52/2419 31/2422 44/2421
f 31/2422 63/2420 1223/2423
f 1223/2423 63/2420 141/2424
f 44/2421 31/2422 1217/2425
f 44/2421 1217/2425 15/2417
f 31/2422 1223/2423 1249/2426
f 31/2422 1249/2426 1217/2425
f 15/2417 1217/2425 1231/2427
f 1231/2427 1217/2425 1249/2426
f 15/2417 1231/2427 1297/2428
f 1297/2428 1231/2427 1249/2426
f 1249/2426 1223/2423 1325/2429
f 1249/2426 1325/2429 1297/2428
f 1325/2429 1223/2423 1467/2430
f 1297/2428 1325/2429 1349/2431
f 1349/2431 1325/2429 1467/2430
f 15/2417 1297/2428 1347/2432
f 15/2417 1347/2432 112/2433
f 1297/2428 1349/2431 1452/2434
f 1452/2434 1349/2431 1467/2430
f 1297/2428 1452/2434 1347/2432
f 1452/2434 1467/2430 1518/2435
f 1452/2434 1518/2435 1347/2432
f 1518/2435 1467/2430 1557/2436
f 1347/2432 1518/2435 1561/2437
f 681/2438 679/2439 683/2440
f 681/2438 683/2440 433/2441
f 683/2440 679/2439 670/2442
f 433/2441 683/2440 675/2443
f 675/2443 683/2440 670/2442
f 433/2441 675/2443 636/2444
f 636/2444 675/2443 670/2442
f 636/2444 670/2442 614/2445
f 636/2444 614/2445 572/2446
f 572/2446 614/2445 578/2447
f 1097/2448 1102/2449 1072/2450
f 1072/2450 1102/2449 1084/2451
f 1097/2448 1072/2450 1058/2452
f 1072/2450 1084/2451 1065/2453
f 1072/2450 1065/2453 1058/2452
f 1065/2453 1084/2451 1082/2454
f 1058/2452 1065/2453 1080/2455
f 1080/2455 1065/2453 1082/2454
f 1058/2452 1080/2455 1097/2448
f 1080/2455 1082/2454 1095/2456
f 1080/2455 1095/2456 1107/2457
f 1080/2455 1107/2457 1097/2448
f 1097/2448 1107/2457 1123/2458
f 1123/2458 1107/2457 1128/2459
f 1128/2459 1107/2457 1134/2460
f 1128/2459 1134/2460 1152/2461
f 1152/2461 1134/2460 1139/2462
f 1134/2460 1107/2457 1119/2463
f 1119/2463 1107/2457 1108/2464
f 289/2465 267/2466 264/2467
f 264/2467 267/2466 177/2468
f 177/2468 267/2466 289/2465
f 1223/2469 141/2470 264/2467
f 264/2467 141/2470 277/2471
f 1223/2469 264/2467 151/2472
f 151/2472 264/2467 177/2468
f 264/2467 277/2471 338/2473
f 338/2473 277/2471 359/2474
f 264/2467 338/2473 289/2465
f 151/2472 177/2468 147/2475
f 151/2472 147/2475 85/2476
f 147/2475 177/2468 91/2477
f 147/2475 91/2477 85/2476
f 85/2476 91/2477 70/2478
f 85/2476 70/2478 41/2479
f 70/2478 91/2477 42/2480
f 42/2480 91/2477 92/2481
f 92/2481 91/2477 177/2468
f 92/2481 177/2468 289/2465
f 79/2482 1194/2483 92/2481
f 92/2481 289/2465 300/2484
f 92/2481 300/2484 79/2482
f 300/2484 289/2465 336/2485
f 336/2485 289/2465 338/2473
f 336/2485 338/2473 406/2486
f 336/2485 406/2486 418/2487
f 336/2485 418/2487 420/2488
f 336/2485 420/2488 329/2489
f 336/2485 329/2489 247/2490
f 336/2485 247/2490 300/2484
f 247/2490 329/2489 122/2491
f 83/2492 79/2482 300/2484
f 83/2492 300/2484 247/2490
f 79/2482 83/2492 53/2493
f 53/2493 83/2492 1182/2494
f 83/2492 247/2490 82/2495
f 82/2495 247/2490 122/2491
f 83/2492 82/2495 2/2496
f 2/2496 82/2495 122/2491
f 2/2496 122/2491 1191/2497
f 1191/2497 122/2491 1247/2498
f 42/2499 36/2500 41/2501
f 42/2499 41/2501 70/2502
f 36/2500 42/2499 1190/2503
f 1190/2503 42/2499 92/2504
f 41/2501 36/2500 1195/2505
f 1195/2505 36/2500 1190/2503
f 1190/2503 92/2504 1241/2506
f 1190/2503 1241/2506 1195/2505
f 1241/2506 92/2504 1194/2507
f 41/2501 1195/2505 1223/2508
f 41/2501 1223/2508 85/2509
f 85/2509 1223/2508 151/2510
f 1223/2508 1195/2505 1252/2511
f 1252/2511 1195/2505 1241/2506
f 1223/2508 1252/2511 1305/2512
f 53/2513 1194/2507 79/2514
f 1194/2507 53/2513 1182/2515
f 1194/2507 1182/2515 1233/2516
f 1233/2516 1182/2515 1255/2517
f 1194/2507 1233/2516 1265/2518
f 1265/2518 1233/2516 1274/2519
f 1265/2518 1274/2519 1303/2520
f 1265/2518 1303/2520 1194/2507
f 1194/2507 1303/2520 1241/2506
f 1241/2506 1303/2520 1483/2521
f 1483/2521 1303/2520 1509/2522
f 1483/2521 1509/2522 1525/2523
f 1558/2524 1603/2525 1525/2523
f 1525/2523 1603/2525 1510/2526
f 1525/2523 1510/2526 1483/2521
f 1510/2526 1603/2525 1557/2527
f 1241/2506 1483/2521 1356/2528
f 1510/2526 1557/2527 1502/2529
f 1502/2529 1557/2527 1467/2530
f 1502/2529 1467/2530 1223/2508
f 1510/2526 1502/2529 1461/2531
f 1510/2526 1461/2531 1483/2521
f 1502/2529 1223/2508 1373/2532
f 1502/2529 1373/2532 1461/2531
f 1483/2521 1461/2531 1378/2533
f 1378/2533 1461/2531 1373/2532
f 1483/2521 1378/2533 1356/2528
f 1356/2528 1378/2533 1373/2532
f 1373/2532 1223/2508 1305/2512
f 1373/2532 1305/2512 1356/2528
f 1356/2528 1305/2512 1323/2534
f 1356/2528 1323/2534 1270/2535
f 1270/2535 1323/2534 1305/2512
f 1356/2528 1270/2535 1241/2506
f 1270/2535 1305/2512 1252/2511
f 1270/2535 1252/2511 1241/2506
f 1108/2536 1097/2537 1123/2538
f 1097/2537 1108/2536 1102/2539
f 1102/2539 1108/2536 1107/2540
f 1102/2539 1107/2540 1095/2541
f 1102/2539 1095/2541 1118/2542
f 1102/2539 1118/2542 1084/2543
f 1118/2542 1095/2541 1082/2544
f 1118/2542 1082/2544 1084/2543
f 383/2545 431/2546 355/2547
f 355/2547 431/2546 429/2548
f 429/2548 431/2546 485/2549
f 429/2548 485/2549 469/2550
f 469/2550 485/2549 492/2551
f 469/2550 492/2551 479/2552
s 0
f 308/2553 270/2554 1371/2555
f 308/2553 1371/2555 1267/2556
f 603/2557 308/2553 638/2558
s 1
f 638/2558 308/2553 484/2559
f 638/2558 484/2559 796/2560
f 308/2553 1267/2556 128/2561
f 308/2553 128/2561 484/2559
f 128/2561 1267/2556 1263/2562
f 1263/2562 1267/2556 1379/2563
f 796/2560 484/2559 651/2564
f 796/2560 651/2564 852/2565
f 852/2565 651/2564 718/2566
f 651/2564 484/2559 365/2567
f 365/2567 484/2559 128/2561
f 718/2566 651/2564 523/2568
f 523/2568 651/2564 365/2567
f 718/2566 523/2568 500/2569
f 718/2566 500/2569 1026/2570
f 523/2568 365/2567 283/2571
f 523/2568 283/2571 500/2569
f 1026/2570 500/2569 674/2572
f 283/2571 365/2567 205/2573
f 205/2573 365/2567 128/2561
f 283/2571 205/2573 241/2574
f 283/2571 241/2574 500/2569
f 205/2573 128/2561 123/2575
f 123/2575 128/2561 1263/2562
f 241/2574 205/2573 217/2576
f 217/2576 205/2573 123/2575
f 241/2574 217/2576 179/2577
f 217/2576 123/2575 185/2578
f 217/2576 185/2578 179/2577
f 123/2575 1263/2562 1203/2579
f 185/2578 123/2575 153/2580
f 153/2580 123/2575 1203/2579
f 185/2578 153/2580 152/2581
f 185/2578 152/2581 179/2577
f 153/2580 1203/2579 48/2582
f 152/2581 153/2580 131/2583
f 131/2583 153/2580 48/2582
f 179/2577 152/2581 143/2584
f 143/2584 152/2581 131/2583
f 207/2585 241/2574 179/2577
f 131/2583 48/2582 124/2586
f 131/2583 124/2586 143/2584
f 179/2577 143/2584 178/2587
f 179/2577 178/2587 207/2585
f 178/2587 143/2584 142/2588
f 143/2584 124/2586 133/2589
f 143/2584 133/2589 142/2588
f 178/2587 142/2588 144/2590
f 144/2590 142/2588 133/2589
f 178/2587 144/2590 181/2591
f 178/2587 181/2591 207/2585
f 144/2590 133/2589 138/2592
f 249/2593 241/2574 207/2585
f 138/2592 133/2589 77/2594
f 241/2574 249/2593 500/2569
f 77/2594 133/2589 12/2595
f 12/2595 133/2589 124/2586
f 138/2592 77/2594 1197/2596
f 1197/2596 77/2594 12/2595
f 107/2597 144/2590 138/2592
f 144/2590 107/2597 181/2591
f 12/2595 124/2586 1244/2598
f 1244/2598 124/2586 48/2582
f 12/2595 1244/2598 1316/2599
f 12/2595 1316/2599 1197/2596
f 1244/2598 48/2582 1306/2600
f 1244/2598 1306/2600 1316/2599
f 1306/2600 48/2582 1287/2601
f 1287/2601 48/2582 1203/2579
f 1306/2600 1287/2601 1321/2602
f 1306/2600 1321/2602 1316/2599
f 1287/2601 1203/2579 1363/2603
f 1363/2603 1203/2579 1263/2562
f 1321/2602 1287/2601 1340/2604
f 1340/2604 1287/2601 1363/2603
f 1316/2599 1321/2602 1334/2605
f 1316/2599 1334/2605 1344/2606
f 1334/2605 1321/2602 1376/2607
f 1376/2607 1321/2602 1340/2604
f 1316/2599 1344/2606 1288/2608
f 1316/2599 1288/2608 1197/2596
f 1376/2607 1340/2604 1399/2609
f 1399/2609 1340/2604 1363/2603
f 1376/2607 1399/2609 1400/2610
f 1400/2610 1399/2609 1401/2611
f 1399/2609 1363/2603 1392/2612
f 1399/2609 1392/2612 1401/2611
f 1392/2612 1363/2603 1263/2562
f 1401/2611 1392/2612 1379/2563
f 1379/2563 1392/2612 1263/2562
f 9/2613 1197/2596 1288/2608
f 1197/2596 9/2613 99/2614
f 1197/2596 99/2614 138/2592
f 9/2613 1288/2608 1/2615
f 9/2613 1/2615 99/2614
f 138/2592 99/2614 107/2597
f 1/2615 1288/2608 1273/2616
f 1273/2616 1288/2608 1278/2617
f 1278/2617 1288/2608 1333/2618
f 1278/2617 1333/2618 1260/2619
f 1278/2617 1260/2619 1273/2616
f 1273/2616 1260/2619 1/2615
f 89/2620 99/2614 1/2615
f 99/2614 89/2620 107/2597
f 1/2615 1260/2619 16/2621
f 1/2615 16/2621 89/2620
f 89/2620 16/2621 19/2622
f 19/2622 16/2621 1260/2619
f 89/2620 19/2622 107/2597
f 19/2622 1260/2619 1208/2623
f 1208/2623 1260/2619 1286/2624
f 107/2597 19/2622 60/2625
f 60/2625 19/2622 1208/2623
f 1208/2623 1286/2624 1193/2626
f 1193/2626 1286/2624 1279/2627
f 1208/2623 1193/2626 60/2625
f 107/2597 60/2625 158/2628
f 107/2597 158/2628 181/2591
f 1219/2629 1206/2630 1193/2626
f 1193/2626 1206/2630 14/2631
f 1193/2626 14/2631 28/2632
f 28/2632 14/2631 34/2633
f 60/2625 1193/2626 30/2634
f 30/2634 1193/2626 28/2632
f 60/2625 30/2634 116/2635
f 60/2625 116/2635 158/2628
f 30/2634 28/2632 90/2636
f 30/2634 90/2636 116/2635
f 90/2636 28/2632 81/2637
f 116/2635 90/2636 136/2638
f 136/2638 90/2636 81/2637
f 116/2635 136/2638 158/2628
f 136/2638 81/2637 134/2639
f 136/2638 134/2639 161/2640
f 136/2638 161/2640 158/2628
f 158/2628 161/2640 203/2641
f 203/2641 161/2640 191/2642
f 158/2628 203/2641 181/2591
f 203/2641 191/2642 204/2643
f 181/2591 203/2641 210/2644
f 181/2591 210/2644 207/2585
f 203/2641 204/2643 221/2645
f 203/2641 221/2645 210/2644
f 207/2585 210/2644 236/2646
f 236/2646 210/2644 221/2645
f 207/2585 236/2646 249/2593
f 221/2645 204/2643 313/2647
f 313/2647 204/2643 292/2648
f 236/2646 221/2645 467/2649
f 467/2649 221/2645 313/2647
f 249/2593 236/2646 240/2650
f 240/2650 236/2646 398/2651
f 398/2651 236/2646 467/2649
f 249/2593 240/2650 378/2652
f 378/2652 240/2650 398/2651
f 249/2593 378/2652 487/2653
f 249/2593 487/2653 500/2569
f 487/2653 378/2652 517/2654
f 500/2569 487/2653 538/2655
f 538/2655 487/2653 517/2654
f 517/2654 378/2652 530/2656
f 530/2656 378/2652 398/2651
f 517/2654 530/2656 538/2655
f 530/2656 398/2651 467/2649
f 500/2569 538/2655 604/2657
f 500/2569 604/2657 674/2572
f 538/2655 530/2656 531/2658
f 538/2655 531/2658 574/2659
f 574/2659 531/2658 530/2656
f 538/2655 574/2659 604/2657
f 530/2656 467/2649 562/2660
f 530/2656 562/2660 574/2659
f 674/2572 604/2657 628/2661
f 628/2661 604/2657 574/2659
f 674/2572 628/2661 690/2662
f 690/2662 628/2661 684/2663
f 628/2661 574/2659 627/2664
f 628/2661 627/2664 684/2663
f 684/2663 627/2664 649/2665
f 684/2663 649/2665 709/2666
f 649/2665 627/2664 621/2667
f 621/2667 627/2664 595/2668
f 595/2668 627/2664 574/2659
f 595/2668 574/2659 562/2660
f 595/2668 562/2660 586/2669
f 595/2668 586/2669 605/2670
f 586/2669 562/2660 536/2671
f 586/2669 536/2671 528/2672
f 586/2669 528/2672 510/2673
f 536/2671 562/2660 524/2674
f 528/2672 536/2671 515/2675
f 515/2675 536/2671 524/2674
f 528/2672 515/2675 510/2673
f 524/2674 562/2660 467/2649
f 524/2674 467/2649 476/2676
f 515/2675 524/2674 508/2677
f 515/2675 508/2677 510/2673
f 508/2677 524/2674 476/2676
f 476/2676 467/2649 313/2647
f 510/2673 508/2677 507/2678
f 510/2673 507/2678 488/2679
f 488/2679 507/2678 508/2677
f 488/2679 508/2677 476/2676
f 510/2673 488/2679 473/2680
f 473/2680 488/2679 476/2676
f 473/2680 476/2676 438/2681
f 438/2681 476/2676 313/2647
f 473/2680 438/2681 400/2682
f 438/2681 313/2647 322/2683
f 438/2681 322/2683 400/2682
f 322/2683 313/2647 292/2648
f 400/2682 322/2683 370/2684
f 322/2683 292/2648 309/2685
f 322/2683 309/2685 370/2684
f 789/2686 728/2687 764/2688
f 728/2687 789/2686 761/2689
f 728/2687 761/2689 691/2690
f 761/2689 789/2686 719/2691
f 761/2689 719/2691 691/2690
f 728/2687 691/2690 661/2692
f 728/2687 661/2692 764/2688
f 691/2690 719/2691 676/2693
f 691/2690 676/2693 661/2692
f 719/2691 789/2686 947/2694
f 947/2694 789/2686 764/2688
f 676/2693 719/2691 653/2695
f 676/2693 653/2695 661/2692
f 764/2688 661/2692 697/2696
f 661/2692 653/2695 613/2697
f 764/2688 697/2696 888/2698
f 764/2688 888/2698 972/2699
f 764/2688 972/2699 947/2694
f 743/2700 855/2701 888/2698
f 743/2700 888/2698 697/2696
f 947/2694 972/2699 1011/2702
f 1011/2702 972/2699 1034/2703
f 947/2694 1011/2702 941/2704
f 1011/2702 1034/2703 992/2705
f 1011/2702 992/2705 941/2704
f 947/2694 941/2704 906/2706
f 906/2706 941/2704 992/2705
f 947/2694 906/2706 719/2691
f 992/2705 1034/2703 1012/2707
f 992/2705 1012/2707 906/2706
f 1012/2707 1034/2703 1047/2708
f 906/2706 1012/2707 870/2709
f 906/2706 870/2709 719/2691
f 1012/2707 1047/2708 1005/2710
f 1012/2707 1005/2710 870/2709
f 1005/2710 1047/2708 1037/2711
f 719/2691 870/2709 733/2712
f 733/2712 870/2709 803/2713
f 803/2713 870/2709 1005/2710
f 803/2713 1005/2710 889/2714
f 889/2714 1005/2710 956/2715
f 956/2715 1005/2710 897/2716
f 897/2716 1005/2710 1004/2717
f 897/2716 1004/2717 944/2718
f 897/2716 944/2718 805/2719
f 805/2719 944/2718 900/2720
f 689/2721 733/2712 803/2713
f 733/2712 689/2721 664/2722
f 733/2712 664/2722 719/2691
f 664/2722 689/2721 654/2723
f 664/2722 654/2723 719/2691
f 654/2723 689/2721 610/2724
f 719/2691 654/2723 653/2695
f 654/2723 610/2724 599/2725
f 654/2723 599/2725 653/2695
f 599/2725 610/2724 573/2726
f 653/2695 599/2725 613/2697
f 613/2697 599/2725 606/2727
f 606/2727 599/2725 553/2728
f 606/2727 553/2728 613/2697
f 599/2725 573/2726 544/2729
f 599/2725 544/2729 553/2728
f 544/2729 573/2726 546/2730
f 546/2730 573/2726 541/2731
f 541/2731 573/2726 557/2732
f 546/2730 541/2731 532/2733
f 532/2733 541/2731 557/2732
f 546/2730 532/2733 544/2729
f 532/2733 557/2732 555/2734
f 542/2735 553/2728 544/2729
f 542/2735 544/2729 532/2733
f 553/2728 542/2735 613/2697
f 532/2733 555/2734 535/2736
f 532/2733 535/2736 542/2735
f 613/2697 542/2735 616/2737
f 613/2697 616/2737 661/2692
f 542/2735 535/2736 559/2738
f 542/2735 559/2738 616/2737
f 661/2692 616/2737 697/2696
f 535/2736 555/2734 568/2739
f 568/2739 555/2734 597/2740
f 568/2739 597/2740 605/2741
f 535/2736 568/2739 575/2742
f 568/2739 605/2741 560/2743
f 560/2743 605/2741 586/2744
f 560/2743 586/2744 510/2745
f 568/2739 560/2743 526/2746
f 568/2739 526/2746 575/2742
f 560/2743 510/2745 499/2747
f 560/2743 499/2747 526/2746
f 499/2747 510/2745 473/2748
f 499/2747 473/2748 455/2749
f 499/2747 455/2749 490/2750
f 526/2746 499/2747 513/2751
f 526/2746 513/2751 575/2742
f 499/2747 490/2750 496/2752
f 499/2747 496/2752 513/2751
f 496/2752 490/2750 486/2753
f 513/2751 496/2752 514/2754
f 513/2751 514/2754 575/2742
f 514/2754 496/2752 381/2755
f 575/2742 514/2754 569/2756
f 569/2756 514/2754 328/2757
f 575/2742 569/2756 570/2758
f 575/2742 570/2758 535/2736
f 570/2758 569/2756 577/2759
f 570/2758 577/2759 535/2736
f 577/2759 569/2756 578/2760
f 535/2736 577/2759 559/2738
f 577/2759 578/2760 614/2761
f 559/2738 577/2759 601/2762
f 559/2738 601/2762 612/2763
f 612/2763 601/2762 577/2759
f 612/2763 577/2759 614/2761
f 559/2738 612/2763 616/2737
f 612/2763 614/2761 652/2764
f 652/2764 614/2761 670/2765
f 652/2764 670/2765 704/2766
f 612/2763 652/2764 648/2767
f 616/2737 612/2763 641/2768
f 641/2768 612/2763 648/2767
f 616/2737 641/2768 697/2696
f 648/2767 652/2764 665/2769
f 648/2767 665/2769 641/2768
f 665/2769 652/2764 704/2766
f 641/2768 665/2769 697/2696
f 665/2769 704/2766 694/2770
f 665/2769 694/2770 697/2696
f 694/2770 704/2766 743/2700
f 694/2770 743/2700 697/2696
f 1031/2771 972/2772 888/2773
f 972/2772 1031/2771 1034/2774
f 1031/2771 888/2773 978/2775
f 1031/2771 978/2775 987/2776
f 987/2776 978/2775 922/2777
f 987/2776 922/2777 996/2778
f 987/2776 996/2778 1031/2771
f 1034/2774 1031/2771 1060/2779
f 1031/2771 996/2778 1021/2780
f 1031/2771 1021/2780 1060/2779
f 1034/2774 1060/2779 1047/2781
f 1021/2780 996/2778 999/2782
f 1047/2781 1060/2779 1043/2783
f 1021/2780 999/2782 1008/2784
f 1060/2779 1021/2780 1041/2785
f 1041/2785 1021/2780 1008/2784
f 1060/2779 1041/2785 1043/2783
f 1047/2781 1043/2783 1037/2786
f 1008/2784 999/2782 1010/2787
f 1008/2784 1010/2787 1041/2785
f 1010/2787 999/2782 982/2788
f 1043/2783 1041/2785 1007/2789
f 1007/2789 1041/2785 1010/2787
f 1043/2783 1007/2789 1037/2786
f 1007/2789 1010/2787 982/2788
f 982/2788 999/2782 969/2790
f 982/2788 969/2790 1007/2789
f 1005/2791 1037/2786 1004/2792
f 1004/2792 1037/2786 944/2793
f 944/2793 1037/2786 1007/2789
f 944/2793 1007/2789 900/2794
f 900/2794 1007/2789 939/2795
f 939/2795 1007/2789 969/2790
f 939/2795 969/2790 911/2796
f 911/2796 969/2790 821/2797
f 911/2796 821/2797 939/2795
f 939/2795 821/2797 792/2798
f 610/2799 689/2800 632/2801
f 610/2799 632/2801 643/2802
f 610/2799 643/2802 573/2803
f 632/2801 689/2800 662/2804
f 632/2801 662/2804 643/2802
f 573/2803 643/2802 590/2805
f 573/2803 590/2805 557/2806
f 590/2805 643/2802 623/2807
f 590/2805 623/2807 557/2806
f 557/2806 623/2807 619/2808
f 557/2806 619/2808 555/2809
f 619/2808 623/2807 693/2810
f 623/2807 643/2802 703/2811
f 623/2807 703/2811 693/2810
f 703/2811 643/2802 699/2812
f 699/2812 643/2802 662/2804
f 703/2811 699/2812 897/2813
f 703/2811 897/2813 805/2814
f 703/2811 805/2814 693/2810
f 693/2810 805/2814 900/2815
f 897/2813 699/2812 799/2816
f 897/2813 799/2816 956/2817
f 699/2812 662/2804 721/2818
f 699/2812 721/2818 799/2816
f 956/2817 799/2816 784/2819
f 784/2819 799/2816 721/2818
f 784/2819 721/2818 662/2804
f 956/2817 784/2819 889/2820
f 784/2819 662/2804 715/2821
f 784/2819 715/2821 889/2820
f 715/2821 662/2804 689/2800
f 889/2820 715/2821 803/2822
f 803/2822 715/2821 689/2800
f 792/2823 900/2815 939/2824
f 900/2815 792/2823 698/2825
f 900/2815 698/2825 693/2810
f 698/2825 792/2823 745/2826
f 745/2826 792/2823 821/2827
f 745/2826 821/2827 709/2828
f 745/2826 709/2828 698/2825
f 698/2825 709/2828 672/2829
f 693/2810 698/2825 642/2830
f 642/2830 698/2825 672/2829
f 693/2810 642/2830 619/2808
f 672/2829 709/2828 649/2831
f 672/2829 649/2831 642/2830
f 642/2830 649/2831 619/2808
f 619/2808 649/2831 555/2809
f 555/2809 649/2831 596/2832
f 555/2809 596/2832 597/2833
f 596/2832 649/2831 621/2834
f 597/2833 596/2832 605/2835
f 605/2835 596/2832 621/2834
f 605/2835 621/2834 595/2836
f 442/2837 569/2838 328/2839
f 442/2837 328/2839 1207/2840
f 1207/2840 328/2839 1337/2841
f 1337/2841 328/2839 169/2842
f 1337/2841 169/2842 1350/2843
f 169/2842 328/2839 514/2844
f 1350/2843 169/2842 1222/2845
f 169/2842 514/2844 381/2846
f 1222/2845 169/2842 101/2847
f 169/2842 381/2846 290/2848
f 169/2842 290/2848 101/2847
f 496/2849 486/2850 381/2846
f 381/2846 486/2850 388/2851
f 388/2851 486/2850 490/2852
f 388/2851 490/2852 455/2853
f 381/2846 388/2851 337/2854
f 337/2854 388/2851 455/2853
f 381/2846 337/2854 290/2848
f 337/2854 455/2853 309/2855
f 309/2855 455/2853 473/2856
f 400/2857 370/2858 473/2856
f 473/2856 370/2858 309/2855
f 292/2859 204/2860 309/2855
f 309/2855 204/2860 191/2861
f 337/2854 309/2855 266/2862
f 266/2862 309/2855 191/2861
f 337/2854 266/2862 290/2848
f 266/2862 191/2861 168/2863
f 290/2848 266/2862 278/2864
f 278/2864 266/2862 168/2863
f 168/2863 191/2861 161/2865
f 290/2848 278/2864 167/2866
f 167/2866 278/2864 168/2863
f 168/2863 161/2865 120/2867
f 168/2863 120/2867 167/2866
f 290/2848 167/2866 101/2847
f 101/2847 167/2866 120/2867
f 120/2867 161/2865 134/2868
f 101/2847 120/2867 65/2869
f 120/2867 134/2868 72/2870
f 120/2867 72/2870 65/2869
f 72/2870 134/2868 84/2871
f 84/2871 134/2868 81/2872
f 84/2871 81/2872 34/2873
f 34/2873 81/2872 28/2874
f 84/2871 34/2873 10/2875
f 84/2871 10/2875 72/2870
f 10/2875 34/2873 14/2876
f 10/2875 14/2876 1206/2877
f 10/2875 1206/2877 1254/2878
f 1254/2878 1206/2877 1219/2879
f 1254/2878 1219/2879 1279/2880
f 1279/2880 1219/2879 1193/2881
f 10/2875 1254/2878 1290/2882
f 10/2875 1290/2882 1250/2883
f 10/2875 1250/2883 1188/2884
f 1188/2884 1250/2883 1248/2885
f 56/2886 72/2870 10/2875
f 56/2886 10/2875 1188/2884
f 72/2870 56/2886 65/2869
f 1188/2884 1248/2885 1209/2887
f 1188/2884 1209/2887 56/2886
f 1209/2887 1248/2885 1222/2845
f 65/2869 56/2886 57/2888
f 57/2888 56/2886 1209/2887
f 57/2888 1209/2887 1222/2845
f 65/2869 57/2888 101/2847
f 101/2847 57/2888 1222/2845
f 578/2889 569/2890 442/2891
f 578/2889 442/2891 572/2892
f 572/2892 442/2891 454/2893
f 454/2893 442/2891 1207/2894
f 454/2893 1207/2894 1285/2895
f 572/2892 454/2893 433/2896
f 433/2896 454/2893 1285/2895
f 572/2892 433/2896 636/2897
f 433/2896 1285/2895 1466/2898
f 433/2896 1466/2898 1247/2899
f 433/2896 1247/2899 122/2900
f 433/2896 122/2900 329/2901
f 433/2896 329/2901 420/2902
f 433/2896 420/2902 466/2903
f 1110/2904 1092/2905 1100/2906
f 1100/2906 1092/2905 1074/2907
f 1100/2906 1074/2907 1089/2908
f 1110/2904 1100/2906 1111/2909
f 1111/2909 1100/2906 1089/2908
f 1110/2904 1111/2909 1109/2910
f 1111/2909 1089/2908 1099/2911
f 1111/2909 1099/2911 1109/2910
f 1090/2912 1099/2913 1089/2914
f 1090/2912 1089/2914 1074/2915
f 1099/2913 1090/2912 1109/2916
f 1090/2912 1074/2915 1092/2917
f 1109/2916 1090/2912 1101/2918
f 1101/2918 1090/2912 1092/2917
f 1109/2916 1101/2918 1110/2919
f 1110/2919 1101/2918 1092/2917
f 937/2920 791/2921 990/2922
f 990/2922 791/2921 924/2923
f 791/2921 937/2920 879/2924
f 924/2923 791/2921 786/2925
f 786/2925 791/2921 879/2924
f 924/2923 786/2925 910/2926
f 910/2926 786/2925 879/2924
f 481/2927 334/2928 441/2929
f 441/2929 334/2928 318/2930
f 481/2927 441/2929 475/2931
f 441/2929 318/2930 344/2932
f 441/2929 344/2932 475/2931
f 334/2933 358/2934 318/2935
f 318/2935 358/2934 344/2936
f 358/2934 334/2933 456/2937
f 456/2937 334/2933 481/2938
f 344/2936 358/2934 457/2939
f 344/2936 457/2939 475/2940
f 358/2934 456/2937 478/2941
f 478/2941 456/2937 481/2938
f 358/2934 478/2941 457/2939
f 478/2941 481/2938 475/2940
f 478/2941 475/2940 457/2939
f 343/2942 342/2943 491/2944
f 343/2945 348/2946 386/2947
f 850/2948 732/2949 722/2950
f 732/2949 850/2948 813/2951
f 21/2952 51/2953 215/2954
f 21/2952 215/2954 32/2955
f 51/2953 21/2952 1391/2956
f 51/2953 1391/2956 1389/2957
f 681/2958 433/2959 491/2960
f 2/2961 1182/2962 83/2963
f 1182/2962 2/2961 1255/2964
f 1255/2964 2/2961 1256/2965
f 1256/2965 2/2961 1191/2966
f 1256/2965 1191/2966 1247/2967
f 1255/2964 1256/2965 1274/2968
f 1274/2968 1256/2965 1247/2967
f 1255/2964 1274/2968 1233/2969
f 1274/2968 1247/2967 1353/2970
f 1353/2970 1247/2967 1466/2971
f 1274/2968 1353/2970 1509/2972
f 1274/2968 1509/2972 1303/2973
f 1353/2970 1466/2971 1517/2974
f 1353/2970 1517/2974 1509/2972
f 1517/2974 1466/2971 1591/2975
f 1517/2974 1591/2975 1558/2976
f 1517/2974 1558/2976 1509/2972
f 1509/2972 1558/2976 1525/2977
f 112/2978 1347/2979 32/2980
f 32/2980 1347/2979 1473/2981
f 1473/2981 1347/2979 1561/2982
f 1473/2981 1561/2982 1540/2983
f 32/2980 1473/2981 1315/2984
f 32/2980 1315/2984 21/2985
f 21/2985 1315/2984 1391/2986
f 1315/2984 1473/2981 1501/2987
f 1315/2984 1501/2987 1391/2986
f 1501/2987 1473/2981 1540/2983
f 1391/2986 1501/2987 1418/2988
f 1501/2987 1540/2983 1500/2989
f 1501/2987 1500/2989 1418/2988
f 433/2990 466/2991 491/2992
f 977/2993 937/2994 990/2995
f 937/2994 977/2993 879/2996
f 977/2993 990/2995 924/2997
f 879/2996 977/2993 910/2998
f 910/2998 977/2993 924/2997
f 1598/2999 1546/3000 1544/3001
f 1598/2999 1544/3001 1539/3002
f 1598/2999 1539/3002 1532/3003
f 1532/3003 1539/3002 1526/3004
f 1532/3003 1526/3004 1522/3005
f 1539/3002 1544/3001 1600/3006
f 1539/3002 1600/3006 1526/3004
f 1522/3005 1526/3004 1527/3007
f 1527/3007 1526/3004 1600/3006
f 1522/3005 1527/3007 1523/3008
f 1523/3008 1527/3007 1553/3009
f 1553/3009 1527/3007 1600/3006
f 1600/3006 1544/3001 1547/3010
f 1600/3006 1547/3010 1553/3009
f 1547/3010 1544/3001 1584/3011
f 1553/3009 1547/3010 1611/3012
f 1547/3010 1584/3011 1580/3013
f 1547/3010 1580/3013 1611/3012
f 1580/3013 1584/3011 1620/3014
f 1580/3013 1620/3014 1611/3012
f 1620/3014 1584/3011 1649/3015
f 1620/3014 1649/3015 1669/3016
f 1611/3012 1620/3014 1663/3017
f 1663/3017 1620/3014 1669/3016
f 1611/3012 1663/3017 1662/3018
f 1663/3017 1669/3016 1646/3019
f 1663/3017 1646/3019 1662/3018
f 1646/3019 1669/3016 1659/3020
f 1662/3018 1646/3019 1591/3021
f 1646/3019 1659/3020 1558/3022
f 1646/3019 1558/3022 1591/3021
f 1613/3023 1523/3024 1553/3025
f 1613/3023 1553/3025 1708/3026
f 1708/3026 1553/3025 1611/3027
f 1708/3026 1611/3027 1725/3028
f 1708/3026 1725/3028 1889/3029
f 1725/3028 1611/3027 1662/3030
f 1725/3028 1662/3030 1591/3031
f 1889/3029 1725/3028 1888/3032
f 1725/3028 1591/3031 1466/3033
f 1888/3032 1725/3028 1844/3034
f 1888/3032 1844/3034 1890/3035
f 1890/3035 1844/3034 1866/3036
f 1844/3034 1725/3028 1782/3037
f 1866/3036 1844/3034 1808/3038
f 1808/3038 1844/3034 1782/3037
f 1725/3028 1466/3033 1724/3039
f 1725/3028 1724/3039 1782/3037
f 1724/3039 1466/3033 1699/3040
f 1699/3040 1466/3033 1285/3041
f 1782/3037 1724/3039 1765/3042
f 1765/3042 1724/3039 1699/3040
f 1699/3040 1285/3041 1672/3043
f 1699/3040 1672/3043 1765/3042
f 1672/3043 1285/3041 1207/3044
f 1672/3043 1207/3044 1337/3045
f 1782/3037 1765/3042 1779/3046
f 1779/3046 1765/3042 1672/3043
f 1782/3037 1779/3046 1808/3038
f 1672/3043 1337/3045 1746/3047
f 1672/3043 1746/3047 1779/3046
f 1746/3047 1337/3045 1698/3048
f 1698/3048 1337/3045 1350/3049
f 1698/3048 1350/3049 1635/3050
f 1746/3047 1698/3048 1784/3051
f 1746/3047 1784/3051 1779/3046
f 1698/3048 1635/3050 1729/3052
f 1698/3048 1729/3052 1784/3051
f 1729/3052 1635/3050 1703/3053
f 1779/3046 1784/3051 1794/3054
f 1779/3046 1794/3054 1808/3038
f 1784/3051 1729/3052 1792/3055
f 1784/3051 1792/3055 1794/3054
f 1729/3052 1703/3053 1721/3056
f 1729/3052 1721/3056 1792/3055
f 1721/3056 1703/3053 1727/3057
f 1721/3056 1727/3057 1787/3058
f 1721/3056 1787/3058 1792/3055
f 1792/3055 1787/3058 1749/3059
f 1749/3059 1787/3058 1767/3060
f 1792/3055 1749/3059 1778/3061
f 1792/3055 1778/3061 1794/3054
f 1794/3054 1778/3061 1749/3059
f 1794/3054 1749/3059 1762/3062
f 1794/3054 1762/3062 1793/3063
f 1794/3054 1793/3063 1808/3038
f 1793/3063 1762/3062 1811/3064
f 1793/3063 1811/3064 1808/3038
f 1811/3064 1762/3062 1830/3065
f 1808/3038 1811/3064 1867/3066
f 1808/3038 1867/3066 1866/3036
f 1811/3064 1830/3065 1851/3067
f 1811/3064 1851/3067 1867/3066
f 1866/3036 1867/3066 1907/3068
f 1907/3068 1867/3066 1913/3069
f 1867/3066 1851/3067 1879/3070
f 1879/3070 1851/3067 1830/3065
f 1867/3066 1879/3070 1913/3069
f 1879/3070 1830/3065 1903/3071
f 1879/3070 1903/3071 1986/3072
f 1913/3069 1879/3070 1931/3073
f 1931/3073 1879/3070 1986/3072
f 1913/3069 1931/3073 2013/3074
f 2013/3074 1931/3073 1986/3072
f 1550/3075 1619/3076 1622/3077
f 1550/3075 1622/3077 1574/3078
f 1574/3078 1622/3077 1632/3079
f 1632/3079 1622/3077 1648/3080
f 1648/3080 1622/3077 1619/3076
f 1550/3075 1574/3078 1540/3081
f 1540/3081 1574/3078 1604/3082
f 1619/3076 1550/3075 1595/3083
f 1595/3083 1550/3075 1540/3081
f 1619/3076 1595/3083 1648/3080
f 1595/3083 1540/3081 1561/3084
f 1648/3080 1595/3083 1601/3085
f 1601/3085 1595/3083 1561/3084
f 1601/3085 1561/3084 1518/3086
f 1648/3080 1601/3085 1651/3087
f 1601/3085 1518/3086 1513/3088
f 1651/3087 1601/3085 1548/3089
f 1548/3089 1601/3085 1513/3088
f 1651/3087 1548/3089 1652/3090
f 1548/3089 1513/3088 1602/3091
f 1548/3089 1602/3091 1652/3090
f 1652/3090 1602/3091 1644/3092
f 1644/3092 1602/3091 1639/3093
s 0
f 270/3094 1293/3095 1371/3096
f 1834/3097 1696/3098 1371/3099
f 1371/3099 1696/3098 1267/3100
s 1
f 1267/3100 1696/3098 1586/3101
f 1267/3100 1586/3101 1379/3102
f 1586/3101 1696/3098 1857/3103
s 0
f 1857/3103 1696/3098 2084/3104
s 1
f 1857/3103 2084/3104 2229/3105
f 1586/3101 1857/3103 1882/3106
f 1882/3106 1857/3103 2229/3105
f 1379/3102 1586/3101 1535/3107
f 1379/3102 1535/3107 1401/3108
f 1586/3101 1882/3106 1771/3109
f 1586/3101 1771/3109 1535/3107
f 1882/3106 2229/3105 2158/3110
f 2158/3110 2229/3105 2275/3111
f 2158/3110 2275/3111 2271/3112
f 1771/3109 1882/3106 1981/3113
f 1981/3113 1882/3106 2158/3110
f 1535/3107 1771/3109 1826/3114
f 1826/3114 1771/3109 1981/3113
f 1535/3107 1826/3114 1534/3115
f 1535/3107 1534/3115 1401/3108
f 1826/3114 1981/3113 2017/3116
f 2017/3116 1981/3113 2158/3110
f 1534/3115 1826/3114 1850/3117
f 1850/3117 1826/3114 2017/3116
f 2017/3116 2158/3110 2144/3118
f 2144/3118 2158/3110 2271/3112
f 2017/3116 2144/3118 1850/3117
f 2144/3118 2271/3112 2268/3119
f 2144/3118 2268/3119 1850/3117
f 1850/3117 2268/3119 2120/3120
f 2120/3120 2268/3119 2222/3121
f 1422/3122 1401/3108 1534/3115
f 1564/3123 1534/3115 1850/3117
f 1534/3115 1564/3123 1422/3122
f 1401/3108 1422/3122 1400/3124
f 2120/3120 2222/3121 2200/3125
f 2200/3125 2222/3121 2227/3126
f 1878/3127 1850/3117 2120/3120
f 2200/3125 2227/3126 2199/3128
f 2199/3128 2227/3126 2190/3129
f 2199/3128 2190/3129 2174/3130
f 2200/3125 2199/3128 2162/3131
f 2162/3131 2199/3128 2155/3132
f 2118/3133 2120/3120 2200/3125
f 2118/3133 2200/3125 2162/3131
f 2118/3133 2162/3131 2075/3134
f 2075/3134 2162/3131 2045/3135
f 2075/3134 2045/3135 1905/3136
f 2075/3134 1905/3136 2118/3133
f 2120/3120 2118/3133 1896/3137
f 1896/3137 2118/3133 1905/3136
f 2120/3120 1896/3137 1878/3127
f 1878/3127 1896/3137 1812/3138
f 1878/3127 1812/3138 1850/3117
f 1850/3117 1812/3138 1742/3139
f 1812/3138 1896/3137 1795/3140
f 1812/3138 1795/3140 1742/3139
f 1850/3117 1742/3139 1564/3123
f 1795/3140 1896/3137 1822/3141
f 1822/3141 1896/3137 1905/3136
f 1742/3139 1795/3140 1750/3142
f 1750/3142 1795/3140 1822/3141
f 1822/3141 1905/3136 1829/3143
f 1829/3143 1905/3136 1873/3144
f 1822/3141 1829/3143 1775/3145
f 1775/3145 1829/3143 1797/3146
f 1822/3141 1775/3145 1750/3142
f 1750/3142 1775/3145 1766/3147
f 1750/3142 1766/3147 1733/3148
f 1718/3149 1742/3139 1750/3142
f 1718/3149 1750/3142 1733/3148
f 1742/3139 1718/3149 1564/3123
f 1733/3148 1766/3147 1671/3150
f 1733/3148 1671/3150 1718/3149
f 1671/3150 1766/3147 1734/3151
f 1564/3123 1718/3149 1621/3152
f 1621/3152 1718/3149 1671/3150
f 1564/3123 1621/3152 1425/3153
f 1425/3153 1621/3152 1671/3150
f 1564/3123 1425/3153 1422/3122
f 1671/3150 1734/3151 1680/3154
f 1422/3122 1425/3153 1415/3155
f 1422/3122 1415/3155 1400/3124
f 1425/3153 1671/3150 1432/3156
f 1425/3153 1432/3156 1415/3155
f 1671/3150 1680/3154 1505/3157
f 1505/3157 1680/3154 1533/3158
f 1505/3157 1533/3158 1456/3159
f 1456/3159 1533/3158 1512/3160
f 1671/3150 1505/3157 1409/3161
f 1409/3161 1505/3157 1456/3159
f 1671/3150 1409/3161 1432/3156
f 1409/3161 1456/3159 1398/3162
f 1432/3156 1409/3161 1410/3163
f 1410/3163 1409/3161 1398/3162
f 1432/3156 1410/3163 1415/3155
f 1410/3163 1398/3162 1426/3164
f 1410/3163 1426/3164 1372/3165
f 1415/3155 1410/3163 1394/3166
f 1415/3155 1394/3166 1400/3124
f 1410/3163 1372/3165 1396/3167
f 1410/3163 1396/3167 1394/3166
f 1396/3167 1372/3165 1342/3168
f 1342/3168 1372/3165 1290/3169
f 1342/3168 1290/3169 1314/3170
f 1342/3168 1314/3170 1286/3171
f 1286/3171 1314/3170 1279/3172
f 1342/3168 1286/3171 1333/3173
f 1342/3168 1333/3173 1396/3167
f 1333/3173 1286/3171 1260/3174
f 1396/3167 1333/3173 1344/3175
f 1396/3167 1344/3175 1394/3166
f 1344/3175 1333/3173 1288/3176
f 1394/3166 1344/3175 1375/3177
f 1394/3166 1375/3177 1400/3124
f 1375/3177 1344/3175 1334/3178
f 1400/3124 1375/3177 1376/3179
f 1376/3179 1375/3177 1334/3178
f 2248/3180 2214/3181 2237/3182
f 2248/3180 2237/3182 2254/3183
f 2237/3182 2214/3181 2218/3184
f 2218/3184 2214/3181 2201/3185
f 2201/3185 2214/3181 2230/3186
f 2214/3181 2248/3180 2253/3187
f 2214/3181 2253/3187 2230/3186
f 2253/3187 2248/3180 2254/3183
f 2230/3186 2253/3187 2252/3188
f 2252/3188 2253/3187 2254/3183
f 1903/3189 1906/3190 2028/3191
f 1906/3190 1903/3189 1839/3192
f 2028/3191 1906/3190 1978/3193
f 1839/3192 1903/3189 1830/3194
f 1978/3193 1906/3190 1897/3195
f 1897/3195 1906/3190 1839/3192
f 1839/3192 1830/3194 1800/3196
f 1978/3193 1897/3195 2002/3197
f 1978/3193 2002/3197 2028/3191
f 1800/3196 1830/3194 1762/3198
f 2002/3197 1897/3195 1874/3199
f 1897/3195 1839/3192 1831/3200
f 1897/3195 1831/3200 1874/3199
f 1831/3200 1839/3192 1824/3201
f 1824/3201 1839/3192 1800/3196
f 1874/3199 1831/3200 1827/3202
f 2002/3197 1874/3199 2080/3203
f 1831/3200 1824/3201 1783/3204
f 1783/3204 1824/3201 1800/3196
f 1827/3202 1831/3200 1785/3205
f 1785/3205 1831/3200 1783/3204
f 1783/3204 1800/3196 1758/3206
f 1783/3204 1758/3206 1785/3205
f 1747/3207 1800/3196 1762/3198
f 1800/3196 1747/3207 1758/3206
f 1747/3207 1762/3198 1749/3208
f 1747/3207 1749/3208 1731/3209
f 1747/3207 1731/3209 1757/3210
f 1747/3207 1757/3210 1758/3206
f 1758/3206 1757/3210 1785/3205
f 1785/3205 1757/3210 1777/3211
f 1785/3205 1777/3211 1827/3202
f 1827/3202 1777/3211 1813/3212
f 1777/3211 1757/3210 1745/3213
f 1813/3212 1777/3211 1818/3214
f 1818/3214 1777/3211 1745/3213
f 1818/3214 1745/3213 1763/3215
f 2254/3216 2237/3217 2234/3218
f 2234/3218 2237/3217 2218/3219
f 2254/3216 2234/3218 2252/3220
f 2234/3218 2218/3219 2201/3221
f 2252/3220 2234/3218 2230/3222
f 2230/3222 2234/3218 2201/3221
f 2112/3223 1987/3224 1995/3225
f 2190/3226 2112/3227 2096/3228
f 2133/3229 2111/3230 2173/3231
f 2173/3231 2111/3230 2163/3232
f 2111/3230 2133/3229 2098/3233
f 2111/3230 2098/3233 2163/3232
f 2098/3233 2133/3229 2028/3191
f 2098/3233 2028/3191 2002/3197
f 2098/3233 2002/3197 2080/3203
f 2098/3233 2080/3203 2163/3232
f 2173/3231 2163/3232 2198/3234
f 2163/3232 2080/3203 2181/3235
f 2163/3232 2181/3235 2198/3234
f 2181/3235 2080/3203 2172/3236
f 2198/3234 2181/3235 2213/3237
f 2181/3235 2172/3236 2191/3238
f 2181/3235 2191/3238 2213/3237
f 2213/3237 2191/3238 2172/3236
f 2213/3237 2172/3236 2196/3239
f 2213/3237 2196/3239 2206/3240
f 2282/3241 2297/3242 2288/3243
f 2282/3241 2288/3243 2262/3244
f 2288/3243 2297/3242 2309/3245
f 2309/3245 2297/3242 2292/3246
f 2262/3244 2288/3243 2284/3247
f 2284/3247 2288/3243 2309/3245
f 2284/3247 2309/3245 2292/3246
f 2262/3244 2284/3247 2280/3248
f 2280/3248 2284/3247 2292/3246
f 1874/3249 1862/3250 1925/3251
f 1874/3249 1925/3251 2080/3252
f 2080/3252 1925/3251 2011/3253
f 1862/3250 1874/3249 1827/3254
f 1862/3250 1827/3254 1813/3255
f 2011/3253 1925/3251 1917/3256
f 1917/3256 1925/3251 1862/3250
f 1862/3250 1813/3255 1855/3257
f 1862/3250 1855/3257 1917/3256
f 1855/3257 1813/3255 1818/3258
f 1917/3256 1855/3257 1895/3259
f 1917/3256 1895/3259 2006/3260
f 1855/3257 1818/3258 1865/3261
f 1855/3257 1865/3261 1895/3259
f 1895/3259 1865/3261 2006/3260
f 1865/3261 1818/3258 1942/3262
f 1865/3261 1942/3262 2006/3260
f 2080/3263 2011/3264 2113/3265
f 2080/3263 2113/3265 2172/3266
f 2113/3265 2011/3264 2006/3267
f 2006/3267 2011/3264 1917/3268
f 2113/3265 2006/3267 2106/3269
f 2113/3265 2106/3269 2172/3266
f 2106/3269 2006/3267 1942/3270
f 2172/3266 2106/3269 2164/3271
f 2164/3271 2106/3269 1942/3270
f 2172/3266 2164/3271 2196/3272
f 2196/3272 2164/3271 2149/3273
f 2164/3271 1942/3270 2104/3274
f 2164/3271 2104/3274 2149/3273
f 2149/3273 2104/3274 2036/3275
f 2149/3273 2036/3275 2115/3276
f 2115/3276 2036/3275 1939/3277
f 2036/3275 2104/3274 1936/3278
f 1939/3277 2036/3275 1902/3279
f 1902/3279 2036/3275 1936/3278
f 1939/3277 1902/3279 1869/3280
f 1936/3278 2104/3274 1912/3281
f 1912/3281 2104/3274 1942/3270
f 1936/3278 1912/3281 1902/3279
f 1912/3281 1942/3270 1852/3282
f 1852/3282 1942/3270 1818/3283
f 1902/3279 1912/3281 1846/3284
f 1846/3284 1912/3281 1852/3282
f 1820/3285 1869/3280 1902/3279
f 1820/3285 1902/3279 1846/3284
f 1852/3282 1818/3283 1821/3286
f 1852/3282 1821/3286 1846/3284
f 1846/3284 1821/3286 1820/3285
f 1821/3286 1818/3283 1763/3287
f 1821/3286 1763/3287 1820/3285
f 1869/3280 1820/3285 1814/3288
f 1869/3280 1814/3288 1858/3289
f 1820/3285 1763/3287 1755/3290
f 1820/3285 1755/3290 1814/3288
f 1755/3290 1763/3287 1745/3291
f 1814/3288 1755/3290 1767/3292
f 1814/3288 1767/3292 1833/3293
f 1755/3290 1745/3291 1731/3294
f 1755/3290 1731/3294 1767/3292
f 1731/3294 1745/3291 1757/3295
f 1767/3292 1731/3294 1749/3296
f 1332/3297 1352/3298 1476/3299
f 1476/3299 1352/3298 1481/3300
f 1332/3297 1476/3299 1350/3301
f 1481/3300 1352/3298 1433/3302
f 1476/3299 1481/3300 1472/3303
f 1472/3303 1481/3300 1433/3302
f 1350/3301 1476/3299 1521/3304
f 1521/3304 1476/3299 1472/3303
f 1332/3297 1350/3301 1222/3305
f 1350/3301 1521/3304 1635/3306
f 1332/3297 1222/3305 1259/3307
f 1259/3307 1222/3305 1248/3308
f 1259/3307 1248/3308 1250/3309
f 1259/3307 1250/3309 1304/3310
f 1259/3307 1304/3310 1332/3297
f 1304/3310 1250/3309 1290/3311
f 1304/3310 1290/3311 1372/3312
f 1332/3297 1304/3310 1319/3313
f 1332/3297 1319/3313 1352/3298
f 1352/3298 1319/3313 1433/3302
f 1319/3313 1304/3310 1366/3314
f 1319/3313 1366/3314 1433/3302
f 1366/3314 1304/3310 1372/3312
f 1433/3302 1366/3314 1387/3315
f 1387/3315 1366/3314 1372/3312
f 1387/3315 1372/3312 1426/3316
f 1433/3302 1387/3315 1472/3303
f 1472/3303 1387/3315 1459/3317
f 1707/3318 1530/3319 1472/3303
f 1472/3303 1530/3319 1521/3304
f 1530/3319 1707/3318 1577/3320
f 1530/3319 1577/3320 1521/3304
f 1577/3320 1707/3318 1685/3321
f 1521/3304 1577/3320 1562/3322
f 1562/3322 1577/3320 1685/3321
f 1521/3304 1562/3322 1635/3306
f 1635/3306 1562/3322 1684/3323
f 1684/3323 1562/3322 1685/3321
f 1635/3306 1684/3323 1703/3324
f 1703/3324 1684/3323 1685/3321
f 1703/3324 1685/3321 1727/3325
f 1736/3326 1797/3327 1735/3328
f 1797/3327 1736/3326 1766/3329
f 1797/3327 1766/3329 1775/3330
f 1766/3329 1736/3326 1734/3331
f 1734/3331 1736/3326 1709/3332
f 1709/3332 1736/3326 1735/3328
f 1734/3331 1709/3332 1680/3333
f 1680/3333 1709/3332 1710/3334
f 1709/3332 1735/3328 1715/3335
f 1709/3332 1715/3335 1710/3334
f 1715/3335 1735/3328 1707/3336
f 1707/3336 1735/3328 1797/3327
f 1710/3334 1715/3335 1679/3337
f 1710/3334 1679/3337 1680/3333
f 1679/3337 1715/3335 1707/3336
f 1680/3333 1679/3337 1614/3338
f 1680/3333 1614/3338 1533/3339
f 1614/3338 1679/3337 1514/3340
f 1614/3338 1514/3340 1533/3339
f 1514/3340 1679/3337 1707/3336
f 1533/3339 1514/3340 1512/3341
f 1514/3340 1707/3336 1472/3342
f 1514/3340 1472/3342 1459/3343
f 1727/3344 1685/3345 1707/3336
f 1727/3344 1707/3336 1787/3346
f 1787/3346 1707/3336 1797/3327
f 1512/3341 1514/3340 1503/3347
f 1503/3347 1514/3340 1459/3343
f 1512/3341 1503/3347 1456/3348
f 1456/3348 1503/3347 1398/3349
f 1398/3349 1503/3347 1426/3350
f 1426/3350 1503/3347 1459/3343
f 1426/3350 1459/3343 1387/3351
f 1787/3346 1797/3327 1833/3352
f 1787/3346 1833/3352 1767/3353
f 1833/3352 1797/3327 1829/3354
f 1833/3352 1829/3354 1873/3355
f 1833/3352 1873/3355 1858/3356
f 1833/3352 1858/3356 1814/3357
f 1279/3358 1290/3359 1254/3360
f 1609/3361 1691/3362 1670/3363
f 1670/3363 1691/3362 1705/3364
f 1670/3363 1705/3364 1675/3365
f 1691/3362 1609/3361 1665/3366
f 1665/3366 1609/3361 1618/3367
f 1705/3364 1691/3362 1686/3368
f 1705/3364 1686/3368 1675/3365
f 1686/3368 1691/3362 1665/3366
f 1686/3368 1665/3366 1618/3367
f 1675/3365 1686/3368 1628/3369
f 1628/3369 1686/3368 1618/3367
f 1609/3370 1670/3371 1587/3372
f 1587/3372 1670/3371 1675/3373
f 1609/3370 1587/3372 1618/3374
f 1587/3372 1675/3373 1628/3375
f 1587/3372 1628/3375 1618/3374
f 1837/3376 1900/3377 1872/3378
f 1872/3378 1900/3377 1926/3379
f 1837/3376 1872/3378 1841/3380
f 1841/3380 1872/3378 1926/3379
f 1837/3376 1841/3380 1840/3381
f 1841/3380 1926/3379 1864/3382
f 1841/3380 1864/3382 1840/3381
f 1859/3383 1891/3384 1900/3385
f 1859/3383 1900/3385 1837/3386
f 1900/3385 1891/3384 1926/3387
f 1859/3383 1837/3386 1840/3388
f 1859/3383 1840/3388 1891/3384
f 1926/3387 1891/3384 1864/3389
f 1864/3389 1891/3384 1840/3388
f 2278/3390 2290/3391 2282/3392
f 2278/3390 2282/3392 2262/3393
f 2282/3392 2290/3391 2297/3394
f 2278/3390 2262/3393 2280/3395
f 2278/3390 2280/3395 2290/3391
f 2297/3394 2290/3391 2292/3396
f 2292/3396 2290/3391 2280/3395
f 1314/3397 1290/3398 1279/3399
