# Blender 4.5.0
# www.blender.org
mtllib tripo_convert_0230dce3-1413-44bb-a5f4-5298bfa0a7d6.mtl
o tripo_node_0230dce3-1413-44bb-a5f4-5298bfa0a7d6
v 0.000000 0.407715 -0.006427
v 0.000152 -0.191635 0.276398
v 0.000161 -0.500000 0.288147
v 0.000181 -0.118309 0.294434
v 0.000186 0.032330 -0.097618
v 0.000199 0.354370 -0.021484
v 0.000334 -0.166748 -0.159103
v 0.000350 0.378906 0.009708
v 0.000444 -0.323029 -0.302856
v 0.000599 0.175873 0.108017
v 0.000606 -0.371429 -0.302124
v 0.000622 0.103333 -0.108658
v 0.000630 0.146790 -0.088867
v 0.000646 0.386017 -0.010530
v 0.000663 0.282806 -0.049301
v 0.000712 0.325684 0.025341
v 0.000789 0.163757 0.116982
v 0.000987 -0.023771 -0.093163
v 0.001101 -0.060532 0.156647
v 0.001118 0.005984 0.089302
v 0.001175 0.162811 0.107841
v 0.001293 0.239212 -0.055279
v 0.001378 -0.126877 -0.293640
v 0.001475 0.437012 -0.000359
v 0.001719 0.427307 -0.005749
v 0.001765 -0.108383 -0.149033
v 0.001931 -0.061478 -0.163940
v 0.002012 0.423615 0.005446
v 0.002026 -0.061813 -0.157303
v 0.002057 -0.181580 0.310028
v 0.002155 0.119934 -0.120445
v 0.002186 0.146973 0.085533
v 0.002193 0.306519 -0.034229
v 0.002605 0.116501 0.101547
v 0.002703 0.419525 0.001584
v 0.002792 -0.098450 0.145264
v 0.002832 -0.081596 -0.156006
v 0.002893 -0.294281 0.307800
v 0.002944 -0.081810 0.147156
v 0.003031 0.443604 0.002587
v 0.003400 -0.266510 0.214584
v 0.003419 -0.355560 0.302673
v 0.003589 -0.410797 -0.288086
v 0.003714 -0.500000 -0.288116
v 0.003716 -0.143127 -0.299866
v 0.003789 0.428558 -0.000794
v 0.003878 -0.136948 0.149323
v 0.003927 -0.184723 -0.276489
v 0.004021 0.007821 -0.096214
v 0.004095 0.146957 -0.081329
v 0.004265 0.421539 -0.007824
v 0.004275 0.277191 -0.041824
v 0.004450 -0.134720 -0.149216
v 0.004514 0.443207 -0.005174
v 0.004532 -0.051334 -0.163483
v 0.004743 -0.096535 0.155838
v 0.004874 -0.352234 -0.302795
v 0.004940 -0.094521 -0.156799
v 0.005014 -0.100708 -0.144989
v 0.005128 -0.076874 -0.165085
v 0.005339 -0.485016 -0.288147
v 0.005409 -0.383026 0.307159
v 0.005459 0.357666 -0.017273
v 0.005626 0.401215 -0.002108
v 0.005831 -0.102547 0.150131
v 0.005896 -0.081085 0.088890
v 0.006100 -0.384979 -0.298645
v 0.006127 0.198822 0.060989
v 0.006206 0.152512 0.115746
v 0.006487 -0.149414 0.299896
v 0.006580 0.154739 -0.121231
v 0.006970 -0.051208 0.162247
v 0.007354 0.372833 0.007965
v 0.007436 -0.048790 0.155899
v 0.007512 -0.079697 -0.093254
v 0.007612 -0.385101 0.297760
v 0.007695 -0.051250 -0.157227
v 0.007762 -0.097237 0.164093
v 0.007881 -0.248550 -0.301788
v 0.008092 -0.172974 0.282379
v 0.008424 -0.100761 -0.154236
v 0.008435 -0.109383 0.148865
v 0.008680 -0.367737 0.304565
v 0.008775 -0.152145 0.292084
v 0.008978 0.118347 0.104225
v 0.008995 0.421936 -0.001966
v 0.009075 -0.002094 -0.097672
v 0.009475 -0.102135 0.144196
v 0.009528 -0.284363 -0.220169
v 0.009963 0.277588 0.035599
v 0.010086 -0.339111 0.304993
v 0.010108 -0.500000 -0.104240
v 0.010117 -0.167328 -0.286438
v 0.010343 -0.101593 0.155380
v 0.010454 -0.080856 -0.098236
v 0.010784 -0.021883 -0.093208
v 0.011138 -0.183411 -0.311890
v 0.011222 -0.099968 -0.161499
v 0.011317 0.370270 -0.008965
v 0.011388 -0.054573 -0.095787
v 0.011414 0.170593 -0.069923
v 0.011426 -0.187027 0.265869
v 0.011514 -0.303589 -0.305450
v 0.011857 0.235458 0.047886
v 0.011894 -0.114418 -0.144745
v 0.011898 -0.166626 -0.299316
v 0.011918 0.114738 0.110207
v 0.012075 -0.061218 0.157242
v 0.012580 -0.251221 -0.307922
v 0.012684 0.165344 0.066620
v 0.012794 -0.322601 0.304230
v 0.013069 -0.096214 -0.145584
v 0.013193 -0.094658 -0.156647
v 0.013233 -0.095932 0.154221
v 0.013400 -0.094345 -0.166000
v 0.013477 -0.191681 -0.266083
v 0.013515 -0.104080 -0.143463
v 0.013538 -0.069839 0.155289
v 0.013641 -0.187698 0.309753
v 0.013883 -0.336884 -0.300995
v 0.013999 -0.389465 0.288239
v 0.014004 -0.058098 -0.164001
v 0.014071 0.112541 -0.111923
v 0.014232 -0.072952 -0.155670
v 0.014367 -0.277161 0.283478
v 0.014482 -0.352539 0.302094
v 0.014652 -0.500000 0.021992
v 0.014897 -0.181442 0.303986
v 0.014932 -0.058949 -0.157501
v 0.015038 -0.177658 0.295135
v 0.015050 -0.297150 -0.309967
v 0.015145 -0.048698 -0.160248
v 0.015367 -0.390381 -0.288330
v 0.015450 -0.236282 0.308258
v 0.015909 0.081253 -0.096909
v 0.015959 -0.318634 -0.303894
v 0.016035 0.101334 0.097076
v 0.016106 -0.389984 -0.303619
v 0.016214 0.154602 0.104256
v 0.016554 -0.062218 0.162933
v 0.016899 -0.321594 0.300934
v 0.016970 -0.121964 -0.150024
v 0.017477 -0.266327 0.197388
v 0.017550 0.048042 0.089508
v 0.017672 -0.098228 0.144699
v 0.017738 -0.186890 -0.308990
v 0.018368 -0.125732 0.143921
v 0.018513 0.326752 0.018719
v 0.018923 0.330048 -0.021778
v 0.018976 -0.381500 0.305420
v 0.019348 -0.127060 0.150726
v 0.019371 0.107147 -0.111687
v 0.019386 -0.164444 0.149872
v 0.019444 0.093193 -0.099319
v 0.019600 -0.222137 0.266357
v 0.019613 -0.164688 -0.150467
v 0.019657 -0.282776 -0.273926
v 0.019890 0.112068 0.107391
v 0.019899 -0.277618 -0.300049
v 0.019932 -0.294434 -0.302307
v 0.019976 0.355591 -0.002252
v 0.020002 0.269470 -0.037941
v 0.020065 -0.186646 -0.290405
v 0.020220 -0.311340 0.304932
v 0.020229 -0.094864 -0.153595
v 0.020344 -0.059456 0.155060
v 0.020515 -0.184509 0.287964
v 0.020521 0.162338 0.113144
v 0.020626 0.180176 -0.107323
v 0.020697 0.120560 0.113510
v 0.020727 -0.097122 0.154633
v 0.020859 -0.190903 0.284180
v 0.020880 -0.089294 -0.166809
v 0.021101 -0.154968 0.148804
v 0.021194 0.178940 -0.119598
v 0.021366 -0.190369 0.296967
v 0.021393 -0.300751 0.308655
v 0.021687 -0.500000 0.070854
v 0.021767 -0.150742 -0.150024
v 0.021769 -0.500000 0.222488
v 0.021801 -0.384125 -0.305420
v 0.021805 -0.144623 -0.143326
v 0.021807 0.119873 -0.118484
v 0.021858 -0.288361 -0.194199
v 0.022110 -0.028763 0.089066
v 0.022207 -0.099770 -0.143433
v 0.022430 -0.062744 -0.156097
v 0.022449 -0.363373 0.302368
v 0.022530 -0.026678 -0.096008
v 0.022556 0.328339 -0.013604
v 0.022629 -0.288544 0.186432
v 0.022638 -0.092293 0.166107
v 0.022663 -0.100571 -0.154999
v 0.022688 -0.103874 0.142670
v 0.022722 0.166626 0.105789
v 0.022945 -0.283386 0.241180
v 0.022976 -0.394958 0.303040
v 0.022982 -0.335205 -0.301849
v 0.023020 -0.050659 0.161652
v 0.023155 -0.118408 0.142120
v 0.023193 -0.189285 -0.302429
v 0.023325 0.330780 0.006257
v 0.023342 -0.048531 0.155975
v 0.023371 -0.366089 -0.303894
v 0.023376 0.164307 -0.104248
v 0.023811 -0.321899 -0.305298
v 0.024437 -0.333832 0.304016
v 0.024445 0.179291 0.113419
v 0.024483 -0.266449 -0.197906
v 0.024601 0.148132 -0.104286
v 0.024868 -0.166412 -0.143005
v 0.024904 0.134995 0.113777
v 0.024977 -0.250946 0.307098
v 0.025133 -0.339508 -0.305176
v 0.025196 -0.050301 -0.158173
v 0.025434 -0.238007 0.187469
v 0.025450 -0.094292 -0.164398
v 0.025520 -0.099854 0.156952
v 0.025585 -0.500000 0.279358
v 0.025642 -0.192032 -0.283966
v 0.025974 -0.213013 -0.308716
v 0.026091 -0.164688 0.141968
v 0.026394 0.089676 0.089264
v 0.026434 -0.284882 0.198792
v 0.026438 -0.181168 -0.307983
v 0.026648 -0.288147 0.283691
v 0.026653 -0.355652 -0.303253
v 0.026751 -0.266510 -0.229813
v 0.027054 -0.223175 -0.266327
v 0.027163 -0.266296 -0.266235
v 0.027615 0.117836 0.103699
v 0.027672 -0.061596 -0.162170
v 0.027863 0.141113 -0.118797
v 0.027884 -0.276642 0.300171
v 0.028130 -0.402435 -0.295685
v 0.028173 -0.251526 -0.300598
v 0.028275 -0.338470 -0.301117
v 0.028488 -0.406921 0.288239
v 0.028763 0.289734 -0.030018
v 0.028856 0.287994 0.026888
v 0.028986 0.268707 0.031145
v 0.029001 -0.326569 0.302216
v 0.029209 -0.188477 0.305511
v 0.029400 -0.099281 0.142990
v 0.029421 -0.192978 -0.171265
v 0.029510 -0.408112 -0.288177
v 0.029625 -0.303497 -0.309479
v 0.029997 -0.095398 -0.145355
v 0.030228 -0.065941 0.087784
v 0.030321 -0.095703 -0.156403
v 0.031012 0.180191 0.103287
v 0.031023 -0.060070 0.162399
v 0.031090 0.205322 -0.053963
v 0.031096 -0.135223 -0.140839
v 0.031191 0.147705 0.065140
v 0.031261 -0.266571 0.266296
v 0.031555 -0.411285 0.297058
v 0.031708 -0.252655 0.302063
v 0.031807 -0.192139 0.266144
v 0.031845 -0.081169 -0.152679
v 0.031895 -0.455444 0.288177
v 0.031914 -0.499939 -0.288574
v 0.031967 -0.459778 -0.288239
v 0.032207 -0.104332 -0.141830
v 0.032253 0.099747 0.095055
v 0.032322 -0.432587 0.298218
v 0.032619 -0.425507 -0.298920
v 0.032646 -0.050625 0.158356
v 0.032665 -0.320068 -0.302917
v 0.032673 -0.061874 0.156235
v 0.032681 -0.198303 0.173843
v 0.032787 -0.067886 -0.093735
v 0.032890 -0.076912 0.163147
v 0.032944 0.094337 -0.097267
v 0.033119 -0.484497 -0.302704
v 0.033134 -0.411469 -0.307129
v 0.033257 0.029116 -0.093834
v 0.033756 -0.247650 -0.306488
v 0.033772 -0.095108 0.159164
v 0.033894 -0.441040 0.306915
v 0.033901 0.147980 0.101166
v 0.034008 0.107948 -0.107307
v 0.034237 -0.059830 -0.153763
v 0.034279 -0.451508 -0.308777
v 0.034378 -0.335266 -0.300171
v 0.034386 -0.189606 0.311768
v 0.034904 0.119293 0.110329
v 0.034950 -0.260284 0.307343
v 0.035007 -0.499817 0.312012
v 0.035061 -0.499725 -0.308380
v 0.035091 -0.050362 -0.155609
v 0.035107 0.179169 0.112022
v 0.035137 -0.192230 0.284637
v 0.035492 0.011933 0.086967
v 0.035564 -0.412415 0.307037
v 0.035587 -0.188995 -0.311279
v 0.035690 -0.253021 -0.302551
v 0.035717 0.147339 -0.068535
v 0.035786 -0.442352 -0.309906
v 0.035904 -0.277252 0.302032
v 0.036037 -0.293335 0.300232
v 0.036087 -0.281158 -0.300049
v 0.036114 -0.294037 -0.302307
v 0.036247 -0.342072 0.301178
v 0.036259 -0.101845 0.142975
v 0.036282 -0.470245 0.315643
v 0.036308 -0.444519 0.320740
v 0.036469 0.245377 -0.040035
v 0.036636 -0.500000 -0.246445
v 0.036758 -0.166763 0.141342
v 0.036854 -0.315186 0.304138
v 0.037060 -0.270447 -0.306763
v 0.037144 -0.266571 0.247025
v 0.037361 0.222061 0.042297
v 0.037380 -0.170715 -0.140823
v 0.037411 -0.295013 -0.308289
v 0.037666 -0.100410 -0.153702
v 0.037724 -0.169632 0.150482
v 0.037960 -0.460815 -0.319153
v 0.038338 -0.166473 -0.157333
v 0.038357 -0.446320 -0.332367
v 0.038609 -0.499786 0.332642
v 0.038647 0.293091 -0.001544
v 0.038708 -0.479584 0.336334
v 0.038750 -0.449158 0.335999
v 0.038967 -0.466034 -0.336121
v 0.038971 -0.499725 -0.324524
v 0.039009 -0.077919 0.152969
v 0.039124 -0.291779 0.306824
v 0.039188 -0.169662 0.160202
v 0.039242 -0.324982 0.306122
v 0.039268 -0.288208 -0.273773
v 0.039581 -0.099243 0.156708
v 0.039627 -0.081657 -0.126785
v 0.039680 -0.317932 -0.305237
v 0.039768 0.119240 -0.113045
v 0.039814 -0.252258 -0.192673
v 0.039978 -0.352997 -0.300476
v 0.040039 0.110359 0.103699
v 0.040142 -0.288116 0.271362
v 0.040142 -0.356232 0.305542
v 0.040207 -0.073746 -0.151459
v 0.040207 -0.180023 -0.157318
v 0.040211 -0.060230 -0.159134
v 0.040226 -0.094513 -0.162872
v 0.040302 0.267273 -0.015350
v 0.040409 -0.213745 0.309265
v 0.040440 -0.357513 -0.305450
v 0.040596 -0.186447 0.262512
v 0.040642 0.238205 0.037567
v 0.040646 -0.061935 0.153534
v 0.040943 -0.183014 -0.301849
v 0.040955 -0.436798 0.307373
v 0.041012 -0.185760 -0.263702
v 0.041126 -0.189011 -0.301270
v 0.041218 0.165619 -0.114014
v 0.041306 -0.266907 0.307617
v 0.041317 -0.183197 -0.253601
v 0.041332 -0.184799 -0.149536
v 0.041466 -0.183273 0.316254
v 0.041534 -0.183777 -0.317047
v 0.041626 -0.182465 0.253479
v 0.041695 0.176407 0.053448
v 0.041775 -0.098808 -0.141525
v 0.041870 0.261414 0.012602
v 0.041874 -0.184753 0.300995
v 0.041893 0.146698 0.082802
v 0.041954 -0.440735 0.318268
v 0.041958 0.148132 0.110435
v 0.042229 -0.058556 0.160736
v 0.042259 -0.081535 0.085655
v 0.042622 -0.178436 0.267426
v 0.042629 -0.439392 -0.309082
v 0.042671 -0.190247 0.311096
v 0.042725 -0.411438 0.306946
v 0.042751 -0.184448 -0.139526
v 0.042828 -0.099319 0.141312
v 0.042908 -0.299835 -0.308990
v 0.042927 -0.307922 0.307556
v 0.042931 -0.410858 -0.314178
v 0.043015 -0.403534 -0.307373
v 0.043026 -0.184250 0.143967
v 0.043041 -0.388153 0.310852
v 0.043301 -0.442474 -0.326263
v 0.043316 0.099861 0.092407
v 0.043327 -0.336060 -0.306793
v 0.043385 -0.185684 -0.274536
v 0.043419 -0.359222 -0.313416
v 0.043468 -0.189484 0.280029
v 0.043495 -0.257202 0.312561
v 0.043503 -0.300568 0.314240
v 0.043530 -0.081535 -0.090965
v 0.043537 -0.049919 0.156906
v 0.043545 -0.426422 0.312988
v 0.043575 -0.273071 -0.309448
v 0.043640 -0.427216 -0.314392
v 0.043747 -0.237762 -0.307556
v 0.043751 -0.092705 0.164856
v 0.043854 -0.333313 0.308411
v 0.043919 -0.202560 -0.309967
v 0.044056 -0.177338 -0.163177
v 0.044075 -0.292786 -0.314178
v 0.044128 0.176498 -0.101074
v 0.044281 -0.224640 -0.313354
v 0.044403 -0.499725 -0.336456
v 0.044544 -0.174423 0.305481
v 0.044613 -0.081642 -0.160233
v 0.044693 -0.194122 0.265869
v 0.044720 -0.500000 -0.068085
v 0.044746 -0.195404 -0.255310
v 0.044933 -0.192780 0.257446
v 0.045189 -0.264923 0.196579
v 0.045280 -0.190796 -0.279114
v 0.045280 -0.195114 -0.263672
v 0.045418 0.080513 -0.090485
v 0.045464 -0.061954 -0.149796
v 0.045662 -0.094490 -0.153000
v 0.045692 -0.266541 0.266327
v 0.045776 -0.266541 -0.263855
v 0.045925 -0.170456 0.314575
v 0.045944 -0.266205 0.258209
v 0.046024 -0.237167 0.266418
v 0.046047 -0.234436 -0.266327
v 0.046074 -0.095215 0.153183
v 0.046135 -0.249283 0.258362
v 0.046185 -0.266113 -0.255402
v 0.046204 -0.212631 0.257843
v 0.046234 -0.236374 -0.258789
v 0.046276 0.159210 -0.098427
v 0.046474 -0.198685 -0.166489
v 0.046585 -0.346283 0.313965
v 0.046692 -0.434784 0.324768
v 0.046730 -0.444916 0.335876
v 0.046833 -0.169540 -0.315186
v 0.046860 -0.193542 0.166336
v 0.047016 0.101845 -0.098892
v 0.047127 -0.435181 -0.325317
v 0.047131 0.214233 -0.043549
v 0.047276 -0.171463 -0.306915
v 0.047310 -0.499908 0.312103
v 0.047901 -0.189255 0.300537
v 0.047905 0.114601 0.096542
v 0.047962 0.162460 0.096672
v 0.048088 -0.499908 -0.309326
v 0.048134 -0.188919 -0.318054
v 0.048141 -0.499756 0.336578
v 0.048241 -0.170959 -0.261261
v 0.048428 -0.109459 0.140289
v 0.049000 -0.473694 0.336395
v 0.049030 -0.177521 -0.318848
v 0.049049 -0.291870 0.316254
v 0.049065 0.159042 -0.060314
v 0.049114 -0.181641 0.254303
v 0.049141 0.147156 -0.095497
v 0.049160 -0.061153 -0.154831
v 0.049164 -0.444122 -0.336365
v 0.049244 0.169098 -0.108467
v 0.049267 -0.284210 -0.246216
v 0.049271 -0.190964 0.316803
v 0.049339 0.178940 -0.112236
v 0.049431 -0.060070 0.160248
v 0.049629 -0.165375 0.261322
v 0.049664 -0.230652 -0.316498
v 0.049675 -0.180771 0.320007
v 0.049694 -0.500000 -0.166443
v 0.049702 -0.051891 -0.156937
v 0.049751 -0.184204 0.272766
v 0.049759 0.174362 0.098167
v 0.049793 -0.227875 0.316162
v 0.049850 -0.363953 -0.314240
v 0.050091 -0.398041 0.314117
v 0.050095 0.199158 0.043850
v 0.050167 -0.467438 -0.336365
v 0.050171 -0.421112 -0.314636
v 0.050240 -0.182083 -0.301300
v 0.050323 -0.301270 -0.315887
v 0.050602 -0.187820 -0.254028
v 0.050728 -0.100998 -0.148224
v 0.050755 -0.052521 -0.148438
v 0.050835 -0.083946 0.162338
v 0.050915 -0.161835 -0.311615
v 0.051315 -0.208313 0.255859
v 0.051582 -0.179337 -0.271942
v 0.051594 -0.164490 0.312347
v 0.051617 0.179108 0.107018
v 0.051994 -0.231903 -0.182129
v 0.052296 0.163422 0.105225
v 0.052334 0.248108 -0.003377
v 0.052448 -0.048256 0.155289
v 0.052498 -0.060722 0.149567
v 0.052517 -0.186905 0.284485
v 0.052589 -0.100883 0.146622
v 0.052696 0.119156 0.105148
v 0.052799 -0.234146 -0.255920
v 0.053276 -0.099213 -0.138657
v 0.053459 -0.249268 0.255798
v 0.053528 -0.241333 0.187668
v 0.053562 -0.240021 0.180099
v 0.053764 -0.093094 -0.158493
v 0.053886 0.113380 -0.101387
v 0.053936 0.091263 -0.087051
v 0.054035 -0.094269 0.158798
v 0.054153 -0.062943 0.154205
v 0.054523 -0.266388 0.254944
v 0.054611 -0.177811 0.303192
v 0.054878 0.120949 -0.108963
v 0.054924 -0.192093 -0.146698
v 0.054985 -0.266083 -0.194199
v 0.055054 -0.426147 0.314789
v 0.055252 0.199371 0.027264
v 0.055305 -0.171478 -0.306458
v 0.055378 -0.266022 -0.255768
v 0.055382 -0.081604 0.150955
v 0.055450 -0.175140 0.269562
v 0.055702 -0.027466 -0.086411
v 0.055855 -0.266357 0.193695
v 0.055897 -0.173218 -0.314514
v 0.055920 -0.252594 0.267548
v 0.055958 -0.245621 -0.270569
v 0.055965 -0.266541 -0.266449
v 0.056000 -0.249863 0.281525
v 0.056015 -0.215683 0.255890
v 0.056038 0.105247 0.093170
v 0.056076 -0.226913 0.281982
v 0.056110 -0.246643 -0.281586
v 0.056133 -0.207458 0.267975
v 0.056168 -0.500000 0.113007
v 0.056355 -0.266541 -0.281494
v 0.056366 -0.202728 0.298706
v 0.056427 -0.500000 0.033844
v 0.056469 -0.200516 -0.255341
v 0.056488 -0.239777 0.313293
v 0.056583 -0.243546 -0.316986
v 0.056602 -0.293152 0.316223
v 0.056606 -0.196411 -0.317108
v 0.056625 -0.226013 -0.293457
v 0.056652 -0.225479 -0.307709
v 0.056671 -0.244568 0.299255
v 0.056732 -0.225647 0.299377
v 0.056747 -0.226440 -0.282104
v 0.056786 -0.202652 -0.270813
v 0.056805 -0.189285 0.285919
v 0.056831 -0.266571 0.281494
v 0.056931 -0.269745 0.299072
v 0.056934 0.162537 -0.057423
v 0.056957 -0.099670 0.141327
v 0.057056 -0.252899 -0.299347
v 0.057079 -0.305176 0.296356
v 0.057110 -0.381012 0.314117
v 0.057129 -0.290863 -0.300385
v 0.057163 -0.389191 0.299011
v 0.057171 -0.314575 -0.315277
v 0.057171 -0.345215 0.281799
v 0.057178 -0.429962 -0.319214
v 0.057186 -0.268402 -0.286255
v 0.057224 -0.377533 -0.299530
v 0.057224 -0.392517 -0.314331
v 0.057232 -0.268799 -0.297852
v 0.057236 -0.185760 -0.274567
v 0.057274 -0.283813 -0.282135
v 0.057316 -0.408600 0.281952
v 0.057323 -0.294495 0.282104
v 0.057384 -0.400696 -0.282043
v 0.057411 0.098114 -0.092865
v 0.057465 -0.054752 0.080315
v 0.057522 -0.268982 0.286438
v 0.057709 -0.185822 -0.298950
v 0.057831 -0.187027 0.318970
v 0.057842 -0.177994 0.311066
v 0.057850 -0.188599 -0.310120
v 0.057899 -0.184494 0.253998
v 0.057983 -0.166306 0.139694
v 0.058117 0.058605 0.080139
v 0.058361 -0.205063 0.157043
v 0.058529 -0.181015 -0.253571
v 0.058533 -0.180496 0.262482
v 0.058697 -0.049702 -0.152145
v 0.058731 0.157928 0.050705
v 0.058750 -0.266602 0.271698
v 0.059071 -0.186523 0.272461
v 0.059212 -0.185104 -0.320648
v 0.059246 -0.422821 -0.282043
v 0.059299 0.113556 0.099419
v 0.059395 0.160599 -0.106766
v 0.059761 -0.459625 0.298248
v 0.059834 -0.186310 0.306000
v 0.059856 -0.444977 0.327118
v 0.060032 0.147156 0.055473
v 0.060104 -0.095222 -0.150024
v 0.060127 -0.354767 -0.281921
v 0.060177 -0.454865 -0.310822
v 0.060333 -0.457672 0.284973
v 0.060345 -0.447113 0.336578
v 0.060474 -0.445374 -0.335785
v 0.060505 -0.444000 -0.285278
v 0.060833 -0.058857 -0.152039
v 0.061066 -0.500000 0.288666
v 0.061077 0.163132 0.089569
v 0.061161 -0.500000 -0.285919
v 0.061222 -0.499939 -0.309875
v 0.061237 -0.499939 0.315674
v 0.061352 -0.476685 -0.286041
v 0.061390 -0.499817 0.336670
v 0.061424 -0.478302 0.336578
v 0.061466 -0.499786 -0.336700
v 0.061474 -0.479858 -0.336609
v 0.061474 -0.500000 0.189255
v 0.061829 -0.085716 0.152832
v 0.061916 0.155197 -0.089127
v 0.062145 0.162552 -0.093773
v 0.062263 -0.061321 -0.144257
v 0.062653 -0.101669 -0.135818
v 0.062767 0.162460 -0.038414
v 0.062920 -0.226578 -0.168976
v 0.063622 0.112419 -0.100220
v 0.063667 0.210312 -0.000118
v 0.064323 -0.226410 0.289001
v 0.064613 0.106148 0.088005
v 0.064705 -0.081841 0.116119
v 0.064919 -0.266449 -0.184723
v 0.065521 -0.100266 -0.144257
v 0.065788 0.189835 -0.009612
v 0.065880 -0.226990 0.282074
v 0.066093 -0.013098 0.077072
v 0.066116 -0.415192 -0.284454
v 0.066231 0.090919 0.077477
v 0.066536 -0.226562 -0.291473
v 0.066978 0.146942 -0.058903
v 0.066986 -0.268921 0.295410
v 0.067085 0.150391 0.085487
v 0.067154 -0.098076 0.144577
v 0.067200 -0.104263 0.138504
v 0.067223 -0.242905 -0.281647
v 0.067253 0.062950 -0.081268
v 0.067291 0.151947 0.099434
v 0.067314 -0.500000 -0.008224
v 0.067329 -0.341766 -0.283142
v 0.067390 -0.226898 -0.298950
v 0.067635 -0.081627 -0.140732
v 0.068207 -0.434326 -0.282166
v 0.068344 0.202774 -0.081657
v 0.068443 -0.268677 0.283020
v 0.068474 0.161469 -0.082069
v 0.068672 -0.268860 -0.295471
v 0.068954 0.147003 0.029160
v 0.069321 -0.063637 -0.148605
v 0.069374 -0.288483 0.181534
v 0.069565 -0.226608 0.298523
v 0.069809 -0.051056 -0.141129
v 0.070190 -0.199051 0.140640
v 0.070236 0.118401 0.093422
v 0.070312 -0.401886 -0.281891
v 0.070404 0.101898 -0.087448
v 0.070404 0.120689 -0.101845
v 0.070679 0.161713 0.094215
v 0.070786 0.218262 -0.087219
v 0.070877 0.166809 0.007390
v 0.071075 -0.291504 -0.282257
v 0.071136 0.162018 -0.092285
v 0.071358 -0.415527 0.281891
v 0.071381 -0.288483 0.267822
v 0.071419 -0.271637 -0.283997
v 0.071434 -0.081589 0.075005
v 0.071526 0.147232 -0.025326
v 0.071587 -0.266510 -0.216812
v 0.071686 0.166870 0.084785
v 0.071861 -0.095856 -0.136597
v 0.072441 -0.176285 -0.132355
v 0.072540 0.016376 -0.078629
v 0.072601 0.142517 -0.101807
v 0.072693 -0.288605 -0.178436
v 0.072769 0.114609 -0.090523
v 0.073204 0.192276 -0.091507
v 0.073357 -0.266479 0.171127
v 0.073509 -0.093353 -0.150284
v 0.073555 -0.129089 -0.132431
v 0.073570 -0.288910 0.283905
v 0.073700 0.129929 0.095398
v 0.074059 -0.272522 0.290161
v 0.074211 0.155121 -0.009094
v 0.074318 -0.438599 0.283356
v 0.075096 0.166916 -0.002516
v 0.075226 0.161057 -0.099396
v 0.075348 0.178696 0.080574
v 0.075401 -0.102158 -0.132126
v 0.075500 -0.230453 -0.282135
v 0.075760 0.182892 -0.077393
v 0.075813 0.175842 0.090965
v 0.076065 -0.081543 -0.076889
v 0.076126 -0.245148 0.299042
v 0.076141 -0.049904 -0.145889
v 0.076218 -0.244568 0.157883
v 0.076241 -0.243393 0.281555
v 0.076347 -0.500000 0.285980
v 0.076485 0.108315 0.084877
v 0.076515 -0.266541 0.201431
v 0.076523 -0.334503 0.281738
v 0.076561 0.214783 -0.069992
v 0.076813 -0.049213 -0.076324
v 0.076920 -0.252167 -0.299103
v 0.077232 0.148453 -0.073380
v 0.078186 -0.232254 0.295837
v 0.078201 0.179260 -0.098656
v 0.078522 -0.230606 -0.295654
v 0.078545 -0.235168 0.282013
v 0.078598 -0.226730 0.285828
v 0.078644 -0.059532 -0.137070
v 0.078766 -0.296600 -0.286865
v 0.078979 -0.243759 0.291260
v 0.079247 -0.072189 -0.135529
v 0.079407 -0.421906 0.281921
v 0.079529 -0.277222 0.295837
v 0.079765 -0.415863 0.288788
v 0.079987 0.146744 -0.002929
v 0.080307 -0.099731 -0.140594
v 0.080360 -0.128021 0.136902
v 0.080429 -0.500000 -0.285858
v 0.080536 -0.191772 -0.131836
v 0.080788 0.099258 -0.077118
v 0.080917 0.121368 -0.096581
v 0.081291 -0.059345 -0.142426
v 0.081444 -0.094116 0.135056
v 0.081459 -0.082466 0.134888
v 0.081795 0.210144 -0.098915
v 0.082558 -0.277130 -0.295166
v 0.082687 0.146667 0.043758
v 0.082703 -0.391113 0.281708
v 0.082787 -0.484802 0.285858
v 0.082855 0.107590 -0.085472
v 0.082886 -0.244049 -0.299072
v 0.083328 0.218460 -0.098373
v 0.083496 -0.284180 0.229233
v 0.083664 -0.063225 0.069023
v 0.083954 -0.218155 0.141159
v 0.084106 -0.243683 -0.287598
v 0.084221 0.018137 0.068398
v 0.084396 0.097366 0.071136
v 0.084427 0.217545 -0.085991
v 0.084457 0.079170 0.068390
v 0.084724 -0.266571 0.281555
v 0.084793 -0.081635 0.068977
v 0.084984 -0.417145 -0.282013
v 0.085922 -0.097603 -0.130386
v 0.085999 -0.195053 0.139557
v 0.086060 0.212357 -0.055443
v 0.086136 -0.060268 -0.131836
v 0.086487 -0.020494 0.125305
v 0.086632 -0.300201 0.284790
v 0.086838 0.180267 0.082924
v 0.086876 -0.048466 -0.133026
v 0.087090 -0.292694 -0.289093
v 0.087128 -0.354523 -0.281952
v 0.087257 -0.204987 -0.144073
v 0.087303 0.042961 0.060608
v 0.087387 -0.059059 0.120216
v 0.087479 -0.018915 0.115952
v 0.087608 -0.082306 0.127838
v 0.087746 -0.280457 0.293579
v 0.087776 -0.243790 0.289490
v 0.088005 0.167557 -0.057114
v 0.088005 -0.283417 -0.285248
v 0.088051 -0.011252 0.131348
v 0.088089 -0.099098 0.133545
v 0.088165 -0.081558 -0.069618
v 0.088226 0.203094 -0.094986
v 0.088264 -0.141891 0.137680
v 0.088326 0.013391 -0.068199
v 0.088371 0.061127 -0.068909
v 0.088425 -0.049351 -0.068741
v 0.088486 -0.073647 0.055244
v 0.088562 -0.059086 -0.138077
v 0.088753 -0.081474 0.116646
v 0.088882 0.093422 -0.068764
v 0.089203 -0.078888 -0.140045
v 0.089325 -0.020672 0.051662
v 0.089645 0.073814 0.051334
v 0.089767 0.165787 0.070290
v 0.089783 -0.280457 0.284851
v 0.089859 0.117546 0.079796
v 0.090027 0.118591 -0.079865
v 0.090393 -0.097305 -0.137146
v 0.090408 0.067711 -0.059204
v 0.090439 0.180267 0.071091
v 0.090851 0.098564 0.061733
v 0.091042 -0.442963 -0.283813
v 0.091400 -0.081512 0.042625
v 0.091515 -0.059967 0.136734
v 0.091629 0.148544 0.062431
v 0.091682 -0.303619 -0.282654
v 0.091698 0.103363 -0.064819
v 0.091721 0.128448 -0.091331
v 0.091881 -0.081650 -0.102585
v 0.092056 0.109138 -0.074768
v 0.092285 0.161545 -0.091644
v 0.092384 0.120102 -0.088478
v 0.092674 -0.244095 0.298950
v 0.092789 -0.053673 -0.040642
v 0.092812 0.169525 0.081268
v 0.092819 0.092850 -0.046967
v 0.092896 -0.081505 -0.041199
v 0.092957 -0.017199 0.150497
v 0.093002 -0.107483 0.143982
v 0.093040 -0.081604 -0.127884
v 0.093086 -0.180649 0.145996
v 0.093422 -0.270020 0.298157
v 0.093483 0.038277 -0.035435
v 0.093513 -0.224243 0.145477
v 0.093521 -0.269806 -0.291321
v 0.093689 0.092934 0.043758
v 0.093735 0.179626 -0.081009
v 0.093742 -0.252136 0.146500
v 0.093910 0.035049 0.028038
v 0.094147 -0.049866 -0.129288
v 0.094147 -0.090874 -0.140747
v 0.094330 -0.059620 -0.128220
v 0.094475 0.109039 0.068108
v 0.094536 0.202652 -0.047298
v 0.094551 -0.024651 0.147034
v 0.094910 0.114189 -0.059193
v 0.094955 0.099846 -0.055580
v 0.095398 -0.104317 -0.128220
v 0.095413 -0.050629 -0.137283
v 0.095421 -0.479584 -0.286316
v 0.095444 -0.173416 -0.126617
v 0.095474 -0.266113 0.150482
v 0.095497 -0.015258 0.016617
v 0.095512 -0.022779 0.113083
v 0.095604 0.146667 -0.008780
v 0.095604 -0.226776 0.285736
v 0.095642 0.073723 -0.138947
v 0.095650 -0.132004 -0.126831
v 0.095680 0.091606 -0.027071
v 0.095680 -0.226959 -0.295197
v 0.095688 -0.230850 0.298798
v 0.095695 0.072044 -0.120827
v 0.095810 -0.011919 -0.014465
v 0.095825 -0.239532 0.290894
v 0.095879 0.158859 0.057583
v 0.095894 -0.232925 -0.285950
v 0.095978 -0.240387 0.281708
v 0.096046 0.055626 -0.126724
v 0.096107 0.034698 -0.126007
v 0.096107 0.197098 -0.074867
v 0.096107 -0.062405 0.011784
v 0.096130 -0.243835 -0.291931
v 0.096260 0.091484 0.023605
v 0.096306 -0.046646 0.113434
v 0.096321 0.217743 -0.063232
v 0.096397 -0.415649 0.283569
v 0.096741 0.032169 -0.004470
v 0.096764 -0.194244 -0.129044
v 0.096771 0.091019 -0.009006
v 0.096863 0.075119 -0.001212
v 0.096893 0.188187 -0.086075
v 0.097054 -0.266479 -0.281525
v 0.097099 -0.081535 0.005879
v 0.097115 -0.242981 0.152115
v 0.097260 -0.195999 0.152527
v 0.097321 -0.238937 -0.298981
v 0.097382 -0.072876 -0.125687
v 0.097450 0.134521 0.077637
v 0.097511 0.161194 0.074631
v 0.097572 -0.283691 -0.282440
v 0.097847 0.107178 -0.070831
v 0.097969 -0.002855 0.141327
v 0.098022 0.063667 -0.143066
v 0.098030 0.176773 0.075981
v 0.098076 -0.268829 -0.298126
v 0.098083 -0.051037 0.152130
v 0.098114 -0.125793 0.152359
v 0.098274 0.053528 -0.113640
v 0.098297 0.034359 -0.139603
v 0.098495 -0.500000 -0.124634
v 0.098534 -0.266449 -0.162109
v 0.098625 0.155411 -0.044052
v 0.098679 0.161514 0.064796
v 0.098701 0.117546 0.062889
v 0.098816 0.219986 -0.050644
v 0.098862 -0.266510 -0.254059
v 0.098885 -0.269348 -0.284119
v 0.098938 0.094231 0.007096
v 0.099083 -0.266510 0.164154
v 0.099091 0.184509 -0.070595
v 0.099144 -0.014855 0.107979
v 0.099266 -0.247803 -0.281708
v 0.099709 -0.062492 -0.134384
v 0.099731 -0.101120 -0.133682
v 0.099876 0.202209 -0.083473
v 0.099884 -0.500000 -0.065315
v 0.099892 0.214264 -0.086327
v 0.099937 0.102615 -0.036346
v 0.100075 0.175278 -0.082161
v 0.100418 0.108154 0.056080
v 0.100555 -0.022684 0.151718
v 0.100655 0.119606 -0.079582
v 0.100670 0.174698 -0.046886
v 0.100861 0.103935 0.040363
v 0.100983 0.062012 -0.126099
v 0.101250 0.075356 -0.105621
v 0.101288 -0.265167 0.151886
v 0.101303 0.161652 0.046688
v 0.101402 0.031841 -0.108429
v 0.101555 -0.270447 0.287964
v 0.101723 0.023567 -0.134048
v 0.101768 0.118225 -0.065880
v 0.101845 0.105782 -0.050209
v 0.101852 0.176147 0.045135
v 0.101868 0.056767 -0.150040
v 0.101883 0.105438 -0.017971
v 0.101997 0.073799 -0.131760
v 0.102013 0.029158 -0.123199
v 0.102081 -0.157333 -0.135605
v 0.102104 0.158127 -0.035774
v 0.102196 0.103661 0.017134
v 0.102234 0.114380 -0.043095
v 0.102318 -0.061863 -0.125183
v 0.102417 -0.209656 -0.137711
v 0.102562 -0.085068 -0.135315
v 0.102615 0.078232 -0.121262
v 0.102676 0.154694 0.039852
v 0.102753 0.074509 -0.151260
v 0.103020 0.099686 -0.012670
v 0.103043 0.102615 -0.002877
v 0.103165 0.017385 0.129822
v 0.103325 0.106255 0.049133
v 0.103455 -0.249023 0.281616
v 0.103630 0.009186 0.119934
v 0.103806 -0.014435 -0.125687
v 0.104080 0.101959 0.029823
v 0.104324 -0.058228 -0.136917
v 0.104439 0.037514 -0.153824
v 0.104462 -0.288635 0.155319
v 0.104568 -0.281006 0.283508
v 0.104706 -0.270599 0.298676
v 0.104904 0.147476 -0.021919
v 0.105049 -0.500000 -0.271149
v 0.105087 -0.066055 -0.114632
v 0.105507 0.119781 0.063271
v 0.105766 0.171173 0.049427
v 0.105812 0.111687 0.004454
v 0.105843 0.067787 -0.148697
v 0.105865 -0.500000 0.159714
v 0.105942 0.112244 0.025484
v 0.106064 0.148987 0.014084
v 0.106148 0.020634 -0.113167
v 0.106239 -0.284027 -0.285889
v 0.106262 0.161377 0.025791
v 0.106323 0.130325 0.063896
v 0.106346 0.158905 0.062443
v 0.106369 0.029419 -0.148346
v 0.106377 0.160797 -0.020123
v 0.106491 0.179993 0.036983
v 0.106506 -0.048599 -0.115288
v 0.106529 -0.281586 0.292572
v 0.106667 0.063522 -0.106422
v 0.106667 -0.320526 0.281738
v 0.106697 -0.299774 -0.285278
v 0.106712 -0.028471 -0.140884
v 0.106735 -0.288330 -0.267853
v 0.106873 0.176575 0.025011
v 0.107025 0.180099 -0.013996
v 0.107124 -0.227005 -0.298553
v 0.107178 0.118118 -0.022682
v 0.107353 -0.266541 0.260651
v 0.107422 0.115479 -0.057949
v 0.107513 0.020832 -0.144363
v 0.107536 -0.300629 0.283539
v 0.107574 0.183090 -0.072433
v 0.107605 0.204346 -0.072731
v 0.107620 0.161575 0.014976
v 0.107697 -0.013855 0.152878
v 0.107803 0.080643 -0.140533
v 0.107941 0.117073 0.043839
v 0.108093 -0.248520 -0.149338
v 0.108147 -0.081490 -0.110275
v 0.108360 0.139038 -0.072777
v 0.108391 -0.078644 0.149658
v 0.108421 0.121613 -0.069252
v 0.108475 -0.075867 -0.144180
v 0.108513 -0.033913 -0.111191
v 0.108574 0.201569 -0.054146
v 0.108650 0.118118 -0.001123
v 0.108879 0.169357 -0.024782
v 0.108971 0.107193 0.006986
v 0.109070 -0.277100 -0.295593
v 0.109108 0.106491 0.013126
v 0.109184 0.216095 -0.070641
v 0.109200 0.161530 -0.045204
v 0.109215 0.111778 -0.027304
v 0.109596 0.029106 -0.106865
v 0.109665 0.118675 0.022188
v 0.109734 0.179840 -0.025299
v 0.109818 -0.226776 -0.285370
v 0.109879 0.025543 0.129944
v 0.109940 0.179077 0.051666
v 0.110100 0.079964 -0.111488
v 0.110184 0.116882 -0.017981
v 0.110283 -0.248062 0.299133
v 0.110321 0.031225 -0.098648
v 0.110329 0.113914 -0.037247
v 0.110458 0.166077 0.001974
v 0.110611 0.044067 -0.098145
v 0.110664 0.219498 -0.056335
v 0.110703 0.056664 -0.098175
v 0.110741 -0.226608 0.284576
v 0.110748 0.002476 -0.108391
v 0.110802 0.190125 -0.062481
v 0.110954 0.174133 -0.050072
v 0.111099 -0.194244 -0.148590
v 0.111122 0.141541 -0.059601
v 0.111221 0.161453 0.050861
v 0.111267 0.161819 -0.026932
v 0.111336 -0.125153 -0.148148
v 0.111443 0.058289 -0.156586
v 0.111496 0.074432 -0.160034
v 0.111565 -0.240707 0.148849
v 0.111664 0.111832 -0.006299
v 0.111977 -0.042751 -0.114906
v 0.112030 0.179977 -0.002009
v 0.112061 0.120735 -0.048782
v 0.112129 -0.003479 0.145905
v 0.112152 0.118965 0.047520
v 0.112335 0.097778 -0.127365
v 0.112526 0.070961 -0.096069
v 0.112778 0.082321 -0.148254
v 0.112823 0.030413 -0.152939
v 0.112877 0.173828 0.025623
v 0.112923 0.031242 -0.160110
v 0.113197 0.116219 0.018122
v 0.113579 -0.038750 -0.105934
v 0.113892 0.115807 0.030012
v 0.114014 0.160797 -0.041180
v 0.114021 0.068451 -0.152069
v 0.114395 -0.442719 0.283020
v 0.114777 -0.475464 0.286774
v 0.114922 0.114616 -0.014109
v 0.114944 0.060894 -0.102432
v 0.115082 0.178833 0.044312
v 0.115379 -0.276367 0.296600
v 0.115700 0.119049 -0.004003
v 0.115761 0.079041 -0.104584
v 0.115837 0.118011 0.003852
v 0.115852 -0.020178 0.105469
v 0.116127 -0.190582 0.146591
v 0.116165 -0.285431 0.189072
v 0.116180 -0.266083 -0.154373
v 0.116226 -0.141296 0.147064
v 0.116249 0.024391 -0.155640
v 0.116501 -0.081696 0.070419
v 0.116585 0.121559 0.032055
v 0.116653 -0.228531 0.298645
v 0.116669 0.179001 0.029039
v 0.116859 0.144806 -0.032162
v 0.116859 -0.004230 0.112000
v 0.117027 0.159073 0.028023
v 0.117043 -0.081024 0.107269
v 0.117203 -0.500000 0.085716
v 0.117638 0.077782 -0.156296
v 0.117645 0.122238 -0.025089
v 0.117767 -0.292145 -0.289154
v 0.117928 -0.293457 0.287659
v 0.117973 0.043800 -0.164490
v 0.118042 0.120949 0.018137
v 0.118126 0.021492 -0.100258
v 0.118187 0.160110 0.007472
v 0.118202 0.164764 -0.027496
v 0.118233 -0.500000 0.262939
v 0.118301 -0.085518 -0.154907
v 0.118576 -0.063499 0.107010
v 0.118652 0.178619 -0.026924
v 0.118683 -0.017574 -0.155121
v 0.118721 0.102699 -0.142609
v 0.118851 -0.280731 -0.285553
v 0.119041 -0.273743 -0.296661
v 0.119217 -0.275909 0.286987
v 0.119278 -0.266571 0.205536
v 0.119652 -0.081726 -0.058880
v 0.119690 0.122673 -0.001421
v 0.119774 0.073418 -0.091347
v 0.119820 -0.301666 -0.282806
v 0.119827 0.150085 -0.007409
v 0.119881 0.178848 -0.013433
v 0.119911 0.073151 -0.167328
v 0.120079 0.174469 0.000434
v 0.120377 -0.245651 -0.155487
v 0.121452 -0.028076 0.145538
v 0.121887 0.000959 0.137451
v 0.121986 -0.499939 0.285034
v 0.122421 0.029491 -0.159943
v 0.122482 0.029741 -0.164780
v 0.122482 -0.266479 0.145737
v 0.122627 -0.243546 -0.299011
v 0.123131 0.113861 -0.116257
v 0.123428 -0.054127 0.105949
v 0.123444 -0.500000 0.026142
v 0.123451 -0.192734 -0.157562
v 0.123886 -0.232666 -0.295380
v 0.124138 -0.228424 -0.284973
v 0.124153 0.018148 -0.158386
v 0.124161 -0.226761 0.286926
v 0.124382 0.133759 -0.131973
v 0.124657 0.079781 -0.101181
v 0.124718 -0.015629 0.150299
v 0.124794 -0.242340 0.294556
v 0.124817 -0.039745 0.112648
v 0.124847 -0.081673 0.004881
v 0.124992 -0.001014 0.124702
v 0.125137 -0.125595 -0.158508
v 0.125305 -0.239548 0.281799
v 0.125839 -0.070244 -0.097694
v 0.125977 0.029955 -0.096230
v 0.126297 -0.268341 -0.287109
v 0.126404 -0.244247 -0.284668
v 0.126526 -0.315308 0.282104
v 0.126831 -0.420227 -0.281891
v 0.127121 -0.322510 -0.281952
v 0.127167 0.088562 -0.152542
v 0.127213 -0.044312 0.093315
v 0.127350 -0.266510 -0.186630
v 0.127625 -0.500000 -0.193130
v 0.127701 -0.497284 -0.285736
v 0.127853 -0.315704 0.290131
v 0.127991 -0.266815 -0.298828
v 0.127991 -0.289551 0.282440
v 0.128235 -0.015222 0.112144
v 0.128235 -0.023096 0.119400
v 0.128235 -0.285309 -0.222549
v 0.128906 -0.010794 -0.159668
v 0.128952 -0.081566 0.090752
v 0.129211 0.075172 -0.168457
v 0.129242 -0.453979 -0.285858
v 0.129349 -0.118057 -0.096169
v 0.129486 -0.070526 0.090004
v 0.129517 0.061195 -0.168320
v 0.129669 -0.174805 -0.096138
v 0.129745 -0.327728 0.284271
v 0.129761 -0.011926 -0.097351
v 0.129883 -0.081078 -0.093079
v 0.130096 0.045677 -0.089867
v 0.130356 -0.039642 0.128616
v 0.130539 -0.269958 0.296906
v 0.130554 0.075096 -0.091843
v 0.130768 -0.044373 0.102951
v 0.130859 -0.057461 0.091591
v 0.130875 -0.070854 -0.159882
v 0.131027 -0.046597 -0.096230
v 0.131226 -0.077248 0.125854
v 0.131256 0.108505 -0.111252
v 0.131363 -0.265442 0.130249
v 0.131378 0.065742 -0.160828
v 0.131592 -0.043293 0.115028
v 0.131699 -0.167480 0.125900
v 0.131821 -0.122841 0.140594
v 0.131943 -0.054821 0.104553
v 0.132095 -0.057793 0.140289
v 0.132141 -0.102440 -0.083794
v 0.132187 -0.272400 0.284027
v 0.132339 -0.288391 0.267883
v 0.132370 -0.225769 0.123032
v 0.132446 0.122955 -0.142929
v 0.132492 -0.445312 0.287628
v 0.132507 -0.195740 -0.085320
v 0.132553 -0.289551 -0.283173
v 0.132584 -0.179077 0.139999
v 0.132645 -0.244034 0.140625
v 0.132904 0.031582 -0.089821
v 0.132919 -0.054962 0.111877
v 0.132965 -0.021814 0.055630
v 0.132980 -0.131073 -0.081528
v 0.133255 -0.266479 0.140411
v 0.133316 0.056664 -0.163208
v 0.133575 -0.096008 -0.094215
v 0.133682 0.062489 -0.094872
v 0.134064 -0.266541 0.168335
v 0.134109 -0.271820 -0.285583
v 0.134354 -0.019218 0.140228
v 0.134521 -0.500000 0.198212
v 0.134750 -0.051399 -0.088165
v 0.134857 -0.057648 0.081627
v 0.135010 -0.266449 -0.160294
v 0.135406 -0.047428 0.081131
v 0.135452 -0.266510 0.107346
v 0.135696 -0.016342 0.130051
v 0.135956 -0.061462 0.072441
v 0.135986 -0.062836 -0.086250
v 0.136154 0.149811 -0.124207
v 0.136200 -0.044605 0.095337
v 0.136215 0.024410 -0.162018
v 0.136246 -0.102806 -0.068680
v 0.136566 -0.330139 -0.281921
v 0.136658 0.041866 -0.169296
v 0.136719 -0.178207 -0.064171
v 0.136780 0.153519 -0.130707
v 0.136795 -0.200607 -0.093109
v 0.136841 -0.325592 0.290558
v 0.136917 -0.063339 0.098976
v 0.136948 -0.289520 0.289368
v 0.136978 0.079041 -0.160370
v 0.137360 -0.326843 -0.289673
v 0.137405 0.080360 -0.100304
v 0.137711 -0.095062 -0.079582
v 0.137817 -0.297821 0.283447
v 0.138031 0.070084 -0.160522
v 0.138062 -0.227707 -0.160248
v 0.138062 -0.315369 0.290588
v 0.138077 -0.427429 0.281769
v 0.138153 -0.500000 -0.034554
v 0.138168 -0.024370 0.049019
v 0.138199 -0.109802 0.092926
v 0.138260 -0.251831 0.093803
v 0.138412 0.031038 -0.167847
v 0.138428 -0.057392 0.090393
v 0.138458 -0.024904 0.073326
v 0.138504 -0.111603 -0.056561
v 0.138763 -0.278839 -0.294556
v 0.138794 -0.176819 0.090561
v 0.138855 -0.192291 -0.055676
v 0.138870 -0.023252 0.064606
v 0.139008 -0.098572 -0.087517
v 0.139038 -0.042217 0.072510
v 0.139069 -0.243866 0.286438
v 0.139099 -0.069374 -0.097183
v 0.139191 -0.135971 -0.160233
v 0.139191 -0.244049 -0.294373
v 0.139191 -0.298035 -0.287201
v 0.139313 -0.032372 0.058815
v 0.139374 -0.032829 0.078476
v 0.139420 -0.042149 -0.098885
v 0.139587 -0.056633 -0.075279
v 0.139771 -0.081726 -0.096939
v 0.140244 -0.230499 -0.293762
v 0.140289 -0.016113 -0.160233
v 0.140289 -0.139923 -0.045212
v 0.140427 -0.231140 0.287415
v 0.140427 -0.325226 0.282318
v 0.140442 -0.244537 0.298920
v 0.140717 -0.230179 0.083206
v 0.140747 -0.159805 0.082542
v 0.140808 -0.009778 -0.097549
v 0.140823 -0.266541 0.281464
v 0.140854 -0.094467 -0.051258
v 0.140854 -0.176743 -0.097160
v 0.140945 -0.013617 0.077377
v 0.140961 -0.266510 0.083336
v 0.141052 -0.056271 0.055870
v 0.141281 -0.150528 -0.022383
v 0.141327 0.059158 -0.167175
v 0.141357 -0.100555 -0.055687
v 0.141418 -0.078423 -0.067413
v 0.141449 -0.013229 0.039944
v 0.141479 -0.050488 -0.090889
v 0.141479 -0.153183 -0.037651
v 0.141479 -0.193115 -0.007508
v 0.141510 -0.135757 0.032433
v 0.141571 -0.132233 -0.031952
v 0.141586 -0.180481 0.032177
v 0.141632 -0.105293 -0.033463
v 0.141632 -0.167725 -0.000283
v 0.141663 -0.098221 -0.043228
v 0.141708 -0.027899 0.039463
v 0.141785 -0.104469 0.079353
v 0.141785 -0.121986 -0.006487
v 0.141800 -0.081520 0.046803
v 0.141815 -0.322144 -0.284027
v 0.141846 0.074615 -0.092484
v 0.141846 -0.061642 -0.091034
v 0.141876 -0.180801 -0.038063
v 0.141891 -0.050934 -0.066818
v 0.141983 0.067780 -0.096527
v 0.141983 0.093002 -0.151428
v 0.142075 -0.116920 0.011033
v 0.142181 -0.142303 -0.031784
v 0.142197 -0.061947 -0.065086
v 0.142227 -0.102318 -0.020947
v 0.142380 -0.178314 -0.030729
v 0.142410 -0.117386 -0.098396
v 0.142426 -0.103889 -0.015131
v 0.142456 -0.095215 -0.067001
v 0.142578 -0.098152 -0.004489
v 0.142578 -0.245789 -0.281769
v 0.142639 -0.096581 -0.011338
v 0.142670 -0.194824 -0.071236
v 0.142685 -0.098221 0.027281
v 0.142700 -0.096092 -0.023800
v 0.142838 -0.096809 -0.032257
v 0.142899 -0.173676 0.017946
v 0.142990 0.023344 -0.095665
v 0.143097 -0.444550 -0.286896
v 0.143127 0.074272 -0.170715
v 0.143127 -0.288361 -0.141830
v 0.143204 -0.477234 -0.285004
v 0.143219 0.056942 -0.092453
v 0.143250 0.022486 -0.162292
v 0.143356 -0.070831 0.037987
v 0.143387 -0.039139 0.036163
v 0.143402 -0.358551 -0.281830
v 0.143555 -0.193054 0.029114
v 0.143875 -0.125885 -0.023640
v 0.144012 -0.049686 -0.078079
v 0.144012 -0.111816 -0.012869
v 0.144043 -0.103020 0.001294
v 0.144058 -0.459503 -0.288544
v 0.144196 0.038544 -0.090408
v 0.144196 -0.193054 -0.037239
v 0.144211 -0.284637 0.219696
v 0.144257 -0.098869 -0.072800
v 0.144547 -0.062191 0.080902
v 0.144699 -0.129227 0.004293
v 0.144821 -0.063499 -0.079712
v 0.144836 -0.084221 -0.097084
v 0.144928 0.126205 -0.122009
v 0.145004 -0.096161 -0.097801
v 0.145142 0.002952 0.061279
v 0.145187 -0.161545 -0.037636
v 0.145294 -0.037106 0.080322
v 0.145340 -0.096733 0.007469
v 0.145615 -0.051746 -0.056042
v 0.145737 -0.069031 -0.045792
v 0.145828 -0.193222 0.004209
v 0.145920 -0.102112 0.017540
v 0.145981 -0.217209 -0.096596
v 0.146057 -0.142319 -0.033623
v 0.146301 -0.081657 -0.040379
v 0.146362 0.082130 -0.153549
v 0.146866 -0.289185 0.288605
v 0.146957 -0.022823 0.083076
v 0.146957 -0.048645 -0.046730
v 0.146988 -0.061657 0.030943
v 0.147018 -0.204254 -0.083549
v 0.147064 -0.061176 -0.067513
v 0.147141 -0.070999 0.030296
v 0.147171 0.005559 0.043991
v 0.147202 -0.093376 -0.085388
v 0.147247 -0.272369 0.297119
v 0.147308 -0.082527 -0.080086
v 0.147385 -0.059887 -0.158432
v 0.147446 -0.051716 -0.067924
v 0.147690 -0.229172 -0.283844
v 0.147720 -0.061241 0.036442
v 0.147736 -0.049068 0.023146
v 0.147751 0.089584 -0.109398
v 0.148193 -0.277954 -0.295105
v 0.148254 -0.061619 -0.060501
v 0.148315 -0.060898 -0.038326
v 0.148407 -0.286041 0.150833
v 0.148514 -0.063362 0.012072
v 0.148575 -0.081581 0.001849
v 0.148575 -0.266510 0.123177
v 0.148605 0.031914 -0.092453
v 0.148727 -0.075783 -0.010194
v 0.148773 -0.058197 0.023359
v 0.148865 0.073006 -0.090752
v 0.149017 -0.174866 -0.157913
v 0.149017 -0.324707 -0.290161
v 0.149063 -0.060696 -0.009744
v 0.149246 -0.465179 -0.284027
v 0.149277 -0.096344 -0.003622
v 0.149307 -0.197937 -0.081436
v 0.149353 -0.061508 -0.020472
v 0.149399 -0.100304 -0.036774
v 0.149551 -0.096359 -0.022160
v 0.149841 -0.102234 -0.019535
v 0.150116 -0.051228 -0.029089
v 0.150162 -0.288605 0.099129
v 0.150635 -0.059368 0.000928
v 0.150635 -0.470245 0.285919
v 0.150772 -0.094147 -0.044956
v 0.150772 -0.274689 -0.286499
v 0.150803 -0.052242 -0.058777
v 0.150909 -0.100510 -0.014087
v 0.150925 0.023556 0.069504
v 0.151001 -0.096878 -0.055862
v 0.151215 -0.322327 -0.281891
v 0.151321 -0.019958 0.033485
v 0.151367 -0.093239 -0.067780
v 0.151642 -0.500000 0.128998
v 0.151657 -0.114616 -0.156952
v 0.151688 0.101425 -0.140671
v 0.151886 -0.100357 0.032093
v 0.151978 -0.273193 0.283539
v 0.152023 -0.050941 0.013884
v 0.152039 -0.094582 -0.009918
v 0.152054 -0.066383 -0.054569
v 0.152176 -0.094582 -0.032379
v 0.152176 -0.330841 -0.281830
v 0.152267 -0.051212 -0.048584
v 0.152496 -0.313446 -0.282043
v 0.152512 -0.197266 -0.063477
v 0.152710 0.078720 -0.103554
v 0.152710 -0.452545 -0.288483
v 0.152832 0.068138 -0.165451
v 0.152847 -0.293457 -0.283203
v 0.152924 -0.237335 -0.155792
v 0.153030 0.044418 -0.165161
v 0.153519 0.010478 -0.103210
v 0.153580 0.026756 -0.157440
v 0.153687 -0.194824 0.034496
v 0.153809 -0.061348 0.026932
v 0.153961 -0.099213 0.001580
v 0.154037 -0.029694 -0.102974
v 0.154114 0.077370 -0.158615
v 0.154175 -0.061287 -0.038357
v 0.154221 -0.061680 0.010856
v 0.154388 -0.093887 0.024393
v 0.154495 -0.053776 -0.004191
v 0.154526 -0.226639 0.295380
v 0.154709 0.000456 -0.154922
v 0.154816 -0.051266 0.022882
v 0.154999 -0.226868 -0.298828
v 0.155136 -0.063515 -0.012144
v 0.155228 -0.194763 0.009944
v 0.155243 -0.055676 -0.023788
v 0.155258 0.051453 -0.094765
v 0.155258 -0.194473 -0.028997
v 0.155487 -0.268158 0.290680
v 0.155518 0.031250 -0.161972
v 0.155548 -0.156509 0.035053
v 0.155563 0.100502 -0.127518
v 0.155579 0.069130 -0.103340
v 0.155762 -0.201859 -0.040230
v 0.155975 -0.073738 -0.012864
v 0.155991 -0.200287 0.008078
v 0.156036 0.046902 0.055470
v 0.156036 -0.074539 0.031979
v 0.156189 0.066315 -0.154404
v 0.156357 0.057316 -0.103386
v 0.156357 -0.109421 0.080574
v 0.156631 -0.265472 -0.152817
v 0.156662 -0.058567 0.036633
v 0.156662 -0.249390 -0.104538
v 0.156830 -0.261414 -0.146469
v 0.156860 -0.084541 -0.039360
v 0.156876 0.027174 -0.102066
v 0.156876 -0.093689 -0.039158
v 0.156906 -0.207260 -0.105522
v 0.157013 -0.218765 -0.079437
v 0.157074 -0.285583 0.189163
v 0.157089 0.080414 -0.147919
v 0.157181 -0.296844 0.282776
v 0.157196 -0.226410 -0.145569
v 0.157364 -0.095177 0.011944
v 0.157486 -0.086586 -0.106056
v 0.157516 -0.150787 -0.105721
v 0.158035 0.068626 -0.111412
v 0.158081 -0.094574 -0.022511
v 0.158279 -0.226898 0.282196
v 0.158417 -0.093605 0.035751
v 0.158432 -0.266510 -0.281464
v 0.158707 -0.267639 -0.298340
v 0.158737 -0.094147 -0.004577
v 0.158859 0.075134 -0.096634
v 0.158859 -0.248474 -0.298981
v 0.158905 -0.181534 0.080376
v 0.159058 -0.019043 0.036568
v 0.159180 -0.179581 -0.148926
v 0.159302 -0.086075 0.003172
v 0.159332 -0.115906 -0.150177
v 0.159393 -0.230423 -0.150635
v 0.159393 -0.443512 -0.282410
v 0.159470 -0.075600 -0.149048
v 0.159637 0.071198 -0.162888
v 0.159683 -0.212280 0.035435
v 0.159760 0.057301 -0.110451
v 0.160126 0.063866 -0.098145
v 0.160217 -0.250977 -0.148941
v 0.160217 -0.269470 0.297180
v 0.160370 -0.152023 -0.149231
v 0.160492 -0.019325 0.085930
v 0.160553 -0.367981 0.281647
v 0.160767 -0.011770 0.079224
v 0.160797 -0.213516 -0.149200
v 0.160858 -0.269409 -0.289246
v 0.160919 -0.011727 -0.148193
v 0.161682 0.062836 -0.149399
v 0.161743 -0.285065 0.254852
v 0.161880 0.056549 -0.157303
v 0.162125 -0.029194 0.081818
v 0.162659 -0.086311 -0.146286
v 0.162735 0.060410 0.058407
v 0.162750 -0.324585 0.281708
v 0.162781 -0.445251 0.286133
v 0.162888 -0.271240 0.284027
v 0.162933 -0.218979 -0.016670
v 0.162964 0.078888 -0.116524
v 0.163025 0.056511 -0.103439
v 0.163116 -0.266541 -0.260529
v 0.163177 -0.245804 0.080025
v 0.163284 -0.265991 -0.110855
v 0.163391 -0.266510 0.080254
v 0.163498 -0.228714 -0.145508
v 0.163513 -0.266541 -0.167099
v 0.163544 0.032127 -0.101326
v 0.163651 0.025566 0.069908
v 0.163895 -0.251434 0.281586
v 0.163940 0.024332 0.048443
v 0.164352 -0.285187 -0.178024
v 0.164474 -0.266357 -0.143005
v 0.164993 -0.025965 -0.115936
v 0.165344 -0.195435 -0.142609
v 0.165405 -0.241058 -0.117004
v 0.165436 -0.053680 -0.142883
v 0.165512 -0.279266 -0.283722
v 0.165695 -0.165512 -0.116745
v 0.165787 0.025255 -0.145432
v 0.166061 0.078300 -0.133652
v 0.166199 -0.138397 -0.140182
v 0.166550 -0.285370 0.286835
v 0.166611 0.039879 -0.155075
v 0.166702 -0.292908 -0.287720
v 0.166718 -0.103149 -0.119591
v 0.166824 0.003473 -0.119461
v 0.166824 -0.108292 0.037067
v 0.167267 -0.253632 -0.138214
v 0.167816 0.025023 -0.117142
v 0.167862 0.074051 -0.152206
v 0.168030 0.003097 -0.131409
v 0.168137 -0.038559 -0.133209
v 0.168228 0.069420 -0.108055
v 0.168304 -0.019802 0.030703
v 0.168304 -0.249878 -0.082245
v 0.168335 -0.096481 -0.131195
v 0.168350 -0.196869 -0.131882
v 0.168365 -0.145050 -0.128006
v 0.168518 -0.266541 -0.126801
v 0.168686 -0.500000 0.050148
v 0.168839 0.056927 -0.152496
v 0.168915 0.065628 -0.130081
v 0.169006 -0.278870 -0.294678
v 0.169159 0.046238 -0.108559
v 0.169342 -0.030863 0.036850
v 0.169418 -0.464294 -0.286865
v 0.170120 -0.500000 -0.284790
v 0.170486 -0.266541 0.222046
v 0.170517 -0.500000 -0.244980
v 0.170792 -0.259094 0.299164
v 0.171112 -0.275543 0.296906
v 0.171127 -0.239655 -0.045788
v 0.171570 -0.240158 -0.298737
v 0.171585 -0.232635 0.295166
v 0.171692 -0.228683 -0.291321
v 0.171860 -0.347107 0.289673
v 0.171890 -0.226700 0.285828
v 0.172165 -0.240356 0.281891
v 0.172409 -0.288422 -0.266785
v 0.172501 -0.266266 -0.089561
v 0.172531 -0.243149 0.016628
v 0.172653 -0.350616 -0.283264
v 0.172806 0.024303 0.069740
v 0.172897 0.032257 -0.145233
v 0.172928 -0.241669 -0.284271
v 0.173172 -0.500000 -0.095322
v 0.173187 0.032040 -0.115517
v 0.173447 0.067291 -0.144348
v 0.173538 0.029369 -0.132248
v 0.174240 -0.349365 0.282471
v 0.174286 -0.045837 0.078903
v 0.174637 0.040710 -0.140778
v 0.174850 0.071495 -0.135574
v 0.175568 0.056332 -0.127045
v 0.175583 0.074394 -0.122292
v 0.175583 -0.205048 0.038334
v 0.175644 -0.021578 0.083260
v 0.175781 -0.247940 0.037819
v 0.176117 -0.243591 0.295135
v 0.176315 -0.295013 0.288422
v 0.176361 -0.442932 0.282227
v 0.176392 -0.271454 -0.298798
v 0.176575 0.010294 0.045670
v 0.177200 -0.300079 -0.283997
v 0.177292 0.010615 0.060371
v 0.178284 -0.288483 -0.077240
v 0.178299 -0.284637 0.284088
v 0.178482 -0.278290 -0.291168
v 0.179245 -0.266541 0.150421
v 0.179245 -0.288483 0.051029
v 0.179489 -0.134735 0.078308
v 0.179611 -0.274536 0.290558
v 0.179703 -0.258362 -0.281525
v 0.179871 -0.500000 0.231400
v 0.180466 -0.026121 0.037697
v 0.180649 -0.281128 -0.282959
v 0.181580 -0.296326 0.282501
v 0.181671 -0.266479 -0.053284
v 0.181915 -0.266022 0.038757
v 0.182236 -0.269226 -0.285187
v 0.182297 -0.220490 0.077942
v 0.182388 -0.266296 0.010153
v 0.182465 -0.011489 0.040157
v 0.182541 -0.287994 -0.020998
v 0.182617 -0.031879 0.079079
v 0.183502 -0.013290 0.077316
v 0.183533 -0.243805 -0.295715
v 0.183563 -0.087662 0.077538
v 0.183929 -0.059631 0.039986
v 0.183960 -0.124794 0.059235
v 0.184113 -0.178802 0.077499
v 0.184128 -0.266510 0.078117
v 0.184326 -0.500000 0.095940
v 0.184387 -0.128296 0.040096
v 0.184525 -0.260376 0.039516
v 0.184540 -0.216949 0.039768
v 0.184540 -0.259064 0.076317
v 0.184570 -0.131500 0.077019
v 0.184601 -0.176025 0.061874
v 0.184616 -0.081055 0.056938
v 0.184631 -0.241623 0.055828
v 0.184631 -0.266541 0.059578
v 0.184814 -0.269928 0.283203
v 0.184891 -0.043793 0.059769
v 0.185226 -0.287903 0.193817
v 0.185394 -0.500000 0.165573
v 0.185913 -0.243500 0.281616
v 0.185913 -0.267426 0.299011
v 0.186234 -0.026999 0.047268
v 0.186996 -0.311218 -0.281952
v 0.187729 -0.500000 0.285156
v 0.187973 -0.268280 0.291412
v 0.188217 -0.023396 0.063026
v 0.188766 -0.267822 -0.298523
v 0.189377 -0.474945 0.286072
v 0.189850 -0.288361 0.268341
v 0.189987 -0.227020 0.298553
v 0.190048 -0.231277 0.285858
v 0.190140 -0.243362 0.291168
v 0.190201 -0.242645 -0.288666
v 0.190216 -0.228653 -0.294006
v 0.190338 -0.237167 -0.298798
v 0.190475 -0.349640 0.288513
v 0.190491 -0.240677 0.299225
v 0.190582 -0.266541 -0.109970
v 0.190979 -0.335754 -0.281860
v 0.191376 -0.350189 -0.282837
v 0.191589 -0.346710 0.283661
v 0.191711 -0.285950 0.088348
v 0.191879 -0.353149 0.281647
v 0.192200 -0.271973 -0.287323
v 0.192703 -0.234131 -0.281982
v 0.194214 -0.284790 0.220673
v 0.194397 -0.275360 0.295502
v 0.194763 -0.276215 0.286560
v 0.194763 -0.296570 -0.284210
v 0.195129 -0.297577 0.285736
v 0.195297 -0.266541 0.046936
v 0.197189 -0.278809 -0.294617
v 0.197220 -0.416626 0.281738
v 0.199295 -0.432739 -0.281891
v 0.199707 -0.271851 0.298004
v 0.200378 -0.285583 0.133514
v 0.200638 -0.266327 0.281525
v 0.200745 -0.500000 -0.168076
v 0.201462 -0.457092 -0.286743
v 0.202133 -0.443542 -0.286346
v 0.202988 -0.500000 -0.020880
v 0.204559 -0.500000 0.280365
v 0.204910 -0.226669 -0.288513
v 0.205994 -0.245499 -0.299103
v 0.206314 -0.294434 0.287903
v 0.206589 -0.226730 0.295166
v 0.206970 -0.284149 -0.235458
v 0.207016 -0.296478 -0.285889
v 0.207718 -0.380371 -0.281799
v 0.207764 -0.446045 0.286987
v 0.207840 -0.273895 -0.296844
v 0.207993 -0.277893 0.286194
v 0.208008 -0.245453 0.281708
v 0.208084 -0.277557 -0.286194
v 0.208328 -0.285156 0.180359
v 0.208450 -0.226700 0.282593
v 0.208878 -0.226974 -0.298767
v 0.209656 -0.283997 0.251617
v 0.209839 -0.299103 0.282654
v 0.211441 -0.270142 0.298492
v 0.212860 -0.243912 0.299133
v 0.213181 -0.269348 0.292023
v 0.213791 -0.273468 0.282867
v 0.213959 -0.270477 -0.285065
v 0.214066 -0.442078 -0.282654
v 0.214294 -0.500000 -0.285370
v 0.214584 -0.266510 -0.019209
v 0.214813 -0.492035 0.285400
v 0.215332 -0.141663 -0.286469
v 0.215530 -0.266449 -0.281555
v 0.215698 -0.141083 -0.300293
v 0.216003 -0.141571 0.302734
v 0.216110 -0.266510 -0.265442
v 0.216354 -0.479126 -0.285614
v 0.216385 -0.349823 0.281708
v 0.216400 -0.170364 0.285889
v 0.216415 -0.268433 -0.298553
v 0.216614 -0.464661 0.287598
v 0.216660 -0.191895 -0.286743
v 0.216766 -0.175934 -0.300720
v 0.216797 -0.173172 0.302856
v 0.216843 -0.500000 0.298248
v 0.216873 -0.266541 0.087547
v 0.216904 -0.190125 0.284698
v 0.217209 -0.189728 -0.304260
v 0.217255 -0.174423 -0.279297
v 0.217361 -0.193512 0.295471
v 0.217392 -0.453888 -0.287231
v 0.217499 -0.485901 0.300415
v 0.217651 -0.500000 0.053280
v 0.217712 -0.193695 -0.295288
v 0.217743 -0.155090 0.283783
v 0.217850 -0.499817 -0.302032
v 0.218033 -0.285706 -0.123741
v 0.218063 -0.190582 -0.275574
v 0.218155 -0.142517 0.286499
v 0.218353 -0.156326 -0.282745
v 0.219208 -0.189346 0.310303
v 0.219223 -0.438751 0.283661
v 0.219299 -0.470337 -0.303680
v 0.219376 -0.139923 0.319580
v 0.219376 -0.144592 0.269012
v 0.219589 -0.183609 0.269806
v 0.219925 -0.191162 -0.316742
v 0.220047 -0.158981 0.268707
v 0.220367 -0.150482 0.317047
v 0.220551 -0.457184 0.306396
v 0.220642 -0.157684 -0.318115
v 0.221313 -0.138733 0.305115
v 0.221405 -0.272583 -0.289398
v 0.221420 -0.143295 -0.316711
v 0.221527 -0.166092 0.322235
v 0.221573 -0.272644 0.285767
v 0.221680 -0.442108 -0.285645
v 0.221725 -0.151459 -0.267059
v 0.221954 -0.245224 -0.281738
v 0.221970 -0.283447 -0.025587
v 0.222076 -0.193039 0.265594
v 0.222137 -0.194092 -0.266754
v 0.222855 -0.191422 0.297333
v 0.222916 -0.194931 0.275146
v 0.222961 -0.261536 -0.298584
v 0.222992 -0.432983 0.293274
v 0.223175 -0.195969 0.315491
v 0.223221 -0.139725 -0.265137
v 0.223251 -0.231308 -0.298767
v 0.223282 -0.239151 0.298920
v 0.223343 -0.297516 -0.284485
v 0.223358 -0.198990 -0.313019
v 0.223618 -0.266510 -0.203491
v 0.223663 -0.230515 -0.286102
v 0.223694 -0.226715 0.298340
v 0.223694 -0.226929 0.286072
v 0.223709 -0.189545 0.328003
v 0.223846 -0.240219 0.286163
v 0.223846 -0.273041 0.296265
v 0.223938 -0.418701 -0.282013
v 0.223938 -0.499908 0.321259
v 0.224106 -0.500000 -0.067596
v 0.224136 -0.266541 0.244965
v 0.224319 -0.138657 -0.301178
v 0.224319 -0.283905 0.046581
v 0.224319 -0.285309 -0.081001
v 0.224579 -0.155472 0.272369
v 0.224686 -0.244263 -0.294220
v 0.224777 -0.192749 -0.284241
v 0.224792 -0.170425 -0.257996
v 0.225143 -0.296082 0.283722
v 0.225266 -0.499969 -0.326172
v 0.225281 -0.155304 0.284607
v 0.225327 -0.155914 0.323792
v 0.225403 -0.411255 -0.294495
v 0.225403 -0.440094 -0.307831
v 0.225433 -0.190521 -0.329315
v 0.225479 -0.139923 -0.287018
v 0.225510 -0.154480 -0.286682
v 0.225632 -0.154617 -0.331329
v 0.225662 -0.139496 0.253448
v 0.225723 -0.470428 -0.324768
v 0.225769 -0.500000 0.187012
v 0.225800 -0.139145 0.286621
v 0.226044 -0.384521 0.284851
v 0.226059 -0.449554 0.325806
v 0.226227 -0.192566 -0.297211
v 0.226456 -0.189575 -0.254578
v 0.226486 -0.205963 0.291351
v 0.226593 -0.152893 0.333038
v 0.226807 -0.139267 0.332001
v 0.226807 -0.446045 -0.325317
v 0.227066 -0.444794 0.318970
v 0.227264 -0.289825 0.290070
v 0.227310 -0.194260 -0.275940
v 0.227417 -0.355225 -0.283112
v 0.227585 -0.147064 0.272247
v 0.227676 -0.192947 -0.304962
v 0.227676 -0.209961 -0.290924
v 0.227814 -0.280090 -0.294586
v 0.228027 -0.149490 0.287476
v 0.228073 -0.139023 0.272522
v 0.228119 -0.334625 0.282318
v 0.228180 -0.153427 0.315613
v 0.228180 -0.195419 0.305481
v 0.228378 -0.423920 0.312897
v 0.228561 -0.194305 0.286316
v 0.228653 -0.140320 -0.333344
v 0.228683 -0.148666 -0.292694
v 0.228958 -0.199097 0.295563
v 0.228989 -0.142807 0.315002
v 0.229019 -0.182007 0.336761
v 0.229050 -0.150955 -0.314880
v 0.229111 -0.152634 -0.272858
v 0.229233 -0.203629 -0.294800
v 0.229721 -0.146530 0.300903
v 0.229797 -0.138565 0.299438
v 0.229813 -0.146576 0.248535
v 0.229904 -0.194794 0.278687
v 0.229935 -0.475220 0.328613
v 0.230026 -0.191406 -0.319550
v 0.230057 -0.319214 0.295227
v 0.230133 -0.337006 -0.299500
v 0.230377 -0.139114 -0.299286
v 0.230392 -0.191193 0.254272
v 0.230408 -0.245667 -0.298676
v 0.230804 -0.209137 -0.274506
v 0.230957 -0.373138 0.310089
v 0.231339 -0.193832 -0.266235
v 0.231445 -0.265411 0.297913
v 0.231461 -0.213455 -0.307587
v 0.231461 -0.243927 0.298401
v 0.231476 -0.155655 -0.310272
v 0.231552 -0.173767 0.246689
v 0.231644 -0.190689 -0.340210
v 0.231644 -0.288544 0.269562
v 0.231705 -0.156052 0.307007
v 0.231735 -0.190414 0.340698
v 0.231735 -0.212463 0.304657
v 0.231842 -0.155304 -0.325043
v 0.231903 -0.265747 0.281006
v 0.231918 -0.195984 0.318359
v 0.231934 -0.207184 -0.269104
v 0.231964 -0.139450 -0.312927
v 0.231995 -0.203445 -0.303986
v 0.232010 -0.266388 -0.280731
v 0.232040 -0.257538 -0.281494
v 0.232147 -0.138733 0.256775
v 0.232162 -0.222168 0.288483
v 0.232254 -0.141357 0.342285
v 0.232346 -0.218719 -0.291779
v 0.232513 -0.250427 0.280579
v 0.232529 -0.156601 0.271759
v 0.232620 -0.240982 -0.285950
v 0.232742 -0.139862 -0.268890
v 0.232880 -0.211777 0.275574
v 0.232956 -0.277222 0.305603
v 0.232986 -0.200851 -0.315857
v 0.233124 -0.275482 -0.305786
v 0.233154 -0.139420 0.242157
v 0.233353 -0.155273 0.326202
v 0.234177 -0.147903 0.328094
v 0.234253 -0.441711 -0.327911
v 0.234299 -0.141434 -0.245636
v 0.234528 -0.170441 -0.343781
v 0.234543 -0.152344 -0.243546
v 0.234665 -0.382446 -0.320435
v 0.235306 -0.241898 -0.308807
v 0.235321 -0.245667 -0.272125
v 0.235413 -0.213470 0.267822
v 0.235428 -0.198105 -0.326233
v 0.235519 -0.198853 0.251434
v 0.235565 -0.319183 0.316193
v 0.235580 -0.218231 0.312897
v 0.235626 -0.193558 -0.258575
v 0.235687 -0.426636 -0.328156
v 0.235748 -0.176254 -0.241333
v 0.235886 -0.138550 0.326660
v 0.235962 -0.198334 0.263153
v 0.236160 -0.199203 -0.251282
v 0.236252 -0.142487 -0.327118
v 0.236298 -0.202499 0.332367
v 0.236328 -0.191254 -0.245682
v 0.236359 -0.147018 0.244629
v 0.236465 -0.198807 0.325409
v 0.236511 -0.156219 0.240570
v 0.236649 -0.202774 -0.333496
v 0.236755 -0.153732 -0.261902
v 0.236816 -0.285034 0.101898
v 0.237137 -0.297150 0.318634
v 0.237305 -0.284515 -0.199341
v 0.237595 -0.138596 0.262573
v 0.237701 -0.266510 -0.054466
v 0.237885 -0.273590 -0.317902
v 0.237900 -0.316162 -0.320068
v 0.237946 -0.149811 0.259827
v 0.238373 -0.282837 0.317261
v 0.238388 -0.470703 -0.338654
v 0.238571 -0.496765 -0.342743
v 0.239151 -0.266541 0.200089
v 0.239151 -0.297791 -0.319824
v 0.239258 -0.249680 0.263458
v 0.239670 -0.267090 0.320221
v 0.239929 -0.190048 -0.349060
v 0.239975 -0.443298 0.338898
v 0.240143 -0.209015 -0.261505
v 0.240204 -0.138718 0.342163
v 0.240250 -0.266418 -0.263153
v 0.240326 -0.425629 0.333405
v 0.240417 -0.231491 -0.319580
v 0.240677 -0.190750 0.341492
v 0.240997 -0.499786 0.345032
v 0.241211 -0.193054 0.248749
v 0.241287 -0.266144 0.261658
v 0.241364 -0.152512 0.248886
v 0.241409 -0.191086 0.237335
v 0.241486 -0.266541 0.045692
v 0.241516 -0.245361 0.322449
v 0.241531 -0.193329 -0.334442
v 0.241547 -0.215347 -0.324615
v 0.241714 -0.138809 0.249725
v 0.241730 -0.156860 0.351196
v 0.241760 -0.360962 0.329407
v 0.241989 -0.441711 -0.339844
v 0.242203 -0.478882 0.344269
v 0.242264 -0.288330 -0.259949
v 0.242371 -0.248795 -0.259125
v 0.242599 -0.156921 -0.275757
v 0.243134 -0.139236 -0.250854
v 0.243179 -0.265778 -0.327148
v 0.243347 -0.155441 -0.236008
v 0.243393 -0.209534 0.254608
v 0.243408 -0.196014 0.331757
v 0.243439 -0.192261 -0.235107
v 0.243973 -0.156952 -0.316986
v 0.244049 -0.499969 -0.313080
v 0.244080 -0.215714 0.326904
v 0.244125 -0.299500 0.329468
v 0.244171 -0.283905 0.207779
v 0.244461 -0.193115 0.351288
v 0.244614 -0.153671 -0.249146
v 0.245056 -0.155258 -0.335541
v 0.245132 -0.142990 0.335571
v 0.245148 -0.155823 0.248016
v 0.245407 -0.142761 -0.353394
v 0.245575 -0.299774 -0.332245
v 0.245667 -0.296722 0.318634
v 0.245895 -0.274628 -0.316956
v 0.245941 -0.274719 0.315796
v 0.246094 -0.208984 -0.330048
v 0.246170 -0.142654 -0.233673
v 0.246231 -0.216644 -0.253693
v 0.246307 -0.191879 -0.242157
v 0.246323 -0.176498 0.231491
v 0.246338 -0.197891 -0.251526
v 0.246384 -0.296997 -0.320587
v 0.246796 -0.472992 -0.349518
v 0.246826 -0.269012 0.330475
v 0.246887 -0.282898 -0.328949
v 0.247009 -0.186874 -0.058201
v 0.247131 -0.454926 -0.346771
v 0.247208 -0.283173 0.322754
v 0.247452 -0.197006 0.013742
v 0.247513 -0.500000 0.119347
v 0.247604 -0.266418 0.062714
v 0.247803 -0.197266 -0.339081
v 0.247818 -0.187622 -0.044979
v 0.247894 -0.194962 0.239746
v 0.247955 -0.148712 0.232346
v 0.247955 -0.266113 -0.061436
v 0.248001 -0.156815 0.288696
v 0.248016 -0.266510 -0.105057
v 0.248032 -0.158081 -0.355957
v 0.248032 -0.285156 0.141068
v 0.248047 -0.201721 -0.345337
v 0.248169 -0.188614 -0.064240
v 0.248169 -0.201599 0.062347
v 0.248215 -0.193787 -0.021275
v 0.248276 -0.140900 -0.343445
v 0.248306 -0.202408 -0.062683
v 0.248306 -0.499969 0.292786
v 0.248352 -0.142929 0.357330
v 0.248367 -0.248337 -0.062050
v 0.248428 -0.240601 0.062183
v 0.248444 -0.186600 0.045013
v 0.248444 -0.191849 -0.002297
v 0.248459 -0.188873 -0.011985
v 0.248474 -0.190506 0.013700
v 0.248489 -0.340668 -0.335876
v 0.248535 -0.129150 0.294098
v 0.248535 -0.190063 0.032753
v 0.248596 -0.199768 -0.047791
v 0.248718 -0.186386 -0.027304
v 0.248749 -0.127304 -0.298004
v 0.248871 -0.189774 -0.033756
v 0.248886 -0.156555 0.339111
v 0.248901 -0.188095 0.005702
v 0.248947 -0.207855 0.043770
v 0.249008 -0.196976 0.339172
v 0.249039 -0.185776 0.023350
v 0.249084 -0.186081 -0.020462
v 0.249084 -0.217056 0.003079
v 0.249100 -0.182251 0.063049
v 0.249161 -0.181595 0.055485
v 0.249374 -0.231033 -0.048420
v 0.249420 -0.188904 -0.356445
v 0.249481 -0.247620 0.049366
v 0.249542 -0.265656 0.053371
v 0.249573 -0.266449 -0.049011
v 0.249619 -0.193939 0.249023
v 0.249664 -0.128708 0.305634
v 0.250122 -0.266449 0.008585
v 0.250244 -0.145477 0.292847
v 0.250427 -0.201645 -0.243942
v 0.250671 -0.156845 0.303802
v 0.250671 -0.156906 -0.309723
v 0.250732 -0.155273 0.238602
v 0.251068 -0.202682 0.237152
v 0.251129 -0.156967 0.325684
v 0.251160 -0.173538 -0.053455
v 0.251190 -0.191818 0.019655
v 0.251251 -0.207260 0.246780
v 0.251343 -0.156616 -0.296295
v 0.251404 -0.128922 -0.281342
v 0.251617 -0.253204 0.248962
v 0.251770 -0.201202 -0.349487
v 0.251801 -0.144424 0.299927
v 0.251831 -0.191040 0.227890
v 0.251923 -0.172089 -0.061737
v 0.251923 -0.194794 0.352966
v 0.251984 -0.152878 -0.239929
v 0.252228 -0.176331 -0.008128
v 0.252228 -0.286194 0.274292
v 0.252258 -0.133316 0.282654
v 0.252258 -0.145554 -0.293243
v 0.252289 -0.118439 0.296234
v 0.252380 -0.156082 0.358276
v 0.252502 -0.138519 -0.298370
v 0.252502 -0.205338 0.345337
v 0.252716 -0.403015 -0.342682
v 0.252869 -0.135986 -0.315125
v 0.252869 -0.167480 -0.227310
v 0.253357 -0.137680 0.314697
v 0.253510 -0.226440 0.336182
v 0.253540 -0.133820 0.295990
v 0.253540 -0.485077 0.350128
v 0.253723 -0.203827 -0.236374
v 0.253754 -0.153198 0.294373
v 0.253754 -0.153885 0.349457
v 0.253784 -0.155228 -0.347992
v 0.253845 -0.177551 0.010836
v 0.254028 -0.170197 0.052319
v 0.254028 -0.188370 0.044838
v 0.254059 -0.190796 -0.227127
v 0.254089 -0.140793 -0.226440
v 0.254120 -0.145493 -0.278076
v 0.254211 -0.149094 0.240738
v 0.254272 -0.282257 0.024763
v 0.254333 -0.143448 0.347992
v 0.254791 -0.188950 0.032471
v 0.254822 -0.187408 -0.066315
v 0.254974 -0.488617 -0.350189
v 0.255005 -0.189987 -0.017366
v 0.255127 -0.181122 -0.039001
v 0.255157 -0.156845 -0.275696
v 0.255157 -0.182419 0.038040
v 0.255157 -0.500000 -0.237976
v 0.255249 -0.174561 0.025434
v 0.255280 -0.160507 0.056408
v 0.255402 -0.219925 -0.338623
v 0.255707 -0.175018 -0.023113
v 0.255859 -0.191010 0.015587
v 0.255859 -0.271271 -0.338348
v 0.255951 -0.283356 0.059078
v 0.256042 -0.189819 -0.033405
v 0.256165 -0.500000 -0.105980
v 0.256287 -0.190445 -0.000262
v 0.256378 -0.139160 0.239883
v 0.256378 -0.180344 0.005112
v 0.256531 -0.189911 0.360779
v 0.256958 -0.441528 0.348236
v 0.256989 -0.182602 0.020851
v 0.257233 -0.212723 -0.242783
v 0.257324 -0.139252 -0.238281
v 0.257324 -0.193253 -0.236053
v 0.257690 -0.180542 -0.006071
v 0.257721 -0.162109 -0.055107
v 0.257935 -0.176010 0.361877
v 0.258606 -0.156891 -0.323303
v 0.258636 -0.172424 -0.061920
v 0.258698 -0.104576 -0.286987
v 0.258698 -0.283600 -0.058338
v 0.258728 -0.183319 -0.032452
v 0.258728 -0.192307 -0.349396
v 0.258789 -0.183060 0.048286
v 0.258820 -0.156021 -0.361420
v 0.258942 -0.183273 -0.013472
v 0.259033 -0.281647 -0.036938
v 0.259125 -0.181290 0.010559
v 0.259155 -0.190384 -0.045490
v 0.259155 -0.216934 0.241867
v 0.259308 -0.175262 -0.362640
v 0.259399 -0.202957 -0.342957
v 0.259399 -0.462616 0.357300
v 0.259583 -0.197113 0.236328
v 0.259735 -0.183426 0.063843
v 0.259735 -0.244629 -0.242737
v 0.259766 -0.190521 0.355316
v 0.259827 -0.193893 0.346008
v 0.260101 -0.133865 0.267120
v 0.260223 -0.100548 -0.306122
v 0.260376 -0.168381 0.053230
v 0.260498 -0.156845 0.325165
v 0.260498 -0.242691 -0.062214
v 0.260712 -0.210938 0.342041
v 0.261139 -0.210861 0.062466
v 0.261169 -0.188599 0.044624
v 0.261169 -0.500000 -0.175827
v 0.261230 -0.191116 -0.363098
v 0.261230 -0.266541 0.122200
v 0.261261 -0.114967 -0.272675
v 0.261414 -0.179214 -0.049961
v 0.261444 -0.266571 -0.071495
v 0.261475 -0.377441 0.345734
v 0.261566 -0.191116 -0.227951
v 0.261597 -0.462402 -0.357849
v 0.261658 -0.188034 0.222748
v 0.261658 -0.297394 0.342896
v 0.261719 -0.155975 0.238281
v 0.261841 -0.154434 0.360962
v 0.261841 -0.447968 0.356354
v 0.261963 -0.266571 -0.062252
v 0.262146 -0.139038 0.225128
v 0.262207 -0.190125 0.017199
v 0.262390 -0.174561 0.058117
v 0.262390 -0.190933 0.000978
v 0.262451 -0.191544 -0.017258
v 0.262482 -0.279236 0.006831
v 0.262634 -0.191559 0.033978
v 0.262848 -0.129135 -0.327087
v 0.263092 -0.153824 -0.237106
v 0.263092 -0.253662 0.062229
v 0.263245 -0.334808 -0.345398
v 0.263641 -0.176849 -0.058025
v 0.263824 -0.434387 -0.351929
v 0.264374 -0.285492 0.181717
v 0.264496 -0.500000 -0.002516
v 0.264557 -0.266510 0.062263
v 0.264587 -0.095108 0.311401
v 0.264648 -0.192291 0.048168
v 0.264648 -0.192886 -0.221741
v 0.264679 -0.282135 0.038979
v 0.265015 -0.288422 -0.218796
v 0.265228 -0.125458 0.330139
v 0.265259 -0.191803 -0.030605
v 0.265259 -0.194641 -0.234528
v 0.265411 -0.500000 0.163635
v 0.265533 -0.141571 -0.365875
v 0.265686 -0.156891 0.261536
v 0.265839 -0.255554 -0.021423
v 0.265869 -0.245529 0.010612
v 0.266052 -0.185303 0.048763
v 0.266052 -0.244278 0.238815
v 0.266083 -0.156281 0.347748
v 0.266418 -0.197403 0.357941
v 0.266418 -0.199341 -0.348450
v 0.266449 -0.218765 -0.024361
v 0.266479 -0.145050 0.330231
v 0.266571 -0.155975 -0.350677
v 0.266632 -0.188858 -0.063866
v 0.266693 -0.288422 -0.135376
v 0.266724 -0.142517 -0.355408
v 0.266785 -0.152847 0.354828
v 0.266815 -0.238037 0.343750
v 0.266876 -0.266479 -0.237808
v 0.266907 -0.205521 -0.353180
v 0.267090 -0.266418 0.237762
v 0.267120 -0.199875 0.348938
v 0.267273 -0.187958 0.055458
v 0.267273 -0.235947 0.031218
v 0.267303 -0.140518 0.356934
v 0.267487 -0.268616 0.034168
v 0.267578 -0.131363 -0.260651
v 0.267639 -0.420807 0.350616
v 0.268005 -0.216949 0.027966
v 0.268097 -0.187180 -0.052055
v 0.268158 -0.277893 -0.036423
v 0.268585 -0.212173 -0.236359
v 0.268616 -0.156921 0.250793
v 0.268707 -0.288208 0.094162
v 0.268829 -0.201202 -0.226868
v 0.268890 -0.143097 0.232773
v 0.268982 -0.288177 0.167984
v 0.269043 -0.178619 -0.219864
v 0.269043 -0.201874 0.226868
v 0.269196 -0.220963 -0.345795
v 0.269287 -0.139313 -0.218567
v 0.269501 -0.211609 -0.035515
v 0.269623 -0.288147 0.232269
v 0.270233 -0.260620 -0.044254
v 0.270477 -0.234787 -0.040733
v 0.270538 -0.288025 0.046040
v 0.270630 -0.266541 0.174896
v 0.270966 -0.219498 0.347626
v 0.271484 -0.151428 -0.219604
v 0.271484 -0.288086 -0.069695
v 0.271515 -0.143936 0.221878
v 0.271606 -0.480957 0.358459
v 0.271667 -0.478271 -0.357605
v 0.272369 -0.288330 -0.047230
v 0.272583 -0.155731 0.219376
v 0.272614 -0.156937 -0.248550
v 0.272614 -0.499817 0.356445
v 0.272705 -0.202850 0.358032
v 0.272766 -0.206924 0.008986
v 0.272827 -0.202469 -0.356903
v 0.272919 -0.141754 -0.228638
v 0.273224 -0.251190 0.031971
v 0.273407 -0.141724 0.368195
v 0.273438 -0.214828 0.026623
v 0.273743 -0.155411 0.227295
v 0.273743 -0.266541 0.073372
v 0.274048 -0.214874 0.234772
v 0.274200 -0.193192 0.035572
v 0.274261 -0.156906 -0.255493
v 0.274292 -0.210953 -0.232559
v 0.274323 -0.283569 0.259521
v 0.274384 -0.289185 0.031065
v 0.274536 -0.277527 -0.007071
v 0.274658 -0.056847 0.292786
v 0.274658 -0.197052 -0.229797
v 0.274780 -0.127930 -0.337067
v 0.275085 -0.190887 0.218323
v 0.275116 -0.190002 0.367615
v 0.275452 -0.159744 0.367737
v 0.275513 -0.145782 0.254486
v 0.275513 -0.155685 -0.228195
v 0.275513 -0.191544 -0.364136
v 0.275574 -0.210342 -0.022108
v 0.275726 -0.190475 -0.220322
v 0.275787 -0.234772 -0.037567
v 0.275818 -0.273163 0.027975
v 0.275909 -0.373993 -0.351135
v 0.275970 -0.103592 0.264191
v 0.276367 -0.259552 0.006465
v 0.276367 -0.268890 -0.347839
v 0.276489 -0.298309 0.027006
v 0.276550 -0.192459 0.357910
v 0.276733 -0.065483 0.280914
v 0.276794 -0.192978 0.226730
v 0.277008 -0.499268 -0.358032
v 0.277252 -0.500000 0.213196
v 0.277588 -0.189804 0.049744
v 0.277710 -0.269165 0.019136
v 0.277832 -0.156830 -0.336334
v 0.277924 -0.297333 -0.004230
v 0.278381 -0.202972 0.351501
v 0.278564 -0.064598 -0.311432
v 0.278595 -0.276794 0.348724
v 0.278625 -0.126694 0.253723
v 0.278748 -0.279510 -0.039711
v 0.278809 -0.151337 0.356049
v 0.279327 -0.288666 0.028910
v 0.279449 -0.443878 -0.356232
v 0.279541 -0.194809 -0.352875
v 0.279572 -0.268402 0.004783
v 0.279602 -0.152069 -0.356079
v 0.279785 -0.138580 0.355042
v 0.279816 -0.209198 -0.062660
v 0.280396 -0.243515 -0.230789
v 0.280701 -0.265350 0.062210
v 0.280762 -0.303619 0.013631
v 0.280823 -0.189026 0.063248
v 0.280884 -0.265808 -0.070976
v 0.280914 -0.156906 0.339020
v 0.280914 -0.264130 -0.062637
v 0.280914 -0.500000 -0.053493
v 0.281006 -0.104950 -0.261047
v 0.281006 -0.146713 -0.251831
v 0.281036 -0.266022 -0.229492
v 0.281189 -0.443298 0.356384
v 0.281219 -0.266418 -0.198700
v 0.281281 -0.213181 -0.350281
v 0.281281 -0.265717 0.227325
v 0.281281 -0.266113 0.072426
v 0.281342 -0.189606 -0.053028
v 0.281342 -0.282349 0.014650
v 0.281372 -0.243973 -0.078445
v 0.281372 -0.248489 0.062675
v 0.281403 -0.242432 -0.127945
v 0.281403 -0.255219 -0.202713
v 0.281403 -0.266449 -0.130951
v 0.281403 -0.266510 0.175522
v 0.281433 -0.240829 0.232681
v 0.281433 -0.245010 0.177231
v 0.281433 -0.246475 0.090363
v 0.281433 -0.252167 -0.150131
v 0.281464 -0.249847 0.135956
v 0.281464 -0.252747 -0.066345
v 0.281464 -0.266541 0.105675
v 0.281494 -0.243912 0.212418
v 0.281525 -0.230072 -0.127884
v 0.281525 -0.240753 -0.221756
v 0.281525 -0.339844 -0.133667
v 0.281555 -0.230576 -0.080681
v 0.281555 -0.245728 0.223206
v 0.281586 -0.073845 0.317749
v 0.281586 -0.242249 0.076721
v 0.281586 -0.322571 0.207184
v 0.281586 -0.335236 0.163956
v 0.281586 -0.500000 0.052292
v 0.281616 -0.245911 -0.063911
v 0.281616 -0.310974 -0.157654
v 0.281616 -0.375610 0.117996
v 0.281616 -0.382080 0.156143
v 0.281616 -0.398071 -0.118767
v 0.281647 -0.243576 -0.161072
v 0.281647 -0.322327 0.107269
v 0.281647 -0.332275 -0.082092
v 0.281647 -0.384705 0.083534
v 0.281677 -0.226685 -0.143051
v 0.281677 -0.332947 -0.219513
v 0.281677 -0.337341 0.074387
v 0.281677 -0.395416 -0.207199
v 0.281677 -0.416565 0.199310
v 0.281677 -0.427521 -0.159012
v 0.281708 -0.315521 -0.107956
v 0.281708 -0.394073 -0.077560
v 0.281708 -0.429718 -0.101418
v 0.281738 -0.349731 0.099220
v 0.281738 -0.433319 0.154602
v 0.281769 -0.400848 0.064293
v 0.281830 -0.226776 0.192551
v 0.281830 -0.244141 -0.110458
v 0.281830 -0.353149 0.061764
v 0.281860 -0.317413 0.128845
v 0.281860 -0.364655 -0.061783
v 0.281860 -0.377136 0.226379
v 0.281891 -0.401276 -0.225113
v 0.281891 -0.441162 0.205612
v 0.281921 -0.278107 0.068367
v 0.281921 -0.331421 -0.229050
v 0.281921 -0.341614 -0.178986
v 0.281982 -0.301331 -0.062077
v 0.282013 -0.302429 -0.185547
v 0.282013 -0.304749 0.062042
v 0.282013 -0.441254 -0.212387
v 0.282013 -0.442810 -0.123962
v 0.282074 -0.192978 -0.022825
v 0.282074 -0.302582 -0.218597
v 0.282104 -0.354675 -0.077187
v 0.282166 -0.280151 -0.175507
v 0.282166 -0.303345 0.182907
v 0.282166 -0.352509 0.200943
v 0.282227 -0.425385 0.096275
v 0.282227 -0.442780 0.142258
v 0.282257 -0.197342 -0.230576
v 0.282257 -0.281891 0.209167
v 0.282288 -0.442230 -0.175125
v 0.282318 -0.327942 -0.111855
v 0.282349 -0.298950 0.123528
v 0.282379 -0.306458 0.146957
v 0.282440 -0.055870 -0.280884
v 0.282501 -0.348969 -0.103027
v 0.282562 -0.286072 -0.128616
v 0.282623 -0.288727 -0.204773
v 0.282654 -0.128036 0.339325
v 0.282745 -0.210052 0.008743
v 0.282745 -0.276642 -0.134689
v 0.282776 -0.270935 0.063080
v 0.282806 -0.226624 0.081352
v 0.282867 -0.147034 -0.338196
v 0.282867 -0.439728 -0.075493
v 0.282928 -0.249619 0.348602
v 0.282928 -0.283112 0.094673
v 0.283051 -0.329559 0.132477
v 0.283142 -0.301880 0.109093
v 0.283173 -0.306580 0.228394
v 0.283203 -0.437775 -0.222137
v 0.283264 -0.429260 -0.061752
v 0.283325 -0.231155 0.127838
v 0.283325 -0.243179 0.204056
v 0.283325 -0.270630 -0.122391
v 0.283356 -0.436127 0.221878
v 0.283356 -0.455353 -0.000289
v 0.283417 -0.288300 0.172943
v 0.283447 -0.292816 0.199081
v 0.283447 -0.426483 -0.005292
v 0.283447 -0.500000 0.138535
v 0.283539 -0.455231 0.028137
v 0.283569 -0.228790 -0.181030
v 0.283600 -0.273224 -0.213669
v 0.283600 -0.294617 -0.094009
v 0.283600 -0.433624 -0.028097
v 0.283722 -0.455017 -0.027710
v 0.283752 -0.279114 0.184387
v 0.283783 -0.298523 0.215866
v 0.283813 -0.295593 -0.108871
v 0.283813 -0.296997 0.160965
v 0.283844 -0.280090 -0.159134
v 0.283844 -0.478424 0.129837
v 0.283875 -0.403320 -0.023890
v 0.283905 -0.226624 0.152435
v 0.283905 -0.277802 -0.075584
v 0.283905 -0.416077 -0.081787
v 0.283905 -0.499878 -0.181061
v 0.283936 -0.231628 -0.158356
v 0.283997 -0.282501 0.107185
v 0.283997 -0.451965 0.061859
v 0.284027 -0.230835 0.222687
v 0.284088 -0.099449 -0.328674
v 0.284119 -0.272797 0.156647
v 0.284119 -0.499390 -0.128754
v 0.284149 -0.271576 -0.094063
v 0.284180 -0.259155 -0.044125
v 0.284271 -0.300873 -0.120453
v 0.284271 -0.460907 0.144196
v 0.284302 -0.227020 0.110764
v 0.284302 -0.492584 0.068283
v 0.284332 -0.191605 -0.224075
v 0.284363 -0.027815 -0.295349
v 0.284363 -0.444122 0.092278
v 0.284393 -0.348938 0.175980
v 0.284454 -0.276276 -0.002030
v 0.284454 -0.475800 -0.061920
v 0.284454 -0.476715 -0.139786
v 0.284454 -0.499908 0.083763
v 0.284485 -0.499878 -0.091415
v 0.284576 -0.278320 0.119835
v 0.284576 -0.421692 0.027536
v 0.284607 -0.295410 0.077599
v 0.284607 -0.301208 0.171143
v 0.284729 -0.329132 -0.350647
v 0.284760 -0.155518 0.216843
v 0.284821 -0.244049 -0.212906
v 0.284821 -0.490662 -0.185059
v 0.284851 -0.296051 -0.139832
v 0.284882 -0.386963 0.003458
v 0.284912 -0.195801 0.230957
v 0.284912 -0.227615 0.204559
v 0.284943 -0.193268 -0.218323
v 0.284973 -0.225281 -0.232559
v 0.285004 -0.243866 0.124138
v 0.285004 -0.481293 0.180634
v 0.285034 -0.498688 -0.215073
v 0.285065 -0.145691 -0.216385
v 0.285126 -0.240234 0.159836
v 0.285126 -0.268188 0.178955
v 0.285126 -0.276672 0.077118
v 0.285187 -0.483826 -0.093132
v 0.285217 -0.218658 0.349091
v 0.285217 -0.268646 0.070808
v 0.285278 -0.241867 -0.172668
v 0.285278 -0.499969 0.197418
v 0.285309 -0.192474 -0.358765
v 0.285339 -0.299072 0.351044
v 0.285400 -0.156036 0.226746
v 0.285431 -0.470978 -0.215668
v 0.285431 -0.497620 0.062019
v 0.285461 -0.144608 0.221176
v 0.285461 -0.230789 -0.110817
v 0.285461 -0.468994 0.109528
v 0.285522 -0.268158 -0.066048
v 0.285522 -0.297119 0.135422
v 0.285522 -0.299194 -0.196686
v 0.285553 -0.458557 -0.086746
v 0.285583 -0.226685 -0.097984
v 0.285614 -0.225571 0.231949
v 0.285675 -0.166885 -0.369080
v 0.285675 -0.265137 -0.040428
v 0.285675 -0.272552 -0.104851
v 0.285706 -0.226746 -0.222855
v 0.285706 -0.298218 0.086960
v 0.285706 -0.349426 0.090408
v 0.285767 -0.155853 -0.226089
v 0.285767 -0.442841 -0.205872
v 0.285797 -0.282501 -0.119522
v 0.285797 -0.297150 -0.161880
v 0.285828 -0.240845 0.110535
v 0.285828 -0.274139 0.214066
v 0.285858 -0.228638 -0.204315
v 0.285950 -0.295563 -0.081100
v 0.285950 -0.460815 0.216141
v 0.285980 -0.243896 -0.204514
v 0.285980 -0.268402 0.098549
v 0.286011 -0.226593 0.096336
v 0.286041 -0.167679 0.216980
v 0.286072 -0.390564 -0.011709
v 0.286102 -0.210007 -0.230057
v 0.286102 -0.269592 0.205414
v 0.286133 -0.145157 0.339355
v 0.286133 -0.297211 -0.227676
v 0.286133 -0.445648 -0.099663
v 0.286194 -0.456207 -0.205261
v 0.286285 -0.268890 -0.184067
v 0.286316 -0.491547 0.215424
v 0.286407 -0.444672 -0.152802
v 0.286438 -0.268250 -0.127960
v 0.286621 -0.197006 0.355530
v 0.286652 -0.340027 0.351196
v 0.286652 -0.445618 0.144257
v 0.286682 -0.191757 0.365723
v 0.286682 -0.397980 0.020220
v 0.286774 -0.282959 -0.188049
v 0.286774 -0.445984 0.207748
v 0.286957 -0.270081 -0.205261
v 0.286987 -0.297333 0.116302
v 0.286987 -0.454376 0.128418
v 0.287018 -0.145935 -0.227203
v 0.287048 -0.271637 -0.175385
v 0.287048 -0.295380 -0.188446
v 0.287201 -0.267914 0.127472
v 0.287201 -0.277588 0.229050
v 0.287201 -0.462433 0.162460
v 0.287231 -0.201431 -0.353485
v 0.287292 -0.141541 0.229767
v 0.287292 -0.455627 0.180084
v 0.287323 -0.290527 -0.172379
v 0.287323 -0.448456 -0.218735
v 0.287415 -0.270233 -0.151611
v 0.287476 -0.276123 0.145615
v 0.287689 -0.456970 -0.173813
v 0.287720 -0.243317 0.174927
v 0.287750 -0.243896 -0.080597
v 0.287781 -0.194046 -0.366333
v 0.287811 -0.294495 -0.217743
v 0.288116 -0.235794 0.204422
v 0.288391 -0.243774 0.221558
v 0.288391 -0.243988 -0.072685
v 0.288452 -0.208069 -0.356293
v 0.288452 -0.243500 -0.119530
v 0.288635 -0.193222 0.218384
v 0.288696 -0.454468 -0.140335
v 0.288696 -0.457306 0.144684
v 0.288971 -0.160294 -0.216660
v 0.289032 -0.279510 -0.228256
v 0.289093 -0.278198 0.134613
v 0.289093 -0.285370 -0.349823
v 0.289093 -0.318054 -0.102554
v 0.289154 -0.500000 -0.061825
v 0.289185 -0.410645 -0.027258
v 0.289276 -0.286102 -0.135757
v 0.289307 -0.235611 0.081169
v 0.289337 -0.286316 0.144714
v 0.289368 -0.139297 -0.364349
v 0.289398 -0.258759 -0.349579
v 0.289673 -0.497009 -0.363434
v 0.289703 -0.284607 0.348175
v 0.289734 -0.288513 0.189804
v 0.290009 -0.243408 -0.127808
v 0.290039 -0.287079 0.107986
v 0.290131 -0.241211 -0.221817
v 0.290192 -0.226822 -0.128052
v 0.290253 -0.499878 -0.342804
v 0.290344 -0.317719 -0.117340
v 0.290405 -0.268646 0.152512
v 0.290649 -0.139648 0.368164
v 0.290680 -0.298920 -0.351135
v 0.290741 -0.231247 0.175247
v 0.290894 -0.297211 0.344696
v 0.290924 -0.244019 0.212875
v 0.290955 -0.015542 0.299744
v 0.290955 -0.413940 0.061703
v 0.290985 -0.286133 0.171677
v 0.291016 -0.235291 -0.127930
v 0.291138 -0.278656 0.342407
v 0.291138 -0.291504 -0.343781
v 0.291199 -0.276917 -0.091362
v 0.291321 -0.206223 0.358368
v 0.291382 -0.129730 -0.248871
v 0.291382 -0.207336 0.229248
v 0.291473 -0.284302 0.163162
v 0.291504 -0.283997 -0.116104
v 0.291656 -0.463776 0.358276
v 0.291656 -0.498657 0.363861
v 0.291809 -0.276764 0.090431
v 0.292053 -0.455597 -0.027676
v 0.292084 -0.041496 0.280518
v 0.292084 -0.282990 0.225479
v 0.292145 -0.283752 0.199066
v 0.292206 -0.143936 0.359619
v 0.292236 -0.274384 0.173141
v 0.292358 -0.282135 -0.165115
v 0.292389 -0.281311 0.081284
v 0.292450 -0.280426 0.216217
v 0.292450 -0.390839 0.011829
v 0.292542 -0.464905 -0.358215
v 0.292633 -0.281555 -0.108971
v 0.292786 -0.156937 0.249252
v 0.292786 -0.438629 0.029680
v 0.292908 -0.227066 0.349701
v 0.293060 -0.189301 -0.052628
v 0.293121 -0.010604 -0.299316
v 0.293121 -0.273743 -0.134079
v 0.293243 -0.153076 0.339478
v 0.293274 -0.155380 0.360992
v 0.293274 -0.204285 -0.225601
v 0.293304 -0.156967 -0.248535
v 0.293335 -0.280243 -0.143555
v 0.293335 -0.499969 0.061672
v 0.293518 -0.010140 -0.289581
v 0.293610 -0.267914 -0.099312
v 0.293793 -0.153351 -0.365143
v 0.293854 -0.224960 -0.349121
v 0.293854 -0.373871 0.227386
v 0.293945 -0.226852 0.222244
v 0.294006 -0.189865 0.050716
v 0.294098 -0.185410 0.064262
v 0.294159 -0.053761 -0.313293
v 0.294220 -0.191330 -0.216187
v 0.294281 -0.226791 0.134735
v 0.294281 -0.456116 0.029808
v 0.294312 -0.226974 -0.080963
v 0.294312 -0.435333 -0.030191
v 0.294434 -0.425690 0.354126
v 0.294525 -0.226837 0.189011
v 0.294556 -0.275238 -0.077866
v 0.294647 -0.272552 -0.213196
v 0.294678 -0.000984 0.291901
v 0.294678 -0.209473 -0.356537
v 0.294739 -0.233597 0.062336
v 0.294800 -0.226913 -0.190491
v 0.294830 -0.268829 0.062347
v 0.294891 -0.244110 0.063866
v 0.294891 -0.316986 0.061996
v 0.295044 -0.276428 -0.198929
v 0.295135 -0.244202 -0.062359
v 0.295227 -0.079781 0.322632
v 0.295258 -0.242020 -0.157669
v 0.295319 -0.200439 0.355743
v 0.295319 -0.405182 -0.027544
v 0.295349 -0.140564 0.334595
v 0.295349 -0.155899 0.368744
v 0.295349 -0.394806 0.021568
v 0.295441 -0.238281 -0.080925
v 0.295471 0.004442 -0.294037
v 0.295502 -0.366272 0.061852
v 0.295593 -0.192047 -0.035206
v 0.295593 -0.274567 0.117004
v 0.295654 -0.408051 0.029142
v 0.295868 -0.182129 -0.051441
v 0.295990 -0.131287 0.340393
v 0.295990 -0.385162 -0.004838
v 0.296173 -0.227097 -0.147949
v 0.296265 -0.273560 0.106606
v 0.296326 -0.490936 -0.359253
v 0.296539 -0.273132 -0.173569
v 0.296631 -0.156342 -0.335876
v 0.296631 -0.370575 -0.351562
v 0.296692 -0.186264 -0.065552
v 0.296783 -0.230667 -0.204422
v 0.296875 -0.269440 -0.124702
v 0.296875 -0.423950 -0.353271
v 0.296906 -0.276428 -0.342834
v 0.296967 -0.243561 -0.109001
v 0.297180 -0.410828 -0.061848
v 0.297211 -0.227539 -0.110847
v 0.297241 -0.204544 -0.351990
v 0.297241 -0.267090 0.213303
v 0.297272 -0.267273 0.349121
v 0.297333 -0.268646 0.343292
v 0.297333 -0.269012 0.182068
v 0.297363 -0.226807 0.085587
v 0.297394 -0.227219 0.108627
v 0.297394 -0.272583 0.143219
v 0.297455 -0.079109 -0.266754
v 0.297455 -0.271881 -0.162872
v 0.297485 -0.154953 0.334534
v 0.297516 -0.192093 -0.367218
v 0.297516 -0.244034 0.076927
v 0.297546 -0.270508 0.199509
v 0.297577 -0.268738 0.155472
v 0.297638 -0.192444 0.008162
v 0.297668 -0.270081 -0.185516
v 0.297699 -0.269409 -0.151367
v 0.297699 -0.489502 0.358246
v 0.297729 -0.178375 0.050507
v 0.297729 -0.227829 0.158508
v 0.297729 -0.350891 -0.229660
v 0.297821 -0.221741 -0.233078
v 0.297821 -0.267426 -0.064354
v 0.297821 -0.270844 -0.109901
v 0.297821 -0.273041 0.170242
v 0.297852 -0.457214 0.001028
v 0.297882 -0.272400 -0.224228
v 0.297913 -0.270294 0.090126
v 0.297974 -0.267670 0.070007
v 0.298004 -0.193405 -0.358398
v 0.298004 -0.270386 -0.089539
v 0.298035 -0.232071 0.204330
v 0.298096 -0.264496 -0.070442
v 0.298126 -0.226929 -0.097458
v 0.298157 -0.078705 0.266907
v 0.298157 -0.269775 0.231644
v 0.298248 -0.229645 -0.175003
v 0.298248 -0.242584 -0.200302
v 0.298309 -0.230026 -0.128204
v 0.298309 -0.243347 -0.171036
v 0.298340 -0.240753 0.159149
v 0.298401 -0.171860 -0.060848
v 0.298401 -0.240570 0.126160
v 0.298401 -0.242905 -0.127991
v 0.298431 -0.138504 -0.226746
v 0.298431 -0.269989 -0.140350
v 0.298431 -0.280426 -0.000595
v 0.298462 -0.244675 -0.070190
v 0.298492 -0.266296 -0.207779
v 0.298523 -0.239075 0.106682
v 0.298523 -0.245682 0.176727
v 0.298523 -0.266876 0.129303
v 0.298553 -0.230667 -0.223022
v 0.298553 -0.240524 0.223038
v 0.298584 -0.227386 -0.231522
v 0.298615 -0.244736 -0.219711
v 0.298615 -0.248291 0.124809
v 0.298615 -0.251038 -0.153137
v 0.298615 -0.259979 -0.232117
v 0.298615 -0.293457 -0.000784
v 0.298645 -0.245682 0.208603
v 0.298737 -0.252472 0.063919
v 0.298737 -0.252991 -0.062405
v 0.298767 -0.189453 0.042278
v 0.298798 -0.226944 0.231766
v 0.298798 -0.310852 0.231339
v 0.298828 -0.258942 -0.223099
v 0.298859 -0.139542 0.218231
v 0.298859 -0.248657 0.232697
v 0.299255 -0.292603 -0.062252
v 0.299286 -0.140900 0.229828
v 0.299316 -0.362701 -0.062008
v 0.299438 -0.411804 -0.226364
v 0.299469 -0.293121 0.029243
v 0.299591 -0.291351 0.341919
v 0.299622 -0.278351 0.026718
v 0.299744 -0.297363 -0.343475
v 0.299744 -0.298462 0.350037
v 0.299927 -0.475006 0.061939
v 0.299957 -0.156265 0.231461
v 0.299988 -0.201675 0.062836
v 0.300018 -0.190094 0.033672
v 0.300110 -0.188965 -0.043880
v 0.300110 -0.433167 0.224335
v 0.300232 -0.131882 -0.339203
v 0.300323 -0.141724 -0.335297
v 0.300323 -0.188400 0.025690
v 0.300385 -0.155594 -0.229324
v 0.300415 -0.301697 -0.232162
v 0.300537 -0.349304 0.026463
v 0.300598 -0.193924 0.229172
v 0.300903 -0.382050 0.040585
v 0.300964 -0.387573 0.014593
v 0.301025 -0.336243 0.043381
v 0.301025 -0.427673 0.035526
v 0.301178 -0.283936 -0.028654
v 0.301178 -0.363708 -0.017700
v 0.301208 -0.185287 0.016483
v 0.301392 -0.469421 -0.061825
v 0.301453 -0.350342 -0.043819
v 0.301575 -0.206024 0.350922
v 0.301575 -0.257812 -0.022673
v 0.301575 -0.272766 -0.348846
v 0.301605 -0.187378 0.001073
v 0.301605 -0.377502 -0.006474
v 0.301697 -0.459259 -0.033657
v 0.301819 -0.449524 -0.222031
v 0.301849 -0.254730 0.002241
v 0.301880 -0.193527 -0.226517
v 0.301971 -0.441254 0.033916
v 0.302094 -0.146454 0.248993
v 0.302094 -0.190475 0.367859
v 0.302094 -0.314423 -0.000472
v 0.302124 -0.028683 -0.300934
v 0.302124 -0.156860 -0.347107
v 0.302246 -0.299194 0.044022
v 0.302277 -0.188614 -0.015512
v 0.302307 -0.398987 -0.026028
v 0.302368 -0.406494 0.030968
v 0.302429 -0.141312 0.335876
v 0.302460 -0.146255 -0.229279
v 0.302521 -0.419128 0.042679
v 0.302551 -0.188629 -0.031307
v 0.302551 -0.417755 -0.042633
v 0.302551 -0.439453 0.041866
v 0.302643 -0.204834 -0.231216
v 0.302704 -0.179718 -0.036564
v 0.302826 -0.416046 -0.034966
v 0.302826 -0.499786 0.220047
v 0.302917 -0.179153 0.037182
v 0.302917 -0.439880 -0.041668
v 0.303009 -0.140762 -0.215897
v 0.303101 -0.296173 -0.044228
v 0.303131 -0.446747 -0.357788
v 0.303162 -0.163651 -0.054035
v 0.303162 -0.193527 0.355255
v 0.303345 -0.163849 0.056335
v 0.303345 -0.284851 0.348297
v 0.303406 -0.268738 0.044205
v 0.303619 -0.297424 -0.007745
v 0.303711 -0.439911 -0.035130
v 0.303833 -0.319733 0.349487
v 0.303925 -0.244492 0.033318
v 0.304077 -0.125977 -0.248917
v 0.304077 -0.156921 0.340515
v 0.304077 -0.443756 0.356323
v 0.304138 -0.174759 0.368011
v 0.304199 -0.109306 -0.331604
v 0.304382 -0.267120 -0.044308
v 0.304443 -0.186432 0.065384
v 0.304565 -0.223312 -0.044884
v 0.304626 -0.029371 -0.292847
v 0.304626 -0.179520 -0.006978
v 0.304718 -0.457489 0.034073
v 0.304749 -0.126785 0.250031
v 0.304901 -0.206055 -0.044800
v 0.305023 -0.499786 -0.220764
v 0.305054 -0.215210 -0.026579
v 0.305176 -0.187469 0.015150
v 0.305634 -0.255615 -0.062366
v 0.305725 -0.213638 0.045013
v 0.305847 -0.179321 0.005891
v 0.305878 -0.144272 -0.249817
v 0.305969 -0.238235 -0.009558
v 0.306000 -0.192337 0.219543
v 0.306000 -0.209869 0.023788
v 0.306030 -0.194275 -0.353363
v 0.306030 -0.420807 -0.044113
v 0.306274 -0.340607 -0.043922
v 0.306305 -0.394257 0.043774
v 0.306396 -0.038876 0.299164
v 0.306488 -0.154053 -0.357483
v 0.306488 -0.263000 0.062271
v 0.306671 -0.304199 -0.348572
v 0.306854 -0.047344 0.283783
v 0.306976 -0.217911 0.349182
v 0.307098 -0.318146 0.044113
v 0.307129 -0.178726 0.023510
v 0.307129 -0.182816 -0.039795
v 0.307190 -0.142609 0.362610
v 0.307251 -0.189346 -0.217621
v 0.307281 -0.179184 -0.021872
v 0.307281 -0.395325 -0.044609
v 0.307312 -0.500000 -0.061760
v 0.307404 -0.186295 0.044891
v 0.307678 -0.205444 -0.023779
v 0.307709 -0.389465 0.350311
v 0.307770 -0.244095 -0.235138
v 0.307861 -0.128616 0.337769
v 0.307861 -0.184570 0.034336
v 0.307922 -0.056141 -0.279144
v 0.307953 -0.153198 -0.367371
v 0.307983 -0.424347 0.049210
v 0.308044 -0.236099 -0.044716
v 0.308105 -0.188736 0.028610
v 0.308136 -0.500000 0.061859
v 0.308167 -0.341919 -0.051468
v 0.308228 -0.382507 0.053524
v 0.308228 -0.399689 -0.053429
v 0.308258 -0.237579 0.045002
v 0.308350 -0.399445 0.061935
v 0.308472 -0.409546 -0.061855
v 0.308624 -0.366150 -0.062077
v 0.308716 -0.199539 0.007228
v 0.308746 -0.154617 0.365204
v 0.308777 -0.212738 0.234161
v 0.308899 -0.256531 0.346191
v 0.308990 -0.197601 0.045082
v 0.309021 -0.189453 -0.001331
v 0.309052 -0.207565 -0.045357
v 0.309082 -0.280182 -0.044403
v 0.309143 -0.233276 0.235794
v 0.309204 -0.480377 0.222351
v 0.309265 -0.201645 -0.356659
v 0.309418 -0.190216 -0.030237
v 0.309448 -0.197601 0.052734
v 0.309509 -0.187820 -0.045738
v 0.309509 -0.446075 0.061337
v 0.309509 -0.481689 -0.222107
v 0.309570 -0.217209 -0.348297
v 0.309692 -0.499664 -0.355682
v 0.309723 -0.426086 0.061588
v 0.309937 -0.463348 0.024771
v 0.310150 -0.177307 -0.049725
v 0.310211 -0.173325 0.059052
v 0.310242 -0.198578 0.359680
v 0.310272 -0.155884 0.354370
v 0.310303 -0.316101 0.061554
v 0.310333 -0.186783 0.015690
v 0.310364 -0.244049 -0.345306
v 0.310486 -0.295013 0.053165
v 0.310638 -0.188522 -0.012828
v 0.310699 -0.305206 -0.053299
v 0.310760 -0.206528 -0.053177
v 0.310791 -0.174622 -0.059078
v 0.311157 -0.203415 0.227859
v 0.311218 -0.220734 0.053230
v 0.311310 -0.427185 -0.054047
v 0.311401 -0.189789 -0.365601
v 0.311432 -0.499695 0.355896
v 0.311462 -0.140869 -0.366211
v 0.311646 -0.301270 -0.060944
v 0.311707 -0.206375 -0.229492
v 0.311768 -0.257935 -0.054462
v 0.312042 -0.196350 -0.221878
v 0.312286 -0.499908 -0.298431
v 0.312592 -0.428680 -0.061153
v 0.312805 -0.268921 0.236450
v 0.312988 -0.210632 0.062538
v 0.312988 -0.234863 -0.062424
v 0.313049 -0.107162 -0.260193
v 0.313049 -0.179703 0.048546
v 0.313171 -0.258240 0.060291
v 0.313293 -0.145981 -0.229630
v 0.313385 -0.499847 0.330383
v 0.313538 -0.189590 0.050167
v 0.313660 -0.192749 -0.063766
v 0.313660 -0.442108 -0.350647
v 0.313934 -0.156784 0.333740
v 0.313965 -0.467102 -0.007128
v 0.314026 -0.214172 0.348755
v 0.314056 -0.465179 -0.033657
v 0.314178 -0.462524 -0.010607
v 0.314331 -0.435547 0.350067
v 0.314423 -0.156937 -0.248383
v 0.314514 -0.097000 0.265747
v 0.314667 -0.189865 0.062111
v 0.314728 -0.155243 0.234207
v 0.314728 -0.445953 -0.058487
v 0.314911 -0.138992 -0.227600
v 0.315063 -0.194580 -0.230667
v 0.315399 -0.440582 -0.041817
v 0.315430 -0.232162 0.343140
v 0.315460 -0.187073 -0.050007
v 0.315582 -0.152954 0.220154
v 0.315704 -0.141510 0.223541
v 0.315918 -0.065163 -0.300140
v 0.315979 -0.156845 0.252533
v 0.316071 -0.474152 0.055744
v 0.316467 -0.457123 0.358002
v 0.316528 -0.139801 -0.356293
v 0.316711 -0.103378 0.322144
v 0.316864 -0.187790 0.220154
v 0.316925 -0.154877 -0.230713
v 0.317047 -0.143204 -0.220993
v 0.317169 -0.211716 -0.236542
v 0.317230 -0.195816 0.350250
v 0.317322 -0.097412 -0.319122
v 0.317719 -0.374084 0.234421
v 0.317902 -0.433258 0.053234
v 0.318176 -0.453949 -0.034271
v 0.318268 -0.207855 -0.345337
v 0.318298 -0.196243 -0.358368
v 0.318542 -0.327393 0.344391
v 0.318604 -0.156662 -0.330292
v 0.318756 -0.138458 0.354980
v 0.318939 -0.449890 -0.355652
v 0.319244 -0.191589 0.362579
v 0.319305 -0.156845 -0.222412
v 0.319336 -0.499939 0.242416
v 0.319427 -0.436493 0.044376
v 0.319519 -0.194580 0.233154
v 0.319672 -0.468048 0.033619
v 0.319763 -0.480042 -0.053352
v 0.320007 -0.346375 -0.344086
v 0.320496 -0.146240 -0.329193
v 0.320496 -0.442993 0.043694
v 0.320679 -0.193802 -0.350128
v 0.320679 -0.435730 -0.044598
v 0.320831 -0.135300 0.255554
v 0.321442 -0.307312 -0.239304
v 0.321533 -0.450409 0.034012
v 0.321747 -0.443298 -0.231934
v 0.322235 -0.143127 0.363495
v 0.322388 -0.198685 -0.237137
v 0.322510 -0.470581 -0.000213
v 0.322540 -0.499908 -0.244675
v 0.322632 -0.132172 -0.256989
v 0.322662 -0.499939 -0.051201
v 0.322876 -0.317810 0.239853
v 0.322968 -0.147095 0.327209
v 0.323517 -0.479431 -0.354156
v 0.323853 -0.444183 -0.033718
v 0.324097 -0.452515 0.228317
v 0.324188 -0.129776 -0.326904
v 0.324493 -0.199631 0.345551
v 0.324646 -0.277252 0.339081
v 0.324768 -0.444031 0.350983
v 0.324860 -0.191284 -0.226730
v 0.325165 -0.429535 -0.234436
v 0.325195 -0.481506 0.354095
v 0.325409 -0.180832 -0.223038
v 0.325409 -0.215210 0.240891
v 0.325592 -0.442261 0.345184
v 0.325958 -0.142914 0.349915
v 0.326080 -0.444458 0.036293
v 0.326111 -0.091667 -0.286774
v 0.326294 -0.445892 -0.228699
v 0.326569 -0.294403 -0.338226
v 0.326691 -0.454803 0.054668
v 0.326721 -0.475067 -0.227875
v 0.326965 -0.155609 -0.233246
v 0.326965 -0.168625 0.360535
v 0.327057 -0.129608 0.324432
v 0.327087 -0.472198 -0.033024
v 0.327332 -0.143494 0.234146
v 0.327332 -0.143936 -0.348938
v 0.327362 -0.155457 -0.348755
v 0.328064 -0.096191 0.298340
v 0.328094 -0.500000 0.047791
v 0.328247 -0.461975 0.048340
v 0.328552 -0.405273 -0.340637
v 0.328766 -0.155624 0.349762
v 0.328888 -0.419037 0.238022
v 0.328918 -0.114021 -0.270630
v 0.328979 -0.213943 -0.337097
v 0.329346 -0.190399 -0.358459
v 0.329529 -0.203354 -0.235474
v 0.329620 -0.499939 0.284943
v 0.329651 -0.101479 0.284119
v 0.329681 -0.153763 0.227051
v 0.329681 -0.402679 0.339813
v 0.330048 -0.191849 0.226852
v 0.330048 -0.443298 0.054596
v 0.330170 -0.230087 0.248367
v 0.330353 -0.213242 -0.247009
v 0.330353 -0.247971 -0.248016
v 0.330475 -0.209869 0.343903
v 0.330475 -0.499847 0.229568
v 0.330566 -0.141815 -0.239883
v 0.330750 -0.156143 -0.357635
v 0.330841 -0.156830 0.318939
v 0.331055 -0.200027 0.243774
v 0.331146 -0.443787 -0.052521
v 0.331207 -0.156906 -0.266388
v 0.331238 -0.248077 0.332764
v 0.331360 -0.139709 0.224670
v 0.331848 -0.192245 0.354767
v 0.331879 -0.134308 0.267181
v 0.331879 -0.458313 -0.052040
v 0.332214 -0.293579 -0.324829
v 0.332214 -0.376556 -0.243881
v 0.332245 -0.202637 -0.345673
v 0.332367 -0.329803 0.335052
v 0.332397 -0.155640 0.242233
v 0.332458 -0.157303 -0.226501
v 0.332642 -0.285370 0.328369
v 0.332672 -0.283630 0.320831
v 0.332703 -0.113678 -0.305420
v 0.332947 -0.203049 0.336334
v 0.333008 -0.481659 0.044582
v 0.333069 -0.271240 0.249786
v 0.333069 -0.447388 -0.035824
v 0.333527 -0.142075 -0.227661
v 0.333588 -0.455688 0.344879
v 0.333679 -0.143524 0.356537
v 0.333832 -0.145676 -0.313080
v 0.333984 -0.142670 -0.357819
v 0.334015 -0.446625 -0.042145
v 0.334015 -0.499786 -0.350769
v 0.334229 -0.247803 -0.328461
v 0.334229 -0.474213 -0.003306
v 0.334503 -0.487976 -0.043491
v 0.334595 -0.192490 0.337982
v 0.334625 -0.442749 -0.340942
v 0.334717 -0.266357 -0.329590
v 0.334869 -0.156876 -0.318512
v 0.335022 -0.133499 -0.271179
v 0.335022 -0.281586 -0.318115
v 0.335114 -0.472565 0.033901
v 0.335175 -0.156693 0.268097
v 0.335205 -0.267181 -0.320557
v 0.335236 -0.297150 0.320526
v 0.335266 -0.499634 -0.234055
v 0.335297 -0.438812 -0.037613
v 0.335327 -0.193405 -0.336884
v 0.335358 -0.298065 0.331543
v 0.335602 -0.142029 0.244186
v 0.335754 -0.292297 -0.330292
v 0.335815 -0.156509 0.354401
v 0.335846 -0.325012 0.250580
v 0.335846 -0.469055 -0.044552
v 0.335876 -0.478821 0.006590
v 0.335876 -0.500000 -0.043480
v 0.336029 -0.155945 -0.245285
v 0.336029 -0.194275 0.234818
v 0.336060 -0.499725 0.350647
v 0.336243 -0.476440 -0.237122
v 0.336304 -0.143661 0.308838
v 0.336456 -0.474792 0.237381
v 0.336548 -0.190903 0.242569
v 0.336823 -0.265930 0.323090
v 0.336914 -0.156586 0.288361
v 0.336945 -0.128418 -0.309357
v 0.336945 -0.480042 0.034222
v 0.337067 -0.216705 0.329803
v 0.337097 -0.156799 -0.295563
v 0.337189 -0.488525 0.349548
v 0.337219 -0.174210 -0.354126
v 0.337219 -0.297791 -0.253021
v 0.337280 -0.296326 0.265198
v 0.337341 -0.335083 -0.329926
v 0.337372 -0.478302 -0.033539
v 0.337555 -0.144196 -0.295013
v 0.337555 -0.173218 0.230240
v 0.337830 -0.138336 0.288818
v 0.337830 -0.156326 0.333923
v 0.337952 -0.448517 -0.034130
v 0.338074 -0.191681 -0.231430
v 0.338409 -0.150955 0.342194
v 0.338562 -0.391235 0.249893
v 0.338959 -0.192520 -0.241898
v 0.338959 -0.278534 0.261292
v 0.339172 -0.152695 -0.341675
v 0.339508 -0.219528 -0.258301
v 0.339539 -0.296600 -0.269196
v 0.339569 -0.128693 0.302307
v 0.339661 -0.225266 0.322357
v 0.339661 -0.450043 -0.039974
v 0.339691 -0.276154 -0.268250
v 0.339813 -0.216705 0.259064
v 0.339905 -0.449921 0.041546
v 0.340027 -0.195908 0.248688
v 0.340057 -0.139038 0.336487
v 0.340057 -0.285156 0.272125
v 0.340088 -0.259399 -0.259766
v 0.340118 -0.128937 -0.291077
v 0.340485 -0.443573 0.243958
v 0.340576 -0.204758 -0.330597
v 0.340668 -0.194397 0.332397
v 0.340698 -0.193008 0.347870
v 0.340881 -0.217758 -0.323029
v 0.340973 -0.468170 -0.033722
v 0.341003 -0.455811 -0.338684
v 0.341034 -0.191528 -0.346924
v 0.341248 -0.297272 -0.318207
v 0.341278 -0.210342 0.253235
v 0.341278 -0.280945 0.317932
v 0.341492 -0.447266 -0.243805
v 0.341553 -0.283325 -0.319366
v 0.341675 -0.242325 0.263031
v 0.341827 -0.141113 -0.345947
v 0.341827 -0.339417 0.324890
v 0.341980 -0.201340 -0.260956
v 0.341980 -0.466431 0.043694
v 0.342010 -0.471375 -0.045048
v 0.342041 -0.140305 0.235535
v 0.342072 -0.298584 0.259308
v 0.342133 -0.266663 0.269562
v 0.342224 -0.479248 -0.343292
v 0.342316 -0.299805 0.322266
v 0.342468 -0.297974 -0.262878
v 0.342499 -0.266693 -0.319641
v 0.342560 -0.426270 -0.251953
v 0.342682 -0.147034 0.333649
v 0.342712 -0.455688 -0.045429
v 0.342896 -0.462036 -0.039219
v 0.343170 -0.480164 0.005684
v 0.343384 -0.471069 -0.038433
v 0.343475 -0.412598 0.327026
v 0.343506 -0.205521 -0.250336
v 0.343567 -0.471375 0.034050
v 0.343628 -0.190125 0.237976
v 0.343781 -0.202240 0.321625
v 0.343872 -0.500000 -0.000111
v 0.343994 -0.140610 0.348297
v 0.343994 -0.457581 -0.034935
v 0.343994 -0.458435 0.034641
v 0.344208 -0.479858 -0.035995
v 0.344299 -0.156769 0.310455
v 0.344330 -0.298370 0.268921
v 0.344452 -0.190002 0.339691
v 0.344635 -0.457214 0.045650
v 0.344757 -0.194275 -0.332733
v 0.344879 -0.481628 0.041523
v 0.345032 -0.156586 -0.266876
v 0.345184 -0.155624 -0.347870
v 0.345459 -0.316223 -0.265930
v 0.345490 -0.484344 -0.003593
v 0.345551 -0.443695 0.333374
v 0.345581 -0.202179 0.266479
v 0.345978 -0.154800 0.347046
v 0.346130 -0.139832 -0.239304
v 0.346161 -0.499695 -0.330383
v 0.346191 -0.331482 0.266846
v 0.346313 -0.376282 -0.263092
v 0.346344 -0.223831 0.311859
v 0.346405 -0.484161 -0.042431
v 0.346436 -0.208511 0.326202
v 0.346619 -0.246506 -0.306519
v 0.346863 -0.278870 0.272217
v 0.346893 -0.483368 0.033195
v 0.346924 -0.214996 -0.266876
v 0.347107 -0.153992 -0.253357
v 0.347229 -0.220352 0.273743
v 0.347382 -0.440125 -0.325165
v 0.347443 -0.139038 -0.331909
v 0.347443 -0.242722 0.277893
v 0.347473 -0.484161 -0.033154
v 0.347504 -0.369171 -0.316833
v 0.347565 -0.250153 -0.279053
v 0.347626 -0.140808 -0.253632
v 0.347656 -0.193420 0.256348
v 0.347717 -0.197327 0.247375
v 0.347717 -0.482971 -0.329590
v 0.347839 -0.151215 0.252594
v 0.347839 -0.482819 0.330414
v 0.347900 -0.272858 0.304535
v 0.347931 -0.301239 -0.308868
v 0.347931 -0.499695 0.326324
v 0.348236 -0.218826 -0.308258
v 0.348358 -0.465271 -0.039524
v 0.348450 -0.210938 0.266113
v 0.348480 -0.174500 -0.239929
v 0.348572 -0.298767 -0.273285
v 0.348602 -0.194397 -0.324982
v 0.348663 -0.192551 -0.256927
v 0.348663 -0.238083 0.295776
v 0.348724 -0.461639 -0.044399
v 0.348755 -0.479614 -0.037617
v 0.348785 -0.469452 0.335968
v 0.348969 -0.443512 0.323395
v 0.349060 -0.140259 0.253174
v 0.349182 -0.199951 -0.331238
v 0.349335 -0.180069 0.343201
v 0.349426 -0.193268 -0.265503
v 0.349426 -0.475739 0.039780
v 0.349609 -0.297974 0.280762
v 0.349701 -0.189697 -0.342285
v 0.349762 -0.463165 0.043213
v 0.349854 -0.190842 -0.240784
v 0.350006 -0.152924 -0.323853
v 0.350006 -0.214081 -0.279999
v 0.350067 -0.194412 0.337402
v 0.350067 -0.499725 0.254181
v 0.350403 -0.456360 -0.044479
v 0.350403 -0.465668 -0.252838
v 0.350494 -0.357452 0.306427
v 0.350586 -0.464020 0.034264
v 0.350769 -0.475037 -0.042202
v 0.350830 -0.438080 0.262634
v 0.350952 -0.477234 0.034081
v 0.351105 -0.348480 -0.280273
v 0.351135 -0.471130 -0.034439
v 0.351166 -0.213501 -0.295166
v 0.351196 -0.323853 -0.295868
v 0.351257 -0.155075 0.266449
v 0.351562 -0.213623 0.295197
v 0.351562 -0.397522 0.274902
v 0.351654 -0.431732 0.312225
v 0.351685 -0.215347 0.286102
v 0.351715 -0.201553 0.277679
v 0.351776 -0.197098 0.315216
v 0.351868 -0.212891 0.306396
v 0.351959 -0.195023 -0.316498
v 0.352112 -0.459106 -0.032192
v 0.352264 -0.453369 -0.037544
v 0.352478 -0.437592 -0.270752
v 0.352539 -0.139023 0.336639
v 0.352600 -0.191681 0.324280
v 0.352631 -0.400116 -0.306122
v 0.352905 -0.192535 0.262604
v 0.353088 -0.500000 0.042870
v 0.353210 -0.498657 -0.258575
v 0.353394 -0.397736 -0.285706
v 0.353485 -0.480286 0.259399
v 0.353546 -0.388885 0.291595
v 0.353699 -0.142883 -0.268036
v 0.354309 -0.141571 0.318665
v 0.354309 -0.453705 0.036682
v 0.354401 -0.200867 -0.268463
v 0.354401 -0.485992 -0.258209
v 0.354706 -0.139053 -0.318481
v 0.354828 -0.440857 -0.305878
v 0.354858 -0.483582 -0.035915
v 0.354889 -0.204681 -0.313965
v 0.354919 -0.458099 0.044788
v 0.355042 -0.487427 0.042408
v 0.355194 -0.482819 -0.042412
v 0.355286 -0.486450 -0.003249
v 0.355316 -0.189255 0.248413
v 0.355408 -0.205078 0.269867
v 0.355408 -0.444183 0.321533
v 0.355499 -0.143463 -0.337189
v 0.355713 -0.154556 -0.266968
v 0.355774 -0.469330 0.041737
v 0.355835 -0.156052 -0.309021
v 0.355865 -0.474823 -0.269135
v 0.355865 -0.483795 0.035686
v 0.355865 -0.489594 -0.034443
v 0.355896 -0.453339 -0.258972
v 0.355896 -0.469452 -0.042091
v 0.355927 -0.438904 0.281921
v 0.356018 -0.141495 0.246994
v 0.356079 -0.155975 -0.286652
v 0.356079 -0.156113 0.284332
v 0.356110 -0.154205 0.314758
v 0.356140 -0.154358 -0.253326
v 0.356201 -0.142456 -0.249420
v 0.356232 -0.142212 -0.285431
v 0.356354 -0.139206 -0.302338
v 0.356415 -0.454926 0.325531
v 0.356476 -0.468567 -0.034733
v 0.356598 -0.194473 0.283508
v 0.356750 -0.459778 -0.044998
v 0.356873 -0.489624 0.031254
v 0.357025 -0.459869 0.258942
v 0.357056 -0.193848 -0.281433
v 0.357056 -0.443634 0.298889
v 0.357300 -0.448090 -0.282166
v 0.357330 -0.142044 0.284027
v 0.357330 -0.176865 -0.332275
v 0.357483 -0.459137 0.032402
v 0.357513 -0.455658 -0.323822
v 0.357544 -0.153976 0.252411
v 0.357544 -0.194901 0.299988
v 0.357574 -0.463501 0.315247
v 0.357666 -0.469116 0.036953
v 0.357697 -0.143188 0.303345
v 0.357758 -0.488922 0.303711
v 0.357788 -0.471893 0.283264
v 0.357788 -0.499939 0.304871
v 0.357880 -0.167847 0.251434
v 0.358032 -0.191177 -0.331146
v 0.358093 -0.192154 0.330048
v 0.358185 -0.193726 -0.300690
v 0.358307 -0.478027 -0.303070
v 0.358398 -0.190628 -0.255493
v 0.358429 -0.448975 -0.310242
v 0.358490 -0.205780 -0.288452
v 0.358734 -0.456879 0.274658
v 0.358856 -0.155487 0.301941
v 0.358917 -0.456635 -0.038097
v 0.359192 -0.142838 0.265778
v 0.359436 -0.149704 -0.302979
v 0.359711 -0.456909 0.039288
v 0.359741 -0.192184 0.274445
v 0.360199 -0.500000 -0.042553
v 0.360352 -0.199020 0.313873
v 0.360992 -0.499359 -0.296814
v 0.361328 -0.153946 0.264313
v 0.361603 -0.171768 0.325104
v 0.361664 -0.492371 -0.281860
v 0.361694 -0.499847 0.290405
v 0.361969 -0.493164 0.287476
v 0.362091 -0.140121 0.323883
v 0.362091 -0.198151 0.288574
v 0.362366 -0.152756 0.320648
v 0.362457 -0.152802 -0.321167
v 0.362488 -0.190887 0.321564
v 0.362610 -0.193054 0.264740
v 0.362732 -0.190918 -0.320953
v 0.362915 -0.496857 0.303101
v 0.363159 -0.177383 -0.261688
v 0.363770 -0.155762 -0.263763
v 0.364380 -0.491302 -0.028177
v 0.364532 -0.139587 -0.321716
v 0.365295 -0.193039 -0.307190
v 0.365448 -0.191528 -0.269714
v 0.365967 -0.192444 0.308105
v 0.366058 -0.142014 -0.266541
v 0.366119 -0.156052 -0.307739
v 0.366180 -0.171005 0.271301
v 0.366455 -0.493469 0.007835
v 0.367035 -0.491364 0.034222
v 0.367157 -0.190125 -0.281860
v 0.367645 -0.139664 -0.287598
v 0.367706 -0.156784 0.306152
v 0.368011 -0.191620 -0.294098
v 0.368164 -0.142334 -0.305023
v 0.368286 -0.171783 -0.300049
v 0.368408 -0.190002 0.285553
v 0.368561 -0.170715 0.301453
v 0.368958 -0.143539 0.303589
v 0.369324 -0.488373 -0.041832
v 0.369568 -0.141098 0.281036
v 0.371979 -0.484741 0.041622
v 0.372772 -0.486115 -0.034523
v 0.372894 -0.484863 0.035225
v 0.374512 -0.494873 -0.033119
v 0.374756 -0.495483 0.008878
v 0.375000 -0.500000 -0.016253
v 0.375641 -0.500000 0.024109
v 0.376801 -0.500000 0.042377
v 0.377319 -0.493164 0.037388
v 0.377563 -0.500000 -0.039310
v -0.000111 0.438293 -0.004490
v -0.000247 0.406494 0.002965
v -0.000263 0.147705 0.104591
v -0.000323 0.173233 -0.073997
v -0.000536 0.282227 -0.043358
v -0.000626 -0.385468 -0.288239
v -0.000633 -0.249237 0.300903
v -0.000800 0.114792 0.108963
v -0.000846 0.262848 0.044636
v -0.000856 -0.352966 -0.300690
v -0.000916 0.419739 -0.006846
v -0.001036 0.272980 -0.044781
v -0.001080 -0.045464 0.089211
v -0.001086 0.178848 -0.120880
v -0.001291 -0.094772 -0.166351
v -0.001549 -0.287750 0.286163
v -0.001612 0.167877 -0.120926
v -0.001627 0.122375 0.115334
v -0.001695 0.094803 0.093712
v -0.001699 -0.376434 0.304779
v -0.001778 -0.191528 0.267426
v -0.001785 -0.204681 0.309235
v -0.001900 -0.051933 0.158600
v -0.001956 0.162766 -0.110565
v -0.001991 -0.094505 -0.156967
v -0.002079 0.175903 -0.110100
v -0.002105 0.189774 0.064964
v -0.002145 -0.079689 0.155075
v -0.002160 0.004289 -0.097710
v -0.002222 -0.149109 0.302246
v -0.002225 -0.385193 0.288666
v -0.002414 -0.095856 0.151413
v -0.002461 0.169830 0.066772
v -0.002481 0.150803 0.076668
v -0.002481 -0.139252 0.290039
v -0.002521 -0.168732 -0.307281
v -0.002611 0.419312 0.002520
v -0.002624 -0.303192 0.305359
v -0.002647 0.179199 0.116440
v -0.002657 -0.097557 -0.145401
v -0.002712 -0.093910 0.166168
v -0.002832 0.441101 0.000699
v -0.002847 -0.081551 0.109863
v -0.002914 0.213898 0.062965
v -0.002953 -0.090515 -0.168198
v -0.003170 -0.182114 0.276001
v -0.003459 0.227554 0.053799
v -0.003460 -0.191635 -0.273682
v -0.003475 0.422546 -0.010084
v -0.003497 -0.062138 0.163559
v -0.003641 -0.069771 -0.092941
v -0.003740 -0.003441 -0.094246
v -0.003868 -0.104630 0.145859
v -0.003940 -0.185745 -0.311584
v -0.003980 0.443420 -0.005609
v -0.004067 0.410522 -0.001629
v -0.004097 -0.104202 -0.144592
v -0.004146 -0.249344 0.306946
v -0.004152 0.428070 -0.001028
v -0.004158 -0.189087 0.169754
v -0.004258 -0.384491 0.300720
v -0.004409 0.105835 0.104813
v -0.004447 0.147308 -0.106506
v -0.004764 -0.171860 -0.280731
v -0.004843 -0.279541 0.279236
v -0.005318 -0.061825 -0.157150
v -0.005437 -0.381042 -0.307251
v -0.005587 -0.444580 0.288147
v -0.005682 0.422424 0.005838
v -0.005833 -0.166626 0.160019
v -0.006017 0.105705 0.098557
v -0.006045 -0.500000 -0.030083
v -0.006672 0.158920 -0.120483
v -0.006885 -0.078171 0.164597
v -0.007197 0.420868 -0.002208
v -0.007268 -0.385742 -0.298523
v -0.007389 0.379547 0.005785
v -0.007494 -0.048611 -0.162582
v -0.007702 -0.269012 0.283661
v -0.007835 -0.100716 -0.155060
v -0.007970 0.199799 0.067978
v -0.007982 -0.343567 -0.302765
v -0.008032 -0.099983 0.159393
v -0.008110 -0.057438 -0.163773
v -0.008126 -0.052959 -0.156494
v -0.008149 0.210419 0.058422
v -0.008172 -0.293579 0.300476
v -0.008568 0.208755 0.074524
v -0.008722 -0.500000 0.180542
v -0.009007 0.330597 -0.024149
v -0.009304 -0.500000 0.107178
v -0.009367 -0.221024 -0.308319
v -0.009562 0.386810 -0.002391
v -0.009834 -0.287964 -0.282196
v -0.009864 0.372406 -0.010448
v -0.009913 0.118576 0.110451
v -0.009944 0.073822 0.090263
v -0.010049 -0.188156 0.311981
v -0.010055 0.091240 -0.097908
v -0.010160 -0.070335 -0.156067
v -0.010254 -0.159103 0.299408
v -0.010410 -0.019667 -0.095535
v -0.010564 -0.165573 -0.301666
v -0.010594 0.119728 -0.119293
v -0.010841 -0.094719 -0.156158
v -0.011074 -0.364899 0.303375
v -0.011079 -0.064682 0.156113
v -0.011095 -0.063820 -0.095543
v -0.011139 -0.039780 -0.098022
v -0.011163 -0.118965 0.150742
v -0.011289 -0.273132 0.300049
v -0.011381 -0.219803 -0.181396
v -0.011494 -0.115532 0.143997
v -0.011552 -0.386139 0.307068
v -0.011681 0.306610 0.026030
v -0.011851 -0.163254 -0.288971
v -0.011902 -0.326538 -0.300995
v -0.011909 0.113731 -0.111923
v -0.012014 -0.094498 0.165161
v -0.012068 -0.302124 -0.309540
v -0.012150 0.157394 0.115211
v -0.012266 0.117119 0.099937
v -0.012350 -0.117439 -0.150131
v -0.012382 -0.316101 -0.304962
v -0.012565 -0.181274 0.309937
v -0.012617 0.101181 0.094810
v -0.012750 0.154465 -0.073174
v -0.012772 -0.108002 -0.142822
v -0.013062 -0.176636 0.285736
v -0.013577 -0.096184 0.151215
v -0.013807 -0.256256 -0.308258
v -0.013813 -0.184433 -0.311218
v -0.014093 -0.165955 -0.146988
v -0.014174 -0.266541 0.266357
v -0.014219 0.205078 0.080566
v -0.014582 -0.048775 0.159393
v -0.014646 0.161407 -0.113770
v -0.014731 0.157867 -0.106506
v -0.014832 0.257324 0.095070
v -0.015079 0.215607 0.065735
v -0.015179 -0.080925 -0.096138
v -0.015319 -0.241089 -0.309265
v -0.015427 -0.099648 -0.144485
v -0.015567 -0.072769 -0.163620
v -0.015594 -0.058811 -0.156815
v -0.015701 0.225327 0.071785
v -0.016010 0.268280 -0.040165
v -0.016102 -0.122902 -0.144409
v -0.016123 -0.048321 -0.156784
v -0.016144 -0.364624 -0.301941
v -0.016159 0.219696 0.080338
v -0.016191 0.276001 0.104492
v -0.016380 -0.058094 0.162949
v -0.016441 -0.061443 -0.162186
v -0.016493 -0.050831 -0.163086
v -0.016529 -0.248489 -0.303223
v -0.016644 0.202042 0.054169
v -0.016651 -0.102402 0.142883
v -0.016708 0.262329 0.106033
v -0.016750 0.164017 0.065483
v -0.016762 0.160858 0.104385
v -0.016836 0.263214 0.083618
v -0.017021 -0.332947 -0.300720
v -0.017200 -0.392151 -0.288239
v -0.017324 -0.056355 0.154160
v -0.017586 0.174362 0.108368
v -0.017641 -0.390259 -0.307556
v -0.017931 -0.185303 -0.291870
v -0.018032 0.101791 -0.107231
v -0.018055 0.214813 0.073524
v -0.018126 -0.282410 0.237442
v -0.018618 -0.096497 -0.152908
v -0.018692 -0.392426 0.297424
v -0.018810 0.245895 0.096291
v -0.018999 -0.165741 0.145905
v -0.019045 -0.294281 -0.307800
v -0.019096 -0.094994 -0.164795
v -0.019220 -0.241989 0.308350
v -0.019255 -0.273865 -0.300049
v -0.019302 -0.150604 0.145737
v -0.019325 -0.188110 0.309082
v -0.019665 0.272980 0.096695
v -0.019749 -0.062775 0.090561
v -0.019760 0.289001 0.102448
v -0.019783 0.161453 0.111374
v -0.019846 -0.185089 -0.285095
v -0.019880 0.056267 0.090332
v -0.019997 0.276367 0.077507
v -0.019999 -0.081207 0.091080
v -0.020073 -0.005610 0.090378
v -0.020090 0.285034 0.083420
v -0.020329 -0.149597 -0.149216
v -0.020346 0.260315 0.072319
v -0.020386 0.068916 -0.096344
v -0.020462 0.115929 0.097122
v -0.020514 0.095856 0.092552
v -0.020601 -0.303284 0.309631
v -0.020641 -0.189407 0.301270
v -0.020714 -0.500000 -0.193054
v -0.020718 0.120743 0.110123
v -0.020979 -0.191956 0.283813
v -0.021017 -0.393738 -0.298737
v -0.021154 0.350952 -0.001661
v -0.021156 0.153946 0.074783
v -0.021362 -0.320099 -0.303680
v -0.021475 -0.153549 -0.141922
v -0.021542 -0.331421 0.302948
v -0.021553 0.273651 0.089127
v -0.021732 0.318207 -0.023153
v -0.021860 -0.016783 -0.096184
v -0.021870 -0.190781 0.291840
v -0.021944 -0.250671 0.306366
v -0.022217 -0.223709 -0.266327
v -0.022223 0.148331 0.099533
v -0.022226 -0.280609 0.282837
v -0.022400 -0.266510 -0.266205
v -0.022507 -0.101608 -0.155792
v -0.022602 0.320221 0.017036
v -0.022627 -0.283295 -0.262939
v -0.022659 -0.294250 -0.300293
v -0.022703 -0.182083 0.288177
v -0.022757 0.245621 0.088608
v -0.022882 -0.247299 0.303436
v -0.023104 0.146835 -0.073776
v -0.023268 -0.190979 -0.287262
v -0.023329 -0.190384 -0.298920
v -0.023388 0.274109 0.102966
v -0.023411 -0.099480 0.157776
v -0.023546 0.168198 0.089188
v -0.023563 -0.092346 0.165955
v -0.023842 0.210556 0.081543
v -0.023926 -0.398926 0.288147
v -0.024225 -0.298431 0.308777
v -0.024727 0.159027 0.104378
v -0.024878 0.138718 -0.118668
v -0.024899 -0.059303 -0.161530
v -0.024902 -0.339813 -0.302826
v -0.024956 0.212296 0.097366
v -0.024973 0.275024 0.081551
v -0.025175 -0.058979 -0.155106
v -0.025215 0.180618 -0.106445
v -0.025232 -0.381714 0.305420
v -0.025293 -0.389130 -0.305298
v -0.025339 0.168549 -0.106689
v -0.025421 0.161407 -0.112000
v -0.025560 -0.050407 0.158508
v -0.025642 -0.357239 -0.302704
v -0.025726 0.169769 -0.118980
v -0.025782 0.179260 -0.116913
v -0.026054 0.274109 0.070869
v -0.026060 -0.366547 -0.305939
v -0.026073 -0.062428 0.162582
v -0.026161 -0.266541 0.243195
v -0.026348 -0.288483 -0.192535
v -0.026356 -0.250641 0.266479
v -0.026447 0.113258 0.107292
v -0.026567 0.191299 0.074745
v -0.026606 -0.180466 0.306458
v -0.026646 0.245239 0.102570
v -0.026690 -0.048462 -0.158539
v -0.026817 -0.096489 -0.156250
v -0.026846 0.237289 0.072304
v -0.027130 0.158890 -0.118568
v -0.027227 -0.192093 -0.266327
v -0.027351 0.084053 0.106247
v -0.027363 0.254150 0.066177
v -0.027473 0.165909 0.072594
v -0.027523 0.198013 -0.057255
v -0.027590 0.294128 0.090179
v -0.027798 -0.086449 -0.165100
v -0.027895 0.279877 0.115555
v -0.028013 -0.081268 0.110672
v -0.028154 -0.401276 0.306885
v -0.028200 0.012267 0.108398
v -0.028200 -0.050362 0.112564
v -0.028267 -0.304810 0.305878
v -0.028658 -0.210175 0.266296
v -0.028696 0.272430 0.066696
v -0.028898 -0.287994 0.283936
v -0.028990 -0.265076 -0.197479
v -0.029167 -0.283386 0.267670
v -0.029327 0.288727 0.102043
v -0.029341 0.164139 0.111221
v -0.029409 -0.408844 -0.288544
v -0.029444 0.138306 0.111656
v -0.029526 0.235443 0.111664
v -0.029530 0.192871 0.111153
v -0.029671 -0.284149 0.194122
v -0.029789 -0.067650 -0.094460
v -0.029854 -0.500000 0.032528
v -0.029900 0.258270 0.125504
v -0.029921 -0.188324 -0.308014
v -0.029951 -0.102516 -0.142441
v -0.030146 -0.406677 0.298065
v -0.030165 -0.061813 0.154266
v -0.030178 0.268188 0.123306
v -0.030214 -0.081703 -0.153229
v -0.030256 -0.097977 0.143143
v -0.030354 -0.095642 -0.147690
v -0.030483 0.300781 -0.014521
v -0.030493 -0.192230 0.282532
v -0.030859 0.224289 0.043900
v -0.030989 -0.408264 -0.299408
v -0.031134 -0.016188 0.121147
v -0.031157 -0.200439 -0.309814
v -0.031277 -0.266479 -0.222778
v -0.031300 -0.304138 -0.306122
v -0.031334 -0.500000 -0.268585
v -0.031395 -0.188049 0.306671
v -0.031715 -0.366241 0.305756
v -0.031738 -0.424744 0.288116
v -0.031784 -0.246048 -0.306274
v -0.031784 -0.475616 0.288239
v -0.031853 -0.458862 -0.288239
v -0.031887 -0.500000 0.288483
v -0.032001 -0.189484 0.311615
v -0.032043 0.109612 -0.107918
v -0.032074 0.251617 0.121025
v -0.032078 -0.192230 0.266113
v -0.032139 -0.499786 -0.295380
v -0.032429 -0.127121 0.141968
v -0.032440 -0.380432 -0.304810
v -0.032715 0.119728 -0.115715
v -0.032726 -0.095604 0.153931
v -0.032894 0.248047 0.069008
v -0.032951 -0.081505 0.139801
v -0.032986 -0.058578 0.139252
v -0.033054 0.017763 0.119812
v -0.033081 -0.168365 -0.140564
v -0.033085 -0.248901 0.301636
v -0.033211 -0.441193 -0.307159
v -0.033257 -0.405884 -0.307373
v -0.033272 0.115387 0.118950
v -0.033386 -0.266296 0.199692
v -0.033417 0.309235 -0.000804
v -0.033443 -0.422943 -0.300659
v -0.033451 -0.449707 0.306732
v -0.033669 -0.363617 0.302490
v -0.033676 0.191086 0.118317
v -0.033920 -0.013922 0.137466
v -0.034145 -0.245956 0.307678
v -0.034309 -0.251892 -0.301361
v -0.034416 -0.321503 -0.303345
v -0.034512 0.265900 0.030687
v -0.034740 -0.190186 0.301270
v -0.034821 -0.499878 0.309448
v -0.034943 0.177383 0.070023
v -0.035290 0.280487 0.013251
v -0.035313 -0.419067 0.307159
v -0.035339 -0.225906 -0.307495
v -0.035461 -0.477692 -0.313354
v -0.035469 -0.500000 0.256989
v -0.035713 -0.099831 -0.155029
v -0.035751 -0.070030 0.152710
v -0.035770 -0.207001 0.308258
v -0.035954 0.275269 0.063141
v -0.036011 -0.277283 -0.299835
v -0.036068 0.310547 0.079453
v -0.036087 -0.426300 -0.307281
v -0.036098 -0.276917 -0.305695
v -0.036102 -0.290924 0.301300
v -0.036171 -0.167984 0.144913
v -0.036259 0.092552 -0.094933
v -0.036282 -0.192291 -0.291260
v -0.036331 -0.293701 -0.302399
v -0.036457 0.256622 -0.035381
v -0.036507 -0.287964 0.189224
v -0.036545 -0.297028 -0.308380
v -0.036594 0.167709 -0.101318
v -0.036613 -0.056637 -0.153046
v -0.036678 -0.445374 -0.327087
v -0.036747 0.200974 0.071136
v -0.036785 -0.499908 -0.316650
v -0.036793 0.012071 -0.092979
v -0.036797 -0.072357 -0.152023
v -0.037071 -0.166763 -0.154083
v -0.037083 -0.055065 -0.160004
v -0.037186 -0.257019 -0.307648
v -0.037228 0.230774 0.117615
v -0.037361 -0.320129 0.304321
v -0.037472 -0.012929 0.121506
v -0.037544 -0.293396 0.307922
v -0.037674 0.255829 0.064873
v -0.037674 -0.444916 0.324585
v -0.037899 -0.245178 0.190582
v -0.037930 0.278046 0.119736
v -0.037983 0.227570 0.070297
v -0.038147 -0.268585 0.305359
v -0.038391 -0.284668 -0.220566
v -0.038471 -0.288177 0.272980
v -0.038494 0.180527 -0.103081
v -0.038521 -0.499756 -0.332581
v -0.038567 0.189697 0.074371
v -0.038647 -0.482086 -0.336395
v -0.038712 -0.094170 -0.162872
v -0.038773 -0.480865 0.336395
v -0.038780 -0.175888 0.154297
v -0.038811 -0.344177 -0.300934
v -0.038929 0.292023 0.127823
v -0.038952 -0.060394 0.159027
v -0.038956 -0.364349 -0.301514
v -0.039593 -0.288025 -0.267639
v -0.039654 -0.050072 0.161163
v -0.039665 -0.500000 -0.145920
v -0.039753 -0.099930 0.154892
v -0.039959 -0.179504 -0.156082
v -0.040054 -0.349762 0.302094
v -0.040112 -0.168839 0.158829
v -0.040142 0.250610 0.071426
v -0.040230 -0.443817 -0.316864
v -0.040234 -0.499664 0.335968
v -0.040375 -0.191788 -0.277191
v -0.040592 -0.185501 0.260864
v -0.040611 -0.188080 -0.302368
v -0.040619 -0.440918 0.308136
v -0.040695 -0.182907 -0.139755
v -0.040760 0.178024 0.073311
v -0.040810 -0.185089 -0.253143
v -0.040813 -0.440186 -0.307587
v -0.040867 -0.185287 0.253052
v -0.040993 0.147400 -0.098648
v -0.041092 -0.048489 0.153015
v -0.041100 0.275726 0.003318
v -0.041195 -0.365692 -0.306335
v -0.041237 -0.187927 0.309570
v -0.041256 -0.446808 -0.336853
v -0.041317 -0.081001 0.151428
v -0.041328 0.171555 -0.114548
v -0.041348 -0.183197 -0.262909
v -0.041439 -0.095215 -0.151260
v -0.041451 -0.362640 0.306702
v -0.041641 -0.305939 0.308197
v -0.041656 -0.099274 0.143448
v -0.041676 -0.191498 0.274078
v -0.041725 -0.336792 -0.308289
v -0.041782 -0.186310 0.319977
v -0.041824 -0.331024 0.307678
v -0.041885 0.201294 0.072906
v -0.041893 -0.186310 -0.319946
v -0.042007 -0.298126 -0.308105
v -0.042023 0.313141 0.108292
v -0.042076 -0.184265 0.142212
v -0.042084 -0.400146 0.307495
v -0.042198 -0.397736 -0.306488
v -0.042206 0.281952 -0.003343
v -0.042316 -0.180923 -0.302612
v -0.042458 -0.223373 0.308167
v -0.042480 -0.188065 0.168060
v -0.042496 -0.381836 -0.312378
v -0.042564 0.301086 0.071541
v -0.042576 -0.386261 0.314117
v -0.042679 0.259888 0.056389
v -0.042740 -0.190338 -0.314270
v -0.042751 -0.321045 -0.314270
v -0.042896 -0.246872 -0.307587
v -0.043045 -0.228027 -0.312805
v -0.043045 -0.429443 0.315918
v -0.043091 0.179230 -0.114151
v -0.043186 -0.442322 0.320435
v -0.043198 -0.205841 -0.309875
v -0.043209 -0.447296 0.336334
v -0.043255 -0.269653 -0.312775
v -0.043301 -0.058662 0.153595
v -0.043339 -0.425598 -0.313171
v -0.043438 -0.190384 -0.150879
v -0.043480 -0.184555 0.301117
v -0.043598 0.172195 0.056202
v -0.043610 -0.177734 -0.270020
v -0.043636 -0.194870 -0.267273
v -0.043697 0.251892 0.118576
v -0.043701 -0.176590 -0.317169
v -0.043736 -0.097305 -0.141296
v -0.043747 0.202988 0.117744
v -0.043762 -0.014972 0.134995
v -0.043781 -0.266541 0.265747
v -0.043839 0.175323 0.066833
v -0.043869 0.235825 0.113953
v -0.043892 -0.193375 0.266022
v -0.044060 0.348724 0.095184
v -0.044079 -0.265564 0.313660
v -0.044151 0.218384 0.120033
v -0.044182 0.203903 0.065186
v -0.044392 -0.078499 -0.159775
v -0.044537 -0.173889 0.307892
v -0.044582 -0.191956 0.291565
v -0.044632 -0.195312 -0.259766
v -0.044697 -0.326050 0.314301
v -0.044823 0.013144 0.122444
v -0.044888 0.147385 -0.065178
v -0.044918 -0.193878 0.155960
v -0.045036 -0.437225 -0.326965
v -0.045143 0.272308 0.055580
v -0.045151 0.260651 0.127686
v -0.045208 -0.194504 0.258057
v -0.045284 0.184555 0.065735
v -0.045410 0.278046 0.128433
v -0.045429 0.252747 0.009653
v -0.045464 -0.115128 -0.138321
v -0.045551 -0.437683 0.327179
v -0.045853 0.186295 0.117065
v -0.045879 -0.049892 0.159531
v -0.045910 -0.057861 -0.149933
v -0.045982 -0.266541 0.260010
v -0.046047 -0.265594 -0.263550
v -0.046062 -0.217621 0.315033
v -0.046112 -0.255737 0.266418
v -0.046173 0.249573 0.064232
v -0.046177 -0.221802 0.266418
v -0.046188 -0.249191 0.255554
v -0.046204 -0.249222 0.260345
v -0.046257 -0.234940 -0.263947
v -0.046265 -0.212662 0.257812
v -0.046356 -0.180023 0.270782
v -0.046413 -0.499908 0.301361
v -0.046490 0.275269 -0.000962
v -0.046551 -0.189041 -0.286804
v -0.046600 -0.196808 -0.168839
v -0.046627 0.228348 0.065956
v -0.046642 0.147217 0.123299
v -0.046944 -0.191422 0.315430
v -0.046970 -0.061432 -0.154617
v -0.047066 0.084900 0.123238
v -0.047066 0.212296 -0.045319
v -0.047218 -0.189514 0.300293
v -0.047436 -0.168976 -0.309601
v -0.047485 -0.173035 0.316498
v -0.047512 -0.242081 -0.255493
v -0.047543 -0.500000 0.150543
v -0.047695 0.208771 0.042511
v -0.047764 0.278442 0.061890
v -0.047993 -0.081642 -0.110588
v -0.048054 -0.094276 0.161285
v -0.048134 0.364410 0.088142
v -0.048168 -0.166077 0.260254
v -0.048187 -0.266266 0.255127
v -0.048321 -0.244766 -0.188110
v -0.048374 -0.203308 0.167908
v -0.048397 0.186737 0.122849
v -0.048447 -0.266083 -0.255005
v -0.048492 0.155899 -0.061394
v -0.048820 -0.192001 -0.254700
v -0.048847 -0.164780 -0.261169
v -0.048962 -0.035553 0.138062
v -0.049015 -0.050110 -0.155121
v -0.049091 -0.465515 -0.336487
v -0.049496 -0.499786 -0.319214
v -0.049515 0.284241 -0.001788
v -0.049538 -0.081589 0.161652
v -0.049702 -0.500000 -0.054676
v -0.049747 -0.390015 0.314270
v -0.049789 0.243698 0.059803
v -0.049839 -0.104057 0.141769
v -0.049911 -0.048298 -0.148605
v -0.049911 -0.185196 -0.273163
v -0.049976 -0.187744 0.286499
v -0.050056 0.110031 -0.102379
v -0.050068 -0.101379 -0.146637
v -0.050102 -0.209824 -0.316528
v -0.050228 -0.227051 0.175186
v -0.050301 -0.262634 -0.316711
v -0.050419 -0.187012 0.253571
v -0.050560 -0.101997 -0.138840
v -0.050674 -0.358551 -0.314178
v -0.050701 -0.061836 0.152298
v -0.050823 -0.061584 0.159729
v -0.050854 -0.180344 -0.319733
v -0.051094 -0.476776 0.336304
v -0.051201 0.178421 -0.099304
v -0.051235 -0.166702 0.309296
v -0.051243 0.238602 0.122818
v -0.051411 -0.398315 -0.314270
v -0.051453 -0.499756 0.323151
v -0.051525 -0.014595 0.126404
v -0.051537 0.294189 0.062088
v -0.051540 -0.236877 0.185730
v -0.051628 0.246384 -0.005066
v -0.051720 -0.217560 0.255707
v -0.051758 0.344147 0.079491
v -0.051769 -0.185837 0.320923
v -0.051853 0.060223 -0.088135
v -0.052002 0.160889 -0.094734
v -0.052097 -0.070045 0.139343
v -0.052147 0.183670 0.047108
v -0.052158 -0.081421 0.141983
v -0.052368 0.252167 0.053268
v -0.052910 -0.173203 -0.258911
v -0.052917 -0.172195 0.257385
v -0.053047 0.166428 -0.102783
v -0.053238 -0.266449 0.196884
v -0.053303 0.196106 0.060654
v -0.053368 0.350861 0.102150
v -0.053425 -0.171082 -0.267273
v -0.053677 -0.167358 -0.312256
v -0.053879 -0.310944 -0.315063
v -0.053917 -0.258698 0.185089
v -0.053925 -0.100624 0.149460
v -0.053928 -0.186920 -0.299683
v -0.053947 -0.052494 -0.086662
v -0.054031 -0.256317 0.255585
v -0.054096 -0.425629 -0.314575
v -0.054127 -0.426910 0.315491
v -0.054157 0.173813 0.052811
v -0.054577 0.386108 0.092392
v -0.054703 -0.095314 -0.152603
v -0.054741 -0.266327 0.190933
v -0.054886 -0.003263 0.125336
v -0.054916 -0.170547 0.265167
v -0.055138 -0.001104 0.133881
v -0.055225 0.302124 0.115990
v -0.055370 0.174484 0.059364
v -0.055389 0.178833 -0.108704
v -0.055534 -0.233475 0.317078
v -0.055603 0.167221 -0.056892
v -0.055641 -0.178940 -0.302948
v -0.055801 0.272736 0.055424
v -0.055862 0.165421 -0.108963
v -0.055908 -0.265991 0.255554
v -0.055969 -0.263611 -0.269775
v -0.055988 -0.216324 0.255737
v -0.055992 -0.313171 0.315063
v -0.056019 -0.257599 0.266876
v -0.056046 -0.238998 -0.281647
v -0.056072 -0.228226 -0.268921
v -0.056091 -0.266541 0.270508
v -0.056202 -0.206924 0.264771
v -0.056259 -0.246887 0.281555
v -0.056282 -0.212692 -0.255371
v -0.056458 -0.264099 -0.280975
v -0.056557 -0.214798 0.303680
v -0.056568 -0.266571 0.280853
v -0.056572 -0.226654 0.281647
v -0.056629 -0.433990 -0.323608
v -0.056679 -0.209152 -0.316986
v -0.056759 -0.266174 -0.254150
v -0.056767 -0.253021 -0.307892
v -0.056793 -0.242142 -0.299164
v -0.056831 -0.258057 -0.317230
v -0.056843 0.136047 -0.107773
v -0.056850 -0.226379 -0.283905
v -0.056858 -0.433899 -0.308868
v -0.056923 -0.053150 -0.146332
v -0.056957 -0.499695 -0.336548
v -0.057079 -0.267487 -0.298950
v -0.057079 -0.327667 0.296844
v -0.057144 -0.339508 0.281830
v -0.057144 -0.398651 -0.314301
v -0.057152 -0.384583 0.314331
v -0.057156 -0.350006 -0.314209
v -0.057163 -0.367371 0.291962
v -0.057167 -0.385803 -0.300293
v -0.057175 -0.373932 -0.281769
v -0.057213 -0.310455 -0.302185
v -0.057217 -0.269379 -0.285522
v -0.057243 -0.048214 -0.151703
v -0.057262 0.213882 -0.015831
v -0.057274 -0.416534 0.294952
v -0.057274 -0.499695 0.336609
v -0.057304 -0.380737 0.281860
v -0.057327 -0.268738 0.282593
v -0.057335 -0.196793 -0.302704
v -0.057350 -0.294708 0.282104
v -0.057350 -0.303680 -0.282074
v -0.057354 -0.440857 -0.283661
v -0.057373 -0.048176 0.149429
v -0.057449 -0.255371 0.299194
v -0.057468 -0.059021 0.149277
v -0.057487 -0.427490 0.282196
v -0.057537 -0.048466 0.157013
v -0.057583 -0.441406 0.283844
v -0.057690 0.274384 0.128036
v -0.057739 -0.187775 0.254333
v -0.057861 -0.188416 -0.267090
v -0.057911 -0.094864 -0.140976
v -0.057987 0.157654 0.054550
v -0.058167 -0.058468 0.156326
v -0.058167 -0.183746 -0.319427
v -0.058216 -0.179779 0.314270
v -0.058277 0.255249 0.132614
v -0.058323 -0.186661 -0.287262
v -0.058388 0.251404 0.060390
v -0.058399 -0.186020 0.298492
v -0.058418 -0.096146 0.147171
v -0.058430 -0.014225 0.137558
v -0.058434 -0.186447 0.274200
v -0.058456 0.091118 -0.085030
v -0.058472 0.119339 -0.105919
v -0.058582 0.100189 -0.092186
v -0.058632 0.233170 0.072617
v -0.058655 0.010854 0.125320
v -0.058655 -0.441223 0.305573
v -0.058697 -0.443085 -0.335022
v -0.058777 0.232880 0.063461
v -0.058788 -0.188217 0.319855
v -0.058807 -0.181473 -0.253662
v -0.058849 -0.284058 0.247681
v -0.058922 -0.058247 -0.152420
v -0.059059 0.215759 0.126190
v -0.059090 -0.184021 -0.272949
v -0.059124 -0.184143 -0.304688
v -0.059261 0.109596 0.126205
v -0.059353 -0.226791 -0.295197
v -0.059422 -0.184219 0.262054
v -0.059452 -0.196915 0.152084
v -0.059464 0.030558 0.126190
v -0.059483 -0.415405 -0.282104
v -0.059589 0.203384 0.012045
v -0.059753 -0.266327 -0.193130
v -0.059788 -0.188736 0.142349
v -0.059814 0.373352 0.091560
v -0.059872 -0.443665 0.332428
v -0.059978 -0.350403 -0.282288
v -0.060345 0.175644 -0.034126
v -0.060528 0.186356 0.064873
v -0.060692 0.147171 -0.060425
v -0.060841 -0.446564 -0.306641
v -0.060863 -0.266541 0.253571
v -0.060978 -0.499969 -0.285797
v -0.060997 0.245514 0.126373
v -0.061131 0.012029 0.131271
v -0.061199 -0.499847 0.310150
v -0.061207 -0.490448 0.308502
v -0.061279 -0.499786 -0.309814
v -0.061291 -0.482849 -0.308258
v -0.061302 -0.479218 -0.286011
v -0.061371 -0.484436 0.335907
v -0.061386 -0.081558 -0.083214
v -0.061390 -0.473633 0.286133
v -0.061413 -0.499481 0.286438
v -0.061455 -0.226883 0.297729
v -0.061497 -0.459015 0.313080
v -0.061569 -0.469513 -0.336456
v -0.061581 0.235214 0.067604
v -0.061604 0.287415 0.066566
v -0.061825 0.181946 0.072678
v -0.062080 -0.101540 -0.135956
v -0.062122 0.224045 0.072868
v -0.062340 -0.174026 0.141754
v -0.062347 0.190414 0.124199
v -0.062607 -0.444733 -0.286041
v -0.062813 0.278595 0.122513
v -0.062851 0.265625 0.134140
v -0.062965 -0.349976 0.283325
v -0.063133 0.201981 0.073563
v -0.063232 0.340607 0.082962
v -0.063324 0.202652 0.065170
v -0.063324 -0.232132 0.164551
v -0.063347 -0.061638 -0.143906
v -0.063354 -0.048210 0.155304
v -0.063362 0.215805 -0.002442
v -0.063416 -0.441406 0.284088
v -0.063507 -0.188797 -0.135040
v -0.063538 -0.268280 -0.282318
v -0.063789 -0.416840 -0.286987
v -0.064095 0.263000 0.056889
v -0.064209 0.223343 0.119934
v -0.064255 0.163208 -0.091133
v -0.064484 -0.059448 0.148376
v -0.064651 0.251740 0.069191
v -0.064888 -0.006626 0.137421
v -0.065018 0.236282 0.118179
v -0.065086 -0.283569 0.212860
v -0.065147 0.183487 0.115517
v -0.065254 0.277374 0.058090
v -0.065323 -0.091927 0.158554
v -0.065414 0.237869 0.074776
v -0.065437 -0.101067 -0.143524
v -0.065514 -0.429657 0.282135
v -0.065643 -0.005324 0.147110
v -0.065643 -0.075325 -0.150238
v -0.065857 0.147400 0.062290
v -0.066139 -0.266479 0.172943
v -0.066284 -0.279877 -0.282196
v -0.066444 0.194199 0.074059
v -0.066551 -0.048386 0.148834
v -0.066689 -0.074181 0.146729
v -0.066711 0.327332 0.104424
v -0.066940 -0.226730 0.284790
v -0.067085 0.257202 0.129288
v -0.067345 -0.229904 -0.281830
v -0.067513 -0.102844 0.142639
v -0.067535 0.206329 0.119064
v -0.067535 -0.097183 0.152664
v -0.067719 -0.269287 0.282990
v -0.067757 0.171661 0.066406
v -0.067787 0.157394 0.021326
v -0.067902 0.290009 0.127930
v -0.068069 -0.094521 -0.151184
v -0.068253 0.295563 0.111862
v -0.068359 0.223190 0.074593
v -0.068390 -0.000315 0.125137
v -0.068405 -0.057503 -0.147278
v -0.068520 -0.346771 -0.281952
v -0.068596 -0.268311 -0.290710
v -0.068596 -0.500000 0.274994
v -0.068626 0.199905 0.113525
v -0.068832 0.158951 -0.100822
v -0.068840 0.254303 0.116409
v -0.068916 -0.005073 0.162384
v -0.068932 -0.167221 -0.133286
v -0.069077 -0.415619 0.285553
v -0.069084 0.224030 0.068199
v -0.069366 0.224075 0.110252
v -0.069374 -0.288025 -0.173706
v -0.069672 0.009356 0.134460
v -0.069778 0.142792 0.118713
v -0.069824 -0.254272 -0.281555
v -0.069939 -0.427216 -0.282013
v -0.070091 -0.243698 -0.299164
v -0.070137 -0.226898 -0.298950
v -0.070160 -0.347565 -0.288361
v -0.070274 -0.268341 0.292267
v -0.070297 0.147659 -0.028603
v -0.070473 -0.014225 0.120583
v -0.070625 0.202393 0.070183
v -0.070763 -0.288422 0.266937
v -0.070801 -0.266541 0.206741
v -0.070839 0.113861 -0.093597
v -0.071091 -0.500000 -0.229172
v -0.071167 0.147461 0.021162
v -0.071228 0.237549 0.071159
v -0.071449 -0.015726 0.151779
v -0.071617 0.274750 0.065498
v -0.071632 0.082527 0.117226
v -0.071793 -0.000447 0.117012
v -0.071854 0.189377 0.069481
v -0.071861 -0.457001 0.286133
v -0.071945 -0.270081 0.297821
v -0.072067 0.240753 0.111977
v -0.072151 0.223190 0.115585
v -0.072212 -0.000877 0.134964
v -0.072220 -0.057198 0.152649
v -0.072273 -0.247192 0.281586
v -0.072578 -0.025110 0.138290
v -0.072586 0.178162 0.114853
v -0.072624 -0.353943 -0.281830
v -0.072662 -0.077728 0.154602
v -0.072708 -0.245712 0.161667
v -0.072830 -0.210388 0.151093
v -0.072845 0.180206 -0.082893
v -0.072899 0.252594 0.068176
v -0.072937 -0.151840 0.142288
v -0.073082 0.167130 -0.084381
v -0.073174 -0.095787 -0.139648
v -0.073318 -0.191452 0.142899
v -0.073341 -0.271484 -0.283112
v -0.073380 -0.053272 0.138687
v -0.073433 -0.199844 0.155411
v -0.073456 -0.319031 -0.281860
v -0.073524 -0.265564 0.164291
v -0.073608 -0.230255 -0.162872
v -0.073639 -0.133087 0.162796
v -0.073700 -0.076981 0.141937
v -0.073792 -0.099113 0.151306
v -0.073883 -0.058559 0.147263
v -0.073936 0.170044 -0.002530
v -0.073952 0.309753 0.097939
v -0.074028 -0.081581 -0.137329
v -0.074120 -0.140335 0.152069
v -0.074158 -0.053631 0.162125
v -0.074348 -0.050385 -0.140091
v -0.074471 -0.288605 0.176697
v -0.074608 -0.369598 -0.281769
v -0.074684 -0.037071 0.150940
v -0.074699 -0.189804 0.163559
v -0.074730 -0.270111 -0.298828
v -0.074799 0.297516 0.078728
v -0.074821 0.274872 0.119492
v -0.075073 -0.276428 0.284973
v -0.075150 -0.500000 0.230942
v -0.075249 -0.407440 0.281708
v -0.075325 -0.068474 -0.137482
v -0.075523 0.146759 -0.065636
v -0.075592 -0.300171 0.284332
v -0.075752 -0.275970 -0.292633
v -0.075821 -0.085541 -0.148529
v -0.075859 0.263397 0.125488
v -0.076126 0.009891 0.147461
v -0.076225 0.056236 -0.076584
v -0.076363 -0.500000 -0.093819
v -0.076424 -0.102196 -0.132446
v -0.076477 0.120766 -0.095970
v -0.076614 -0.018188 0.166580
v -0.076653 0.031176 0.113716
v -0.077148 -0.291840 -0.286865
v -0.077156 -0.284668 -0.202698
v -0.077164 0.229324 0.073288
v -0.077187 -0.050983 -0.146454
v -0.077927 -0.246964 0.298981
v -0.077942 0.162918 -0.078049
v -0.078003 0.174789 -0.093239
v -0.078033 -0.490692 0.285919
v -0.078125 -0.228973 -0.285889
v -0.078300 0.161865 -0.093719
v -0.078636 -0.243729 0.290039
v -0.078674 -0.231018 0.293335
v -0.078743 -0.233414 -0.294769
v -0.078842 0.184708 0.074768
v -0.078850 -0.003966 0.172226
v -0.078934 0.147339 -0.004567
v -0.078957 0.259003 0.064255
v -0.079025 -0.243805 -0.281738
v -0.079033 -0.044865 0.165634
v -0.079239 -0.199799 -0.144806
v -0.079407 -0.500000 -0.285858
v -0.079613 0.148346 -0.076302
v -0.079651 0.232025 0.096535
v -0.079712 -0.443207 0.284912
v -0.079788 0.248276 0.079727
v -0.079872 0.150192 0.073555
v -0.080002 -0.500000 0.071228
v -0.080086 0.243515 0.073006
v -0.080246 -0.100845 -0.138992
v -0.080292 0.159729 0.078819
v -0.080360 0.222504 0.084793
v -0.080498 -0.240341 0.281769
v -0.080612 0.278595 0.078125
v -0.080765 -0.266449 -0.173157
v -0.080788 -0.031872 -0.074051
v -0.080833 0.241867 0.110535
v -0.080879 0.199356 0.109489
v -0.080879 -0.421448 0.282074
v -0.081017 0.287415 0.090912
v -0.081161 0.279877 0.109390
v -0.081306 -0.266357 0.168243
v -0.081467 0.107910 -0.085167
v -0.081490 0.042473 0.078964
v -0.081535 -0.414978 -0.286865
v -0.081573 0.134155 0.084145
v -0.081642 0.255157 0.116440
v -0.081810 -0.061333 -0.140915
v -0.081863 0.146957 0.095535
v -0.081947 0.009833 0.126923
v -0.082039 0.097801 0.096596
v -0.082085 0.273132 0.117622
v -0.082169 -0.160004 0.166504
v -0.082222 -0.094185 -0.145905
v -0.082390 0.086395 0.108292
v -0.082413 -0.013164 0.110184
v -0.082481 0.284149 0.071808
v -0.082558 0.137268 0.108589
v -0.082611 -0.403778 -0.281799
v -0.082741 0.100121 0.076096
v -0.082802 0.274902 0.097816
v -0.082817 -0.243759 -0.292908
v -0.082832 0.146835 0.044880
v -0.082916 0.016247 0.109283
v -0.082932 0.018349 0.098824
v -0.082970 0.250183 0.101341
v -0.083076 0.011820 0.093224
v -0.083138 0.256897 0.089294
v -0.083939 0.268707 0.068672
v -0.084015 -0.121765 0.167511
v -0.084137 -0.014331 0.119019
v -0.084137 -0.037357 0.167419
v -0.084145 0.011836 0.076164
v -0.084465 0.275391 0.087982
v -0.084473 -0.500000 0.285706
v -0.084511 0.180222 -0.072784
v -0.084534 0.022331 0.159134
v -0.084717 -0.286774 0.290253
v -0.084854 0.153549 -0.090309
v -0.085190 -0.468750 -0.285919
v -0.085281 -0.001130 0.092751
v -0.085281 -0.095932 -0.134842
v -0.085777 -0.006397 0.181168
v -0.086052 -0.014330 0.096008
v -0.086319 -0.111298 -0.128983
v -0.086571 0.092667 -0.070328
v -0.086571 0.290375 0.090691
v -0.086929 0.020369 0.133652
v -0.087082 0.249756 0.110985
v -0.087105 0.289246 0.109238
v -0.087395 -0.295319 -0.286377
v -0.087639 -0.062073 0.169418
v -0.087753 -0.018440 0.074020
v -0.087761 -0.266479 -0.281494
v -0.087845 -0.155075 0.165497
v -0.087975 -0.080795 0.075241
v -0.088013 0.148575 0.080154
v -0.088120 -0.266541 0.281525
v -0.088264 0.049213 0.064476
v -0.088295 -0.072060 -0.069183
v -0.088341 -0.163712 0.162674
v -0.088448 0.269257 0.111183
v -0.088760 -0.038200 0.164810
v -0.088783 0.147537 0.072639
v -0.088783 -0.275574 -0.296204
v -0.088799 0.040779 0.144470
v -0.088959 0.113716 -0.079170
v -0.088974 -0.006500 -0.068230
v -0.088982 0.274261 0.102684
v -0.089005 0.115776 0.077049
v -0.089043 0.059818 -0.067627
v -0.089134 0.274170 0.077522
v -0.089409 -0.081642 -0.068222
v -0.089508 -0.278198 -0.283783
v -0.089539 -0.348419 -0.284729
v -0.089569 0.180115 -0.083084
v -0.089577 -0.354126 -0.281860
v -0.089691 0.256378 0.074585
v -0.089760 -0.051605 0.164490
v -0.089760 -0.414368 0.281799
v -0.089874 0.011350 0.088531
v -0.089882 0.275543 0.092407
v -0.089973 -0.271759 0.298553
v -0.090050 -0.059025 0.079269
v -0.090057 -0.098915 -0.129089
v -0.090096 -0.062176 -0.130432
v -0.090179 0.161255 -0.071465
v -0.090210 0.264923 0.091057
v -0.090309 0.157990 0.074028
v -0.090363 -0.013428 0.177383
v -0.090385 -0.169022 0.170090
v -0.090538 0.169220 -0.071671
v -0.090607 -0.081474 0.055668
v -0.090637 -0.416748 0.288055
v -0.090683 -0.071815 -0.059101
v -0.090912 -0.351898 0.281769
v -0.090996 -0.243683 0.293488
v -0.091141 0.008473 0.172195
v -0.091339 -0.052410 0.047165
v -0.091385 0.007967 0.050274
v -0.091576 0.089951 -0.055817
v -0.091805 -0.284515 -0.253540
v -0.091873 -0.035759 0.171738
v -0.091965 -0.024076 0.173706
v -0.091988 0.095703 0.056656
v -0.092216 0.002640 -0.045010
v -0.092506 -0.001495 0.087357
v -0.092621 0.105469 0.065865
v -0.092674 -0.014888 0.102242
v -0.092728 -0.243973 -0.299103
v -0.093079 -0.081566 -0.037083
v -0.093102 0.077530 0.033073
v -0.093147 -0.062836 -0.138336
v -0.093185 0.046242 -0.036285
v -0.093422 -0.271240 0.284790
v -0.093452 -0.288177 0.283203
v -0.093483 0.089500 -0.035103
v -0.093506 0.169189 0.068214
v -0.093552 -0.056416 -0.032646
v -0.093613 0.103310 -0.069763
v -0.093674 -0.241531 -0.285431
v -0.093704 0.120590 -0.082184
v -0.093735 -0.269806 -0.287872
v -0.093842 0.146774 -0.020231
v -0.093842 0.162506 -0.063133
v -0.093956 0.111145 0.059132
v -0.094131 -0.443542 -0.285614
v -0.094284 -0.054405 0.090866
v -0.094292 -0.422882 -0.282410
v -0.094406 -0.015559 0.084908
v -0.094437 -0.155624 0.172012
v -0.094536 -0.052418 -0.136017
v -0.094620 0.074371 -0.133713
v -0.094757 0.010963 0.079422
v -0.094910 0.096535 0.037846
v -0.094994 -0.288330 -0.267700
v -0.095093 0.072746 -0.120575
v -0.095238 -0.422791 0.281860
v -0.095253 -0.006250 0.113464
v -0.095268 -0.218094 0.173203
v -0.095390 -0.152527 -0.126785
v -0.095482 -0.081581 0.008855
v -0.095604 0.149643 0.058510
v -0.095718 -0.234100 0.291229
v -0.095772 -0.300079 -0.282379
v -0.095779 -0.092857 -0.139313
v -0.095840 0.025736 0.004066
v -0.095932 0.083099 -0.009583
v -0.095932 -0.072975 -0.126297
v -0.095932 -0.229904 -0.298401
v -0.095978 -0.267944 -0.298676
v -0.095993 -0.239639 0.281860
v -0.096039 -0.229980 -0.283813
v -0.096138 -0.230301 0.298706
v -0.096291 0.056980 0.154953
v -0.096359 -0.226669 0.285400
v -0.096420 0.051579 -0.134964
v -0.096481 -0.194321 -0.128952
v -0.096603 0.050575 -0.121437
v -0.096603 -0.056267 -0.001218
v -0.096718 0.072830 -0.143753
v -0.096954 0.093376 -0.015097
v -0.097153 0.176910 -0.078377
v -0.097252 -0.077797 0.091957
v -0.097343 0.057381 0.140137
v -0.097435 0.155411 -0.054512
v -0.097557 0.176819 0.055397
v -0.097725 -0.266235 0.298950
v -0.097832 0.031887 -0.119438
v -0.097885 -0.004492 0.181381
v -0.098022 0.066185 -0.114243
v -0.098198 -0.255371 0.174484
v -0.098206 0.098389 -0.023794
v -0.098373 0.105766 -0.057983
v -0.098396 0.094208 0.008135
v -0.098412 0.100586 -0.039406
v -0.098488 0.156128 -0.078995
v -0.098610 -0.100906 -0.130844
v -0.098686 0.030193 -0.133545
v -0.098747 -0.266541 0.263153
v -0.098953 -0.025423 0.092484
v -0.099121 0.179825 0.072647
v -0.099129 0.126190 0.076492
v -0.099220 -0.046524 0.175232
v -0.099228 -0.015126 0.092628
v -0.099251 -0.268250 0.292114
v -0.099510 0.074951 -0.107399
v -0.099571 0.147430 -0.046444
v -0.100159 0.159714 0.076187
v -0.100273 0.102081 0.017664
v -0.100388 -0.442535 -0.282043
v -0.100479 0.061207 -0.130264
v -0.100746 0.105255 0.049232
v -0.100914 0.096436 -0.009458
v -0.101006 0.031986 -0.147995
v -0.101021 0.101280 0.030844
v -0.101028 0.163162 0.054279
v -0.101120 0.113731 0.060516
v -0.101509 -0.076920 -0.134796
v -0.101624 -0.250244 -0.281616
v -0.101723 -0.500000 0.170654
v -0.101807 0.007416 0.121231
v -0.102081 -0.081619 -0.098900
v -0.102097 0.080780 0.146194
v -0.102112 -0.079750 -0.118904
v -0.102188 0.118607 0.070992
v -0.102409 0.047112 -0.150070
v -0.102463 0.106621 -0.048283
v -0.102478 0.044693 -0.106735
v -0.102745 0.180450 -0.046535
v -0.102745 -0.061775 -0.129852
v -0.102837 0.170975 -0.038589
v -0.102890 -0.206619 -0.138397
v -0.103012 -0.013009 0.114449
v -0.103081 -0.270386 0.283142
v -0.103096 0.070709 -0.150528
v -0.103195 -0.272278 -0.287445
v -0.103210 0.161179 -0.068626
v -0.103279 0.163620 0.043091
v -0.103592 -0.144226 0.177063
v -0.103630 -0.087585 -0.136917
v -0.103668 0.078102 -0.136292
v -0.103722 0.115723 0.043156
v -0.103821 0.022074 -0.135117
v -0.103821 0.076103 -0.125275
v -0.103958 -0.061817 -0.117424
v -0.104095 -0.087746 0.177139
v -0.104179 -0.000742 -0.128006
v -0.104340 -0.031746 -0.122284
v -0.104378 0.165329 -0.054169
v -0.104393 0.110573 -0.016922
v -0.104393 -0.011113 0.179810
v -0.104630 -0.007018 0.185165
v -0.104782 0.116737 -0.062675
v -0.104782 -0.272980 -0.297302
v -0.104935 -0.283875 -0.150543
v -0.105003 -0.245926 -0.149582
v -0.105110 0.061626 -0.106117
v -0.105125 -0.275543 0.293335
v -0.105309 0.175339 0.055477
v -0.105568 0.106300 -0.035564
v -0.105690 -0.288361 -0.143463
v -0.105721 0.056324 -0.152573
v -0.105728 0.147552 0.009539
v -0.105934 -0.014685 0.107544
v -0.106041 -0.024714 0.177048
v -0.106087 -0.297394 -0.285309
v -0.106102 -0.049599 -0.139465
v -0.106117 0.174652 0.067139
v -0.106255 0.043392 0.160095
v -0.106369 -0.298431 0.285645
v -0.106377 -0.283539 0.282898
v -0.106537 -0.284180 -0.173233
v -0.106598 0.143112 0.066414
v -0.106689 0.161621 -0.010655
v -0.106819 -0.500000 0.013622
v -0.107132 -0.254913 -0.299072
v -0.107330 0.025600 -0.109863
v -0.107399 0.113121 -0.000996
v -0.107414 0.158005 -0.000401
v -0.107529 0.175949 0.031124
v -0.107552 0.161362 0.028292
v -0.107559 0.117874 -0.043159
v -0.107666 0.162857 -0.024971
v -0.107979 0.031609 -0.101036
v -0.107979 0.078545 -0.111382
v -0.108223 -0.007400 0.112106
v -0.108223 -0.007400 0.112106
v -0.108261 -0.226898 -0.282135
v -0.108269 0.065704 0.148376
v -0.108406 -0.138351 -0.143723
v -0.108574 0.068779 -0.147980
v -0.108589 0.024887 -0.149307
v -0.108727 -0.081512 0.100700
v -0.108765 0.122032 0.060596
v -0.109085 0.116920 -0.023195
v -0.109116 0.007798 0.173706
v -0.109146 0.175232 -0.001015
v -0.109268 0.031128 0.132538
v -0.109344 -0.044468 -0.112381
v -0.109360 0.118309 0.022913
v -0.109383 0.143906 -0.061001
v -0.109711 0.179443 0.014096
v -0.109734 -0.246445 0.281616
v -0.109863 -0.168350 0.178711
v -0.109871 -0.116516 0.178421
v -0.109909 -0.029089 0.118790
v -0.109917 -0.057411 0.178070
v -0.110077 -0.226822 0.282135
v -0.110161 0.178925 -0.056431
v -0.110191 0.159729 0.058048
v -0.110260 -0.014751 0.116905
v -0.110260 -0.235092 0.178696
v -0.110428 -0.266510 0.179886
v -0.110497 -0.226898 -0.294769
v -0.110565 0.073708 -0.161102
v -0.110619 -0.055023 0.099243
v -0.110672 0.109558 0.016003
v -0.110703 -0.015357 0.111893
v -0.110909 0.112328 0.030401
v -0.111023 -0.009101 0.103004
v -0.111130 0.110878 -0.015621
v -0.111130 -0.056091 0.107208
v -0.111221 -0.062267 0.119881
v -0.111343 -0.005105 -0.107986
v -0.111397 -0.074257 0.114738
v -0.111465 0.058762 -0.160065
v -0.111565 -0.073494 0.098602
v -0.111588 0.029978 -0.158066
v -0.111717 -0.011481 -0.147797
v -0.111900 -0.270020 0.298859
v -0.111923 0.165253 -0.057053
v -0.112228 -0.144104 0.118225
v -0.112251 -0.284515 0.207855
v -0.112297 0.160156 0.042854
v -0.112396 0.117859 -0.045013
v -0.112450 -0.227875 0.295105
v -0.112534 -0.500000 -0.173706
v -0.112778 -0.092934 0.115440
v -0.112862 0.176987 -0.026844
v -0.112892 0.114861 -0.005668
v -0.112984 0.120399 0.045284
v -0.112984 -0.043488 0.110703
v -0.113129 0.057308 -0.100121
v -0.113312 -0.187256 0.115265
v -0.113602 -0.062172 0.097351
v -0.113678 0.062637 -0.153214
v -0.113762 0.031307 -0.154617
v -0.113777 -0.061447 0.109924
v -0.113808 -0.372894 -0.281860
v -0.113907 -0.314423 -0.281982
v -0.114174 0.080200 -0.151245
v -0.114174 -0.442078 0.282074
v -0.114235 0.113258 0.006482
v -0.114342 0.073959 -0.092979
v -0.114594 0.143570 0.042839
v -0.114792 0.066666 -0.095505
v -0.114845 0.079430 -0.104652
v -0.114952 0.101395 -0.123825
v -0.115356 0.068436 -0.104919
v -0.115433 0.127258 -0.043808
v -0.115433 -0.081192 -0.151962
v -0.115486 -0.019567 0.104149
v -0.115715 -0.273987 -0.297485
v -0.115791 -0.292603 -0.288574
v -0.115860 -0.202393 0.123245
v -0.115891 0.178894 -0.039711
v -0.116058 -0.014736 0.175339
v -0.116066 -0.010706 0.120468
v -0.116089 -0.036709 0.131760
v -0.116219 0.120476 -0.030205
v -0.116234 -0.050774 0.103676
v -0.116241 0.164200 0.030195
v -0.116264 -0.051880 0.131836
v -0.116348 0.040642 -0.094154
v -0.116570 0.124786 0.034542
v -0.116600 0.160583 -0.014968
v -0.116631 -0.061302 0.101608
v -0.116646 -0.071739 0.107124
v -0.116821 -0.036938 0.161331
v -0.116837 -0.239746 0.124832
v -0.116882 -0.092491 0.126160
v -0.116928 -0.052624 0.160446
v -0.116966 0.160416 -0.033119
v -0.117096 0.020672 -0.154922
v -0.117096 0.178772 0.029934
v -0.117119 -0.278717 0.292450
v -0.117325 0.120255 0.019793
v -0.117340 -0.026995 0.124908
v -0.117378 -0.263947 0.124886
v -0.117470 -0.188675 -0.153854
v -0.117531 -0.081673 0.062965
v -0.117638 -0.242264 -0.154251
v -0.117767 0.014982 0.165222
v -0.117783 -0.006279 0.178192
v -0.117859 0.160904 -0.001880
v -0.117905 -0.025650 0.170227
v -0.118103 0.121132 -0.017902
v -0.118393 0.179230 -0.002516
v -0.118446 0.072884 -0.166306
v -0.118454 0.104904 -0.140045
v -0.118515 0.028479 0.153275
v -0.118561 -0.053589 0.128220
v -0.118607 -0.043457 0.128769
v -0.118797 -0.054264 0.166367
v -0.118835 0.133698 -0.025225
v -0.118874 -0.239960 0.166122
v -0.118919 -0.221130 0.114388
v -0.118988 -0.039692 0.166183
v -0.119087 -0.241272 0.114662
v -0.119148 0.024059 0.138763
v -0.119148 0.048172 -0.165039
v -0.119347 -0.033722 0.136246
v -0.119354 0.179047 0.011676
v -0.119583 -0.049335 0.136612
v -0.119614 -0.266327 -0.156082
v -0.119652 -0.196472 0.164917
v -0.119682 0.161987 0.012334
v -0.119720 -0.162292 0.095253
v -0.119743 0.154358 -0.016357
v -0.119751 -0.005984 0.118271
v -0.119781 0.122101 -0.002568
v -0.119919 -0.500000 0.216766
v -0.119965 0.134689 0.007714
v -0.119995 -0.081497 0.089233
v -0.120323 -0.324463 0.281738
v -0.120369 -0.090767 0.163620
v -0.120522 -0.063812 -0.100159
v -0.120705 -0.197388 0.103249
v -0.120720 -0.091385 0.106087
v -0.120781 0.170380 -0.002510
v -0.121048 0.025547 -0.097946
v -0.121323 -0.061588 0.098183
v -0.121445 -0.029568 0.130356
v -0.121689 -0.014992 -0.099747
v -0.121689 -0.062145 0.089584
v -0.121819 -0.246994 0.299133
v -0.121910 -0.188736 0.090424
v -0.122162 -0.031624 0.162643
v -0.122284 -0.288391 0.144104
v -0.122368 -0.052864 0.091866
v -0.122414 -0.266449 0.161072
v -0.122467 -0.273743 0.282471
v -0.122749 0.080040 -0.156601
v -0.122780 0.095787 -0.109718
v -0.122871 -0.189346 0.132767
v -0.122948 -0.209518 0.099419
v -0.123291 -0.125305 0.087357
v -0.123299 -0.283752 0.241241
v -0.123383 -0.287140 -0.282867
v -0.123451 -0.097977 0.092888
v -0.123672 -0.289307 0.283417
v -0.123680 0.080673 -0.101364
v -0.124031 -0.133102 0.157471
v -0.124084 -0.273071 -0.285034
v -0.124100 -0.238556 -0.287628
v -0.124115 -0.226990 -0.282196
v -0.124153 -0.266571 0.133942
v -0.124191 -0.230377 -0.296997
v -0.124229 -0.243576 0.292114
v -0.124268 -0.232529 0.297699
v -0.124329 0.129440 -0.122650
v -0.124329 -0.226761 0.284760
v -0.124390 0.031784 -0.165985
v -0.124397 -0.038944 0.156372
v -0.124466 -0.081406 -0.097366
v -0.124557 -0.034935 0.135941
v -0.124672 -0.083244 0.100822
v -0.125031 -0.120781 0.135620
v -0.125092 -0.199173 0.092888
v -0.125153 -0.284363 -0.217010
v -0.125168 -0.102875 0.084099
v -0.125183 -0.012716 0.126511
v -0.125427 -0.243942 0.135712
v -0.125641 -0.268921 0.298553
v -0.125702 -0.051235 0.155182
v -0.125916 -0.284790 -0.160156
v -0.125916 -0.486359 0.286926
v -0.125992 -0.239624 0.281769
v -0.126053 -0.314850 0.284119
v -0.126312 -0.051857 0.083855
v -0.126312 -0.061543 0.094711
v -0.126358 -0.049927 0.095146
v -0.126358 -0.317047 0.293335
v -0.126389 -0.324432 0.289215
v -0.126923 -0.051773 0.137924
v -0.126938 -0.140182 -0.158783
v -0.127045 -0.459991 0.285706
v -0.127258 -0.266510 -0.250275
v -0.127518 -0.500000 0.060474
v -0.127640 -0.020588 0.155579
v -0.127747 -0.500000 0.106438
v -0.127792 -0.020388 -0.159149
v -0.127914 -0.268738 -0.294678
v -0.127975 -0.095795 -0.096550
v -0.128098 -0.026873 0.155777
v -0.128143 -0.320526 -0.287262
v -0.128174 -0.081665 -0.019115
v -0.128189 -0.095474 0.078712
v -0.128250 -0.500000 -0.098434
v -0.128265 -0.243958 -0.299072
v -0.128296 -0.112633 -0.096313
v -0.128510 -0.192078 0.075844
v -0.128525 -0.149673 -0.096260
v -0.128616 -0.268250 0.289459
v -0.128769 -0.183487 -0.096199
v -0.128815 -0.250488 0.109444
v -0.128845 0.146484 -0.132202
v -0.129181 -0.446930 0.286865
v -0.129303 -0.266571 0.164627
v -0.129349 -0.197266 -0.096085
v -0.129410 -0.013271 0.162323
v -0.129456 -0.048580 -0.097023
v -0.129608 -0.500000 -0.257874
v -0.129715 0.060604 -0.090744
v -0.129791 -0.103615 -0.090363
v -0.129929 0.075180 -0.089874
v -0.129974 -0.096672 0.092232
v -0.130051 0.074089 -0.167114
v -0.130081 -0.104324 0.073112
v -0.130096 -0.016155 0.135391
v -0.130112 -0.064873 -0.092796
v -0.130203 -0.166336 -0.089661
v -0.130219 0.057037 -0.169357
v -0.130341 -0.482971 -0.285858
v -0.130356 -0.024084 0.143433
v -0.130600 -0.212692 -0.159653
v -0.130722 -0.499908 0.285309
v -0.130859 -0.005198 0.167877
v -0.130966 -0.095985 0.084595
v -0.131027 0.066780 -0.163239
v -0.131027 0.103745 -0.148972
v -0.131165 -0.100365 0.086319
v -0.131317 -0.500000 0.264709
v -0.131363 -0.018641 -0.097244
v -0.131409 -0.103378 -0.083832
v -0.131409 -0.329498 -0.282898
v -0.131500 -0.061749 0.079033
v -0.131577 -0.047298 0.144562
v -0.131622 -0.266479 -0.189133
v -0.131668 -0.168716 0.065651
v -0.131683 -0.288330 -0.149750
v -0.131836 -0.073898 0.088455
v -0.131912 -0.286255 -0.137558
v -0.132187 -0.002845 0.160141
v -0.132202 -0.096718 -0.091141
v -0.132202 -0.103966 0.144714
v -0.132217 -0.241730 0.144531
v -0.132278 0.138657 -0.120583
v -0.132462 -0.170731 0.144882
v -0.132477 -0.500000 -0.051888
v -0.132523 -0.266418 0.144531
v -0.132553 -0.188187 -0.080536
v -0.132614 -0.188751 0.065163
v -0.132675 -0.303680 0.282349
v -0.132690 -0.096642 0.074661
v -0.132751 -0.051235 0.084976
v -0.132935 0.056808 -0.162186
v -0.133041 -0.182266 0.063042
v -0.133133 -0.000770 0.146652
v -0.133194 -0.194092 -0.079948
v -0.133194 -0.386383 0.281708
v -0.133362 -0.270142 0.282776
v -0.133453 -0.073502 0.074142
v -0.133621 -0.012676 0.146011
v -0.133774 0.078873 -0.098747
v -0.133789 -0.097305 0.066734
v -0.133881 -0.096710 -0.075188
v -0.134048 -0.006571 0.133682
v -0.134109 0.145950 -0.135849
v -0.134308 -0.154800 -0.096214
v -0.134354 -0.103363 -0.072136
v -0.134521 0.164917 -0.128632
v -0.134598 -0.061752 0.084862
v -0.134628 -0.094894 -0.095436
v -0.134705 -0.272217 0.296783
v -0.134750 -0.139404 -0.070534
v -0.134903 -0.093864 0.080704
v -0.135056 -0.301910 -0.284393
v -0.135178 -0.096741 0.060455
v -0.135361 -0.104019 0.058804
v -0.135483 0.027090 -0.162949
v -0.135574 -0.195923 0.077179
v -0.135849 -0.288361 0.268097
v -0.135864 -0.095772 -0.083488
v -0.135910 -0.101418 -0.066284
v -0.135910 -0.316162 0.291901
v -0.136032 -0.188965 -0.096230
v -0.136093 -0.201660 -0.096107
v -0.136124 -0.281128 -0.285370
v -0.136200 0.044518 -0.089432
v -0.136246 -0.061340 -0.084541
v -0.136383 0.021172 -0.096214
v -0.136383 -0.282074 0.284851
v -0.136444 0.061710 -0.095055
v -0.136444 -0.245667 0.298950
v -0.136444 -0.266541 0.213638
v -0.136505 -0.276337 -0.295563
v -0.136810 0.042740 -0.169662
v -0.136902 -0.048847 0.072502
v -0.137024 -0.101883 -0.059898
v -0.137039 -0.051399 -0.087845
v -0.137070 -0.101601 0.074051
v -0.137558 -0.048908 -0.096046
v -0.137558 -0.060104 0.073006
v -0.137558 -0.172684 -0.059483
v -0.137634 -0.292908 0.289001
v -0.137726 -0.109650 -0.096863
v -0.137726 -0.243652 -0.287842
v -0.137772 -0.190125 -0.065979
v -0.137878 -0.097588 -0.160156
v -0.138077 -0.080818 -0.075226
v -0.138092 0.079674 -0.159454
v -0.138138 -0.325897 0.289978
v -0.138214 -0.126495 0.050163
v -0.138290 -0.254181 -0.160263
v -0.138397 -0.093048 0.085457
v -0.138489 0.067162 -0.160553
v -0.138504 -0.321106 -0.291443
v -0.138535 -0.056335 -0.097656
v -0.138550 0.056568 -0.168228
v -0.138657 -0.006886 0.152313
v -0.138733 -0.082306 0.080460
v -0.138794 -0.102242 -0.051701
v -0.139023 -0.099518 -0.087700
v -0.139130 -0.095688 0.051491
v -0.139160 -0.059299 -0.074600
v -0.139236 -0.043472 -0.100723
v -0.139343 -0.142059 0.047211
v -0.139435 -0.241135 0.287140
v -0.139465 -0.037792 -0.097221
v -0.139526 -0.168289 -0.160309
v -0.139587 -0.094566 -0.065201
v -0.139664 -0.104477 0.045883
v -0.139679 -0.101830 0.054901
v -0.139755 -0.070335 -0.072754
v -0.139893 -0.144867 -0.048496
v -0.139923 -0.049942 -0.071426
v -0.140198 0.101807 -0.109818
v -0.140213 -0.095589 0.071030
v -0.140259 0.057461 -0.162445
v -0.140305 -0.095001 -0.059956
v -0.140457 -0.118973 -0.044273
v -0.140518 -0.199661 0.080872
v -0.140518 -0.226654 0.286133
v -0.140579 -0.202805 -0.087837
v -0.140656 -0.095665 -0.048965
v -0.140717 -0.094307 -0.079102
v -0.140732 -0.081085 -0.096931
v -0.140869 -0.319916 -0.283997
v -0.141159 -0.102882 -0.041481
v -0.141159 -0.194778 -0.072380
v -0.141403 -0.061996 0.076782
v -0.141525 -0.094589 0.063789
v -0.141556 -0.078842 0.059967
v -0.141602 -0.093399 -0.097069
v -0.141602 -0.097206 0.046734
v -0.141830 0.031076 -0.091606
v -0.141891 -0.266479 0.104301
v -0.141953 -0.018000 -0.159698
v -0.142029 -0.102303 0.039948
v -0.142029 -0.118546 -0.038013
v -0.142044 -0.061440 -0.085823
v -0.142136 -0.077904 -0.088547
v -0.142151 0.066956 -0.167786
v -0.142334 -0.100494 -0.069633
v -0.142349 -0.230621 0.298706
v -0.142380 -0.234116 -0.298950
v -0.142471 0.074738 -0.168655
v -0.142624 -0.058334 0.063820
v -0.142639 -0.099174 -0.075233
v -0.142670 -0.316284 0.283081
v -0.142868 -0.101936 -0.035255
v -0.143082 -0.107948 0.035988
v -0.143158 0.075455 -0.091843
v -0.143295 -0.095940 0.035675
v -0.143402 0.135834 -0.127289
v -0.143692 0.092461 -0.150940
v -0.143936 0.032761 -0.168243
v -0.143967 -0.062141 0.053955
v -0.144058 -0.050636 0.073532
v -0.144089 -0.094231 -0.090309
v -0.144135 -0.094559 0.076408
v -0.144180 -0.051178 -0.066589
v -0.144257 -0.061241 -0.064240
v -0.144287 -0.266541 0.137970
v -0.144318 -0.061974 -0.056187
v -0.144455 -0.049736 0.066544
v -0.144501 -0.048653 -0.077744
v -0.144516 -0.102318 0.044373
v -0.144592 -0.212524 0.082138
v -0.144714 -0.218689 -0.098015
v -0.144821 -0.004634 -0.098503
v -0.144836 -0.058460 -0.078468
v -0.144913 -0.097305 -0.035839
v -0.145035 -0.100166 -0.059196
v -0.145096 0.115913 -0.141357
v -0.145264 -0.051727 0.050095
v -0.145294 -0.066277 -0.049053
v -0.145416 -0.051338 -0.054588
v -0.145416 -0.280487 0.294250
v -0.145447 -0.052822 0.041100
v -0.145630 -0.210587 -0.083778
v -0.145782 -0.297455 -0.287354
v -0.146057 -0.048698 -0.044060
v -0.146194 -0.458710 -0.286499
v -0.146255 -0.101303 -0.042652
v -0.146317 -0.099098 -0.054554
v -0.146378 -0.274170 -0.297455
v -0.146454 -0.072220 0.069153
v -0.146576 -0.070068 0.037888
v -0.146637 -0.095230 -0.045883
v -0.146805 -0.098534 0.062199
v -0.146927 -0.081543 -0.036232
v -0.147186 -0.101898 0.039692
v -0.147247 -0.193726 0.065735
v -0.147446 0.079613 -0.101616
v -0.147507 -0.266510 -0.158569
v -0.147537 -0.068573 -0.074074
v -0.147552 -0.061081 0.038414
v -0.147659 0.053337 -0.091728
v -0.147919 -0.221725 -0.158218
v -0.147995 -0.195877 -0.099319
v -0.148102 -0.060837 0.066299
v -0.148148 -0.063812 -0.099991
v -0.148209 -0.093407 -0.081230
v -0.148239 -0.284241 -0.287292
v -0.148254 -0.058746 -0.040314
v -0.148468 -0.051105 -0.031670
v -0.148544 -0.061626 0.058781
v -0.148575 0.021330 -0.159256
v -0.148590 -0.177277 0.060986
v -0.148605 -0.094444 0.048576
v -0.148621 -0.297363 0.285645
v -0.148788 -0.085609 0.071678
v -0.148788 -0.094818 -0.072472
v -0.148880 -0.085907 -0.077965
v -0.148895 -0.051617 -0.069679
v -0.149048 -0.229813 -0.285889
v -0.149094 -0.061733 0.030432
v -0.149139 -0.067017 -0.018854
v -0.149155 -0.250000 0.281586
v -0.149231 -0.054726 0.021036
v -0.149384 -0.095108 0.058586
v -0.149475 -0.061241 -0.067017
v -0.149551 -0.096062 0.038948
v -0.149612 -0.048492 0.025827
v -0.149612 -0.050961 -0.023180
v -0.149704 -0.048576 0.014853
v -0.149765 -0.080696 0.009774
v -0.149780 -0.071259 0.061058
v -0.149918 -0.285034 -0.164062
v -0.149979 -0.142593 0.047398
v -0.150040 -0.055363 0.028225
v -0.150070 -0.038235 -0.100548
v -0.150070 -0.061440 -0.059494
v -0.150085 -0.097473 0.032234
v -0.150101 -0.061558 -0.012870
v -0.150162 -0.095543 -0.100616
v -0.150162 -0.421509 -0.281860
v -0.150177 -0.048611 -0.010506
v -0.150192 -0.499847 -0.285095
v -0.150208 -0.048611 -0.002822
v -0.150345 -0.048512 0.003684
v -0.150345 -0.055012 -0.010386
v -0.150345 -0.141693 -0.100578
v -0.150436 -0.062141 0.012115
v -0.150513 -0.181671 -0.062584
v -0.150620 -0.201401 -0.074844
v -0.150635 -0.066109 0.000216
v -0.150772 -0.061214 -0.020494
v -0.150803 -0.056870 0.014285
v -0.150864 -0.073380 -0.061069
v -0.150909 -0.101013 -0.031776
v -0.150925 -0.063591 0.053146
v -0.151001 -0.117805 -0.157181
v -0.151016 -0.051834 0.052700
v -0.151031 -0.099915 -0.039898
v -0.151123 -0.284668 0.166153
v -0.151154 -0.093391 0.067154
v -0.151154 -0.097061 -0.032516
v -0.151199 -0.094101 -0.064720
v -0.151306 -0.271301 -0.286987
v -0.151474 -0.052540 -0.054222
v -0.151627 -0.188080 0.064835
v -0.151703 0.054321 -0.165985
v -0.151733 -0.094414 -0.056599
v -0.151855 0.077950 -0.158020
v -0.151886 -0.100723 0.044506
v -0.152008 -0.056057 0.040371
v -0.152161 -0.048351 -0.043678
v -0.152161 -0.279694 0.284607
v -0.152206 -0.064766 -0.156677
v -0.152267 -0.266510 0.259613
v -0.152359 0.030008 -0.163879
v -0.152435 -0.096329 0.046669
v -0.152481 -0.187149 -0.156265
v -0.152756 -0.107758 0.034069
v -0.152832 -0.500000 -0.013249
v -0.152893 -0.095245 -0.037788
v -0.153061 -0.048737 0.040749
v -0.153061 -0.243668 -0.281647
v -0.153107 -0.054939 0.046780
v -0.153122 -0.060604 0.003508
v -0.153137 -0.237946 -0.092430
v -0.153214 -0.196457 -0.066879
v -0.153381 -0.085266 0.058308
v -0.153564 -0.058773 -0.044609
v -0.153793 -0.078224 0.042507
v -0.153824 -0.226639 0.295349
v -0.153839 0.026489 -0.100235
v -0.154327 -0.266510 0.281464
v -0.154388 -0.093727 0.051327
v -0.154480 -0.061584 0.037941
v -0.154556 -0.009695 -0.103470
v -0.154617 -0.198883 0.067940
v -0.154678 -0.061386 0.029472
v -0.154922 -0.082512 -0.042217
v -0.154938 -0.061726 0.010174
v -0.154953 -0.264160 0.298920
v -0.155182 -0.229858 -0.103783
v -0.155289 -0.313599 -0.282013
v -0.155350 -0.050556 -0.031746
v -0.155380 -0.253510 -0.299042
v -0.155472 -0.094482 -0.044285
v -0.155487 -0.048237 -0.005046
v -0.155487 -0.061825 -0.016340
v -0.155640 -0.226837 0.282166
v -0.155716 -0.251556 -0.104202
v -0.155777 0.083351 -0.112244
v -0.156143 -0.094360 0.039005
v -0.156158 -0.059292 -0.022869
v -0.156158 -0.284180 -0.247482
v -0.156265 0.027575 -0.157043
v -0.156387 -0.061413 -0.031559
v -0.156509 -0.254333 -0.151627
v -0.156662 -0.051960 0.029423
v -0.156662 -0.061760 0.014448
v -0.156754 -0.089287 -0.044815
v -0.156906 -0.205368 -0.145966
v -0.157074 0.061680 -0.106438
v -0.157150 -0.048462 -0.011102
v -0.157364 -0.288666 -0.282623
v -0.157486 -0.055042 -0.010951
v -0.157562 -0.050812 0.016197
v -0.157623 -0.069298 0.020735
v -0.157654 -0.061359 -0.010142
v -0.157669 -0.269257 0.287170
v -0.157715 -0.129410 -0.042316
v -0.157745 -0.012081 -0.152969
v -0.157928 0.075806 -0.099632
v -0.158005 0.061546 -0.151840
v -0.158051 -0.078049 -0.022778
v -0.158188 -0.050789 0.023643
v -0.158249 -0.093002 -0.031872
v -0.158386 -0.081543 0.022860
v -0.158432 -0.087875 0.035397
v -0.158508 -0.428680 0.281769
v -0.158524 -0.049065 -0.025652
v -0.158585 -0.051105 0.003184
v -0.158646 0.090797 -0.131805
v -0.158737 0.074585 -0.164062
v -0.159103 -0.226578 -0.151077
v -0.159210 -0.444244 -0.284943
v -0.159302 -0.092453 -0.027992
v -0.159317 0.079712 -0.147385
v -0.159424 -0.129486 -0.107368
v -0.159485 -0.092949 0.027899
v -0.159500 -0.048603 -0.003021
v -0.159515 -0.098831 -0.149078
v -0.159561 -0.118874 -0.144791
v -0.159592 -0.135834 -0.149063
v -0.159607 -0.184967 -0.107750
v -0.159607 -0.205032 -0.150177
v -0.159714 -0.088463 -0.107544
v -0.159729 0.071083 -0.112808
v -0.159851 -0.054752 -0.002172
v -0.159927 -0.268585 -0.295349
v -0.160065 0.058990 -0.098465
v -0.160263 -0.061020 0.002729
v -0.160461 0.061119 -0.159760
v -0.160599 -0.220993 -0.145355
v -0.160690 -0.265930 -0.105415
v -0.160706 -0.207504 -0.068054
v -0.160873 0.031681 -0.098831
v -0.161057 -0.061619 -0.014856
v -0.161652 -0.263733 -0.148422
v -0.161697 0.031490 -0.159409
v -0.161728 0.068947 -0.148102
v -0.161957 -0.165482 -0.145248
v -0.162003 -0.340240 0.281677
v -0.162094 -0.012127 -0.145416
v -0.162338 -0.046871 -0.110985
v -0.162399 -0.272308 -0.283417
v -0.162766 -0.237457 -0.111382
v -0.162796 -0.288269 -0.120636
v -0.163071 -0.302307 0.282288
v -0.163376 0.027742 -0.147919
v -0.163712 -0.205917 -0.143585
v -0.163818 -0.217224 0.067673
v -0.163864 -0.122070 -0.144928
v -0.163986 0.079079 -0.123619
v -0.163986 -0.060654 -0.004352
v -0.164444 0.077148 -0.111649
v -0.164612 -0.345673 -0.281982
v -0.165298 -0.072571 0.019392
v -0.165329 -0.060692 0.013008
v -0.165405 -0.050133 -0.142670
v -0.165512 0.078339 -0.135132
v -0.165695 -0.280273 0.286255
v -0.166016 -0.242004 -0.080353
v -0.166138 -0.096458 -0.140518
v -0.166199 -0.127579 -0.118568
v -0.166199 -0.277466 -0.293762
v -0.166229 0.024830 -0.113716
v -0.166229 0.041485 -0.155701
v -0.166290 -0.058319 -0.118576
v -0.166382 -0.003944 -0.119118
v -0.166428 -0.192062 -0.118607
v -0.166565 -0.289490 -0.285736
v -0.166794 -0.500000 0.147614
v -0.166824 -0.266479 -0.120255
v -0.166885 -0.287567 0.068748
v -0.166977 -0.245590 -0.138290
v -0.166977 -0.301147 -0.284790
v -0.167038 0.057026 -0.107529
v -0.167084 -0.274963 0.296875
v -0.167282 0.056957 -0.152054
v -0.167450 -0.266510 -0.158569
v -0.167618 0.008729 -0.132217
v -0.167694 -0.196686 0.066444
v -0.167831 -0.144608 -0.134430
v -0.167831 -0.266510 -0.135864
v -0.167953 -0.294281 0.287903
v -0.168045 -0.249054 -0.125717
v -0.168243 -0.036522 -0.130875
v -0.168381 -0.200211 -0.129913
v -0.168488 0.071190 -0.106667
v -0.168533 -0.088577 -0.129822
v -0.168640 0.030138 -0.149551
v -0.168991 -0.227585 -0.298767
v -0.169083 -0.266479 -0.090118
v -0.169891 -0.106850 0.033493
v -0.170090 0.073418 -0.149689
v -0.170105 -0.500000 0.084839
v -0.170166 -0.053883 0.011880
v -0.170288 0.064461 -0.128616
v -0.170334 0.025928 -0.133881
v -0.170593 0.045307 -0.109512
v -0.170593 -0.473938 0.286438
v -0.170944 -0.500000 -0.233719
v -0.171036 -0.227417 0.298462
v -0.171097 -0.091103 -0.027424
v -0.171295 -0.051235 -0.010660
v -0.171432 -0.500000 -0.121262
v -0.172134 -0.226807 0.286316
v -0.172134 -0.500000 0.041382
v -0.172165 -0.272400 -0.298676
v -0.172180 -0.266541 0.171051
v -0.172318 -0.238831 -0.293945
v -0.172348 -0.235245 0.281860
v -0.172348 -0.240784 0.292206
v -0.172440 -0.049915 -0.000849
v -0.172455 -0.231491 -0.283966
v -0.172516 -0.266479 -0.281311
v -0.172699 -0.451660 0.287628
v -0.173264 -0.209351 0.067207
v -0.173599 0.076012 -0.122375
v -0.173782 0.031857 -0.116486
v -0.173843 -0.252472 0.070747
v -0.174057 0.073975 -0.112862
v -0.174286 -0.288025 -0.075287
v -0.174820 0.065742 -0.138489
v -0.174881 -0.210419 -0.067482
v -0.175385 -0.192581 -0.065331
v -0.175430 -0.242599 0.298492
v -0.175797 0.033264 -0.133957
v -0.176086 0.075607 -0.135254
v -0.176163 -0.283051 -0.292877
v -0.176193 0.052254 -0.124931
v -0.177017 -0.243866 0.281555
v -0.177185 -0.190094 0.063789
v -0.177216 -0.302612 0.282898
v -0.177490 -0.351288 0.281891
v -0.177734 -0.295288 0.288025
v -0.177780 -0.178040 0.061359
v -0.177872 -0.444183 0.284210
v -0.178055 -0.037365 -0.000951
v -0.178116 -0.283203 0.285858
v -0.178162 -0.041672 -0.004924
v -0.178589 -0.041809 0.003644
v -0.178741 -0.186859 0.064896
v -0.179077 -0.273712 0.297119
v -0.179092 -0.148010 -0.049652
v -0.179688 -0.243866 -0.285004
v -0.179764 -0.485291 -0.285522
v -0.180161 -0.243729 0.289154
v -0.180283 -0.247131 -0.068161
v -0.180298 -0.266510 -0.114632
v -0.180588 -0.266266 0.070068
v -0.180740 -0.273712 -0.285156
v -0.181534 -0.270355 0.284882
v -0.181885 -0.266541 0.206650
v -0.182083 -0.285339 0.091034
v -0.182144 -0.266541 0.115173
v -0.182449 -0.283966 0.199448
v -0.182602 -0.500000 0.284912
v -0.183304 -0.036945 0.004062
v -0.183395 -0.294373 -0.283234
v -0.183472 -0.068054 -0.018003
v -0.183807 -0.041836 -0.006832
v -0.184525 -0.283875 -0.207199
v -0.184540 -0.268463 -0.297729
v -0.184631 -0.500000 -0.057693
v -0.184891 -0.149323 0.050102
v -0.185165 -0.032913 -0.003455
v -0.185928 -0.288513 0.269196
v -0.186081 -0.031013 0.004359
v -0.186554 -0.242401 -0.298828
v -0.187027 -0.379974 0.281677
v -0.187698 -0.266113 -0.069855
v -0.189362 -0.269012 0.288818
v -0.189728 -0.266541 0.252502
v -0.189880 -0.500000 0.213959
v -0.190033 -0.243561 0.292175
v -0.190094 -0.268036 -0.291138
v -0.190369 -0.227966 -0.298553
v -0.190384 -0.226898 -0.285919
v -0.190384 -0.239807 -0.281830
v -0.190460 -0.231659 0.298767
v -0.190475 -0.240784 -0.289825
v -0.191208 -0.228622 0.286896
v -0.191406 -0.269440 0.298462
v -0.191406 -0.284515 -0.104355
v -0.191986 -0.271881 -0.283325
v -0.192078 -0.292969 0.282745
v -0.192322 -0.031773 -0.004642
v -0.192825 -0.244965 0.299072
v -0.192871 -0.283203 0.240463
v -0.193161 -0.309296 -0.282440
v -0.193359 -0.288147 -0.268677
v -0.194351 -0.269989 -0.298370
v -0.194412 -0.244308 0.281708
v -0.195511 -0.030708 0.004273
v -0.195526 -0.277496 0.285553
v -0.195633 -0.284698 -0.158997
v -0.195694 -0.266541 0.066750
v -0.195740 -0.289093 -0.283295
v -0.195862 -0.114250 0.036484
v -0.195908 -0.296021 0.288361
v -0.195938 -0.277679 0.294678
v -0.196396 -0.293915 -0.288422
v -0.196915 -0.070000 0.018782
v -0.198212 -0.244690 -0.299103
v -0.198380 -0.198181 0.066139
v -0.198883 -0.279388 -0.293060
v -0.201721 -0.111496 -0.035461
v -0.201889 -0.351288 0.281708
v -0.202026 -0.030708 -0.000619
v -0.202209 -0.257141 0.066490
v -0.202454 -0.443481 -0.286041
v -0.202591 -0.500000 -0.185760
v -0.202759 -0.432922 0.281738
v -0.202972 -0.456451 -0.286926
v -0.203171 -0.470734 0.286041
v -0.203278 -0.170654 -0.058559
v -0.203339 -0.039154 0.006731
v -0.205139 -0.227081 -0.298737
v -0.205826 -0.305084 0.283173
v -0.205872 -0.273193 0.298157
v -0.206360 -0.285614 0.291229
v -0.206360 -0.499969 -0.284912
v -0.206589 -0.226669 0.284576
v -0.207047 -0.299225 -0.286041
v -0.207489 -0.266571 0.078697
v -0.207626 -0.226959 0.298706
v -0.207764 -0.228165 -0.285492
v -0.208130 -0.276123 0.283539
v -0.208633 -0.357819 -0.281891
v -0.208755 -0.272583 -0.296143
v -0.209534 -0.288605 -0.283539
v -0.209869 -0.047367 -0.009706
v -0.210510 -0.266510 0.281586
v -0.211594 -0.500000 0.117409
v -0.211716 -0.223190 0.066154
v -0.211899 -0.253754 -0.281647
v -0.212158 -0.442413 -0.282562
v -0.212341 -0.178238 0.061443
v -0.213074 -0.187683 -0.064331
v -0.214127 -0.270691 -0.284668
v -0.214218 -0.284607 0.067627
v -0.214233 -0.251251 -0.066147
v -0.214310 -0.418121 -0.281891
v -0.215256 -0.140961 -0.288666
v -0.215286 -0.190033 0.063271
v -0.215363 -0.282623 0.282410
v -0.215942 -0.500000 0.284821
v -0.216064 -0.476715 -0.286469
v -0.216141 -0.269318 0.286713
v -0.216461 -0.141251 -0.307861
v -0.216537 -0.165649 -0.299805
v -0.216537 -0.167847 0.291046
v -0.216568 -0.183990 -0.283081
v -0.216614 -0.190079 0.295929
v -0.216660 -0.487366 0.286591
v -0.216675 -0.266541 0.273193
v -0.216766 -0.143402 0.304352
v -0.216919 -0.142120 0.285950
v -0.216965 -0.484100 0.297974
v -0.216995 -0.500000 -0.287415
v -0.217133 -0.499939 -0.303223
v -0.217194 -0.283691 -0.250366
v -0.217239 -0.450165 -0.287720
v -0.217316 -0.192230 -0.295349
v -0.217728 -0.499969 0.300079
v -0.217880 -0.500000 -0.002959
v -0.217972 -0.156036 -0.282654
v -0.218048 -0.176331 0.310028
v -0.218338 -0.449066 0.286133
v -0.218399 -0.185654 -0.312500
v -0.218674 -0.500000 0.275482
v -0.218979 -0.143295 0.268555
v -0.219025 -0.155762 0.286011
v -0.219193 -0.156555 0.272858
v -0.219604 -0.191650 -0.305145
v -0.219879 -0.267151 -0.298767
v -0.219879 -0.450592 -0.293152
v -0.219971 -0.139526 0.319061
v -0.220062 -0.151154 -0.269501
v -0.220062 -0.192627 -0.285126
v -0.220169 -0.500000 0.066917
v -0.220245 -0.477539 -0.310883
v -0.220718 -0.192276 -0.270233
v -0.220718 -0.304657 -0.283020
v -0.220764 -0.192612 0.269196
v -0.220901 -0.139297 -0.268707
v -0.221008 -0.267578 0.298370
v -0.221069 -0.195999 0.285950
v -0.221069 -0.283630 0.137726
v -0.221191 -0.284576 0.259369
v -0.221191 -0.288300 0.058113
v -0.221298 -0.266541 -0.199860
v -0.221420 -0.154114 -0.317230
v -0.221451 -0.194077 0.308014
v -0.221573 -0.142288 -0.317566
v -0.221588 -0.192520 0.318207
v -0.221680 -0.481323 0.315796
v -0.221710 -0.242584 -0.298828
v -0.221725 -0.266541 0.190872
v -0.221832 -0.282013 -0.283264
v -0.221848 -0.170013 -0.322601
v -0.222061 -0.439301 -0.283936
v -0.222137 -0.245148 0.298737
v -0.222260 -0.155457 0.052551
v -0.222397 -0.092216 0.027843
v -0.222549 -0.163483 0.262146
v -0.222626 -0.273407 -0.292358
v -0.222855 -0.190842 -0.320648
v -0.223175 -0.253937 0.281647
v -0.223175 -0.266541 -0.254944
v -0.223221 -0.198746 -0.312164
v -0.223282 -0.030746 -0.004216
v -0.223679 -0.244080 0.289673
v -0.223694 -0.279449 0.285522
v -0.223709 -0.231277 0.285248
v -0.223724 -0.230591 -0.282990
v -0.223801 -0.230560 -0.295044
v -0.223831 -0.231277 0.298553
v -0.224030 -0.200485 -0.290344
v -0.224182 -0.149307 -0.287018
v -0.224258 -0.415314 0.281952
v -0.224274 -0.203552 0.293121
v -0.224289 -0.459045 0.324341
v -0.224747 -0.153244 0.317444
v -0.224777 -0.175613 0.329041
v -0.224823 -0.444550 0.310822
v -0.224884 -0.138794 -0.292297
v -0.224899 -0.499908 -0.324799
v -0.224915 -0.243866 -0.286499
v -0.225006 -0.402222 -0.282532
v -0.225220 -0.285797 0.292023
v -0.225418 -0.430450 -0.307465
v -0.225449 -0.155701 -0.256561
v -0.225510 -0.156006 0.330475
v -0.225815 -0.139145 -0.253876
v -0.226089 -0.139481 0.257904
v -0.226120 -0.303864 0.282990
v -0.226608 -0.139191 -0.335358
v -0.226624 -0.388550 0.291382
v -0.226685 -0.470612 -0.326080
v -0.226852 -0.186920 0.064842
v -0.227020 -0.499847 0.329895
v -0.227097 -0.148956 -0.331818
v -0.227188 -0.155151 0.272125
v -0.227203 -0.266571 0.122208
v -0.227219 -0.143066 0.332214
v -0.227310 -0.295258 -0.287903
v -0.227371 -0.142471 0.287445
v -0.227402 -0.350616 0.282196
v -0.227417 -0.154022 0.286896
v -0.227478 -0.194550 0.295441
v -0.227554 -0.193375 -0.278320
v -0.227661 -0.142609 0.271973
v -0.227997 -0.198563 0.279633
v -0.228012 -0.343414 -0.282837
v -0.228149 -0.192245 -0.265137
v -0.228165 -0.030823 0.004317
v -0.228241 -0.193665 0.331146
v -0.228470 -0.155518 -0.272095
v -0.228500 -0.244400 0.281982
v -0.228516 -0.142380 0.302338
v -0.228546 -0.191559 0.253479
v -0.228760 -0.196243 -0.297638
v -0.228882 -0.143341 -0.272369
v -0.229126 -0.153976 -0.296570
v -0.229309 -0.445465 0.329865
v -0.229477 -0.204407 -0.271240
v -0.229492 -0.266418 -0.065132
v -0.229538 -0.155487 0.298615
v -0.229614 -0.192947 -0.334229
v -0.229706 -0.311523 -0.292999
v -0.229828 -0.198669 0.064972
v -0.229996 -0.190247 -0.324219
v -0.229996 -0.196091 -0.287201
v -0.230072 -0.143326 0.314209
v -0.230103 -0.152969 -0.315887
v -0.230225 -0.193771 0.303467
v -0.230484 -0.304047 0.296692
v -0.230515 -0.139633 -0.308960
v -0.230591 -0.244064 0.288727
v -0.230591 -0.380707 -0.309204
v -0.230621 -0.193436 -0.254791
v -0.230804 -0.206207 -0.309021
v -0.231262 -0.268341 -0.297516
v -0.231339 -0.266327 0.296844
v -0.231339 -0.288208 -0.062706
v -0.231354 -0.384155 0.313049
v -0.231430 -0.210938 -0.284821
v -0.231628 -0.209671 0.269196
v -0.231674 -0.210602 -0.297852
v -0.231689 -0.266449 0.281738
v -0.231735 -0.266510 -0.281586
v -0.231857 -0.214706 0.291351
v -0.231888 -0.255341 -0.281677
v -0.232025 -0.439209 -0.326141
v -0.232056 -0.172623 -0.059361
v -0.232315 -0.247208 -0.298920
v -0.232346 -0.180847 -0.245178
v -0.232422 -0.212555 0.278198
v -0.232468 -0.211273 0.309235
v -0.232483 -0.244492 0.301361
v -0.232590 -0.257080 0.280151
v -0.232681 -0.194550 0.320465
v -0.232758 -0.244232 -0.284088
v -0.233078 -0.231766 -0.295197
v -0.233139 -0.204071 -0.065109
v -0.233292 -0.266571 0.064636
v -0.233368 -0.266541 0.275696
v -0.233383 -0.287201 -0.308167
v -0.233536 -0.230591 0.283813
v -0.233551 -0.188370 0.244583
v -0.233566 -0.198654 -0.314880
v -0.233673 -0.500000 -0.118172
v -0.233856 -0.155045 0.327515
v -0.234344 -0.143387 0.243927
v -0.234467 -0.138947 -0.327148
v -0.234512 -0.143066 -0.243866
v -0.234512 -0.178177 -0.343719
v -0.234512 -0.424774 0.326141
v -0.234665 -0.266541 -0.088905
v -0.235031 -0.196686 0.262665
v -0.235077 -0.155518 0.264954
v -0.235123 -0.310516 0.314880
v -0.235168 -0.066910 0.017645
v -0.235168 -0.482849 0.335907
v -0.235199 -0.123589 0.040237
v -0.235306 -0.284332 -0.151764
v -0.235352 -0.130692 -0.042980
v -0.235428 -0.283020 0.220078
v -0.235489 -0.189926 0.343994
v -0.235504 -0.066437 -0.017525
v -0.235672 -0.142456 0.327301
v -0.235733 -0.284576 -0.073517
v -0.235840 -0.499725 -0.341919
v -0.236008 -0.148193 -0.261993
v -0.236130 -0.263214 -0.269531
v -0.236221 -0.156479 0.280884
v -0.236557 -0.199341 -0.264526
v -0.236557 -0.297455 0.318298
v -0.236572 -0.336639 -0.318481
v -0.236603 -0.156494 -0.278900
v -0.236725 -0.156281 0.241638
v -0.236740 -0.224136 -0.268280
v -0.236893 -0.192703 -0.245636
v -0.237000 -0.151596 -0.328400
v -0.237289 -0.200272 0.334106
v -0.237320 -0.239288 -0.313782
v -0.237335 -0.157013 -0.240601
v -0.237396 -0.271179 0.315613
v -0.237473 -0.201797 0.253235
v -0.237503 -0.139832 0.343933
v -0.237518 -0.141861 0.259918
v -0.237747 -0.283020 -0.208237
v -0.237961 -0.043209 0.008159
v -0.238037 -0.282166 0.318024
v -0.238098 -0.139572 -0.254578
v -0.238220 -0.198700 -0.324615
v -0.238373 -0.207397 -0.330658
v -0.238388 -0.250366 0.265747
v -0.238571 -0.298462 -0.320862
v -0.238724 -0.500000 0.166702
v -0.239105 -0.277313 -0.318146
v -0.239197 -0.500000 -0.253998
v -0.239243 -0.213333 0.325134
v -0.239319 -0.265137 -0.319855
v -0.239517 -0.191010 -0.347687
v -0.239716 -0.217560 -0.320343
v -0.239868 -0.151566 0.349060
v -0.239914 -0.139908 -0.345703
v -0.239914 -0.242950 0.319672
v -0.239914 -0.266541 0.249176
v -0.240021 -0.464203 0.339844
v -0.240112 -0.030859 -0.002687
v -0.240173 -0.200195 -0.250031
v -0.240356 -0.216705 0.261993
v -0.240387 -0.189926 0.063103
v -0.240540 -0.190598 0.337921
v -0.240540 -0.244446 0.064911
v -0.240967 -0.037361 -0.006264
v -0.241486 -0.499969 -0.318939
v -0.241577 -0.189789 -0.238388
v -0.241638 -0.388702 -0.331726
v -0.241730 -0.143509 0.249908
v -0.241730 -0.154633 0.249802
v -0.241745 -0.475128 -0.342743
v -0.241928 -0.443390 -0.340363
v -0.241943 -0.192932 -0.334198
v -0.242157 -0.361542 0.329712
v -0.242416 -0.183365 0.351654
v -0.242584 -0.154831 -0.250671
v -0.242722 -0.212524 -0.254639
v -0.242920 -0.285583 0.054710
v -0.243088 -0.155533 0.333893
v -0.243225 -0.170349 0.233856
v -0.243240 -0.156921 -0.314911
v -0.243271 -0.439697 0.338531
v -0.243286 -0.190887 0.238907
v -0.243286 -0.193329 0.350891
v -0.243301 -0.156799 0.317902
v -0.243378 -0.275726 0.049004
v -0.243378 -0.278870 -0.048573
v -0.243866 -0.266846 0.325836
v -0.244064 -0.284302 0.079605
v -0.244278 -0.298187 0.325714
v -0.244339 -0.140060 0.232269
v -0.244370 -0.176498 -0.232742
v -0.244400 -0.140579 -0.334595
v -0.244400 -0.176651 0.060825
v -0.244400 -0.266541 0.257080
v -0.244492 -0.497833 0.346100
v -0.244965 -0.296997 0.315521
v -0.245148 -0.266510 -0.326202
v -0.245239 -0.194702 0.250732
v -0.245499 -0.297852 -0.327087
v -0.245941 -0.243973 -0.254547
v -0.245941 -0.296082 -0.315796
v -0.245956 -0.268707 -0.316406
v -0.245972 -0.142914 0.336914
v -0.246017 -0.269012 0.318481
v -0.246353 -0.139938 -0.233475
v -0.246353 -0.281006 -0.331421
v -0.246429 -0.195953 0.329712
v -0.246536 -0.191772 0.340973
v -0.246674 -0.150986 0.231339
v -0.246796 -0.248550 -0.329498
v -0.246948 -0.282745 0.330841
v -0.247009 -0.285950 0.316467
v -0.247131 -0.251251 -0.045429
v -0.247269 -0.215485 0.328308
v -0.247421 -0.152405 -0.236786
v -0.247528 -0.195114 -0.250702
v -0.247528 -0.280762 -0.318481
v -0.247757 -0.216217 -0.330048
v -0.248337 -0.157013 -0.356049
v -0.248520 -0.264496 0.040756
v -0.248718 -0.200531 -0.238251
v -0.249069 -0.129578 -0.299072
v -0.249176 -0.448700 0.348480
v -0.249191 -0.153931 0.355896
v -0.249283 -0.154587 0.239685
v -0.249298 -0.206116 -0.247879
v -0.249344 -0.191971 -0.229553
v -0.249481 -0.212982 0.249542
v -0.249481 -0.426941 -0.341766
v -0.249527 -0.475250 0.349518
v -0.249588 -0.197495 -0.336548
v -0.249863 -0.203476 0.341003
v -0.250000 -0.410248 0.340942
v -0.250092 -0.196060 -0.243286
v -0.250122 -0.139236 -0.355286
v -0.250214 -0.031693 0.005900
v -0.250244 -0.199829 -0.347839
v -0.250305 -0.139557 0.356140
v -0.250397 -0.141663 -0.290588
v -0.250458 -0.499939 0.322662
v -0.250519 -0.133423 0.296448
v -0.250549 -0.129486 -0.284912
v -0.250641 -0.287170 0.267059
v -0.250916 -0.266510 0.154770
v -0.250916 -0.496613 -0.349030
v -0.251038 -0.317932 -0.336578
v -0.251160 -0.144318 0.308624
v -0.251221 -0.155807 -0.300323
v -0.251221 -0.156616 0.290253
v -0.251282 -0.147858 0.239182
v -0.251526 -0.201538 0.237244
v -0.251770 -0.156830 0.311676
v -0.251923 -0.138397 0.240326
v -0.252075 -0.146896 -0.311005
v -0.252319 -0.204086 0.333618
v -0.252441 -0.200409 0.245346
v -0.252472 -0.253143 0.335205
v -0.252777 -0.138458 -0.299286
v -0.252808 -0.151184 -0.348969
v -0.253174 -0.135681 0.278961
v -0.253540 -0.295990 0.337555
v -0.253632 -0.030943 -0.000364
v -0.253632 -0.198151 -0.233795
v -0.253723 -0.046783 -0.009987
v -0.253723 -0.202271 0.347107
v -0.253784 -0.284698 -0.053131
v -0.254120 -0.143387 -0.240631
v -0.254181 -0.155792 0.354156
v -0.254181 -0.191772 0.353729
v -0.254211 -0.193222 -0.351074
v -0.254242 -0.084946 -0.025206
v -0.254333 -0.104233 0.032688
v -0.254456 -0.382111 -0.342651
v -0.254486 -0.142059 0.346832
v -0.254517 -0.190689 0.227783
v -0.254669 -0.038555 -0.009281
v -0.254852 -0.138489 -0.345917
v -0.254852 -0.217529 0.340515
v -0.254852 -0.284271 -0.094788
v -0.254913 -0.115219 -0.306549
v -0.255280 -0.139526 0.228668
v -0.255585 -0.279205 0.054588
v -0.255951 -0.031265 -0.006541
v -0.255981 -0.267731 0.048409
v -0.256104 -0.214233 -0.342194
v -0.256226 -0.135345 0.320831
v -0.256287 -0.284454 0.125687
v -0.256317 -0.231277 -0.064598
v -0.256348 -0.156860 -0.273438
v -0.256500 -0.250092 0.244873
v -0.256744 -0.114395 0.311401
v -0.256836 -0.147705 -0.272308
v -0.256989 -0.031372 0.006787
v -0.257019 -0.050488 0.011659
v -0.257263 -0.257050 -0.338837
v -0.257324 -0.190170 -0.360992
v -0.257324 -0.194550 0.236160
v -0.257416 -0.124153 -0.319824
v -0.257416 -0.266571 0.069672
v -0.258118 -0.033218 0.000406
v -0.258179 -0.446198 -0.355438
v -0.258270 -0.266541 0.204529
v -0.258362 -0.054333 -0.003454
v -0.258392 -0.044098 0.011892
v -0.258575 -0.156708 0.269196
v -0.258698 -0.185333 0.362000
v -0.258789 -0.042461 -0.001827
v -0.258789 -0.284332 0.196091
v -0.258972 -0.143173 -0.225357
v -0.258972 -0.197983 0.064461
v -0.259277 -0.156494 -0.323944
v -0.259369 -0.148682 0.049980
v -0.259399 -0.211090 -0.240967
v -0.259521 -0.218063 0.241226
v -0.259674 -0.155411 -0.361298
v -0.259735 -0.500000 -0.026041
v -0.259827 -0.500000 -0.174973
v -0.259949 -0.443939 0.355225
v -0.260101 -0.266510 -0.168457
v -0.260223 -0.038143 -0.008434
v -0.260223 -0.045151 0.004224
v -0.260223 -0.059540 0.007478
v -0.260254 -0.104622 -0.283478
v -0.260254 -0.156631 0.238785
v -0.260559 -0.191376 -0.223953
v -0.260651 -0.284271 -0.232819
v -0.260773 -0.353821 0.345001
v -0.260834 -0.218826 0.340851
v -0.260834 -0.500000 0.214233
v -0.260956 -0.203201 -0.342072
v -0.260986 -0.193542 -0.233963
v -0.261108 -0.284027 0.043198
v -0.261292 -0.442596 -0.350037
v -0.261353 -0.156326 -0.341553
v -0.261414 -0.196564 0.344208
v -0.261475 -0.500000 0.101288
v -0.261505 -0.155472 -0.237381
v -0.261597 -0.040592 0.007029
v -0.261597 -0.143066 -0.363892
v -0.261658 -0.142426 -0.326721
v -0.262177 -0.148315 0.236481
v -0.262238 -0.265564 -0.241577
v -0.262329 -0.259186 -0.062973
v -0.262451 -0.091652 0.294189
v -0.262665 -0.500000 -0.077164
v -0.262756 -0.044060 0.011971
v -0.262756 -0.147369 0.361877
v -0.262848 -0.082367 0.024088
v -0.262909 -0.220795 0.064316
v -0.263031 -0.106041 0.276703
v -0.263092 -0.158112 0.363983
v -0.263245 -0.284546 -0.269653
v -0.263489 -0.156845 0.327698
v -0.263519 -0.192352 -0.352661
v -0.264191 -0.058559 -0.009047
v -0.264282 -0.191711 0.062767
v -0.264435 -0.461029 0.357727
v -0.264648 -0.047665 0.005909
v -0.265198 -0.194473 0.230652
v -0.265594 -0.193878 0.352386
v -0.265656 -0.172455 0.221527
v -0.265686 -0.288330 0.153076
v -0.265747 -0.474243 -0.357361
v -0.265808 -0.288391 -0.176376
v -0.265839 -0.197266 -0.358429
v -0.265930 -0.135559 0.261963
v -0.266174 -0.139297 0.356079
v -0.266266 -0.141785 0.366333
v -0.266296 -0.288239 0.083023
v -0.266418 -0.200851 0.357239
v -0.266479 -0.266541 0.062332
v -0.266541 -0.288177 -0.086082
v -0.266632 -0.051403 -0.009520
v -0.266693 -0.266541 0.238235
v -0.266754 -0.236954 -0.238510
v -0.266815 -0.151993 0.354919
v -0.266876 -0.123810 -0.263275
v -0.266907 -0.070496 -0.019619
v -0.267029 -0.288116 0.224945
v -0.267059 -0.152100 -0.354980
v -0.267059 -0.209793 -0.236374
v -0.267212 -0.079247 -0.015793
v -0.267273 -0.438873 0.352386
v -0.267395 -0.206253 0.346436
v -0.267761 -0.139709 -0.354797
v -0.267792 -0.205627 -0.346283
v -0.267975 -0.176041 -0.365784
v -0.267975 -0.499969 0.277771
v -0.268250 -0.500000 0.036884
v -0.268494 -0.260620 0.062412
v -0.268585 -0.187088 0.064774
v -0.268616 -0.062172 -0.018919
v -0.268616 -0.486847 0.356628
v -0.268738 -0.142761 -0.047745
v -0.268829 -0.138992 -0.233673
v -0.268951 -0.288391 -0.249283
v -0.268951 -0.351990 -0.348206
v -0.269135 -0.122200 -0.331299
v -0.269165 -0.179474 0.061943
v -0.269196 -0.266541 0.098167
v -0.269440 -0.140244 0.233307
v -0.269501 -0.069656 0.012839
v -0.269562 -0.189087 -0.063965
v -0.269592 -0.106895 -0.033836
v -0.269623 -0.223740 -0.345703
v -0.269714 -0.153152 -0.220367
v -0.270050 -0.145432 0.332886
v -0.270233 -0.205215 -0.227798
v -0.270355 -0.288055 -0.048420
v -0.270386 -0.193695 0.220947
v -0.270538 -0.211441 -0.351868
v -0.270660 -0.139938 0.220703
v -0.270691 -0.076622 0.023010
v -0.270721 -0.088951 -0.001730
v -0.271301 -0.151443 0.220901
v -0.271423 -0.139648 -0.221268
v -0.271515 -0.210632 0.232498
v -0.272064 -0.141708 -0.367920
v -0.272125 -0.172653 -0.059433
v -0.272247 -0.422363 -0.351685
v -0.272400 -0.064728 0.014966
v -0.272400 -0.397705 0.350830
v -0.272430 -0.147125 -0.227646
v -0.272614 -0.091393 0.019629
v -0.272614 -0.192841 -0.364441
v -0.272827 -0.216827 0.348022
v -0.273041 -0.201309 0.357300
v -0.273163 -0.155670 -0.229706
v -0.273224 -0.124435 0.334656
v -0.273651 -0.138794 0.361115
v -0.273895 -0.246429 0.346283
v -0.273926 -0.246292 -0.040581
v -0.274200 -0.191208 0.365387
v -0.274231 -0.059387 -0.294403
v -0.274353 -0.156708 -0.335388
v -0.274475 -0.156708 0.254730
v -0.274506 -0.071152 0.014339
v -0.274750 -0.155045 0.226013
v -0.275146 -0.071228 -0.014959
v -0.275146 -0.240692 0.234619
v -0.275208 -0.087120 0.318665
v -0.275330 -0.103546 0.264618
v -0.275696 -0.156113 0.351349
v -0.275757 -0.074532 0.023539
v -0.275787 -0.255005 -0.045227
v -0.275940 -0.314209 0.348633
v -0.276062 -0.196564 0.229630
v -0.276062 -0.289459 -0.348145
v -0.276184 -0.120659 0.039192
v -0.276306 -0.191116 -0.218521
v -0.276520 -0.156906 0.243118
v -0.277039 -0.236816 0.063240
v -0.277496 -0.156937 -0.249634
v -0.277618 -0.196915 -0.230743
v -0.277679 -0.204666 -0.351074
v -0.277710 -0.170425 0.368225
v -0.277771 -0.137543 -0.336975
v -0.277802 -0.192398 0.355225
v -0.277985 -0.086639 0.019810
v -0.278259 -0.071800 -0.276001
v -0.279144 -0.210693 -0.232956
v -0.279266 -0.499756 -0.358185
v -0.279480 -0.097404 -0.023340
v -0.279785 -0.140686 -0.355713
v -0.279968 -0.043228 0.299652
v -0.279968 -0.173889 -0.217804
v -0.279968 -0.266418 -0.062077
v -0.280792 -0.225464 -0.233109
v -0.280823 -0.266571 0.061455
v -0.280945 -0.142792 0.356201
v -0.281006 -0.282776 -0.040787
v -0.281097 -0.233353 -0.064423
v -0.281158 -0.443512 0.356903
v -0.281219 -0.266357 -0.231689
v -0.281219 -0.266510 0.231934
v -0.281281 -0.102768 0.033470
v -0.281281 -0.154404 -0.218521
v -0.281281 -0.251434 -0.232697
v -0.281311 -0.241928 0.232712
v -0.281311 -0.247421 0.062424
v -0.281311 -0.254456 -0.064140
v -0.281342 -0.231369 -0.084091
v -0.281342 -0.266510 0.124306
v -0.281372 -0.243759 0.083672
v -0.281372 -0.248749 -0.093445
v -0.281372 -0.249466 0.127289
v -0.281372 -0.264709 0.072884
v -0.281372 -0.266479 0.178329
v -0.281372 -0.266479 -0.118446
v -0.281403 -0.253082 -0.177567
v -0.281403 -0.254852 0.089363
v -0.281403 -0.258789 0.212128
v -0.281403 -0.266510 0.217377
v -0.281433 -0.234146 -0.144928
v -0.281433 -0.244186 0.207596
v -0.281433 -0.244247 0.162079
v -0.281433 -0.266449 -0.207291
v -0.281464 -0.236267 0.096970
v -0.281464 -0.242706 -0.209290
v -0.281464 -0.248398 0.181488
v -0.281494 -0.234314 0.227264
v -0.281494 -0.239960 0.110222
v -0.281525 -0.236023 0.203964
v -0.281525 -0.243607 -0.067024
v -0.281525 -0.459290 -0.358154
v -0.281555 -0.226852 -0.100121
v -0.281555 -0.312988 0.143692
v -0.281555 -0.369629 -0.159302
v -0.281555 -0.372528 -0.108292
v -0.281586 -0.226807 -0.196426
v -0.281586 -0.233047 0.084312
v -0.281586 -0.331970 0.170486
v -0.281586 -0.334778 -0.126816
v -0.281586 -0.338287 0.113396
v -0.281586 -0.371246 -0.204529
v -0.281586 -0.409607 0.136292
v -0.281586 -0.418457 -0.143478
v -0.281616 -0.226974 -0.223770
v -0.281616 -0.240738 -0.178452
v -0.281616 -0.243881 0.073586
v -0.281616 -0.324585 -0.080215
v -0.281616 -0.328705 -0.198822
v -0.281616 -0.334198 0.081650
v -0.281616 -0.334686 0.212311
v -0.281616 -0.377411 0.189941
v -0.281616 -0.379028 0.075432
v -0.281616 -0.420532 -0.095016
v -0.281647 -0.310028 0.109879
v -0.281647 -0.354736 0.102852
v -0.281647 -0.362885 -0.064705
v -0.281677 -0.278900 0.068855
v -0.281677 -0.351776 0.170715
v -0.281677 -0.415283 -0.077568
v -0.281677 -0.424683 -0.212967
v -0.281677 -0.432892 -0.082954
v -0.281708 -0.227661 -0.158020
v -0.281708 -0.228790 0.110703
v -0.281708 -0.242905 0.066772
v -0.281708 -0.267792 0.065491
v -0.281708 -0.267792 0.065491
v -0.281708 -0.298401 0.076996
v -0.281708 -0.352264 0.122955
v -0.281738 -0.226913 0.099503
v -0.281738 -0.241959 0.222122
v -0.281738 -0.327759 0.228699
v -0.281769 -0.227295 -0.128952
v -0.281769 -0.243515 0.110535
v -0.281769 -0.305328 0.223877
v -0.281769 -0.350677 0.190994
v -0.281769 -0.351410 0.082695
v -0.281769 -0.409607 -0.061714
v -0.281799 -0.231476 0.158371
v -0.281799 -0.266418 0.095917
v -0.281799 -0.266418 0.095917
v -0.281799 -0.318665 0.061901
v -0.281799 -0.370026 0.061714
v -0.281830 -0.228546 0.223129
v -0.281830 -0.228668 0.175049
v -0.281830 -0.385101 0.225861
v -0.281830 -0.432892 0.069038
v -0.281860 -0.230560 -0.175629
v -0.281860 -0.301697 -0.062092
v -0.281860 -0.354675 -0.227722
v -0.281891 -0.299988 0.176636
v -0.281891 -0.302856 0.090431
v -0.281921 -0.226898 0.188843
v -0.281921 -0.349182 -0.079445
v -0.281952 -0.282867 0.062210
v -0.281952 -0.423767 0.092361
v -0.282013 -0.286438 -0.103462
v -0.282074 -0.193802 -0.355072
v -0.282074 -0.280090 -0.209564
v -0.282104 -0.041672 -0.303162
v -0.282104 -0.242584 -0.224411
v -0.282135 -0.156921 0.337952
v -0.282135 -0.229019 0.066093
v -0.282135 -0.243790 -0.083900
v -0.282166 -0.269836 -0.094727
v -0.282166 -0.281708 0.103638
v -0.282227 -0.289886 0.148605
v -0.282227 -0.290344 -0.183395
v -0.282227 -0.443115 0.137756
v -0.282257 -0.443329 -0.134735
v -0.282349 -0.282684 0.212372
v -0.282379 -0.281372 0.128220
v -0.282410 -0.286743 -0.153427
v -0.282501 -0.306549 -0.165649
v -0.282623 -0.227753 0.204422
v -0.282684 -0.273376 0.202454
v -0.282715 -0.286285 0.091537
v -0.282745 -0.281311 -0.073395
v -0.282806 -0.499847 -0.217224
v -0.282837 -0.272827 -0.148254
v -0.282837 -0.298889 0.129623
v -0.282867 -0.270721 0.074753
v -0.282928 -0.270508 -0.125763
v -0.282928 -0.299622 -0.144547
v -0.282928 -0.437714 0.197144
v -0.282959 -0.138718 -0.363007
v -0.282959 -0.275391 -0.173416
v -0.282959 -0.300018 -0.218872
v -0.283020 -0.346924 0.097145
v -0.283051 -0.500000 0.142426
v -0.283081 -0.271454 -0.212402
v -0.283081 -0.292145 -0.131317
v -0.283081 -0.348969 -0.171707
v -0.283112 -0.300446 -0.202499
v -0.283142 -0.267303 0.180954
v -0.283142 -0.285217 -0.119209
v -0.283142 -0.433655 -0.221268
v -0.283203 -0.090866 0.022625
v -0.283264 -0.271759 -0.185196
v -0.283295 -0.499939 -0.142319
v -0.283325 -0.268646 0.124908
v -0.283356 -0.107506 -0.035065
v -0.283356 -0.155106 -0.356201
v -0.283447 -0.291718 -0.089508
v -0.283478 -0.193542 -0.227295
v -0.283478 -0.271881 -0.202423
v -0.283508 -0.455170 0.014441
v -0.283508 -0.478455 -0.137711
v -0.283569 -0.278320 0.187469
v -0.283600 -0.295776 0.199585
v -0.283600 -0.422791 0.001139
v -0.283600 -0.469696 -0.115486
v -0.283630 -0.157883 0.217087
v -0.283661 -0.301788 0.216354
v -0.283661 -0.461609 0.140152
v -0.283722 -0.442383 -0.189102
v -0.283752 -0.411804 -0.026726
v -0.283752 -0.422180 0.028008
v -0.283844 -0.453705 0.028034
v -0.284027 -0.093315 -0.025526
v -0.284027 -0.484161 0.150482
v -0.284088 -0.214767 0.063599
v -0.284088 -0.434448 0.061943
v -0.284088 -0.443207 0.085518
v -0.284119 -0.033947 0.288940
v -0.284149 -0.443085 -0.081253
v -0.284302 -0.243973 -0.076897
v -0.284302 -0.414948 -0.098625
v -0.284363 -0.143814 0.216034
v -0.284363 -0.272766 0.132736
v -0.284424 -0.123543 -0.031246
v -0.284454 -0.273315 0.106049
v -0.284454 -0.298767 0.188126
v -0.284454 -0.499908 -0.084969
v -0.284485 -0.275757 0.160538
v -0.284485 -0.276398 -0.134964
v -0.284546 -0.275085 0.173660
v -0.284546 -0.299805 -0.076141
v -0.284546 -0.492706 -0.062382
v -0.284576 -0.131134 0.250641
v -0.284576 -0.233307 0.127823
v -0.284576 -0.487366 0.078690
v -0.284607 -0.128952 0.006244
v -0.284607 -0.499939 -0.195297
v -0.284607 -0.500000 0.191208
v -0.284637 -0.065727 -0.315674
v -0.284637 -0.476257 0.062012
v -0.284668 -0.192566 -0.366028
v -0.284698 -0.230881 -0.204361
v -0.284698 -0.294128 0.228622
v -0.284698 -0.299469 -0.114639
v -0.284729 -0.284698 0.078339
v -0.284729 -0.449249 -0.061726
v -0.284729 -0.460327 -0.142853
v -0.284790 -0.348419 0.106575
v -0.284790 -0.468811 0.109413
v -0.284790 -0.499939 0.062866
v -0.284821 -0.226685 -0.145370
v -0.284851 -0.299316 -0.190842
v -0.284851 -0.455231 -0.023262
v -0.284851 -0.499908 0.095596
v -0.284882 -0.199463 0.063667
v -0.284882 -0.296600 -0.172913
v -0.284882 -0.443390 -0.356476
v -0.284882 -0.488617 -0.176590
v -0.284973 -0.272217 -0.158813
v -0.285004 -0.297028 0.116646
v -0.285004 -0.500000 0.214920
v -0.285034 -0.242996 0.175095
v -0.285095 -0.226791 0.084602
v -0.285126 -0.284607 -0.199875
v -0.285156 -0.231644 -0.110863
v -0.285156 -0.243408 0.128357
v -0.285217 -0.240234 -0.127167
v -0.285248 -0.247635 -0.348633
v -0.285248 -0.387146 -0.004140
v -0.285248 -0.394318 0.015675
v -0.285248 -0.445160 0.218750
v -0.285278 -0.484528 0.215347
v -0.285309 -0.269653 0.093735
v -0.285309 -0.473846 -0.215317
v -0.285370 -0.489899 0.195908
v -0.285431 -0.243042 -0.112030
v -0.285431 -0.294586 0.160995
v -0.285461 -0.155197 0.225327
v -0.285461 -0.198715 0.353210
v -0.285461 -0.225510 0.232559
v -0.285461 -0.349243 -0.098694
v -0.285461 -0.463135 -0.085426
v -0.285492 -0.499908 -0.316223
v -0.285522 -0.240417 -0.158890
v -0.285522 -0.298584 -0.229980
v -0.285553 -0.196899 0.228439
v -0.285583 -0.189697 0.062935
v -0.285583 -0.193863 0.362091
v -0.285583 -0.194702 0.219254
v -0.285583 -0.214996 -0.350403
v -0.285583 -0.226852 0.143845
v -0.285614 -0.484619 0.118591
v -0.285767 -0.276642 0.119041
v -0.285767 -0.281128 0.145004
v -0.285828 -0.462189 -0.162018
v -0.285828 -0.485046 -0.107918
v -0.285858 -0.347137 0.182114
v -0.285858 -0.460236 0.087288
v -0.285889 -0.445587 -0.102570
v -0.285919 -0.462585 0.170746
v -0.285980 -0.129333 0.032650
v -0.286011 -0.268890 -0.067436
v -0.286072 -0.437317 -0.027975
v -0.286163 -0.268555 -0.102959
v -0.286346 -0.113960 0.028816
v -0.286438 -0.267731 0.208710
v -0.286438 -0.271515 0.148010
v -0.286530 -0.142609 0.227097
v -0.286713 -0.396515 -0.018393
v -0.286835 -0.278412 -0.229706
v -0.286835 -0.499573 0.360626
v -0.286865 -0.279816 -0.108047
v -0.286926 -0.295807 0.078857
v -0.286957 -0.444946 -0.143616
v -0.287140 -0.348389 0.086266
v -0.287170 -0.445923 0.147400
v -0.287201 -0.290894 0.107819
v -0.287384 -0.291931 -0.163681
v -0.287415 -0.216309 0.232620
v -0.287415 -0.453400 -0.181732
v -0.287445 -0.101021 0.030321
v -0.287476 -0.462769 -0.127838
v -0.287506 -0.194427 -0.219086
v -0.287567 -0.415802 -0.079590
v -0.287628 -0.291840 0.088905
v -0.287628 -0.458282 0.132095
v -0.287750 -0.112526 -0.334686
v -0.287872 -0.055012 0.276794
v -0.287964 -0.214172 0.352875
v -0.288025 -0.176468 -0.369537
v -0.288086 -0.243622 -0.067566
v -0.288086 -0.243927 0.219009
v -0.288086 -0.451355 0.169083
v -0.288116 -0.349915 0.228043
v -0.288208 -0.268646 0.155670
v -0.288208 -0.273590 0.229431
v -0.288269 -0.301086 -0.350861
v -0.288361 -0.499969 -0.061695
v -0.288513 -0.136749 0.339600
v -0.288513 -0.191055 0.369232
v -0.288605 -0.275574 0.090881
v -0.288757 -0.235489 0.175049
v -0.288757 -0.240875 0.159546
v -0.288757 -0.243805 0.081566
v -0.288788 -0.289795 -0.215988
v -0.288818 -0.268890 0.062321
v -0.288849 -0.243591 0.119743
v -0.288879 -0.453613 -0.139633
v -0.289032 -0.227264 -0.084297
v -0.289062 -0.139008 0.370453
v -0.289062 -0.226822 0.100288
v -0.289124 -0.171127 0.058804
v -0.289124 -0.243683 -0.213455
v -0.289246 -0.275269 -0.146774
v -0.289307 -0.120781 -0.030897
v -0.289398 -0.146530 -0.370575
v -0.289520 -0.297119 0.350342
v -0.289551 -0.279480 0.348206
v -0.289642 -0.226608 -0.187927
v -0.289703 -0.240051 -0.221893
v -0.289734 -0.227432 0.110847
v -0.289764 -0.231079 0.065933
v -0.289795 -0.136459 -0.250366
v -0.289795 -0.226761 -0.099121
v -0.289795 -0.285583 0.134995
v -0.289795 -0.287170 0.196548
v -0.289825 -0.243576 0.066994
v -0.289856 -0.231567 -0.066345
v -0.289917 -0.241486 0.204086
v -0.289948 -0.276764 -0.347260
v -0.289948 -0.288147 0.143143
v -0.290039 -0.285004 0.218262
v -0.290070 -0.268311 -0.209305
v -0.290161 -0.040771 0.308044
v -0.290314 -0.156769 -0.338379
v -0.290375 -0.243881 -0.083931
v -0.290405 -0.285095 -0.145401
v -0.290436 -0.268402 -0.129288
v -0.290466 -0.226868 0.188828
v -0.290466 -0.243927 -0.171005
v -0.290497 -0.235764 0.083969
v -0.290527 -0.109039 -0.035210
v -0.290558 -0.226395 -0.233322
v -0.290588 -0.292572 0.343079
v -0.290619 -0.014599 -0.290283
v -0.290619 -0.270935 -0.094299
v -0.290710 -0.240906 0.110542
v -0.291016 -0.267578 -0.179840
v -0.291168 -0.232956 -0.083733
v -0.291168 -0.268738 0.102180
v -0.291260 -0.139099 -0.372284
v -0.291260 -0.267944 0.069061
v -0.291260 -0.278015 -0.119354
v -0.291351 -0.106087 0.332520
v -0.291351 -0.271545 0.202332
v -0.291382 -0.125229 -0.035870
v -0.291382 -0.274170 0.214615
v -0.291382 -0.283539 -0.137894
v -0.291473 -0.212219 -0.231140
v -0.291504 -0.146744 -0.339844
v -0.291534 -0.268494 -0.154694
v -0.291534 -0.285400 -0.192978
v -0.291656 -0.284607 -0.088722
v -0.291748 -0.455414 0.024786
v -0.291931 -0.203430 -0.224548
v -0.292023 -0.435760 0.028658
v -0.292206 -0.126755 0.042881
v -0.292206 -0.262970 0.349854
v -0.292206 -0.285553 -0.341797
v -0.292267 -0.403656 -0.225388
v -0.292297 -0.143234 -0.227600
v -0.292358 -0.114136 0.032940
v -0.292480 -0.273743 -0.186508
v -0.292572 -0.283142 -0.225662
v -0.292603 -0.142334 -0.361755
v -0.292603 -0.147324 0.362122
v -0.292664 -0.157684 0.368622
v -0.292755 -0.146988 0.049446
v -0.292755 -0.282593 0.169647
v -0.292847 -0.138306 0.358795
v -0.292938 -0.128845 0.036564
v -0.293091 -0.273712 0.077003
v -0.293579 -0.155502 -0.227997
v -0.293579 -0.183334 0.216141
v -0.293640 0.004192 0.295624
v -0.293671 -0.206802 0.229218
v -0.293793 -0.119164 0.040745
v -0.293854 -0.205963 0.358734
v -0.294006 -0.491760 0.359650
v -0.294128 -0.228638 -0.223663
v -0.294128 -0.386047 0.005337
v -0.294159 -0.226730 0.224655
v -0.294159 -0.361420 -0.351471
v -0.294189 -0.336182 -0.061897
v -0.294250 -0.269135 0.125092
v -0.294312 -0.498535 -0.362610
v -0.294342 -0.213272 -0.352844
v -0.294434 -0.227020 0.175201
v -0.294434 -0.482666 0.061775
v -0.294464 -0.227463 0.158447
v -0.294617 -0.277313 0.109009
v -0.294617 -0.480774 -0.217712
v -0.294739 -0.156906 -0.344147
v -0.294739 -0.276917 0.161362
v -0.294830 -0.001205 -0.296936
v -0.294830 -0.142075 0.036221
v -0.294830 -0.227066 0.128006
v -0.294830 -0.377197 0.352386
v -0.294922 -0.411011 -0.029467
v -0.294952 -0.272034 -0.213501
v -0.294952 -0.272095 0.186401
v -0.294983 -0.227600 -0.204422
v -0.294983 -0.273804 -0.172562
v -0.294983 -0.277527 -0.111191
v -0.294983 -0.411377 0.029819
v -0.295013 -0.084808 -0.265106
v -0.295135 -0.235428 0.222046
v -0.295197 -0.229065 0.204285
v -0.295319 -0.242615 -0.204590
v -0.295349 -0.227127 -0.110771
v -0.295349 -0.275146 -0.080788
v -0.295471 -0.431213 0.354065
v -0.295502 -0.193100 -0.367249
v -0.295593 -0.267792 0.178680
v -0.295715 -0.164581 -0.029156
v -0.295715 -0.193451 0.062630
v -0.295715 -0.233353 -0.174667
v -0.295746 -0.475677 -0.061794
v -0.295837 -0.193039 0.219788
v -0.295868 -0.227448 -0.129257
v -0.295929 -0.272736 -0.201096
v -0.295929 -0.369476 0.061771
v -0.295990 -0.139526 -0.218826
v -0.295990 -0.275818 -0.162262
v -0.296021 -0.267883 0.153488
v -0.296051 -0.296661 -0.343781
v -0.296082 -0.275330 0.119148
v -0.296082 -0.384766 -0.005835
v -0.296173 -0.405975 -0.061779
v -0.296204 -0.275574 0.086624
v -0.296234 -0.140274 -0.335815
v -0.296356 -0.269226 0.342987
v -0.296417 -0.128738 -0.340698
v -0.296448 -0.090904 0.262726
v -0.296448 -0.271820 0.133469
v -0.296509 -0.487183 -0.358215
v -0.296661 -0.170227 0.016371
v -0.296906 -0.019873 0.287018
v -0.296936 -0.156235 -0.368042
v -0.296997 -0.273468 0.224777
v -0.297089 -0.155212 0.359314
v -0.297089 -0.226852 0.084541
v -0.297089 -0.232819 0.348724
v -0.297150 -0.124825 0.039597
v -0.297241 -0.191559 -0.216278
v -0.297302 -0.394531 -0.020489
v -0.297394 -0.142365 -0.048702
v -0.297394 -0.195496 0.357086
v -0.297424 -0.230667 -0.152985
v -0.297424 -0.268463 -0.064224
v -0.297455 -0.271606 -0.145279
v -0.297485 -0.138077 0.335297
v -0.297485 -0.396454 0.022175
v -0.297485 -0.462158 0.358185
v -0.297546 -0.274048 0.198578
v -0.297638 -0.155777 0.335724
v -0.297760 -0.227402 0.109146
v -0.297913 -0.271637 0.146103
v -0.297913 -0.411957 0.226135
v -0.298035 -0.342712 -0.229843
v -0.298157 -0.193420 -0.358765
v -0.298157 -0.226974 0.094322
v -0.298218 -0.226990 -0.190216
v -0.298218 -0.265869 -0.232361
v -0.298218 -0.269409 -0.124146
v -0.298248 -0.227112 0.141464
v -0.298248 -0.267700 0.095810
v -0.298279 -0.170410 0.043411
v -0.298279 -0.227005 -0.099380
v -0.298279 -0.229401 -0.229553
v -0.298279 -0.235870 0.127991
v -0.298279 -0.457550 -0.032139
v -0.298309 -0.231888 -0.084129
v -0.298309 -0.235046 0.084412
v -0.298309 -0.235413 0.175598
v -0.298340 -0.243881 0.170227
v -0.298340 -0.243973 -0.080322
v -0.298340 -0.260712 0.016279
v -0.298401 -0.244186 0.124146
v -0.298401 -0.247772 -0.165512
v -0.298401 -0.268707 -0.183350
v -0.298431 -0.229523 0.190872
v -0.298431 -0.240585 -0.110359
v -0.298431 -0.353149 -0.015489
v -0.298462 -0.132172 -0.040039
v -0.298462 -0.231461 -0.065140
v -0.298462 -0.267395 -0.347473
v -0.298492 -0.241455 -0.127686
v -0.298492 -0.270203 0.213257
v -0.298492 -0.270996 0.112923
v -0.298492 -0.284973 0.009991
v -0.298523 -0.168137 -0.042942
v -0.298523 -0.236862 -0.184662
v -0.298523 -0.238953 0.157913
v -0.298523 -0.240036 0.110474
v -0.298523 -0.267670 -0.159637
v -0.298553 -0.245102 0.085106
v -0.298553 -0.268066 -0.098343
v -0.298553 -0.270813 -0.220795
v -0.298584 -0.234207 -0.096870
v -0.298584 -0.235870 0.095543
v -0.298584 -0.243317 -0.066071
v -0.298584 -0.243576 0.148880
v -0.298584 -0.243851 0.074272
v -0.298584 -0.252136 -0.088196
v -0.298584 -0.256683 0.121681
v -0.298584 -0.274384 0.062607
v -0.298615 -0.264893 -0.204529
v -0.298615 -0.265198 0.069679
v -0.298615 -0.269928 0.232498
v -0.298645 -0.244125 0.204285
v -0.298676 -0.140030 0.226303
v -0.298676 -0.224365 0.062653
v -0.298676 -0.230881 0.066048
v -0.298676 -0.240173 -0.233231
v -0.298676 -0.261993 0.170029
v -0.298676 -0.266754 0.206314
v -0.298706 -0.245285 0.220016
v -0.298706 -0.253174 0.191940
v -0.298737 -0.244415 -0.219330
v -0.298798 -0.191345 0.368439
v -0.298889 -0.247650 0.063896
v -0.298920 -0.376495 -0.001320
v -0.298950 -0.243851 0.233185
v -0.298950 -0.251404 -0.062298
v -0.299042 -0.226181 0.233658
v -0.299042 -0.356781 -0.005793
v -0.299133 -0.344360 -0.003778
v -0.299194 -0.293945 -0.013580
v -0.299225 -0.323303 -0.015909
v -0.299255 -0.249344 0.008790
v -0.299561 -0.436829 -0.032436
v -0.299591 -0.279358 -0.029835
v -0.299683 -0.298157 0.347260
v -0.299683 -0.376740 -0.021515
v -0.299713 -0.279846 0.032139
v -0.299744 -0.294037 0.018421
v -0.299744 -0.344604 0.015018
v -0.299774 -0.154007 -0.043098
v -0.299805 -0.194397 -0.228958
v -0.299835 -0.376831 0.021166
v -0.299866 -0.340546 -0.029057
v -0.299866 -0.384094 0.018423
v -0.299896 -0.010729 0.295624
v -0.299988 -0.361725 0.010311
v -0.300018 -0.154480 0.043068
v -0.300049 -0.251678 -0.023264
v -0.300049 -0.356812 -0.027058
v -0.300079 -0.367706 0.016506
v -0.300171 -0.277283 -0.340607
v -0.300201 -0.039410 -0.281311
v -0.300201 -0.284454 0.344482
v -0.300476 -0.142715 0.216400
v -0.300476 -0.256134 -0.033432
v -0.300476 -0.321014 0.003793
v -0.300629 -0.156937 -0.248550
v -0.300659 -0.252319 0.026567
v -0.300659 -0.446686 0.033699
v -0.300751 -0.317139 -0.026896
v -0.300812 -0.215393 -0.062691
v -0.300903 -0.155212 -0.359619
v -0.300934 -0.458252 0.033016
v -0.300995 -0.370514 -0.044243
v -0.301025 -0.499664 -0.219421
v -0.301117 -0.338135 0.044056
v -0.301178 -0.281616 -0.062199
v -0.301208 -0.085915 -0.323914
v -0.301239 -0.044426 0.308563
v -0.301239 -0.130432 0.339355
v -0.301300 -0.153275 -0.047092
v -0.301300 -0.183273 -0.021223
v -0.301331 -0.322296 0.032631
v -0.301361 -0.340363 -0.011253
v -0.301392 -0.161148 -0.040966
v -0.301605 -0.396637 -0.028404
v -0.301666 -0.267914 0.348297
v -0.301758 -0.318573 -0.043282
v -0.301849 -0.145950 0.248657
v -0.301880 -0.187897 0.008886
v -0.301880 -0.365662 0.043877
v -0.301880 -0.404938 0.043629
v -0.301910 -0.422699 0.035652
v -0.302002 -0.459320 -0.000215
v -0.302094 -0.289612 -0.349121
v -0.302124 -0.284424 -0.043968
v -0.302124 -0.365692 -0.022545
v -0.302155 -0.294403 0.035358
v -0.302155 -0.310822 -0.014056
v -0.302338 -0.250366 -0.043133
v -0.302338 -0.355621 -0.005158
v -0.302368 -0.020966 -0.293793
v -0.302399 -0.303589 -0.002548
v -0.302490 -0.271393 -0.036488
v -0.302490 -0.402191 0.035782
v -0.302521 -0.255371 0.031906
v -0.302521 -0.376678 0.002489
v -0.302551 -0.292816 -0.035400
v -0.302551 -0.356628 -0.011496
v -0.302704 -0.268005 0.041801
v -0.302704 -0.420288 -0.033466
v -0.302765 -0.406555 -0.043812
v -0.302795 -0.380981 -0.011380
v -0.302795 -0.382141 0.000107
v -0.302856 -0.310486 0.232239
v -0.302917 -0.186569 0.040108
v -0.303040 -0.296478 0.042759
v -0.303070 -0.405853 0.030466
v -0.303192 -0.209488 0.350433
v -0.303223 -0.155457 0.047871
v -0.303223 -0.187363 0.065414
v -0.303223 -0.386414 0.015243
v -0.303345 -0.439270 -0.040260
v -0.303375 -0.192612 0.226974
v -0.303406 -0.303680 -0.029020
v -0.303436 -0.303528 0.023558
v -0.303436 -0.438995 0.040798
v -0.303680 -0.145279 -0.049099
v -0.303741 -0.223221 -0.045212
v -0.303772 -0.278259 0.034271
v -0.303925 -0.366638 0.028383
v -0.303955 -0.187408 -0.045456
v -0.304016 -0.156494 0.368134
v -0.304016 -0.252411 0.020031
v -0.304199 -0.205673 -0.045597
v -0.304352 -0.187439 0.047066
v -0.304413 -0.216599 -0.233200
v -0.304443 -0.252380 -0.013558
v -0.304535 -0.147415 0.046497
v -0.304535 -0.174469 -0.060383
v -0.304565 -0.206070 0.019743
v -0.304688 -0.193268 -0.062496
v -0.304688 -0.243286 0.062286
v -0.304718 -0.206039 0.043118
v -0.304749 -0.206406 -0.025610
v -0.304749 -0.226181 0.045261
v -0.304749 -0.251221 -0.032585
v -0.304810 -0.499969 0.059891
v -0.304871 -0.190964 -0.219894
v -0.304962 -0.156784 -0.335724
v -0.305023 -0.439728 0.033958
v -0.305084 -0.208496 0.230835
v -0.305206 -0.226685 0.020340
v -0.305237 -0.295349 -0.011344
v -0.305389 -0.336761 -0.043983
v -0.305481 -0.237350 -0.025064
v -0.305511 -0.172058 0.044502
v -0.305511 -0.302185 0.038864
v -0.305542 -0.187836 -0.022739
v -0.305695 -0.246338 0.011580
v -0.305725 -0.139038 -0.356506
v -0.305725 -0.155228 0.053719
v -0.305756 -0.424408 -0.042988
v -0.305756 -0.445282 -0.224289
v -0.305847 -0.499878 -0.061821
v -0.305908 -0.408752 0.044502
v -0.306183 -0.194778 0.352478
v -0.306183 -0.297668 0.028498
v -0.306305 -0.423889 0.061607
v -0.306396 -0.249222 -0.062233
v -0.306427 -0.195755 -0.355469
v -0.306610 -0.449554 -0.034004
v -0.306641 -0.150208 -0.359344
v -0.306702 -0.154678 0.358643
v -0.306702 -0.369995 0.044155
v -0.306732 -0.329987 0.043964
v -0.306824 -0.175262 -0.052773
v -0.306824 -0.191498 0.217789
v -0.306854 -0.128067 -0.249069
v -0.306854 -0.145752 0.336456
v -0.306885 -0.303467 0.010524
v -0.307007 -0.190887 0.364990
v -0.307037 -0.258728 0.044804
v -0.307068 -0.387390 -0.044205
v -0.307129 -0.270142 -0.044815
v -0.307159 -0.190521 -0.367096
v -0.307190 -0.302032 -0.042744
v -0.307251 -0.475281 -0.061615
v -0.307281 -0.437042 -0.061436
v -0.307373 -0.141464 -0.366180
v -0.307404 -0.485260 0.221436
v -0.307404 -0.499756 0.221420
v -0.307495 -0.189758 0.063805
v -0.307526 -0.303619 -0.025106
v -0.307526 -0.444489 0.357086
v -0.307648 -0.438690 -0.352020
v -0.307678 -0.491486 0.061752
v -0.307770 -0.156830 0.249863
v -0.307770 -0.174240 0.053894
v -0.307861 -0.142883 -0.335388
v -0.307922 -0.155319 -0.367493
v -0.307983 -0.451111 0.060719
v -0.308044 -0.143509 0.368561
v -0.308044 -0.225952 -0.045223
v -0.308289 -0.154724 -0.217804
v -0.308289 -0.251740 -0.345947
v -0.308411 -0.187927 -0.065346
v -0.308441 -0.424622 0.052036
v -0.308502 -0.343506 0.053185
v -0.308502 -0.399323 -0.051880
v -0.308563 -0.203812 0.062622
v -0.308655 -0.156891 0.344116
v -0.308655 -0.308533 0.049053
v -0.308655 -0.386139 0.053108
v -0.308868 -0.187241 -0.031067
v -0.308868 -0.189056 0.003378
v -0.308899 -0.160629 -0.050232
v -0.308990 -0.187439 0.031441
v -0.308990 -0.205811 0.043552
v -0.309052 -0.280792 -0.049561
v -0.309082 -0.206955 -0.045074
v -0.309174 -0.199585 0.359283
v -0.309204 -0.261505 0.050804
v -0.309204 -0.291077 0.044537
v -0.309235 -0.425110 -0.053635
v -0.309296 -0.206131 0.011911
v -0.309296 -0.241119 -0.048748
v -0.309326 -0.205978 0.053501
v -0.309418 -0.223877 0.048279
v -0.309448 -0.188248 -0.017336
v -0.309509 -0.205933 -0.031525
v -0.309509 -0.215103 -0.051586
v -0.309509 -0.402496 0.061775
v -0.309631 -0.396362 -0.061737
v -0.309784 -0.194199 0.046535
v -0.309784 -0.199036 -0.017996
v -0.309814 -0.201340 -0.043583
v -0.309845 -0.356628 0.061672
v -0.309845 -0.429779 0.043365
v -0.309906 -0.447662 0.224930
v -0.309967 -0.350006 -0.061771
v -0.310089 -0.315674 0.347260
v -0.310120 -0.307037 0.055519
v -0.310181 -0.319519 0.061600
v -0.310272 -0.154922 0.230850
v -0.310394 -0.188629 -0.046722
v -0.310486 -0.115532 0.331390
v -0.310516 -0.144180 0.356384
v -0.310547 -0.179428 -0.025774
v -0.310577 -0.203903 -0.356384
v -0.310913 -0.058537 -0.282074
v -0.310913 -0.171783 -0.060265
v -0.310913 -0.188812 0.047710
v -0.310974 -0.185913 -0.056049
v -0.311066 -0.056454 0.304626
v -0.311096 -0.304535 -0.053558
v -0.311218 -0.200668 -0.226364
v -0.311279 -0.272888 -0.235657
v -0.311340 -0.254578 -0.053055
v -0.311371 -0.287292 0.052906
v -0.311432 -0.169800 0.055218
v -0.311462 -0.216736 -0.348785
v -0.311768 -0.191803 -0.053726
v -0.312073 -0.223801 0.235733
v -0.312073 -0.304688 -0.061939
v -0.312103 -0.306458 0.061966
v -0.312317 -0.145828 -0.251190
v -0.312347 -0.124741 0.252228
v -0.312378 -0.185669 0.057156
v -0.312469 -0.218872 0.055653
v -0.312500 -0.364777 0.232574
v -0.312531 -0.191772 0.054630
v -0.312561 -0.184860 -0.048725
v -0.312683 -0.213348 -0.053783
v -0.312714 -0.140854 -0.230576
v -0.312744 -0.441254 -0.035915
v -0.312836 -0.264099 0.052917
v -0.312897 -0.194031 -0.220108
v -0.312927 -0.216400 0.347137
v -0.313019 -0.185104 0.051868
v -0.313110 -0.225937 -0.062134
v -0.313232 -0.203247 -0.060333
v -0.313232 -0.262024 -0.062077
v -0.313293 -0.208191 0.062214
v -0.313293 -0.256012 -0.057377
v -0.313293 -0.306183 0.054981
v -0.313293 -0.429810 -0.060814
v -0.313324 -0.247604 0.062260
v -0.313324 -0.499817 0.332581
v -0.313354 -0.253723 0.057476
v -0.313385 -0.178680 -0.057846
v -0.313385 -0.286438 0.057064
v -0.313385 -0.290405 0.062080
v -0.313538 -0.189835 -0.063042
v -0.313568 -0.172302 0.365967
v -0.313660 -0.173172 -0.365631
v -0.313904 -0.463593 -0.000890
v -0.313934 -0.206360 0.355011
v -0.313965 -0.468323 -0.011944
v -0.314087 -0.059235 0.286713
v -0.314087 -0.191101 0.063118
v -0.314209 -0.388947 0.347748
v -0.314240 -0.108887 -0.259674
v -0.314240 -0.466278 0.029329
v -0.314270 -0.190048 0.050205
v -0.314331 -0.061974 -0.301392
v -0.314545 -0.423462 -0.229568
v -0.314545 -0.499695 0.354492
v -0.314575 -0.465363 -0.033405
v -0.314697 -0.181717 0.063477
v -0.314850 -0.129547 -0.334656
v -0.314850 -0.156830 -0.238754
v -0.314941 -0.254974 0.343872
v -0.314972 -0.182678 0.057884
v -0.314972 -0.499573 -0.354034
v -0.315094 -0.461212 0.034298
v -0.315277 -0.200027 0.232773
v -0.315399 -0.194565 -0.231064
v -0.315399 -0.441040 0.041370
v -0.316071 -0.186569 0.046864
v -0.316162 -0.141571 0.222961
v -0.316376 -0.186310 -0.060215
v -0.316406 -0.195618 0.222870
v -0.316437 -0.185989 0.061665
v -0.316895 -0.402588 -0.347504
v -0.316956 -0.187012 -0.065712
v -0.316986 -0.187943 -0.050148
v -0.317169 -0.448975 -0.354980
v -0.317291 -0.441925 0.348480
v -0.317383 -0.187729 0.066566
v -0.317413 -0.154175 -0.229752
v -0.317505 -0.140060 -0.220795
v -0.317535 -0.458771 -0.223541
v -0.317596 -0.469360 -0.356659
v -0.317627 -0.187927 0.056671
v -0.317749 -0.097343 0.267212
v -0.317749 -0.142853 -0.365143
v -0.317871 -0.154129 -0.352112
v -0.318054 -0.152145 -0.222778
v -0.318085 -0.356842 -0.235413
v -0.318146 -0.499908 0.255219
v -0.318237 -0.108505 -0.323669
v -0.318542 -0.194016 -0.353210
v -0.318634 -0.433472 -0.047092
v -0.318878 -0.143402 0.254181
v -0.319061 -0.191925 0.363403
v -0.319275 -0.482452 0.053795
v -0.319427 -0.193039 0.350922
v -0.319427 -0.483826 0.354645
v -0.319641 -0.141724 0.362823
v -0.319672 -0.154556 0.221573
v -0.320770 -0.138733 -0.354218
v -0.320892 -0.442047 -0.044380
v -0.321075 -0.228134 -0.340637
v -0.321411 -0.193268 -0.361145
v -0.321564 -0.469482 -0.008544
v -0.321625 -0.462952 0.355743
v -0.321777 -0.202957 -0.344360
v -0.321838 -0.211227 -0.238770
v -0.322052 -0.156876 -0.329254
v -0.322296 -0.487274 -0.051765
v -0.322327 -0.436737 0.049038
v -0.322418 -0.430298 0.345917
v -0.322510 -0.444031 0.351257
v -0.322845 -0.481567 -0.226456
v -0.322906 -0.192902 0.233246
v -0.322906 -0.335602 -0.341980
v -0.323212 -0.290405 0.241165
v -0.323364 -0.138870 0.349060
v -0.323364 -0.232971 -0.242859
v -0.324127 -0.202759 0.344696
v -0.324127 -0.472534 0.016222
v -0.324249 -0.473663 -0.025675
v -0.324585 -0.161438 0.223373
v -0.325012 -0.190460 -0.223358
v -0.325439 -0.195328 -0.232544
v -0.325684 -0.156769 0.325806
v -0.325775 -0.450745 0.228821
v -0.325836 -0.128525 0.326019
v -0.325958 -0.455078 -0.053978
v -0.325989 -0.138290 -0.259613
v -0.326019 -0.212082 0.239807
v -0.326355 -0.383575 0.238663
v -0.326569 -0.153183 0.348907
v -0.326752 -0.156815 -0.260193
v -0.326935 -0.457428 0.051502
v -0.326996 -0.499908 -0.252960
v -0.327026 -0.152985 0.234406
v -0.327057 -0.135544 -0.324341
v -0.327118 -0.139252 0.233780
v -0.327209 -0.483887 0.228333
v -0.327240 -0.143814 -0.234543
v -0.327332 -0.154602 -0.234253
v -0.327423 -0.229416 0.335968
v -0.327637 -0.499969 -0.048725
v -0.327911 -0.264069 -0.244919
v -0.328125 -0.472656 -0.033760
v -0.328156 -0.473328 0.033180
v -0.328247 -0.102676 0.304199
v -0.328278 -0.500000 -0.026634
v -0.328339 -0.195923 -0.348938
v -0.328430 -0.148392 -0.350281
v -0.328552 -0.446747 -0.230225
v -0.328705 -0.441772 0.054550
v -0.328735 -0.190598 0.356659
v -0.328766 -0.128479 0.261078
v -0.329346 -0.210587 -0.245590
v -0.329407 -0.156891 0.263489
v -0.329620 -0.155487 -0.349915
v -0.329681 -0.193039 0.228500
v -0.329865 -0.100616 -0.290070
v -0.329865 -0.282745 -0.334015
v -0.329865 -0.499756 -0.228790
v -0.329987 -0.442535 -0.344604
v -0.330078 -0.142838 0.319336
v -0.330170 -0.256287 0.334045
v -0.330322 -0.443451 -0.039158
v -0.330444 -0.206528 -0.237823
v -0.330688 -0.123291 -0.268921
v -0.330719 -0.209229 0.340698
v -0.330811 -0.213043 -0.337891
v -0.330902 -0.202118 0.243866
v -0.330902 -0.463684 -0.033871
v -0.331329 -0.499573 0.229553
v -0.331543 -0.144180 0.266937
v -0.331665 -0.146423 -0.226196
v -0.331696 -0.141266 0.355988
v -0.331696 -0.464813 -0.046680
v -0.331787 -0.142212 0.225693
v -0.331970 -0.225311 0.249817
v -0.332123 -0.434570 -0.036041
v -0.332275 -0.500000 0.028780
v -0.332489 -0.442200 -0.239227
v -0.332489 -0.474792 0.011938
v -0.333038 -0.357666 0.335388
v -0.333099 -0.161011 -0.227280
v -0.333221 -0.298676 0.333344
v -0.333344 -0.322723 -0.248428
v -0.333405 -0.462189 0.345215
v -0.333496 -0.142395 -0.357635
v -0.333496 -0.474884 -0.023226
v -0.333527 -0.484894 -0.351898
v -0.333740 -0.274719 0.326782
v -0.334198 -0.191284 -0.355774
v -0.334229 -0.447571 0.035763
v -0.334412 -0.125702 -0.312775
v -0.334412 -0.279846 -0.319122
v -0.334442 -0.415375 0.242722
v -0.334442 -0.419800 0.337036
v -0.334473 -0.296875 -0.320923
v -0.334473 -0.405121 -0.244141
v -0.334473 -0.480255 -0.017071
v -0.334534 -0.295349 0.321289
v -0.335022 -0.446442 -0.034126
v -0.335052 -0.255005 0.252350
v -0.335144 -0.180237 0.227936
v -0.335236 -0.304016 -0.330780
v -0.335266 -0.155365 0.352905
v -0.335266 -0.462677 0.033463
v -0.335327 -0.156540 -0.306641
v -0.335358 -0.193726 -0.339478
v -0.335419 -0.190750 0.239746
v -0.335480 -0.221756 -0.328583
v -0.335510 -0.257416 -0.326477
v -0.335571 -0.217926 -0.252106
v -0.335632 -0.140335 -0.227402
v -0.335632 -0.499695 -0.351105
v -0.335693 -0.192581 -0.239075
v -0.335785 -0.491455 0.351349
v -0.335907 -0.499725 0.350800
v -0.336090 -0.146637 0.300690
v -0.336182 -0.480225 0.043949
v -0.336212 -0.158005 -0.353943
v -0.336243 -0.139420 -0.340149
v -0.336304 -0.155777 0.244797
v -0.336426 -0.145218 -0.301788
v -0.336517 -0.199768 -0.347137
v -0.336578 -0.145081 -0.276520
v -0.336578 -0.486420 -0.043987
v -0.336609 -0.445892 0.340302
v -0.336609 -0.498596 0.043591
v -0.336700 -0.448425 -0.048794
v -0.337067 -0.479492 -0.034122
v -0.337158 -0.194092 0.233826
v -0.337311 -0.198380 0.347809
v -0.337311 -0.420044 -0.334320
v -0.337402 -0.139633 0.293579
v -0.337433 -0.296326 0.265839
v -0.337616 -0.480194 0.025024
v -0.337646 -0.156631 0.298798
v -0.337708 -0.147339 -0.245911
v -0.337708 -0.192535 0.335907
v -0.337738 -0.499878 -0.307373
v -0.337860 -0.142593 0.246307
v -0.337860 -0.156860 0.281677
v -0.337921 -0.448792 -0.039520
v -0.338074 -0.130692 0.306915
v -0.338135 -0.126816 0.282837
v -0.338226 -0.203903 -0.331299
v -0.338226 -0.439209 -0.038521
v -0.338257 -0.178574 0.353668
v -0.338257 -0.268860 -0.267151
v -0.338287 -0.469452 -0.239151
v -0.338318 -0.473633 0.239212
v -0.338379 -0.283600 -0.262604
v -0.338409 -0.279907 0.266815
v -0.338470 -0.156891 -0.282837
v -0.338501 -0.152618 -0.341888
v -0.338623 -0.138657 -0.242096
v -0.338684 -0.191177 -0.231216
v -0.338989 -0.197006 -0.248337
v -0.339020 -0.268951 0.320282
v -0.339111 -0.138702 0.237488
v -0.339172 -0.296295 -0.269562
v -0.339294 -0.142883 0.339355
v -0.339355 -0.155182 0.341675
v -0.339508 -0.127045 -0.293030
v -0.339508 -0.193878 0.248337
v -0.339722 -0.265808 -0.258423
v -0.339752 -0.445099 -0.034523
v -0.339844 -0.216766 0.325348
v -0.339874 -0.296692 0.272888
v -0.340118 -0.345154 0.254974
v -0.340393 -0.216110 -0.258545
v -0.340912 -0.191299 0.343292
v -0.341064 -0.298676 0.322723
v -0.341400 -0.298218 -0.260406
v -0.341583 -0.219025 0.262115
v -0.341614 -0.156387 -0.328247
v -0.341766 -0.178299 -0.350922
v -0.341949 -0.205017 0.251709
v -0.342163 -0.467010 -0.044331
v -0.342194 -0.298035 0.260559
v -0.342377 -0.216904 -0.319550
v -0.342499 -0.472107 0.043594
v -0.342621 -0.461853 -0.033688
v -0.342651 -0.244354 0.316803
v -0.342712 -0.455902 -0.039341
v -0.342712 -0.455902 -0.039341
v -0.342804 -0.422180 0.252441
v -0.343140 -0.193695 -0.332428
v -0.343353 -0.354980 -0.323883
v -0.343384 -0.274292 -0.318024
v -0.343384 -0.280243 0.318146
v -0.343445 -0.457855 -0.336700
v -0.343719 -0.280243 -0.272491
v -0.343781 -0.476288 0.341400
v -0.343964 -0.143661 0.233826
v -0.344055 -0.477356 0.033680
v -0.344116 -0.237106 -0.267761
v -0.344177 -0.482208 -0.003122
v -0.344208 -0.154755 -0.253448
v -0.344208 -0.316193 0.318359
v -0.344330 -0.266815 0.269684
v -0.344360 -0.210205 -0.266205
v -0.344421 -0.207199 -0.253326
v -0.344452 -0.457855 0.034576
v -0.344482 -0.142365 0.347900
v -0.344482 -0.481781 -0.037483
v -0.344574 -0.194061 -0.261475
v -0.344635 -0.461426 0.044418
v -0.344666 -0.155624 0.329468
v -0.345398 -0.455017 0.042877
v -0.345520 -0.155548 -0.347717
v -0.345551 -0.499634 0.246140
v -0.345581 -0.156860 0.269135
v -0.345612 -0.195938 0.256866
v -0.345673 -0.141846 -0.346588
v -0.345734 -0.192200 0.241608
v -0.345795 -0.266113 -0.270538
v -0.345947 -0.298065 -0.314484
v -0.346039 -0.196945 -0.253693
v -0.346130 -0.483154 0.036118
v -0.346191 -0.155441 0.347137
v -0.346283 -0.296478 0.270905
v -0.346313 -0.463898 0.038433
v -0.346375 -0.189560 0.346741
v -0.346649 -0.499664 0.328796
v -0.346863 -0.190308 -0.345459
v -0.346924 -0.156616 0.309753
v -0.346985 -0.139969 -0.331848
v -0.346985 -0.141586 -0.254395
v -0.347046 -0.222824 0.274811
v -0.347076 -0.192886 -0.242111
v -0.347107 -0.225006 -0.308167
v -0.347107 -0.322266 -0.268982
v -0.347137 -0.427002 -0.259705
v -0.347260 -0.445007 -0.252655
v -0.347321 -0.206818 -0.326660
v -0.347382 -0.447571 0.250671
v -0.347504 -0.499634 -0.326935
v -0.347534 -0.471344 -0.337158
v -0.347809 -0.200623 0.266724
v -0.347839 -0.214279 0.312286
v -0.347839 -0.382568 -0.266632
v -0.347931 -0.141953 0.253693
v -0.347931 -0.238785 0.300079
v -0.347992 -0.482727 0.042576
v -0.348022 -0.199768 0.330200
v -0.348267 -0.298218 -0.271515
v -0.348480 -0.485107 -0.327209
v -0.348572 -0.194321 -0.320404
v -0.348602 -0.459747 -0.034931
v -0.348724 -0.196915 0.319000
v -0.348846 -0.225952 -0.288788
v -0.348877 -0.281830 0.301514
v -0.348877 -0.372589 0.314362
v -0.348938 -0.155243 0.252136
v -0.348999 -0.261108 -0.291199
v -0.349091 -0.267303 0.283325
v -0.349152 -0.343445 0.273163
v -0.349152 -0.429901 0.317810
v -0.349152 -0.484589 0.326324
v -0.349182 -0.213867 -0.276306
v -0.349182 -0.483398 -0.035290
v -0.349365 -0.225128 0.286285
v -0.349518 -0.473267 -0.039326
v -0.349579 -0.200638 -0.313446
v -0.349792 -0.156494 -0.302490
v -0.349915 -0.475067 0.035862
v -0.349915 -0.483826 0.250610
v -0.350220 -0.166595 -0.240906
v -0.350281 -0.459839 -0.044029
v -0.350311 -0.212952 -0.312073
v -0.350372 -0.453369 -0.038754
v -0.350830 -0.190186 -0.256134
v -0.350830 -0.213165 0.270386
v -0.350861 -0.498596 -0.255859
v -0.351074 -0.212540 -0.269958
v -0.351074 -0.435333 -0.316986
v -0.351074 -0.474884 -0.034752
v -0.351105 -0.362488 -0.305573
v -0.351135 -0.204514 -0.305420
v -0.351135 -0.443207 0.315643
v -0.351227 -0.138794 0.331940
v -0.351227 -0.416687 0.270905
v -0.351501 -0.191040 0.260834
v -0.351562 -0.347534 0.296753
v -0.351654 -0.205399 0.282715
v -0.351746 -0.204773 0.302521
v -0.351776 -0.343475 -0.285583
v -0.351959 -0.201599 0.273956
v -0.352234 -0.152084 0.321625
v -0.352234 -0.486145 -0.254669
v -0.352356 -0.452057 0.037632
v -0.352417 -0.474030 0.041340
v -0.352448 -0.170181 0.243988
v -0.352478 -0.442780 0.269684
v -0.352631 -0.195801 -0.264496
v -0.352661 -0.448029 -0.036522
v -0.352936 -0.143051 -0.318726
v -0.353088 -0.191620 0.337982
v -0.353241 -0.194717 -0.335419
v -0.353271 -0.462463 0.044136
v -0.353333 -0.207138 -0.287323
v -0.353394 -0.193192 -0.248260
v -0.353546 -0.139221 0.268250
v -0.353882 -0.484161 0.034527
v -0.353943 -0.411133 0.298279
v -0.354187 -0.210800 0.292542
v -0.354248 -0.450562 -0.041630
v -0.354279 -0.141830 -0.246170
v -0.354309 -0.171707 -0.337158
v -0.354462 -0.447083 0.324524
v -0.354492 -0.462860 -0.257172
v -0.354584 -0.475708 0.266327
v -0.354675 -0.425903 -0.286377
v -0.354950 -0.155533 -0.266541
v -0.354980 -0.190933 0.248932
v -0.355255 -0.486908 -0.042316
v -0.355316 -0.487183 -0.020321
v -0.355377 -0.483337 0.039726
v -0.355469 -0.143234 -0.267273
v -0.355469 -0.151733 0.266815
v -0.355469 -0.476013 -0.040791
v -0.355469 -0.487762 0.014240
v -0.355560 -0.142136 0.336945
v -0.355652 -0.142365 0.319580
v -0.355713 -0.193268 0.300385
v -0.355774 -0.156219 0.287720
v -0.355927 -0.443817 -0.272491
v -0.355957 -0.154907 -0.251465
v -0.355988 -0.143997 0.247955
v -0.356262 -0.459961 -0.032871
v -0.356354 -0.446228 0.265411
v -0.356354 -0.461639 0.258118
v -0.356415 -0.146530 0.288574
v -0.356537 -0.458130 0.033691
v -0.356598 -0.483337 -0.036407
v -0.357056 -0.478088 -0.276520
v -0.357178 -0.500000 -0.042648
v -0.357269 -0.194870 -0.273102
v -0.357269 -0.489929 -0.033821
v -0.357300 -0.443146 0.284851
v -0.357330 -0.155502 -0.317596
v -0.357330 -0.460266 0.326416
v -0.357361 -0.200058 0.312378
v -0.357361 -0.499817 0.285675
v -0.357574 -0.191910 -0.328979
v -0.357574 -0.468781 0.036320
v -0.357605 -0.454712 -0.036922
v -0.357819 -0.152176 -0.295563
v -0.357819 -0.197479 -0.314880
v -0.357819 -0.489349 0.266357
v -0.357971 -0.468079 -0.035961
v -0.357971 -0.479126 -0.308655
v -0.358002 -0.480438 0.298828
v -0.358063 -0.201569 -0.307220
v -0.358063 -0.443909 0.303558
v -0.358124 -0.445923 -0.303711
v -0.358124 -0.455902 -0.323853
v -0.358215 -0.461273 0.314850
v -0.358215 -0.461823 -0.042290
v -0.358246 -0.155991 0.256042
v -0.358429 -0.191940 -0.281982
v -0.358490 -0.459045 -0.284821
v -0.358490 -0.460449 0.272186
v -0.358551 -0.138626 0.283051
v -0.358704 -0.143158 0.303314
v -0.358734 -0.192047 -0.302338
v -0.358734 -0.196457 0.263916
v -0.358765 -0.457886 0.041260
v -0.359100 -0.138535 -0.284027
v -0.359192 -0.193176 0.282654
v -0.359314 -0.141220 -0.331604
v -0.359467 -0.175201 0.328522
v -0.359650 -0.197235 -0.264313
v -0.360016 -0.490265 -0.273651
v -0.360168 -0.155426 0.304138
v -0.360291 -0.498627 0.304199
v -0.360382 -0.498932 -0.296295
v -0.360413 -0.189621 -0.255920
v -0.360626 -0.488464 0.042564
v -0.360931 -0.190109 -0.321472
v -0.361115 -0.142059 -0.303711
v -0.361115 -0.190018 0.325928
v -0.361847 -0.190277 0.258606
v -0.362213 -0.159058 -0.323792
v -0.362335 -0.143509 -0.321411
v -0.362335 -0.198517 -0.286285
v -0.362579 -0.493225 0.290100
v -0.362640 -0.192139 0.271851
v -0.362915 -0.198257 0.284943
v -0.363159 -0.160843 -0.261597
v -0.363159 -0.491333 0.031864
v -0.363281 -0.151672 0.321899
v -0.363373 -0.500000 0.042183
v -0.363739 -0.139847 0.323120
v -0.364288 -0.139923 0.262817
v -0.364410 -0.151993 0.264038
v -0.364471 -0.489136 -0.034134
v -0.364777 -0.191360 -0.273468
v -0.364990 -0.179520 0.265381
v -0.365265 -0.492554 -0.000927
v -0.365417 -0.185837 -0.266724
v -0.366119 -0.188431 0.306915
v -0.366394 -0.157501 0.308777
v -0.366486 -0.179337 -0.312561
v -0.366547 -0.484070 0.036274
v -0.366608 -0.191818 -0.308716
v -0.366882 -0.142365 -0.270172
v -0.367188 -0.191849 -0.295807
v -0.367310 -0.156891 -0.308716
v -0.367371 -0.192352 0.293671
v -0.367767 -0.494537 -0.031937
v -0.368774 -0.140839 0.274750
v -0.368774 -0.484161 -0.036449
v -0.368896 -0.189392 0.280518
v -0.368958 -0.155212 -0.288849
v -0.369110 -0.163605 0.287628
v -0.369324 -0.190430 -0.284912
v -0.369476 -0.180923 -0.292999
v -0.369690 -0.142899 -0.304657
v -0.369720 -0.141800 0.300385
v -0.372467 -0.497070 0.033241
v -0.372681 -0.484467 -0.042641
v -0.374084 -0.496246 0.007069
v -0.375702 -0.499908 -0.014765
v -0.376862 -0.494568 -0.033836
v -0.377319 -0.496552 -0.042561
v -0.377533 -0.485016 -0.035572
v -0.377930 -0.496246 0.041653
v -0.378113 -0.487610 0.035145
v -0.378235 -0.485138 0.042488
vt 0.080811 0.258789
vt 0.084473 0.255371
vt 0.088623 0.257568
vt 0.090576 0.252197
vt 0.086914 0.251953
vt 0.082520 0.252197
vt 0.087158 0.248779
vt 0.091553 0.248291
vt 0.079590 0.249268
vt 0.091553 0.244385
vt 0.094482 0.254395
vt 0.088623 0.263672
vt 0.075684 0.256348
vt 0.074951 0.265137
vt 0.094727 0.265625
vt 0.088135 0.273682
vt 0.097412 0.256348
vt 0.095703 0.248291
vt 0.101562 0.260010
vt 0.099854 0.252686
vt 0.099365 0.249268
vt 0.095215 0.271484
vt 0.105957 0.251709
vt 0.114746 0.248047
vt 0.100342 0.273682
vt 0.103760 0.249756
vt 0.108643 0.248535
vt 0.102295 0.245605
vt 0.106445 0.246826
vt 0.107910 0.244873
vt 0.108887 0.242676
vt 0.099854 0.242188
vt 0.111572 0.237305
vt 0.100098 0.238525
vt 0.110352 0.231689
vt 0.120605 0.221924
vt 0.123779 0.228760
vt 0.114746 0.223877
vt 0.105469 0.234131
vt 0.095703 0.237305
vt 0.084473 0.239746
vt 0.099121 0.230469
vt 0.109863 0.228760
vt 0.108154 0.231201
vt 0.105469 0.230225
vt 0.107666 0.226807
vt 0.108887 0.224854
vt 0.106934 0.222656
vt 0.104980 0.226074
vt 0.099365 0.218506
vt 0.090820 0.227051
vt 0.091064 0.234131
vt 0.082275 0.229248
vt 0.088623 0.211914
vt 0.081543 0.235840
vt 0.077393 0.230225
vt 0.073242 0.209229
vt 0.079102 0.239014
vt 0.074463 0.241455
vt 0.076172 0.234131
vt 0.075684 0.238770
vt 0.073242 0.233643
vt 0.071777 0.228516
vt 0.064209 0.218262
vt 0.068359 0.239502
vt 0.063965 0.234619
vt 0.062256 0.227783
vt 0.052979 0.212891
vt 0.052246 0.224609
vt 0.045410 0.212646
vt 0.054932 0.230713
vt 0.046875 0.226074
vt 0.038086 0.221191
vt 0.046143 0.231689
vt 0.039307 0.228027
vt 0.058350 0.236572
vt 0.051270 0.238037
vt 0.040283 0.236328
vt 0.044678 0.240723
vt 0.058838 0.242188
vt 0.048828 0.241699
vt 0.041992 0.243652
vt 0.064209 0.246826
vt 0.045166 0.246094
vt 0.041504 0.253174
vt 0.055908 0.244629
vt 0.060303 0.247559
vt 0.049072 0.245117
vt 0.054932 0.247070
vt 0.047852 0.247803
vt 0.052490 0.249268
vt 0.056152 0.250244
vt 0.056885 0.255615
vt 0.060791 0.254395
vt 0.051270 0.264648
vt 0.064941 0.263428
vt 0.043701 0.265137
vt 0.041504 0.266602
vt 0.064209 0.252930
vt 0.046631 0.269775
vt 0.042236 0.276855
vt 0.066406 0.250000
vt 0.068115 0.252197
vt 0.072510 0.247559
vt 0.071777 0.252930
vt 0.068115 0.255371
vt 0.067139 0.272461
vt 0.059326 0.271973
vt 0.074951 0.272461
vt 0.054932 0.272461
vt 0.063232 0.276367
vt 0.060303 0.277832
vt 0.064941 0.283691
vt 0.056396 0.280762
vt 0.069824 0.276611
vt 0.050049 0.271973
vt 0.052002 0.274658
vt 0.049805 0.275146
vt 0.052734 0.278564
vt 0.048096 0.282715
vt 0.045410 0.285400
vt 0.051758 0.297852
vt 0.061768 0.290527
vt 0.066162 0.302490
vt 0.076416 0.291504
vt 0.067627 0.285645
vt 0.072754 0.283203
vt 0.073242 0.278320
vt 0.076660 0.280273
vt 0.081543 0.300781
vt 0.079102 0.280762
vt 0.081787 0.273193
vt 0.081299 0.288086
vt 0.082764 0.278564
vt 0.086182 0.276855
vt 0.085938 0.281738
vt 0.089355 0.289062
vt 0.089355 0.279785
vt 0.092041 0.276855
vt 0.090332 0.297119
vt 0.088379 0.322021
vt 0.098389 0.292969
vt 0.096191 0.285400
vt 0.100586 0.282227
vt 0.093750 0.280273
vt 0.095215 0.274902
vt 0.096680 0.278564
vt 0.098389 0.275146
vt 0.923340 0.581787
vt 0.917236 0.573975
vt 0.923096 0.577148
vt 0.920654 0.573486
vt 0.924316 0.574951
vt 0.926270 0.576904
vt 0.924805 0.571533
vt 0.920410 0.571533
vt 0.927490 0.567627
vt 0.917480 0.570068
vt 0.921143 0.566650
vt 0.913818 0.569336
vt 0.907959 0.576660
vt 0.902588 0.581055
vt 0.899170 0.576904
vt 0.901367 0.570557
vt 0.912354 0.563232
vt 0.918945 0.562500
vt 0.900635 0.562012
vt 0.907959 0.556641
vt 0.900879 0.545654
vt 0.912109 0.558594
vt 0.915283 0.559082
vt 0.912354 0.554199
vt 0.915283 0.553955
vt 0.918457 0.551758
vt 0.913574 0.550049
vt 0.911133 0.549805
vt 0.907959 0.546875
vt 0.914307 0.546875
vt 0.921875 0.547119
vt 0.910645 0.542236
vt 0.901123 0.535400
vt 0.895752 0.535156
vt 0.898926 0.529297
vt 0.910156 0.523438
vt 0.910400 0.532227
vt 0.913086 0.536377
vt 0.915527 0.537842
vt 0.918945 0.535400
vt 0.922119 0.537842
vt 0.917480 0.530762
vt 0.917969 0.526855
vt 0.920410 0.531006
vt 0.924316 0.530273
vt 0.928467 0.530029
vt 0.919434 0.522705
vt 0.917236 0.517334
vt 0.930176 0.537109
vt 0.927002 0.546387
vt 0.927246 0.555908
vt 0.936035 0.527344
vt 0.941406 0.517578
vt 0.931641 0.518311
vt 0.930664 0.564697
vt 0.933838 0.570557
vt 0.938965 0.570801
vt 0.941162 0.580322
vt 0.933838 0.577637
vt 0.937012 0.585205
vt 0.929688 0.580811
vt 0.927979 0.578369
vt 0.925537 0.583740
vt 0.929932 0.516357
vt 0.933594 0.513916
vt 0.923584 0.512695
vt 0.928711 0.522461
vt 0.927490 0.517090
vt 0.924316 0.519531
vt 0.921875 0.519287
vt 0.924316 0.524658
vt 0.484131 0.098877
vt 0.493652 0.090088
vt 0.487061 0.100342
vt 0.496338 0.098633
vt 0.480957 0.105713
vt 0.490234 0.102539
vt 0.480957 0.100342
vt 0.479980 0.095459
vt 0.484863 0.104736
vt 0.494141 0.106201
vt 0.504150 0.106689
vt 0.487549 0.106201
vt 0.490234 0.107422
vt 0.498047 0.108398
vt 0.504883 0.112305
vt 0.490234 0.110840
vt 0.485840 0.111084
vt 0.480957 0.117188
vt 0.488770 0.116211
vt 0.494873 0.111328
vt 0.495605 0.115234
vt 0.500244 0.113770
vt 0.477295 0.108154
vt 0.470947 0.111328
vt 0.477783 0.102539
vt 0.471436 0.104248
vt 0.477539 0.098877
vt 0.475586 0.097412
vt 0.474609 0.095215
vt 0.470215 0.099854
vt 0.472656 0.094238
vt 0.471191 0.089111
vt 0.470947 0.094727
vt 0.470459 0.088623
vt 0.466797 0.094971
vt 0.476074 0.125977
vt 0.479736 0.127686
vt 0.491211 0.124512
vt 0.466553 0.146240
vt 0.475098 0.144775
vt 0.496826 0.118652
vt 0.484863 0.132568
vt 0.499512 0.125244
vt 0.503418 0.114502
vt 0.507812 0.115723
vt 0.503418 0.117432
vt 0.505859 0.121582
vt 0.511963 0.118896
vt 0.508545 0.124512
vt 0.511230 0.127197
vt 0.504639 0.129395
vt 0.494141 0.134766
vt 0.510742 0.130859
vt 0.515137 0.129395
vt 0.500977 0.137695
vt 0.512207 0.134766
vt 0.520752 0.132324
vt 0.519531 0.135742
vt 0.508301 0.138672
vt 0.498779 0.149902
vt 0.489990 0.148926
vt 0.485596 0.145020
vt 0.476562 0.154297
vt 0.486816 0.140137
vt 0.479492 0.148926
vt 0.482910 0.139648
vt 0.479980 0.146484
vt 0.466309 0.163086
vt 0.949463 0.516602
vt 0.950439 0.522705
vt 0.942383 0.530762
vt 0.949951 0.529541
vt 0.951904 0.526367
vt 0.955078 0.525879
vt 0.953857 0.528320
vt 0.957520 0.534424
vt 0.953369 0.531494
vt 0.951904 0.533936
vt 0.949219 0.537842
vt 0.940674 0.543457
vt 0.956543 0.539062
vt 0.950195 0.543457
vt 0.949463 0.557129
vt 0.939697 0.550537
vt 0.941650 0.555420
vt 0.945312 0.560303
vt 0.962891 0.543945
vt 0.969727 0.548828
vt 0.966309 0.536865
vt 0.975098 0.549316
vt 0.981934 0.562256
vt 0.951660 0.567383
vt 0.945312 0.567383
vt 0.948242 0.571533
vt 0.953857 0.574219
vt 0.957764 0.580322
vt 0.952637 0.577393
vt 0.962891 0.572266
vt 0.967041 0.581299
vt 0.962158 0.561035
vt 0.976074 0.572754
vt 0.970947 0.568604
vt 0.966309 0.563721
vt 0.974365 0.568359
vt 0.978027 0.565186
vt 0.979736 0.570801
vt 0.971436 0.563477
vt 0.974609 0.565430
vt 0.972900 0.560303
vt 0.967529 0.560547
vt 0.974121 0.557617
vt 0.967529 0.555664
vt 0.963623 0.549805
vt 0.960449 0.555664
vt 0.958740 0.544189
vt 0.961426 0.550537
vt 0.959717 0.551270
vt 0.955811 0.549316
vt 0.958008 0.547852
vt 0.955078 0.543945
vt 0.780518 0.659912
vt 0.787109 0.655518
vt 0.790283 0.660156
vt 0.777588 0.669434
vt 0.768555 0.656738
vt 0.799561 0.663818
vt 0.774170 0.650391
vt 0.799561 0.654297
vt 0.791260 0.645020
vt 0.767334 0.652344
vt 0.756592 0.655762
vt 0.757324 0.650879
vt 0.760742 0.643311
vt 0.769775 0.639893
vt 0.780762 0.640625
vt 0.777100 0.634521
vt 0.787354 0.634521
vt 0.784912 0.630371
vt 0.792480 0.627441
vt 0.798096 0.636230
vt 0.806641 0.625488
vt 0.806152 0.640381
vt 0.810059 0.636475
vt 0.821289 0.629883
vt 0.815918 0.607178
vt 0.819336 0.638184
vt 0.829834 0.601318
vt 0.806396 0.647217
vt 0.833252 0.629150
vt 0.840088 0.606201
vt 0.830566 0.638672
vt 0.842285 0.634277
vt 0.851318 0.612061
vt 0.856934 0.586670
vt 0.846680 0.637939
vt 0.836426 0.645752
vt 0.844971 0.649658
vt 0.838623 0.659668
vt 0.828125 0.641846
vt 0.825195 0.654053
vt 0.828125 0.666016
vt 0.815186 0.665039
vt 0.815430 0.655518
vt 0.809082 0.657959
vt 0.815186 0.687500
vt 0.627197 0.973633
vt 0.627197 0.980469
vt 0.621582 0.978271
vt 0.514404 0.789795
vt 0.520508 0.798584
vt 0.516602 0.800049
vt 0.530273 0.789795
vt 0.525635 0.807373
vt 0.506592 0.792969
vt 0.531738 0.802734
vt 0.523193 0.818359
vt 0.535400 0.809082
vt 0.503662 0.803955
vt 0.532715 0.811768
vt 0.538574 0.797119
vt 0.519775 0.780518
vt 0.509766 0.782715
vt 0.545898 0.815186
vt 0.503662 0.783691
vt 0.539551 0.818604
vt 0.543945 0.808105
vt 0.545166 0.800781
vt 0.555420 0.809082
vt 0.555908 0.822510
vt 0.558838 0.812744
vt 0.559814 0.805420
vt 0.552734 0.797607
vt 0.547607 0.826416
vt 0.545654 0.832764
vt 0.551758 0.829346
vt 0.527344 0.847900
vt 0.499268 0.826904
vt 0.480469 0.839111
vt 0.491699 0.802979
vt 0.548828 0.844482
vt 0.495361 0.793701
vt 0.493408 0.797119
vt 0.491211 0.786865
vt 0.501465 0.791504
vt 0.498779 0.781250
vt 0.495117 0.781006
vt 0.494629 0.766113
vt 0.501465 0.761475
vt 0.493896 0.740723
vt 0.502441 0.772461
vt 0.507812 0.775635
vt 0.507568 0.766846
vt 0.516357 0.772461
vt 0.515137 0.766357
vt 0.522461 0.774414
vt 0.531006 0.779541
vt 0.526855 0.773682
vt 0.513916 0.757324
vt 0.539551 0.788330
vt 0.545654 0.792480
vt 0.545898 0.789795
vt 0.527100 0.759277
vt 0.540039 0.779541
vt 0.540527 0.761963
vt 0.551514 0.788086
vt 0.546387 0.743896
vt 0.560059 0.789551
vt 0.560791 0.773193
vt 0.555664 0.762695
vt 0.563477 0.735840
vt 0.579346 0.749023
vt 0.577881 0.775635
vt 0.586182 0.749268
vt 0.568115 0.800293
vt 0.591553 0.773438
vt 0.582275 0.786377
vt 0.580566 0.800293
vt 0.564941 0.804688
vt 0.573486 0.815186
vt 0.584961 0.811768
vt 0.567627 0.810547
vt 0.569580 0.823242
vt 0.577881 0.819824
vt 0.586182 0.820068
vt 0.578369 0.829590
vt 0.575928 0.822754
vt 0.563477 0.830078
vt 0.570801 0.828857
vt 0.554443 0.835693
vt 0.559570 0.838623
vt 0.565674 0.841309
vt 0.553467 0.850342
vt 0.561279 0.848877
vt 0.559082 0.859131
vt 0.573242 0.847900
vt 0.584229 0.837402
vt 0.579102 0.854736
vt 0.564697 0.856934
vt 0.567139 0.864502
vt 0.580322 0.861572
vt 0.561523 0.867188
vt 0.588623 0.861084
vt 0.593018 0.869873
vt 0.583252 0.868652
vt 0.575928 0.878418
vt 0.582520 0.879639
vt 0.567383 0.874023
vt 0.564941 0.876465
vt 0.573975 0.890381
vt 0.570557 0.894531
vt 0.629883 0.028564
vt 0.634033 0.035645
vt 0.630127 0.032959
vt 0.626465 0.029785
vt 0.627930 0.034424
vt 0.626709 0.024414
vt 0.634033 0.017090
vt 0.622070 0.027100
vt 0.620117 0.031738
vt 0.618164 0.031982
vt 0.623291 0.024170
vt 0.618896 0.022949
vt 0.622070 0.019287
vt 0.614502 0.015381
vt 0.618164 0.013428
vt 0.626709 0.017334
vt 0.625732 0.012451
vt 0.620850 0.004883
vt 0.630127 0.010742
vt 0.630615 0.006104
vt 0.258301 0.979248
vt 0.254639 0.976318
vt 0.260254 0.974854
vt 0.607910 0.323730
vt 0.622070 0.326904
vt 0.631592 0.344238
vt 0.602783 0.331787
vt 0.615234 0.347168
vt 0.609619 0.314697
vt 0.640137 0.361084
vt 0.641357 0.340332
vt 0.624023 0.316162
vt 0.644531 0.333984
vt 0.610596 0.308838
vt 0.604736 0.314697
vt 0.608398 0.308838
vt 0.647217 0.345947
vt 0.614014 0.299805
vt 0.607178 0.301758
vt 0.625244 0.306885
vt 0.612793 0.293701
vt 0.605957 0.294434
vt 0.613281 0.289062
vt 0.603760 0.289062
vt 0.616699 0.295166
vt 0.622314 0.289795
vt 0.617432 0.297363
vt 0.624512 0.296631
vt 0.627441 0.285889
vt 0.642578 0.297852
vt 0.642822 0.290039
vt 0.647217 0.309814
vt 0.647705 0.321045
vt 0.647217 0.328125
vt 0.660889 0.328125
vt 0.666260 0.299316
vt 0.672607 0.312744
vt 0.639893 0.276855
vt 0.652344 0.282715
vt 0.673584 0.294678
vt 0.663574 0.277588
vt 0.674072 0.326904
vt 0.675781 0.308838
vt 0.680176 0.290527
vt 0.689453 0.283203
vt 0.678467 0.304199
vt 0.678711 0.307129
vt 0.685059 0.308105
vt 0.690430 0.306396
vt 0.697021 0.300293
vt 0.681152 0.311035
vt 0.680664 0.313965
vt 0.685303 0.314453
vt 0.693604 0.319580
vt 0.689209 0.324951
vt 0.701416 0.317139
vt 0.696533 0.329590
vt 0.700928 0.329834
vt 0.695068 0.335205
vt 0.702148 0.324463
vt 0.705322 0.324951
vt 0.704102 0.329834
vt 0.708740 0.330566
vt 0.707031 0.333008
vt 0.710449 0.327881
vt 0.712891 0.332275
vt 0.706299 0.335938
vt 0.710938 0.325439
vt 0.715576 0.328125
vt 0.711182 0.322021
vt 0.713623 0.324951
vt 0.715576 0.322754
vt 0.718018 0.320801
vt 0.708008 0.317139
vt 0.716553 0.317139
vt 0.722168 0.317871
vt 0.713867 0.311035
vt 0.717529 0.313721
vt 0.721924 0.314697
vt 0.721191 0.311768
vt 0.727295 0.309814
vt 0.719727 0.307373
vt 0.712891 0.303955
vt 0.708008 0.306641
vt 0.718750 0.302734
vt 0.706787 0.299316
vt 0.714600 0.301270
vt 0.711426 0.297607
vt 0.716553 0.299805
vt 0.718262 0.296631
vt 0.715820 0.296631
vt 0.718506 0.293457
vt 0.714844 0.294922
vt 0.713379 0.293701
vt 0.708496 0.290283
vt 0.700928 0.295166
vt 0.701416 0.289795
vt 0.704102 0.287598
vt 0.699463 0.290771
vt 0.697510 0.280518
vt 0.248291 0.457520
vt 0.247314 0.439209
vt 0.277344 0.444824
vt 0.261475 0.471191
vt 0.244385 0.473389
vt 0.236572 0.466064
vt 0.280762 0.474609
vt 0.299072 0.474121
vt 0.248779 0.478760
vt 0.247314 0.483398
vt 0.238525 0.481689
vt 0.244873 0.493408
vt 0.249756 0.480957
vt 0.254395 0.481689
vt 0.269287 0.482666
vt 0.255127 0.484375
vt 0.256836 0.492432
vt 0.266602 0.490234
vt 0.278076 0.492432
vt 0.260498 0.499023
vt 0.251709 0.502686
vt 0.258789 0.505615
vt 0.266357 0.498291
vt 0.266602 0.507080
vt 0.253174 0.515625
vt 0.275635 0.505127
vt 0.276611 0.524902
vt 0.281982 0.513672
vt 0.288086 0.529785
vt 0.285156 0.500244
vt 0.295654 0.506348
vt 0.299316 0.529541
vt 0.290771 0.487793
vt 0.302734 0.503906
vt 0.304688 0.526367
vt 0.301270 0.492920
vt 0.281006 0.481689
vt 0.291016 0.478516
vt 0.298340 0.479736
vt 0.304932 0.474609
vt 0.312500 0.480469
vt 0.328613 0.471924
vt 0.333252 0.478271
vt 0.342041 0.480469
vt 0.350098 0.469482
vt 0.329102 0.484375
vt 0.321777 0.486084
vt 0.316162 0.490479
vt 0.329346 0.486816
vt 0.306885 0.497314
vt 0.331055 0.491943
vt 0.335938 0.487061
vt 0.350098 0.488770
vt 0.331787 0.494629
vt 0.308594 0.500000
vt 0.313721 0.509521
vt 0.316895 0.534424
vt 0.351807 0.496094
vt 0.329834 0.499756
vt 0.334717 0.519775
vt 0.327881 0.533447
vt 0.334229 0.537354
vt 0.350586 0.517822
vt 0.362793 0.508789
vt 0.360596 0.522949
vt 0.361328 0.484619
vt 0.367920 0.500000
vt 0.375732 0.516602
vt 0.356934 0.471191
vt 0.359131 0.469238
vt 0.373047 0.523926
vt 0.364502 0.521240
vt 0.644043 0.352295
vt 0.650146 0.358643
vt 0.660400 0.360840
vt 0.656982 0.353271
vt 0.650146 0.354248
vt 0.664307 0.349854
vt 0.646729 0.350586
vt 0.651123 0.352051
vt 0.649658 0.348145
vt 0.654053 0.351562
vt 0.653809 0.346680
vt 0.662109 0.340088
vt 0.673096 0.343750
vt 0.671387 0.336182
vt 0.683105 0.344971
vt 0.658447 0.332520
vt 0.663330 0.334961
vt 0.661865 0.330566
vt 0.665771 0.333008
vt 0.668457 0.330322
vt 0.686279 0.340820
vt 0.686279 0.332031
vt 0.688477 0.350098
vt 0.686035 0.352051
vt 0.690918 0.342041
vt 0.691895 0.353516
vt 0.692627 0.356201
vt 0.695312 0.354980
vt 0.692139 0.350098
vt 0.694092 0.348633
vt 0.697510 0.349365
vt 0.697510 0.344971
vt 0.705811 0.342773
vt 0.693115 0.338379
vt 0.699707 0.341553
vt 0.701416 0.339600
vt 0.704102 0.338135
vt 0.700684 0.335938
vt 0.702148 0.333252
vt 0.573486 0.734619
vt 0.577881 0.728271
vt 0.578369 0.738770
vt 0.577637 0.734375
vt 0.581787 0.734131
vt 0.585938 0.728027
vt 0.592041 0.725098
vt 0.582764 0.727783
vt 0.582764 0.723877
vt 0.588379 0.713867
vt 0.581055 0.712646
vt 0.557861 0.720215
vt 0.583984 0.699707
vt 0.588867 0.699219
vt 0.580322 0.698730
vt 0.583740 0.696045
vt 0.568848 0.707275
vt 0.534424 0.740723
vt 0.539551 0.718506
vt 0.517578 0.739746
vt 0.507080 0.731201
vt 0.511719 0.715332
vt 0.533936 0.709717
vt 0.530273 0.703857
vt 0.544434 0.697021
vt 0.552734 0.691650
vt 0.551758 0.702637
vt 0.563477 0.696533
vt 0.564453 0.685059
vt 0.572021 0.687012
vt 0.572510 0.692871
vt 0.577637 0.696777
vt 0.578857 0.689941
vt 0.580811 0.691406
vt 0.581787 0.692383
vt 0.585449 0.685547
vt 0.585693 0.690186
vt 0.585205 0.686279
vt 0.560303 0.704834
vt 0.558350 0.712646
vt 0.555664 0.705322
vt 0.552490 0.710693
vt 0.550537 0.717529
vt 0.549316 0.707764
vt 0.544434 0.714600
vt 0.548828 0.713623
vt 0.032227 0.884521
vt 0.037842 0.886475
vt 0.034912 0.887939
vt 0.040039 0.869141
vt 0.031982 0.892090
vt 0.029297 0.892578
vt 0.032471 0.902832
vt 0.034668 0.892334
vt 0.036621 0.900146
vt 0.037354 0.913818
vt 0.037354 0.893799
vt 0.043213 0.905762
vt 0.046387 0.919922
vt 0.039795 0.895996
vt 0.043213 0.889648
vt 0.042725 0.895996
vt 0.045898 0.895752
vt 0.047119 0.906250
vt 0.041016 0.883789
vt 0.048584 0.872803
vt 0.049805 0.893311
vt 0.049316 0.880859
vt 0.051514 0.873291
vt 0.049805 0.869873
vt 0.053711 0.875977
vt 0.058350 0.871094
vt 0.065674 0.870117
vt 0.049072 0.898682
vt 0.052490 0.898438
vt 0.051758 0.902344
vt 0.054688 0.898193
vt 0.055664 0.890137
vt 0.053711 0.905518
vt 0.059570 0.898682
vt 0.053711 0.913574
vt 0.058594 0.903564
vt 0.052002 0.926514
vt 0.061035 0.905762
vt 0.063965 0.904541
vt 0.061279 0.912842
vt 0.064697 0.914795
vt 0.067139 0.899902
vt 0.063232 0.891113
vt 0.066650 0.884521
vt 0.067627 0.904541
vt 0.071777 0.890381
vt 0.080811 0.900635
vt 0.070312 0.910400
vt 0.074219 0.906494
vt 0.072998 0.916748
vt 0.074951 0.910400
vt 0.083984 0.908691
vt 0.078125 0.911621
vt 0.079346 0.913818
vt 0.060303 0.929199
vt 0.058838 0.936279
vt 0.050049 0.933105
vt 0.068604 0.933594
vt 0.055176 0.945068
vt 0.042725 0.944092
vt 0.043701 0.967285
vt 0.030029 0.965088
vt 0.067383 0.956055
vt 0.074707 0.940918
vt 0.078613 0.933350
vt 0.082031 0.942871
vt 0.078613 0.919189
vt 0.082764 0.913086
vt 0.083984 0.916016
vt 0.081299 0.922852
vt 0.086914 0.935059
vt 0.089355 0.938477
vt 0.091309 0.930908
vt 0.089111 0.924561
vt 0.097900 0.925781
vt 0.088135 0.916016
vt 0.099121 0.921143
vt 0.105957 0.919189
vt 0.098389 0.917725
vt 0.093262 0.917969
vt 0.099854 0.914307
vt 0.107910 0.905518
vt 0.094482 0.910645
vt 0.105469 0.897217
vt 0.089600 0.910156
vt 0.090820 0.902832
vt 0.091309 0.892334
vt 0.095459 0.892578
vt 0.102051 0.892334
vt 0.104736 0.891113
vt 0.099609 0.891113
vt 0.099365 0.888184
vt 0.096436 0.889404
vt 0.096436 0.882568
vt 0.094482 0.886963
vt 0.096924 0.877930
vt 0.092773 0.886230
vt 0.089111 0.882568
vt 0.092041 0.875732
vt 0.074951 0.870605
vt 0.088623 0.884766
vt 0.082031 0.882080
vt 0.075684 0.878174
vt 0.069580 0.877930
vt 0.088135 0.889160
vt 0.085205 0.885742
vt 0.083984 0.891602
vt 0.085693 0.888916
vt 0.081055 0.884277
vt 0.081543 0.888428
vt 0.075439 0.886719
vt 0.081543 0.886230
vt 0.077148 0.883789
vt 0.075439 0.881836
vt 0.071533 0.882812
vt 0.064941 0.879395
vt 0.067139 0.876465
vt 0.059326 0.879395
vt 0.064697 0.872559
vt 0.058105 0.875977
vt 0.059570 0.873535
vt 0.061035 0.876953
vt 0.062988 0.874756
vt 0.064941 0.876709
vt 0.006348 0.508301
vt 0.007568 0.519775
vt 0.002441 0.511230
vt 0.000000 0.517578
vt 0.002930 0.507812
vt 0.004395 0.541748
vt 0.010010 0.541992
vt 0.003418 0.501465
vt 0.009033 0.501221
vt 0.015869 0.526123
vt 0.013672 0.505371
vt 0.016602 0.501221
vt 0.012207 0.512451
vt 0.020020 0.509277
vt 0.022461 0.516357
vt 0.027100 0.524658
vt 0.024414 0.505859
vt 0.023438 0.501221
vt 0.030518 0.502686
vt 0.028564 0.510010
vt 0.034668 0.509766
vt 0.034668 0.521484
vt 0.392090 0.236328
vt 0.406006 0.235107
vt 0.384277 0.246826
vt 0.380859 0.239746
vt 0.421387 0.217773
vt 0.433838 0.219238
vt 0.402100 0.229004
vt 0.386719 0.233398
vt 0.402832 0.219238
vt 0.421631 0.208008
vt 0.394287 0.232178
vt 0.397217 0.211914
vt 0.390625 0.231934
vt 0.385742 0.225342
vt 0.396729 0.228027
vt 0.390625 0.227783
vt 0.396484 0.225098
vt 0.371826 0.235107
vt 0.395752 0.203613
vt 0.407471 0.192871
vt 0.385742 0.212891
vt 0.385498 0.217285
vt 0.380859 0.206299
vt 0.396973 0.196045
vt 0.378662 0.227051
vt 0.378906 0.217773
vt 0.377930 0.215332
vt 0.377930 0.222168
vt 0.375000 0.217041
vt 0.376709 0.212891
vt 0.372559 0.217041
vt 0.367432 0.226807
vt 0.376465 0.207031
vt 0.367920 0.213135
vt 0.374512 0.202393
vt 0.375977 0.191162
vt 0.367432 0.210449
vt 0.367920 0.206543
vt 0.368896 0.197754
vt 0.361572 0.209961
vt 0.363525 0.207764
vt 0.364014 0.204834
vt 0.364502 0.199951
vt 0.363525 0.196045
vt 0.360840 0.204102
vt 0.357178 0.203613
vt 0.359131 0.196777
vt 0.354004 0.211670
vt 0.352051 0.205078
vt 0.354248 0.198730
vt 0.350586 0.202148
vt 0.349854 0.198242
vt 0.347412 0.202881
vt 0.341064 0.208496
vt 0.351318 0.219482
vt 0.356934 0.222412
vt 0.357422 0.227783
vt 0.352295 0.225342
vt 0.352295 0.230469
vt 0.361816 0.230957
vt 0.346924 0.230469
vt 0.352051 0.239746
vt 0.345215 0.224854
vt 0.357178 0.235596
vt 0.362549 0.235107
vt 0.365479 0.234619
vt 0.365967 0.238037
vt 0.368164 0.233643
vt 0.369629 0.244629
vt 0.347900 0.245361
vt 0.364990 0.248779
vt 0.338379 0.227783
vt 0.327148 0.223389
vt 0.341064 0.219971
vt 0.344482 0.220459
vt 0.347168 0.218750
vt 0.341797 0.215820
vt 0.336914 0.215576
vt 0.333252 0.213623
vt 0.334229 0.208008
vt 0.329346 0.211426
vt 0.327148 0.208496
vt 0.328369 0.205566
vt 0.318604 0.207520
vt 0.968262 0.921631
vt 0.971191 0.916016
vt 0.977295 0.920410
vt 0.971436 0.927490
vt 0.967529 0.924805
vt 0.967773 0.930420
vt 0.980957 0.924561
vt 0.979736 0.929932
vt 0.982178 0.909668
vt 0.975830 0.894043
vt 0.983643 0.893311
vt 0.989502 0.927002
vt 0.992432 0.915039
vt 0.997803 0.902100
vt 0.999756 0.913574
vt 0.999023 0.919678
vt 0.988037 0.924072
vt 0.989990 0.920898
vt 0.995361 0.926025
vt 0.999023 0.929443
vt 0.985107 0.919434
vt 0.000488 0.207520
vt 0.005615 0.227051
vt 0.000244 0.229980
vt 0.004639 0.253418
vt 0.758545 0.443115
vt 0.753174 0.452881
vt 0.741699 0.449219
vt 0.747070 0.458008
vt 0.751953 0.458496
vt 0.747803 0.464111
vt 0.757324 0.460205
vt 0.760010 0.466309
vt 0.743164 0.466064
vt 0.746582 0.472412
vt 0.760010 0.485352
vt 0.749268 0.497559
vt 0.724854 0.479004
vt 0.740967 0.500000
vt 0.759766 0.508789
vt 0.757568 0.511719
vt 0.759766 0.516357
vt 0.755371 0.533447
vt 0.717285 0.529053
vt 0.732422 0.541260
vt 0.721436 0.558105
vt 0.695068 0.564453
vt 0.689697 0.538330
vt 0.678467 0.555420
vt 0.702393 0.513672
vt 0.714600 0.498779
vt 0.673096 0.516846
vt 0.661377 0.545898
vt 0.659424 0.562744
vt 0.666992 0.574951
vt 0.645752 0.548828
vt 0.650146 0.520752
vt 0.686523 0.499023
vt 0.654541 0.500244
vt 0.624756 0.492920
vt 0.670654 0.489014
vt 0.697021 0.481689
vt 0.650879 0.480713
vt 0.625244 0.468506
vt 0.672852 0.461182
vt 0.643311 0.456055
vt 0.618164 0.440918
vt 0.606934 0.459961
vt 0.655518 0.450928
vt 0.675537 0.442871
vt 0.702148 0.465088
vt 0.687744 0.450195
vt 0.707764 0.443848
vt 0.701904 0.439209
vt 0.290283 0.567871
vt 0.281738 0.566895
vt 0.291992 0.562256
vt 0.274414 0.588867
vt 0.298828 0.572998
vt 0.280029 0.560547
vt 0.302246 0.563232
vt 0.312988 0.580811
vt 0.310547 0.554443
vt 0.280518 0.592773
vt 0.310059 0.586914
vt 0.296631 0.594727
vt 0.256104 0.606934
vt 0.298584 0.553467
vt 0.295410 0.538574
vt 0.293701 0.557861
vt 0.283447 0.547607
vt 0.283691 0.556152
vt 0.276611 0.604736
vt 0.271484 0.555420
vt 0.269043 0.558838
vt 0.269043 0.551758
vt 0.269531 0.564941
vt 0.265625 0.554443
vt 0.267090 0.568848
vt 0.256592 0.565918
vt 0.263428 0.560303
vt 0.259766 0.557129
vt 0.267822 0.547119
vt 0.263672 0.552002
vt 0.265381 0.543945
vt 0.258545 0.540527
vt 0.258789 0.543701
vt 0.254883 0.539795
vt 0.258057 0.548096
vt 0.256836 0.550049
vt 0.252441 0.533447
vt 0.250000 0.543701
vt 0.242676 0.527832
vt 0.551758 0.564453
vt 0.558105 0.563232
vt 0.558594 0.568359
vt 0.568848 0.567871
vt 0.550537 0.568848
vt 0.554932 0.571533
vt 0.544189 0.566895
vt 0.544434 0.575439
vt 0.539551 0.562988
vt 0.562500 0.552002
vt 0.570557 0.562500
vt 0.570557 0.573975
vt 0.537842 0.570801
vt 0.520020 0.567627
vt 0.572754 0.568848
vt 0.572998 0.564941
vt 0.540039 0.585205
vt 0.572754 0.556885
vt 0.576904 0.569336
vt 0.576904 0.574463
vt 0.585938 0.568848
vt 0.587646 0.571777
vt 0.582520 0.557373
vt 0.586914 0.552490
vt 0.581055 0.552979
vt 0.579834 0.585205
vt 0.583496 0.548096
vt 0.568359 0.544434
vt 0.544922 0.553955
vt 0.556152 0.541992
vt 0.533447 0.559082
vt 0.528076 0.548340
vt 0.543213 0.531006
vt 0.520996 0.540283
vt 0.508301 0.547852
vt 0.496338 0.552979
vt 0.535156 0.588135
vt 0.536377 0.593018
vt 0.540771 0.593506
vt 0.536133 0.613281
vt 0.529053 0.613770
vt 0.524902 0.636719
vt 0.549072 0.616699
vt 0.537109 0.633789
vt 0.534668 0.648438
vt 0.523438 0.650391
vt 0.526611 0.653076
vt 0.542969 0.656738
vt 0.546631 0.637451
vt 0.549805 0.640625
vt 0.555664 0.619141
vt 0.552002 0.652588
vt 0.553711 0.664551
vt 0.561523 0.613525
vt 0.577881 0.656738
vt 0.583984 0.676514
vt 0.559570 0.635010
vt 0.563232 0.599854
vt 0.557617 0.595215
vt 0.567139 0.593750
vt 0.550781 0.589355
vt 0.547607 0.578613
vt 0.562012 0.581787
vt 0.569092 0.584229
vt 0.570068 0.592041
vt 0.574951 0.593750
vt 0.588867 0.591309
vt 0.578369 0.599609
vt 0.572510 0.596436
vt 0.581299 0.603760
vt 0.572510 0.609619
vt 0.574219 0.603027
vt 0.575439 0.607178
vt 0.577637 0.609131
vt 0.582275 0.632568
vt 0.599854 0.621338
vt 0.598877 0.651855
vt 0.608398 0.637939
vt 0.608154 0.649170
vt 0.592285 0.656250
vt 0.590576 0.665039
vt 0.607178 0.676758
vt 0.601074 0.686768
vt 0.611328 0.665283
vt 0.614258 0.658447
vt 0.620117 0.664307
vt 0.616211 0.662354
vt 0.615967 0.666992
vt 0.622314 0.670898
vt 0.618408 0.671631
vt 0.614014 0.674561
vt 0.622070 0.676270
vt 0.620850 0.679688
vt 0.617920 0.678955
vt 0.613281 0.677246
vt 0.618164 0.682129
vt 0.621826 0.683594
vt 0.625732 0.684082
vt 0.617920 0.685791
vt 0.625977 0.692139
vt 0.613525 0.681396
vt 0.611816 0.684326
vt 0.614502 0.687988
vt 0.616455 0.694336
vt 0.623535 0.700195
vt 0.614746 0.697754
vt 0.609375 0.685059
vt 0.610596 0.688721
vt 0.610352 0.691406
vt 0.130127 0.977051
vt 0.126221 0.976562
vt 0.125244 0.971924
vt 0.129395 0.981201
vt 0.188965 0.093018
vt 0.204346 0.083496
vt 0.197998 0.092529
vt 0.226074 0.077148
vt 0.196289 0.107422
vt 0.200928 0.106934
vt 0.214355 0.089844
vt 0.218506 0.096191
vt 0.204102 0.115234
vt 0.211426 0.118896
vt 0.222900 0.112549
vt 0.227783 0.082520
vt 0.227783 0.092529
vt 0.239014 0.083008
vt 0.257080 0.077148
vt 0.263184 0.090820
vt 0.253906 0.099121
vt 0.236572 0.091064
vt 0.249268 0.105469
vt 0.241455 0.108887
vt 0.233154 0.104004
vt 0.238525 0.120850
vt 0.227783 0.120850
vt 0.033936 0.780518
vt 0.029053 0.782227
vt 0.027832 0.780029
vt 0.025146 0.783203
vt 0.028320 0.784912
vt 0.021973 0.782715
vt 0.018311 0.775635
vt 0.018799 0.785645
vt 0.018311 0.789551
vt 0.029785 0.785889
vt 0.027100 0.787354
vt 0.024170 0.788818
vt 0.032959 0.787354
vt 0.027832 0.794189
vt 0.016113 0.794922
vt 0.030029 0.790039
vt 0.035889 0.790039
vt 0.022461 0.802734
vt 0.040771 0.798828
vt 0.042725 0.790039
vt 0.026611 0.804199
vt 0.021484 0.811523
vt 0.032959 0.799316
vt 0.039062 0.803711
vt 0.014893 0.822998
vt 0.025146 0.815186
vt 0.032471 0.804199
vt 0.028076 0.813232
vt 0.040039 0.813721
vt 0.048584 0.813721
vt 0.041748 0.821533
vt 0.037109 0.821289
vt 0.030518 0.816162
vt 0.030762 0.820557
vt 0.034912 0.815186
vt 0.031006 0.813721
vt 0.030273 0.809082
vt 0.034668 0.811523
vt 0.038086 0.808594
vt 0.035156 0.807861
vt 0.076416 0.036133
vt 0.075195 0.032959
vt 0.079834 0.035156
vt 0.072510 0.036621
vt 0.073730 0.040039
vt 0.077881 0.032227
vt 0.074463 0.052002
vt 0.069092 0.037109
vt 0.072266 0.053223
vt 0.072754 0.031982
vt 0.074951 0.031250
vt 0.077881 0.024902
vt 0.088135 0.027588
vt 0.071289 0.030029
vt 0.071289 0.028564
vt 0.067383 0.032227
vt 0.064941 0.036377
vt 0.064941 0.039307
vt 0.057617 0.031738
vt 0.067383 0.047363
vt 0.061768 0.065674
vt 0.051025 0.048096
vt 0.061523 0.070312
vt 0.065430 0.070068
vt 0.057129 0.072266
vt 0.047119 0.067139
vt 0.044434 0.075195
vt 0.040771 0.080322
vt 0.034180 0.058594
vt 0.033447 0.045166
vt 0.042480 0.041504
vt 0.034180 0.041504
vt 0.034424 0.038818
vt 0.024902 0.033936
vt 0.028564 0.034180
vt 0.031982 0.034668
vt 0.035645 0.034912
vt 0.040039 0.038086
vt 0.038818 0.025146
vt 0.047119 0.037842
vt 0.043457 0.025146
vt 0.053955 0.039795
vt 0.053467 0.036133
vt 0.050049 0.028076
vt 0.059082 0.038086
vt 0.060547 0.035889
vt 0.057617 0.026611
vt 0.822754 0.912354
vt 0.822266 0.935791
vt 0.818115 0.917725
vt 0.814453 0.888916
vt 0.818359 0.887939
vt 0.815186 0.947510
vt 0.822266 0.887451
vt 0.811035 0.880127
vt 0.808594 0.963135
vt 0.807129 0.953125
vt 0.815430 0.954346
vt 0.817627 0.952637
vt 0.825439 0.909424
vt 0.827148 0.919922
vt 0.825684 0.897217
vt 0.823486 0.882324
vt 0.826172 0.935791
vt 0.823730 0.944336
vt 0.824707 0.949951
vt 0.828125 0.912109
vt 0.828125 0.901611
vt 0.830811 0.896484
vt 0.836182 0.908691
vt 0.831787 0.894531
vt 0.840576 0.895264
vt 0.833252 0.886230
vt 0.847412 0.892334
vt 0.824707 0.874268
vt 0.830322 0.879883
vt 0.831055 0.875488
vt 0.838867 0.884277
vt 0.836914 0.879395
vt 0.835449 0.874756
vt 0.830811 0.867188
vt 0.842285 0.881836
vt 0.843262 0.888428
vt 0.837646 0.854004
vt 0.846436 0.884277
vt 0.851562 0.884521
vt 0.860840 0.891602
vt 0.853271 0.893799
vt 0.853516 0.879150
vt 0.858643 0.874023
vt 0.846924 0.880371
vt 0.849121 0.875732
vt 0.856201 0.871582
vt 0.858398 0.851562
vt 0.843750 0.877686
vt 0.847412 0.899414
vt 0.852539 0.900635
vt 0.850586 0.906250
vt 0.857910 0.907471
vt 0.860596 0.903076
vt 0.852295 0.912842
vt 0.854248 0.912842
vt 0.855225 0.917480
vt 0.858887 0.910889
vt 0.859863 0.916016
vt 0.854980 0.922607
vt 0.845215 0.920898
vt 0.833496 0.919922
vt 0.837646 0.922363
vt 0.848633 0.926758
vt 0.835693 0.924316
vt 0.860840 0.928955
vt 0.829590 0.926025
vt 0.845947 0.930664
vt 0.859863 0.931885
vt 0.857910 0.939453
vt 0.831787 0.929932
vt 0.840088 0.938477
vt 0.859131 0.949219
vt 0.827148 0.944092
vt 0.841309 0.948730
vt 0.854492 0.951416
vt 0.859131 0.953125
vt 0.839355 0.950928
vt 0.830322 0.947021
vt 0.829590 0.948730
vt 0.595459 0.061768
vt 0.597168 0.069824
vt 0.586426 0.088379
vt 0.603760 0.060303
vt 0.610840 0.071045
vt 0.604492 0.057373
vt 0.608887 0.060059
vt 0.595215 0.052734
vt 0.625732 0.075195
vt 0.603027 0.047852
vt 0.598389 0.037109
vt 0.614746 0.036865
vt 0.612305 0.050049
vt 0.627930 0.040771
vt 0.618164 0.055176
vt 0.628174 0.062256
vt 0.632080 0.051025
vt 0.637207 0.069824
vt 0.638184 0.076416
vt 0.641846 0.057861
vt 0.643555 0.049561
vt 0.643555 0.042236
vt 0.652100 0.046143
vt 0.651367 0.039307
vt 0.651611 0.054199
vt 0.655029 0.056641
vt 0.647705 0.069336
vt 0.644531 0.066650
vt 0.643311 0.073242
vt 0.643799 0.079346
vt 0.648438 0.076904
vt 0.651855 0.081787
vt 0.649414 0.083008
vt 0.736084 0.151611
vt 0.759766 0.156006
vt 0.735596 0.157471
vt 0.756348 0.150391
vt 0.778076 0.155273
vt 0.776367 0.157959
vt 0.767090 0.161865
vt 0.714111 0.158447
vt 0.700439 0.152100
vt 0.748291 0.161621
vt 0.731201 0.161133
vt 0.744873 0.165039
vt 0.748047 0.168213
vt 0.729736 0.164795
vt 0.718750 0.162598
vt 0.696777 0.159912
vt 0.735352 0.167236
vt 0.730713 0.174805
vt 0.741699 0.169678
vt 0.749756 0.172363
vt 0.736328 0.171143
vt 0.741943 0.173584
vt 0.725342 0.166992
vt 0.721680 0.165527
vt 0.709229 0.166260
vt 0.714600 0.169189
vt 0.706787 0.175049
vt 0.720703 0.170654
vt 0.718262 0.173096
vt 0.681396 0.156006
vt 0.693115 0.155762
vt 0.681641 0.153076
vt 0.983154 0.050293
vt 0.971191 0.045410
vt 0.972900 0.035400
vt 0.961426 0.025146
vt 0.983887 0.063965
vt 0.952148 0.029785
vt 0.980225 0.070068
vt 0.963379 0.050781
vt 0.956055 0.054688
vt 0.969482 0.063721
vt 0.974365 0.070801
vt 0.944092 0.031738
vt 0.940186 0.025879
vt 0.940918 0.036377
vt 0.969238 0.068359
vt 0.967529 0.068604
vt 0.969238 0.072754
vt 0.969482 0.081299
vt 0.964600 0.068359
vt 0.957031 0.074707
vt 0.942139 0.047852
vt 0.926270 0.032959
vt 0.928223 0.046631
vt 0.939941 0.056885
vt 0.946045 0.073242
vt 0.933594 0.065674
vt 0.923828 0.058105
vt 0.936768 0.072998
vt 0.952148 0.084473
vt 0.942139 0.082031
vt 0.947754 0.086426
vt 0.276855 0.432129
vt 0.247314 0.434570
vt 0.255127 0.426758
vt 0.236816 0.431641
vt 0.283936 0.424805
vt 0.311523 0.423828
vt 0.304688 0.416748
vt 0.328613 0.416016
vt 0.311035 0.411377
vt 0.297119 0.413818
vt 0.291260 0.417236
vt 0.271240 0.420166
vt 0.298340 0.402100
vt 0.322998 0.404541
vt 0.271973 0.412354
vt 0.285156 0.391113
vt 0.261230 0.421631
vt 0.259277 0.418945
vt 0.255859 0.418213
vt 0.260498 0.416504
vt 0.252930 0.415039
vt 0.262207 0.410400
vt 0.266602 0.405762
vt 0.253662 0.408691
vt 0.241455 0.414795
vt 0.259033 0.406250
vt 0.255127 0.404541
vt 0.259033 0.403320
vt 0.263916 0.401855
vt 0.258057 0.399902
vt 0.251709 0.405273
vt 0.269531 0.399170
vt 0.260254 0.395996
vt 0.255615 0.397217
vt 0.247559 0.392822
vt 0.255615 0.390137
vt 0.268555 0.391846
vt 0.259033 0.388916
vt 0.261963 0.392334
vt 0.262695 0.389160
vt 0.265381 0.386475
vt 0.258789 0.385010
vt 0.273682 0.386719
vt 0.267578 0.383301
vt 0.255127 0.374268
vt 0.261719 0.381592
vt 0.290039 0.386230
vt 0.292725 0.389648
vt 0.286621 0.387939
vt 0.270264 0.380615
vt 0.281494 0.387451
vt 0.284424 0.385742
vt 0.285156 0.381104
vt 0.279053 0.383057
vt 0.275391 0.374023
vt 0.264160 0.377197
vt 0.264160 0.372070
vt 0.260498 0.374756
vt 0.258789 0.369141
vt 0.265869 0.367188
vt 0.257568 0.363770
vt 0.248291 0.352295
vt 0.258301 0.359863
vt 0.243896 0.345703
vt 0.250732 0.342773
vt 0.245117 0.339355
vt 0.238037 0.342529
vt 0.243896 0.351074
vt 0.239014 0.347412
vt 0.239990 0.351562
vt 0.232666 0.357178
vt 0.234863 0.340576
vt 0.242188 0.355225
vt 0.246338 0.361572
vt 0.238281 0.359131
vt 0.239746 0.361572
vt 0.233154 0.363525
vt 0.242432 0.366943
vt 0.235596 0.366455
vt 0.227783 0.376465
vt 0.238281 0.367432
vt 0.241699 0.372803
vt 0.235352 0.374268
vt 0.239258 0.377441
vt 0.236572 0.382568
vt 0.243164 0.379150
vt 0.247314 0.384277
vt 0.243408 0.387695
vt 0.232910 0.386475
vt 0.241211 0.390869
vt 0.227783 0.396973
vt 0.235840 0.391357
vt 0.239014 0.395264
vt 0.234619 0.396729
vt 0.234619 0.401855
vt 0.238525 0.401611
vt 0.236572 0.404297
vt 0.239258 0.407959
vt 0.231445 0.406006
vt 0.226807 0.413574
vt 0.237061 0.413574
vt 0.232178 0.412842
vt 0.235840 0.418945
vt 0.239502 0.426514
vt 0.231201 0.422363
vt 0.227783 0.426270
vt 0.217773 0.403564
vt 0.221436 0.420410
vt 0.225342 0.437988
vt 0.234131 0.449707
vt 0.212402 0.422607
vt 0.215332 0.416748
vt 0.219971 0.436768
vt 0.210938 0.417969
vt 0.221191 0.372803
vt 0.224609 0.346436
vt 0.209961 0.354248
vt 0.203369 0.415283
vt 0.204590 0.419922
vt 0.210693 0.372314
vt 0.209961 0.426758
vt 0.209717 0.398438
vt 0.187988 0.375000
vt 0.187988 0.352295
vt 0.171875 0.354492
vt 0.165527 0.373535
vt 0.163574 0.375977
vt 0.154541 0.367432
vt 0.170166 0.383301
vt 0.181641 0.403320
vt 0.164551 0.396484
vt 0.162354 0.398193
vt 0.166260 0.402588
vt 0.171387 0.407959
vt 0.172607 0.409424
vt 0.173096 0.417725
vt 0.189941 0.426514
vt 0.166992 0.432617
vt 0.175537 0.431641
vt 0.172607 0.448486
vt 0.202637 0.423096
vt 0.189941 0.438721
vt 0.177246 0.452393
vt 0.188232 0.464111
vt 0.199463 0.428467
vt 0.200928 0.425781
vt 0.196533 0.439941
vt 0.202637 0.431641
vt 0.206787 0.431885
vt 0.208496 0.430664
vt 0.208496 0.443115
vt 0.212891 0.441895
vt 0.217773 0.437256
vt 0.218018 0.445557
vt 0.211914 0.454102
vt 0.203369 0.455078
vt 0.206543 0.468506
vt 0.201904 0.472656
vt 0.196045 0.479004
vt 0.202881 0.483643
vt 0.209717 0.472168
vt 0.206543 0.479248
vt 0.211426 0.458740
vt 0.218994 0.463135
vt 0.217041 0.458984
vt 0.211182 0.477539
vt 0.206543 0.483887
vt 0.212646 0.482422
vt 0.208252 0.489014
vt 0.211182 0.493652
vt 0.216309 0.487305
vt 0.220947 0.490723
vt 0.222900 0.485107
vt 0.217285 0.481934
vt 0.221436 0.471436
vt 0.213867 0.471924
vt 0.217773 0.466064
vt 0.221436 0.468262
vt 0.224121 0.466797
vt 0.230713 0.467773
vt 0.231934 0.459961
vt 0.227295 0.457764
vt 0.234619 0.455322
vt 0.227539 0.455078
vt 0.227295 0.448730
vt 0.222656 0.454346
vt 0.221191 0.444336
vt 0.223389 0.446777
vt 0.215820 0.454590
vt 0.222168 0.450439
vt 0.220459 0.448975
vt 0.220215 0.451416
vt 0.216797 0.449463
vt 0.214355 0.448486
vt 0.882568 0.115479
vt 0.892578 0.115967
vt 0.884277 0.118408
vt 0.878418 0.117188
vt 0.883789 0.121826
vt 0.876221 0.109619
vt 0.893799 0.119873
vt 0.867920 0.115234
vt 0.866211 0.097900
vt 0.864258 0.104248
vt 0.881348 0.100830
vt 0.890137 0.112061
vt 0.891357 0.100586
vt 0.887939 0.092529
vt 0.895996 0.111572
vt 0.895752 0.089355
vt 0.901123 0.114258
vt 0.896729 0.106934
vt 0.898926 0.098389
vt 0.901123 0.104248
vt 0.906250 0.117676
vt 0.897705 0.085205
vt 0.902832 0.085693
vt 0.908691 0.089355
vt 0.910156 0.082520
vt 0.917480 0.082520
vt 0.905518 0.103027
vt 0.923828 0.093262
vt 0.911133 0.099121
vt 0.905762 0.105225
vt 0.905029 0.108643
vt 0.910400 0.104736
vt 0.913086 0.107422
vt 0.919922 0.096680
vt 0.913574 0.103027
vt 0.914307 0.100098
vt 0.922119 0.105713
vt 0.937988 0.088867
vt 0.921631 0.079102
vt 0.929443 0.076904
vt 0.930908 0.095947
vt 0.925781 0.098145
vt 0.930176 0.099121
vt 0.928955 0.104248
vt 0.933838 0.098877
vt 0.935303 0.096436
vt 0.937500 0.094238
vt 0.940430 0.095703
vt 0.937012 0.100830
vt 0.940918 0.100586
vt 0.935547 0.111084
vt 0.928223 0.113525
vt 0.939453 0.114014
vt 0.917480 0.114014
vt 0.935059 0.118408
vt 0.944092 0.122314
vt 0.933594 0.125977
vt 0.941406 0.131592
vt 0.924072 0.117920
vt 0.923096 0.127197
vt 0.916260 0.123779
vt 0.911133 0.126709
vt 0.921387 0.139648
vt 0.914551 0.141113
vt 0.287842 0.910156
vt 0.292236 0.917725
vt 0.289795 0.925781
vt 0.299316 0.920898
vt 0.277344 0.913330
vt 0.278076 0.905029
vt 0.273926 0.900879
vt 0.277588 0.901611
vt 0.270996 0.904297
vt 0.262695 0.898682
vt 0.271729 0.894775
vt 0.265625 0.894043
vt 0.261230 0.891602
vt 0.258789 0.891602
vt 0.247559 0.896973
vt 0.255615 0.884033
vt 0.263428 0.906494
vt 0.270508 0.907715
vt 0.249023 0.905029
vt 0.272461 0.913086
vt 0.224121 0.893799
vt 0.266113 0.913818
vt 0.272705 0.918213
vt 0.276855 0.922119
vt 0.257080 0.916016
vt 0.265869 0.921143
vt 0.260986 0.926025
vt 0.251221 0.911133
vt 0.249268 0.910645
vt 0.250977 0.913086
vt 0.247559 0.913086
vt 0.247559 0.920898
vt 0.242676 0.939697
vt 0.214844 0.941406
vt 0.273438 0.925781
vt 0.280029 0.928955
vt 0.270996 0.929199
vt 0.262939 0.937988
vt 0.275635 0.931641
vt 0.271484 0.936035
vt 0.280273 0.936523
vt 0.274414 0.939209
vt 0.276367 0.942627
vt 0.292969 0.944336
vt 0.265869 0.944824
vt 0.275635 0.945801
vt 0.280762 0.948975
vt 0.274170 0.948975
vt 0.260742 0.952637
vt 0.235840 0.952148
vt 0.201904 0.956543
vt 0.274414 0.952637
vt 0.254639 0.959961
vt 0.212891 0.963379
vt 0.180420 0.977295
vt 0.217773 0.970947
vt 0.196777 0.981201
vt 0.260254 0.970459
vt 0.291504 0.961182
vt 0.276855 0.957764
vt 0.290039 0.954102
vt 0.297607 0.959229
vt 0.301758 0.970215
vt 0.295410 0.981445
vt 0.304688 0.976318
vt 0.311523 0.968506
vt 0.307617 0.959229
vt 0.313965 0.951904
vt 0.305176 0.954102
vt 0.301758 0.954834
vt 0.298096 0.952881
vt 0.301758 0.949707
vt 0.297852 0.947266
vt 0.303223 0.946777
vt 0.298828 0.941406
vt 0.305176 0.944092
vt 0.294189 0.935791
vt 0.300781 0.937744
vt 0.298096 0.929688
vt 0.300537 0.933838
vt 0.303223 0.930176
vt 0.303467 0.923828
vt 0.305908 0.934570
vt 0.310303 0.931641
vt 0.310791 0.921631
vt 0.320801 0.914062
vt 0.323975 0.924316
vt 0.313721 0.941162
vt 0.318359 0.948242
vt 0.322021 0.951416
vt 0.320068 0.956787
vt 0.327148 0.956543
vt 0.318604 0.970947
vt 0.324463 0.960693
vt 0.321289 0.973877
vt 0.331299 0.958496
vt 0.324463 0.973389
vt 0.328125 0.962402
vt 0.330811 0.967285
vt 0.330322 0.980225
vt 0.335205 0.959473
vt 0.340332 0.978271
vt 0.341553 0.962158
vt 0.566406 0.052490
vt 0.567627 0.043213
vt 0.567871 0.053711
vt 0.567871 0.056885
vt 0.570068 0.052979
vt 0.570801 0.059082
vt 0.566406 0.056885
vt 0.567139 0.060547
vt 0.562988 0.058105
vt 0.558838 0.044922
vt 0.566406 0.068359
vt 0.570801 0.067383
vt 0.587158 0.068848
vt 0.577637 0.075928
vt 0.566650 0.073486
vt 0.563477 0.075439
vt 0.559326 0.073730
vt 0.572754 0.079590
vt 0.581543 0.093994
vt 0.559082 0.088867
vt 0.274414 0.030518
vt 0.274658 0.023926
vt 0.277100 0.028809
vt 0.279541 0.023682
vt 0.279297 0.027588
vt 0.284912 0.032227
vt 0.275146 0.035400
vt 0.270996 0.027832
vt 0.268311 0.015869
vt 0.270996 0.042480
vt 0.264404 0.028809
vt 0.269043 0.031250
vt 0.269775 0.037109
vt 0.265869 0.036865
vt 0.262207 0.041748
vt 0.256592 0.019775
vt 0.261475 0.033936
vt 0.258057 0.031250
vt 0.253906 0.031738
vt 0.258301 0.036377
vt 0.246582 0.021484
vt 0.251221 0.013916
vt 0.247803 0.015137
vt 0.244385 0.016113
vt 0.256592 0.042969
vt 0.254395 0.036621
vt 0.250000 0.034912
vt 0.252686 0.039551
vt 0.245117 0.028809
vt 0.249756 0.040527
vt 0.243896 0.037354
vt 0.240967 0.023193
vt 0.260254 0.056641
vt 0.253174 0.046875
vt 0.246582 0.040771
vt 0.244141 0.041992
vt 0.246338 0.047607
vt 0.240234 0.041748
vt 0.232178 0.032227
vt 0.251709 0.057617
vt 0.245361 0.055420
vt 0.250000 0.059570
vt 0.259033 0.064453
vt 0.254150 0.067627
vt 0.268799 0.059326
vt 0.270020 0.051514
vt 0.273438 0.057129
vt 0.275879 0.051514
vt 0.227539 0.030029
vt 0.229492 0.025635
vt 0.226074 0.020508
vt 0.232422 0.024170
vt 0.231445 0.021729
vt 0.236328 0.022461
vt 0.238525 0.021484
vt 0.236816 0.020264
vt 0.234863 0.018799
vt 0.238770 0.019043
vt 0.240967 0.017822
vt 0.235840 0.016846
vt 0.231689 0.014648
vt 0.065430 0.019287
vt 0.065186 0.024414
vt 0.061768 0.022217
vt 0.062012 0.027344
vt 0.094482 0.974854
vt 0.099365 0.978271
vt 0.094482 0.980225
vt 0.096436 0.983154
vt 0.257324 0.675781
vt 0.261963 0.683594
vt 0.259521 0.682129
vt 0.258545 0.685547
vt 0.266113 0.683594
vt 0.244873 0.679932
vt 0.256104 0.665039
vt 0.265381 0.695801
vt 0.252930 0.709473
vt 0.290283 0.666504
vt 0.285889 0.686768
vt 0.266113 0.701904
vt 0.304688 0.671143
vt 0.283691 0.635498
vt 0.253174 0.622803
vt 0.297852 0.648438
vt 0.305908 0.661621
vt 0.315430 0.660645
vt 0.320068 0.646240
vt 0.298584 0.641602
vt 0.305908 0.628418
vt 0.293945 0.628662
vt 0.288818 0.623047
vt 0.300293 0.612793
vt 0.310791 0.610352
vt 0.268311 0.619385
vt 0.268799 0.610107
vt 0.265625 0.612549
vt 0.260498 0.610107
vt 0.060059 0.739014
vt 0.062988 0.728027
vt 0.068115 0.738525
vt 0.065186 0.731445
vt 0.066162 0.723145
vt 0.062744 0.746338
vt 0.057129 0.750000
vt 0.064453 0.758789
vt 0.071533 0.735107
vt 0.078613 0.757812
vt 0.069824 0.726318
vt 0.082031 0.720459
vt 0.095947 0.759277
vt 0.073975 0.712158
vt 0.064941 0.709717
vt 0.057129 0.684326
vt 0.094971 0.707520
vt 0.095459 0.703857
vt 0.100830 0.756836
vt 0.081055 0.698975
vt 0.094238 0.690674
vt 0.069092 0.686035
vt 0.061768 0.658691
vt 0.051025 0.664795
vt 0.078857 0.658203
vt 0.077393 0.679932
vt 0.101074 0.668213
vt 0.093750 0.663086
vt 0.857422 0.541260
vt 0.857666 0.549805
vt 0.839600 0.560303
vt 0.847168 0.563232
vt 0.838623 0.582764
vt 0.828125 0.592529
vt 0.823730 0.591309
vt 0.839844 0.534180
vt 0.857910 0.526855
vt 0.807861 0.568359
vt 0.823975 0.546875
vt 0.793213 0.591797
vt 0.814209 0.528809
vt 0.821289 0.505127
vt 0.839844 0.498291
vt 0.815186 0.481445
vt 0.790527 0.544922
vt 0.812012 0.463135
vt 0.785156 0.472900
vt 0.786865 0.498291
vt 0.786865 0.522461
vt 0.772461 0.511475
vt 0.769531 0.531982
vt 0.770752 0.552979
vt 0.751465 0.543701
vt 0.754883 0.565918
vt 0.781494 0.573486
vt 0.765137 0.584229
vt 0.779053 0.597412
vt 0.786621 0.601562
vt 0.781982 0.610352
vt 0.783936 0.619873
vt 0.778320 0.617920
vt 0.777832 0.627686
vt 0.946533 0.684082
vt 0.950439 0.678955
vt 0.951416 0.685547
vt 0.949463 0.674805
vt 0.939697 0.692871
vt 0.944824 0.695557
vt 0.952148 0.674316
vt 0.952881 0.670410
vt 0.953613 0.678223
vt 0.957031 0.673096
vt 0.962158 0.669678
vt 0.954102 0.682861
vt 0.957764 0.687500
vt 0.953857 0.697266
vt 0.958496 0.676025
vt 0.961914 0.674316
vt 0.958008 0.680664
vt 0.960938 0.677979
vt 0.965576 0.677490
vt 0.961426 0.680664
vt 0.962646 0.683838
vt 0.961426 0.692383
vt 0.952393 0.712646
vt 0.971436 0.673096
vt 0.969238 0.661621
vt 0.972168 0.663330
vt 0.968262 0.680176
vt 0.966553 0.683350
vt 0.969482 0.683594
vt 0.967529 0.687500
vt 0.972168 0.683838
vt 0.968262 0.691406
vt 0.969482 0.699463
vt 0.965332 0.714355
vt 0.969727 0.707275
vt 0.972412 0.703125
vt 0.974365 0.691650
vt 0.975098 0.688477
vt 0.978760 0.690430
vt 0.975098 0.685547
vt 0.976807 0.681396
vt 0.987549 0.677490
vt 0.976562 0.697510
vt 0.982910 0.691406
vt 0.982178 0.695068
vt 0.979980 0.700684
vt 0.985352 0.695801
vt 0.988281 0.692871
vt 0.997314 0.689453
vt 0.997803 0.698242
vt 0.987061 0.698486
vt 0.989746 0.704102
vt 0.984619 0.701172
vt 0.985840 0.703857
vt 0.982910 0.707764
vt 0.978027 0.704346
vt 0.975342 0.706543
vt 0.980713 0.671875
vt 0.986084 0.672852
vt 0.991699 0.671631
vt 0.976807 0.667236
vt 0.982666 0.670166
vt 0.986084 0.670898
vt 0.983643 0.666748
vt 0.985596 0.664795
vt 0.978027 0.653320
vt 0.979980 0.666260
vt 0.979248 0.661621
vt 0.854248 0.646484
vt 0.868408 0.624268
vt 0.866455 0.638916
vt 0.883057 0.600342
vt 0.895264 0.614502
vt 0.889160 0.587402
vt 0.905273 0.587891
vt 0.884521 0.640625
vt 0.920898 0.599609
vt 0.917480 0.620361
vt 0.927002 0.601074
vt 0.903076 0.636963
vt 0.893311 0.652832
vt 0.919189 0.640381
vt 0.910400 0.658691
vt 0.930176 0.671875
vt 0.168945 0.012207
vt 0.154541 0.018799
vt 0.142578 0.018799
vt 0.158203 0.009521
vt 0.176514 0.009766
vt 0.147705 0.001709
vt 0.181641 0.000977
vt 0.108643 0.071777
vt 0.098145 0.074219
vt 0.092773 0.059326
vt 0.104004 0.057861
vt 0.095947 0.049072
vt 0.093262 0.033691
vt 0.096924 0.024170
vt 0.109863 0.028809
vt 0.123047 0.050781
vt 0.084229 0.327393
vt 0.113770 0.327393
vt 0.089600 0.348145
vt 0.124756 0.346436
vt 0.117188 0.368896
vt 0.097168 0.366699
vt 0.081543 0.377930
vt 0.124756 0.396484
vt 0.039551 0.326904
vt 0.055908 0.358887
vt 0.090820 0.412354
vt 0.132080 0.429688
vt 0.044434 0.383789
vt 0.037109 0.355957
vt 0.041016 0.392578
vt 0.058594 0.409668
vt 0.066650 0.432617
vt 0.035889 0.431152
vt 0.424072 0.971436
vt 0.436768 0.979492
vt 0.423584 0.983643
vt 0.448975 0.979736
vt 0.437744 0.996582
vt 0.414795 0.998291
vt 0.270752 0.207520
vt 0.260986 0.210205
vt 0.259277 0.205811
vt 0.256836 0.214844
vt 0.271973 0.204102
vt 0.274658 0.206299
vt 0.282471 0.203613
vt 0.255615 0.212646
vt 0.252197 0.216553
vt 0.253418 0.212158
vt 0.250000 0.211670
vt 0.256348 0.209473
vt 0.251709 0.211426
vt 0.250732 0.208740
vt 0.245605 0.205811
vt 0.240967 0.214600
vt 0.243408 0.208008
vt 0.237793 0.193359
vt 0.253418 0.207031
vt 0.247559 0.203857
vt 0.241943 0.192871
vt 0.238037 0.168701
vt 0.247803 0.201172
vt 0.251709 0.203125
vt 0.257324 0.200439
vt 0.248291 0.199463
vt 0.252197 0.199219
vt 0.260986 0.192627
vt 0.253418 0.194336
vt 0.250732 0.194092
vt 0.247803 0.194580
vt 0.247803 0.189941
vt 0.250732 0.189453
vt 0.249023 0.187988
vt 0.252441 0.187256
vt 0.246826 0.186768
vt 0.253418 0.183350
vt 0.242432 0.184082
vt 0.247559 0.181152
vt 0.244873 0.177979
vt 0.243164 0.171387
vt 0.247559 0.176758
vt 0.246582 0.171631
vt 0.251465 0.177734
vt 0.252686 0.173828
vt 0.246582 0.167480
vt 0.260742 0.182617
vt 0.262207 0.176514
vt 0.260986 0.173096
vt 0.263672 0.173096
vt 0.264893 0.174805
vt 0.268799 0.173828
vt 0.272217 0.168457
vt 0.267090 0.177246
vt 0.275146 0.174805
vt 0.269287 0.178955
vt 0.279785 0.181641
vt 0.282471 0.168945
vt 0.264648 0.184082
vt 0.292480 0.175293
vt 0.269531 0.182129
vt 0.268311 0.189209
vt 0.268555 0.185059
vt 0.271973 0.186035
vt 0.278809 0.187256
vt 0.270752 0.193115
vt 0.266602 0.197510
vt 0.275879 0.191650
vt 0.281006 0.192871
vt 0.270996 0.195312
vt 0.268555 0.200928
vt 0.270996 0.197998
vt 0.273438 0.196289
vt 0.272949 0.199951
vt 0.277588 0.201172
vt 0.277344 0.198242
vt 0.285400 0.198486
vt 0.287598 0.200684
vt 0.296631 0.200439
vt 0.297119 0.192627
vt 0.317383 0.194824
vt 0.314453 0.180908
vt 0.334717 0.189941
vt 0.334961 0.171387
vt 0.302979 0.182373
vt 0.301025 0.173584
vt 0.300049 0.178467
vt 0.915771 0.039551
vt 0.914795 0.034668
vt 0.921387 0.028564
vt 0.909668 0.041504
vt 0.913818 0.031250
vt 0.912598 0.025391
vt 0.921387 0.023682
vt 0.910156 0.009033
vt 0.934326 0.027832
vt 0.979492 0.013184
vt 0.980469 0.019775
vt 0.972656 0.020996
vt 0.983398 0.017822
vt 0.985840 0.020996
vt 0.978760 0.024170
vt 0.976562 0.028809
vt 0.981445 0.024902
vt 0.980469 0.033203
vt 0.987793 0.039795
vt 0.984863 0.039307
vt 0.987549 0.043213
vt 0.736816 0.946289
vt 0.741455 0.936768
vt 0.740234 0.959473
vt 0.481201 0.767090
vt 0.473145 0.785645
vt 0.445312 0.767334
vt 0.465820 0.729248
vt 0.489258 0.758545
vt 0.464844 0.789062
vt 0.469727 0.788574
vt 0.469482 0.799072
vt 0.462158 0.805664
vt 0.490967 0.683105
vt 0.498779 0.722656
vt 0.453369 0.645020
vt 0.491699 0.642334
vt 0.446045 0.679932
vt 0.433594 0.651611
vt 0.441162 0.640381
vt 0.404053 0.699463
vt 0.412842 0.736816
vt 0.445801 0.756104
vt 0.395264 0.752197
vt 0.409424 0.770020
vt 0.370850 0.764160
vt 0.441162 0.780273
vt 0.427734 0.782471
vt 0.436279 0.788574
vt 0.442383 0.793213
vt 0.450684 0.790771
vt 0.435059 0.803467
vt 0.447998 0.796387
vt 0.456055 0.793701
vt 0.460205 0.793457
vt 0.457275 0.799316
vt 0.468750 0.817383
vt 0.419189 0.795410
vt 0.415039 0.788818
vt 0.411865 0.781982
vt 0.391846 0.795166
vt 0.400879 0.785400
vt 0.399170 0.778320
vt 0.394287 0.772949
vt 0.392334 0.788574
vt 0.386230 0.776611
vt 0.379639 0.791748
vt 0.376709 0.777832
vt 0.359131 0.793945
vt 0.376221 0.784180
vt 0.364258 0.783691
vt 0.368652 0.776611
vt 0.361328 0.769531
vt 0.378906 0.810791
vt 0.395752 0.807373
vt 0.390381 0.816406
vt 0.384521 0.812256
vt 0.395752 0.818604
vt 0.406006 0.814941
vt 0.391846 0.829834
vt 0.404053 0.826904
vt 0.417236 0.814453
vt 0.408203 0.822998
vt 0.408936 0.843506
vt 0.414062 0.819092
vt 0.415039 0.825195
vt 0.424561 0.838623
vt 0.423828 0.827393
vt 0.428467 0.819092
vt 0.439941 0.816895
vt 0.429932 0.840332
vt 0.428955 0.829346
vt 0.431396 0.822021
vt 0.432861 0.833984
vt 0.437012 0.845947
vt 0.430420 0.868408
vt 0.436768 0.823730
vt 0.441162 0.830078
vt 0.447998 0.833984
vt 0.454102 0.819336
vt 0.453125 0.831055
vt 0.453857 0.841553
vt 0.460938 0.825684
vt 0.465332 0.828613
vt 0.469482 0.829834
vt 0.461426 0.834961
vt 0.465332 0.847168
vt 0.473389 0.838135
vt 0.458496 0.862793
vt 0.437744 0.881348
vt 0.456055 0.885742
vt 0.472900 0.856689
vt 0.472412 0.908203
vt 0.481201 0.909424
vt 0.481201 0.865967
vt 0.495117 0.914551
vt 0.870361 0.695068
vt 0.873047 0.684814
vt 0.877686 0.682373
vt 0.898682 0.674805
vt 0.886963 0.673584
vt 0.877197 0.664795
vt 0.868164 0.672363
vt 0.872559 0.651367
vt 0.864502 0.671875
vt 0.862793 0.656250
vt 0.859619 0.686279
vt 0.850830 0.677490
vt 0.849365 0.659912
vt 0.837646 0.669922
vt 0.843018 0.682861
vt 0.835449 0.675049
vt 0.838867 0.684326
vt 0.846436 0.689941
vt 0.845215 0.692871
vt 0.835693 0.687988
vt 0.837891 0.698242
vt 0.840576 0.707520
vt 0.831299 0.700195
vt 0.850342 0.694824
vt 0.858887 0.713379
vt 0.886230 0.723877
vt 0.858643 0.738525
vt 0.886963 0.742188
vt 0.898682 0.727783
vt 0.906250 0.716553
vt 0.909424 0.718018
vt 0.900879 0.705322
vt 0.901367 0.698242
vt 0.904297 0.702881
vt 0.908203 0.699707
vt 0.907715 0.703369
vt 0.912109 0.282715
vt 0.898193 0.286865
vt 0.908691 0.261230
vt 0.898926 0.257080
vt 0.907959 0.252686
vt 0.874512 0.271729
vt 0.877441 0.287598
vt 0.895020 0.250000
vt 0.907227 0.250000
vt 0.875244 0.253906
vt 0.861084 0.284912
vt 0.866943 0.269531
vt 0.866699 0.256348
vt 0.903076 0.247314
vt 0.906250 0.240479
vt 0.889893 0.247559
vt 0.890381 0.239502
vt 0.905029 0.236572
vt 0.880127 0.249512
vt 0.895752 0.235107
vt 0.906250 0.232910
vt 0.874756 0.242676
vt 0.873535 0.248047
vt 0.867676 0.253418
vt 0.862549 0.252441
vt 0.867432 0.247803
vt 0.863525 0.239014
vt 0.869385 0.241211
vt 0.872559 0.236328
vt 0.880615 0.235352
vt 0.876953 0.232422
vt 0.875732 0.226562
vt 0.862549 0.215332
vt 0.867920 0.219238
vt 0.870361 0.217285
vt 0.888672 0.218750
vt 0.903564 0.224854
vt 0.910400 0.222900
vt 0.898193 0.215332
vt 0.890381 0.203613
vt 0.904053 0.214111
vt 0.905518 0.203125
vt 0.914307 0.214844
vt 0.908936 0.204590
vt 0.933594 0.945557
vt 0.941895 0.949219
vt 0.933350 0.950195
vt 0.943115 0.951904
vt 0.948486 0.947510
vt 0.948975 0.953125
vt 0.940186 0.957275
vt 0.947754 0.957764
vt 0.938965 0.971436
vt 0.932617 0.968018
vt 0.931885 0.955566
vt 0.921631 0.948730
vt 0.929199 0.963135
vt 0.924805 0.971436
vt 0.923584 0.957031
vt 0.923828 0.938965
vt 0.918213 0.965820
vt 0.921387 0.961670
vt 0.926758 0.962891
vt 0.925049 0.964600
vt 0.930664 0.941162
vt 0.939453 0.945068
vt 0.947266 0.938232
vt 0.937500 0.935791
vt 0.948730 0.919922
vt 0.931641 0.926514
vt 0.940430 0.912354
vt 0.944092 0.899902
vt 0.929443 0.915283
vt 0.931641 0.907471
vt 0.917480 0.920898
vt 0.921631 0.929199
vt 0.914062 0.930176
vt 0.917236 0.936768
vt 0.913086 0.935791
vt 0.388916 0.388428
vt 0.398682 0.389160
vt 0.382812 0.395264
vt 0.381836 0.399902
vt 0.389404 0.411377
vt 0.374756 0.391357
vt 0.365479 0.405029
vt 0.384033 0.381592
vt 0.359375 0.395264
vt 0.375244 0.387939
vt 0.372559 0.378174
vt 0.363037 0.390869
vt 0.364746 0.383301
vt 0.357910 0.379883
vt 0.369629 0.373535
vt 0.358643 0.374268
vt 0.358398 0.365479
vt 0.370361 0.411621
vt 0.358398 0.410156
vt 0.368896 0.429199
vt 0.357178 0.411621
vt 0.389648 0.434814
vt 0.410400 0.420410
vt 0.407471 0.432617
vt 0.408691 0.440918
vt 0.401123 0.449219
vt 0.362061 0.434814
vt 0.354004 0.436768
vt 0.365234 0.454102
vt 0.374512 0.447998
vt 0.368164 0.475586
vt 0.381592 0.435791
vt 0.373779 0.439453
vt 0.377197 0.439697
vt 0.383057 0.439453
vt 0.379150 0.442139
vt 0.387207 0.442139
vt 0.389160 0.453857
vt 0.408203 0.455811
vt 0.405762 0.458252
vt 0.403809 0.460205
vt 0.405273 0.461670
vt 0.406494 0.464600
vt 0.404541 0.467529
vt 0.398926 0.457031
vt 0.401367 0.467773
vt 0.404785 0.474121
vt 0.401855 0.461426
vt 0.400146 0.465088
vt 0.398438 0.462402
vt 0.397949 0.466309
vt 0.393066 0.459961
vt 0.395752 0.465576
vt 0.397705 0.470215
vt 0.396484 0.475830
vt 0.394287 0.468994
vt 0.391846 0.468262
vt 0.392822 0.471436
vt 0.399658 0.479492
vt 0.403809 0.479248
vt 0.390869 0.462158
vt 0.387939 0.464111
vt 0.389160 0.467285
vt 0.387695 0.474365
vt 0.388428 0.470947
vt 0.386719 0.468994
vt 0.385010 0.469727
vt 0.380859 0.458008
vt 0.382812 0.464355
vt 0.382812 0.470215
vt 0.380371 0.464600
vt 0.375000 0.460449
vt 0.380371 0.472412
vt 0.377441 0.463135
vt 0.372803 0.467529
vt 0.375977 0.466553
vt 0.377441 0.472656
vt 0.376953 0.477783
vt 0.374512 0.471191
vt 0.374512 0.475098
vt 0.372314 0.472412
vt 0.370605 0.468018
vt 0.370605 0.473145
vt 0.375000 0.482666
vt 0.379150 0.483643
vt 0.373535 0.486572
vt 0.384766 0.483643
vt 0.381836 0.487061
vt 0.377686 0.489014
vt 0.374512 0.488770
vt 0.381592 0.490234
vt 0.386963 0.494629
vt 0.390381 0.484863
vt 0.386475 0.486572
vt 0.385010 0.489502
vt 0.388916 0.492432
vt 0.387939 0.489014
vt 0.390137 0.488037
vt 0.396484 0.493896
vt 0.396240 0.483887
vt 0.392578 0.490234
vt 0.393555 0.487305
vt 0.395264 0.489014
vt 0.393799 0.491699
vt 0.397949 0.487061
vt 0.396240 0.490479
vt 0.398438 0.489258
vt 0.399170 0.488770
vt 0.401855 0.486084
vt 0.399902 0.484375
vt 0.401855 0.483643
vt 0.403809 0.486328
vt 0.404541 0.490967
vt 0.405762 0.485352
vt 0.408936 0.485596
vt 0.933838 0.152588
vt 0.940430 0.147949
vt 0.950439 0.147949
vt 0.916992 0.155762
vt 0.946777 0.158936
vt 0.960449 0.155518
vt 0.934570 0.141113
vt 0.937500 0.142822
vt 0.946777 0.136475
vt 0.959717 0.144287
vt 0.967041 0.136230
vt 0.968262 0.129639
vt 0.972900 0.141357
vt 0.970459 0.146484
vt 0.972656 0.150391
vt 0.980713 0.149658
vt 0.973633 0.155518
vt 0.976074 0.158203
vt 0.974609 0.152832
vt 0.978516 0.152100
vt 0.197266 0.115234
vt 0.182617 0.123779
vt 0.184814 0.117432
vt 0.172852 0.117676
vt 0.184814 0.106445
vt 0.197754 0.127197
vt 0.185059 0.130859
vt 0.169922 0.120361
vt 0.173584 0.126953
vt 0.179443 0.137939
vt 0.186279 0.142090
vt 0.166260 0.123047
vt 0.163818 0.115234
vt 0.164307 0.106689
vt 0.178711 0.144775
vt 0.166016 0.133057
vt 0.188965 0.145996
vt 0.163818 0.119385
vt 0.159668 0.114990
vt 0.147949 0.121338
vt 0.148193 0.118164
vt 0.174316 0.150391
vt 0.180176 0.153564
vt 0.154785 0.154785
vt 0.159180 0.146729
vt 0.144531 0.123291
vt 0.146729 0.155762
vt 0.133301 0.168945
vt 0.133301 0.162842
vt 0.137451 0.156738
vt 0.134277 0.155273
vt 0.143311 0.152588
vt 0.135742 0.152100
vt 0.152588 0.145752
vt 0.140625 0.149658
vt 0.132568 0.144043
vt 0.142822 0.134521
vt 0.142334 0.142822
vt 0.138428 0.143311
vt 0.139648 0.139404
vt 0.133057 0.138916
vt 0.128906 0.139404
vt 0.137939 0.137451
vt 0.130615 0.134033
vt 0.134521 0.135254
vt 0.138184 0.133301
vt 0.133301 0.131836
vt 0.131592 0.129150
vt 0.138672 0.130615
vt 0.128418 0.125000
vt 0.137207 0.127441
vt 0.133301 0.125244
vt 0.133301 0.123047
vt 0.138672 0.124268
vt 0.136475 0.122070
vt 0.999023 0.091064
vt 0.994385 0.073730
vt 0.998291 0.064209
vt 0.221680 0.265137
vt 0.227539 0.279785
vt 0.216309 0.276123
vt 0.229736 0.297852
vt 0.217041 0.291260
vt 0.206299 0.265869
vt 0.199463 0.270996
vt 0.231934 0.311279
vt 0.240723 0.309814
vt 0.244141 0.324219
vt 0.228271 0.322021
vt 0.241699 0.327148
vt 0.225098 0.309326
vt 0.208984 0.291016
vt 0.213867 0.308594
vt 0.234131 0.328125
vt 0.223389 0.324219
vt 0.197754 0.274902
vt 0.202881 0.291260
vt 0.190918 0.265381
vt 0.194336 0.261230
vt 0.185303 0.265869
vt 0.190430 0.270020
vt 0.190430 0.273926
vt 0.195557 0.280273
vt 0.196289 0.288330
vt 0.192627 0.282471
vt 0.180420 0.277344
vt 0.187500 0.281006
vt 0.193359 0.295166
vt 0.197021 0.297852
vt 0.203613 0.297363
vt 0.192871 0.300049
vt 0.195312 0.303467
vt 0.202881 0.309814
vt 0.208252 0.322510
vt 0.192139 0.315430
vt 0.228027 0.328125
vt 0.222412 0.331543
vt 0.220947 0.328857
vt 0.214355 0.334473
vt 0.215820 0.329102
vt 0.215576 0.331299
vt 0.211914 0.329834
vt 0.213623 0.331543
vt 0.212891 0.332520
vt 0.207275 0.332031
vt 0.210938 0.332764
vt 0.212158 0.334473
vt 0.210938 0.337158
vt 0.213623 0.339355
vt 0.210205 0.334229
vt 0.208496 0.334961
vt 0.208496 0.336914
vt 0.206299 0.335449
vt 0.202148 0.335938
vt 0.195068 0.331055
vt 0.197510 0.338623
vt 0.194092 0.338623
vt 0.190674 0.327393
vt 0.189697 0.341064
vt 0.186523 0.328369
vt 0.183350 0.343506
vt 0.173340 0.328857
vt 0.173828 0.342529
vt 0.183105 0.315674
vt 0.188232 0.312256
vt 0.190186 0.306396
vt 0.187256 0.309570
vt 0.187500 0.304932
vt 0.181885 0.309326
vt 0.186035 0.303223
vt 0.183350 0.299072
vt 0.167725 0.290039
vt 0.174561 0.301514
vt 0.179443 0.307129
vt 0.175049 0.309326
vt 0.180420 0.311768
vt 0.171631 0.305176
vt 0.170898 0.314453
vt 0.171387 0.312988
vt 0.163330 0.311035
vt 0.156494 0.303467
vt 0.172119 0.317383
vt 0.158203 0.315674
vt 0.160156 0.320801
vt 0.154297 0.317871
vt 0.151611 0.313232
vt 0.148926 0.317627
vt 0.159180 0.330322
vt 0.148926 0.323730
vt 0.139160 0.321045
vt 0.157227 0.342773
vt 0.165283 0.352051
vt 0.153076 0.351074
vt 0.146240 0.334961
vt 0.143555 0.346191
vt 0.139404 0.324219
vt 0.133301 0.329834
vt 0.134521 0.339844
vt 0.143311 0.352051
vt 0.147705 0.359863
vt 0.145264 0.360107
vt 0.143555 0.359619
vt 0.137451 0.349854
vt 0.136963 0.346680
vt 0.128662 0.338867
vt 0.124023 0.326904
vt 0.127441 0.323975
vt 0.123291 0.323975
vt 0.124023 0.322754
vt 0.125977 0.322754
vt 0.132812 0.321045
vt 0.128662 0.320312
vt 0.139648 0.318848
vt 0.123535 0.317627
vt 0.121338 0.317139
vt 0.131836 0.316895
vt 0.141113 0.315918
vt 0.137695 0.307617
vt 0.130127 0.310547
vt 0.124512 0.309326
vt 0.118408 0.305420
vt 0.120117 0.304199
vt 0.113037 0.298096
vt 0.120361 0.302002
vt 0.124023 0.306396
vt 0.126465 0.305176
vt 0.125000 0.301270
vt 0.127197 0.300049
vt 0.129150 0.305176
vt 0.130615 0.302490
vt 0.128662 0.298584
vt 0.144287 0.297363
vt 0.133789 0.292969
vt 0.127930 0.288818
vt 0.130615 0.291260
vt 0.134521 0.290527
vt 0.157227 0.290771
vt 0.146240 0.288330
vt 0.158936 0.286621
vt 0.163818 0.286133
vt 0.155273 0.281250
vt 0.137695 0.287354
vt 0.129639 0.289551
vt 0.132324 0.277588
vt 0.166992 0.270020
vt 0.173828 0.250977
vt 0.184570 0.254639
vt 0.148926 0.266602
vt 0.139893 0.255859
vt 0.126221 0.270508
vt 0.127930 0.280518
vt 0.124512 0.286621
vt 0.126221 0.297119
vt 0.124268 0.292480
vt 0.120361 0.272705
vt 0.111816 0.259521
vt 0.120850 0.288818
vt 0.121338 0.291992
vt 0.896484 0.024414
vt 0.894531 0.033203
vt 0.889648 0.021973
vt 0.888428 0.034424
vt 0.889893 0.049316
vt 0.887939 0.015869
vt 0.897217 0.018555
vt 0.895996 0.013184
vt 0.882568 0.018555
vt 0.879639 0.014160
vt 0.886230 0.022705
vt 0.881592 0.038818
vt 0.880127 0.022217
vt 0.875000 0.051270
vt 0.869873 0.059326
vt 0.873535 0.034424
vt 0.874512 0.017822
vt 0.868896 0.014404
vt 0.864502 0.018311
vt 0.863770 0.015137
vt 0.866211 0.037354
vt 0.863281 0.051514
vt 0.852539 0.037109
vt 0.857422 0.026855
vt 0.858643 0.017822
vt 0.856689 0.014648
vt 0.853271 0.019531
vt 0.847412 0.015625
vt 0.846924 0.032471
vt 0.844238 0.035156
vt 0.841064 0.027832
vt 0.841797 0.018311
vt 0.838379 0.031006
vt 0.032715 0.675781
vt 0.036377 0.679932
vt 0.028320 0.674805
vt 0.024414 0.680420
vt 0.037354 0.674316
vt 0.020752 0.674316
vt 0.035889 0.673096
vt 0.038818 0.667969
vt 0.035400 0.670654
vt 0.032715 0.672607
vt 0.024902 0.673584
vt 0.020752 0.671387
vt 0.024170 0.667725
vt 0.026855 0.670654
vt 0.025635 0.663574
vt 0.030762 0.670410
vt 0.033936 0.668457
vt 0.031250 0.665283
vt 0.045898 0.666016
vt 0.039795 0.670898
vt 0.045166 0.662354
vt 0.038086 0.664795
vt 0.044678 0.659668
vt 0.029297 0.659668
vt 0.022705 0.651611
vt 0.031982 0.658936
vt 0.040283 0.653809
vt 0.050537 0.649170
vt 0.049316 0.645020
vt 0.032471 0.645020
vt 0.034912 0.639160
vt 0.042480 0.635498
vt 0.031250 0.629639
vt 0.028564 0.634766
vt 0.020020 0.629395
vt 0.930420 0.794434
vt 0.934814 0.785889
vt 0.938721 0.806152
vt 0.940918 0.815674
vt 0.944824 0.804688
vt 0.932373 0.805664
vt 0.935059 0.814209
vt 0.932373 0.822754
vt 0.948975 0.813232
vt 0.928223 0.810791
vt 0.932373 0.818115
vt 0.927002 0.802979
vt 0.925293 0.799316
vt 0.923096 0.793945
vt 0.923340 0.807129
vt 0.920898 0.802734
vt 0.916016 0.799316
vt 0.917969 0.794189
vt 0.909912 0.811279
vt 0.923096 0.811768
vt 0.929199 0.814209
vt 0.927979 0.819336
vt 0.909912 0.834961
vt 0.897461 0.834961
vt 0.890381 0.838867
vt 0.890137 0.845459
vt 0.917480 0.836182
vt 0.925049 0.839355
vt 0.932373 0.838623
vt 0.931885 0.851318
vt 0.937256 0.862549
vt 0.934814 0.851318
vt 0.937988 0.853027
vt 0.934326 0.856689
vt 0.933594 0.853271
vt 0.673828 0.940918
vt 0.661377 0.944580
vt 0.664795 0.935059
vt 0.677246 0.943604
vt 0.667725 0.949707
vt 0.671875 0.951172
vt 0.677490 0.949463
vt 0.668701 0.952637
vt 0.671387 0.955566
vt 0.675293 0.961670
vt 0.677490 0.980957
vt 0.666260 0.953613
vt 0.666016 0.957275
vt 0.663818 0.952881
vt 0.662354 0.958252
vt 0.658203 0.962646
vt 0.660156 0.951904
vt 0.655762 0.949463
vt 0.654541 0.958740
vt 0.655518 0.953857
vt 0.656738 0.956299
vt 0.659180 0.954834
vt 0.043213 0.928955
vt 0.038330 0.936523
vt 0.026855 0.914062
vt 0.021240 0.918457
vt 0.021240 0.908936
vt 0.015381 0.914551
vt 0.026367 0.929932
vt 0.013184 0.921143
vt 0.006104 0.920166
vt 0.010986 0.929688
vt 0.000488 0.936279
vt 0.018311 0.921631
vt 0.017334 0.924316
vt 0.020264 0.925293
vt 0.016846 0.928711
vt 0.020508 0.932129
vt 0.020996 0.936523
vt 0.789551 0.013428
vt 0.800537 0.014893
vt 0.794922 0.016357
vt 0.800049 0.018799
vt 0.796875 0.019531
vt 0.792480 0.025391
vt 0.799561 0.023193
vt 0.797363 0.028809
vt 0.804688 0.020508
vt 0.803711 0.032471
vt 0.807129 0.018311
vt 0.807373 0.012939
vt 0.813965 0.017578
vt 0.811279 0.023193
vt 0.817627 0.021973
vt 0.822998 0.022949
vt 0.811523 0.030762
vt 0.804443 0.039062
vt 0.820068 0.032471
vt 0.816162 0.030518
vt 0.812988 0.032715
vt 0.828857 0.030518
vt 0.827637 0.027100
vt 0.832764 0.029541
vt 0.822754 0.040039
vt 0.808350 0.038330
vt 0.813965 0.035400
vt 0.814941 0.038574
vt 0.811523 0.041260
vt 0.812012 0.044434
vt 0.802002 0.055420
vt 0.812256 0.050293
vt 0.542480 0.034668
vt 0.541504 0.046387
vt 0.515625 0.047363
vt 0.514160 0.024414
vt 0.543457 0.017822
vt 0.511719 0.015137
vt 0.494873 0.034912
vt 0.499512 0.024414
vt 0.494873 0.022461
vt 0.489014 0.028320
vt 0.499512 0.051025
vt 0.511475 0.070557
vt 0.489502 0.041992
vt 0.499268 0.060303
vt 0.484863 0.031738
vt 0.485107 0.026611
vt 0.479492 0.030762
vt 0.481934 0.028076
vt 0.479736 0.025146
vt 0.772705 0.097168
vt 0.768555 0.100586
vt 0.765137 0.097656
vt 0.770264 0.108154
vt 0.765381 0.102539
vt 0.764160 0.092529
vt 0.774902 0.085938
vt 0.761230 0.076172
vt 0.757568 0.097168
vt 0.752930 0.102295
vt 0.766357 0.114014
vt 0.750000 0.108887
vt 0.757324 0.090088
vt 0.729492 0.104492
vt 0.749268 0.094482
vt 0.740479 0.095947
vt 0.744873 0.094971
vt 0.750977 0.092041
vt 0.751953 0.090576
vt 0.750244 0.089600
vt 0.749268 0.087158
vt 0.737549 0.087402
vt 0.736084 0.090820
vt 0.735352 0.093018
vt 0.732666 0.091309
vt 0.732422 0.094482
vt 0.730957 0.098145
vt 0.724854 0.090332
vt 0.729492 0.079590
vt 0.720947 0.086426
vt 0.724854 0.095215
vt 0.726562 0.112305
vt 0.719971 0.097168
vt 0.713623 0.090820
vt 0.701172 0.083252
vt 0.704346 0.094727
vt 0.776855 0.891846
vt 0.777100 0.885010
vt 0.781006 0.891113
vt 0.783447 0.880615
vt 0.780029 0.898682
vt 0.785645 0.889648
vt 0.782959 0.901123
vt 0.787109 0.897949
vt 0.795166 0.883545
vt 0.790771 0.872559
vt 0.781494 0.908936
vt 0.802490 0.865234
vt 0.799316 0.858154
vt 0.806396 0.858154
vt 0.806152 0.872314
vt 0.812744 0.857422
vt 0.795410 0.895752
vt 0.791748 0.897705
vt 0.795898 0.905273
vt 0.788330 0.904053
vt 0.792725 0.906738
vt 0.790771 0.924561
vt 0.784180 0.911133
vt 0.784668 0.922852
vt 0.795410 0.964844
vt 0.808105 0.980713
vt 0.779053 0.919678
vt 0.779053 0.933594
vt 0.786865 0.980225
vt 0.770264 0.961914
vt 0.767578 0.932373
vt 0.761963 0.964111
vt 0.746582 0.985107
vt 0.761719 0.925537
vt 0.765381 0.918701
vt 0.752930 0.914062
vt 0.760010 0.913330
vt 0.745117 0.913574
vt 0.769043 0.915771
vt 0.777832 0.915283
vt 0.775879 0.909668
vt 0.770996 0.907959
vt 0.778564 0.903809
vt 0.768799 0.904541
vt 0.991211 0.019043
vt 0.995117 0.025635
vt 0.991455 0.025391
vt 0.992676 0.030273
vt 0.997070 0.031494
vt 0.220459 0.135254
vt 0.230469 0.136475
vt 0.218994 0.137695
vt 0.214111 0.137695
vt 0.207764 0.133545
vt 0.196289 0.143311
vt 0.215088 0.143799
vt 0.210449 0.146729
vt 0.197754 0.155273
vt 0.190430 0.162598
vt 0.211914 0.149658
vt 0.204590 0.158691
vt 0.224121 0.140869
vt 0.223389 0.146729
vt 0.229980 0.143066
vt 0.221191 0.149170
vt 0.225586 0.148926
vt 0.231934 0.151123
vt 0.236816 0.151367
vt 0.237305 0.157227
vt 0.228027 0.155518
vt 0.231689 0.158936
vt 0.226318 0.164307
vt 0.229248 0.167969
vt 0.225098 0.160889
vt 0.222656 0.157227
vt 0.219971 0.169922
vt 0.222656 0.172852
vt 0.218506 0.175293
vt 0.218506 0.161865
vt 0.213135 0.174316
vt 0.215820 0.154297
vt 0.211914 0.154053
vt 0.208252 0.172607
vt 0.200684 0.174805
vt 0.192627 0.187744
vt 0.206299 0.182617
vt 0.201660 0.184082
vt 0.198242 0.200928
vt 0.189209 0.217529
vt 0.208984 0.190918
vt 0.211182 0.187012
vt 0.211182 0.182617
vt 0.215332 0.180176
vt 0.217529 0.177734
vt 0.217041 0.183105
vt 0.213867 0.186035
vt 0.212891 0.189697
vt 0.357422 0.160645
vt 0.358643 0.142334
vt 0.367432 0.136963
vt 0.365234 0.162842
vt 0.350342 0.156738
vt 0.362305 0.119629
vt 0.367188 0.110107
vt 0.351074 0.135010
vt 0.356934 0.102295
vt 0.365479 0.100098
vt 0.362305 0.096924
vt 0.357422 0.096680
vt 0.352539 0.097900
vt 0.350586 0.111816
vt 0.346191 0.104736
vt 0.343994 0.118408
vt 0.340820 0.105713
vt 0.338135 0.109619
vt 0.344971 0.151855
vt 0.345215 0.171875
vt 0.329102 0.156738
vt 0.330566 0.131104
vt 0.333008 0.113037
vt 0.334717 0.109619
vt 0.335938 0.106934
vt 0.333008 0.106201
vt 0.330811 0.106445
vt 0.329102 0.110352
vt 0.324951 0.112061
vt 0.325439 0.128906
vt 0.325684 0.149902
vt 0.318359 0.171143
vt 0.313721 0.155273
vt 0.319824 0.130859
vt 0.313477 0.106934
vt 0.307861 0.137695
vt 0.303711 0.153320
vt 0.309570 0.122803
vt 0.309814 0.103271
vt 0.305664 0.137207
vt 0.297852 0.151855
vt 0.302490 0.108154
vt 0.299561 0.134521
vt 0.291992 0.134521
vt 0.281494 0.157715
vt 0.301514 0.120850
vt 0.295654 0.114014
vt 0.225586 0.542236
vt 0.223145 0.552734
vt 0.198975 0.529297
vt 0.216797 0.527832
vt 0.194336 0.542725
vt 0.221680 0.570801
vt 0.184326 0.555176
vt 0.243164 0.565186
vt 0.242432 0.573242
vt 0.202637 0.580811
vt 0.239258 0.579590
vt 0.252197 0.588623
vt 0.239014 0.594727
vt 0.228516 0.603516
vt 0.238037 0.611328
vt 0.246094 0.628662
vt 0.218506 0.612305
vt 0.185303 0.616211
vt 0.226074 0.633301
vt 0.194580 0.653564
vt 0.217041 0.662109
vt 0.234375 0.646484
vt 0.198975 0.672607
vt 0.199219 0.682861
vt 0.228760 0.678223
vt 0.220459 0.695312
vt 0.751953 0.599609
vt 0.747314 0.598633
vt 0.752930 0.593506
vt 0.756836 0.591309
vt 0.768311 0.597412
vt 0.753662 0.605957
vt 0.766113 0.612549
vt 0.749512 0.605469
vt 0.744385 0.614502
vt 0.751709 0.620605
vt 0.744141 0.601807
vt 0.742920 0.593750
vt 0.743408 0.629883
vt 0.736328 0.591553
vt 0.737061 0.595947
vt 0.731689 0.595703
vt 0.740967 0.602539
vt 0.739990 0.607178
vt 0.735107 0.601074
vt 0.727539 0.598145
vt 0.733887 0.590576
vt 0.732910 0.602051
vt 0.730469 0.606445
vt 0.727295 0.602783
vt 0.721436 0.602783
vt 0.724365 0.588623
vt 0.725342 0.605957
vt 0.709229 0.603271
vt 0.731934 0.613281
vt 0.723633 0.608643
vt 0.715088 0.608154
vt 0.729004 0.615967
vt 0.721680 0.611084
vt 0.726318 0.624023
vt 0.739014 0.639160
vt 0.721436 0.614746
vt 0.717773 0.612061
vt 0.718262 0.614990
vt 0.722168 0.633789
vt 0.712891 0.614990
vt 0.708252 0.610107
vt 0.706543 0.606201
vt 0.707520 0.617432
vt 0.703125 0.605225
vt 0.702148 0.618896
vt 0.735352 0.648682
vt 0.749512 0.656738
vt 0.715088 0.639893
vt 0.748535 0.663818
vt 0.757812 0.671875
vt 0.736084 0.664795
vt 0.759033 0.679688
vt 0.766846 0.684570
vt 0.751709 0.673828
vt 0.744629 0.672852
vt 0.739990 0.677246
vt 0.750977 0.683105
vt 0.754639 0.685303
vt 0.753906 0.691406
vt 0.751953 0.689941
vt 0.746338 0.678711
vt 0.746094 0.681396
vt 0.746582 0.683594
vt 0.726562 0.663086
vt 0.735840 0.679932
vt 0.728027 0.669434
vt 0.748291 0.687500
vt 0.754150 0.694092
vt 0.754639 0.698486
vt 0.740723 0.686035
vt 0.748291 0.690430
vt 0.741455 0.689453
vt 0.736084 0.685303
vt 0.745117 0.694580
vt 0.749512 0.697266
vt 0.753662 0.711182
vt 0.729492 0.681396
vt 0.749756 0.708740
vt 0.752930 0.722168
vt 0.737549 0.690186
vt 0.726807 0.686035
vt 0.744873 0.701172
vt 0.747803 0.711182
vt 0.750732 0.722168
vt 0.746826 0.712158
vt 0.739014 0.706543
vt 0.745850 0.719727
vt 0.741943 0.695801
vt 0.738281 0.696045
vt 0.735107 0.707031
vt 0.739258 0.717041
vt 0.729004 0.691650
vt 0.721436 0.703613
vt 0.726318 0.716309
vt 0.720459 0.688721
vt 0.713867 0.689209
vt 0.709717 0.692383
vt 0.710693 0.685791
vt 0.716553 0.686279
vt 0.720703 0.684326
vt 0.717285 0.680664
vt 0.707031 0.683838
vt 0.722656 0.669434
vt 0.707520 0.665771
vt 0.698730 0.683105
vt 0.687012 0.665039
vt 0.707031 0.656738
vt 0.703125 0.648926
vt 0.695557 0.646484
vt 0.679199 0.661865
vt 0.688965 0.648438
vt 0.679688 0.656982
vt 0.676758 0.651611
vt 0.691406 0.634521
vt 0.684814 0.642822
vt 0.670898 0.641357
vt 0.681885 0.628418
vt 0.664795 0.635010
vt 0.672852 0.614258
vt 0.682617 0.614014
vt 0.687988 0.622314
vt 0.676758 0.607422
vt 0.664795 0.610840
vt 0.687988 0.610596
vt 0.704590 0.636230
vt 0.678223 0.605713
vt 0.675781 0.602539
vt 0.672852 0.603271
vt 0.672363 0.599854
vt 0.679199 0.600098
vt 0.687744 0.605469
vt 0.687012 0.599609
vt 0.668701 0.601074
vt 0.667969 0.599609
vt 0.668701 0.602783
vt 0.668213 0.604004
vt 0.664795 0.600586
vt 0.666016 0.598145
vt 0.659912 0.595459
vt 0.656738 0.596191
vt 0.658447 0.600586
vt 0.667236 0.605469
vt 0.663330 0.601318
vt 0.662354 0.606201
vt 0.658936 0.609131
vt 0.656494 0.605225
vt 0.663330 0.604004
vt 0.660400 0.604492
vt 0.660400 0.602783
vt 0.656250 0.602295
vt 0.466064 0.225342
vt 0.456299 0.228516
vt 0.461914 0.224121
vt 0.454346 0.222900
vt 0.463623 0.219727
vt 0.457764 0.215576
vt 0.450439 0.218018
vt 0.464844 0.214355
vt 0.450928 0.226807
vt 0.461426 0.210693
vt 0.442139 0.227539
vt 0.445068 0.217773
vt 0.429199 0.233887
vt 0.442871 0.235596
vt 0.423340 0.247070
vt 0.408691 0.254639
vt 0.426025 0.255127
vt 0.440186 0.246582
vt 0.454590 0.242432
vt 0.448975 0.254639
vt 0.458740 0.232422
vt 0.455078 0.247559
vt 0.449707 0.261719
vt 0.443604 0.268311
vt 0.461426 0.257568
vt 0.461914 0.260498
vt 0.459229 0.238770
vt 0.463379 0.242920
vt 0.467529 0.238037
vt 0.470215 0.248047
vt 0.454834 0.253174
vt 0.463623 0.250732
vt 0.459961 0.253906
vt 0.469971 0.254639
vt 0.466553 0.231689
vt 0.477783 0.245361
vt 0.472168 0.238037
vt 0.472656 0.232422
vt 0.477051 0.250977
vt 0.479004 0.254883
vt 0.491699 0.246094
vt 0.481934 0.239746
vt 0.499756 0.236084
vt 0.509766 0.242676
vt 0.499512 0.231201
vt 0.482666 0.234375
vt 0.479736 0.231201
vt 0.487061 0.228516
vt 0.476074 0.225830
vt 0.469482 0.221680
vt 0.493652 0.227051
vt 0.500000 0.224121
vt 0.515625 0.219482
vt 0.498779 0.220703
vt 0.484863 0.220215
vt 0.494385 0.214355
vt 0.488525 0.214111
vt 0.479736 0.217041
vt 0.472412 0.217041
vt 0.477295 0.213623
vt 0.469727 0.210693
vt 0.479248 0.211914
vt 0.468018 0.207031
vt 0.488770 0.206299
vt 0.463379 0.207275
vt 0.009033 0.193115
vt 0.037598 0.179443
vt 0.041260 0.192139
vt 0.022705 0.179688
vt 0.000244 0.189209
vt 0.010254 0.174316
vt 0.027588 0.163574
vt 0.023193 0.199707
vt 0.000732 0.200684
vt 0.021240 0.210449
vt 0.039551 0.196289
vt 0.048340 0.194336
vt 0.045654 0.197266
vt 0.037598 0.199951
vt 0.046387 0.203125
vt 0.028320 0.213623
vt 0.018555 0.226562
vt 0.832520 0.205566
vt 0.857422 0.205322
vt 0.839844 0.215332
vt 0.813965 0.216064
vt 0.805908 0.209473
vt 0.800537 0.212646
vt 0.799561 0.206787
vt 0.797852 0.221436
vt 0.790771 0.216797
vt 0.812988 0.233643
vt 0.783203 0.233887
vt 0.792480 0.207275
vt 0.781982 0.203857
vt 0.784424 0.197266
vt 0.777344 0.189209
vt 0.789551 0.200195
vt 0.777832 0.187012
vt 0.769775 0.182129
vt 0.770508 0.179199
vt 0.794189 0.204834
vt 0.797119 0.204590
vt 0.799561 0.204346
vt 0.792236 0.199951
vt 0.789062 0.195557
vt 0.790039 0.195557
vt 0.793945 0.199219
vt 0.789551 0.192871
vt 0.793945 0.194336
vt 0.799072 0.198975
vt 0.050049 0.547852
vt 0.044922 0.549072
vt 0.034912 0.541016
vt 0.049561 0.543701
vt 0.058350 0.546387
vt 0.039551 0.551514
vt 0.067383 0.545898
vt 0.061523 0.550537
vt 0.047607 0.551758
vt 0.052002 0.553711
vt 0.061035 0.554932
vt 0.040039 0.556396
vt 0.051514 0.559326
vt 0.067383 0.558594
vt 0.034424 0.552490
vt 0.035156 0.556641
vt 0.027344 0.543701
vt 0.029053 0.555664
vt 0.023682 0.569336
vt 0.020020 0.530518
vt 0.021484 0.565186
vt 0.852295 0.569824
vt 0.858398 0.570557
vt 0.860107 0.578369
vt 0.854248 0.565430
vt 0.863770 0.572266
vt 0.861572 0.566406
vt 0.864014 0.580811
vt 0.861084 0.562500
vt 0.867432 0.566895
vt 0.872803 0.573730
vt 0.869141 0.582031
vt 0.864990 0.585449
vt 0.872314 0.590820
vt 0.868896 0.604980
vt 0.878418 0.593506
vt 0.874756 0.582031
vt 0.879639 0.583252
vt 0.883789 0.582275
vt 0.880615 0.574707
vt 0.887939 0.574219
vt 0.884766 0.569580
vt 0.895264 0.570801
vt 0.890137 0.565186
vt 0.879639 0.567871
vt 0.883301 0.562256
vt 0.891113 0.557373
vt 0.879639 0.563232
vt 0.879150 0.554199
vt 0.877197 0.533936
vt 0.875488 0.564453
vt 0.871826 0.567383
vt 0.872070 0.562012
vt 0.866943 0.561523
vt 0.873047 0.558594
vt 0.868408 0.548340
vt 0.865234 0.540527
vt 0.874023 0.519775
vt 0.875000 0.512939
vt 0.807861 0.350586
vt 0.807373 0.341309
vt 0.812500 0.345215
vt 0.808838 0.334229
vt 0.811523 0.333984
vt 0.812744 0.349854
vt 0.811035 0.351807
vt 0.816650 0.349365
vt 0.815186 0.353027
vt 0.816162 0.335938
vt 0.812500 0.330566
vt 0.817383 0.330811
vt 0.826416 0.337646
vt 0.827148 0.333252
vt 0.819336 0.354492
vt 0.815918 0.354492
vt 0.832031 0.333008
vt 0.828369 0.351074
vt 0.828125 0.363525
vt 0.820801 0.363037
vt 0.822754 0.367676
vt 0.834229 0.353271
vt 0.839111 0.378662
vt 0.826172 0.375488
vt 0.836914 0.390869
vt 0.878418 0.389893
vt 0.862793 0.400879
vt 0.868164 0.369141
vt 0.836670 0.363281
vt 0.845215 0.365479
vt 0.850830 0.351074
vt 0.873779 0.357666
vt 0.876465 0.316406
vt 0.838623 0.334229
vt 0.835693 0.320557
vt 0.840088 0.318848
vt 0.851562 0.321045
vt 0.846436 0.299316
vt 0.867432 0.290771
vt 0.984863 0.848389
vt 0.993408 0.838623
vt 0.997070 0.844238
vt 0.997803 0.835693
vt 0.989746 0.854980
vt 0.993164 0.834961
vt 0.993896 0.830566
vt 0.987793 0.837646
vt 0.983398 0.831055
vt 0.995361 0.827637
vt 0.985840 0.834961
vt 0.982422 0.838867
vt 0.988281 0.825684
vt 0.974609 0.836670
vt 0.982910 0.821045
vt 0.997314 0.819580
vt 0.974365 0.824951
vt 0.958496 0.813232
vt 0.959717 0.818604
vt 0.977295 0.831299
vt 0.960449 0.823730
vt 0.954346 0.823730
vt 0.972656 0.830566
vt 0.956299 0.827881
vt 0.968506 0.829590
vt 0.969971 0.832520
vt 0.962646 0.828125
vt 0.965088 0.831055
vt 0.962891 0.833984
vt 0.960938 0.830322
vt 0.957275 0.832275
vt 0.952637 0.831299
vt 0.948730 0.830322
vt 0.950195 0.842285
vt 0.956787 0.843994
vt 0.968262 0.850342
vt 0.957275 0.851807
vt 0.975342 0.841797
vt 0.976318 0.858643
vt 0.983398 0.860840
vt 0.988525 0.861572
vt 0.985107 0.864746
vt 0.988525 0.866699
vt 0.985107 0.873779
vt 0.979004 0.870850
vt 0.977539 0.875977
vt 0.979492 0.864502
vt 0.973877 0.868652
vt 0.975342 0.862793
vt 0.970215 0.863770
vt 0.960938 0.866455
vt 0.971924 0.859619
vt 0.966309 0.861328
vt 0.954590 0.860107
vt 0.967529 0.855469
vt 0.962158 0.857666
vt 0.951660 0.854492
vt 0.949951 0.859375
vt 0.948486 0.849121
vt 0.942627 0.848877
vt 0.943848 0.853516
vt 0.941895 0.861084
vt 0.948486 0.851807
vt 0.024414 0.353271
vt 0.024414 0.358154
vt 0.017822 0.350342
vt 0.027344 0.354492
vt 0.017090 0.365479
vt 0.031982 0.348145
vt 0.008789 0.369873
vt 0.005127 0.362305
vt 0.001465 0.353760
vt 0.023926 0.349854
vt 0.024170 0.346924
vt 0.012695 0.342285
vt 0.028809 0.338135
vt 0.039307 0.346191
vt 0.020752 0.346191
vt 0.003418 0.345703
vt 0.022949 0.341797
vt 0.017090 0.344727
vt 0.022949 0.339111
vt 0.023682 0.335449
vt 0.023438 0.331543
vt 0.018066 0.340332
vt 0.017090 0.337402
vt 0.013184 0.336182
vt 0.020996 0.321777
vt 0.003174 0.331299
vt 0.994629 0.770752
vt 0.995605 0.781006
vt 0.992188 0.776123
vt 0.992432 0.786133
vt 0.987549 0.781982
vt 0.979736 0.775391
vt 0.959961 0.780273
vt 0.968506 0.770996
vt 0.966553 0.780762
vt 0.953613 0.785645
vt 0.975098 0.782715
vt 0.962402 0.789062
vt 0.941406 0.786621
vt 0.947510 0.790039
vt 0.957031 0.791992
vt 0.955078 0.797607
vt 0.957764 0.798584
vt 0.959473 0.797119
vt 0.964355 0.797119
vt 0.966797 0.801514
vt 0.968018 0.798096
vt 0.968018 0.796143
vt 0.972900 0.799316
vt 0.971680 0.791260
vt 0.977783 0.788330
vt 0.976562 0.804443
vt 0.970215 0.810791
vt 0.987061 0.805908
vt 0.977051 0.797119
vt 0.986572 0.796631
vt 0.992188 0.799316
vt 0.997070 0.801025
vt 0.990234 0.792969
vt 0.992432 0.791260
vt 0.979736 0.792236
vt 0.981445 0.793701
vt 0.983154 0.791016
vt 0.984131 0.792725
vt 0.985352 0.788086
vt 0.987793 0.788574
vt 0.990723 0.789062
vt 0.860352 0.226074
vt 0.853760 0.253662
vt 0.840088 0.238037
vt 0.824707 0.251221
vt 0.811279 0.272461
vt 0.917236 0.228271
vt 0.919678 0.215088
vt 0.924561 0.214111
vt 0.918457 0.181396
vt 0.921875 0.229980
vt 0.916748 0.160400
vt 0.927979 0.176758
vt 0.943359 0.163330
vt 0.939697 0.176514
vt 0.935547 0.203857
vt 0.944092 0.202393
vt 0.935547 0.218506
vt 0.926758 0.218262
vt 0.924805 0.224121
vt 0.929443 0.221191
vt 0.933594 0.223633
vt 0.927979 0.226807
vt 0.926025 0.233643
vt 0.343262 0.037354
vt 0.359375 0.014893
vt 0.374023 0.022217
vt 0.365967 0.040039
vt 0.379883 0.024658
vt 0.383301 0.017822
vt 0.375244 0.036621
vt 0.370361 0.041260
vt 0.368164 0.049561
vt 0.373779 0.041260
vt 0.373291 0.046143
vt 0.376709 0.040527
vt 0.380371 0.039795
vt 0.376953 0.047607
vt 0.375977 0.052979
vt 0.370117 0.058594
vt 0.375732 0.055908
vt 0.382568 0.045898
vt 0.390137 0.031006
vt 0.396729 0.029053
vt 0.383301 0.029297
vt 0.396484 0.023926
vt 0.400391 0.025391
vt 0.397949 0.016846
vt 0.392334 0.021973
vt 0.389160 0.029053
vt 0.384277 0.021973
vt 0.386475 0.027588
vt 0.388428 0.025879
vt 0.385010 0.027100
vt 0.386963 0.023682
vt 0.390381 0.018799
vt 0.392334 0.015137
vt 0.884521 0.830322
vt 0.881348 0.835693
vt 0.882568 0.822998
vt 0.887207 0.822510
vt 0.873291 0.824219
vt 0.876709 0.817627
vt 0.884033 0.815918
vt 0.887695 0.815674
vt 0.892822 0.818604
vt 0.878906 0.804688
vt 0.874756 0.812988
vt 0.876465 0.805176
vt 0.892090 0.815674
vt 0.887695 0.802734
vt 0.894775 0.810547
vt 0.901123 0.813721
vt 0.899414 0.807617
vt 0.894775 0.800781
vt 0.881104 0.795410
vt 0.868164 0.795654
vt 0.891846 0.795898
vt 0.901611 0.797607
vt 0.874512 0.792236
vt 0.901123 0.795166
vt 0.903809 0.797363
vt 0.905029 0.796631
vt 0.904541 0.794434
vt 0.902832 0.792480
vt 0.889648 0.792969
vt 0.897705 0.791260
vt 0.903564 0.789062
vt 0.882080 0.791748
vt 0.870361 0.786865
vt 0.899414 0.783447
vt 0.905518 0.784912
vt 0.901367 0.781250
vt 0.896973 0.779785
vt 0.906250 0.770508
vt 0.902344 0.768555
vt 0.877441 0.786377
vt 0.865967 0.781494
vt 0.885010 0.789062
vt 0.876709 0.784668
vt 0.865234 0.779297
vt 0.890625 0.789062
vt 0.887695 0.786377
vt 0.889893 0.784668
vt 0.883545 0.782715
vt 0.892090 0.781982
vt 0.876221 0.781494
vt 0.869141 0.774658
vt 0.866455 0.772705
vt 0.866455 0.765869
vt 0.880615 0.778320
vt 0.870361 0.773682
vt 0.877686 0.780029
vt 0.875000 0.775635
vt 0.871094 0.772705
vt 0.868164 0.767334
vt 0.867920 0.762451
vt 0.868164 0.753906
vt 0.869141 0.766357
vt 0.872314 0.768799
vt 0.876465 0.771240
vt 0.869873 0.757080
vt 0.877197 0.751465
vt 0.880127 0.747070
vt 0.887695 0.749023
vt 0.890381 0.753418
vt 0.879883 0.755127
vt 0.870850 0.763916
vt 0.874756 0.758789
vt 0.885742 0.763672
vt 0.897705 0.757568
vt 0.873535 0.764893
vt 0.895508 0.770264
vt 0.885010 0.774658
vt 0.893555 0.774414
vt 0.895752 0.775635
vt 0.888916 0.778320
vt 0.751953 0.073486
vt 0.754639 0.048340
vt 0.757324 0.053223
vt 0.760742 0.039551
vt 0.752197 0.025879
vt 0.762207 0.028564
vt 0.767822 0.037109
vt 0.774902 0.029785
vt 0.772705 0.022949
vt 0.958740 0.728271
vt 0.970947 0.747559
vt 0.964355 0.762207
vt 0.951904 0.731201
vt 0.954346 0.776367
vt 0.949463 0.717773
vt 0.970459 0.719482
vt 0.974365 0.765625
vt 0.989746 0.743896
vt 0.977295 0.755127
vt 0.982666 0.763916
vt 0.997803 0.761719
vt 0.156982 0.230225
vt 0.137695 0.232178
vt 0.157715 0.217285
vt 0.135498 0.219727
vt 0.128418 0.249268
vt 0.171875 0.203857
vt 0.176514 0.215332
vt 0.156494 0.203857
vt 0.144043 0.196777
vt 0.121826 0.214844
vt 0.162109 0.197754
vt 0.172119 0.190674
vt 0.127197 0.197510
vt 0.124268 0.189941
vt 0.142822 0.181641
vt 0.157471 0.189697
vt 0.150391 0.177490
vt 0.172852 0.174072
vt 0.154053 0.171387
vt 0.148682 0.168701
vt 0.169434 0.168457
vt 0.183350 0.158691
vt 0.919678 0.313477
vt 0.924805 0.320068
vt 0.921875 0.321533
vt 0.926758 0.317871
vt 0.930176 0.325684
vt 0.914307 0.312256
vt 0.915039 0.320557
vt 0.927490 0.330322
vt 0.921631 0.337158
vt 0.920898 0.307617
vt 0.919189 0.299805
vt 0.913086 0.296387
vt 0.928711 0.336182
vt 0.926758 0.339355
vt 0.930176 0.343018
vt 0.931885 0.330811
vt 0.933350 0.335693
vt 0.940430 0.343750
vt 0.940674 0.354980
vt 0.940918 0.333984
vt 0.936279 0.328857
vt 0.936035 0.324707
vt 0.947266 0.350830
vt 0.948486 0.352783
vt 0.952148 0.334473
vt 0.951416 0.345215
vt 0.954346 0.346924
vt 0.955566 0.329102
vt 0.942627 0.329590
vt 0.950684 0.327881
vt 0.956543 0.317383
vt 0.941162 0.327637
vt 0.949951 0.315674
vt 0.958984 0.305176
vt 0.958496 0.323242
vt 0.941895 0.313232
vt 0.947510 0.304932
vt 0.946533 0.296875
vt 0.955078 0.290527
vt 0.944336 0.304199
vt 0.934082 0.286621
vt 0.936768 0.309814
vt 0.933838 0.306885
vt 0.937988 0.296387
vt 0.930908 0.302002
vt 0.933594 0.292480
vt 0.925537 0.291748
vt 0.919678 0.283936
vt 0.716553 0.064941
vt 0.730713 0.070312
vt 0.715332 0.078857
vt 0.701904 0.072510
vt 0.732178 0.053467
vt 0.746338 0.065186
vt 0.744873 0.051514
vt 0.739258 0.042969
vt 0.746582 0.043213
vt 0.747070 0.040283
vt 0.737793 0.036377
vt 0.725830 0.036133
vt 0.716553 0.040771
vt 0.703857 0.034912
vt 0.689209 0.046875
vt 0.707275 0.051270
vt 0.692383 0.058105
vt 0.684326 0.042236
vt 0.682129 0.047119
vt 0.679443 0.039551
vt 0.682129 0.052979
vt 0.682373 0.063965
vt 0.688232 0.069824
vt 0.695557 0.079590
vt 0.679932 0.074463
vt 0.598389 0.103271
vt 0.602295 0.096436
vt 0.612061 0.103760
vt 0.597656 0.113037
vt 0.614746 0.107178
vt 0.618408 0.125732
vt 0.621094 0.108398
vt 0.616455 0.103271
vt 0.616455 0.097412
vt 0.624756 0.104004
vt 0.625977 0.113770
vt 0.618164 0.089600
vt 0.614502 0.092773
vt 0.636719 0.091064
vt 0.623535 0.079590
vt 0.634033 0.103760
vt 0.643311 0.090088
vt 0.607910 0.094727
vt 0.608887 0.087891
vt 0.601807 0.091797
vt 0.605713 0.091064
vt 0.602295 0.088623
vt 0.598145 0.082031
vt 0.652832 0.093994
vt 0.636475 0.109375
vt 0.630371 0.115723
vt 0.643555 0.128418
vt 0.631836 0.122070
vt 0.642578 0.148193
vt 0.659912 0.112549
vt 0.662842 0.102539
vt 0.662842 0.096680
vt 0.664795 0.099365
vt 0.665771 0.101074
vt 0.660400 0.093018
vt 0.658936 0.088135
vt 0.663818 0.089844
vt 0.665771 0.096436
vt 0.664062 0.091797
vt 0.667969 0.097900
vt 0.671631 0.099121
vt 0.672119 0.097412
vt 0.670654 0.095215
vt 0.665039 0.094727
vt 0.667725 0.091309
vt 0.675781 0.096924
vt 0.666992 0.088867
vt 0.670898 0.089355
vt 0.668945 0.086670
vt 0.672852 0.084473
vt 0.464355 0.263184
vt 0.461426 0.264648
vt 0.470703 0.259766
vt 0.466064 0.265625
vt 0.472412 0.265625
vt 0.482178 0.262939
vt 0.474854 0.268311
vt 0.466797 0.272217
vt 0.464600 0.269043
vt 0.230225 0.992188
vt 0.228271 0.985352
vt 0.241211 0.990723
vt 0.244873 0.997070
vt 0.222900 0.984863
vt 0.224609 0.981445
vt 0.227051 0.977051
vt 0.221680 0.976318
vt 0.239014 0.984619
vt 0.243164 0.984619
vt 0.236816 0.975830
vt 0.245361 0.978516
vt 0.063965 0.838135
vt 0.073730 0.851807
vt 0.062012 0.852783
vt 0.047119 0.858154
vt 0.040283 0.851562
vt 0.037109 0.835693
vt 0.079102 0.852539
vt 0.056885 0.825928
vt 0.059082 0.823730
vt 0.056152 0.820312
vt 0.066650 0.828369
vt 0.069336 0.830078
vt 0.071777 0.833740
vt 0.089355 0.846191
vt 0.088867 0.856934
vt 0.107910 0.862793
vt 0.425293 0.057129
vt 0.426514 0.061768
vt 0.416992 0.056885
vt 0.416260 0.061523
vt 0.431885 0.047607
vt 0.400146 0.051758
vt 0.434082 0.061523
vt 0.432617 0.072998
vt 0.423828 0.073975
vt 0.442627 0.057617
vt 0.468750 0.047119
vt 0.455078 0.062256
vt 0.443115 0.064453
vt 0.441406 0.067139
vt 0.439453 0.083984
vt 0.445312 0.072510
vt 0.455566 0.073486
vt 0.442383 0.090332
vt 0.450928 0.088379
vt 0.462158 0.093018
vt 0.450439 0.096191
vt 0.232666 0.250244
vt 0.231934 0.253906
vt 0.228271 0.250977
vt 0.227539 0.254395
vt 0.228271 0.243896
vt 0.224609 0.248535
vt 0.218750 0.243408
vt 0.230225 0.241211
vt 0.233154 0.245605
vt 0.221924 0.234375
vt 0.237793 0.234619
vt 0.247314 0.230713
vt 0.239746 0.227051
vt 0.210693 0.227539
vt 0.211426 0.242188
vt 0.218994 0.245850
vt 0.206543 0.248291
vt 0.233643 0.214355
vt 0.226318 0.213135
vt 0.231934 0.210449
vt 0.214355 0.217773
vt 0.191650 0.222412
vt 0.194824 0.241943
vt 0.187500 0.246826
vt 0.191406 0.255371
vt 0.165771 0.245605
vt 0.173828 0.238525
vt 0.166260 0.234375
vt 0.139404 0.242432
vt 0.570068 0.035156
vt 0.573486 0.025879
vt 0.576660 0.027100
vt 0.569824 0.021484
vt 0.583496 0.034668
vt 0.576172 0.020752
vt 0.578369 0.022461
vt 0.579102 0.016357
vt 0.583496 0.024658
vt 0.588867 0.019775
vt 0.575928 0.011963
vt 0.567383 0.016357
vt 0.586914 0.015625
vt 0.567871 0.011475
vt 0.562744 0.012207
vt 0.561768 0.014893
vt 0.595215 0.012939
vt 0.598389 0.003174
vt 0.590820 0.028809
vt 0.590576 0.044434
vt 0.597900 0.017334
vt 0.602295 0.011230
vt 0.603516 0.005127
vt 0.606445 0.011475
vt 0.606934 0.019043
vt 0.613281 0.032715
vt 0.650146 0.411377
vt 0.659668 0.430908
vt 0.650635 0.430664
vt 0.646973 0.420898
vt 0.669922 0.419189
vt 0.638672 0.419678
vt 0.627930 0.407471
vt 0.625244 0.414062
vt 0.666504 0.395264
vt 0.651123 0.388184
vt 0.629639 0.390137
vt 0.645752 0.367432
vt 0.674561 0.372803
vt 0.637939 0.375244
vt 0.630371 0.375000
vt 0.625732 0.384521
vt 0.617920 0.389404
vt 0.613281 0.397461
vt 0.611572 0.389893
vt 0.614014 0.413574
vt 0.620117 0.413330
vt 0.618652 0.417480
vt 0.621582 0.420166
vt 0.619385 0.419922
vt 0.616943 0.420166
vt 0.615967 0.415039
vt 0.613525 0.416748
vt 0.610352 0.417725
vt 0.615234 0.416992
vt 0.615479 0.419189
vt 0.615723 0.420654
vt 0.606934 0.418701
vt 0.613281 0.421631
vt 0.613037 0.422852
vt 0.601807 0.421631
vt 0.611328 0.422607
vt 0.609619 0.425049
vt 0.606689 0.424072
vt 0.606689 0.426514
vt 0.465088 0.016113
vt 0.462158 0.020508
vt 0.459473 0.017578
vt 0.454590 0.021240
vt 0.471191 0.020264
vt 0.455811 0.024170
vt 0.465088 0.026855
vt 0.474854 0.036621
vt 0.463623 0.030029
vt 0.081543 0.524658
vt 0.080811 0.520264
vt 0.083984 0.519287
vt 0.079346 0.528320
vt 0.082764 0.530029
vt 0.075928 0.525635
vt 0.075928 0.530273
vt 0.078369 0.517090
vt 0.088379 0.524658
vt 0.092285 0.504150
vt 0.072510 0.519775
vt 0.085449 0.535400
vt 0.092529 0.535645
vt 0.072754 0.533936
vt 0.084473 0.541016
vt 0.070068 0.529297
vt 0.068604 0.531738
vt 0.094238 0.517822
vt 0.102295 0.519775
vt 0.100098 0.507080
vt 0.079102 0.505859
vt 0.077393 0.498535
vt 0.084961 0.507324
vt 0.089355 0.499268
vt 0.091797 0.495850
vt 0.085938 0.498047
vt 0.081543 0.496582
vt 0.076904 0.494141
vt 0.086670 0.494873
vt 0.083496 0.490723
vt 0.092041 0.487549
vt 0.082031 0.485352
vt 0.078369 0.483154
vt 0.071289 0.488037
vt 0.087646 0.484619
vt 0.074463 0.481934
vt 0.071777 0.477783
vt 0.076172 0.474121
vt 0.082031 0.474365
vt 0.082520 0.451660
vt 0.083740 0.481445
vt 0.088867 0.472656
vt 0.094238 0.469482
vt 0.089111 0.453125
vt 0.092529 0.434570
vt 0.093750 0.445068
vt 0.098633 0.451660
vt 0.194092 0.006104
vt 0.193359 0.000488
vt 0.200684 0.002441
vt 0.187256 0.006836
vt 0.200195 0.007812
vt 0.206055 0.005615
vt 0.193115 0.015625
vt 0.173096 0.026367
vt 0.196533 0.008789
vt 0.192871 0.030273
vt 0.201172 0.015137
vt 0.211426 0.012939
vt 0.219971 0.004883
vt 0.200195 0.023193
vt 0.204346 0.036377
vt 0.217041 0.014648
vt 0.206787 0.016602
vt 0.206299 0.025635
vt 0.213623 0.021484
vt 0.220703 0.020996
vt 0.216064 0.024170
vt 0.110107 0.965088
vt 0.108398 0.970947
vt 0.096436 0.966309
vt 0.114014 0.982666
vt 0.120850 0.984131
vt 0.097412 0.958984
vt 0.086182 0.968262
vt 0.087402 0.972412
vt 0.080322 0.973633
vt 0.073730 0.969482
vt 0.080078 0.960449
vt 0.088623 0.952881
vt 0.101562 0.934082
vt 0.075684 0.956543
vt 0.073730 0.960693
vt 0.054932 0.968262
vt 0.665527 0.968018
vt 0.669678 0.970703
vt 0.666260 0.973633
vt 0.669922 0.978271
vt 0.660645 0.972168
vt 0.661133 0.968750
vt 0.656250 0.970459
vt 0.656982 0.972656
vt 0.653320 0.974365
vt 0.661865 0.975586
vt 0.656738 0.978027
vt 0.656006 0.984131
vt 0.664307 0.977295
vt 0.666260 0.981934
vt 0.669434 0.989502
vt 0.658936 0.980469
vt 0.663330 0.982422
vt 0.665283 0.988770
vt 0.667725 0.994873
vt 0.661377 0.993896
vt 0.664551 0.984375
vt 0.659424 0.982666
vt 0.658447 0.985352
vt 0.662598 0.986084
vt 0.662109 0.989258
vt 0.659668 0.987305
vt 0.656982 0.987549
vt 0.653564 0.989990
vt 0.659180 0.990234
vt 0.900391 0.495117
vt 0.893311 0.488037
vt 0.893799 0.478271
vt 0.881592 0.489014
vt 0.882324 0.500732
vt 0.877686 0.495361
vt 0.880371 0.474854
vt 0.893555 0.501953
vt 0.893799 0.510498
vt 0.885986 0.511719
vt 0.899414 0.503906
vt 0.912842 0.507568
vt 0.903076 0.513184
vt 0.905518 0.491211
vt 0.893311 0.460938
vt 0.913330 0.455322
vt 0.885498 0.468262
vt 0.876221 0.463623
vt 0.871338 0.465332
vt 0.870361 0.459229
vt 0.885742 0.459473
vt 0.894043 0.448242
vt 0.898926 0.438721
vt 0.885254 0.452881
vt 0.882568 0.455566
vt 0.882080 0.443359
vt 0.874756 0.429443
vt 0.874756 0.450928
vt 0.881104 0.451172
vt 0.875977 0.455322
vt 0.872803 0.454346
vt 0.870117 0.452393
vt 0.699951 0.409424
vt 0.685791 0.416016
vt 0.683105 0.404785
vt 0.702881 0.392822
vt 0.715820 0.408691
vt 0.685547 0.386719
vt 0.691650 0.371338
vt 0.729004 0.393066
vt 0.716797 0.366455
vt 0.734131 0.367432
vt 0.789551 0.290039
vt 0.791016 0.287842
vt 0.791748 0.290527
vt 0.792480 0.288574
vt 0.793457 0.287109
vt 0.789551 0.292480
vt 0.794922 0.288574
vt 0.793701 0.291016
vt 0.794189 0.289551
vt 0.792725 0.292480
vt 0.791260 0.292725
vt 0.799805 0.291260
vt 0.791992 0.293945
vt 0.798340 0.288818
vt 0.799072 0.285889
vt 0.803955 0.282227
vt 0.804688 0.285400
vt 0.805908 0.288330
vt 0.806885 0.283447
vt 0.813721 0.286133
vt 0.815186 0.283203
vt 0.817871 0.281494
vt 0.818848 0.284668
vt 0.824463 0.283447
vt 0.833740 0.280029
vt 0.838867 0.281494
vt 0.829102 0.284912
vt 0.819824 0.287354
vt 0.810303 0.289062
vt 0.830078 0.287354
vt 0.836670 0.289551
vt 0.828613 0.290039
vt 0.814941 0.290771
vt 0.800537 0.293701
vt 0.794189 0.294922
vt 0.801514 0.304199
vt 0.818604 0.301025
vt 0.833496 0.300781
vt 0.823975 0.316162
vt 0.810547 0.319092
vt 0.810059 0.323730
vt 0.799805 0.332031
vt 0.803711 0.321289
vt 0.801270 0.322998
vt 0.795166 0.308350
vt 0.794434 0.296875
vt 0.791748 0.299805
vt 0.798096 0.325928
vt 0.792480 0.310303
vt 0.799072 0.322998
vt 0.796631 0.319092
vt 0.792725 0.319580
vt 0.794434 0.329590
vt 0.790771 0.324707
vt 0.787354 0.309814
vt 0.788574 0.322998
vt 0.785645 0.296875
vt 0.785156 0.307129
vt 0.776855 0.307861
vt 0.777588 0.325928
vt 0.784180 0.298340
vt 0.789062 0.294922
vt 0.784180 0.292969
vt 0.778076 0.295166
vt 0.777344 0.297607
vt 0.779297 0.291260
vt 0.782959 0.289795
vt 0.769043 0.286865
vt 0.767334 0.288818
vt 0.765137 0.292725
vt 0.756348 0.287109
vt 0.763916 0.290527
vt 0.755127 0.285156
vt 0.760010 0.279053
vt 0.755859 0.289551
vt 0.749512 0.287109
vt 0.749268 0.285156
vt 0.748291 0.287842
vt 0.744385 0.285645
vt 0.726562 0.283936
vt 0.731445 0.287354
vt 0.714844 0.284668
vt 0.736084 0.290039
vt 0.720947 0.287598
vt 0.726807 0.290771
vt 0.748291 0.290771
vt 0.741455 0.292725
vt 0.738525 0.293457
vt 0.728271 0.291992
vt 0.754639 0.293945
vt 0.752930 0.296631
vt 0.742188 0.297119
vt 0.766357 0.296631
vt 0.763916 0.299561
vt 0.751221 0.298340
vt 0.747559 0.300781
vt 0.745850 0.303955
vt 0.752930 0.301514
vt 0.754883 0.301270
vt 0.752197 0.306152
vt 0.754883 0.311523
vt 0.759521 0.301514
vt 0.758545 0.303467
vt 0.762939 0.311768
vt 0.766113 0.304688
vt 0.766357 0.307861
vt 0.767578 0.313721
vt 0.769287 0.324951
vt 0.768555 0.308838
vt 0.771240 0.321777
vt 0.771240 0.312012
vt 0.894531 0.185303
vt 0.903809 0.185303
vt 0.900146 0.191895
vt 0.890625 0.189697
vt 0.887451 0.192627
vt 0.909668 0.194580
vt 0.885498 0.190674
vt 0.884521 0.202637
vt 0.896484 0.175537
vt 0.887451 0.157715
vt 0.910156 0.183838
vt 0.912598 0.187256
vt 0.912109 0.179688
vt 0.907715 0.175049
vt 0.913086 0.176758
vt 0.904785 0.177734
vt 0.907715 0.169189
vt 0.902344 0.167236
vt 0.906738 0.159424
vt 0.901855 0.153320
vt 0.907227 0.156006
vt 0.892090 0.141846
vt 0.883057 0.140625
vt 0.900635 0.146973
vt 0.888184 0.136719
vt 0.902588 0.144043
vt 0.909180 0.152344
vt 0.910645 0.148438
vt 0.893311 0.134033
vt 0.904541 0.137451
vt 0.894043 0.129883
vt 0.895752 0.127930
vt 0.899658 0.126709
vt 0.906006 0.134277
vt 0.601318 0.750000
vt 0.614258 0.762207
vt 0.597656 0.764404
vt 0.605957 0.782471
vt 0.610840 0.735596
vt 0.625977 0.788330
vt 0.618896 0.798096
vt 0.638428 0.809570
vt 0.625732 0.771729
vt 0.635254 0.792480
vt 0.615479 0.743652
vt 0.654541 0.793945
vt 0.652100 0.811768
vt 0.669922 0.826660
vt 0.636963 0.820801
vt 0.675537 0.824219
vt 0.634521 0.765625
vt 0.641846 0.737793
vt 0.655029 0.760254
vt 0.625977 0.732178
vt 0.647949 0.734863
vt 0.664062 0.780518
vt 0.615967 0.725098
vt 0.594727 0.732910
vt 0.657715 0.746826
vt 0.644287 0.723145
vt 0.650391 0.727295
vt 0.643555 0.713623
vt 0.628906 0.709961
vt 0.607178 0.718750
vt 0.646240 0.705566
vt 0.660889 0.700684
vt 0.658447 0.720215
vt 0.675781 0.712646
vt 0.676025 0.699707
vt 0.690430 0.696777
vt 0.669678 0.726074
vt 0.716553 0.707520
vt 0.685547 0.754395
vt 0.694092 0.712891
vt 0.680908 0.722656
vt 0.712158 0.712891
vt 0.685791 0.720703
vt 0.708252 0.726562
vt 0.715576 0.726807
vt 0.714600 0.765869
vt 0.696289 0.747559
vt 0.701904 0.786133
vt 0.710449 0.785645
vt 0.690918 0.772461
vt 0.677979 0.788574
vt 0.693359 0.797607
vt 0.695801 0.819824
vt 0.710449 0.806885
vt 0.689453 0.820557
vt 0.693115 0.844727
vt 0.686035 0.837646
vt 0.673584 0.803711
vt 0.686768 0.852051
vt 0.671387 0.177002
vt 0.664795 0.171875
vt 0.667480 0.169678
vt 0.669922 0.167480
vt 0.662354 0.168701
vt 0.666260 0.165527
vt 0.658691 0.173584
vt 0.657959 0.169189
vt 0.656250 0.172852
vt 0.654541 0.165283
vt 0.650635 0.183594
vt 0.663818 0.159424
vt 0.673096 0.164307
vt 0.679688 0.162842
vt 0.677002 0.161133
vt 0.675049 0.154297
vt 0.646729 0.158447
vt 0.646729 0.168945
vt 0.637451 0.166260
vt 0.639893 0.179688
vt 0.614990 0.162842
vt 0.613281 0.155762
vt 0.605957 0.170166
vt 0.601074 0.173340
vt 0.600342 0.181396
vt 0.594727 0.177734
vt 0.632080 0.173340
vt 0.593018 0.179688
vt 0.579590 0.175049
vt 0.583008 0.179443
vt 0.625977 0.170166
vt 0.628662 0.190186
vt 0.624268 0.175781
vt 0.619141 0.169922
vt 0.617432 0.177246
vt 0.616455 0.173584
vt 0.612793 0.172119
vt 0.611816 0.182373
vt 0.609375 0.174072
vt 0.604004 0.183838
vt 0.612061 0.195801
vt 0.594971 0.199463
vt 0.587158 0.201416
vt 0.589844 0.213623
vt 0.590088 0.217529
vt 0.596924 0.216553
vt 0.604004 0.214355
vt 0.618652 0.210938
vt 0.610840 0.217285
vt 0.605225 0.219727
vt 0.615723 0.218506
vt 0.619873 0.218506
vt 0.622559 0.226807
vt 0.623047 0.218018
vt 0.627197 0.228760
vt 0.626709 0.216309
vt 0.635010 0.210693
vt 0.631592 0.219482
vt 0.634521 0.227539
vt 0.633789 0.214111
vt 0.648193 0.209717
vt 0.639893 0.213867
vt 0.636475 0.218018
vt 0.640381 0.221680
vt 0.640869 0.231689
vt 0.644287 0.222168
vt 0.648193 0.223145
vt 0.649658 0.214600
vt 0.653076 0.214355
vt 0.654297 0.224609
vt 0.662354 0.231689
vt 0.657227 0.217773
vt 0.658203 0.211182
vt 0.663330 0.221924
vt 0.675537 0.226807
vt 0.657959 0.206787
vt 0.669922 0.218994
vt 0.667969 0.209961
vt 0.670166 0.206787
vt 0.679932 0.196777
vt 0.673340 0.215332
vt 0.677734 0.214111
vt 0.964600 0.613770
vt 0.966309 0.608154
vt 0.971191 0.612305
vt 0.968506 0.615234
vt 0.967773 0.620605
vt 0.970215 0.620605
vt 0.960693 0.617920
vt 0.958008 0.601807
vt 0.939209 0.597900
vt 0.936523 0.591064
vt 0.923584 0.589600
vt 0.968994 0.607910
vt 0.971436 0.604736
vt 0.979004 0.603516
vt 0.968994 0.603760
vt 0.965576 0.603027
vt 0.968750 0.600830
vt 0.969727 0.598389
vt 0.969482 0.594482
vt 0.965576 0.596191
vt 0.964355 0.600098
vt 0.926514 0.247314
vt 0.929688 0.240723
vt 0.940674 0.253418
vt 0.933594 0.237793
vt 0.938721 0.257812
vt 0.921631 0.252197
vt 0.948486 0.263184
vt 0.952881 0.253906
vt 0.952881 0.236572
vt 0.938721 0.227295
vt 0.954102 0.207275
vt 0.966064 0.218018
vt 0.928467 0.261719
vt 0.952637 0.272949
vt 0.938232 0.276367
vt 0.920898 0.265381
vt 0.915039 0.260498
vt 0.914795 0.256348
vt 0.077637 0.984375
vt 0.074951 0.981934
vt 0.083252 0.979492
vt 0.081543 0.985352
vt 0.078369 0.988525
vt 0.074463 0.988525
vt 0.073242 0.985107
vt 0.070801 0.982666
vt 0.073242 0.977539
vt 0.069824 0.987061
vt 0.069580 0.990723
vt 0.070801 0.992920
vt 0.068604 0.993652
vt 0.064941 0.993896
vt 0.067627 0.981445
vt 0.068359 0.978760
vt 0.068359 0.973877
vt 0.065430 0.978271
vt 0.064941 0.974365
vt 0.641357 0.023682
vt 0.639648 0.014893
vt 0.643066 0.019775
vt 0.639404 0.024414
vt 0.641846 0.027344
vt 0.644531 0.028320
vt 0.643555 0.031738
vt 0.646240 0.031250
vt 0.639893 0.031250
vt 0.642822 0.035400
vt 0.638184 0.033203
vt 0.638916 0.036621
vt 0.000977 0.121338
vt 0.000000 0.119629
vt 0.007812 0.114258
vt 0.002930 0.114746
vt 0.001953 0.113525
vt 0.000244 0.111816
vt 0.007324 0.109375
vt 0.004883 0.109131
vt 0.000244 0.093506
vt 0.012695 0.114014
vt 0.009766 0.103027
vt 0.004150 0.090088
vt 0.013184 0.112549
vt 0.017578 0.116943
vt 0.017822 0.114990
vt 0.016113 0.112549
vt 0.010498 0.107178
vt 0.012939 0.107666
vt 0.016357 0.107666
vt 0.015625 0.102539
vt 0.019775 0.106201
vt 0.012939 0.102295
vt 0.007812 0.092041
vt 0.001465 0.074951
vt 0.006348 0.074707
vt 0.011475 0.091309
vt 0.012207 0.086182
vt 0.782227 0.331543
vt 0.793945 0.337158
vt 0.779297 0.341309
vt 0.779541 0.335205
vt 0.776611 0.335449
vt 0.771484 0.347900
vt 0.767578 0.345703
vt 0.770264 0.339600
vt 0.760986 0.345947
vt 0.767334 0.356201
vt 0.774170 0.350586
vt 0.786377 0.343994
vt 0.795166 0.344971
vt 0.778809 0.347168
vt 0.789307 0.353027
vt 0.796631 0.353027
vt 0.782715 0.349365
vt 0.779541 0.348389
vt 0.781982 0.352295
vt 0.778076 0.349121
vt 0.791748 0.359619
vt 0.778076 0.351074
vt 0.787109 0.360352
vt 0.796143 0.356445
vt 0.783936 0.357910
vt 0.783936 0.363037
vt 0.777832 0.356934
vt 0.780518 0.366943
vt 0.786133 0.368408
vt 0.788330 0.367920
vt 0.793945 0.365479
vt 0.802490 0.354248
vt 0.784424 0.373779
vt 0.803711 0.358887
vt 0.795166 0.367188
vt 0.803711 0.362061
vt 0.789551 0.372559
vt 0.795410 0.372803
vt 0.812256 0.364502
vt 0.804443 0.376465
vt 0.801270 0.377686
vt 0.796143 0.376709
vt 0.802002 0.380371
vt 0.808350 0.377197
vt 0.807129 0.383057
vt 0.790283 0.377441
vt 0.798584 0.384033
vt 0.791992 0.383057
vt 0.803467 0.391846
vt 0.812256 0.393555
vt 0.807617 0.396729
vt 0.807861 0.398926
vt 0.812500 0.396484
vt 0.801270 0.393066
vt 0.809326 0.400146
vt 0.803223 0.397461
vt 0.796143 0.391602
vt 0.787109 0.382568
vt 0.791016 0.391602
vt 0.807129 0.405762
vt 0.809814 0.404297
vt 0.812744 0.402832
vt 0.811279 0.405518
vt 0.801514 0.399658
vt 0.802002 0.405273
vt 0.789062 0.393799
vt 0.778809 0.376465
vt 0.795166 0.401367
vt 0.794678 0.407471
vt 0.784912 0.394287
vt 0.786377 0.400146
vt 0.775879 0.380371
vt 0.778076 0.392090
vt 0.784180 0.402588
vt 0.788818 0.406982
vt 0.790039 0.410156
vt 0.790771 0.413574
vt 0.786621 0.409912
vt 0.796631 0.422607
vt 0.785400 0.405762
vt 0.788086 0.413818
vt 0.793945 0.424561
vt 0.802246 0.434326
vt 0.789307 0.419434
vt 0.784912 0.419189
vt 0.784180 0.431885
vt 0.785889 0.412598
vt 0.784912 0.414062
vt 0.791016 0.424316
vt 0.794189 0.437500
vt 0.798340 0.433838
vt 0.802002 0.444824
vt 0.806396 0.442871
vt 0.783691 0.411621
vt 0.782715 0.413574
vt 0.781250 0.412842
vt 0.782471 0.408691
vt 0.778564 0.407959
vt 0.780762 0.413086
vt 0.779541 0.398193
vt 0.773438 0.403076
vt 0.775635 0.397461
vt 0.768066 0.390869
vt 0.771484 0.397217
vt 0.771729 0.409180
vt 0.765137 0.417969
vt 0.765137 0.395996
vt 0.768066 0.402588
vt 0.757080 0.391113
vt 0.764160 0.401367
vt 0.768311 0.407227
vt 0.766113 0.407471
vt 0.766357 0.409668
vt 0.760742 0.406738
vt 0.763428 0.409912
vt 0.765381 0.413330
vt 0.762451 0.413330
vt 0.755371 0.407715
vt 0.758545 0.413330
vt 0.753906 0.414795
vt 0.749023 0.416504
vt 0.744385 0.401855
vt 0.743652 0.416748
vt 0.749512 0.385986
vt 0.744629 0.390625
vt 0.750488 0.377441
vt 0.761230 0.378662
vt 0.741943 0.361084
vt 0.738281 0.362793
vt 0.762207 0.370117
vt 0.728271 0.353760
vt 0.723145 0.344482
vt 0.716797 0.341064
vt 0.716064 0.339355
vt 0.718018 0.336670
vt 0.724609 0.342041
vt 0.735596 0.351318
vt 0.731689 0.343262
vt 0.750244 0.359131
vt 0.740234 0.350586
vt 0.734131 0.340088
vt 0.754395 0.355713
vt 0.744873 0.350098
vt 0.740967 0.345459
vt 0.739502 0.342041
vt 0.747559 0.346680
vt 0.744629 0.342041
vt 0.750244 0.343018
vt 0.746338 0.340332
vt 0.760498 0.355225
vt 0.754395 0.349609
vt 0.774414 0.364990
vt 0.983154 0.158203
vt 0.983887 0.156494
vt 0.986572 0.159180
vt 0.984863 0.155029
vt 0.985596 0.154541
vt 0.988037 0.155518
vt 0.987061 0.152588
vt 0.988525 0.158936
vt 0.988525 0.152344
vt 0.986816 0.148438
vt 0.989502 0.149658
vt 0.989258 0.155273
vt 0.980713 0.166260
vt 0.987061 0.162842
vt 0.985352 0.167969
vt 0.979492 0.170898
vt 0.970947 0.178955
vt 0.980713 0.176025
vt 0.973633 0.184814
vt 0.985596 0.175293
vt 0.992676 0.172852
vt 0.975098 0.187744
vt 0.971436 0.191162
vt 0.978271 0.189697
vt 0.968018 0.191406
vt 0.966309 0.189697
vt 0.964844 0.184082
vt 0.962402 0.176025
vt 0.962891 0.189453
vt 0.961914 0.186768
vt 0.957520 0.188232
vt 0.957031 0.190430
vt 0.954834 0.192871
vt 0.954102 0.190430
vt 0.950439 0.191650
vt 0.956543 0.180176
vt 0.955566 0.172852
vt 0.951904 0.187988
vt 0.947754 0.182373
vt 0.955322 0.187256
vt 0.950928 0.178955
vt 0.948730 0.174316
vt 0.888916 0.980225
vt 0.887939 0.973877
vt 0.893555 0.980713
vt 0.882324 0.967773
vt 0.882080 0.995117
vt 0.894043 0.970947
vt 0.905518 0.981445
vt 0.901611 0.983887
vt 0.897705 0.986084
vt 0.346436 0.259277
vt 0.351318 0.264160
vt 0.345947 0.261719
vt 0.348633 0.266113
vt 0.356445 0.266357
vt 0.352051 0.262207
vt 0.356201 0.261230
vt 0.363281 0.264404
vt 0.352051 0.268555
vt 0.354736 0.275879
vt 0.349854 0.268799
vt 0.350830 0.271484
vt 0.345703 0.272217
vt 0.339111 0.269287
vt 0.339844 0.256104
vt 0.341797 0.282471
vt 0.349121 0.278564
vt 0.351562 0.282471
vt 0.347900 0.285156
vt 0.361572 0.286621
vt 0.354980 0.285889
vt 0.347168 0.289551
vt 0.338135 0.301270
vt 0.343750 0.299072
vt 0.327393 0.272217
vt 0.305420 0.261230
vt 0.319336 0.295898
vt 0.310547 0.270996
vt 0.301270 0.260254
vt 0.348145 0.297852
vt 0.346924 0.304688
vt 0.349609 0.304932
vt 0.351074 0.293701
vt 0.354492 0.299072
vt 0.358154 0.307373
vt 0.353027 0.290283
vt 0.369385 0.300537
vt 0.366699 0.322754
vt 0.374023 0.316895
vt 0.371338 0.278809
vt 0.374268 0.261963
vt 0.377441 0.267578
vt 0.380615 0.263672
vt 0.384277 0.265869
vt 0.376465 0.311035
vt 0.375488 0.301025
vt 0.377197 0.274658
vt 0.385010 0.271240
vt 0.393555 0.275879
vt 0.405273 0.263672
vt 0.423340 0.261230
vt 0.399658 0.276611
vt 0.384033 0.276611
vt 0.380371 0.280029
vt 0.386963 0.280518
vt 0.376709 0.282959
vt 0.382324 0.283447
vt 0.386230 0.283936
vt 0.394043 0.289795
vt 0.418213 0.274902
vt 0.398193 0.285400
vt 0.411621 0.292236
vt 0.400635 0.295898
vt 0.401855 0.302734
vt 0.380615 0.286377
vt 0.385742 0.287109
vt 0.389648 0.291016
vt 0.390137 0.301758
vt 0.403809 0.311523
vt 0.383057 0.289795
vt 0.376953 0.292480
vt 0.384521 0.292480
vt 0.388672 0.294922
vt 0.382324 0.294678
vt 0.379639 0.299072
vt 0.385986 0.296631
vt 0.385498 0.300049
vt 0.383057 0.302979
vt 0.378174 0.305420
vt 0.384766 0.306885
vt 0.381348 0.309814
vt 0.382568 0.313232
vt 0.388428 0.312744
vt 0.378906 0.318359
vt 0.377686 0.321533
vt 0.383545 0.321533
vt 0.386230 0.329834
vt 0.395264 0.333008
vt 0.648682 0.149170
vt 0.651367 0.142334
vt 0.653076 0.147217
vt 0.656250 0.139160
vt 0.661377 0.144043
vt 0.657959 0.135254
vt 0.651855 0.139648
vt 0.648193 0.135742
vt 0.659180 0.130615
vt 0.663086 0.130127
vt 0.678955 0.126465
vt 0.675781 0.148438
vt 0.692627 0.139160
vt 0.699219 0.125244
vt 0.710693 0.146729
vt 0.714844 0.134033
vt 0.718262 0.131592
vt 0.685303 0.108887
vt 0.678955 0.103516
vt 0.703369 0.111572
vt 0.710938 0.117676
vt 0.713623 0.116211
vt 0.720947 0.131348
vt 0.716064 0.115967
vt 0.723633 0.125732
vt 0.421631 0.106201
vt 0.422607 0.111572
vt 0.419189 0.108643
vt 0.416504 0.116211
vt 0.430664 0.111572
vt 0.404053 0.108154
vt 0.417969 0.104004
vt 0.437988 0.116455
vt 0.391846 0.117188
vt 0.446289 0.111816
vt 0.437500 0.112305
vt 0.449707 0.118896
vt 0.450928 0.124023
vt 0.454834 0.116211
vt 0.436768 0.124756
vt 0.409668 0.125488
vt 0.372559 0.125977
vt 0.376709 0.121826
vt 0.380615 0.116211
vt 0.385986 0.110840
vt 0.387939 0.104736
vt 0.380615 0.111328
vt 0.372070 0.108643
vt 0.040283 0.442383
vt 0.040039 0.447510
vt 0.037842 0.446289
vt 0.042236 0.449219
vt 0.034424 0.447510
vt 0.037109 0.448486
vt 0.027344 0.446045
vt 0.037109 0.437256
vt 0.031982 0.450195
vt 0.037598 0.450928
vt 0.034912 0.451416
vt 0.027588 0.453125
vt 0.034424 0.454102
vt 0.034668 0.456055
vt 0.049561 0.448242
vt 0.024658 0.445312
vt 0.030762 0.462646
vt 0.021240 0.452393
vt 0.006836 0.439209
vt 0.028809 0.456543
vt 0.028076 0.461426
vt 0.027832 0.470459
vt 0.030273 0.475586
vt 0.025635 0.467529
vt 0.023193 0.460693
vt 0.023193 0.466309
vt 0.019287 0.462646
vt 0.010498 0.457520
vt 0.013916 0.452393
vt 0.004639 0.455078
vt 0.000244 0.453857
vt 0.216309 0.047852
vt 0.235840 0.047363
vt 0.225342 0.051270
vt 0.230957 0.058838
vt 0.222168 0.055176
vt 0.218018 0.054199
vt 0.211182 0.055420
vt 0.211426 0.041748
vt 0.219971 0.057861
vt 0.204102 0.054688
vt 0.214844 0.062256
vt 0.237305 0.066162
vt 0.220215 0.066162
vt 0.206055 0.058838
vt 0.201660 0.067139
vt 0.195068 0.080566
vt 0.208984 0.063477
vt 0.191406 0.081543
vt 0.197266 0.062500
vt 0.195557 0.045166
vt 0.192627 0.072754
vt 0.187988 0.080811
vt 0.192139 0.067383
vt 0.186768 0.065186
vt 0.186035 0.073242
vt 0.180176 0.075928
vt 0.054199 0.802002
vt 0.046875 0.797119
vt 0.063232 0.794434
vt 0.062012 0.802979
vt 0.076416 0.786621
vt 0.067139 0.782715
vt 0.076416 0.793213
vt 0.070068 0.796631
vt 0.057617 0.805420
vt 0.061523 0.806396
vt 0.068604 0.802734
vt 0.066406 0.806396
vt 0.068115 0.810791
vt 0.063721 0.812500
vt 0.075195 0.812500
vt 0.072998 0.802490
vt 0.073730 0.799316
vt 0.081055 0.806641
vt 0.084473 0.806641
vt 0.078369 0.798828
vt 0.080811 0.794678
vt 0.081299 0.799316
vt 0.085938 0.811279
vt 0.075439 0.824463
vt 0.095703 0.836670
vt 0.086670 0.802246
vt 0.093262 0.802246
vt 0.104736 0.817871
vt 0.087402 0.794922
vt 0.081055 0.789795
vt 0.119629 0.832764
vt 0.118408 0.865723
vt 0.134033 0.855713
vt 0.130371 0.829834
vt 0.113770 0.805908
vt 0.100830 0.797852
vt 0.106689 0.793457
vt 0.103516 0.788574
vt 0.097900 0.789307
vt 0.095947 0.782959
vt 0.091797 0.795654
vt 0.093506 0.790039
vt 0.088135 0.788330
vt 0.103760 0.778809
vt 0.086426 0.785645
vt 0.083984 0.782227
vt 0.077637 0.773926
vt 0.090332 0.773438
vt 0.097412 0.764893
vt 0.093506 0.764893
vt 0.064697 0.499023
vt 0.068359 0.512207
vt 0.059570 0.512207
vt 0.051514 0.527344
vt 0.047119 0.519775
vt 0.037109 0.536377
vt 0.042725 0.515137
vt 0.051514 0.509033
vt 0.057617 0.507812
vt 0.054199 0.506592
vt 0.054199 0.503418
vt 0.052979 0.489990
vt 0.034912 0.490967
vt 0.057617 0.477051
vt 0.066895 0.474609
vt 0.064941 0.457275
vt 0.049805 0.473877
vt 0.036133 0.469238
vt 0.050537 0.456299
vt 0.067139 0.447021
vt 0.018066 0.868652
vt 0.016113 0.844482
vt 0.024414 0.846680
vt 0.024414 0.823730
vt 0.011230 0.839111
vt 0.926270 0.378662
vt 0.909668 0.407227
vt 0.905762 0.408203
vt 0.913330 0.406494
vt 0.914307 0.421875
vt 0.921387 0.398926
vt 0.918457 0.419678
vt 0.919678 0.430908
vt 0.917969 0.431396
vt 0.922363 0.434326
vt 0.912354 0.424805
vt 0.920166 0.435059
vt 0.917969 0.435303
vt 0.920410 0.440186
vt 0.924072 0.441162
vt 0.925781 0.445557
vt 0.925293 0.448486
vt 0.916504 0.440186
vt 0.915771 0.435303
vt 0.909424 0.427002
vt 0.893066 0.416748
vt 0.901123 0.427002
vt 0.889160 0.423340
vt 0.882080 0.424072
vt 0.903076 0.414795
vt 0.884521 0.410889
vt 0.853271 0.408691
vt 0.873291 0.404541
vt 0.593994 0.441895
vt 0.588379 0.444824
vt 0.588379 0.435791
vt 0.579346 0.432617
vt 0.590576 0.455322
vt 0.581787 0.460938
vt 0.593018 0.463623
vt 0.561523 0.449707
vt 0.567627 0.466309
vt 0.534668 0.465088
vt 0.535889 0.446045
vt 0.511475 0.444336
vt 0.507812 0.466309
vt 0.502686 0.460938
vt 0.501709 0.441406
vt 0.558105 0.432861
vt 0.536133 0.429688
vt 0.513672 0.416992
vt 0.560059 0.416260
vt 0.500732 0.418213
vt 0.487793 0.415283
vt 0.545898 0.399170
vt 0.514160 0.401367
vt 0.498291 0.402100
vt 0.513428 0.394043
vt 0.573486 0.401367
vt 0.477539 0.420898
vt 0.478516 0.414062
vt 0.474121 0.404785
vt 0.477295 0.397949
vt 0.484375 0.395020
vt 0.473145 0.391846
vt 0.498291 0.394043
vt 0.480957 0.371826
vt 0.469238 0.379150
vt 0.466064 0.367188
vt 0.461426 0.356934
vt 0.473145 0.343506
vt 0.494385 0.359619
vt 0.496582 0.376953
vt 0.502686 0.370361
vt 0.523438 0.381104
vt 0.546631 0.389160
vt 0.522705 0.363281
vt 0.569824 0.396484
vt 0.509521 0.357422
vt 0.495850 0.356689
vt 0.490479 0.349365
vt 0.500488 0.352051
vt 0.523682 0.344971
vt 0.502686 0.347412
vt 0.525146 0.353027
vt 0.535156 0.355469
vt 0.540039 0.353516
vt 0.528564 0.341553
vt 0.535156 0.348389
vt 0.539307 0.349854
vt 0.552246 0.349854
vt 0.551514 0.366943
vt 0.570312 0.383545
vt 0.577637 0.355469
vt 0.570557 0.339844
vt 0.578125 0.370361
vt 0.585938 0.395752
vt 0.585205 0.362793
vt 0.583984 0.374512
vt 0.588379 0.389160
vt 0.590576 0.398682
vt 0.585449 0.355713
vt 0.587402 0.345703
vt 0.592529 0.347412
vt 0.601562 0.341309
vt 0.601074 0.345459
vt 0.595459 0.350830
vt 0.599854 0.352783
vt 0.593018 0.354492
vt 0.593262 0.360352
vt 0.599854 0.360840
vt 0.609131 0.352051
vt 0.590576 0.367676
vt 0.601074 0.369141
vt 0.595947 0.370117
vt 0.588623 0.374023
vt 0.596436 0.374023
vt 0.601562 0.374756
vt 0.590576 0.381104
vt 0.596924 0.379883
vt 0.601807 0.382324
vt 0.593750 0.386230
vt 0.601807 0.387939
vt 0.605713 0.386230
vt 0.597900 0.390137
vt 0.600830 0.393311
vt 0.593750 0.393066
vt 0.593994 0.396240
vt 0.602051 0.397217
vt 0.598877 0.398682
vt 0.595459 0.400879
vt 0.599365 0.403809
vt 0.590088 0.404053
vt 0.586182 0.407959
vt 0.593750 0.407227
vt 0.601562 0.408936
vt 0.596436 0.411621
vt 0.591064 0.414062
vt 0.597656 0.415771
vt 0.585693 0.418457
vt 0.596924 0.420898
vt 0.592773 0.424561
vt 0.586426 0.428223
vt 0.592041 0.427734
vt 0.592285 0.432373
vt 0.693359 0.960938
vt 0.697754 0.959717
vt 0.695068 0.963135
vt 0.690430 0.961426
vt 0.698242 0.961914
vt 0.699463 0.960693
vt 0.694336 0.965576
vt 0.686035 0.966064
vt 0.698486 0.964600
vt 0.704102 0.963623
vt 0.700684 0.958984
vt 0.699951 0.967041
vt 0.692871 0.974365
vt 0.700684 0.969971
vt 0.689209 0.992920
vt 0.697998 0.968506
vt 0.694580 0.970215
vt 0.697021 0.972412
vt 0.703857 0.971924
vt 0.712158 0.973877
vt 0.710449 0.948975
vt 0.695312 0.975342
vt 0.698730 0.976318
vt 0.705566 0.977783
vt 0.694824 0.978271
vt 0.699951 0.980225
vt 0.693604 0.982666
vt 0.696533 0.980957
vt 0.698730 0.983154
vt 0.704102 0.983643
vt 0.696045 0.986816
vt 0.696045 0.992432
vt 0.699951 0.989502
vt 0.699463 0.994873
vt 0.694824 0.996826
vt 0.700684 0.992676
vt 0.704102 0.987305
vt 0.702637 0.990967
vt 0.704102 0.992920
vt 0.703125 0.995117
vt 0.709473 0.996582
vt 0.705811 0.991211
vt 0.708984 0.988037
vt 0.714111 0.988770
vt 0.721680 0.997070
vt 0.718750 0.977783
vt 0.719482 0.987549
vt 0.724365 0.993164
vt 0.730713 0.993652
vt 0.726807 0.991211
vt 0.727539 0.986816
vt 0.721924 0.987793
vt 0.721191 0.982910
vt 0.725830 0.983398
vt 0.724121 0.980957
vt 0.726807 0.978516
vt 0.722900 0.978760
vt 0.723145 0.974365
vt 0.722412 0.962158
vt 0.726074 0.972412
vt 0.724121 0.968994
vt 0.726074 0.962646
vt 0.729004 0.969727
vt 0.731445 0.964111
vt 0.729492 0.960205
vt 0.727539 0.966064
vt 0.989746 0.185303
vt 0.985840 0.187988
vt 0.982178 0.195312
vt 0.983398 0.185547
vt 0.993896 0.190918
vt 0.976562 0.192871
vt 0.977295 0.198242
vt 0.972656 0.199219
vt 0.987549 0.200195
vt 0.991699 0.202881
vt 0.991699 0.211670
vt 0.988281 0.209961
vt 0.985352 0.202393
vt 0.984619 0.205811
vt 0.985596 0.209473
vt 0.980957 0.210693
vt 0.979980 0.208008
vt 0.979248 0.204346
vt 0.976807 0.209229
vt 0.978516 0.206055
vt 0.978027 0.206787
vt 0.976807 0.204346
vt 0.977051 0.207520
vt 0.974854 0.205322
vt 0.972412 0.204834
vt 0.976562 0.212402
vt 0.972900 0.208252
vt 0.970947 0.216553
vt 0.979980 0.221924
vt 0.510986 0.154541
vt 0.514404 0.161377
vt 0.509277 0.157471
vt 0.519775 0.156006
vt 0.511230 0.161865
vt 0.507324 0.159424
vt 0.523438 0.161865
vt 0.536133 0.157471
vt 0.536865 0.162354
vt 0.506836 0.161621
vt 0.500244 0.154541
vt 0.540771 0.165283
vt 0.544189 0.165283
vt 0.533936 0.164551
vt 0.540283 0.168701
vt 0.544189 0.169189
vt 0.546875 0.168213
vt 0.543945 0.172363
vt 0.548340 0.173340
vt 0.518066 0.165771
vt 0.546631 0.177490
vt 0.552490 0.177979
vt 0.550537 0.183105
vt 0.541016 0.172852
vt 0.541016 0.185547
vt 0.552002 0.190674
vt 0.553223 0.183594
vt 0.536377 0.167480
vt 0.530029 0.174805
vt 0.524902 0.166504
vt 0.517334 0.169434
vt 0.518066 0.182861
vt 0.546143 0.196533
vt 0.551514 0.197510
vt 0.550537 0.214844
vt 0.531494 0.205078
vt 0.537598 0.222412
vt 0.550537 0.236572
vt 0.515137 0.212402
vt 0.509033 0.190674
vt 0.501221 0.200195
vt 0.495850 0.195312
vt 0.502197 0.182861
vt 0.510986 0.173340
vt 0.501221 0.179443
vt 0.490967 0.194336
vt 0.511230 0.169678
vt 0.491211 0.186523
vt 0.511475 0.166504
vt 0.508789 0.168945
vt 0.502441 0.173828
vt 0.496338 0.178955
vt 0.486572 0.183350
vt 0.512695 0.164062
vt 0.510010 0.164307
vt 0.506348 0.166992
vt 0.504395 0.163330
vt 0.503418 0.160400
vt 0.497559 0.155518
vt 0.495605 0.156982
vt 0.499023 0.163574
vt 0.500000 0.172363
vt 0.501465 0.167969
vt 0.492432 0.175781
vt 0.475586 0.184814
vt 0.486572 0.170898
vt 0.484863 0.162109
vt 0.436768 0.197998
vt 0.452148 0.210938
vt 0.430176 0.206055
vt 0.442383 0.187256
vt 0.409912 0.186035
vt 0.419434 0.170166
vt 0.402100 0.164307
vt 0.377930 0.185547
vt 0.368896 0.170898
vt 0.380371 0.143311
vt 0.408203 0.145264
vt 0.427002 0.149170
vt 0.597412 0.318115
vt 0.595459 0.329102
vt 0.586426 0.317627
vt 0.585449 0.312744
vt 0.595947 0.316162
vt 0.580811 0.322266
vt 0.572754 0.329590
vt 0.578613 0.317871
vt 0.566162 0.326904
vt 0.571045 0.333740
vt 0.572510 0.319092
vt 0.564697 0.334717
vt 0.577148 0.315918
vt 0.556641 0.327637
vt 0.561035 0.335205
vt 0.558838 0.334473
vt 0.547119 0.325439
vt 0.557861 0.322021
vt 0.550049 0.320801
vt 0.565918 0.318359
vt 0.572510 0.313232
vt 0.581299 0.308838
vt 0.552002 0.312744
vt 0.537598 0.320801
vt 0.576904 0.307861
vt 0.580566 0.305664
vt 0.580078 0.303223
vt 0.570557 0.306396
vt 0.578613 0.299561
vt 0.535400 0.316162
vt 0.566406 0.296875
vt 0.578369 0.295410
vt 0.577393 0.290039
vt 0.581299 0.292236
vt 0.555664 0.305420
vt 0.547363 0.301025
vt 0.532227 0.312012
vt 0.511230 0.330078
vt 0.541016 0.302490
vt 0.545654 0.296875
vt 0.506592 0.323730
vt 0.484131 0.338379
vt 0.540527 0.296143
vt 0.536865 0.300049
vt 0.526367 0.307617
vt 0.492432 0.325195
vt 0.532471 0.299072
vt 0.537598 0.276123
vt 0.534424 0.295166
vt 0.534180 0.290527
vt 0.524902 0.299072
vt 0.511719 0.308350
vt 0.505859 0.316162
vt 0.500488 0.306641
vt 0.495850 0.292969
vt 0.480225 0.310059
vt 0.484375 0.275391
vt 0.520996 0.295166
vt 0.529053 0.292480
vt 0.530273 0.287598
vt 0.527588 0.290039
vt 0.528076 0.282227
vt 0.526123 0.287109
vt 0.511475 0.293213
vt 0.517578 0.289795
vt 0.522705 0.285400
vt 0.520508 0.284424
vt 0.512207 0.286377
vt 0.523926 0.278076
vt 0.526367 0.262939
vt 0.533936 0.268066
vt 0.535400 0.260498
vt 0.518555 0.282959
vt 0.513916 0.281006
vt 0.518799 0.279785
vt 0.518555 0.278076
vt 0.520264 0.272461
vt 0.517822 0.275146
vt 0.515137 0.278320
vt 0.512695 0.276367
vt 0.508545 0.278076
vt 0.514160 0.273438
vt 0.517822 0.269043
vt 0.515137 0.266113
vt 0.513184 0.270020
vt 0.508057 0.269287
vt 0.506836 0.267090
vt 0.509277 0.263916
vt 0.501465 0.272461
vt 0.500488 0.267334
vt 0.505371 0.262207
vt 0.501221 0.263672
vt 0.498047 0.278564
vt 0.493408 0.266113
vt 0.496582 0.259766
vt 0.493652 0.262207
vt 0.490479 0.262207
vt 0.506592 0.291016
vt 0.506592 0.296143
vt 0.508545 0.293457
vt 0.064697 0.322266
vt 0.061768 0.321533
vt 0.064453 0.318359
vt 0.068604 0.319824
vt 0.062256 0.315674
vt 0.066162 0.314209
vt 0.052002 0.319580
vt 0.071045 0.314453
vt 0.060791 0.312500
vt 0.062988 0.311523
vt 0.054199 0.312744
vt 0.070801 0.310547
vt 0.034912 0.319336
vt 0.027100 0.322998
vt 0.042480 0.309814
vt 0.079102 0.314453
vt 0.071777 0.318848
vt 0.073975 0.315186
vt 0.072266 0.316162
vt 0.073730 0.316650
vt 0.914795 0.075928
vt 0.913330 0.073730
vt 0.916260 0.070801
vt 0.909912 0.074219
vt 0.906982 0.077148
vt 0.906006 0.074463
vt 0.908447 0.072266
vt 0.909424 0.067627
vt 0.911133 0.071777
vt 0.912598 0.068604
vt 0.904541 0.066406
vt 0.913574 0.064941
vt 0.919434 0.070557
vt 0.918213 0.067139
vt 0.915039 0.062744
vt 0.908203 0.061768
vt 0.910889 0.060303
vt 0.903076 0.058594
vt 0.907471 0.058105
vt 0.911377 0.056396
vt 0.918213 0.055908
vt 0.907227 0.054443
vt 0.906494 0.049561
vt 0.903809 0.046143
vt 0.909912 0.052734
vt 0.914062 0.048584
vt 0.921143 0.044189
vt 0.908691 0.050781
vt 0.977051 0.088135
vt 0.976074 0.084961
vt 0.978516 0.077881
vt 0.967285 0.089844
vt 0.967285 0.102295
vt 0.995117 0.096436
vt 0.960938 0.096191
vt 0.961914 0.090820
vt 0.955322 0.107666
vt 0.962891 0.119141
vt 0.948486 0.125244
vt 0.977539 0.111816
vt 0.992920 0.114502
vt 0.989990 0.124756
vt 0.005615 0.019287
vt 0.005859 0.022461
vt 0.000000 0.030273
vt 0.000000 0.025146
vt 0.286133 0.968994
vt 0.278564 0.982178
vt 0.279785 0.972656
vt 0.278320 0.989502
vt 0.281982 0.986572
vt 0.274170 0.990967
vt 0.273682 0.986816
vt 0.269531 0.980469
vt 0.269775 0.975342
vt 0.265381 0.982910
vt 0.266113 0.976074
vt 0.264648 0.980713
vt 0.266357 0.979004
vt 1.000000 0.051025
vt 0.992188 0.049561
vt 0.995605 0.036133
vt 0.992432 0.061279
vt 0.029297 0.019043
vt 0.029297 0.029541
vt 0.022217 0.028320
vt 0.639893 0.269287
vt 0.641113 0.268555
vt 0.646240 0.271484
vt 0.635742 0.255615
vt 0.645508 0.264160
vt 0.648682 0.270264
vt 0.653809 0.266602
vt 0.654297 0.260498
vt 0.666016 0.262451
vt 0.645020 0.259766
vt 0.638916 0.250244
vt 0.645508 0.250488
vt 0.655029 0.250488
vt 0.665771 0.253906
vt 0.656006 0.245117
vt 0.662598 0.241211
vt 0.655518 0.243408
vt 0.648438 0.245361
vt 0.650879 0.242676
vt 0.659180 0.240967
vt 0.642334 0.247070
vt 0.638184 0.237061
vt 0.653564 0.237061
vt 0.635498 0.242432
vt 0.628906 0.233398
vt 0.630127 0.239014
vt 0.629395 0.244873
vt 0.623535 0.238037
vt 0.624268 0.233643
vt 0.625488 0.239746
vt 0.616699 0.236328
vt 0.618408 0.243408
vt 0.630859 0.253662
vt 0.628418 0.265137
vt 0.624023 0.280762
vt 0.615234 0.258301
vt 0.613770 0.282227
vt 0.605957 0.247559
vt 0.603027 0.261230
vt 0.597656 0.279541
vt 0.598633 0.248047
vt 0.588135 0.246338
vt 0.603516 0.238525
vt 0.614746 0.229980
vt 0.601562 0.232422
vt 0.596191 0.239502
vt 0.590820 0.235596
vt 0.593018 0.229004
vt 0.587646 0.230469
vt 0.590332 0.224365
vt 0.587891 0.226318
vt 0.586182 0.224854
vt 0.581543 0.223389
vt 0.582520 0.215088
vt 0.556885 0.224854
vt 0.570068 0.260010
vt 0.554688 0.260010
vt 0.582764 0.273193
vt 0.572021 0.273926
vt 0.565674 0.277588
vt 0.580078 0.278564
vt 0.589111 0.293457
vt 0.578125 0.274170
vt 0.572754 0.277344
vt 0.566895 0.280029
vt 0.783936 0.020996
vt 0.783936 0.035645
vt 0.782715 0.032471
vt 0.293945 0.046143
vt 0.289551 0.036865
vt 0.291504 0.035156
vt 0.293945 0.028320
vt 0.931641 0.624756
vt 0.933105 0.612061
vt 0.942383 0.610840
vt 0.948242 0.625000
vt 0.930908 0.607666
vt 0.925293 0.620361
vt 0.927979 0.624756
vt 0.923584 0.633545
vt 0.940186 0.635986
vt 0.927490 0.633301
vt 0.955322 0.636230
vt 0.934082 0.641846
vt 0.928955 0.643555
vt 0.928223 0.645752
vt 0.935059 0.650635
vt 0.940918 0.647217
vt 0.938477 0.652832
vt 0.945801 0.650879
vt 0.962158 0.635742
vt 0.939941 0.659180
vt 0.935303 0.659912
vt 0.951172 0.662109
vt 0.937988 0.675537
vt 0.903564 0.029053
vt 0.905518 0.034668
vt 0.901611 0.032959
vt 0.901855 0.041260
vt 0.905518 0.026123
vt 0.483398 0.590088
vt 0.516357 0.608887
vt 0.493408 0.610352
vt 0.521729 0.623291
vt 0.497559 0.624268
vt 0.511475 0.644287
vt 0.465332 0.610352
vt 0.485840 0.633545
vt 0.456055 0.639404
vt 0.436035 0.620605
vt 0.463379 0.589600
vt 0.475342 0.566162
vt 0.443115 0.588623
vt 0.454834 0.568115
vt 0.417969 0.603027
vt 0.419434 0.639160
vt 0.399658 0.623535
vt 0.428955 0.584961
vt 0.410400 0.596680
vt 0.398682 0.605957
vt 0.406738 0.594238
vt 0.440918 0.575195
vt 0.417969 0.579346
vt 0.434570 0.571777
vt 0.392822 0.585449
vt 0.392090 0.593018
vt 0.385986 0.601318
vt 0.403320 0.577881
vt 0.390381 0.607666
vt 0.413574 0.567871
vt 0.429932 0.558105
vt 0.407715 0.566162
vt 0.389893 0.581055
vt 0.385742 0.585449
vt 0.380615 0.589844
vt 0.382080 0.581299
vt 0.399170 0.571045
vt 0.386475 0.580322
vt 0.413818 0.556396
vt 0.399658 0.561035
vt 0.422119 0.555420
vt 0.429199 0.548096
vt 0.418457 0.547119
vt 0.433594 0.538086
vt 0.422852 0.539062
vt 0.421143 0.530273
vt 0.405273 0.539795
vt 0.442627 0.558350
vt 0.447998 0.552246
vt 0.376221 0.562012
vt 0.449707 0.566162
vt 0.454102 0.558594
vt 0.453857 0.549072
vt 0.458252 0.552734
vt 0.473633 0.542725
vt 0.462402 0.546875
vt 0.462891 0.538086
vt 0.467285 0.534180
vt 0.370850 0.570068
vt 0.352051 0.551514
vt 0.367676 0.577393
vt 0.354736 0.547852
vt 0.348877 0.563965
vt 0.372803 0.532471
vt 0.349121 0.536377
vt 0.350098 0.528564
vt 0.355225 0.527832
vt 0.348633 0.577393
vt 0.331055 0.558594
vt 0.370850 0.591064
vt 0.365723 0.588623
vt 0.356201 0.592773
vt 0.339600 0.583008
vt 0.363525 0.597168
vt 0.371582 0.593018
vt 0.350342 0.600098
vt 0.335693 0.593018
vt 0.377930 0.600830
vt 0.372803 0.603760
vt 0.376953 0.609375
vt 0.379150 0.614014
vt 0.365723 0.614502
vt 0.362793 0.604736
vt 0.366699 0.632568
vt 0.378662 0.647217
vt 0.395508 0.644043
vt 0.359863 0.650146
vt 0.357178 0.603027
vt 0.363525 0.611328
vt 0.357422 0.610352
vt 0.347656 0.605713
vt 0.328125 0.598877
vt 0.356201 0.617432
vt 0.353271 0.622314
vt 0.345215 0.619141
vt 0.336426 0.609375
vt 0.328369 0.614014
vt 0.337158 0.612793
vt 0.333740 0.618896
vt 0.347656 0.634033
vt 0.341797 0.629883
vt 0.328369 0.626709
vt 0.322998 0.623779
vt 0.322266 0.635742
vt 0.338135 0.634521
vt 0.337158 0.641846
vt 0.332764 0.648926
vt 0.346680 0.650146
vt 0.346680 0.640625
vt 0.350830 0.647461
vt 0.349121 0.654541
vt 0.161865 0.877686
vt 0.159912 0.851807
vt 0.175781 0.866699
vt 0.189453 0.847656
vt 0.171631 0.830078
vt 0.153809 0.822998
vt 0.140625 0.850098
vt 0.181396 0.801514
vt 0.191650 0.822266
vt 0.157471 0.794678
vt 0.129395 0.816406
vt 0.180664 0.772705
vt 0.128418 0.796875
vt 0.140137 0.768555
vt 0.112549 0.771973
vt 0.119385 0.723877
vt 0.122803 0.709229
vt 0.138428 0.699463
vt 0.143799 0.706055
vt 0.149414 0.697510
vt 0.143555 0.673828
vt 0.128174 0.729004
vt 0.153564 0.694580
vt 0.151367 0.677734
vt 0.155762 0.699219
vt 0.131836 0.733887
vt 0.115479 0.738281
vt 0.152588 0.727539
vt 0.166016 0.707764
vt 0.162842 0.718018
vt 0.175537 0.713867
vt 0.191895 0.707275
vt 0.169678 0.688477
vt 0.185303 0.690430
vt 0.209961 0.703857
vt 0.225342 0.703369
vt 0.185791 0.676514
vt 0.192871 0.672119
vt 0.166016 0.673096
vt 0.152832 0.637939
vt 0.177734 0.672852
vt 0.182373 0.665283
vt 0.186523 0.666748
vt 0.167236 0.646240
vt 0.176758 0.654297
vt 0.160156 0.620117
vt 0.148926 0.609375
vt 0.169434 0.629883
vt 0.174316 0.644531
vt 0.179199 0.643799
vt 0.172363 0.634033
vt 0.081299 0.652344
vt 0.067627 0.653809
vt 0.060303 0.630859
vt 0.053223 0.638672
vt 0.069092 0.623779
vt 0.049805 0.632568
vt 0.061279 0.619629
vt 0.057861 0.622559
vt 0.052734 0.617920
vt 0.060059 0.615723
vt 0.042236 0.619629
vt 0.055420 0.607666
vt 0.046631 0.609375
vt 0.035645 0.611328
vt 0.031006 0.610352
vt 0.032227 0.609375
vt 0.049561 0.607178
vt 0.056152 0.605713
vt 0.034912 0.607178
vt 0.041992 0.607422
vt 0.047607 0.601807
vt 0.052002 0.583496
vt 0.059814 0.574219
vt 0.036133 0.583984
vt 0.049072 0.564453
vt 0.042236 0.604980
vt 0.036865 0.603027
vt 0.043457 0.600098
vt 0.040283 0.598389
vt 0.039551 0.592041
vt 0.043945 0.591553
vt 0.041016 0.588135
vt 0.045166 0.586670
vt 0.046387 0.580811
vt 0.045898 0.578369
vt 0.041260 0.578369
vt 0.042480 0.575439
vt 0.038574 0.573242
vt 0.049072 0.574951
vt 0.046143 0.572998
vt 0.299072 0.050781
vt 0.317627 0.057861
vt 0.304688 0.060059
vt 0.293457 0.054932
vt 0.290771 0.065430
vt 0.280762 0.048096
vt 0.302734 0.073242
vt 0.310059 0.073975
vt 0.319336 0.071045
vt 0.335693 0.060303
vt 0.314453 0.080811
vt 0.317627 0.089600
vt 0.320801 0.102051
vt 0.323730 0.100342
vt 0.323242 0.091553
vt 0.333496 0.092773
vt 0.317627 0.077393
vt 0.338379 0.074707
vt 0.359131 0.076660
vt 0.364502 0.057617
vt 0.355713 0.049072
vt 0.836914 0.479004
vt 0.835693 0.467529
vt 0.839600 0.470459
vt 0.839844 0.480957
vt 0.833496 0.475586
vt 0.840088 0.461670
vt 0.831299 0.468506
vt 0.821289 0.466797
vt 0.832520 0.465576
vt 0.826416 0.459717
vt 0.821045 0.454834
vt 0.830566 0.456787
vt 0.823975 0.452148
vt 0.811279 0.451660
vt 0.837402 0.462402
vt 0.833496 0.452637
vt 0.827637 0.448730
vt 0.812256 0.449463
vt 0.826904 0.443848
vt 0.818115 0.443604
vt 0.831787 0.444824
vt 0.827393 0.438232
vt 0.816162 0.435303
vt 0.827393 0.433594
vt 0.818848 0.430908
vt 0.833008 0.434326
vt 0.836670 0.439941
vt 0.836670 0.445557
vt 0.839844 0.449707
vt 0.836426 0.453125
vt 0.838135 0.442871
vt 0.839111 0.440430
vt 0.841064 0.442139
vt 0.840332 0.437256
vt 0.836914 0.434570
vt 0.832520 0.432617
vt 0.835449 0.432861
vt 0.835449 0.431885
vt 0.835449 0.430420
vt 0.837158 0.432129
vt 0.838623 0.432861
vt 0.838867 0.429932
vt 0.842529 0.435303
vt 0.840332 0.432617
vt 0.840820 0.430420
vt 0.841553 0.432617
vt 0.841553 0.431152
vt 0.842773 0.432129
vt 0.843994 0.429688
vt 0.845703 0.430420
vt 0.845947 0.424316
vt 0.844482 0.442383
vt 0.846680 0.436768
vt 0.846924 0.431152
vt 0.850098 0.424072
vt 0.851318 0.419434
vt 0.854492 0.429443
vt 0.850342 0.443604
vt 0.857422 0.435303
vt 0.842529 0.449219
vt 0.849121 0.451172
vt 0.856689 0.454102
vt 0.861084 0.448486
vt 0.866699 0.470947
vt 0.842285 0.459473
vt 0.846191 0.453857
vt 0.854248 0.457520
vt 0.851562 0.462891
vt 0.862305 0.471924
vt 0.873779 0.495850
vt 0.863037 0.483154
vt 0.870361 0.496094
vt 0.848389 0.467529
vt 0.860840 0.485596
vt 0.873535 0.505371
vt 0.869385 0.500732
vt 0.856445 0.483643
vt 0.845703 0.484131
vt 0.853760 0.507568
vt 0.859131 0.511230
vt 0.003174 0.046875
vt 0.015869 0.052002
vt 0.015625 0.062988
vt 0.013428 0.065918
vt 0.020508 0.075439
vt 0.000244 0.061523
vt 0.014404 0.072510
vt 0.965576 0.234375
vt 0.966553 0.228027
vt 0.966797 0.234863
vt 0.975830 0.233398
vt 0.976074 0.230225
vt 0.965576 0.241211
vt 0.957520 0.251953
vt 0.989990 0.239014
vt 0.974609 0.235352
vt 0.983398 0.239502
vt 0.966797 0.239258
vt 0.979980 0.238525
vt 0.969482 0.236572
vt 0.968750 0.239990
vt 0.968750 0.242188
vt 0.971191 0.238037
vt 0.971924 0.240234
vt 0.974854 0.239258
vt 0.971436 0.242432
vt 0.967041 0.249268
vt 0.969971 0.249756
vt 0.975586 0.241943
vt 0.978760 0.241699
vt 0.965332 0.260986
vt 0.957764 0.275635
vt 0.965332 0.273926
vt 0.976318 0.263184
vt 0.971924 0.284668
vt 0.976807 0.245117
vt 0.979492 0.277344
vt 0.980225 0.242676
vt 0.980225 0.246826
vt 0.981934 0.244141
vt 0.983643 0.244629
vt 0.986816 0.241699
vt 0.983154 0.248047
vt 0.985840 0.245850
vt 0.990234 0.242676
vt 0.993408 0.246094
vt 0.987793 0.245605
vt 0.985107 0.250000
vt 0.989990 0.246338
vt 0.988037 0.249023
vt 0.989746 0.252686
vt 0.991211 0.249023
vt 0.992920 0.250000
vt 0.994873 0.252441
vt 0.992188 0.254395
vt 0.993652 0.259766
vt 0.986084 0.272705
vt 0.981934 0.283691
vt 0.988037 0.275635
vt 0.997803 0.260498
vt 0.997559 0.275146
vt 0.531250 0.926758
vt 0.538330 0.931152
vt 0.529297 0.928711
vt 0.515381 0.923584
vt 0.515869 0.921143
vt 0.512207 0.915039
vt 0.517578 0.926514
vt 0.510498 0.925293
vt 0.527344 0.930420
vt 0.516602 0.928711
vt 0.512207 0.930420
vt 0.524414 0.932617
vt 0.538086 0.935791
vt 0.517578 0.934570
vt 0.530762 0.936279
vt 0.516846 0.937012
vt 0.512695 0.930908
vt 0.531494 0.940918
vt 0.520020 0.947754
vt 0.532715 0.946045
vt 0.510254 0.949951
vt 0.524170 0.958984
vt 0.510498 0.964355
vt 0.053955 0.782471
vt 0.056396 0.789795
vt 0.053467 0.789795
vt 0.051270 0.782471
vt 0.050781 0.774170
vt 0.056641 0.780273
vt 0.058350 0.787109
vt 0.060303 0.784180
vt 0.053955 0.772217
vt 0.057861 0.775635
vt 0.060791 0.780273
vt 0.061035 0.772949
vt 0.063477 0.777100
vt 0.064941 0.772461
vt 0.064453 0.770264
vt 0.059326 0.770020
vt 0.047119 0.767578
vt 0.063721 0.768311
vt 0.080078 0.763916
vt 0.064941 0.767090
vt 0.067139 0.766357
vt 0.066162 0.767578
vt 0.050537 0.761963
vt 0.062500 0.763916
vt 0.039062 0.762207
vt 0.042480 0.767822
vt 0.037354 0.766357
vt 0.028076 0.762207
vt 0.041016 0.771729
vt 0.047607 0.774414
vt 0.511230 0.894287
vt 0.513184 0.872070
vt 0.524170 0.871582
vt 0.537109 0.852539
vt 0.532471 0.869629
vt 0.520508 0.900146
vt 0.531982 0.882080
vt 0.528564 0.893555
vt 0.528809 0.899902
vt 0.530518 0.920410
vt 0.532959 0.894043
vt 0.538574 0.897461
vt 0.530029 0.895020
vt 0.715576 0.017578
vt 0.714600 0.012695
vt 0.717529 0.017578
vt 0.717285 0.012695
vt 0.721436 0.015137
vt 0.717529 0.007080
vt 0.722168 0.007080
vt 0.725098 0.009766
vt 0.722900 0.000732
vt 0.730713 0.000000
vt 0.725098 0.023682
vt 0.719971 0.023193
vt 0.729736 0.031738
vt 0.725098 0.031006
vt 0.719238 0.025879
vt 0.715332 0.026123
vt 0.716553 0.020996
vt 0.712646 0.024414
vt 0.711426 0.023926
vt 0.712891 0.021484
vt 0.706299 0.027588
vt 0.707275 0.023682
vt 0.709717 0.021729
vt 0.705078 0.026123
vt 0.701416 0.027588
vt 0.699951 0.030273
vt 0.702637 0.029785
vt 0.053711 0.981934
vt 0.050781 0.978027
vt 0.053467 0.979004
vt 0.058105 0.981689
vt 0.052246 0.975098
vt 0.050781 0.973877
vt 0.055176 0.977295
vt 0.053223 0.972900
vt 0.059570 0.979248
vt 0.057617 0.973877
vt 0.055420 0.974609
vt 0.525391 0.974854
vt 0.523682 0.974854
vt 0.525146 0.970459
vt 0.523438 0.979492
vt 0.520752 0.974365
vt 0.518799 0.968994
vt 0.517578 0.984863
vt 0.510986 0.979248
vt 0.511719 0.991455
vt 0.516113 0.997070
vt 0.521484 0.990234
vt 0.524170 0.983398
vt 0.525635 0.986816
vt 0.528076 0.985352
vt 0.528564 0.981934
vt 0.533447 0.988770
vt 0.525879 0.978760
vt 0.530762 0.977051
vt 0.538818 0.988770
vt 0.536621 0.971924
vt 0.530762 0.963135
vt 0.538330 0.949951
vt 0.676270 0.029785
vt 0.688232 0.027832
vt 0.682373 0.034180
vt 0.693848 0.025146
vt 0.678467 0.022705
vt 0.685791 0.016602
vt 0.674316 0.026855
vt 0.668945 0.024170
vt 0.666504 0.028320
vt 0.652344 0.013184
vt 0.650146 0.022705
vt 0.666992 0.040771
vt 0.672852 0.041260
vt 0.661377 0.070312
vt 0.886719 0.317871
vt 0.891846 0.308838
vt 0.891846 0.315674
vt 0.890137 0.319580
vt 0.894287 0.319824
vt 0.895996 0.314209
vt 0.899658 0.311768
vt 0.898193 0.320068
vt 0.890137 0.322510
vt 0.886719 0.320068
vt 0.884766 0.317871
vt 0.880615 0.309814
vt 0.882812 0.316650
vt 0.884766 0.322754
vt 0.889404 0.324951
vt 0.882812 0.328125
vt 0.891602 0.323730
vt 0.889893 0.329102
vt 0.880859 0.335693
vt 0.892334 0.327148
vt 0.897949 0.324707
vt 0.909668 0.320801
vt 0.906250 0.337402
vt 0.898926 0.342041
vt 0.913574 0.353271
vt 0.909912 0.364258
vt 0.898193 0.359375
vt 0.878906 0.357178
vt 0.912109 0.381836
vt 0.879639 0.377686
vt 0.904541 0.385986
vt 0.909912 0.390869
vt 0.887695 0.391846
vt 0.060303 0.719238
vt 0.053711 0.727051
vt 0.049561 0.716553
vt 0.051758 0.700439
vt 0.034912 0.709473
vt 0.040771 0.697510
vt 0.023193 0.724365
vt 0.022461 0.713867
vt 0.021240 0.705078
vt 0.037109 0.693115
vt 0.031250 0.732178
vt 0.024414 0.736572
vt 0.039551 0.735840
vt 0.044434 0.745605
vt 0.031738 0.739746
vt 0.029541 0.744873
vt 0.048828 0.750000
vt 0.867920 0.143311
vt 0.872070 0.147949
vt 0.864258 0.152832
vt 0.877441 0.143066
vt 0.878662 0.147705
vt 0.870605 0.150635
vt 0.870605 0.155518
vt 0.857422 0.164307
vt 0.858887 0.151855
vt 0.864502 0.181641
vt 0.861328 0.156494
vt 0.873291 0.134521
vt 0.854736 0.145752
vt 0.859131 0.157227
vt 0.857666 0.156494
vt 0.856201 0.159912
vt 0.852783 0.159424
vt 0.846191 0.164307
vt 0.843018 0.155762
vt 0.848145 0.171387
vt 0.835693 0.158936
vt 0.828369 0.151855
vt 0.822998 0.153809
vt 0.815674 0.145264
vt 0.817383 0.160645
vt 0.831787 0.166748
vt 0.840576 0.167236
vt 0.838867 0.169922
vt 0.811523 0.169434
vt 0.787354 0.163818
vt 0.813232 0.173584
vt 0.831787 0.171631
vt 0.825439 0.178467
vt 0.805420 0.178467
vt 0.846191 0.178955
vt 0.853027 0.182129
vt 0.854980 0.185547
vt 0.854980 0.192871
vt 0.872314 0.189453
vt 0.863770 0.197754
vt 0.869141 0.208984
vt 0.865479 0.192383
vt 0.872559 0.193115
vt 0.870361 0.201416
vt 0.877686 0.210693
vt 0.874268 0.199463
vt 0.869141 0.197998
vt 0.871582 0.196289
vt 0.877686 0.195312
vt 0.581543 0.991211
vt 0.572998 0.987305
vt 0.580078 0.979736
vt 0.573730 0.979248
vt 0.590088 0.978760
vt 0.578369 0.976318
vt 0.583740 0.973633
vt 0.735840 0.965576
vt 0.740479 0.964111
vt 0.735596 0.979004
vt 0.382324 0.969482
vt 0.368408 0.975342
vt 0.369629 0.970215
vt 0.356201 0.962646
vt 0.351562 0.976562
vt 0.346436 0.966309
vt 0.347656 0.957275
vt 0.346680 0.943115
vt 0.336182 0.947266
vt 0.354492 0.944580
vt 0.354980 0.930176
vt 0.368896 0.946289
vt 0.372559 0.920898
vt 0.367188 0.963135
vt 0.369385 0.966309
vt 0.371582 0.961670
vt 0.375488 0.963867
vt 0.379150 0.961426
vt 0.386230 0.959717
vt 0.395508 0.966064
vt 0.377930 0.946045
vt 0.399170 0.958252
vt 0.397949 0.965820
vt 0.406738 0.961182
vt 0.377930 0.929199
vt 0.380127 0.954834
vt 0.379639 0.942627
vt 0.375488 0.917725
vt 0.354736 0.912842
vt 0.382324 0.929199
vt 0.382568 0.942627
vt 0.367920 0.911377
vt 0.385742 0.945801
vt 0.379150 0.910156
vt 0.370361 0.905029
vt 0.390137 0.915771
vt 0.385986 0.934814
vt 0.385498 0.941162
vt 0.388672 0.949219
vt 0.392334 0.941406
vt 0.395508 0.927490
vt 0.394287 0.951172
vt 0.399658 0.938965
vt 0.417236 0.947266
vt 0.433594 0.967285
vt 0.399902 0.920898
vt 0.408691 0.927979
vt 0.440674 0.948730
vt 0.452637 0.972412
vt 0.430664 0.927246
vt 0.400879 0.912598
vt 0.418457 0.904541
vt 0.455566 0.958252
vt 0.481689 0.974365
vt 0.463135 0.935547
vt 0.473633 0.960938
vt 0.488281 0.944580
vt 0.504639 0.959961
vt 0.480713 0.919922
vt 0.498291 0.933105
vt 0.498047 0.918945
vt 0.459717 0.909180
vt 0.443604 0.914551
vt 0.452393 0.900146
vt 0.431885 0.897461
vt 0.428467 0.896240
vt 0.431396 0.892334
vt 0.424316 0.881348
vt 0.411865 0.875244
vt 0.394043 0.890869
vt 0.394043 0.870361
vt 0.404785 0.856445
vt 0.391357 0.862549
vt 0.385986 0.871826
vt 0.385742 0.860840
vt 0.387451 0.854004
vt 0.379883 0.866455
vt 0.382080 0.856445
vt 0.386719 0.886230
vt 0.378906 0.878174
vt 0.383301 0.879395
vt 0.383301 0.886719
vt 0.381348 0.895264
vt 0.390381 0.897461
vt 0.395996 0.907227
vt 0.387207 0.902588
vt 0.391602 0.912354
vt 0.382080 0.906006
vt 0.377930 0.902100
vt 0.375244 0.899658
vt 0.366455 0.895020
vt 0.357178 0.894531
vt 0.373779 0.891846
vt 0.368164 0.889160
vt 0.376953 0.887207
vt 0.369873 0.882812
vt 0.364014 0.879150
vt 0.367188 0.871338
vt 0.372559 0.876465
vt 0.371094 0.862549
vt 0.010742 0.127197
vt 0.005371 0.126221
vt 0.010010 0.121826
vt 0.012207 0.122803
vt 0.013184 0.126465
vt 0.008545 0.132568
vt 0.014648 0.131104
vt 0.016357 0.127930
vt 0.019531 0.131836
vt 0.017578 0.138672
vt 0.012939 0.150635
vt 0.000488 0.147705
vt 0.020508 0.151367
vt 0.006348 0.168701
vt 0.018555 0.160156
vt 0.720703 0.204102
vt 0.719727 0.208740
vt 0.717529 0.209473
vt 0.715820 0.207520
vt 0.713623 0.211670
vt 0.720947 0.212158
vt 0.718994 0.211670
vt 0.725586 0.212158
vt 0.717773 0.213867
vt 0.719482 0.218506
vt 0.721680 0.214844
vt 0.713135 0.217285
vt 0.724854 0.218262
vt 0.730957 0.218994
vt 0.726562 0.206055
vt 0.724365 0.223389
vt 0.733887 0.211182
vt 0.737549 0.219727
vt 0.752197 0.208252
vt 0.729980 0.227051
vt 0.723877 0.227783
vt 0.719727 0.225830
vt 0.725586 0.233643
vt 0.732910 0.239746
vt 0.722412 0.231201
vt 0.709961 0.219482
vt 0.711670 0.211914
vt 0.713623 0.226318
vt 0.718994 0.236084
vt 0.728027 0.248047
vt 0.705078 0.216797
vt 0.707275 0.213135
vt 0.701416 0.219238
vt 0.734863 0.259521
vt 0.727051 0.262939
vt 0.742920 0.259521
vt 0.721924 0.247803
vt 0.718994 0.264404
vt 0.709473 0.236572
vt 0.713135 0.253418
vt 0.700684 0.222656
vt 0.702393 0.235352
vt 0.687256 0.214844
vt 0.685059 0.208252
vt 0.686523 0.214111
vt 0.699463 0.214111
vt 0.701416 0.245361
vt 0.690430 0.233887
vt 0.691895 0.244141
vt 0.708496 0.260742
vt 0.709717 0.268066
vt 0.703125 0.269775
vt 0.697754 0.255859
vt 0.693359 0.257568
vt 0.697754 0.272217
vt 0.703613 0.213135
vt 0.703857 0.210693
vt 0.701904 0.210693
vt 0.696533 0.210938
vt 0.701172 0.207520
vt 0.153320 0.987549
vt 0.161377 0.983643
vt 0.163818 0.988281
vt 0.164307 0.991211
vt 0.155518 0.995117
vt 0.172607 0.989502
vt 0.150146 0.980957
vt 0.166992 0.983154
vt 0.173828 0.971924
vt 0.158203 0.979248
vt 0.158203 0.974365
vt 0.165039 0.978516
vt 0.430420 0.404785
vt 0.427979 0.396973
vt 0.433594 0.396729
vt 0.427002 0.388428
vt 0.421631 0.389893
vt 0.419678 0.395020
vt 0.417969 0.386963
vt 0.437988 0.387695
vt 0.423340 0.372070
vt 0.416260 0.396240
vt 0.401367 0.381592
vt 0.415527 0.403564
vt 0.438965 0.403076
vt 0.435059 0.412109
vt 0.430420 0.419922
vt 0.447998 0.417236
vt 0.398682 0.370361
vt 0.394775 0.378174
vt 0.407471 0.364014
vt 0.447754 0.400146
vt 0.457275 0.396484
vt 0.444580 0.393555
vt 0.451416 0.391357
vt 0.456055 0.383057
vt 0.447754 0.374756
vt 0.443115 0.388672
vt 0.439697 0.368896
vt 0.442139 0.357666
vt 0.421143 0.353760
vt 0.406250 0.357422
vt 0.406982 0.351807
vt 0.406494 0.342773
vt 0.406494 0.332031
vt 0.419922 0.323730
vt 0.433838 0.359863
vt 0.443848 0.352051
vt 0.434570 0.347168
vt 0.434326 0.334961
vt 0.447266 0.358887
vt 0.450439 0.352295
vt 0.453857 0.360596
vt 0.455566 0.345459
vt 0.449219 0.342773
vt 0.463135 0.332764
vt 0.479980 0.325684
vt 0.474365 0.320068
vt 0.458984 0.327393
vt 0.468506 0.307861
vt 0.461182 0.312988
vt 0.453369 0.306641
vt 0.443115 0.335693
vt 0.448242 0.332764
vt 0.450684 0.320557
vt 0.446777 0.307861
vt 0.441162 0.302490
vt 0.443359 0.331299
vt 0.443115 0.318848
vt 0.433594 0.312012
vt 0.434814 0.302246
vt 0.414551 0.311768
vt 0.416992 0.299805
vt 0.416260 0.293701
vt 0.558350 0.983887
vt 0.559326 0.989990
vt 0.554688 0.988037
vt 0.553955 0.983398
vt 0.547852 0.985352
vt 0.550537 0.979492
vt 0.563477 0.977783
vt 0.547852 0.974854
vt 0.882324 0.880615
vt 0.867676 0.879639
vt 0.872803 0.872070
vt 0.868164 0.870850
vt 0.864258 0.875000
vt 0.867676 0.866699
vt 0.863037 0.851318
vt 0.870850 0.852295
vt 0.876953 0.865723
vt 0.878906 0.869385
vt 0.886230 0.857910
vt 0.878662 0.849365
vt 0.885986 0.865479
vt 0.883789 0.875732
vt 0.898193 0.864746
vt 0.901123 0.856201
vt 0.888916 0.870361
vt 0.893311 0.879639
vt 0.909912 0.862305
vt 0.914551 0.850098
vt 0.897705 0.870117
vt 0.903564 0.872803
vt 0.907959 0.867676
vt 0.910889 0.874512
vt 0.904541 0.881104
vt 0.900146 0.890381
vt 0.912354 0.887695
vt 0.885498 0.893555
vt 0.893799 0.913086
vt 0.870850 0.933350
vt 0.873047 0.895508
vt 0.864258 0.921631
vt 0.866211 0.893555
vt 0.008301 0.589600
vt 0.008789 0.583984
vt 0.011963 0.581787
vt 0.004883 0.582520
vt 0.008301 0.580322
vt 0.002441 0.579590
vt 0.003418 0.586914
vt 0.004395 0.593994
vt 0.001953 0.592529
vt 0.007812 0.596191
vt 0.015625 0.601318
vt 0.021240 0.581299
vt 0.026611 0.582031
vt 0.026855 0.618164
vt 0.017822 0.618896
vt 0.012695 0.614502
vt 0.007324 0.604980
vt 0.000977 0.601074
vt 0.005859 0.610596
vt 0.001465 0.606934
vt 0.001465 0.612793
vt 0.671875 0.909912
vt 0.677979 0.907959
vt 0.675293 0.911865
vt 0.678467 0.903320
vt 0.672119 0.915527
vt 0.686768 0.906982
vt 0.681396 0.912842
vt 0.677490 0.919189
vt 0.669189 0.919678
vt 0.676025 0.921875
vt 0.679443 0.915527
vt 0.683838 0.924072
vt 0.682129 0.919189
vt 0.669922 0.925781
vt 0.685547 0.916016
vt 0.691895 0.928223
vt 0.690430 0.916016
vt 0.695801 0.918213
vt 0.689941 0.937744
vt 0.726074 0.918701
vt 0.698975 0.895752
vt 0.739502 0.911865
vt 0.725830 0.894531
vt 0.750732 0.879883
vt 0.700195 0.864990
vt 0.725586 0.845215
vt 0.753418 0.846436
vt 0.709961 0.831543
vt 0.700928 0.839111
vt 0.705322 0.821289
vt 0.700684 0.829102
vt 0.709229 0.922119
vt 0.699219 0.921875
vt 0.696289 0.925293
vt 0.705078 0.924316
vt 0.708984 0.925537
vt 0.706543 0.928955
vt 0.714844 0.927490
vt 0.714600 0.934814
vt 0.726318 0.924072
vt 0.738525 0.926758
vt 0.736328 0.933105
vt 0.718994 0.929688
vt 0.731201 0.932129
vt 0.721436 0.933105
vt 0.725586 0.930176
vt 0.727539 0.935303
vt 0.727051 0.938232
vt 0.731934 0.943115
vt 0.723633 0.938477
vt 0.723145 0.950928
vt 0.715332 0.943604
vt 0.708496 0.939697
vt 0.697754 0.937744
vt 0.694580 0.946777
vt 0.697510 0.947998
vt 0.697266 0.953857
vt 0.691895 0.955566
vt 0.690674 0.947021
vt 0.689209 0.942383
vt 0.684570 0.939697
vt 0.686768 0.945068
vt 0.682617 0.946289
vt 0.266846 0.315674
vt 0.271240 0.316650
vt 0.258789 0.322266
vt 0.252441 0.316162
vt 0.269043 0.323975
vt 0.266113 0.309814
vt 0.262939 0.307617
vt 0.249023 0.308350
vt 0.269531 0.309082
vt 0.272705 0.312256
vt 0.275391 0.318848
vt 0.276367 0.315918
vt 0.274658 0.311035
vt 0.280273 0.313965
vt 0.279541 0.306885
vt 0.279541 0.323242
vt 0.266602 0.330811
vt 0.281006 0.317139
vt 0.296143 0.311768
vt 0.302734 0.316895
vt 0.286621 0.328613
vt 0.265869 0.336914
vt 0.309814 0.321533
vt 0.285889 0.336182
vt 0.263184 0.346924
vt 0.312500 0.326904
vt 0.318359 0.315430
vt 0.284424 0.343506
vt 0.266113 0.353027
vt 0.308105 0.337158
vt 0.330811 0.328857
vt 0.337158 0.322754
vt 0.329590 0.335449
vt 0.347168 0.325439
vt 0.302002 0.346680
vt 0.319336 0.339844
vt 0.330566 0.341553
vt 0.368408 0.329590
vt 0.321533 0.341797
vt 0.316406 0.345459
vt 0.323486 0.351074
vt 0.346191 0.342773
vt 0.366699 0.344482
vt 0.334229 0.356201
vt 0.367676 0.353027
vt 0.343262 0.366211
vt 0.303711 0.362793
vt 0.316406 0.367188
vt 0.320312 0.379883
vt 0.343750 0.378662
vt 0.337402 0.383301
vt 0.297852 0.379883
vt 0.327148 0.392822
vt 0.342285 0.386719
vt 0.342529 0.390869
vt 0.285889 0.372070
vt 0.280273 0.364258
vt 0.294678 0.357910
vt 0.276611 0.359131
vt 0.285645 0.355957
vt 0.283936 0.351318
vt 0.283447 0.354492
vt 0.277588 0.355225
vt 0.264404 0.360107
vt 0.801025 0.813232
vt 0.796631 0.812988
vt 0.795654 0.807373
vt 0.789795 0.809326
vt 0.795410 0.802246
vt 0.795898 0.820312
vt 0.790039 0.817383
vt 0.803955 0.821777
vt 0.806885 0.820068
vt 0.810303 0.825439
vt 0.802246 0.809814
vt 0.808594 0.810791
vt 0.807129 0.802490
vt 0.797119 0.796631
vt 0.806641 0.829346
vt 0.813232 0.832031
vt 0.800049 0.830566
vt 0.797363 0.840088
vt 0.809570 0.839600
vt 0.804443 0.842041
vt 0.786865 0.846924
vt 0.788574 0.843506
vt 0.778076 0.842773
vt 0.790527 0.839111
vt 0.780518 0.836670
vt 0.769043 0.839844
vt 0.791260 0.834229
vt 0.794922 0.828857
vt 0.790527 0.830566
vt 0.770996 0.829346
vt 0.754639 0.838135
vt 0.784912 0.832764
vt 0.778320 0.829102
vt 0.756592 0.825928
vt 0.745117 0.840576
vt 0.789551 0.828857
vt 0.784424 0.829834
vt 0.790039 0.825684
vt 0.783936 0.826904
vt 0.783936 0.822998
vt 0.780273 0.822510
vt 0.774170 0.822266
vt 0.782959 0.819336
vt 0.784180 0.815674
vt 0.776611 0.817139
vt 0.776367 0.812988
vt 0.770264 0.816895
vt 0.767578 0.812744
vt 0.783447 0.800781
vt 0.775146 0.808838
vt 0.788818 0.796387
vt 0.778320 0.804199
vt 0.774414 0.805664
vt 0.772217 0.803467
vt 0.783691 0.791748
vt 0.788086 0.791748
vt 0.773193 0.796631
vt 0.796631 0.783691
vt 0.786621 0.785889
vt 0.810059 0.766846
vt 0.779053 0.784912
vt 0.775146 0.786377
vt 0.776367 0.778809
vt 0.792725 0.769531
vt 0.804443 0.767334
vt 0.807373 0.764160
vt 0.807617 0.760254
vt 0.812012 0.753906
vt 0.806885 0.751221
vt 0.807617 0.747070
vt 0.803955 0.747070
vt 0.800537 0.748291
vt 0.790527 0.758301
vt 0.800537 0.738770
vt 0.807373 0.736572
vt 0.811035 0.729492
vt 0.812256 0.716797
vt 0.798584 0.730713
vt 0.778320 0.755127
vt 0.784912 0.727783
vt 0.772217 0.773438
vt 0.770508 0.781250
vt 0.764893 0.769043
vt 0.770996 0.753174
vt 0.766846 0.747314
vt 0.775146 0.727539
vt 0.762939 0.763916
vt 0.755371 0.760986
vt 0.753906 0.747314
vt 0.752197 0.740479
vt 0.752686 0.757812
vt 0.746582 0.755615
vt 0.739990 0.751709
vt 0.750732 0.762451
vt 0.757080 0.767578
vt 0.760010 0.768066
vt 0.760742 0.772217
vt 0.742432 0.757812
vt 0.732178 0.757812
vt 0.730713 0.751953
vt 0.738525 0.762695
vt 0.724609 0.757324
vt 0.723877 0.767090
vt 0.718994 0.770264
vt 0.723633 0.775391
vt 0.718506 0.781250
vt 0.728271 0.766113
vt 0.731201 0.767090
vt 0.727051 0.773193
vt 0.725342 0.784912
vt 0.722656 0.799805
vt 0.714844 0.800293
vt 0.728516 0.776123
vt 0.729736 0.782227
vt 0.731445 0.775146
vt 0.733887 0.772217
vt 0.735107 0.776611
vt 0.730469 0.788330
vt 0.735596 0.785889
vt 0.739502 0.770996
vt 0.731201 0.796143
vt 0.733154 0.814941
vt 0.726318 0.830322
vt 0.715332 0.817383
vt 0.736328 0.822754
vt 0.750244 0.823975
vt 0.739014 0.796387
vt 0.742432 0.807373
vt 0.751221 0.811768
vt 0.746826 0.795898
vt 0.764160 0.810303
vt 0.750977 0.799072
vt 0.766357 0.805176
vt 0.759521 0.804199
vt 0.756836 0.799561
vt 0.763916 0.800537
vt 0.762939 0.796875
vt 0.766602 0.793213
vt 0.756836 0.795410
vt 0.759033 0.790283
vt 0.753174 0.791748
vt 0.757812 0.785400
vt 0.752930 0.788330
vt 0.752930 0.781982
vt 0.749023 0.788330
vt 0.743408 0.791260
vt 0.746094 0.786865
vt 0.763184 0.777344
vt 0.767578 0.775391
vt 0.764648 0.772461
vt 0.754150 0.773926
vt 0.743896 0.783936
vt 0.747070 0.766113
vt 0.744873 0.776611
vt 0.740723 0.784180
vt 0.741699 0.775635
vt 0.740967 0.779053
vt 0.738525 0.779053
vt 0.090820 0.104492
vt 0.086914 0.116699
vt 0.084717 0.108643
vt 0.081055 0.114014
vt 0.079834 0.106445
vt 0.082764 0.122314
vt 0.089844 0.117920
vt 0.099365 0.112793
vt 0.105225 0.105225
vt 0.092529 0.121094
vt 0.096191 0.128906
vt 0.087158 0.123047
vt 0.089844 0.127441
vt 0.086426 0.134277
vt 0.088867 0.138428
vt 0.081787 0.128662
vt 0.084473 0.130859
vt 0.081299 0.135498
vt 0.074951 0.138916
vt 0.076660 0.142334
vt 0.070312 0.132324
vt 0.066650 0.144775
vt 0.072998 0.145752
vt 0.068604 0.147949
vt 0.061768 0.149902
vt 0.052734 0.142090
vt 0.058838 0.137939
vt 0.043945 0.131104
vt 0.076172 0.119873
vt 0.067139 0.107666
vt 0.063232 0.125244
vt 0.055908 0.127441
vt 0.049805 0.125732
vt 0.054932 0.123291
vt 0.059814 0.118896
vt 0.050781 0.115967
vt 0.041992 0.114990
vt 0.063477 0.096680
vt 0.072998 0.099365
vt 0.046143 0.101074
vt 0.035156 0.116943
vt 0.034668 0.105713
vt 0.079346 0.099854
vt 0.029541 0.113770
vt 0.034668 0.126465
vt 0.029053 0.100830
vt 0.033203 0.101807
vt 0.030029 0.124023
vt 0.036865 0.098389
vt 0.031982 0.128418
vt 0.032471 0.131104
vt 0.035156 0.131836
vt 0.041992 0.136230
vt 0.041504 0.139404
vt 0.048340 0.141846
vt 0.044678 0.096680
vt 0.042480 0.092529
vt 0.041016 0.088379
vt 0.051758 0.094727
vt 0.047852 0.087158
vt 0.053467 0.079590
vt 0.053223 0.089111
vt 0.058105 0.088135
vt 0.060547 0.092529
vt 0.062500 0.087158
vt 0.069092 0.079102
vt 0.064941 0.090820
vt 0.068848 0.083008
vt 0.076660 0.086426
vt 0.070557 0.087402
vt 0.072266 0.094238
vt 0.082764 0.076904
vt 0.086426 0.092529
vt 0.096436 0.087402
vt 0.086914 0.100098
vt 0.093750 0.095703
vt 0.102295 0.090576
vt 0.890625 0.058350
vt 0.887451 0.070557
vt 0.875732 0.067139
vt 0.874268 0.085693
vt 0.861084 0.074951
vt 0.863281 0.063477
vt 0.858643 0.095215
vt 0.859863 0.066406
vt 0.855469 0.067871
vt 0.852051 0.060059
vt 0.854492 0.058105
vt 0.847412 0.066162
vt 0.837646 0.056396
vt 0.840820 0.082275
vt 0.832031 0.066162
vt 0.817383 0.060547
vt 0.821533 0.050049
vt 0.822510 0.083008
vt 0.802246 0.067139
vt 0.805176 0.073242
vt 0.819580 0.087646
vt 0.840820 0.098389
vt 0.844727 0.113770
vt 0.855957 0.114990
vt 0.750000 0.262695
vt 0.746338 0.265625
vt 0.753906 0.269287
vt 0.758301 0.263428
vt 0.761719 0.271973
vt 0.751709 0.259521
vt 0.767578 0.271240
vt 0.767090 0.275879
vt 0.772461 0.280029
vt 0.775391 0.279541
vt 0.773926 0.269043
vt 0.777832 0.278320
vt 0.764160 0.262207
vt 0.763428 0.257324
vt 0.770264 0.262451
vt 0.757812 0.246338
vt 0.770996 0.258545
vt 0.768066 0.241943
vt 0.746582 0.244629
vt 0.739014 0.240967
vt 0.747803 0.225830
vt 0.752686 0.217285
vt 0.754639 0.231445
vt 0.759521 0.216553
vt 0.764160 0.223145
vt 0.764648 0.210449
vt 0.768555 0.205322
vt 0.775879 0.208740
vt 0.778320 0.239258
vt 0.777100 0.257324
vt 0.785400 0.259277
vt 0.785156 0.239258
vt 0.775146 0.260498
vt 0.775879 0.262207
vt 0.782715 0.262695
vt 0.790283 0.261963
vt 0.783936 0.269287
vt 0.789551 0.266113
vt 0.798584 0.268066
vt 0.793701 0.270508
vt 0.798096 0.272949
vt 0.801270 0.274902
vt 0.796631 0.276123
vt 0.795166 0.272949
vt 0.793213 0.273193
vt 0.793701 0.276611
vt 0.790771 0.272461
vt 0.793213 0.278809
vt 0.788330 0.277832
vt 0.782959 0.273193
vt 0.786377 0.279053
vt 0.782471 0.275879
vt 0.785156 0.282471
vt 0.778076 0.272949
vt 0.780273 0.278076
vt 0.920898 0.874268
vt 0.928711 0.877441
vt 0.924561 0.879883
vt 0.917969 0.875977
vt 0.933594 0.884521
vt 0.937744 0.882324
vt 0.937256 0.875000
vt 0.946045 0.877930
vt 0.944580 0.887207
vt 0.942139 0.890625
vt 0.956055 0.877197
vt 0.948730 0.895508
vt 0.950439 0.893066
vt 0.956787 0.891113
vt 0.954590 0.896240
vt 0.952637 0.899658
vt 0.960205 0.884033
vt 0.962646 0.877686
vt 0.965820 0.879639
vt 0.966064 0.882324
vt 0.966064 0.885254
vt 0.975342 0.880127
vt 0.972900 0.883789
vt 0.978760 0.886230
vt 0.967285 0.891357
vt 0.956543 0.899902
vt 0.960693 0.900879
vt 0.961670 0.905518
vt 0.956543 0.906006
vt 0.954346 0.923584
vt 0.958740 0.925537
vt 0.976074 0.477051
vt 0.965576 0.468018
vt 0.973389 0.471191
vt 0.970459 0.479004
vt 0.967041 0.464355
vt 0.974365 0.467773
vt 0.973877 0.455811
vt 0.950928 0.454102
vt 0.957275 0.452148
vt 0.948730 0.447754
vt 0.966553 0.443115
vt 0.956299 0.441406
vt 0.948730 0.457031
vt 0.954834 0.468262
vt 0.937012 0.455811
vt 0.938232 0.463623
vt 0.956299 0.474854
vt 0.977051 0.489502
vt 0.948242 0.474121
vt 0.934082 0.465576
vt 0.961914 0.485107
vt 0.976562 0.497803
vt 0.944092 0.476318
vt 0.928223 0.468018
vt 0.968018 0.495361
vt 0.973389 0.500977
vt 0.959473 0.488037
vt 0.935547 0.475342
vt 0.924561 0.467041
vt 0.945801 0.481934
vt 0.933105 0.477783
vt 0.917236 0.468262
vt 0.936523 0.485596
vt 0.916992 0.475098
vt 0.949463 0.490234
vt 0.953369 0.487305
vt 0.962891 0.493652
vt 0.967773 0.500977
vt 0.962158 0.503662
vt 0.965820 0.495605
vt 0.967285 0.497559
vt 0.976318 0.505127
vt 0.972412 0.511719
vt 0.963623 0.512207
vt 0.949463 0.501465
vt 0.930908 0.487305
vt 0.918213 0.481689
vt 0.927490 0.492188
vt 0.946289 0.505615
vt 0.933105 0.502686
vt 0.924072 0.500732
vt 0.935303 0.509033
vt 0.917236 0.492432
vt 0.916504 0.494873
vt 0.013672 0.403809
vt 0.010498 0.396973
vt 0.017090 0.400879
vt 0.014893 0.395996
vt 0.009277 0.389893
vt 0.020264 0.398682
vt 0.015625 0.390869
vt 0.019531 0.390625
vt 0.022705 0.406006
vt 0.034180 0.401123
vt 0.015625 0.384521
vt 0.011475 0.382568
vt 0.034424 0.383789
vt 0.017334 0.378662
vt 0.020020 0.383301
vt 0.025146 0.383301
vt 0.022217 0.379639
vt 0.021729 0.373779
vt 0.025146 0.375732
vt 0.025879 0.369873
vt 0.029053 0.374023
vt 0.033447 0.370361
vt 0.030029 0.369629
vt 0.027100 0.364258
vt 0.541748 0.060059
vt 0.551758 0.059326
vt 0.539551 0.065918
vt 0.554199 0.052734
vt 0.531006 0.066406
vt 0.545166 0.065186
vt 0.554688 0.063232
vt 0.549316 0.067627
vt 0.542969 0.071533
vt 0.531250 0.070557
vt 0.532227 0.075439
vt 0.522461 0.074463
vt 0.525146 0.082520
vt 0.511963 0.076904
vt 0.517090 0.079102
vt 0.517822 0.085693
vt 0.512939 0.085938
vt 0.498291 0.085449
vt 0.476318 0.061279
vt 0.514648 0.095459
vt 0.520508 0.107666
vt 0.517334 0.118408
vt 0.523193 0.102051
vt 0.164062 0.053955
vt 0.179932 0.061279
vt 0.163574 0.062744
vt 0.188477 0.057373
vt 0.138916 0.064209
vt 0.186035 0.047852
vt 0.129395 0.054199
vt 0.176270 0.049072
vt 0.175049 0.042969
vt 0.187256 0.041260
vt 0.157227 0.045654
vt 0.131104 0.045898
vt 0.184326 0.035889
vt 0.188721 0.035645
vt 0.167969 0.033691
vt 0.149902 0.041016
vt 0.135010 0.039551
vt 0.140137 0.037842
vt 0.145752 0.027344
vt 0.151367 0.090088
vt 0.171875 0.068115
vt 0.178467 0.097168
vt 0.146729 0.071777
vt 0.140869 0.104980
vt 0.123779 0.068115
vt 0.125000 0.092773
vt 0.114258 0.104248
vt 0.104736 0.084717
vt 0.525391 0.126221
vt 0.525391 0.114990
vt 0.527344 0.121582
vt 0.532227 0.116699
vt 0.531982 0.131592
vt 0.532227 0.143311
vt 0.543945 0.149170
vt 0.544189 0.154541
vt 0.534424 0.124268
vt 0.536865 0.127197
vt 0.536621 0.120850
vt 0.535889 0.117676
vt 0.541748 0.121582
vt 0.538330 0.118408
vt 0.539307 0.113037
vt 0.550537 0.115479
vt 0.549805 0.107178
vt 0.544434 0.123779
vt 0.542725 0.127930
vt 0.542236 0.130859
vt 0.549316 0.130859
vt 0.540771 0.136475
vt 0.555908 0.109619
vt 0.556885 0.102051
vt 0.566162 0.136230
vt 0.559814 0.107178
vt 0.560791 0.099609
vt 0.564697 0.118896
vt 0.563477 0.105469
vt 0.579102 0.101562
vt 0.564453 0.111328
vt 0.569824 0.108398
vt 0.569336 0.112793
vt 0.575439 0.114746
vt 0.571289 0.117920
vt 0.571533 0.122803
vt 0.578369 0.119141
vt 0.582764 0.124268
vt 0.570068 0.128418
vt 0.576660 0.124023
vt 0.587402 0.127686
vt 0.575928 0.128906
vt 0.574219 0.134766
vt 0.580322 0.131348
vt 0.585938 0.132080
vt 0.580811 0.135498
vt 0.590332 0.133545
vt 0.596191 0.135498
vt 0.602783 0.124268
vt 0.584961 0.137207
vt 0.600830 0.135010
vt 0.580322 0.140869
vt 0.586914 0.139160
vt 0.592285 0.137939
vt 0.597656 0.141113
vt 0.578125 0.144287
vt 0.593262 0.143555
vt 0.588379 0.142334
vt 0.583008 0.145996
vt 0.587646 0.145752
vt 0.587402 0.152832
vt 0.592773 0.147461
vt 0.585449 0.155518
vt 0.593262 0.156982
vt 0.595703 0.153320
vt 0.575684 0.155273
vt 0.587646 0.167480
vt 0.578369 0.166260
vt 0.594238 0.149414
vt 0.597656 0.150879
vt 0.604004 0.152100
vt 0.598877 0.145020
vt 0.602295 0.144287
vt 0.606201 0.145996
vt 0.612793 0.145020
vt 0.609375 0.143066
vt 0.602295 0.140381
vt 0.614014 0.137695
vt 0.604492 0.135010
vt 0.417236 0.098145
vt 0.415527 0.095459
vt 0.418701 0.091553
vt 0.411621 0.096924
vt 0.413818 0.089600
vt 0.410156 0.091064
vt 0.412354 0.080811
vt 0.403564 0.091309
vt 0.408691 0.085449
vt 0.403564 0.086914
vt 0.406982 0.081055
vt 0.403320 0.077881
vt 0.392822 0.064697
vt 0.420166 0.079102
vt 0.390137 0.065430
vt 0.394287 0.058105
vt 0.386719 0.060059
vt 0.398438 0.084961
vt 0.397461 0.079590
vt 0.397705 0.076172
vt 0.387939 0.078125
vt 0.393555 0.076660
vt 0.391113 0.072754
vt 0.390381 0.074951
vt 0.387451 0.070312
vt 0.385498 0.068604
vt 0.385010 0.063965
vt 0.380859 0.072998
vt 0.382568 0.067627
vt 0.381348 0.063232
vt 0.381348 0.059326
vt 0.377686 0.063721
vt 0.379150 0.068359
vt 0.374023 0.075684
vt 0.377686 0.077148
vt 0.373291 0.080322
vt 0.368164 0.080811
vt 0.379639 0.084229
vt 0.365967 0.085693
vt 0.362549 0.084473
vt 0.374512 0.083496
vt 0.362549 0.088623
vt 0.350342 0.090088
vt 0.351318 0.092529
vt 0.372314 0.086914
vt 0.369629 0.092285
vt 0.375732 0.086914
vt 0.371338 0.095703
vt 0.379395 0.089355
vt 0.374512 0.096191
vt 0.379639 0.094238
vt 0.385986 0.091309
vt 0.384521 0.095947
vt 0.383057 0.100098
vt 0.386475 0.098145
vt 0.388428 0.096436
vt 0.392822 0.097900
vt 0.008301 0.036377
vt 0.003906 0.037598
vt 0.018311 0.015869
vt 0.018799 0.046631
vt 0.343750 0.712891
vt 0.344971 0.704834
vt 0.353271 0.699463
vt 0.351074 0.718018
vt 0.335205 0.704102
vt 0.344727 0.720947
vt 0.351074 0.739014
vt 0.357178 0.717773
vt 0.338379 0.719238
vt 0.344971 0.738770
vt 0.344727 0.747314
vt 0.350098 0.751465
vt 0.346191 0.761230
vt 0.337891 0.747314
vt 0.324951 0.732178
vt 0.337402 0.711182
vt 0.326172 0.712891
vt 0.319580 0.719482
vt 0.323486 0.707764
vt 0.321045 0.710205
vt 0.320312 0.702881
vt 0.317871 0.710449
vt 0.322266 0.749512
vt 0.316406 0.711670
vt 0.319824 0.763916
vt 0.316650 0.749023
vt 0.318848 0.734619
vt 0.314941 0.706055
vt 0.311523 0.716797
vt 0.301270 0.701904
vt 0.310303 0.698730
vt 0.298828 0.723389
vt 0.312500 0.742432
vt 0.306885 0.746826
vt 0.289795 0.735840
vt 0.286377 0.744141
vt 0.302979 0.694092
vt 0.303711 0.759033
vt 0.297119 0.769043
vt 0.283936 0.758057
vt 0.303711 0.772705
vt 0.302002 0.773438
vt 0.307129 0.776855
vt 0.306641 0.781982
vt 0.325439 0.783936
vt 0.306396 0.787842
vt 0.351562 0.796387
vt 0.322510 0.795654
vt 0.303467 0.796631
vt 0.371826 0.808838
vt 0.368896 0.812744
vt 0.307617 0.800293
vt 0.299805 0.802002
vt 0.347656 0.804443
vt 0.323242 0.804443
vt 0.354736 0.811035
vt 0.372803 0.822021
vt 0.339111 0.811768
vt 0.359619 0.820557
vt 0.372803 0.829102
vt 0.350586 0.817139
vt 0.365234 0.826904
vt 0.360596 0.825928
vt 0.365234 0.830811
vt 0.356445 0.824463
vt 0.369629 0.834229
vt 0.372314 0.837891
vt 0.357422 0.827637
vt 0.352051 0.826172
vt 0.359375 0.833984
vt 0.367676 0.842529
vt 0.374268 0.839111
vt 0.366455 0.848633
vt 0.363770 0.843018
vt 0.363525 0.847412
vt 0.359863 0.856934
vt 0.361328 0.846924
vt 0.358398 0.843262
vt 0.358887 0.847900
vt 0.354736 0.852783
vt 0.353760 0.843750
vt 0.345459 0.856201
vt 0.350586 0.850830
vt 0.345215 0.867432
vt 0.355957 0.881104
vt 0.343506 0.850098
vt 0.350098 0.837891
vt 0.350586 0.843506
vt 0.346436 0.845459
vt 0.347900 0.842285
vt 0.344727 0.841309
vt 0.342041 0.826904
vt 0.344727 0.837402
vt 0.341797 0.840332
vt 0.330078 0.852539
vt 0.339844 0.846680
vt 0.338623 0.833496
vt 0.338623 0.842041
vt 0.338135 0.837402
vt 0.332764 0.845703
vt 0.334961 0.839111
vt 0.332520 0.836670
vt 0.327637 0.844238
vt 0.325928 0.831299
vt 0.328857 0.836426
vt 0.323975 0.842773
vt 0.325684 0.836670
vt 0.324463 0.834717
vt 0.320557 0.837158
vt 0.320801 0.831787
vt 0.317871 0.845215
vt 0.317627 0.838867
vt 0.316895 0.830811
vt 0.313232 0.841797
vt 0.317871 0.854004
vt 0.299561 0.858398
vt 0.313477 0.834717
vt 0.310303 0.834229
vt 0.311768 0.829834
vt 0.305420 0.838623
vt 0.306396 0.831299
vt 0.313232 0.825439
vt 0.310303 0.827637
vt 0.304199 0.833008
vt 0.305420 0.826416
vt 0.307861 0.817139
vt 0.301270 0.832520
vt 0.298340 0.834229
vt 0.299805 0.825928
vt 0.302002 0.822510
vt 0.295410 0.831055
vt 0.296631 0.823975
vt 0.297363 0.821533
vt 0.299316 0.817627
vt 0.290283 0.858398
vt 0.293701 0.853516
vt 0.289307 0.877930
vt 0.285156 0.876953
vt 0.283691 0.885986
vt 0.286865 0.883545
vt 0.292480 0.886230
vt 0.307129 0.893311
vt 0.285156 0.892090
vt 0.280762 0.895020
vt 0.290771 0.898193
vt 0.321045 0.907715
vt 0.317383 0.870850
vt 0.336182 0.907715
vt 0.342529 0.914795
vt 0.345947 0.913818
vt 0.345703 0.904297
vt 0.344238 0.886719
vt 0.342529 0.873047
vt 0.334229 0.871094
vt 0.328125 0.861084
vt 0.328613 0.856201
vt 0.324707 0.854736
vt 0.322266 0.856934
vt 0.325928 0.857666
vt 0.320801 0.859863
vt 0.963379 0.326904
vt 0.964600 0.338867
vt 0.960693 0.342285
vt 0.968262 0.346191
vt 0.967529 0.329102
vt 0.969238 0.339355
vt 0.975098 0.346924
vt 0.973633 0.340332
vt 0.973633 0.334473
vt 0.976807 0.338379
vt 0.981201 0.344971
vt 0.990967 0.331543
vt 0.991699 0.342529
vt 0.983887 0.327393
vt 0.989502 0.312256
vt 0.975098 0.328613
vt 0.973145 0.328613
vt 0.975830 0.323730
vt 0.972168 0.321777
vt 0.980225 0.319824
vt 0.969238 0.308350
vt 0.965576 0.304688
vt 0.973145 0.294922
vt 0.975098 0.318115
vt 0.979004 0.300537
vt 0.977295 0.317139
vt 0.981689 0.298096
vt 0.976318 0.315430
vt 0.978027 0.314453
vt 0.974365 0.312256
vt 0.981689 0.312500
vt 0.976318 0.308350
vt 0.980713 0.308105
vt 0.980469 0.303955
vt 0.984375 0.302490
vt 0.989746 0.300293
vt 0.985596 0.297852
vt 0.982910 0.294189
vt 0.980957 0.293945
vt 0.415039 0.031982
vt 0.416992 0.026855
vt 0.418701 0.030273
vt 0.421143 0.027100
vt 0.418457 0.034424
vt 0.419922 0.022217
vt 0.419678 0.017334
vt 0.422363 0.014160
vt 0.415283 0.019775
vt 0.415039 0.023926
vt 0.410645 0.027588
vt 0.406494 0.044434
vt 0.414551 0.038330
vt 0.413086 0.043457
vt 0.418945 0.039062
vt 0.416748 0.042725
vt 0.422363 0.043457
vt 0.268311 0.274170
vt 0.270264 0.282715
vt 0.260254 0.275879
vt 0.259766 0.270752
vt 0.255859 0.271973
vt 0.255859 0.280518
vt 0.257568 0.263184
vt 0.273193 0.267334
vt 0.280029 0.272217
vt 0.253174 0.275635
vt 0.247070 0.281006
vt 0.241699 0.275391
vt 0.245117 0.252441
vt 0.250977 0.285156
vt 0.248047 0.286377
vt 0.246582 0.295410
vt 0.243652 0.297119
vt 0.258789 0.300049
vt 0.275879 0.302246
vt 0.280518 0.288086
vt 0.283691 0.266357
vt 0.287842 0.291016
vt 0.291260 0.271240
vt 0.271240 0.253906
vt 0.290527 0.252930
vt 0.296875 0.261963
vt 0.297607 0.247314
vt 0.285645 0.251709
vt 0.291016 0.243652
vt 0.300293 0.242188
vt 0.294678 0.230469
vt 0.276367 0.240967
vt 0.265625 0.236084
vt 0.282715 0.210205
vt 0.313965 0.206299
vt 0.252197 0.227295
vt 0.253174 0.235840
vt 0.260010 0.243896
vt 0.500732 0.977295
vt 0.500244 0.972412
vt 0.502686 0.974365
vt 0.506836 0.973877
vt 0.503906 0.969727
vt 0.503906 0.979736
vt 0.494385 0.974365
vt 0.496826 0.983398
vt 0.503906 0.983154
vt 0.500732 0.986328
vt 0.500244 0.990479
vt 0.497070 0.990723
vt 0.489258 0.986816
vt 0.482178 0.982178
vt 0.492432 0.988525
vt 0.495117 0.993652
vt 0.492676 0.995361
vt 0.494385 0.998047
vt 0.314209 0.690186
vt 0.314697 0.698730
vt 0.311279 0.692627
vt 0.311523 0.681885
vt 0.313232 0.677246
vt 0.318604 0.687988
vt 0.308350 0.686279
vt 0.298828 0.687256
vt 0.307129 0.678223
vt 0.339355 0.685303
vt 0.320068 0.675293
vt 0.348389 0.686523
vt 0.349365 0.675049
vt 0.547363 0.137451
vt 0.549072 0.140625
vt 0.550049 0.138916
vt 0.548340 0.135498
vt 0.554443 0.139160
vt 0.549072 0.144775
vt 0.555908 0.142822
vt 0.562500 0.149170
vt 0.551025 0.148926
vt 0.555420 0.147705
vt 0.557129 0.151123
vt 0.557373 0.156494
vt 0.554443 0.160645
vt 0.554932 0.166748
vt 0.565430 0.156006
vt 0.559814 0.160645
vt 0.562012 0.172607
vt 0.560303 0.182861
vt 0.563721 0.160645
vt 0.566162 0.161621
vt 0.564209 0.163086
vt 0.569580 0.163086
vt 0.563477 0.166992
vt 0.570801 0.167725
vt 0.564941 0.169434
vt 0.571533 0.173096
vt 0.567139 0.171631
vt 0.565918 0.175293
vt 0.569336 0.171875
vt 0.569580 0.177002
vt 0.557617 0.031494
vt 0.555908 0.035889
vt 0.552734 0.031006
vt 0.551025 0.037842
vt 0.555176 0.040039
vt 0.547852 0.033936
vt 0.549072 0.044678
vt 0.547852 0.018066
vt 0.036865 0.972412
vt 0.040771 0.982910
vt 0.035645 0.978516
vt 0.045166 0.980469
vt 0.025879 0.972412
vt 0.042480 0.985107
vt 0.043457 0.990234
vt 0.039062 0.987793
vt 0.036377 0.990723
vt 0.037354 0.984863
vt 0.029297 0.979004
vt 0.033691 0.987305
vt 0.030273 0.989502
vt 0.023926 0.996338
vt 0.024170 0.978271
vt 0.022217 0.951660
vt 0.001465 0.974609
vt 0.018066 0.983154
vt 0.024658 0.986572
vt 0.024902 0.992188
vt 0.021973 0.989502
vt 0.012695 0.983398
vt 0.007568 0.985840
vt 0.014648 0.992188
vt 0.017822 0.999268
vt 0.019531 0.992188
vt 0.741455 0.026123
vt 0.741211 0.031494
vt 0.738281 0.031494
vt 0.739014 0.019531
vt 0.744873 0.019531
vt 0.745850 0.024170
vt 0.747803 0.021973
vt 0.751709 0.020020
vt 0.750488 0.017334
vt 0.743408 0.014160
vt 0.738037 0.009277
vt 0.748779 0.013184
vt 0.750977 0.008057
vt 0.752197 0.015625
vt 0.753174 0.013428
vt 0.807373 0.792969
vt 0.817871 0.763916
vt 0.822266 0.799316
vt 0.837646 0.783203
vt 0.846436 0.812744
vt 0.856934 0.797852
vt 0.854004 0.772705
vt 0.842773 0.751709
vt 0.853027 0.746338
vt 0.851807 0.738770
vt 0.853760 0.727051
vt 0.845459 0.723145
vt 0.846924 0.716064
vt 0.830811 0.737549
vt 0.821289 0.743652
vt 0.828613 0.719238
vt 0.818115 0.725098
vt 0.040283 0.169922
vt 0.030273 0.143555
vt 0.050537 0.155029
vt 0.059814 0.161133
vt 0.059326 0.167236
vt 0.058838 0.181641
vt 0.067383 0.170898
vt 0.067139 0.160156
vt 0.051270 0.186523
vt 0.058594 0.188965
vt 0.054932 0.193359
vt 0.061523 0.190430
vt 0.062988 0.194336
vt 0.065918 0.187744
vt 0.065186 0.180908
vt 0.063965 0.196533
vt 0.059814 0.198975
vt 0.067627 0.193359
vt 0.064697 0.198242
vt 0.065674 0.201416
vt 0.078857 0.191162
vt 0.074707 0.197510
vt 0.073730 0.203613
vt 0.076904 0.203613
vt 0.082520 0.203125
vt 0.081055 0.204590
vt 0.078125 0.201904
vt 0.084961 0.200928
vt 0.078125 0.199951
vt 0.086914 0.198486
vt 0.083740 0.197510
vt 0.083252 0.194580
vt 0.087402 0.194580
vt 0.093750 0.195557
vt 0.094238 0.201904
vt 0.102539 0.197510
vt 0.093750 0.188477
vt 0.085938 0.190430
vt 0.079590 0.188721
vt 0.079102 0.183350
vt 0.083984 0.187988
vt 0.088135 0.185303
vt 0.084473 0.184814
vt 0.084229 0.181885
vt 0.076904 0.178711
vt 0.078369 0.171143
vt 0.087891 0.179932
vt 0.083252 0.177979
vt 0.082275 0.174316
vt 0.086182 0.176270
vt 0.093750 0.179199
vt 0.088135 0.174561
vt 0.082764 0.171387
vt 0.088623 0.169678
vt 0.085205 0.168457
vt 0.083984 0.166016
vt 0.078369 0.165283
vt 0.074219 0.157959
vt 0.087158 0.166504
vt 0.084229 0.162842
vt 0.079102 0.161865
vt 0.088135 0.164307
vt 0.084473 0.160400
vt 0.089111 0.160400
vt 0.093506 0.163330
vt 0.096436 0.170898
vt 0.083984 0.158203
vt 0.080566 0.155518
vt 0.087158 0.157959
vt 0.088379 0.156738
vt 0.099365 0.156006
vt 0.075684 0.152588
vt 0.074219 0.152588
vt 0.083496 0.153320
vt 0.089355 0.153809
vt 0.082275 0.149902
vt 0.082275 0.147461
vt 0.088379 0.147705
vt 0.087158 0.150635
vt 0.090820 0.149902
vt 0.106934 0.145264
vt 0.103027 0.162109
vt 0.107910 0.148682
vt 0.110596 0.149414
vt 0.112793 0.148682
vt 0.108887 0.149658
vt 0.115234 0.156250
vt 0.106445 0.151855
vt 0.126953 0.161865
vt 0.109131 0.152344
vt 0.111816 0.153320
vt 0.109131 0.155273
vt 0.111572 0.158447
vt 0.106689 0.155273
vt 0.116211 0.171387
vt 0.121338 0.166992
vt 0.117432 0.173340
vt 0.110596 0.161621
vt 0.116211 0.184326
vt 0.113281 0.187988
vt 0.120361 0.190186
vt 0.118652 0.197266
vt 0.108887 0.165283
vt 0.105957 0.166016
vt 0.112061 0.170898
vt 0.108398 0.180176
vt 0.104248 0.170654
vt 0.107910 0.171875
vt 0.104492 0.174316
vt 0.108398 0.176270
vt 0.102539 0.178223
vt 0.100586 0.182129
vt 0.102783 0.184326
vt 0.105225 0.184570
vt 0.102783 0.189941
vt 0.101562 0.192383
vt 0.105225 0.189209
vt 0.106934 0.192383
vt 0.109375 0.187256
vt 0.108643 0.194824
vt 0.116699 0.203125
vt 0.113525 0.199707
vt 0.110596 0.199951
vt 0.114014 0.201416
vt 0.112549 0.203613
vt 0.110107 0.201904
vt 0.109375 0.203369
vt 0.108154 0.199707
vt 0.105713 0.199463
vt 0.106201 0.203613
vt 0.770020 0.972656
vt 0.770020 0.991211
vt 0.755127 0.986084
vt 0.250977 0.713867
vt 0.253174 0.742188
vt 0.225342 0.738281
vt 0.229492 0.767822
vt 0.255127 0.783936
vt 0.213867 0.747314
vt 0.206787 0.709961
vt 0.204346 0.732422
vt 0.193115 0.744873
vt 0.199463 0.732666
vt 0.188477 0.738770
vt 0.219238 0.763428
vt 0.208496 0.761963
vt 0.229248 0.778076
vt 0.217773 0.778076
vt 0.186768 0.746338
vt 0.182861 0.739258
vt 0.183350 0.742188
vt 0.192627 0.763184
vt 0.196045 0.767578
vt 0.201416 0.787109
vt 0.196533 0.762451
vt 0.199707 0.756348
vt 0.200195 0.765137
vt 0.202637 0.762451
vt 0.201416 0.771484
vt 0.205566 0.797852
vt 0.219971 0.789062
vt 0.233643 0.784424
vt 0.209473 0.803223
vt 0.195801 0.802979
vt 0.230713 0.792236
vt 0.196289 0.829590
vt 0.208740 0.816162
vt 0.204346 0.828857
vt 0.194336 0.852539
vt 0.214111 0.811279
vt 0.204834 0.840576
vt 0.222412 0.803467
vt 0.210693 0.822754
vt 0.229004 0.799805
vt 0.232666 0.802002
vt 0.222168 0.809326
vt 0.216064 0.815430
vt 0.214600 0.819580
vt 0.238037 0.796875
vt 0.224609 0.812744
vt 0.219727 0.817627
vt 0.235352 0.803467
vt 0.228760 0.817871
vt 0.218018 0.819580
vt 0.225586 0.824463
vt 0.216064 0.824951
vt 0.221924 0.824951
vt 0.213135 0.827881
vt 0.215332 0.831787
vt 0.220947 0.833252
vt 0.228760 0.822998
vt 0.207520 0.844482
vt 0.239258 0.810059
vt 0.229980 0.830811
vt 0.240234 0.803223
vt 0.241211 0.819336
vt 0.248291 0.801270
vt 0.258057 0.806885
vt 0.270752 0.808594
vt 0.255127 0.812988
vt 0.231934 0.836914
vt 0.263428 0.831543
vt 0.242676 0.841309
vt 0.227295 0.837891
vt 0.231445 0.843750
vt 0.225098 0.844482
vt 0.235352 0.849365
vt 0.230469 0.848877
vt 0.222412 0.845947
vt 0.232666 0.855957
vt 0.235840 0.853760
vt 0.242920 0.851562
vt 0.253174 0.849854
vt 0.244385 0.854980
vt 0.241943 0.858154
vt 0.252930 0.854492
vt 0.260742 0.848877
vt 0.252441 0.858154
vt 0.240723 0.860596
vt 0.229492 0.856934
vt 0.252441 0.863525
vt 0.218750 0.852295
vt 0.238281 0.863037
vt 0.232422 0.863525
vt 0.235596 0.867920
vt 0.234619 0.868896
vt 0.262695 0.850586
vt 0.269043 0.846924
vt 0.267334 0.843994
vt 0.273438 0.832275
vt 0.273682 0.846680
vt 0.272461 0.853027
vt 0.277100 0.844971
vt 0.278564 0.848389
vt 0.280762 0.844727
vt 0.284912 0.841309
vt 0.282227 0.833008
vt 0.281006 0.828125
vt 0.289795 0.830811
vt 0.271973 0.819092
vt 0.277100 0.823975
vt 0.282959 0.824707
vt 0.039307 0.299561
vt 0.027344 0.278809
vt 0.036133 0.271484
vt 0.027344 0.258301
vt 0.016113 0.267578
vt 0.003418 0.288086
vt 0.003662 0.257812
vt 0.162598 0.893799
vt 0.161133 0.897461
vt 0.159912 0.895020
vt 0.162598 0.889160
vt 0.165039 0.894287
vt 0.161865 0.899414
vt 0.155029 0.892822
vt 0.156738 0.882080
vt 0.159912 0.897461
vt 0.160645 0.899414
vt 0.161621 0.901123
vt 0.164307 0.899414
vt 0.160156 0.900635
vt 0.157959 0.898926
vt 0.158691 0.903076
vt 0.157959 0.907471
vt 0.156250 0.900391
vt 0.154785 0.902588
vt 0.152344 0.895264
vt 0.149658 0.907959
vt 0.161133 0.916016
vt 0.148682 0.877441
vt 0.155273 0.871338
vt 0.154053 0.857422
vt 0.143066 0.883789
vt 0.145264 0.865234
vt 0.133789 0.864990
vt 0.135010 0.883301
vt 0.161133 0.925049
vt 0.133789 0.897705
vt 0.123047 0.874756
vt 0.151367 0.923096
vt 0.144775 0.914062
vt 0.117920 0.885986
vt 0.113525 0.873291
vt 0.105713 0.877930
vt 0.116455 0.899902
vt 0.125000 0.902588
vt 0.138428 0.916748
vt 0.132080 0.907471
vt 0.125977 0.923340
vt 0.113037 0.918213
vt 0.127197 0.909912
vt 0.114746 0.924561
vt 0.130371 0.910156
vt 0.133789 0.912354
vt 0.130127 0.915771
vt 0.134766 0.916992
vt 0.133301 0.919434
vt 0.137939 0.927490
vt 0.130127 0.934570
vt 0.121582 0.937012
vt 0.111328 0.932373
vt 0.111816 0.925537
vt 0.106934 0.928223
vt 0.106934 0.942383
vt 0.110840 0.945801
vt 0.110107 0.952148
vt 0.113037 0.951660
vt 0.115234 0.955322
vt 0.115723 0.951660
vt 0.118896 0.953125
vt 0.114502 0.948242
vt 0.117188 0.946289
vt 0.113525 0.942139
vt 0.117432 0.941162
vt 0.121338 0.954102
vt 0.120605 0.948730
vt 0.123779 0.952881
vt 0.121094 0.945801
vt 0.130371 0.966064
vt 0.121582 0.941650
vt 0.123291 0.947266
vt 0.128662 0.955078
vt 0.127441 0.950195
vt 0.125000 0.945312
vt 0.125732 0.942871
vt 0.128662 0.946533
vt 0.131592 0.948486
vt 0.132568 0.940674
vt 0.136230 0.936279
vt 0.133545 0.944824
vt 0.136230 0.944580
vt 0.135498 0.947754
vt 0.134521 0.951416
vt 0.139893 0.945312
vt 0.138428 0.942627
vt 0.139160 0.936279
vt 0.133545 0.964111
vt 0.131592 0.968506
vt 0.142334 0.942627
vt 0.143066 0.947021
vt 0.139404 0.957275
vt 0.146484 0.944824
vt 0.139404 0.970459
vt 0.143311 0.940918
vt 0.139160 0.973145
vt 0.142334 0.935303
vt 0.145264 0.932129
vt 0.145508 0.939453
vt 0.146973 0.941650
vt 0.147949 0.938477
vt 0.148193 0.930420
vt 0.148438 0.935059
vt 0.149902 0.941406
vt 0.154785 0.948486
vt 0.152832 0.940430
vt 0.152344 0.936523
vt 0.153076 0.931152
vt 0.155762 0.937744
vt 0.156494 0.929443
vt 0.158203 0.939453
vt 0.156250 0.932861
vt 0.160889 0.934570
vt 0.163330 0.932617
vt 0.165283 0.930664
vt 0.166748 0.933838
vt 0.163086 0.937500
vt 0.173584 0.946289
vt 0.164551 0.947754
vt 0.169189 0.949707
vt 0.172607 0.950439
vt 0.177002 0.952637
vt 0.182129 0.953613
vt 0.172363 0.952881
vt 0.176270 0.955566
vt 0.182373 0.958252
vt 0.184326 0.955078
vt 0.170410 0.956787
vt 0.175781 0.959229
vt 0.177490 0.967285
vt 0.168213 0.960205
vt 0.169434 0.964355
vt 0.160156 0.967529
vt 0.166992 0.955811
vt 0.158936 0.962402
vt 0.163574 0.952393
vt 0.151367 0.965088
vt 0.161377 0.958740
vt 0.162109 0.953613
vt 0.163818 0.955322
vt 0.160400 0.956787
vt 0.157959 0.958984
vt 0.156982 0.956543
vt 0.153320 0.959229
vt 0.149170 0.955322
vt 0.147461 0.964111
vt 0.145264 0.961914
vt 0.137939 0.963867
vt 0.138428 0.966064
vt 0.142822 0.965332
vt 0.800293 0.155762
vt 0.796875 0.157715
vt 0.795898 0.151611
vt 0.794678 0.153809
vt 0.792480 0.151855
vt 0.793457 0.158203
vt 0.791992 0.146484
vt 0.797119 0.146973
vt 0.803467 0.150879
vt 0.793945 0.145996
vt 0.801025 0.145264
vt 0.790771 0.141113
vt 0.791016 0.155762
vt 0.785156 0.145508
vt 0.800781 0.141113
vt 0.804688 0.138916
vt 0.795166 0.143066
vt 0.798828 0.140625
vt 0.796143 0.138428
vt 0.799561 0.137207
vt 0.796875 0.134766
vt 0.803467 0.134033
vt 0.788818 0.136963
vt 0.784424 0.138428
vt 0.762695 0.138428
vt 0.780518 0.132568
vt 0.767578 0.125732
vt 0.790527 0.129883
vt 0.771973 0.120605
vt 0.767822 0.119629
vt 0.747803 0.116455
vt 0.782227 0.122070
vt 0.784424 0.112549
vt 0.790771 0.114990
vt 0.794922 0.116699
vt 0.792236 0.108154
vt 0.789062 0.106445
vt 0.794189 0.104980
vt 0.793945 0.102051
vt 0.796631 0.106934
vt 0.802002 0.106445
vt 0.798096 0.110352
vt 0.794922 0.113037
vt 0.797119 0.113281
vt 0.802246 0.111328
vt 0.798584 0.114746
vt 0.799316 0.116211
vt 0.808105 0.107666
vt 0.813721 0.099609
vt 0.803955 0.115234
vt 0.815186 0.102295
vt 0.796387 0.121582
vt 0.801270 0.117676
vt 0.802490 0.120117
vt 0.798584 0.124268
vt 0.802246 0.125732
vt 0.806885 0.119629
vt 0.815186 0.119629
vt 0.809814 0.124268
vt 0.801025 0.130371
vt 0.805420 0.127686
vt 0.808105 0.128174
vt 0.810791 0.127930
vt 0.807373 0.131836
vt 0.810059 0.133789
vt 0.811279 0.137451
vt 0.812988 0.129395
vt 0.814209 0.132080
vt 0.814453 0.135010
vt 0.826660 0.125000
vt 0.825195 0.118408
vt 0.823975 0.116211
vt 0.820312 0.111084
vt 0.823730 0.112305
vt 0.819092 0.105469
vt 0.825928 0.111572
vt 0.827637 0.111328
vt 0.822998 0.101318
vt 0.822998 0.109619
vt 0.821289 0.104004
vt 0.657959 0.928955
vt 0.655518 0.924561
vt 0.660645 0.926025
vt 0.655273 0.928955
vt 0.654785 0.933105
vt 0.649902 0.933105
vt 0.653320 0.939209
vt 0.652344 0.928711
vt 0.657471 0.920166
vt 0.664551 0.911133
vt 0.650146 0.927734
vt 0.652588 0.922119
vt 0.660645 0.911621
vt 0.650879 0.913330
vt 0.664795 0.905518
vt 0.666748 0.906982
vt 0.669678 0.895264
vt 0.649658 0.923096
vt 0.644531 0.929443
vt 0.649170 0.918945
vt 0.645752 0.923340
vt 0.644775 0.916504
vt 0.643311 0.919922
vt 0.636719 0.939453
vt 0.638428 0.928223
vt 0.640869 0.922607
vt 0.640869 0.919434
vt 0.635254 0.923584
vt 0.629639 0.938965
vt 0.637939 0.917969
vt 0.645508 0.943604
vt 0.652588 0.941406
vt 0.647949 0.949463
vt 0.638184 0.962891
vt 0.646484 0.958740
vt 0.644043 0.963623
vt 0.645264 0.972168
vt 0.637451 0.976074
vt 0.628174 0.964111
vt 0.625244 0.954102
vt 0.612061 0.976562
vt 0.616211 0.955322
vt 0.603760 0.970459
vt 0.621582 0.951416
vt 0.604248 0.958008
vt 0.591797 0.970947
vt 0.616455 0.947998
vt 0.620850 0.948730
vt 0.624023 0.942871
vt 0.623535 0.931641
vt 0.603027 0.947510
vt 0.583740 0.965332
vt 0.631348 0.920410
vt 0.585938 0.953857
vt 0.569092 0.973389
vt 0.568359 0.958008
vt 0.561279 0.969971
vt 0.600586 0.937256
vt 0.615234 0.923340
vt 0.626465 0.916992
vt 0.585449 0.940674
vt 0.554932 0.965332
vt 0.550537 0.965820
vt 0.551758 0.969482
vt 0.543213 0.969238
vt 0.546875 0.961182
vt 0.553223 0.955811
vt 0.575928 0.937988
vt 0.563232 0.938965
vt 0.542969 0.954346
vt 0.590820 0.926514
vt 0.581055 0.923340
vt 0.558838 0.936035
vt 0.568604 0.927490
vt 0.594482 0.929199
vt 0.597412 0.933350
vt 0.596680 0.929932
vt 0.602295 0.922363
vt 0.601074 0.928223
vt 0.602051 0.930176
vt 0.603760 0.925049
vt 0.606201 0.925293
vt 0.606934 0.917480
vt 0.598389 0.909912
vt 0.615967 0.910889
vt 0.621338 0.915039
vt 0.610596 0.905273
vt 0.629639 0.910156
vt 0.631104 0.915039
vt 0.629395 0.907227
vt 0.635986 0.914062
vt 0.633545 0.908691
vt 0.636963 0.910400
vt 0.640381 0.912842
vt 0.644775 0.908691
vt 0.635254 0.901855
vt 0.624023 0.909424
vt 0.625977 0.903564
vt 0.623047 0.906494
vt 0.621094 0.904297
vt 0.622803 0.900635
vt 0.625732 0.896484
vt 0.618896 0.903076
vt 0.619629 0.896973
vt 0.615723 0.905029
vt 0.617676 0.900879
vt 0.619873 0.888672
vt 0.615234 0.899902
vt 0.616211 0.895508
vt 0.611816 0.898682
vt 0.607178 0.899414
vt 0.612305 0.891602
vt 0.609131 0.894531
vt 0.602783 0.900391
vt 0.607422 0.892090
vt 0.620605 0.882324
vt 0.606689 0.887451
vt 0.604492 0.893311
vt 0.603271 0.890869
vt 0.600098 0.893066
vt 0.602295 0.888672
vt 0.602295 0.885498
vt 0.597168 0.900146
vt 0.598633 0.892578
vt 0.607422 0.872803
vt 0.600098 0.884766
vt 0.597412 0.891602
vt 0.597900 0.885742
vt 0.596924 0.889404
vt 0.594482 0.894287
vt 0.595703 0.886475
vt 0.597168 0.882324
vt 0.593262 0.885498
vt 0.596436 0.877441
vt 0.589355 0.892822
vt 0.591797 0.886475
vt 0.590332 0.885254
vt 0.587646 0.886475
vt 0.588867 0.883301
vt 0.583496 0.888916
vt 0.580811 0.905273
vt 0.574707 0.901611
vt 0.587158 0.906494
vt 0.576904 0.917969
vt 0.580078 0.912598
vt 0.587402 0.914062
vt 0.584717 0.913330
vt 0.580078 0.915771
vt 0.580811 0.919189
vt 0.126465 0.011963
vt 0.142822 0.004150
vt 0.123291 0.017334
vt 0.113770 0.003662
vt 0.128662 0.001465
vt 0.116699 0.019287
vt 0.104492 0.000488
vt 0.660889 0.907959
vt 0.661621 0.905029
vt 0.658203 0.905762
vt 0.652832 0.903809
vt 0.658691 0.902588
vt 0.656494 0.903320
vt 0.661865 0.900146
vt 0.658447 0.898193
vt 0.658691 0.891357
vt 0.649414 0.902344
vt 0.655029 0.894775
vt 0.649414 0.898438
vt 0.650879 0.895752
vt 0.644531 0.895508
vt 0.648438 0.892822
vt 0.650391 0.890137
vt 0.644287 0.891602
vt 0.644287 0.888916
vt 0.641357 0.892578
vt 0.642822 0.886475
vt 0.638672 0.892090
vt 0.636475 0.889404
vt 0.649170 0.885254
vt 0.629639 0.886719
vt 0.637451 0.881836
vt 0.660889 0.888916
vt 0.668213 0.886475
vt 0.659668 0.881836
vt 0.651123 0.882568
vt 0.653320 0.879395
vt 0.647705 0.875244
vt 0.643066 0.877197
vt 0.638428 0.877686
vt 0.641846 0.869385
vt 0.650391 0.870850
vt 0.649658 0.861572
vt 0.636963 0.871582
vt 0.641602 0.860352
vt 0.653564 0.844727
vt 0.631592 0.865967
vt 0.632080 0.872803
vt 0.633545 0.863770
vt 0.625488 0.865479
vt 0.639893 0.852539
vt 0.647461 0.842041
vt 0.631104 0.855957
vt 0.629639 0.851562
vt 0.626221 0.860107
vt 0.622559 0.859375
vt 0.634033 0.844238
vt 0.652832 0.829102
vt 0.633057 0.833740
vt 0.626953 0.845947
vt 0.627197 0.839355
vt 0.622070 0.851318
vt 0.625244 0.841064
vt 0.626221 0.834717
vt 0.622559 0.845703
vt 0.624023 0.840088
vt 0.624023 0.834473
vt 0.622070 0.842529
vt 0.622803 0.834473
vt 0.620605 0.846191
vt 0.612061 0.856445
vt 0.614746 0.850586
vt 0.615723 0.860840
vt 0.623291 0.868164
vt 0.616455 0.865234
vt 0.611328 0.862549
vt 0.605469 0.861328
vt 0.611084 0.867676
vt 0.613281 0.871826
vt 0.614014 0.876953
vt 0.617676 0.872803
vt 0.626221 0.875244
vt 0.617676 0.876709
vt 0.619385 0.875977
vt 0.622314 0.876221
vt 0.621582 0.878418
vt 0.629395 0.879395
vt 0.625000 0.884521
vt 0.629395 0.882812
vt 0.633057 0.882812
vt 0.635254 0.884766
vt 0.634033 0.886230
vt 0.964355 0.433838
vt 0.965576 0.431641
vt 0.971680 0.432373
vt 0.966797 0.436523
vt 0.972656 0.437500
vt 0.958740 0.427734
vt 0.951416 0.433105
vt 0.983154 0.437012
vt 0.974854 0.441895
vt 0.947510 0.418945
vt 0.974121 0.422363
vt 0.978516 0.425293
vt 0.979492 0.412109
vt 0.978271 0.406982
vt 0.982178 0.402344
vt 0.983887 0.395508
vt 0.977295 0.402588
vt 0.980469 0.395264
vt 0.978760 0.385986
vt 0.974121 0.406494
vt 0.980957 0.383789
vt 0.981201 0.385986
vt 0.980713 0.376709
vt 0.982910 0.376953
vt 0.970459 0.380859
vt 0.971191 0.374756
vt 0.974121 0.413818
vt 0.963867 0.373047
vt 0.965576 0.370850
vt 0.955078 0.367432
vt 0.954346 0.370117
vt 0.941650 0.371094
vt 0.963379 0.377441
vt 0.960938 0.373779
vt 0.956787 0.374023
vt 0.948242 0.376953
vt 0.953857 0.375488
vt 0.936768 0.382080
vt 0.949707 0.383789
vt 0.937744 0.388428
vt 0.954102 0.377930
vt 0.959961 0.378418
vt 0.953369 0.381104
vt 0.958740 0.380127
vt 0.962646 0.382080
vt 0.958252 0.383057
vt 0.956299 0.385010
vt 0.972412 0.387939
vt 0.959229 0.389404
vt 0.954102 0.388428
vt 0.947510 0.389893
vt 0.955078 0.391357
vt 0.945557 0.395508
vt 0.937988 0.396240
vt 0.950195 0.393066
vt 0.957031 0.395508
vt 0.938965 0.403809
vt 0.934570 0.401855
vt 0.951660 0.396240
vt 0.934082 0.406250
vt 0.947754 0.402100
vt 0.937256 0.414795
vt 0.925781 0.409180
vt 0.950684 0.399902
vt 0.954834 0.398438
vt 0.942383 0.410645
vt 0.943604 0.416992
vt 0.955811 0.401367
vt 0.951904 0.403320
vt 0.963135 0.403076
vt 0.956299 0.405029
vt 0.953125 0.406738
vt 0.959961 0.411621
vt 0.962891 0.392822
vt 0.970703 0.401123
vt 0.967529 0.405762
vt 0.951660 0.410400
vt 0.948975 0.407471
vt 0.944824 0.405762
vt 0.947266 0.410400
vt 0.946533 0.412598
vt 0.946289 0.415527
vt 0.949219 0.413330
vt 0.953369 0.416260
vt 0.964111 0.419189
vt 0.967285 0.416260
vt 0.967773 0.410889
vt 0.969971 0.414307
vt 0.969482 0.408447
vt 0.971680 0.417725
vt 0.971436 0.410645
vt 0.969238 0.423340
vt 0.964111 0.423340
vt 0.969238 0.427979
vt 0.967041 0.425293
vt 0.968018 0.429932
vt 0.964844 0.428955
vt 0.965088 0.426025
vt 0.974609 0.400391
vt 0.973145 0.399414
vt 0.974121 0.395508
vt 0.976318 0.398682
vt 0.977051 0.395508
vt 0.976074 0.393555
vt 0.992432 0.952881
vt 0.987305 0.955811
vt 0.985840 0.951416
vt 0.972168 0.963623
vt 0.992676 0.960693
vt 0.997314 0.952393
vt 0.993896 0.946777
vt 0.983398 0.963135
vt 0.988525 0.945557
vt 0.989502 0.941650
vt 0.980469 0.944336
vt 0.982910 0.934814
vt 0.979004 0.935303
vt 0.973633 0.938965
vt 0.975830 0.953857
vt 0.973389 0.945068
vt 0.968018 0.944336
vt 0.968750 0.936279
vt 0.963379 0.938721
vt 0.959961 0.962891
vt 0.946777 0.971680
vt 0.956299 0.973877
vt 0.969727 0.974365
vt 0.955078 0.976562
vt 0.988281 0.968994
vt 0.995361 0.965820
vt 0.984375 0.978516
vt 0.996094 0.973633
vt 0.997559 0.981689
vt 0.992920 0.983154
vt 0.964600 0.979736
vt 0.977051 0.984131
vt 0.986328 0.992188
vt 0.963623 0.982178
vt 0.961182 0.987549
vt 0.953125 0.978760
vt 0.947754 0.987549
vt 0.819580 0.963867
vt 0.826416 0.958008
vt 0.823242 0.966064
vt 0.820068 0.972656
vt 0.828613 0.962891
vt 0.843750 0.956055
vt 0.825684 0.970459
vt 0.824707 0.977295
vt 0.821533 0.980469
vt 0.835205 0.964600
vt 0.830566 0.972168
vt 0.826904 0.985107
vt 0.823975 0.987549
vt 0.831055 0.980713
vt 0.855225 0.965332
vt 0.832764 0.991211
vt 0.866211 0.967285
vt 0.826904 0.995117
vt 0.864258 0.970215
vt 0.871338 0.981201
vt 0.866455 0.987061
vt 0.859375 0.970459
vt 0.853760 0.989746
vt 0.847900 0.998779
vt 0.851318 0.977539
vt 0.841064 0.999023
vt 0.849609 0.968506
vt 0.838867 0.977051
vt 0.833984 0.986572
vt 0.842773 0.989258
vt 0.837402 0.994385
vt 0.834229 0.997559
vt 0.837158 1.000000
vt 0.830322 1.000000
vt 0.304443 0.010742
vt 0.302002 0.020020
vt 0.298584 0.013916
vt 0.309814 0.020996
vt 0.304932 0.036133
vt 0.314209 0.009521
vt 0.312256 0.037598
vt 0.322510 0.053467
vt 0.313965 0.012451
vt 0.320801 0.040283
vt 0.326904 0.045654
vt 0.315918 0.027832
vt 0.317871 0.018311
vt 0.319580 0.013916
vt 0.322754 0.009521
vt 0.323486 0.023438
vt 0.322266 0.018066
vt 0.322510 0.014893
vt 0.329102 0.020508
vt 0.335205 0.039551
vt 0.326416 0.012451
vt 0.330322 0.009277
vt 0.334717 0.020508
vt 0.340820 0.024170
vt 0.331787 0.014160
vt 0.337891 0.015869
vt 0.336182 0.009277
vt 0.343506 0.020508
vt 0.341064 0.010010
vt 0.342041 0.013428
vt 0.344727 0.015381
vt 0.345459 0.009766
vt 0.162598 0.478516
vt 0.160156 0.482422
vt 0.158203 0.479004
vt 0.167969 0.486816
vt 0.156494 0.482666
vt 0.161133 0.467285
vt 0.159424 0.489258
vt 0.173096 0.474365
vt 0.181396 0.479980
vt 0.177002 0.486084
vt 0.180420 0.492676
vt 0.174561 0.468506
vt 0.180908 0.471680
vt 0.171387 0.464111
vt 0.165771 0.459229
vt 0.178955 0.498535
vt 0.189941 0.495850
vt 0.157227 0.465820
vt 0.161621 0.457520
vt 0.154053 0.477539
vt 0.153564 0.466064
vt 0.148682 0.453369
vt 0.155029 0.480225
vt 0.148682 0.480469
vt 0.142822 0.472168
vt 0.151123 0.482422
vt 0.121826 0.475830
vt 0.124023 0.455811
vt 0.115723 0.456055
vt 0.133545 0.487793
vt 0.114014 0.489502
vt 0.148926 0.489258
vt 0.152832 0.486084
vt 0.156494 0.486328
vt 0.121094 0.493408
vt 0.111572 0.495361
vt 0.114502 0.506348
vt 0.139404 0.493164
vt 0.157715 0.495850
vt 0.148926 0.500000
vt 0.164551 0.499268
vt 0.117432 0.503418
vt 0.117676 0.511719
vt 0.119141 0.503174
vt 0.119141 0.508057
vt 0.118652 0.515137
vt 0.116455 0.516846
vt 0.122070 0.513428
vt 0.131104 0.515381
vt 0.121826 0.522461
vt 0.125488 0.510010
vt 0.123291 0.504639
vt 0.124512 0.498047
vt 0.127930 0.494873
vt 0.130127 0.504395
vt 0.135254 0.498535
vt 0.132324 0.506348
vt 0.137695 0.505859
vt 0.130615 0.511719
vt 0.139160 0.511230
vt 0.141113 0.500000
vt 0.144287 0.510742
vt 0.145020 0.503662
vt 0.146973 0.507568
vt 0.152832 0.508301
vt 0.154053 0.520508
vt 0.137451 0.529053
vt 0.126465 0.536133
vt 0.140137 0.537598
vt 0.157227 0.536377
vt 0.134277 0.544434
vt 0.132080 0.549316
vt 0.144775 0.542236
vt 0.135498 0.548096
vt 0.145752 0.545654
vt 0.135254 0.559570
vt 0.138672 0.558105
vt 0.147461 0.554688
vt 0.143311 0.562988
vt 0.141846 0.565186
vt 0.156494 0.539795
vt 0.166260 0.530518
vt 0.165283 0.548828
vt 0.154297 0.565674
vt 0.151123 0.562744
vt 0.158691 0.568848
vt 0.169189 0.554932
vt 0.169922 0.558350
vt 0.178223 0.554932
vt 0.173584 0.548828
vt 0.176514 0.548828
vt 0.180664 0.547119
vt 0.173340 0.539062
vt 0.171631 0.544434
vt 0.164551 0.536377
vt 0.167480 0.534912
vt 0.177490 0.536621
vt 0.183350 0.542236
vt 0.169678 0.525391
vt 0.170166 0.518555
vt 0.176025 0.514648
vt 0.160889 0.514648
vt 0.162598 0.509766
vt 0.167725 0.504395
vt 0.155518 0.505859
vt 0.181152 0.510498
vt 0.206055 0.509766
vt 0.199219 0.504395
vt 0.194580 0.498535
vt 0.198975 0.495361
vt 0.202393 0.497803
vt 0.226074 0.506348
vt 0.222168 0.501709
vt 0.236084 0.502441
vt 0.243164 0.504395
vt 0.164062 0.504150
vt 0.161133 0.501709
vt 0.160156 0.506104
vt 0.158203 0.504150
vt 0.158203 0.501953
vt 0.158203 0.499756
vt 0.155762 0.501221
vt 0.154053 0.499023
vt 0.151855 0.501953
vt 0.108887 0.648193
vt 0.105713 0.645996
vt 0.111572 0.645508
vt 0.104736 0.648193
vt 0.105469 0.651855
vt 0.109863 0.650146
vt 0.102295 0.650146
vt 0.104980 0.655518
vt 0.103027 0.646729
vt 0.099609 0.647217
vt 0.101807 0.642334
vt 0.096924 0.649902
vt 0.096680 0.645020
vt 0.096924 0.656738
vt 0.114014 0.666748
vt 0.093994 0.647217
vt 0.117432 0.651123
vt 0.134277 0.632568
vt 0.125244 0.636719
vt 0.091064 0.644043
vt 0.089355 0.649414
vt 0.138428 0.642090
vt 0.144287 0.627686
vt 0.132812 0.630127
vt 0.115479 0.636719
vt 0.129883 0.625000
vt 0.142822 0.603271
vt 0.107910 0.643799
vt 0.123291 0.622559
vt 0.104492 0.640625
vt 0.113770 0.628174
vt 0.120850 0.618164
vt 0.125977 0.605713
vt 0.147217 0.583496
vt 0.170654 0.577148
vt 0.126465 0.597900
vt 0.135254 0.582764
vt 0.117920 0.612061
vt 0.113037 0.620850
vt 0.107910 0.622314
vt 0.108887 0.616943
vt 0.097900 0.629639
vt 0.101807 0.617920
vt 0.114502 0.608398
vt 0.116699 0.603516
vt 0.108887 0.611816
vt 0.107422 0.608398
vt 0.103760 0.612061
vt 0.110107 0.604004
vt 0.103027 0.605469
vt 0.097412 0.610107
vt 0.091553 0.608887
vt 0.108887 0.598633
vt 0.089355 0.603027
vt 0.109863 0.588135
vt 0.113525 0.597168
vt 0.118164 0.599121
vt 0.117920 0.592285
vt 0.120605 0.594727
vt 0.123535 0.590088
vt 0.122070 0.586914
vt 0.127197 0.588379
vt 0.130615 0.585205
vt 0.134521 0.577393
vt 0.129395 0.579834
vt 0.122803 0.582520
vt 0.126709 0.573730
vt 0.135986 0.569336
vt 0.113281 0.578369
vt 0.115967 0.571533
vt 0.121826 0.568115
vt 0.124023 0.561768
vt 0.127197 0.559082
vt 0.117676 0.567383
vt 0.122070 0.556396
vt 0.125244 0.554932
vt 0.121582 0.559814
vt 0.118896 0.563721
vt 0.113525 0.565918
vt 0.117432 0.557861
vt 0.110107 0.564209
vt 0.115234 0.561035
vt 0.115479 0.554688
vt 0.118408 0.550537
vt 0.125977 0.550293
vt 0.115234 0.544678
vt 0.119873 0.546143
vt 0.120605 0.543213
vt 0.120117 0.538818
vt 0.107910 0.555908
vt 0.102783 0.541992
vt 0.105469 0.566406
vt 0.100586 0.556885
vt 0.092285 0.555908
vt 0.072266 0.549805
vt 0.096436 0.558105
vt 0.094971 0.561035
vt 0.093506 0.567383
vt 0.080322 0.575684
vt 0.072998 0.565674
vt 0.071045 0.571289
vt 0.069092 0.567627
vt 0.069580 0.573242
vt 0.079834 0.588135
vt 0.075684 0.593750
vt 0.087646 0.591797
vt 0.088867 0.597900
vt 0.089844 0.595947
vt 0.089844 0.586182
vt 0.092529 0.597168
vt 0.090820 0.593750
vt 0.093750 0.593262
vt 0.096924 0.596436
vt 0.097900 0.589600
vt 0.103271 0.589111
vt 0.091064 0.581787
vt 0.100098 0.586670
vt 0.092773 0.577148
vt 0.097168 0.584717
vt 0.101807 0.583984
vt 0.105225 0.584473
vt 0.097412 0.575439
vt 0.107666 0.582031
vt 0.101562 0.574463
vt 0.104736 0.573486
vt 0.108643 0.577393
vt 0.109375 0.573486
vt 0.112305 0.572510
vt 0.099365 0.639160
vt 0.095459 0.641113
vt 0.095215 0.634766
vt 0.093994 0.639648
vt 0.090332 0.633057
vt 0.092285 0.637939
vt 0.091553 0.639648
vt 0.092041 0.641357
vt 0.090088 0.639404
vt 0.090088 0.637207
vt 0.088867 0.639160
vt 0.086182 0.637939
vt 0.084961 0.641846
vt 0.081055 0.635254
vt 0.083740 0.631348
vt 0.078613 0.628418
vt 0.086182 0.627441
vt 0.079102 0.619629
vt 0.090332 0.625732
vt 0.074707 0.620361
vt 0.071777 0.608887
vt 0.070312 0.615479
vt 0.070068 0.610352
vt 0.079346 0.612305
vt 0.086426 0.608643
vt 0.071045 0.596436
vt 0.083740 0.610107
vt 0.082520 0.622803
vt 0.461670 0.438965
vt 0.476318 0.456055
vt 0.445557 0.444824
vt 0.457520 0.459473
vt 0.483398 0.466797
vt 0.450928 0.455811
vt 0.441406 0.455566
vt 0.450928 0.465088
vt 0.437012 0.451660
vt 0.458496 0.471680
vt 0.432861 0.455811
vt 0.433594 0.447266
vt 0.442139 0.460693
vt 0.441162 0.473145
vt 0.432129 0.463623
vt 0.426270 0.463623
vt 0.424805 0.458496
vt 0.430176 0.473145
vt 0.423340 0.470947
vt 0.428467 0.479004
vt 0.448730 0.477539
vt 0.431641 0.478516
vt 0.435059 0.480713
vt 0.431641 0.484131
vt 0.427002 0.483398
vt 0.422363 0.476562
vt 0.425537 0.494141
vt 0.427490 0.496338
vt 0.417480 0.494873
vt 0.445557 0.479492
vt 0.420654 0.488525
vt 0.423584 0.479004
vt 0.411621 0.497314
vt 0.406006 0.505859
vt 0.408936 0.496094
vt 0.404541 0.502686
vt 0.399170 0.510010
vt 0.398682 0.516357
vt 0.405029 0.511230
vt 0.399902 0.526611
vt 0.409180 0.518799
vt 0.416016 0.503174
vt 0.417236 0.507324
vt 0.418457 0.521973
vt 0.430908 0.501953
vt 0.433594 0.511719
vt 0.440430 0.490723
vt 0.436523 0.505371
vt 0.441895 0.508789
vt 0.438477 0.513428
vt 0.436768 0.516602
vt 0.444824 0.515625
vt 0.444092 0.517578
vt 0.456055 0.512939
vt 0.448242 0.496826
vt 0.448486 0.492676
vt 0.454834 0.489990
vt 0.444336 0.489990
vt 0.447510 0.485352
vt 0.475586 0.497803
vt 0.460938 0.483643
vt 0.473145 0.529541
vt 0.459717 0.481445
vt 0.481934 0.489014
vt 0.492188 0.527344
vt 0.482666 0.542480
vt 0.492920 0.547363
vt 0.499023 0.535156
vt 0.479492 0.481445
vt 0.475342 0.470947
vt 0.492920 0.475098
vt 0.503174 0.472656
vt 0.507080 0.480469
vt 0.499756 0.486816
vt 0.496826 0.491455
vt 0.499512 0.494629
vt 0.504395 0.491455
vt 0.503418 0.496338
vt 0.499268 0.504639
vt 0.502197 0.511230
vt 0.507080 0.492188
vt 0.512939 0.501709
vt 0.515869 0.485596
vt 0.517334 0.477783
vt 0.513428 0.475098
vt 0.527100 0.472900
vt 0.524414 0.479736
vt 0.521729 0.488525
vt 0.513672 0.521973
vt 0.503174 0.541748
vt 0.520264 0.499268
vt 0.530029 0.481689
vt 0.529541 0.489014
vt 0.523193 0.519287
vt 0.523438 0.530762
vt 0.536133 0.482666
vt 0.545410 0.481689
vt 0.549316 0.470215
vt 0.541260 0.489990
vt 0.551270 0.483398
vt 0.560791 0.483887
vt 0.576416 0.481201
vt 0.566895 0.486816
vt 0.560059 0.493896
vt 0.552734 0.487793
vt 0.545654 0.496094
vt 0.555908 0.501465
vt 0.545410 0.501709
vt 0.535645 0.498291
vt 0.527100 0.498779
vt 0.535400 0.500488
vt 0.537842 0.507080
vt 0.551514 0.504150
vt 0.528320 0.504883
vt 0.530029 0.519775
vt 0.346924 0.820312
vt 0.341064 0.817383
vt 0.348389 0.824219
vt 0.342773 0.821533
vt 0.337891 0.819580
vt 0.333740 0.821045
vt 0.325439 0.823486
vt 0.331543 0.814697
vt 0.325439 0.817871
vt 0.324951 0.813721
vt 0.320068 0.814453
vt 0.314209 0.814453
vt 0.322021 0.811279
vt 0.318115 0.812012
vt 0.317871 0.808838
vt 0.314453 0.807617
vt 0.310059 0.813477
vt 0.311279 0.805176
vt 0.306641 0.809570
vt 0.305420 0.804932
vt 0.301025 0.807129
vt 0.296631 0.807617
vt 0.301758 0.809814
vt 0.789307 0.041260
vt 0.789551 0.046875
vt 0.784424 0.048584
vt 0.792725 0.039307
vt 0.792969 0.047119
vt 0.797119 0.038086
vt 0.790771 0.050537
vt 0.797119 0.051514
vt 0.789307 0.054688
vt 0.786377 0.061768
vt 0.793701 0.065430
vt 0.784912 0.052246
vt 0.784668 0.056396
vt 0.781006 0.051025
vt 0.771729 0.052246
vt 0.775391 0.039307
vt 0.781738 0.053955
vt 0.777100 0.055908
vt 0.781006 0.058838
vt 0.773438 0.058105
vt 0.775635 0.060791
vt 0.776123 0.064453
vt 0.770264 0.060059
vt 0.766602 0.058594
vt 0.763428 0.057861
vt 0.761719 0.060303
vt 0.768311 0.061279
vt 0.773438 0.067139
vt 0.781738 0.070557
vt 0.777832 0.072998
vt 0.781006 0.074463
vt 0.780518 0.082764
vt 0.786621 0.072754
vt 0.784180 0.074707
vt 0.782959 0.078369
vt 0.785400 0.083008
vt 0.787598 0.099365
vt 0.787842 0.077881
vt 0.791748 0.079834
vt 0.794922 0.086670
vt 0.790771 0.072998
vt 0.794189 0.078125
vt 0.794189 0.076172
vt 0.795166 0.071533
vt 0.798096 0.080078
vt 0.791260 0.068848
vt 0.793945 0.068848
vt 0.798096 0.069580
vt 0.648682 0.572266
vt 0.651367 0.594727
vt 0.640869 0.581787
vt 0.649902 0.603027
vt 0.634766 0.552490
vt 0.638916 0.547607
vt 0.633545 0.539307
vt 0.645020 0.606689
vt 0.651367 0.616943
vt 0.648926 0.620117
vt 0.625000 0.542969
vt 0.631592 0.534424
vt 0.626221 0.567627
vt 0.633057 0.593262
vt 0.640869 0.610352
vt 0.635742 0.600586
vt 0.644287 0.626221
vt 0.628174 0.601318
vt 0.653320 0.630859
vt 0.622314 0.586182
vt 0.637207 0.609863
vt 0.632812 0.603027
vt 0.636475 0.614502
vt 0.631104 0.609131
vt 0.627930 0.614746
vt 0.615234 0.590332
vt 0.608643 0.595703
vt 0.604736 0.577881
vt 0.610840 0.562988
vt 0.598389 0.553955
vt 0.597900 0.575928
vt 0.617188 0.551270
vt 0.615234 0.545410
vt 0.608887 0.547119
vt 0.616699 0.542236
vt 0.622559 0.530762
vt 0.629150 0.524414
vt 0.614014 0.532715
vt 0.620117 0.519043
vt 0.626709 0.516357
vt 0.609131 0.511719
vt 0.610840 0.521240
vt 0.603271 0.523926
vt 0.582520 0.519043
vt 0.589355 0.526123
vt 0.584717 0.528076
vt 0.596436 0.529297
vt 0.606689 0.534180
vt 0.604736 0.542969
vt 0.598877 0.540283
vt 0.601562 0.534668
vt 0.591797 0.534424
vt 0.581787 0.533203
vt 0.587646 0.540527
vt 0.595459 0.547119
vt 0.588379 0.546875
vt 0.246094 0.133789
vt 0.255371 0.108887
vt 0.259277 0.117676
vt 0.271484 0.102539
vt 0.253174 0.140625
vt 0.247070 0.141602
vt 0.249268 0.146484
vt 0.266357 0.119385
vt 0.277344 0.107666
vt 0.254639 0.149902
vt 0.276367 0.103516
vt 0.275879 0.096436
vt 0.279541 0.099121
vt 0.282715 0.103271
vt 0.242920 0.151611
vt 0.251221 0.153320
vt 0.277344 0.119141
vt 0.290527 0.109375
vt 0.293945 0.097900
vt 0.283691 0.130859
vt 0.261719 0.139648
vt 0.271240 0.138916
vt 0.269287 0.150391
vt 0.261719 0.147949
vt 0.264893 0.152588
vt 0.271729 0.156982
vt 0.261963 0.158203
vt 0.255127 0.159424
vt 0.252930 0.164062
vt 0.248535 0.157227
vt 0.669678 0.652100
vt 0.669434 0.659180
vt 0.659912 0.647217
vt 0.663574 0.643311
vt 0.660889 0.642822
vt 0.657715 0.642822
vt 0.659912 0.639893
vt 0.657715 0.637451
vt 0.653809 0.644043
vt 0.654297 0.638428
vt 0.656250 0.633545
vt 0.650635 0.636963
vt 0.651123 0.641357
vt 0.658691 0.655518
vt 0.649902 0.645508
vt 0.647705 0.639648
vt 0.644043 0.633057
vt 0.644531 0.639893
vt 0.640625 0.636963
vt 0.632568 0.635742
vt 0.645508 0.646240
vt 0.642334 0.643311
vt 0.638672 0.642578
vt 0.640381 0.648193
vt 0.645996 0.653076
vt 0.636230 0.643555
vt 0.634521 0.644775
vt 0.632080 0.642822
vt 0.633545 0.649414
vt 0.636963 0.652344
vt 0.634033 0.653320
vt 0.630859 0.651611
vt 0.629395 0.655029
vt 0.631348 0.657959
vt 0.633301 0.658447
vt 0.635986 0.659424
vt 0.632568 0.667480
vt 0.640869 0.661865
vt 0.638428 0.666748
vt 0.637207 0.671875
vt 0.640625 0.669678
vt 0.641113 0.666992
vt 0.644775 0.663818
vt 0.647705 0.666504
vt 0.651855 0.670654
vt 0.651611 0.660889
vt 0.653809 0.662842
vt 0.654053 0.657471
vt 0.658203 0.660889
vt 0.659180 0.664795
vt 0.660400 0.659668
vt 0.662109 0.662354
vt 0.663574 0.659668
vt 0.663086 0.663086
vt 0.666992 0.662842
vt 0.909424 0.968994
vt 0.912354 0.975586
vt 0.904785 0.969238
vt 0.916016 0.982422
vt 0.904053 0.964111
vt 0.896240 0.965332
vt 0.912842 0.962158
vt 0.908447 0.960938
vt 0.910400 0.959229
vt 0.913574 0.957275
vt 0.905762 0.959473
vt 0.908936 0.957031
vt 0.911621 0.947998
vt 0.916260 0.943359
vt 0.913330 0.942383
vt 0.908447 0.941895
vt 0.905518 0.953857
vt 0.904053 0.956543
vt 0.901611 0.956787
vt 0.903809 0.950928
vt 0.904053 0.944336
vt 0.900146 0.950439
vt 0.897461 0.956299
vt 0.902588 0.938721
vt 0.906738 0.937012
vt 0.897461 0.935547
vt 0.903320 0.935303
vt 0.907715 0.924316
vt 0.899902 0.934082
vt 0.902832 0.931152
vt 0.899170 0.926025
vt 0.915039 0.903809
vt 0.905762 0.914307
vt 0.892334 0.923096
vt 0.896729 0.930176
vt 0.894287 0.929932
vt 0.890381 0.930420
vt 0.886230 0.931885
vt 0.892090 0.934326
vt 0.891846 0.939697
vt 0.882812 0.938477
vt 0.883057 0.945557
vt 0.878906 0.946777
vt 0.879639 0.950684
vt 0.877441 0.948242
vt 0.885498 0.947510
vt 0.891846 0.947266
vt 0.895264 0.951904
vt 0.883545 0.952393
vt 0.894043 0.954102
vt 0.891357 0.950439
vt 0.887939 0.948975
vt 0.890381 0.955811
vt 0.888184 0.951172
vt 0.885498 0.951660
vt 0.885010 0.959473
vt 0.888672 0.962891
vt 0.883545 0.961182
vt 0.877686 0.963135
vt 0.872314 0.961670
vt 0.872070 0.964600
vt 0.873779 0.958008
vt 0.869629 0.958252
vt 0.879639 0.956787
vt 0.869141 0.955811
vt 0.876221 0.953857
vt 0.872559 0.955078
vt 0.871094 0.952148
vt 0.875977 0.951660
vt 0.210938 0.850586
vt 0.205322 0.861328
vt 0.210205 0.848145
vt 0.205811 0.854248
vt 0.197266 0.864746
vt 0.194824 0.864502
vt 0.194580 0.857910
vt 0.179443 0.878662
vt 0.205322 0.873535
vt 0.199463 0.870117
vt 0.210938 0.881348
vt 0.217041 0.881836
vt 0.216064 0.885010
vt 0.217529 0.885742
vt 0.224121 0.880859
vt 0.214844 0.874023
vt 0.219482 0.876221
vt 0.224121 0.872803
vt 0.217773 0.872070
vt 0.227783 0.868652
vt 0.230469 0.876221
vt 0.220703 0.871338
vt 0.218994 0.867188
vt 0.228271 0.863037
vt 0.218506 0.860840
vt 0.212402 0.866943
vt 0.218018 0.863770
vt 0.209473 0.863525
vt 0.213867 0.860840
vt 0.214111 0.855469
vt 0.211670 0.860107
vt 0.208740 0.861816
vt 0.208984 0.856689
vt 0.207520 0.860352
vt 0.210449 0.857666
vt 0.211426 0.858643
vt 0.916992 0.750977
vt 0.917725 0.754883
vt 0.914551 0.755615
vt 0.919922 0.749023
vt 0.914795 0.749023
vt 0.917725 0.758301
vt 0.921631 0.754150
vt 0.920898 0.759766
vt 0.923828 0.742920
vt 0.927246 0.762451
vt 0.922363 0.765137
vt 0.916748 0.760498
vt 0.916504 0.768799
vt 0.910645 0.752930
vt 0.911377 0.765381
vt 0.908691 0.757568
vt 0.903564 0.750977
vt 0.904297 0.746826
vt 0.895020 0.747314
vt 0.915283 0.738037
vt 0.902832 0.732666
vt 0.920166 0.720703
vt 0.927002 0.722168
vt 0.931152 0.732178
vt 0.935791 0.709961
vt 0.934570 0.751709
vt 0.939941 0.729736
vt 0.947998 0.704834
vt 0.940674 0.766846
vt 0.938965 0.748779
vt 0.945312 0.752197
vt 0.939453 0.756348
vt 0.947510 0.762451
vt 0.943115 0.776367
vt 0.944092 0.758545
vt 0.941650 0.752441
vt 0.941406 0.754883
vt 0.943359 0.755371
vt 0.814941 0.972412
vt 0.813232 0.968994
vt 0.815186 0.965820
vt 0.285400 0.019043
vt 0.290283 0.020752
vt 0.288574 0.025635
vt 0.416992 0.981934
vt 0.408447 0.968750
vt 0.417236 0.972168
vt 0.399414 0.998291
vt 0.383057 0.977295
vt 0.378174 0.995361
vt 0.471680 0.042725
vt 0.427002 0.042725
vt 0.428955 0.017090
s 1
usemtl tripo_mat_0230dce3-1413-44bb-a5f4-5298bfa0a7d6
f 2622/1 2546/2 2208/3
f 2208/3 2546/2 2170/4
f 2170/4 2546/2 2257/5
f 2257/5 2546/2 2570/6
f 2570/6 2546/2 2622/1
f 2170/4 2257/5 2251/7
f 2251/7 2257/5 2570/6
f 2170/4 2251/7 2162/8
f 2251/7 2570/6 2585/9
f 2585/9 2570/6 2622/1
f 2162/8 2251/7 2153/10
f 2153/10 2251/7 2585/9
f 2170/4 2162/8 2119/11
f 2170/4 2119/11 2208/3
f 2119/11 2162/8 2153/10
f 2224/12 2622/1 2208/3
f 2224/12 2208/3 2119/11
f 2852/13 2585/9 2622/1
f 2622/1 2224/12 2794/14
f 2622/1 2794/14 2852/13
f 2224/12 2119/11 2077/15
f 2794/14 2224/12 2223/16
f 2223/16 2224/12 2077/15
f 2077/15 2119/11 2026/17
f 2026/17 2119/11 2038/18
f 2038/18 2119/11 2153/10
f 2077/15 2026/17 1911/19
f 2026/17 2038/18 1971/20
f 2026/17 1971/20 1911/19
f 1971/20 2038/18 2048/21
f 2077/15 1911/19 2069/22
f 2077/15 2069/22 2223/16
f 1911/19 1971/20 1839/23
f 1911/19 1839/23 1779/24
f 2069/22 1911/19 1929/25
f 1839/23 1971/20 1896/26
f 1896/26 1971/20 2048/21
f 1779/24 1839/23 1780/27
f 1780/27 1839/23 1896/26
f 1896/26 2048/21 1932/28
f 1932/28 2048/21 2038/18
f 1780/27 1896/26 1867/29
f 1867/29 1896/26 1932/28
f 1779/24 1780/27 1851/30
f 1851/30 1780/27 1867/29
f 1851/30 1867/29 1932/28
f 1779/24 1851/30 1850/31
f 1850/31 1851/30 1932/28
f 1932/28 2038/18 1985/32
f 1932/28 1985/32 1850/31
f 1850/31 1985/32 1826/33
f 1985/32 2038/18 2153/10
f 1826/33 1985/32 2008/34
f 2008/34 1985/32 2153/10
f 1826/33 2008/34 1960/35
f 2099/36 2148/37 1960/35
f 2099/36 1960/35 2023/38
f 1960/35 2008/34 2004/39
f 2008/34 2153/10 2102/40
f 2008/34 2102/40 2004/39
f 2102/40 2153/10 2264/41
f 2004/39 2102/40 2032/42
f 2023/38 1960/35 2002/43
f 1960/35 2004/39 2037/44
f 1960/35 2037/44 2002/43
f 2037/44 2004/39 2016/45
f 2016/45 2004/39 2032/42
f 2002/43 2037/44 2034/46
f 2034/46 2037/44 2016/45
f 2023/38 2002/43 1979/47
f 1979/47 2002/43 2034/46
f 2023/38 1979/47 2025/48
f 2025/48 1979/47 2000/49
f 2000/49 1979/47 2034/46
f 2000/49 2034/46 2016/45
f 2000/49 2016/45 2032/42
f 2000/49 2032/42 2138/50
f 2138/50 2032/42 2143/51
f 2157/52 2032/42 2102/40
f 2032/42 2157/52 2143/51
f 2157/52 2102/40 2264/41
f 2143/51 2157/52 2356/53
f 2143/51 2356/53 2296/54
f 2157/52 2264/41 2480/55
f 2157/52 2480/55 2356/53
f 2356/53 2480/55 2631/56
f 2356/53 2631/56 2617/57
f 2480/55 2264/41 2584/58
f 2480/55 2584/58 2631/56
f 2584/58 2264/41 2792/59
f 2792/59 2264/41 2153/10
f 2631/56 2584/58 2621/60
f 2792/59 2153/10 2585/9
f 2621/60 2584/58 2657/61
f 2657/61 2584/58 2792/59
f 2631/56 2621/60 2767/62
f 2767/62 2621/60 2657/61
f 2836/63 2617/57 2631/56
f 2836/63 2631/56 2767/62
f 2617/57 2836/63 2929/64
f 2767/62 2657/61 2906/65
f 2906/65 2657/61 2792/59
f 2836/63 2767/62 2968/66
f 2968/66 2767/62 2906/65
f 2929/64 2836/63 2991/67
f 2991/67 2836/63 2968/66
f 2929/64 2991/67 2996/68
f 2996/68 2991/67 3104/69
f 2996/68 3104/69 3007/70
f 2991/67 2968/66 3076/71
f 2991/67 3076/71 3104/69
f 3007/70 3104/69 3093/72
f 3093/72 3104/69 3076/71
f 3007/70 3093/72 3026/73
f 3026/73 3093/72 3080/74
f 3080/74 3093/72 3076/71
f 3026/73 3080/74 3058/75
f 3019/76 3076/71 2968/66
f 3076/71 3019/76 3080/74
f 3019/76 2968/66 2906/65
f 3058/75 3080/74 3157/77
f 3157/77 3080/74 3019/76
f 3058/75 3157/77 3283/78
f 3283/78 3157/77 3319/79
f 3019/76 2906/65 3094/80
f 3019/76 3094/80 3157/77
f 3094/80 2906/65 2792/59
f 3319/79 3157/77 3284/81
f 3284/81 3157/77 3094/80
f 3319/79 3284/81 3355/82
f 3094/80 2792/59 3000/83
f 3355/82 3284/81 3335/84
f 3355/82 3335/84 3329/85
f 3284/81 3094/80 3142/86
f 3142/86 3094/80 3097/87
f 3097/87 3094/80 3000/83
f 3284/81 3142/86 3256/88
f 3284/81 3256/88 3335/84
f 3256/88 3142/86 3111/89
f 3111/89 3142/86 3097/87
f 3335/84 3256/88 3333/90
f 3335/84 3333/90 3329/85
f 3256/88 3111/89 3246/91
f 3256/88 3246/91 3333/90
f 3111/89 3097/87 3153/92
f 3111/89 3153/92 3246/91
f 3246/91 3153/92 3169/93
f 3246/91 3169/93 3333/90
f 3169/93 3153/92 3097/87
f 3333/90 3169/93 3329/85
f 3169/93 3097/87 3067/94
f 3067/94 3097/87 3000/83
f 3329/85 3169/93 3212/95
f 3169/93 3067/94 2990/96
f 3169/93 2990/96 3212/95
f 3312/97 3337/98 3329/85
f 3312/97 3329/85 3212/95
f 3067/94 3000/83 3043/99
f 3067/94 3043/99 2990/96
f 3312/97 3212/95 3221/100
f 3312/97 3221/100 3176/101
f 3043/99 3000/83 2982/102
f 3043/99 2982/102 2943/103
f 2982/102 3000/83 2874/104
f 2874/104 3000/83 2792/59
f 2874/104 2792/59 2585/9
f 2874/104 2585/9 2852/13
f 2982/102 2874/104 2827/105
f 2982/102 2827/105 2943/103
f 2827/105 2874/104 2852/13
f 3043/99 2943/103 2961/106
f 2961/106 2943/103 2827/105
f 2961/106 2827/105 2852/13
f 3043/99 2961/106 2990/96
f 2990/96 2961/106 2852/13
f 2990/96 2852/13 2794/14
f 2990/96 2794/14 2945/107
f 2990/96 2945/107 3025/108
f 2990/96 3025/108 3212/95
f 2945/107 2794/14 2759/109
f 3212/95 3025/108 3118/110
f 3025/108 2945/107 2934/111
f 3025/108 2934/111 2973/112
f 2934/111 2945/107 2908/113
f 2934/111 2908/113 2973/112
f 3025/108 2973/112 3015/114
f 3015/114 2973/112 2908/113
f 3025/108 3015/114 3118/110
f 2908/113 2945/107 2873/115
f 2873/115 2945/107 2759/109
f 3221/100 3212/95 3118/110
f 3221/100 3118/110 3159/116
f 3159/116 3118/110 3051/117
f 3221/100 3159/116 3117/118
f 3117/118 3159/116 3051/117
f 3051/117 3118/110 3037/119
f 3051/117 3037/119 3117/118
f 3037/119 3118/110 3015/114
f 3221/100 3117/118 3083/120
f 3083/120 3117/118 3037/119
f 3083/120 3037/119 3015/114
f 3221/100 3083/120 3176/101
f 3176/101 3083/120 3105/121
f 3105/121 3083/120 3023/122
f 3083/120 3015/114 2920/123
f 3083/120 2920/123 3023/122
f 2920/123 3015/114 2908/113
f 3023/122 2920/123 2854/124
f 2854/124 2920/123 2580/125
f 2920/123 2908/113 2823/126
f 2823/126 2908/113 2873/115
f 2920/123 2823/126 2748/127
f 2920/123 2748/127 2580/125
f 2823/126 2873/115 2783/128
f 2823/126 2783/128 2748/127
f 2783/128 2873/115 2759/109
f 2748/127 2783/128 2619/129
f 2619/129 2783/128 2759/109
f 2748/127 2619/129 2580/125
f 2363/130 2854/124 2580/125
f 2619/129 2759/109 2558/131
f 2619/129 2558/131 2580/125
f 2558/131 2759/109 2491/132
f 2491/132 2759/109 2794/14
f 2580/125 2558/131 2440/133
f 2580/125 2440/133 2363/130
f 2491/132 2794/14 2223/16
f 2440/133 2558/131 2488/134
f 2488/134 2558/131 2491/132
f 2488/134 2491/132 2237/135
f 2237/135 2491/132 2223/16
f 2440/133 2488/134 2246/136
f 2246/136 2488/134 2237/135
f 2193/137 2363/130 2440/133
f 2193/137 2440/133 2246/136
f 2246/136 2237/135 2203/138
f 2203/138 2237/135 2223/16
f 2246/136 2203/138 2193/137
f 2203/138 2223/16 2154/139
f 2203/138 2154/139 2193/137
f 2154/139 2223/16 2069/22
f 2163/140 2363/130 2193/137
f 2363/130 2163/140 2117/141
f 2117/141 2163/140 2033/142
f 2033/142 2163/140 2104/143
f 2104/143 2163/140 2193/137
f 2033/142 2104/143 2028/144
f 2167/145 2193/137 2154/139
f 2193/137 2167/145 2104/143
f 2167/145 2154/139 2097/146
f 2097/146 2154/139 2069/22
f 2104/143 2167/145 2098/147
f 2104/143 2098/147 2028/144
f 2098/147 2167/145 2097/146
f 2097/146 2069/22 2019/148
f 2097/146 2019/148 2098/147
f 2098/147 2019/148 2028/144
f 2019/148 2069/22 1929/25
f 2019/148 1929/25 2028/144
f 6277/149 5808/150 6210/151
f 6210/151 5808/150 5870/152
f 6210/151 5870/152 6280/153
f 6210/151 6280/153 6276/154
f 6210/151 6276/154 6277/149
f 6280/153 5870/152 5910/155
f 6280/153 5910/155 6276/154
f 5910/155 5870/152 5807/156
f 5807/156 5870/152 5808/150
f 6276/154 5910/155 5883/157
f 5807/156 5808/150 5787/158
f 5910/155 5807/156 5816/159
f 5816/159 5807/156 5787/158
f 5910/155 5816/159 5883/157
f 5787/158 5808/150 5791/160
f 5787/158 5791/160 5816/159
f 5896/161 5808/150 6277/149
f 5808/150 5896/161 5791/160
f 5896/161 6277/149 6200/162
f 5896/161 6200/162 5873/163
f 5896/161 5873/163 5746/164
f 5896/161 5746/164 5791/160
f 5791/160 5746/164 5664/165
f 5708/166 5816/159 5791/160
f 5708/166 5791/160 5664/165
f 5816/159 5708/166 5883/157
f 5664/165 5746/164 5614/167
f 5664/165 5614/167 5593/168
f 5593/168 5614/167 5450/169
f 5664/165 5593/168 5678/170
f 5664/165 5678/170 5714/171
f 5664/165 5714/171 5708/166
f 5678/170 5593/168 5576/172
f 5678/170 5576/172 5714/171
f 5708/166 5714/171 5643/173
f 5643/173 5714/171 5576/172
f 5708/166 5643/173 5618/174
f 5643/173 5576/172 5557/175
f 5643/173 5557/175 5618/174
f 5576/172 5593/168 5471/176
f 5576/172 5471/176 5557/175
f 5471/176 5593/168 5459/177
f 5459/177 5593/168 5450/169
f 5557/175 5471/176 5539/178
f 5557/175 5539/178 5618/174
f 5539/178 5471/176 5459/177
f 5624/179 5708/166 5618/174
f 5624/179 5618/174 5539/178
f 5539/178 5459/177 5449/180
f 5449/180 5459/177 5450/169
f 5539/178 5449/180 5624/179
f 5708/166 5624/179 5883/157
f 5449/180 5450/169 5393/181
f 5393/181 5450/169 5419/182
f 5393/181 5419/182 5379/183
f 5393/181 5379/183 5377/184
f 5393/181 5377/184 5382/185
f 5393/181 5382/185 5449/180
f 5449/180 5382/185 5403/186
f 5449/180 5403/186 5500/187
f 5403/186 5382/185 5486/188
f 5403/186 5486/188 5500/187
f 5449/180 5500/187 5494/189
f 5494/189 5500/187 5486/188
f 5449/180 5494/189 5624/179
f 5486/188 5382/185 5383/190
f 5398/191 5382/185 5377/184
f 5382/185 5398/191 5383/190
f 5486/188 5383/190 5473/192
f 5473/192 5383/190 5398/191
f 5486/188 5473/192 5475/193
f 5475/193 5473/192 5398/191
f 5486/188 5475/193 5494/189
f 5494/189 5475/193 5562/194
f 5562/194 5475/193 5398/191
f 5494/189 5562/194 5624/179
f 5399/195 5398/191 5377/184
f 5398/191 5399/195 5562/194
f 5399/195 5377/184 5431/196
f 5624/179 5562/194 5689/197
f 5624/179 5689/197 5692/198
f 5624/179 5692/198 5793/199
f 5689/197 5562/194 5745/200
f 5624/179 5793/199 5883/157
f 5745/200 5562/194 5891/201
f 5891/201 5562/194 5609/202
f 5883/157 5793/199 6015/203
f 5883/157 6015/203 6366/204
f 6579/205 6776/206 6366/204
f 6366/204 6776/206 6611/207
f 6366/204 6611/207 5883/157
f 6611/207 6776/206 6783/208
f 6611/207 6783/208 6573/209
f 6611/207 6573/209 5883/157
f 5883/157 6573/209 6351/210
f 5883/157 6351/210 6276/154
f 6351/210 6573/209 6532/211
f 6276/154 6351/210 6277/149
f 6277/149 6351/210 6532/211
f 5608/212 5540/213 5609/202
f 5540/213 5608/212 5461/214
f 5608/212 5609/202 5547/215
f 5461/214 5608/212 5577/216
f 5577/216 5608/212 5547/215
f 5547/215 5609/202 5562/194
f 5461/214 5577/216 5478/217
f 5478/217 5577/216 5547/215
f 5461/214 5478/217 5397/218
f 5461/214 5397/218 5431/196
f 5431/196 5397/218 5399/195
f 5397/218 5478/217 5469/219
f 5397/218 5469/219 5399/195
f 5469/219 5478/217 5547/215
f 5399/195 5469/219 5562/194
f 5562/194 5469/219 5547/215
f 6200/220 6277/221 6431/222
f 6431/222 6277/221 6694/223
f 6200/220 6431/222 6288/224
f 6431/222 6694/223 6581/225
f 6200/220 6288/224 6148/226
f 6200/220 6148/226 5873/227
f 6288/224 6431/222 6358/228
f 6358/228 6431/222 6581/225
f 6581/225 6694/223 6745/229
f 6745/229 6694/223 6900/230
f 6358/228 6581/225 6566/231
f 6581/225 6745/229 6621/232
f 6581/225 6621/232 6566/231
f 6745/229 6900/230 6804/233
f 6804/233 6900/230 6976/234
f 6621/232 6745/229 6697/235
f 6697/235 6745/229 6804/233
f 6566/231 6621/232 6518/236
f 6518/236 6621/232 6697/235
f 6566/231 6518/236 6358/228
f 6358/228 6518/236 6353/237
f 6358/228 6353/237 6288/224
f 6518/236 6697/235 6678/238
f 6518/236 6678/238 6353/237
f 6697/235 6804/233 6747/239
f 6697/235 6747/239 6678/238
f 6747/239 6804/233 6770/240
f 6747/239 6770/240 6678/238
f 6884/241 6804/233 6976/234
f 6189/242 6288/224 6353/237
f 6189/242 6353/237 5871/243
f 6288/224 6189/242 6148/226
f 6148/226 6189/242 6139/244
f 6139/244 6189/242 5866/245
f 6148/226 6139/244 5898/246
f 5898/246 6139/244 5866/245
f 6148/226 5898/246 5873/227
f 5873/227 5898/246 5867/247
f 5867/247 5898/246 5866/245
f 5873/227 5867/247 5810/248
f 5810/248 5867/247 5866/245
f 5810/248 5866/245 5824/249
f 5810/248 5824/249 5800/250
f 5810/248 5800/250 5746/251
f 5800/250 5824/249 5775/252
f 5800/250 5775/252 5709/253
f 5775/252 5824/249 5768/254
f 6486/255 6353/237 6712/256
f 6712/256 6353/237 6678/238
f 6712/256 6678/238 6793/257
f 6793/257 6678/238 6770/240
f 6641/258 6712/256 6836/259
f 6793/257 6770/240 6819/260
f 6819/260 6770/240 6804/233
f 6819/260 6804/233 6884/241
f 6712/256 6793/257 6815/261
f 6712/256 6815/261 6836/259
f 6793/257 6819/260 6920/262
f 6819/260 6884/241 6924/263
f 6924/263 6884/241 6976/234
f 6924/263 6976/234 7051/264
f 6819/260 6924/263 6891/265
f 6891/265 6924/263 7051/264
f 6819/260 6891/265 6920/262
f 6891/265 7051/264 6998/266
f 6891/265 6998/266 6920/262
f 6998/266 7051/264 7135/267
f 6998/266 7135/267 7003/268
f 6998/266 7003/268 6920/262
f 7003/268 7135/267 7096/269
f 6920/262 7003/268 6993/270
f 6993/270 7003/268 7096/269
f 6936/271 6793/257 6920/262
f 6936/271 6920/262 6993/270
f 6793/257 6936/271 6815/261
f 6993/270 7096/269 7039/272
f 7039/272 7096/269 7078/273
f 6993/270 7039/272 6996/274
f 6993/270 6996/274 6936/271
f 7039/272 7078/273 7059/275
f 7059/275 7078/273 7163/276
f 7059/275 7163/276 7142/277
f 7059/275 7142/277 7015/278
f 7059/275 7015/278 7039/272
f 7039/272 7015/278 6996/274
f 6996/274 7015/278 7009/279
f 6996/274 7009/279 7005/280
f 6996/274 7005/280 6936/271
f 6936/271 7005/280 6943/281
f 6943/281 7005/280 6952/282
f 6936/271 6943/281 6911/283
f 6936/271 6911/283 6815/261
f 6943/281 6952/282 6925/284
f 6815/261 6911/283 6842/285
f 6911/283 6943/281 6852/286
f 6911/283 6852/286 6842/285
f 6852/286 6943/281 6925/284
f 6815/261 6842/285 6836/259
f 6836/259 6842/285 6852/286
f 6836/259 6852/286 6925/284
f 6836/259 6925/284 6952/282
f 6836/259 6952/282 6834/287
f 6277/288 6532/289 6694/290
f 6694/290 6532/289 6749/291
f 6749/291 6532/289 6602/292
f 6602/292 6532/289 6573/293
f 6602/292 6573/293 6647/294
f 6602/292 6647/294 6749/291
f 6647/294 6573/293 6783/295
f 6749/291 6647/294 6768/296
f 6768/296 6647/294 6783/295
f 6749/291 6768/296 6826/297
f 6826/297 6768/296 6783/295
f 6857/298 6694/290 6749/291
f 6857/298 6749/291 6826/297
f 6857/298 6826/297 6783/295
f 6694/290 6857/298 6900/299
f 6857/298 6783/295 6915/300
f 6900/299 6857/298 6973/301
f 6973/301 6857/298 6915/300
f 6900/299 6973/301 7125/302
f 6900/299 7125/302 6976/303
f 6976/303 7125/302 7051/304
f 7051/304 7125/302 7135/305
f 6915/300 6783/295 6961/306
f 6961/306 6783/295 6979/307
f 6979/307 6783/295 6776/308
f 6979/307 6776/308 6889/309
f 6979/307 6889/309 6965/310
f 7135/305 7125/302 7155/311
f 7135/305 7155/311 7096/312
f 7096/312 7155/311 7078/313
f 7078/313 7155/311 7163/314
f 7167/315 7142/316 7163/314
f 7167/315 7163/314 7169/317
f 7169/317 7163/314 7155/311
f 7167/315 7169/317 7152/318
f 7156/319 7155/311 7125/302
f 7155/311 7156/319 7169/317
f 7152/318 7169/317 7149/320
f 7149/320 7169/317 7165/321
f 7165/321 7169/317 7173/322
f 7173/322 7169/317 7156/319
f 7149/320 7165/321 7148/323
f 7149/320 7148/323 7073/324
f 7149/320 7073/324 7113/325
f 7148/323 7165/321 7117/326
f 7117/326 7165/321 7173/322
f 7148/323 7117/326 7056/327
f 7148/323 7056/327 7073/324
f 7113/325 7073/324 6965/310
f 7056/327 7117/326 7086/328
f 7056/327 7086/328 7073/324
f 7117/326 7173/322 7118/329
f 7117/326 7118/329 7086/328
f 7118/329 7173/322 7156/319
f 6965/310 7073/324 7079/330
f 7079/330 7073/324 7086/328
f 6965/310 7079/330 6979/307
f 7086/328 7118/329 7128/331
f 7086/328 7128/331 7079/330
f 7128/331 7118/329 7156/319
f 7079/330 7128/331 6979/307
f 6979/307 7128/331 7156/319
f 6979/307 7156/319 7042/332
f 6979/307 7042/332 6961/306
f 7042/332 7156/319 7145/333
f 7145/333 7156/319 7125/302
f 6961/306 7042/332 6914/334
f 6961/306 6914/334 6915/300
f 7042/332 7145/333 7077/335
f 7042/332 7077/335 6914/334
f 7077/335 7145/333 7147/336
f 7145/333 7125/302 7076/337
f 7145/333 7076/337 7147/336
f 7076/337 7125/302 6973/301
f 7077/335 7147/336 7034/338
f 7077/335 7034/338 6914/334
f 7034/338 7147/336 7076/337
f 6914/334 7034/338 6957/339
f 6957/339 7034/338 7076/337
f 6957/339 7076/337 6973/301
f 6914/334 6957/339 6915/300
f 6915/300 6957/339 6973/301
f 2887/340 2665/341 2564/342
f 2887/340 2564/342 2902/343
f 2887/340 2902/343 3074/344
f 2902/343 2564/342 2202/345
f 2887/340 3074/344 2978/346
f 2887/340 2978/346 2665/341
f 2564/342 2665/341 2197/347
f 2564/342 2197/347 2202/345
f 2665/341 2978/346 2563/348
f 2665/341 2563/348 2197/347
f 2978/346 3074/344 3085/349
f 3085/349 3074/344 3197/350
f 3085/349 3197/350 3194/351
f 3085/349 3194/351 3208/352
f 3085/349 3208/352 3042/353
f 3085/349 3042/353 2978/346
f 2978/346 3042/353 2927/354
f 2978/346 2927/354 2563/348
f 2927/354 3042/353 2975/355
f 2927/354 2975/355 2793/356
f 2927/354 2793/356 2563/348
f 2911/357 2604/358 2793/356
f 2793/356 2604/358 2270/359
f 2793/356 2270/359 2563/348
f 2270/359 2604/358 2173/360
f 2563/348 2270/359 2120/361
f 2563/348 2120/361 2197/347
f 2270/359 2173/360 2070/362
f 2270/359 2070/362 2120/361
f 2070/362 2173/360 1898/363
f 1898/363 2173/360 2113/364
f 2120/361 2070/362 1894/365
f 1894/365 2070/362 1898/363
f 1898/363 2113/364 1912/366
f 2093/367 2197/347 2120/361
f 1898/363 1912/366 1795/368
f 1795/368 1912/366 1817/369
f 1898/363 1795/368 1782/370
f 1898/363 1782/370 1894/365
f 1795/368 1817/369 1735/371
f 1795/368 1735/371 1782/370
f 1735/371 1817/369 1774/372
f 1774/372 1817/369 1811/373
f 1735/371 1774/372 1711/374
f 1735/371 1711/374 1719/375
f 1735/371 1719/375 1782/370
f 1719/375 1711/374 1690/376
f 1719/375 1690/376 1701/377
f 1782/370 1719/375 1775/378
f 1782/370 1775/378 1894/365
f 1719/375 1701/377 1809/379
f 1719/375 1809/379 1775/378
f 1775/378 1809/379 1894/365
f 1809/379 1701/377 1750/380
f 1809/379 1750/380 1901/381
f 1894/365 1809/379 1914/382
f 1914/382 1809/379 1901/381
f 1894/365 1914/382 2120/361
f 2120/361 1914/382 2093/367
f 2093/367 1914/382 2035/383
f 2035/383 1914/382 1901/381
f 2093/367 2035/383 2197/347
f 2197/347 2035/383 2202/345
f 2202/345 2035/383 1901/381
f 2202/345 1901/381 1970/384
f 5746/385 5873/386 5810/387
f 5833/388 6289/389 6171/390
f 6289/389 5833/388 6364/391
f 6171/390 6289/389 6707/392
f 5833/388 6171/390 5635/393
f 6707/392 6289/389 6748/394
f 6748/394 6289/389 6364/391
f 6171/390 6707/392 6688/395
f 6707/392 6748/394 6868/396
f 6171/390 6688/395 5680/397
f 6171/390 5680/397 5635/393
f 6688/395 6707/392 6869/398
f 6869/398 6707/392 6868/396
f 6748/394 6364/391 6756/399
f 6748/394 6756/399 6868/396
f 5797/400 6364/391 5833/388
f 5670/401 5833/388 5635/393
f 5833/388 5670/401 5797/400
f 6869/398 6868/396 7012/402
f 5670/401 5635/393 5550/403
f 6869/398 7012/402 6977/404
f 6869/398 6977/404 6688/395
f 7012/402 6868/396 6946/405
f 6946/405 6868/396 6838/406
f 6838/406 6868/396 6756/399
f 7012/402 6946/405 7095/407
f 7095/407 6946/405 6838/406
f 6977/404 7012/402 7106/408
f 7012/402 7095/407 7111/409
f 7012/402 7111/409 7106/408
f 7095/407 6838/406 7063/410
f 7095/407 7063/410 7111/409
f 6838/406 6756/399 6879/411
f 6838/406 6879/411 7063/410
f 6977/404 7106/408 7129/412
f 6977/404 7129/412 7097/413
f 6977/404 7097/413 6688/395
f 7129/412 7106/408 7140/414
f 7129/412 7140/414 7097/413
f 6688/395 7097/413 6740/415
f 6688/395 6740/415 5828/416
f 5828/416 6740/415 5769/417
f 5828/416 5769/417 5396/418
f 6688/395 5828/416 5680/397
f 5680/397 5828/416 5396/418
f 6740/415 7097/413 6964/419
f 5680/397 5396/418 5390/420
f 5390/420 5396/418 5372/421
f 5390/420 5372/421 5380/422
f 5680/397 5390/420 5467/423
f 5680/397 5467/423 5635/393
f 5635/393 5467/423 5550/403
f 5467/423 5390/420 5422/424
f 5467/423 5422/424 5550/403
f 5390/420 5380/422 5384/425
f 5390/420 5384/425 5422/424
f 5384/425 5380/422 5394/426
f 5384/425 5394/426 5451/427
f 5384/425 5451/427 5422/424
f 5451/427 5394/426 5446/428
f 5550/403 5422/424 5448/429
f 5448/429 5422/424 5451/427
f 5550/403 5448/429 5597/430
f 5550/403 5597/430 5670/401
f 5670/401 5597/430 5797/400
f 5597/430 5448/429 5491/431
f 5491/431 5448/429 5451/427
f 5797/400 5597/430 5663/432
f 5663/432 5597/430 5491/431
f 5663/432 5491/431 5621/433
f 5621/433 5491/431 5451/427
f 5797/400 5663/432 5758/434
f 5758/434 5663/432 5621/433
f 5797/400 5758/434 5913/435
f 5797/400 5913/435 6364/391
f 5758/434 5621/433 5823/436
f 5758/434 5823/436 5913/435
f 5621/433 5451/427 5544/437
f 6364/391 5913/435 6594/438
f 6364/391 6594/438 6756/399
f 6756/399 6594/438 6763/439
f 6594/438 5913/435 6728/440
f 6594/438 6728/440 6763/439
f 6756/399 6763/439 6879/411
f 6879/411 6763/439 6728/440
f 5621/433 5544/437 5673/441
f 5621/433 5673/441 5823/436
f 6322/442 5913/435 5823/436
f 5913/435 6322/442 6728/440
f 5823/436 5673/441 5862/443
f 5823/436 5862/443 6322/442
f 6728/440 6322/442 6762/444
f 5862/443 5673/441 5767/445
f 6728/440 6762/444 6848/446
f 6728/440 6848/446 6879/411
f 6762/444 6322/442 6701/447
f 6762/444 6701/447 6848/446
f 6322/442 5862/443 6308/448
f 6322/442 6308/448 6701/447
f 6308/448 5862/443 5886/449
f 5886/449 5862/443 5767/445
f 6701/447 6308/448 6641/450
f 6641/450 6308/448 5886/449
f 6848/446 6701/447 6834/451
f 6834/451 6701/447 6641/450
f 6834/451 6641/450 6836/452
f 6848/446 6834/451 7011/453
f 6848/446 7011/453 6879/411
f 6952/454 7006/455 6834/451
f 6834/451 7006/455 7011/453
f 7011/453 7006/455 7058/456
f 6879/411 7011/453 7033/457
f 6879/411 7033/457 7063/410
f 7011/453 7058/456 7093/458
f 7011/453 7093/458 7033/457
f 7093/458 7058/456 7035/459
f 7063/410 7033/457 7108/460
f 7108/460 7033/457 7093/458
f 7063/410 7108/460 7111/409
f 7111/409 7108/460 7116/461
f 7116/461 7108/460 7093/458
f 7111/409 7116/461 7106/408
f 7093/458 7035/459 7047/462
f 7047/462 7035/459 6939/463
f 7047/462 6939/463 6989/464
f 7093/458 7047/462 7084/465
f 7093/458 7084/465 7116/461
f 7084/465 7047/462 6989/464
f 7106/408 7116/461 7065/466
f 7106/408 7065/466 7140/414
f 7116/461 7084/465 7085/467
f 7116/461 7085/467 7065/466
f 7085/467 7084/465 6989/464
f 7140/414 7065/466 7103/468
f 7140/414 7103/468 7097/413
f 7097/413 7103/468 6964/419
f 7103/468 7065/466 7020/469
f 7020/469 7065/466 7085/467
f 7103/468 7020/469 6964/419
f 7020/469 7085/467 6903/470
f 7020/469 6903/470 6964/419
f 6903/470 7085/467 6989/464
f 6964/419 6903/470 6823/471
f 6823/471 6903/470 6790/472
f 6823/471 6790/472 6591/473
f 6903/470 6989/464 6777/474
f 6903/470 6777/474 6790/472
f 6777/474 6989/464 6847/475
f 6777/474 6847/475 6639/476
f 6790/472 6777/474 6590/477
f 6790/472 6590/477 6591/473
f 6590/477 6777/474 6639/476
f 6591/473 6590/477 6132/478
f 6590/477 6639/476 6131/479
f 6590/477 6131/479 6132/478
f 6591/473 6132/478 6121/480
f 6131/479 6639/476 6369/481
f 6131/479 6369/481 5999/482
f 6131/479 5999/482 6038/483
f 6131/479 6038/483 6160/484
f 6131/479 6160/484 6132/478
f 6160/484 6038/483 6193/485
f 6121/480 6132/478 6135/486
f 6135/486 6132/478 6160/484
f 6121/480 6135/486 6098/487
f 6135/486 6160/484 6074/488
f 6098/487 6135/486 6043/489
f 6043/489 6135/486 6074/488
f 5614/490 5746/491 5709/492
f 5614/490 5709/492 5623/493
f 5623/493 5709/492 5705/494
f 5614/490 5623/493 5555/495
f 5614/490 5555/495 5450/496
f 5555/495 5623/493 5648/497
f 5648/497 5623/493 5672/498
f 5648/497 5672/498 5695/499
f 5555/495 5648/497 5602/500
f 5602/500 5648/497 5647/501
f 5602/500 5647/501 5571/502
f 5602/500 5571/502 5555/495
f 5571/502 5647/501 5654/503
f 5571/502 5654/503 5589/504
f 5555/495 5571/502 5483/505
f 5483/505 5571/502 5589/504
f 5555/495 5483/505 5450/496
f 5483/505 5589/504 5528/506
f 5528/506 5589/504 5525/507
f 5450/496 5483/505 5421/508
f 5421/508 5483/505 5528/506
f 5421/508 5528/506 5525/507
f 5450/496 5421/508 5419/509
f 5419/509 5421/508 5525/507
f 5709/510 5746/511 5800/512
f 2604/513 2834/514 2489/515
f 2604/513 2489/515 2173/516
f 2173/516 2489/515 2113/517
f 2834/514 2604/513 2911/518
f 2113/517 2489/515 2117/519
f 2489/515 2834/514 2789/520
f 2834/514 2911/518 3009/521
f 2789/520 2834/514 2941/522
f 2941/522 2834/514 3009/521
f 3009/521 2911/518 2981/523
f 2981/523 2911/518 2793/524
f 2981/523 2793/524 2975/525
f 2489/515 2789/520 2725/526
f 2725/526 2789/520 2941/522
f 2981/523 2975/525 3167/527
f 3167/527 2975/525 3042/528
f 3009/521 2981/523 3147/529
f 3167/527 3042/528 3289/530
f 3289/530 3042/528 3208/531
f 3289/530 3208/531 3304/532
f 3304/532 3208/531 3194/533
f 3289/530 3304/532 3270/534
f 3289/530 3270/534 3167/527
f 3270/534 3304/532 3296/535
f 3209/536 2981/523 3167/527
f 3209/536 3167/527 3270/534
f 3209/536 3270/534 3296/535
f 2981/523 3209/536 3147/529
f 3209/536 3296/535 3237/537
f 3209/536 3237/537 3147/529
f 3237/537 3296/535 3280/538
f 3237/537 3280/538 3254/539
f 3254/539 3280/538 3236/540
f 3147/529 3237/537 3225/541
f 3225/541 3237/537 3254/539
f 3147/529 3225/541 3130/542
f 3147/529 3130/542 3031/543
f 3147/529 3031/543 3009/521
f 3130/542 3225/541 3138/544
f 3130/542 3138/544 3031/543
f 3009/521 3031/543 2941/522
f 3172/545 3254/539 3236/540
f 3215/546 3225/541 3254/539
f 3215/546 3254/539 3172/545
f 3228/547 3098/548 3236/540
f 3236/540 3098/548 3172/545
f 3172/545 3098/548 3068/549
f 3068/549 3098/548 2936/550
f 3225/541 3215/546 3195/551
f 3225/541 3195/551 3138/544
f 3215/546 3172/545 3158/552
f 3068/549 2936/550 2967/553
f 2967/553 2936/550 2713/554
f 3172/545 3068/549 3135/555
f 3172/545 3135/555 3158/552
f 3158/552 3135/555 3088/556
f 3135/555 3068/549 3100/557
f 3135/555 3100/557 3088/556
f 3068/549 2967/553 3039/558
f 3068/549 3039/558 3100/557
f 2967/553 2713/554 2895/559
f 2967/553 2895/559 3039/558
f 3158/552 3088/556 3112/560
f 3112/560 3088/556 3100/557
f 3158/552 3112/560 3178/561
f 3158/552 3178/561 3215/546
f 3112/560 3100/557 3136/562
f 3112/560 3136/562 3178/561
f 3136/562 3100/557 3128/563
f 3128/563 3100/557 3039/558
f 3136/562 3128/563 3178/561
f 3215/546 3178/561 3185/564
f 3185/564 3178/561 3128/563
f 3215/546 3185/564 3195/551
f 3128/563 3039/558 3012/565
f 3012/565 3039/558 2895/559
f 3185/564 3128/563 3182/566
f 3182/566 3128/563 3200/567
f 3185/564 3182/566 3238/568
f 3128/563 3012/565 3108/569
f 3128/563 3108/569 3200/567
f 3108/569 3012/565 3124/570
f 3200/567 3108/569 3168/571
f 3168/571 3108/569 3190/572
f 3190/572 3108/569 3124/570
f 3200/567 3168/571 3249/573
f 3249/573 3168/571 3190/572
f 3190/572 3124/570 3191/574
f 3249/573 3190/572 3268/575
f 3268/575 3190/572 3191/574
f 3249/573 3268/575 3338/576
f 3249/573 3338/576 3200/567
f 3191/574 3124/570 3110/577
f 3191/574 3110/577 3150/578
f 3110/577 3124/570 3020/579
f 3020/579 3124/570 3012/565
f 3150/578 3110/577 3078/580
f 3078/580 3110/577 3020/579
f 3150/578 3078/580 3073/581
f 3073/581 3078/580 3020/579
f 3150/578 3073/581 3010/582
f 3020/579 3012/565 2980/583
f 3020/579 2980/583 3073/581
f 3073/581 2980/583 3010/582
f 2980/583 3012/565 2895/559
f 3010/582 2980/583 2949/584
f 3010/582 2949/584 2930/585
f 2949/584 2980/583 2853/586
f 2930/585 2949/584 2883/587
f 2883/587 2949/584 2853/586
f 2930/585 2883/587 2812/588
f 2812/588 2883/587 2738/589
f 2738/589 2883/587 2853/586
f 2812/588 2738/589 2521/590
f 2521/590 2738/589 2560/591
f 2560/591 2738/589 2853/586
f 2560/591 2853/586 2712/592
f 2859/593 2853/586 2980/583
f 2853/586 2859/593 2712/592
f 2859/593 2980/583 2895/559
f 2560/591 2712/592 2457/594
f 2859/593 2895/559 2716/595
f 2859/593 2716/595 2712/592
f 2457/594 2712/592 2595/596
f 2595/596 2712/592 2701/597
f 2701/597 2712/592 2716/595
f 2457/594 2595/596 2399/598
f 2399/598 2595/596 2701/597
f 2457/594 2399/598 2295/599
f 2295/599 2399/598 2517/600
f 2517/600 2399/598 2701/597
f 2295/599 2517/600 2290/601
f 2290/601 2517/600 2550/602
f 2550/602 2517/600 2701/597
f 2550/602 2701/597 2708/603
f 2708/603 2701/597 2716/595
f 2708/603 2716/595 2648/604
f 2648/604 2716/595 2683/605
f 2683/605 2716/595 2895/559
f 2648/604 2683/605 2568/606
f 2648/604 2568/606 2574/607
f 2683/605 2895/559 2502/608
f 2683/605 2502/608 2568/606
f 2502/608 2895/559 2713/554
f 2568/606 2502/608 2367/609
f 2367/609 2502/608 2713/554
f 2902/610 2202/611 1970/612
f 2902/610 1970/612 3006/613
f 3197/614 3074/615 2902/610
f 3197/614 2902/610 3006/613
s 0
f 3006/613 1970/612 2947/616
s 1
f 2947/616 1970/612 2241/617
f 3197/614 3006/613 3309/618
f 3197/614 3309/618 3307/619
f 3197/614 3307/619 3194/620
f 3194/620 3307/619 3304/621
f 3307/619 3309/618 3340/622
f 3309/618 3006/613 3331/623
f 3309/618 3331/623 3340/622
f 3222/624 3006/613 2947/616
f 3006/613 3222/624 3331/623
f 3340/622 3331/623 3332/625
f 3340/622 3332/625 3307/619
f 3332/625 3331/623 3222/624
f 3308/626 3304/621 3307/619
f 3308/626 3307/619 3332/625
f 3332/625 3222/624 3253/627
f 3332/625 3253/627 3308/626
f 3253/627 3222/624 3077/628
f 3304/621 3308/626 3318/629
f 3304/621 3318/629 3296/630
f 3296/630 3318/629 3280/631
f 3308/626 3253/627 3294/632
f 3308/626 3294/632 3318/629
f 3294/632 3253/627 3077/628
f 3280/631 3318/629 3228/633
f 3228/633 3318/629 3294/632
f 3280/631 3228/633 3236/634
f 3228/633 3294/632 3115/635
f 3115/635 3294/632 3077/628
f 3228/633 3115/635 3098/636
f 3098/636 3115/635 3001/637
f 3098/636 3001/637 2936/638
f 3115/635 3077/628 2971/639
f 3115/635 2971/639 3001/637
f 2936/638 3001/637 2731/640
f 2731/640 3001/637 2971/639
f 2936/638 2731/640 2594/641
f 2971/639 3077/628 2860/642
f 2971/639 2860/642 2731/640
f 2594/641 2731/640 2373/643
f 2594/641 2373/643 2327/644
f 2731/640 2860/642 2472/645
f 2731/640 2472/645 2373/643
f 2860/642 3077/628 3016/646
f 3016/646 3077/628 3222/624
f 3016/646 3222/624 2947/616
f 3016/646 2947/616 2776/647
f 3016/646 2776/647 2860/642
f 2776/647 2947/616 2241/617
f 2860/642 2776/647 2485/648
f 2485/648 2776/647 2241/617
f 2860/642 2485/648 2472/645
f 2485/648 2241/617 2443/649
f 2485/648 2443/649 2433/650
f 2485/648 2433/650 2472/645
f 2433/650 2443/649 2378/651
f 2433/650 2378/651 2390/652
f 2390/652 2378/651 2451/653
f 2451/653 2378/651 2416/654
f 2433/650 2390/652 2406/655
f 2406/655 2390/652 2451/653
f 2433/650 2406/655 2503/656
f 2506/657 2472/645 2433/650
f 2506/657 2433/650 2503/656
f 2503/656 2406/655 2523/658
f 2503/656 2523/658 2506/657
f 2523/658 2406/655 2451/653
f 2472/645 2506/657 2494/659
f 2472/645 2494/659 2373/643
f 2506/657 2523/658 2490/660
f 2506/657 2490/660 2494/659
f 2490/660 2523/658 2497/661
f 2497/661 2523/658 2451/653
f 2490/660 2497/661 2411/662
f 2411/662 2497/661 2451/653
f 2494/659 2490/660 2345/663
f 2345/663 2490/660 2411/662
f 2329/664 2373/643 2494/659
f 2329/664 2494/659 2345/663
f 2373/643 2329/664 2314/665
f 2314/665 2329/664 2345/663
f 2373/643 2314/665 2327/644
f 2327/644 2314/665 2343/666
f 2345/663 2411/662 2344/667
f 2314/665 2345/663 2320/668
f 2320/668 2345/663 2344/667
f 2343/666 2314/665 2304/669
f 2304/669 2314/665 2320/668
f 2343/666 2304/669 2412/670
f 2412/670 2304/669 2299/671
f 2299/671 2304/669 2303/672
f 2303/672 2304/669 2320/668
f 2303/672 2320/668 2344/667
f 2303/672 2344/667 2309/673
f 2303/672 2309/673 2319/674
f 2398/675 2344/667 2411/662
f 2398/675 2411/662 2451/653
f 2344/667 2398/675 2321/676
f 2344/667 2321/676 2309/673
f 2309/673 2321/676 2324/677
f 2398/675 2451/653 2408/678
f 2398/675 2408/678 2448/679
f 2408/678 2451/653 2416/654
f 2408/678 2416/654 2448/679
f 2309/673 2324/677 2312/680
f 2309/673 2312/680 2463/681
f 2463/681 2312/680 2319/674
f 2463/681 2319/674 2309/673
f 2445/682 2489/515 2725/526
f 2489/515 2445/682 2117/519
f 2117/519 2445/682 2248/683
f 2117/519 2248/683 2363/684
f 2363/684 2248/683 2649/685
f 2248/683 2445/682 2537/686
f 2248/683 2537/686 2649/685
f 2363/684 2649/685 2854/687
f 2537/686 2445/682 2549/688
f 2549/688 2445/682 2725/526
f 2537/686 2549/688 2555/689
f 2549/688 2725/526 2722/690
f 2549/688 2722/690 2555/689
f 2537/686 2555/689 2650/691
f 2537/686 2650/691 2649/685
f 2650/691 2555/689 2722/690
f 2649/685 2650/691 2785/692
f 2785/692 2650/691 2722/690
f 2785/692 2722/690 2725/526
f 2649/685 2785/692 2854/687
f 2785/692 2725/526 2941/522
f 2785/692 2941/522 2854/687
f 2854/687 2941/522 2974/693
f 2854/687 2974/693 3023/694
f 2974/693 2941/522 3031/543
f 3023/694 2974/693 3079/695
f 3023/694 3079/695 3105/696
f 2974/693 3031/543 3064/697
f 3064/697 3031/543 3138/544
f 2974/693 3064/697 3034/698
f 2974/693 3034/698 3079/695
f 3064/697 3138/544 3060/699
f 3064/697 3060/699 3034/698
f 3034/698 3060/699 3035/700
f 3034/698 3035/700 3079/695
f 3060/699 3138/544 3125/701
f 3060/699 3125/701 3035/700
f 3035/700 3125/701 3079/695
f 3125/701 3138/544 3195/551
f 3125/701 3195/551 3079/695
f 3079/695 3195/551 3174/702
f 3079/695 3174/702 3105/696
f 3174/702 3195/551 3205/703
f 3205/703 3195/551 3185/564
f 3205/703 3185/564 3238/568
f 3105/696 3174/702 3151/704
f 3105/696 3151/704 3176/705
f 3174/702 3205/703 3241/706
f 3176/705 3151/704 3247/707
f 3176/705 3247/707 3312/708
f 3312/708 3247/707 3337/709
f 3247/707 3151/704 3240/710
f 3247/707 3240/710 3337/709
f 3240/710 3151/704 3174/702
f 3337/709 3240/710 3326/711
f 3326/711 3240/710 3174/702
f 3326/711 3174/702 3241/706
f 3337/709 3326/711 3347/712
f 3347/712 3326/711 3241/706
f 3347/712 3241/706 3303/713
f 3347/712 3303/713 3359/714
f 3235/715 3241/706 3205/703
f 3241/706 3235/715 3303/713
f 3235/715 3205/703 3238/568
f 3303/713 3235/715 3334/716
f 3303/713 3334/716 3359/714
f 3334/716 3235/715 3238/568
f 3359/714 3334/716 3291/717
f 3291/717 3334/716 3238/568
f 3359/714 3291/717 3324/718
f 3359/714 3324/718 3338/576
f 3291/717 3238/568 3239/719
f 3291/717 3239/719 3324/718
f 3239/719 3238/568 3182/566
f 3338/576 3324/718 3269/720
f 3269/720 3324/718 3239/719
f 3269/720 3239/719 3182/566
f 3338/576 3269/720 3200/567
f 3200/567 3269/720 3182/566
f 6217/721 5886/449 6218/722
f 5886/449 6217/721 6444/723
f 5886/449 6444/723 6641/450
f 6444/723 6217/721 6244/724
f 6244/724 6217/721 6218/722
f 6641/450 6444/723 6462/725
f 6462/725 6444/723 6244/724
f 6641/450 6462/725 6486/726
f 6641/450 6486/726 6712/727
f 6462/725 6244/724 6342/728
f 6462/725 6342/728 6486/726
f 6342/728 6244/724 6218/722
f 6486/726 6342/728 6268/729
f 6268/729 6342/728 6218/722
f 6486/726 6268/729 6353/730
f 6353/730 6268/729 5871/731
f 5871/731 6268/729 6218/722
f 5871/731 6218/722 5886/449
f 5871/731 5886/449 5701/732
f 5701/732 5886/449 5767/445
f 5866/733 6189/734 5871/731
f 5866/733 5871/731 5768/735
f 5866/733 5768/735 5824/736
f 5768/735 5871/731 5697/737
f 5697/737 5871/731 5701/732
f 5701/732 5767/445 5613/738
f 5613/738 5767/445 5673/441
f 5613/738 5673/441 5544/437
f 5701/732 5613/738 5548/739
f 5613/738 5544/437 5512/740
f 5613/738 5512/740 5548/739
f 5512/740 5544/437 5451/427
f 5512/740 5451/427 5464/741
f 5464/741 5451/427 5446/428
f 5464/741 5446/428 5474/742
f 5512/740 5464/741 5503/743
f 5503/743 5464/741 5474/742
f 5512/740 5503/743 5548/739
f 5503/743 5474/742 5462/744
f 5503/743 5462/744 5510/745
f 5503/743 5510/745 5526/746
f 5548/739 5503/743 5574/747
f 5574/747 5503/743 5526/746
f 5574/747 5526/746 5595/748
f 5595/748 5526/746 5525/749
f 5595/748 5525/749 5589/750
f 5595/748 5589/750 5654/751
f 5595/748 5654/751 5697/737
f 5697/737 5654/751 5718/752
f 5718/752 5654/751 5695/753
f 5718/752 5695/753 5672/754
f 5697/737 5718/752 5768/735
f 5718/752 5672/754 5705/755
f 5718/752 5705/755 5768/735
f 5705/755 5672/754 5623/756
f 5768/735 5705/755 5775/757
f 5775/757 5705/755 5709/758
f 5627/759 5595/748 5697/737
f 5595/748 5627/759 5574/747
f 5627/759 5697/737 5651/760
f 5651/760 5697/737 5701/732
f 5574/747 5627/759 5644/761
f 5644/761 5627/759 5652/762
f 5652/762 5627/759 5651/760
f 5644/761 5652/762 5574/747
f 5651/760 5701/732 5629/763
f 5651/760 5629/763 5652/762
f 5629/763 5701/732 5548/739
f 5574/747 5652/762 5580/764
f 5564/765 5548/739 5574/747
f 5564/765 5574/747 5580/764
f 5548/739 5564/765 5629/763
f 5580/764 5652/762 5636/766
f 5580/764 5636/766 5564/765
f 5636/766 5652/762 5629/763
f 5636/766 5629/763 5564/765
f 1929/767 1827/768 1900/769
f 1827/768 1929/767 1911/770
f 1929/767 1900/769 1988/771
f 1929/767 1988/771 2028/772
f 2028/772 1988/771 2033/773
f 1988/771 1900/769 1922/774
f 2033/773 1988/771 1926/775
f 1926/775 1988/771 1922/774
f 2033/773 1926/775 1907/776
f 1922/774 1900/769 1871/777
f 1871/777 1900/769 1827/768
f 1922/774 1871/777 1926/775
f 1907/776 1926/775 1863/778
f 1907/776 1863/778 1821/779
f 1926/775 1871/777 1874/780
f 1926/775 1874/780 1863/778
f 1871/777 1827/768 1746/781
f 1871/777 1746/781 1874/780
f 1863/778 1874/780 1831/782
f 1831/782 1874/780 1746/781
f 1863/778 1831/782 1736/783
f 1736/783 1831/782 1746/781
f 1828/784 1821/779 1863/778
f 1828/784 1863/778 1736/783
f 1801/785 1746/781 1827/768
f 1801/785 1827/768 1911/770
f 1801/785 1911/770 1779/786
f 1746/781 1801/785 1710/787
f 1746/781 1710/787 1736/783
f 1801/785 1779/786 1724/788
f 1801/785 1724/788 1710/787
f 1724/788 1779/786 1763/789
f 1763/789 1779/786 1850/790
f 1724/788 1763/789 1718/791
f 1763/789 1850/790 1793/792
f 1763/789 1793/792 1718/791
f 1793/792 1850/790 1826/793
f 1794/794 1736/783 1710/787
f 1736/783 1794/794 1828/784
f 1794/794 1710/787 1732/795
f 1828/784 1794/794 1799/796
f 1799/796 1794/794 1732/795
f 1732/795 1710/787 1699/797
f 1732/795 1699/797 1799/796
f 1693/798 1710/787 1724/788
f 1710/787 1693/798 1699/797
f 1693/798 1724/788 1718/791
f 1799/796 1699/797 1778/799
f 1799/796 1778/799 1828/784
f 1778/799 1699/797 1696/800
f 1696/800 1699/797 1693/798
f 1828/784 1778/799 1838/801
f 1828/784 1838/801 1821/779
f 1778/799 1696/800 1796/802
f 1778/799 1796/802 1838/801
f 1821/779 1838/801 1841/803
f 1838/801 1796/802 1808/804
f 1796/802 1696/800 1733/805
f 1796/802 1733/805 1808/804
f 1838/801 1808/804 1845/806
f 1838/801 1845/806 1841/803
f 1845/806 1808/804 1733/805
f 1841/803 1845/806 1859/807
f 1859/807 1845/806 1733/805
f 1733/805 1696/800 1715/808
f 1688/809 1696/800 1693/798
f 1696/800 1688/809 1715/808
f 1688/809 1693/798 1704/810
f 1733/805 1715/808 1730/811
f 1733/805 1730/811 1859/807
f 1715/808 1688/809 1717/812
f 1717/812 1688/809 1704/810
f 1730/811 1715/808 1823/813
f 1823/813 1715/808 1717/812
f 1859/807 1730/811 1868/814
f 1868/814 1730/811 1814/815
f 1814/815 1730/811 1823/813
f 1859/807 1868/814 1921/816
f 1868/814 1814/815 1861/817
f 1868/814 1861/817 1921/816
f 1861/817 1814/815 1905/818
f 1905/818 1814/815 1823/813
f 1861/817 1905/818 1902/819
f 1861/817 1902/819 1921/816
f 1902/819 1905/818 1999/820
f 1902/819 1999/820 1921/816
f 1891/821 1859/807 1921/816
f 1859/807 1891/821 1841/803
f 1841/803 1891/821 1903/822
f 1841/803 1903/822 1830/823
f 1891/821 1921/816 2014/824
f 1891/821 2014/824 1903/822
f 1830/823 1903/822 1752/825
f 1830/823 1752/825 1649/826
f 1649/826 1752/825 1533/827
f 1649/826 1533/827 1240/828
f 1752/825 1903/822 1889/829
f 1889/829 1903/822 2166/830
f 2166/830 1903/822 2014/824
f 2166/830 2014/824 2152/831
f 2166/830 2152/831 2273/832
f 2011/833 2014/824 1921/816
f 2014/824 2011/833 2152/831
f 2011/833 1921/816 1999/820
f 2011/833 1999/820 1957/834
f 1957/834 1999/820 1905/818
f 2011/833 1957/834 2007/835
f 2007/835 1957/834 1905/818
f 2011/833 2007/835 2090/836
f 2011/833 2090/836 2152/831
f 2283/837 2273/832 2152/831
f 2273/832 2283/837 2295/838
f 2295/838 2283/837 2457/839
f 2457/839 2283/837 2152/831
f 2457/839 2152/831 2212/840
f 2212/840 2152/831 2090/836
f 2457/839 2212/840 2560/841
f 2094/842 2090/836 2007/835
f 2090/836 2094/842 2212/840
f 2560/841 2212/840 2428/843
f 2560/841 2428/843 2521/844
f 2428/843 2212/840 2239/845
f 2428/843 2239/845 2521/844
f 2212/840 2094/842 2184/846
f 2212/840 2184/846 2239/845
f 2521/844 2239/845 2222/847
f 2222/847 2239/845 2184/846
f 2521/844 2222/847 2476/848
f 2222/847 2184/846 2116/849
f 2222/847 2116/849 2476/848
f 2116/849 2184/846 2094/842
f 2476/848 2116/849 2200/850
f 2017/851 2094/842 2007/835
f 2094/842 2017/851 2116/849
f 2017/851 2007/835 1905/818
f 2116/849 2017/851 1943/852
f 1943/852 2017/851 1905/818
f 2116/849 1943/852 2200/850
f 1943/852 1905/818 1823/813
f 1943/852 1823/813 1875/853
f 2200/850 1943/852 1958/854
f 1958/854 1943/852 1875/853
f 2200/850 1958/854 2196/855
f 2200/850 2196/855 2210/856
f 2196/855 1958/854 2122/857
f 2210/856 2196/855 2181/858
f 2181/858 2196/855 2122/857
f 2181/858 2122/857 2067/859
f 2067/859 2122/857 1958/854
f 2210/856 2181/858 2118/860
f 2181/858 2067/859 2046/861
f 2046/861 2067/859 1958/854
f 2181/858 2046/861 2118/860
f 2210/856 2118/860 2178/862
f 2046/861 1958/854 2006/863
f 2046/861 2006/863 2118/860
f 2006/863 1958/854 1933/864
f 2006/863 1933/864 2118/860
f 2118/860 1933/864 2178/862
f 1933/864 1958/854 1875/853
f 2148/865 2178/862 1960/866
f 1960/866 2178/862 1933/864
f 1933/864 1875/853 1904/867
f 1933/864 1904/867 1885/868
f 1960/866 1933/864 1842/869
f 1842/869 1933/864 1885/868
f 1960/866 1842/869 1762/870
f 1960/866 1762/870 1826/793
f 1904/867 1875/853 1873/871
f 1904/867 1873/871 1910/872
f 1904/867 1910/872 1885/868
f 1873/871 1875/853 1807/873
f 1807/873 1875/853 1823/813
f 1910/872 1873/871 1849/874
f 1849/874 1873/871 1807/873
f 1885/868 1910/872 1881/875
f 1849/874 1807/873 1770/876
f 1807/873 1823/813 1714/877
f 1807/873 1714/877 1770/876
f 1714/877 1823/813 1717/812
f 1849/874 1770/876 1837/878
f 1849/874 1837/878 1910/872
f 1910/872 1837/878 1881/875
f 1837/878 1770/876 1714/877
f 1881/875 1837/878 1791/879
f 1791/879 1837/878 1714/877
f 1881/875 1791/879 1885/868
f 1885/868 1791/879 1786/880
f 1786/880 1791/879 1714/877
f 1885/868 1786/880 1842/869
f 1786/880 1714/877 1756/881
f 1786/880 1756/881 1842/869
f 1756/881 1714/877 1717/812
f 1842/869 1756/881 1762/870
f 1756/881 1717/812 1704/810
f 1756/881 1704/810 1762/870
f 1762/870 1704/810 1708/882
f 1762/870 1708/882 1790/883
f 1762/870 1790/883 1826/793
f 1708/882 1704/810 1684/884
f 1684/884 1704/810 1693/798
f 1684/884 1693/798 1718/791
f 1826/793 1790/883 1805/885
f 1684/884 1718/791 1713/886
f 1826/793 1805/885 1793/792
f 1800/887 1718/791 1793/792
f 1718/791 1800/887 1713/886
f 1800/887 1793/792 1805/885
f 1684/884 1713/886 1721/888
f 1721/888 1713/886 1800/887
f 1684/884 1721/888 1708/882
f 1800/887 1805/885 1806/889
f 1800/887 1806/889 1721/888
f 1806/889 1805/885 1773/890
f 1806/889 1773/890 1721/888
f 1773/890 1805/885 1790/883
f 1721/888 1773/890 1708/882
f 1708/882 1773/890 1790/883
f 6199/891 6254/892 6479/893
f 6479/893 6254/892 6646/894
f 6199/891 6479/893 6362/895
f 6646/894 6254/892 6478/896
f 6478/896 6254/892 6234/897
f 6199/891 6362/895 6366/898
f 6199/891 6366/898 6015/899
f 6234/897 6254/892 5881/900
f 6199/891 6015/899 5847/901
f 5847/901 6015/899 5793/902
f 5869/903 6254/892 6199/891
f 5869/903 6199/891 5847/901
f 6254/892 5869/903 5881/900
f 5869/903 5847/901 5726/904
f 5869/903 5726/904 5881/900
f 5726/904 5847/901 5793/902
f 5881/900 5726/904 5731/905
f 5881/900 5731/905 5784/906
f 5726/904 5793/902 5687/907
f 5687/907 5793/902 5692/908
f 5687/907 5692/908 5689/909
f 5726/904 5687/907 5681/910
f 5681/910 5687/907 5689/909
f 5726/904 5681/910 5731/905
f 5731/905 5681/910 5784/906
f 5681/910 5689/909 5700/911
f 5681/910 5700/911 5784/906
f 5784/906 5700/911 5790/912
f 1947/913 2117/914 2033/915
f 1947/913 2033/915 1907/916
f 1912/917 2113/918 2117/914
f 1912/917 2117/914 1927/919
f 1927/919 2117/914 1947/913
f 1947/913 1907/916 1892/920
f 1912/917 1927/919 1862/921
f 1912/917 1862/921 1817/922
f 1927/919 1947/913 1951/923
f 1817/922 1862/921 1811/924
f 1947/913 1892/920 1938/925
f 1947/913 1938/925 1951/923
f 1892/920 1907/916 1846/926
f 1927/919 1951/923 1936/927
f 1936/927 1951/923 1938/925
f 1938/925 1892/920 1886/928
f 1938/925 1886/928 1936/927
f 1886/928 1892/920 1846/926
f 1927/919 1936/927 1879/929
f 1879/929 1936/927 1886/928
f 1927/919 1879/929 1862/921
f 1879/929 1886/928 1846/926
f 1879/929 1846/926 1862/921
f 1862/921 1846/926 1811/924
f 1821/930 1846/926 1907/916
f 1792/931 1774/932 1811/924
f 1792/931 1811/924 1760/933
f 1811/924 1846/926 1783/934
f 1811/924 1783/934 1760/933
f 1792/931 1760/933 1671/935
f 1792/931 1671/935 1687/936
f 1783/934 1846/926 1819/937
f 1819/937 1846/926 1821/930
f 1760/933 1783/934 1725/938
f 1760/933 1725/938 1675/939
f 1760/933 1675/939 1671/935
f 1725/938 1783/934 1748/940
f 1748/940 1783/934 1819/937
f 1675/939 1725/938 1674/941
f 1674/941 1725/938 1748/940
f 1671/935 1675/939 1664/942
f 1664/942 1675/939 1674/941
f 1674/941 1748/940 1672/943
f 1674/941 1672/943 1664/942
f 1748/940 1819/937 1673/944
f 1748/940 1673/944 1672/943
f 1673/944 1819/937 1821/930
f 1664/942 1672/943 1657/945
f 1664/942 1657/945 1671/935
f 1657/945 1672/943 1647/946
f 1647/946 1672/943 1673/944
f 1671/935 1657/945 1642/947
f 1671/935 1642/947 1480/948
f 1642/947 1657/945 1647/946
f 1642/947 1647/946 1639/949
f 1642/947 1639/949 1640/950
f 1642/947 1640/950 1582/951
f 1639/949 1647/946 1613/952
f 1640/950 1639/949 1617/953
f 1617/953 1639/949 1613/952
f 1582/951 1640/950 1608/954
f 1608/954 1640/950 1617/953
f 1582/951 1608/954 1572/955
f 1582/951 1572/955 1565/956
f 1608/954 1617/953 1577/957
f 1608/954 1577/957 1572/955
f 1577/957 1617/953 1613/952
f 1572/955 1577/957 1565/956
f 1565/956 1577/957 1536/958
f 1536/958 1577/957 1613/952
f 1565/956 1536/958 1507/959
f 1535/960 1613/952 1647/946
f 1613/952 1535/960 1536/958
f 1507/959 1536/958 1466/961
f 1466/961 1536/958 1535/960
f 1507/959 1466/961 1482/962
f 1482/962 1466/961 1415/963
f 1482/962 1415/963 1380/964
f 1415/963 1466/961 1334/965
f 1334/965 1466/961 1535/960
f 1334/965 1535/960 1236/966
f 1647/946 1673/944 1535/960
f 1236/966 1535/960 1564/967
f 1535/960 1673/944 1629/968
f 1535/960 1629/968 1564/967
f 1629/968 1673/944 1622/969
f 1564/967 1629/968 1624/970
f 1629/968 1622/969 1623/971
f 1629/968 1623/971 1624/970
f 1622/969 1673/944 1658/972
f 1622/969 1658/972 1623/971
f 1624/970 1623/971 1612/973
f 1624/970 1612/973 1564/967
f 1612/973 1623/971 1665/974
f 1564/967 1612/973 1543/975
f 1623/971 1658/972 1668/976
f 1623/971 1668/976 1665/974
f 1668/976 1658/972 1745/977
f 1745/977 1658/972 1744/978
f 1668/976 1745/977 1747/979
f 1747/979 1745/977 1744/978
f 1668/976 1747/979 1665/974
f 1744/978 1658/972 1739/980
f 1739/980 1658/972 1673/944
f 1744/978 1739/980 1747/979
f 1739/980 1673/944 1821/930
f 1739/980 1821/930 1747/979
f 1747/979 1821/930 1841/981
f 1747/979 1841/981 1665/974
f 1665/974 1841/981 1649/982
f 1649/982 1841/981 1830/983
f 1665/974 1649/982 1494/984
f 1665/974 1494/984 1612/973
f 1494/984 1649/982 1240/985
f 1612/973 1494/984 1543/975
f 1543/975 1494/984 1446/986
f 1543/975 1446/986 1542/987
f 1543/975 1542/987 1539/988
f 1543/975 1539/988 1564/967
f 1542/987 1446/986 1406/989
f 1542/987 1406/989 1539/988
f 1564/967 1539/988 1236/966
f 1236/966 1539/988 1406/989
f 1406/989 1446/986 1234/990
f 1406/989 1234/990 1236/966
f 1234/990 1446/986 1494/984
f 1236/966 1234/990 1221/991
f 1221/991 1234/990 1494/984
f 1236/966 1221/991 1104/992
f 1221/991 1494/984 1109/993
f 1221/991 1109/993 1104/992
f 1104/992 1109/993 1100/994
f 1104/992 1100/994 1051/995
f 1100/994 1109/993 1005/996
f 1100/994 1005/996 1051/995
f 6479/997 6646/998 6778/999
f 6479/997 6778/999 6579/1000
f 6479/997 6579/1000 6362/1001
f 6362/1001 6579/1000 6366/1002
f 6579/1000 6778/999 6814/1003
f 6579/1000 6814/1003 6776/1004
f 6778/999 6646/998 6798/1005
f 6798/1005 6646/998 6654/1006
f 6798/1005 6654/1006 6699/1007
f 6776/1004 6814/1003 6889/1008
f 6798/1005 6699/1007 6897/1009
f 6897/1009 6699/1007 6735/1010
f 6897/1009 6735/1010 6805/1011
f 6897/1009 6805/1011 6824/1012
f 6889/1008 6814/1003 6870/1013
f 6897/1009 6824/1012 6886/1014
f 6889/1008 6870/1013 6886/1014
f 6886/1014 6824/1012 6894/1015
f 6886/1014 6894/1015 6889/1008
f 6889/1008 6894/1015 6965/1016
f 6897/1009 6886/1014 6896/1017
f 6896/1017 6886/1014 6870/1013
f 6896/1017 6870/1013 6814/1003
f 6897/1009 6896/1017 6798/1005
f 6896/1017 6814/1003 6778/999
f 6896/1017 6778/999 6798/1005
f 2356/1018 2617/1019 2296/1020
f 2296/1020 2617/1019 2551/1021
f 1901/1022 1750/1023 1970/1024
f 1970/1024 1750/1023 1694/1025
f 1694/1025 1750/1023 1701/1026
f 1694/1025 1701/1026 1680/1027
f 1680/1027 1701/1026 1690/1028
f 1680/1027 1690/1028 1620/1029
f 1694/1025 1680/1027 1654/1030
f 1694/1025 1654/1030 1970/1024
f 1680/1027 1620/1029 1616/1031
f 1680/1027 1616/1031 1654/1030
f 1616/1031 1620/1029 1366/1032
f 1616/1031 1366/1032 1088/1033
f 1970/1024 1654/1030 1579/1034
f 1654/1030 1616/1031 1067/1035
f 1067/1035 1616/1031 1088/1033
s 0
f 1654/1030 1067/1035 1579/1034
s 1
f 728/1036 694/1037 1088/1033
f 1088/1033 694/1037 1067/1035
f 597/1038 219/1039 694/1037
f 694/1037 219/1039 1067/1035
f 1067/1035 219/1039 607/1040
f 607/1040 219/1039 180/1041
s 0
f 607/1040 180/1041 3462/1042
f 607/1040 3462/1042 3464/1043
f 607/1040 3464/1043 527/1044
f 527/1044 3464/1043 178/1045
f 1067/1035 607/1040 942/1046
f 942/1046 607/1040 527/1044
f 1067/1035 942/1046 1177/1047
f 1067/1035 1177/1047 1579/1034
f 942/1046 527/1044 1057/1048
f 527/1044 178/1045 530/1049
f 527/1044 530/1049 1057/1048
f 530/1049 178/1045 127/1050
f 127/1050 178/1045 3663/1051
f 530/1049 127/1050 636/1052
f 530/1049 636/1052 1095/1053
f 530/1049 1095/1053 1057/1048
f 942/1046 1057/1048 1376/1054
f 942/1046 1376/1054 1177/1047
f 1057/1048 1095/1053 1525/1055
f 1525/1055 1095/1053 1653/1056
f 1376/1054 1057/1048 1598/1057
f 1598/1057 1057/1048 1525/1055
f 1177/1047 1376/1054 1611/1058
f 1611/1058 1376/1054 1598/1057
f 1177/1047 1611/1058 1579/1034
f 1525/1055 1653/1056 1702/1059
f 1525/1055 1702/1059 1598/1057
f 1702/1059 1653/1056 2136/1060
f 1611/1058 1598/1057 1953/1061
f 1953/1061 1598/1057 1702/1059
f 1702/1059 2136/1060 2300/1062
f 1702/1059 2300/1062 1953/1061
f 2300/1062 2136/1060 3152/1063
f 3152/1063 2136/1060 2266/1064
s 1
f 1953/1061 2300/1062 2416/1065
f 1953/1061 2416/1065 2378/1066
s 0
f 1611/1058 1953/1061 1772/1067
f 1611/1058 1772/1067 1579/1034
s 1
f 1953/1061 2378/1066 2146/1068
s 0
f 1953/1061 2146/1068 1772/1067
s 1
f 2146/1068 2378/1066 2241/1069
s 0
f 2146/1068 2241/1069 1772/1067
f 1772/1067 2241/1069 1579/1034
s 1
f 2241/1069 2378/1066 2443/1070
f 1579/1034 2241/1069 1970/1024
f 603/1071 604/1072 446/1073
f 604/1072 603/1071 585/1074
f 603/1071 446/1073 601/1075
f 603/1071 601/1075 585/1074
f 446/1073 604/1072 449/1076
f 601/1075 446/1073 440/1077
f 585/1074 601/1075 597/1078
f 597/1078 601/1075 440/1077
f 597/1078 440/1077 219/1079
f 585/1074 597/1078 592/1080
f 592/1080 597/1078 694/1081
f 592/1080 694/1081 728/1082
f 585/1074 592/1080 561/1083
f 219/1079 440/1077 289/1084
f 219/1079 289/1084 261/1085
f 289/1084 440/1077 322/1086
f 322/1086 440/1077 446/1073
f 261/1085 289/1084 306/1087
f 306/1087 289/1084 322/1086
f 322/1086 446/1073 324/1088
f 322/1086 324/1088 306/1087
f 324/1088 446/1073 449/1076
f 681/1089 561/1083 592/1080
f 681/1089 592/1080 728/1082
f 324/1088 449/1076 325/1090
f 324/1088 325/1090 306/1087
f 325/1090 449/1076 433/1091
f 306/1087 325/1090 307/1092
f 307/1092 325/1090 433/1091
f 433/1091 449/1076 593/1093
f 593/1093 449/1076 604/1072
f 307/1092 433/1091 368/1094
f 593/1093 604/1072 587/1095
f 587/1095 604/1072 585/1074
f 587/1095 585/1074 509/1096
f 593/1093 587/1095 432/1097
f 432/1097 587/1095 509/1096
f 593/1093 432/1097 433/1091
f 433/1091 432/1097 368/1094
f 432/1097 509/1096 394/1098
f 432/1097 394/1098 368/1094
f 280/1099 307/1092 368/1094
f 307/1092 280/1099 306/1087
f 368/1094 394/1098 353/1100
f 368/1094 353/1100 280/1099
f 306/1087 280/1099 266/1101
f 306/1087 266/1101 261/1085
f 261/1085 266/1101 238/1102
f 238/1102 266/1101 257/1103
f 257/1103 266/1101 280/1099
f 238/1102 257/1103 197/1104
f 197/1104 257/1103 295/1105
f 295/1105 257/1103 280/1099
f 295/1105 280/1099 353/1100
f 295/1105 353/1100 375/1106
f 375/1106 353/1100 394/1098
f 295/1105 375/1106 150/1107
f 375/1106 394/1098 383/1108
f 150/1107 375/1106 341/1109
f 341/1109 375/1106 383/1108
f 3784/1110 3769/1111 3940/1112
f 3940/1112 3769/1111 3834/1113
f 3784/1110 3940/1112 4030/1114
f 4030/1114 3940/1112 4098/1115
f 4098/1115 3940/1112 3834/1113
f 3784/1110 4030/1114 3945/1116
f 3945/1116 4030/1114 4093/1117
f 4093/1117 4030/1114 4098/1115
f 3784/1110 3945/1116 3719/1118
f 3710/1119 3769/1111 3784/1110
f 3710/1119 3784/1110 3719/1118
f 3757/1120 3834/1113 3769/1111
f 3757/1120 3769/1111 3710/1119
f 4083/1121 4098/1115 3834/1113
f 3719/1118 3945/1116 3887/1122
f 3887/1122 3945/1116 4093/1117
f 3719/1118 3887/1122 3725/1123
f 3834/1113 3757/1120 3872/1124
f 3834/1113 3872/1124 4083/1121
f 3872/1124 3757/1120 3832/1125
f 3887/1122 4093/1117 4101/1126
f 3832/1125 3757/1120 3788/1127
f 3788/1127 3757/1120 3710/1119
f 3872/1124 3832/1125 3830/1128
f 3830/1128 3832/1125 3788/1127
f 3872/1124 3830/1128 3974/1129
f 3872/1124 3974/1129 4083/1121
f 3974/1129 3830/1128 3923/1130
f 3974/1129 3923/1130 4020/1131
f 3830/1128 3788/1127 3816/1132
f 3830/1128 3816/1132 3824/1133
f 3816/1132 3788/1127 3722/1134
f 3722/1134 3788/1127 3710/1119
f 3974/1129 4020/1131 4029/1135
f 3974/1129 4029/1135 4083/1121
f 3722/1134 3710/1119 3667/1136
f 3667/1136 3710/1119 3684/1137
f 3684/1137 3710/1119 3686/1138
f 3684/1137 3686/1138 3441/1139
f 3686/1138 3710/1119 3688/1140
f 3688/1140 3710/1119 3719/1118
f 3441/1139 3686/1138 3/1141
f 3/1141 3686/1138 3688/1140
f 3441/1139 3/1141 261/1142
f 261/1142 3/1141 219/1143
f 3688/1140 3719/1118 3725/1123
f 3688/1140 3725/1123 3/1141
f 3/1141 3725/1123 219/1143
f 219/1143 3725/1123 180/1144
s 0
f 180/1144 3725/1123 3462/1145
s 1
f 4167/1146 3725/1123 3887/1122
f 4167/1146 3887/1122 4101/1126
f 4167/1146 4101/1126 4330/1147
f 4330/1147 4101/1126 4264/1148
f 4330/1147 4264/1148 4753/1149
f 4330/1147 4753/1149 4803/1150
f 4803/1150 4753/1149 5282/1151
f 4753/1149 4264/1148 4763/1152
f 5282/1151 4753/1149 5225/1153
f 5225/1153 4753/1149 4763/1152
f 5282/1151 5225/1153 5340/1154
f 5282/1151 5340/1154 5372/1155
f 5372/1155 5340/1154 5380/1156
f 5380/1156 5340/1154 5394/1157
f 5340/1154 5225/1153 5241/1158
f 5340/1154 5241/1158 5394/1157
f 5241/1158 5225/1153 4763/1152
f 5394/1157 5241/1158 5262/1159
f 5241/1158 4763/1152 4784/1160
f 5241/1158 4784/1160 5262/1159
f 5394/1157 5262/1159 5338/1161
f 5394/1157 5338/1161 5446/1162
f 5262/1159 4784/1160 4628/1163
f 5446/1162 5338/1161 5295/1164
f 5446/1162 5295/1164 5474/1165
f 5338/1161 5262/1159 5133/1166
f 5338/1161 5133/1166 5295/1164
f 5133/1166 5262/1159 4628/1163
f 4280/1167 4784/1160 4763/1152
f 4784/1160 4280/1167 4628/1163
f 4280/1167 4763/1152 4199/1168
f 4199/1168 4763/1152 4264/1148
f 4628/1163 4280/1167 4123/1169
f 4123/1169 4280/1167 4199/1168
f 4199/1168 4264/1148 4100/1170
f 4199/1168 4100/1170 4123/1169
f 4100/1170 4264/1148 4101/1126
f 4100/1170 4101/1126 4094/1171
f 4094/1171 4101/1126 4093/1117
f 4094/1171 4093/1117 4098/1115
f 4100/1170 4094/1171 4103/1172
f 4103/1172 4094/1171 4098/1115
f 4100/1170 4103/1172 4123/1169
f 4103/1172 4098/1115 4083/1121
f 4103/1172 4083/1121 4063/1173
f 4103/1172 4063/1173 4123/1169
f 4063/1173 4083/1121 4029/1135
f 4123/1169 4063/1173 4042/1174
f 4042/1174 4063/1173 4029/1135
f 4042/1174 4029/1135 4040/1175
f 4042/1174 4040/1175 4123/1169
f 4040/1175 4029/1135 4031/1176
f 4040/1175 4031/1176 4173/1177
f 4123/1169 4040/1175 4140/1178
f 4140/1178 4040/1175 4173/1177
f 4123/1169 4140/1178 4628/1163
f 4173/1177 4031/1176 4243/1179
f 4628/1163 4140/1178 4433/1180
f 4140/1178 4173/1177 4294/1181
f 4140/1178 4294/1181 4433/1180
f 4294/1181 4173/1177 4389/1182
f 4294/1181 4389/1182 4433/1180
f 4628/1163 4433/1180 5133/1166
f 4389/1182 4173/1177 4375/1183
f 4375/1183 4173/1177 4243/1179
f 4389/1182 4375/1183 4433/1180
f 4375/1183 4243/1179 4837/1184
f 4375/1183 4837/1184 4433/1180
f 4433/1180 4837/1184 5133/1166
f 4837/1184 4243/1179 4391/1185
f 5133/1166 4837/1184 5295/1164
f 4837/1184 4391/1185 5166/1186
f 4837/1184 5166/1186 5295/1164
s 0
f 5166/1186 4391/1185 4701/1187
s 1
f 5166/1186 4701/1187 4947/1188
f 5295/1164 5166/1186 5259/1189
f 5295/1164 5259/1189 5333/1190
f 5333/1190 5259/1189 5166/1186
f 5295/1164 5333/1190 5474/1165
f 5333/1190 5166/1186 5344/1191
f 5333/1190 5344/1191 5474/1165
f 5344/1191 5166/1186 4947/1188
f 5474/1165 5344/1191 5462/1192
f 5344/1191 4947/1188 5258/1193
f 5258/1193 4947/1188 5172/1194
f 5185/1195 5209/1196 5172/1194
f 5172/1194 5209/1196 5258/1193
f 5258/1193 5209/1196 5260/1197
f 5260/1197 5209/1196 5268/1198
f 5260/1197 5268/1198 5264/1199
f 5260/1197 5264/1199 5258/1193
f 5258/1193 5264/1199 5311/1200
f 5258/1193 5311/1200 5344/1191
f 5311/1200 5264/1199 5277/1201
f 5311/1200 5277/1201 5297/1202
f 5311/1200 5297/1202 5320/1203
f 5311/1200 5320/1203 5325/1204
f 5311/1200 5325/1204 5344/1191
f 5320/1203 5297/1202 5326/1205
f 5320/1203 5326/1205 5325/1204
f 5326/1205 5297/1202 5308/1206
f 5308/1206 5297/1202 5268/1207
f 5326/1205 5308/1206 5345/1208
f 5326/1205 5345/1208 5325/1204
f 5345/1208 5308/1206 5313/1209
f 5346/1210 5344/1191 5325/1204
f 5346/1210 5325/1204 5345/1208
f 5344/1191 5346/1210 5353/1211
f 5346/1210 5345/1208 5374/1212
f 5346/1210 5374/1212 5353/1211
f 5345/1208 5313/1209 5412/1213
f 5345/1208 5412/1213 5374/1212
f 5412/1213 5313/1209 5428/1214
f 5412/1213 5428/1214 5510/1215
f 5344/1191 5353/1211 5371/1216
f 5371/1216 5353/1211 5374/1212
f 5344/1191 5371/1216 5462/1192
f 5371/1216 5374/1212 5439/1217
f 5371/1216 5439/1217 5462/1192
f 5456/1218 5374/1212 5412/1213
f 5456/1218 5412/1213 5510/1215
f 5374/1212 5456/1218 5439/1217
f 5456/1218 5510/1215 5462/1192
f 5456/1218 5462/1192 5439/1217
f 5647/1219 5695/1220 5654/1221
f 5695/1220 5647/1219 5648/1222
f 2143/1223 2296/1224 2138/1225
f 2138/1225 2296/1224 2551/1226
f 2000/1227 2138/1225 2025/1228
f 2138/1225 2551/1226 2219/1229
f 2138/1225 2219/1229 2025/1228
f 2025/1228 2219/1229 2238/1230
f 2025/1228 2238/1230 2023/1231
f 2023/1231 2238/1230 2099/1232
f 2099/1232 2238/1230 2233/1233
f 2238/1230 2219/1229 2608/1234
f 2608/1234 2219/1229 2551/1226
f 2233/1233 2238/1230 2567/1235
f 2567/1235 2238/1230 2608/1234
f 2608/1234 2551/1226 2818/1236
f 2818/1236 2551/1226 2617/1237
f 2818/1236 2617/1237 2929/1238
f 2818/1236 2929/1238 2996/1239
f 2608/1234 2818/1236 2822/1240
f 2822/1240 2818/1236 2996/1239
f 2608/1234 2822/1240 2567/1235
f 2822/1240 2996/1239 3007/1241
f 2822/1240 3007/1241 2913/1242
f 2567/1235 2822/1240 2682/1243
f 2682/1243 2822/1240 2913/1242
f 2567/1235 2682/1243 2233/1233
f 2682/1243 2913/1242 2802/1244
f 2233/1233 2682/1243 2249/1245
f 2249/1245 2682/1243 2802/1244
f 568/1246 464/1247 459/1248
f 459/1248 464/1247 360/1249
f 360/1249 464/1247 420/1250
f 459/1248 360/1249 374/1251
f 459/1248 374/1251 347/1252
f 347/1252 374/1251 286/1253
f 286/1253 374/1251 243/1254
f 420/1250 464/1247 484/1255
f 484/1255 464/1247 568/1246
f 360/1249 420/1250 406/1256
f 406/1256 420/1250 484/1255
f 366/1257 374/1251 360/1249
f 374/1251 366/1257 243/1254
f 366/1257 360/1249 406/1256
f 484/1255 568/1246 569/1258
f 243/1254 366/1257 441/1259
f 243/1254 441/1259 176/1260
f 366/1257 406/1256 505/1261
f 505/1261 406/1256 484/1255
f 505/1261 484/1255 569/1258
f 366/1257 505/1261 441/1259
f 505/1261 569/1258 586/1262
f 586/1262 569/1258 568/1246
f 505/1261 586/1262 441/1259
f 293/1263 176/1260 441/1259
f 586/1262 568/1246 542/1264
f 542/1264 568/1246 529/1265
f 293/1263 441/1259 389/1266
f 293/1263 389/1266 259/1267
f 441/1259 586/1262 491/1268
f 441/1259 491/1268 389/1266
f 586/1262 542/1264 580/1269
f 586/1262 580/1269 491/1268
f 155/1270 259/1267 408/1271
f 408/1271 259/1267 389/1266
f 389/1266 491/1268 467/1272
f 467/1272 491/1268 580/1269
f 408/1271 389/1266 349/1273
f 580/1269 542/1264 571/1274
f 571/1274 542/1264 526/1275
f 571/1274 526/1275 522/1276
f 571/1274 522/1276 482/1277
f 408/1271 349/1273 411/1278
f 408/1271 411/1278 427/1279
f 453/1280 482/1277 427/1279
f 453/1280 427/1279 411/1278
f 482/1277 453/1280 571/1274
f 411/1278 349/1273 362/1281
f 411/1278 362/1281 453/1280
f 372/1282 349/1273 389/1266
f 349/1273 372/1282 362/1281
f 372/1282 389/1266 467/1272
f 453/1280 362/1281 462/1283
f 453/1280 462/1283 571/1274
f 462/1283 362/1281 372/1282
f 571/1274 462/1283 576/1284
f 571/1274 576/1284 580/1269
f 462/1283 372/1282 514/1285
f 514/1285 372/1282 467/1272
f 462/1283 514/1285 576/1284
f 514/1285 467/1272 580/1269
f 514/1285 580/1269 576/1284
f 3952/1286 3899/1287 4066/1288
f 3899/1287 3952/1286 3809/1289
f 3809/1289 3952/1286 3893/1290
f 3893/1290 3952/1286 4066/1288
f 4066/1288 3899/1287 4050/1291
f 3893/1290 4066/1288 3878/1292
f 3893/1290 3878/1292 3798/1293
f 3893/1290 3798/1293 3809/1289
f 3798/1293 3878/1292 3820/1294
f 3899/1287 3809/1289 3857/1295
f 3857/1295 3809/1289 3798/1293
f 4050/1291 3899/1287 3942/1296
f 3942/1296 3899/1287 3857/1295
f 4054/1297 4066/1288 4050/1291
f 4054/1297 4050/1291 3942/1296
f 4066/1288 4054/1297 4002/1298
f 3942/1296 3857/1295 3839/1299
f 3942/1296 3839/1299 4054/1297
f 3839/1299 3857/1295 3798/1293
f 4054/1297 3839/1299 3897/1300
f 3897/1300 3839/1299 3718/1301
f 3718/1301 3839/1299 3798/1293
f 3718/1301 3798/1293 3682/1302
f 3689/1303 3798/1293 3820/1294
f 3798/1293 3689/1303 3682/1302
f 3718/1301 3682/1302 3571/1304
f 3689/1303 3820/1294 3728/1305
f 3728/1305 3820/1294 3551/1306
f 3689/1303 3728/1305 3395/1307
s 0
f 3395/1307 3728/1305 3551/1306
s 1
f 3585/1308 3551/1306 3714/1309
f 3551/1306 3585/1308 3431/1310
f 3551/1306 3431/1310 134/1311
s 0
f 3551/1306 134/1311 3395/1307
s 1
f 134/1311 3431/1310 213/1312
f 134/1311 213/1312 288/1313
f 134/1311 288/1313 347/1314
f 134/1311 347/1314 3395/1307
f 3395/1307 347/1314 286/1315
f 3395/1307 286/1315 119/1316
f 119/1316 286/1315 243/1317
f 119/1316 243/1317 176/1318
f 293/1319 172/1320 176/1318
f 176/1318 172/1320 167/1321
f 176/1318 167/1321 130/1322
f 176/1318 130/1322 119/1316
f 119/1316 130/1322 128/1323
f 128/1323 130/1322 70/1324
f 128/1323 70/1324 30/1325
f 128/1323 30/1325 119/1316
f 30/1325 70/1324 3403/1326
f 3471/1327 3395/1307 119/1316
f 3471/1327 119/1316 30/1325
f 3395/1307 3471/1327 3689/1303
f 30/1325 3403/1326 3498/1328
f 30/1325 3498/1328 3471/1327
f 3498/1328 3403/1326 3474/1329
f 3689/1303 3471/1327 3554/1330
f 3554/1330 3471/1327 3498/1328
f 3689/1303 3554/1330 3682/1302
f 3682/1302 3554/1330 3631/1331
f 3682/1302 3631/1331 3571/1304
f 3571/1304 3631/1331 3554/1330
f 3571/1304 3554/1330 3498/1328
f 3571/1304 3498/1328 3474/1329
f 3571/1304 3474/1329 3502/1332
f 3860/1333 3853/1334 3993/1335
f 4020/1336 3923/1337 3993/1335
f 3993/1335 3923/1337 3860/1333
f 3993/1335 3853/1334 3985/1338
f 3860/1333 3923/1337 3824/1339
f 3824/1339 3923/1337 3830/1340
f 4066/1341 4002/1342 3985/1338
f 4066/1341 3985/1338 3878/1343
f 3878/1343 3985/1338 3853/1334
f 3878/1343 3853/1334 3820/1344
f 3860/1333 3824/1339 3810/1345
f 3805/1346 3853/1334 3860/1333
f 3805/1346 3860/1333 3810/1345
f 3810/1345 3824/1339 3804/1347
f 3804/1347 3824/1339 3816/1348
f 3820/1344 3853/1334 3761/1349
f 3761/1349 3853/1334 3805/1346
f 3714/1350 3551/1351 3820/1344
f 3714/1350 3820/1344 3761/1349
f 3810/1345 3804/1347 3753/1352
f 3810/1345 3753/1352 3805/1346
f 3753/1352 3804/1347 3780/1353
f 3780/1353 3804/1347 3711/1354
f 3753/1352 3780/1353 3580/1355
f 3580/1355 3780/1353 3711/1354
f 3711/1354 3804/1347 3683/1356
f 3683/1356 3804/1347 3816/1348
f 3711/1354 3683/1356 3479/1357
f 3711/1354 3479/1357 3580/1355
f 3683/1356 3816/1348 3615/1358
f 3479/1357 3683/1356 83/1359
f 83/1359 3683/1356 3615/1358
f 3615/1358 3816/1348 3722/1360
f 3615/1358 3722/1360 3646/1361
f 3646/1361 3722/1360 3667/1362
f 3615/1358 3646/1361 3487/1363
f 3646/1361 3667/1362 3546/1364
f 3646/1361 3546/1364 3487/1363
f 3546/1364 3667/1362 3605/1365
f 3605/1365 3667/1362 3684/1366
f 3487/1363 3546/1364 3434/1367
f 3434/1367 3546/1364 3605/1365
f 3615/1358 3487/1363 3393/1368
f 3615/1358 3393/1368 83/1359
f 3605/1365 3684/1366 3441/1369
f 3393/1368 3487/1363 62/1370
f 62/1370 3487/1363 3434/1367
f 83/1359 3393/1368 150/1371
f 150/1371 3393/1368 62/1370
f 83/1359 150/1371 341/1372
f 83/1359 341/1372 188/1373
f 150/1371 62/1370 197/1374
f 150/1371 197/1374 295/1375
f 83/1359 188/1373 3479/1357
f 197/1374 62/1370 76/1376
f 76/1376 62/1370 3434/1367
f 197/1374 76/1376 121/1377
f 197/1374 121/1377 238/1378
f 238/1378 121/1377 3441/1369
f 238/1378 3441/1369 261/1379
f 121/1377 76/1376 3404/1380
f 3404/1380 76/1376 3434/1367
f 121/1377 3404/1380 3441/1369
f 3404/1380 3434/1367 3605/1365
f 3404/1380 3605/1365 3441/1369
f 42/1381 3479/1357 188/1373
f 3479/1357 42/1381 3580/1355
f 42/1381 188/1373 126/1382
f 42/1381 126/1382 91/1383
f 42/1381 91/1383 3580/1355
f 126/1382 188/1373 207/1384
f 207/1384 188/1373 304/1385
f 91/1383 126/1382 111/1386
f 91/1383 111/1386 3580/1355
f 126/1382 207/1384 141/1387
f 126/1382 141/1387 111/1386
f 141/1387 207/1384 164/1388
f 141/1387 164/1388 111/1386
f 111/1386 164/1388 3580/1355
f 164/1388 207/1384 242/1389
f 164/1388 242/1389 311/1390
f 164/1388 311/1390 177/1391
f 3580/1355 164/1388 3411/1392
f 3411/1392 164/1388 177/1391
f 3580/1355 3411/1392 3649/1393
f 3580/1355 3649/1393 3753/1352
f 3753/1352 3649/1393 3805/1346
f 3649/1393 3411/1392 3570/1394
f 3570/1394 3411/1392 177/1391
f 3649/1393 3570/1394 3805/1346
f 3570/1394 177/1391 38/1395
f 3805/1346 3570/1394 3606/1396
f 3606/1396 3570/1394 38/1395
f 38/1395 177/1391 329/1397
f 3805/1346 3606/1396 3755/1398
f 3755/1398 3606/1396 38/1395
f 3805/1346 3755/1398 3761/1349
f 38/1395 329/1397 3460/1399
f 3460/1399 329/1397 301/1400
f 3460/1399 301/1400 234/1401
f 3755/1398 38/1395 3734/1402
f 3755/1398 3734/1402 3761/1349
f 3734/1402 38/1395 3460/1399
f 3460/1399 234/1401 3484/1403
f 3460/1399 3484/1403 3734/1402
f 3734/1402 3484/1403 3761/1349
f 3484/1403 234/1401 258/1404
f 3761/1349 3484/1403 3703/1405
f 3761/1349 3703/1405 3714/1350
f 3484/1403 258/1404 3380/1406
f 3484/1403 3380/1406 3703/1405
f 3380/1406 258/1404 213/1407
f 213/1407 258/1404 288/1408
f 3380/1406 213/1407 3431/1409
f 3714/1350 3703/1405 3596/1410
f 3596/1410 3703/1405 3380/1406
f 3596/1410 3380/1406 3431/1409
f 3714/1350 3596/1410 3585/1411
f 3585/1411 3596/1410 3431/1409
f 6478/1412 6654/1413 6646/1414
f 6654/1413 6478/1412 6454/1415
f 6654/1413 6454/1415 6699/1416
f 6454/1415 6478/1412 6285/1417
f 6699/1416 6454/1415 6348/1418
f 6348/1418 6454/1415 6285/1417
f 6285/1417 6478/1412 6234/1419
f 6699/1416 6348/1418 6735/1420
f 6285/1417 6234/1419 5905/1421
f 5905/1421 6234/1419 5881/1422
f 5905/1421 5881/1422 5784/1423
f 6285/1417 5905/1421 6078/1424
f 6078/1424 5905/1421 5784/1423
f 6285/1417 6078/1424 6348/1418
f 6078/1424 5784/1423 5790/1425
f 6348/1418 6078/1424 6188/1426
f 6344/1427 6735/1420 6348/1418
f 6344/1427 6348/1418 6188/1426
f 6188/1426 6078/1424 5882/1428
f 6188/1426 5882/1428 6344/1427
f 5882/1428 6078/1424 5790/1425
f 6735/1420 6344/1427 6667/1429
f 6735/1420 6667/1429 6805/1430
f 6344/1427 5882/1428 6093/1431
f 6344/1427 6093/1431 6667/1429
f 5882/1428 5790/1425 5806/1432
f 5882/1428 5806/1432 6093/1431
f 5806/1432 5790/1425 5700/1433
f 5806/1432 5700/1433 5745/1434
f 5745/1434 5700/1433 5689/1435
f 5806/1432 5745/1434 5876/1436
f 5806/1432 5876/1436 6093/1431
f 5876/1436 5745/1434 5891/1437
f 5876/1436 5891/1437 6597/1438
f 5876/1436 6597/1438 6093/1431
f 6093/1431 6597/1438 6488/1439
f 6093/1431 6488/1439 6667/1429
f 6667/1429 6488/1439 6744/1440
f 6744/1440 6488/1439 6597/1438
f 6667/1429 6744/1440 6805/1430
f 6805/1430 6744/1440 6824/1441
f 6744/1440 6597/1438 6807/1442
f 6744/1440 6807/1442 6824/1441
f 6807/1442 6597/1438 6965/1443
f 6824/1441 6807/1442 6894/1444
f 6894/1444 6807/1442 6965/1443
f 534/1445 469/1446 451/1447
f 469/1446 534/1445 532/1448
f 469/1446 532/1448 568/1449
f 469/1446 568/1449 459/1450
f 469/1446 459/1450 347/1451
f 534/1445 451/1447 431/1452
f 534/1445 431/1452 549/1453
f 451/1447 469/1446 390/1454
f 390/1454 469/1446 347/1451
f 451/1447 390/1454 391/1455
f 451/1447 391/1455 431/1452
f 390/1454 347/1451 357/1456
f 357/1456 347/1451 288/1457
f 391/1455 390/1454 379/1458
f 379/1458 390/1454 357/1456
f 431/1452 391/1455 399/1459
f 399/1459 391/1455 379/1458
f 431/1452 399/1459 383/1460
f 357/1456 288/1457 329/1461
f 357/1456 329/1461 379/1458
f 379/1458 329/1461 177/1462
f 329/1461 288/1457 300/1463
f 300/1463 288/1457 258/1464
f 329/1461 300/1463 301/1465
f 300/1463 258/1464 234/1466
f 300/1463 234/1466 301/1465
f 379/1458 177/1462 311/1467
f 379/1458 311/1467 331/1468
f 379/1458 331/1468 399/1459
f 399/1459 331/1468 341/1469
f 341/1469 331/1468 311/1467
f 399/1459 341/1469 383/1460
f 341/1469 311/1467 304/1470
f 341/1469 304/1470 188/1471
f 304/1470 311/1467 242/1472
f 304/1470 242/1472 207/1473
f 394/1474 471/1475 383/1460
f 383/1460 471/1475 431/1452
f 471/1475 394/1474 509/1476
f 431/1452 471/1475 549/1453
f 549/1453 471/1475 509/1476
f 6952/1477 7037/1478 7006/1479
f 7006/1479 7037/1478 7058/1480
f 7037/1478 6952/1477 7005/1481
f 7058/1480 7037/1478 7035/1482
f 7037/1478 7005/1481 7009/1483
f 7035/1482 7037/1478 7010/1484
f 7010/1484 7037/1478 7009/1483
f 7035/1482 7010/1484 6922/1485
f 7010/1484 7009/1483 6974/1486
f 7010/1484 6974/1486 6922/1485
f 6974/1486 7009/1483 6953/1487
f 7035/1482 6922/1485 6939/1488
f 6989/1489 6939/1488 6847/1490
f 6847/1490 6939/1488 6922/1485
f 6974/1486 6953/1487 6921/1491
f 6974/1486 6921/1491 6887/1492
f 6921/1491 6953/1487 6905/1493
f 6921/1491 6905/1493 6887/1492
f 6905/1493 6953/1487 6854/1494
f 6974/1486 6887/1492 6932/1495
f 6932/1495 6887/1492 6905/1493
f 6974/1486 6932/1495 6922/1485
f 6932/1495 6905/1493 6854/1494
f 6932/1495 6854/1494 6767/1496
f 6932/1495 6767/1496 6922/1485
f 6782/1497 6847/1490 6922/1485
f 6782/1497 6922/1485 6767/1496
f 6847/1490 6782/1497 6639/1498
f 6639/1498 6782/1497 6369/1499
f 6782/1497 6767/1496 6670/1500
f 6782/1497 6670/1500 6369/1499
f 6670/1500 6767/1496 6514/1501
f 6369/1499 6670/1500 6194/1502
f 6194/1502 6670/1500 6514/1501
f 6369/1499 6194/1502 5999/1503
f 5999/1503 6194/1502 5985/1504
f 5985/1504 6194/1502 6514/1501
f 6514/1501 6767/1496 6420/1505
f 5985/1504 6514/1501 6103/1506
f 6103/1506 6514/1501 6420/1505
f 6103/1506 6420/1505 6196/1507
f 3993/1508 3985/1509 4038/1510
f 4038/1510 3985/1509 4002/1511
f 3993/1508 4038/1510 4017/1512
f 3993/1508 4017/1512 4020/1513
f 4020/1513 4017/1512 4022/1514
f 4020/1513 4022/1514 4029/1515
f 4029/1515 4022/1514 4031/1516
f 4031/1516 4022/1514 4115/1517
f 4022/1514 4017/1512 4018/1518
f 4022/1514 4018/1518 4115/1517
f 4018/1518 4017/1512 4034/1519
f 4034/1519 4017/1512 4038/1510
f 4115/1517 4018/1518 4391/1520
f 4115/1517 4391/1520 4031/1516
f 4391/1520 4018/1518 4034/1519
f 4031/1516 4391/1520 4243/1521
f 4391/1520 4034/1519 4246/1522
f 4391/1520 4246/1522 4701/1523
f 4034/1519 4038/1510 4032/1524
f 4034/1519 4032/1524 4156/1525
f 4156/1525 4032/1524 4038/1510
f 4034/1519 4156/1525 4246/1522
f 4156/1525 4038/1510 4184/1526
f 4156/1525 4184/1526 4241/1527
f 4156/1525 4241/1527 4246/1522
f 4241/1527 4184/1526 4200/1528
f 4241/1527 4200/1528 4246/1522
f 4200/1528 4184/1526 4038/1510
f 4246/1522 4200/1528 4333/1529
f 4246/1522 4333/1529 4411/1530
f 4246/1522 4411/1530 4701/1523
f 4333/1529 4200/1528 4378/1531
f 4200/1528 4038/1510 4261/1532
f 4200/1528 4261/1532 4378/1531
f 4333/1529 4378/1531 4410/1533
f 4333/1529 4410/1533 4411/1530
f 4410/1533 4378/1531 4481/1534
f 4411/1530 4410/1533 4510/1535
f 4510/1535 4410/1533 4481/1534
f 4411/1530 4510/1535 4547/1536
f 4510/1535 4481/1534 4534/1537
f 4510/1535 4534/1537 4547/1536
f 4481/1534 4378/1531 4463/1538
f 4481/1534 4463/1538 4534/1537
f 4463/1538 4378/1531 4261/1532
f 4411/1530 4547/1536 4546/1539
f 4546/1539 4547/1536 4534/1537
f 4411/1530 4546/1539 4701/1523
f 4546/1539 4534/1537 4662/1540
f 4534/1537 4463/1538 4606/1541
f 4534/1537 4606/1541 4662/1540
f 4606/1541 4463/1538 4712/1542
f 4712/1542 4463/1538 4261/1532
f 4662/1540 4606/1541 4750/1543
f 4750/1543 4606/1541 4712/1542
f 4546/1539 4662/1540 4727/1544
f 4546/1539 4727/1544 4701/1523
f 4662/1540 4750/1543 4780/1545
f 4662/1540 4780/1545 4718/1546
f 4662/1540 4718/1546 4727/1544
f 4718/1546 4780/1545 4838/1547
f 4718/1546 4838/1547 4727/1544
f 4838/1547 4780/1545 4869/1548
f 4838/1547 4869/1548 4727/1544
f 4780/1545 4750/1543 4851/1549
f 4780/1545 4851/1549 4869/1548
f 4727/1544 4869/1548 4830/1550
f 4727/1544 4830/1550 4701/1523
f 4869/1548 4851/1549 4882/1551
f 4869/1548 4882/1551 4830/1550
f 4851/1549 4750/1543 5095/1552
f 5095/1552 4750/1543 4712/1542
f 4882/1551 4851/1549 4976/1553
f 4976/1553 4851/1549 5095/1552
f 4889/1554 4947/1555 4701/1523
f 4889/1554 4701/1523 4760/1556
f 4882/1551 4976/1553 5009/1557
f 4882/1551 5009/1557 4830/1550
f 4760/1556 4701/1523 4755/1558
f 4755/1558 4701/1523 4830/1550
f 4760/1556 4755/1558 4759/1559
f 4760/1556 4759/1559 4862/1560
f 4862/1560 4759/1559 4755/1558
f 4862/1560 4755/1558 4947/1561
f 4947/1561 4755/1558 4830/1550
f 4947/1561 4830/1550 5172/1562
f 5172/1562 4830/1550 5009/1557
f 5172/1562 5009/1557 5067/1563
f 5067/1563 5009/1557 4976/1553
f 5172/1562 5067/1563 5185/1564
f 5067/1563 4976/1553 5123/1565
f 5067/1563 5123/1565 5185/1564
f 5123/1565 4976/1553 5095/1552
f 5185/1564 5123/1565 5202/1566
f 5202/1566 5123/1565 5095/1552
f 5185/1564 5202/1566 5209/1567
f 5209/1567 5202/1566 5268/1568
f 5268/1568 5202/1566 5095/1552
f 5313/1569 5308/1570 5268/1568
f 5313/1569 5268/1568 5095/1552
f 5351/1571 5428/1572 5313/1569
f 5428/1572 5351/1571 5443/1573
f 5443/1573 5351/1571 5440/1574
f 5351/1571 5313/1569 5305/1575
f 5440/1574 5351/1571 5348/1576
f 5351/1571 5305/1575 5307/1577
f 5351/1571 5307/1577 5348/1576
f 5440/1574 5348/1576 5318/1578
f 5318/1578 5348/1576 5307/1577
f 5440/1574 5318/1578 5485/1579
f 5307/1577 5305/1575 5300/1580
f 5300/1580 5305/1575 5313/1569
f 5307/1577 5300/1580 5318/1578
f 5300/1580 5313/1569 5251/1581
f 5251/1581 5313/1569 5095/1552
f 5300/1580 5251/1581 5272/1582
f 5300/1580 5272/1582 5318/1578
f 5272/1582 5251/1581 5237/1583
f 5318/1578 5272/1582 5256/1584
f 5256/1584 5272/1582 5237/1583
f 5237/1583 5251/1581 5227/1585
f 5227/1585 5251/1581 5095/1552
f 5256/1584 5237/1583 5236/1586
f 5318/1578 5256/1584 5017/1587
f 5017/1587 5256/1584 5236/1586
f 5236/1586 5237/1583 5231/1588
f 5231/1588 5237/1583 5227/1585
f 5236/1586 5231/1588 5017/1587
f 5227/1585 5095/1552 5085/1589
f 5227/1585 5085/1589 5231/1588
f 5231/1588 5085/1589 5103/1590
f 5231/1588 5103/1590 5017/1587
f 5103/1590 5085/1589 4920/1591
f 5103/1590 4920/1591 4905/1592
f 5103/1590 4905/1592 5017/1587
f 4920/1591 5085/1589 4942/1593
f 4942/1593 5085/1589 5095/1552
f 4920/1591 4942/1593 4905/1592
f 4942/1593 5095/1552 4871/1594
f 4942/1593 4871/1594 4905/1592
f 4871/1594 5095/1552 4712/1542
f 4905/1592 4871/1594 4735/1595
f 4735/1595 4871/1594 4712/1542
f 4905/1592 4735/1595 4754/1596
f 4905/1592 4754/1596 5017/1587
f 4754/1596 4735/1595 4736/1597
f 4736/1597 4735/1595 4712/1542
f 5017/1587 4754/1596 4579/1598
f 4754/1596 4736/1597 4738/1599
f 4754/1596 4738/1599 4579/1598
f 4738/1599 4736/1597 4612/1600
f 4612/1600 4736/1597 4712/1542
f 4738/1599 4612/1600 4584/1601
f 4738/1599 4584/1601 4579/1598
f 4584/1601 4612/1600 4451/1602
f 4584/1601 4451/1602 4579/1598
f 4451/1602 4612/1600 4449/1603
f 4449/1603 4612/1600 4712/1542
f 4451/1602 4449/1603 4439/1604
f 4449/1603 4712/1542 4392/1605
f 4449/1603 4392/1605 4439/1604
f 4451/1602 4439/1604 4447/1606
f 4451/1602 4447/1606 4579/1598
f 4447/1606 4439/1604 4392/1605
f 4392/1605 4712/1542 4261/1532
f 4579/1598 4447/1606 4205/1607
f 4392/1605 4261/1532 4267/1608
f 4447/1606 4392/1605 4288/1609
f 4288/1609 4392/1605 4267/1608
f 4447/1606 4288/1609 4205/1607
f 4267/1608 4261/1532 4268/1610
f 4267/1608 4268/1610 4288/1609
f 4268/1610 4261/1532 4102/1611
f 4102/1611 4261/1532 4038/1510
f 4102/1611 4038/1510 4002/1511
f 4288/1609 4268/1610 4150/1612
f 4150/1612 4268/1610 4102/1611
f 4288/1609 4150/1612 4205/1607
f 4150/1612 4102/1611 4004/1613
f 4004/1613 4102/1611 4002/1511
f 4150/1612 4004/1613 4205/1607
f 4353/1614 4579/1598 4205/1607
f 4579/1598 4353/1614 5017/1587
f 4205/1607 4004/1613 3999/1615
f 4004/1613 4002/1511 3998/1616
f 3998/1616 4002/1511 4054/1617
f 3999/1615 4004/1613 3994/1618
f 4205/1607 3999/1615 4003/1619
f 4003/1619 3999/1615 3994/1618
f 4205/1607 4003/1619 4353/1614
f 4004/1613 3998/1616 3992/1620
f 4004/1613 3992/1620 3994/1618
f 4003/1619 3994/1618 3997/1621
f 5087/1622 5017/1587 4353/1614
f 5017/1587 5087/1622 5318/1578
f 5318/1578 5087/1622 5358/1623
f 5358/1623 5087/1622 5298/1624
f 4003/1619 3997/1621 4089/1625
f 4003/1619 4089/1625 4353/1614
f 3997/1621 3994/1618 3990/1626
f 3997/1621 3990/1626 4089/1625
f 5298/1624 5087/1622 5069/1627
f 3990/1626 3994/1618 3972/1628
f 3972/1628 3994/1618 3992/1620
f 4475/1629 5087/1622 4353/1614
f 5087/1622 4475/1629 5069/1627
f 4475/1629 4353/1614 4089/1625
f 5298/1624 5069/1627 4872/1630
f 4872/1630 5069/1627 4475/1629
s 0
f 5298/1624 4872/1630 5278/1631
f 5278/1631 4872/1630 5234/1632
s 1
f 5234/1632 4872/1630 4785/1633
f 4717/1634 4961/1635 4785/1633
f 4717/1634 4785/1633 4589/1636
f 4589/1636 4785/1633 4872/1630
s 0
f 4872/1630 4475/1629 4189/1637
s 1
f 4872/1630 4189/1637 4589/1636
s 0
f 4189/1637 4475/1629 4089/1625
s 1
f 4589/1636 4189/1637 4297/1638
f 4222/1639 4297/1638 4144/1640
f 4144/1640 4297/1638 4189/1637
f 4144/1640 4189/1637 3978/1641
f 3978/1641 4189/1637 3962/1642
f 3962/1642 4189/1637 3707/1643
s 0
f 4189/1637 4089/1625 3626/1644
s 1
f 4189/1637 3626/1644 3707/1643
f 143/1645 3707/1643 41/1646
f 41/1646 3707/1643 3626/1644
f 41/1646 3626/1644 313/1647
f 3626/1644 4089/1625 3908/1648
f 3908/1648 4089/1625 3990/1626
f 3908/1648 3990/1626 3972/1628
f 313/1647 3626/1644 3507/1649
f 313/1647 3507/1649 256/1650
f 256/1650 3507/1649 155/1651
f 3507/1649 3626/1644 3848/1652
f 3626/1644 3908/1648 3876/1653
f 3626/1644 3876/1653 3848/1652
f 3507/1649 3848/1652 3628/1654
f 3507/1649 3628/1654 155/1651
f 3848/1652 3876/1653 3879/1655
f 3848/1652 3879/1655 3628/1654
f 3876/1653 3908/1648 3883/1656
f 3876/1653 3883/1656 3879/1655
f 3883/1656 3908/1648 3882/1657
f 3882/1657 3908/1648 3972/1628
f 3879/1655 3883/1656 3881/1658
f 3879/1655 3881/1658 3628/1654
f 3883/1656 3882/1657 3885/1659
f 3883/1656 3885/1659 3881/1658
f 3882/1657 3972/1628 3950/1660
f 3882/1657 3950/1660 3885/1659
f 3950/1660 3972/1628 3992/1620
f 3885/1659 3950/1660 3934/1661
f 3934/1661 3950/1660 3992/1620
f 3881/1658 3885/1659 3851/1662
f 3650/1663 3628/1654 3881/1658
f 3650/1663 3881/1658 3851/1662
f 3628/1654 3650/1663 155/1651
f 155/1651 3650/1663 3394/1664
f 155/1651 3394/1664 102/1665
f 155/1651 102/1665 259/1666
f 259/1666 102/1665 293/1667
f 293/1667 102/1665 3394/1664
f 293/1667 3394/1664 2/1668
f 293/1667 2/1668 172/1669
f 3394/1664 3650/1663 3692/1670
f 3692/1670 3650/1663 3851/1662
f 3394/1664 3692/1670 3674/1671
f 3394/1664 3674/1671 2/1668
f 3692/1670 3851/1662 3807/1672
f 3692/1670 3807/1672 3674/1671
f 172/1669 2/1668 80/1673
f 172/1669 80/1673 167/1674
f 167/1674 80/1673 84/1675
f 167/1674 84/1675 130/1676
f 130/1676 84/1675 70/1677
f 70/1677 84/1675 4/1678
f 70/1677 4/1678 3403/1679
f 3403/1679 4/1678 3474/1680
f 4/1678 84/1675 3408/1681
f 4/1678 3408/1681 3474/1680
f 3408/1681 84/1675 80/1673
f 3474/1680 3408/1681 3502/1682
f 3408/1681 80/1673 3419/1683
f 3419/1683 80/1673 2/1668
f 3408/1681 3419/1683 3502/1682
f 3419/1683 2/1668 3574/1684
f 3419/1683 3574/1684 3502/1682
f 3574/1684 2/1668 3674/1671
f 3502/1682 3574/1684 3594/1685
f 3502/1682 3594/1685 3584/1686
f 3584/1686 3594/1685 3574/1684
f 3584/1686 3574/1684 3674/1671
f 3502/1682 3584/1686 3571/1687
f 3571/1687 3584/1686 3674/1671
f 3571/1687 3674/1671 3718/1688
f 3718/1688 3674/1671 3858/1689
f 3718/1688 3858/1689 3897/1690
f 3858/1689 3674/1671 3807/1672
f 3897/1690 3858/1689 3928/1691
f 3928/1691 3858/1689 3807/1672
f 3897/1690 3928/1691 4054/1617
f 4054/1617 3928/1691 4057/1692
f 4054/1617 4057/1692 3998/1616
f 3928/1691 3807/1672 3886/1693
f 3928/1691 3886/1693 4057/1692
f 3998/1616 4057/1692 4044/1694
f 3998/1616 4044/1694 3992/1620
f 3992/1620 4044/1694 3934/1661
f 4044/1694 4057/1692 4075/1695
f 3886/1693 3807/1672 3786/1696
f 3786/1696 3807/1672 3851/1662
f 4057/1692 3886/1693 3980/1697
f 4057/1692 3980/1697 4075/1695
f 4044/1694 4075/1695 3960/1698
f 3960/1698 4075/1695 3980/1697
f 4044/1694 3960/1698 3934/1661
f 3980/1697 3886/1693 3907/1699
f 3907/1699 3886/1693 3786/1696
f 3980/1697 3907/1699 3960/1698
f 3960/1698 3907/1699 3793/1700
f 3793/1700 3907/1699 3786/1696
f 3960/1698 3793/1700 3934/1661
f 3793/1700 3786/1696 3867/1701
f 3793/1700 3867/1701 3934/1661
f 3867/1701 3786/1696 3851/1662
f 3934/1661 3867/1701 3885/1659
f 3885/1659 3867/1701 3851/1662
f 3361/1702 3298/1703 3306/1704
f 3361/1702 3306/1704 3355/1705
f 3355/1705 3306/1704 3319/1706
f 3319/1706 3306/1704 3298/1703
f 3361/1702 3355/1705 3360/1707
f 3319/1706 3298/1703 3283/1708
f 3360/1707 3355/1705 3329/1709
f 3347/1710 3329/1709 3337/1711
f 3329/1709 3347/1710 3360/1707
f 3360/1707 3347/1710 3359/1712
f 3363/1713 3298/1703 3361/1702
f 3363/1713 3361/1702 3360/1707
f 3360/1707 3359/1712 3350/1714
f 3360/1707 3350/1714 3363/1713
f 3350/1714 3359/1712 3338/1715
f 3298/1703 3363/1713 3321/1716
f 3321/1716 3363/1713 3350/1714
f 3350/1714 3338/1715 3268/1717
f 3298/1703 3321/1716 3234/1718
f 3298/1703 3234/1718 3283/1708
f 3321/1716 3350/1714 3328/1719
f 3321/1716 3328/1719 3234/1718
f 3350/1714 3268/1717 3310/1720
f 3350/1714 3310/1720 3328/1719
f 3328/1719 3310/1720 3302/1721
f 3328/1719 3302/1721 3234/1718
f 3283/1708 3234/1718 3058/1722
f 3191/1723 3150/1724 3268/1717
f 3310/1720 3268/1717 3092/1725
f 3092/1725 3268/1717 3150/1724
f 3310/1720 3092/1725 3302/1721
f 3092/1725 3150/1724 3010/1726
f 3092/1725 3010/1726 2930/1727
f 3302/1721 3092/1725 3281/1728
f 3092/1725 2930/1727 2922/1729
f 3281/1728 3092/1725 3134/1730
f 3302/1721 3281/1728 3210/1731
f 3210/1731 3281/1728 3134/1730
f 3302/1721 3210/1731 3193/1732
f 3302/1721 3193/1732 3234/1718
f 3193/1732 3210/1731 3065/1733
f 3065/1733 3210/1731 3134/1730
f 3234/1718 3193/1732 3032/1734
f 3032/1734 3193/1732 3065/1733
f 3234/1718 3032/1734 3058/1722
f 3008/1735 3134/1730 3092/1725
f 3008/1735 3092/1725 2922/1729
f 3065/1733 3134/1730 2993/1736
f 3065/1733 2993/1736 3032/1734
f 2993/1736 3134/1730 3024/1737
f 3024/1737 3134/1730 3008/1735
f 3024/1737 3008/1735 2993/1736
f 2993/1736 3008/1735 3032/1734
f 3032/1734 3008/1735 2915/1738
f 3032/1734 2915/1738 3058/1722
f 2915/1738 3008/1735 2922/1729
f 2476/1739 2922/1729 2930/1727
f 2476/1739 2930/1727 2812/1740
f 2476/1739 2812/1740 2521/1741
f 2922/1729 2476/1739 2715/1742
f 2915/1738 2922/1729 2923/1743
f 2923/1743 2922/1729 2715/1742
f 2923/1743 2715/1742 2718/1744
f 2923/1743 2718/1744 2727/1745
f 2923/1743 2727/1745 2915/1738
f 2718/1744 2715/1742 2505/1746
f 2718/1744 2505/1746 2727/1745
f 2449/1747 2715/1742 2476/1739
f 2715/1742 2449/1747 2505/1746
f 2449/1747 2476/1739 2423/1748
f 2423/1748 2476/1739 2200/1749
f 2505/1746 2449/1747 2446/1750
f 2446/1750 2449/1747 2423/1748
f 2446/1750 2423/1748 2200/1749
f 2505/1746 2446/1750 2727/1745
f 2446/1750 2200/1749 2210/1751
f 2446/1750 2210/1751 2178/1752
f 2446/1750 2178/1752 2727/1745
f 2727/1745 2178/1752 2915/1738
f 2915/1738 2178/1752 2578/1753
f 2578/1753 2178/1752 2148/1754
f 2915/1738 2578/1753 2925/1755
f 2915/1738 2925/1755 3058/1722
f 2578/1753 2148/1754 2225/1756
f 2225/1756 2148/1754 2099/1757
f 2225/1756 2099/1757 2249/1758
f 2249/1758 2099/1757 2233/1759
f 2578/1753 2225/1756 2758/1760
f 2758/1760 2225/1756 2249/1758
f 2578/1753 2758/1760 2925/1755
f 2758/1760 2249/1758 2802/1761
f 2957/1762 3058/1722 2925/1755
f 2957/1762 2925/1755 2758/1760
f 2957/1762 2758/1760 2802/1761
f 3058/1722 2957/1762 3026/1763
f 2957/1762 2802/1761 2913/1764
f 2957/1762 2913/1764 3026/1763
f 3026/1763 2913/1764 3007/1765
f 1236/1766 1104/1767 998/1768
f 998/1768 1104/1767 1051/1769
f 1236/1766 998/1768 1141/1770
f 1236/1766 1141/1770 1334/1771
f 1380/1772 1415/1773 1334/1771
f 1380/1772 1334/1771 1325/1774
f 1325/1774 1334/1771 1141/1770
f 1380/1772 1325/1774 1439/1775
f 1380/1772 1439/1775 1482/1776
f 1482/1776 1439/1775 1507/1777
f 1507/1777 1439/1775 1565/1778
f 1565/1778 1439/1775 1582/1779
f 1582/1779 1439/1775 1480/1780
f 1582/1779 1480/1780 1642/1781
f 1439/1775 1325/1774 1202/1782
f 1439/1775 1202/1782 1480/1780
f 1202/1782 1325/1774 1197/1783
f 1197/1783 1325/1774 1141/1770
f 1480/1780 1202/1782 1235/1784
f 1202/1782 1197/1783 1157/1785
f 1157/1785 1197/1783 1141/1770
f 1480/1780 1235/1784 1469/1786
f 1202/1782 1157/1785 1124/1787
f 1157/1785 1141/1770 1075/1788
f 1157/1785 1075/1788 1124/1787
f 1075/1788 1141/1770 1039/1789
f 1202/1782 1124/1787 1114/1790
f 1202/1782 1114/1790 1235/1784
f 1124/1787 1075/1788 1061/1791
f 1124/1787 1061/1791 1114/1790
f 1061/1791 1075/1788 1039/1789
f 1039/1789 1141/1770 998/1768
f 1061/1791 1039/1789 967/1792
f 1061/1791 967/1792 1114/1790
f 1235/1784 1114/1790 1205/1793
f 1235/1784 1205/1793 1195/1794
f 1205/1793 1114/1790 1122/1795
f 1205/1793 1122/1795 1195/1794
f 1235/1784 1195/1794 1136/1796
f 1136/1796 1195/1794 1122/1795
f 1136/1796 1122/1795 1114/1790
f 1235/1784 1136/1796 1469/1786
f 1136/1796 1114/1790 956/1797
f 1136/1796 956/1797 1469/1786
f 956/1797 1114/1790 967/1792
s 0
f 1469/1786 956/1797 697/1798
s 1
f 697/1798 956/1797 967/1792
f 1469/1786 697/1798 727/1799
f 954/1800 967/1792 1039/1789
f 954/1800 1039/1789 934/1801
f 934/1801 1039/1789 998/1768
f 967/1792 954/1800 933/1802
f 967/1792 933/1802 748/1803
f 967/1792 748/1803 697/1798
f 933/1802 954/1800 903/1804
f 903/1804 954/1800 934/1801
f 933/1802 903/1804 778/1805
f 933/1802 778/1805 748/1803
f 903/1804 934/1801 805/1806
f 903/1804 805/1806 778/1805
f 805/1806 934/1801 998/1768
f 748/1803 778/1805 758/1807
f 758/1807 778/1805 805/1806
f 748/1803 758/1807 712/1808
f 712/1808 758/1807 805/1806
f 805/1806 998/1768 690/1809
f 805/1806 690/1809 712/1808
f 748/1803 712/1808 677/1810
f 748/1803 677/1810 697/1798
f 677/1810 712/1808 679/1811
f 679/1811 712/1808 629/1812
f 629/1812 712/1808 690/1809
f 677/1810 679/1811 642/1813
f 642/1813 679/1811 629/1812
f 697/1798 677/1810 562/1814
f 562/1814 677/1810 642/1813
f 697/1798 562/1814 553/1815
f 697/1798 553/1815 727/1799
f 727/1799 553/1815 561/1816
f 562/1814 642/1813 566/1817
f 566/1817 642/1813 629/1812
f 553/1815 562/1814 548/1818
f 548/1818 562/1814 566/1817
f 561/1816 553/1815 551/1819
f 551/1819 553/1815 548/1818
f 561/1816 551/1819 585/1820
f 585/1820 551/1819 549/1821
f 585/1820 549/1821 509/1822
f 549/1821 551/1819 548/1818
f 549/1821 548/1818 534/1823
f 534/1823 548/1818 532/1824
f 544/1825 548/1818 566/1817
f 544/1825 566/1817 629/1812
f 548/1818 544/1825 532/1824
f 544/1825 629/1812 538/1826
f 544/1825 538/1826 532/1824
f 538/1826 629/1812 690/1809
f 532/1824 538/1826 539/1827
f 539/1827 538/1826 690/1809
f 529/1828 568/1829 532/1824
f 529/1828 532/1824 539/1827
f 542/1830 529/1828 526/1831
f 526/1831 529/1828 539/1827
f 526/1831 539/1827 524/1832
f 526/1831 524/1832 521/1833
f 524/1832 539/1827 623/1834
f 524/1832 623/1834 521/1833
f 623/1834 539/1827 617/1835
f 617/1835 539/1827 648/1836
f 648/1836 539/1827 690/1809
f 623/1834 617/1835 706/1837
f 706/1837 617/1835 648/1836
f 648/1836 690/1809 702/1838
f 648/1836 702/1838 706/1837
f 706/1837 702/1838 705/1839
f 706/1837 705/1839 623/1834
f 702/1838 690/1809 709/1840
f 702/1838 709/1840 705/1839
f 623/1834 705/1839 693/1841
f 693/1841 705/1839 709/1840
f 623/1834 693/1841 521/1833
f 709/1840 690/1809 796/1842
f 796/1842 690/1809 998/1768
f 709/1840 796/1842 759/1843
f 709/1840 759/1843 693/1841
f 796/1842 998/1768 834/1844
f 834/1844 998/1768 1051/1769
f 759/1843 796/1842 837/1845
f 837/1845 796/1842 834/1844
f 834/1844 1051/1769 829/1846
f 834/1844 829/1846 837/1845
f 829/1846 1051/1769 1005/1847
f 759/1843 837/1845 840/1848
f 840/1848 837/1845 829/1846
f 759/1843 840/1848 693/1841
f 829/1846 1005/1847 926/1849
f 829/1846 926/1849 840/1848
f 840/1848 926/1849 693/1841
f 926/1849 1005/1847 1109/1850
f 926/1849 1109/1850 1494/1851
f 926/1849 1494/1851 1240/1852
f 926/1849 1240/1852 740/1853
f 926/1849 740/1853 693/1841
f 693/1841 740/1853 543/1854
f 693/1841 543/1854 521/1833
f 521/1833 543/1854 579/1855
f 521/1833 579/1855 518/1856
f 521/1833 518/1856 526/1831
f 518/1856 579/1855 504/1857
f 526/1831 518/1856 522/1858
f 518/1856 504/1857 496/1859
f 518/1856 496/1859 522/1858
f 522/1858 496/1859 482/1860
f 496/1859 504/1857 421/1861
f 482/1860 496/1859 427/1862
f 496/1859 421/1861 425/1863
f 496/1859 425/1863 427/1862
f 425/1863 421/1861 422/1864
f 425/1863 422/1864 427/1862
f 427/1862 422/1864 408/1865
f 422/1864 421/1861 418/1866
f 408/1865 422/1864 155/1867
f 155/1867 422/1864 418/1866
f 155/1867 418/1866 256/1868
f 5526/1869 5510/1870 5428/1871
f 5526/1869 5428/1871 5438/1872
f 5438/1872 5428/1871 5443/1873
f 5438/1872 5443/1873 5440/1874
f 5526/1869 5438/1872 5505/1875
f 5438/1872 5440/1874 5485/1876
f 5438/1872 5485/1876 5505/1875
f 5526/1869 5505/1875 5535/1877
f 5535/1877 5505/1875 5485/1876
f 5526/1869 5535/1877 5525/1878
f 5535/1877 5485/1876 5527/1879
f 5527/1879 5485/1876 5434/1880
f 5434/1880 5485/1876 5318/1881
f 5434/1880 5318/1881 5358/1882
f 5527/1879 5434/1880 5516/1883
f 5516/1883 5434/1880 5358/1882
f 5527/1879 5516/1883 5533/1884
f 5527/1879 5533/1884 5584/1885
f 5516/1883 5358/1882 5381/1886
f 5516/1883 5381/1886 5533/1884
f 5381/1886 5358/1882 5298/1887
f 5533/1884 5381/1886 5596/1888
s 0
f 5596/1888 5381/1886 5298/1887
s 1
f 5447/1889 5379/1890 5476/1891
f 5476/1891 5379/1890 5419/1892
f 5476/1891 5419/1892 5502/1893
f 5502/1893 5419/1892 5525/1894
f 5502/1893 5525/1894 5476/1891
f 5476/1891 5525/1894 5518/1895
f 5476/1891 5518/1895 5447/1889
f 5379/1890 5447/1889 5413/1896
f 5413/1896 5447/1889 5518/1895
f 5379/1890 5413/1896 5377/1897
f 5518/1895 5525/1894 5535/1898
f 5377/1897 5413/1896 5410/1899
f 5413/1896 5518/1895 5479/1900
f 5413/1896 5479/1900 5410/1899
f 5479/1900 5518/1895 5524/1901
f 5524/1901 5518/1895 5535/1898
f 5479/1900 5524/1901 5514/1902
f 5479/1900 5514/1902 5410/1899
f 5524/1901 5535/1898 5600/1903
f 5524/1901 5600/1903 5514/1902
f 5431/1904 5377/1897 5410/1899
f 5410/1899 5514/1902 5546/1905
f 5546/1905 5514/1902 5600/1903
f 5431/1904 5410/1899 5487/1906
f 5487/1906 5410/1899 5546/1905
f 5431/1904 5487/1906 5536/1907
f 5487/1906 5546/1905 5575/1908
f 5487/1906 5575/1908 5536/1907
f 5575/1908 5546/1905 5600/1903
f 5431/1904 5536/1907 5567/1909
f 5431/1904 5567/1909 5461/1910
f 5461/1910 5567/1909 5540/1911
f 5540/1911 5567/1909 5609/1912
f 5575/1908 5600/1903 5668/1913
f 5536/1907 5575/1908 5638/1914
f 5638/1914 5575/1908 5668/1913
f 5536/1907 5638/1914 5622/1915
f 5638/1914 5668/1913 5696/1916
f 5638/1914 5696/1916 5622/1915
f 5536/1907 5622/1915 5619/1917
f 5536/1907 5619/1917 5567/1909
f 5622/1915 5696/1916 5691/1918
f 5691/1918 5696/1916 5668/1913
f 5619/1917 5622/1915 5715/1919
f 5715/1919 5622/1915 5691/1918
f 5567/1909 5619/1917 5649/1920
f 5730/1921 5668/1913 5600/1903
f 5691/1918 5668/1913 5754/1922
f 5754/1922 5668/1913 5730/1921
f 5691/1918 5754/1922 5737/1923
f 5691/1918 5737/1923 5715/1919
f 5715/1919 5737/1923 5799/1924
f 5737/1923 5754/1922 5857/1925
f 5737/1923 5857/1925 5799/1924
f 5715/1919 5799/1924 5850/1926
f 5850/1926 5799/1924 5857/1925
f 5715/1919 5850/1926 5801/1927
f 5715/1919 5801/1927 5619/1917
f 5619/1917 5801/1927 5649/1920
f 5857/1925 5754/1922 5880/1928
f 5857/1925 5880/1928 6140/1929
f 5880/1928 5754/1922 5730/1921
f 6140/1929 5880/1928 5919/1930
f 5919/1930 5880/1928 5814/1931
f 5814/1931 5880/1928 5730/1921
f 5919/1930 5814/1931 5915/1932
f 5814/1931 5730/1921 5634/1933
f 5634/1933 5730/1921 5584/1934
f 5634/1933 5584/1934 5533/1935
f 5584/1934 5730/1921 5600/1903
f 5584/1934 5600/1903 5535/1898
f 5584/1934 5535/1898 5527/1936
f 6066/1937 5855/1938 5801/1927
f 5855/1938 6066/1937 5878/1939
f 5801/1927 5855/1938 5852/1940
f 5801/1927 5852/1940 5649/1920
f 5855/1938 5878/1939 5841/1941
f 5855/1938 5841/1941 5852/1940
f 5852/1940 5841/1941 5721/1942
f 5852/1940 5721/1942 5649/1920
f 5649/1920 5721/1942 5630/1943
f 5721/1942 5841/1941 5693/1944
f 5721/1942 5693/1944 5630/1943
f 5841/1941 5878/1939 5781/1945
f 5841/1941 5781/1945 5693/1944
f 5630/1943 5693/1944 5690/1946
f 5690/1946 5693/1944 5781/1945
f 5630/1943 5690/1946 5649/1920
f 5649/1920 5690/1946 5665/1947
f 5665/1947 5690/1946 5781/1945
f 5649/1920 5665/1947 5567/1909
f 5567/1909 5665/1947 5609/1912
f 5665/1947 5781/1945 5764/1948
f 5665/1947 5764/1948 5609/1912
f 5764/1948 5781/1945 5878/1939
f 5609/1912 5764/1948 5891/1949
f 5891/1949 5764/1948 5878/1939
f 4760/1950 4862/1951 4889/1952
f 4889/1952 4862/1951 4947/1953
f 5264/1954 5268/1955 5277/1956
f 5277/1956 5268/1955 5297/1957
f 1555/1958 1628/1959 1541/1960
f 1541/1960 1628/1959 1633/1961
f 1541/1960 1633/1961 1555/1958
f 1628/1959 1555/1958 1635/1962
f 1628/1959 1635/1962 1633/1961
f 1555/1958 1633/1961 1480/1963
f 1635/1962 1555/1958 1469/1964
f 1469/1964 1555/1958 1480/1963
f 1480/1963 1633/1961 1687/1965
f 1687/1965 1633/1961 1635/1962
f 1480/1963 1687/1965 1671/1966
f 1635/1962 1469/1964 1645/1967
f 1635/1962 1645/1967 1687/1965
f 1774/1968 1792/1969 1687/1965
f 1774/1968 1687/1965 1645/1967
f 1774/1968 1645/1967 1711/1970
f 1645/1967 1469/1964 1206/1971
f 1206/1971 1469/1964 727/1972
f 1711/1970 1645/1967 1566/1973
f 1566/1973 1645/1967 1206/1971
f 1711/1970 1566/1973 1662/1974
f 1711/1970 1662/1974 1690/1975
f 1690/1975 1662/1974 1620/1976
f 1620/1976 1662/1974 1481/1977
f 1481/1977 1662/1974 1566/1973
f 1620/1976 1481/1977 1366/1978
f 1366/1978 1481/1977 1161/1979
f 1481/1977 1566/1973 1034/1980
f 1481/1977 1034/1980 1161/1979
f 1034/1980 1566/1973 1206/1971
f 1366/1978 1161/1979 1035/1981
f 1035/1981 1161/1979 1034/1980
f 1366/1978 1035/1981 1088/1982
f 1088/1982 1035/1981 728/1082
f 728/1082 1035/1981 681/1089
f 681/1089 1035/1981 1034/1980
f 681/1089 1034/1980 1206/1971
f 681/1089 1206/1971 849/1983
f 849/1983 1206/1971 727/1972
f 681/1089 849/1983 711/1984
f 711/1984 849/1983 713/1985
f 681/1089 711/1984 660/1986
f 660/1986 711/1984 713/1985
f 660/1986 713/1985 849/1983
f 660/1986 849/1983 727/1972
f 681/1089 660/1986 561/1083
f 561/1083 660/1986 727/1972
f 3389/1987 3652/1988 3452/1989
f 3452/1989 3652/1988 3588/1990
f 3588/1990 3652/1988 3763/1991
f 3389/1987 3452/1989 125/1992
f 3389/1987 125/1992 226/1993
f 226/1993 125/1992 340/1994
f 125/1992 3452/1989 3438/1995
f 125/1992 3438/1995 340/1994
f 3438/1995 3452/1989 3588/1990
f 340/1994 3438/1995 196/1996
f 3588/1990 3763/1991 3654/1997
f 3588/1990 3654/1997 3438/1995
f 196/1996 3438/1995 3544/1998
f 3544/1998 3438/1995 3654/1997
f 196/1996 3544/1998 224/1999
f 3654/1997 3763/1991 4068/2000
f 3654/1997 4068/2000 3544/1998
f 4068/2000 3763/1991 4188/2001
f 4068/2000 4188/2001 4859/2002
f 224/1999 3544/1998 3661/2003
f 224/1999 3661/2003 3740/2004
f 224/1999 3740/2004 191/2005
f 3661/2003 3544/1998 4134/2006
f 3661/2003 4134/2006 3740/2004
f 4134/2006 3544/1998 4068/2000
f 3740/2004 4134/2006 4234/2007
f 4068/2000 4859/2002 4724/2008
f 4068/2000 4724/2008 4134/2006
f 4724/2008 4859/2002 5314/2009
f 5314/2009 4859/2002 5292/2010
f 4724/2008 5314/2009 5281/2011
f 4234/2007 4134/2006 4609/2012
f 4609/2012 4134/2006 4724/2008
f 4609/2012 4724/2008 5281/2011
f 4234/2007 4609/2012 4715/2013
s 0
f 4609/2012 5281/2011 5054/2014
s 1
f 4609/2012 5054/2014 4715/2013
f 4167/2015 4330/2016 4809/2017
f 4809/2017 4330/2016 4803/2018
f 4809/2017 4803/2018 5282/2019
f 5372/2020 5396/2021 5282/2019
f 5282/2019 5396/2021 4809/2017
s 0
f 4167/2015 4809/2017 4242/2022
f 4167/2015 4242/2022 3725/2023
f 4809/2017 5396/2021 5299/2024
f 4242/2022 4809/2017 4698/2025
f 4698/2025 4809/2017 5299/2024
f 5299/2024 5396/2021 5769/2026
f 4242/2022 4698/2025 4496/2027
f 3725/2023 4242/2022 3901/2028
f 3901/2028 4242/2022 4496/2027
f 3725/2023 3901/2028 3462/2029
f 3462/2029 3901/2028 3464/2030
f 4698/2025 5299/2024 5196/2031
f 4698/2025 5196/2031 4496/2027
f 178/2032 3464/2030 3663/2033
f 3663/2033 3464/2030 4283/2034
f 4283/2034 3464/2030 3901/2028
f 4283/2034 3901/2028 4496/2027
f 4283/2034 4496/2027 4767/2035
f 4767/2035 4496/2027 5196/2031
f 4283/2034 4767/2035 4765/2036
f 4765/2036 4767/2035 5220/2037
f 5220/2037 4767/2035 5196/2031
f 5220/2037 5196/2031 5359/2038
f 5220/2037 5359/2038 5406/2039
f 5406/2039 5359/2038 5776/2040
f 5359/2038 5196/2031 5586/2041
f 5359/2038 5586/2041 5776/2040
f 5586/2041 5196/2031 5299/2024
s 1
f 5776/2040 5586/2041 6043/2042
s 0
f 5586/2041 5299/2024 5769/2026
s 1
f 5586/2041 5769/2026 6043/2042
f 6043/2042 5769/2026 6098/2043
f 6098/2043 5769/2026 6121/2044
f 6121/2044 5769/2026 6591/2045
f 6591/2045 5769/2026 6740/2046
f 6591/2045 6740/2046 6823/2047
f 6823/2047 6740/2046 6964/2048
f 7015/2049 7038/2050 6982/2051
f 7038/2050 7015/2049 7142/2052
f 7015/2049 6982/2051 7009/2053
f 7009/2053 6982/2051 6953/2054
f 7038/2050 7142/2052 7123/2055
f 7123/2055 7142/2052 7167/2056
f 6982/2051 7038/2050 7041/2057
f 7041/2057 7038/2050 7123/2055
f 7123/2055 7167/2056 7141/2058
f 7123/2055 7141/2058 7041/2057
f 7141/2058 7167/2056 7152/2059
f 6982/2051 7041/2057 7026/2060
f 7026/2060 7041/2057 7141/2058
f 6927/2061 6953/2054 6982/2051
f 6927/2061 6982/2051 7026/2060
f 6953/2054 6927/2061 6854/2062
f 7026/2060 7141/2058 7120/2063
f 7141/2058 7152/2059 7136/2064
f 7141/2058 7136/2064 7120/2063
f 7026/2060 7120/2063 6992/2065
f 7026/2060 6992/2065 6927/2061
f 7120/2063 7136/2064 7036/2066
f 7120/2063 7036/2066 6992/2065
f 7136/2064 7152/2059 7068/2067
f 7136/2064 7068/2067 7036/2066
f 6992/2065 7036/2066 6966/2068
f 6992/2065 6966/2068 6927/2061
f 6966/2068 7036/2066 7068/2067
f 6927/2061 6966/2068 6930/2069
f 6930/2069 6966/2068 7068/2067
f 6829/2070 6854/2062 6927/2061
f 6829/2070 6927/2061 6930/2069
f 6854/2062 6829/2070 6767/2071
f 7046/2072 7068/2067 7152/2059
f 7046/2072 7152/2059 7149/2073
f 7046/2072 7149/2073 7113/2074
f 6930/2069 7068/2067 6968/2075
f 6968/2075 7068/2067 7046/2072
f 6930/2069 6968/2075 6917/2076
f 6917/2076 6968/2075 6861/2077
f 6930/2069 6917/2076 6821/2078
f 6821/2078 6917/2076 6861/2077
f 6930/2069 6821/2078 6829/2070
f 6861/2077 6968/2075 6883/2079
f 6861/2077 6883/2079 6821/2078
f 6883/2079 6968/2075 7046/2072
f 6829/2070 6821/2078 6781/2080
f 6781/2080 6821/2078 6883/2079
f 6663/2081 6767/2071 6829/2070
f 6663/2081 6829/2070 6781/2080
f 6767/2071 6663/2081 6420/2082
f 6420/2082 6663/2081 6434/2083
f 6434/2083 6663/2081 6436/2084
f 6663/2081 6781/2080 6716/2085
f 6716/2085 6781/2080 6765/2086
f 6663/2081 6716/2085 6722/2087
f 6722/2087 6716/2085 6765/2086
f 6765/2086 6781/2080 6809/2088
f 6809/2088 6781/2080 6883/2079
f 6765/2086 6809/2088 6722/2087
f 6809/2088 6883/2079 6855/2089
f 6855/2089 6883/2079 7046/2072
f 6722/2087 6809/2088 6773/2090
f 6773/2090 6809/2088 6855/2089
f 6551/2091 6663/2081 6722/2087
f 6663/2081 6551/2091 6436/2084
f 6551/2091 6722/2087 6577/2092
f 6577/2092 6722/2087 6773/2090
f 6551/2091 6577/2092 6523/2093
f 6436/2084 6551/2091 6286/2094
f 6286/2094 6551/2091 6523/2093
f 6523/2093 6577/2092 6329/2095
f 6523/2093 6329/2095 6286/2094
f 6329/2095 6577/2092 6284/2096
f 6284/2096 6577/2092 6773/2090
f 6284/2096 6773/2090 6066/2097
f 6284/2096 6066/2097 5801/2098
f 6329/2095 6284/2096 6149/2099
f 6149/2099 6284/2096 5801/2098
f 6329/2095 6149/2099 6286/2094
f 6149/2099 5801/2098 5850/2100
f 6286/2094 6149/2099 6146/2101
f 6146/2101 6149/2099 5850/2100
f 6146/2101 5850/2100 5887/2102
f 5887/2102 5850/2100 5857/2103
f 6286/2094 6146/2101 6179/2104
f 6179/2104 6146/2101 5887/2102
f 6179/2104 5887/2102 5857/2103
f 6286/2094 6179/2104 6436/2084
f 6179/2104 5857/2103 6140/2105
f 6179/2104 6140/2105 6436/2084
f 6947/2106 6773/2090 6855/2089
f 6947/2106 6855/2089 7046/2072
f 6773/2090 6947/2106 6828/2107
f 6773/2090 6828/2107 6787/2108
f 6947/2106 7046/2072 7082/2109
f 7082/2109 7046/2072 7113/2074
f 6828/2107 6947/2106 6912/2110
f 6912/2110 6947/2106 7082/2109
f 6787/2108 6828/2107 6789/2111
f 6789/2111 6828/2107 6912/2110
f 6787/2108 6789/2111 6893/2112
f 6893/2112 6789/2111 6912/2110
f 6787/2108 6893/2112 6874/2113
f 6787/2108 6874/2113 6965/2114
f 6893/2112 6912/2110 6995/2115
f 6995/2115 6912/2110 7082/2109
f 6874/2113 6893/2112 7007/2116
f 7007/2116 6893/2112 6995/2115
f 6874/2113 7007/2116 6965/2114
f 7007/2116 6995/2115 7082/2109
f 6965/2114 7007/2116 7113/2074
f 7113/2074 7007/2116 7082/2109
f 1621/2117 1158/2118 1475/2119
f 1475/2119 1158/2118 661/2120
f 1475/2119 661/2120 732/2121
f 732/2121 661/2120 340/2122
f 732/2121 340/2122 196/2123
f 1475/2119 732/2121 1305/2124
f 732/2121 196/2123 224/2125
f 732/2121 224/2125 647/2126
f 647/2126 224/2125 191/2127
f 1305/2124 732/2121 1045/2128
f 1045/2128 732/2121 647/2126
s 0
f 1305/2124 1045/2128 1437/2129
s 1
f 1045/2128 647/2126 932/2130
s 0
f 1437/2129 1045/2128 1345/2131
s 1
f 1345/2131 1045/2128 932/2130
f 1345/2131 932/2130 1364/2132
f 1825/2133 1621/2134 1475/2135
f 1825/2133 1475/2135 1670/2136
f 1825/2133 1670/2136 2022/2137
f 2022/2137 1670/2136 1638/2138
f 2022/2137 1638/2138 2216/2139
f 5415/2140 5683/2141 5819/2142
f 5415/2140 5819/2142 5554/2143
f 5554/2143 5819/2142 5748/2144
f 5748/2144 5819/2142 5802/2145
f 5748/2144 5802/2145 5727/2146
f 5554/2143 5748/2144 5414/2147
f 5554/2143 5414/2147 5281/2148
f 1670/2149 1475/2150 1638/2151
f 1638/2151 1475/2150 1305/2152
f 1638/2151 1305/2152 1437/2153
f 1638/2151 1437/2153 1610/2154
f 1610/2154 1437/2153 1667/2155
f 1610/2154 1667/2155 1638/2151
f 1667/2155 1437/2153 1345/2156
f 2216/2157 1638/2151 1928/2158
f 1928/2158 1638/2151 1667/2155
s 0
f 1667/2155 1345/2156 1648/2159
s 1
f 1648/2159 1345/2156 1364/2160
f 1928/2158 1667/2155 2135/2161
f 1928/2158 2135/2161 2188/2162
f 2188/2162 2135/2161 2182/2163
f 2135/2161 1667/2155 1963/2164
f 1963/2164 1667/2155 1648/2159
f 2135/2161 1963/2164 2182/2163
f 1963/2164 1648/2159 1878/2165
f 2182/2163 1963/2164 2179/2166
f 5292/2167 5415/2168 5314/2169
f 5415/2168 5292/2167 5683/2170
f 5314/2169 5415/2168 5554/2171
f 5314/2169 5554/2171 5281/2172
f 6420/2173 6434/2174 6428/2175
f 6428/2175 6434/2174 6436/2176
f 6420/2173 6428/2175 6350/2177
f 6420/2173 6350/2177 6196/2178
f 6196/2178 6350/2177 6103/2179
f 6428/2175 6436/2176 6292/2180
f 6292/2180 6436/2176 6140/2181
f 6292/2180 6140/2181 5997/2182
f 5997/2182 6140/2181 5919/2183
f 6292/2180 5997/2182 6317/2184
f 6292/2180 6317/2184 6428/2175
f 5997/2182 5919/2183 5941/2185
f 6317/2184 5997/2182 5984/2186
f 5984/2186 5997/2182 5941/2185
f 5941/2185 5919/2183 5932/2187
f 5941/2185 5932/2187 5984/2186
f 5932/2187 5919/2183 5915/2188
f 5932/2187 5915/2188 5933/2189
f 5932/2187 5933/2189 5928/2190
f 6317/2184 5984/2186 6192/2191
f 6317/2184 6192/2191 6428/2175
f 5984/2186 5932/2187 5935/2192
f 5984/2186 5935/2192 6192/2191
f 5932/2187 5928/2190 5940/2193
f 5932/2187 5940/2193 5935/2192
f 5940/2193 5928/2190 5926/2194
f 5935/2192 5940/2193 5943/2195
f 6192/2191 5935/2192 6229/2196
f 6229/2196 5935/2192 5943/2195
f 6192/2191 6229/2196 6421/2197
f 6192/2191 6421/2197 6428/2175
f 6229/2196 5943/2195 6028/2198
f 6028/2198 5943/2195 5940/2193
f 6421/2197 6229/2196 6318/2199
f 6318/2199 6229/2196 6028/2198
f 6428/2175 6421/2197 6429/2200
f 6421/2197 6318/2199 6392/2201
f 6421/2197 6392/2201 6429/2200
f 6318/2199 6028/2198 6239/2202
f 6318/2199 6239/2202 6392/2201
f 6239/2202 6028/2198 6006/2203
f 6006/2203 6028/2198 5940/2193
f 6239/2202 6006/2203 5998/2204
f 5998/2204 6006/2203 5940/2193
f 6239/2202 5998/2204 6298/2205
f 6239/2202 6298/2205 6392/2201
f 6298/2205 5998/2204 6202/2206
f 6392/2201 6298/2205 6385/2207
f 6385/2207 6298/2205 6202/2206
f 6392/2201 6385/2207 6429/2200
f 6202/2206 5998/2204 6122/2208
f 6122/2208 5998/2204 5940/2193
f 6202/2206 6122/2208 6385/2207
f 6385/2207 6122/2208 6386/2209
f 6385/2207 6386/2209 6429/2200
f 6122/2208 5940/2193 5936/2210
f 5936/2210 5940/2193 5926/2194
f 6122/2208 5936/2210 6203/2211
f 6122/2208 6203/2211 6386/2209
f 5936/2210 5926/2194 5992/2212
f 5936/2210 5992/2212 6203/2211
f 5992/2212 5926/2194 6151/2213
f 5992/2212 6151/2213 6300/2214
f 5992/2212 6300/2214 6203/2211
f 6300/2214 6151/2213 6376/2215
f 6386/2209 6203/2211 6404/2216
f 6404/2216 6203/2211 6300/2214
f 6300/2214 6376/2215 6413/2217
f 6300/2214 6413/2217 6404/2216
f 6413/2217 6376/2215 6381/2218
f 6404/2216 6413/2217 6386/2209
f 6386/2209 6413/2217 6426/2219
f 6386/2209 6426/2219 6429/2200
f 6426/2219 6413/2217 6335/2220
f 6335/2220 6413/2217 6368/2221
f 6335/2220 6368/2221 6167/2222
f 6335/2220 6167/2222 6195/2223
f 6195/2223 6167/2222 6088/2224
f 6088/2224 6167/2222 6020/2225
f 6335/2220 6195/2223 6304/2226
f 6304/2226 6195/2223 6088/2224
f 6335/2220 6304/2226 6426/2219
f 6088/2224 6020/2225 6137/2227
f 6088/2224 6137/2227 6304/2226
f 6426/2219 6304/2226 6279/2228
f 6279/2228 6304/2226 6137/2227
f 6279/2228 6137/2227 6004/2229
f 6004/2229 6137/2227 5947/2230
f 6426/2219 6279/2228 6324/2231
f 6004/2229 5947/2230 5952/2232
f 6324/2231 6279/2228 6090/2233
f 6090/2233 6279/2228 6004/2229
f 6426/2219 6324/2231 6311/2234
f 6324/2231 6090/2233 6048/2235
f 6324/2231 6048/2235 6311/2234
f 6048/2235 6090/2233 6062/2236
f 6048/2235 6062/2236 6311/2234
f 6062/2236 6090/2233 6004/2229
f 6426/2219 6311/2234 6429/2200
f 6062/2236 6004/2229 6086/2237
f 6062/2236 6086/2237 6311/2234
f 6429/2200 6311/2234 6365/2238
f 6365/2238 6311/2234 6086/2237
f 6429/2200 6365/2238 6427/2239
f 6429/2200 6427/2239 6428/2175
f 6365/2238 6086/2237 6226/2240
f 6086/2237 6004/2229 6063/2241
f 6086/2237 6063/2241 6226/2240
f 6427/2239 6365/2238 6255/2242
f 6255/2242 6365/2238 6226/2240
f 6428/2175 6427/2239 6399/2243
f 6428/2175 6399/2243 6350/2177
f 6427/2239 6255/2242 6166/2244
f 6427/2239 6166/2244 6399/2243
f 6255/2242 6226/2240 6029/2245
f 6255/2242 6029/2245 6166/2244
f 6029/2245 6226/2240 6063/2241
f 6399/2243 6166/2244 6257/2246
f 6350/2177 6399/2243 6232/2247
f 6232/2247 6399/2243 6257/2246
f 6350/2177 6232/2247 6103/2179
f 6257/2246 6166/2244 6024/2248
f 6024/2248 6166/2244 6029/2245
f 6257/2246 6024/2248 6232/2247
f 6024/2248 6029/2245 6063/2241
f 6232/2247 6024/2248 6067/2249
f 6232/2247 6067/2249 6103/2179
f 6067/2249 6024/2248 6063/2241
f 6103/2179 6067/2249 5988/2250
f 6103/2179 5988/2250 5985/2251
f 6067/2249 6063/2241 5964/2252
f 6067/2249 5964/2252 5988/2250
f 5988/2250 5964/2252 5985/2251
f 5964/2252 6063/2241 6004/2229
f 5985/2251 5964/2252 5999/2253
f 5964/2252 6004/2229 5952/2232
f 5999/2253 5964/2252 5965/2254
f 5999/2253 5965/2254 6038/2255
f 6038/2255 5965/2254 5956/2256
f 5965/2254 5964/2252 5989/2257
f 5989/2257 5964/2252 5952/2232
f 5965/2254 5989/2257 5972/2258
f 5989/2257 5952/2232 6157/2259
f 5989/2257 6157/2259 5972/2258
f 5972/2258 6157/2259 5952/2232
f 6422/2260 6720/2261 6644/2262
f 6720/2261 6422/2260 6463/2263
f 6720/2261 6463/2263 6750/2264
f 6720/2261 6750/2264 6644/2262
f 6644/2262 6750/2264 6787/2265
f 6644/2262 6787/2265 6597/2266
f 6597/2266 6787/2265 6965/2267
f 6644/2262 6597/2266 5891/2268
f 5891/2269 6138/2270 6644/2271
f 6138/2270 5891/2269 5878/2272
f 6138/2270 5878/2272 6066/2273
f 6644/2271 6138/2270 6168/2274
f 6644/2271 6168/2274 6422/2275
f 6168/2274 6138/2270 6082/2276
f 6168/2274 6082/2276 6422/2275
f 6082/2276 6138/2270 6066/2273
f 6422/2275 6082/2276 6463/2277
f 6463/2277 6082/2276 6066/2273
f 6463/2277 6066/2273 6773/2278
f 6463/2277 6773/2278 6750/2279
f 6750/2279 6773/2278 6787/2280
f 2188/2281 2216/2282 1928/2283
f 2273/2284 2295/2285 2282/2286
f 1889/2287 2166/2288 2273/2284
f 1889/2287 2273/2284 2282/2286
f 2282/2286 2295/2285 2371/2289
f 2371/2289 2295/2285 2290/2290
f 2371/2289 2290/2290 2550/2291
f 2371/2289 2550/2291 2708/2292
s 0
f 1533/2293 1752/2294 1889/2287
s 1
f 1174/2295 1076/2296 1533/2293
s 0
f 1533/2293 1889/2287 1574/2297
f 1533/2293 1574/2297 1174/2295
s 1
f 1174/2295 1574/2297 1348/2298
f 1174/2295 1348/2298 1170/2299
f 1348/2298 1574/2297 1695/2300
s 0
f 1695/2300 1574/2297 2109/2301
f 2109/2301 1574/2297 1889/2287
f 2109/2301 1889/2287 2192/2302
s 1
f 2192/2302 1889/2287 2282/2286
f 2192/2302 2282/2286 2109/2301
f 2109/2301 2282/2286 2289/2303
f 2289/2303 2282/2286 2287/2304
f 2289/2303 2287/2304 2285/2305
f 2287/2304 2282/2286 2284/2306
f 2284/2306 2282/2286 2371/2289
f 2287/2304 2284/2306 2436/2307
f 2436/2307 2284/2306 2512/2308
f 2512/2308 2284/2306 2548/2309
f 2548/2309 2284/2306 2322/2310
f 2322/2310 2284/2306 2371/2289
f 2512/2308 2548/2309 2698/2311
f 2512/2308 2698/2311 2436/2307
f 2548/2309 2322/2310 2605/2312
f 2548/2309 2605/2312 2698/2311
f 2322/2310 2371/2289 2429/2313
f 2322/2310 2429/2313 2605/2312
f 2429/2313 2371/2289 2516/2314
f 2605/2312 2429/2313 2679/2315
f 2679/2315 2429/2313 2516/2314
f 2679/2315 2516/2314 2371/2289
f 2605/2312 2679/2315 2698/2311
f 2679/2315 2371/2289 2708/2292
f 2679/2315 2708/2292 2698/2311
f 2698/2311 2708/2292 2648/2316
f 2688/2317 2436/2307 2698/2311
f 2436/2307 2688/2317 2667/2318
f 2436/2307 2667/2318 2392/2319
f 2436/2307 2392/2319 2287/2304
f 2667/2318 2688/2317 2704/2320
f 2704/2320 2688/2317 2698/2311
f 2392/2319 2667/2318 2600/2321
f 2600/2321 2667/2318 2704/2320
f 2287/2304 2392/2319 2370/2322
f 2370/2322 2392/2319 2600/2321
f 2287/2304 2370/2322 2432/2323
f 2370/2322 2600/2321 2690/2324
f 2370/2322 2690/2324 2432/2323
f 2690/2324 2600/2321 2704/2320
f 2287/2304 2432/2323 2285/2305
f 2432/2323 2690/2324 2468/2325
f 2432/2323 2468/2325 2285/2305
f 2468/2325 2690/2324 2697/2326
f 2697/2326 2690/2324 2704/2320
f 2285/2305 2468/2325 2407/2327
f 2697/2326 2704/2320 2659/2328
f 2468/2325 2697/2326 2653/2329
f 2468/2325 2653/2329 2407/2327
f 2653/2329 2697/2326 2652/2330
f 2285/2305 2407/2327 2475/2331
f 2475/2331 2407/2327 2653/2329
f 2475/2331 2653/2329 2652/2330
f 2285/2305 2475/2331 2360/2332
f 2360/2332 2475/2331 2652/2330
f 2634/2333 2704/2320 2699/2334
f 2501/2335 2628/2336 2699/2334
f 2501/2335 2699/2334 2526/2337
f 2526/2337 2699/2334 2654/2338
f 2654/2338 2699/2334 2704/2320
f 2526/2337 2654/2338 2453/2339
f 2453/2339 2654/2338 2533/2340
f 2654/2338 2704/2320 2661/2341
f 2533/2340 2654/2338 2510/2342
f 2533/2340 2510/2342 2351/2343
f 2510/2342 2654/2338 2545/2344
f 2545/2344 2654/2338 2661/2341
f 2351/2343 2510/2342 2401/2345
f 2401/2345 2510/2342 2545/2344
f 2351/2343 2401/2345 2388/2346
f 2401/2345 2545/2344 2561/2347
f 2561/2347 2545/2344 2661/2341
f 2401/2345 2561/2347 2388/2346
f 2704/2320 2698/2311 2661/2341
f 2661/2341 2698/2311 2672/2348
f 2661/2341 2672/2348 2561/2347
f 2672/2348 2698/2311 2651/2349
f 2388/2346 2561/2347 2421/2350
f 2561/2347 2672/2348 2553/2351
f 2561/2347 2553/2351 2421/2350
f 2553/2351 2672/2348 2571/2352
f 2571/2352 2672/2348 2651/2349
f 2421/2350 2553/2351 2375/2353
f 2375/2353 2553/2351 2571/2352
f 2388/2346 2421/2350 2342/2354
f 2342/2354 2421/2350 2375/2353
f 2388/2346 2342/2354 2299/2355
f 2375/2353 2571/2352 2437/2356
f 2437/2356 2571/2352 2651/2349
f 2375/2353 2437/2356 2385/2357
f 2385/2357 2437/2356 2651/2349
f 2375/2353 2385/2357 2342/2354
f 2385/2357 2651/2349 2538/2358
f 2385/2357 2538/2358 2342/2354
f 2660/2359 2651/2349 2698/2311
f 2651/2349 2660/2359 2538/2358
f 2660/2359 2698/2311 2648/2316
f 2538/2358 2660/2359 2569/2360
f 2342/2354 2538/2358 2376/2361
f 2376/2361 2538/2358 2569/2360
f 2569/2360 2660/2359 2479/2362
f 2479/2362 2660/2359 2648/2316
f 2569/2360 2479/2362 2376/2361
f 2479/2362 2648/2316 2469/2363
f 2469/2363 2648/2316 2574/2364
f 2376/2361 2479/2362 2347/2365
f 2347/2365 2479/2362 2469/2363
f 2347/2365 2469/2363 2386/2366
f 2386/2366 2469/2363 2574/2364
f 2347/2365 2386/2366 2376/2361
f 2386/2366 2574/2364 2568/2367
f 2298/2368 2342/2354 2376/2361
f 2298/2368 2376/2361 2386/2366
f 2342/2354 2298/2368 2299/2355
f 2299/2355 2298/2368 2412/2369
f 2412/2369 2298/2368 2343/2370
f 2386/2366 2568/2367 2367/2371
f 2386/2366 2367/2371 2298/2368
f 2298/2368 2367/2371 2343/2370
f 2343/2370 2367/2371 2327/2372
f 2327/2372 2367/2371 2594/2373
f 2594/2373 2367/2371 2713/2374
f 2594/2373 2713/2374 2936/2375
f 696/2376 516/2377 412/2378
f 696/2376 412/2378 41/2379
f 41/2379 412/2378 143/2380
f 143/2380 412/2378 216/2381
f 216/2381 412/2378 497/2382
f 497/2382 412/2378 516/2377
f 216/2381 497/2382 271/2383
f 497/2382 516/2377 498/2384
f 497/2382 498/2384 435/2385
f 498/2384 516/2377 674/2386
f 674/2386 516/2377 696/2376
f 498/2384 674/2386 692/2387
f 498/2384 692/2387 574/2388
f 574/2388 692/2387 734/2389
f 734/2389 692/2387 811/2390
f 734/2389 811/2390 807/2391
f 807/2391 811/2390 857/2392
f 811/2390 692/2387 825/2393
f 811/2390 825/2393 857/2392
f 825/2393 692/2387 674/2386
f 857/2392 825/2393 900/2394
f 857/2392 900/2394 1016/2395
f 1016/2395 900/2394 1091/2396
f 1091/2396 900/2394 1174/2397
f 1091/2396 1174/2397 1170/2398
f 900/2394 825/2393 882/2399
f 882/2399 825/2393 674/2386
f 900/2394 882/2399 1174/2397
f 1174/2397 882/2399 1076/2400
f 882/2399 674/2386 696/2376
f 882/2399 696/2376 1076/2400
f 1076/2400 696/2376 964/2401
f 1076/2400 964/2401 1533/2402
f 1533/2402 964/2401 1240/2403
f 1240/2403 964/2401 740/2404
f 740/2404 964/2401 579/2405
f 740/2404 579/2405 543/2406
f 579/2405 964/2401 504/2407
f 964/2401 696/2376 313/2408
f 964/2401 313/2408 504/2407
f 313/2408 696/2376 41/2379
f 504/2407 313/2408 421/2409
f 421/2409 313/2408 256/2410
f 421/2409 256/2410 418/2411
f 143/2412 216/2413 3707/2414
f 3707/2414 216/2413 3758/2415
f 3707/2414 3758/2415 3962/2416
f 3758/2415 216/2413 3433/2417
f 3433/2417 216/2413 271/2418
f 3962/2416 3758/2415 3948/2419
f 3962/2416 3948/2419 3978/2420
f 3758/2415 3433/2417 3821/2421
f 3758/2415 3821/2421 3948/2419
f 330/2422 3443/2423 3433/2417
f 3433/2417 3443/2423 3821/2421
f 3821/2421 3443/2423 3781/2424
f 3978/2420 3948/2419 3968/2425
f 3978/2420 3968/2425 4144/2426
f 3968/2425 3948/2419 3932/2427
f 4144/2426 3968/2425 4119/2428
f 4119/2428 3968/2425 3932/2427
f 4144/2426 4119/2428 4222/2429
f 3932/2427 3948/2419 3910/2430
f 3910/2430 3948/2419 3821/2421
f 3932/2427 3910/2430 4119/2428
f 4222/2429 4119/2428 4210/2431
f 4222/2429 4210/2431 4297/2432
f 4119/2428 3910/2430 4076/2433
f 3910/2430 3821/2421 3863/2434
f 3910/2430 3863/2434 4076/2433
f 3863/2434 3821/2421 3770/2435
f 3770/2435 3821/2421 3781/2424
f 3770/2435 3781/2424 3735/2436
f 3770/2435 3735/2436 3815/2437
f 3770/2435 3815/2437 3863/2434
f 3815/2437 3735/2436 4110/2438
f 3863/2434 3815/2437 4081/2439
f 4081/2439 3815/2437 4110/2438
f 3863/2434 4081/2439 4076/2433
f 4081/2439 4110/2438 4217/2440
f 4081/2439 4217/2440 4076/2433
f 4076/2433 4217/2440 4211/2441
f 4076/2433 4211/2441 4119/2428
f 4211/2441 4217/2440 4220/2442
f 4119/2428 4211/2441 4210/2431
f 4210/2431 4211/2441 4220/2442
f 4210/2431 4220/2442 4237/2443
f 4237/2443 4220/2442 4224/2444
f 4308/2445 4386/2446 4237/2443
f 4237/2443 4386/2446 4435/2447
f 4237/2443 4435/2447 4210/2431
f 4210/2431 4435/2447 4467/2448
f 4210/2431 4467/2448 4297/2432
f 4297/2432 4467/2448 4589/2449
f 4467/2448 4435/2447 4588/2450
f 4467/2448 4588/2450 4589/2449
f 4588/2450 4435/2447 4580/2451
f 4589/2449 4588/2450 4682/2452
f 4682/2452 4588/2450 4692/2453
f 4589/2449 4682/2452 4717/2454
f 4717/2454 4682/2452 4823/2455
f 4338/2456 4528/2457 4385/2458
f 4385/2458 4528/2457 4527/2459
f 4527/2459 4528/2457 4670/2460
f 4670/2460 4528/2457 4338/2456
f 4527/2459 4670/2460 4643/2461
f 4527/2459 4643/2461 4541/2462
f 4527/2459 4541/2462 4385/2458
f 4541/2462 4643/2461 4672/2463
f 4541/2462 4672/2463 4583/2464
f 4541/2462 4583/2464 4479/2465
f 4385/2458 4541/2462 4399/2466
f 4399/2466 4541/2462 4479/2465
f 4385/2458 4399/2466 4255/2467
f 4385/2458 4255/2467 4338/2456
f 4399/2466 4479/2465 4398/2468
f 4398/2468 4479/2465 4347/2469
f 4255/2467 4399/2466 4327/2470
f 4327/2470 4399/2466 4398/2468
f 4338/2456 4255/2467 4171/2471
f 4255/2467 4327/2470 4232/2472
f 4232/2472 4327/2470 4275/2473
f 4232/2472 4275/2473 4347/2469
f 4347/2469 4275/2473 4327/2470
f 4327/2470 4398/2468 4358/2474
f 4358/2474 4398/2468 4347/2469
f 4327/2470 4358/2474 4374/2475
f 4327/2470 4374/2475 4347/2469
f 4347/2469 4374/2475 4358/2474
f 4271/2476 4338/2456 4171/2471
f 4338/2456 4271/2476 4465/2477
f 4338/2456 4465/2477 4670/2460
f 4670/2460 4465/2477 4572/2478
f 4572/2478 4465/2477 4393/2479
f 4393/2479 4465/2477 4271/2476
f 4572/2478 4393/2479 4545/2480
f 4271/2476 4171/2471 4332/2481
f 4271/2476 4332/2481 4393/2479
f 4545/2480 4393/2479 4450/2482
f 4450/2482 4393/2479 4332/2481
f 4545/2480 4450/2482 4499/2483
f 4499/2483 4450/2482 4361/2484
f 4361/2484 4450/2482 4332/2481
f 4499/2483 4361/2484 4460/2485
f 4460/2485 4361/2484 4343/2486
f 4361/2484 4332/2481 4250/2487
f 4361/2484 4250/2487 4343/2486
f 4250/2487 4332/2481 4171/2471
f 4343/2486 4250/2487 4203/2488
f 4250/2487 4171/2471 4141/2489
f 4250/2487 4141/2489 4203/2488
f 4203/2488 4141/2489 4132/2490
f 6193/2491 6038/2492 6176/2493
f 6176/2493 6038/2492 6022/2494
f 6022/2494 6038/2492 5956/2495
f 6193/2491 6176/2493 6186/2496
f 6176/2493 6022/2494 6077/2497
f 6193/2491 6186/2496 6160/2498
f 6176/2493 6077/2497 6158/2499
f 6176/2493 6158/2499 6186/2496
f 6160/2498 6186/2496 6068/2500
f 6160/2498 6068/2500 6074/2501
f 6186/2496 6158/2499 6109/2502
f 6186/2496 6109/2502 6068/2500
f 6068/2500 6109/2502 6074/2501
f 6074/2501 6109/2502 6152/2503
f 6152/2503 6109/2502 6095/2504
f 6074/2501 6152/2503 6043/2505
f 6043/2505 6152/2503 6114/2506
f 6043/2505 6114/2506 5776/2507
f 6009/2508 6077/2497 6022/2494
f 6077/2497 6009/2508 6000/2509
f 6009/2508 6022/2494 5956/2495
f 6000/2509 6009/2508 5966/2510
s 0
f 5966/2510 6009/2508 5956/2495
s 1
f 6000/2509 5966/2510 6076/2511
f 5966/2510 5956/2495 5982/2512
f 5982/2512 5956/2495 5965/2513
f 5982/2512 5965/2513 5972/2514
f 5982/2512 5972/2514 5952/2515
f 5982/2512 5952/2515 5947/2516
f 6076/2511 5966/2510 5996/2517
f 6076/2511 5996/2517 6332/2518
f 6332/2518 5996/2517 5995/2519
f 5996/2517 5966/2510 5963/2520
f 5996/2517 5963/2520 5995/2519
f 6332/2518 5995/2519 6417/2521
f 5969/2522 5966/2510 5982/2512
f 5963/2520 5966/2510 5990/2523
f 5990/2523 5966/2510 5969/2522
f 5990/2523 5969/2522 6175/2524
f 6175/2524 5969/2522 6108/2525
f 5990/2523 6175/2524 6042/2526
f 6042/2526 6175/2524 6108/2525
f 5990/2523 6042/2526 5963/2520
f 6108/2525 5969/2522 5954/2527
f 6108/2525 5954/2527 6042/2526
f 5954/2527 5969/2522 5982/2512
f 6042/2526 5954/2527 5963/2520
f 5954/2527 5982/2512 5968/2528
f 5954/2527 5968/2528 5963/2520
f 5968/2528 5982/2512 5947/2516
f 6137/2529 6020/2530 5947/2516
f 5947/2516 6020/2530 6231/2531
f 6231/2531 6020/2530 6154/2532
f 6154/2532 6020/2530 6167/2533
f 6154/2532 6167/2533 6231/2531
f 6231/2531 6167/2533 6368/2534
f 5947/2516 6231/2531 6034/2535
f 5947/2516 6034/2535 5968/2528
f 6231/2531 6368/2534 6345/2536
f 6345/2536 6368/2534 6413/2537
f 6034/2535 6231/2531 6225/2538
f 6225/2538 6231/2531 6345/2536
f 6034/2535 6225/2538 6083/2539
f 6083/2539 6225/2538 6345/2536
f 6034/2535 6083/2539 6025/2540
f 6025/2540 6083/2539 6054/2541
f 6034/2535 6025/2540 6120/2542
f 6034/2535 6120/2542 5968/2528
f 6025/2540 6054/2541 6153/2543
f 6025/2540 6153/2543 6120/2542
f 6054/2541 6083/2539 6295/2544
f 6295/2544 6083/2539 6345/2536
f 6054/2541 6295/2544 6153/2543
f 6295/2544 6345/2536 6416/2545
f 6416/2545 6345/2536 6413/2537
f 6153/2543 6295/2544 6337/2546
f 6153/2543 6337/2546 6120/2542
f 6337/2546 6295/2544 6416/2545
f 6120/2542 6337/2546 6301/2547
f 6337/2546 6416/2545 6400/2548
f 6337/2546 6400/2548 6301/2547
f 6416/2545 6413/2537 6389/2549
f 6389/2549 6413/2537 6381/2550
f 6177/2551 5968/2528 6120/2542
f 6177/2551 6120/2542 6301/2547
f 5968/2528 6177/2551 6019/2552
f 6177/2551 6301/2547 6085/2553
f 6177/2551 6085/2553 6019/2552
f 6377/2554 6301/2547 6400/2548
f 6377/2554 6400/2548 6416/2545
f 6085/2553 6301/2547 6250/2555
f 6250/2555 6301/2547 6377/2554
f 6085/2553 6250/2555 5994/2556
f 6085/2553 5994/2556 6019/2552
f 5994/2556 6250/2555 6133/2557
f 5994/2556 6133/2557 6019/2552
f 6133/2557 6250/2555 6377/2554
f 6005/2558 5968/2528 6019/2552
f 5968/2528 6005/2558 5963/2520
f 6019/2552 6133/2557 6030/2559
f 6019/2552 6030/2559 6005/2558
f 6030/2559 6133/2557 6201/2560
f 6201/2560 6133/2557 6377/2554
f 6005/2558 6030/2559 6185/2561
f 6185/2561 6030/2559 6201/2560
f 5963/2520 6005/2558 5981/2562
f 6185/2561 6201/2560 6340/2563
f 6340/2563 6201/2560 6377/2554
f 6005/2558 6185/2561 6173/2564
f 6173/2564 6185/2561 6340/2563
f 6005/2558 6173/2564 5981/2562
f 5963/2520 5981/2562 5971/2565
f 5963/2520 5971/2565 5995/2519
f 5981/2562 6173/2564 6105/2566
f 5981/2562 6105/2566 5971/2565
f 6173/2564 6340/2563 6282/2567
f 6173/2564 6282/2567 6105/2566
f 6282/2567 6340/2563 6419/2568
f 6419/2568 6340/2563 6377/2554
f 6105/2566 6282/2567 6035/2569
f 6105/2566 6035/2569 5971/2565
f 6035/2569 6282/2567 6252/2570
f 6252/2570 6282/2567 6419/2568
f 5971/2565 6035/2569 5980/2571
f 5980/2571 6035/2569 6252/2570
f 6008/2572 5995/2519 5971/2565
f 6008/2572 5971/2565 5980/2571
f 5995/2519 6008/2572 6417/2521
f 6008/2572 5980/2571 6206/2573
f 6206/2573 5980/2571 6252/2570
f 6008/2572 6206/2573 6417/2521
f 6417/2521 6206/2573 6252/2570
f 6417/2521 6252/2570 6419/2568
f 6417/2521 6419/2568 6432/2574
f 6432/2574 6419/2568 6414/2575
f 6432/2574 6414/2575 6227/2576
f 6414/2575 6419/2568 6407/2577
f 6407/2577 6419/2568 6377/2554
f 6227/2576 6414/2575 6204/2578
f 6204/2578 6414/2575 6407/2577
f 6407/2577 6377/2554 6416/2545
f 6227/2576 6204/2578 5960/2579
f 6227/2576 5960/2579 5978/2580
f 5960/2579 6204/2578 5924/2581
f 5924/2581 6204/2578 5951/2582
f 6407/2577 6416/2545 6411/2583
f 6204/2578 6407/2577 6384/2584
f 6384/2584 6407/2577 6411/2583
f 6204/2578 6384/2584 6241/2585
f 6204/2578 6241/2585 5951/2582
f 5951/2582 6241/2585 6123/2586
f 6241/2585 6384/2584 6352/2587
f 6241/2585 6352/2587 6123/2586
f 6384/2584 6411/2583 6372/2588
f 6384/2584 6372/2588 6352/2587
f 5951/2582 6123/2586 5938/2589
f 6405/2590 6411/2583 6416/2545
f 6352/2587 6372/2588 6211/2591
f 6352/2587 6211/2591 6123/2586
f 6372/2588 6411/2583 6367/2592
f 6372/2588 6367/2592 6211/2591
f 6367/2592 6411/2583 6405/2590
f 6405/2590 6416/2545 6389/2549
f 6211/2591 6367/2592 6221/2593
f 6221/2593 6367/2592 6405/2590
f 6123/2586 6211/2591 5983/2594
f 5983/2594 6211/2591 6221/2593
f 6123/2586 5983/2594 5938/2589
f 6221/2593 6405/2590 6247/2595
f 6247/2595 6405/2590 6389/2549
f 5983/2594 6221/2593 5977/2596
f 5983/2594 5977/2596 5938/2589
f 5977/2596 6221/2593 6247/2595
f 5938/2589 5977/2596 5942/2597
f 5942/2597 5977/2596 6247/2595
f 5938/2589 5942/2597 5987/2598
f 5987/2598 5942/2597 6247/2595
f 5938/2589 5987/2598 5926/2599
f 5987/2598 6247/2595 6207/2600
f 6207/2600 6247/2595 6389/2549
f 5987/2598 6207/2600 5926/2599
f 6207/2600 6389/2549 6126/2601
f 6207/2600 6126/2601 5926/2599
f 6126/2601 6389/2549 6381/2550
f 5926/2599 6126/2601 6094/2602
f 6094/2602 6126/2601 6381/2550
f 5926/2599 6094/2602 6151/2603
f 6094/2602 6381/2550 6307/2604
f 6094/2602 6307/2604 6151/2603
f 6307/2604 6381/2550 6376/2605
f 6307/2604 6376/2605 6151/2603
f 4580/2606 4515/2607 4581/2608
f 4515/2607 4580/2606 4435/2609
f 4580/2606 4581/2608 4729/2610
f 4729/2610 4581/2608 4702/2611
f 4386/2612 4426/2613 4515/2607
f 4515/2607 4426/2613 4325/2614
f 4581/2608 4515/2607 4522/2615
f 4522/2615 4515/2607 4325/2614
f 4522/2615 4325/2614 4347/2616
f 4347/2616 4325/2614 4232/2617
f 4522/2615 4347/2616 4479/2618
f 4522/2615 4479/2618 4583/2619
f 4522/2615 4583/2619 4581/2608
f 4581/2608 4583/2619 4702/2611
f 4702/2611 4583/2619 4680/2620
f 4680/2620 4583/2619 4672/2621
f 4702/2611 4680/2620 4751/2622
f 4702/2611 4751/2622 4814/2623
f 4751/2622 4680/2620 4658/2624
f 4658/2624 4680/2620 4684/2625
f 497/2626 435/2627 271/2628
f 330/2629 3433/2630 271/2628
f 330/2629 271/2628 435/2627
f 498/2631 574/2632 435/2627
f 330/2629 435/2627 318/2633
f 435/2627 574/2632 382/2634
f 435/2627 382/2634 318/2633
f 382/2634 574/2632 650/2635
f 650/2635 574/2632 734/2636
f 318/2633 382/2634 310/2637
f 330/2629 318/2633 153/2638
f 153/2638 318/2633 310/2637
f 330/2629 153/2638 3443/2639
f 650/2635 734/2636 744/2640
f 382/2634 650/2635 572/2641
f 382/2634 572/2641 310/2637
f 572/2641 650/2635 744/2640
f 744/2640 734/2636 807/2642
f 153/2638 310/2637 222/2643
f 222/2643 310/2637 572/2641
f 153/2638 222/2643 174/2644
f 174/2644 222/2643 147/2645
f 174/2644 147/2645 151/2646
f 147/2645 222/2643 572/2641
f 744/2640 807/2642 804/2647
f 804/2647 807/2642 858/2648
f 804/2647 858/2648 870/2649
f 744/2640 804/2647 766/2650
f 766/2650 804/2647 870/2649
f 744/2640 766/2650 572/2641
f 147/2645 572/2641 200/2651
f 766/2650 870/2649 802/2652
f 802/2652 870/2649 869/2653
f 802/2652 869/2653 787/2654
f 802/2652 787/2654 757/2655
f 757/2655 787/2654 772/2656
f 802/2652 757/2655 763/2657
f 802/2652 763/2657 766/2650
f 763/2657 757/2655 723/2658
f 716/2659 572/2641 766/2650
f 716/2659 766/2650 763/2657
f 763/2657 723/2658 722/2660
f 763/2657 722/2660 716/2659
f 722/2660 723/2658 608/2661
f 572/2641 716/2659 448/2662
f 572/2641 448/2662 200/2651
f 716/2659 722/2660 632/2663
f 716/2659 632/2663 448/2662
f 722/2660 608/2661 631/2664
f 722/2660 631/2664 632/2663
f 632/2663 631/2664 546/2665
f 632/2663 546/2665 448/2662
f 631/2664 608/2661 502/2666
f 502/2666 608/2661 480/2667
f 546/2665 631/2664 492/2668
f 492/2668 631/2664 502/2666
f 546/2665 492/2668 448/2662
f 502/2666 480/2667 398/2669
f 492/2668 502/2666 424/2670
f 424/2670 502/2666 398/2669
f 492/2668 424/2670 377/2671
f 492/2668 377/2671 448/2662
f 424/2670 398/2669 333/2672
f 424/2670 333/2672 377/2671
f 333/2672 398/2669 279/2673
f 377/2671 333/2672 305/2674
f 377/2671 305/2674 448/2662
f 305/2674 333/2672 279/2673
f 279/2673 398/2669 192/2675
f 448/2662 305/2674 244/2676
f 244/2676 305/2674 279/2673
f 448/2662 244/2676 200/2651
f 279/2673 192/2675 218/2677
f 279/2673 218/2677 244/2676
f 218/2677 192/2675 171/2678
f 200/2651 244/2676 194/2679
f 194/2679 244/2676 218/2677
f 194/2679 218/2677 171/2678
f 200/2651 194/2679 145/2680
f 145/2680 194/2679 171/2678
f 4435/2681 4386/2682 4515/2683
f 4588/2684 4580/2685 4692/2686
f 4692/2686 4580/2685 4729/2687
f 4692/2686 4729/2687 4825/2688
f 4682/2689 4692/2686 4823/2690
f 4823/2690 4692/2686 4825/2688
f 4825/2688 4729/2687 4822/2691
f 4822/2691 4729/2687 4702/2692
f 4822/2691 4702/2692 4814/2693
f 4822/2691 4814/2693 4657/2694
f 4657/2694 4814/2693 4761/2695
f 4825/2688 4822/2691 4744/2696
f 4744/2696 4822/2691 4657/2694
f 4823/2690 4825/2688 4721/2697
f 4721/2697 4825/2688 4744/2696
f 4744/2696 4657/2694 4608/2698
f 4744/2696 4608/2698 4721/2697
f 4599/2699 4614/2700 4657/2694
f 4657/2694 4614/2700 4608/2698
f 4823/2690 4721/2697 4749/2701
f 4721/2697 4608/2698 4641/2702
f 4721/2697 4641/2702 4749/2701
f 4823/2690 4749/2701 4827/2703
f 4823/2690 4827/2703 4717/2704
f 4717/2704 4827/2703 4961/2705
f 4827/2703 4749/2701 4733/2706
f 4827/2703 4733/2706 4961/2705
f 4733/2706 4749/2701 4665/2707
f 4733/2706 4665/2707 4961/2705
f 4656/2708 4749/2701 4641/2702
f 4749/2701 4656/2708 4665/2707
f 4656/2708 4641/2702 4683/2709
f 4665/2707 4656/2708 4685/2710
f 4685/2710 4656/2708 4683/2709
f 4961/2705 4665/2707 4934/2711
f 4665/2707 4685/2710 4782/2712
f 4665/2707 4782/2712 4934/2711
f 4685/2710 4683/2709 4722/2713
f 4685/2710 4722/2713 4782/2712
f 4704/2714 4683/2709 4641/2702
f 4683/2709 4704/2714 4722/2713
f 4704/2714 4641/2702 4620/2715
f 4620/2715 4641/2702 4608/2698
f 4722/2713 4704/2714 4745/2716
f 4704/2714 4620/2715 4713/2717
f 4704/2714 4713/2717 4745/2716
f 4620/2715 4608/2698 4694/2718
f 4620/2715 4694/2718 4713/2717
f 4694/2718 4608/2698 4723/2719
f 4713/2717 4694/2718 4816/2720
f 4816/2720 4694/2718 4723/2719
f 4723/2719 4608/2698 4614/2700
f 4601/2721 4743/2722 4614/2700
f 4614/2700 4743/2722 4705/2723
f 4705/2723 4743/2722 4892/2724
f 4614/2700 4705/2723 4726/2725
f 4614/2700 4726/2725 4723/2719
f 4726/2725 4705/2723 4793/2726
f 4793/2726 4705/2723 4892/2724
f 4723/2719 4726/2725 4747/2727
f 4747/2727 4726/2725 4793/2726
f 4747/2727 4793/2726 4808/2728
f 4808/2728 4793/2726 4892/2724
f 4747/2727 4808/2728 4805/2729
f 4805/2729 4808/2728 4892/2724
f 4723/2719 4747/2727 4795/2730
f 4747/2727 4805/2729 4774/2731
f 4747/2727 4774/2731 4795/2730
f 4805/2729 4892/2724 4853/2732
f 4805/2729 4853/2732 4774/2731
f 4853/2732 4892/2724 4958/2733
f 4958/2733 4892/2724 5010/2734
f 4774/2731 4853/2732 4831/2735
f 4831/2735 4853/2732 4958/2733
f 4774/2731 4831/2735 4795/2730
f 4831/2735 4958/2733 4878/2736
f 4831/2735 4878/2736 4795/2730
f 4878/2736 4958/2733 4915/2737
f 4878/2736 4915/2737 4842/2738
f 4878/2736 4842/2738 4795/2730
f 4795/2730 4842/2738 4856/2739
f 4795/2730 4856/2739 4890/2740
f 4795/2730 4890/2740 4723/2719
f 4890/2740 4856/2739 4909/2741
f 4890/2740 4909/2741 4949/2742
f 4723/2719 4890/2740 4816/2720
f 4890/2740 4949/2742 4904/2743
f 4890/2740 4904/2743 4816/2720
f 4904/2743 4949/2742 5073/2744
f 4904/2743 5073/2744 5028/2745
f 5028/2745 5073/2744 5218/2746
f 5028/2745 5218/2746 5290/2747
f 5290/2747 5218/2746 5324/2748
f 4904/2743 5028/2745 5007/2749
f 5007/2749 5028/2745 5290/2747
f 4834/2750 4816/2720 4904/2743
f 4834/2750 4904/2743 5007/2749
f 4816/2720 4834/2750 4778/2751
f 4816/2720 4778/2751 4713/2717
f 4713/2717 4778/2751 4745/2716
f 4778/2751 4834/2750 4829/2752
f 4829/2752 4834/2750 5007/2749
f 4745/2716 4778/2751 4858/2753
f 4858/2753 4778/2751 4829/2752
f 4858/2753 4829/2752 4991/2754
f 4991/2754 4829/2752 5007/2749
f 4745/2716 4858/2753 4919/2755
f 4919/2755 4858/2753 4991/2754
f 4745/2716 4919/2755 4966/2756
f 4745/2716 4966/2756 4722/2713
f 4722/2713 4966/2756 4782/2712
f 4782/2712 4966/2756 5245/2757
f 4966/2756 4919/2755 5175/2758
f 4966/2756 5175/2758 5245/2757
f 4782/2712 5245/2757 4934/2711
f 5175/2758 4919/2755 5091/2759
f 5091/2759 4919/2755 4991/2754
f 5091/2759 4991/2754 5206/2760
f 5091/2759 5206/2760 5175/2758
f 5060/2761 4991/2754 5007/2749
f 5175/2758 5206/2760 5242/2762
f 5060/2761 5007/2749 5267/2763
f 4991/2754 5060/2761 5257/2764
f 4991/2754 5257/2764 5206/2760
f 5257/2764 5060/2761 5267/2763
f 5242/2762 5206/2760 5330/2765
f 5330/2765 5206/2760 5257/2764
f 5175/2758 5242/2762 5360/2766
f 5360/2766 5242/2762 5330/2765
f 5261/2767 5267/2763 5007/2749
f 5261/2767 5007/2749 5290/2747
f 5257/2764 5267/2763 5370/2768
f 5257/2764 5370/2768 5330/2765
f 5267/2763 5261/2767 5363/2769
f 5363/2769 5261/2767 5290/2747
f 5370/2768 5267/2763 5466/2770
f 5466/2770 5267/2763 5363/2769
f 5330/2765 5370/2768 5497/2771
f 5330/2765 5497/2771 5360/2766
f 5370/2768 5466/2770 5601/2772
f 5370/2768 5601/2772 5497/2771
f 5363/2769 5290/2747 5429/2773
f 5429/2773 5290/2747 5324/2748
f 5466/2770 5363/2769 5633/2774
f 5633/2774 5363/2769 5429/2773
f 5601/2772 5466/2770 5831/2775
f 5831/2775 5466/2770 5633/2774
f 5429/2773 5324/2748 5551/2776
f 5551/2776 5324/2748 5430/2777
f 5551/2776 5430/2777 5712/2778
f 5429/2773 5551/2776 5752/2779
f 5429/2773 5752/2779 5633/2774
f 5551/2776 5712/2778 5889/2780
f 5551/2776 5889/2780 5752/2779
f 5633/2774 5752/2779 5839/2781
f 5633/2774 5839/2781 5831/2775
f 5839/2781 5752/2779 6212/2782
f 5839/2781 6212/2782 5831/2775
f 5752/2779 5889/2780 6278/2783
f 5752/2779 6278/2783 6212/2782
f 5916/2784 5889/2780 5712/2778
f 5916/2784 5712/2778 5788/2785
f 5916/2784 5788/2785 5853/2786
f 5916/2784 5853/2786 5884/2787
f 5916/2784 5884/2787 6287/2788
f 5889/2780 5916/2784 6267/2789
f 6267/2789 5916/2784 6287/2788
f 5889/2780 6267/2789 6278/2783
f 6267/2789 6287/2788 6561/2790
f 6267/2789 6561/2790 6278/2783
f 6278/2783 6561/2790 6212/2782
f 6212/2782 6561/2790 6709/2791
f 6212/2782 6709/2791 6520/2792
f 6212/2782 6520/2792 5831/2775
f 6520/2792 6709/2791 6729/2793
f 6520/2792 6729/2793 6700/2794
f 6520/2792 6700/2794 6592/2795
f 5831/2775 6520/2792 6147/2796
f 6147/2796 6520/2792 6592/2795
f 6592/2795 6700/2794 6326/2797
f 6592/2795 6326/2797 6147/2796
f 5831/2775 6147/2796 5796/2798
f 5796/2798 6147/2796 6326/2797
f 5831/2775 5796/2798 5601/2772
f 6326/2797 6700/2794 6610/2799
f 6610/2799 6700/2794 6683/2800
f 5796/2798 6326/2797 6115/2801
f 6115/2801 6326/2797 6610/2799
f 5601/2772 5796/2798 5750/2802
f 5750/2802 5796/2798 6115/2801
f 5601/2772 5750/2802 5497/2771
s 0
f 5497/2771 5750/2802 5789/2803
f 5789/2803 5750/2802 6115/2801
f 5497/2771 5789/2803 5360/2766
s 1
f 6115/2801 6610/2799 6075/2804
s 0
f 6115/2801 6075/2804 5789/2803
s 1
f 6423/2805 6610/2799 6683/2800
f 6610/2799 6423/2805 6075/2804
f 6423/2805 6683/2800 6687/2806
f 6423/2805 6687/2806 6542/2807
f 6542/2807 6687/2806 6417/2808
f 6542/2807 6417/2808 6432/2809
f 6542/2807 6432/2809 6423/2805
f 6423/2805 6432/2809 6424/2810
f 6423/2805 6424/2810 6222/2811
f 6222/2811 6424/2810 6432/2809
f 6423/2805 6222/2811 6075/2804
f 6222/2811 6432/2809 6227/2812
f 6222/2811 6227/2812 5978/2813
f 6075/2804 6222/2811 6016/2814
f 6016/2814 6222/2811 5978/2813
f 6075/2804 6016/2814 5892/2815
f 6075/2804 5892/2815 5789/2803
f 6016/2814 5978/2813 5920/2816
f 6016/2814 5920/2816 5892/2815
f 5789/2803 5892/2815 5603/2817
s 0
f 5789/2803 5603/2817 5360/2766
s 1
f 5892/2815 5920/2816 5830/2818
f 5892/2815 5830/2818 5603/2817
f 5920/2816 5978/2813 5927/2819
f 5830/2818 5920/2816 5909/2820
f 5909/2820 5920/2816 5927/2819
f 5830/2818 5909/2820 5811/2821
f 5830/2818 5811/2821 5603/2817
s 0
f 5335/2822 5360/2766 5603/2817
s 1
f 5360/2766 5335/2822 5175/2758
f 5603/2817 5811/2821 5532/2823
f 5603/2817 5532/2823 5335/2822
f 5175/2758 5335/2822 5245/2757
f 5335/2822 5532/2823 5322/2824
f 5245/2757 5335/2822 5275/2825
f 5275/2825 5335/2822 5322/2824
f 5245/2757 5275/2825 4934/2711
f 5275/2825 5322/2824 5350/2826
f 5275/2825 5350/2826 4934/2711
f 5350/2826 5322/2824 5532/2823
f 5739/2827 5532/2823 5811/2821
f 5532/2823 5739/2827 5350/2826
f 5979/2828 5811/2821 5909/2820
f 5811/2821 5979/2828 5739/2827
f 5979/2828 5909/2820 5927/2819
f 5739/2827 5979/2828 5840/2829
f 5840/2829 5979/2828 5927/2819
f 5739/2827 5840/2829 5350/2826
f 5280/2830 4934/2711 5350/2826
f 4934/2711 5280/2830 4961/2705
s 0
f 4961/2705 5280/2830 5234/2831
s 1
f 4961/2705 5234/2831 4785/2832
f 5280/2830 5350/2826 5470/2833
f 5280/2830 5470/2833 5234/2831
f 5470/2833 5350/2826 5840/2829
f 5234/2831 5470/2833 5684/2834
f 5684/2834 5470/2833 5840/2829
f 5684/2834 5840/2829 5923/2835
f 5923/2835 5840/2829 5993/2836
f 5993/2836 5840/2829 5927/2819
f 5993/2836 5927/2819 5931/2837
f 5993/2836 5931/2837 5923/2835
f 5931/2837 5927/2819 5978/2813
f 5931/2837 5978/2813 5960/2838
f 5931/2837 5960/2838 5924/2839
f 5923/2835 5931/2837 5926/2840
f 5923/2835 5926/2840 5928/2841
f 5926/2840 5931/2837 5938/2842
f 5938/2842 5931/2837 5924/2839
f 5938/2842 5924/2839 5951/2843
f 4670/2844 4572/2845 4804/2846
f 4804/2846 4572/2845 4669/2847
f 4669/2847 4572/2845 4545/2848
f 4670/2844 4804/2846 4787/2849
f 4670/2844 4787/2849 4643/2850
f 4643/2850 4787/2849 4672/2851
f 4787/2849 4804/2846 4897/2852
f 4787/2849 4897/2852 4840/2853
f 4804/2846 4669/2847 4820/2854
f 4804/2846 4820/2854 4897/2852
f 4820/2854 4669/2847 4677/2855
f 4677/2855 4669/2847 4545/2848
f 4897/2852 4820/2854 4835/2856
f 4835/2856 4820/2854 4677/2855
f 4677/2855 4545/2848 4565/2857
f 4565/2857 4545/2848 4499/2858
f 4677/2855 4565/2857 4686/2859
f 4677/2855 4686/2859 4835/2856
f 4686/2859 4565/2857 4499/2858
f 4897/2852 4835/2856 4844/2860
f 4844/2860 4835/2856 4686/2859
f 4897/2852 4844/2860 4840/2853
f 4840/2853 4844/2860 4748/2861
f 4748/2861 4844/2860 4696/2862
f 4696/2862 4844/2860 4686/2859
f 4748/2861 4696/2862 4644/2863
f 4686/2859 4499/2858 4574/2864
f 4686/2859 4574/2864 4696/2862
f 4574/2864 4499/2858 4460/2865
f 4574/2864 4460/2865 4343/2866
f 4696/2862 4574/2864 4497/2867
f 4497/2867 4574/2864 4343/2866
f 4644/2863 4696/2862 4562/2868
f 4562/2868 4696/2862 4497/2867
f 4644/2863 4562/2868 4509/2869
f 4509/2869 4562/2868 4434/2870
f 4434/2870 4562/2868 4497/2867
f 4509/2869 4434/2870 4326/2871
f 4497/2867 4343/2866 4305/2872
f 4497/2867 4305/2872 4434/2870
f 4305/2872 4343/2866 4177/2873
f 4326/2871 4434/2870 4163/2874
f 4163/2874 4434/2870 4305/2872
f 4326/2871 4163/2874 4186/2875
f 4163/2874 4305/2872 4092/2876
f 78/2877 192/2878 3414/2879
f 3414/2879 192/2878 3447/2880
f 192/2878 78/2877 114/2881
f 3414/2879 3447/2880 3603/2882
f 114/2881 78/2877 94/2883
f 114/2881 94/2883 88/2884
f 94/2883 78/2877 65/2885
f 94/2883 65/2885 88/2884
f 65/2885 78/2877 56/2886
f 3414/2879 3603/2882 3492/2887
f 3492/2887 3603/2882 3601/2888
f 3492/2887 3601/2888 3503/2889
f 3492/2887 3503/2889 3456/2890
f 3492/2887 3456/2890 3414/2879
f 3456/2890 3503/2889 3531/2891
f 3405/2892 78/2877 3414/2879
f 3405/2892 3414/2879 3456/2890
f 78/2877 3405/2892 56/2886
f 36/2893 65/2885 56/2886
f 36/2893 56/2886 3405/2892
f 65/2885 36/2893 88/2884
f 3405/2892 3456/2890 3426/2894
f 3405/2892 3426/2894 36/2893
f 3426/2894 3456/2890 3531/2891
f 36/2893 3426/2894 88/2884
f 200/2895 145/2896 88/2884
f 200/2895 88/2884 147/2897
f 147/2897 88/2884 82/2898
f 82/2898 88/2884 3426/2894
f 147/2897 82/2898 151/2899
f 3426/2894 3531/2891 3486/2900
f 3486/2900 3531/2891 3694/2901
f 82/2898 3426/2894 3483/2902
f 3483/2902 3426/2894 3486/2900
f 151/2899 82/2898 47/2903
f 47/2903 82/2898 3483/2902
f 151/2899 47/2903 174/2904
f 174/2904 47/2903 153/2905
f 3483/2902 3486/2900 3553/2906
f 3483/2902 3553/2906 47/2903
f 3553/2906 3486/2900 3694/2901
f 153/2905 47/2903 3548/2907
f 3548/2907 47/2903 3553/2906
f 3548/2907 3553/2906 3694/2901
f 153/2905 3548/2907 3443/2908
f 3443/2908 3548/2907 3781/2909
f 3781/2909 3548/2907 3735/2910
f 3735/2910 3548/2907 3694/2901
f 3735/2910 3694/2901 4110/2911
f 3603/2912 3447/2913 3921/2914
f 4209/2915 3921/2914 4048/2916
f 3603/2912 3921/2914 3905/2917
f 3921/2914 4209/2915 4137/2918
f 3921/2914 4137/2918 3905/2917
f 4137/2918 4209/2915 4226/2919
f 4226/2919 4209/2915 4232/2920
f 3905/2917 4137/2918 3969/2921
f 4137/2918 4226/2919 4155/2922
f 3603/2912 3905/2917 3778/2923
f 3603/2912 3778/2923 3697/2924
f 3603/2912 3697/2924 3601/2925
f 3778/2923 3905/2917 3806/2926
f 3806/2926 3905/2917 3969/2921
f 3697/2924 3778/2923 3671/2927
f 3697/2924 3671/2927 3601/2925
f 3671/2927 3778/2923 3806/2926
f 3601/2925 3671/2927 3531/2928
f 3601/2925 3531/2928 3503/2929
f 3531/2928 3671/2927 3694/2930
f 3694/2930 3671/2927 3806/2926
f 3806/2926 3969/2921 3925/2931
f 3806/2926 3925/2931 3694/2930
f 4055/2932 3969/2921 4137/2918
f 3969/2921 4055/2932 3925/2931
f 4055/2932 4137/2918 4155/2922
f 4055/2932 4155/2922 4153/2933
f 4055/2932 4153/2933 3925/2931
f 4153/2933 4155/2922 4226/2919
f 3694/2930 3925/2931 4214/2934
f 4214/2934 3925/2931 4153/2933
f 4214/2934 4153/2933 4226/2919
f 3694/2930 4214/2934 4110/2935
f 4110/2935 4214/2934 4217/2936
f 4217/2936 4214/2934 4220/2937
f 4220/2937 4214/2934 4231/2938
f 4231/2938 4214/2934 4226/2919
f 4220/2937 4231/2938 4224/2939
f 4224/2939 4231/2938 4226/2919
f 4224/2939 4226/2919 4232/2920
f 4224/2939 4232/2920 4325/2940
f 4224/2939 4325/2940 4308/2941
f 4224/2939 4308/2941 4237/2942
f 4308/2941 4325/2940 4350/2943
f 4350/2943 4325/2940 4426/2944
f 4350/2943 4426/2944 4386/2945
f 4308/2941 4350/2943 4356/2946
f 4308/2941 4356/2946 4386/2945
f 4386/2945 4356/2946 4350/2943
f 398/2947 273/2948 192/2949
f 273/2948 398/2947 480/2950
f 273/2948 480/2950 461/2951
f 461/2951 480/2950 503/2952
f 503/2952 480/2950 513/2953
f 461/2951 503/2952 489/2954
f 503/2952 513/2953 490/2955
f 503/2952 490/2955 489/2954
f 490/2955 513/2953 328/2956
f 328/2956 513/2953 39/2957
f 489/2954 490/2955 393/2958
f 489/2954 393/2958 461/2951
f 490/2955 328/2956 351/2959
f 490/2955 351/2959 393/2958
f 461/2951 393/2958 370/2960
f 370/2960 393/2958 351/2959
f 461/2951 370/2960 273/2948
f 351/2959 328/2956 270/2961
f 351/2959 270/2961 370/2960
f 270/2961 328/2956 118/2962
f 273/2948 370/2960 252/2963
f 252/2963 370/2960 270/2961
f 273/2948 252/2963 140/2964
f 270/2961 118/2962 166/2965
f 140/2964 252/2963 199/2966
f 203/2967 166/2965 199/2966
f 166/2965 203/2967 270/2961
f 199/2966 252/2963 268/2968
f 199/2966 268/2968 203/2967
f 268/2968 252/2963 270/2961
f 268/2968 270/2961 203/2967
f 192/2969 273/2970 3447/2971
f 3447/2971 273/2970 3423/2972
f 3447/2971 3423/2972 3526/2973
f 3526/2973 3423/2972 3480/2974
f 3423/2972 273/2970 140/2975
f 3480/2974 3423/2972 19/2976
f 3480/2974 19/2976 3401/2977
f 118/2978 328/2979 3401/2977
f 118/2978 3401/2977 19/2976
f 19/2976 3423/2972 3396/2980
f 19/2976 3396/2980 74/2981
f 3396/2980 3423/2972 72/2982
f 3396/2980 72/2982 74/2981
f 72/2982 3423/2972 140/2975
f 19/2976 74/2981 108/2983
f 19/2976 108/2983 118/2978
f 108/2983 74/2981 72/2982
f 108/2983 72/2982 140/2975
f 118/2978 108/2983 166/2984
f 166/2984 108/2983 140/2975
f 166/2984 140/2975 199/2985
f 4680/2986 4672/2987 4684/2988
f 4684/2988 4672/2987 4714/2989
f 4684/2988 4714/2989 4655/2990
f 4684/2988 4655/2990 4658/2991
f 4658/2991 4655/2990 4740/2992
f 4740/2992 4655/2990 4714/2989
f 4658/2991 4740/2992 4751/2993
f 4740/2992 4714/2989 4771/2994
f 4740/2992 4771/2994 4751/2993
f 4771/2994 4714/2989 4672/2987
f 4751/2993 4771/2994 4814/2995
f 4771/2994 4672/2987 4766/2996
f 4766/2996 4672/2987 4787/2997
f 4766/2996 4787/2997 4840/2998
f 4771/2994 4766/2996 4801/2999
f 4771/2994 4801/2999 4814/2995
f 4801/2999 4766/2996 4840/2998
f 4801/2999 4840/2998 4796/3000
f 4796/3000 4840/2998 4748/3001
f 4814/2995 4801/2999 4742/3002
f 4814/2995 4742/3002 4761/3003
f 4801/2999 4796/3000 4664/3004
f 4664/3004 4796/3000 4748/3001
f 4742/3002 4801/2999 4709/3005
f 4709/3005 4801/2999 4664/3004
f 4742/3002 4709/3005 4688/3006
f 4664/3004 4748/3001 4587/3007
f 4587/3007 4748/3001 4644/3008
f 4587/3007 4644/3008 4509/3009
f 4664/3004 4587/3007 4582/3010
f 4742/3002 4688/3006 4690/3011
f 4742/3002 4690/3011 4761/3003
f 4688/3006 4709/3005 4645/3012
f 4688/3006 4645/3012 4690/3011
f 4679/3013 4709/3005 4664/3004
f 4709/3005 4679/3013 4645/3012
f 4690/3011 4645/3012 4649/3014
f 4649/3014 4645/3012 4679/3013
f 4761/3003 4690/3011 4678/3015
f 4678/3015 4690/3011 4649/3014
f 4678/3015 4649/3014 4679/3013
f 4678/3015 4679/3013 4664/3004
f 4678/3015 4664/3004 4582/3010
f 4761/3003 4678/3015 4657/3016
f 4678/3015 4582/3010 4599/3017
f 4678/3015 4599/3017 4657/3016
s 0
f 5054/3018 5281/3019 5414/3020
s 1
f 5054/3018 5414/3020 5279/3021
f 5054/3018 5279/3021 4715/3022
f 4715/3022 5279/3021 5198/3023
f 5279/3021 5414/3020 5628/3024
f 5198/3023 5279/3021 5366/3025
f 5366/3025 5279/3021 5628/3024
f 5198/3023 5366/3025 5416/3026
f 5416/3026 5366/3025 5617/3027
f 5617/3027 5366/3025 5628/3024
f 5628/3024 5414/3020 5727/3028
f 5727/3028 5414/3020 5748/3029
f 5628/3024 5727/3028 5809/3030
f 5809/3030 5727/3028 5802/3031
f 5617/3027 5628/3024 5722/3032
f 5722/3032 5628/3024 5809/3030
f 5617/3027 5722/3032 5625/3033
f 5722/3032 5809/3030 5772/3034
f 5625/3033 5722/3032 5724/3035
f 5724/3035 5722/3032 5772/3034
f 5625/3033 5724/3035 5660/3036
f 5660/3036 5724/3035 5772/3034
f 3526/3037 3509/3038 3619/3039
f 3509/3038 3526/3037 3480/3040
f 3619/3039 3509/3038 3538/3041
f 3538/3041 3509/3038 3480/3040
f 3526/3037 3619/3039 3625/3042
f 3526/3037 3625/3042 3447/3043
f 3447/3043 3625/3042 3921/3044
f 3625/3042 3619/3039 3668/3045
f 3668/3045 3619/3039 3538/3041
f 3538/3041 3480/3040 3727/3046
f 3538/3041 3727/3046 3668/3045
f 3727/3046 3480/3040 3401/3047
f 3727/3046 3401/3047 3800/3048
f 3921/3044 3625/3042 3773/3049
f 3773/3049 3625/3042 3668/3045
f 3727/3046 3800/3048 4148/3050
f 3668/3045 3727/3046 3836/3051
f 3668/3045 3836/3051 3773/3049
f 3727/3046 4148/3050 4039/3052
f 3727/3046 4039/3052 3937/3053
f 3727/3046 3937/3053 3836/3051
f 3773/3049 3836/3051 3795/3054
f 3773/3049 3795/3054 3776/3055
f 3776/3055 3795/3054 3874/3056
f 3776/3055 3874/3056 3773/3049
f 3874/3056 3795/3054 3836/3051
f 3773/3049 3874/3056 3938/3057
f 3938/3057 3874/3056 3836/3051
f 3773/3049 3938/3057 3921/3044
f 3938/3057 3836/3051 3937/3053
f 3921/3044 3938/3057 4048/3058
f 4048/3058 3938/3057 3937/3053
f 4048/3058 3937/3053 4039/3052
f 4048/3058 4039/3052 4041/3059
f 4041/3059 4039/3052 4037/3060
f 4048/3058 4041/3059 4121/3061
f 4121/3061 4041/3059 4037/3060
f 4037/3060 4039/3052 4147/3062
f 4037/3060 4147/3062 4121/3061
f 4147/3062 4039/3052 4130/3063
f 4130/3063 4039/3052 4148/3050
f 4121/3061 4147/3062 4204/3064
f 4121/3061 4204/3064 4048/3058
f 4204/3064 4147/3062 4130/3063
f 4048/3058 4204/3064 4209/3065
f 4209/3065 4204/3064 4232/3066
f 4130/3063 4148/3050 4227/3067
f 4130/3063 4227/3067 4204/3064
f 4227/3067 4148/3050 4225/3068
f 4227/3067 4225/3068 4219/3069
f 4204/3064 4227/3067 4236/3070
f 4204/3064 4236/3070 4232/3066
f 4236/3070 4227/3067 4219/3069
f 4232/3066 4236/3070 4255/3071
f 4236/3070 4219/3069 4206/3072
f 4171/3073 4255/3074 4194/3075
f 4194/3075 4255/3074 4236/3076
f 4171/3073 4194/3075 4141/3077
f 4194/3075 4236/3076 4206/3078
f 4141/3077 4194/3075 4132/3079
f 4132/3079 4194/3075 4206/3078
f 4132/3079 4206/3078 4056/3080
f 4056/3080 4206/3078 3916/3081
f 3916/3081 4206/3078 4219/3082
f 4132/3079 4056/3080 3981/3083
f 3916/3081 4219/3082 3955/3084
f 3955/3084 4219/3082 4225/3085
f 3955/3084 4225/3085 3957/3086
f 3955/3084 3957/3086 3700/3087
f 3955/3084 3700/3087 3916/3081
f 3700/3087 3957/3086 3699/3088
f 3916/3081 3700/3087 3713/3089
f 3916/3081 3713/3089 3847/3090
f 3916/3081 3847/3090 4056/3080
f 3847/3090 3713/3089 3677/3091
f 4056/3080 3847/3090 3946/3092
f 4056/3080 3946/3092 3981/3083
f 3847/3090 3677/3091 3754/3093
f 3847/3090 3754/3093 3946/3092
f 3754/3093 3677/3091 3701/3094
f 3946/3092 3754/3093 3979/3095
f 3946/3092 3979/3095 3981/3083
f 3754/3093 3701/3094 3861/3096
f 3754/3093 3861/3096 3979/3095
f 3861/3096 3701/3094 3895/3097
f 3895/3097 3701/3094 3706/3098
f 3979/3095 3861/3096 4062/3099
f 3979/3095 4062/3099 3981/3083
f 3861/3096 3895/3097 4077/3100
f 3861/3096 4077/3100 4062/3099
f 4077/3100 3895/3097 4073/3101
f 4077/3100 4073/3101 4196/3102
f 4077/3100 4196/3102 4256/3103
f 4077/3100 4256/3103 4062/3099
f 4256/3103 4196/3102 4310/3104
f 4310/3104 4196/3102 4313/3105
f 4256/3103 4310/3104 4319/3106
f 4256/3103 4319/3106 4197/3107
f 4256/3103 4197/3107 4062/3099
f 4197/3107 4319/3106 4311/3108
f 4197/3107 4311/3108 4186/3109
f 4186/3109 4311/3108 4404/3110
f 4197/3107 4186/3109 4163/3111
f 4197/3107 4163/3111 4062/3099
f 4062/3099 4163/3111 4092/3112
f 4062/3099 4092/3112 3981/3083
f 3981/3083 4092/3112 4177/3113
f 4177/3113 4092/3112 4305/3114
f 3981/3083 4177/3113 4132/3079
f 4132/3079 4177/3113 4203/3115
f 4203/3115 4177/3113 4343/3116
f 192/3117 114/3118 171/3119
f 171/3119 114/3118 145/3120
f 145/3120 114/3118 88/3121
f 894/3122 971/3123 801/3124
f 894/3122 801/3124 818/3125
f 894/3122 818/3125 869/3126
f 869/3126 818/3125 787/3127
f 818/3125 801/3124 762/3128
f 787/3127 818/3125 747/3129
f 747/3129 818/3125 762/3128
f 787/3127 747/3129 755/3130
f 787/3127 755/3130 772/3131
f 755/3130 747/3129 756/3132
f 756/3132 747/3129 762/3128
f 772/3131 755/3130 847/3133
f 847/3133 755/3130 756/3132
f 865/3134 762/3128 801/3124
f 865/3134 801/3124 971/3123
f 762/3128 865/3134 924/3135
f 865/3134 971/3123 1021/3136
f 762/3128 924/3135 927/3137
f 762/3128 927/3137 756/3132
f 924/3135 865/3134 994/3138
f 994/3138 865/3134 1021/3136
f 924/3135 994/3138 927/3137
f 1021/3136 971/3123 1087/3139
f 1021/3136 1087/3139 994/3138
f 1087/3139 971/3123 1103/3140
f 1087/3139 1103/3140 1176/3141
f 994/3138 1087/3139 1107/3142
f 1087/3139 1176/3141 1183/3143
f 1087/3139 1183/3143 1107/3142
f 1183/3143 1176/3141 1126/3144
f 1126/3144 1176/3141 1140/3145
f 1107/3142 1183/3143 1125/3146
f 1125/3146 1183/3143 1126/3144
f 994/3138 1107/3142 1054/3147
f 1054/3147 1107/3142 1125/3146
f 994/3138 1054/3147 927/3137
f 1126/3144 1140/3145 1105/3148
f 1105/3148 1140/3145 1151/3149
f 1105/3148 1151/3149 1167/3150
f 1125/3146 1126/3144 1043/3151
f 1043/3151 1126/3144 1105/3148
f 1125/3146 1043/3151 1054/3147
f 1105/3148 1167/3150 1094/3152
f 884/3153 927/3137 1054/3147
f 884/3153 1054/3147 1043/3151
f 927/3137 884/3153 756/3132
f 756/3132 884/3153 827/3154
f 827/3154 884/3153 1043/3151
f 756/3132 827/3154 847/3133
f 847/3133 827/3154 1043/3151
f 1069/3155 1043/3151 1105/3148
f 1043/3151 1069/3155 847/3133
f 1069/3155 1105/3148 1094/3152
f 847/3133 1069/3155 1056/3156
f 847/3133 1056/3156 772/3131
f 772/3131 1056/3156 1049/3157
f 1056/3156 1069/3155 1133/3158
f 1133/3158 1069/3155 1094/3152
f 1049/3157 1056/3156 1129/3159
f 1129/3159 1056/3156 1133/3158
f 1049/3157 1129/3159 1263/3160
f 1049/3157 1263/3160 1347/3161
f 1263/3160 1129/3159 1184/3162
f 1184/3162 1129/3159 1133/3158
f 1184/3162 1133/3158 1179/3163
f 1133/3158 1094/3152 1144/3164
f 1133/3158 1144/3164 1179/3163
f 1144/3164 1094/3152 1118/3165
f 1118/3165 1094/3152 1143/3166
f 1118/3165 1143/3166 1187/3167
f 1118/3165 1187/3167 1144/3164
f 1144/3164 1187/3167 1212/3168
f 1144/3164 1212/3168 1179/3163
f 1179/3163 1212/3168 1307/3169
f 1044/3170 1047/3171 870/3172
f 1044/3170 870/3172 858/3173
f 1047/3171 1044/3170 1164/3174
f 870/3172 1047/3171 977/3175
f 870/3172 977/3175 869/3176
f 1047/3171 1164/3174 1153/3177
f 1047/3171 1153/3177 977/3175
f 869/3176 977/3175 1086/3178
f 869/3176 1086/3178 894/3179
f 894/3179 1086/3178 971/3180
f 971/3180 1086/3178 1103/3181
f 1103/3181 1086/3178 1176/3182
f 1086/3178 977/3175 1155/3183
f 1086/3178 1155/3183 1176/3182
f 1155/3183 977/3175 1153/3177
f 1176/3182 1155/3183 1140/3184
f 1140/3184 1155/3183 1147/3185
f 1147/3185 1155/3183 1153/3177
f 1140/3184 1147/3185 1151/3186
f 1151/3186 1147/3185 1167/3187
f 1147/3185 1153/3177 1152/3188
f 1152/3188 1153/3177 1164/3174
f 1152/3188 1164/3174 1159/3189
f 1152/3188 1159/3189 1216/3190
f 1147/3185 1152/3188 1209/3191
f 1209/3191 1152/3188 1216/3190
f 1167/3187 1147/3185 1196/3192
f 1196/3192 1147/3185 1209/3191
f 1167/3187 1196/3192 1154/3193
f 1167/3187 1154/3193 1094/3194
f 1094/3194 1154/3193 1143/3195
f 1143/3195 1154/3193 1196/3192
f 1143/3195 1196/3192 1187/3196
f 1187/3196 1196/3192 1212/3197
f 1212/3197 1196/3192 1307/3198
f 1196/3192 1209/3191 1261/3199
f 1196/3192 1261/3199 1307/3198
f 1238/3200 1209/3191 1216/3190
f 1209/3191 1238/3200 1261/3199
f 1238/3200 1216/3190 1237/3201
f 1238/3200 1237/3201 1453/3202
f 1261/3199 1238/3200 1427/3203
f 1261/3199 1427/3203 1307/3198
f 1427/3203 1238/3200 1453/3202
f 1307/3198 1427/3203 1556/3204
f 1427/3203 1453/3202 1576/3205
f 1576/3205 1453/3202 1596/3206
f 1556/3204 1427/3203 1593/3207
f 1593/3207 1427/3203 1576/3205
f 1556/3204 1593/3207 1590/3208
f 1576/3205 1596/3206 1603/3209
f 1576/3205 1603/3209 1593/3207
f 1603/3209 1596/3206 1604/3210
f 1590/3208 1593/3207 1609/3211
f 1603/3209 1604/3210 1595/3212
f 1603/3209 1595/3212 1593/3207
f 1595/3212 1604/3210 1599/3213
f 1599/3213 1604/3210 1601/3214
f 1593/3207 1595/3212 1605/3215
f 1593/3207 1605/3215 1609/3211
f 1605/3215 1595/3212 1599/3213
f 1609/3211 1605/3215 1594/3216
f 1594/3216 1605/3215 1599/3213
f 857/3217 1016/3218 858/3219
f 857/3217 858/3219 807/3220
f 858/3219 1016/3218 1044/3221
f 1044/3221 1016/3218 1165/3222
f 1044/3221 1165/3222 1164/3223
f 1165/3222 1016/3218 1091/3224
f 1165/3222 1091/3224 1170/3225
f 1164/3223 1165/3222 1159/3226
f 1165/3222 1170/3225 1149/3227
f 1165/3222 1149/3227 1159/3226
f 1149/3227 1170/3225 1348/3228
f 1159/3226 1149/3227 1182/3229
f 1182/3229 1149/3227 1348/3228
f 1159/3226 1182/3229 1210/3230
f 1182/3229 1348/3228 1244/3231
f 1182/3229 1244/3231 1210/3230
f 1244/3231 1348/3228 1489/3232
f 1159/3226 1210/3230 1237/3233
f 1237/3233 1210/3230 1244/3231
f 1237/3233 1244/3231 1489/3232
f 1159/3226 1237/3233 1216/3234
f 1237/3233 1489/3232 1487/3235
f 1237/3233 1487/3235 1453/3236
f 1453/3236 1487/3235 1586/3237
f 1586/3237 1487/3235 1602/3238
f 1453/3236 1586/3237 1596/3239
f 1596/3239 1586/3237 1604/3240
f 1604/3240 1586/3237 1606/3241
f 1604/3240 1606/3241 1601/3242
f 2351/3243 2453/3244 2533/3245
f 2388/3246 2299/3247 2351/3243
f 2351/3243 2299/3247 2365/3248
f 2365/3248 2299/3247 2303/3249
f 2453/3244 2351/3243 2325/3250
f 2325/3250 2351/3243 2365/3248
f 2365/3248 2303/3249 2307/3251
f 2365/3248 2307/3251 2325/3250
f 2307/3251 2303/3249 2319/3252
f 2453/3244 2325/3250 2350/3253
f 2350/3253 2325/3250 2307/3251
f 2453/3244 2350/3253 2526/3254
f 2307/3251 2319/3252 2312/3255
f 2526/3254 2350/3253 2501/3256
f 2501/3256 2350/3253 2418/3257
f 2501/3256 2418/3257 2628/3258
f 2418/3257 2350/3253 2496/3259
f 2418/3257 2496/3259 2628/3258
f 2496/3259 2350/3253 2366/3260
f 2366/3260 2350/3253 2307/3251
f 2628/3258 2496/3259 2540/3261
f 2540/3261 2496/3259 2366/3260
f 2628/3258 2540/3261 2634/3262
f 2628/3258 2634/3262 2699/3263
f 2540/3261 2366/3260 2397/3264
f 2540/3261 2397/3264 2634/3262
f 2366/3260 2307/3251 2364/3265
f 2366/3260 2364/3265 2397/3264
f 2634/3262 2397/3264 2474/3266
f 2474/3266 2397/3264 2364/3265
f 2634/3262 2474/3266 2675/3267
f 2634/3262 2675/3267 2704/3268
f 2474/3266 2364/3265 2565/3269
f 2474/3266 2565/3269 2675/3267
f 2704/3268 2675/3267 2659/3270
f 2565/3269 2364/3265 2462/3271
f 2462/3271 2364/3265 2307/3251
f 2675/3267 2565/3269 2573/3272
f 2573/3272 2565/3269 2462/3271
f 2659/3270 2675/3267 2676/3273
f 2676/3273 2675/3267 2573/3272
f 2462/3271 2307/3251 2420/3274
f 2462/3271 2420/3274 2573/3272
f 2420/3274 2307/3251 2312/3255
f 2573/3272 2420/3274 2438/3275
f 2573/3272 2438/3275 2676/3273
f 2420/3274 2312/3255 2335/3276
f 2335/3276 2312/3255 2324/3277
f 2438/3275 2420/3274 2330/3278
f 2330/3278 2420/3274 2335/3276
f 2676/3273 2438/3275 2441/3279
f 2441/3279 2438/3275 2330/3278
f 2330/3278 2335/3276 2359/3280
f 2330/3278 2359/3280 2441/3279
f 2335/3276 2324/3277 2614/3281
f 2335/3276 2614/3281 2359/3280
f 2441/3279 2359/3280 2612/3282
f 2441/3279 2612/3282 2676/3273
f 2612/3282 2359/3280 2614/3281
f 2676/3273 2612/3282 2709/3283
f 2676/3273 2709/3283 2659/3270
f 2659/3270 2709/3283 2613/3284
f 2709/3283 2612/3282 2820/3285
f 2709/3283 2820/3285 2613/3284
f 2820/3285 2612/3282 2614/3281
f 2613/3284 2820/3285 2610/3286
f 2820/3285 2614/3281 2900/3287
f 2820/3285 2900/3287 2610/3286
f 2626/3288 2614/3281 2324/3277
f 2626/3288 2324/3277 2321/3289
f 2614/3281 2626/3288 2875/3290
f 2614/3281 2875/3290 2900/3287
f 2626/3288 2321/3289 2552/3291
f 2552/3291 2321/3289 2398/3292
f 2875/3290 2626/3288 2848/3293
f 2848/3293 2626/3288 2552/3291
f 2552/3291 2398/3292 2726/3294
f 2726/3294 2398/3292 2448/3295
f 2552/3291 2726/3294 2865/3296
f 2848/3293 2552/3291 2869/3297
f 2869/3297 2552/3291 2865/3296
f 2848/3293 2869/3297 2840/3298
f 2869/3297 2865/3296 3011/3299
f 3011/3299 2865/3296 2987/3300
f 3011/3299 2987/3300 3160/3301
f 3011/3299 3160/3301 3109/3302
f 2869/3297 3011/3299 2937/3303
f 2937/3303 3011/3299 3109/3302
f 2869/3297 2937/3303 2840/3298
f 2937/3303 3109/3302 2948/3304
f 2937/3303 2948/3304 2840/3298
f 2948/3304 3109/3302 2954/3305
f 2845/3306 2848/3293 2840/3298
f 2848/3293 2845/3306 2875/3290
f 2840/3298 2948/3304 2769/3307
f 2769/3307 2948/3304 2954/3305
f 2845/3306 2840/3298 2817/3308
f 2817/3308 2840/3298 2769/3307
f 2954/3305 3109/3302 2983/3309
f 2983/3309 3109/3302 3155/3310
f 2983/3309 3155/3310 3057/3311
f 2954/3305 2983/3309 2772/3312
f 2954/3305 2772/3312 2769/3307
f 2983/3309 3057/3311 2959/3313
f 2772/3312 2983/3309 2757/3314
f 2757/3314 2983/3309 2959/3313
f 2772/3312 2757/3314 2742/3315
f 2772/3312 2742/3315 2769/3307
f 2757/3314 2959/3313 2801/3316
f 2959/3313 3057/3311 2950/3317
f 2959/3313 2950/3317 2801/3316
f 2950/3317 3057/3311 3049/3318
f 2769/3307 2742/3315 2766/3319
f 2950/3317 3049/3318 2963/3320
f 2963/3320 3049/3318 2992/3321
f 2579/3322 2742/3315 2757/3314
f 2579/3322 2757/3314 2801/3316
f 2766/3319 2742/3315 2629/3323
f 2629/3323 2742/3315 2579/3322
f 2950/3317 2963/3320 2870/3324
f 2950/3317 2870/3324 2801/3316
f 2870/3324 2963/3320 2907/3325
f 2907/3325 2963/3320 2909/3326
f 2907/3325 2909/3326 2910/3327
f 2907/3325 2910/3327 2870/3324
f 2870/3324 2910/3327 2673/3328
f 2870/3324 2673/3328 2801/3316
f 2673/3328 2910/3327 2753/3329
f 2601/3330 2579/3322 2801/3316
f 2601/3330 2801/3316 2673/3328
f 2579/3322 2601/3330 2379/3331
f 2601/3330 2673/3328 2374/3332
f 2601/3330 2374/3332 2379/3331
f 2374/3332 2673/3328 2566/3333
f 2579/3322 2379/3331 2419/3334
f 2419/3334 2379/3331 2374/3332
f 2579/3322 2419/3334 2629/3323
f 2419/3334 2374/3332 2377/3335
f 2377/3335 2374/3332 2384/3336
f 2419/3334 2377/3335 2492/3337
f 2419/3334 2492/3337 2629/3323
f 2492/3337 2377/3335 2427/3338
f 2427/3338 2377/3335 2477/3339
f 2427/3338 2477/3339 2632/3340
f 2492/3337 2427/3338 2575/3341
f 2575/3341 2427/3338 2632/3340
f 2492/3337 2575/3341 2629/3323
f 2629/3323 2575/3341 2623/3342
f 2575/3341 2632/3340 2740/3343
f 2575/3341 2740/3343 2623/3342
f 2623/3342 2740/3343 2629/3323
f 2629/3323 2740/3343 2766/3319
f 2740/3343 2632/3340 2752/3344
f 2766/3319 2740/3343 2769/3307
f 2769/3307 2740/3343 2739/3345
f 2769/3307 2739/3345 2817/3308
f 2740/3343 2752/3344 2737/3346
f 2740/3343 2737/3346 2739/3345
f 2737/3346 2752/3344 2744/3347
f 2737/3346 2744/3347 2760/3348
f 2739/3345 2737/3346 2741/3349
f 2739/3345 2741/3349 2817/3308
f 2741/3349 2737/3346 2760/3348
f 2817/3308 2741/3349 2824/3350
f 2741/3349 2760/3348 2763/3351
f 2741/3349 2763/3351 2824/3350
f 2763/3351 2760/3348 2787/3352
f 2817/3308 2824/3350 2845/3306
f 2763/3351 2787/3352 2721/3353
f 2721/3353 2787/3352 2707/3354
f 2721/3353 2707/3354 2694/3355
f 2763/3351 2721/3353 2786/3356
f 2763/3351 2786/3356 2824/3350
f 2721/3353 2694/3355 2723/3357
f 2721/3353 2723/3357 2786/3356
f 2723/3357 2694/3355 2755/3358
f 2723/3357 2755/3358 2790/3359
f 2723/3357 2790/3359 2786/3356
f 2790/3359 2755/3358 2811/3360
f 2790/3359 2811/3360 2813/3361
f 2786/3356 2790/3359 2808/3362
f 2808/3362 2790/3359 2813/3361
f 2786/3356 2808/3362 2847/3363
f 2786/3356 2847/3363 2824/3350
f 2808/3362 2813/3361 2855/3364
f 2855/3364 2813/3361 2851/3365
f 2847/3363 2808/3362 2884/3366
f 2884/3366 2808/3362 2855/3364
f 2824/3350 2847/3363 2878/3367
f 2878/3367 2847/3363 2884/3366
f 2824/3350 2878/3367 2845/3306
f 2845/3306 2878/3367 2875/3290
f 2875/3290 2878/3367 2900/3287
f 2900/3287 2878/3367 2884/3366
f 2884/3366 2855/3364 2863/3368
f 2884/3366 2863/3368 2903/3369
f 2863/3368 2855/3364 2832/3370
f 2863/3368 2832/3370 2903/3369
f 2903/3369 2832/3370 2899/3371
f 2884/3366 2903/3369 2914/3372
f 2900/3287 2884/3366 2896/3373
f 2896/3373 2884/3366 2914/3372
f 2900/3287 2896/3373 2610/3286
f 2896/3373 2914/3372 2728/3374
f 2896/3373 2728/3374 2610/3286
f 2711/3375 2666/3376 2832/3370
f 2711/3375 2832/3370 2777/3377
f 2777/3377 2832/3370 2837/3378
f 2711/3375 2777/3377 2729/3379
f 2729/3379 2777/3377 2837/3378
f 2711/3375 2729/3379 2596/3380
f 2596/3380 2729/3379 2242/3381
f 2242/3381 2729/3379 2213/3382
f 2213/3382 2729/3379 2662/3383
f 2837/3378 2832/3370 2842/3384
f 2837/3378 2842/3384 2729/3379
f 2842/3384 2832/3370 2855/3364
f 2842/3384 2855/3364 2851/3365
f 2729/3379 2842/3384 2734/3385
f 2729/3379 2734/3385 2662/3383
f 2842/3384 2851/3365 2876/3386
f 2876/3386 2851/3365 2856/3387
f 2876/3386 2856/3387 2809/3388
f 2842/3384 2876/3386 2825/3389
f 2842/3384 2825/3389 2734/3385
f 2876/3386 2809/3388 2806/3390
f 2876/3386 2806/3390 2825/3389
f 2806/3390 2809/3388 2745/3391
f 2806/3390 2745/3391 2825/3389
f 2825/3389 2745/3391 2734/3385
f 2734/3385 2745/3391 2662/3383
f 2745/3391 2809/3388 2751/3392
f 2745/3391 2751/3392 2662/3383
f 4051/3393 4043/3394 4114/3395
f 4114/3395 4043/3394 4159/3396
f 4051/3393 4114/3395 4151/3397
f 4151/3397 4114/3395 4159/3396
f 4151/3397 4159/3396 4249/3398
f 4249/3398 4159/3396 4240/3399
f 4151/3397 4249/3398 4170/3400
f 4240/3399 4159/3396 4113/3401
f 4113/3401 4159/3396 4043/3394
f 4170/3400 4249/3398 4302/3402
f 4240/3399 4113/3401 4161/3403
f 4240/3399 4161/3403 4296/3404
f 4296/3404 4161/3403 4149/3405
f 4161/3403 4113/3401 3982/3406
f 4161/3403 3982/3406 4149/3405
f 3982/3406 4113/3401 4043/3394
f 4149/3405 3982/3406 3964/3407
f 4149/3405 3964/3407 3976/3408
f 3976/3408 3964/3407 3852/3409
f 3964/3407 3982/3406 3814/3410
f 3964/3407 3814/3410 3852/3409
f 3982/3406 4043/3394 3759/3411
f 3982/3406 3759/3411 3814/3410
f 3852/3409 3814/3410 3655/3412
f 3759/3411 4043/3394 3869/3413
f 3814/3410 3759/3411 3644/3414
f 3814/3410 3644/3414 3655/3412
f 3852/3409 3655/3412 3642/3415
f 3852/3409 3642/3415 3731/3416
f 3869/3413 4043/3394 4051/3393
f 3642/3415 3655/3412 3555/3417
f 3731/3416 3642/3415 3581/3418
f 3581/3418 3642/3415 3555/3417
f 3772/3419 3759/3411 3869/3413
f 3759/3411 3772/3419 3669/3420
f 3759/3411 3669/3420 3644/3414
f 3772/3419 3869/3413 3664/3421
f 3772/3419 3664/3421 3669/3420
f 3644/3414 3669/3420 3532/3422
f 3532/3422 3669/3420 3664/3421
f 3600/3423 3655/3412 3644/3414
f 3655/3412 3600/3423 3555/3417
f 3600/3423 3644/3414 3525/3424
f 3525/3424 3644/3414 3532/3422
f 3555/3417 3600/3423 3557/3425
f 3557/3425 3600/3423 3525/3424
f 3557/3425 3525/3424 3555/3417
f 3555/3417 3525/3424 3512/3426
f 3512/3426 3525/3424 3532/3422
f 3555/3417 3512/3426 3581/3418
f 3866/3427 3664/3421 3869/3413
f 3866/3427 3869/3413 4051/3393
f 3632/3428 3532/3422 3664/3421
f 3664/3421 3866/3427 3691/3429
f 3664/3421 3691/3429 3632/3428
f 3866/3427 4051/3393 3843/3430
f 3866/3427 3843/3430 3691/3429
f 3547/3431 3512/3426 3532/3422
f 3547/3431 3532/3422 3632/3428
f 3512/3426 3547/3431 3595/3432
f 3547/3431 3632/3428 3611/3433
f 3547/3431 3611/3433 3595/3432
f 3659/3434 3632/3428 3691/3429
f 3632/3428 3659/3434 3611/3433
f 3611/3433 3659/3434 3660/3435
f 3611/3433 3660/3435 3602/3436
f 3660/3435 3659/3434 3712/3437
f 3659/3434 3691/3429 3752/3438
f 3659/3434 3752/3438 3712/3437
f 3752/3438 3691/3429 3843/3430
f 3752/3438 3843/3430 3850/3439
f 3712/3437 3752/3438 3854/3440
f 3854/3440 3752/3438 3850/3439
f 3850/3439 3843/3430 3943/3441
f 3850/3439 3943/3441 3854/3440
f 3943/3441 3843/3430 4091/3442
f 4091/3442 3843/3430 4051/3393
f 4091/3442 4051/3393 4151/3397
f 3712/3437 3854/3440 3846/3443
f 3712/3437 3846/3443 3873/3444
f 3712/3437 3873/3444 3892/3445
f 3892/3445 3873/3444 3911/3446
f 3911/3446 3873/3444 3846/3443
f 3911/3446 3846/3443 3854/3440
f 3911/3446 3854/3440 4070/3447
f 4070/3447 3854/3440 3943/3441
f 3911/3446 4070/3447 4111/3448
f 4070/3447 3943/3441 4091/3442
f 4111/3448 4070/3447 4154/3449
f 4091/3442 4151/3397 4170/3400
f 4154/3449 4070/3447 4128/3450
f 4128/3450 4070/3447 4091/3442
f 4128/3450 4091/3442 4133/3451
f 4133/3451 4091/3442 4170/3400
f 4128/3450 4133/3451 4175/3452
f 4133/3451 4170/3400 4201/3453
f 4133/3451 4201/3453 4175/3452
f 4128/3450 4175/3452 4202/3454
f 4128/3450 4202/3454 4154/3449
f 4202/3454 4175/3452 4201/3453
f 4201/3453 4170/3400 4292/3455
f 4201/3453 4292/3455 4202/3454
f 4202/3454 4292/3455 4154/3449
f 4154/3449 4292/3455 4293/3456
f 4292/3455 4170/3400 4302/3402
f 4292/3455 4302/3402 4344/3457
f 4073/3458 3911/3459 4111/3460
f 3911/3459 4073/3458 3892/3461
f 3892/3461 4073/3458 3895/3462
f 3892/3461 3895/3462 3706/3463
f 3892/3461 3706/3463 3712/3464
f 4073/3458 4111/3460 4178/3465
f 4073/3458 4178/3465 4196/3466
f 4196/3466 4178/3465 4313/3467
f 4178/3465 4111/3460 4135/3468
f 4135/3468 4111/3460 4154/3469
f 4135/3468 4154/3469 4168/3470
f 4178/3465 4135/3468 4207/3471
f 4207/3471 4135/3468 4168/3470
f 4168/3470 4154/3469 4293/3472
f 4168/3470 4293/3472 4207/3471
f 4207/3471 4293/3472 4178/3465
f 4178/3465 4293/3472 4313/3467
f 4313/3467 4293/3472 4304/3473
f 4313/3467 4304/3473 4306/3474
f 2179/3475 1963/3476 1878/3477
f 2179/3475 1878/3477 2063/3478
f 2179/3475 2063/3478 2191/3479
f 2191/3479 2063/3478 2141/3480
f 2191/3479 2141/3480 2217/3481
f 2141/3480 2063/3478 2047/3482
f 2141/3480 2047/3482 2127/3483
f 2047/3482 2063/3478 1754/3484
f 1754/3484 2063/3478 1878/3477
f 2047/3482 1754/3484 2087/3485
f 2141/3480 2127/3483 2171/3486
f 2141/3480 2171/3486 2217/3481
f 2171/3486 2127/3483 2150/3487
f 2171/3486 2150/3487 2169/3488
f 2169/3488 2150/3487 2174/3489
f 2171/3486 2169/3488 2207/3490
f 2207/3490 2169/3488 2174/3489
f 2207/3490 2174/3489 2209/3491
f 2209/3491 2174/3489 2204/3492
f 2209/3491 2204/3492 2357/3493
f 2231/3494 2217/3481 2171/3486
f 2231/3494 2171/3486 2207/3490
f 2217/3481 2231/3494 2252/3495
f 2217/3481 2252/3495 2236/3496
f 2231/3494 2207/3490 2243/3497
f 2231/3494 2243/3497 2252/3495
f 2243/3497 2207/3490 2234/3498
f 2243/3497 2234/3498 2255/3499
f 2252/3495 2243/3497 2276/3500
f 2276/3500 2243/3497 2255/3499
f 2252/3495 2276/3500 2236/3496
f 2276/3500 2255/3499 2413/3501
f 2276/3500 2413/3501 2245/3502
f 2276/3500 2245/3502 2236/3496
f 2236/3496 2245/3502 2261/3503
f 17/3504 3412/3505 3494/3506
f 17/3504 3494/3506 69/3507
f 17/3504 69/3507 168/3508
f 3494/3506 3412/3505 3539/3509
f 208/3510 195/3511 168/3508
f 3412/3505 17/3504 10/3512
f 3412/3505 10/3512 3539/3509
f 17/3504 168/3508 21/3513
f 21/3513 168/3508 195/3511
f 17/3504 21/3513 10/3512
f 21/3513 195/3511 139/3514
f 10/3512 21/3513 3534/3515
f 10/3512 3534/3515 3539/3509
f 3534/3515 21/3513 139/3514
f 3534/3515 139/3514 3376/3516
f 3376/3516 139/3514 281/3517
f 3539/3509 3534/3515 3558/3518
f 3539/3509 3558/3518 3494/3506
f 3558/3518 3534/3515 3607/3519
f 3494/3506 3558/3518 3658/3520
f 3558/3518 3607/3519 3656/3521
f 3558/3518 3656/3521 3658/3520
f 3656/3521 3607/3519 3660/3522
f 3658/3520 3656/3521 3706/3523
f 3656/3521 3660/3522 3712/3524
f 3656/3521 3712/3524 3706/3523
f 4249/3525 4307/3526 4302/3527
f 4307/3526 4249/3525 4240/3528
f 4302/3527 4307/3526 4357/3529
f 4307/3526 4240/3528 4345/3530
f 4307/3526 4345/3530 4357/3529
f 4302/3527 4357/3529 4344/3531
f 4345/3530 4240/3528 4296/3532
f 4357/3529 4345/3530 4364/3533
f 4364/3533 4345/3530 4296/3532
f 4344/3531 4357/3529 4383/3534
f 4383/3534 4357/3529 4364/3533
f 4344/3531 4383/3534 4321/3535
f 4344/3531 4321/3535 4292/3536
f 4292/3536 4321/3535 4279/3537
f 4292/3536 4279/3537 4293/3538
f 4293/3538 4279/3537 4287/3539
f 4279/3537 4321/3535 4323/3540
f 4279/3537 4323/3540 4287/3539
f 4323/3540 4321/3535 4383/3534
f 4287/3539 4323/3540 4281/3541
f 4287/3539 4281/3541 4284/3542
f 4284/3542 4281/3541 4323/3540
f 4284/3542 4323/3540 4373/3543
f 4373/3543 4323/3540 4383/3534
f 4284/3542 4373/3543 4273/3544
f 4273/3544 4373/3543 4324/3545
f 4273/3544 4324/3545 4127/3546
f 4127/3546 4324/3545 4195/3547
f 4324/3545 4373/3543 4367/3548
f 4367/3548 4373/3543 4383/3534
f 4195/3547 4324/3545 4312/3549
f 4312/3549 4324/3545 4367/3548
f 4195/3547 4312/3549 4106/3550
f 4312/3549 4367/3548 4289/3551
f 4106/3550 4312/3549 4239/3552
f 4239/3552 4312/3549 4289/3551
f 4106/3550 4239/3552 4117/3553
f 4289/3551 4367/3548 4329/3554
f 4289/3551 4329/3554 4239/3552
f 4377/3555 4367/3548 4383/3534
f 4367/3548 4377/3555 4329/3554
f 4377/3555 4383/3534 4364/3533
f 4329/3554 4377/3555 4342/3556
f 4377/3555 4364/3533 4316/3557
f 4377/3555 4316/3557 4342/3556
f 4316/3557 4364/3533 4296/3532
f 4329/3554 4342/3556 4295/3558
f 4295/3558 4342/3556 4316/3557
f 4329/3554 4295/3558 4239/3552
f 4316/3557 4296/3532 4229/3559
f 4316/3557 4229/3559 4295/3558
f 4295/3558 4229/3559 4239/3552
f 4239/3552 4229/3559 4117/3553
f 4229/3559 4296/3532 4149/3560
f 4117/3553 4229/3559 4082/3561
f 4082/3561 4229/3559 4149/3560
f 4117/3553 4082/3561 3976/3562
f 3976/3562 4082/3561 4149/3560
f 4599/3563 4582/3564 4618/3565
f 4587/3566 4594/3567 4582/3564
f 4582/3564 4594/3567 4618/3565
f 4599/3563 4618/3565 4598/3568
f 4599/3563 4598/3568 4624/3569
f 4624/3569 4598/3568 4647/3570
f 4647/3570 4598/3568 4618/3565
f 4624/3569 4647/3570 4653/3571
f 4618/3565 4594/3567 4638/3572
f 4618/3565 4638/3572 4647/3570
f 4638/3572 4594/3567 4563/3573
f 4638/3572 4563/3573 4596/3574
f 4638/3572 4596/3574 4476/3575
f 4638/3572 4476/3575 4647/3570
f 4476/3575 4596/3574 4480/3576
f 4592/3577 4653/3571 4647/3570
f 4592/3577 4647/3570 4476/3575
f 4653/3571 4592/3577 4621/3578
f 4476/3575 4480/3576 4425/3579
f 4592/3577 4476/3575 4423/3580
f 4423/3580 4476/3575 4425/3579
f 4592/3577 4423/3580 4459/3581
f 4592/3577 4459/3581 4603/3582
f 4603/3582 4459/3581 4569/3583
f 4459/3581 4423/3580 4379/3584
f 4379/3584 4423/3580 4425/3579
f 4569/3583 4459/3581 4667/3585
f 4569/3583 4667/3585 4700/3586
f 4700/3586 4667/3585 4930/3587
f 4773/3588 5025/3589 4930/3587
f 4773/3588 4930/3587 4667/3585
f 4773/3588 4667/3585 4437/3590
f 4667/3585 4459/3581 4351/3591
f 4351/3591 4459/3581 4379/3584
f 4437/3590 4667/3585 4388/3592
f 4388/3592 4667/3585 4351/3591
f 4437/3590 4388/3592 4394/3593
f 4394/3593 4388/3592 4351/3591
f 4394/3593 4351/3591 4379/3584
f 4437/3590 4394/3593 4455/3594
f 4455/3594 4394/3593 4442/3595
f 4394/3593 4379/3584 4348/3596
f 4348/3596 4379/3584 4425/3579
f 4348/3596 4425/3579 4429/3597
f 4348/3596 4429/3597 4328/3598
f 4394/3593 4348/3596 4395/3599
f 4395/3599 4348/3596 4328/3598
f 4394/3593 4395/3599 4442/3595
f 4395/3599 4328/3598 4354/3600
f 4442/3595 4395/3599 4407/3601
f 4407/3601 4395/3599 4354/3600
f 369/3602 292/3603 168/3604
f 168/3604 292/3603 208/3605
f 369/3602 168/3604 212/3606
f 208/3605 292/3603 251/3607
f 208/3605 251/3607 195/3608
f 251/3607 292/3603 485/3609
f 485/3609 292/3603 369/3602
f 195/3608 251/3607 443/3610
f 195/3608 443/3610 139/3611
f 251/3607 485/3609 468/3612
f 251/3607 468/3612 443/3610
f 468/3612 485/3609 487/3613
f 468/3612 487/3613 443/3610
f 487/3613 485/3609 369/3602
f 139/3611 443/3610 281/3614
f 443/3610 487/3613 655/3615
f 367/3616 3376/3617 281/3614
f 281/3614 443/3610 630/3618
f 281/3614 630/3618 367/3616
f 726/3619 367/3616 788/3620
f 788/3620 367/3616 630/3618
f 443/3610 655/3615 598/3621
f 443/3610 598/3621 630/3618
f 788/3620 630/3618 777/3622
f 788/3620 777/3622 838/3623
f 630/3618 598/3621 666/3624
f 666/3624 598/3621 655/3615
f 838/3623 777/3622 876/3625
f 630/3618 666/3624 684/3626
f 630/3618 684/3626 777/3622
f 666/3624 655/3615 688/3627
f 666/3624 688/3627 684/3626
f 777/3622 684/3626 783/3628
f 684/3626 688/3627 749/3629
f 684/3626 749/3629 783/3628
f 688/3627 655/3615 798/3630
f 688/3627 798/3630 749/3629
f 783/3628 749/3629 867/3631
f 783/3628 867/3631 777/3622
f 867/3631 749/3629 798/3630
f 777/3622 867/3631 862/3632
f 777/3622 862/3632 876/3625
f 862/3632 867/3631 798/3630
f 876/3625 862/3632 949/3633
f 876/3625 949/3633 1011/3634
f 1011/3634 949/3633 948/3635
f 948/3635 949/3633 862/3632
f 862/3632 798/3630 861/3636
f 862/3632 861/3636 948/3635
f 861/3636 798/3630 678/3637
f 948/3635 861/3636 779/3638
f 779/3638 861/3636 678/3637
f 635/3639 798/3630 655/3615
f 798/3630 635/3639 678/3637
f 635/3639 655/3615 487/3613
f 635/3639 487/3613 369/3602
f 635/3639 369/3602 678/3637
f 678/3637 369/3602 493/3640
f 493/3640 369/3602 287/3641
f 287/3641 369/3602 212/3606
f 287/3641 212/3606 170/3642
f 287/3641 170/3642 231/3643
f 231/3643 170/3642 158/3644
f 231/3643 158/3644 137/3645
f 231/3643 137/3645 265/3646
f 231/3643 265/3646 287/3641
f 265/3646 137/3645 223/3647
f 287/3641 265/3646 339/3648
f 287/3641 339/3648 493/3640
f 265/3646 223/3647 385/3649
f 265/3646 385/3649 339/3648
f 339/3648 385/3649 442/3650
f 339/3648 442/3650 493/3640
f 385/3649 223/3647 523/3651
f 385/3649 523/3651 442/3650
f 442/3650 523/3651 493/3640
f 523/3651 223/3647 626/3652
f 493/3640 523/3651 583/3653
f 523/3651 626/3652 618/3654
f 523/3651 618/3654 583/3653
f 618/3654 626/3652 737/3655
f 493/3640 583/3653 651/3656
f 651/3656 583/3653 618/3654
f 493/3640 651/3656 678/3637
f 618/3654 737/3655 695/3657
f 618/3654 695/3657 651/3656
f 678/3637 651/3656 779/3638
f 779/3638 651/3656 695/3657
f 779/3638 695/3657 737/3655
f 779/3638 737/3655 816/3658
f 816/3658 737/3655 784/3659
f 779/3638 816/3658 938/3660
f 779/3638 938/3660 948/3635
f 948/3635 938/3660 1022/3661
f 1022/3661 938/3660 893/3662
f 809/3663 893/3662 784/3659
f 938/3660 816/3658 877/3664
f 938/3660 877/3664 893/3662
f 877/3664 816/3658 784/3659
f 877/3664 784/3659 893/3662
f 107/3665 170/3666 3391/3667
f 170/3666 107/3665 158/3668
f 3391/3667 170/3666 212/3669
f 158/3668 107/3665 137/3670
f 168/3671 69/3672 212/3669
f 212/3669 69/3672 3494/3673
f 212/3669 3494/3673 3391/3667
f 137/3670 107/3665 85/3674
f 85/3674 107/3665 3391/3667
f 137/3670 85/3674 34/3675
f 3391/3667 3494/3673 3573/3676
f 137/3670 34/3675 3392/3677
f 137/3670 3392/3677 223/3678
f 34/3675 85/3674 3381/3679
f 3381/3679 85/3674 3391/3667
f 34/3675 3381/3679 3392/3677
f 3573/3676 3494/3673 3658/3680
f 3392/3677 3381/3679 3435/3681
f 3381/3679 3391/3667 3469/3682
f 3381/3679 3469/3682 3435/3681
f 3469/3682 3391/3667 3573/3676
f 3392/3677 3435/3681 3444/3683
f 3444/3683 3435/3681 3469/3682
f 3392/3677 3444/3683 3499/3684
f 3392/3677 3499/3684 3569/3685
f 3444/3683 3469/3682 3495/3686
f 3495/3686 3469/3682 3573/3676
f 3444/3683 3495/3686 3499/3684
f 3499/3684 3495/3686 3568/3687
f 3499/3684 3568/3687 3569/3685
f 3568/3687 3495/3686 3573/3676
f 3569/3685 3568/3687 3629/3688
f 3629/3688 3568/3687 3573/3676
f 3629/3688 3573/3676 3658/3680
f 3569/3685 3629/3688 3638/3689
f 3638/3689 3629/3688 3658/3680
f 3638/3689 3658/3680 3706/3690
f 4614/3691 4599/3692 4601/3693
f 4601/3693 4599/3692 4624/3694
f 4601/3693 4624/3694 4654/3695
f 4601/3693 4654/3695 4743/3696
f 5010/3697 4892/3698 4743/3696
f 5010/3697 4743/3696 4898/3699
f 5010/3697 4898/3699 5082/3700
f 4898/3699 4743/3696 4818/3701
f 4818/3701 4743/3696 4654/3695
f 5082/3700 4898/3699 4985/3702
f 4985/3702 4898/3699 4818/3701
f 5132/3703 5082/3700 5084/3704
f 5084/3704 5082/3700 5026/3705
f 5026/3705 5082/3700 4985/3702
f 5084/3704 5026/3705 5050/3706
f 5050/3706 5026/3705 5005/3707
f 5005/3707 5026/3705 4999/3708
f 4999/3708 5026/3705 4985/3702
f 4999/3708 4985/3702 4963/3709
f 4999/3708 4963/3709 4945/3710
f 4945/3710 4963/3709 4875/3711
f 4963/3709 4985/3702 4956/3712
f 4963/3709 4956/3712 4875/3711
f 4945/3710 4875/3711 4880/3713
f 4880/3713 4875/3711 4956/3712
f 4956/3712 4985/3702 4928/3714
f 4956/3712 4928/3714 4880/3713
f 4928/3714 4985/3702 4818/3701
f 4928/3714 4818/3701 4849/3715
f 4928/3714 4849/3715 4880/3713
f 4849/3715 4818/3701 4654/3695
f 4945/3710 4880/3713 4839/3716
f 4945/3710 4839/3716 4930/3717
f 4930/3717 4839/3716 4700/3718
f 4839/3716 4880/3713 4813/3719
f 4813/3719 4880/3713 4849/3715
f 4700/3718 4839/3716 4711/3720
f 4711/3720 4839/3716 4813/3719
f 4603/3721 4569/3722 4700/3718
f 4603/3721 4700/3718 4711/3720
f 4621/3723 4592/3724 4603/3721
f 4621/3723 4603/3721 4711/3720
f 4813/3719 4849/3715 4832/3725
f 4813/3719 4832/3725 4756/3726
f 4813/3719 4756/3726 4711/3720
f 4832/3725 4849/3715 4758/3727
f 4832/3725 4758/3727 4756/3726
f 4756/3726 4758/3727 4716/3728
f 4756/3726 4716/3728 4711/3720
f 4758/3727 4849/3715 4757/3729
f 4758/3727 4757/3729 4716/3728
f 4716/3728 4757/3729 4711/3720
f 4757/3729 4849/3715 4654/3695
f 4708/3730 4621/3723 4711/3720
f 4708/3730 4711/3720 4757/3729
f 4708/3730 4757/3729 4654/3695
f 4621/3723 4708/3730 4653/3731
f 4708/3730 4654/3695 4624/3694
f 4708/3730 4624/3694 4653/3731
f 1648/3732 1364/3733 1634/3734
f 1648/3732 1634/3734 1878/3477
f 1634/3734 1364/3733 1575/3735
f 1878/3477 1634/3734 1754/3484
f 1754/3484 1634/3734 1575/3735
f 1754/3484 1575/3735 1589/3736
f 4311/3737 4319/3738 4320/3739
f 4320/3739 4319/3738 4310/3740
f 4311/3737 4320/3739 4339/3741
f 4313/3742 4306/3743 4310/3740
f 4310/3740 4306/3743 4320/3739
f 4301/3744 4315/3745 4306/3743
f 4306/3743 4315/3745 4299/3746
f 4306/3743 4299/3746 4320/3739
f 4299/3746 4315/3745 4354/3747
f 4299/3746 4354/3747 4328/3748
f 4299/3746 4328/3748 4320/3739
f 4320/3739 4328/3748 4322/3749
f 4336/3750 4339/3741 4320/3739
f 4336/3750 4320/3739 4322/3749
f 4322/3749 4328/3748 4376/3751
f 4322/3749 4376/3751 4336/3750
f 4376/3751 4328/3748 4429/3752
f 4339/3741 4336/3750 4402/3753
f 4402/3753 4336/3750 4376/3751
f 4402/3753 4376/3751 4429/3752
f 4339/3741 4402/3753 4425/3754
f 4425/3754 4402/3753 4429/3752
f 4304/3755 4293/3756 4287/3757
f 4304/3755 4287/3757 4270/3758
f 4270/3758 4287/3757 4259/3759
f 4259/3759 4287/3757 4284/3760
f 4270/3758 4259/3759 4187/3761
f 4270/3758 4187/3761 4198/3762
f 4270/3758 4198/3762 4157/3763
f 4198/3762 4187/3761 4146/3764
f 4198/3762 4146/3764 4157/3763
f 4157/3763 4146/3764 4107/3765
f 4146/3764 4187/3761 4116/3766
f 4146/3764 4116/3766 4107/3765
f 4118/3767 4187/3761 4259/3759
f 4187/3761 4118/3767 4116/3766
f 4107/3765 4116/3766 4086/3768
f 4107/3765 4086/3768 4157/3763
f 4086/3768 4116/3766 4118/3767
f 4157/3763 4086/3768 3983/3769
f 4157/3763 3983/3769 4047/3770
f 4047/3770 3983/3769 3975/3771
f 3983/3769 4086/3768 3963/3772
f 3963/3772 4086/3768 4118/3767
f 3963/3772 4118/3767 4065/3773
f 3963/3772 4065/3773 3924/3774
f 4174/3775 4118/3767 4259/3759
f 4118/3767 4174/3775 4065/3773
f 3924/3774 4065/3773 4053/3776
f 3924/3774 4053/3776 3958/3777
f 3958/3777 4053/3776 4127/3778
f 4053/3776 4065/3773 4131/3779
f 4053/3776 4131/3779 4127/3778
f 4065/3773 4174/3775 4105/3780
f 4065/3773 4105/3780 4131/3779
f 4193/3781 4174/3775 4259/3759
f 4193/3781 4259/3759 4284/3760
f 4105/3780 4174/3775 4109/3782
f 4105/3780 4109/3782 4061/3783
f 4105/3780 4061/3783 4131/3779
f 4109/3782 4174/3775 4162/3784
f 4162/3784 4174/3775 4193/3781
f 4061/3783 4109/3782 4138/3785
f 4138/3785 4109/3782 4162/3784
f 4061/3783 4138/3785 4131/3779
f 4138/3785 4162/3784 4193/3781
f 4138/3785 4193/3781 4131/3779
f 4213/3786 4193/3781 4284/3760
f 4193/3781 4213/3786 4131/3779
f 4131/3779 4213/3786 4127/3778
f 4213/3786 4284/3760 4273/3787
f 4213/3786 4273/3787 4127/3778
f 6114/3788 6152/3789 6095/3790
f 6114/3788 6095/3790 6110/3791
f 6109/3792 6158/3793 6095/3790
f 6110/3791 6095/3790 6100/3794
f 6100/3794 6095/3790 6158/3793
f 6110/3791 6100/3794 6299/3795
f 6110/3791 6299/3795 6547/3796
f 6100/3794 6158/3793 6076/3797
f 6076/3797 6158/3793 6077/3798
f 6076/3797 6077/3798 6000/3799
f 6547/3796 6299/3795 6596/3800
f 6299/3795 6100/3794 6601/3801
f 6601/3801 6100/3794 6076/3797
f 6299/3795 6601/3801 6596/3800
f 6547/3796 6596/3800 6746/3802
f 6746/3802 6596/3800 6601/3801
f 6547/3796 6746/3802 6880/3803
f 6880/3803 6746/3802 6871/3804
f 6871/3804 6746/3802 6785/3805
f 6785/3805 6746/3802 6601/3801
f 6601/3801 6076/3797 6568/3806
f 6568/3806 6076/3797 6332/3807
f 6785/3805 6601/3801 6803/3808
f 6803/3808 6601/3801 6568/3806
f 6785/3805 6803/3808 6960/3809
f 6568/3806 6332/3807 6632/3810
f 6960/3809 6803/3808 6962/3811
f 6960/3809 6962/3811 7053/3812
f 7053/3812 6962/3811 7121/3813
f 7121/3813 6962/3811 7044/3814
f 7044/3814 6962/3811 6956/3815
f 6803/3808 6568/3806 6761/3816
f 6803/3808 6761/3816 6962/3811
f 6956/3815 6962/3811 6844/3817
f 6844/3817 6962/3811 6761/3816
f 6956/3815 6844/3817 6858/3818
f 6607/3819 6568/3806 6632/3810
f 6568/3806 6607/3819 6761/3816
f 6607/3819 6632/3810 6613/3820
f 6858/3818 6844/3817 6715/3821
f 6858/3818 6715/3821 6797/3822
f 6797/3822 6715/3821 6703/3823
f 6703/3823 6715/3821 6472/3824
f 6703/3823 6472/3824 6696/3825
f 6696/3825 6472/3824 6493/3826
f 6607/3819 6613/3820 6565/3827
f 6565/3827 6613/3820 6574/3828
f 6607/3819 6565/3827 6638/3829
f 6607/3819 6638/3829 6761/3816
f 6565/3827 6574/3828 6491/3830
f 6565/3827 6491/3830 6638/3829
f 6491/3830 6574/3828 6490/3831
f 6761/3816 6638/3829 6718/3832
f 6761/3816 6718/3832 6844/3817
f 6718/3832 6638/3829 6526/3833
f 6526/3833 6638/3829 6491/3830
f 6844/3817 6718/3832 6550/3834
f 6550/3834 6718/3832 6526/3833
f 6844/3817 6550/3834 6715/3821
f 6526/3833 6491/3830 6492/3835
f 6526/3833 6492/3835 6550/3834
f 6715/3821 6550/3834 6468/3836
f 6468/3836 6550/3834 6492/3835
f 6715/3821 6468/3836 6472/3824
f 6492/3835 6491/3830 6504/3837
f 6451/3838 6491/3830 6490/3831
f 6491/3830 6451/3838 6504/3837
f 6451/3838 6490/3831 6459/3839
f 6451/3838 6459/3839 6433/3840
f 6468/3836 6492/3835 6315/3841
f 6451/3838 6433/3840 6453/3842
f 6451/3838 6453/3842 6504/3837
f 6517/3843 6492/3835 6504/3837
f 6492/3835 6517/3843 6315/3841
f 6517/3843 6504/3837 6363/3844
f 6517/3843 6363/3844 6315/3841
f 6504/3837 6453/3842 6521/3845
f 6504/3837 6521/3845 6363/3844
f 6506/3846 6453/3842 6433/3840
f 6453/3842 6506/3846 6521/3845
f 6506/3846 6433/3840 6512/3847
f 6512/3847 6433/3840 6485/3848
f 6521/3845 6506/3846 6513/3849
f 6513/3849 6506/3846 6512/3847
f 6363/3844 6521/3845 6291/3850
f 6291/3850 6521/3845 6513/3849
f 6363/3844 6291/3850 6130/3851
f 6363/3844 6130/3851 6315/3841
f 6512/3847 6485/3848 6356/3852
f 6512/3847 6356/3852 6513/3849
f 6356/3852 6485/3848 6309/3853
f 6309/3853 6485/3848 6510/3854
f 6309/3853 6510/3854 6442/3855
f 6309/3853 6442/3855 6163/3856
f 6309/3853 6163/3856 6070/3857
f 6513/3849 6356/3852 6338/3858
f 6513/3849 6338/3858 6291/3850
f 6356/3852 6309/3853 6169/3859
f 6169/3859 6309/3853 6070/3857
f 6356/3852 6169/3859 6338/3858
f 6070/3857 6163/3856 6064/3860
f 6070/3857 6064/3860 6169/3859
f 6064/3860 6163/3856 6113/3861
f 6338/3858 6169/3859 6129/3862
f 6338/3858 6129/3862 6291/3850
f 6129/3862 6169/3859 6064/3860
f 6291/3850 6129/3862 6130/3851
f 6130/3851 6129/3862 6064/3860
f 6064/3860 6113/3861 6060/3863
f 6060/3863 6113/3861 6493/3826
f 6130/3851 6064/3860 6071/3864
f 6130/3851 6071/3864 6315/3841
f 6064/3860 6060/3863 6072/3865
f 6064/3860 6072/3865 6071/3864
f 6060/3863 6493/3826 6264/3866
f 6060/3863 6264/3866 6072/3865
f 6264/3866 6493/3826 6472/3824
f 6071/3864 6072/3865 6266/3867
f 6266/3867 6072/3865 6264/3866
f 6071/3864 6266/3867 6315/3841
f 6266/3867 6264/3866 6472/3824
f 6315/3841 6266/3867 6468/3836
f 6468/3836 6266/3867 6472/3824
f 4306/3868 4304/3869 4301/3870
f 4301/3870 4304/3869 4286/3871
f 4286/3871 4304/3869 4270/3872
f 4286/3871 4270/3872 4157/3873
f 4286/3871 4157/3873 4282/3874
f 4282/3874 4157/3873 4143/3875
f 4143/3875 4157/3873 4047/3876
f 3647/3877 3560/3878 3638/3879
f 3647/3877 3638/3879 3701/3880
f 3701/3880 3638/3879 3706/3881
f 3647/3877 3701/3880 3677/3882
f 3560/3878 3647/3877 3563/3883
f 3638/3879 3560/3878 3569/3884
f 3560/3878 3563/3883 144/3885
f 3569/3884 3560/3878 3470/3886
f 3470/3886 3560/3878 144/3885
f 3569/3884 3470/3886 3392/3887
f 3392/3887 3470/3886 144/3885
f 3392/3887 144/3885 223/3888
f 185/3889 20/3890 3386/3891
f 3386/3891 20/3890 3563/3892
f 3563/3892 20/3890 144/3893
f 66/3894 249/3895 3386/3891
f 3386/3891 3563/3892 3556/3896
f 3386/3891 3556/3896 66/3894
f 3556/3896 3563/3892 3648/3897
f 3648/3897 3563/3892 3647/3898
f 66/3894 3556/3896 3562/3899
f 3562/3899 3556/3896 3648/3897
f 66/3894 3562/3899 3416/3900
f 3648/3897 3647/3898 3677/3901
f 3648/3897 3677/3901 3713/3902
f 3648/3897 3713/3902 3700/3903
f 3416/3900 3562/3899 3645/3904
f 3645/3904 3562/3899 3648/3897
f 3648/3897 3700/3903 3699/3905
f 3648/3897 3699/3905 3645/3904
f 3645/3904 3699/3905 3416/3900
f 3416/3900 3699/3905 39/3906
f 39/3906 3699/3905 3800/3907
f 3800/3907 3699/3905 3957/3908
f 39/3906 3800/3907 3401/3909
f 39/3906 3401/3909 328/3910
f 1562/3911 1468/3912 1477/3913
f 1468/3912 1562/3911 1470/3914
f 1477/3913 1468/3912 1326/3915
f 1326/3915 1468/3912 1470/3914
f 1562/3911 1477/3913 1590/3916
f 1590/3916 1477/3913 1556/3917
f 1556/3917 1477/3913 1315/3918
f 1315/3918 1477/3913 1326/3915
f 1556/3917 1315/3918 1307/3919
f 1562/3911 1590/3916 1591/3920
f 1562/3911 1591/3920 1470/3914
f 1591/3920 1590/3916 1618/3921
f 1618/3921 1590/3916 1609/3922
f 1307/3919 1315/3918 1181/3923
f 1307/3919 1181/3923 1179/3924
f 1179/3924 1181/3923 1184/3925
f 1181/3923 1315/3918 1227/3926
f 1227/3926 1315/3918 1326/3915
f 1184/3925 1181/3923 1220/3927
f 1220/3927 1181/3923 1227/3926
f 1184/3925 1220/3927 1245/3928
f 1184/3925 1245/3928 1263/3929
f 1220/3927 1227/3926 1226/3930
f 1220/3927 1226/3930 1245/3928
f 1227/3926 1326/3915 1213/3931
f 1227/3926 1213/3931 1226/3930
f 1213/3931 1326/3915 1243/3932
f 1263/3929 1245/3928 1294/3933
f 1263/3929 1294/3933 1331/3934
f 1294/3933 1245/3928 1295/3935
f 1295/3935 1245/3928 1226/3930
f 1294/3933 1295/3935 1339/3936
f 1294/3933 1339/3936 1328/3937
f 1295/3935 1226/3930 1260/3938
f 1168/3939 1226/3930 1213/3931
f 1260/3938 1226/3930 1208/3940
f 1208/3940 1226/3930 1168/3939
f 1260/3938 1208/3940 1250/3941
f 1168/3939 1213/3931 1218/3942
f 1168/3939 1218/3942 1208/3940
f 1218/3942 1213/3931 1243/3932
f 1208/3940 1218/3942 1313/3943
f 1208/3940 1313/3943 1250/3941
f 1313/3943 1218/3942 1243/3932
f 1250/3941 1313/3943 1332/3944
f 1250/3941 1332/3944 1374/3945
f 1313/3943 1243/3932 1371/3946
f 1332/3944 1313/3943 1423/3947
f 1423/3947 1313/3943 1371/3946
f 1332/3944 1423/3947 1495/3948
f 1332/3944 1495/3948 1454/3949
f 1423/3947 1371/3946 1479/3950
f 1423/3947 1479/3950 1495/3948
f 1454/3949 1495/3948 1580/3951
f 1243/3932 1470/3914 1371/3946
f 1470/3914 1243/3932 1326/3915
f 1371/3946 1470/3914 1493/3952
f 1371/3946 1493/3952 1479/3950
f 1493/3952 1470/3914 1548/3953
f 1493/3952 1548/3953 1479/3950
f 1548/3953 1470/3914 1591/3920
f 1568/3954 1495/3948 1479/3950
f 1548/3953 1591/3920 1570/3955
f 1548/3953 1570/3955 1479/3950
f 1479/3950 1570/3955 1568/3954
f 1570/3955 1591/3920 1618/3921
f 1495/3948 1568/3954 1588/3956
f 1588/3956 1568/3954 1570/3955
f 1495/3948 1588/3956 1580/3951
f 1570/3955 1618/3921 1614/3957
f 1570/3955 1614/3957 1588/3956
f 1588/3956 1614/3957 1580/3951
f 1614/3957 1618/3921 1609/3922
f 1580/3951 1614/3957 1594/3958
f 1594/3958 1614/3957 1609/3922
f 294/3959 144/3960 20/3961
f 294/3959 20/3961 185/3962
f 144/3960 294/3959 573/3963
f 144/3960 573/3963 223/3964
f 223/3964 573/3963 626/3965
f 626/3965 573/3963 739/3966
f 626/3965 739/3966 737/3967
f 737/3967 739/3966 784/3968
f 784/3968 739/3966 776/3969
f 776/3969 739/3966 754/3970
f 754/3970 739/3966 736/3971
f 736/3971 739/3966 573/3963
f 754/3970 736/3971 775/3972
f 775/3972 736/3971 733/3973
f 736/3971 573/3963 624/3974
f 624/3974 573/3963 294/3959
f 736/3971 624/3974 733/3973
f 624/3974 294/3959 565/3975
f 624/3974 565/3975 733/3973
f 565/3975 294/3959 185/3962
f 775/3972 733/3973 770/3976
f 770/3976 733/3973 741/3977
f 770/3976 741/3977 786/3978
f 741/3977 733/3973 663/3979
f 663/3979 733/3973 565/3975
f 663/3979 565/3975 371/3980
f 565/3975 185/3962 249/3981
f 565/3975 249/3981 371/3980
f 249/3981 185/3962 3386/3982
f 371/3980 249/3981 66/3983
f 2289/3984 2285/3985 2274/3986
f 2289/3984 2274/3986 2109/3987
f 2109/3987 2274/3986 2211/3988
s 0
f 2109/3987 2211/3988 1695/3989
s 1
f 2211/3988 2274/3986 2137/3990
f 2211/3988 2137/3990 1695/3989
f 2137/3990 2274/3986 2260/3991
f 2274/3986 2285/3985 2278/3992
f 2274/3986 2278/3992 2260/3991
f 2137/3990 2260/3991 2131/3993
f 2131/3993 2260/3991 2278/3992
f 1695/3989 2137/3990 1954/3994
f 1954/3994 2137/3990 2131/3993
f 2131/3993 2278/3992 2610/3995
f 2610/3995 2278/3992 2613/3996
f 2131/3993 2610/3995 2105/3997
f 2105/3997 2610/3995 2728/3998
f 2131/3993 2105/3997 1973/3999
f 2131/3993 1973/3999 1954/3994
f 1973/3999 2105/3997 1966/4000
f 2613/3996 2278/3992 2297/4001
f 2297/4001 2278/3992 2285/3985
f 2613/3996 2297/4001 2659/4002
f 2297/4001 2285/3985 2360/4003
f 2297/4001 2360/4003 2532/4004
f 2297/4001 2532/4004 2659/4002
f 2532/4004 2360/4003 2652/4005
f 2532/4004 2652/4005 2659/4002
f 2659/4002 2652/4005 2697/4006
f 1987/4007 1973/3999 1966/4000
f 1996/4008 1954/3994 1973/3999
f 1996/4008 1973/3999 1987/4007
f 1954/3994 1996/4008 1997/4009
f 1997/4009 1996/4008 2001/4010
f 1954/3994 1997/4009 1906/4011
f 1906/4011 1997/4009 2001/4010
f 1954/3994 1906/4011 1695/3989
f 1695/3989 1906/4011 1679/4012
f 1679/4012 1906/4011 2001/4010
f 2001/4010 1996/4008 1991/4013
s 0
f 1991/4013 1996/4008 1987/4007
s 1
f 1991/4013 1987/4007 1952/4014
f 1952/4014 1987/4007 1989/4015
f 1952/4014 1989/4015 2010/4016
f 1952/4014 2010/4016 1977/4017
f 1989/4015 1987/4007 1980/4018
f 1980/4018 1987/4007 1974/4019
f 1980/4018 1974/4019 2055/4020
f 2010/4016 1989/4015 2071/4021
f 1980/4018 2055/4020 2049/4022
f 1977/4017 2010/4016 2061/4023
f 1977/4017 2061/4023 2040/4024
f 2040/4024 2061/4023 2088/4025
f 2088/4025 2061/4023 2123/4026
f 2123/4026 2061/4023 2010/4016
f 2123/4026 2010/4016 2071/4021
f 2057/4027 1989/4015 1980/4018
f 1989/4015 2057/4027 2071/4021
f 2057/4027 1980/4018 2049/4022
f 2071/4021 2057/4027 2123/4026
f 2057/4027 2049/4022 2128/4028
f 2057/4027 2128/4028 2123/4026
f 2128/4028 2049/4022 2055/4020
f 2123/4026 2128/4028 2125/4029
f 2128/4028 2055/4020 2106/4030
f 2125/4029 2128/4028 2213/4031
f 2128/4028 2106/4030 2139/4032
f 2128/4028 2139/4032 2213/4031
f 2213/4031 2139/4032 2242/4033
f 3564/4034 3612/4035 3581/3418
f 3581/3418 3612/4035 3731/3416
f 3564/4034 3581/3418 3535/4036
f 3535/4036 3581/3418 3512/3426
f 3535/4036 3512/3426 3595/3432
f 3564/4034 3535/4036 3561/4037
f 3564/4034 3561/4037 3612/4035
f 3535/4036 3595/3432 3566/4038
f 3535/4036 3566/4038 3561/4037
f 3566/4038 3595/3432 3635/4039
f 3566/4038 3635/4039 3639/4040
f 3566/4038 3639/4040 3651/4041
f 3561/4037 3566/4038 3623/4042
f 3561/4037 3623/4042 3612/4035
f 3623/4042 3566/4038 3651/4041
f 3612/4035 3623/4042 3731/3416
f 3731/3416 3623/4042 3651/4041
f 4301/4043 4352/4044 4365/4045
f 4301/4043 4365/4045 4315/4046
f 4352/4044 4301/4043 4286/4047
f 4352/4044 4286/4047 4384/4048
f 4352/4044 4384/4048 4484/4049
f 4484/4049 4384/4048 4413/4050
f 4365/4045 4352/4044 4478/4051
f 4478/4051 4352/4044 4484/4049
f 4365/4045 4478/4051 4501/4052
f 4478/4051 4484/4049 4549/4053
f 4478/4051 4549/4053 4501/4052
f 4501/4052 4549/4053 4570/4054
f 619/4055 663/4056 371/4057
f 619/4055 371/4057 66/4058
f 619/4055 66/4058 3416/4059
f 619/4055 3416/4059 39/4060
f 663/4056 619/4055 741/4061
f 619/4055 39/4060 513/4062
f 608/4063 513/4062 480/4064
f 513/4062 608/4063 619/4055
f 619/4055 608/4063 723/4065
f 619/4055 723/4065 757/4066
f 619/4055 757/4066 772/4067
f 619/4055 772/4067 1049/4068
f 619/4055 1049/4068 741/4061
f 741/4061 1049/4068 786/4069
f 786/4069 1049/4068 1106/4070
f 1597/4071 1602/4072 1489/4073
f 1489/4073 1602/4072 1487/4074
f 1597/4071 1489/4073 1695/4075
f 1695/4075 1489/4073 1348/4076
f 1602/4072 1597/4071 1607/4077
f 1607/4077 1597/4071 1695/4075
f 1606/4078 1586/4079 1602/4072
f 1606/4078 1602/4072 1607/4077
f 1607/4077 1695/4075 1643/4080
f 1643/4080 1695/4075 1679/4081
f 1643/4080 1679/4081 1587/4082
f 1607/4077 1643/4080 1584/4083
f 1584/4083 1643/4080 1587/4082
f 1606/4078 1607/4077 1600/4084
f 1600/4084 1607/4077 1584/4083
f 1606/4078 1600/4084 1601/4085
f 1584/4083 1587/4082 1563/4086
f 1584/4083 1563/4086 1600/4084
f 1600/4084 1563/4086 1601/4085
f 1563/4086 1587/4082 1546/4087
f 1601/4085 1563/4086 1561/4088
f 1563/4086 1546/4087 1462/4089
f 1563/4086 1462/4089 1561/4088
f 1462/4089 1546/4087 1422/4090
f 1561/4088 1462/4089 1397/4091
f 3508/4092 3524/4093 3543/4094
f 3543/4094 3524/4093 3519/4095
f 3508/4092 3543/4094 3454/4096
f 3543/4094 3519/4095 3513/4097
f 3543/4094 3513/4097 3454/4096
f 3513/4097 3519/4095 3459/4098
f 3513/4097 3459/4098 3454/4096
f 3454/4096 3459/4098 3400/4099
f 3454/4096 3400/4099 68/4100
f 3400/4099 3459/4098 3530/4101
f 3400/4099 3530/4101 3406/4102
f 3400/4099 3406/4102 3407/4103
f 3407/4103 3406/4102 3533/4104
f 3533/4104 3406/4102 3530/4101
f 3533/4104 3530/4101 3675/4105
f 3530/4101 3459/4098 3420/4106
f 3530/4101 3420/4106 3675/4105
f 3420/4106 3459/4098 3417/4107
f 3420/4106 3417/4107 104/4108
f 3533/4104 3675/4105 3840/4109
f 3956/4110 3975/4111 3840/4109
f 3956/4110 3840/4109 3675/4105
f 3956/4110 3675/4105 3902/4112
f 3902/4112 3675/4105 3717/4113
f 3420/4106 104/4108 3382/4114
f 3420/4106 3382/4114 3675/4105
f 3382/4114 104/4108 90/4115
f 90/4115 104/4108 241/4116
f 3382/4114 90/4115 16/4117
f 3717/4113 3675/4105 3488/4118
f 3488/4118 3675/4105 3382/4114
f 3488/4118 3382/4114 16/4117
f 3717/4113 3488/4118 3591/4119
f 3488/4118 16/4117 3450/4120
f 3488/4118 3450/4120 3591/4119
f 4484/4121 4477/4122 4544/4123
f 4477/4122 4484/4121 4413/4124
f 4484/4121 4544/4123 4549/4125
f 4477/4122 4413/4124 4462/4126
f 4544/4123 4477/4122 4535/4127
f 4535/4127 4477/4122 4462/4126
f 4462/4126 4413/4124 4492/4128
f 4462/4126 4492/4128 4535/4127
f 4544/4123 4535/4127 4586/4129
f 4544/4123 4586/4129 4549/4125
f 4586/4129 4535/4127 4492/4128
f 4549/4125 4586/4129 4610/4130
f 4610/4130 4586/4129 4492/4128
f 4492/4128 4413/4124 4438/4131
f 4438/4131 4413/4124 4384/4132
f 4492/4128 4438/4131 4514/4133
f 4492/4128 4514/4133 4610/4130
f 4438/4131 4384/4132 4359/4134
f 4359/4134 4384/4132 4282/4135
f 4282/4135 4384/4132 4286/4136
f 4514/4133 4438/4131 4557/4137
f 4514/4133 4557/4137 4610/4130
f 4557/4137 4438/4131 4539/4138
f 4631/4139 4549/4125 4610/4130
f 4549/4125 4631/4139 4570/4140
f 4610/4130 4557/4137 4648/4141
f 4610/4130 4648/4141 4631/4139
f 4648/4141 4557/4137 4556/4142
f 4556/4142 4557/4137 4578/4143
f 4556/4142 4578/4143 4661/4144
f 4556/4142 4661/4144 4648/4141
f 4648/4141 4661/4144 4693/4145
f 4648/4141 4693/4145 4631/4139
f 4631/4139 4693/4145 4699/4146
f 5829/4147 5776/4148 6114/4149
f 5829/4147 6114/4149 6110/4150
s 0
f 5776/4148 5829/4147 5406/4151
s 1
f 5829/4147 6110/4150 6547/4152
f 5829/4147 6547/4152 6831/4153
f 6831/4153 6547/4152 6880/4154
s 0
f 5406/4151 5829/4147 5391/4155
f 5391/4155 5829/4147 5756/4156
f 5756/4156 5829/4147 6799/4157
f 6799/4157 5829/4147 6831/4153
f 5391/4155 5756/4156 5785/4158
f 5785/4158 5756/4156 6799/4157
f 5391/4155 5785/4158 5289/4159
s 1
f 5785/4158 6799/4157 6198/4160
f 6198/4160 6799/4157 6564/4161
f 6564/4161 6799/4157 6794/4162
f 6794/4162 6799/4157 7090/4163
f 7090/4163 6799/4157 7177/4164
f 7177/4164 6799/4157 6831/4153
f 7090/4163 7177/4164 7179/4165
f 7177/4164 6831/4153 7174/4166
f 7174/4166 6831/4153 7146/4167
f 7146/4167 6831/4153 6880/4154
f 7146/4167 6880/4154 7132/4168
f 7132/4168 6880/4154 6871/4169
f 7132/4168 6871/4169 6997/4170
f 7132/4168 6997/4170 7071/4171
f 7174/4166 7146/4167 7181/4172
f 7181/4172 7146/4167 7132/4168
f 7174/4166 7181/4172 7182/4173
f 7174/4166 7182/4173 7144/4174
f 7181/4172 7132/4168 7183/4175
f 7181/4172 7183/4175 7182/4173
f 7132/4168 7071/4171 7158/4176
f 7132/4168 7158/4176 7183/4175
f 7183/4175 7158/4176 7182/4173
f 7182/4173 7158/4176 7144/4174
f 7158/4176 7071/4171 7057/4177
f 7158/4176 7057/4177 7144/4174
f 7144/4174 7057/4177 7075/4178
f 7075/4178 7057/4177 6972/4179
f 6972/4179 7057/4177 7019/4180
f 7075/4178 6972/4179 6950/4181
f 6950/4181 6972/4179 6948/4182
f 6948/4182 6972/4179 6934/4183
f 6948/4182 6934/4183 6975/4184
f 6975/4184 6934/4183 6960/4185
f 3454/4186 3461/4187 3508/4188
f 3508/4188 3461/4187 3524/4189
f 3461/4187 3454/4186 68/4190
f 3524/4189 3461/4187 3519/4191
f 3461/4187 68/4190 3417/4192
f 3461/4187 3417/4192 3519/4191
f 3417/4192 68/4190 104/4193
f 3519/4191 3417/4192 3459/4194
f 3766/4195 3811/4196 3745/4197
f 3811/4196 3766/4195 3790/4198
f 3790/4198 3766/4195 3720/4199
f 3720/4199 3766/4195 3745/4197
f 3811/4196 3790/4198 3868/4200
f 3790/4198 3720/4199 3849/4201
f 3790/4198 3849/4201 3868/4200
f 3745/4197 3811/4196 3855/4202
f 3855/4202 3811/4196 3868/4200
f 3720/4199 3745/4197 3630/4203
f 3745/4197 3855/4202 3635/4204
f 3745/4197 3635/4204 3630/4203
f 3855/4202 3868/4200 3963/4205
f 3963/4205 3868/4200 3849/4201
f 3720/4199 3630/4203 3640/4206
f 3720/4199 3640/4206 3849/4201
f 3640/4206 3630/4203 3602/4207
f 3849/4201 3640/4206 3840/4208
f 3840/4208 3640/4206 3533/4209
f 3849/4201 3840/4208 3983/4210
f 3849/4201 3983/4210 3963/4205
f 3983/4210 3840/4208 3975/4211
f 3602/4207 3630/4203 3604/4212
f 3602/4207 3604/4212 3611/4213
f 3611/4213 3604/4212 3595/4214
f 3604/4212 3630/4203 3635/4204
f 3604/4212 3635/4204 3595/4214
f 3891/4215 3855/4202 3963/4205
f 3891/4215 3963/4205 3924/4216
f 3760/4217 3635/4204 3855/4202
f 3760/4217 3855/4202 3891/4215
f 3635/4204 3760/4217 3698/4218
f 3635/4204 3698/4218 3639/4219
f 3760/4217 3891/4215 3782/4220
f 3760/4217 3782/4220 3698/4218
f 3891/4215 3924/4216 3880/4221
f 3891/4215 3880/4221 3782/4220
f 3880/4221 3924/4216 3958/4222
f 3698/4218 3782/4220 3756/4223
f 3698/4218 3756/4223 3639/4219
f 3756/4223 3782/4220 3880/4221
f 3639/4219 3756/4223 3825/4224
f 3825/4224 3756/4223 3880/4221
f 3825/4224 3880/4221 3958/4222
f 3639/4219 3825/4224 3651/4225
f 3825/4224 3958/4222 3865/4226
f 3825/4224 3865/4226 3651/4225
f 3865/4226 3958/4222 3988/4227
f 3988/4227 3958/4222 4127/4228
f 3651/4225 3865/4226 3729/4229
f 3988/4227 4127/4228 4136/4230
f 4136/4230 4127/4228 4195/4231
f 4136/4230 4195/4231 3988/4227
f 3988/4227 4195/4231 4106/4232
f 3988/4227 4106/4232 3947/4233
f 3988/4227 3947/4233 3865/4226
f 3947/4233 4106/4232 4117/4234
f 3903/4235 3729/4229 3865/4226
f 3903/4235 3865/4226 3947/4233
f 3729/4229 3903/4235 3823/4236
f 3729/4229 3823/4236 3651/4225
f 3823/4236 3903/4235 3947/4233
f 3651/4225 3823/4236 3731/4237
f 3947/4233 4117/4234 3951/4238
f 3947/4233 3951/4238 3823/4236
f 3823/4236 3951/4238 3731/4237
f 3951/4238 4117/4234 3976/4239
f 3731/4237 3951/4238 3906/4240
f 3906/4240 3951/4238 3976/4239
f 3731/4237 3906/4240 3852/4241
f 3852/4241 3906/4240 3976/4239
f 4403/4242 4365/4243 4501/4244
f 4365/4243 4403/4242 4315/4245
f 4403/4242 4501/4244 4493/4246
f 4493/4246 4501/4244 4570/4247
f 4315/4245 4403/4242 4400/4248
f 4315/4245 4400/4248 4354/4249
f 4403/4242 4493/4246 4421/4250
f 4403/4242 4421/4250 4400/4248
f 4400/4248 4421/4250 4493/4246
f 4354/4249 4400/4248 4407/4251
f 4493/4246 4570/4247 4488/4252
f 4493/4246 4488/4252 4400/4248
f 4488/4252 4570/4247 4617/4253
f 4617/4253 4570/4247 4631/4254
f 4407/4251 4400/4248 4430/4255
f 4430/4255 4400/4248 4488/4252
f 4407/4251 4430/4255 4470/4256
f 4617/4253 4631/4254 4651/4257
f 4430/4255 4488/4252 4518/4258
f 4518/4258 4488/4252 4617/4253
f 4470/4256 4430/4255 4491/4259
f 4491/4259 4430/4255 4518/4258
f 4491/4259 4518/4258 4617/4253
f 4617/4253 4651/4257 4595/4260
f 4617/4253 4595/4260 4491/4259
f 4595/4260 4651/4257 4663/4261
f 4491/4259 4595/4260 4576/4262
f 255/4263 110/4264 3407/4265
f 3407/4265 110/4264 3400/4266
f 3400/4266 110/4264 68/4267
f 255/4263 3407/4265 32/4268
f 32/4268 3407/4265 3577/4269
f 3577/4269 3407/4265 3533/4270
f 3577/4269 3533/4270 3640/4271
f 3577/4269 3640/4271 3602/4272
f 32/4268 3577/4269 3587/4273
f 3587/4273 3577/4269 3602/4272
f 32/4268 3587/4273 3376/4274
f 32/4268 3376/4274 367/4275
f 3376/4274 3587/4273 3534/4276
f 3534/4276 3587/4273 3607/4277
f 3607/4277 3587/4273 3602/4272
f 3607/4277 3602/4272 3660/4278
f 4958/4279 5010/4280 5055/4281
f 5055/4281 5010/4280 5082/4282
f 4958/4279 5055/4281 4929/4283
f 4958/4279 4929/4283 4915/4284
f 4915/4284 4929/4283 4842/4285
f 4842/4285 4929/4283 4855/4286
f 4842/4285 4855/4286 4856/4287
f 4855/4286 4929/4283 4988/4288
f 4855/4286 4988/4288 4856/4287
f 4988/4288 4929/4283 5055/4281
f 4856/4287 4988/4288 4910/4289
f 4856/4287 4910/4289 4909/4290
f 4988/4288 5055/4281 5019/4291
f 4988/4288 5019/4291 4910/4289
f 5088/4292 5055/4281 5082/4282
f 5055/4281 5088/4292 5019/4291
f 5088/4292 5082/4282 5132/4293
f 4910/4289 5019/4291 4901/4294
f 4910/4289 4901/4294 4909/4290
f 5019/4291 5088/4292 5008/4295
f 5019/4291 5008/4295 4901/4294
f 5088/4292 5132/4293 5106/4296
f 5106/4296 5132/4293 5143/4297
f 5106/4296 5143/4297 5032/4298
f 5088/4292 5106/4296 5071/4299
f 5088/4292 5071/4299 5008/4295
f 4901/4294 5008/4295 4932/4300
f 4932/4300 5008/4295 5071/4299
f 4901/4294 4932/4300 4909/4290
f 4932/4300 5071/4299 4965/4301
f 4932/4300 4965/4301 4909/4290
f 5071/4299 5106/4296 5064/4302
f 5071/4299 5064/4302 4965/4301
f 5021/4303 5106/4296 5032/4298
f 5106/4296 5021/4303 5064/4302
f 4965/4301 5064/4302 4990/4304
f 4990/4304 5064/4302 5021/4303
f 4909/4290 4965/4301 4936/4305
f 4936/4305 4965/4301 4990/4304
f 4936/4305 4990/4304 5021/4303
f 4909/4290 4936/4305 4949/4306
f 5021/4303 5032/4298 4951/4307
f 5021/4303 4951/4307 4936/4305
f 4951/4307 5032/4298 4949/4306
f 4951/4307 4949/4306 4936/4305
f 2797/4308 2597/4309 2262/4310
f 2262/4310 2597/4309 2596/4311
f 2596/4311 2597/4309 2666/4312
f 2596/4311 2666/4312 2711/4313
f 2262/4310 2596/4311 2242/4314
f 2666/4312 2597/4309 2784/4315
f 2784/4315 2597/4309 2797/4308
f 2666/4312 2784/4315 2899/4316
f 2666/4312 2899/4316 2832/4317
f 2784/4315 2797/4308 2872/4318
f 2784/4315 2872/4318 2899/4316
f 2899/4316 2872/4318 2914/4319
f 2914/4319 2872/4318 2797/4308
f 2899/4316 2914/4319 2903/4320
f 2914/4319 2797/4308 2728/4321
f 2728/4321 2797/4308 2262/4310
f 2728/4321 2262/4310 2095/4322
f 2728/4321 2095/4322 2105/4323
f 2168/4324 2262/4310 2242/4314
f 2262/4310 2168/4324 2095/4322
f 2168/4324 2242/4314 2151/4325
f 2151/4325 2242/4314 2139/4326
f 2151/4325 2139/4326 2106/4327
f 2168/4324 2151/4325 2124/4328
f 2168/4324 2124/4328 2095/4322
f 1992/4329 2105/4323 2095/4322
f 2105/4323 1992/4329 1966/4330
f 2095/4322 2124/4328 2058/4331
f 2095/4322 2058/4331 1992/4329
f 2124/4328 2151/4325 2101/4332
f 2124/4328 2101/4332 2058/4331
f 1966/4330 1992/4329 1993/4333
f 1993/4333 1992/4329 2058/4331
f 1966/4330 1993/4333 1987/4334
f 1987/4334 1993/4333 1974/4335
f 1993/4333 2058/4331 2041/4336
f 2041/4336 2058/4331 2101/4332
f 1993/4333 2041/4336 1974/4335
f 2084/4337 2101/4332 2151/4325
f 2101/4332 2084/4337 2041/4336
f 2041/4336 2084/4337 1974/4335
f 2084/4337 2151/4325 2106/4327
f 1974/4335 2084/4337 2042/4338
f 2042/4338 2084/4337 2106/4327
f 1974/4335 2042/4338 2055/4339
f 2055/4339 2042/4338 2106/4327
s 0
f 4765/4340 5220/4341 5232/4342
f 5232/4342 5220/4341 5406/4151
f 5232/4342 5406/4151 5391/4155
f 4765/4340 5232/4342 4551/4343
f 4765/4340 4551/4343 4283/4344
f 5232/4342 5391/4155 5074/4345
f 5232/4342 5074/4345 4551/4343
f 5074/4345 5391/4155 5289/4159
f 5074/4345 5289/4159 4826/4346
f 5074/4345 4826/4346 4551/4343
f 4283/4344 4551/4343 3663/4347
f 4551/4343 4826/4346 3922/4348
f 4551/4343 3922/4348 3663/4347
f 3663/4347 3922/4348 3445/4349
s 1
f 6700/4350 6729/4351 6734/4352
f 6734/4352 6729/4351 6723/4353
f 6723/4353 6729/4351 6709/4354
f 6700/4350 6734/4352 6671/4355
f 6723/4353 6709/4354 6713/4356
f 6734/4352 6723/4353 6679/4357
f 6679/4357 6723/4353 6668/4358
f 6668/4358 6723/4353 6713/4356
f 6734/4352 6679/4357 6719/4359
f 6734/4352 6719/4359 6704/4360
f 6734/4352 6704/4360 6671/4355
f 6719/4359 6679/4357 6556/4361
f 6556/4361 6679/4357 6668/4358
f 6704/4360 6719/4359 6652/4362
f 6652/4362 6719/4359 6556/4361
f 6704/4360 6652/4362 6671/4355
f 6598/4363 6668/4358 6713/4356
f 6668/4358 6598/4363 6556/4361
f 6660/4364 6713/4356 6709/4354
f 6660/4364 6709/4354 6561/4365
f 6598/4363 6713/4356 6519/4366
f 6519/4366 6713/4356 6660/4364
f 6598/4363 6519/4366 6456/4367
f 6598/4363 6456/4367 6556/4361
f 6519/4366 6660/4364 6538/4368
f 6538/4368 6660/4364 6561/4365
f 6456/4367 6519/4366 6281/4369
f 6281/4369 6519/4366 6538/4368
f 6538/4368 6561/4365 6354/4370
f 6354/4370 6561/4365 6287/4371
f 6281/4369 6538/4368 6272/4372
f 6272/4372 6538/4368 6354/4370
f 6354/4370 6287/4371 6181/4373
f 6354/4370 6181/4373 6272/4372
f 6181/4373 6287/4371 5884/4374
f 6181/4373 5884/4374 5861/4375
f 6181/4373 5861/4375 6051/4376
f 6181/4373 6051/4376 6272/4372
f 6281/4369 6272/4372 6165/4377
f 6165/4377 6272/4372 6051/4376
f 6306/4378 6456/4367 6281/4369
f 6306/4378 6281/4369 6165/4377
f 6456/4367 6306/4378 6556/4361
f 6165/4377 6051/4376 5899/4379
f 5899/4379 6051/4376 5877/4380
f 5899/4379 5877/4380 5864/4381
f 5899/4379 5864/4381 6165/4377
f 6306/4378 6165/4377 6161/4382
f 6161/4382 6165/4377 5864/4381
f 6556/4361 6306/4378 6378/4383
f 6378/4383 6306/4378 6161/4382
f 6556/4361 6378/4383 6535/4384
f 6556/4361 6535/4384 6652/4362
f 6378/4383 6161/4382 6347/4385
f 6161/4382 5864/4381 6096/4386
f 6161/4382 6096/4386 6347/4385
f 6096/4386 5864/4381 5854/4387
f 6096/4386 5854/4387 6084/4388
f 6096/4386 6084/4388 6325/4389
f 6096/4386 6325/4389 6347/4385
f 6325/4389 6084/4388 6402/4390
f 6325/4389 6402/4390 6531/4391
f 6347/4385 6325/4389 6481/4392
f 6481/4392 6325/4389 6531/4391
f 6481/4392 6531/4391 6558/4393
f 6347/4385 6481/4392 6489/4394
f 6489/4394 6481/4392 6558/4393
f 6515/4395 6378/4383 6347/4385
f 6515/4395 6347/4385 6489/4394
f 6378/4383 6515/4395 6535/4384
f 6535/4384 6515/4395 6617/4396
f 6617/4396 6515/4395 6489/4394
f 6535/4384 6617/4396 6652/4362
f 6614/4397 6558/4393 6531/4391
f 6615/4398 6489/4394 6558/4393
f 6489/4394 6615/4398 6617/4396
f 6558/4393 6614/4397 6648/4399
f 6558/4393 6648/4399 6629/4400
f 6629/4400 6648/4399 6614/4397
f 6558/4393 6629/4400 6615/4398
f 6629/4400 6614/4397 6635/4401
f 6629/4400 6635/4401 6615/4398
f 6635/4401 6614/4397 6636/4402
f 6635/4401 6636/4402 6630/4403
f 6615/4398 6635/4401 6625/4404
f 6625/4404 6635/4401 6630/4403
f 6615/4398 6625/4404 6617/4396
f 6625/4404 6630/4403 6544/4405
f 6617/4396 6625/4404 6618/4406
f 6625/4404 6544/4405 6540/4407
f 6625/4404 6540/4407 6618/4406
f 6540/4407 6544/4405 6552/4408
f 6552/4408 6544/4405 6555/4409
f 6618/4406 6540/4407 6543/4410
f 6543/4410 6540/4407 6552/4408
f 6617/4396 6618/4406 6634/4411
f 6617/4396 6634/4411 6652/4362
f 6652/4362 6634/4411 6671/4355
f 6671/4355 6634/4411 6627/4412
f 6634/4411 6618/4406 6628/4413
f 6634/4411 6628/4413 6627/4412
f 6618/4406 6543/4410 6545/4414
f 6618/4406 6545/4414 6628/4413
f 6545/4414 6543/4410 6552/4408
f 6671/4355 6627/4412 6669/4415
f 6669/4415 6627/4412 6628/4413
f 6671/4355 6669/4415 6700/4350
f 6700/4350 6669/4415 6683/4416
f 6683/4416 6669/4415 6687/4417
f 6687/4417 6669/4415 6689/4418
f 6669/4415 6628/4413 6622/4419
f 6687/4417 6689/4418 6691/4420
f 6689/4418 6669/4415 6676/4421
f 6676/4421 6669/4415 6622/4419
f 6689/4418 6676/4421 6691/4420
f 6687/4417 6691/4420 6692/4422
f 6687/4417 6692/4422 6417/4423
f 6691/4420 6676/4421 6659/4424
f 6659/4424 6676/4421 6622/4419
f 6691/4420 6659/4424 6685/4425
f 6692/4422 6691/4420 6665/4426
f 6665/4426 6691/4420 6685/4425
f 6692/4422 6665/4426 6417/4423
f 6685/4425 6659/4424 6642/4427
f 6685/4425 6642/4427 6665/4426
f 6417/4423 6665/4426 6643/4428
f 6643/4428 6665/4426 6642/4427
f 6417/4423 6643/4428 6332/4429
f 6332/4429 6643/4428 6637/4430
f 6332/4429 6637/4430 6632/4431
f 6637/4430 6643/4428 6608/4432
f 6637/4430 6608/4432 6632/4431
f 6608/4432 6643/4428 6642/4427
f 6632/4431 6608/4432 6613/4433
f 6613/4433 6608/4432 6574/4434
f 6608/4432 6642/4427 6612/4435
f 6612/4435 6642/4427 6659/4424
f 6612/4435 6659/4424 6622/4419
f 6608/4432 6612/4435 6575/4436
f 6608/4432 6575/4436 6574/4434
f 6574/4434 6575/4436 6475/4437
f 6574/4434 6475/4437 6490/4438
f 6575/4436 6612/4435 6623/4439
f 6623/4439 6612/4435 6622/4419
f 6475/4437 6575/4436 6516/4440
f 6516/4440 6575/4436 6623/4439
f 6475/4437 6516/4440 6482/4441
f 6623/4439 6622/4419 6582/4442
f 6623/4439 6582/4442 6516/4440
f 6582/4442 6622/4419 6628/4413
f 6582/4442 6628/4413 6545/4414
f 6582/4442 6545/4414 6509/4443
f 6582/4442 6509/4443 6516/4440
f 6509/4443 6545/4414 6552/4408
f 6557/4444 6482/4441 6516/4440
f 6482/4441 6557/4444 6525/4445
f 6525/4445 6557/4444 6580/4446
f 6580/4446 6557/4444 6567/4447
f 6567/4447 6557/4444 6516/4440
f 6567/4447 6516/4440 6497/4448
f 6567/4447 6497/4448 6447/4449
f 6447/4449 6497/4448 6401/4450
f 6497/4448 6516/4440 6529/4451
f 6529/4451 6516/4440 6509/4443
f 6401/4450 6497/4448 6446/4452
f 6446/4452 6497/4448 6529/4451
f 6401/4450 6446/4452 6388/4453
f 6529/4451 6509/4443 6505/4454
f 6529/4451 6505/4454 6446/4452
f 6446/4452 6505/4454 6388/4453
f 6505/4454 6509/4443 6552/4408
f 6388/4453 6505/4454 6467/4455
f 6388/4453 6467/4455 6441/4456
f 6388/4453 6441/4456 6457/4457
f 6467/4455 6505/4454 6533/4458
f 6533/4458 6505/4454 6552/4408
f 6467/4455 6533/4458 6441/4456
f 6457/4457 6441/4456 6537/4459
f 6537/4459 6441/4456 6533/4458
f 6537/4459 6552/4408 6555/4409
f 6533/4458 6552/4408 6559/4460
f 6559/4460 6552/4408 6537/4459
f 6559/4460 6537/4459 6533/4458
f 2843/4461 2926/4462 2726/4463
f 2843/4461 2726/4463 2589/4464
f 2589/4464 2726/4463 2448/4465
f 2726/4463 2926/4462 2865/4466
f 2589/4464 2448/4465 2300/4467
f 2589/4464 2300/4467 2843/4461
f 2300/4467 2448/4465 2416/4468
f 2843/4461 2300/4467 2997/4469
f 2843/4461 2997/4469 2926/4462
f 2997/4469 2300/4467 3152/4470
f 2865/4466 2926/4462 2998/4471
f 2865/4466 2998/4471 2987/4472
f 2987/4472 2998/4471 3132/4473
f 3132/4473 2998/4471 3162/4474
f 3132/4473 3162/4474 3149/4475
f 2998/4471 2926/4462 3038/4476
f 2998/4471 3038/4476 3162/4474
f 3038/4476 2926/4462 2997/4469
f 3162/4474 3038/4476 3265/4477
f 3038/4476 2997/4469 3250/4478
f 3038/4476 3250/4478 3265/4477
f 3250/4478 2997/4469 3152/4470
f 3265/4477 3250/4478 3371/4479
f 3371/4479 3250/4478 3152/4470
f 3371/4479 3152/4470 3370/4480
f 3371/4479 3370/4480 3372/4481
f 3370/4480 3152/4470 3369/4482
f 3369/4482 3152/4470 3373/4483
f 3370/4480 3369/4482 3368/4484
f 3370/4480 3368/4484 3372/4481
f 3368/4484 3369/4482 3367/4485
f 3372/4481 3368/4484 3351/4486
f 3351/4486 3368/4484 3367/4485
f 3372/4481 3351/4486 3352/4487
f 3352/4487 3351/4486 3293/4488
f 3351/4486 3367/4485 3343/4489
f 3293/4488 3351/4486 3267/4490
f 3267/4490 3351/4486 3343/4489
f 3267/4490 3343/4489 3277/4491
f 3267/4490 3277/4491 3262/4492
f 3267/4490 3262/4492 3186/4493
f 3267/4490 3186/4493 3166/4494
f 255/4495 363/4496 110/4497
f 110/4497 363/4496 68/4498
f 363/4496 255/4495 588/4499
f 68/4498 363/4496 314/4500
f 68/4498 314/4500 104/4501
f 104/4501 314/4500 241/4502
f 314/4500 363/4496 472/4503
f 241/4502 314/4500 350/4504
f 350/4504 314/4500 472/4503
f 472/4503 363/4496 578/4505
f 578/4505 363/4496 588/4499
f 350/4504 472/4503 365/4506
f 241/4502 350/4504 240/4507
f 240/4507 350/4504 365/4506
f 241/4502 240/4507 148/4508
f 241/4502 148/4508 90/4509
f 148/4508 240/4507 202/4510
f 202/4510 240/4507 365/4506
f 510/4511 472/4503 578/4505
f 472/4503 510/4511 365/4506
f 510/4511 578/4505 657/4512
f 365/4506 510/4511 616/4513
f 616/4513 510/4511 657/4512
f 657/4512 578/4505 645/4514
f 645/4514 578/4505 588/4499
f 616/4513 657/4512 682/4515
f 682/4515 657/4512 645/4514
f 365/4506 616/4513 488/4516
f 645/4514 588/4499 726/4517
f 726/4517 588/4499 367/4518
f 616/4513 682/4515 622/4519
f 616/4513 622/4519 488/4516
f 682/4515 645/4514 714/4520
f 714/4520 645/4514 726/4517
f 682/4515 714/4520 680/4521
f 682/4515 680/4521 622/4519
f 714/4520 726/4517 828/4522
f 944/4523 726/4517 788/4524
f 726/4517 944/4523 828/4522
f 828/4522 944/4523 935/4525
f 828/4522 935/4525 875/4526
f 680/4521 714/4520 664/4527
f 664/4527 714/4520 828/4522
f 828/4522 875/4526 628/4528
f 828/4522 628/4528 664/4527
f 628/4528 875/4526 701/4529
f 628/4528 701/4529 454/4530
f 680/4521 664/4527 613/4531
f 680/4521 613/4531 622/4519
f 613/4531 664/4527 628/4528
f 628/4528 454/4530 13/4532
f 622/4519 613/4531 438/4533
f 628/4528 13/4532 298/4534
f 613/4531 628/4528 545/4535
f 613/4531 545/4535 438/4533
f 545/4535 628/4528 298/4534
f 298/4534 13/4532 50/4536
f 545/4535 298/4534 452/4537
f 298/4534 50/4536 101/4538
f 298/4534 101/4538 452/4537
f 101/4538 50/4536 3377/4539
f 101/4538 3377/4539 22/4540
f 452/4537 101/4538 253/4541
f 452/4537 253/4541 545/4535
f 253/4541 101/4538 22/4540
f 545/4535 253/4541 438/4533
f 253/4541 22/4540 162/4542
f 162/4542 22/4540 52/4543
f 438/4533 253/4541 308/4544
f 308/4544 253/4541 162/4542
f 438/4533 308/4544 346/4545
f 438/4533 346/4545 622/4519
f 622/4519 346/4545 488/4516
f 346/4545 308/4544 239/4546
f 239/4546 308/4544 162/4542
f 239/4546 162/4542 149/4547
f 149/4547 162/4542 33/4548
f 239/4546 149/4547 190/4549
f 239/4546 190/4549 346/4545
f 190/4549 149/4547 99/4550
f 190/4549 99/4550 161/4551
f 346/4545 190/4549 323/4552
f 346/4545 323/4552 488/4516
f 323/4552 190/4549 161/4551
f 488/4516 323/4552 365/4506
f 365/4506 323/4552 202/4510
f 202/4510 323/4552 161/4551
f 202/4510 161/4551 73/4553
f 1011/4554 1038/4555 995/4556
f 1011/4554 995/4556 939/4557
f 995/4556 1038/4555 952/4558
f 939/4557 995/4556 907/4559
f 907/4559 995/4556 952/4558
f 952/4558 1038/4555 1052/4560
f 1052/4560 1038/4555 1011/4554
f 952/4558 1052/4560 960/4561
f 952/4558 960/4561 907/4559
f 960/4561 1052/4560 1027/4562
f 907/4559 960/4561 947/4563
f 947/4563 960/4561 1027/4562
f 1027/4562 1052/4560 1055/4564
f 1027/4562 1055/4564 947/4563
f 1055/4564 1052/4560 1011/4554
f 907/4559 947/4563 920/4565
f 901/4566 939/4557 907/4559
f 939/4557 901/4566 1011/4554
f 901/4566 907/4559 920/4565
f 1011/4554 901/4566 876/4567
f 876/4567 901/4566 838/4568
f 838/4568 901/4566 920/4565
f 838/4568 920/4565 788/4569
f 788/4569 920/4565 944/4570
f 944/4570 920/4565 947/4563
f 944/4570 947/4563 970/4571
f 970/4571 947/4563 1055/4564
f 944/4570 970/4571 1001/4572
f 1001/4572 970/4571 1065/4573
f 1065/4573 970/4571 1055/4564
f 944/4570 1001/4572 951/4574
f 944/4570 951/4574 935/4575
f 935/4575 951/4574 913/4576
f 935/4575 913/4576 875/4577
f 875/4577 913/4576 988/4578
f 988/4578 913/4576 951/4574
f 875/4577 988/4578 896/4579
f 1084/4580 1001/4572 1065/4573
f 896/4579 988/4578 1008/4581
f 896/4579 1008/4581 981/4582
f 981/4582 1008/4581 1007/4583
f 1007/4583 1008/4581 988/4578
f 1001/4572 1084/4580 1019/4584
f 1001/4572 1019/4584 951/4574
f 1084/4580 1065/4573 1081/4585
f 1081/4585 1065/4573 1055/4564
f 1019/4584 1084/4580 1082/4586
f 1082/4586 1084/4580 1081/4585
f 951/4574 1019/4584 961/4587
f 1019/4584 1082/4586 1070/4588
f 1070/4588 1082/4586 1081/4585
f 961/4587 1019/4584 992/4589
f 992/4589 1019/4584 1070/4588
f 951/4574 961/4587 983/4590
f 983/4590 961/4587 992/4589
f 992/4589 1070/4588 1066/4591
f 992/4589 1066/4591 983/4590
f 1066/4591 1070/4588 1081/4585
f 951/4574 983/4590 1012/4592
f 1012/4592 983/4590 1066/4591
f 951/4574 1012/4592 988/4578
f 1012/4592 1066/4591 1032/4593
f 1012/4592 1032/4593 988/4578
f 1032/4593 1066/4591 1053/4594
f 1053/4594 1066/4591 1081/4585
f 988/4578 1032/4593 1010/4595
f 1010/4595 1032/4593 1053/4594
f 988/4578 1010/4595 1007/4583
f 1007/4583 1010/4595 976/4596
f 976/4596 1010/4595 978/4597
f 905/4598 978/4597 965/4599
f 965/4599 978/4597 1020/4600
f 1020/4600 978/4597 1010/4595
f 1010/4595 1053/4594 1059/4601
f 1010/4595 1059/4601 1020/4600
f 1059/4601 1053/4594 1081/4585
f 1000/4602 915/4603 1020/4600
f 1000/4602 1020/4600 1059/4601
f 1000/4602 1059/4601 989/4604
f 989/4604 1059/4601 963/4605
f 989/4604 963/4605 909/4606
f 909/4606 963/4605 997/4607
f 997/4607 963/4605 1059/4601
f 909/4606 997/4607 922/4608
f 997/4607 1059/4601 1036/4609
f 997/4607 1036/4609 922/4608
f 1036/4609 1059/4601 1078/4610
f 1078/4610 1059/4601 1081/4585
f 922/4608 1036/4609 1017/4611
f 922/4608 1017/4611 923/4612
f 1036/4609 1078/4610 1040/4613
f 1036/4609 1040/4613 1017/4611
f 1078/4610 1081/4585 1063/4614
f 1063/4614 1081/4585 1055/4564
f 1040/4613 1078/4610 1042/4615
f 1042/4615 1078/4610 1063/4614
f 1017/4611 1040/4613 982/4616
f 982/4616 1040/4613 1042/4615
f 1017/4611 982/4616 923/4612
f 923/4612 982/4616 940/4617
f 940/4617 982/4616 1042/4615
f 923/4612 940/4617 881/4618
f 940/4617 1042/4615 984/4619
f 940/4617 984/4619 881/4618
f 984/4619 1042/4615 1063/4614
f 881/4618 984/4619 986/4620
f 986/4620 984/4619 1063/4614
f 986/4620 1063/4614 1029/4621
f 986/4620 1029/4621 991/4622
f 991/4622 1029/4621 1063/4614
f 986/4620 991/4622 914/4623
f 986/4620 914/4623 846/4624
f 914/4623 991/4622 943/4625
f 914/4623 943/4625 846/4624
f 991/4622 1063/4614 1031/4626
f 991/4622 1031/4626 943/4625
f 846/4624 943/4625 929/4627
f 929/4627 943/4625 1031/4626
f 846/4624 929/4627 809/4628
f 1031/4626 1063/4614 1050/4629
f 1050/4629 1063/4614 1055/4564
f 929/4627 1031/4626 897/4630
f 929/4627 897/4630 809/4628
f 1031/4626 1050/4629 973/4631
f 1031/4626 973/4631 897/4630
f 1050/4629 1055/4564 1022/4632
f 1050/4629 1022/4632 973/4631
f 1022/4632 1055/4564 1011/4554
f 1022/4632 1011/4554 948/4633
f 809/4628 897/4630 925/4634
f 925/4634 897/4630 973/4631
f 925/4634 973/4631 1022/4632
f 809/4628 925/4634 893/4635
f 893/4635 925/4634 1022/4632
f 4955/4636 4973/4637 5050/4638
f 4955/4636 5050/4638 5005/4639
f 4955/4636 5005/4639 4945/4640
f 4945/4640 5005/4639 4999/4641
f 4955/4636 4945/4640 4930/4642
f 4955/4636 4930/4642 4986/4643
f 4955/4636 4986/4643 4973/4637
f 4986/4643 4930/4642 5025/4644
f 4986/4643 5025/4644 5045/4645
f 5045/4645 5025/4644 5016/4646
f 5052/4647 5050/4638 4973/4637
f 5050/4638 5052/4647 5078/4648
f 5050/4638 5078/4648 5084/4649
f 5052/4647 4973/4637 5076/4650
f 5052/4647 5076/4650 5078/4648
f 4977/4651 4973/4637 4986/4643
f 4973/4637 4977/4651 5076/4650
f 5078/4648 5076/4650 5065/4652
f 5065/4652 5076/4650 4977/4651
f 5084/4649 5078/4648 5089/4653
f 5089/4653 5078/4648 5065/4652
f 5084/4649 5089/4653 5092/4654
f 5092/4654 5089/4653 5015/4655
f 4977/4651 4986/4643 4995/4656
f 4995/4656 4986/4643 5015/4655
f 4977/4651 4995/4656 5065/4652
f 4995/4656 5015/4655 5089/4653
f 4995/4656 5089/4653 5065/4652
f 4047/4657 3975/4658 4158/4659
f 4158/4659 3975/4658 3956/4660
f 4047/4657 4158/4659 4192/4661
f 4047/4657 4192/4661 4143/4662
f 4192/4661 4158/4659 4272/4663
f 4272/4663 4158/4659 4228/4664
f 4228/4664 4158/4659 4079/4665
f 4079/4665 4158/4659 3956/4660
f 4079/4665 3956/4660 3902/4666
f 4079/4665 3902/4666 3717/4667
f 4079/4665 3717/4667 3870/4668
f 4192/4661 4272/4663 4318/4669
f 4192/4661 4318/4669 4143/4662
f 4318/4669 4272/4663 4419/4670
f 4318/4669 4419/4670 4539/4671
f 4318/4669 4539/4671 4438/4672
f 4318/4669 4438/4672 4359/4673
f 4318/4669 4359/4673 4143/4662
f 4143/4662 4359/4673 4282/4674
f 3132/4675 3160/4676 2987/4677
f 3149/4678 3155/4679 3132/4675
f 3132/4675 3155/4679 3226/4680
f 3160/4676 3132/4675 3217/4681
f 3217/4681 3132/4675 3226/4680
f 3160/4676 3217/4681 3264/4682
f 3160/4676 3264/4682 3109/4683
f 3264/4682 3217/4681 3273/4684
f 3217/4681 3226/4680 3214/4685
f 3217/4681 3214/4685 3273/4684
f 3214/4685 3226/4680 3229/4686
f 3214/4685 3229/4686 3162/4687
f 3214/4685 3162/4687 3265/4688
f 3214/4685 3265/4688 3273/4684
f 3264/4682 3273/4684 3323/4689
f 3257/4690 3109/4683 3264/4682
f 3257/4690 3264/4682 3323/4689
f 3109/4683 3257/4690 3155/4691
f 3257/4690 3323/4689 3300/4692
f 3257/4690 3300/4692 3155/4691
f 3155/4691 3300/4692 3226/4693
f 6934/4694 6785/4695 6960/4696
f 6785/4695 6934/4694 6871/4697
f 6871/4697 6934/4694 6997/4698
f 6997/4698 6934/4694 6972/4699
f 6997/4698 6972/4699 7045/4700
f 7045/4700 6972/4699 7019/4701
f 6997/4698 7045/4700 7071/4702
f 7071/4702 7045/4700 7099/4703
f 7071/4702 7099/4703 7057/4704
f 7057/4704 7099/4703 7019/4705
f 3371/4706 3372/4707 3265/4708
f 3265/4708 3372/4707 3364/4709
f 3364/4709 3372/4707 3366/4710
f 3366/4710 3372/4707 3352/4711
f 3265/4708 3364/4709 3276/4712
f 3276/4712 3364/4709 3366/4710
f 3276/4712 3366/4710 3352/4711
f 3276/4712 3352/4711 3293/4713
f 3276/4712 3293/4713 3267/4714
f 3265/4708 3276/4712 3273/4715
f 3276/4712 3267/4714 3179/4716
f 3179/4716 3267/4714 3166/4717
f 3273/4715 3276/4712 3305/4718
f 3273/4715 3305/4718 3323/4719
f 3323/4719 3305/4718 3300/4720
f 3300/4720 3305/4718 3226/4721
f 3226/4721 3305/4718 3229/4722
f 3229/4722 3305/4718 3276/4712
f 3229/4722 3276/4712 3179/4716
f 3229/4722 3179/4716 3162/4723
f 3162/4723 3179/4716 3149/4724
f 3057/4725 3155/4726 3149/4724
f 3149/4724 3179/4716 3082/4727
f 3149/4724 3082/4727 3057/4725
f 3082/4727 3179/4716 3145/4728
f 3145/4728 3179/4716 3166/4717
f 3145/4728 3166/4717 3156/4729
f 3145/4728 3156/4729 3090/4730
f 3082/4727 3145/4728 3070/4731
f 3082/4727 3070/4731 3057/4725
f 3070/4731 3145/4728 3090/4730
f 3057/4725 3070/4731 3049/4732
f 3049/4732 3070/4731 3090/4730
f 6490/4733 6475/4734 6455/4735
f 6490/4733 6455/4735 6530/4736
f 6490/4733 6530/4736 6459/4737
f 6459/4737 6530/4736 6496/4738
f 6496/4738 6530/4736 6455/4735
f 6459/4737 6496/4738 6445/4739
f 6459/4737 6445/4739 6433/4740
f 6433/4740 6445/4739 6485/4741
f 6445/4739 6496/4738 6473/4742
f 6445/4739 6473/4742 6485/4741
f 6496/4738 6455/4735 6458/4743
f 6496/4738 6458/4743 6473/4742
f 6448/4744 6455/4735 6475/4734
f 6448/4744 6475/4734 6482/4745
f 6455/4735 6448/4744 6437/4746
f 6455/4735 6437/4746 6458/4743
f 6448/4744 6482/4745 6465/4747
f 6465/4747 6482/4745 6525/4748
f 6437/4746 6448/4744 6438/4749
f 6438/4749 6448/4744 6465/4747
f 6437/4746 6438/4749 6500/4750
f 6438/4749 6465/4747 6483/4751
f 6438/4749 6483/4751 6500/4750
f 6437/4746 6500/4750 6508/4752
f 6508/4752 6500/4750 6483/4751
f 6437/4746 6508/4752 6458/4743
f 6502/4753 6465/4747 6525/4748
f 6508/4752 6483/4751 6394/4754
f 6508/4752 6394/4754 6458/4743
f 6498/4755 6483/4751 6465/4747
f 6498/4755 6465/4747 6502/4753
f 6502/4753 6525/4748 6580/4756
f 6483/4751 6498/4755 6440/4757
f 6483/4751 6440/4757 6394/4754
f 6498/4755 6502/4753 6469/4758
f 6498/4755 6469/4758 6440/4757
f 6394/4754 6440/4757 6452/4759
f 6452/4759 6440/4757 6469/4758
f 6394/4754 6452/4759 6458/4743
f 6458/4743 6452/4759 6487/4760
f 6487/4760 6452/4759 6469/4758
f 6469/4758 6502/4753 6524/4761
f 6524/4761 6502/4753 6580/4756
f 6469/4758 6524/4761 6487/4760
f 6458/4743 6487/4760 6473/4742
f 6524/4761 6580/4756 6593/4762
f 6593/4762 6580/4756 6553/4763
f 6553/4763 6580/4756 6567/4764
f 6524/4761 6593/4762 6586/4765
f 6524/4761 6586/4765 6487/4760
f 6586/4765 6593/4762 6553/4763
f 6553/4763 6567/4764 6447/4766
f 6553/4763 6447/4766 6439/4767
f 6439/4767 6447/4766 6401/4768
f 6553/4763 6439/4767 6507/4769
f 6553/4763 6507/4769 6586/4765
f 6439/4767 6401/4768 6443/4770
f 6439/4767 6443/4770 6507/4769
f 6443/4770 6401/4768 6388/4771
f 6443/4770 6388/4771 6457/4772
f 6443/4770 6457/4772 6464/4773
f 6507/4769 6443/4770 6503/4774
f 6503/4774 6443/4770 6464/4773
f 6464/4773 6457/4772 6546/4775
f 6464/4773 6546/4775 6503/4774
f 6546/4775 6457/4772 6537/4776
f 6546/4775 6537/4776 6555/4777
f 6507/4769 6503/4774 6495/4778
f 6507/4769 6495/4778 6586/4765
f 6503/4774 6546/4775 6499/4779
f 6499/4779 6546/4775 6555/4777
f 6503/4774 6499/4779 6495/4778
f 6495/4778 6499/4779 6584/4780
f 6495/4778 6584/4780 6586/4765
f 6499/4779 6555/4777 6528/4781
f 6499/4779 6528/4781 6584/4780
f 6528/4781 6555/4777 6544/4782
f 6528/4781 6544/4782 6534/4783
f 6534/4783 6544/4782 6620/4784
f 6620/4784 6544/4782 6630/4785
f 6528/4781 6534/4783 6603/4786
f 6528/4781 6603/4786 6584/4780
f 6603/4786 6534/4783 6620/4784
f 6620/4784 6630/4785 6636/4787
f 6603/4786 6620/4784 6631/4788
f 6631/4788 6620/4784 6636/4787
f 6584/4780 6603/4786 6626/4789
f 6626/4789 6603/4786 6631/4788
f 6584/4780 6626/4789 6619/4790
f 6584/4780 6619/4790 6586/4765
f 6626/4789 6631/4788 6658/4791
f 6626/4789 6658/4791 6619/4790
f 6631/4788 6636/4787 6662/4792
f 6662/4792 6636/4787 6645/4793
f 6645/4793 6636/4787 6614/4794
f 6645/4793 6614/4794 6531/4795
f 6631/4788 6662/4792 6673/4796
f 6631/4788 6673/4796 6658/4791
f 6673/4796 6662/4792 6681/4797
f 6658/4791 6673/4796 6684/4798
f 6684/4798 6673/4796 6681/4797
f 6655/4799 6619/4790 6658/4791
f 6619/4790 6655/4799 6586/4765
f 6655/4799 6658/4791 6684/4798
f 6684/4798 6681/4797 6680/4800
f 6680/4800 6681/4797 6470/4801
f 6684/4798 6680/4800 6682/4802
f 6682/4802 6680/4800 6569/4803
f 6569/4803 6680/4800 6470/4801
f 6684/4798 6682/4802 6664/4804
f 6684/4798 6664/4804 6655/4799
f 6682/4802 6569/4803 6476/4805
f 6682/4802 6476/4805 6664/4804
f 6569/4803 6470/4801 6435/4806
f 6569/4803 6435/4806 6476/4805
f 6435/4806 6470/4801 6396/4807
f 6396/4807 6470/4801 6228/4808
f 6228/4808 6470/4801 5912/4809
f 6396/4807 6228/4808 6191/4810
f 6191/4810 6228/4808 5912/4809
f 5912/4809 6470/4801 5728/4811
f 6396/4807 6191/4810 6412/4812
f 6396/4807 6412/4812 6435/4806
f 6191/4810 5912/4809 5944/4813
f 5912/4809 5728/4811 5783/4814
f 5783/4814 5728/4811 5367/4815
f 5944/4813 5912/4809 5921/4816
f 5921/4816 5912/4809 5783/4814
f 5944/4813 5921/4816 5925/4817
f 5925/4817 5921/4816 5929/4818
f 5944/4813 5925/4817 6080/4819
f 5944/4813 6080/4819 6191/4810
f 6080/4819 5925/4817 6017/4820
f 5929/4818 5921/4816 5907/4821
f 5907/4821 5921/4816 5783/4814
f 5929/4818 5907/4821 5545/4822
f 5907/4821 5783/4814 5493/4823
f 5907/4821 5493/4823 5545/4822
f 5493/4823 5783/4814 5367/4815
f 5545/4822 5493/4823 5296/4824
f 5493/4823 5367/4815 5273/4825
f 5493/4823 5273/4825 5296/4824
f 6236/4826 6080/4819 6017/4820
f 6236/4826 6017/4820 6249/4827
f 6236/4826 6249/4827 6383/4828
f 6236/4826 6383/4828 6387/4829
f 6236/4826 6387/4829 6080/4819
f 6080/4819 6387/4829 6191/4810
f 6191/4810 6387/4829 6412/4812
f 6412/4812 6387/4829 6415/4830
f 6415/4830 6387/4829 6410/4831
f 6412/4812 6415/4830 6435/4806
f 6435/4806 6415/4830 6360/4832
f 6435/4806 6360/4832 6476/4805
f 6360/4832 6415/4830 6321/4833
f 6476/4805 6360/4832 6162/4834
f 6162/4834 6360/4832 6321/4833
f 6476/4805 6162/4834 6002/4835
f 6162/4834 6321/4833 6031/4836
f 6162/4834 6031/4836 6002/4835
f 6321/4833 6415/4830 6408/4837
f 6408/4837 6415/4830 6375/4838
f 6031/4836 6321/4833 6091/4839
f 6031/4836 6091/4839 6002/4835
f 6091/4839 6321/4833 6263/4840
f 6263/4840 6321/4833 6408/4837
f 6002/4835 6091/4839 5961/4841
f 6091/4839 6263/4840 6057/4842
f 6091/4839 6057/4842 5961/4841
f 6263/4840 6408/4837 6246/4843
f 6263/4840 6246/4843 6057/4842
f 6057/4842 6246/4843 6018/4844
f 6246/4843 6408/4837 6164/4845
f 6246/4843 6164/4845 6018/4844
f 6057/4842 6018/4844 6010/4846
f 6010/4846 6018/4844 6164/4845
f 6057/4842 6010/4846 5961/4841
f 6010/4846 6164/4845 6172/4847
f 6164/4845 6408/4837 6314/4848
f 6164/4845 6314/4848 6172/4847
f 6314/4848 6408/4837 6375/4838
f 6314/4848 6375/4838 6253/4849
f 6172/4847 6314/4848 6104/4850
f 6172/4847 6104/4850 6010/4846
f 6104/4850 6314/4848 6253/4849
f 6010/4846 6104/4850 5961/4841
f 6104/4850 6253/4849 6049/4851
f 6104/4850 6049/4851 6045/4852
f 6104/4850 6045/4852 6037/4853
f 6104/4850 6037/4853 5953/4854
f 6104/4850 5953/4854 5961/4841
f 5953/4854 6037/4853 6027/4855
f 5961/4841 5953/4854 6007/4856
f 6007/4856 5953/4854 6141/4857
f 6007/4856 6141/4857 5970/4858
f 6007/4856 5970/4858 5961/4841
f 5961/4841 5970/4858 6002/4835
f 6002/4835 5970/4858 6294/4859
f 6002/4835 6294/4859 6476/4805
f 6476/4805 6294/4859 6664/4804
f 6294/4859 5970/4858 6339/4860
f 6339/4860 5970/4858 5991/4861
f 6664/4804 6294/4859 6640/4862
f 6640/4862 6294/4859 6339/4860
f 6664/4804 6640/4862 6655/4799
f 6339/4860 5991/4861 6106/4863
f 6339/4860 6106/4863 6328/4864
f 6328/4864 6106/4863 6092/4865
f 6328/4864 6092/4865 6198/4866
f 6328/4864 6198/4866 6564/4867
f 6328/4864 6564/4867 6587/4868
f 6328/4864 6587/4868 6588/4869
f 6328/4864 6588/4869 6339/4860
f 6588/4869 6587/4868 6779/4870
f 6633/4871 6640/4862 6339/4860
f 6633/4871 6339/4860 6588/4869
f 6588/4869 6779/4870 6686/4872
f 6588/4869 6686/4872 6633/4871
f 6686/4872 6779/4870 6881/4873
f 6640/4862 6633/4871 6609/4874
f 6640/4862 6609/4874 6655/4799
f 6633/4871 6686/4872 6624/4875
f 6633/4871 6624/4875 6609/4874
f 6686/4872 6881/4873 6743/4876
f 6686/4872 6743/4876 6624/4875
f 6743/4876 6881/4873 6752/4877
f 6624/4875 6743/4876 6562/4878
f 6562/4878 6743/4876 6752/4877
f 6624/4875 6562/4878 6609/4874
f 6562/4878 6752/4877 6522/4879
f 6562/4878 6522/4879 6510/4880
f 6510/4880 6522/4879 6442/4881
f 6609/4874 6562/4878 6583/4882
f 6609/4874 6583/4882 6655/4799
f 6562/4878 6510/4880 6511/4883
f 6562/4878 6511/4883 6583/4882
f 6511/4883 6510/4880 6485/4741
f 6511/4883 6485/4741 6473/4742
f 6511/4883 6473/4742 6583/4882
f 6655/4799 6583/4882 6554/4884
f 6554/4884 6583/4882 6473/4742
f 6655/4799 6554/4884 6586/4765
f 6554/4884 6473/4742 6487/4760
f 6554/4884 6487/4760 6586/4765
f 6960/4885 7053/4886 6975/4887
f 6975/4887 7053/4886 7045/4888
f 6975/4887 7045/4888 7019/4889
f 6975/4887 7019/4889 7087/4890
f 7087/4890 7019/4889 7099/4891
f 6975/4887 7087/4890 6956/4892
f 7087/4890 7099/4891 7121/4893
f 7121/4893 7099/4891 7045/4894
f 7121/4893 7045/4894 7053/4895
f 7087/4890 7121/4893 7044/4896
f 7087/4890 7044/4896 6956/4892
f 6975/4887 6956/4892 6948/4897
f 6948/4897 6956/4892 6858/4898
f 6948/4897 6858/4898 6797/4899
f 6948/4897 6797/4899 6888/4900
f 6948/4897 6888/4900 6950/4901
f 6888/4900 6797/4899 6833/4902
f 6888/4900 6833/4902 6851/4903
f 6888/4900 6851/4903 6950/4901
f 6833/4902 6797/4899 6771/4904
f 6771/4904 6797/4899 6703/4905
f 6851/4903 6833/4902 6840/4906
f 6840/4906 6833/4902 6771/4904
f 6851/4903 6840/4906 6882/4907
f 6851/4903 6882/4907 6950/4901
f 6840/4906 6771/4904 6772/4908
f 6950/4901 6882/4907 6958/4909
f 6950/4901 6958/4909 7014/4910
f 6950/4901 7014/4910 7070/4911
f 6950/4901 7070/4911 7075/4912
f 7070/4911 7014/4910 7088/4913
f 7075/4912 7070/4911 7092/4914
f 7092/4914 7070/4911 7088/4913
f 7075/4912 7092/4914 7150/4915
f 7150/4915 7092/4914 7088/4913
f 7150/4915 7088/4913 7166/4916
f 7166/4916 7088/4913 7175/4917
f 7166/4916 7175/4917 7180/4918
f 7166/4916 7180/4918 7150/4915
f 7180/4918 7175/4917 7179/4919
f 7075/4912 7150/4915 7153/4920
f 7075/4912 7153/4920 7144/4921
f 7180/4918 7179/4919 7178/4922
f 7180/4918 7178/4922 7150/4915
f 7178/4922 7179/4919 7177/4923
f 7153/4920 7150/4915 7164/4924
f 7164/4924 7150/4915 7178/4922
f 7144/4921 7153/4920 7176/4925
f 7176/4925 7153/4920 7164/4924
f 7176/4925 7164/4924 7178/4922
f 7176/4925 7178/4922 7177/4923
f 7144/4921 7176/4925 7174/4926
f 7174/4926 7176/4925 7177/4923
f 1454/4927 1519/4928 1374/4929
f 1519/4928 1454/4927 1580/4930
f 1454/4927 1374/4929 1332/4931
f 1374/4929 1519/4928 1530/4932
f 1374/4929 1530/4932 1295/4933
f 1374/4929 1295/4933 1260/4934
f 1374/4929 1260/4934 1250/4935
f 1294/4936 1328/4937 1331/4938
f 1331/4938 1328/4937 1351/4939
f 1351/4939 1328/4937 1398/4940
f 1398/4940 1328/4937 1339/4941
f 1398/4940 1339/4941 1429/4942
f 1398/4940 1429/4942 1424/4943
f 1351/4939 1398/4940 1408/4944
f 1398/4940 1424/4943 1403/4945
f 1398/4940 1403/4945 1408/4944
f 1351/4939 1408/4944 1340/4946
f 1340/4946 1408/4944 1381/4947
f 1381/4947 1408/4944 1403/4945
f 1351/4939 1340/4946 1346/4948
f 1346/4948 1340/4946 1381/4947
f 1351/4939 1346/4948 1331/4938
f 1346/4948 1381/4947 1403/4945
f 1331/4938 1346/4948 1347/4949
f 1331/4938 1347/4949 1263/4950
f 1347/4949 1346/4948 1350/4951
f 1346/4948 1403/4945 1365/4952
f 1346/4948 1365/4952 1350/4951
f 1365/4952 1403/4945 1405/4953
f 1365/4952 1405/4953 1355/4954
f 1365/4952 1355/4954 1350/4951
f 1405/4953 1403/4945 1421/4955
f 1421/4955 1403/4945 1424/4943
f 1355/4954 1405/4953 1410/4956
f 1410/4956 1405/4953 1421/4955
f 1350/4951 1355/4954 1359/4957
f 1359/4957 1355/4954 1410/4956
f 1323/4958 1347/4949 1350/4951
f 1323/4958 1350/4951 1318/4959
f 1318/4959 1350/4951 1359/4957
f 1347/4949 1323/4958 1106/4960
f 1347/4949 1106/4960 1049/4961
f 1106/4960 1323/4958 1077/4962
f 1106/4960 1077/4962 856/4963
f 1106/4960 856/4963 786/4964
f 1318/4959 1359/4957 1344/4965
f 1318/4959 1344/4965 1327/4966
f 1327/4966 1344/4965 1386/4967
f 1344/4965 1359/4957 1363/4968
f 1386/4967 1344/4965 1402/4969
f 1402/4969 1344/4965 1363/4968
f 1386/4967 1402/4969 1383/4970
f 1363/4968 1359/4957 1412/4971
f 1363/4968 1412/4971 1402/4969
f 1412/4971 1359/4957 1410/4956
f 1412/4971 1410/4956 1421/4955
f 1412/4971 1421/4955 1402/4969
f 1402/4969 1421/4955 1383/4970
f 1383/4970 1421/4955 1432/4972
f 1383/4970 1432/4972 1335/4973
f 1335/4973 1432/4972 1375/4974
f 1432/4972 1421/4955 1456/4975
f 1456/4975 1421/4955 1424/4943
f 1456/4975 1424/4943 1447/4976
f 1456/4975 1447/4976 1404/4977
f 1379/4978 1283/4979 1404/4977
f 1375/4974 1432/4972 1372/4980
f 1432/4972 1456/4975 1434/4981
f 1432/4972 1434/4981 1372/4980
f 1456/4975 1404/4977 1441/4982
f 1404/4977 1283/4979 1320/4983
f 1404/4977 1320/4983 1441/4982
f 1320/4983 1283/4979 1271/4984
f 1271/4984 1283/4979 1254/4985
f 1271/4984 1254/4985 1286/4986
f 1271/4984 1286/4986 1308/4987
f 1441/4982 1320/4983 1316/4988
f 1316/4988 1320/4983 1271/4984
f 1441/4982 1316/4988 1399/4989
f 1316/4988 1271/4984 1301/4990
f 1316/4988 1301/4990 1399/4989
f 1441/4982 1399/4989 1450/4991
f 1441/4982 1450/4991 1456/4975
f 1399/4989 1301/4990 1357/4992
f 1399/4989 1357/4992 1450/4991
f 1301/4990 1271/4984 1279/4993
f 1301/4990 1279/4993 1357/4992
f 1300/4994 1271/4984 1308/4987
f 1271/4984 1300/4994 1279/4993
f 1258/4995 1262/4996 1308/4987
f 1308/4987 1262/4996 1300/4994
f 1300/4994 1262/4996 1246/4997
f 1300/4994 1246/4997 1298/4998
f 1300/4994 1298/4998 1255/4999
f 1382/5000 1357/4992 1279/4993
f 1357/4992 1382/5000 1450/4991
f 1382/5000 1279/4993 1281/5001
f 1277/5002 1279/4993 1300/4994
f 1279/4993 1277/5002 1281/5001
f 1300/4994 1255/4999 1257/5003
f 1300/4994 1257/5003 1277/5002
f 1257/5003 1255/4999 1233/5004
f 1281/5001 1277/5002 1370/5005
f 1281/5001 1370/5005 1382/5000
f 1445/5006 1450/4991 1382/5000
f 1445/5006 1382/5000 1370/5005
f 1450/4991 1445/5006 1456/4975
f 1370/5005 1277/5002 1362/5007
f 1370/5005 1362/5007 1445/5006
f 1456/4975 1445/5006 1434/4981
f 1362/5007 1277/5002 1274/5008
f 1274/5008 1277/5002 1257/5003
f 1445/5006 1362/5007 1361/5009
f 1361/5009 1362/5007 1274/5008
f 1434/4981 1445/5006 1384/5010
f 1384/5010 1445/5006 1361/5009
f 1361/5009 1274/5008 1284/5011
f 1361/5009 1284/5011 1384/5010
f 1284/5011 1274/5008 1257/5003
f 1384/5010 1284/5011 1285/5012
f 1285/5012 1284/5011 1257/5003
f 1384/5010 1285/5012 1360/5013
f 1360/5013 1285/5012 1257/5003
f 1384/5010 1360/5013 1434/4981
f 1434/4981 1360/5013 1367/5014
f 1434/4981 1367/5014 1372/4980
f 1360/5013 1257/5003 1259/5015
f 1360/5013 1259/5015 1367/5014
f 1367/5014 1259/5015 1241/5016
f 1367/5014 1241/5016 1372/4980
f 1372/4980 1241/5016 1248/5017
f 1248/5017 1241/5016 1259/5015
f 1372/4980 1248/5017 1375/4974
f 1259/5015 1257/5003 1214/5018
f 1259/5015 1214/5018 1248/5017
f 1214/5018 1257/5003 1233/5004
f 1375/4974 1248/5017 1278/5019
f 1375/4974 1278/5019 1306/5020
f 1306/5020 1278/5019 1189/5021
f 1189/5021 1278/5019 1248/5017
f 1189/5021 1248/5017 1214/5018
f 1189/5021 1214/5018 1156/5022
f 1156/5022 1214/5018 1169/5023
f 4949/5024 5032/5025 5073/5026
f 5073/5026 5032/5025 5143/5027
f 5073/5026 5143/5027 5218/5028
f 5218/5028 5143/5027 5131/5029
f 5131/5029 5143/5027 5132/5030
f 5131/5029 5132/5030 5084/5031
f 5131/5029 5084/5031 5121/5032
f 5131/5029 5121/5032 5181/5033
f 5131/5029 5181/5033 5218/5028
f 5218/5028 5181/5033 5328/5034
f 5218/5028 5328/5034 5324/5035
f 5324/5035 5328/5034 5430/5036
s 0
f 5430/5036 5328/5034 5549/5037
s 1
f 5430/5036 5549/5037 5712/5038
f 5712/5038 5549/5037 5788/5039
f 5788/5039 5549/5037 5853/5040
f 5549/5037 5328/5034 5342/5041
f 5342/5041 5328/5034 5283/5042
f 5549/5037 5342/5041 5579/5043
f 5549/5037 5579/5043 5734/5044
f 5549/5037 5734/5044 5853/5040
f 5853/5040 5734/5044 5744/5045
f 5853/5040 5744/5045 5884/5046
f 5884/5046 5744/5045 5786/5047
f 5884/5046 5786/5047 5861/5048
f 1404/5049 1447/5050 1379/5051
f 1379/5051 1447/5050 1512/5052
f 1512/5052 1447/5050 1424/5053
f 1254/5054 1283/5055 1379/5051
f 1254/5054 1379/5051 1512/5052
f 1512/5052 1424/5053 1429/5056
f 1254/5054 1512/5052 1417/5057
f 1295/5058 1429/5056 1339/5059
f 1429/5056 1295/5058 1530/5060
f 1429/5056 1530/5060 1580/5061
f 1580/5061 1530/5060 1519/5062
f 1429/5056 1580/5061 1594/5063
f 1429/5056 1594/5063 1512/5052
f 1512/5052 1594/5063 1599/5064
f 1512/5052 1599/5064 1417/5057
f 1417/5057 1599/5064 1601/5065
f 1417/5057 1601/5065 1561/5066
f 1417/5057 1561/5066 1397/5067
f 1256/5068 1254/5054 1417/5057
f 1256/5068 1417/5057 1397/5067
f 1254/5054 1256/5068 1286/5069
f 1286/5069 1256/5068 1297/5070
f 1297/5070 1256/5068 1397/5067
f 1297/5070 1397/5067 1411/5071
f 5092/5072 5029/5073 5112/5074
f 5029/5073 5092/5072 5015/5075
f 5092/5072 5112/5074 5129/5076
f 5112/5074 5029/5073 5022/5077
f 5112/5074 5022/5077 5129/5076
f 5092/5072 5129/5076 5121/5078
f 5092/5072 5121/5078 5084/5079
f 5129/5076 5022/5077 5120/5080
f 5129/5076 5120/5080 5121/5078
f 5022/5077 5029/5073 5018/5081
f 5018/5081 5029/5073 5015/5075
f 5120/5080 5022/5077 5024/5082
f 5024/5082 5022/5077 5018/5081
f 5121/5078 5120/5080 5113/5083
f 5120/5080 5024/5082 5047/5084
f 5047/5084 5024/5082 5018/5081
f 5120/5080 5047/5084 5113/5083
f 5018/5081 5015/5075 5042/5085
f 5018/5081 5042/5085 5047/5084
f 5047/5084 5042/5085 5113/5083
f 5042/5085 5015/5075 4986/5086
f 5121/5078 5113/5083 5181/5087
f 5042/5085 4986/5086 5045/5088
f 5181/5087 5113/5083 5182/5089
f 5181/5087 5182/5089 5328/5090
f 5113/5083 5042/5085 5094/5091
f 5113/5083 5094/5091 5182/5089
f 5042/5085 5045/5088 5079/5092
f 5042/5085 5079/5092 5094/5091
f 5079/5092 5045/5088 5039/5093
f 5039/5093 5045/5088 5038/5094
f 5079/5092 5039/5093 5135/5095
f 5094/5091 5079/5092 5155/5096
f 5155/5096 5079/5092 5135/5095
f 5094/5091 5155/5096 5182/5089
f 5155/5096 5135/5095 5152/5097
f 5182/5089 5155/5096 5178/5098
f 5182/5089 5178/5098 5238/5099
f 5182/5089 5238/5099 5221/5100
f 5182/5089 5221/5100 5328/5090
f 5221/5100 5238/5099 5266/5101
f 5328/5090 5221/5100 5283/5102
f 5283/5102 5221/5100 5266/5101
f 4693/5103 4661/5104 4689/5105
f 4689/5105 4661/5104 4578/5106
f 4689/5105 4578/5106 4674/5107
f 4693/5103 4689/5105 4706/5108
f 4706/5108 4689/5105 4674/5107
f 4693/5103 4706/5108 4671/5109
f 4693/5103 4671/5109 4699/5110
f 4706/5108 4674/5107 4573/5111
f 4573/5111 4674/5107 4578/5106
f 4706/5108 4573/5111 4671/5109
f 4699/5110 4671/5109 4695/5112
f 4573/5111 4578/5106 4555/5113
f 4573/5111 4555/5113 4671/5109
f 4555/5113 4578/5106 4557/5114
f 4555/5113 4557/5114 4539/5115
f 4671/5109 4555/5113 4652/5116
f 4671/5109 4652/5116 4695/5112
f 4555/5113 4539/5115 4559/5117
f 4559/5117 4539/5115 4483/5118
f 4652/5116 4555/5113 4550/5119
f 4550/5119 4555/5113 4559/5117
f 4550/5119 4559/5117 4652/5116
f 4559/5117 4483/5118 4461/5120
f 4695/5112 4652/5116 4659/5121
f 4659/5121 4652/5116 4559/5117
f 4695/5112 4659/5121 4681/5122
f 4559/5117 4461/5120 4507/5123
f 4507/5123 4461/5120 4525/5124
f 4659/5121 4559/5117 4615/5125
f 4615/5125 4559/5117 4507/5123
f 4659/5121 4615/5125 4642/5126
f 4507/5123 4525/5124 4505/5127
f 4507/5123 4505/5127 4615/5125
f 4615/5125 4505/5127 4642/5126
f 4505/5127 4525/5124 4585/5128
f 4505/5127 4585/5128 4642/5126
f 4651/5129 4631/5130 4699/5131
f 4651/5129 4699/5131 4663/5132
f 4681/5133 4699/5131 4695/5134
f 4699/5131 4681/5133 4673/5135
f 4663/5132 4699/5131 4697/5136
f 4697/5136 4699/5131 4673/5135
f 4595/5137 4663/5132 4576/5138
f 4663/5132 4697/5136 4629/5139
f 4576/5138 4663/5132 4593/5140
f 4593/5140 4663/5132 4629/5139
f 4576/5138 4593/5140 4485/5141
f 4576/5138 4485/5141 4491/5142
f 4491/5142 4485/5141 4470/5143
f 4470/5143 4485/5141 4593/5140
f 4470/5143 4593/5140 4629/5139
f 4554/5144 4629/5139 4697/5136
f 4629/5139 4554/5144 4470/5143
f 4554/5144 4697/5136 4616/5145
f 4616/5145 4697/5136 4673/5135
f 4470/5143 4554/5144 4489/5146
f 4489/5146 4554/5144 4616/5145
f 4470/5143 4489/5146 4457/5147
f 4489/5146 4616/5145 4597/5148
f 4597/5148 4616/5145 4673/5135
f 4489/5146 4597/5148 4457/5147
f 4597/5148 4673/5135 4571/5149
f 4457/5147 4597/5148 4526/5150
f 4526/5150 4597/5148 4571/5149
f 4470/5143 4457/5147 4443/5151
f 4470/5143 4443/5151 4407/5152
f 4407/5152 4443/5151 4442/5153
f 4457/5147 4526/5150 4468/5154
f 4468/5154 4526/5150 4571/5149
f 4443/5151 4457/5147 4412/5155
f 4412/5155 4457/5147 4468/5154
f 4442/5153 4443/5151 4409/5156
f 4409/5156 4443/5151 4412/5155
f 4468/5154 4571/5149 4536/5157
f 4468/5154 4536/5157 4412/5155
f 4646/5158 4571/5149 4673/5135
f 4571/5149 4646/5158 4536/5157
f 4646/5158 4673/5135 4681/5133
f 4442/5153 4409/5156 4401/5159
f 4442/5153 4401/5159 4455/5160
f 4455/5160 4401/5159 4414/5161
f 4414/5161 4401/5159 4363/5162
f 4363/5162 4401/5159 4366/5163
f 4366/5163 4401/5159 4409/5156
f 4366/5163 4409/5156 4396/5164
f 4396/5164 4409/5156 4412/5155
f 4366/5163 4396/5164 4341/5165
f 4341/5165 4396/5164 4415/5166
f 4415/5166 4396/5164 4469/5167
f 4415/5166 4469/5167 4529/5168
f 4396/5164 4412/5155 4471/5169
f 4471/5169 4412/5155 4536/5157
f 4469/5167 4396/5164 4503/5170
f 4503/5170 4396/5164 4471/5169
f 4469/5167 4503/5170 4529/5168
f 4471/5169 4536/5157 4558/5171
f 4471/5169 4558/5171 4503/5170
f 4415/5166 4529/5168 4417/5172
f 4558/5171 4536/5157 4611/5173
f 4558/5171 4611/5173 4503/5170
f 4503/5170 4611/5173 4529/5168
f 4611/5173 4536/5157 4646/5158
f 4611/5173 4646/5158 4636/5174
f 4611/5173 4636/5174 4529/5168
f 4636/5174 4646/5158 4681/5133
f 4636/5174 4681/5133 4659/5175
f 4636/5174 4659/5175 4577/5176
f 4636/5174 4577/5176 4529/5168
f 4529/5168 4577/5176 4417/5172
f 4417/5172 4577/5176 4472/5177
f 4472/5177 4577/5176 4513/5178
f 3870/5179 3717/5180 3721/5181
f 3721/5181 3717/5180 3591/5182
f 3721/5181 3591/5182 3708/5183
f 3708/5183 3591/5182 3576/5184
f 3708/5183 3576/5184 3673/5185
f 3721/5181 3708/5183 3818/5186
f 3818/5186 3708/5183 3673/5185
f 3870/5179 3721/5181 3796/5187
f 3796/5187 3721/5181 3818/5186
f 3796/5187 3818/5186 3920/5188
f 3796/5187 3920/5188 3888/5189
f 3888/5189 3920/5188 3818/5186
f 3796/5187 3888/5189 3870/5179
f 3818/5186 3673/5185 3949/5190
f 3818/5186 3949/5190 3888/5189
f 3888/5189 3949/5190 3870/5179
f 3949/5190 3673/5185 3739/5191
f 3870/5179 3949/5190 4122/5192
f 3870/5179 4122/5192 4079/5193
f 4079/5193 4122/5192 4228/5194
f 4122/5192 3949/5190 4028/5195
f 4028/5195 3949/5190 3739/5191
f 4122/5192 4028/5195 4228/5194
f 4028/5195 3739/5191 3896/5196
f 4028/5195 3896/5196 4085/5197
f 4028/5195 4085/5197 4228/5194
f 4228/5194 4085/5197 4272/5198
f 90/5199 148/5200 16/5201
f 16/5201 148/5200 73/5202
f 73/5202 148/5200 202/5203
f 16/5204 8/5205 3450/5206
f 8/5205 16/5204 73/5207
f 8/5205 73/5207 3375/5208
f 8/5205 3375/5208 3450/5206
f 161/5209 64/5210 73/5207
f 73/5207 64/5210 3375/5208
f 3375/5208 64/5210 35/5211
f 3375/5208 35/5211 3410/5212
f 3410/5212 35/5211 28/5213
f 3450/5206 3375/5208 3429/5214
f 3429/5214 3375/5208 3410/5212
f 3410/5212 28/5213 3442/5215
f 3410/5212 3442/5215 3448/5216
f 3410/5212 3448/5216 3429/5214
f 3442/5215 28/5213 3432/5217
f 3442/5215 3432/5217 3448/5216
f 3432/5217 28/5213 46/5218
f 3432/5217 46/5218 24/5219
f 3432/5217 24/5219 3415/5220
f 3448/5216 3432/5217 3422/5221
f 3448/5216 3422/5221 3384/5222
f 3448/5216 3384/5222 3429/5214
f 3429/5214 3384/5222 1/5223
f 3429/5214 1/5223 3468/5224
f 3468/5224 1/5223 14/5225
f 3468/5224 14/5225 6/5226
f 3468/5224 6/5226 3463/5227
f 3429/5214 3468/5224 3466/5228
f 3429/5214 3466/5228 3450/5206
f 3466/5228 3468/5224 3576/5229
f 3466/5228 3576/5229 3450/5206
f 3576/5229 3468/5224 3673/5230
f 3450/5206 3576/5229 3591/5231
f 986/5232 846/5233 881/5234
f 881/5234 846/5233 853/5235
f 809/5236 776/5237 846/5233
f 776/5237 809/5236 784/5238
f 846/5233 776/5237 812/5239
f 846/5233 812/5239 853/5235
f 812/5239 776/5237 754/5240
f 812/5239 754/5240 775/5241
f 812/5239 775/5241 826/5242
f 826/5242 775/5241 844/5243
f 844/5243 775/5241 770/5244
f 844/5243 770/5244 786/5245
f 844/5243 786/5245 856/5246
f 812/5239 826/5242 850/5247
f 812/5239 850/5247 853/5235
f 826/5242 844/5243 836/5248
f 826/5242 836/5248 850/5247
f 844/5243 856/5246 797/5249
f 844/5243 797/5249 836/5248
f 850/5247 836/5248 806/5250
f 850/5247 806/5250 853/5235
f 806/5250 836/5248 797/5249
f 797/5249 856/5246 800/5251
f 800/5251 856/5246 1077/5252
f 806/5250 797/5249 767/5253
f 797/5249 800/5251 769/5254
f 797/5249 769/5254 767/5253
f 769/5254 800/5251 764/5255
f 764/5255 800/5251 1077/5252
f 769/5254 764/5255 699/5256
f 769/5254 699/5256 767/5253
f 806/5250 767/5253 782/5257
f 1323/5258 1249/5259 1077/5252
f 1077/5252 1249/5259 1138/5260
f 1077/5252 1138/5260 975/5261
f 1077/5252 975/5261 792/5262
f 1077/5252 792/5262 764/5255
f 792/5262 975/5261 803/5263
f 764/5255 792/5262 689/5264
f 764/5255 689/5264 699/5256
f 792/5262 803/5263 334/5265
f 792/5262 334/5265 689/5264
f 334/5265 803/5263 639/5266
f 334/5265 639/5266 260/5267
f 334/5265 260/5267 37/5268
f 334/5265 37/5268 3904/5269
f 334/5265 3904/5269 95/5270
f 689/5264 334/5265 392/5271
f 392/5271 334/5265 95/5270
f 689/5264 392/5271 699/5256
f 392/5271 95/5270 272/5272
f 392/5271 272/5272 699/5256
f 699/5256 272/5272 515/5273
f 699/5256 515/5273 669/5274
f 699/5256 669/5274 767/5253
f 515/5273 272/5272 189/5275
f 767/5253 669/5274 768/5276
f 272/5272 95/5270 100/5277
f 272/5272 100/5277 189/5275
f 767/5253 768/5276 782/5257
f 100/5277 95/5270 75/5278
f 75/5278 95/5270 3514/5279
f 75/5278 3514/5279 3424/5280
f 75/5278 3424/5280 100/5277
f 100/5277 3424/5280 18/5281
f 18/5281 3424/5280 3481/5282
f 100/5277 18/5281 96/5283
f 100/5277 96/5283 87/5284
f 100/5277 87/5284 189/5275
f 96/5283 18/5281 49/5285
f 96/5283 49/5285 87/5284
f 3475/5286 3425/5287 18/5281
f 18/5281 3425/5287 49/5285
f 49/5285 3425/5287 3402/5288
f 49/5285 3402/5288 5/5289
f 189/5275 87/5284 277/5290
f 277/5290 87/5284 49/5285
f 277/5290 49/5285 5/5289
f 189/5275 277/5290 515/5273
f 515/5273 277/5290 669/5274
f 669/5274 277/5290 634/5291
f 669/5274 634/5291 768/5276
f 277/5290 5/5289 135/5292
f 135/5292 5/5289 3567/5293
f 277/5290 135/5292 415/5294
f 277/5290 415/5294 634/5291
f 768/5276 634/5291 773/5295
f 415/5294 135/5292 274/5296
f 634/5291 415/5294 501/5297
f 501/5297 415/5294 274/5296
f 634/5291 501/5297 719/5298
f 634/5291 719/5298 773/5295
f 768/5276 773/5295 782/5257
f 782/5257 773/5295 790/5299
f 274/5296 135/5292 154/5300
f 154/5300 135/5292 3472/5301
f 154/5300 3472/5301 12/5302
f 3477/5303 31/5304 12/5302
f 12/5302 31/5304 123/5305
f 12/5302 123/5305 154/5300
f 123/5305 31/5304 183/5306
f 154/5300 123/5305 152/5307
f 154/5300 152/5307 274/5296
f 152/5307 123/5305 183/5306
f 274/5296 152/5307 282/5308
f 282/5308 152/5307 183/5306
f 282/5308 183/5306 336/5309
f 336/5309 183/5306 233/5310
f 274/5296 282/5308 436/5311
f 436/5311 282/5308 336/5309
f 274/5296 436/5311 501/5297
f 436/5311 336/5309 506/5312
f 436/5311 506/5312 500/5313
f 501/5297 436/5311 564/5314
f 564/5314 436/5311 500/5313
f 500/5313 506/5312 615/5315
f 500/5313 615/5315 564/5314
f 615/5315 506/5312 654/5316
f 501/5297 564/5314 653/5317
f 653/5317 564/5314 615/5315
f 615/5315 654/5316 672/5318
f 615/5315 672/5318 653/5317
f 672/5318 654/5316 720/5319
f 672/5318 720/5319 653/5317
f 501/5297 653/5317 719/5298
f 653/5317 720/5319 729/5320
f 653/5317 729/5320 719/5298
f 729/5320 720/5319 795/5321
f 795/5321 720/5319 791/5322
f 719/5298 729/5320 780/5323
f 780/5323 729/5320 795/5321
f 795/5321 791/5322 895/5324
f 795/5321 895/5324 780/5323
f 719/5298 780/5323 793/5325
f 793/5325 780/5323 895/5324
f 719/5298 793/5325 773/5295
f 793/5325 895/5324 864/5326
f 793/5325 864/5326 773/5295
f 864/5326 895/5324 978/5327
f 864/5326 978/5327 905/5328
f 773/5295 864/5326 790/5299
f 790/5299 864/5326 905/5328
f 790/5299 905/5328 819/5329
f 819/5329 905/5328 965/5330
f 790/5299 819/5329 820/5331
f 820/5331 819/5329 965/5330
f 790/5299 820/5331 799/5332
f 820/5331 965/5330 906/5333
f 820/5331 906/5333 799/5332
f 906/5333 965/5330 1020/5334
f 906/5333 1020/5334 915/5335
f 906/5333 915/5335 799/5332
f 790/5299 799/5332 782/5257
f 799/5332 915/5335 891/5336
f 891/5336 915/5335 1000/5337
f 782/5257 799/5332 832/5338
f 832/5338 799/5332 891/5336
f 832/5338 891/5336 1000/5337
f 782/5257 832/5338 806/5250
f 832/5338 1000/5337 989/5339
f 806/5250 832/5338 853/5235
f 832/5338 989/5339 909/5340
f 853/5235 832/5338 852/5341
f 852/5341 832/5338 909/5340
f 853/5235 852/5341 881/5234
f 852/5341 909/5340 922/5342
f 881/5234 852/5341 923/5343
f 923/5343 852/5341 922/5342
f 1977/5344 2040/5345 1986/5346
f 1977/5344 1986/5346 1952/5347
f 1986/5346 2040/5345 2068/5348
f 2068/5348 2040/5345 2088/5349
f 1952/5347 1986/5346 1975/5350
f 1952/5347 1975/5350 1991/5351
f 1986/5346 2068/5348 2066/5352
f 1986/5346 2066/5352 1975/5350
f 2068/5348 2088/5349 2125/5353
f 2068/5348 2125/5353 2066/5352
f 2125/5353 2088/5349 2123/5354
f 1975/5350 2066/5352 2075/5355
f 2075/5355 2066/5352 2125/5353
f 1967/5356 1991/5351 1975/5350
f 2075/5355 2125/5353 2086/5357
f 1991/5351 1967/5356 1981/5358
f 2075/5355 2086/5357 2021/5359
f 2075/5355 2021/5359 1975/5350
f 1975/5350 2021/5359 1976/5360
f 1975/5350 1976/5360 1967/5356
f 1976/5360 2021/5359 2052/5361
f 2052/5361 2021/5359 2086/5357
f 1976/5360 2052/5361 1967/5356
f 2126/5362 2086/5357 2125/5353
f 2086/5357 2126/5362 2052/5361
f 2126/5362 2125/5353 2338/5363
f 2338/5363 2125/5353 2213/5364
f 1967/5356 2052/5361 1990/5365
f 2052/5361 2126/5362 2060/5366
f 2052/5361 2060/5366 1990/5365
f 2060/5366 2126/5362 2144/5367
f 2144/5367 2126/5362 2338/5363
f 1990/5365 2060/5366 1982/5368
f 1990/5365 1982/5368 1967/5356
f 2060/5366 2144/5367 2082/5369
f 2060/5366 2082/5369 1982/5368
f 1967/5356 1982/5368 1984/5370
f 1982/5368 2082/5369 2064/5371
f 1982/5368 2064/5371 1984/5370
f 1967/5356 1984/5370 1981/5358
f 2064/5371 2082/5369 2053/5372
f 2064/5371 2053/5372 1984/5370
f 2089/5373 2082/5369 2144/5367
f 2082/5369 2089/5373 2053/5372
f 2089/5373 2144/5367 2338/5363
f 1984/5370 2053/5372 1956/5374
f 1984/5370 1956/5374 1981/5358
f 1956/5374 2053/5372 2089/5373
f 1981/5358 1956/5374 1949/5375
f 1949/5375 1956/5374 2009/5376
f 2009/5376 1956/5374 2089/5373
f 1981/5358 1949/5375 1965/5377
f 1981/5358 1965/5377 1969/5378
f 1949/5375 2009/5376 2018/5379
f 1949/5375 2018/5379 1965/5377
f 2009/5376 2089/5373 2111/5380
f 2018/5379 2009/5376 2076/5381
f 2076/5381 2009/5376 2111/5380
f 1965/5377 2018/5379 2079/5382
f 2079/5382 2018/5379 2076/5381
f 1965/5377 2079/5382 2050/5383
f 1965/5377 2050/5383 2159/5384
f 2159/5384 2050/5383 2079/5382
f 2079/5382 2076/5381 2133/5385
f 2133/5385 2076/5381 2111/5380
f 2079/5382 2133/5385 2159/5384
f 2133/5385 2111/5380 2175/5386
f 2133/5385 2175/5386 2159/5384
f 2175/5386 2111/5380 2089/5373
f 2159/5384 2175/5386 2275/5387
f 2275/5387 2175/5386 2089/5373
f 2159/5384 2275/5387 2639/5388
f 2275/5387 2089/5373 2338/5363
f 2275/5387 2338/5363 2627/5389
f 2639/5388 2275/5387 2581/5390
f 2581/5390 2275/5387 2627/5389
f 2639/5388 2581/5390 2689/5391
f 2639/5388 2689/5391 2882/5392
f 2882/5392 2689/5391 2782/5393
f 2882/5392 2782/5393 2871/5394
f 2782/5393 2689/5391 2630/5395
f 2630/5395 2689/5391 2581/5390
f 2782/5393 2630/5395 2871/5394
f 2630/5395 2581/5390 2730/5396
f 2630/5395 2730/5396 2871/5394
f 2730/5396 2581/5390 2627/5389
f 2871/5394 2730/5396 2864/5397
f 2864/5397 2730/5396 2826/5398
f 2864/5397 2826/5398 2862/5399
f 2826/5398 2730/5396 2774/5400
f 2774/5400 2730/5396 2627/5389
f 2826/5398 2774/5400 2862/5399
f 2774/5400 2627/5389 2770/5401
f 2774/5400 2770/5401 2862/5399
f 2770/5401 2627/5389 2662/5402
f 2662/5402 2627/5389 2338/5363
f 2662/5402 2338/5363 2213/5364
f 2862/5399 2770/5401 2829/5403
f 2770/5401 2662/5402 2764/5404
f 2770/5401 2764/5404 2829/5403
f 2764/5404 2662/5402 2751/5405
f 2862/5399 2829/5403 2879/5406
f 2879/5406 2829/5403 2764/5404
f 2862/5399 2879/5406 2856/5407
f 2809/5408 2856/5407 2751/5405
f 2879/5406 2764/5404 2800/5409
f 2800/5409 2764/5404 2751/5405
f 2879/5406 2800/5409 2856/5407
f 2856/5407 2800/5409 2751/5405
f 6696/5410 6698/5411 6703/4905
f 6698/5411 6696/5410 6708/5412
f 6703/4905 6698/5411 6755/5413
f 6755/5413 6698/5411 6708/5412
f 6703/4905 6755/5413 6771/4904
f 6771/4904 6755/5413 6772/4908
f 6708/5412 6696/5410 6493/5414
f 6772/4908 6755/5413 6796/5415
f 6796/5415 6755/5413 6708/5412
f 6772/4908 6796/5415 6840/4906
f 6840/4906 6796/5415 6882/4907
f 6882/4907 6796/5415 6822/5416
f 6822/5416 6796/5415 6708/5412
f 6882/4907 6822/5416 6935/5417
f 6708/5412 6493/5414 6382/5418
f 6382/5418 6493/5414 6113/5419
f 6382/5418 6113/5419 6163/5420
f 6382/5418 6163/5420 6442/5421
f 6708/5412 6382/5418 6571/5422
f 6708/5412 6571/5422 6822/5416
f 6571/5422 6382/5418 6442/5421
f 6571/5422 6442/5421 6675/5423
f 6571/5422 6675/5423 6822/5416
f 6675/5423 6442/5421 6522/5424
f 6675/5423 6522/5424 6752/5425
f 6675/5423 6752/5425 6816/5426
f 6822/5416 6675/5423 6853/5427
f 6822/5416 6853/5427 6935/5417
f 6853/5427 6675/5423 6816/5426
f 6816/5426 6752/5425 6881/5428
f 6853/5427 6816/5426 6830/5429
f 6830/5429 6816/5426 6899/5430
f 6853/5427 6830/5429 6919/5431
f 6919/5431 6830/5429 6899/5430
f 6853/5427 6919/5431 6935/5417
f 6899/5430 6816/5426 6895/5432
f 6899/5430 6895/5432 6919/5431
f 6895/5432 6816/5426 6881/5428
f 6935/5417 6919/5431 6938/5433
f 6938/5433 6919/5431 6895/5432
f 6938/5433 6895/5432 6881/5428
f 6935/5417 6938/5433 6931/5434
f 6931/5434 6938/5433 6881/5428
f 6931/5434 6881/5428 6779/5435
f 6931/5434 6779/5435 6827/5436
f 6827/5436 6779/5435 6760/5437
f 6760/5437 6779/5435 6587/5438
f 5734/5439 5676/5440 5744/5441
f 5676/5440 5734/5439 5579/5442
f 5744/5441 5676/5440 5733/5443
f 5744/5441 5733/5443 5786/5444
f 5676/5440 5579/5442 5482/5445
f 5482/5445 5579/5442 5342/5446
f 5482/5445 5342/5446 5319/5447
f 5786/5444 5733/5443 5778/5448
f 5786/5444 5778/5448 5861/5449
f 5319/5447 5342/5446 5293/5450
f 5293/5450 5342/5446 5283/5451
f 5482/5445 5319/5447 5334/5452
f 5334/5452 5319/5447 5293/5450
f 5293/5450 5283/5451 5291/5453
f 5293/5450 5291/5453 5334/5452
f 5291/5453 5283/5451 5263/5454
f 5263/5454 5283/5451 5266/5455
f 5263/5454 5266/5455 5265/5456
f 5263/5454 5265/5456 5291/5453
f 5265/5456 5266/5455 5238/5457
f 5598/5458 5482/5445 5334/5452
f 5482/5445 5598/5458 5676/5440
f 5265/5456 5238/5457 5229/5459
f 5229/5459 5238/5457 5178/5460
f 5229/5459 5178/5460 5161/5461
f 5265/5456 5229/5459 5286/5462
f 5265/5456 5286/5462 5291/5453
f 5229/5459 5161/5461 5285/5463
f 5229/5459 5285/5463 5286/5462
f 5128/5464 5161/5461 5102/5465
f 5161/5461 5128/5464 5285/5463
f 5291/5453 5286/5462 5312/5466
f 5291/5453 5312/5466 5334/5452
f 5312/5466 5286/5462 5357/5467
f 5357/5467 5286/5462 5285/5463
f 5334/5452 5312/5466 5437/5468
f 5437/5468 5312/5466 5357/5467
f 5334/5452 5437/5468 5598/5458
f 5437/5468 5357/5467 5604/5469
f 5437/5468 5604/5469 5598/5458
f 5357/5467 5285/5463 5556/5470
s 0
f 5357/5467 5556/5470 5604/5469
s 1
f 5228/5471 5285/5463 5128/5464
f 5228/5471 5128/5464 5140/5472
f 5228/5471 5140/5472 5124/5473
f 5285/5463 5228/5471 5332/5474
f 5332/5474 5228/5471 5124/5473
f 5285/5463 5332/5474 5556/5470
f 5332/5474 5124/5473 5269/5475
f 5269/5475 5124/5473 5043/5476
f 5332/5474 5269/5475 5553/5477
f 5332/5474 5553/5477 5711/5478
s 0
f 5332/5474 5711/5478 5556/5470
s 1
f 5711/5478 5553/5477 5844/5479
f 5711/5478 5844/5479 6055/5480
f 5556/5470 5711/5478 5818/5481
f 5818/5481 5711/5478 6055/5480
f 5556/5470 5818/5481 5704/5482
f 5556/5470 5704/5482 5604/5469
f 5818/5481 6055/5480 5832/5483
f 5818/5481 5832/5483 5704/5482
f 5832/5483 6055/5480 6242/5484
f 5604/5469 5704/5482 5716/5485
f 5716/5485 5704/5482 5832/5483
f 5604/5469 5716/5485 5598/5458
f 5832/5483 6242/5484 6073/5486
f 5598/5458 5716/5485 5723/5487
f 5716/5485 5832/5483 5760/5488
f 5716/5485 5760/5488 5723/5487
f 5832/5483 6073/5486 5813/5489
f 5832/5483 5813/5489 5760/5488
f 5813/5489 6073/5486 5879/5490
f 5879/5490 6073/5486 5903/5491
f 5598/5458 5723/5487 5702/5492
f 5598/5458 5702/5492 5676/5440
f 5676/5440 5702/5492 5733/5443
f 5702/5492 5723/5487 5740/5493
f 5702/5492 5740/5493 5733/5443
f 5740/5493 5723/5487 5760/5488
f 5733/5443 5740/5493 5778/5448
f 5740/5493 5760/5488 5747/5494
f 5747/5494 5760/5488 5813/5489
f 5778/5448 5740/5493 5761/5495
f 5761/5495 5740/5493 5747/5494
f 5778/5448 5761/5495 5798/5496
f 5778/5448 5798/5496 5861/5449
f 5861/5449 5798/5496 5877/5497
f 5877/5497 5798/5496 5842/5498
f 5842/5498 5798/5496 5761/5495
f 5842/5498 5761/5495 5762/5499
f 5762/5499 5761/5495 5747/5494
f 5795/5500 5747/5494 5813/5489
f 5795/5500 5813/5489 5879/5490
f 5795/5500 5879/5490 5903/5491
f 5747/5494 5795/5500 5743/5501
f 5747/5494 5743/5501 5762/5499
f 5795/5500 5903/5491 5822/5502
f 5795/5500 5822/5502 5743/5501
f 5822/5502 5903/5491 6084/5503
f 5822/5502 6084/5503 5854/5504
f 5822/5502 5854/5504 5743/5501
f 5743/5501 5854/5504 5762/5499
f 5762/5499 5854/5504 5864/5505
f 1729/5506 1754/5507 1589/5508
s 0
f 1754/5507 1729/5506 2087/5509
s 1
f 1729/5506 1589/5508 1571/5510
f 1729/5506 1571/5510 1755/5511
f 1755/5511 1571/5510 1706/5512
f 1706/5512 1571/5510 1290/5513
f 1706/5512 1290/5513 1496/5514
f 1706/5512 1496/5514 1880/5515
f 1706/5512 1880/5515 2160/5516
f 1706/5512 2160/5516 1755/5511
f 1755/5511 2160/5516 2195/5517
f 2851/5518 2813/5519 2833/5520
f 2862/5521 2856/5522 2851/5518
f 2862/5521 2851/5518 2833/5520
f 2833/5520 2813/5519 2805/5523
f 2805/5523 2813/5519 2811/5524
f 2833/5520 2805/5523 2803/5525
f 2805/5523 2811/5524 2749/5526
f 2749/5526 2811/5524 2755/5527
f 2803/5525 2805/5523 2798/5528
f 2798/5528 2805/5523 2749/5526
f 2749/5526 2755/5527 2694/5529
f 2803/5525 2798/5528 2857/5530
f 2803/5525 2857/5530 2833/5520
f 2833/5520 2857/5530 2862/5521
f 2749/5526 2694/5529 2743/5531
f 2743/5531 2694/5529 2707/5532
f 2743/5531 2707/5532 2787/5533
f 2743/5531 2787/5533 2780/5534
f 2749/5526 2743/5531 2796/5535
f 2796/5535 2743/5531 2780/5534
f 2749/5526 2796/5535 2798/5528
f 2796/5535 2780/5534 2858/5536
f 2798/5528 2796/5535 2841/5537
f 2841/5537 2796/5535 2858/5536
f 2798/5528 2841/5537 2857/5530
f 2857/5530 2841/5537 2881/5538
f 2857/5530 2881/5538 2862/5521
f 2881/5538 2841/5537 2858/5536
f 2862/5521 2881/5538 2864/5539
f 2881/5538 2858/5536 2891/5540
f 2891/5540 2858/5536 2880/5541
f 2864/5539 2881/5538 2921/5542
f 2864/5539 2921/5542 2871/5543
f 2871/5543 2921/5542 2882/5544
f 2921/5542 2881/5538 2904/5545
f 2921/5542 2904/5545 2882/5544
f 2904/5545 2881/5538 2891/5540
f 2882/5544 2904/5545 2639/5546
f 2891/5540 2880/5541 2889/5547
f 2639/5546 2904/5545 2258/5548
f 2639/5546 2258/5548 2159/5549
f 2159/5549 2258/5548 1969/5550
f 2159/5549 1969/5550 1965/5551
f 2258/5548 2904/5545 2897/5552
f 2897/5552 2904/5545 2891/5540
f 2897/5552 2891/5540 2889/5547
f 2258/5548 2897/5552 2807/5553
f 2807/5553 2897/5552 2889/5547
f 2807/5553 2889/5547 2717/5554
f 2717/5554 2889/5547 2719/5555
f 2807/5553 2717/5554 2670/5556
f 2807/5553 2670/5556 2710/5557
f 2717/5554 2719/5555 2326/5558
f 2326/5558 2719/5555 2369/5559
f 2710/5557 2670/5556 2680/5560
f 2670/5556 2717/5554 2452/5561
f 2670/5556 2452/5561 2680/5560
f 2452/5561 2717/5554 2333/5562
f 2333/5562 2717/5554 2326/5558
f 2326/5558 2369/5559 2317/5563
f 2452/5561 2333/5562 2393/5564
f 2452/5561 2393/5564 2680/5560
f 2710/5557 2680/5560 2644/5565
f 2680/5560 2393/5564 2606/5566
f 2644/5565 2680/5560 2678/5567
f 2678/5567 2680/5560 2606/5566
f 2606/5566 2393/5564 2471/5568
f 2471/5568 2393/5564 2333/5562
f 2606/5566 2471/5568 2678/5567
f 2471/5568 2333/5562 2308/5569
f 2308/5569 2333/5562 2326/5558
f 2340/5570 2326/5558 2317/5563
f 2326/5558 2340/5570 2308/5569
f 2340/5570 2317/5563 2353/5571
f 2340/5570 2353/5571 2308/5569
f 2353/5571 2317/5563 2293/5572
f 2353/5571 2293/5572 2308/5569
f 2293/5572 2317/5563 2305/5573
f 2293/5572 2305/5573 2332/5574
f 2382/5575 2471/5568 2308/5569
f 2557/5576 2678/5567 2471/5568
f 2557/5576 2471/5568 2382/5575
f 2678/5567 2557/5576 2591/5577
f 2591/5577 2557/5576 2403/5578
f 2403/5578 2557/5576 2382/5575
f 2678/5567 2591/5577 2671/5579
f 2678/5567 2671/5579 2644/5565
f 2591/5577 2403/5578 2460/5580
f 2460/5580 2403/5578 2382/5575
f 2591/5577 2460/5580 2671/5579
f 2316/5581 2382/5575 2308/5569
f 2460/5580 2382/5575 2387/5582
f 2387/5582 2382/5575 2316/5581
f 2460/5580 2387/5582 2577/5583
f 2460/5580 2577/5583 2671/5579
f 2577/5583 2387/5582 2562/5584
f 2577/5583 2562/5584 2671/5579
f 2562/5584 2387/5582 2405/5585
f 2405/5585 2387/5582 2316/5581
f 2671/5579 2562/5584 2641/5586
f 2705/5587 2644/5565 2671/5579
f 2705/5587 2671/5579 2641/5586
f 2644/5565 2705/5587 2691/5588
f 2691/5588 2705/5587 2686/5589
f 2562/5584 2405/5585 2466/5590
f 2562/5584 2466/5590 2641/5586
f 2466/5590 2405/5585 2354/5591
f 2641/5586 2466/5590 2372/5592
f 2372/5592 2466/5590 2354/5591
f 2641/5586 2372/5592 2487/5593
f 2487/5593 2372/5592 2354/5591
f 2693/5594 2705/5587 2641/5586
f 2641/5586 2487/5593 2583/5595
f 2641/5586 2583/5595 2693/5594
f 2583/5595 2487/5593 2358/5596
f 2358/5596 2487/5593 2354/5591
f 2583/5595 2358/5596 2531/5597
f 2358/5596 2354/5591 2426/5598
f 2358/5596 2426/5598 2531/5597
f 2426/5598 2354/5591 2405/5585
f 2583/5595 2531/5597 2588/5599
f 2583/5595 2588/5599 2693/5594
f 2588/5599 2531/5597 2426/5598
f 2664/5600 2705/5587 2693/5594
f 2664/5600 2693/5594 2588/5599
f 2705/5587 2664/5600 2656/5601
f 2664/5600 2588/5599 2509/5602
f 2664/5600 2509/5602 2656/5601
f 2509/5602 2588/5599 2426/5598
f 2656/5601 2509/5602 2389/5603
f 2389/5603 2509/5602 2426/5598
f 2656/5601 2389/5603 2572/5604
f 2656/5601 2572/5604 2636/5605
f 2389/5603 2426/5598 2467/5606
f 2389/5603 2467/5606 2572/5604
f 2636/5605 2572/5604 2507/5607
f 2507/5607 2572/5604 2467/5606
f 2636/5605 2507/5607 2499/5608
f 2499/5608 2507/5607 2341/5609
f 2467/5606 2426/5598 2302/5610
f 2467/5606 2302/5610 2507/5607
f 2302/5610 2426/5598 2405/5585
f 2341/5609 2507/5607 2334/5611
f 2334/5611 2507/5607 2302/5610
f 2341/5609 2334/5611 2493/5612
f 2493/5612 2334/5611 2500/5613
f 2500/5613 2334/5611 2454/5614
f 2454/5614 2334/5611 2332/5574
f 2332/5574 2334/5611 2302/5610
f 2332/5574 2302/5610 2293/5572
f 2302/5610 2405/5585 2316/5581
f 2302/5610 2316/5581 2544/5615
f 2293/5572 2302/5610 2349/5616
f 2349/5616 2302/5610 2544/5615
f 2293/5572 2349/5616 2308/5569
f 2308/5569 2349/5616 2316/5581
f 2544/5615 2316/5581 2528/5617
f 2528/5617 2316/5581 2349/5616
f 2528/5617 2349/5616 2544/5615
f 28/5618 35/5619 86/5620
f 28/5618 86/5620 46/5621
f 86/5620 35/5619 51/5622
f 46/5621 86/5620 25/5623
f 25/5623 86/5620 51/5622
f 51/5622 35/5619 64/5624
f 46/5621 25/5623 3374/5625
f 51/5622 64/5624 3384/5626
f 51/5622 3384/5626 3422/5627
f 51/5622 3422/5627 25/5623
f 3384/5626 64/5624 1/5628
f 25/5623 3422/5627 3432/5629
f 25/5623 3432/5629 3374/5625
f 1/5628 64/5624 99/5630
f 99/5630 64/5624 161/5631
f 1/5628 99/5630 14/5632
f 3374/5625 3432/5629 3415/5633
f 24/5634 46/5621 3374/5625
f 3374/5625 3415/5633 3428/5635
f 24/5634 3374/5625 54/5636
f 54/5636 3374/5625 3428/5635
f 40/5637 3415/5633 24/5634
f 40/5637 24/5634 54/5636
f 3415/5633 40/5637 3428/5635
f 3428/5635 40/5637 54/5636
f 5135/5638 5144/5639 5152/5640
f 5144/5639 5135/5638 5101/5641
f 5101/5641 5135/5638 5039/5642
f 5101/5641 5039/5642 5038/5643
f 5101/5641 5038/5643 5036/5644
f 5036/5644 5038/5643 5040/5645
f 5101/5641 5036/5644 5117/5646
f 5101/5641 5117/5646 5144/5639
f 5117/5646 5036/5644 5040/5645
f 5144/5639 5117/5646 5119/5647
f 5144/5639 5119/5647 5152/5640
f 5119/5647 5117/5646 5040/5645
f 5040/5645 5038/5643 5045/5648
f 5152/5640 5119/5647 5122/5649
f 5122/5649 5119/5647 5040/5645
f 5152/5640 5122/5649 5155/5650
f 5155/5650 5122/5649 5178/5651
f 5178/5651 5122/5649 5161/5652
f 5040/5645 5045/5648 5033/5653
f 5040/5645 5033/5653 5122/5649
f 5161/5652 5122/5649 5102/5654
f 5102/5654 5122/5649 5033/5653
f 5033/5653 5045/5648 5016/5655
f 5102/5654 5033/5653 5046/5656
f 5046/5656 5033/5653 5016/5655
f 5102/5654 5046/5656 5107/5657
f 5102/5654 5107/5657 5128/5658
f 5046/5656 5016/5655 5023/5659
f 5046/5656 5023/5659 5107/5657
f 5023/5659 5016/5655 5004/5660
f 5004/5660 5016/5655 5003/5661
f 5107/5657 5023/5659 5134/5662
f 5004/5660 5003/5661 5110/5663
f 5128/5658 5107/5657 5110/5663
f 5110/5663 5107/5657 5134/5662
f 5128/5658 5110/5663 5093/5664
f 5134/5662 5023/5659 5098/5665
f 5098/5665 5023/5659 5004/5660
f 5134/5662 5098/5665 5110/5663
f 5110/5663 5098/5665 5004/5660
f 5596/5666 5634/5667 5533/5668
f 5634/5667 5596/5666 5814/5669
f 5814/5669 5596/5666 5742/5670
s 0
f 5742/5670 5596/5666 5298/5671
s 1
f 5933/5672 5915/5673 5814/5669
f 5933/5672 5814/5669 5742/5670
f 5933/5672 5742/5670 5928/5674
f 5928/5674 5742/5670 5684/5675
f 5928/5674 5684/5675 5923/5676
s 0
f 5742/5670 5298/5671 5424/5677
s 1
f 5742/5670 5424/5677 5684/5675
s 0
f 5424/5677 5298/5671 5278/5678
s 1
f 5684/5675 5424/5677 5234/5679
s 0
f 5234/5679 5424/5677 5278/5678
s 1
f 4225/5680 4148/5681 3800/5682
f 4225/5680 3800/5682 3957/5683
f 4186/5684 4404/5685 4326/5686
f 4339/5687 4404/5685 4311/5688
f 4404/5685 4339/5687 4425/5689
f 4404/5685 4425/5689 4480/5690
f 4326/5686 4404/5685 4540/5691
f 4540/5691 4404/5685 4480/5690
f 4326/5686 4540/5691 4509/5692
f 4540/5691 4480/5690 4596/5693
f 4509/5692 4540/5691 4587/5694
f 4540/5691 4596/5693 4563/5695
f 4587/5694 4540/5691 4594/5696
f 4594/5696 4540/5691 4563/5695
f 367/5697 255/5698 32/5699
f 255/5698 367/5697 588/5700
f 1422/5701 1397/5702 1462/5703
f 1422/5704 1411/5705 1397/5706
f 1411/5705 1422/5704 1414/5707
f 1411/5705 1414/5707 1319/5708
f 1411/5705 1319/5708 1297/5709
f 1297/5709 1319/5708 1286/5710
f 1286/5710 1319/5708 1258/5711
f 1286/5710 1258/5711 1308/5712
f 1258/5711 1319/5708 1253/5713
f 1319/5708 1414/5707 1304/5714
f 1319/5708 1304/5714 1253/5713
f 1258/5711 1253/5713 1275/5715
f 1275/5715 1253/5713 1304/5714
f 1246/5716 1262/5717 1258/5711
f 1246/5716 1258/5711 1275/5715
f 1246/5716 1275/5715 1272/5718
f 1246/5716 1272/5718 1298/5719
f 1298/5719 1272/5718 1322/5720
f 1322/5720 1272/5718 1275/5715
f 1322/5720 1275/5715 1314/5721
f 1314/5721 1275/5715 1304/5714
f 1322/5720 1314/5721 1252/5722
f 1322/5720 1252/5722 1255/5723
f 1252/5722 1314/5721 1267/5724
f 1267/5724 1314/5721 1304/5714
f 1252/5722 1267/5724 1192/5725
f 1192/5725 1267/5724 1304/5714
f 1252/5722 1192/5725 1233/5726
f 1192/5725 1304/5714 1217/5727
f 1192/5725 1217/5727 1162/5728
f 1217/5727 1304/5714 1282/5729
f 1217/5727 1282/5729 1162/5728
f 1282/5729 1304/5714 1388/5730
f 1162/5728 1282/5729 1329/5731
f 1388/5730 1304/5714 1414/5707
f 1162/5728 1329/5731 1194/5732
f 1282/5729 1388/5730 1358/5733
f 1282/5729 1358/5733 1329/5731
f 1194/5732 1329/5731 1321/5734
f 1358/5733 1388/5730 1436/5735
f 1358/5733 1436/5735 1329/5731
f 1388/5730 1414/5707 1420/5736
f 1388/5730 1420/5736 1436/5735
f 1420/5736 1414/5707 1422/5704
f 1420/5736 1422/5704 1483/5737
f 1483/5737 1422/5704 1546/5738
f 1420/5736 1483/5737 1537/5739
f 1537/5739 1483/5737 1546/5738
f 1420/5736 1537/5739 1436/5735
f 1537/5739 1546/5738 1587/5740
f 1520/5741 1329/5731 1436/5735
f 1520/5741 1436/5735 1537/5739
f 1329/5731 1520/5741 1321/5734
f 1537/5739 1587/5740 1583/5742
f 1537/5739 1583/5742 1520/5741
f 1583/5742 1587/5740 1679/5743
f 1520/5741 1583/5742 1545/5744
f 1583/5742 1679/5743 1630/5745
f 1583/5742 1630/5745 1545/5744
f 1321/5734 1520/5741 1430/5746
f 1321/5734 1430/5746 1435/5747
f 1435/5747 1430/5746 1500/5748
f 1430/5746 1520/5741 1488/5749
f 1488/5749 1520/5741 1545/5744
f 1430/5746 1488/5749 1500/5748
f 1488/5749 1545/5744 1630/5745
f 1500/5748 1488/5749 1524/5750
f 1524/5750 1488/5749 1630/5745
f 1500/5748 1524/5750 1513/5751
f 1513/5751 1524/5750 1497/5752
f 1497/5752 1524/5750 1630/5745
f 1513/5751 1497/5752 1465/5753
f 1465/5753 1497/5752 1431/5754
f 1465/5753 1431/5754 1428/5755
f 1428/5755 1431/5754 1497/5752
f 1428/5755 1497/5752 1491/5756
f 1428/5755 1491/5756 1180/5757
f 1491/5756 1497/5752 1630/5745
f 1491/5756 1630/5745 1742/5758
f 1742/5758 1630/5745 1961/5759
f 1742/5758 1961/5759 2281/5760
f 1961/5759 1630/5745 1882/5761
f 2281/5760 1961/5759 2112/5762
f 2112/5762 1961/5759 1882/5761
s 0
f 1882/5761 1630/5745 1679/5743
s 1
f 2281/5760 2112/5762 2263/5763
f 1882/5761 1679/5743 1998/5764
f 1998/5764 1679/5743 2001/5765
f 1882/5761 1998/5764 1959/5766
f 1882/5761 1959/5766 2112/5762
f 2112/5762 1959/5766 2121/5767
f 2112/5762 2121/5767 2263/5763
f 2263/5763 2121/5767 2265/5768
f 6051/5769 5861/5770 5877/5771
f 5864/5772 5877/5773 5842/5774
f 5864/5772 5842/5774 5762/5775
f 2156/5776 2204/5777 2174/5778
f 2156/5776 2174/5778 2150/5779
f 2357/5780 2204/5777 2228/5781
f 2228/5781 2204/5777 2187/5782
f 2187/5782 2204/5777 2156/5776
f 2228/5781 2187/5782 2230/5783
f 2156/5776 2150/5779 2149/5784
f 2187/5782 2156/5776 2190/5785
f 2187/5782 2190/5785 2230/5783
f 2190/5785 2156/5776 2149/5784
f 2149/5784 2150/5779 2127/5786
f 2230/5783 2190/5785 2189/5787
f 2189/5787 2190/5785 2149/5784
f 2230/5783 2189/5787 2404/5788
f 2230/5783 2404/5788 2459/5789
f 2459/5789 2404/5788 2250/5790
f 2250/5790 2404/5788 2189/5787
f 2189/5787 2149/5784 2176/5791
f 2189/5787 2176/5791 2250/5790
f 2176/5791 2149/5784 2127/5786
f 2250/5790 2176/5791 2199/5792
f 2176/5791 2127/5786 2087/5793
f 2176/5791 2087/5793 2199/5792
f 2087/5793 2127/5786 2047/5794
f 2199/5792 2087/5793 2081/5795
f 2199/5792 2081/5795 2195/5796
f 2081/5795 2087/5793 1729/5797
f 2195/5796 2081/5795 1755/5798
f 1755/5798 2081/5795 1729/5797
f 2255/5799 2218/5800 2413/5801
f 2413/5801 2218/5800 2245/5802
f 2218/5800 2255/5799 2234/5803
s 0
f 1653/5804 1095/5805 1207/5806
f 1207/5806 1095/5805 636/5807
f 1207/5806 636/5807 889/5808
f 889/5808 636/5807 409/5809
f 1207/5806 889/5808 1551/5810
f 1207/5806 1551/5810 1653/5804
f 1551/5810 889/5808 873/5811
f 1551/5810 873/5811 1120/5812
f 1551/5810 1120/5812 1650/5813
f 1653/5804 1551/5810 1751/5814
f 1653/5804 1751/5814 2136/5815
f 1551/5810 1650/5813 2065/5816
f 1551/5810 2065/5816 1751/5814
f 2136/5815 1751/5814 2266/5817
f 2266/5817 1751/5814 2065/5816
f 2065/5816 1650/5813 2107/5818
f 1534/5819 2056/5820 1650/5813
f 1650/5813 2056/5820 2107/5818
s 1
f 2065/5816 2107/5818 2402/5821
f 2402/5821 2107/5818 2395/5822
f 2395/5822 2107/5818 2434/5823
f 2434/5823 2107/5818 2056/5820
f 2402/5821 2395/5822 2425/5824
f 2425/5824 2395/5822 2434/5823
f 2065/5816 2402/5821 2417/5825
f 2065/5816 2417/5825 2266/5817
f 2402/5821 2425/5824 2415/5826
f 2417/5825 2402/5821 2439/5827
f 2439/5827 2402/5821 2415/5826
f 2415/5826 2425/5824 2483/5828
f 2425/5824 2434/5823 2447/5829
f 2425/5824 2447/5829 2483/5828
f 2447/5829 2434/5823 2866/5830
f 2415/5826 2483/5828 2511/5831
f 2866/5830 2434/5823 2804/5832
f 2804/5832 2434/5823 2056/5820
f 2439/5827 2415/5826 2522/5833
f 2522/5833 2415/5826 2511/5831
f 2439/5827 2522/5833 2455/5834
f 2522/5833 2511/5831 2486/5835
f 2522/5833 2486/5835 2455/5834
f 2465/5836 2511/5831 2483/5828
f 2511/5831 2465/5836 2486/5835
f 2508/5837 2483/5828 2447/5829
f 2483/5828 2508/5837 2465/5836
f 2508/5837 2447/5829 2754/5838
f 2754/5838 2447/5829 2866/5830
f 2465/5836 2508/5837 2368/5839
f 2368/5839 2508/5837 2754/5838
f 2486/5835 2465/5836 2348/5840
f 2348/5840 2465/5836 2336/5841
f 2336/5841 2465/5836 2368/5839
f 2486/5835 2348/5840 2337/5842
f 2348/5840 2336/5841 2315/5843
f 2348/5840 2315/5843 2337/5842
f 2486/5835 2337/5842 2482/5844
f 2486/5835 2482/5844 2455/5834
f 2482/5844 2337/5842 2362/5845
f 2482/5844 2362/5845 2455/5834
f 2337/5842 2315/5843 2318/5846
f 2337/5842 2318/5846 2362/5845
f 2455/5834 2362/5845 2369/5847
f 2362/5845 2318/5846 2394/5848
f 2369/5847 2362/5845 2317/5849
f 2317/5849 2362/5845 2394/5848
f 2317/5849 2394/5848 2305/5850
f 2305/5850 2394/5848 2318/5846
f 2305/5850 2318/5846 2315/5843
f 2455/5834 2369/5847 2414/5851
f 2455/5834 2414/5851 2439/5827
f 2414/5851 2369/5847 2746/5852
f 2439/5827 2414/5851 2417/5825
f 2305/5850 2315/5843 2313/5853
s 0
f 2313/5853 2315/5843 2336/5841
s 1
f 2417/5825 2414/5851 2529/5854
f 2529/5854 2414/5851 2746/5852
f 2417/5825 2529/5854 2266/5817
f 2529/5854 2746/5852 2831/5855
f 2529/5854 2831/5855 2266/5817
f 2831/5855 2746/5852 2951/5856
f 2266/5817 2831/5855 2966/5857
f 2966/5857 2831/5855 2951/5856
f 2266/5817 2966/5857 3152/5858
f 2966/5857 2951/5856 3071/5859
f 2966/5857 3071/5859 3152/5858
f 3152/5858 3071/5859 3325/5860
f 3152/5858 3325/5860 3373/5861
f 2336/5841 2368/5839 2313/5853
f 2313/5853 2368/5839 2328/5862
f 2313/5853 2328/5862 2331/5863
f 2328/5862 2368/5839 2720/5864
f 2328/5862 2720/5864 2331/5863
f 2313/5853 2331/5863 2311/5865
f 2331/5863 2720/5864 2668/5866
f 2313/5853 2311/5865 2332/5867
f 2313/5853 2332/5867 2305/5850
f 2332/5867 2311/5865 2339/5868
f 2332/5867 2339/5868 2355/5869
f 2332/5867 2355/5869 2454/5870
f 2754/5838 2720/5864 2368/5839
f 2668/5866 2720/5864 3029/5871
f 2668/5866 3029/5871 2958/5872
f 2720/5864 2754/5838 2960/5873
f 3029/5871 2720/5864 2977/5874
f 2977/5874 2720/5864 2960/5873
f 3029/5871 2977/5874 3141/5875
f 3029/5871 3141/5875 3173/5876
f 2977/5874 2960/5873 3126/5877
f 2977/5874 3126/5877 3141/5875
f 2960/5873 2754/5838 2985/5878
f 2960/5873 2985/5878 3126/5877
f 3173/5876 3141/5875 3245/5879
f 3245/5879 3141/5875 3126/5877
f 3173/5876 3245/5879 3252/5880
f 2985/5878 2754/5838 2988/5881
f 2988/5881 2754/5838 2866/5830
f 2988/5881 2866/5830 2804/5832
f 2985/5878 2988/5881 3075/5882
f 2985/5878 3075/5882 3126/5877
f 2988/5881 2804/5832 3061/5883
f 2988/5881 3061/5883 3075/5882
f 3061/5883 2804/5832 2964/5884
f 2964/5884 2804/5832 2056/5820
f 3075/5882 3061/5883 3251/5885
f 3251/5885 3061/5883 2964/5884
f 3126/5877 3075/5882 3224/5886
f 2964/5884 2056/5820 2893/5887
f 2964/5884 2893/5887 3251/5885
f 1925/5888 2056/5820 1678/5889
f 2056/5820 1925/5888 2893/5887
s 0
f 2893/5887 1925/5888 2543/5890
s 1
f 3126/5877 3224/5886 3278/5891
f 3126/5877 3278/5891 3245/5879
f 3259/5892 3224/5886 3075/5882
f 3259/5892 3075/5882 3251/5885
f 3278/5891 3224/5886 3275/5893
f 3275/5893 3224/5886 3259/5892
f 3245/5879 3278/5891 3297/5894
f 3297/5894 3278/5891 3275/5893
f 3245/5879 3297/5894 3252/5880
f 3252/5880 3297/5894 3248/5895
f 3259/5892 3251/5885 3330/5896
f 3259/5892 3330/5896 3275/5893
f 3330/5896 3251/5885 3327/5897
f 3327/5897 3251/5885 2893/5887
f 3275/5893 3330/5896 3314/5898
f 3275/5893 3314/5898 3297/5894
f 3314/5898 3330/5896 3327/5897
f 3261/5899 3248/5895 3297/5894
f 3248/5895 3261/5899 3183/5900
f 3261/5899 3297/5894 3316/5901
f 3316/5901 3297/5894 3314/5898
f 3261/5899 3316/5901 3301/5902
f 3301/5902 3316/5901 3314/5898
f 3261/5899 3301/5902 3183/5900
f 3171/5903 3314/5898 3327/5897
f 3171/5903 3327/5897 2893/5887
f 3301/5902 3314/5898 3192/5904
f 3192/5904 3314/5898 3171/5903
f 3183/5900 3301/5902 3121/5905
f 3183/5900 3121/5905 3052/5906
f 3052/5906 3121/5905 2944/5907
f 3301/5902 3192/5904 3137/5908
f 3301/5902 3137/5908 3121/5905
f 3137/5908 3192/5904 3171/5903
f 2944/5907 3121/5905 2969/5909
f 2969/5909 3121/5905 3137/5908
f 2944/5907 2969/5909 2576/5910
f 2576/5910 2969/5909 2635/5911
f 3137/5908 3171/5903 3047/5912
f 3137/5908 3047/5912 2969/5909
f 3047/5912 3171/5903 2893/5887
f 2635/5911 2969/5909 2868/5913
f 2868/5913 2969/5909 3047/5912
f 2868/5913 3047/5912 2893/5887
f 2635/5911 2868/5913 2536/5914
f 2868/5913 2893/5887 2543/5890
f 2868/5913 2543/5890 2536/5914
s 0
f 3663/5915 3445/5916 127/5917
f 127/5917 3445/5916 636/5918
f 636/5918 3445/5916 409/5919
f 409/5919 3445/5916 92/5920
f 92/5920 3445/5916 3922/5921
f 409/5919 92/5920 873/5922
f 409/5919 873/5922 889/5923
f 873/5922 92/5920 465/5924
f 465/5924 92/5920 3777/5925
f 873/5922 465/5924 1120/5926
f 465/5924 3777/5925 3572/5927
f 1120/5926 465/5924 309/5928
f 309/5928 465/5924 3572/5927
f 309/5928 3572/5927 3681/5929
s 1
f 4437/5930 4455/5931 4414/5932
f 4437/5930 4414/5932 4406/5933
f 4406/5933 4414/5932 4390/5934
f 4390/5934 4414/5932 4363/5935
f 4437/5930 4406/5933 4773/5936
f 4390/5934 4363/5935 4355/5937
f 4390/5934 4355/5937 4406/5933
f 4355/5937 4363/5935 4291/5938
f 4406/5933 4355/5937 4368/5939
f 4989/5940 5025/5941 4773/5936
f 4989/5940 4773/5936 4887/5942
f 4773/5936 4406/5933 4498/5943
f 4773/5936 4498/5943 4887/5942
f 4498/5943 4406/5933 4368/5939
f 4887/5942 4498/5943 4741/5944
f 4741/5944 4498/5943 4500/5945
f 4500/5945 4498/5943 4230/5946
f 4099/5947 4368/5939 4355/5937
f 4368/5939 4099/5947 4498/5943
f 4099/5947 4355/5937 4291/5938
f 4230/5946 4498/5943 3904/5948
f 3904/5948 4498/5943 4099/5947
f 4230/5946 3904/5948 3670/5949
f 3670/5949 3904/5948 37/5950
f 3904/5948 4099/5947 3514/5951
f 3904/5948 3514/5951 95/5952
f 4099/5947 4291/5938 3971/5953
f 3971/5953 4291/5938 3747/5954
f 3514/5951 4099/5947 3662/5955
f 3662/5955 4099/5947 3971/5953
f 3514/5951 3662/5955 3481/5956
f 3514/5951 3481/5956 3424/5957
f 3662/5955 3971/5953 3583/5958
f 3583/5958 3971/5953 3747/5954
f 3481/5956 3662/5955 3482/5959
f 3482/5959 3662/5955 3583/5958
f 3583/5958 3747/5954 5/5960
f 5/5960 3747/5954 3567/5961
f 3583/5958 5/5960 3402/5962
f 3481/5956 3482/5959 3475/5963
f 3475/5963 3482/5959 3583/5958
f 3475/5963 3583/5958 3402/5962
f 3481/5956 3475/5963 18/5964
f 3475/5963 3402/5962 3425/5965
f 2001/5966 1991/5967 1994/5968
s 0
f 1994/5968 1991/5967 1981/5969
s 1
f 2001/5966 1994/5968 1998/5970
f 1994/5968 1981/5969 1969/5971
f 1998/5970 1994/5968 1959/5972
f 1994/5968 1969/5971 1972/5973
f 1994/5968 1972/5973 1959/5972
f 1972/5973 1969/5971 2103/5974
f 1972/5973 2103/5974 1959/5972
f 1959/5972 2103/5974 2121/5975
f 2103/5974 1969/5971 2258/5976
f 2121/5975 2103/5974 2265/5977
f 2103/5974 2258/5976 2301/5978
f 2103/5974 2301/5978 2265/5977
f 2301/5978 2258/5976 2616/5979
f 2616/5979 2258/5976 2807/5980
f 2616/5979 2807/5980 2710/5981
f 2265/5977 2301/5978 2288/5982
f 2265/5977 2288/5982 2263/5983
f 2616/5979 2710/5981 2695/5984
f 2301/5978 2616/5979 2518/5985
f 2518/5985 2616/5979 2695/5984
f 2288/5982 2301/5978 2277/5986
f 2277/5986 2301/5978 2518/5985
f 2263/5983 2288/5982 2323/5987
f 2323/5987 2288/5982 2277/5986
f 2263/5983 2323/5987 2281/5988
f 2644/5989 2695/5984 2710/5981
f 2281/5988 2323/5987 2286/5990
f 2513/5991 2518/5985 2695/5984
f 2518/5985 2513/5991 2277/5986
f 2513/5991 2695/5984 2624/5992
f 2624/5992 2695/5984 2644/5989
f 2277/5986 2513/5991 2294/5993
f 2294/5993 2513/5991 2624/5992
f 2277/5986 2294/5993 2323/5987
f 2294/5993 2624/5992 2602/5994
f 2602/5994 2624/5992 2681/5995
f 2681/5995 2624/5992 2644/5989
f 2294/5993 2602/5994 2456/5996
f 2456/5996 2602/5994 2681/5995
f 2294/5993 2456/5996 2323/5987
f 2456/5996 2681/5995 2646/5997
f 2646/5997 2681/5995 2644/5989
f 2456/5996 2646/5997 2450/5998
f 2450/5998 2646/5997 2644/5989
f 2456/5996 2450/5998 2323/5987
f 2323/5987 2450/5998 2644/5989
f 2323/5987 2644/5989 2520/5999
f 2520/5999 2644/5989 2539/6000
f 2520/5999 2539/6000 2323/5987
f 2539/6000 2644/5989 2691/6001
f 2539/6000 2691/6001 2554/6002
f 2554/6002 2691/6001 2686/6003
f 2323/5987 2539/6000 2279/6004
f 2279/6004 2539/6000 2554/6002
f 2323/5987 2279/6004 2286/5990
f 2279/6004 2554/6002 2291/6005
f 2279/6004 2291/6005 2286/5990
f 4272/6006 4085/6007 4185/6008
f 4272/6006 4185/6008 4419/6009
f 4483/6010 4539/6011 4419/6009
f 4483/6010 4419/6009 4245/6012
f 4245/6012 4419/6009 4185/6008
f 4185/6008 4085/6007 4087/6013
f 4185/6008 4087/6013 4245/6012
f 4087/6013 4085/6007 3986/6014
f 3986/6014 4085/6007 3896/6015
f 4245/6012 4087/6013 3862/6016
f 3862/6016 4087/6013 3986/6014
f 4245/6012 3862/6016 3597/6017
f 4245/6012 3597/6017 13/6018
f 13/6018 3597/6017 50/6019
f 50/6019 3597/6017 3500/6020
f 3500/6020 3597/6017 3862/6016
f 50/6019 3500/6020 3377/6021
f 3862/6016 3986/6014 3913/6022
f 3862/6016 3913/6022 3500/6020
f 3913/6022 3986/6014 3641/6023
s 0
f 3913/6022 3641/6023 3500/6020
s 1
f 3500/6020 3641/6023 3377/6021
f 3641/6023 3986/6014 3896/6015
f 3377/6021 3641/6023 22/6024
f 22/6024 3641/6023 3520/6025
f 3520/6025 3641/6023 3896/6015
f 3520/6025 3896/6015 3739/6026
f 2632/6027 2620/6028 2765/6029
f 2632/6027 2765/6029 2752/6030
f 2620/6028 2632/6027 2477/6031
f 2752/6030 2765/6029 2771/6032
f 2620/6028 2477/6031 2391/6033
f 2391/6033 2477/6031 2377/6034
f 2620/6028 2391/6033 2530/6035
f 2391/6033 2377/6034 2383/6036
f 2391/6033 2383/6036 2530/6035
f 2383/6036 2377/6034 2384/6037
f 2620/6028 2530/6035 2603/6038
f 2603/6038 2530/6035 2383/6036
f 2383/6036 2384/6037 2566/6039
f 2383/6036 2566/6039 2603/6038
f 2566/6039 2384/6037 2374/6040
f 2620/6028 2603/6038 2775/6041
f 2620/6028 2775/6041 2765/6029
f 2765/6029 2775/6041 2771/6032
f 2775/6041 2603/6038 2788/6042
f 2775/6041 2788/6042 2771/6032
f 2603/6038 2566/6039 2753/6043
f 2753/6043 2566/6039 2673/6044
f 2603/6038 2753/6043 2788/6042
f 2909/6045 2753/6043 2910/6046
f 2753/6043 2909/6045 2938/6047
f 2753/6043 2938/6047 2788/6042
f 2992/6048 2909/6045 2963/6049
f 2909/6045 2992/6048 2938/6047
f 3090/6050 2992/6048 3049/6051
f 2992/6048 3090/6050 3120/6052
f 2992/6048 3120/6052 2938/6047
f 2938/6047 3120/6052 3095/6053
f 2970/6054 2788/6042 2938/6047
f 2970/6054 2938/6047 3095/6053
f 2788/6042 2970/6054 2919/6055
f 2788/6042 2919/6055 2778/6056
f 2788/6042 2778/6056 2771/6032
f 2771/6032 2778/6056 2919/6055
f 2919/6055 2970/6054 3040/6057
f 3040/6057 2970/6054 3095/6053
f 3040/6057 3095/6053 3062/6058
f 2919/6055 3040/6057 3046/6059
f 3046/6059 3040/6057 3062/6058
f 3062/6058 3095/6053 3106/6060
f 3062/6058 3106/6060 3046/6059
f 3154/6061 3095/6053 3120/6052
f 3095/6053 3154/6061 3106/6060
f 3154/6061 3120/6052 3146/6062
f 3154/6061 3146/6062 3144/6063
f 3154/6061 3144/6063 3199/6064
f 3154/6061 3199/6064 3231/6065
f 3154/6061 3231/6065 3243/6066
f 3154/6061 3243/6066 3244/6067
f 3244/6067 3243/6066 3320/6068
f 3143/6069 3106/6060 3154/6061
f 3143/6069 3154/6061 3244/6067
f 3244/6067 3320/6068 3223/6070
f 3244/6067 3223/6070 3143/6069
f 3223/6070 3320/6068 3292/6071
f 3223/6070 3292/6071 3206/6072
f 3223/6070 3206/6072 3143/6069
f 3199/6073 3144/6074 3206/6072
f 3206/6072 3144/6074 3143/6069
f 3143/6069 3144/6074 3146/6075
f 3143/6069 3146/6075 3133/6076
f 3133/6076 3146/6075 3175/6077
f 3021/6078 3106/6060 3143/6069
f 3106/6060 3021/6078 3046/6059
f 3143/6069 3133/6076 3027/6079
f 3143/6069 3027/6079 3021/6078
f 3133/6076 3175/6077 3069/6080
f 3133/6076 3069/6080 3027/6079
f 3069/6080 3175/6077 3050/6081
f 3050/6081 3175/6077 3071/6082
f 3050/6081 3071/6082 2951/6083
f 3050/6081 2951/6083 3069/6080
f 3069/6080 2951/6083 2916/6084
f 3069/6080 2916/6084 3027/6079
f 3027/6079 2916/6084 3021/6078
f 2916/6084 2951/6083 2746/6085
f 2956/6086 3046/6059 3021/6078
f 3046/6059 2956/6086 2919/6055
f 3021/6078 2916/6084 2894/6087
f 2916/6084 2746/6085 2645/6088
f 2916/6084 2645/6088 2894/6087
f 2645/6088 2746/6085 2369/6089
f 2645/6088 2369/6089 2719/6090
f 2919/6055 2956/6086 2815/6091
f 2956/6086 3021/6078 2885/6092
f 2885/6092 3021/6078 2894/6087
f 2956/6086 2885/6092 2815/6091
f 2919/6055 2815/6091 2771/6032
f 2849/6093 2894/6087 2645/6088
f 2894/6087 2849/6093 2885/6092
f 2849/6093 2645/6088 2719/6090
f 2815/6091 2885/6092 2846/6094
f 2846/6094 2885/6092 2849/6093
f 2849/6093 2719/6090 2850/6095
f 2849/6093 2850/6095 2846/6094
f 2850/6095 2719/6090 2889/6096
f 2850/6095 2889/6096 2844/6097
f 2850/6095 2844/6097 2846/6094
f 2844/6097 2889/6096 2880/6098
f 2815/6091 2846/6094 2830/6099
f 2830/6099 2846/6094 2844/6097
f 2815/6091 2830/6099 2771/6032
f 2844/6097 2880/6098 2816/6100
f 2844/6097 2816/6100 2830/6099
f 2816/6100 2880/6098 2858/6101
f 2816/6100 2858/6101 2780/6102
f 2830/6099 2816/6100 2747/6103
f 2830/6099 2747/6103 2771/6032
f 2747/6103 2816/6100 2780/6102
f 2771/6032 2747/6103 2752/6030
f 2752/6030 2747/6103 2744/6104
f 2744/6104 2747/6103 2760/6105
f 2760/6105 2747/6103 2780/6102
f 2760/6105 2780/6102 2787/6106
f 33/6107 3463/6108 6/6109
f 33/6107 6/6109 63/6110
f 63/6110 6/6109 14/6111
f 33/6107 63/6110 149/6112
f 63/6110 14/6111 99/6113
f 63/6110 99/6113 149/6112
f 5140/6114 5128/6115 5130/6116
f 5130/6116 5128/6115 5114/6117
f 5114/6117 5128/6115 5093/6118
f 5140/6114 5130/6116 5049/6119
f 5140/6114 5049/6119 5124/6120
f 5114/6117 5093/6118 5012/6121
f 5130/6116 5114/6117 5100/6122
f 5114/6117 5012/6121 5057/6123
f 5049/6119 5130/6116 5056/6124
f 5100/6122 5114/6117 5062/6125
f 5062/6125 5114/6117 5057/6123
f 5056/6124 5130/6116 5075/6126
f 5075/6126 5130/6116 5100/6122
f 5056/6124 5075/6126 4970/6127
f 5049/6119 5056/6124 4948/6128
f 4948/6128 5056/6124 4970/6127
f 4970/6127 5075/6126 5053/6129
f 5053/6129 5075/6126 5100/6122
f 4970/6127 5053/6129 4948/6128
f 5053/6129 5100/6122 4982/6130
f 5053/6129 4982/6130 4948/6128
f 4982/6130 5100/6122 4987/6131
f 4987/6131 5100/6122 5062/6125
f 4948/6128 4982/6130 4926/6132
f 4926/6132 4982/6130 4987/6131
f 4937/6133 5049/6119 4948/6128
f 5049/6119 4937/6133 5124/6120
f 4948/6128 4926/6132 4918/6134
f 4948/6128 4918/6134 4937/6133
f 4926/6132 4987/6131 4922/6135
f 4922/6135 4987/6131 5062/6125
f 4926/6132 4922/6135 4918/6134
f 4922/6135 5062/6125 4983/6136
f 5124/6120 4937/6133 4912/6137
f 5124/6120 4912/6137 5043/6138
f 5043/6138 4912/6137 4881/6139
f 4912/6137 4937/6133 4852/6140
f 4912/6137 4852/6140 4881/6139
f 4852/6140 4937/6133 4918/6134
f 4881/6139 4852/6140 4828/6141
f 4899/6142 4918/6134 4922/6135
f 4899/6142 4922/6135 4983/6136
f 4918/6134 4899/6142 4852/6140
f 4828/6141 4852/6140 4798/6143
f 4971/6144 4983/6136 5062/6125
f 4983/6136 4971/6144 4899/6142
f 4971/6144 5062/6125 5057/6123
f 4899/6142 4971/6144 4876/6145
f 4899/6142 4876/6145 4852/6140
f 4971/6144 5057/6123 4917/6146
f 4971/6144 4917/6146 4876/6145
f 4917/6146 5057/6123 4908/6147
f 4917/6146 4908/6147 4876/6145
f 4908/6147 5057/6123 5011/6148
f 5011/6148 5057/6123 5012/6121
f 4876/6145 4908/6147 4861/6149
f 4876/6145 4861/6149 4852/6140
f 4908/6147 5011/6148 4941/6150
f 4908/6147 4941/6150 4861/6149
f 5011/6148 5012/6121 5001/6151
f 5001/6151 5012/6121 4957/6152
f 4941/6150 5011/6148 4946/6153
f 4946/6153 5011/6148 5001/6151
f 4861/6149 4941/6150 4847/6154
f 4847/6154 4941/6150 4946/6153
f 4861/6149 4847/6154 4852/6140
f 4946/6153 5001/6151 4923/6155
f 4923/6155 5001/6151 4957/6152
f 4847/6154 4946/6153 4843/6156
f 4843/6156 4946/6153 4923/6155
f 4847/6154 4843/6156 4811/6157
f 4847/6154 4811/6157 4852/6140
f 4843/6156 4923/6155 4860/6158
f 4860/6158 4923/6155 4957/6152
f 4843/6156 4860/6158 4811/6157
f 4860/6158 4957/6152 4900/6159
f 4860/6158 4900/6159 4811/6157
f 4900/6159 4957/6152 4821/6160
f 4900/6159 4821/6160 4791/6161
f 4900/6159 4791/6161 4811/6157
f 4811/6157 4791/6161 4852/6140
f 4852/6140 4791/6161 4777/6162
f 4852/6140 4777/6162 4779/6163
f 4852/6140 4779/6163 4798/6143
f 4798/6143 4779/6163 4781/6164
f 4781/6164 4779/6163 4846/6165
f 4846/6165 4779/6163 4777/6162
f 4846/6165 4777/6162 4883/6166
f 4846/6165 4883/6166 5041/6167
f 6084/6168 5903/6169 6215/6170
f 6084/6168 6215/6170 6484/6171
f 6084/6168 6484/6171 6402/6172
f 6402/6172 6484/6171 6672/6173
f 6484/6171 6215/6170 6449/6174
f 6484/6171 6449/6174 6576/6175
f 6215/6170 5903/6169 6256/6176
f 6215/6170 6256/6176 6449/6174
f 6576/6175 6449/6174 6480/6177
f 6480/6177 6449/6174 6256/6176
f 6576/6175 6480/6177 6616/6178
f 6256/6176 5903/6169 6395/6179
f 6256/6176 6395/6179 6480/6177
f 6480/6177 6395/6179 6616/6178
f 6395/6179 5903/6169 6073/6180
f 6616/6178 6395/6179 6527/6181
f 6395/6179 6073/6180 6242/6182
f 6395/6179 6242/6182 6527/6181
f 6527/6181 6242/6182 6357/6183
f 6527/6181 6357/6183 6651/6184
f 6357/6183 6242/6182 6055/6185
f 6357/6183 6055/6185 5834/6186
f 5834/6186 6055/6185 5844/6187
f 6357/6183 5834/6186 5859/6188
f 5834/6186 5844/6187 5553/6189
f 5859/6188 5834/6186 5521/6190
f 5521/6190 5834/6186 5553/6189
f 3290/6191 3320/6192 3243/6193
f 3290/6191 3243/6193 3231/6194
f 3290/6191 3231/6194 3262/6195
f 3320/6192 3290/6191 3279/6196
f 3320/6192 3279/6196 3292/6197
f 3292/6197 3279/6196 3206/6198
f 3279/6196 3290/6191 3266/6199
f 3266/6199 3290/6191 3262/6195
f 3206/6198 3279/6196 3227/6200
f 3227/6200 3279/6196 3266/6199
f 3206/6198 3227/6200 3199/6201
f 3199/6201 3227/6200 3207/6202
f 3199/6201 3207/6202 3231/6203
f 3231/6203 3207/6202 3262/6204
f 3262/6204 3207/6202 3186/6205
f 3207/6202 3227/6200 3175/6206
f 3175/6206 3227/6200 3266/6199
f 3207/6202 3175/6206 3186/6205
f 3362/6207 3266/6199 3262/6195
f 3266/6199 3362/6207 3175/6206
f 3186/6205 3175/6206 3156/6208
f 3186/6205 3156/6208 3166/6209
f 3156/6208 3175/6206 3146/6210
f 3156/6208 3146/6210 3120/6211
f 3156/6208 3120/6211 3090/6212
f 3175/6206 3362/6207 3325/6213
f 3175/6206 3325/6213 3071/6214
f 3325/6213 3362/6207 3373/6215
f 3373/6215 3362/6207 3365/6216
f 3365/6216 3362/6207 3262/6195
f 3373/6215 3365/6216 3367/6217
f 3373/6215 3367/6217 3369/6218
f 3367/6217 3365/6216 3343/6219
f 3343/6219 3365/6216 3262/6195
f 3343/6219 3262/6195 3277/6220
f 3739/6221 3673/6222 3582/6223
f 3582/6223 3673/6222 3468/6224
f 3582/6223 3468/6224 3463/6225
f 3739/6221 3582/6223 3520/6226
f 3520/6226 3582/6223 3463/6225
f 3520/6226 3463/6225 33/6227
f 3520/6226 33/6227 3378/6228
f 3520/6226 3378/6228 3385/6229
f 3520/6226 3385/6229 22/6230
f 3378/6228 33/6227 52/6231
f 22/6230 3385/6229 52/6231
f 52/6231 33/6227 162/6232
f 3385/6229 3378/6228 15/6233
f 15/6233 3378/6228 52/6231
f 15/6233 52/6231 3385/6229
f 6882/6234 6935/6235 6958/6236
f 6958/6236 6935/6235 6931/6237
f 6958/6236 6931/6237 6878/6238
f 6878/6238 6931/6237 6827/6239
f 6878/6238 6827/6239 6760/6240
f 6878/6238 6760/6240 6794/6241
f 6794/6241 6760/6240 6587/6242
f 6794/6241 6587/6242 6564/6243
f 6878/6238 6794/6241 7090/6244
f 6958/6236 6878/6238 7069/6245
f 7069/6245 6878/6238 7090/6244
f 7069/6245 7090/6244 7179/6246
f 7069/6245 7179/6246 7175/6247
f 7069/6245 7175/6247 7088/6248
f 7069/6245 7088/6248 7074/6249
f 6958/6236 7069/6245 7014/6250
f 7069/6245 7074/6249 7016/6251
f 7069/6245 7016/6251 7014/6250
f 7014/6250 7016/6251 7030/6252
f 7014/6250 7030/6252 7088/6253
f 7030/6252 7016/6251 7002/6254
f 7088/6253 7030/6252 7104/6255
f 7088/6253 7104/6255 7074/6256
f 7104/6255 7030/6252 7083/6257
f 7083/6257 7030/6252 7002/6254
f 7104/6255 7083/6257 7100/6258
f 7100/6258 7083/6257 7049/6259
f 7049/6259 7083/6257 7002/6254
f 7049/6259 7002/6254 7024/6260
f 7104/6261 7100/6262 7112/6263
f 7104/6261 7112/6263 7074/6264
f 7112/6263 7100/6262 7060/6265
f 7060/6265 7100/6262 7049/6266
f 7074/6264 7112/6263 7022/6267
f 7022/6267 7112/6263 7060/6265
f 7060/6265 7049/6266 7024/6268
f 7060/6265 7024/6268 7022/6267
f 7074/6264 7022/6267 7016/6269
f 7016/6269 7022/6267 7002/6270
f 7022/6267 7024/6268 6937/6271
f 6937/6271 7024/6268 7002/6270
f 6937/6271 7002/6270 7022/6267
f 4980/6272 5066/6273 5003/6274
f 5066/6273 4980/6272 5059/6275
f 5003/6274 5066/6273 5083/6276
f 5083/6276 5066/6273 5059/6275
f 5003/6274 5083/6276 5110/6277
f 5110/6277 5083/6276 5048/6278
f 5048/6278 5083/6276 5059/6275
f 5110/6277 5048/6278 5093/6279
f 5093/6279 5048/6278 5012/6280
f 5012/6280 5048/6278 4939/6281
f 4939/6281 5048/6278 4994/6282
f 4994/6282 5048/6278 5031/6283
f 5031/6283 5048/6278 5059/6275
f 4994/6282 5031/6283 5020/6284
f 5020/6284 5031/6283 4960/6285
f 4960/6285 5031/6283 4962/6286
f 4962/6286 5031/6283 5059/6275
f 4960/6285 4962/6286 4911/6287
f 4962/6286 5059/6275 4975/6288
f 4975/6288 5059/6275 4980/6272
f 4911/6287 4962/6286 4974/6289
f 4974/6289 4962/6286 4975/6288
f 4974/6289 4975/6288 4980/6272
f 4911/6287 4974/6289 4887/6290
f 4974/6289 4980/6272 5003/6274
f 4887/6290 4974/6289 4989/6291
f 4974/6289 5003/6274 5016/6292
f 4974/6289 5016/6292 4989/6291
f 4989/6291 5016/6292 5025/6293
f 5849/6294 5885/6295 5911/6296
f 5911/6296 5885/6295 5872/6297
f 5872/6297 5885/6295 5849/6294
f 5626/6298 5653/6299 5872/6297
f 5626/6298 5872/6297 5849/6294
f 5626/6298 5849/6294 5706/6300
f 5626/6298 5706/6300 5511/6301
f 5511/6301 5706/6300 5558/6302
f 5558/6302 5706/6300 5849/6294
f 5511/6301 5558/6302 5247/6303
f 5247/6303 5558/6302 5309/6304
f 5309/6304 5558/6302 5719/6305
f 5719/6305 5558/6302 5849/6294
f 5719/6305 5849/6294 5812/6306
f 5719/6305 5812/6306 5804/6307
f 6672/6308 6484/6309 6576/6310
f 6672/6308 6576/6310 6653/6311
f 6653/6311 6576/6310 6690/6312
f 6690/6312 6576/6310 6616/6313
f 6690/6312 6616/6313 6527/6314
f 6690/6312 6527/6314 6651/6315
f 6653/6311 6690/6312 6721/6316
f 6672/6308 6653/6311 6726/6317
f 6726/6317 6653/6311 6721/6316
f 6672/6308 6726/6317 6645/6318
f 6672/6308 6645/6318 6402/6319
f 6402/6319 6645/6318 6531/6320
f 6645/6318 6726/6317 6662/6321
f 6662/6321 6726/6317 6693/6322
f 6693/6322 6726/6317 6721/6316
f 6662/6321 6693/6322 6681/6323
f 6725/6324 6721/6316 6690/6312
f 6721/6316 6725/6324 6693/6322
f 6725/6324 6690/6312 6651/6315
f 6681/6323 6693/6322 6541/6325
f 6681/6323 6541/6325 6470/6326
f 6693/6322 6725/6324 6606/6327
f 6693/6322 6606/6327 6541/6325
f 6725/6324 6651/6315 6539/6328
f 6725/6324 6539/6328 6606/6327
f 6539/6328 6651/6315 6357/6329
f 6539/6328 6357/6329 5859/6330
f 6606/6327 6539/6328 5843/6331
f 6606/6327 5843/6331 6541/6325
f 5843/6331 6539/6328 5859/6330
f 6541/6325 5843/6331 6470/6326
f 5843/6331 5859/6330 5521/6332
f 5843/6331 5521/6332 5364/6333
f 6470/6326 5843/6331 5531/6334
f 5531/6334 5843/6331 5364/6333
s 0
f 6470/6326 5531/6334 5728/6335
s 1
f 5531/6334 5364/6333 5250/6336
s 0
f 5728/6335 5531/6334 5367/6337
s 1
f 5531/6334 5250/6336 5249/6338
s 0
f 5531/6334 5249/6338 5367/6337
s 1
f 5249/6338 5250/6336 5159/6339
f 5367/6337 5249/6338 5273/6340
f 5273/6340 5249/6338 5159/6339
f 875/6341 896/6342 760/6343
f 875/6341 760/6343 701/6344
f 701/6344 760/6343 687/6345
f 701/6344 687/6345 643/6346
f 687/6345 760/6343 698/6347
f 643/6346 687/6345 641/6348
f 641/6348 687/6345 698/6347
f 643/6346 641/6348 673/6349
f 643/6346 673/6349 659/6350
f 698/6347 760/6343 745/6351
f 745/6351 760/6343 896/6342
f 698/6347 745/6351 848/6352
f 745/6351 896/6342 817/6353
f 817/6353 896/6342 981/6354
f 848/6352 745/6351 878/6355
f 878/6355 745/6351 817/6353
f 878/6355 817/6353 981/6354
f 848/6352 878/6355 1003/6356
f 1003/6356 878/6355 981/6354
f 1003/6356 981/6354 1007/6357
f 1318/6358 1317/6359 1343/6360
f 1317/6359 1318/6358 1327/6361
f 1317/6359 1327/6361 1386/6362
f 1317/6359 1386/6362 1369/6363
f 1317/6359 1369/6363 1343/6360
f 1369/6363 1386/6362 1383/6364
f 1369/6363 1383/6364 1343/6360
f 1343/6360 1383/6364 1309/6365
f 1318/6358 1343/6360 1273/6366
f 1309/6365 1383/6364 1335/6367
f 1343/6360 1309/6365 1330/6368
f 1343/6360 1330/6368 1273/6366
f 1323/6369 1318/6358 1249/6370
f 1249/6370 1318/6358 1273/6366
f 1273/6366 1330/6368 1337/6371
f 1337/6371 1330/6368 1309/6365
f 1273/6366 1337/6371 1268/6372
f 1268/6372 1337/6371 1299/6373
f 1299/6373 1337/6371 1309/6365
f 1273/6366 1268/6372 1229/6374
f 1229/6374 1268/6372 1299/6373
f 1273/6366 1229/6374 1249/6370
f 1229/6374 1299/6373 1309/6365
f 1249/6370 1229/6374 1185/6375
f 1185/6375 1229/6374 1309/6365
f 1249/6370 1185/6375 1138/6376
f 1266/6377 1309/6365 1335/6367
f 1309/6365 1266/6377 1185/6375
f 1138/6376 1185/6375 1110/6378
f 1138/6376 1110/6378 975/6379
f 975/6379 1110/6378 937/6380
f 975/6379 937/6380 803/6381
f 937/6380 1110/6378 1030/6382
f 1110/6378 1185/6375 1146/6383
f 1110/6378 1146/6383 1030/6382
f 1178/6384 1185/6375 1266/6377
f 1185/6375 1178/6384 1146/6383
f 1178/6384 1266/6377 1251/6385
f 1178/6384 1251/6385 1146/6383
f 1030/6382 1146/6383 1137/6386
f 1030/6382 1137/6386 1064/6387
f 1064/6387 1137/6386 1239/6388
f 1239/6388 1137/6386 1146/6383
f 1146/6383 1251/6385 1228/6389
f 1146/6383 1228/6389 1239/6388
f 1228/6389 1251/6385 1266/6377
f 1239/6388 1228/6389 1400/6390
f 1239/6388 1400/6390 1395/6391
f 1228/6389 1266/6377 1222/6392
f 1228/6389 1222/6392 1400/6390
f 1222/6392 1266/6377 1230/6393
f 1230/6393 1266/6377 1335/6367
f 1400/6390 1222/6392 1310/6394
f 1310/6394 1222/6392 1230/6393
f 1310/6394 1230/6393 1335/6367
f 1400/6390 1310/6394 1442/6395
f 1310/6394 1335/6367 1375/6396
f 1442/6395 1310/6394 1312/6397
f 1442/6395 1312/6397 1276/6398
f 1310/6394 1375/6396 1333/6399
f 1310/6394 1333/6399 1312/6397
f 1333/6399 1375/6396 1306/6400
f 1276/6398 1312/6397 1172/6401
f 1276/6398 1172/6401 1132/6402
f 1132/6402 1172/6401 1156/6403
f 1172/6401 1312/6397 1219/6404
f 1219/6404 1312/6397 1333/6399
f 1172/6401 1219/6404 1156/6403
f 1333/6399 1306/6400 1201/6405
f 1333/6399 1201/6405 1219/6404
f 1219/6404 1201/6405 1156/6403
f 1201/6405 1306/6400 1189/6406
f 1201/6405 1189/6406 1156/6403
f 4659/6407 4642/6408 4607/6409
f 4607/6409 4642/6408 4585/6410
f 4659/6407 4607/6409 4577/6411
f 4607/6409 4585/6410 4525/6412
f 4577/6411 4607/6409 4513/6413
f 4513/6413 4607/6409 4525/6412
f 4245/6414 4278/6415 4483/6416
f 6106/6417 5991/6418 5973/6419
f 5973/6419 5991/6418 5949/6420
f 5949/6420 5991/6418 5970/6421
f 5949/6420 5970/6421 6141/6422
f 5949/6420 6141/6422 5953/6423
f 6046/6424 5953/6423 5962/6425
f 5953/6423 6046/6424 5948/6426
s 0
f 5953/6423 5948/6426 5949/6420
s 1
f 5948/6426 6046/6424 5955/6427
f 5948/6426 5955/6427 5957/6428
f 5948/6426 5957/6428 5949/6420
f 5957/6428 5955/6427 5974/6429
f 5949/6420 5957/6428 6081/6430
f 5949/6420 6081/6430 5973/6419
f 5973/6419 6081/6430 6184/6431
f 6184/6431 6081/6430 5967/6432
f 6184/6431 5967/6432 5973/6419
f 5967/6432 6081/6430 5957/6428
f 5973/6419 5967/6432 5975/6433
f 5975/6433 5967/6432 5957/6428
f 5973/6419 5975/6433 6079/6434
f 6079/6434 5975/6433 5957/6428
f 5973/6419 6079/6434 6106/6417
f 6106/6417 6079/6434 6142/6435
f 6106/6417 6142/6435 6092/6436
f 6079/6434 5957/6428 6023/6437
f 6092/6436 6142/6435 6087/6438
f 6092/6436 6087/6438 6198/6439
f 6198/6439 6087/6438 5785/6440
f 6023/6437 5957/6428 6069/6441
f 6069/6441 5957/6428 5974/6429
f 6079/6434 6023/6437 6159/6442
f 6079/6434 6159/6442 6142/6435
f 6023/6437 6069/6441 6174/6443
f 6023/6437 6174/6443 6159/6442
f 6069/6441 5974/6429 6050/6444
f 6050/6444 5974/6429 6003/6445
f 6174/6443 6069/6441 6180/6446
f 6180/6446 6069/6441 6050/6444
f 6159/6442 6174/6443 6208/6447
f 6208/6447 6174/6443 6180/6446
f 6159/6442 6208/6447 6142/6435
f 6050/6444 6003/6445 6270/6448
f 6142/6435 6208/6447 6182/6449
f 6050/6444 6270/6448 6563/6450
f 6563/6450 6270/6448 6706/6451
f 6180/6446 6050/6444 6134/6452
f 6134/6452 6050/6444 6563/6450
f 6208/6447 6180/6446 6155/6453
f 6182/6449 6208/6447 6107/6454
f 6107/6454 6208/6447 6155/6453
f 6182/6449 6107/6454 6065/6455
f 6182/6449 6065/6455 6142/6435
f 6107/6454 6155/6453 6061/6456
f 6107/6454 6061/6456 6065/6455
f 6155/6453 6180/6446 6118/6457
f 6155/6453 6118/6457 6061/6456
f 6118/6457 6180/6446 6134/6452
f 6142/6435 6065/6455 6156/6458
f 6156/6458 6065/6455 6061/6456
f 6142/6435 6156/6458 6087/6438
f 6156/6458 6061/6456 6053/6459
f 6156/6458 6053/6459 6087/6438
f 6053/6459 6061/6456 6118/6457
f 6087/6438 6053/6459 5538/6460
f 6087/6438 5538/6460 5785/6440
s 0
f 5785/6440 5538/6460 5289/6461
s 1
f 6053/6459 6118/6457 6097/6462
f 6097/6462 6118/6457 6134/6452
f 5538/6460 6053/6459 5757/6463
f 5757/6463 6053/6459 6097/6462
s 0
f 5289/6461 5538/6460 5230/6464
f 5289/6461 5230/6464 4826/6465
f 5538/6460 5757/6463 5337/6466
f 5538/6460 5337/6466 5230/6464
s 1
f 5757/6463 6097/6462 6032/6467
f 6032/6467 6097/6462 6134/6452
s 0
f 5337/6466 5757/6463 5588/6468
s 1
f 5588/6468 5757/6463 6032/6467
s 0
f 4826/6465 5230/6464 4775/6469
f 4826/6465 4775/6469 3922/6470
f 5230/6464 5337/6466 4613/6471
f 5230/6464 4613/6471 4775/6469
f 3922/6470 4775/6469 4252/6472
f 4252/6472 4775/6469 4613/6471
f 3922/6470 4252/6472 3777/6473
f 3922/6470 3777/6473 92/6474
f 3777/6473 4252/6472 4613/6471
f 3777/6473 4613/6471 4191/6475
f 3777/6473 4191/6475 3572/6476
f 3572/6476 4191/6475 3681/6477
f 4191/6475 4613/6471 4789/6478
f 4789/6478 4613/6471 5226/6479
f 5226/6479 4613/6471 5337/6466
s 1
f 4789/6478 5226/6479 5037/6480
s 0
f 5226/6479 5337/6466 5588/6468
s 1
f 5037/6480 5226/6479 5347/6481
f 5347/6481 5226/6479 5588/6468
f 5385/6482 5373/6483 5347/6481
f 5385/6482 5347/6481 5588/6468
f 5385/6482 5588/6468 5605/6484
f 5605/6484 5588/6468 6143/6485
f 6143/6485 5588/6468 6786/6486
f 6786/6486 5588/6468 6032/6467
s 0
f 6143/6485 6786/6486 6892/6487
s 1
f 6143/6485 6892/6487 6714/6488
f 6714/6488 6892/6487 6990/6489
f 6990/6489 6892/6487 7130/6490
f 7130/6490 6892/6487 6786/6486
f 7000/6491 6866/6492 6990/6489
f 7000/6491 6990/6489 7105/6493
f 7000/6491 7105/6493 6991/6494
f 7105/6493 6990/6489 7130/6490
f 7130/6490 6786/6486 7027/6495
f 7105/6493 7130/6490 7089/6496
f 7130/6490 7027/6495 7127/6497
f 7130/6490 7127/6497 7089/6496
f 7127/6497 7027/6495 7043/6498
f 7127/6497 7043/6498 7089/6496
f 7043/6498 7027/6495 6902/6499
f 7027/6495 6786/6486 6812/6500
f 7027/6495 6812/6500 6902/6499
f 6812/6500 6786/6486 6474/6501
f 6474/6501 6786/6486 6032/6467
f 6812/6500 6474/6501 6764/6502
f 6812/6500 6764/6502 6902/6499
f 6474/6501 6032/6467 6302/6503
f 6474/6501 6302/6503 6764/6502
f 6302/6503 6032/6467 6134/6452
f 6302/6503 6134/6452 6563/6450
f 6764/6502 6302/6503 6732/6504
f 6732/6504 6302/6503 6563/6450
f 6764/6502 6732/6504 6802/6505
f 6802/6505 6732/6504 6563/6450
f 6764/6502 6802/6505 6902/6499
f 6802/6505 6563/6450 6832/6506
f 6832/6506 6563/6450 6706/6451
f 6832/6506 6706/6451 6850/6507
f 6850/6507 6706/6451 6739/6508
f 6802/6505 6832/6506 6987/6509
f 6987/6509 6832/6506 6850/6507
f 6802/6505 6987/6509 6902/6499
f 6987/6509 6850/6507 6986/6510
f 6902/6499 6987/6509 7064/6511
f 6902/6499 7064/6511 7043/6498
f 7043/6498 7064/6511 7089/6496
f 6987/6509 6986/6510 7080/6512
f 6987/6509 7080/6512 7064/6511
f 7080/6512 6986/6510 7066/6513
f 7080/6512 7066/6513 7109/6514
f 7064/6511 7080/6512 7115/6515
f 7064/6511 7115/6515 7089/6496
f 7115/6515 7080/6512 7109/6514
f 7089/6496 7115/6515 7105/6493
f 7115/6515 7109/6514 7110/6516
f 7115/6515 7110/6516 7105/6493
f 4885/6517 4881/6518 4828/6519
f 4885/6517 4828/6519 4836/6520
f 4885/6517 4836/6520 4927/6521
f 4881/6518 4885/6517 5043/6522
f 4885/6517 4927/6521 5081/6523
f 4885/6517 5081/6523 5043/6522
f 5081/6523 4927/6521 5044/6524
f 5081/6523 5044/6524 5159/6525
f 5081/6523 5159/6525 5250/6526
f 5081/6523 5250/6526 5043/6522
f 5043/6522 5250/6526 5341/6527
f 5043/6522 5341/6527 5269/6528
f 5341/6527 5250/6526 5364/6529
f 5269/6528 5341/6527 5553/6530
f 5341/6527 5364/6529 5521/6531
f 5341/6527 5521/6531 5553/6530
f 4960/6532 4959/6533 5013/6534
f 4960/6532 5013/6534 5020/6535
f 5020/6535 5013/6534 4994/6536
f 4959/6533 4960/6532 4913/6537
f 5013/6534 4959/6533 4964/6538
f 4964/6538 4959/6533 4913/6537
f 4913/6537 4960/6532 4911/6539
f 5013/6534 4964/6538 4969/6540
f 5013/6534 4969/6540 4994/6536
f 4969/6540 4964/6538 4913/6537
f 4994/6536 4969/6540 4938/6541
f 4969/6540 4913/6537 4902/6542
f 4902/6542 4913/6537 4911/6539
f 4969/6540 4902/6542 4938/6541
f 4994/6536 4938/6541 4939/6543
f 4902/6542 4911/6539 4867/6544
f 4902/6542 4867/6544 4938/6541
f 4867/6544 4911/6539 4797/6545
f 4797/6545 4911/6539 4887/6546
f 4938/6541 4867/6544 4877/6547
f 4877/6547 4867/6544 4797/6545
f 4797/6545 4887/6546 4741/6548
f 4797/6545 4741/6548 4703/6549
f 4703/6549 4741/6548 4500/6550
f 4877/6547 4797/6545 4788/6551
f 4788/6551 4797/6545 4703/6549
f 4938/6541 4877/6547 4879/6552
f 4879/6552 4877/6547 4788/6551
f 4938/6541 4879/6552 4895/6553
f 4938/6541 4895/6553 4939/6543
f 4879/6552 4788/6551 4906/6554
f 4788/6551 4703/6549 4810/6555
f 4788/6551 4810/6555 4906/6554
f 4895/6553 4879/6552 4903/6556
f 4903/6556 4879/6552 4906/6554
f 4939/6543 4895/6553 4924/6557
f 4939/6543 4924/6557 5012/6558
f 4895/6553 4903/6556 5000/6559
f 4895/6553 5000/6559 4924/6557
f 4903/6556 4906/6554 5030/6560
f 4903/6556 5030/6560 5000/6559
f 5030/6560 4906/6554 4968/6561
f 4968/6561 4906/6554 4810/6555
f 5012/6558 4924/6557 4931/6562
f 5012/6558 4931/6562 4957/6563
f 4924/6557 5000/6559 5034/6564
f 4924/6557 5034/6564 4931/6562
f 4968/6561 4810/6555 4868/6565
f 4968/6561 4868/6565 5086/6566
f 4868/6565 4810/6555 4707/6567
f 4968/6561 5086/6566 5090/6568
f 4968/6561 5090/6568 5030/6560
f 5090/6568 5086/6566 5190/6569
f 5030/6560 5090/6568 5168/6570
f 5030/6560 5168/6570 5000/6559
f 5090/6568 5190/6569 5193/6571
f 5090/6568 5193/6571 5168/6570
f 5000/6559 5168/6570 5150/6572
f 5000/6559 5150/6572 5034/6564
f 5168/6570 5193/6571 5192/6573
f 5168/6570 5192/6573 5150/6572
f 5150/6572 5192/6573 5188/6574
f 5034/6564 5150/6572 5041/6575
f 5041/6575 5150/6572 5142/6576
f 5034/6564 5041/6575 4883/6577
f 5034/6564 4883/6577 4931/6562
f 5192/6573 5193/6571 5211/6578
f 5192/6573 5211/6578 5214/6579
f 5214/6579 5211/6578 5183/6580
f 5211/6578 5193/6571 5205/6581
f 5205/6581 5193/6571 5190/6569
f 5205/6581 5190/6569 5223/6582
f 5205/6581 5223/6582 5173/6583
f 5211/6578 5205/6581 5167/6584
f 5211/6578 5167/6584 5183/6580
f 5167/6584 5205/6581 5173/6583
f 5183/6580 5167/6584 5125/6585
f 5167/6584 5173/6583 5109/6586
f 5167/6584 5109/6586 5125/6585
f 4850/6587 4931/6562 4883/6577
f 4931/6562 4850/6587 4957/6563
f 4957/6563 4850/6587 4821/6588
f 4850/6587 4883/6577 4770/6589
f 4850/6587 4770/6589 4821/6588
f 4770/6589 4883/6577 4777/6590
f 4821/6588 4770/6589 4791/6591
f 4791/6591 4770/6589 4777/6590
f 4262/6592 4331/6593 4387/6594
f 4262/6592 4387/6594 4382/6595
f 4262/6592 4382/6595 4278/6596
f 4382/6595 4387/6594 4472/6597
f 4331/6593 4262/6592 4215/6598
f 4472/6597 4387/6594 4458/6599
f 4458/6599 4387/6594 4331/6593
f 4472/6597 4458/6599 4334/6600
f 4331/6593 4215/6598 4212/6601
f 4212/6601 4215/6598 4263/6602
f 4458/6599 4331/6593 4371/6603
f 4458/6599 4371/6603 4334/6600
f 4371/6603 4331/6593 4212/6601
f 4334/6600 4371/6603 4263/6602
f 4263/6602 4371/6603 4212/6601
f 969/6604 843/6605 888/6606
f 888/6606 843/6605 854/6607
f 854/6607 843/6605 810/6608
f 810/6608 843/6605 883/6609
f 883/6609 843/6605 969/6604
f 854/6607 810/6608 892/6610
f 892/6610 810/6608 883/6609
f 888/6606 854/6607 765/6611
f 854/6607 892/6610 794/6612
f 854/6607 794/6612 765/6611
f 892/6610 883/6609 968/6613
f 968/6613 883/6609 969/6604
f 892/6610 968/6613 976/6614
f 892/6610 976/6614 794/6612
f 968/6613 969/6604 1007/6615
f 968/6613 1007/6615 976/6614
f 890/6616 969/6604 888/6606
f 890/6616 888/6606 765/6611
f 1007/6615 969/6604 987/6617
f 987/6617 969/6604 890/6616
f 1007/6615 987/6617 1003/6618
f 1003/6618 987/6617 848/6619
f 848/6619 987/6617 890/6616
f 895/6620 976/6614 978/6621
f 976/6614 895/6620 791/6622
f 976/6614 791/6622 794/6612
f 848/6619 890/6616 738/6623
f 848/6619 738/6623 698/6624
f 738/6623 890/6616 731/6625
f 731/6625 890/6616 765/6611
f 698/6624 738/6623 656/6626
f 656/6626 738/6623 731/6625
f 698/6624 656/6626 641/6627
f 641/6627 656/6626 673/6628
f 656/6626 731/6625 724/6629
f 724/6629 731/6625 765/6611
f 656/6626 724/6629 673/6628
f 724/6629 765/6611 703/6630
f 724/6629 703/6630 673/6628
f 703/6630 765/6611 794/6612
f 673/6628 703/6630 659/6631
f 670/6632 794/6612 791/6622
f 794/6612 670/6632 703/6630
f 670/6632 791/6622 720/6633
f 670/6632 720/6633 654/6634
f 670/6632 654/6634 506/6635
f 670/6632 506/6635 336/6636
f 670/6632 336/6636 233/6637
f 683/6638 659/6631 703/6630
f 683/6638 703/6630 670/6632
f 659/6631 683/6638 610/6639
f 683/6638 670/6632 584/6640
f 683/6638 584/6640 610/6639
f 584/6640 670/6632 356/6641
f 356/6641 670/6632 233/6637
f 584/6640 356/6641 610/6639
f 659/6631 610/6639 643/6642
f 643/6642 610/6639 609/6643
f 643/6642 609/6643 701/6644
f 701/6644 609/6643 454/6645
f 609/6643 610/6639 429/6646
f 609/6643 429/6646 454/6645
f 429/6646 610/6639 356/6641
f 454/6645 429/6646 210/6647
f 454/6645 210/6647 13/6648
f 13/6648 210/6647 3436/6649
f 3436/6649 210/6647 205/6650
f 205/6650 210/6647 429/6646
f 3436/6649 205/6650 3511/6651
f 3511/6651 205/6650 3397/6652
f 3397/6652 205/6650 3399/6653
f 457/6654 429/6646 356/6641
f 205/6650 429/6646 403/6655
f 403/6655 429/6646 457/6654
f 3399/6653 205/6650 169/6656
f 169/6656 205/6650 403/6655
f 3399/6653 169/6656 3387/6657
f 3399/6653 3387/6657 3390/6658
f 403/6655 457/6654 460/6659
f 403/6655 460/6659 169/6656
f 460/6659 457/6654 356/6641
f 3387/6657 169/6656 175/6660
f 175/6660 169/6656 460/6659
f 3387/6657 175/6660 3390/6658
f 175/6660 460/6659 356/6641
f 3390/6658 175/6660 71/6661
f 71/6661 175/6660 356/6641
f 3390/6658 71/6661 3446/6662
f 71/6661 356/6641 233/6637
f 71/6661 233/6637 183/6663
f 71/6661 183/6663 31/6664
f 71/6661 31/6664 3477/6665
f 4382/6666 4472/6667 4513/6668
f 4382/6666 4513/6668 4420/6669
f 4420/6669 4513/6668 4525/6670
f 4420/6669 4525/6670 4461/6671
f 4420/6669 4461/6671 4382/6666
f 4382/6666 4461/6671 4278/6672
f 4278/6672 4461/6671 4483/6673
f 4058/6674 4341/6675 4298/6676
f 4298/6676 4341/6675 4362/6677
f 4362/6677 4341/6675 4415/6678
f 4362/6677 4415/6678 4417/6679
f 4362/6677 4417/6679 4298/6676
f 4472/6680 4334/6681 4417/6679
f 4298/6676 4417/6679 4254/6682
f 4254/6682 4417/6679 4334/6681
f 4298/6676 4254/6682 4190/6683
f 4254/6682 4334/6681 4011/6684
f 4011/6684 4334/6681 4169/6685
f 4190/6683 4254/6682 4059/6686
f 4059/6686 4254/6682 4011/6684
f 4298/6676 4190/6683 4060/6687
f 4060/6687 4190/6683 4059/6686
f 4298/6676 4060/6687 4058/6674
f 4059/6686 4011/6684 3696/6688
f 3696/6688 4011/6684 3608/6689
f 4060/6687 4059/6686 3929/6690
f 3929/6690 4059/6686 3696/6688
f 4058/6674 4060/6687 3736/6691
f 3736/6691 4060/6687 3929/6690
f 3696/6688 3608/6689 3477/6692
f 3477/6692 3608/6689 71/6693
f 3929/6690 3696/6688 3690/6694
f 3929/6690 3690/6694 3736/6691
f 3696/6688 3477/6692 3542/6695
f 3696/6688 3542/6695 3690/6694
f 3542/6695 3477/6692 3491/6696
f 3491/6696 3477/6692 12/6697
f 3491/6696 12/6697 3542/6695
f 3542/6695 12/6697 3472/6698
f 3542/6695 3472/6698 3690/6694
f 3690/6694 3472/6698 3736/6691
f 3736/6691 3472/6698 3567/6699
f 3567/6699 3472/6698 135/6700
f 3736/6691 3567/6699 3953/6701
f 3736/6691 3953/6701 4058/6674
f 3953/6701 3567/6699 3747/6702
f 3953/6701 3747/6702 4291/6703
f 4058/6674 3953/6701 4251/6704
f 4251/6704 3953/6701 4291/6703
f 4058/6674 4251/6704 4341/6675
f 4251/6704 4291/6703 4363/6705
f 4341/6675 4251/6704 4366/6706
f 4366/6706 4251/6704 4363/6705
f 4129/6707 4215/6708 4262/6709
f 4215/6708 4129/6707 4266/6710
f 4215/6708 4266/6710 4263/6711
f 4263/6711 4266/6710 4334/6712
f 4334/6712 4266/6710 4169/6713
f 4169/6713 4266/6710 4129/6707
f 4169/6713 4129/6707 3961/6714
f 4169/6713 3961/6714 3989/6715
f 3961/6714 4129/6707 3954/6716
f 3954/6716 4129/6707 4262/6709
f 3954/6716 4262/6709 3794/6717
f 3794/6717 4262/6709 4278/6718
f 3794/6717 4278/6718 4245/6719
f 3794/6717 4245/6719 13/6720
f 3794/6717 13/6720 3436/6721
f 3794/6717 3436/6721 3511/6722
f 3954/6716 3794/6717 3742/6723
f 3742/6723 3794/6717 3511/6722
f 3954/6716 3742/6723 3941/6724
f 3742/6723 3511/6722 3617/6725
f 3941/6724 3742/6723 3764/6726
f 3764/6726 3742/6723 3617/6725
f 3764/6726 3617/6725 3614/6727
f 6249/6728 5922/6729 6209/6730
f 5922/6729 6249/6728 6017/6731
f 6249/6728 6209/6730 6383/6732
f 5922/6729 6017/6731 5925/6733
f 6209/6730 5922/6729 5946/6734
f 5946/6734 5922/6729 5925/6733
f 6383/6732 6209/6730 6379/6735
f 6387/6736 6383/6732 6410/6737
f 6410/6737 6383/6732 6379/6735
f 6379/6735 6209/6730 6224/6738
f 6224/6738 6209/6730 5946/6734
f 6410/6737 6379/6735 6393/6739
f 6379/6735 6224/6738 6320/6740
f 6379/6735 6320/6740 6393/6739
f 6410/6737 6393/6739 6415/6741
f 6320/6740 6224/6738 6125/6742
f 6125/6742 6224/6738 5946/6734
f 6320/6740 6125/6742 6393/6739
f 6125/6742 5946/6734 5925/6733
f 6415/6741 6393/6739 6398/6743
f 6393/6739 6125/6742 6136/6744
f 6136/6744 6125/6742 5925/6733
f 6393/6739 6136/6744 6398/6743
f 6136/6744 5925/6733 6127/6745
f 6136/6744 6127/6745 6398/6743
f 6415/6741 6398/6743 6375/6746
f 6127/6745 5925/6733 5930/6747
f 5930/6747 5925/6733 5929/6748
f 5930/6747 5929/6748 5937/6749
f 5937/6749 5929/6748 5759/6750
f 5937/6749 5759/6750 5417/6751
f 5759/6750 5929/6748 5545/6752
f 5417/6751 5759/6750 5274/6753
f 5274/6753 5759/6750 5545/6752
s 0
f 5417/6751 5274/6753 5204/6754
s 1
f 5274/6753 5545/6752 5217/6755
f 5217/6755 5545/6752 5296/6756
f 5217/6755 5296/6756 5186/6757
f 5186/6757 5296/6756 5273/6758
f 5934/6759 6127/6745 5930/6747
f 6127/6745 5934/6759 5986/6760
f 6127/6745 5986/6760 6330/6761
f 6127/6745 6330/6761 6398/6743
f 5986/6760 5934/6759 6111/6762
f 5986/6760 6111/6762 6330/6761
f 6111/6762 5934/6759 5976/6763
f 6330/6761 6111/6762 6359/6764
f 6359/6764 6111/6762 5976/6763
f 6330/6761 6359/6764 6398/6743
f 5976/6763 5934/6759 6144/6765
f 6144/6765 5934/6759 5930/6747
f 5976/6763 6144/6765 6359/6764
f 6398/6743 6359/6764 6390/6766
f 6390/6766 6359/6764 6144/6765
f 6144/6765 5930/6747 5959/6767
f 5959/6767 5930/6747 5939/6768
f 5959/6767 5939/6768 6102/6769
f 6144/6765 5959/6767 6240/6770
f 6144/6765 6240/6770 6390/6766
f 5959/6767 6102/6769 5950/6771
f 6240/6770 5959/6767 6327/6772
f 6240/6770 6327/6772 6390/6766
f 5959/6767 5950/6771 6001/6773
f 5959/6767 6001/6773 6327/6772
f 5950/6771 6102/6769 6219/6774
f 5950/6771 6219/6774 6001/6773
f 6001/6773 6219/6774 6327/6772
f 6327/6772 6219/6774 6373/6775
f 6373/6775 6219/6774 6312/6776
f 6373/6775 6312/6776 6403/6777
f 6373/6775 6403/6777 6327/6772
f 6327/6772 6403/6777 6390/6766
f 6390/6766 6403/6777 6418/6778
f 6390/6766 6418/6778 6391/6779
f 6390/6766 6391/6779 6406/6780
f 6390/6766 6406/6780 6361/6781
f 6390/6766 6361/6781 6398/6743
f 6398/6743 6361/6781 6375/6746
f 6375/6746 6361/6781 6258/6782
f 6258/6782 6361/6781 6237/6783
f 6258/6782 6237/6783 6037/6784
f 6258/6782 6037/6784 6045/6785
f 6258/6782 6045/6785 6089/6786
f 6375/6746 6258/6782 6238/6787
f 6238/6787 6258/6782 6089/6786
f 6375/6746 6238/6787 6253/6788
f 6089/6786 6045/6785 6036/6789
f 6089/6786 6036/6789 6238/6787
f 6238/6787 6036/6789 6253/6788
f 6036/6789 6045/6785 6049/6790
f 6036/6789 6049/6790 6253/6788
f 4978/6791 4921/6792 5080/6793
f 4978/6791 5080/6793 5186/6794
f 5080/6793 4921/6792 4967/6795
f 4978/6791 5186/6794 5044/6796
f 4978/6791 5044/6796 4921/6792
f 5044/6796 5186/6794 5159/6797
f 5159/6797 5186/6794 5273/6798
f 4921/6792 5044/6796 4927/6799
f 4921/6792 4927/6799 4836/6800
f 4967/6795 4921/6792 4864/6801
f 4864/6801 4921/6792 4836/6800
f 4864/6801 4836/6800 4786/6802
f 4786/6802 4836/6800 4828/6803
f 4786/6802 4828/6803 4781/6804
f 4786/6802 4781/6804 4864/6801
f 4781/6804 4828/6803 4798/6805
f 4967/6795 4864/6801 4998/6806
f 4967/6795 4998/6806 5096/6807
f 4864/6801 4781/6804 4863/6808
f 4864/6801 4863/6808 4998/6806
f 4863/6808 4781/6804 4846/6809
f 4863/6808 4846/6809 5041/6810
f 4863/6808 5041/6810 4998/6806
f 5096/6807 4998/6806 5148/6811
f 5148/6811 4998/6806 5041/6810
f 5096/6807 5148/6811 5170/6812
f 5148/6811 5041/6810 5142/6813
f 5170/6812 5148/6811 5194/6814
f 5170/6812 5194/6814 5210/6815
f 5148/6811 5142/6813 5188/6816
f 5148/6811 5188/6816 5194/6814
f 5188/6816 5142/6813 5150/6817
f 5210/6815 5194/6814 5212/6818
f 5210/6815 5212/6818 5199/6819
f 5194/6814 5188/6816 5207/6820
f 5194/6814 5207/6820 5212/6818
f 5214/6821 5188/6816 5192/6822
f 5188/6816 5214/6821 5207/6820
f 5207/6820 5214/6821 5187/6823
f 5187/6823 5214/6821 5183/6824
f 5212/6818 5207/6820 5165/6825
f 5207/6820 5187/6823 5176/6826
f 5207/6820 5176/6826 5165/6825
f 5187/6823 5183/6824 5145/6827
f 5187/6823 5145/6827 5176/6826
f 5145/6827 5183/6824 5125/6828
f 5176/6826 5145/6827 5146/6829
f 5176/6826 5146/6829 5147/6830
f 5147/6830 5146/6829 5145/6827
f 5176/6826 5147/6830 5165/6825
f 5147/6830 5145/6827 5051/6831
f 5147/6830 5051/6831 5165/6825
f 5145/6827 5125/6828 5068/6832
f 5145/6827 5068/6832 5051/6831
f 5068/6832 5125/6828 4935/6833
f 5068/6832 4935/6833 4886/6834
f 5068/6832 4886/6834 5051/6831
f 4886/6834 4935/6833 4768/6835
f 4886/6834 4768/6835 4637/6836
f 5051/6831 4886/6834 4907/6837
f 4886/6834 4637/6836 4762/6838
f 4886/6834 4762/6838 4907/6837
f 4762/6838 4637/6836 4566/6839
f 4566/6839 4637/6836 4516/6840
f 4566/6839 4516/6840 4473/6841
f 4762/6838 4566/6839 4666/6842
f 4566/6839 4473/6841 4436/6843
f 4436/6843 4473/6841 4380/6844
f 4436/6843 4380/6844 4340/6845
f 4762/6838 4666/6842 4802/6846
f 4762/6838 4802/6846 4907/6837
f 4907/6837 4802/6846 4997/6847
f 4907/6837 4997/6847 5072/6848
f 4907/6837 5072/6848 5051/6831
f 5051/6831 5072/6848 5165/6825
f 5072/6848 4997/6847 5138/6849
f 5165/6825 5072/6848 5149/6850
f 5149/6850 5072/6848 5138/6849
f 5165/6825 5149/6850 5174/6851
f 5165/6825 5174/6851 5212/6818
f 5149/6850 5138/6849 5115/6852
f 5149/6850 5115/6852 5174/6851
f 5212/6818 5174/6851 5199/6819
f 5115/6852 5138/6849 5157/6853
f 5115/6852 5157/6853 5174/6851
f 5174/6851 5157/6853 5199/6819
f 5157/6853 5138/6849 5111/6854
f 5157/6853 5111/6854 5199/6819
f 1349/6855 1303/6856 1166/6857
f 1166/6857 1303/6856 1139/6858
f 1349/6855 1166/6857 1111/6859
f 1111/6859 1166/6857 1139/6858
f 1303/6856 1349/6855 1413/6860
f 1303/6856 1413/6860 1292/6861
f 1303/6856 1292/6861 1139/6858
f 1413/6860 1349/6855 1492/6862
f 1492/6862 1349/6855 1433/6863
f 1492/6862 1433/6863 1514/6864
f 1433/6863 1349/6855 1287/6865
f 1287/6865 1349/6855 1111/6859
f 1433/6863 1287/6865 1395/6866
f 1395/6866 1287/6865 1239/6867
f 1239/6867 1287/6865 1111/6859
f 1239/6867 1111/6859 1064/6868
f 1492/6862 1514/6864 1552/6869
f 1552/6869 1514/6864 1554/6870
f 1492/6862 1552/6869 1529/6871
f 1492/6862 1529/6871 1413/6860
f 1552/6869 1554/6870 1559/6872
f 1552/6869 1559/6872 1529/6871
f 1549/6873 1557/6874 1554/6870
f 1554/6870 1557/6874 1559/6872
f 1559/6872 1557/6874 1558/6875
f 1559/6872 1558/6875 1527/6876
f 1527/6876 1558/6875 1505/6877
f 1559/6872 1527/6876 1560/6878
f 1560/6878 1527/6876 1505/6877
f 1559/6872 1560/6878 1529/6871
f 1560/6878 1505/6877 1484/6879
f 1484/6879 1505/6877 1418/6880
f 1529/6871 1560/6878 1518/6881
f 1518/6881 1560/6878 1484/6879
f 1529/6871 1518/6881 1485/6882
f 1529/6871 1485/6882 1413/6860
f 1485/6882 1518/6881 1463/6883
f 1484/6879 1418/6880 1341/6884
f 1341/6884 1418/6880 1311/6885
f 1518/6881 1484/6879 1444/6886
f 1518/6881 1444/6886 1463/6883
f 1484/6879 1341/6884 1389/6887
f 1484/6879 1389/6887 1444/6886
f 1341/6884 1311/6885 1148/6888
f 1148/6888 1311/6885 1186/6889
f 1463/6883 1444/6886 1426/6890
f 1463/6883 1426/6890 1485/6882
f 1426/6890 1444/6886 1419/6891
f 1419/6891 1444/6886 1389/6887
f 1485/6882 1426/6890 1464/6892
f 1464/6892 1426/6890 1419/6891
f 1485/6882 1464/6892 1413/6860
f 1464/6892 1419/6891 1451/6893
f 1451/6893 1419/6891 1389/6887
f 1413/6860 1464/6892 1352/6894
f 1352/6894 1464/6892 1451/6893
f 1352/6894 1451/6893 1389/6887
f 1413/6860 1352/6894 1292/6861
f 1352/6894 1389/6887 1265/6895
f 1352/6894 1265/6895 1292/6861
f 1265/6895 1389/6887 1200/6896
f 1200/6896 1389/6887 1341/6884
f 1292/6861 1265/6895 1269/6897
f 1269/6897 1265/6895 1200/6896
f 1292/6861 1269/6897 1173/6898
f 1173/6898 1269/6897 1200/6896
f 1292/6861 1173/6898 1139/6858
f 1200/6896 1341/6884 1148/6888
f 1173/6898 1200/6896 1142/6899
f 1139/6858 1173/6898 1079/6900
f 1079/6900 1173/6898 1142/6899
f 1142/6899 1200/6896 1102/6901
f 1102/6901 1200/6896 1148/6888
f 1142/6899 1102/6901 1079/6900
f 1102/6901 1148/6888 1041/6902
f 1102/6901 1041/6902 1079/6900
f 1139/6858 1079/6900 1002/6903
f 1139/6858 1002/6903 1111/6859
f 1002/6903 1079/6900 1024/6904
f 1024/6904 1079/6900 1041/6902
f 1111/6859 1002/6903 999/6905
f 1111/6859 999/6905 1064/6868
f 1002/6903 1024/6904 1004/6906
f 1004/6906 1024/6904 1037/6907
f 1037/6907 1024/6904 1041/6902
f 1004/6906 1037/6907 955/6908
f 1004/6906 955/6908 1002/6903
f 955/6908 1037/6907 1041/6902
f 902/6909 999/6905 1002/6903
f 990/6910 1064/6868 999/6905
f 990/6910 999/6905 902/6909
f 1002/6903 955/6908 871/6911
f 1002/6903 871/6911 902/6909
f 1064/6868 990/6910 1006/6912
f 990/6910 902/6909 945/6913
f 990/6910 945/6913 1006/6912
f 1064/6868 1006/6912 1030/6914
f 945/6913 902/6909 911/6915
f 911/6915 902/6909 842/6916
f 842/6916 902/6909 871/6911
f 945/6913 911/6915 904/6917
f 1006/6912 945/6913 928/6918
f 928/6918 945/6913 904/6917
f 1030/6914 1006/6912 980/6919
f 980/6919 1006/6912 928/6918
f 1030/6914 980/6919 1018/6920
f 1018/6920 980/6919 953/6921
f 1018/6920 953/6921 1030/6914
f 953/6921 980/6919 928/6918
f 1030/6914 953/6921 937/6922
f 937/6922 953/6921 916/6923
f 916/6923 953/6921 928/6918
f 937/6922 916/6923 815/6924
f 815/6924 916/6923 886/6925
f 916/6923 928/6918 930/6926
f 916/6923 930/6926 886/6925
f 930/6926 928/6918 958/6927
f 958/6927 928/6918 904/6917
f 886/6925 930/6926 979/6928
f 979/6928 930/6926 958/6927
f 886/6925 979/6928 918/6929
f 918/6929 979/6928 887/6930
f 887/6930 979/6928 1013/6931
f 1013/6931 979/6928 1068/6932
f 1068/6932 979/6928 1071/6933
f 1071/6933 979/6928 958/6927
f 1068/6932 1071/6933 1145/6934
f 966/6935 958/6927 904/6917
f 958/6927 966/6935 1071/6933
f 966/6935 904/6917 872/6936
f 872/6936 904/6917 911/6915
f 872/6936 911/6915 842/6916
f 1071/6933 966/6935 1048/6937
f 1145/6934 1071/6933 1128/6938
f 1145/6934 1128/6938 1232/6939
f 1145/6934 1232/6939 1336/6940
f 1128/6938 1071/6933 1099/6941
f 1099/6941 1071/6933 1048/6937
f 1232/6939 1128/6938 1188/6942
f 1188/6942 1128/6938 1099/6941
f 1336/6940 1232/6939 1407/6943
f 1336/6940 1407/6943 1473/6944
f 1232/6939 1188/6942 1293/6945
f 1232/6939 1293/6945 1407/6943
f 1473/6944 1407/6943 1396/6946
f 1396/6946 1407/6943 1293/6945
f 1473/6944 1396/6946 1504/6947
f 1293/6945 1188/6942 1211/6948
f 1293/6945 1211/6948 1396/6946
f 1090/6949 1188/6942 1099/6941
f 1188/6942 1090/6949 1211/6948
f 1090/6949 1099/6941 1089/6950
f 1089/6950 1099/6941 1048/6937
f 1090/6949 1089/6950 1028/6951
f 1028/6951 1089/6950 1048/6937
f 1416/6952 1504/6947 1396/6946
f 1416/6952 1396/6946 1211/6948
f 1504/6947 1416/6952 1508/6953
f 1504/6947 1508/6953 1549/6954
f 1416/6952 1211/6948 1394/6955
f 1416/6952 1394/6955 1508/6953
f 1549/6954 1508/6953 1557/6956
f 1557/6956 1508/6953 1553/6957
f 1557/6956 1553/6957 1558/6958
f 1558/6958 1553/6957 1515/6959
f 1558/6958 1515/6959 1505/6960
f 1553/6957 1508/6953 1526/6961
f 1553/6957 1526/6961 1515/6959
f 1526/6961 1508/6953 1476/6962
f 1476/6962 1508/6953 1394/6955
f 1515/6959 1526/6961 1474/6963
f 1474/6963 1526/6961 1476/6962
f 1505/6960 1515/6959 1438/6964
f 1438/6964 1515/6959 1474/6963
f 1505/6960 1438/6964 1378/6965
f 1505/6960 1378/6965 1418/6966
f 1438/6964 1474/6963 1425/6967
f 1425/6967 1474/6963 1476/6962
f 1438/6964 1425/6967 1401/6968
f 1425/6967 1476/6962 1461/6969
f 1425/6967 1461/6969 1401/6968
f 1461/6969 1476/6962 1391/6970
f 1391/6970 1476/6962 1394/6955
f 1401/6968 1461/6969 1289/6971
f 1289/6971 1461/6969 1391/6970
f 1438/6964 1401/6968 1324/6972
f 1438/6964 1324/6972 1378/6965
f 1401/6968 1289/6971 1198/6973
f 1401/6968 1198/6973 1324/6972
f 1289/6971 1391/6970 1247/6974
f 1247/6974 1391/6970 1394/6955
f 1289/6971 1247/6974 1198/6973
f 1378/6965 1324/6972 1270/6975
f 1270/6975 1324/6972 1198/6973
f 1378/6965 1270/6975 1160/6976
f 1193/6977 1418/6966 1378/6965
f 1193/6977 1378/6965 1160/6976
f 1418/6966 1193/6977 1311/6978
f 1193/6977 1160/6976 1101/6979
f 1193/6977 1101/6979 1093/6980
f 1160/6976 1270/6975 1117/6981
f 1117/6981 1270/6975 1198/6973
f 1101/6979 1160/6976 1072/6982
f 1072/6982 1160/6976 1117/6981
f 1101/6979 1072/6982 1023/6983
f 1101/6979 1023/6983 1093/6980
f 1072/6982 1117/6981 1025/6984
f 1148/6888 1186/6889 1093/6980
f 1148/6888 1093/6980 1041/6902
f 1041/6902 1093/6980 996/6985
f 996/6985 1093/6980 1023/6983
f 1041/6902 996/6985 955/6908
f 972/6986 1023/6983 1072/6982
f 972/6986 1072/6982 1025/6984
f 955/6908 996/6985 899/6987
f 955/6908 899/6987 871/6911
f 996/6985 1023/6983 919/6988
f 996/6985 919/6988 899/6987
f 1023/6983 972/6986 910/6989
f 1023/6983 910/6989 919/6988
f 899/6987 919/6988 835/6990
f 899/6987 835/6990 871/6911
f 919/6988 910/6989 898/6991
f 919/6988 898/6991 835/6990
f 871/6911 835/6990 841/6992
f 841/6992 835/6990 898/6991
f 841/6992 898/6991 910/6989
f 871/6911 841/6992 842/6916
f 842/6916 841/6992 872/6936
f 841/6992 910/6989 830/6993
f 830/6993 910/6989 972/6986
f 841/6992 830/6993 866/6994
f 841/6992 866/6994 872/6936
f 830/6993 972/6986 921/6995
f 830/6993 921/6995 866/6994
f 921/6995 972/6986 1025/6984
f 872/6936 866/6994 908/6996
f 908/6996 866/6994 921/6995
f 908/6996 921/6995 941/6997
f 941/6997 921/6995 1025/6984
f 908/6996 941/6997 1014/6998
f 941/6997 1025/6984 1033/6999
f 941/6997 1033/6999 1014/6998
f 1033/6999 1025/6984 1058/7000
f 1058/7000 1025/6984 1117/6981
f 1014/6998 1033/6999 1015/7001
f 1015/7001 1033/6999 1058/7000
f 908/6996 1014/6998 931/7002
f 908/6996 931/7002 872/6936
f 1058/7000 1117/6981 1198/6973
f 872/6936 931/7002 950/7003
f 872/6936 950/7003 966/6935
f 966/6935 950/7003 1048/6937
f 1048/6937 950/7003 1026/7004
f 1048/6937 1026/7004 1028/6951
f 1028/6951 1026/7004 950/7003
f 1028/6951 950/7003 931/7002
f 1028/6951 931/7002 1062/7005
f 1062/7005 931/7002 1014/6998
f 1028/6951 1062/7005 1090/6949
f 1062/7005 1014/6998 1083/7006
f 1083/7006 1014/6998 1015/7001
f 1083/7006 1015/7001 1058/7000
f 1090/6949 1062/7005 1191/7007
f 1090/6949 1191/7007 1211/6948
f 1211/6948 1191/7007 1394/6955
f 1394/6955 1191/7007 1247/6974
f 1191/7007 1062/7005 1134/7008
f 1191/7007 1134/7008 1247/6974
f 1134/7008 1062/7005 1083/7006
f 1083/7006 1058/7000 1130/7009
f 1083/7006 1130/7009 1134/7008
f 1130/7009 1058/7000 1198/6973
f 1247/6974 1134/7008 1171/7010
f 1134/7008 1130/7009 1150/7011
f 1150/7011 1130/7009 1198/6973
f 1134/7008 1150/7011 1171/7010
f 1203/7012 1198/6973 1247/6974
f 1203/7012 1247/6974 1171/7010
f 1198/6973 1203/7012 1150/7011
f 1150/7011 1203/7012 1171/7010
f 4790/7013 4630/7014 4792/7015
f 4792/7015 4630/7014 4728/7016
f 4790/7013 4792/7015 4841/7017
f 4841/7017 4792/7015 4728/7016
f 4728/7016 4630/7014 4633/7018
f 4630/7014 4790/7013 4632/7019
f 4630/7014 4632/7019 4633/7018
f 4632/7019 4790/7013 4650/7020
f 4650/7020 4790/7013 4707/7021
f 4632/7019 4650/7020 4619/7022
f 4619/7022 4650/7020 4504/7023
f 4632/7019 4619/7022 4635/7024
f 4632/7019 4635/7024 4633/7018
f 4619/7022 4504/7023 4533/7025
f 4619/7022 4533/7025 4635/7024
f 4533/7025 4504/7023 4466/7026
f 4466/7026 4504/7023 4454/7027
f 4635/7024 4533/7025 4561/7028
f 4635/7024 4561/7028 4633/7018
f 4533/7025 4466/7026 4482/7029
f 4533/7025 4482/7029 4561/7028
f 4482/7029 4466/7026 4432/7030
f 4432/7030 4466/7026 4454/7027
f 4482/7029 4432/7030 4561/7028
f 4432/7030 4454/7027 4520/7031
f 4432/7030 4520/7031 4561/7028
f 4520/7031 4454/7027 4487/7032
f 4634/7033 4633/7018 4561/7028
f 4634/7033 4561/7028 4520/7031
f 4520/7031 4487/7032 4517/7034
f 4517/7034 4487/7032 4428/7035
f 4517/7034 4428/7035 4456/7036
f 4517/7034 4456/7036 4511/7037
f 4517/7034 4511/7037 4627/7038
f 4520/7031 4517/7034 4676/7039
f 4676/7039 4517/7034 4627/7038
f 4520/7031 4676/7039 4634/7033
f 4676/7039 4627/7038 4807/7040
f 4720/7041 4633/7018 4634/7033
f 4633/7018 4720/7041 4728/7016
f 4728/7016 4720/7041 4914/7042
f 4720/7041 4634/7033 4737/7043
f 4634/7033 4676/7039 4783/7044
f 4634/7033 4783/7044 4737/7043
f 4783/7044 4676/7039 4845/7045
f 4845/7045 4676/7039 4807/7040
f 4737/7043 4783/7044 4848/7046
f 4848/7046 4783/7044 4845/7045
f 4720/7041 4737/7043 4824/7047
f 4824/7047 4737/7043 4848/7046
f 4720/7041 4824/7047 4914/7042
f 4824/7047 4848/7046 4952/7048
f 4952/7048 4848/7046 4845/7045
f 4824/7047 4952/7048 4914/7042
f 4728/7016 4914/7042 4841/7017
f 4952/7048 4845/7045 4972/7049
f 4972/7049 4845/7045 4807/7040
f 4914/7042 4952/7048 5105/7050
f 4841/7017 4914/7042 4992/7051
f 4992/7051 4914/7042 5105/7050
f 4952/7048 4972/7049 5136/7052
f 4952/7048 5136/7052 5105/7050
f 4972/7049 4807/7040 4953/7053
f 5136/7052 4972/7049 5141/7054
f 5141/7054 4972/7049 4953/7053
f 4841/7017 4992/7051 4950/7055
f 5141/7054 4953/7053 5063/7056
f 4953/7053 4807/7040 4888/7057
f 4953/7053 4888/7057 5063/7056
f 5141/7054 5063/7056 5127/7058
f 5141/7054 5127/7058 5164/7059
f 5063/7056 4888/7057 4944/7060
f 5141/7054 5164/7059 5219/7061
f 4944/7060 4888/7057 4893/7062
f 4893/7062 4888/7057 4806/7063
f 4806/7063 4888/7057 4794/7064
f 4794/7064 4888/7057 4719/7065
f 4719/7065 4888/7057 4807/7040
f 4794/7064 4719/7065 4675/7066
f 4719/7065 4807/7040 4627/7038
f 4675/7066 4719/7065 4591/7067
f 4591/7067 4719/7065 4627/7038
f 5184/7068 5141/7054 5219/7061
f 5141/7054 5184/7068 5136/7052
f 5184/7068 5219/7061 5253/7069
f 5253/7069 5219/7061 5248/7070
f 5136/7052 5184/7068 5177/7071
f 5253/7069 5248/7070 5222/7072
f 5253/7069 5222/7072 5184/7068
f 5184/7068 5222/7072 5177/7071
f 5222/7072 5248/7070 5255/7073
f 5136/7052 5177/7071 5105/7050
f 5222/7072 5255/7073 5243/7074
f 5222/7072 5243/7074 5177/7071
f 5243/7074 5255/7073 5246/7075
f 5177/7071 5243/7074 5179/7076
f 5179/7076 5243/7074 5246/7075
f 5177/7071 5179/7076 5105/7050
f 5246/7075 5255/7073 5213/7077
f 5246/7075 5213/7077 5179/7076
f 5213/7077 5255/7073 5224/7078
f 5105/7050 5179/7076 5151/7079
f 5151/7079 5179/7076 5213/7077
f 5213/7077 5224/7078 5201/7080
f 5213/7077 5201/7080 5151/7079
f 5201/7080 5224/7078 5154/7081
f 5151/7079 5201/7080 5116/7082
f 5151/7079 5116/7082 5105/7050
f 5116/7082 5201/7080 5154/7081
f 5105/7050 5116/7082 5126/7083
f 5126/7083 5116/7082 5154/7081
f 5105/7050 5126/7083 4992/7051
f 5154/7081 5224/7078 5160/7084
f 4992/7051 5126/7083 4950/7055
f 4950/7055 5126/7083 5154/7081
f 5154/7081 5160/7084 4996/7085
f 5154/7081 4996/7085 4950/7055
f 4996/7085 5160/7084 4933/7086
f 4950/7055 4996/7085 4870/7087
f 4950/7055 4870/7087 4841/7017
f 4841/7017 4870/7087 4790/7013
f 4870/7087 4996/7085 4866/7088
f 4870/7087 4866/7088 4790/7013
f 4866/7088 4996/7085 4933/7086
f 4790/7013 4866/7088 4707/7021
f 4707/7021 4866/7088 4933/7086
f 4707/7021 4933/7086 4868/7089
f 5247/7090 5309/7091 5171/7092
f 5171/7092 5309/7091 5321/7093
f 5171/7092 5321/7093 5027/7094
f 5171/7092 5027/7094 4819/7095
f 5027/7094 5321/7093 5287/7096
f 4819/7095 5027/7094 4817/7097
f 4817/7097 5027/7094 4752/7098
f 4817/7097 4752/7098 4531/7099
f 4817/7097 4531/7099 4537/7100
f 4752/7098 5027/7094 4548/7101
f 4752/7098 4548/7101 4531/7099
f 4537/7100 4531/7099 4176/7102
f 4176/7102 4531/7099 4548/7101
f 4746/7103 5027/7094 5287/7096
f 5027/7094 4746/7103 4548/7101
f 4176/7102 4548/7101 4258/7104
f 4258/7104 4548/7101 4746/7103
f 4176/7102 4258/7104 3762/7105
f 4176/7102 3762/7105 3627/7106
f 3762/7105 4258/7104 4397/7107
f 4397/7107 4258/7104 4746/7103
f 3762/7105 4397/7107 3592/7108
f 3592/7108 4397/7107 3775/7109
f 3775/7109 4397/7107 4431/7110
f 4397/7107 4746/7103 5108/7111
f 4397/7107 5108/7111 4431/7110
f 5108/7111 4746/7103 5287/7096
f 4431/7110 5108/7111 5316/7112
s 0
f 5108/7111 5287/7096 5387/7113
s 1
f 5108/7111 5387/7113 5316/7112
f 4560/7114 4650/7115 4707/6567
f 4650/7115 4560/7114 4504/7116
f 4504/7116 4560/7114 4464/7117
f 4504/7116 4464/7117 4454/7118
f 4560/7114 4707/6567 4553/7119
f 4560/7114 4553/7119 4464/7117
f 4454/7118 4464/7117 4452/7120
f 4454/7118 4452/7120 4487/7121
f 4487/7121 4452/7120 4428/7122
f 4428/7122 4452/7120 4456/7123
f 4456/7123 4452/7120 4502/7124
f 4456/7123 4502/7124 4511/7125
f 4452/7120 4464/7117 4474/7126
f 4452/7120 4474/7126 4502/7124
f 4474/7126 4464/7117 4519/7127
f 4519/7127 4464/7117 4553/7119
f 4502/7124 4474/7126 4490/7128
f 4490/7128 4474/7126 4519/7127
f 4519/7127 4553/7119 4523/7129
f 4490/7128 4519/7127 4568/7130
f 4519/7127 4523/7129 4605/7131
f 4519/7127 4605/7131 4568/7130
f 4523/7129 4553/7119 4600/7132
f 4600/7132 4553/7119 4707/6567
f 4600/7132 4707/6567 4710/7133
f 4710/7133 4707/6567 4810/6555
f 4710/7133 4810/6555 4703/6549
f 4710/7133 4703/6549 4575/7134
f 4710/7133 4575/7134 4600/7132
f 4575/7134 4703/6549 4500/6550
f 4575/7134 4500/6550 4521/7135
f 4600/7132 4575/7134 4524/7136
f 4524/7136 4575/7134 4521/7135
f 4600/7132 4524/7136 4523/7129
f 4524/7136 4521/7135 4506/7137
f 4523/7129 4524/7136 4543/7138
f 4543/7138 4524/7136 4506/7137
f 4523/7129 4543/7138 4605/7131
f 4543/7138 4506/7137 4494/7139
f 4543/7138 4494/7139 4516/7140
f 4543/7138 4516/7140 4637/7141
f 4543/7138 4637/7141 4605/7131
f 4605/7131 4637/7141 4768/7142
f 4605/7131 4768/7142 4660/7143
f 4605/7131 4660/7143 4568/7130
f 4660/7143 4768/7142 4857/7144
f 4857/7144 4768/7142 4935/7145
f 4568/7130 4660/7143 4623/7146
f 4568/7130 4623/7146 4604/7147
f 4604/7147 4623/7146 4660/7143
f 4604/7147 4660/7143 4857/7144
f 4568/7130 4604/7147 4490/7128
f 4490/7128 4604/7147 4502/7124
f 4604/7147 4857/7144 4739/7148
f 4739/7148 4857/7144 4954/7149
f 4502/7124 4604/7147 4687/7150
f 4687/7150 4604/7147 4739/7148
f 4739/7148 4954/7149 4874/7151
f 4739/7148 4874/7151 4687/7150
f 4874/7151 4954/7149 5061/7152
f 4874/7151 5061/7152 4896/7153
f 4896/7153 5061/7152 4940/7154
f 4940/7154 5061/7152 4944/7155
f 4940/7154 4944/7155 4893/7156
f 4896/7153 4940/7154 4916/7157
f 4916/7157 4940/7154 4893/7156
f 4916/7157 4893/7156 4833/7158
f 4916/7157 4833/7158 4896/7153
f 4833/7158 4893/7156 4806/7159
f 4799/7160 4874/7151 4896/7153
f 4799/7160 4896/7153 4833/7158
f 4799/7160 4833/7158 4806/7159
f 4874/7151 4799/7160 4687/7150
f 4799/7160 4806/7159 4794/7161
f 4799/7160 4794/7161 4687/7150
f 4687/7150 4794/7161 4675/7162
f 4687/7150 4675/7162 4602/7163
f 4602/7163 4675/7162 4591/7164
f 4687/7150 4602/7163 4502/7124
f 4602/7163 4591/7164 4622/7165
f 4622/7165 4591/7164 4627/7166
f 4502/7124 4602/7163 4538/7167
f 4538/7167 4602/7163 4622/7165
f 4502/7124 4538/7167 4511/7125
f 4622/7165 4627/7166 4567/7168
f 4622/7165 4567/7168 4538/7167
f 4567/7168 4627/7166 4511/7125
f 4567/7168 4511/7125 4538/7167
f 4933/7169 5160/7170 5086/7171
f 4933/7169 5086/7171 4868/7172
f 5086/7171 5160/7170 5190/7173
f 5190/7173 5160/7170 5244/7174
f 5244/7174 5160/7170 5224/7175
f 5244/7174 5224/7175 5255/7176
f 5190/7173 5244/7174 5252/7177
f 5252/7177 5244/7174 5255/7176
f 5190/7173 5252/7177 5223/7178
f 5252/7177 5255/7176 5248/7179
f 5223/7178 5252/7177 5173/7180
f 5173/7180 5252/7177 5215/7181
f 5252/7177 5248/7179 5191/7182
f 5252/7177 5191/7182 5215/7181
f 5173/7180 5215/7181 5163/7183
f 5163/7183 5215/7181 5191/7182
f 5173/7180 5163/7183 5109/7184
f 5191/7182 5248/7179 5203/7185
f 5203/7185 5248/7179 5219/7186
f 5203/7185 5219/7186 5164/7187
f 5203/7185 5164/7187 5127/7188
f 5203/7185 5127/7188 5156/7189
f 5203/7185 5156/7189 5191/7182
f 5156/7189 5127/7188 5063/7190
f 5156/7189 5063/7190 5137/7191
f 5137/7191 5063/7190 4944/7192
f 5137/7191 4944/7192 5061/7193
f 5137/7191 5061/7193 5156/7189
f 5156/7189 5061/7193 5191/7182
f 5191/7182 5061/7193 5163/7183
f 5163/7183 5061/7193 5070/7194
f 5163/7183 5070/7194 5109/7184
f 5070/7194 5061/7193 4954/7195
f 5070/7194 4954/7195 4857/7196
f 5109/7184 5070/7194 5006/7197
f 5006/7197 5070/7194 4857/7196
f 5109/7184 5006/7197 5125/7198
f 5006/7197 4857/7196 4935/7199
f 5006/7197 4935/7199 5125/7198
f 1321/7200 1242/7201 1194/7202
f 1242/7201 1321/7200 1435/7203
f 1194/7202 1242/7201 1135/7204
f 1194/7202 1135/7204 1162/7205
f 1162/7205 1135/7204 1192/7206
f 1135/7204 1242/7201 1132/7207
f 1135/7204 1132/7207 1192/7206
f 1192/7206 1132/7207 1169/7208
f 1169/7208 1132/7207 1156/7209
f 1192/7206 1169/7208 1233/7210
f 1233/7210 1169/7208 1214/7211
f 1132/7207 1242/7201 1276/7212
f 1276/7212 1242/7201 1443/7213
f 1443/7213 1242/7201 1435/7203
f 1276/7212 1443/7213 1442/7214
f 1442/7214 1443/7213 1510/7215
f 1443/7213 1435/7203 1503/7216
f 1443/7213 1503/7216 1510/7215
f 1503/7216 1435/7203 1500/7217
f 1510/7215 1503/7216 1523/7218
f 1510/7215 1523/7218 1521/7219
f 1503/7216 1500/7217 1522/7220
f 1503/7216 1522/7220 1523/7218
f 1522/7220 1500/7217 1513/7221
f 1521/7219 1523/7218 1506/7222
f 1506/7222 1523/7218 1522/7220
f 1521/7219 1506/7222 1478/7223
f 1522/7220 1513/7221 1490/7224
f 1490/7224 1513/7221 1465/7225
f 1506/7222 1522/7220 1499/7226
f 1499/7226 1522/7220 1490/7224
f 1478/7223 1506/7222 1457/7227
f 1478/7223 1457/7227 1460/7228
f 1506/7222 1499/7226 1467/7229
f 1506/7222 1467/7229 1457/7227
f 1460/7228 1457/7227 1377/7230
f 1377/7230 1457/7227 1467/7229
f 1460/7228 1377/7230 1336/7231
f 1336/7231 1377/7230 1223/7232
f 1336/7231 1223/7232 1145/7233
f 1377/7230 1467/7229 1353/7234
f 1377/7230 1353/7234 1223/7232
f 1455/7235 1467/7229 1499/7226
f 1467/7229 1455/7235 1353/7234
f 1455/7235 1499/7226 1471/7236
f 1471/7236 1499/7226 1490/7224
f 1353/7234 1455/7235 1393/7237
f 1393/7237 1455/7235 1471/7236
f 1223/7232 1353/7234 1204/7238
f 1204/7238 1353/7234 1393/7237
f 1471/7236 1490/7224 1440/7239
f 1471/7236 1440/7239 1458/7240
f 1458/7240 1440/7239 1490/7224
f 1471/7236 1458/7240 1393/7237
f 1458/7240 1490/7224 1465/7225
f 1458/7240 1465/7225 1393/7237
f 1393/7237 1465/7225 1428/7241
f 1393/7237 1428/7241 1180/7242
f 1393/7237 1180/7242 1204/7238
f 1204/7238 1180/7242 1085/7243
f 1204/7238 1085/7243 1096/7244
f 1204/7238 1096/7244 1223/7232
f 1223/7232 1096/7244 1108/7245
f 1223/7232 1108/7245 1145/7233
f 1145/7233 1108/7245 1068/7246
f 1068/7246 1108/7245 1013/7247
f 1013/7247 1108/7245 1096/7244
f 1013/7247 1096/7244 1009/7248
f 1013/7247 1009/7248 912/7249
f 1013/7247 912/7249 831/7250
f 831/7250 912/7249 824/7251
f 1013/7247 831/7250 887/7252
f 887/7252 831/7250 821/7253
f 3954/7254 3941/7255 3961/7256
f 3961/7256 3941/7255 3984/7257
f 3984/7257 3941/7255 3764/7258
f 3961/7256 3984/7257 3989/7259
f 3984/7257 3764/7258 3831/7260
f 3989/7259 3984/7257 3801/7261
f 3801/7261 3984/7257 3831/7260
f 4169/7262 3989/7259 4011/7263
f 4011/7263 3989/7259 3801/7261
f 3831/7260 3764/7258 3622/7264
f 3831/7260 3622/7264 3801/7261
f 3622/7264 3764/7258 3614/7265
f 4011/7263 3801/7261 3608/7266
f 3622/7264 3614/7265 3617/7267
f 3801/7261 3622/7264 3621/7268
f 3621/7268 3622/7264 3617/7267
f 3608/7266 3801/7261 3636/7269
f 3636/7269 3801/7261 3621/7268
f 3621/7268 3617/7267 3618/7270
f 3621/7268 3618/7270 3636/7269
f 3618/7270 3617/7267 3511/7271
f 3618/7270 3511/7271 3510/7272
f 3618/7270 3510/7272 3636/7269
f 3510/7272 3511/7271 3397/7273
f 3608/7266 3636/7269 3446/7274
f 3446/7274 3636/7269 3510/7272
f 3446/7274 3510/7272 3397/7273
f 3608/7266 3446/7274 71/7275
f 3446/7274 3397/7273 3390/7276
f 3390/7276 3397/7273 3399/7277
f 5217/7278 5080/7279 5158/7280
f 5080/7279 5217/7278 5186/7281
f 5217/7278 5158/7280 5274/7282
f 5158/7280 5080/7279 5104/7283
f 5104/7283 5080/7279 4967/7284
f 5104/7283 4967/7284 5096/7285
f 5104/7283 5096/7285 5170/7286
f 5104/7283 5170/7286 5158/7280
f 5158/7280 5170/7286 5197/7287
f 5158/7280 5197/7287 5274/7282
f 5197/7287 5170/7286 5210/7288
f 5274/7282 5197/7287 5208/7289
f 5208/7289 5197/7287 5210/7288
f 5208/7289 5210/7288 5199/7290
f 5274/7282 5208/7289 5204/7291
f 5208/7289 5199/7290 5162/7292
f 5208/7289 5162/7292 5204/7291
f 5162/7292 5199/7290 5111/7293
f 5204/7291 5162/7292 4993/7294
f 4993/7294 5162/7292 5111/7293
f 5204/7291 4993/7294 4815/7295
f 5204/7291 4815/7295 5417/7296
f 4993/7294 5111/7293 4891/7297
f 4891/7297 5111/7293 4997/7298
f 4891/7297 4997/7298 4802/7299
f 4997/7298 5111/7293 5138/7300
f 1498/7301 1395/7302 1400/7303
f 1395/7302 1498/7301 1433/7304
f 1498/7301 1400/7303 1442/7305
f 1433/7304 1498/7301 1514/7306
f 1498/7301 1442/7305 1510/7307
f 1514/7306 1498/7301 1511/7308
f 1514/7306 1511/7308 1516/7309
f 1516/7309 1511/7308 1498/7301
f 1514/7306 1516/7309 1554/7310
f 1498/7301 1510/7307 1517/7311
f 1498/7301 1517/7311 1516/7309
f 1517/7311 1510/7307 1521/7312
f 1554/7310 1516/7309 1504/7313
f 1554/7310 1504/7313 1549/7314
f 1504/7313 1516/7309 1473/7315
f 1473/7315 1516/7309 1517/7311
f 1517/7311 1521/7312 1501/7316
f 1517/7311 1501/7316 1473/7315
f 1501/7316 1521/7312 1478/7317
f 1501/7316 1478/7317 1460/7318
f 1501/7316 1460/7318 1473/7315
f 1473/7315 1460/7318 1336/7319
f 5552/7320 5309/7321 5719/7322
f 5309/7321 5552/7320 5321/7323
f 5552/7320 5719/7322 5804/7324
f 5321/7323 5552/7320 5287/7325
f 5552/7320 5804/7324 5578/7326
f 5552/7320 5578/7326 5287/7325
f 5578/7326 5804/7324 5766/7327
f 5287/7325 5578/7326 5387/7328
f 803/7329 937/7330 860/7331
f 860/7331 937/7330 815/7332
f 803/7329 860/7331 710/7333
f 710/7333 860/7331 815/7332
f 803/7329 710/7333 639/7334
f 639/7334 710/7333 342/7335
f 639/7334 342/7335 260/7336
f 710/7333 815/7332 746/7337
f 710/7333 746/7337 707/7338
f 746/7337 815/7332 750/7339
f 750/7339 815/7332 813/7340
f 746/7337 750/7339 771/7341
f 746/7337 771/7341 707/7338
f 750/7339 813/7340 822/7342
f 750/7339 822/7342 771/7341
f 813/7340 815/7332 886/7343
f 813/7340 886/7343 822/7342
f 822/7342 886/7343 771/7341
f 771/7341 886/7343 774/7344
f 774/7344 886/7343 918/7345
f 721/7346 707/7338 771/7341
f 721/7346 771/7341 774/7344
f 707/7338 721/7346 691/7347
f 707/7338 691/7347 649/7348
f 691/7347 721/7346 646/7349
f 691/7347 646/7349 649/7348
f 646/7349 721/7346 774/7344
f 707/7338 649/7348 611/7350
f 707/7338 611/7350 710/7333
f 611/7350 649/7348 646/7349
f 710/7333 611/7350 342/7335
f 814/7351 774/7344 918/7345
f 814/7351 918/7345 887/7352
f 646/7349 774/7344 407/7353
f 407/7353 774/7344 814/7351
f 814/7351 887/7352 781/7354
f 781/7354 887/7352 821/7355
f 814/7351 781/7354 675/7356
f 814/7351 675/7356 407/7353
f 781/7354 821/7355 743/7357
f 743/7357 821/7355 676/7358
f 781/7354 743/7357 715/7359
f 781/7354 715/7359 675/7356
f 715/7359 743/7357 685/7360
f 685/7360 743/7357 676/7358
f 715/7359 685/7360 667/7361
f 715/7359 667/7361 675/7356
f 685/7360 676/7358 612/7362
f 685/7360 612/7362 667/7361
f 667/7361 612/7362 621/7363
f 667/7361 621/7363 675/7356
f 621/7363 612/7362 589/7364
f 621/7363 589/7364 675/7356
f 612/7362 676/7358 495/7365
f 612/7362 495/7365 589/7364
f 495/7365 676/7358 364/7366
f 675/7356 589/7364 499/7367
f 675/7356 499/7367 407/7353
f 589/7364 495/7365 478/7368
f 589/7364 478/7368 499/7367
f 478/7368 495/7365 364/7366
f 364/7366 676/7358 264/7369
f 499/7367 478/7368 417/7370
f 417/7370 478/7368 364/7366
f 499/7367 417/7370 345/7371
f 499/7367 345/7371 407/7353
f 417/7370 364/7366 317/7372
f 417/7370 317/7372 345/7371
f 317/7372 364/7366 264/7369
f 317/7372 264/7369 248/7373
f 345/7371 317/7372 250/7374
f 250/7374 317/7372 248/7373
f 248/7373 264/7369 186/7375
f 248/7373 186/7375 250/7374
f 186/7375 264/7369 117/7376
f 117/7376 264/7369 254/7377
f 250/7374 186/7375 193/7378
f 117/7376 254/7377 105/7379
f 250/7374 193/7378 217/7380
f 250/7374 217/7380 345/7371
f 193/7378 186/7375 165/7381
f 193/7378 165/7381 217/7380
f 186/7375 117/7376 112/7382
f 186/7375 112/7382 165/7381
f 117/7376 105/7379 59/7383
f 345/7371 217/7380 173/7384
f 112/7382 117/7376 81/7385
f 81/7385 117/7376 59/7383
f 165/7381 112/7382 113/7386
f 165/7381 113/7386 217/7380
f 113/7386 112/7382 81/7385
f 217/7380 113/7386 115/7387
f 217/7380 115/7387 173/7384
f 113/7386 81/7385 98/7388
f 113/7386 98/7388 115/7387
f 115/7387 98/7388 3388/7389
f 3388/7389 98/7388 81/7385
f 115/7387 3388/7389 173/7384
f 345/7371 173/7384 407/7353
f 3388/7389 81/7385 58/7390
f 58/7390 81/7385 59/7383
f 173/7384 3388/7389 3418/7391
f 3418/7391 3388/7389 3550/7392
f 3550/7392 3388/7389 3478/7393
f 173/7384 3418/7391 60/7394
f 173/7384 60/7394 407/7353
f 60/7394 3418/7391 3643/7395
f 60/7394 3643/7395 3517/7396
f 3398/7397 3388/7389 58/7390
f 3478/7393 3388/7389 3453/7398
f 3453/7398 3388/7389 3398/7397
f 3478/7393 3453/7398 3516/7399
f 3398/7397 58/7390 3413/7400
f 3398/7397 3413/7400 3453/7398
f 3413/7400 58/7390 59/7383
f 3516/7399 3453/7398 3430/7401
f 3430/7401 3453/7398 3413/7400
f 3430/7401 3413/7400 59/7383
f 3516/7399 3430/7401 3501/7402
f 3501/7402 3430/7401 3521/7403
f 3521/7403 3430/7401 3496/7404
f 3430/7401 59/7383 26/7405
f 3430/7401 26/7405 3496/7404
f 26/7405 59/7383 105/7379
f 3496/7404 26/7405 53/7406
f 26/7405 105/7379 142/7407
f 26/7405 142/7407 53/7406
f 2554/7408 2542/7409 2291/7410
f 2542/7409 2554/7408 2686/7411
f 2291/7410 2542/7409 2310/7412
f 2542/7409 2686/7411 2633/7413
f 2542/7409 2633/7413 2310/7412
f 2291/7410 2310/7412 2286/7414
f 2633/7413 2686/7411 2705/7415
f 2310/7412 2633/7413 2396/7416
f 2310/7412 2396/7416 2286/7414
f 2396/7416 2633/7413 2618/7417
f 2618/7417 2633/7413 2705/7415
f 2396/7416 2618/7417 2306/7418
f 2396/7416 2306/7418 2286/7414
f 2306/7418 2618/7417 2442/7419
f 2306/7418 2442/7419 2286/7414
f 2271/7420 2281/7421 2286/7414
f 2271/7420 2286/7414 2280/7422
f 2280/7422 2286/7414 2442/7419
f 2271/7420 2280/7422 2269/7423
f 2269/7423 2280/7422 2259/7424
f 2442/7419 2618/7417 2687/7425
f 2687/7425 2618/7417 2705/7415
f 2442/7419 2687/7425 2684/7426
f 2442/7419 2684/7426 2380/7427
f 2442/7419 2380/7427 2280/7422
f 2684/7426 2687/7425 2685/7428
f 2685/7428 2687/7425 2705/7415
f 2380/7427 2684/7426 2611/7429
f 2611/7429 2684/7426 2685/7428
f 2380/7427 2611/7429 2470/7430
f 2380/7427 2470/7430 2280/7422
f 2470/7430 2611/7429 2640/7431
f 2640/7431 2611/7429 2685/7428
f 2470/7430 2640/7431 2473/7432
f 2470/7430 2473/7432 2280/7422
f 2473/7432 2640/7431 2685/7428
f 2280/7422 2473/7432 2424/7433
f 2424/7433 2473/7432 2685/7428
f 2280/7422 2424/7433 2292/7434
f 2280/7422 2292/7434 2259/7424
f 2424/7433 2685/7428 2703/7435
f 2292/7434 2424/7433 2541/7436
f 2541/7436 2424/7433 2703/7435
f 2259/7424 2292/7434 2461/7437
f 2461/7437 2292/7434 2541/7436
f 2259/7424 2461/7437 2431/7438
f 2431/7438 2461/7437 2702/7439
f 2461/7437 2541/7436 2700/7440
f 2461/7437 2700/7440 2702/7439
f 2700/7440 2541/7436 2703/7435
f 2702/7439 2700/7440 2706/7441
f 2700/7440 2703/7435 2714/7442
f 2700/7440 2714/7442 2706/7441
f 2714/7442 2703/7435 2685/7428
f 2706/7441 2714/7442 2674/7443
f 2706/7441 2674/7443 2525/7444
f 2714/7442 2685/7428 2696/7445
f 2714/7442 2696/7445 2674/7443
f 2696/7445 2685/7428 2705/7415
f 2525/7444 2674/7443 2515/7446
f 2525/7444 2515/7446 2481/7447
f 2515/7446 2674/7443 2607/7448
f 2607/7448 2674/7443 2696/7445
f 2481/7447 2515/7446 2339/7449
f 2481/7447 2339/7449 2331/7450
f 2331/7450 2339/7449 2311/7451
f 2339/7449 2515/7446 2381/7452
f 2381/7452 2515/7446 2607/7448
f 2339/7449 2381/7452 2355/7453
f 2381/7452 2607/7448 2495/7454
f 2381/7452 2495/7454 2355/7453
f 2495/7454 2607/7448 2696/7445
f 2355/7453 2495/7454 2454/7455
f 2454/7455 2495/7454 2615/7456
f 2615/7456 2495/7454 2696/7445
f 2454/7455 2615/7456 2500/7457
f 2500/7457 2615/7456 2493/7458
f 2615/7456 2696/7445 2663/7459
f 2615/7456 2663/7459 2493/7458
f 2663/7459 2696/7445 2705/7415
f 2493/7458 2663/7459 2484/7460
f 2493/7458 2484/7460 2341/7461
f 2341/7461 2484/7460 2499/7462
f 2499/7462 2484/7460 2663/7459
f 2499/7462 2663/7459 2636/7463
f 2636/7463 2663/7459 2705/7415
f 2636/7463 2705/7415 2656/7464
f 1186/7465 1193/7466 1093/7467
f 1193/7466 1186/7465 1311/7468
f 851/7469 824/7470 912/7471
f 851/7469 912/7471 1009/7472
f 824/7470 851/7469 668/7473
f 851/7469 1009/7472 917/7474
f 917/7474 1009/7472 1085/7475
f 1085/7475 1009/7472 1096/7476
f 851/7469 917/7474 753/7477
f 917/7474 1085/7475 974/7478
f 917/7474 974/7478 753/7477
f 974/7478 1085/7475 1046/7479
f 1046/7479 1085/7475 1180/7480
f 1046/7479 1180/7480 1119/7481
f 974/7478 1046/7479 874/7482
f 874/7482 1046/7479 1119/7481
f 974/7478 874/7482 614/7483
f 974/7478 614/7483 753/7477
f 718/7484 851/7469 753/7477
f 851/7469 718/7484 668/7473
f 718/7484 753/7477 507/7485
f 507/7485 753/7477 430/7486
f 430/7486 753/7477 614/7483
f 718/7484 507/7485 376/7487
f 718/7484 376/7487 668/7473
f 376/7487 507/7485 359/7488
f 359/7488 507/7485 430/7486
f 668/7473 376/7487 315/7489
f 315/7489 376/7487 359/7488
f 359/7488 430/7486 343/7490
f 359/7488 343/7490 315/7489
f 620/7491 614/7483 874/7482
f 343/7490 430/7486 401/7492
f 620/7491 874/7482 665/7493
f 665/7493 874/7482 1119/7481
f 614/7483 620/7491 508/7494
f 508/7494 620/7491 665/7493
f 486/7495 430/7486 614/7483
f 430/7486 486/7495 401/7492
f 486/7495 614/7483 508/7494
f 320/7496 343/7490 401/7492
f 343/7490 320/7496 315/7489
f 401/7492 486/7495 245/7497
f 320/7496 401/7492 7/7498
f 7/7498 401/7492 245/7497
f 315/7489 320/7496 156/7499
f 156/7499 320/7496 7/7498
f 7/7498 245/7497 3485/7500
f 245/7497 486/7495 337/7501
f 245/7497 337/7501 3485/7500
f 337/7501 486/7495 508/7494
f 3485/7500 337/7501 209/7502
f 209/7502 337/7501 508/7494
f 3485/7500 209/7502 3653/7503
f 3653/7503 209/7502 3679/7504
f 3506/7505 156/7499 7/7498
f 209/7502 508/7494 228/7506
f 209/7502 228/7506 3679/7504
f 228/7506 508/7494 665/7493
f 3679/7504 228/7506 230/7507
f 3679/7504 230/7507 3589/7508
f 230/7507 228/7506 426/7509
f 230/7507 426/7509 419/7510
f 426/7509 228/7506 665/7493
f 426/7509 665/7493 512/7511
f 512/7511 665/7493 520/7512
f 520/7512 665/7493 879/7513
s 0
f 879/7513 665/7493 1119/7481
s 1
f 520/7512 879/7513 528/7514
f 879/7513 1119/7481 1486/7515
f 528/7514 879/7513 855/7516
f 855/7516 879/7513 1486/7515
f 528/7514 855/7516 525/7517
f 1685/7518 1682/7519 1486/7515
f 525/7517 855/7516 633/7520
f 525/7517 633/7520 540/7521
f 855/7516 1486/7515 1448/7522
f 1448/7522 1486/7515 1682/7519
f 633/7520 855/7516 885/7523
f 885/7523 855/7516 1448/7522
f 1448/7522 1682/7519 1578/7524
f 1578/7524 1682/7519 1728/7525
f 1448/7522 1578/7524 1280/7526
f 1448/7522 1280/7526 885/7523
f 1578/7524 1728/7525 1637/7527
f 1637/7527 1728/7525 1743/7528
f 1280/7526 1578/7524 1550/7529
f 1550/7529 1578/7524 1637/7527
f 1637/7527 1743/7528 1655/7530
f 1637/7527 1655/7530 1626/7531
f 1655/7530 1743/7528 1669/7532
f 1655/7530 1669/7532 1626/7531
f 1637/7527 1626/7531 1625/7533
f 1669/7532 1743/7528 1738/7534
f 1738/7534 1743/7528 1757/7535
f 1626/7531 1669/7532 1627/7536
f 1626/7531 1627/7536 1625/7533
f 1637/7527 1625/7533 1592/7537
f 1592/7537 1625/7533 1627/7536
f 1637/7527 1592/7537 1550/7529
f 1627/7536 1669/7532 1656/7538
f 1627/7536 1656/7538 1592/7537
f 1656/7538 1669/7532 1738/7534
f 1734/7539 1738/7534 1757/7535
f 1738/7534 1734/7539 1656/7538
f 1734/7539 1757/7535 1815/7540
f 1734/7539 1815/7540 1789/7541
f 1734/7539 1789/7541 1689/7542
f 1734/7539 1689/7542 1656/7538
f 1689/7542 1789/7541 1722/7543
f 1722/7543 1789/7541 1740/7544
f 1689/7542 1722/7543 1676/7545
f 1676/7545 1722/7543 1740/7544
f 1689/7542 1676/7545 1663/7546
f 1689/7542 1663/7546 1656/7538
f 1663/7546 1676/7545 1666/7547
f 1666/7547 1676/7545 1740/7544
f 1663/7546 1666/7547 1660/7548
f 1660/7548 1666/7547 1740/7544
f 1663/7546 1660/7548 1644/7549
f 1663/7546 1644/7549 1656/7538
f 1660/7548 1740/7544 1615/7550
f 1644/7549 1660/7548 1641/7551
f 1641/7551 1660/7548 1615/7550
f 1615/7550 1740/7544 1631/7552
f 1631/7552 1740/7544 1785/7553
f 1641/7551 1615/7550 1569/7554
f 1656/7538 1644/7549 1619/7555
f 1644/7549 1641/7551 1636/7556
f 1644/7549 1636/7556 1619/7555
f 1636/7556 1641/7551 1581/7557
f 1581/7557 1641/7551 1569/7554
f 1636/7556 1581/7557 1585/7558
f 1636/7556 1585/7558 1619/7555
f 1585/7558 1581/7557 1573/7559
f 1585/7558 1573/7559 1619/7555
f 1573/7559 1581/7557 1569/7554
f 1452/7560 1656/7538 1619/7555
f 1656/7538 1452/7560 1592/7537
f 1619/7555 1573/7559 1567/7561
f 1619/7555 1567/7561 1452/7560
f 1573/7559 1569/7554 1528/7562
f 1573/7559 1528/7562 1567/7561
f 1387/7563 1569/7554 1615/7550
f 1387/7563 1615/7550 1631/7552
f 1528/7562 1569/7554 1509/7564
f 1509/7564 1569/7554 1387/7563
f 1567/7561 1528/7562 1449/7565
f 1567/7561 1449/7565 1452/7560
f 1528/7562 1509/7564 1502/7566
f 1449/7565 1528/7562 1472/7567
f 1472/7567 1528/7562 1502/7566
f 1502/7566 1509/7564 1392/7568
f 1392/7568 1509/7564 1387/7563
f 1472/7567 1502/7566 1368/7569
f 1368/7569 1502/7566 1392/7568
f 1472/7567 1368/7569 1342/7570
f 1342/7570 1368/7569 1392/7568
f 1472/7567 1342/7570 1449/7565
f 1342/7570 1392/7568 1225/7571
f 1225/7571 1392/7568 1387/7563
f 1449/7565 1342/7570 1123/7572
f 1449/7565 1123/7572 1452/7560
f 1342/7570 1225/7571 1215/7573
f 1342/7570 1215/7573 1123/7572
f 1215/7573 1225/7571 1163/7574
f 1163/7574 1225/7571 1387/7563
f 1215/7573 1163/7574 1175/7575
f 1215/7573 1175/7575 1112/7576
f 1112/7576 1175/7575 1163/7574
f 1215/7573 1112/7576 1123/7572
f 1112/7576 1163/7574 1073/7577
f 1112/7576 1073/7577 1074/7578
f 1112/7576 1074/7578 1123/7572
f 1073/7577 1163/7574 1080/7579
f 1074/7578 1073/7577 1060/7580
f 1060/7580 1073/7577 1080/7579
f 1074/7578 1060/7580 985/7581
f 1074/7578 985/7581 1123/7572
f 1060/7580 1080/7579 957/7582
f 1060/7580 957/7582 985/7581
f 1080/7579 1163/7574 1116/7583
f 1116/7583 1163/7574 1387/7563
f 957/7582 1080/7579 752/7584
f 752/7584 1080/7579 1116/7583
f 985/7581 957/7582 946/7585
f 946/7585 957/7582 863/7586
f 985/7581 946/7585 880/7587
f 880/7587 946/7585 863/7586
f 863/7586 957/7582 789/7588
f 789/7588 957/7582 752/7584
f 880/7587 863/7586 761/7589
f 761/7589 863/7586 789/7588
f 985/7581 880/7587 868/7590
f 985/7581 868/7590 1123/7572
f 880/7587 761/7589 808/7591
f 880/7587 808/7591 868/7590
f 761/7589 789/7588 751/7592
f 808/7591 761/7589 725/7593
f 808/7591 725/7593 868/7590
f 725/7593 761/7589 751/7592
f 1123/7572 868/7590 700/7594
f 700/7594 868/7590 725/7593
f 751/7592 789/7588 708/7595
f 751/7592 708/7595 725/7593
f 708/7595 789/7588 658/7596
f 658/7596 789/7588 752/7584
f 725/7593 708/7595 662/7597
f 662/7597 708/7595 658/7596
f 725/7593 662/7597 644/7598
f 725/7593 644/7598 700/7594
f 662/7597 658/7596 560/7599
f 662/7597 560/7599 555/7600
f 662/7597 555/7600 644/7598
f 644/7598 555/7600 558/7601
f 644/7598 558/7601 547/7602
f 644/7598 547/7602 700/7594
f 560/7599 658/7596 590/7603
f 590/7603 658/7596 637/7604
f 637/7604 658/7596 752/7584
f 637/7604 752/7584 590/7603
f 590/7603 752/7584 652/7605
f 590/7603 652/7605 563/7606
f 563/7606 652/7605 582/7607
f 582/7607 652/7605 625/7608
f 625/7608 652/7605 742/7609
f 625/7608 742/7609 582/7607
f 652/7605 752/7584 1115/7610
f 652/7605 1115/7610 742/7609
f 582/7607 742/7609 640/7611
f 640/7611 742/7609 1115/7610
f 582/7607 640/7611 595/7612
f 595/7612 640/7611 785/7613
f 785/7613 640/7611 1115/7610
f 785/7613 1115/7610 1459/7614
f 1296/7615 1115/7610 752/7584
f 1459/7614 1115/7610 1646/7616
f 1459/7614 1646/7616 1677/7617
f 1677/7617 1646/7616 1726/7618
f 1726/7618 1646/7616 1749/7619
f 1646/7616 1115/7610 1661/7620
f 1646/7616 1661/7620 1749/7619
f 1661/7620 1115/7610 1296/7615
f 1749/7619 1661/7620 1785/7553
f 1785/7553 1661/7620 1631/7552
f 1631/7552 1661/7620 1632/7621
f 1632/7621 1661/7620 1547/7622
f 1632/7621 1547/7622 1631/7552
f 1547/7622 1661/7620 1296/7615
f 1631/7552 1547/7622 1385/7623
f 1385/7623 1547/7622 1296/7615
f 1631/7552 1385/7623 1387/7563
f 752/7584 1116/7583 1296/7615
f 1387/7563 1385/7623 1373/7624
f 1264/7625 1116/7583 1387/7563
f 1264/7625 1387/7563 1373/7624
f 1116/7583 1264/7625 1199/7626
f 1264/7625 1373/7624 1354/7627
f 1264/7625 1354/7627 1199/7626
f 1354/7627 1373/7624 1385/7623
f 1116/7583 1199/7626 1190/7628
f 1190/7628 1199/7626 1354/7627
f 1116/7583 1190/7628 1296/7615
f 1190/7628 1354/7627 1385/7623
f 1190/7628 1385/7623 1296/7615
f 4230/7629 4444/7630 4500/7631
f 4500/7631 4444/7630 4521/7632
f 4444/7630 4230/7629 4244/7633
f 4521/7632 4444/7630 4381/7634
f 4381/7634 4444/7630 4244/7633
f 4521/7632 4381/7634 4506/7635
f 4506/7635 4381/7634 4427/7636
f 4427/7636 4381/7634 4303/7637
f 4303/7637 4381/7634 4244/7633
f 4506/7635 4427/7636 4408/7638
f 4408/7638 4427/7636 4303/7637
f 4506/7635 4408/7638 4494/7639
f 4494/7639 4408/7638 4248/7640
f 4494/7639 4248/7640 4441/7641
f 4248/7640 4408/7638 4142/7642
f 4142/7642 4408/7638 4303/7637
f 4248/7640 4142/7642 3856/7643
f 4142/7642 4303/7637 4260/7644
f 4260/7644 4303/7637 4233/7645
f 4233/7645 4303/7637 4244/7633
f 4142/7642 4260/7644 4164/7646
f 4164/7646 4260/7644 4233/7645
f 4233/7645 4244/7633 4120/7647
f 4233/7645 4120/7647 4164/7646
f 4142/7642 4164/7646 4069/7648
f 4069/7648 4164/7646 4120/7647
f 4142/7642 4069/7648 3856/7643
f 4120/7647 4244/7633 3748/7649
f 3748/7649 4244/7633 4230/7629
f 3748/7649 4230/7629 3670/7650
f 3748/7649 3670/7650 3473/7651
f 4120/7647 3748/7649 4014/7652
f 4120/7647 4014/7652 4069/7648
f 3748/7649 3473/7651 3613/7653
f 4069/7648 4014/7652 4027/7654
f 3613/7653 3473/7651 3518/7655
f 4027/7654 4014/7652 3926/7656
f 4069/7648 4027/7654 3917/7657
f 3917/7657 4027/7654 3926/7656
f 3926/7656 4014/7652 3875/7658
f 3926/7656 3875/7658 3917/7657
f 3875/7658 4014/7652 3748/7649
f 4069/7648 3917/7657 3894/7659
f 3894/7659 3917/7657 3875/7658
f 4069/7648 3894/7659 3856/7643
f 3875/7658 3748/7649 3743/7660
f 3875/7658 3743/7660 3894/7659
f 3743/7660 3748/7649 3613/7653
f 3856/7643 3894/7659 3750/7661
f 3750/7661 3894/7659 3743/7660
f 3743/7660 3613/7653 3633/7662
f 3743/7660 3633/7662 3750/7661
f 3633/7662 3613/7653 3609/7663
f 3633/7662 3609/7663 3750/7661
f 3750/7661 3609/7663 3856/7643
f 3609/7663 3613/7653 3518/7655
f 3856/7643 3609/7663 3517/7664
f 3517/7664 3609/7663 3527/7665
f 3527/7665 3609/7663 3518/7655
f 3517/7664 3527/7665 3528/7666
f 3528/7666 3527/7665 3518/7655
f 3528/7666 3518/7655 3522/7667
f 4253/7668 4337/7669 4285/7670
f 4285/7670 4337/7669 4309/7671
f 4253/7668 4285/7670 4216/7672
f 4309/7671 4337/7669 4441/7673
f 4516/7674 4494/7675 4441/7673
f 4516/7674 4441/7673 4473/7676
f 4473/7676 4441/7673 4380/7677
f 4380/7677 4441/7673 4337/7669
f 4380/7677 4337/7669 4340/7678
f 4340/7678 4337/7669 4253/7668
f 4340/7678 4253/7668 3871/7679
f 3871/7679 4253/7668 4108/7680
f 4108/7680 4253/7668 4216/7672
f 3871/7679 4108/7680 3935/7681
f 4108/7680 4216/7672 4139/7682
f 3935/7681 4108/7680 4046/7683
f 4046/7683 4108/7680 4139/7682
f 4046/7683 4139/7682 4160/7684
f 4124/7685 4172/7686 3789/7687
f 4124/7685 3789/7687 3838/7688
f 3838/7688 3789/7687 3779/7689
f 3779/7689 3789/7687 3702/7690
f 3702/7690 3789/7687 4172/7686
f 3838/7688 3779/7689 3890/7691
f 4124/7685 3838/7688 4276/7692
f 4276/7692 3838/7688 3890/7691
f 4124/7685 4276/7692 4453/7693
f 4124/7685 4453/7693 4172/7686
f 3779/7689 3702/7690 3749/7694
f 3779/7689 3749/7694 3890/7691
f 3749/7694 3702/7690 3506/7695
f 3749/7694 3506/7695 7/7696
f 3749/7694 7/7696 3890/7691
f 3890/7691 7/7696 3485/7697
f 3506/7695 3702/7690 3579/7698
f 3579/7698 3702/7690 4172/7686
f 3506/7695 3579/7698 3565/7699
f 3565/7699 3579/7698 3521/7700
f 3565/7699 3521/7700 3496/7701
f 3521/7700 3579/7698 3871/7702
f 3871/7702 3579/7698 4172/7686
f 3871/7702 4172/7686 4340/7703
f 4340/7703 4172/7686 4436/7704
f 4436/7704 4172/7686 4453/7693
f 4436/7704 4453/7693 4508/7705
f 4436/7704 4508/7705 4566/7706
f 4508/7705 4453/7693 4276/7692
f 4566/7706 4508/7705 4666/7707
f 4508/7705 4276/7692 4223/7708
f 4223/7708 4276/7692 3890/7691
f 4666/7707 4508/7705 4668/7709
f 4666/7707 4668/7709 4802/7710
f 4802/7710 4668/7709 4891/7711
f 4668/7709 4508/7705 4532/7712
f 4532/7712 4508/7705 4223/7708
f 4891/7711 4668/7709 4691/7713
f 4691/7713 4668/7709 4532/7712
f 4891/7711 4691/7713 4993/7714
f 4993/7714 4691/7713 4815/7715
f 4691/7713 4532/7712 4290/7716
f 4691/7713 4290/7716 4815/7715
f 4290/7716 4532/7712 4223/7708
f 4815/7715 4290/7716 4080/7717
f 4080/7717 4290/7716 4223/7708
f 4764/7718 5417/7719 4815/7715
f 4764/7718 4815/7715 4080/7717
f 4764/7718 4080/7717 3679/7720
f 3679/7720 4080/7717 3653/7721
f 4080/7717 4223/7708 3909/7722
f 4080/7717 3909/7722 3653/7721
f 3909/7722 4223/7708 3890/7691
f 3653/7721 3909/7722 3485/7697
f 3485/7697 3909/7722 3890/7691
f 3845/7723 3935/7724 3930/7725
f 3930/7725 3935/7724 3977/7726
f 3930/7725 3977/7726 3845/7723
f 3977/7726 3935/7724 4046/7727
f 3845/7723 3977/7726 3803/7728
f 3935/7724 3845/7723 3871/7729
f 3845/7723 3803/7728 3666/7730
f 3845/7723 3666/7730 3871/7729
f 3666/7730 3803/7728 3726/7731
f 3666/7730 3726/7731 3672/7732
f 3666/7730 3672/7732 3634/7733
f 3666/7730 3634/7733 3590/7734
f 3871/7729 3666/7730 3501/7735
f 3871/7729 3501/7735 3521/7736
f 3501/7735 3666/7730 3516/7737
f 3516/7737 3666/7730 3590/7734
f 3516/7737 3590/7734 3545/7738
f 3516/7737 3545/7738 3478/7739
f 3478/7739 3545/7738 3550/7740
f 182/7741 211/7742 179/7743
f 182/7741 179/7743 142/7744
f 182/7741 142/7744 105/7745
f 182/7741 105/7745 254/7746
f 182/7741 254/7746 211/7742
f 142/7744 179/7743 53/7747
f 179/7743 211/7742 156/7499
f 179/7743 156/7499 53/7747
f 156/7499 211/7742 315/7489
f 315/7489 211/7742 254/7746
f 53/7747 156/7499 3506/7505
f 53/7747 3506/7505 3565/7748
f 53/7747 3565/7748 3496/7749
f 315/7489 254/7746 668/7473
f 668/7473 254/7746 676/7750
f 676/7750 254/7746 264/7751
f 668/7473 676/7750 824/7470
f 824/7470 676/7750 831/7752
f 831/7752 676/7750 821/7753
f 577/7754 479/7755 611/7350
f 479/7755 577/7754 466/7756
f 577/7754 611/7350 596/7757
f 577/7754 596/7757 466/7756
f 596/7757 611/7350 646/7349
f 466/7756 596/7757 455/7758
f 455/7758 596/7757 646/7349
f 466/7756 455/7758 479/7755
f 455/7758 646/7349 407/7353
f 416/7759 611/7350 479/7755
f 416/7759 479/7755 455/7758
f 611/7350 416/7759 342/7335
f 455/7758 407/7353 344/7760
f 455/7758 344/7760 416/7759
f 344/7760 407/7353 232/7761
f 342/7335 416/7759 283/7762
f 283/7762 416/7759 344/7760
f 283/7762 344/7760 291/7763
f 291/7763 344/7760 232/7761
f 283/7762 291/7763 215/7764
f 215/7764 291/7763 232/7761
f 283/7762 215/7764 187/7765
f 187/7765 215/7764 232/7761
f 283/7762 187/7765 342/7335
f 60/7394 232/7761 407/7353
f 342/7335 187/7765 124/7766
f 342/7335 124/7766 260/7336
f 260/7336 124/7766 37/7767
f 187/7765 232/7761 122/7768
f 122/7768 232/7761 60/7394
f 124/7766 187/7765 129/7769
f 129/7769 187/7765 122/7768
f 37/7767 124/7766 3473/7770
f 37/7767 3473/7770 3670/7771
f 3473/7770 124/7766 129/7769
f 129/7769 122/7768 132/7772
f 132/7772 122/7768 55/7773
f 129/7769 132/7772 77/7774
f 77/7774 132/7772 55/7773
f 55/7773 122/7768 27/7775
f 55/7773 27/7775 77/7774
f 27/7775 122/7768 60/7394
f 129/7769 77/7774 29/7776
f 29/7776 77/7774 27/7775
f 129/7769 29/7776 3473/7770
f 27/7775 60/7394 3457/7777
f 27/7775 3457/7777 29/7776
f 3457/7777 60/7394 3517/7396
f 3473/7770 29/7776 3439/7778
f 3439/7778 29/7776 3457/7777
f 3457/7777 3517/7396 3528/7779
f 3473/7770 3439/7778 3458/7780
f 3458/7780 3439/7778 3457/7777
f 3473/7770 3458/7780 3518/7781
f 3457/7777 3528/7779 3451/7782
f 3457/7777 3451/7782 3458/7780
f 3451/7782 3528/7779 3522/7783
f 3518/7781 3458/7780 3522/7783
f 3522/7783 3458/7780 3451/7782
f 4139/7784 4216/7785 4160/7786
f 4160/7786 4216/7785 4309/7787
f 4309/7787 4216/7785 4285/7788
f 4160/7786 4309/7787 4248/7789
f 4248/7789 4309/7787 4441/7790
f 4160/7786 4248/7789 3856/7791
f 6037/7792 6033/7793 6026/7794
f 6033/7793 6037/7792 6237/7795
f 6037/7792 6026/7794 6027/7796
f 6033/7793 6237/7795 6214/7797
f 6214/7797 6237/7795 6361/7798
f 6214/7797 6361/7798 6261/7799
f 6214/7797 6261/7799 6033/7793
f 6261/7799 6361/7798 6406/7800
f 6119/7801 6026/7794 6033/7793
f 6119/7801 6033/7793 6261/7799
f 6026/7794 6119/7801 6178/7802
f 6026/7794 6178/7802 6027/7796
f 6119/7801 6261/7799 6334/7803
f 6334/7803 6261/7799 6406/7800
f 6119/7801 6334/7803 6178/7802
f 6334/7803 6406/7800 6313/7804
f 6334/7803 6313/7804 6178/7802
f 6313/7804 6406/7800 6391/7805
f 6027/7796 6178/7802 6116/7806
f 6116/7806 6178/7802 6313/7804
f 5953/7807 6027/7796 5962/7808
f 6027/7796 6116/7806 6021/7809
f 6027/7796 6021/7809 5962/7808
f 6116/7806 6313/7804 6040/7810
f 6116/7806 6040/7810 6021/7809
f 6040/7810 6313/7804 6248/7811
f 6248/7811 6313/7804 6391/7805
f 6021/7809 6040/7810 6052/7812
f 6052/7812 6040/7810 6248/7811
f 5962/7808 6021/7809 6112/7813
f 5962/7808 6112/7813 6047/7814
f 6047/7814 6112/7813 6262/7815
f 6331/7816 6262/7815 6391/7805
f 6112/7813 6021/7809 6273/7817
f 6112/7813 6273/7817 6262/7815
f 6273/7817 6021/7809 6052/7812
f 6262/7815 6273/7817 6391/7805
f 6273/7817 6052/7812 6248/7811
f 6273/7817 6248/7811 6391/7805
f 3977/7818 4046/7819 4160/7820
f 3977/7818 4160/7820 3856/7821
f 3977/7818 3856/7821 3768/7822
f 3977/7818 3768/7822 3803/7823
f 3803/7823 3768/7822 3726/7824
f 3726/7824 3768/7822 3672/7825
f 3672/7825 3768/7822 3634/7826
f 3768/7822 3856/7821 3643/7827
f 3643/7827 3856/7821 3517/7828
f 3634/7826 3768/7822 3550/7829
f 3550/7829 3768/7822 3643/7827
f 3550/7829 3643/7827 3418/7830
f 3634/7826 3550/7829 3590/7831
f 3590/7831 3550/7829 3545/7832
s 0
f 1290/7833 671/7834 1496/7835
s 1
f 1496/7835 671/7834 1127/7836
f 1496/7835 1127/7836 1659/7837
f 1659/7837 1127/7836 1544/7838
f 1544/7838 1127/7836 959/7839
f 959/7839 1127/7836 458/7840
f 458/7840 1127/7836 671/7834
f 959/7839 458/7840 332/7841
f 332/7841 458/7840 157/7842
f 332/7841 157/7842 3467/7843
f 3467/7843 157/7842 3592/7844
f 3592/7844 157/7842 458/7840
f 3467/7843 3592/7844 3775/7845
f 458/7840 671/7834 89/7846
f 458/7840 89/7846 3592/7844
f 89/7846 671/7834 184/7847
f 3592/7844 89/7846 3762/7848
f 89/7846 184/7847 3627/7849
f 89/7846 3627/7849 3762/7848
f 1742/7850 2281/7851 2271/7852
f 1742/7850 2271/7852 2269/7853
f 1742/7850 2269/7853 2164/7854
f 1742/7850 2164/7854 1897/7855
f 2164/7854 2269/7853 2096/7856
f 2164/7854 2096/7856 1897/7855
f 2096/7856 2269/7853 2259/7857
f 1742/7850 1897/7855 1685/7858
f 1685/7858 1897/7855 1835/7859
f 1685/7858 1835/7859 1682/7860
f 1682/7860 1835/7859 1836/7861
f 1682/7860 1836/7861 1728/7862
f 1835/7859 1897/7855 1858/7863
f 1835/7859 1858/7863 1836/7861
f 1858/7863 1897/7855 1916/7864
f 1916/7864 1897/7855 2096/7856
f 1757/7865 1743/7866 1728/7862
f 1728/7862 1836/7861 1843/7867
f 1728/7862 1843/7867 1757/7865
f 1843/7867 1836/7861 1858/7863
f 1757/7865 1843/7867 1815/7868
f 1815/7868 1843/7867 1857/7869
f 1843/7867 1858/7863 1816/7870
f 1857/7869 1843/7867 1840/7871
f 1840/7871 1843/7867 1816/7870
f 1857/7869 1840/7871 1820/7872
f 1820/7872 1840/7871 1834/7873
f 1776/7874 1787/7875 1834/7873
f 1776/7874 1834/7873 1804/7876
f 1804/7876 1834/7873 1840/7871
f 1776/7874 1804/7876 1703/7877
f 1703/7877 1804/7876 1788/7878
f 1788/7878 1804/7876 1840/7871
f 1703/7877 1788/7878 1691/7879
f 1788/7878 1840/7871 1758/7880
f 1788/7878 1758/7880 1691/7879
f 1758/7880 1840/7871 1784/7881
f 1784/7881 1840/7871 1816/7870
f 1758/7880 1784/7881 1707/7882
f 1707/7882 1784/7881 1816/7870
f 1758/7880 1707/7882 1691/7879
f 1691/7879 1707/7882 1698/7883
f 1691/7879 1698/7883 1692/7884
f 1692/7884 1698/7883 1709/7885
f 1698/7883 1707/7882 1759/7886
f 1707/7882 1816/7870 1731/7887
f 1707/7882 1731/7887 1759/7886
f 1731/7887 1816/7870 1832/7888
f 1832/7888 1816/7870 1858/7863
f 1832/7888 1858/7863 1895/7889
f 1895/7889 1858/7863 1916/7864
f 1731/7887 1832/7888 1818/7890
f 1818/7890 1832/7888 1895/7889
f 1731/7887 1818/7890 1777/7891
f 1731/7887 1777/7891 1759/7886
f 1818/7890 1895/7889 1864/7892
f 1818/7890 1864/7892 1777/7891
f 1895/7889 1916/7864 2096/7856
f 1777/7891 1864/7892 1869/7893
f 1869/7893 1864/7892 1895/7889
f 1895/7889 2096/7856 1941/7894
f 1895/7889 1941/7894 1869/7893
f 1941/7894 2096/7856 2072/7895
f 1777/7891 1869/7893 1872/7896
f 1869/7893 1941/7894 1944/7897
f 1869/7893 1944/7897 1872/7896
f 1944/7897 1941/7894 2003/7898
f 2003/7898 1941/7894 2072/7895
f 1872/7896 1944/7897 1942/7899
f 1942/7899 1944/7897 2003/7898
f 1777/7891 1872/7896 1866/7900
f 1777/7891 1866/7900 1759/7886
f 1872/7896 1942/7899 1923/7901
f 1923/7901 1942/7899 2003/7898
f 1872/7896 1923/7901 1866/7900
f 1923/7901 2003/7898 2036/7902
f 2036/7902 2003/7898 2072/7895
f 1923/7901 2036/7902 2043/7903
f 1923/7901 2043/7903 1866/7900
f 2036/7902 2072/7895 2074/7904
f 2036/7902 2074/7904 2043/7903
f 2074/7904 2072/7895 2145/7905
f 2145/7905 2072/7895 2177/7906
f 2177/7906 2072/7895 2096/7856
f 2177/7906 2096/7856 2259/7857
f 2177/7906 2259/7857 2431/7907
f 2074/7904 2145/7905 2114/7908
f 2074/7904 2114/7908 2043/7903
f 2145/7905 2177/7906 2180/7909
f 2145/7905 2180/7909 2114/7908
f 2177/7906 2431/7907 2215/7910
f 2177/7906 2215/7910 2180/7909
f 2043/7903 2114/7908 2140/7911
f 2140/7911 2114/7908 2180/7909
f 2180/7909 2215/7910 2220/7912
f 2140/7911 2180/7909 2229/7913
f 2229/7913 2180/7909 2220/7912
f 2043/7903 2140/7911 2183/7914
f 2183/7914 2140/7911 2229/7913
f 2043/7903 2183/7914 2031/7915
f 2043/7903 2031/7915 1866/7900
f 2220/7912 2215/7910 2346/7916
f 2220/7912 2346/7916 2229/7913
f 2346/7916 2215/7910 2478/7917
f 2478/7917 2215/7910 2431/7907
f 2229/7913 2346/7916 2409/7918
f 2409/7918 2346/7916 2478/7917
f 2229/7913 2409/7918 2430/7919
f 2430/7919 2409/7918 2478/7917
f 2229/7913 2430/7919 2524/7920
f 2229/7913 2524/7920 2183/7914
f 2478/7917 2431/7907 2669/7921
f 2669/7921 2431/7907 2702/7922
f 2430/7919 2478/7917 2586/7923
f 2586/7923 2478/7917 2669/7921
f 2430/7919 2586/7923 2599/7924
f 2430/7919 2599/7924 2524/7920
f 2586/7923 2669/7921 2773/7925
f 2773/7925 2669/7921 2890/7926
f 2773/7925 2890/7926 2892/7927
f 2586/7923 2773/7925 2756/7928
f 2756/7928 2773/7925 2892/7927
f 2586/7923 2756/7928 2599/7924
f 2756/7928 2892/7927 2828/7929
f 2756/7928 2828/7929 2599/7924
f 2599/7924 2828/7929 2524/7920
f 2524/7920 2828/7929 2946/7930
f 2194/7931 2183/7914 2524/7920
f 2183/7914 2194/7931 2031/7915
f 2524/7920 2946/7930 2932/7932
f 2932/7932 2946/7930 2901/7933
f 2901/7933 2946/7930 2931/7934
f 2932/7932 2901/7933 2917/7935
f 2901/7933 2931/7934 2735/7936
f 2932/7932 2917/7935 2779/7937
f 2932/7932 2779/7937 2524/7920
f 2735/7936 2931/7934 2912/7938
f 2779/7937 2917/7935 2692/7939
f 2692/7939 2917/7935 2901/7933
f 2901/7933 2735/7936 2768/7940
f 2901/7933 2768/7940 2692/7939
f 2768/7940 2735/7936 2498/7941
f 2768/7940 2498/7941 2692/7939
f 2735/7936 2912/7938 2464/7942
f 2735/7936 2464/7942 2498/7941
f 2779/7937 2692/7939 2435/7943
f 2435/7943 2692/7939 2498/7941
f 2779/7937 2435/7943 2524/7920
f 2435/7943 2498/7941 2464/7942
f 2435/7943 2464/7942 2524/7920
f 2464/7942 2912/7938 2201/7944
f 2201/7944 2912/7938 2587/7945
f 2201/7944 2587/7945 2214/7946
f 2524/7920 2464/7942 2226/7947
f 2226/7947 2464/7942 2201/7944
f 2524/7920 2226/7947 2194/7931
f 2201/7944 2214/7946 2054/7948
f 2201/7944 2054/7948 1917/7949
f 1917/7949 2054/7948 2012/7950
f 1917/7949 2012/7950 1924/7951
f 2194/7931 2226/7947 2206/7952
f 2194/7931 2206/7952 2186/7953
f 2226/7947 2201/7944 2130/7954
f 2226/7947 2130/7954 2206/7952
f 2201/7944 1917/7949 1930/7955
f 2201/7944 1930/7955 2130/7954
f 2194/7931 2186/7953 2044/7956
f 2194/7931 2044/7956 2031/7915
f 2186/7953 2206/7952 2073/7957
f 2186/7953 2073/7957 2044/7956
f 2073/7957 2206/7952 2130/7954
f 2031/7915 2044/7956 1940/7958
f 1940/7958 2044/7956 2073/7957
f 2073/7957 2130/7954 2020/7959
f 2073/7957 2020/7959 1940/7958
f 2020/7959 2130/7954 1930/7955
f 2031/7915 1940/7958 1920/7960
f 1920/7960 1940/7958 2020/7959
f 1920/7960 2020/7959 1930/7955
f 2031/7915 1920/7960 1866/7900
f 1866/7900 1920/7960 1855/7961
f 1855/7961 1920/7960 1930/7955
f 1866/7900 1855/7961 1759/7886
f 1855/7961 1930/7955 1853/7962
f 1855/7961 1853/7962 1759/7886
f 1853/7962 1930/7955 1918/7963
f 1759/7886 1853/7962 1737/7964
f 1737/7964 1853/7962 1918/7963
f 1759/7886 1737/7964 1727/7965
f 1759/7886 1727/7965 1698/7883
f 1737/7964 1918/7963 1844/7966
f 1698/7883 1727/7965 1709/7885
f 1727/7965 1737/7964 1803/7967
f 1803/7967 1737/7964 1844/7966
f 1727/7965 1803/7967 1709/7885
f 1844/7966 1918/7963 1877/7968
f 1877/7968 1918/7963 1930/7955
f 1844/7966 1877/7968 1803/7967
f 1877/7968 1930/7955 1917/7949
f 1803/7967 1877/7968 1768/7969
f 1768/7969 1877/7968 1917/7949
f 1803/7967 1768/7969 1709/7885
f 1768/7969 1917/7949 1924/7951
f 1829/7970 1822/7971 1924/7951
f 1924/7951 1822/7971 1768/7969
f 1768/7969 1822/7971 1798/7972
f 1798/7972 1822/7971 1802/7973
f 1798/7972 1802/7973 1833/7974
f 1798/7972 1833/7974 1813/7975
f 1813/7975 1833/7974 1753/7976
f 1798/7972 1813/7975 1767/7977
f 1798/7972 1767/7977 1768/7969
f 1767/7977 1813/7975 1753/7976
f 1768/7969 1767/7977 1681/7978
f 1681/7978 1767/7977 1753/7976
f 1768/7969 1681/7978 1709/7885
f 1681/7978 1753/7976 1683/7979
f 1681/7978 1683/7979 1709/7885
f 5955/7980 6046/7981 5962/7982
s 0
f 1650/7983 1120/7984 1534/7985
f 1534/7985 1120/7984 936/7986
f 936/7986 1120/7984 309/7987
s 1
f 1534/7985 936/7986 1532/7988
f 1534/7985 1532/7988 2056/7989
f 2056/7989 1532/7988 1678/7990
f 1678/7990 1532/7988 1651/7991
f 1678/7990 1651/7991 1686/7992
f 1686/7992 1651/7991 1700/7993
f 1532/7988 936/7986 1121/7994
f 1532/7988 1121/7994 1291/7995
f 1532/7988 1291/7995 1651/7991
f 1121/7994 936/7986 717/7996
f 717/7996 936/7986 309/7987
f 1121/7994 717/7996 823/7997
f 1121/7994 823/7997 1291/7995
f 1652/7998 1700/7993 1651/7991
f 1700/7993 1652/7998 1726/7999
f 1726/7999 1652/7998 1677/8000
f 1677/8000 1652/7998 1459/8001
f 1459/8001 1652/7998 1288/8002
f 1459/8001 1288/8002 785/8003
f 1652/7998 1651/7991 1390/8004
f 1652/7998 1390/8004 1288/8002
f 1390/8004 1651/7991 1531/8005
f 1531/8005 1651/7991 1291/7995
f 1288/8002 1390/8004 1302/8006
f 1302/8006 1390/8004 1531/8005
f 1531/8005 1291/7995 1356/8007
f 1531/8005 1356/8007 1302/8006
f 1356/8007 1291/7995 1131/8008
f 1356/8007 1131/8008 1302/8006
f 1302/8006 1131/8008 1288/8002
f 1288/8002 1131/8008 785/8003
f 1131/8008 1291/7995 823/7997
f 1131/8008 823/7997 785/8003
f 785/8003 823/7997 595/8009
f 595/8009 823/7997 602/8010
f 602/8010 823/7997 717/7996
f 602/8010 717/7996 599/8011
f 599/8011 717/7996 309/7987
f 595/8009 602/8010 591/8012
f 595/8009 591/8012 582/8013
f 602/8010 599/8011 600/8014
f 600/8014 599/8011 309/7987
f 602/8010 600/8014 591/8012
f 582/8013 591/8012 556/8015
f 556/8015 591/8012 554/8016
f 556/8015 554/8016 557/8017
f 556/8015 557/8017 552/8018
f 554/8016 591/8012 594/8019
f 552/8018 557/8017 470/8020
f 594/8019 591/8012 606/8021
f 606/8021 591/8012 600/8014
f 557/8017 554/8016 474/8022
f 557/8017 474/8022 470/8020
f 606/8021 600/8014 605/8023
f 605/8023 600/8014 405/8024
f 605/8023 405/8024 606/8021
f 594/8019 606/8021 473/8025
f 473/8025 606/8021 405/8024
f 456/8026 554/8016 594/8019
f 456/8026 594/8019 473/8025
f 437/8027 474/8022 554/8016
f 437/8027 554/8016 456/8026
f 444/8028 405/8024 600/8014
f 444/8028 600/8014 309/7987
f 326/8029 473/8025 405/8024
f 456/8026 473/8025 321/8030
f 321/8030 473/8025 326/8029
f 326/8029 405/8024 327/8031
f 327/8031 405/8024 444/8028
f 321/8030 326/8029 319/8032
f 319/8032 326/8029 327/8031
f 456/8026 321/8030 384/8033
f 456/8026 384/8033 437/8027
f 384/8033 321/8030 299/8034
f 299/8034 321/8030 319/8032
f 437/8027 384/8033 396/8035
f 437/8027 396/8035 474/8022
f 384/8033 299/8034 373/8036
f 384/8033 373/8036 396/8035
f 474/8022 396/8035 380/8037
f 474/8022 380/8037 470/8020
f 396/8035 373/8036 381/8038
f 396/8035 381/8038 380/8037
f 373/8036 299/8034 276/8039
f 373/8036 276/8039 381/8038
f 284/8040 299/8034 319/8032
f 299/8034 284/8040 276/8039
f 470/8020 380/8037 388/8041
f 388/8041 380/8037 381/8038
f 284/8040 319/8032 275/8042
f 284/8040 275/8042 267/8043
f 284/8040 267/8043 276/8039
f 275/8042 319/8032 290/8044
f 290/8044 319/8032 327/8031
f 290/8044 327/8031 444/8028
f 275/8042 290/8044 263/8045
f 275/8042 263/8045 267/8043
f 290/8044 444/8028 262/8046
f 290/8044 262/8046 263/8045
f 262/8046 444/8028 309/7987
f 262/8046 309/7987 44/8047
f 44/8047 309/7987 3681/8048
f 263/8045 262/8046 61/8049
f 61/8049 262/8046 44/8047
f 246/8050 267/8043 263/8045
f 61/8049 44/8047 3687/8051
f 263/8045 61/8049 43/8052
f 263/8045 43/8052 246/8050
f 43/8052 61/8049 3687/8051
f 267/8043 246/8050 235/8053
f 267/8043 235/8053 276/8039
f 235/8053 246/8050 133/8054
f 133/8054 246/8050 43/8052
f 276/8039 235/8053 138/8055
f 138/8055 235/8053 133/8054
f 133/8054 43/8052 3379/8056
f 133/8054 3379/8056 138/8055
f 138/8055 3379/8056 67/8057
f 276/8039 138/8055 181/8058
f 276/8039 181/8058 381/8038
f 138/8055 67/8057 3440/8059
f 138/8055 3440/8059 181/8058
f 67/8057 3379/8056 3449/8060
f 67/8057 3449/8060 3440/8059
f 3537/8061 3379/8056 43/8052
f 3379/8056 3537/8061 3449/8060
f 3537/8061 43/8052 3657/8062
f 3657/8062 43/8052 3687/8051
f 3449/8060 3537/8061 3575/8063
f 3575/8063 3537/8061 3657/8062
f 3440/8059 3449/8060 3540/8064
f 3540/8064 3449/8060 3575/8063
f 3575/8063 3657/8062 3676/8065
f 3575/8063 3676/8065 3540/8064
f 3657/8062 3687/8051 3709/8066
f 3657/8062 3709/8066 3676/8065
f 3540/8064 3676/8065 3705/8067
f 3705/8067 3676/8065 3709/8066
f 3440/8059 3540/8064 3616/8068
f 3616/8068 3540/8064 3705/8067
f 3440/8059 3616/8068 11/8069
f 3440/8059 11/8069 181/8058
f 3616/8068 3705/8067 3817/8070
f 181/8058 11/8069 204/8071
f 181/8058 204/8071 381/8038
f 11/8069 3616/8068 3695/8072
f 3695/8072 3616/8068 3817/8070
f 11/8069 3695/8072 3624/8073
f 11/8069 3624/8073 204/8071
f 3695/8072 3817/8070 3797/8074
f 3695/8072 3797/8074 3624/8073
f 3624/8073 3797/8074 3774/8075
f 3732/8076 3817/8070 3705/8067
f 3732/8076 3705/8067 3709/8066
f 3817/8070 3732/8076 3792/8077
f 3732/8076 3709/8066 3704/8078
f 3732/8076 3704/8078 3792/8077
f 3704/8078 3709/8066 3724/8079
f 3792/8077 3704/8078 3783/8080
f 3792/8077 3783/8080 3837/8081
f 3783/8080 3704/8078 3724/8079
f 3724/8079 3709/8066 3687/8051
f 3783/8080 3724/8079 3744/8082
f 3783/8080 3744/8082 3864/8083
f 3864/8083 3744/8082 3799/8084
f 3799/8084 3744/8082 3724/8079
f 3918/8085 3799/8084 3767/8086
f 3767/8086 3799/8084 3724/8079
f 3767/8086 3724/8079 3765/8087
f 3767/8086 3765/8087 4015/8088
f 3693/8089 3724/8079 3687/8051
f 3693/8089 3687/8051 44/8047
f 3693/8089 44/8047 3681/8048
f 3724/8079 3693/8089 3746/8090
f 3724/8079 3746/8090 3765/8087
f 3746/8090 3693/8089 3681/8048
f 3765/8087 3746/8090 3919/8091
f 3919/8091 3746/8090 3681/8048
f 2160/8092 1880/8093 2142/8094
f 2142/8094 1880/8093 1915/8095
f 1915/8095 1880/8093 1659/8096
f 1659/8096 1880/8093 1496/8097
f 1915/8095 1659/8096 1544/8098
f 6124/8099 6059/8100 6012/8101
f 6124/8099 6012/8101 6047/8102
f 6124/8099 6047/8102 6262/8103
f 6124/8099 6262/8103 6331/8104
f 6124/8099 6331/8104 6059/8100
f 6047/8102 6012/8101 6041/8105
f 6047/8102 6041/8105 5962/8106
f 6012/8101 6059/8100 6044/8107
f 6012/8101 6044/8107 6041/8105
f 6059/8100 6331/8104 6233/8108
f 6059/8100 6233/8108 6044/8107
f 6233/8108 6331/8104 6418/8109
f 6418/8109 6331/8104 6391/8110
f 6044/8107 6233/8108 6310/8111
f 6310/8111 6233/8108 6418/8109
f 6044/8107 6310/8111 6205/8112
f 6044/8107 6205/8112 6041/8105
f 6310/8111 6418/8109 6409/8113
f 6310/8111 6409/8113 6205/8112
f 6409/8113 6418/8109 6374/8114
f 6205/8112 6409/8113 6274/8115
f 6274/8115 6409/8113 6374/8114
f 6205/8112 6274/8115 6041/8105
f 6274/8115 6374/8114 6170/8116
f 6041/8105 6274/8115 6145/8117
f 6145/8117 6274/8115 6170/8116
f 6170/8116 6374/8114 6657/8118
f 6170/8116 6657/8118 6145/8117
f 6657/8118 6374/8114 6425/8119
f 6041/8105 6145/8117 6003/8120
f 6041/8105 6003/8120 5962/8106
f 5962/8106 6003/8120 5955/8121
f 5955/8121 6003/8120 5974/8122
f 6003/8120 6145/8117 6370/8123
f 6370/8123 6145/8117 6657/8118
f 6003/8120 6370/8123 6270/8124
f 6270/8124 6370/8123 6706/8125
f 6706/8125 6370/8123 6739/8126
f 6739/8126 6370/8123 6657/8118
f 6536/8127 6657/8118 6425/8119
f 6739/8126 6657/8118 6837/8128
f 6739/8126 6837/8128 6850/8129
f 6657/8118 6536/8127 6769/8130
f 6837/8128 6657/8118 6795/8131
f 6795/8131 6657/8118 6769/8130
f 6850/8129 6837/8128 6994/8132
f 6850/8129 6994/8132 6986/8133
f 6986/8133 6994/8132 7066/8134
f 7066/8134 6994/8132 7040/8135
f 6994/8132 6837/8128 6985/8136
f 6994/8132 6985/8136 7040/8135
f 6837/8128 6795/8131 6918/8137
f 6918/8137 6795/8131 6769/8130
f 6985/8136 6837/8128 6926/8138
f 6926/8138 6837/8128 6918/8137
f 7040/8135 6985/8136 7008/8139
f 7040/8135 7008/8139 6970/8140
f 6985/8136 6926/8138 6999/8141
f 6985/8136 6999/8141 7008/8139
f 6970/8140 7008/8139 6942/8142
f 6999/8141 6926/8138 6913/8143
f 6913/8143 6926/8138 6904/8144
f 6904/8144 6926/8138 6918/8137
f 6999/8141 6913/8143 6945/8145
f 6945/8145 6913/8143 6904/8144
f 6999/8141 6945/8145 7008/8139
f 6945/8145 6904/8144 6901/8146
f 6901/8146 6904/8144 6918/8137
f 6945/8145 6901/8146 6969/8147
f 6945/8145 6969/8147 7008/8139
f 6969/8147 6901/8146 6918/8137
f 6969/8147 6918/8137 6949/8148
f 7008/8139 6969/8147 7004/8149
f 7004/8149 6969/8147 6949/8148
f 6984/8150 6942/8142 7008/8139
f 6984/8150 7008/8139 7004/8149
f 6942/8142 6984/8150 6863/8151
f 6942/8142 6863/8151 6846/8152
f 6846/8152 6863/8151 6811/8153
f 6811/8153 6863/8151 6753/8154
f 6753/8154 6863/8151 6820/8155
f 6753/8154 6820/8155 6876/8156
f 6876/8156 6820/8155 6860/8157
f 6876/8156 6860/8157 6978/8158
f 6978/8158 6860/8157 6940/8159
f 6978/8158 6940/8159 7052/8160
f 6940/8159 6860/8157 6898/8161
f 6940/8159 6898/8161 7052/8160
f 6898/8161 6860/8157 6820/8155
f 7052/8160 6898/8161 6988/8162
f 6898/8161 6820/8155 6862/8163
f 6862/8163 6820/8155 6863/8151
f 6898/8161 6862/8163 6988/8162
f 6862/8163 6863/8151 6933/8164
f 6862/8163 6933/8164 6988/8162
f 7052/8160 6988/8162 7098/8165
f 6933/8164 6863/8151 6984/8150
f 7098/8165 6988/8162 7001/8166
f 7001/8166 6988/8162 6933/8164
f 7098/8165 7001/8166 7133/8167
f 7001/8166 6933/8164 7017/8168
f 7098/8165 7133/8167 7137/8169
f 7017/8168 6933/8164 7023/8170
f 7023/8170 6933/8164 6984/8150
f 7001/8166 7017/8168 7102/8171
f 7102/8171 7017/8168 7023/8170
f 7001/8166 7102/8171 7133/8167
f 7102/8171 7023/8170 6984/8150
f 7137/8169 7133/8167 7157/8172
f 7133/8167 7102/8171 7159/8173
f 7133/8167 7159/8173 7157/8172
f 7159/8173 7102/8171 7107/8174
f 7107/8174 7102/8171 6984/8150
f 7107/8174 6984/8150 7032/8175
f 7032/8175 6984/8150 7004/8149
f 7107/8174 7032/8175 7119/8176
f 7107/8174 7119/8176 7159/8173
f 7119/8176 7032/8175 7004/8149
f 7161/8177 7157/8172 7159/8173
f 7161/8177 7159/8173 7119/8176
f 7119/8176 7004/8149 7054/8178
f 7119/8176 7054/8178 7161/8177
f 7054/8178 7004/8149 7013/8179
f 7161/8177 7054/8178 7139/8180
f 7013/8179 7004/8149 6949/8148
f 7139/8180 7054/8178 7114/8181
f 7114/8181 7054/8178 7013/8179
f 7161/8177 7139/8180 7170/8182
f 7170/8182 7139/8180 7114/8181
f 7161/8177 7170/8182 7171/8183
f 7161/8177 7171/8183 7157/8172
f 7170/8182 7114/8181 7151/8184
f 7170/8182 7151/8184 7171/8183
f 7114/8181 7013/8179 7091/8185
f 7114/8181 7091/8185 7151/8184
f 7091/8185 7013/8179 7028/8186
f 7091/8185 7028/8186 7151/8184
f 7028/8186 7013/8179 6949/8148
f 7162/8187 7157/8172 7171/8183
f 7157/8172 7162/8187 7137/8169
f 7137/8169 7162/8187 7094/8188
f 7151/8184 7028/8186 7126/8189
f 7154/8190 7171/8183 7151/8184
f 7154/8190 7151/8184 7126/8189
f 7171/8183 7154/8190 7168/8191
f 7171/8183 7168/8191 7162/8187
f 7154/8190 7126/8189 7131/8192
f 7094/8188 7162/8187 7101/8193
f 7126/8189 7028/8186 7048/8194
f 7126/8189 7048/8194 7131/8192
f 7094/8188 7101/8193 7018/8195
f 7048/8194 7028/8186 6954/8196
f 6954/8196 7028/8186 6949/8148
f 6954/8196 6949/8148 6923/8197
f 6923/8197 6949/8148 6918/8137
f 7048/8194 6954/8196 6959/8198
f 6959/8198 6954/8196 6923/8197
f 7048/8194 6959/8198 7025/8199
f 7048/8194 7025/8199 7131/8192
f 6959/8198 6923/8197 6971/8200
f 6959/8198 6971/8200 7025/8199
f 6923/8197 6918/8137 6864/8201
f 6864/8201 6918/8137 6769/8130
f 6971/8200 6923/8197 6955/8202
f 6955/8202 6923/8197 6864/8201
f 7025/8199 6971/8200 7055/8203
f 7025/8199 7055/8203 7131/8192
f 7055/8203 6971/8200 6955/8202
f 7131/8192 7055/8203 7021/8204
f 7055/8203 6955/8202 6983/8205
f 7055/8203 6983/8205 7021/8204
f 6955/8202 6864/8201 6910/8206
f 6955/8202 6910/8206 6983/8205
f 6910/8206 6864/8201 6806/8207
f 6806/8207 6864/8201 6769/8130
f 6983/8205 6910/8206 6867/8208
f 6867/8208 6910/8206 6806/8207
f 6806/8207 6769/8130 6758/8209
f 6983/8205 6867/8208 6909/8210
f 6983/8205 6909/8210 7021/8204
f 6867/8208 6806/8207 6817/8211
f 6867/8208 6817/8211 6909/8210
f 6817/8211 6806/8207 6758/8209
f 6758/8209 6769/8130 6536/8127
f 6817/8211 6758/8209 6775/8212
f 6758/8209 6536/8127 6717/8213
f 6758/8209 6717/8213 6775/8212
f 6717/8213 6536/8127 6656/8214
f 6717/8213 6656/8214 6677/8215
f 6775/8212 6717/8213 6774/8216
f 6774/8216 6717/8213 6677/8215
f 6775/8212 6774/8216 6817/8211
f 6817/8211 6774/8216 6909/8210
f 6774/8216 6677/8215 6604/8217
f 6909/8210 6774/8216 6835/8218
f 6835/8218 6774/8216 6604/8217
f 6909/8210 6835/8218 7021/8204
f 6835/8218 6604/8217 6738/8219
f 6738/8219 6604/8217 6731/8220
f 6731/8220 6604/8217 6333/8221
f 6333/8221 6604/8217 5917/8222
f 6738/8219 6731/8220 6674/8223
f 6674/8223 6731/8220 6333/8221
f 6333/8221 5917/8222 6271/8224
f 6333/8221 6271/8224 6674/8223
f 5868/8225 5917/8222 5846/8226
f 6738/8219 6674/8223 6730/8227
f 6730/8227 6674/8223 6271/8224
f 5917/8222 5868/8225 6283/8228
f 5917/8222 6283/8228 6271/8224
f 6271/8224 6283/8228 6730/8227
f 6283/8228 5868/8225 5893/8229
f 6283/8228 5893/8229 6711/8230
f 6283/8228 6711/8230 6730/8227
f 6711/8230 5893/8229 6466/8231
f 6711/8230 6466/8231 6784/8232
f 6792/8233 6738/8219 6730/8227
f 6792/8233 6730/8227 6711/8230
f 6738/8219 6792/8233 6835/8218
f 6711/8230 6784/8232 6951/8234
f 6711/8230 6951/8234 6792/8233
f 6835/8218 6792/8233 6825/8235
f 6951/8234 6784/8232 7067/8236
f 7067/8236 6784/8232 7018/8195
f 6792/8233 6951/8234 6890/8237
f 6835/8218 6825/8235 6865/8238
f 6825/8235 6792/8233 6791/8239
f 6791/8239 6792/8233 6890/8237
f 6825/8235 6791/8239 6865/8238
f 6835/8218 6865/8238 7021/8204
f 6791/8239 6890/8237 6908/8240
f 6791/8239 6908/8240 6865/8238
f 6981/8241 6890/8237 6951/8234
f 6890/8237 6981/8241 6908/8240
f 6865/8238 6908/8240 7061/8242
f 7061/8242 6908/8240 6981/8241
f 6865/8238 7061/8242 7021/8204
f 6981/8241 6951/8234 7081/8243
f 6981/8241 7081/8243 7061/8242
f 7061/8242 7081/8243 7021/8204
f 7081/8243 6951/8234 7067/8236
f 7021/8204 7081/8243 7143/8244
f 7143/8244 7081/8243 7067/8236
f 7021/8204 7143/8244 7131/8192
f 7131/8192 7143/8244 7154/8190
f 7154/8190 7143/8244 7168/8191
f 7143/8244 7067/8236 7072/8245
f 7168/8191 7143/8244 7160/8246
f 7160/8246 7143/8244 7072/8245
f 7168/8191 7160/8246 7172/8247
f 7168/8191 7172/8247 7162/8187
f 7162/8187 7172/8247 7134/8248
f 7172/8247 7160/8246 7122/8249
f 7122/8249 7160/8246 7072/8245
f 7172/8247 7122/8249 7134/8248
f 7162/8187 7134/8248 7101/8193
f 7101/8193 7134/8248 7122/8249
f 7101/8193 7122/8249 7072/8245
f 7101/8193 7072/8245 7067/8236
f 7101/8193 7067/8236 7018/8195
f 6418/8250 6403/8251 6319/8252
f 6319/8252 6403/8251 6312/8253
f 6102/8254 6312/8253 6219/8255
f 6312/8253 6102/8254 6319/8252
f 6319/8252 6102/8254 5939/8256
f 6418/8250 6319/8252 6430/8257
f 6418/8250 6430/8257 6374/8258
f 6319/8252 5939/8256 6213/8259
f 6319/8252 6213/8259 6430/8257
f 6374/8258 6430/8257 6425/8260
f 6213/8259 5939/8256 6014/8261
f 6014/8261 5939/8256 5930/8262
f 6014/8261 5930/8262 5937/8263
f 6425/8260 6430/8257 6380/8264
f 6425/8260 6380/8264 6536/8265
f 6430/8257 6213/8259 6220/8266
f 6220/8266 6213/8259 6014/8261
f 6380/8264 6430/8257 6290/8267
f 6290/8267 6430/8257 6220/8266
f 6290/8267 6220/8266 5958/8268
f 5958/8268 6220/8266 6014/8261
f 6380/8264 6290/8267 6243/8269
f 6380/8264 6243/8269 6536/8265
f 6290/8267 5958/8268 5908/8270
f 6290/8267 5908/8270 6243/8269
f 5908/8270 5958/8268 6014/8261
f 6536/8265 6243/8269 6259/8271
f 6259/8271 6243/8269 5908/8270
f 5908/8270 6014/8261 5918/8272
f 5914/8273 6014/8261 5937/8263
f 6014/8261 5914/8273 5918/8272
f 5914/8273 5937/8263 5417/8274
f 5914/8273 5417/8274 5782/8275
f 5914/8273 5782/8275 5918/8272
f 5782/8275 5417/8274 5435/8276
f 5908/8270 5918/8272 5815/8277
f 5815/8277 5918/8272 5782/8275
f 5782/8275 5435/8276 5561/8278
f 5561/8278 5435/8276 5517/8279
f 5517/8279 5435/8276 5240/8280
f 5782/8275 5561/8278 5640/8281
f 5782/8275 5640/8281 5815/8277
f 5640/8281 5561/8278 5568/8282
f 5640/8281 5568/8282 5616/8283
f 5815/8277 5640/8281 5666/8284
f 5666/8284 5640/8281 5616/8283
f 5616/8283 5568/8282 5563/8285
f 5563/8285 5568/8282 5492/8286
f 5563/8285 5492/8286 5481/8287
f 5481/8287 5492/8286 5408/8288
f 5563/8285 5481/8287 5507/8289
f 5507/8289 5481/8287 5408/8288
f 5563/8285 5507/8289 5616/8283
f 5507/8289 5408/8288 5523/8290
f 5616/8283 5507/8289 5569/8291
f 5569/8291 5507/8289 5523/8290
f 5616/8283 5569/8291 5599/8292
f 5616/8283 5599/8292 5666/8284
f 5599/8292 5569/8291 5656/8293
f 5599/8292 5656/8293 5666/8284
f 5569/8291 5523/8290 5606/8294
f 5569/8291 5606/8294 5656/8293
f 5666/8284 5656/8293 5674/8295
f 5674/8295 5656/8293 5606/8294
f 5666/8284 5674/8295 5661/8296
f 5661/8296 5674/8295 5606/8294
f 5606/8294 5523/8290 5631/8297
f 5631/8297 5523/8290 5573/8298
f 5661/8296 5606/8294 5667/8299
f 5667/8299 5606/8294 5631/8297
f 5631/8297 5573/8298 5655/8300
f 5666/8284 5661/8296 5753/8301
f 5661/8296 5667/8299 5703/8302
f 5661/8296 5703/8302 5753/8301
f 5666/8284 5753/8301 5815/8277
f 5703/8302 5667/8299 5771/8303
f 5703/8302 5771/8303 5753/8301
f 5815/8277 5753/8301 5821/8304
f 5821/8304 5753/8301 5771/8303
f 5815/8277 5821/8304 5848/8305
f 5848/8305 5821/8304 5771/8303
f 5771/8303 5667/8299 5765/8306
f 5771/8303 5765/8306 5848/8305
f 5765/8306 5667/8299 5906/8307
f 5906/8307 5667/8299 5631/8297
f 5848/8305 5765/8306 5890/8308
f 5890/8308 5765/8306 5906/8307
f 5815/8277 5848/8305 5901/8309
f 5815/8277 5901/8309 5908/8270
f 5908/8270 5901/8309 6259/8271
f 5901/8309 5848/8305 5894/8310
f 5894/8310 5848/8305 5890/8308
f 5901/8309 5894/8310 6259/8271
f 5894/8310 5890/8308 6058/8311
f 5894/8310 6058/8311 6259/8271
f 6058/8311 5890/8308 6183/8312
f 6183/8312 5890/8308 5906/8307
f 6259/8271 6058/8311 6265/8313
f 6265/8313 6058/8311 6183/8312
f 6259/8271 6265/8313 6450/8314
f 6259/8271 6450/8314 6536/8265
f 6536/8265 6450/8314 6656/8315
f 6265/8313 6183/8312 6355/8316
f 6265/8313 6355/8316 6450/8314
f 6355/8316 6183/8312 5906/8307
f 6656/8315 6450/8314 6548/8317
f 6548/8317 6450/8314 6355/8316
f 6656/8315 6548/8317 6677/8318
f 6677/8318 6548/8317 6604/8319
f 6604/8319 6548/8317 6355/8316
f 6604/8319 6355/8316 5906/8307
f 6604/8319 5906/8307 5917/8320
f 5917/8320 5906/8307 5846/8321
f 5846/8321 5906/8307 5749/8322
f 5749/8322 5906/8307 5631/8297
f 5749/8322 5631/8297 5655/8300
f 5846/8321 5749/8322 5856/8323
f 5749/8322 5655/8300 5645/8324
f 5846/8321 5856/8323 5863/8325
f 5846/8321 5863/8325 5868/8326
f 5868/8326 5863/8325 5777/8327
f 5856/8323 5749/8322 5835/8328
f 5835/8328 5749/8322 5645/8324
f 5856/8323 5835/8328 5863/8325
f 5645/8324 5655/8300 5707/8329
f 5707/8329 5655/8300 5777/8327
f 5645/8324 5707/8329 5835/8328
f 5707/8329 5777/8327 5863/8325
f 5707/8329 5863/8325 5835/8328
f 2892/8330 2976/8331 2828/8332
f 2976/8331 2892/8330 2918/8333
f 2918/8333 2892/8330 2890/8334
f 2918/8333 2890/8334 2933/8335
f 2933/8335 2890/8334 2669/8336
f 2976/8331 2918/8333 2962/8337
f 2962/8337 2918/8333 2933/8335
f 2828/8332 2976/8331 2979/8338
f 2828/8332 2979/8338 2946/8339
f 2976/8331 2962/8337 3005/8340
f 3005/8340 2962/8337 2933/8335
f 2979/8338 2976/8331 3096/8341
f 3096/8341 2976/8331 3005/8340
f 2946/8339 2979/8338 3033/8342
f 2979/8338 3096/8341 3201/8343
f 2979/8338 3201/8343 3033/8342
f 2946/8339 3033/8342 2989/8344
f 2946/8339 2989/8344 2931/8345
f 2931/8345 2989/8344 2912/8346
f 3096/8341 3005/8340 3099/8347
f 3099/8347 3005/8340 3013/8348
f 3013/8348 3005/8340 2933/8335
f 3096/8341 3099/8347 3218/8349
f 3096/8341 3218/8349 3201/8343
f 3218/8349 3099/8347 3148/8350
f 3148/8350 3099/8347 3013/8348
f 3201/8343 3218/8349 3315/8351
f 3315/8351 3218/8349 3148/8350
f 3315/8351 3148/8350 3204/8352
f 3013/8348 2933/8335 3014/8353
f 3148/8350 3013/8348 3102/8354
f 3204/8352 3148/8350 3131/8355
f 3131/8355 3148/8350 3102/8354
f 3204/8352 3131/8355 3213/8356
f 3204/8352 3213/8356 3315/8351
f 3131/8355 3102/8354 3180/8357
f 3131/8355 3180/8357 3213/8356
f 3102/8354 3013/8348 3113/8358
f 3102/8354 3113/8358 3180/8357
f 3113/8358 3013/8348 3014/8353
f 3213/8356 3180/8357 3258/8359
f 3213/8356 3258/8359 3315/8351
f 2835/8360 3014/8353 2933/8335
f 2835/8360 2933/8335 2669/8336
f 2835/8360 2669/8336 2702/8361
f 2835/8360 2702/8361 2706/8362
f 2835/8360 2706/8362 2736/8363
f 2736/8363 2706/8362 2525/8364
f 2736/8363 2525/8364 2481/8365
f 2736/8363 2481/8365 2331/8366
f 2736/8363 2331/8366 2668/8367
f 2736/8363 2668/8367 2958/8368
f 2736/8363 2958/8368 2835/8360
f 2835/8360 2958/8368 3014/8353
f 3014/8353 2958/8368 3087/8369
f 3087/8369 2958/8368 3029/8370
f 3014/8353 3087/8369 3113/8358
f 3087/8369 3029/8370 3165/8371
f 3165/8371 3029/8370 3173/8372
f 3087/8369 3165/8371 3139/8373
f 3087/8369 3139/8373 3113/8358
f 3165/8371 3173/8372 3230/8374
f 3230/8374 3173/8372 3252/8375
f 3139/8373 3165/8371 3202/8376
f 3202/8376 3165/8371 3230/8374
f 3113/8358 3139/8373 3103/8377
f 3103/8377 3139/8373 3202/8376
f 3113/8358 3103/8377 3107/8378
f 3107/8378 3103/8377 3202/8376
f 3113/8358 3107/8378 3188/8379
f 3188/8379 3107/8378 3202/8376
f 3113/8358 3188/8379 3180/8357
f 3233/8380 3230/8374 3252/8375
f 3230/8374 3233/8380 3202/8376
f 3202/8376 3233/8380 3188/8379
f 3233/8380 3252/8375 3248/8381
f 3180/8357 3188/8379 3220/8382
f 3180/8357 3220/8382 3258/8359
f 3233/8380 3248/8381 3187/8383
f 3187/8383 3248/8381 3183/8384
f 3187/8383 3183/8384 2999/8385
f 2999/8385 3183/8384 3052/8386
f 3233/8380 3187/8383 3196/8387
f 3177/8388 3188/8379 3233/8380
f 3177/8388 3233/8380 3196/8387
f 3232/8389 3220/8382 3188/8379
f 3232/8389 3188/8379 3177/8388
f 3187/8383 2999/8385 3089/8390
f 3187/8383 3089/8390 3196/8387
f 2905/8391 2999/8385 3052/8386
f 2905/8391 3052/8386 2781/8392
f 2781/8392 3052/8386 2944/8393
f 2781/8392 2944/8393 2576/8394
f 2781/8392 2576/8394 2253/8395
f 2781/8392 2253/8395 2905/8391
f 2905/8391 2253/8395 2642/8396
f 2905/8391 2642/8396 2999/8385
f 2999/8385 2642/8396 2952/8397
f 2999/8385 2952/8397 3089/8390
f 2952/8397 2642/8396 2638/8398
f 2638/8398 2642/8396 2134/8399
f 3089/8390 2952/8397 2986/8400
f 2952/8397 2638/8398 2821/8401
f 2952/8397 2821/8401 2986/8400
f 2232/8402 2422/8403 2638/8398
f 2638/8398 2422/8403 2821/8401
f 3089/8390 2986/8400 3066/8404
f 3089/8390 3066/8404 3123/8405
f 3089/8390 3123/8405 3196/8387
f 3123/8405 3066/8404 3028/8406
f 3066/8404 2986/8400 3053/8407
f 3066/8404 3053/8407 3028/8406
f 3123/8405 3028/8406 3056/8408
f 3056/8408 3028/8406 3053/8407
f 3196/8387 3123/8405 3127/8409
f 3127/8409 3123/8405 3056/8408
f 3056/8408 3053/8407 3059/8410
f 3056/8408 3059/8410 3127/8409
f 3127/8409 3059/8410 3140/8411
f 3127/8409 3140/8411 3196/8387
f 3140/8411 3059/8410 3053/8407
f 3196/8387 3140/8411 3177/8388
f 3140/8411 3053/8407 3048/8412
f 3140/8411 3048/8412 3177/8388
f 3048/8412 3053/8407 2986/8400
f 3048/8412 2986/8400 2877/8413
f 2877/8413 2986/8400 2821/8401
f 3177/8388 3048/8412 3119/8414
f 3177/8388 3119/8414 3198/8415
f 3177/8388 3198/8415 3232/8389
f 3119/8414 3048/8412 3003/8416
f 3003/8416 3048/8412 2877/8413
f 3232/8389 3198/8415 3313/8417
f 3232/8389 3313/8417 3317/8418
f 3232/8389 3317/8418 3220/8382
f 3313/8417 3198/8415 3345/8419
f 3220/8382 3317/8418 3295/8420
f 3220/8382 3295/8420 3258/8359
f 3317/8418 3313/8417 3356/8421
f 3356/8421 3313/8417 3345/8419
f 3295/8420 3317/8418 3353/8422
f 3353/8422 3317/8418 3356/8421
f 3258/8359 3295/8420 3346/8423
f 3346/8423 3295/8420 3353/8422
f 3258/8359 3346/8423 3315/8351
f 3315/8351 3346/8423 3341/8424
f 3341/8424 3346/8423 3353/8422
f 3353/8422 3356/8421 3358/8425
f 3358/8425 3356/8421 3345/8419
f 3353/8422 3358/8425 3341/8424
f 3315/8351 3341/8424 3201/8343
f 3263/8426 3345/8419 3198/8415
f 3345/8419 3263/8426 3339/8427
f 3345/8419 3339/8427 3358/8425
f 3263/8426 3198/8415 3242/8428
f 3263/8426 3242/8428 3339/8427
f 3242/8428 3198/8415 3119/8414
f 3242/8428 3119/8414 3203/8429
f 3339/8427 3242/8428 3311/8430
f 3311/8430 3242/8428 3203/8429
f 3339/8427 3311/8430 3299/8431
f 3339/8427 3299/8431 3358/8425
f 3311/8430 3203/8429 3211/8432
f 3211/8432 3203/8429 3119/8414
f 3311/8430 3211/8432 3216/8433
f 3311/8430 3216/8433 3299/8431
f 3211/8432 3119/8414 3116/8434
f 3116/8434 3119/8414 3003/8416
f 3216/8433 3211/8432 3161/8435
f 3161/8435 3211/8432 3116/8434
f 3299/8431 3216/8433 3086/8436
f 3161/8435 3116/8434 3063/8437
f 3063/8437 3116/8434 3003/8416
f 3216/8433 3161/8435 3122/8438
f 3122/8438 3161/8435 3063/8437
f 3216/8433 3122/8438 3086/8436
f 3063/8437 3003/8416 3030/8439
f 3063/8437 3030/8439 3122/8438
f 3030/8439 3003/8416 2939/8440
f 3122/8438 3030/8439 3004/8441
f 3122/8438 3004/8441 3086/8436
f 3030/8439 2939/8440 2955/8442
f 3030/8439 2955/8442 3004/8441
f 2939/8440 3003/8416 2867/8443
f 2939/8440 2867/8443 2955/8442
f 2867/8443 3003/8416 2877/8413
f 3004/8441 2955/8442 2940/8444
f 2940/8444 2955/8442 2867/8443
f 3018/8445 3086/8436 3004/8441
f 3004/8441 2940/8444 2886/8446
f 3004/8441 2886/8446 3018/8445
f 2886/8446 2940/8444 2861/8447
f 2861/8447 2940/8444 2867/8443
f 2861/8447 2867/8443 2814/8448
f 2861/8447 2814/8448 2886/8446
f 2814/8448 2867/8443 2647/8449
f 2886/8446 2814/8448 2677/8450
f 2677/8450 2814/8448 2647/8449
f 2886/8446 2677/8450 2658/8451
f 2658/8451 2677/8450 2647/8449
f 2647/8449 2867/8443 2593/8452
f 2593/8452 2867/8443 2877/8413
f 2658/8451 2647/8449 2609/8453
f 2609/8453 2647/8449 2593/8452
f 2886/8446 2658/8451 2458/8454
f 2658/8451 2609/8453 2514/8455
f 2658/8451 2514/8455 2458/8454
f 2514/8455 2609/8453 2519/8456
f 2519/8456 2609/8453 2593/8452
f 2514/8455 2519/8456 2444/8457
f 2444/8457 2519/8456 2504/8458
f 2519/8456 2593/8452 2272/8459
f 2519/8456 2272/8459 2504/8458
f 2444/8457 2504/8458 2254/8460
f 2254/8460 2504/8458 2272/8459
f 2514/8455 2444/8457 2227/8461
f 2227/8461 2444/8457 2254/8460
f 2514/8455 2227/8461 2458/8454
f 2227/8461 2254/8460 2205/8462
f 2205/8462 2254/8460 2272/8459
f 2458/8454 2227/8461 2108/8463
f 2205/8462 2272/8459 2185/8464
f 2205/8462 2185/8464 2165/8465
f 2165/8465 2185/8464 2155/8466
f 2155/8466 2185/8464 2092/8467
f 2155/8466 2092/8467 2083/8468
f 2092/8467 2185/8464 2059/8469
f 2185/8464 2272/8459 2235/8470
f 2185/8464 2235/8470 2059/8469
f 2059/8469 2235/8470 2062/8471
f 2235/8470 2272/8459 2593/8452
f 2062/8471 2235/8470 2422/8403
f 2235/8470 2593/8452 2535/8472
f 2535/8472 2593/8452 2877/8413
f 2422/8403 2235/8470 2547/8473
f 2422/8403 2547/8473 2821/8401
f 2235/8470 2535/8472 2527/8474
f 2235/8470 2527/8474 2547/8473
f 2535/8472 2877/8413 2750/8475
f 2750/8475 2877/8413 2821/8401
f 2527/8474 2535/8472 2643/8476
f 2643/8476 2535/8472 2750/8475
f 2547/8473 2527/8474 2556/8477
f 2556/8477 2527/8474 2643/8476
f 2724/8478 2821/8401 2547/8473
f 2821/8401 2724/8478 2750/8475
f 2724/8478 2547/8473 2556/8477
f 2750/8475 2724/8478 2643/8476
f 2643/8476 2724/8478 2556/8477
f 5766/8479 5804/8480 5836/8481
f 5766/8479 5836/8481 5387/8482
f 5766/8479 5387/8482 5578/8483
f 5387/8482 5836/8481 5792/8484
f 5387/8482 5792/8484 5316/8485
f 3041/8486 2989/8344 3033/8342
f 3041/8486 3033/8342 3201/8343
f 2989/8344 3041/8486 3017/8487
f 3041/8486 3201/8343 3170/8488
f 3041/8486 3170/8488 3017/8487
f 3170/8488 3201/8343 3285/8489
f 3285/8489 3201/8343 3341/8424
f 3017/8487 3170/8488 3189/8490
f 3189/8490 3170/8488 3286/8491
f 3286/8491 3170/8488 3285/8489
f 3017/8487 3189/8490 3072/8492
f 3017/8487 3072/8492 2989/8344
f 3189/8490 3286/8491 3181/8493
f 3189/8490 3181/8493 3072/8492
f 3181/8493 3286/8491 3285/8489
f 2989/8344 3072/8492 3163/8494
f 3163/8494 3072/8492 3181/8493
f 3163/8494 3181/8493 3285/8489
f 2989/8344 3163/8494 2912/8346
f 3342/8495 3285/8489 3341/8424
f 3342/8495 3341/8424 3358/8425
f 3285/8489 3342/8495 3272/8496
f 3285/8489 3272/8496 3163/8494
f 3342/8495 3358/8425 3348/8497
f 3342/8495 3348/8497 3272/8496
f 3272/8496 3348/8497 3255/8498
f 3255/8498 3348/8497 3354/8499
f 3354/8499 3348/8497 3358/8425
f 3272/8496 3255/8498 3287/8500
f 3287/8500 3255/8498 3354/8499
f 3272/8496 3287/8500 3282/8501
f 3272/8496 3282/8501 3163/8494
f 3287/8500 3354/8499 3288/8502
f 3282/8501 3287/8500 3322/8503
f 3322/8503 3287/8500 3288/8502
f 3288/8502 3354/8499 3357/8504
f 3288/8502 3357/8504 3322/8503
f 3357/8504 3354/8499 3358/8425
f 3282/8501 3322/8503 3274/8505
f 3282/8501 3274/8505 3163/8494
f 3322/8503 3357/8504 3349/8506
f 3349/8506 3357/8504 3358/8425
f 3322/8503 3349/8506 3274/8505
f 3349/8506 3358/8425 3336/8507
f 3349/8506 3336/8507 3274/8505
f 3336/8507 3358/8425 3299/8431
f 3163/8494 3274/8505 3084/8508
f 3336/8507 3299/8431 3271/8509
f 3271/8509 3299/8431 3086/8436
f 3274/8505 3336/8507 3219/8510
f 3163/8494 3084/8508 3022/8511
f 3163/8494 3022/8511 2912/8346
f 2912/8346 3022/8511 2965/8512
f 2965/8512 3022/8511 3055/8513
f 3055/8513 3022/8511 3091/8514
f 3091/8514 3022/8511 3084/8508
f 3055/8513 3091/8514 3114/8515
f 3114/8515 3091/8514 3081/8516
f 3091/8514 3084/8508 3044/8517
f 3091/8514 3044/8517 3081/8516
f 3054/8518 3084/8508 3274/8505
f 3084/8508 3054/8518 3044/8517
f 3054/8518 3274/8505 3219/8510
f 3081/8516 3044/8517 2972/8519
f 3081/8516 2972/8519 3036/8520
f 3036/8520 2972/8519 2935/8521
f 2972/8519 3044/8517 2953/8522
f 2935/8521 2972/8519 2795/8523
f 2935/8521 2795/8523 2598/8524
f 2972/8519 2953/8522 2733/8525
f 2953/8522 3044/8517 2942/8526
f 2953/8522 2942/8526 2733/8525
f 2942/8526 3044/8517 3054/8518
f 2972/8519 2733/8525 2732/8527
f 2972/8519 2732/8527 2795/8523
f 2733/8525 2942/8526 2637/8528
f 2733/8525 2637/8528 2732/8527
f 2400/8529 2598/8524 2795/8523
f 2400/8529 2795/8523 2732/8527
f 2598/8524 2400/8529 2247/8530
f 2400/8529 2732/8527 2221/8531
f 2247/8530 2400/8529 2129/8532
f 2129/8532 2400/8529 2221/8531
f 2221/8531 2732/8527 2361/8533
f 2361/8533 2732/8527 2637/8528
f 2221/8531 2361/8533 2129/8532
f 2361/8533 2637/8528 2244/8534
f 2361/8533 2244/8534 2129/8532
f 2247/8530 2129/8532 2100/8535
f 2247/8530 2100/8535 2410/8536
f 2410/8536 2100/8535 2080/8537
f 2100/8535 2129/8532 2030/8538
f 2100/8535 2030/8538 1983/8539
f 2129/8532 2244/8534 2078/8540
f 2129/8532 2078/8540 2030/8538
f 1983/8539 2030/8538 2027/8541
f 1983/8539 2027/8541 2013/8542
f 2030/8538 2078/8540 2005/8543
f 2030/8538 2005/8543 2027/8541
f 2013/8542 2027/8541 2024/8544
f 2013/8542 2024/8544 2045/8545
f 2024/8544 2027/8541 2012/8546
f 2024/8544 2012/8546 2045/8545
f 2012/8546 2027/8541 2005/8543
f 2045/8545 2012/8546 2054/8547
f 2012/8546 2005/8543 1924/8548
f 1924/8548 2005/8543 2078/8540
f 1924/8548 2078/8540 2244/8534
f 2039/8549 1931/8550 1924/8548
f 2039/8549 1924/8548 2158/8551
f 2158/8551 1924/8548 2244/8534
f 2158/8551 2244/8534 2637/8528
f 2158/8551 2637/8528 2762/8552
f 2762/8552 2637/8528 2942/8526
f 2762/8552 2942/8526 3054/8518
f 2158/8551 2762/8552 2256/8553
f 2158/8551 2256/8553 2161/8554
f 2158/8551 2161/8554 2147/8555
f 2147/8555 2161/8554 2534/8556
f 2534/8556 2161/8554 2256/8553
f 2147/8555 2534/8556 2458/8454
f 2534/8556 2256/8553 2592/8557
f 2534/8556 2592/8557 2458/8454
f 2592/8557 2256/8553 2762/8552
f 2458/8454 2592/8557 2839/8558
f 2458/8454 2839/8558 2886/8446
f 2592/8557 2762/8552 2819/8559
f 2592/8557 2819/8559 2839/8558
f 2886/8446 2839/8558 3018/8445
f 2819/8559 2762/8552 2995/8560
f 2995/8560 2762/8552 3054/8518
f 2839/8558 2819/8559 2888/8561
f 2839/8558 2888/8561 3018/8445
f 2888/8561 2819/8559 2928/8562
f 2928/8562 2819/8559 2994/8563
f 2994/8563 2819/8559 2995/8560
f 2888/8561 2928/8562 3045/8564
f 3045/8564 2928/8562 2994/8563
f 3045/8564 2994/8563 2995/8560
f 2888/8561 3045/8564 3018/8445
f 3018/8445 3045/8564 2995/8560
f 3101/8565 2995/8560 3054/8518
f 2995/8560 3101/8565 3018/8445
f 3101/8565 3054/8518 3219/8510
f 3018/8445 3101/8565 3164/8566
f 3018/8445 3164/8566 3086/8436
f 3086/8436 3164/8566 3271/8509
f 3164/8566 3101/8565 3129/8567
f 3164/8566 3129/8567 3271/8509
f 3129/8567 3101/8565 3184/8568
f 3184/8568 3101/8565 3219/8510
f 3129/8567 3184/8568 3271/8509
f 3184/8568 3219/8510 3260/8569
f 3271/8509 3184/8568 3344/8570
f 3344/8570 3184/8568 3260/8569
f 3271/8509 3344/8570 3336/8507
f 3260/8569 3219/8510 3336/8507
f 3260/8569 3336/8507 3344/8570
f 5573/8571 5542/8572 5615/8573
f 5573/8571 5615/8573 5655/8574
f 5655/8574 5615/8573 5777/8575
f 5542/8572 5573/8571 5458/8576
f 5458/8576 5573/8571 5523/8577
f 5893/8578 5868/8579 5777/8575
f 5893/8578 5777/8575 5615/8573
f 5458/8576 5523/8577 5408/8580
f 5893/8578 5615/8573 5566/8581
f 5893/8578 5566/8581 5729/8582
f 5729/8582 5566/8581 5688/8583
f 5688/8583 5566/8581 5620/8584
f 5688/8583 5620/8584 5751/8585
f 5751/8585 5620/8584 5774/8586
f 5774/8586 5620/8584 5570/8587
f 5774/8586 5570/8587 5699/8588
f 5774/8586 5699/8588 5755/8589
f 5570/8587 5620/8584 5501/8590
f 5858/8591 5779/8592 5755/8589
f 6216/8593 6251/8594 5858/8591
f 6216/8593 5858/8591 5827/8595
f 5827/8595 5858/8591 5755/8589
f 6216/8593 5827/8595 6190/8596
f 5501/8590 5620/8584 5490/8597
f 5490/8597 5620/8584 5566/8581
f 6190/8596 5827/8595 6101/8598
f 6190/8596 6101/8598 6323/8599
f 6323/8599 6101/8598 6297/8600
f 6297/8600 6101/8598 6150/8601
f 6297/8600 6150/8601 6128/8602
f 6101/8598 5827/8595 5865/8603
f 6150/8601 6101/8598 6011/8604
f 6011/8604 6101/8598 5865/8603
f 6150/8601 6011/8604 5895/8605
f 5895/8605 6011/8604 5865/8603
f 6128/8602 6150/8601 5845/8606
f 6150/8601 5895/8605 5851/8607
f 5851/8607 5895/8605 5865/8603
f 6150/8601 5851/8607 5845/8606
f 6128/8602 5845/8606 5735/8608
f 5735/8608 5845/8606 5725/8609
f 5735/8608 5725/8609 5650/8610
f 5845/8606 5851/8607 5826/8611
f 5851/8607 5865/8603 5805/8612
f 5851/8607 5805/8612 5826/8611
f 5845/8606 5826/8611 5770/8613
f 5845/8606 5770/8613 5725/8609
f 5826/8611 5805/8612 5794/8614
f 5826/8611 5794/8614 5770/8613
f 5805/8612 5865/8603 5736/8615
f 5805/8612 5736/8615 5794/8614
f 5736/8615 5865/8603 5827/8595
f 5770/8613 5794/8614 5710/8616
f 5770/8613 5710/8616 5725/8609
f 5710/8616 5794/8614 5736/8615
f 5725/8609 5710/8616 5677/8617
f 5677/8617 5710/8616 5736/8615
f 5736/8615 5827/8595 5659/8618
f 5659/8618 5827/8595 5755/8589
f 5677/8617 5736/8615 5591/8619
f 5591/8619 5736/8615 5659/8618
f 5725/8609 5677/8617 5671/8620
f 5671/8620 5677/8617 5591/8619
f 5725/8609 5671/8620 5658/8621
f 5725/8609 5658/8621 5650/8610
f 5671/8620 5591/8619 5612/8622
f 5671/8620 5612/8622 5658/8621
f 5650/8610 5658/8621 5592/8623
f 5650/8610 5592/8623 5572/8624
f 5658/8621 5612/8622 5583/8625
f 5658/8621 5583/8625 5592/8623
f 5612/8622 5591/8619 5495/8626
f 5612/8622 5495/8626 5583/8625
f 5572/8624 5592/8623 5530/8627
f 5572/8624 5530/8627 5522/8628
f 5592/8623 5583/8625 5582/8629
f 5582/8629 5583/8625 5495/8626
f 5522/8628 5530/8627 5529/8630
f 5530/8627 5592/8623 5508/8631
f 5568/8632 5561/8633 5529/8630
f 5592/8623 5582/8629 5537/8634
f 5592/8623 5537/8634 5508/8631
f 5537/8634 5582/8629 5498/8635
f 5498/8635 5582/8629 5495/8626
f 5568/8632 5529/8630 5513/8636
f 5513/8636 5529/8630 5530/8627
f 5568/8632 5513/8636 5492/8637
f 5537/8634 5498/8635 5433/8638
f 5433/8638 5498/8635 5495/8626
f 5537/8634 5433/8638 5436/8639
f 5537/8634 5436/8639 5508/8631
f 5433/8638 5495/8626 5426/8640
f 5436/8639 5433/8638 5395/8641
f 5395/8641 5433/8638 5426/8640
f 5436/8639 5395/8641 5400/8642
f 5436/8639 5400/8642 5508/8631
f 5400/8642 5395/8641 5376/8643
f 5376/8643 5395/8641 5426/8640
f 5426/8640 5495/8626 5543/8644
f 5543/8644 5495/8626 5591/8619
f 5543/8644 5591/8619 5659/8618
f 5426/8640 5543/8644 5468/8645
f 5468/8645 5543/8644 5659/8618
f 5376/8643 5426/8640 5418/8646
f 5418/8646 5426/8640 5468/8645
f 5389/8647 5400/8642 5376/8643
f 5488/8648 5508/8631 5400/8642
f 5488/8648 5400/8642 5389/8647
f 5508/8631 5488/8648 5515/8649
f 5508/8631 5515/8649 5530/8627
f 5530/8627 5515/8649 5513/8636
f 5515/8649 5488/8648 5444/8650
f 5515/8649 5444/8650 5513/8636
f 5444/8650 5488/8648 5389/8647
f 5513/8636 5444/8650 5499/8651
f 5513/8636 5499/8651 5477/8652
f 5513/8636 5477/8652 5492/8637
f 5499/8651 5444/8650 5405/8653
f 5499/8651 5405/8653 5477/8652
f 5405/8653 5444/8650 5389/8647
f 5492/8637 5477/8652 5408/8580
f 5408/8580 5477/8652 5405/8653
f 5408/8580 5405/8653 5389/8647
f 5408/8580 5389/8647 5378/8654
f 5378/8654 5389/8647 5376/8643
f 5408/8580 5378/8654 5458/8576
f 5378/8654 5376/8643 5392/8655
f 5378/8654 5392/8655 5458/8576
f 5392/8655 5376/8643 5369/8656
f 5369/8656 5376/8643 5375/8657
f 5375/8657 5376/8643 5418/8646
f 5369/8656 5375/8657 5452/8658
f 5375/8657 5418/8646 5420/8659
f 5375/8657 5420/8659 5452/8658
f 5420/8659 5418/8646 5501/8590
f 5369/8656 5452/8658 5445/8660
f 5369/8656 5445/8660 5392/8655
f 5452/8658 5420/8659 5504/8661
f 5504/8661 5420/8659 5501/8590
f 5452/8658 5504/8661 5445/8660
f 5504/8661 5501/8590 5490/8597
f 5504/8661 5490/8597 5445/8660
f 5445/8660 5490/8597 5566/8581
f 5445/8660 5566/8581 5392/8655
f 5468/8645 5501/8590 5418/8646
f 5501/8590 5468/8645 5570/8587
f 5392/8655 5566/8581 5484/8662
f 5484/8662 5566/8581 5615/8573
f 5392/8655 5484/8662 5404/8663
f 5392/8655 5404/8663 5458/8576
f 5484/8662 5615/8573 5560/8664
f 5404/8663 5484/8662 5489/8665
f 5489/8665 5484/8662 5560/8664
f 5560/8664 5615/8573 5581/8666
f 5560/8664 5581/8666 5489/8665
f 5581/8666 5615/8573 5542/8572
f 5460/8667 5542/8572 5458/8576
f 5542/8572 5460/8667 5581/8666
f 5411/8668 5458/8576 5404/8663
f 5411/8668 5404/8663 5489/8665
f 5458/8576 5411/8668 5460/8667
f 5411/8668 5489/8665 5581/8666
f 5411/8668 5581/8666 5460/8667
f 5541/8669 5570/8587 5468/8645
f 5541/8669 5468/8645 5463/8670
f 5463/8670 5468/8645 5594/8671
f 5463/8670 5594/8671 5541/8669
f 5594/8671 5468/8645 5659/8618
f 5570/8587 5541/8669 5632/8672
f 5632/8672 5541/8669 5594/8671
f 5570/8587 5632/8672 5699/8588
f 5659/8618 5755/8589 5699/8588
f 5632/8672 5594/8671 5717/8673
f 5632/8672 5717/8673 5699/8588
f 5594/8671 5659/8618 5675/8674
f 5675/8674 5659/8618 5699/8588
f 5594/8671 5675/8674 5717/8673
f 5717/8673 5675/8674 5699/8588
f 2810/8675 2791/8676 2559/8677
f 2559/8677 2791/8676 2655/8678
f 2791/8676 2810/8675 2965/8679
f 2965/8679 2810/8675 2912/8680
f 2912/8680 2810/8675 2587/8681
f 2791/8676 2965/8679 2898/8682
f 2791/8676 2898/8682 2655/8678
f 2587/8681 2810/8675 2268/8683
f 2268/8683 2810/8675 2559/8677
f 2587/8681 2268/8683 2214/8684
f 2214/8684 2268/8683 2172/8685
f 2172/8685 2268/8683 2559/8677
f 2214/8684 2172/8685 2054/8686
f 2054/8686 2172/8685 2045/8687
f 2045/8687 2172/8685 2013/8688
f 2172/8685 2559/8677 2267/8689
f 2267/8689 2559/8677 2655/8678
f 2013/8688 2172/8685 2110/8690
f 2110/8690 2172/8685 2267/8689
f 2013/8688 2110/8690 2080/8691
f 2013/8688 2080/8691 1983/8692
f 1983/8692 2080/8691 2100/8693
f 2080/8691 2110/8690 2352/8694
f 2352/8694 2110/8690 2267/8689
f 2352/8694 2267/8689 2655/8678
f 2080/8691 2352/8694 2410/8695
f 2352/8694 2655/8678 2590/8696
f 2352/8694 2590/8696 2410/8695
f 2590/8696 2655/8678 2838/8697
f 2838/8697 2655/8678 2898/8682
f 2410/8695 2590/8696 2625/8698
f 2625/8698 2590/8696 2838/8697
f 2838/8697 2898/8682 3002/8699
f 3002/8699 2898/8682 2965/8679
f 3002/8699 2965/8679 3055/8700
f 3002/8699 3055/8700 2984/8701
f 3002/8699 2984/8701 2838/8697
f 2984/8701 3055/8700 3114/8702
f 2984/8701 3114/8702 3081/8703
f 2984/8701 3081/8703 3036/8704
f 2799/8705 2625/8698 2838/8697
f 2799/8705 2838/8697 2984/8701
f 2984/8701 3036/8704 2924/8706
f 2984/8701 2924/8706 2799/8705
f 2924/8706 3036/8704 2935/8707
f 2799/8705 2924/8706 2761/8708
f 2761/8708 2924/8706 2935/8707
f 2799/8705 2761/8708 2625/8698
f 2761/8708 2935/8707 2598/8709
f 2625/8698 2761/8708 2582/8710
f 2582/8710 2761/8708 2598/8709
f 2625/8698 2582/8710 2410/8695
f 2582/8710 2598/8709 2247/8711
f 2582/8710 2247/8711 2410/8695
f 6466/8712 6223/8713 6666/8714
f 6466/8712 6666/8714 6784/8715
f 6666/8714 6223/8713 6578/8716
f 6578/8716 6223/8713 6316/8717
f 6784/8715 6666/8714 6780/8718
f 6780/8718 6666/8714 6578/8716
f 6784/8715 6780/8718 6877/8719
f 6784/8715 6877/8719 6906/8720
f 6780/8718 6578/8716 6702/8721
f 6702/8721 6578/8716 6316/8717
f 6877/8719 6780/8718 6818/8722
f 6818/8722 6780/8718 6702/8721
f 6906/8720 6877/8719 6875/8723
f 6906/8720 6875/8723 6859/8724
f 6877/8719 6818/8722 6916/8725
f 6877/8719 6916/8725 6875/8723
f 6702/8721 6316/8717 6461/8726
f 6859/8724 6875/8723 6788/8727
f 6461/8726 6316/8717 6245/8728
f 6859/8724 6788/8727 6759/8729
f 6461/8726 6245/8728 6305/8730
f 6305/8730 6245/8728 6013/8731
f 6305/8730 6013/8731 6099/8732
f 6461/8726 6305/8730 6501/8733
f 6305/8730 6099/8732 6477/8734
f 6477/8734 6099/8732 6187/8735
f 6501/8733 6305/8730 6705/8736
f 6705/8736 6305/8730 6477/8734
f 6477/8734 6187/8735 6343/8737
f 6461/8726 6501/8733 6650/8738
f 6650/8738 6501/8733 6705/8736
f 6461/8726 6650/8738 6702/8721
f 6702/8721 6650/8738 6818/8722
f 6818/8722 6650/8738 6810/8739
f 6810/8739 6650/8738 6705/8736
f 6818/8722 6810/8739 6916/8725
f 6916/8725 6810/8739 6845/8740
f 6845/8740 6810/8739 6705/8736
f 6916/8725 6845/8740 6875/8723
f 6875/8723 6845/8740 6788/8727
f 6845/8740 6705/8736 6741/8741
f 6845/8740 6741/8741 6788/8727
f 6741/8741 6705/8736 6477/8734
f 6741/8741 6477/8734 6710/8742
f 6741/8741 6710/8742 6788/8727
f 6710/8742 6477/8734 6343/8737
f 6788/8727 6710/8742 6599/8743
f 6599/8743 6710/8742 6343/8737
f 6788/8727 6599/8743 6759/8729
f 6599/8743 6343/8737 6341/8744
f 6759/8729 6599/8743 6549/8745
f 6549/8745 6599/8743 6341/8744
f 5893/8746 6223/8747 6466/8748
f 6223/8747 5893/8746 5817/8749
f 6223/8747 5817/8749 6316/8750
f 5817/8749 5893/8746 5729/8751
f 6316/8750 5817/8749 5900/8752
f 6316/8750 5900/8752 6245/8753
f 5817/8749 5729/8751 5732/8754
f 6245/8753 5900/8752 5874/8755
f 6245/8753 5874/8755 6013/8756
f 5900/8752 5817/8749 5763/8757
f 5900/8752 5763/8757 5874/8755
f 5817/8749 5732/8754 5682/8758
f 5817/8749 5682/8758 5763/8757
f 5732/8754 5729/8751 5679/8759
f 5732/8754 5679/8759 5682/8758
f 5679/8759 5729/8751 5688/8760
f 5874/8755 5763/8757 5720/8761
f 5720/8761 5763/8757 5682/8758
f 5874/8755 5720/8761 6013/8756
f 5682/8758 5679/8759 5662/8762
f 5682/8758 5662/8762 5720/8761
f 5679/8759 5688/8760 5698/8763
f 5679/8759 5698/8763 5662/8762
f 6013/8756 5720/8761 5738/8764
f 5738/8764 5720/8761 5662/8762
f 6013/8756 5738/8764 6099/8765
f 5698/8763 5688/8760 5694/8766
f 5698/8763 5694/8766 5662/8762
f 5662/8762 5694/8766 5738/8764
f 5694/8766 5688/8760 5751/8767
f 6099/8765 5738/8764 5838/8768
f 6099/8765 5838/8768 6187/8769
f 5738/8764 5694/8766 5780/8770
f 5780/8770 5694/8766 5751/8767
f 5738/8764 5780/8770 5838/8768
f 5780/8770 5751/8767 5897/8771
f 5780/8770 5897/8771 5838/8768
f 5838/8768 5897/8771 6187/8769
f 5897/8771 5751/8767 5875/8772
f 6187/8769 5897/8771 6343/8773
f 5897/8771 5875/8772 6235/8774
f 6343/8773 5897/8771 6260/8775
f 6260/8775 5897/8771 6235/8774
f 6343/8773 6260/8775 6341/8776
f 6341/8776 6260/8775 6235/8774
f 6341/8776 6235/8774 6549/8777
f 531/8778 575/8779 477/8780
f 575/8779 531/8778 541/8781
f 477/8780 575/8779 447/8782
f 531/8778 477/8780 494/8783
f 575/8779 541/8781 559/8784
f 575/8779 559/8784 447/8782
f 541/8781 531/8778 519/8785
f 519/8785 531/8778 494/8783
f 541/8781 519/8785 525/8786
f 541/8781 525/8786 540/8787
f 541/8781 540/8787 536/8788
f 525/8786 519/8785 520/8789
f 525/8786 520/8789 528/8790
f 520/8789 519/8785 512/8791
f 512/8791 519/8785 494/8783
f 512/8791 494/8783 426/8792
f 541/8781 536/8788 537/8793
f 537/8793 536/8788 547/8794
f 426/8792 494/8783 428/8795
f 426/8792 428/8795 419/8796
f 428/8795 494/8783 410/8797
f 410/8797 494/8783 477/8780
f 419/8796 428/8795 423/8798
f 419/8796 423/8798 230/8799
f 410/8797 477/8780 358/8800
f 423/8798 428/8795 414/8801
f 414/8801 428/8795 410/8797
f 230/8799 423/8798 229/8802
f 229/8802 423/8798 414/8801
f 358/8800 477/8780 447/8782
f 410/8797 358/8800 354/8803
f 354/8803 358/8800 447/8782
f 410/8797 354/8803 414/8801
f 230/8799 229/8802 3586/8804
f 230/8799 3586/8804 3589/8805
f 3589/8805 3586/8804 3877/8806
f 3586/8804 229/8802 116/8807
f 116/8807 229/8802 414/8801
f 3586/8804 116/8807 3637/8808
f 414/8801 354/8803 413/8809
f 414/8801 413/8809 116/8807
f 387/8810 354/8803 447/8782
f 354/8803 387/8810 413/8809
f 387/8810 447/8782 483/8811
f 483/8811 447/8782 559/8784
f 483/8811 559/8784 387/8810
f 387/8810 559/8784 413/8809
f 3421/8812 3637/8808 116/8807
f 3637/8808 3421/8812 3785/8813
f 3785/8813 3421/8812 3737/8814
f 220/8815 116/8807 413/8809
f 116/8807 220/8815 3421/8812
f 413/8809 559/8784 567/8816
f 220/8815 413/8809 355/8817
f 355/8817 413/8809 567/8816
f 567/8816 559/8784 570/8818
f 570/8818 559/8784 541/8781
f 570/8818 541/8781 537/8793
f 3598/8819 3737/8814 3421/8812
f 3737/8814 3598/8819 3599/8820
f 3598/8819 3421/8812 3559/8821
f 3599/8820 3598/8819 3541/8822
f 3541/8822 3598/8819 3559/8821
f 3665/8823 3787/8824 3599/8820
f 3665/8823 3599/8820 3505/8825
f 3505/8825 3599/8820 3541/8822
f 3665/8823 3505/8825 3427/8826
f 3665/8823 3427/8826 3678/8827
f 3505/8825 3541/8822 3476/8828
f 3505/8825 3476/8828 3427/8826
f 3489/8829 3541/8822 3559/8821
f 3541/8822 3489/8829 3476/8828
f 3489/8829 3559/8821 3437/8830
f 3437/8830 3559/8821 3421/8812
f 3437/8830 3421/8812 48/8831
f 48/8831 3421/8812 220/8815
f 3489/8829 3437/8830 23/8832
f 3489/8829 23/8832 3476/8828
f 3437/8830 48/8831 93/8833
f 3437/8830 93/8833 23/8832
f 93/8833 48/8831 220/8815
f 3476/8828 23/8832 45/8834
f 23/8832 93/8833 106/8835
f 23/8832 106/8835 45/8834
f 3476/8828 45/8834 3409/8836
f 3476/8828 3409/8836 3427/8826
f 3427/8826 3409/8836 45/8834
f 45/8834 106/8835 97/8837
f 45/8834 97/8837 3427/8826
f 106/8835 93/8833 163/8838
f 163/8838 93/8833 220/8815
f 97/8837 106/8835 146/8839
f 146/8839 106/8835 163/8838
f 97/8837 146/8839 3427/8826
f 163/8838 220/8815 201/8840
f 163/8838 201/8840 146/8839
f 201/8840 220/8815 355/8817
f 146/8839 201/8840 225/8841
f 225/8841 201/8840 296/8842
f 225/8841 296/8842 146/8839
f 296/8842 201/8840 355/8817
f 221/8843 3427/8826 146/8839
f 221/8843 146/8839 296/8842
f 3427/8826 221/8843 3678/8827
f 3678/8827 221/8843 3465/8844
f 3678/8827 3465/8844 3723/8845
f 3723/8845 3465/8844 3515/8846
f 3515/8846 3465/8844 109/8847
f 109/8847 3465/8844 221/8843
f 3723/8845 3515/8846 3685/8848
f 3723/8845 3685/8848 3751/8849
f 3685/8848 3515/8846 3504/8850
f 3504/8850 3515/8846 109/8847
f 3751/8849 3685/8848 3715/8851
f 3685/8848 3504/8850 3529/8852
f 3529/8852 3504/8850 109/8847
f 3685/8848 3529/8852 3715/8851
f 3751/8849 3715/8851 3733/8853
f 3733/8853 3715/8851 3730/8854
f 3715/8851 3529/8852 3552/8855
f 3715/8851 3552/8855 3730/8854
f 3733/8853 3730/8854 3738/8856
f 3738/8856 3730/8854 3552/8855
f 3733/8853 3738/8856 3741/8857
f 79/8858 3529/8852 109/8847
f 3529/8852 79/8858 3552/8855
f 79/8858 109/8847 278/8859
f 278/8859 109/8847 221/8843
f 3552/8855 79/8858 159/8860
f 3741/8857 3738/8856 3549/8861
f 3593/8862 3738/8856 3552/8855
f 3738/8856 3593/8862 3549/8861
f 3593/8862 3552/8855 159/8860
f 3741/8857 3549/8861 3493/8863
f 3549/8861 3593/8862 160/8864
f 160/8864 3593/8862 159/8860
f 3493/8863 3549/8861 131/8865
f 131/8865 3549/8861 160/8864
f 3493/8863 131/8865 247/8866
f 160/8864 159/8860 303/8867
f 160/8864 303/8867 131/8865
f 247/8866 131/8865 316/8868
f 316/8868 131/8865 303/8867
f 247/8866 316/8868 378/8869
f 316/8868 303/8867 312/8870
f 316/8868 312/8870 378/8869
f 303/8867 159/8860 302/8871
f 303/8867 302/8871 312/8870
f 302/8871 159/8860 236/8872
f 236/8872 159/8860 79/8858
f 302/8871 236/8872 297/8873
f 302/8871 297/8873 312/8870
f 236/8872 79/8858 278/8859
f 236/8872 278/8859 297/8873
f 297/8873 278/8859 312/8870
f 395/8874 378/8869 312/8870
f 378/8869 395/8874 402/8875
f 312/8870 278/8859 397/8876
f 312/8870 397/8876 395/8874
f 397/8876 278/8859 221/8843
f 402/8875 395/8874 404/8877
f 404/8877 395/8874 397/8876
f 402/8875 404/8877 463/8878
f 397/8876 221/8843 400/8879
f 397/8876 400/8879 404/8877
f 400/8879 221/8843 296/8842
f 404/8877 400/8879 445/8880
f 404/8877 445/8880 463/8878
f 445/8880 400/8879 296/8842
f 463/8878 445/8880 535/8881
f 445/8880 296/8842 361/8882
f 463/8878 535/8881 533/8883
f 463/8878 533/8883 552/8884
f 533/8883 535/8881 537/8793
f 552/8884 533/8883 550/8885
f 550/8885 533/8883 537/8793
f 537/8793 535/8881 570/8818
f 550/8885 537/8793 547/8794
f 550/8885 547/8794 558/8886
f 550/8885 558/8886 555/8887
f 550/8885 555/8887 560/8888
f 552/8884 550/8885 556/8889
f 550/8885 560/8888 590/8890
f 550/8885 590/8890 556/8889
f 556/8889 590/8890 563/8891
f 556/8889 563/8891 582/8892
f 581/8893 570/8818 535/8881
f 581/8893 535/8881 445/8880
f 570/8818 581/8893 517/8894
f 581/8893 445/8880 450/8895
f 581/8893 450/8895 517/8894
f 450/8895 445/8880 361/8882
f 570/8818 517/8894 567/8816
f 450/8895 361/8882 434/8896
f 450/8895 434/8896 517/8894
f 517/8894 434/8896 481/8897
f 567/8816 517/8894 511/8898
f 511/8898 517/8894 481/8897
f 481/8897 434/8896 439/8899
f 481/8897 439/8899 511/8898
f 439/8899 434/8896 361/8882
f 511/8898 439/8899 567/8816
f 567/8816 439/8899 475/8900
f 567/8816 475/8900 355/8817
f 439/8899 361/8882 352/8901
f 439/8899 352/8901 475/8900
f 475/8900 352/8901 355/8817
f 352/8901 361/8882 296/8842
f 352/8901 296/8842 355/8817
f 3791/8902 3959/8903 3914/8904
f 3959/8903 3791/8902 3915/8905
f 3915/8905 3791/8902 3802/8906
f 3802/8906 3791/8902 3859/8907
f 3859/8907 3791/8902 3914/8904
f 3915/8905 3802/8906 3841/8908
f 3802/8906 3859/8907 3842/8909
f 3802/8906 3842/8909 3841/8908
f 3915/8905 3841/8908 3965/8910
f 3915/8905 3965/8910 3959/8903
f 3965/8910 3841/8908 3927/8911
f 3959/8903 3965/8910 4071/8912
f 4071/8912 3965/8910 3927/8911
f 3927/8911 3841/8908 3785/8913
f 3785/8913 3841/8908 3842/8909
f 4071/8912 3927/8911 3889/8914
f 3889/8914 3927/8911 3785/8913
f 3785/8913 3842/8909 3637/8915
f 3637/8915 3842/8909 3586/8916
f 3889/8914 3785/8913 3737/8917
f 3586/8916 3842/8909 3884/8918
f 3884/8918 3842/8909 3859/8907
f 3586/8916 3884/8918 3877/8919
f 3884/8918 3859/8907 3914/8904
f 3877/8919 3884/8918 3900/8920
f 3900/8920 3884/8918 3914/8904
f 3889/8914 3737/8917 3787/8921
f 3787/8921 3737/8917 3599/8922
f 3589/8923 3877/8919 3679/8924
f 3877/8919 3900/8920 3912/8925
f 3877/8919 3912/8925 3679/8924
f 3912/8925 3900/8920 4000/8926
f 4000/8926 3900/8920 3914/8904
f 3679/8924 3912/8925 4007/8927
f 4007/8927 3912/8925 4000/8926
f 3679/8924 4007/8927 4764/8928
f 4000/8926 3914/8904 4067/8929
f 4067/8929 3914/8904 3959/8903
f 4007/8927 4000/8926 3991/8930
f 4067/8929 3959/8903 4045/8931
f 4067/8929 4045/8931 4000/8926
f 4045/8931 3959/8903 4071/8912
f 3991/8930 4000/8926 3996/8932
f 3996/8932 4000/8926 4045/8931
f 4007/8927 3991/8930 4001/8933
f 4001/8933 3991/8930 3996/8932
f 4007/8927 4001/8933 4349/8934
f 4007/8927 4349/8934 4764/8928
f 4764/8928 4349/8934 5240/8935
f 4764/8928 5240/8935 5435/8936
f 5240/8935 4349/8934 4495/8937
f 5240/8935 4495/8937 5077/8938
f 4349/8934 4001/8933 4179/8939
f 4349/8934 4179/8939 4495/8937
f 3995/8940 4001/8933 3996/8932
f 4001/8933 3995/8940 4179/8939
f 3995/8940 3996/8932 4012/8941
f 4179/8939 3995/8940 4152/8942
f 4152/8942 3995/8940 4012/8941
f 4012/8941 3996/8932 4033/8943
f 4033/8943 3996/8932 4045/8931
f 4152/8942 4012/8941 4074/8944
f 4074/8944 4012/8941 4033/8943
f 4179/8939 4152/8942 4274/8945
f 4179/8939 4274/8945 4416/8946
f 4179/8939 4416/8946 4495/8937
f 4274/8945 4152/8942 4265/8947
f 4265/8947 4152/8942 4074/8944
f 4274/8945 4265/8947 4269/8948
f 4265/8947 4074/8944 4182/8949
f 4265/8947 4182/8949 4269/8948
f 4274/8945 4269/8948 4317/8950
f 4274/8945 4317/8950 4416/8946
f 4269/8948 4182/8949 4181/8951
f 4269/8948 4181/8951 4317/8950
f 4182/8949 4074/8944 4009/8952
f 4182/8949 4009/8952 4181/8951
f 4009/8952 4074/8944 4008/8953
f 4008/8953 4074/8944 4033/8943
f 4416/8946 4317/8950 4405/8954
f 4405/8954 4317/8950 4181/8951
f 4181/8951 4009/8952 4016/8955
f 4016/8955 4009/8952 4008/8953
f 4405/8954 4181/8951 4552/8956
f 4416/8946 4405/8954 4445/8957
f 4445/8957 4405/8954 4552/8956
f 4416/8946 4445/8957 4448/8958
f 4416/8946 4448/8958 4495/8937
f 4448/8958 4445/8957 4590/8959
f 4590/8959 4445/8957 4552/8956
f 4448/8958 4590/8959 4564/8960
f 4448/8958 4564/8960 4495/8937
f 4564/8960 4590/8959 4732/8961
f 4564/8960 4732/8961 4495/8937
f 4732/8961 4590/8959 4734/8962
f 4734/8962 4590/8959 4552/8956
f 4495/8937 4732/8961 4731/8963
f 4731/8963 4732/8961 4734/8962
f 4495/8937 4731/8963 4884/8964
f 4495/8937 4884/8964 5077/8938
f 5077/8938 4884/8964 5014/8965
f 5014/8965 4884/8964 4943/8966
f 4884/8964 4731/8963 4776/8967
f 4776/8967 4731/8963 4734/8962
f 4884/8964 4776/8967 4943/8966
f 4776/8967 4734/8962 4552/8956
f 4943/8966 4776/8967 5099/8968
f 4943/8966 5099/8968 5216/8969
f 5099/8968 4776/8967 4552/8956
f 5099/8968 4552/8956 4769/8970
f 5099/8968 4769/8970 4984/8971
f 5099/8968 4984/8971 5153/8972
f 5099/8968 5153/8972 5233/8973
f 5099/8968 5233/8973 5288/8974
f 5153/8972 4984/8971 5058/8975
f 5288/8974 5233/8973 5254/8976
f 5288/8974 5254/8976 5276/8977
f 5233/8973 5153/8972 5189/8978
f 5233/8973 5189/8978 5254/8976
f 5153/8972 5058/8975 5169/8979
f 5153/8972 5169/8979 5189/8978
f 5058/8975 4984/8971 5002/8980
f 5058/8975 5002/8980 5169/8979
f 5189/8978 5169/8979 5195/8981
f 5002/8980 4984/8971 4979/8982
f 5169/8979 5002/8980 5118/8983
f 5169/8979 5118/8983 5195/8981
f 5118/8983 5002/8980 4979/8982
f 5189/8978 5195/8981 5200/8984
f 5200/8984 5195/8981 5118/8983
f 5189/8978 5200/8984 5254/8976
f 5200/8984 5118/8983 4979/8982
f 5284/8985 5276/8977 5254/8976
f 5284/8985 5254/8976 5200/8984
f 5276/8977 5284/8985 5310/8986
f 5284/8985 5200/8984 5315/8987
f 5284/8985 5315/8987 5323/8988
f 5323/8988 5315/8987 5327/8989
f 5327/8989 5315/8987 5349/8990
f 5315/8987 5200/8984 5097/8991
f 5097/8991 5200/8984 4979/8982
f 5315/8987 5097/8991 5180/8992
f 5097/8991 4979/8982 4854/8993
f 5180/8992 5097/8991 4925/8994
f 4925/8994 5097/8991 4854/8993
f 5180/8992 4925/8994 4812/8995
f 5180/8992 4812/8995 4625/8996
f 4812/8995 4925/8994 4894/8997
f 4894/8997 4925/8994 4772/8998
f 4894/8997 4772/8998 4812/8995
f 4772/8998 4925/8994 4626/8999
f 4772/8998 4626/8999 4812/8995
f 4626/8999 4925/8994 4854/8993
f 4625/8996 4812/8995 4221/9000
f 4221/9000 4812/8995 4626/8999
f 4625/8996 4221/9000 4370/9001
f 4370/9001 4221/9000 4165/9002
f 4370/9001 4165/9002 4183/9003
f 4183/9003 4165/9002 4084/9004
f 4084/9004 4165/9002 4221/9000
f 4084/9004 4221/9000 4035/9005
f 4084/9004 4035/9005 4025/9006
f 4035/9005 4221/9000 4145/9007
f 4025/9006 4035/9005 4026/9008
f 4026/9008 4035/9005 4145/9007
f 4026/9008 4145/9007 4125/9009
f 4025/9006 4026/9008 4016/8955
f 4145/9007 4221/9000 4257/9010
f 4025/9006 4016/8955 4008/8953
f 4026/9008 4125/9009 4166/9011
f 4026/9008 4166/9011 4016/8955
f 4125/9009 4145/9007 4218/9012
f 4125/9009 4218/9012 4166/9011
f 4218/9012 4145/9007 4257/9010
f 4166/9011 4218/9012 4247/9013
f 4247/9013 4218/9012 4257/9010
f 4016/8955 4166/9011 4238/9014
f 4238/9014 4166/9011 4247/9013
f 4238/9014 4247/9013 4257/9010
f 4016/8955 4238/9014 4181/8951
f 4181/8951 4238/9014 4552/8956
f 4238/9014 4257/9010 4360/9015
f 4552/8956 4238/9014 4446/9016
f 4446/9016 4238/9014 4360/9015
f 4360/9015 4257/9010 4346/9017
f 4346/9017 4257/9010 4221/9000
f 4446/9016 4360/9015 4418/9018
f 4346/9017 4221/9000 4440/9019
f 4360/9015 4346/9017 4369/9020
f 4360/9015 4369/9020 4418/9018
f 4369/9020 4346/9017 4440/9019
f 4418/9018 4369/9020 4512/9021
f 4418/9018 4512/9021 4446/9016
f 4512/9021 4369/9020 4440/9019
f 4440/9019 4221/9000 4626/8999
f 4446/9016 4512/9021 4530/9022
f 4446/9016 4530/9022 4552/8956
f 4512/9021 4440/9019 4542/9023
f 4512/9021 4542/9023 4530/9022
f 4542/9023 4440/9019 4626/8999
f 4552/8956 4530/9022 4639/9024
f 4530/9022 4542/9023 4640/9025
f 4640/9025 4542/9023 4626/8999
f 4530/9022 4640/9025 4639/9024
f 4552/8956 4639/9024 4769/8970
f 4640/9025 4626/8999 4725/9026
f 4725/9026 4626/8999 4854/8993
f 4639/9024 4640/9025 4730/9027
f 4639/9024 4730/9027 4769/8970
f 4730/9027 4640/9025 4725/9026
f 4730/9027 4725/9026 4865/9028
f 4730/9027 4865/9028 4769/8970
f 4865/9028 4725/9026 4854/8993
f 4769/8970 4865/9028 4873/9029
f 4873/9029 4865/9028 4854/8993
f 4769/8970 4873/9029 4984/8971
f 4873/9029 4854/8993 4979/8982
f 4873/9029 4979/8982 4984/8971
f 4052/9030 4045/8931 4071/8912
f 4052/9030 4071/8912 3889/8914
f 4045/8931 4052/9030 4033/8943
f 4052/9030 3889/8914 3970/9031
f 3970/9031 3889/8914 3787/8921
f 4033/8943 4052/9030 4072/9032
f 4072/9032 4052/9030 3970/9031
f 4072/9032 3970/9031 3987/9033
f 3987/9033 3970/9031 3787/8921
f 4033/8943 4072/9032 4049/9034
f 4072/9032 3987/9033 3966/9035
f 4072/9032 3966/9035 4049/9034
f 3966/9035 3987/9033 3898/9036
f 3898/9036 3987/9033 3819/9037
f 3819/9037 3987/9033 3787/8921
f 3819/9037 3787/8921 3898/9036
f 3966/9035 3898/9036 3844/9038
f 3844/9038 3898/9036 3787/8921
f 3966/9035 3844/9038 3939/9039
f 3966/9035 3939/9039 4049/9034
f 3939/9039 3844/9038 3812/9040
f 3812/9040 3844/9038 3787/8921
f 3939/9039 3812/9040 4049/9034
f 3812/9040 3787/8921 3826/9041
f 3812/9040 3826/9041 4049/9034
f 3826/9041 3787/8921 3665/9042
f 3826/9041 3665/9042 3678/9043
f 3826/9041 3678/9043 3833/9044
f 3833/9044 3678/9043 3723/9045
f 4049/9034 3826/9041 3931/9046
f 3931/9046 3826/9041 3833/9044
f 3833/9044 3723/9045 3828/9047
f 4049/9034 3931/9046 4006/9048
f 4049/9034 4006/9048 4033/8943
f 4033/8943 4006/9048 4008/8953
f 3828/9047 3723/9045 3751/9049
f 3828/9047 3751/9049 3813/9050
f 3813/9050 3751/9049 3733/9051
f 3813/9050 3733/9051 3741/9052
f 3828/9047 3813/9050 3835/9053
f 4008/8953 4006/9048 4010/9054
f 4008/8953 4010/9054 4025/9006
f 4025/9006 4010/9054 3967/9055
f 4010/9054 4006/9048 3933/9056
f 4010/9054 3933/9056 3967/9055
f 3967/9055 3933/9056 3835/9053
f 3933/9056 4006/9048 3931/9046
f 3828/9047 3835/9053 3829/9057
f 3829/9057 3835/9053 3933/9056
f 3829/9057 3933/9056 3931/9046
f 3828/9047 3829/9057 3833/9044
f 3833/9044 3829/9057 3931/9046
s 0
f 4191/9058 4789/9059 3681/9060
s 1
f 3681/9060 4789/9059 4277/9061
f 4277/9061 4789/9059 5037/9062
f 3681/9060 4277/9061 4090/9063
f 3681/9060 4090/9063 4095/9064
f 4090/9063 4277/9061 4097/9065
f 4090/9063 4097/9065 4095/9064
f 3681/9060 4095/9064 3919/9066
f 4277/9061 5037/9062 4335/9067
f 4277/9061 4335/9067 4097/9065
f 3919/9066 4095/9064 4015/9068
f 3919/9066 4015/9068 3765/9069
f 4095/9064 4097/9065 4096/9070
f 4095/9064 4096/9070 4015/9068
f 4096/9070 4097/9065 4088/9071
f 4015/9068 4096/9070 4104/9072
f 4104/9072 4096/9070 4088/9071
f 4015/9068 4104/9072 3918/9073
f 4015/9068 3918/9073 3767/9074
f 3918/9073 4104/9072 4064/9075
f 4064/9075 4104/9072 4088/9071
f 3918/9073 4064/9075 3799/9076
f 3799/9076 4064/9075 3864/9077
f 4112/9078 4088/9071 4097/9065
f 4112/9078 4097/9065 4335/9067
f 3864/9077 4064/9075 4005/9079
f 4064/9075 4088/9071 4013/9080
f 4064/9075 4013/9080 4005/9079
f 3864/9077 4005/9079 3973/9081
f 3973/9081 4005/9079 4013/9080
f 3864/9077 3973/9081 3837/9082
f 3864/9077 3837/9082 3783/9083
f 3837/9082 3973/9081 3944/9084
f 3944/9084 3973/9081 4019/9085
f 4019/9085 3973/9081 4013/9080
f 3837/9082 3944/9084 3822/9086
f 4036/9087 4013/9080 4088/9071
f 4036/9087 4088/9071 4112/9078
f 3817/9088 3792/9089 3837/9082
f 3817/9088 3837/9082 3822/9086
f 3817/9088 3822/9086 3797/9090
f 3797/9090 3822/9086 3808/9091
f 3797/9090 3808/9091 3774/9092
f 3774/9092 3808/9091 3771/9093
f 3771/9093 3808/9091 3716/9094
f 3716/9094 3808/9091 3813/9095
f 3813/9095 3808/9091 3827/9096
f 3827/9096 3808/9091 3822/9086
f 3813/9095 3827/9096 3835/9097
f 3835/9097 3827/9096 3967/9098
f 3827/9096 3822/9086 3936/9099
f 3827/9096 3936/9099 3967/9098
f 3936/9099 3822/9086 3944/9084
f 3936/9099 3944/9084 4019/9085
f 3967/9098 3936/9099 4021/9100
f 4021/9100 3936/9099 4019/9085
f 3967/9098 4021/9100 4025/9101
f 4021/9100 4019/9085 4023/9102
f 4021/9100 4023/9102 4025/9101
f 4023/9102 4019/9085 4013/9080
f 4025/9101 4023/9102 4084/9103
f 4023/9102 4013/9080 4078/9104
f 4084/9103 4023/9102 4024/9105
f 4024/9105 4023/9102 4078/9104
f 4078/9104 4013/9080 4036/9087
f 4084/9103 4024/9105 4235/9106
f 4235/9106 4024/9105 4078/9104
f 4084/9103 4235/9106 4208/9107
f 4084/9103 4208/9107 4183/9108
f 4183/9108 4208/9107 4372/9109
f 4372/9109 4208/9107 4235/9106
f 4183/9108 4372/9109 4370/9110
f 4370/9110 4372/9109 4625/9111
f 4625/9111 4372/9109 4235/9106
f 4625/9111 4235/9106 4314/9112
f 4314/9112 4235/9106 4078/9104
f 4314/9112 4078/9104 4300/9113
f 4625/9111 4314/9112 4424/9114
f 4424/9114 4314/9112 4300/9113
f 4300/9113 4078/9104 4126/9115
f 4300/9113 4126/9115 4424/9114
f 4126/9115 4078/9104 4180/9116
f 4126/9115 4180/9116 4424/9114
f 4180/9116 4078/9104 4036/9087
f 4180/9116 4036/9087 4112/9078
f 4625/9111 4424/9114 5035/9117
f 4424/9114 4180/9116 4486/9118
f 4486/9118 4180/9116 4112/9078
f 4424/9114 4486/9118 5035/9117
f 4625/9111 5035/9117 5180/9119
f 4486/9118 4112/9078 4422/9120
f 4422/9120 4112/9078 4335/9067
f 5035/9117 4486/9118 5139/9121
f 5139/9121 4486/9118 4422/9120
f 5180/9119 5035/9117 5354/9122
s 0
f 5180/9119 5354/9122 5315/9123
s 1
f 5315/9123 5354/9122 5409/9124
f 5409/9124 5354/9122 5480/9125
f 4422/9120 4335/9067 4981/9126
f 4422/9120 4981/9126 5139/9121
f 4981/9126 4335/9067 4800/9127
f 4800/9127 4335/9067 5037/9062
f 4800/9127 5037/9062 5271/9128
f 4800/9127 5271/9128 4981/9126
f 5271/9128 5037/9062 5347/9129
f 5271/9128 5347/9129 5373/9130
f 4981/9126 5271/9128 5339/9131
f 5339/9131 5271/9128 5373/9130
f 5336/9132 5139/9121 4981/9126
f 5336/9132 4981/9126 5339/9131
f 5139/9121 5336/9132 5362/9133
f 5336/9132 5339/9131 5388/9134
f 5388/9134 5339/9131 5373/9130
f 5362/9133 5336/9132 5427/9135
f 5427/9135 5336/9132 5388/9134
f 5139/9121 5362/9133 5368/9136
f 5368/9136 5362/9133 5427/9135
f 5139/9121 5368/9136 5035/9117
f 5035/9117 5368/9136 5354/9122
f 5354/9122 5368/9136 5455/9137
f 5455/9137 5368/9136 5427/9135
f 5354/9122 5455/9137 5480/9125
f 5427/9135 5388/9134 5402/9138
f 5427/9135 5402/9138 5455/9137
f 5402/9138 5388/9134 5373/9130
f 5480/9125 5455/9137 5457/9139
f 5457/9139 5455/9137 5402/9138
f 5402/9138 5373/9130 5407/9140
f 5402/9138 5407/9140 5457/9139
f 5407/9140 5373/9130 5386/9141
f 5386/9141 5373/9130 5385/9142
f 5386/9141 5385/9142 5605/9143
f 5407/9140 5386/9141 5453/9144
f 5453/9144 5386/9141 5605/9143
f 5457/9139 5407/9140 5465/9145
f 5465/9145 5407/9140 5453/9144
f 5506/9146 5480/9125 5457/9139
f 5480/9125 5506/9146 5496/9147
f 5457/9139 5465/9145 5520/9148
f 5457/9139 5520/9148 5506/9146
f 5465/9145 5453/9144 5559/9149
f 5559/9149 5453/9144 5605/9143
f 5465/9145 5559/9149 5610/9150
f 5465/9145 5610/9150 5520/9148
f 5506/9146 5520/9148 5607/9151
f 5506/9146 5607/9151 5565/9152
f 5559/9149 5605/9143 5685/9153
f 5559/9149 5685/9153 5610/9150
f 5685/9153 5605/9143 5902/9154
f 5902/9154 5605/9143 6143/9155
f 5610/9150 5685/9153 5803/9156
f 5803/9156 5685/9153 5902/9154
f 5902/9154 6143/9155 6296/9157
f 5902/9154 6296/9157 5803/9156
f 6296/9157 6143/9155 6714/9158
f 6990/9159 6866/9160 6714/9158
f 6714/9158 6866/9160 6733/9161
f 6296/9157 6714/9158 6346/9162
f 6346/9162 6714/9158 6733/9161
f 6296/9157 6346/9162 5803/9156
f 6346/9162 6733/9161 5945/9163
f 6346/9162 5945/9163 5803/9156
f 5945/9163 6733/9161 6727/9164
f 5945/9163 6727/9164 6117/9165
f 5803/9156 5945/9163 5741/9166
f 5741/9166 5945/9163 6117/9165
f 5803/9156 5741/9166 5610/9150
f 5610/9150 5741/9166 5611/9167
f 5610/9150 5611/9167 5520/9148
f 5741/9166 6117/9165 5773/9168
f 5741/9166 5773/9168 5611/9167
f 5773/9168 6117/9165 5860/9169
f 5860/9169 6117/9165 6595/9170
f 5611/9167 5773/9168 5669/9171
f 5611/9167 5669/9171 5520/9148
f 5669/9171 5773/9168 5860/9169
f 5520/9148 5669/9171 5607/9151
f 5669/9171 5860/9169 5713/9172
f 5669/9171 5713/9172 5607/9151
f 1540/9173 1338/9174 1550/7529
f 1540/9173 1550/7529 1538/9175
f 1538/9175 1550/7529 1592/7537
f 1550/7529 1338/9174 1280/7526
f 1538/9175 1592/7537 1452/7560
f 1540/9173 1538/9175 1409/9176
f 1540/9173 1409/9176 1338/9174
f 1409/9176 1538/9175 1452/7560
f 1338/9174 1409/9176 1231/9177
f 1231/9177 1409/9176 1452/7560
f 1338/9174 1231/9177 1280/7526
f 1231/9177 1452/7560 1224/9178
f 1231/9177 1224/9178 1280/7526
f 1224/9178 1452/7560 1092/9179
f 1092/9179 1452/7560 1123/7572
f 1280/7526 1224/9178 1113/9180
f 1113/9180 1224/9178 1092/9179
f 1280/7526 1113/9180 885/7523
f 1092/9179 1123/7572 700/7594
f 1113/9180 1092/9179 1097/9181
f 1113/9180 1097/9181 1098/9182
f 1113/9180 1098/9182 885/7523
f 1097/9181 1092/9179 962/9183
f 1097/9181 962/9183 1098/9182
f 962/9183 1092/9179 859/9184
f 859/9184 1092/9179 700/7594
f 1098/9182 962/9183 993/9185
f 1098/9182 993/9185 885/7523
f 993/9185 962/9183 833/9186
f 833/9186 962/9183 859/9184
f 993/9185 833/9186 839/9187
f 839/9187 833/9186 859/9184
f 993/9185 839/9187 885/7523
f 839/9187 859/9184 845/9188
f 839/9187 845/9188 885/7523
f 730/9189 859/9184 700/7594
f 859/9184 730/9189 845/9188
f 885/7523 845/9188 735/9190
f 735/9190 845/9188 730/9189
f 885/7523 735/9190 633/7520
f 730/9189 700/7594 704/9191
f 730/9189 704/9191 735/9190
f 633/7520 735/9190 686/9192
f 686/9192 735/9190 704/9191
f 633/7520 686/9192 540/7521
f 540/7521 686/9192 627/9193
f 627/9193 686/9192 704/9191
f 540/7521 627/9193 536/9194
f 638/9195 704/9191 700/7594
f 704/9191 638/9195 627/9193
f 627/9193 638/9195 536/9194
f 638/9195 700/7594 547/7602
f 638/9195 547/7602 536/9194
f 5077/9196 5239/9197 5270/9198
f 5239/9197 5077/9196 5014/9199
f 5239/9197 5014/9199 5216/9200
f 5216/9200 5014/9199 4943/9201
f 5239/9197 5216/9200 5235/9202
f 5239/9197 5235/9202 5270/9198
f 5235/9202 5216/9200 5099/9203
f 5235/9202 5099/9203 5294/9204
f 5235/9202 5294/9204 5270/9198
f 5294/9204 5099/9203 5329/9205
f 5329/9205 5099/9203 5288/9206
f 5270/9198 5294/9204 5306/9207
f 5306/9207 5294/9204 5302/9208
f 5302/9208 5294/9204 5329/9205
f 5270/9198 5306/9207 5304/9209
f 5361/9210 5077/9196 5270/9198
f 5361/9210 5270/9198 5304/9209
f 5077/9196 5361/9210 5240/9211
f 5304/9209 5306/9207 5303/9212
f 5303/9212 5306/9207 5302/9208
f 5304/9209 5303/9212 5352/9213
f 5304/9209 5352/9213 5361/9210
f 5303/9212 5302/9208 5343/9214
f 5303/9212 5343/9214 5352/9213
f 5343/9214 5302/9208 5329/9205
f 5361/9210 5352/9213 5441/9215
f 5352/9213 5343/9214 5442/9216
f 5352/9213 5442/9216 5441/9215
f 5442/9216 5343/9214 5423/9217
f 5423/9217 5343/9214 5329/9205
f 5441/9215 5442/9216 5454/9218
f 5441/9215 5454/9218 5361/9210
f 5454/9218 5442/9216 5423/9217
f 5519/9219 5240/9211 5361/9210
f 5519/9219 5361/9210 5454/9218
f 5240/9211 5519/9219 5517/9220
f 5517/9220 5519/9219 5561/9221
f 5561/9221 5519/9219 5529/9222
f 5529/9222 5519/9219 5454/9218
f 5529/9222 5454/9218 5423/9217
f 5529/9222 5423/9217 5522/9223
f 5522/9223 5423/9217 5401/9224
f 5401/9224 5423/9217 5329/9205
f 5522/9223 5401/9224 5509/9225
f 5509/9225 5401/9224 5432/9226
f 5509/9225 5432/9226 5472/9227
f 5401/9224 5329/9205 5355/9228
f 5432/9226 5401/9224 5365/9229
f 5365/9229 5401/9224 5355/9228
f 5472/9227 5432/9226 5425/9230
f 5425/9230 5432/9226 5365/9229
f 5472/9227 5425/9230 5409/9231
f 5472/9227 5409/9231 5480/9232
f 5425/9230 5365/9229 5356/9233
f 5356/9233 5365/9229 5355/9228
f 5409/9231 5425/9230 5349/9234
f 5349/9234 5425/9230 5356/9233
f 5409/9231 5349/9234 5315/9235
f 5349/9234 5356/9233 5355/9228
f 5349/9234 5355/9228 5331/9236
f 5349/9234 5331/9236 5327/9237
f 5327/9237 5331/9236 5323/9238
f 5323/9238 5331/9236 5310/9239
f 5323/9238 5310/9239 5284/9240
f 5331/9236 5355/9228 5317/9241
f 5317/9241 5355/9228 5329/9205
f 5317/9241 5329/9205 5288/9206
f 5331/9236 5317/9241 5301/9242
f 5331/9236 5301/9242 5310/9239
f 5301/9242 5317/9241 5288/9206
f 5310/9239 5301/9242 5276/9243
f 5276/9243 5301/9242 5288/9206
f 1785/9244 1740/9245 1812/9246
f 1812/9246 1740/9245 1789/9247
f 1785/9244 1812/9246 1764/9248
f 1785/9244 1764/9248 1749/9249
f 1749/9249 1764/9248 1726/9250
f 1812/9246 1789/9247 1848/9251
f 1848/9251 1789/9247 1815/9252
f 1848/9251 1815/9252 1857/9253
f 1726/9250 1764/9248 1765/9254
f 1726/9250 1765/9254 1700/9255
f 1856/9256 1764/9248 1812/9246
f 1764/9248 1856/9256 1765/9254
f 1812/9246 1848/9251 1884/9257
f 1812/9246 1884/9257 1856/9256
f 1848/9251 1857/9253 1883/9258
f 1884/9257 1848/9251 1890/9259
f 1890/9259 1848/9251 1883/9258
f 1883/9258 1857/9253 1899/9260
f 1884/9257 1890/9259 1935/9261
f 1899/9260 1857/9253 1820/9262
f 1856/9256 1884/9257 1978/9263
f 1978/9263 1884/9257 1935/9261
f 1890/9259 1883/9258 1937/9264
f 1890/9259 1937/9264 1945/9265
f 1890/9259 1945/9265 1935/9261
f 1937/9264 1883/9258 1919/9266
f 1919/9266 1883/9258 1899/9260
f 1945/9265 1937/9264 1948/9267
f 1945/9265 1948/9267 1935/9261
f 1948/9267 1937/9264 1919/9266
f 1948/9267 1919/9266 2062/9268
f 1948/9267 2062/9268 1935/9261
f 2062/9268 1919/9266 1899/9260
f 2132/9269 1978/9263 1935/9261
f 2132/9269 1935/9261 2062/9268
f 2132/9269 2062/9268 2422/9270
f 2132/9269 2422/9270 2232/9271
f 1978/9263 2132/9269 2029/9272
f 2029/9272 2132/9269 2232/9271
f 1978/9263 2029/9272 1856/9256
f 2134/9273 2232/9271 2638/9274
f 2232/9271 2134/9273 2029/9272
f 1856/9256 2029/9272 1865/9275
f 1856/9256 1865/9275 1765/9254
f 1865/9275 2029/9272 1852/9276
f 1865/9275 1852/9276 1765/9254
f 1852/9276 2029/9272 1913/9277
f 1913/9277 2029/9272 2134/9273
f 1765/9254 1852/9276 1781/9278
f 1781/9278 1852/9276 1913/9277
f 1765/9254 1781/9278 1712/9279
f 1765/9254 1712/9279 1700/9255
f 1700/9255 1712/9279 1686/9280
f 1712/9279 1781/9278 1771/9281
f 1771/9281 1781/9278 1913/9277
f 1686/9280 1712/9279 1705/9282
f 1705/9282 1712/9279 1771/9281
f 1686/9280 1705/9282 1678/9283
f 1678/9283 1705/9282 1925/9284
f 1925/9284 1705/9282 1761/9285
f 1761/9285 1705/9282 1771/9281
f 1925/9284 1761/9285 1888/9286
f 1888/9286 1761/9285 1771/9281
f 1925/9284 1888/9286 2543/9287
f 2543/9287 1888/9286 2240/9288
f 2543/9287 2240/9288 2536/9289
f 2240/9288 1888/9286 2051/9290
f 2240/9288 2051/9290 2536/9289
f 1888/9286 1771/9281 1887/9291
f 1888/9286 1887/9291 2051/9290
f 1887/9291 1771/9281 1950/9292
f 1950/9292 1771/9281 1913/9277
f 1950/9292 1913/9277 2134/9273
f 1887/9291 1950/9292 2115/9293
f 2115/9293 1950/9292 2134/9273
f 2051/9290 1887/9291 1946/9294
f 1946/9294 1887/9291 2115/9293
f 2051/9290 1946/9294 2198/9295
f 2198/9295 1946/9294 2115/9293
f 2051/9290 2198/9295 2536/9289
f 2536/9289 2198/9295 2635/9296
f 2635/9296 2198/9295 2576/9297
f 2576/9297 2198/9295 2115/9293
f 2576/9297 2115/9293 2253/9298
f 2253/9298 2115/9293 2134/9273
f 2253/9298 2134/9273 2642/9299
f 7066/9300 7040/9301 7031/9302
f 7031/9302 7040/9301 6970/9303
f 7066/9300 7031/9302 7029/9304
f 7066/9300 7029/9304 7109/9305
f 7109/9305 7029/9304 7110/9306
f 7031/9302 6970/9303 6941/9307
f 7031/9302 6941/9307 7029/9304
f 6941/9307 6970/9303 6856/9308
f 7110/9306 7029/9304 6944/9309
f 6856/9308 6970/9303 6849/9310
f 6849/9310 6970/9303 6942/9311
f 6849/9310 6942/9311 6846/9312
f 6849/9310 6846/9312 6811/9313
f 6849/9310 6811/9313 6856/9308
f 7105/9314 7110/9306 6991/9315
f 6991/9315 7110/9306 6944/9309
f 6856/9308 6811/9313 6766/9316
f 6856/9308 6766/9316 6941/9307
f 6494/9317 6811/9313 6605/9318
f 6811/9313 6494/9317 6766/9316
f 6766/9316 6494/9317 6293/9319
f 6941/9307 6766/9316 6885/9320
f 6941/9307 6885/9320 7029/9304
f 6766/9316 6293/9319 6724/9321
f 6766/9316 6724/9321 6885/9320
f 6724/9321 6293/9319 6595/9322
f 7029/9304 6885/9320 6813/9323
f 6813/9323 6885/9320 6724/9321
f 6813/9323 6724/9321 6595/9322
f 7029/9304 6813/9323 6944/9309
f 6813/9323 6595/9322 6727/9324
f 6813/9323 6727/9324 6944/9309
f 6727/9324 6595/9322 6117/9325
f 6944/9309 6727/9324 6733/9326
f 6944/9309 6733/9326 6841/9327
f 6944/9309 6841/9327 6991/9315
f 6841/9327 6733/9326 6866/9328
f 6991/9315 6841/9327 7000/9329
f 7000/9329 6841/9327 6866/9328
f 1709/9330 1683/9331 1692/9332
f 1691/9333 1692/9332 1703/9334
f 1703/9334 1692/9332 1697/9335
f 1703/9334 1697/9335 1776/9336
f 1776/9336 1697/9335 1787/9337
f 1697/9335 1692/9332 1716/9338
f 1787/9337 1697/9335 1741/9339
f 1741/9339 1697/9335 1716/9338
f 1787/9337 1741/9339 1820/9262
f 1787/9337 1820/9262 1834/9340
f 1820/9262 1741/9339 1847/9341
f 1820/9262 1847/9341 1899/9260
f 1741/9339 1716/9338 1810/9342
f 1741/9339 1810/9342 1847/9341
f 1720/9343 1716/9338 1692/9332
f 1720/9343 1692/9332 1683/9331
f 1810/9342 1716/9338 1766/9344
f 1766/9344 1716/9338 1720/9343
f 1847/9341 1810/9342 1860/9345
f 1860/9345 1810/9342 1766/9344
f 1909/9346 1899/9260 1847/9341
f 1909/9346 1847/9341 1860/9345
f 1899/9260 1909/9346 2062/9268
f 1860/9345 1766/9344 1876/9347
f 1860/9345 1876/9347 1909/9346
f 2062/9268 1909/9346 1939/9348
f 1939/9348 1909/9346 1876/9347
f 2062/9268 1939/9348 2059/9349
f 1876/9347 1766/9344 1824/9350
f 1939/9348 1876/9347 1908/9351
f 1908/9351 1876/9347 1824/9350
f 2059/9349 1939/9348 1955/9352
f 1955/9352 1939/9348 1908/9351
f 1908/9351 1824/9350 1893/9353
f 1908/9351 1893/9353 1955/9352
f 1824/9350 1766/9344 1854/9354
f 2059/9349 1955/9352 1964/9355
f 1964/9355 1955/9352 1893/9353
f 1824/9350 1854/9354 1893/9353
f 2059/9349 1964/9355 2015/9356
f 2015/9356 1964/9355 1893/9353
f 2059/9349 2015/9356 2092/9357
f 2092/9357 2015/9356 2083/9358
f 2015/9356 1893/9353 1995/9359
f 2015/9356 1995/9359 2083/9358
f 1995/9359 1893/9353 1854/9354
f 2083/9358 1995/9359 2108/9360
f 2083/9358 2108/9360 2155/9361
f 2155/9361 2108/9360 2165/9362
f 2165/9362 2108/9360 2205/9363
f 2205/9363 2108/9360 2227/9364
f 2108/9360 1995/9359 2091/9365
f 2108/9360 2091/9365 2458/9366
f 2091/9365 1995/9359 1962/9367
f 1962/9367 1995/9359 1854/9354
f 2458/9366 2091/9365 2085/9368
f 2085/9368 2091/9365 1962/9367
f 2458/9366 2085/9368 2147/9369
f 2147/9369 2085/9368 2158/9370
f 2158/9370 2085/9368 2039/9371
f 2039/9371 2085/9368 1962/9367
f 2039/9371 1962/9367 1934/9372
f 1934/9372 1962/9367 1854/9354
f 2039/9371 1934/9372 1968/9373
f 2039/9371 1968/9373 1931/9374
f 1934/9372 1854/9354 1797/9375
f 1934/9372 1797/9375 1968/9373
f 1968/9373 1797/9375 1870/9376
f 1968/9373 1870/9376 1931/9374
f 1797/9375 1854/9354 1769/9377
f 1797/9375 1769/9377 1870/9376
f 1931/9374 1870/9376 1829/9378
f 1829/9378 1870/9376 1769/9377
f 1931/9374 1829/9378 1924/9379
f 1769/9377 1854/9354 1720/9343
f 1769/9377 1720/9343 1829/9378
f 1720/9343 1854/9354 1766/9344
f 1829/9378 1720/9343 1802/9380
f 1829/9378 1802/9380 1822/9381
f 1802/9380 1720/9343 1723/9382
f 1802/9380 1723/9382 1833/9383
f 1723/9382 1720/9343 1683/9331
f 1833/9383 1723/9382 1753/9384
f 1753/9384 1723/9382 1683/9331
f 7018/9385 6906/9386 6859/9387
f 6906/9386 7018/9385 6784/9388
f 7018/9385 6859/9387 6928/9389
f 6928/9389 6859/9387 6759/9390
f 7018/9385 6928/9389 7094/9391
f 7094/9391 6928/9389 7050/9392
f 7094/9391 7050/9392 7138/9393
f 7094/9391 7138/9393 7137/9394
f 7138/9393 7050/9392 6980/9395
f 6980/9395 7050/9392 6928/9389
f 7137/9394 7138/9393 7124/9396
f 7124/9396 7138/9393 6980/9395
f 7137/9394 7124/9396 7062/9397
f 7137/9394 7062/9397 7098/9398
f 7098/9398 7062/9397 7052/9399
f 7052/9399 7062/9397 6978/9400
f 7062/9397 7124/9396 6967/9401
f 6967/9401 7124/9396 6980/9395
f 6967/9401 6980/9395 6873/9402
f 6873/9402 6980/9395 6907/9403
f 6873/9402 6907/9403 6967/9401
f 6907/9403 6980/9395 6928/9389
f 7062/9397 6967/9401 6963/9404
f 6963/9404 6967/9401 6907/9403
f 6929/9405 6978/9400 7062/9397
f 6929/9405 7062/9397 6963/9404
f 6963/9404 6907/9403 6872/9406
f 6963/9404 6872/9406 6929/9405
f 6907/9403 6928/9389 6808/9407
f 6907/9403 6808/9407 6872/9406
f 6978/9400 6929/9405 6843/9408
f 6978/9400 6843/9408 6876/9409
f 6843/9408 6929/9405 6754/9410
f 6876/9409 6843/9408 6800/9411
f 6876/9409 6800/9411 6753/9412
f 6800/9411 6843/9408 6742/9413
f 6742/9413 6843/9408 6754/9410
f 6753/9412 6800/9411 6757/9414
f 6757/9414 6800/9411 6742/9413
f 6757/9414 6742/9413 6661/9415
f 6757/9414 6661/9415 6753/9412
f 6661/9415 6742/9413 6754/9410
f 6811/9416 6753/9412 6605/9417
f 6605/9417 6753/9412 6661/9415
f 6605/9417 6661/9415 6297/9418
f 6661/9415 6754/9410 6649/9419
f 6297/9418 6661/9415 6570/9420
f 6570/9420 6661/9415 6649/9419
f 6297/9418 6570/9420 6371/9421
f 6297/9418 6371/9421 6323/9422
f 6570/9420 6649/9419 6585/9423
f 6570/9420 6585/9423 6371/9421
f 6585/9423 6649/9419 6754/9410
f 6371/9421 6585/9423 6323/9422
f 6585/9423 6754/9410 6695/9424
f 6585/9423 6695/9424 6323/9422
f 6695/9424 6754/9410 6929/9405
f 6695/9424 6929/9405 6872/9406
f 6323/9422 6695/9424 6190/9425
f 6190/9425 6695/9424 6349/9426
f 6190/9425 6349/9426 6216/9427
f 6216/9427 6349/9426 6275/9428
f 6216/9427 6275/9428 6251/9429
f 6349/9426 6695/9424 6600/9430
f 6695/9424 6872/9406 6736/9431
f 6695/9424 6736/9431 6600/9430
f 6736/9431 6872/9406 6839/9432
f 6839/9432 6872/9406 6808/9407
f 6349/9426 6600/9430 6471/9433
f 6349/9426 6471/9433 6275/9428
f 6839/9432 6808/9407 6801/9434
f 6736/9431 6839/9432 6751/9435
f 6751/9435 6839/9432 6801/9434
f 6589/9436 6600/9430 6736/9431
f 6589/9436 6736/9431 6751/9435
f 6751/9435 6801/9434 6737/9437
f 6737/9437 6801/9434 6808/9407
f 6589/9436 6751/9435 6560/9438
f 6560/9438 6751/9435 6737/9437
f 6600/9430 6589/9436 6572/9439
f 6572/9439 6589/9436 6560/9438
f 6572/9439 6560/9438 6737/9437
f 6600/9430 6572/9439 6471/9433
f 6471/9433 6572/9439 6737/9437
f 6737/9437 6808/9407 6303/9440
f 6737/9437 6303/9440 6471/9433
f 6303/9440 6808/9407 6928/9389
f 6303/9440 6928/9389 6759/9390
f 6303/9440 6759/9390 6549/9441
f 6303/9440 6549/9441 6235/9442
f 6303/9440 6235/9442 5875/9443
f 6303/9440 5875/9443 5774/9444
f 5774/9444 5875/9443 5751/9445
f 6303/9440 5774/9444 5820/9446
f 5820/9446 5774/9444 5755/9447
f 6056/9448 6471/9433 6303/9440
f 6056/9448 6303/9440 5820/9446
f 6471/9433 6056/9448 6275/9428
f 5820/9446 5755/9447 5779/9449
f 6275/9428 6056/9448 5904/9450
f 5904/9450 6056/9448 5820/9446
f 5820/9446 5779/9449 5825/9451
f 5820/9446 5825/9451 5904/9450
f 5825/9451 5779/9449 5858/9452
f 6275/9428 5904/9450 6039/9453
f 6039/9453 5904/9450 5825/9451
f 6039/9453 5825/9451 5858/9452
f 6275/9428 6039/9453 6251/9429
f 6251/9429 6039/9453 5858/9452
f 338/9454 335/9455 348/9456
f 348/9456 335/9455 386/9457
f 338/9454 348/9456 204/8071
f 204/8071 348/9456 381/8038
f 381/8038 348/9456 388/8041
f 388/8041 348/9456 386/9457
f 388/8041 386/9457 378/9458
f 378/9458 386/9457 335/9455
f 388/8041 378/9458 402/9459
f 388/8041 402/9459 476/9460
f 476/9460 402/9459 463/9461
f 388/8041 476/9460 470/8020
f 476/9460 463/9461 552/8018
f 476/9460 552/8018 470/8020
f 378/9458 335/9455 103/9462
f 378/9458 103/9462 247/9463
f 247/9463 103/9462 3493/9464
f 3493/9464 103/9462 3680/9465
f 3493/9464 3680/9465 3741/9466
f 3741/9466 3680/9465 3813/9467
f 3813/9467 3680/9465 3716/9468
f 3680/9465 103/9462 3497/9469
f 3716/9468 3680/9465 3578/9470
f 3578/9470 3680/9465 3497/9469
f 3716/9468 3578/9470 3610/9471
f 3578/9470 3497/9469 3490/9472
f 3716/9468 3610/9471 3620/9473
f 3716/9468 3620/9473 3771/9474
f 3610/9471 3578/9470 3536/9475
f 3536/9475 3578/9470 3490/9472
f 3610/9471 3536/9475 3620/9473
f 3771/9474 3620/9473 3774/8075
f 3490/9472 3497/9469 3455/9476
f 3490/9472 3455/9476 3536/9475
f 3774/8075 3620/9473 3523/9477
f 3774/8075 3523/9477 3624/8073
f 3624/8073 3523/9477 204/8071
f 3523/9477 3620/9473 57/9478
f 57/9478 3620/9473 3536/9475
f 3523/9477 57/9478 204/8071
f 57/9478 3536/9475 3455/9476
f 9/9479 3455/9476 3497/9469
f 9/9479 3497/9469 103/9462
f 3455/9476 9/9479 3383/9480
f 3455/9476 3383/9480 57/9478
f 57/9478 3383/9480 9/9479
f 9/9479 103/9462 136/9481
f 9/9479 136/9481 57/9478
f 136/9481 103/9462 335/9455
f 57/9478 136/9481 120/9482
f 227/9483 204/8071 57/9478
f 227/9483 57/9478 120/9482
f 204/8071 227/9483 338/9454
f 120/9482 136/9481 198/9484
f 120/9482 198/9484 227/9483
f 136/9481 335/9455 206/9485
f 136/9481 206/9485 198/9484
f 285/9486 335/9455 338/9454
f 285/9486 338/9454 227/9483
f 206/9485 335/9455 269/9487
f 269/9487 335/9455 285/9486
f 285/9486 227/9483 237/9488
f 285/9486 237/9488 269/9487
f 214/9489 227/9483 198/9484
f 227/9483 214/9489 237/9488
f 214/9489 198/9484 206/9485
f 237/9488 214/9489 269/9487
f 269/9487 214/9489 206/9485
f 5641/9490 5657/9491 5587/9492
f 5657/9491 5641/9490 5639/9493
f 5639/9493 5641/9490 5585/9494
f 5585/9494 5641/9490 5587/9492
f 5587/9492 5657/9491 5642/9495
f 5657/9491 5639/9493 5646/9496
f 5642/9495 5657/9491 5637/9497
f 5637/9497 5657/9491 5646/9496
f 5646/9496 5639/9493 5686/9498
f 5686/9498 5639/9493 5585/9494
f 5637/9497 5646/9496 5735/9499
f 5735/9499 5646/9496 5686/9498
f 5637/9497 5735/9499 5650/9500
f 5642/9495 5637/9497 5590/9501
f 5590/9501 5637/9497 5650/9500
f 5642/9495 5590/9501 5587/9492
f 5590/9501 5650/9500 5572/9502
f 5587/9492 5590/9501 5534/9503
f 5534/9503 5590/9501 5572/9502
f 5587/9492 5534/9503 5585/9494
f 5534/9503 5572/9502 5522/9504
f 5534/9503 5522/9504 5509/9505
f 5534/9503 5509/9505 5472/9506
f 5534/9503 5472/9506 5496/9507
f 5496/9507 5472/9506 5480/9508
f 5585/9494 5534/9503 5565/9509
f 5565/9509 5534/9503 5496/9507
f 5565/9509 5496/9507 5506/9510
f 5585/9494 5565/9509 5686/9498
f 5686/9498 5565/9509 5607/9511
f 5686/9498 5607/9511 5713/9512
f 5686/9498 5713/9512 5837/9513
f 5837/9513 5713/9512 5860/9514
f 5686/9498 5837/9513 5888/9515
f 5686/9498 5888/9515 5735/9499
f 5837/9513 5860/9514 6293/9516
f 6293/9516 5860/9514 6595/9517
f 5837/9513 6293/9516 5888/9515
f 5735/9499 5888/9515 6128/9518
f 5888/9515 6293/9516 6197/9519
f 6197/9519 6293/9516 6494/9520
f 6128/9518 5888/9515 6230/9521
f 6230/9521 5888/9515 6197/9519
f 6605/9522 6297/9523 6128/9518
f 6605/9522 6128/9518 6397/9524
f 6397/9524 6128/9518 6230/9521
f 6605/9522 6397/9524 6494/9520
f 6230/9521 6197/9519 6336/9525
f 6336/9525 6197/9519 6494/9520
f 6397/9524 6230/9521 6269/9526
f 6269/9526 6230/9521 6336/9525
f 6494/9520 6397/9524 6460/9527
f 6494/9520 6460/9527 6336/9525
f 6460/9527 6397/9524 6269/9526
f 6460/9527 6269/9526 6336/9525
f 1322/9528 1255/9529 1298/9530
f 1252/9531 1233/9532 1255/9533
f 1491/9534 1119/9535 1180/9536
f 1119/9535 1491/9534 1742/9537
s 0
f 1119/9535 1742/9537 1486/9538
s 1
f 1486/9538 1742/9537 1685/9539
f 4764/9540 5435/9541 5417/9542
