# Blender 5.0.1
# www.blender.org
mtllib street_light.mtl
o SM_Street_Light
v -0.056049 2.580366 0.423649
v -0.115957 2.580366 0.448865
v -0.165139 2.580366 0.491358
v -0.198784 2.580366 0.546969
v -0.213597 2.580366 0.610256
v -0.208128 2.580366 0.675024
v -0.182912 2.580366 0.734931
v -0.140420 2.580366 0.784114
v -0.084807 2.580366 0.817759
v -0.021520 2.580366 0.832572
v 0.043246 2.580366 0.827103
v 0.103153 2.580366 0.801888
v 0.152336 2.580366 0.759395
v 0.185981 2.580366 0.703782
v 0.200794 2.580366 0.640495
v 0.195325 2.580366 0.575728
v 0.170110 2.580366 0.515821
v 0.127617 2.580366 0.466638
v 0.072004 2.580366 0.432993
v 0.008717 2.580366 0.418180
v -0.051995 2.557498 0.440129
v -0.107003 2.557493 0.463289
v -0.152167 2.557493 0.502310
v -0.183063 2.557493 0.553378
v -0.196665 2.557493 0.611492
v -0.191641 2.557492 0.670966
v -0.168487 2.557492 0.725977
v -0.129467 2.557493 0.771141
v -0.078400 2.557493 0.802036
v -0.020285 2.557492 0.815639
v 0.039188 2.557492 0.810616
v 0.094200 2.557492 0.787462
v 0.139363 2.557492 0.748441
v 0.170259 2.557492 0.697374
v 0.183861 2.557492 0.639259
v 0.178838 2.557491 0.579785
v 0.155684 2.557491 0.524775
v 0.116663 2.557492 0.479611
v 0.065597 2.557492 0.448716
v 0.007481 2.557495 0.435110
v -0.048576 2.543356 0.454037
v -0.099416 2.543301 0.475511
v -0.141170 2.543295 0.511595
v -0.169734 2.543295 0.558809
v -0.182310 2.543295 0.612540
v -0.177667 2.543295 0.667526
v -0.156259 2.543295 0.718388
v -0.120182 2.543295 0.760144
v -0.072968 2.543295 0.788708
v -0.019238 2.543295 0.801284
v 0.035749 2.543295 0.796641
v 0.086610 2.543295 0.775234
v 0.128366 2.543295 0.739157
v 0.156930 2.543295 0.691942
v 0.169507 2.543295 0.638211
v 0.164863 2.543295 0.583224
v 0.143455 2.543295 0.532364
v 0.107379 2.543295 0.490608
v 0.060165 2.543295 0.462044
v 0.006422 2.543325 0.449431
v -0.044882 2.530074 0.469054
v -0.091249 2.530005 0.488668
v -0.129336 2.529998 0.521586
v -0.155392 2.529998 0.564655
v -0.166864 2.529998 0.613667
v -0.162628 2.529998 0.663826
v -0.143101 2.529997 0.710220
v -0.110192 2.529997 0.748310
v -0.067123 2.529997 0.774365
v -0.018110 2.529997 0.785838
v 0.032048 2.529997 0.781602
v 0.078442 2.529997 0.762075
v 0.116532 2.529997 0.729166
v 0.142588 2.529997 0.686097
v 0.154060 2.529997 0.637084
v 0.149825 2.529997 0.586926
v 0.130297 2.529997 0.540532
v 0.097387 2.529997 0.502442
v 0.054319 2.529997 0.476386
v 0.005292 2.530036 0.464866
v 0.041906 2.572032 0.821654
v -0.021111 2.572032 0.826975
v -0.082690 2.572032 0.812562
v -0.136800 2.572032 0.779826
v -0.178144 2.572031 0.731972
v -0.202678 2.572031 0.673683
v -0.208000 2.572032 0.610665
v -0.193587 2.572031 0.549089
v -0.160852 2.572031 0.494978
v -0.112997 2.572031 0.453633
v -0.054709 2.572031 0.429098
v 0.008309 2.572032 0.423777
v 0.069887 2.572032 0.438190
v 0.123996 2.572032 0.470926
v 0.165342 2.572031 0.518780
v 0.189875 2.572030 0.577069
v 0.195197 2.572030 0.640086
v 0.180784 2.572031 0.701664
v 0.148048 2.572031 0.755774
v 0.100194 2.572031 0.797120
v -0.054000 2.580976 0.431978
v -0.111433 2.580976 0.456152
v -0.158585 2.580976 0.496891
v -0.190841 2.580976 0.550207
v -0.205042 2.580976 0.610881
v -0.199799 2.580976 0.672974
v -0.175625 2.580976 0.730408
v -0.134886 2.580976 0.777560
v -0.081569 2.580976 0.809816
v -0.020896 2.580976 0.824017
v 0.041198 2.580976 0.818774
v 0.098631 2.580976 0.794600
v 0.145783 2.580976 0.753861
v 0.178038 2.580976 0.700545
v 0.192240 2.580976 0.639871
v 0.186997 2.580976 0.577778
v 0.162823 2.580976 0.520344
v 0.122083 2.580976 0.473192
v 0.068767 2.580976 0.440936
v 0.008094 2.580976 0.426735
v -0.048134 2.551986 0.455811
v -0.098490 2.551986 0.477006
v -0.139832 2.551986 0.512724
v -0.168113 2.551986 0.559470
v -0.180564 2.551986 0.612667
v -0.175967 2.551986 0.667108
v -0.154772 2.551986 0.717465
v -0.119053 2.551986 0.758806
v -0.072307 2.551986 0.787087
v -0.019110 2.551986 0.799538
v 0.035331 2.551986 0.794941
v 0.085687 2.551986 0.773746
v 0.127029 2.551986 0.738027
v 0.155310 2.551986 0.691282
v 0.167761 2.551986 0.638084
v 0.163163 2.551986 0.583643
v 0.141969 2.551986 0.533287
v 0.106250 2.551986 0.491946
v 0.059504 2.551986 0.463665
v 0.006307 2.551986 0.451214
v -0.041027 2.528236 0.484687
v -0.082808 2.528236 0.502273
v -0.117108 2.528236 0.531909
v -0.140573 2.528236 0.570694
v -0.150904 2.528236 0.614832
v -0.147090 2.528236 0.660001
v -0.129504 2.528236 0.701782
v -0.099868 2.528236 0.736083
v -0.061082 2.528236 0.759548
v -0.016945 2.528236 0.769879
v 0.028224 2.528236 0.766064
v 0.070004 2.528236 0.748478
v 0.104305 2.528236 0.718843
v 0.127770 2.528236 0.680058
v 0.138101 2.528236 0.635920
v 0.134286 2.528236 0.590750
v 0.116700 2.528236 0.548970
v 0.087065 2.528236 0.514669
v 0.048280 2.528236 0.491204
v 0.004143 2.528236 0.480874
v 0.040335 2.576167 0.815271
v -0.020634 2.576167 0.820419
v -0.080209 2.576167 0.806475
v -0.132559 2.576167 0.774804
v -0.172560 2.576167 0.728506
v -0.196296 2.576167 0.672112
v -0.201444 2.576167 0.611144
v -0.187501 2.576167 0.551569
v -0.155829 2.576167 0.499219
v -0.109531 2.576167 0.459217
v -0.053137 2.576167 0.435481
v 0.007831 2.576167 0.430333
v 0.067406 2.576167 0.444277
v 0.119756 2.576167 0.475948
v 0.159757 2.576167 0.522247
v 0.183494 2.576167 0.578640
v 0.188642 2.576167 0.639608
v 0.174698 2.576167 0.699183
v 0.143026 2.576167 0.751534
v 0.096728 2.576167 0.791535
v -0.006402 2.484129 0.625376
v -0.006402 2.481704 0.625376
v -0.040258 2.516302 0.487832
v -0.035409 2.505063 0.507522
v -0.030074 2.498616 0.529193
v -0.081100 2.516300 0.505022
v -0.070407 2.505062 0.522253
v -0.058638 2.498616 0.541215
v -0.114636 2.516300 0.533996
v -0.099142 2.505062 0.547078
v -0.082089 2.498616 0.561476
v -0.137576 2.516299 0.571915
v -0.118797 2.505062 0.579569
v -0.098130 2.498616 0.587992
v -0.147677 2.516299 0.615067
v -0.127452 2.505062 0.616543
v -0.105193 2.498616 0.618167
v -0.143947 2.516299 0.659228
v -0.124256 2.505062 0.654381
v -0.102584 2.498615 0.649048
v -0.126754 2.516299 0.700075
v -0.109524 2.505062 0.689381
v -0.090562 2.498616 0.677612
v -0.097781 2.516299 0.733610
v -0.084699 2.505062 0.718115
v -0.070302 2.498616 0.701062
v -0.059863 2.516300 0.756551
v -0.052209 2.505062 0.737772
v -0.043786 2.498616 0.717105
v -0.016710 2.516300 0.766651
v -0.015234 2.505062 0.746426
v -0.013610 2.498616 0.724168
v 0.027451 2.516300 0.762922
v 0.022604 2.505062 0.743231
v 0.017271 2.498616 0.721560
v 0.068298 2.516300 0.745730
v 0.057603 2.505063 0.728500
v 0.045834 2.498616 0.709537
v 0.101832 2.516299 0.716756
v 0.086336 2.505062 0.703673
v 0.069284 2.498616 0.689276
v 0.124772 2.516299 0.678837
v 0.105993 2.505062 0.671183
v 0.085325 2.498616 0.662760
v 0.134873 2.516299 0.635684
v 0.114648 2.505062 0.634209
v 0.092389 2.498616 0.632585
v 0.131144 2.516299 0.591524
v 0.111453 2.505062 0.596370
v 0.089781 2.498616 0.601704
v 0.113951 2.516299 0.550677
v 0.096721 2.505062 0.561371
v 0.077759 2.498616 0.573140
v 0.084977 2.516299 0.517142
v 0.071895 2.505062 0.532637
v 0.057498 2.498616 0.549690
v 0.047059 2.516299 0.494201
v 0.039405 2.505062 0.512981
v 0.030982 2.498615 0.533648
v 0.003898 2.516301 0.484102
v 0.002429 2.505062 0.504327
v 0.000807 2.498615 0.526586
v -0.030991 2.505347 0.525467
v -0.025687 2.499152 0.547019
v -0.060661 2.505347 0.537955
v -0.048957 2.499152 0.556813
v -0.085019 2.505347 0.559001
v -0.068061 2.499152 0.573319
v -0.101682 2.505347 0.586544
v -0.081129 2.499152 0.594920
v -0.109019 2.505347 0.617888
v -0.086884 2.499152 0.619503
v -0.106310 2.505347 0.649965
v -0.084759 2.499152 0.644660
v -0.093822 2.505347 0.679635
v -0.074965 2.499152 0.667930
v -0.072777 2.505347 0.703993
v -0.058459 2.499152 0.687034
v -0.045233 2.505347 0.720657
v -0.036857 2.499152 0.700103
v -0.013889 2.505347 0.727993
v -0.012275 2.499152 0.705857
v 0.018187 2.505347 0.725284
v 0.012883 2.499152 0.703733
v 0.047856 2.505347 0.712796
v 0.036152 2.499152 0.693938
v 0.072215 2.505347 0.691750
v 0.055257 2.499152 0.677432
v 0.088878 2.505347 0.664208
v 0.068326 2.499152 0.655831
v 0.096215 2.505347 0.632864
v 0.074079 2.499152 0.631249
v 0.093507 2.505347 0.600787
v 0.071955 2.499152 0.606091
v 0.081018 2.505347 0.571117
v 0.062161 2.499152 0.582821
v 0.059972 2.505347 0.546758
v 0.045655 2.499152 0.563717
v 0.032430 2.505347 0.530095
v 0.024053 2.499152 0.550648
v 0.001086 2.505347 0.522759
v -0.000529 2.499152 0.544895
v -0.100589 0.000000 -0.195581
v -0.176125 0.000000 -0.135345
v -0.218042 0.000000 -0.048301
v -0.218042 0.000000 0.048312
v -0.176125 0.000000 0.135355
v -0.100590 0.000000 0.195593
v -0.006400 0.000000 0.217091
v 0.087790 0.000000 0.195593
v 0.163324 0.000000 0.135355
v 0.205241 0.000000 0.048312
v 0.205241 0.000000 -0.048301
v 0.163324 0.000000 -0.135345
v 0.087790 0.000000 -0.195581
v -0.006400 0.000000 -0.217080
v -0.052283 0.269427 -0.095273
v -0.089081 0.269427 -0.065931
v -0.109500 0.269427 -0.023525
v -0.109500 0.269427 0.023537
v -0.089081 0.269427 0.065941
v -0.052283 0.269427 0.095284
v -0.006400 0.269427 0.105756
v 0.039484 0.269427 0.095284
v 0.076280 0.269427 0.065941
v 0.096700 0.269427 0.023537
v 0.096700 0.269427 -0.023525
v 0.076280 0.269427 -0.065931
v 0.039484 0.269427 -0.095273
v -0.006400 0.269427 -0.105745
v -0.025219 1.187755 -0.039073
v -0.040310 1.187755 -0.027036
v -0.048685 1.187755 -0.009645
v -0.048686 1.187755 0.009655
v -0.040310 1.187755 0.027049
v -0.025219 1.187755 0.039082
v -0.006401 1.187755 0.043379
v 0.012419 1.187755 0.039082
v 0.027509 1.187755 0.027049
v 0.035886 1.187755 0.009655
v 0.035886 1.187755 -0.009645
v 0.027512 1.187755 -0.027036
v 0.012419 1.187755 -0.039073
v -0.006400 1.187755 -0.043369
v -0.100589 0.059580 -0.195581
v -0.098390 0.071518 -0.191014
v -0.093076 0.076463 -0.179981
v -0.176125 0.059580 -0.135345
v -0.172159 0.071518 -0.132183
v -0.162585 0.076463 -0.124548
v -0.218042 0.059580 -0.048301
v -0.213097 0.071518 -0.047172
v -0.201159 0.076463 -0.044447
v -0.218042 0.059580 0.048312
v -0.213097 0.071518 0.047184
v -0.201159 0.076463 0.044458
v -0.176125 0.059580 0.135355
v -0.172159 0.071518 0.132192
v -0.162585 0.076463 0.124559
v -0.100590 0.059580 0.195593
v -0.098390 0.071518 0.191024
v -0.093076 0.076463 0.179991
v -0.006400 0.059580 0.217091
v -0.006400 0.071518 0.212020
v -0.006400 0.076463 0.199774
v 0.087790 0.059580 0.195593
v 0.085590 0.071518 0.191024
v 0.080274 0.076463 0.179991
v 0.163324 0.059580 0.135355
v 0.159359 0.071518 0.132192
v 0.149784 0.076463 0.124559
v 0.205241 0.059580 0.048312
v 0.200298 0.071518 0.047184
v 0.188358 0.076463 0.044458
v 0.205241 0.059580 -0.048301
v 0.200298 0.071518 -0.047172
v 0.188358 0.076463 -0.044447
v 0.163324 0.059580 -0.135345
v 0.159359 0.071518 -0.132183
v 0.149784 0.076463 -0.124548
v 0.087790 0.059580 -0.195581
v 0.085590 0.071518 -0.191014
v 0.080274 0.076463 -0.179981
v -0.006400 0.059580 -0.217080
v -0.006400 0.071518 -0.212009
v -0.006400 0.076463 -0.199763
v -0.073753 0.094312 -0.139854
v -0.073300 0.100223 -0.138914
v -0.071996 0.105455 -0.136206
v -0.127766 0.094312 -0.096780
v -0.126950 0.100223 -0.096130
v -0.124600 0.105455 -0.094257
v -0.157743 0.094312 -0.034537
v -0.156724 0.100223 -0.034304
v -0.153793 0.105455 -0.033636
v -0.157743 0.094312 0.034546
v -0.156724 0.100223 0.034315
v -0.153793 0.105455 0.033647
v -0.127766 0.094312 0.096792
v -0.126951 0.100223 0.096142
v -0.124600 0.105455 0.094267
v -0.073753 0.094312 0.139863
v -0.073300 0.100223 0.138925
v -0.071996 0.105455 0.136217
v -0.006400 0.094312 0.155239
v -0.006400 0.100223 0.154196
v -0.006400 0.105455 0.151190
v 0.060952 0.094312 0.139863
v 0.060500 0.100223 0.138925
v 0.059196 0.105455 0.136217
v 0.114966 0.094312 0.096792
v 0.114150 0.100223 0.096142
v 0.111799 0.105455 0.094267
v 0.144941 0.094312 0.034546
v 0.143924 0.100223 0.034315
v 0.140992 0.105455 0.033647
v 0.144941 0.094312 -0.034537
v 0.143924 0.100223 -0.034304
v 0.140992 0.105455 -0.033636
v 0.114966 0.094312 -0.096780
v 0.114150 0.100223 -0.096130
v 0.111799 0.105455 -0.094257
v 0.060952 0.094312 -0.139854
v 0.060500 0.100223 -0.138914
v 0.059196 0.105455 -0.136206
v -0.006400 0.094312 -0.155228
v -0.006400 0.100223 -0.154184
v -0.006400 0.105455 -0.151178
v -0.056036 0.158286 -0.103067
v -0.056954 0.149359 -0.104974
v -0.059014 0.141452 -0.109250
v -0.095845 0.158286 -0.071322
v -0.097497 0.149359 -0.072642
v -0.101208 0.141452 -0.075601
v -0.117933 0.158286 -0.025450
v -0.119998 0.149359 -0.025922
v -0.124624 0.141452 -0.026979
v -0.117933 0.158286 0.025462
v -0.119998 0.149359 0.025934
v -0.124624 0.141452 0.026990
v -0.095845 0.158286 0.071333
v -0.097497 0.149359 0.072654
v -0.101208 0.141452 0.075613
v -0.056036 0.158286 0.103078
v -0.056954 0.149359 0.104984
v -0.059014 0.141452 0.109260
v -0.006400 0.158286 0.114405
v -0.006400 0.149359 0.116521
v -0.006400 0.141452 0.121270
v 0.043237 0.158286 0.103078
v 0.044152 0.149359 0.104984
v 0.046213 0.141452 0.109260
v 0.083040 0.158286 0.071333
v 0.084697 0.149359 0.072654
v 0.088407 0.141452 0.075613
v 0.105132 0.158286 0.025462
v 0.107194 0.149359 0.025934
v 0.111824 0.141452 0.026990
v 0.105132 0.158286 -0.025450
v 0.107194 0.149359 -0.025922
v 0.111824 0.141452 -0.026979
v 0.083040 0.158286 -0.071322
v 0.084697 0.149359 -0.072642
v 0.088407 0.141452 -0.075601
v 0.043237 0.158286 -0.103067
v 0.044152 0.149359 -0.104974
v 0.046213 0.141452 -0.109250
v -0.006400 0.158286 -0.114394
v -0.006400 0.149359 -0.116511
v -0.006400 0.141452 -0.121258
v -0.044693 0.312070 -0.079510
v -0.039214 0.317702 -0.068132
v -0.075402 0.312071 -0.055021
v -0.065527 0.317702 -0.047147
v -0.092442 0.312070 -0.019632
v -0.080132 0.317702 -0.016823
v -0.092442 0.312070 0.019645
v -0.080132 0.317702 0.016834
v -0.075402 0.312070 0.055033
v -0.065527 0.317702 0.047159
v -0.044693 0.312070 0.079521
v -0.039214 0.317702 0.068143
v -0.006400 0.312070 0.088262
v -0.006400 0.317702 0.075632
v 0.031892 0.312070 0.079521
v 0.026413 0.317702 0.068143
v 0.062601 0.312070 0.055033
v 0.052726 0.317702 0.047159
v 0.079642 0.312070 0.019645
v 0.067328 0.317702 0.016834
v 0.079642 0.312070 -0.019632
v 0.067328 0.317702 -0.016823
v 0.062601 0.312071 -0.055021
v 0.052726 0.317702 -0.047147
v 0.031892 0.312070 -0.079510
v 0.026413 0.317702 -0.068132
v -0.006400 0.312070 -0.088250
v -0.006400 0.317702 -0.075622
v -0.038322 0.318271 -0.066276
v -0.038405 0.317844 -0.066451
v -0.038598 0.317669 -0.066852
v -0.063918 0.318271 -0.045863
v -0.064070 0.317844 -0.045985
v -0.064417 0.317669 -0.046262
v -0.078123 0.318271 -0.016366
v -0.078312 0.317844 -0.016408
v -0.078746 0.317669 -0.016508
v -0.078123 0.318271 0.016377
v -0.078312 0.317844 0.016419
v -0.078746 0.317669 0.016519
v -0.063918 0.318271 0.045875
v -0.064070 0.317844 0.045996
v -0.064417 0.317669 0.046273
v -0.038322 0.318271 0.066287
v -0.038405 0.317844 0.066463
v -0.038598 0.317669 0.066864
v -0.006400 0.318271 0.073574
v -0.006400 0.317844 0.073768
v -0.006400 0.317669 0.074212
v 0.025517 0.318271 0.066287
v 0.025604 0.317844 0.066463
v 0.025797 0.317669 0.066864
v 0.051117 0.318271 0.045875
v 0.051269 0.317844 0.045996
v 0.051616 0.317669 0.046273
v 0.065323 0.318271 0.016377
v 0.065512 0.317844 0.016419
v 0.065945 0.317669 0.016519
v 0.065323 0.318271 -0.016366
v 0.065512 0.317844 -0.016408
v 0.065945 0.317669 -0.016508
v 0.051117 0.318271 -0.045863
v 0.051269 0.317844 -0.045985
v 0.051616 0.317669 -0.046262
v 0.025517 0.318271 -0.066276
v 0.025604 0.317844 -0.066451
v 0.025797 0.317669 -0.066852
v -0.006400 0.318271 -0.073561
v -0.006400 0.317844 -0.073756
v -0.006400 0.317669 -0.074201
v -0.039441 0.318499 -0.068606
v -0.039705 0.318907 -0.069154
v -0.041863 0.318790 -0.073634
v -0.006400 0.318790 -0.081729
v -0.006400 0.318907 -0.076756
v -0.006400 0.318499 -0.076148
v -0.044814 0.314300 -0.079762
v -0.045000 0.313673 -0.080148
v -0.044939 0.312931 -0.080022
v -0.006400 0.312931 -0.088818
v -0.006400 0.313672 -0.088959
v -0.006400 0.314300 -0.088531
v -0.075620 0.314300 -0.055196
v -0.075956 0.313673 -0.055463
v -0.075845 0.312931 -0.055375
v -0.065939 0.318500 -0.047475
v -0.066414 0.318908 -0.047854
v -0.070302 0.318790 -0.050955
v -0.092716 0.314300 -0.019695
v -0.093134 0.313672 -0.019790
v -0.092996 0.312931 -0.019759
v -0.080644 0.318499 -0.016939
v -0.081237 0.318907 -0.017075
v -0.086085 0.318790 -0.018181
v -0.092716 0.314300 0.019707
v -0.093134 0.313672 0.019802
v -0.092996 0.312931 0.019771
v -0.080644 0.318499 0.016951
v -0.081237 0.318907 0.017087
v -0.086085 0.318790 0.018193
v -0.075620 0.314300 0.055207
v -0.075956 0.313672 0.055475
v -0.075845 0.312931 0.055387
v -0.065939 0.318500 0.047487
v -0.066414 0.318907 0.047866
v -0.070302 0.318790 0.050966
v -0.044814 0.314300 0.079775
v -0.045000 0.313673 0.080160
v -0.044939 0.312931 0.080033
v -0.039441 0.318500 0.068618
v -0.039705 0.318908 0.069165
v -0.041863 0.318790 0.073645
v -0.006400 0.314300 0.088542
v -0.006400 0.313673 0.088970
v -0.006400 0.312931 0.088829
v -0.006400 0.318500 0.076159
v -0.006400 0.318908 0.076767
v -0.006400 0.318790 0.081739
v 0.032013 0.314300 0.079775
v 0.032200 0.313673 0.080160
v 0.032138 0.312931 0.080033
v 0.026642 0.318500 0.068618
v 0.026905 0.318908 0.069165
v 0.029063 0.318790 0.073645
v 0.062820 0.314300 0.055207
v 0.063155 0.313673 0.055475
v 0.063045 0.312931 0.055387
v 0.053139 0.318499 0.047487
v 0.053614 0.318907 0.047866
v 0.057502 0.318790 0.050966
v 0.079916 0.314300 0.019707
v 0.080333 0.313672 0.019802
v 0.080196 0.312931 0.019771
v 0.067843 0.318500 0.016951
v 0.068436 0.318908 0.017087
v 0.073284 0.318790 0.018193
v 0.079916 0.314300 -0.019695
v 0.080333 0.313672 -0.019790
v 0.080196 0.312931 -0.019759
v 0.067843 0.318500 -0.016939
v 0.068436 0.318908 -0.017075
v 0.073284 0.318791 -0.018181
v 0.062821 0.314301 -0.055196
v 0.063155 0.313673 -0.055463
v 0.063045 0.312931 -0.055375
v 0.053139 0.318500 -0.047475
v 0.053614 0.318908 -0.047854
v 0.057502 0.318790 -0.050955
v 0.032013 0.314300 -0.079762
v 0.032200 0.313673 -0.080148
v 0.032138 0.312931 -0.080022
v 0.026642 0.318499 -0.068606
v 0.026905 0.318907 -0.069154
v 0.029063 0.318790 -0.073634
v -0.075739 0.076463 -0.143978
v -0.074334 0.077770 -0.141062
v -0.073753 0.080925 -0.139854
v -0.131344 0.076463 -0.099634
v -0.128814 0.077770 -0.097616
v -0.127766 0.080925 -0.096780
v -0.162204 0.076463 -0.035555
v -0.159048 0.077770 -0.034835
v -0.157743 0.080925 -0.034537
v -0.162204 0.076463 0.035564
v -0.159048 0.077770 0.034844
v -0.157743 0.080925 0.034546
v -0.131344 0.076463 0.099645
v -0.128814 0.077770 0.097628
v -0.127766 0.080925 0.096792
v -0.075739 0.076463 0.143987
v -0.074334 0.077770 0.141071
v -0.073753 0.080925 0.139863
v -0.006400 0.076463 0.159815
v -0.006400 0.077770 0.156579
v -0.006400 0.080925 0.155239
v 0.062939 0.076463 0.143987
v 0.061535 0.077770 0.141071
v 0.060952 0.080925 0.139863
v 0.118545 0.076463 0.099645
v 0.116014 0.077770 0.097628
v 0.114966 0.080925 0.096792
v 0.149403 0.076463 0.035564
v 0.146248 0.077770 0.034844
v 0.144941 0.080925 0.034546
v 0.149403 0.076463 -0.035555
v 0.146248 0.077770 -0.034835
v 0.144941 0.080925 -0.034537
v 0.118545 0.076463 -0.099634
v 0.116014 0.077770 -0.097616
v 0.114966 0.080925 -0.096780
v 0.062939 0.076463 -0.143978
v 0.061535 0.077770 -0.141062
v 0.060952 0.080925 -0.139854
v -0.006400 0.076463 -0.159805
v -0.006400 0.077769 -0.156569
v -0.006400 0.080925 -0.155228
v -0.006402 1.304230 0.000004
v -0.006402 1.108900 0.000004
v -0.033565 1.272103 -0.056402
v -0.034071 1.271633 -0.057452
v -0.034280 1.270497 -0.057886
v -0.055349 1.272103 -0.039030
v -0.056260 1.271633 -0.039756
v -0.056637 1.270497 -0.040057
v -0.067438 1.272103 -0.013927
v -0.068574 1.271633 -0.014186
v -0.069044 1.270497 -0.014294
v -0.067438 1.272103 0.013935
v -0.068574 1.271633 0.014194
v -0.069044 1.270497 0.014301
v -0.055349 1.272103 0.039038
v -0.056260 1.271633 0.039764
v -0.056637 1.270497 0.040065
v -0.033565 1.272103 0.056410
v -0.034071 1.271633 0.057459
v -0.034280 1.270497 0.057894
v -0.006402 1.272103 0.062609
v -0.006402 1.271633 0.063774
v -0.006402 1.270497 0.064257
v 0.020762 1.272103 0.056410
v 0.021267 1.271633 0.057459
v 0.021477 1.270497 0.057894
v 0.042546 1.272103 0.039038
v 0.043456 1.271633 0.039764
v 0.043834 1.270497 0.040065
v 0.054634 1.272103 0.013935
v 0.055770 1.271633 0.014194
v 0.056241 1.270497 0.014301
v 0.054634 1.272103 -0.013927
v 0.055770 1.271633 -0.014186
v 0.056241 1.270497 -0.014294
v 0.042546 1.272103 -0.039030
v 0.043456 1.271633 -0.039756
v 0.043834 1.270497 -0.040057
v 0.020762 1.272103 -0.056402
v 0.021267 1.271633 -0.057452
v 0.021477 1.270497 -0.057886
v -0.006402 1.272103 -0.062602
v -0.006402 1.271633 -0.063767
v -0.006402 1.270497 -0.064249
v -0.029514 1.302624 -0.047990
v -0.029305 1.303760 -0.047555
v -0.028799 1.304230 -0.046505
v -0.048050 1.302624 -0.033209
v -0.047672 1.303760 -0.032908
v -0.046761 1.304230 -0.032182
v -0.058335 1.302624 -0.011850
v -0.057864 1.303760 -0.011742
v -0.056728 1.304230 -0.011483
v -0.058335 1.302624 0.011857
v -0.057865 1.303760 0.011750
v -0.056729 1.304230 0.011491
v -0.048049 1.302624 0.033216
v -0.047672 1.303760 0.032915
v -0.046761 1.304230 0.032189
v -0.029514 1.302624 0.047997
v -0.029305 1.303760 0.047563
v -0.028800 1.304230 0.046513
v -0.006402 1.302624 0.053273
v -0.006402 1.303760 0.052790
v -0.006402 1.304230 0.051625
v 0.016711 1.302624 0.047997
v 0.016502 1.303760 0.047563
v 0.015996 1.304230 0.046513
v 0.035246 1.302624 0.033216
v 0.034869 1.303760 0.032915
v 0.033958 1.304230 0.032189
v 0.045532 1.302624 0.011857
v 0.045061 1.303760 0.011750
v 0.043926 1.304230 0.011491
v 0.045532 1.302624 -0.011850
v 0.045061 1.303760 -0.011742
v 0.043926 1.304230 -0.011483
v 0.035246 1.302624 -0.033209
v 0.034869 1.303760 -0.032908
v 0.033958 1.304230 -0.032182
v 0.016711 1.302624 -0.047990
v 0.016502 1.303760 -0.047555
v 0.015996 1.304230 -0.046505
v -0.006402 1.302624 -0.053265
v -0.006402 1.303760 -0.052782
v -0.006402 1.304230 -0.051618
v -0.034280 1.142633 -0.057886
v -0.034071 1.141497 -0.057452
v -0.033565 1.141026 -0.056402
v -0.056637 1.142633 -0.040057
v -0.056260 1.141497 -0.039756
v -0.055349 1.141026 -0.039030
v -0.069044 1.142633 -0.014294
v -0.068574 1.141497 -0.014186
v -0.067438 1.141026 -0.013927
v -0.069044 1.142633 0.014301
v -0.068574 1.141497 0.014194
v -0.067438 1.141026 0.013935
v -0.056637 1.142633 0.040065
v -0.056260 1.141497 0.039764
v -0.055349 1.141026 0.039038
v -0.034280 1.142633 0.057894
v -0.034071 1.141497 0.057459
v -0.033565 1.141026 0.056410
v -0.006402 1.142633 0.064257
v -0.006402 1.141497 0.063774
v -0.006402 1.141026 0.062609
v 0.021477 1.142633 0.057894
v 0.021267 1.141497 0.057459
v 0.020762 1.141026 0.056410
v 0.043834 1.142633 0.040065
v 0.043456 1.141497 0.039764
v 0.042546 1.141026 0.039038
v 0.056241 1.142633 0.014301
v 0.055770 1.141497 0.014194
v 0.054634 1.141026 0.013935
v 0.056241 1.142633 -0.014294
v 0.055770 1.141497 -0.014186
v 0.054634 1.141026 -0.013927
v 0.043834 1.142633 -0.040057
v 0.043456 1.141497 -0.039756
v 0.042546 1.141026 -0.039030
v 0.021477 1.142633 -0.057886
v 0.021267 1.141497 -0.057452
v 0.020762 1.141026 -0.056402
v -0.006402 1.142633 -0.064249
v -0.006402 1.141497 -0.063767
v -0.006402 1.141026 -0.062602
v -0.029514 1.110506 -0.047990
v -0.029305 1.109370 -0.047555
v -0.028799 1.108900 -0.046505
v -0.048050 1.110506 -0.033209
v -0.047672 1.109370 -0.032908
v -0.046761 1.108900 -0.032182
v -0.058335 1.110506 -0.011850
v -0.057864 1.109370 -0.011742
v -0.056728 1.108900 -0.011483
v -0.058335 1.110506 0.011857
v -0.057865 1.109370 0.011750
v -0.056729 1.108900 0.011491
v -0.048049 1.110506 0.033216
v -0.047672 1.109370 0.032915
v -0.046761 1.108900 0.032189
v -0.029514 1.110506 0.047998
v -0.029305 1.109370 0.047563
v -0.028800 1.108900 0.046513
v -0.006402 1.110506 0.053273
v -0.006402 1.109370 0.052790
v -0.006402 1.108900 0.051625
v 0.016711 1.110506 0.047998
v 0.016502 1.109370 0.047563
v 0.015996 1.108900 0.046513
v 0.035246 1.110506 0.033216
v 0.034869 1.109370 0.032915
v 0.033958 1.108900 0.032189
v 0.045532 1.110506 0.011857
v 0.045061 1.109370 0.011750
v 0.043926 1.108900 0.011491
v 0.045532 1.110506 -0.011850
v 0.045061 1.109370 -0.011742
v 0.043926 1.108900 -0.011483
v 0.035246 1.110506 -0.033209
v 0.034869 1.109370 -0.032908
v 0.033958 1.108900 -0.032182
v 0.016711 1.110506 -0.047990
v 0.016502 1.109370 -0.047555
v 0.015996 1.108900 -0.046505
v -0.006402 1.110506 -0.053265
v -0.006402 1.109370 -0.052782
v -0.006402 1.108900 -0.051618
v -0.029919 1.272103 -0.048831
v -0.029633 1.272370 -0.048236
v -0.029514 1.273013 -0.047990
v -0.048779 1.272103 -0.033791
v -0.048263 1.272370 -0.033379
v -0.048049 1.273013 -0.033209
v -0.059245 1.272103 -0.012057
v -0.058601 1.272370 -0.011911
v -0.058335 1.273013 -0.011850
v -0.059245 1.272103 0.012065
v -0.058601 1.272370 0.011918
v -0.058335 1.273013 0.011857
v -0.048779 1.272103 0.033798
v -0.048263 1.272370 0.033387
v -0.048049 1.273013 0.033216
v -0.029919 1.272103 0.048839
v -0.029633 1.272370 0.048244
v -0.029514 1.273013 0.047997
v -0.006402 1.272103 0.054206
v -0.006402 1.272370 0.053546
v -0.006402 1.273013 0.053273
v 0.017116 1.272103 0.048839
v 0.016830 1.272370 0.048244
v 0.016711 1.273013 0.047997
v 0.035976 1.272103 0.033798
v 0.035460 1.272370 0.033387
v 0.035246 1.273013 0.033216
v 0.046442 1.272103 0.012065
v 0.045798 1.272370 0.011918
v 0.045532 1.273013 0.011857
v 0.046442 1.272103 -0.012057
v 0.045798 1.272370 -0.011911
v 0.045532 1.273013 -0.011850
v 0.035976 1.272103 -0.033791
v 0.035460 1.272370 -0.033379
v 0.035246 1.273013 -0.033209
v 0.017116 1.272103 -0.048831
v 0.016830 1.272370 -0.048236
v 0.016711 1.273013 -0.047990
v -0.006402 1.272103 -0.054199
v -0.006402 1.272370 -0.053538
v -0.006402 1.273013 -0.053265
v -0.029919 1.141026 -0.048831
v -0.029633 1.140760 -0.048236
v -0.029514 1.140116 -0.047990
v -0.048779 1.141026 -0.033791
v -0.048263 1.140760 -0.033379
v -0.048049 1.140116 -0.033209
v -0.059245 1.141026 -0.012057
v -0.058601 1.140760 -0.011911
v -0.058335 1.140116 -0.011850
v -0.059245 1.141026 0.012065
v -0.058601 1.140760 0.011918
v -0.058335 1.140116 0.011857
v -0.048779 1.141026 0.033798
v -0.048263 1.140760 0.033387
v -0.048049 1.140116 0.033216
v -0.029919 1.141026 0.048839
v -0.029633 1.140760 0.048244
v -0.029514 1.140116 0.047998
v -0.006402 1.141026 0.054206
v -0.006402 1.140760 0.053546
v -0.006402 1.140116 0.053273
v 0.017116 1.141026 0.048839
v 0.016830 1.140760 0.048244
v 0.016711 1.140116 0.047998
v 0.035976 1.141026 0.033798
v 0.035460 1.140760 0.033387
v 0.035246 1.140116 0.033216
v 0.046442 1.141026 0.012065
v 0.045798 1.140760 0.011918
v 0.045532 1.140116 0.011857
v 0.046442 1.141026 -0.012057
v 0.045798 1.140760 -0.011911
v 0.045532 1.140116 -0.011850
v 0.035976 1.141026 -0.033791
v 0.035460 1.140760 -0.033379
v 0.035246 1.140116 -0.033209
v 0.017116 1.141026 -0.048831
v 0.016830 1.140760 -0.048236
v 0.016711 1.140116 -0.047990
v -0.006402 1.141026 -0.054199
v -0.006402 1.140760 -0.053538
v -0.006402 1.140116 -0.053265
v -0.053308 1.209247 0.000004
v -0.048663 1.209247 0.020356
v -0.035647 1.209247 0.036677
v -0.016839 1.209247 0.045734
v 0.004036 1.209247 0.045734
v 0.022844 1.209247 0.036677
v 0.035859 1.209247 0.020356
v 0.040505 1.209247 0.000004
v 0.035859 1.209247 -0.020348
v 0.022844 1.209247 -0.036669
v 0.004036 1.209247 -0.045726
v -0.016839 1.209247 -0.045726
v -0.035647 1.209247 -0.036669
v -0.048663 1.209247 -0.020348
v -0.039352 2.908285 0.000004
v -0.036089 2.908285 0.014300
v -0.026946 2.908285 0.025765
v -0.013734 2.908285 0.032128
v 0.000931 2.908285 0.032128
v 0.014142 2.908285 0.025765
v 0.023286 2.908285 0.014300
v 0.026549 2.908285 0.000004
v 0.023286 2.908285 -0.014293
v 0.014142 2.908285 -0.025758
v 0.000931 2.908285 -0.032121
v -0.013734 2.908285 -0.032121
v -0.026946 2.908285 -0.025758
v -0.036089 2.908285 -0.014293
v -0.006401 2.098514 0.000004
v -0.006401 2.216300 0.000003
v -0.028015 2.106999 -0.044879
v -0.027963 2.106714 -0.044769
v -0.027836 2.106595 -0.044505
v -0.045349 2.106999 -0.031056
v -0.045254 2.106714 -0.030980
v -0.045024 2.106595 -0.030797
v -0.054968 2.106999 -0.011081
v -0.054849 2.106714 -0.011055
v -0.054564 2.106595 -0.010989
v -0.054968 2.106999 0.011089
v -0.054849 2.106714 0.011062
v -0.054564 2.106595 0.010996
v -0.045349 2.106999 0.031063
v -0.045254 2.106714 0.030988
v -0.045024 2.106595 0.030805
v -0.028015 2.106999 0.044886
v -0.027963 2.106714 0.044776
v -0.027836 2.106595 0.044512
v -0.006401 2.106999 0.049819
v -0.006401 2.106714 0.049698
v -0.006401 2.106595 0.049405
v 0.015213 2.106999 0.044886
v 0.015160 2.106714 0.044776
v 0.015033 2.106595 0.044512
v 0.032546 2.106999 0.031063
v 0.032451 2.106714 0.030988
v 0.032222 2.106595 0.030805
v 0.042165 2.106999 0.011089
v 0.042047 2.106714 0.011062
v 0.041761 2.106595 0.010996
v 0.042165 2.106999 -0.011081
v 0.042047 2.106714 -0.011055
v 0.041761 2.106595 -0.010989
v 0.032546 2.106999 -0.031056
v 0.032451 2.106714 -0.030980
v 0.032222 2.106595 -0.030797
v 0.015213 2.106999 -0.044879
v 0.015160 2.106714 -0.044769
v 0.015033 2.106595 -0.044505
v -0.006401 2.106999 -0.049812
v -0.006401 2.106714 -0.049690
v -0.006401 2.106595 -0.049398
v -0.028015 2.207815 -0.044879
v -0.027963 2.208101 -0.044769
v -0.027836 2.208219 -0.044505
v -0.045349 2.207815 -0.031056
v -0.045254 2.208101 -0.030980
v -0.045024 2.208219 -0.030797
v -0.054968 2.207815 -0.011081
v -0.054849 2.208101 -0.011055
v -0.054564 2.208219 -0.010989
v -0.054968 2.207815 0.011089
v -0.054849 2.208101 0.011062
v -0.054564 2.208219 0.010996
v -0.045349 2.207815 0.031063
v -0.045254 2.208101 0.030988
v -0.045024 2.208219 0.030805
v -0.028015 2.207815 0.044886
v -0.027963 2.208101 0.044776
v -0.027836 2.208219 0.044512
v -0.006401 2.207815 0.049819
v -0.006401 2.208101 0.049698
v -0.006401 2.208219 0.049405
v 0.015213 2.207815 0.044886
v 0.015160 2.208101 0.044776
v 0.015033 2.208219 0.044512
v 0.032546 2.207815 0.031063
v 0.032451 2.208101 0.030988
v 0.032222 2.208219 0.030805
v 0.042165 2.207815 0.011089
v 0.042047 2.208101 0.011062
v 0.041761 2.208219 0.010996
v 0.042165 2.207815 -0.011081
v 0.042047 2.208101 -0.011055
v 0.041761 2.208219 -0.010989
v 0.032546 2.207815 -0.031056
v 0.032451 2.208101 -0.030980
v 0.032222 2.208219 -0.030797
v 0.015213 2.207815 -0.044879
v 0.015160 2.208101 -0.044769
v 0.015033 2.208219 -0.044505
v -0.006401 2.207815 -0.049812
v -0.006401 2.208101 -0.049690
v -0.006401 2.208219 -0.049398
v -0.024500 2.106595 -0.037579
v -0.024373 2.106477 -0.037315
v -0.024321 2.106191 -0.037206
v -0.039015 2.106595 -0.026005
v -0.038785 2.106477 -0.025822
v -0.038690 2.106191 -0.025746
v -0.047069 2.106595 -0.009279
v -0.046784 2.106477 -0.009213
v -0.046665 2.106191 -0.009186
v -0.047069 2.106595 0.009286
v -0.046784 2.106477 0.009221
v -0.046665 2.106191 0.009194
v -0.039015 2.106595 0.026012
v -0.038785 2.106477 0.025829
v -0.038690 2.106191 0.025753
v -0.024500 2.106595 0.037587
v -0.024373 2.106477 0.037323
v -0.024321 2.106191 0.037213
v -0.006401 2.106595 0.041717
v -0.006401 2.106477 0.041424
v -0.006401 2.106191 0.041303
v 0.011698 2.106595 0.037587
v 0.011571 2.106477 0.037323
v 0.011518 2.106191 0.037213
v 0.026212 2.106595 0.026012
v 0.025983 2.106477 0.025829
v 0.025888 2.106191 0.025753
v 0.034267 2.106595 0.009286
v 0.033981 2.106477 0.009221
v 0.033862 2.106191 0.009194
v 0.034267 2.106595 -0.009279
v 0.033981 2.106477 -0.009213
v 0.033862 2.106191 -0.009186
v 0.026212 2.106595 -0.026005
v 0.025983 2.106477 -0.025822
v 0.025888 2.106191 -0.025746
v 0.011698 2.106595 -0.037579
v 0.011571 2.106477 -0.037315
v 0.011518 2.106191 -0.037206
v -0.006401 2.106595 -0.041710
v -0.006401 2.106477 -0.041417
v -0.006401 2.106191 -0.041296
v -0.024500 2.208219 -0.037579
v -0.024373 2.208337 -0.037315
v -0.024321 2.208623 -0.037206
v -0.039015 2.208219 -0.026005
v -0.038785 2.208337 -0.025822
v -0.038690 2.208623 -0.025746
v -0.047069 2.208219 -0.009279
v -0.046784 2.208337 -0.009213
v -0.046665 2.208623 -0.009186
v -0.047069 2.208219 0.009286
v -0.046784 2.208337 0.009221
v -0.046665 2.208623 0.009194
v -0.039015 2.208219 0.026012
v -0.038785 2.208337 0.025829
v -0.038690 2.208623 0.025753
v -0.024500 2.208219 0.037587
v -0.024373 2.208337 0.037323
v -0.024321 2.208623 0.037213
v -0.006401 2.208219 0.041717
v -0.006401 2.208337 0.041424
v -0.006401 2.208623 0.041303
v 0.011698 2.208219 0.037587
v 0.011571 2.208337 0.037323
v 0.011518 2.208623 0.037213
v 0.026212 2.208219 0.026012
v 0.025983 2.208337 0.025829
v 0.025888 2.208623 0.025753
v 0.034267 2.208219 0.009286
v 0.033981 2.208337 0.009221
v 0.033862 2.208623 0.009194
v 0.034267 2.208219 -0.009279
v 0.033981 2.208337 -0.009213
v 0.033862 2.208623 -0.009186
v 0.026212 2.208219 -0.026005
v 0.025983 2.208337 -0.025822
v 0.025888 2.208623 -0.025746
v 0.011698 2.208219 -0.037579
v 0.011571 2.208337 -0.037315
v 0.011518 2.208623 -0.037206
v -0.006401 2.208219 -0.041710
v -0.006401 2.208337 -0.041417
v -0.006401 2.208623 -0.041296
v -0.024141 2.098514 -0.036832
v -0.024268 2.098632 -0.037096
v -0.024321 2.098918 -0.037206
v -0.038691 2.098918 -0.025746
v -0.038596 2.098632 -0.025671
v -0.038367 2.098514 -0.025488
v -0.046665 2.098918 -0.009186
v -0.046547 2.098632 -0.009160
v -0.046261 2.098514 -0.009094
v -0.046666 2.098918 0.009194
v -0.046547 2.098632 0.009167
v -0.046262 2.098514 0.009102
v -0.038690 2.098918 0.025753
v -0.038596 2.098632 0.025678
v -0.038366 2.098514 0.025495
v -0.024321 2.098918 0.037213
v -0.024268 2.098632 0.037104
v -0.024141 2.098514 0.036840
v -0.006401 2.098918 0.041303
v -0.006401 2.098632 0.041182
v -0.006401 2.098514 0.040889
v 0.011518 2.098918 0.037213
v 0.011465 2.098632 0.037104
v 0.011338 2.098514 0.036840
v 0.025888 2.098918 0.025753
v 0.025793 2.098632 0.025678
v 0.025563 2.098514 0.025495
v 0.033862 2.098918 0.009194
v 0.033744 2.098632 0.009167
v 0.033459 2.098514 0.009102
v 0.033862 2.098918 -0.009186
v 0.033744 2.098632 -0.009160
v 0.033459 2.098514 -0.009094
v 0.025888 2.098918 -0.025746
v 0.025793 2.098632 -0.025671
v 0.025563 2.098514 -0.025488
v 0.011518 2.098918 -0.037206
v 0.011465 2.098632 -0.037096
v 0.011338 2.098514 -0.036832
v -0.006401 2.098918 -0.041296
v -0.006401 2.098632 -0.041174
v -0.006401 2.098514 -0.040881
v -0.024321 2.215896 -0.037206
v -0.024268 2.216182 -0.037096
v -0.024141 2.216300 -0.036832
v -0.038366 2.216300 -0.025488
v -0.038596 2.216182 -0.025671
v -0.038690 2.215896 -0.025746
v -0.046261 2.216300 -0.009094
v -0.046547 2.216182 -0.009160
v -0.046665 2.215896 -0.009186
v -0.046261 2.216300 0.009102
v -0.046547 2.216182 0.009167
v -0.046665 2.215896 0.009194
v -0.038366 2.216300 0.025495
v -0.038596 2.216182 0.025678
v -0.038690 2.215896 0.025753
v -0.024141 2.216300 0.036840
v -0.024268 2.216182 0.037104
v -0.024321 2.215896 0.037213
v -0.006401 2.216300 0.040889
v -0.006401 2.216182 0.041182
v -0.006401 2.215896 0.041303
v 0.011338 2.216300 0.036840
v 0.011465 2.216182 0.037104
v 0.011518 2.215896 0.037213
v 0.025563 2.216300 0.025495
v 0.025793 2.216182 0.025678
v 0.025888 2.215896 0.025753
v 0.033459 2.216300 0.009102
v 0.033744 2.216182 0.009167
v 0.033862 2.215896 0.009194
v 0.033459 2.216300 -0.009094
v 0.033744 2.216182 -0.009160
v 0.033862 2.215896 -0.009186
v 0.025563 2.216300 -0.025488
v 0.025793 2.216182 -0.025671
v 0.025888 2.215896 -0.025746
v 0.011338 2.216300 -0.036832
v 0.011465 2.216182 -0.037096
v 0.011518 2.215896 -0.037206
v -0.006401 2.216300 -0.040881
v -0.006401 2.216182 -0.041174
v -0.006401 2.215896 -0.041296
v -0.006402 2.535410 -0.006947
v 0.004483 2.532458 -0.003539
v 0.008992 2.525331 0.004689
v 0.004483 2.518205 0.012917
v -0.006402 2.515253 0.016325
v -0.017287 2.518205 0.012917
v -0.021796 2.525331 0.004689
v -0.017287 2.532458 -0.003539
v -0.006402 2.562965 0.018418
v 0.004569 2.559779 0.021659
v 0.009114 2.552087 0.029482
v 0.004569 2.544395 0.037306
v -0.006402 2.541209 0.040546
v -0.017373 2.544395 0.037306
v -0.021918 2.552087 0.029482
v -0.017373 2.559779 0.021659
v -0.006402 2.588958 0.045043
v 0.004655 2.585603 0.048159
v 0.009235 2.577501 0.055684
v 0.004655 2.569399 0.063209
v -0.006402 2.566043 0.066326
v -0.017459 2.569399 0.063209
v -0.022039 2.577501 0.055684
v -0.017459 2.585603 0.048159
v -0.006402 2.613744 0.072549
v 0.004741 2.610252 0.075568
v 0.009357 2.601823 0.082856
v 0.004741 2.593394 0.090144
v -0.006402 2.589903 0.093163
v -0.017545 2.593394 0.090144
v -0.022161 2.601823 0.082856
v -0.017545 2.610252 0.075568
v -0.006402 2.637578 0.100794
v 0.004827 2.633970 0.103730
v 0.009478 2.625260 0.110816
v 0.004827 2.616550 0.117903
v -0.006402 2.612942 0.120838
v -0.017631 2.616550 0.117903
v -0.022282 2.625260 0.110816
v -0.017631 2.633970 0.103730
v -0.006402 2.660578 0.129669
v 0.004913 2.656864 0.132528
v 0.009600 2.647897 0.139429
v 0.004913 2.638931 0.146331
v -0.006402 2.635217 0.149189
v -0.017717 2.638931 0.146331
v -0.022404 2.647897 0.139429
v -0.017717 2.656864 0.132528
v -0.006402 2.682802 0.159134
v 0.004999 2.678986 0.161916
v 0.009721 2.669773 0.168631
v 0.004999 2.660559 0.175346
v -0.006402 2.656743 0.178127
v -0.017803 2.660559 0.175346
v -0.022525 2.669773 0.168631
v -0.017803 2.678986 0.161916
v -0.006402 2.704247 0.189210
v 0.005085 2.700325 0.191903
v 0.009843 2.690856 0.198407
v 0.005085 2.681388 0.204910
v -0.006402 2.677466 0.207604
v -0.017888 2.681388 0.204910
v -0.022646 2.690856 0.198407
v -0.017888 2.700325 0.191903
v -0.006402 2.725876 0.221794
v 0.005175 2.721814 0.224343
v 0.009970 2.712007 0.230495
v 0.005175 2.702200 0.236647
v -0.006402 2.698138 0.239195
v -0.017979 2.702200 0.236647
v -0.022774 2.712007 0.230495
v -0.017979 2.721814 0.224343
v -0.006402 2.745940 0.255787
v 0.005266 2.741690 0.258086
v 0.010099 2.731427 0.263637
v 0.005266 2.721164 0.269188
v -0.006402 2.716914 0.271487
v -0.018069 2.721164 0.269188
v -0.022902 2.731427 0.263637
v -0.018069 2.741690 0.258086
v -0.006402 2.763541 0.291527
v 0.005356 2.759076 0.293470
v 0.010226 2.748294 0.298162
v 0.005356 2.737513 0.302853
v -0.006402 2.733047 0.304797
v -0.018160 2.737513 0.302853
v -0.023030 2.748294 0.298162
v -0.018160 2.759076 0.293470
v -0.006402 2.777889 0.328794
v 0.005447 2.773228 0.330332
v 0.010354 2.761976 0.334044
v 0.005447 2.750724 0.337757
v -0.006402 2.746064 0.339295
v -0.018250 2.750724 0.337757
v -0.023158 2.761976 0.334044
v -0.018250 2.773228 0.330332
v -0.006402 2.788898 0.366988
v 0.005537 2.784094 0.368160
v 0.010482 2.772495 0.370988
v 0.005537 2.760896 0.373817
v -0.006402 2.756092 0.374989
v -0.018341 2.760896 0.373817
v -0.023286 2.772495 0.370988
v -0.018341 2.784094 0.368160
v -0.006402 2.797153 0.405575
v 0.005627 2.792249 0.406457
v 0.010610 2.780410 0.408587
v 0.005627 2.768570 0.410716
v -0.006402 2.763666 0.411598
v -0.018431 2.768570 0.410716
v -0.023414 2.780410 0.408587
v -0.018431 2.792249 0.406457
v -0.006402 2.803200 0.444462
v 0.005718 2.798218 0.445086
v 0.010738 2.786192 0.446593
v 0.005718 2.774167 0.448100
v -0.006402 2.769185 0.448724
v -0.018522 2.774167 0.448100
v -0.023542 2.786192 0.446593
v -0.018522 2.798218 0.445086
v -0.006402 2.807190 0.483552
v 0.005808 2.802145 0.483916
v 0.010866 2.789967 0.484793
v 0.005808 2.777788 0.485671
v -0.006402 2.772743 0.486035
v -0.018612 2.777788 0.485671
v -0.023670 2.789967 0.484793
v -0.018612 2.802146 0.483916
v -0.006402 2.809039 0.522948
v 0.005899 2.803945 0.523019
v 0.010994 2.791645 0.523192
v 0.005899 2.779345 0.523364
v -0.006402 2.774251 0.523436
v -0.018703 2.779345 0.523364
v -0.023798 2.791645 0.523192
v -0.018703 2.803945 0.523019
v -0.006402 2.808388 0.562587
v 0.005989 2.803263 0.562300
v 0.011122 2.790891 0.561605
v 0.005989 2.778519 0.560910
v -0.006402 2.773395 0.560622
v -0.018793 2.778519 0.560910
v -0.023926 2.790891 0.561605
v -0.018793 2.803263 0.562300
v -0.006402 2.804485 0.602477
v 0.006080 2.799374 0.601700
v 0.011250 2.787033 0.599826
v 0.006080 2.774693 0.597952
v -0.006402 2.769582 0.597176
v -0.018884 2.774693 0.597952
v -0.024054 2.787033 0.599826
v -0.018884 2.799374 0.601700
v -0.006402 2.175968 -0.016543
v 0.004483 2.174414 -0.012311
v 0.008992 2.170662 -0.002093
v 0.004483 2.166911 0.008126
v -0.006402 2.165357 0.012358
v -0.017287 2.166911 0.008126
v -0.021796 2.170662 -0.002093
v -0.017287 2.174414 -0.012311
v -0.006402 2.213227 -0.002906
v 0.004553 2.211644 0.001347
v 0.009091 2.207823 0.011614
v 0.004553 2.204001 0.021881
v -0.006402 2.202418 0.026133
v -0.017357 2.204001 0.021881
v -0.021895 2.207823 0.011614
v -0.017357 2.211644 0.001347
v -0.006402 2.250490 0.011106
v 0.004623 2.248841 0.015365
v 0.009189 2.244861 0.025646
v 0.004623 2.240881 0.035927
v -0.006402 2.239233 0.040186
v -0.017427 2.240881 0.035927
v -0.021993 2.244861 0.025646
v -0.017427 2.248841 0.015365
v -0.006402 2.287625 0.025794
v 0.004693 2.285877 0.030045
v 0.009288 2.281658 0.040306
v 0.004693 2.277439 0.050567
v -0.006402 2.275692 0.054817
v -0.017497 2.277439 0.050567
v -0.022092 2.281658 0.040306
v -0.017497 2.285877 0.030045
v -0.006402 2.324491 0.041412
v 0.004763 2.322617 0.045640
v 0.009387 2.318093 0.055847
v 0.004763 2.313569 0.066054
v -0.006402 2.311695 0.070282
v -0.017566 2.313569 0.066054
v -0.022191 2.318093 0.055847
v -0.017566 2.322617 0.045640
v -0.006402 2.360949 0.058150
v 0.004832 2.358929 0.062342
v 0.009486 2.354051 0.072462
v 0.004832 2.349173 0.082582
v -0.006402 2.347153 0.086774
v -0.017636 2.349173 0.082582
v -0.022290 2.354051 0.072462
v -0.017636 2.358929 0.062342
v -0.006402 2.396870 0.076127
v 0.004902 2.394690 0.080271
v 0.009584 2.389428 0.090275
v 0.004902 2.384167 0.100280
v -0.006402 2.381987 0.104424
v -0.017706 2.384167 0.100280
v -0.022388 2.389428 0.090275
v -0.017706 2.394690 0.080271
v -0.006402 2.429924 0.094085
v 0.004968 2.427603 0.098183
v 0.009677 2.422001 0.108076
v 0.004968 2.416398 0.117969
v -0.006402 2.414077 0.122067
v -0.017772 2.416398 0.117969
v -0.022481 2.422001 0.108076
v -0.017772 2.427603 0.098183
v -0.006402 2.462416 0.112981
v 0.005033 2.459970 0.117037
v 0.009770 2.454064 0.126829
v 0.005033 2.448159 0.136621
v -0.006402 2.445712 0.140677
v -0.017837 2.448159 0.136621
v -0.022574 2.454064 0.126829
v -0.017837 2.459970 0.117037
v -0.006402 2.494358 0.132702
v 0.005098 2.491794 0.136717
v 0.009862 2.485605 0.146410
v 0.005098 2.479416 0.156102
v -0.006402 2.476852 0.160117
v -0.017902 2.479416 0.156102
v -0.022666 2.485605 0.146410
v -0.017902 2.491794 0.136717
v -0.006402 2.525804 0.153234
v 0.005164 2.523124 0.157205
v 0.009955 2.516654 0.166792
v 0.005164 2.510185 0.176379
v -0.006402 2.507505 0.180350
v -0.017968 2.510185 0.176379
v -0.022758 2.516654 0.166792
v -0.017968 2.523124 0.157205
v -0.006402 2.556732 0.174594
v 0.005229 2.553930 0.178513
v 0.010047 2.547167 0.187976
v 0.005229 2.540404 0.197439
v -0.006402 2.537602 0.201358
v -0.018033 2.540404 0.197439
v -0.022851 2.547167 0.187976
v -0.018033 2.553930 0.178513
v -0.006402 2.587070 0.196858
v 0.005295 2.584132 0.200711
v 0.010140 2.577039 0.210011
v 0.005295 2.569946 0.219312
v -0.006402 2.567007 0.223164
v -0.018099 2.569946 0.219312
v -0.022943 2.577039 0.210011
v -0.018099 2.584132 0.200711
v -0.006402 2.616750 0.220282
v 0.005360 2.613641 0.224034
v 0.010232 2.606138 0.233092
v 0.005360 2.598634 0.242149
v -0.006402 2.595526 0.245901
v -0.018164 2.598634 0.242149
v -0.023036 2.606138 0.233092
v -0.018164 2.613641 0.224034
v -0.006402 2.645475 0.245368
v 0.005425 2.642125 0.248943
v 0.010325 2.634035 0.257571
v 0.005425 2.625946 0.266200
v -0.006402 2.622595 0.269774
v -0.018229 2.625946 0.266200
v -0.023129 2.634035 0.257571
v -0.018229 2.642125 0.248943
v -0.006402 2.672573 0.272912
v 0.005491 2.668893 0.276187
v 0.010417 2.660010 0.284095
v 0.005491 2.651126 0.292002
v -0.006402 2.647447 0.295278
v -0.018295 2.651126 0.292002
v -0.023221 2.660010 0.284095
v -0.018295 2.668893 0.276187
v -0.006402 2.696929 0.303378
v 0.005556 2.692883 0.306235
v 0.010510 2.683115 0.313133
v 0.005556 2.673346 0.320031
v -0.006402 2.669300 0.322888
v -0.018360 2.673346 0.320031
v -0.023314 2.683115 0.313133
v -0.018360 2.692883 0.306235
v -0.006402 2.717672 0.336391
v 0.005622 2.713314 0.338802
v 0.010602 2.702793 0.344622
v 0.005622 2.692271 0.350441
v -0.006402 2.687913 0.352852
v -0.018426 2.692271 0.350441
v -0.023406 2.702793 0.344622
v -0.018426 2.713314 0.338802
v -0.006402 2.734903 0.370914
v 0.005687 2.730325 0.372945
v 0.010695 2.719275 0.377847
v 0.005687 2.708224 0.382749
v -0.006402 2.703646 0.384779
v -0.018491 2.708224 0.382749
v -0.023499 2.719275 0.377847
v -0.018491 2.730325 0.372945
v -0.006402 2.749020 0.407022
v 0.005753 2.744244 0.408614
v 0.010787 2.732713 0.412457
v 0.005753 2.721182 0.416300
v -0.006402 2.716406 0.417892
v -0.018556 2.721182 0.416300
v -0.023591 2.732713 0.412457
v -0.018556 2.744244 0.408614
v -0.006402 2.759548 0.444364
v 0.005818 2.754612 0.445486
v 0.010880 2.742697 0.448196
v 0.005818 2.730781 0.450906
v -0.006402 2.725845 0.452029
v -0.018622 2.730781 0.450906
v -0.023684 2.742697 0.448196
v -0.018622 2.754612 0.445486
v -0.006402 2.766465 0.482451
v 0.005884 2.761420 0.483123
v 0.010972 2.749243 0.484745
v 0.005884 2.737064 0.486367
v -0.006402 2.732020 0.487039
v -0.018687 2.737064 0.486367
v -0.023776 2.749243 0.484745
v -0.018687 2.761420 0.483123
v -0.006402 2.770067 0.520801
v 0.005949 2.764958 0.521066
v 0.011065 2.752624 0.521707
v 0.005949 2.740289 0.522348
v -0.006402 2.735180 0.522614
v -0.018753 2.740289 0.522348
v -0.023869 2.752624 0.521707
v -0.018753 2.764958 0.521066
v -0.006402 2.770789 0.559144
v 0.006014 2.765647 0.559055
v 0.011158 2.753232 0.558839
v 0.006014 2.740818 0.558624
v -0.006402 2.735675 0.558535
v -0.018818 2.740818 0.558624
v -0.023961 2.753232 0.558839
v -0.018818 2.765647 0.559055
v -0.006402 2.769063 0.597275
v 0.006080 2.763908 0.596881
v 0.011250 2.751463 0.595928
v 0.006080 2.739017 0.594976
v -0.006402 2.733863 0.594581
v -0.018884 2.739017 0.594976
v -0.024054 2.751463 0.595928
v -0.018884 2.763908 0.596881
v -0.016405 2.444453 0.117435
v -0.013475 2.444453 0.110361
v -0.006402 2.444453 0.107432
v 0.000671 2.444453 0.110361
v 0.003601 2.444453 0.117435
v 0.000671 2.444453 0.124507
v -0.006402 2.444453 0.127437
v -0.013475 2.444453 0.124507
v -0.016405 2.480936 0.117435
v -0.013475 2.480936 0.110361
v -0.006402 2.480936 0.107432
v 0.000671 2.480936 0.110361
v 0.003601 2.480936 0.117435
v 0.000671 2.480936 0.124507
v -0.006402 2.480936 0.127437
v -0.013475 2.480936 0.124507
v -0.016405 2.517378 0.117434
v -0.013475 2.517378 0.110361
v -0.006402 2.517378 0.107432
v 0.000671 2.517378 0.110361
v 0.003601 2.517378 0.117434
v 0.000671 2.517378 0.124507
v -0.006402 2.517378 0.127437
v -0.013475 2.517378 0.124507
v -0.016405 2.553850 0.117434
v -0.013475 2.553850 0.110361
v -0.006402 2.553850 0.107432
v 0.000671 2.553850 0.110361
v 0.003601 2.553850 0.117434
v 0.000671 2.553850 0.124507
v -0.006402 2.553850 0.127437
v -0.013475 2.553850 0.124507
v -0.016405 2.590300 0.117434
v -0.013475 2.590300 0.110361
v -0.006402 2.590300 0.107432
v 0.000671 2.590300 0.110361
v 0.003601 2.590300 0.117434
v 0.000671 2.590300 0.124507
v -0.006402 2.590300 0.127437
v -0.013475 2.590300 0.124507
v -0.016405 2.626764 0.117434
v -0.013475 2.626764 0.110361
v -0.006402 2.626764 0.107432
v 0.000671 2.626764 0.110361
v 0.003601 2.626764 0.117434
v 0.000671 2.626764 0.124507
v -0.006402 2.626764 0.127437
v -0.013475 2.626764 0.124507
v 0.003601 2.709238 0.241145
v 0.000671 2.709238 0.234072
v -0.006402 2.709238 0.231143
v -0.013475 2.709238 0.234072
v -0.016405 2.709238 0.241145
v -0.013475 2.709238 0.248218
v -0.006402 2.709238 0.251148
v 0.000671 2.709238 0.248218
v 0.003601 2.660954 0.241145
v 0.000671 2.660954 0.234072
v -0.006402 2.660954 0.231143
v -0.013475 2.660954 0.234072
v -0.016405 2.660954 0.241145
v -0.013475 2.660954 0.248218
v -0.006402 2.660954 0.251148
v 0.000671 2.660954 0.248218
v 0.003601 2.612656 0.241145
v 0.000671 2.612656 0.234072
v -0.006402 2.612656 0.231143
v -0.013475 2.612656 0.234072
v -0.016405 2.612656 0.241145
v -0.013475 2.612656 0.248218
v -0.006402 2.612656 0.251148
v 0.000671 2.612656 0.248218
v 0.003601 2.767339 0.374577
v 0.000671 2.767339 0.367504
v -0.006402 2.767339 0.364574
v -0.013475 2.767339 0.367504
v -0.016405 2.767339 0.374577
v -0.013475 2.767339 0.381650
v -0.006402 2.767339 0.384580
v 0.000671 2.767339 0.381650
v 0.003601 2.743061 0.374577
v 0.000671 2.743061 0.367504
v -0.006402 2.743061 0.364574
v -0.013475 2.743061 0.367504
v -0.016405 2.743061 0.374577
v -0.013475 2.743061 0.381650
v -0.006402 2.743061 0.384580
v 0.000671 2.743061 0.381650
v 0.003601 2.718777 0.374577
v 0.000671 2.718777 0.367504
v -0.006402 2.718777 0.364574
v -0.013475 2.718777 0.367504
v -0.016405 2.718777 0.374577
v -0.013475 2.718777 0.381650
v -0.006402 2.718777 0.384580
v 0.000671 2.718777 0.381650
v -0.024321 2.801418 -0.037206
v -0.038691 2.801418 -0.025746
v -0.046666 2.801418 -0.009186
v -0.046666 2.801418 0.009194
v -0.038691 2.801418 0.025753
v -0.024321 2.801418 0.037213
v -0.006402 2.801418 0.041303
v 0.011518 2.801418 0.037213
v 0.025887 2.801418 0.025753
v 0.033862 2.801418 0.009194
v 0.033862 2.801418 -0.009186
v 0.025887 2.801418 -0.025746
v 0.011518 2.801418 -0.037206
v -0.006402 2.801418 -0.041296
v -0.024321 2.903043 -0.037206
v -0.038691 2.903043 -0.025746
v -0.046666 2.903043 -0.009186
v -0.046666 2.903043 0.009194
v -0.038691 2.903043 0.025753
v -0.024321 2.903043 0.037213
v -0.006402 2.903043 0.041303
v 0.011518 2.903043 0.037213
v 0.025887 2.903043 0.025753
v 0.033862 2.903043 0.009194
v 0.033862 2.903043 -0.009186
v 0.025887 2.903043 -0.025746
v 0.011518 2.903043 -0.037206
v -0.006402 2.903043 -0.041296
v -0.006402 2.793337 0.000004
v -0.018479 2.991691 -0.025074
v -0.028164 2.991691 -0.017351
v -0.006402 2.991691 0.000004
v -0.033538 2.991691 -0.006190
v -0.033538 2.991691 0.006197
v -0.028164 2.991691 0.017358
v -0.018479 2.991691 0.025082
v -0.006402 2.991691 0.027838
v 0.005675 2.991691 0.025082
v 0.015360 2.991691 0.017358
v 0.020735 2.991691 0.006197
v 0.020735 2.991691 -0.006190
v 0.015360 2.991691 -0.017351
v 0.005675 2.991691 -0.025074
v -0.006402 2.991691 -0.027831
v -0.027777 2.911046 -0.044383
v -0.032070 2.926284 -0.053296
v -0.033337 2.944227 -0.055929
v -0.031367 2.961847 -0.051836
v -0.026490 2.976171 -0.041709
v -0.044919 2.911044 -0.030713
v -0.052653 2.926283 -0.036881
v -0.054938 2.944227 -0.038703
v -0.051387 2.961847 -0.035871
v -0.042599 2.976171 -0.028862
v -0.054432 2.911044 -0.010959
v -0.064076 2.926283 -0.013160
v -0.066925 2.944227 -0.013811
v -0.062497 2.961847 -0.012800
v -0.051538 2.976171 -0.010299
v -0.054432 2.911044 0.010966
v -0.064077 2.926283 0.013168
v -0.066926 2.944227 0.013818
v -0.062497 2.961847 0.012807
v -0.051539 2.976171 0.010306
v -0.044919 2.911044 0.030720
v -0.052653 2.926283 0.036888
v -0.054938 2.944227 0.038710
v -0.051387 2.961847 0.035878
v -0.042599 2.976171 0.028870
v -0.027777 2.911044 0.044390
v -0.032069 2.926283 0.053303
v -0.033337 2.944227 0.055936
v -0.031367 2.961847 0.051844
v -0.026490 2.976171 0.041716
v -0.006402 2.911046 0.049269
v -0.006402 2.926284 0.059162
v -0.006402 2.944227 0.062084
v -0.006402 2.961847 0.057542
v -0.006402 2.976171 0.046301
v 0.014974 2.911046 0.044390
v 0.019266 2.926284 0.053303
v 0.020534 2.944227 0.055936
v 0.018564 2.961847 0.051844
v 0.013686 2.976171 0.041716
v 0.032116 2.911044 0.030720
v 0.039850 2.926283 0.036888
v 0.042135 2.944227 0.038710
v 0.038584 2.961847 0.035878
v 0.029795 2.976171 0.028870
v 0.041629 2.911046 0.010966
v 0.051274 2.926284 0.013168
v 0.054122 2.944227 0.013818
v 0.049694 2.961847 0.012807
v 0.038735 2.976171 0.010306
v 0.041629 2.911044 -0.010959
v 0.051274 2.926283 -0.013160
v 0.054122 2.944227 -0.013811
v 0.049694 2.961847 -0.012800
v 0.038735 2.976171 -0.010299
v 0.032116 2.911046 -0.030713
v 0.039850 2.926284 -0.036881
v 0.042135 2.944227 -0.038703
v 0.038583 2.961847 -0.035871
v 0.029795 2.976171 -0.028862
v 0.014973 2.911044 -0.044383
v 0.019266 2.926283 -0.053296
v 0.020534 2.944227 -0.055929
v 0.018563 2.961847 -0.051837
v 0.013686 2.976171 -0.041709
v -0.006402 2.911046 -0.049262
v -0.006402 2.926284 -0.059154
v -0.006402 2.944227 -0.062077
v -0.006402 2.961847 -0.057534
v -0.006402 2.976171 -0.046294
v -0.021480 2.793337 -0.031307
v -0.024321 2.799721 -0.037206
v -0.038691 2.799721 -0.025746
v -0.033572 2.793337 -0.021664
v -0.046666 2.799721 -0.009186
v -0.040282 2.793337 -0.007729
v -0.046666 2.799721 0.009194
v -0.040282 2.793337 0.007737
v -0.038691 2.799721 0.025753
v -0.033572 2.793337 0.021671
v -0.024321 2.799721 0.037213
v -0.021480 2.793337 0.031314
v -0.006402 2.799721 0.041303
v -0.006402 2.793337 0.034755
v 0.011518 2.799721 0.037213
v 0.008677 2.793337 0.031314
v 0.025887 2.799721 0.025753
v 0.020768 2.793337 0.021671
v 0.033862 2.799721 0.009194
v 0.027479 2.793337 0.007737
v 0.033862 2.799721 -0.009186
v 0.027479 2.793337 -0.007729
v 0.025887 2.799721 -0.025746
v 0.020768 2.793337 -0.021664
v 0.011518 2.799721 -0.037206
v 0.008677 2.793337 -0.031307
v -0.006402 2.799721 -0.041296
v -0.006402 2.793337 -0.034748
v -0.028016 2.817238 -0.044879
v -0.027538 2.811329 -0.043887
v -0.026168 2.806172 -0.041043
v -0.045349 2.817238 -0.031056
v -0.044488 2.811329 -0.030370
v -0.042020 2.806172 -0.028401
v -0.054968 2.817238 -0.011081
v -0.053895 2.811329 -0.010837
v -0.050818 2.806172 -0.010134
v -0.054968 2.817238 0.011089
v -0.053895 2.811329 0.010844
v -0.050818 2.806172 0.010141
v -0.045349 2.817238 0.031063
v -0.044488 2.811329 0.030377
v -0.042020 2.806172 0.028409
v -0.028016 2.817238 0.044886
v -0.027538 2.811329 0.043894
v -0.026168 2.806172 0.041050
v -0.006402 2.817238 0.049819
v -0.006402 2.811329 0.048719
v -0.006402 2.806172 0.045562
v 0.015212 2.817238 0.044886
v 0.014735 2.811329 0.043894
v 0.013365 2.806172 0.041050
v 0.032546 2.817238 0.031063
v 0.031685 2.811329 0.030377
v 0.029217 2.806172 0.028409
v 0.042165 2.817238 0.011089
v 0.041092 2.811329 0.010844
v 0.038014 2.806172 0.010141
v 0.042165 2.817238 -0.011081
v 0.041092 2.811329 -0.010837
v 0.038014 2.806172 -0.010134
v 0.032546 2.817238 -0.031056
v 0.031685 2.811329 -0.030370
v 0.029217 2.806172 -0.028401
v 0.015212 2.817238 -0.044879
v 0.014735 2.811329 -0.043887
v 0.013365 2.806172 -0.041043
v -0.006402 2.817238 -0.049812
v -0.006402 2.811329 -0.048711
v -0.006402 2.806172 -0.045554
v -0.026168 2.901676 -0.041043
v -0.028016 2.895941 -0.044879
v -0.042020 2.901676 -0.028401
v -0.045349 2.895941 -0.031056
v -0.050818 2.901676 -0.010134
v -0.054968 2.895941 -0.011081
v -0.050818 2.901676 0.010141
v -0.054968 2.895941 0.011089
v -0.042020 2.901676 0.028409
v -0.045349 2.895941 0.031063
v -0.026168 2.901676 0.041050
v -0.028016 2.895941 0.044886
v -0.006402 2.901676 0.045562
v -0.006402 2.895941 0.049819
v 0.013365 2.901676 0.041050
v 0.015212 2.895941 0.044886
v 0.029217 2.901676 0.028409
v 0.032546 2.895941 0.031063
v 0.038014 2.901676 0.010141
v 0.042165 2.895941 0.011089
v 0.038014 2.901676 -0.010134
v 0.042165 2.895941 -0.011081
v 0.029217 2.901676 -0.028401
v 0.032546 2.895941 -0.031056
v 0.013365 2.901676 -0.041043
v 0.015212 2.895941 -0.044879
v -0.006402 2.901676 -0.045554
v -0.006402 2.895941 -0.049812
v -0.018532 2.838802 0.000004
v -0.023588 2.840156 0.000004
v -0.027290 2.843857 0.000004
v -0.028644 2.848913 0.000004
v -0.018532 2.865415 0.000004
v -0.028644 2.855303 0.000004
v -0.027290 2.860359 0.000004
v -0.023588 2.864060 0.000004
v -0.018532 2.865415 0.614042
v -0.023588 2.864060 0.614042
v -0.027290 2.860359 0.614042
v -0.028644 2.855303 0.614042
v -0.027290 2.855303 0.636317
v -0.023588 2.855303 0.640018
v -0.018532 2.855303 0.641373
v -0.018532 2.860359 0.640018
v -0.018532 2.864060 0.636317
v -0.018532 2.865415 0.631261
v -0.023588 2.864060 0.631261
v -0.027290 2.860359 0.631261
v -0.028644 2.855303 0.631261
v -0.018532 2.838802 0.641373
v -0.023588 2.838802 0.640018
v -0.027290 2.838802 0.636317
v -0.028644 2.838802 0.631261
v -0.028644 2.813791 0.624154
v -0.027290 2.813791 0.619098
v -0.023588 2.813791 0.615397
v -0.018532 2.813791 0.614042
v -0.028644 2.813791 0.631261
v -0.018532 2.813791 0.641373
v -0.023588 2.813791 0.640018
v -0.027290 2.813791 0.636317
v -0.026529 2.859672 0.635630
v -0.022902 2.859672 0.639258
v -0.022902 2.863300 0.635630
v -0.028644 2.844067 0.627560
v -0.028644 2.852108 0.619098
v -0.028644 2.848913 0.615903
v -0.028644 2.846497 0.621737
v -0.028644 2.840661 0.624154
v -0.027290 2.843857 0.610846
v -0.027290 2.841440 0.616681
v -0.027290 2.835606 0.619098
v -0.023588 2.840156 0.607145
v -0.023588 2.837739 0.612980
v -0.023588 2.831905 0.615397
v -0.018532 2.830550 0.614042
v -0.018532 2.836385 0.611625
v -0.018532 2.838802 0.605790
v -0.028644 2.848913 0.624154
v -0.028644 2.850119 0.625215
v -0.006402 2.865415 0.000004
v -0.006402 2.865415 0.614042
v -0.006402 2.865415 0.631261
v -0.006402 2.864060 0.636317
v -0.006402 2.860359 0.640018
v -0.006402 2.855303 0.641373
v -0.006402 2.838802 0.641373
v -0.006402 2.813791 0.641373
v -0.006402 2.838802 0.000004
v -0.006402 2.838802 0.605790
v -0.006402 2.836385 0.611625
v -0.006402 2.830550 0.614042
v -0.006402 2.813791 0.614042
v 0.005728 2.838802 0.000004
v 0.010784 2.840156 0.000004
v 0.014486 2.843857 0.000004
v 0.015840 2.848913 0.000004
v 0.005728 2.865415 0.000004
v 0.015840 2.855303 0.000004
v 0.014486 2.860359 0.000004
v 0.010784 2.864060 0.000004
v 0.005728 2.865415 0.614042
v 0.010784 2.864060 0.614042
v 0.014486 2.860359 0.614042
v 0.015840 2.855303 0.614042
v 0.014486 2.855303 0.636317
v 0.010784 2.855303 0.640018
v 0.005728 2.855303 0.641373
v 0.005728 2.860359 0.640018
v 0.005728 2.864060 0.636317
v 0.005728 2.865415 0.631261
v 0.010784 2.864060 0.631261
v 0.014486 2.860359 0.631261
v 0.015840 2.855303 0.631261
v 0.005728 2.838802 0.641373
v 0.010784 2.838802 0.640018
v 0.014486 2.838802 0.636317
v 0.015840 2.838802 0.631261
v 0.015840 2.813791 0.624154
v 0.014486 2.813791 0.619098
v 0.010784 2.813791 0.615397
v 0.005728 2.813791 0.614042
v 0.015840 2.813791 0.631261
v 0.005728 2.813791 0.641373
v 0.010784 2.813791 0.640018
v 0.014486 2.813791 0.636317
v 0.013725 2.859672 0.635630
v 0.010098 2.859672 0.639258
v 0.010098 2.863300 0.635630
v 0.015840 2.844067 0.627560
v 0.015840 2.852108 0.619098
v 0.015840 2.848913 0.615903
v 0.015840 2.846497 0.621737
v 0.015840 2.840661 0.624154
v 0.014486 2.843857 0.610846
v 0.014486 2.841440 0.616681
v 0.014486 2.835606 0.619098
v 0.010784 2.840156 0.607145
v 0.010784 2.837739 0.612980
v 0.010784 2.831905 0.615397
v 0.005728 2.830550 0.614042
v 0.005728 2.836385 0.611625
v 0.005728 2.838802 0.605790
v 0.015840 2.848913 0.624154
v 0.015840 2.850119 0.625215
v -0.006400 2.821242 0.625376
v -0.010709 2.738921 0.680124
v 0.006419 2.738921 0.678776
v 0.022293 2.738921 0.672201
v 0.035359 2.738921 0.661041
v 0.044337 2.738921 0.646391
v 0.048349 2.738921 0.629684
v 0.047000 2.738921 0.612556
v 0.040424 2.738921 0.596681
v 0.029265 2.738921 0.583616
v 0.014615 2.738921 0.574639
v -0.002092 2.738921 0.570628
v -0.019221 2.738921 0.571976
v -0.035095 2.738921 0.578551
v -0.048160 2.738921 0.589710
v -0.057137 2.738921 0.604360
v -0.061149 2.738921 0.621067
v -0.059801 2.738921 0.638197
v -0.053225 2.738921 0.654071
v -0.042066 2.738921 0.667136
v -0.027416 2.738921 0.676113
v -0.010768 2.757431 0.680883
v 0.006598 2.757431 0.679516
v 0.022691 2.757431 0.672850
v 0.035938 2.757431 0.661536
v 0.045040 2.757431 0.646683
v 0.049106 2.757431 0.629745
v 0.047740 2.757431 0.612378
v 0.041073 2.757431 0.596284
v 0.029759 2.757431 0.583038
v 0.014906 2.757431 0.573936
v -0.002032 2.757431 0.569869
v -0.019398 2.757431 0.571236
v -0.035493 2.757431 0.577903
v -0.048738 2.757431 0.589216
v -0.057840 2.757431 0.604069
v -0.061907 2.757431 0.621007
v -0.060540 2.757431 0.638374
v -0.053874 2.757431 0.654468
v -0.042561 2.757431 0.667714
v -0.027707 2.757431 0.676816
v -0.009868 2.734334 0.669432
v 0.003915 2.734334 0.668347
v 0.016688 2.734334 0.663056
v 0.027203 2.734334 0.654075
v 0.034428 2.734334 0.642286
v 0.037656 2.734334 0.628843
v 0.036571 2.734334 0.615059
v 0.031279 2.734334 0.602286
v 0.022300 2.734334 0.591772
v 0.010511 2.734334 0.584548
v -0.002933 2.734334 0.581320
v -0.016717 2.734334 0.582405
v -0.029491 2.734334 0.587696
v -0.040004 2.734334 0.596675
v -0.047228 2.734334 0.608465
v -0.050456 2.734334 0.621910
v -0.049371 2.734334 0.635693
v -0.044080 2.734334 0.648466
v -0.035100 2.734334 0.658980
v -0.023312 2.734334 0.666204
v -0.009748 2.745717 0.667911
v 0.003560 2.745717 0.666864
v 0.015893 2.745717 0.661756
v 0.026043 2.745718 0.653086
v 0.033018 2.745717 0.641704
v 0.036135 2.745717 0.628723
v 0.035088 2.745717 0.615416
v 0.029979 2.745718 0.603083
v 0.021309 2.745717 0.592932
v 0.009927 2.745717 0.585957
v -0.003053 2.745717 0.582841
v -0.016361 2.745717 0.583888
v -0.028694 2.745717 0.588997
v -0.038844 2.745717 0.597666
v -0.045819 2.745717 0.609049
v -0.048936 2.745717 0.622029
v -0.047888 2.745718 0.635336
v -0.042780 2.745717 0.647669
v -0.034110 2.745717 0.657820
v -0.022728 2.745717 0.664795
v -0.006400 2.715042 0.625376
v -0.006400 2.733850 0.625376
v -0.010043 2.817926 0.671682
v -0.010589 2.816568 0.678616
v -0.010671 2.807010 0.679662
v 0.004444 2.817926 0.670542
v 0.006068 2.816568 0.677305
v 0.006313 2.807011 0.678326
v 0.017869 2.817926 0.664981
v 0.021504 2.816568 0.670911
v 0.022052 2.807010 0.671806
v 0.028920 2.817926 0.655542
v 0.034209 2.816568 0.660060
v 0.035007 2.807010 0.660741
v 0.036513 2.817926 0.643152
v 0.042940 2.816568 0.645813
v 0.043910 2.807010 0.646215
v 0.039906 2.817926 0.629021
v 0.046841 2.816568 0.629567
v 0.047887 2.807011 0.629649
v 0.038766 2.817926 0.614533
v 0.045530 2.816568 0.612909
v 0.046550 2.807011 0.612664
v 0.033204 2.817926 0.601106
v 0.039135 2.816568 0.597472
v 0.040030 2.807011 0.596923
v 0.023766 2.817926 0.590056
v 0.028283 2.816568 0.584766
v 0.028965 2.807011 0.583968
v 0.011375 2.817926 0.582462
v 0.014037 2.816568 0.576036
v 0.014438 2.807011 0.575066
v -0.002756 2.817926 0.579070
v -0.002210 2.816568 0.572136
v -0.002128 2.807011 0.571089
v -0.017243 2.817926 0.580210
v -0.018867 2.816568 0.573447
v -0.019112 2.807011 0.572426
v -0.030671 2.817926 0.585772
v -0.034305 2.816568 0.579842
v -0.034854 2.807011 0.578947
v -0.041721 2.817926 0.595210
v -0.047010 2.816568 0.590693
v -0.047808 2.807011 0.590011
v -0.049314 2.817926 0.607600
v -0.055740 2.816568 0.604939
v -0.056710 2.807011 0.604537
v -0.052707 2.817926 0.621731
v -0.059641 2.816568 0.621185
v -0.060688 2.807011 0.621103
v -0.051567 2.817926 0.636219
v -0.058330 2.816568 0.637843
v -0.059351 2.807010 0.638088
v -0.046005 2.817926 0.649645
v -0.051936 2.816568 0.653279
v -0.052831 2.807011 0.653828
v -0.036568 2.817926 0.660695
v -0.041085 2.816568 0.665984
v -0.041767 2.807011 0.666783
v -0.024175 2.817926 0.668288
v -0.026837 2.816568 0.674715
v -0.027239 2.807010 0.675685
v 0.003646 2.743755 0.667222
v -0.009777 2.743755 0.668278
v -0.022869 2.743755 0.665135
v 0.016085 2.743755 0.662069
v 0.026323 2.743755 0.653325
v 0.033359 2.743755 0.641845
v 0.036502 2.743754 0.628753
v 0.035446 2.743754 0.615330
v 0.030293 2.743755 0.602890
v 0.021548 2.743755 0.592652
v 0.010068 2.743755 0.585617
v -0.003024 2.743755 0.582474
v -0.016447 2.743755 0.583530
v -0.028886 2.743755 0.588683
v -0.039124 2.743755 0.597427
v -0.046160 2.743754 0.608908
v -0.049303 2.743754 0.622000
v -0.048246 2.743755 0.635422
v -0.043094 2.743755 0.647862
v -0.034349 2.743755 0.658100
v -0.023160 2.601415 0.838323
v -0.088144 2.601415 0.822722
v -0.145127 2.601415 0.787803
v 0.043464 2.601415 0.833080
v 0.105208 2.601415 0.807504
v 0.156026 2.601415 0.764101
v 0.190945 2.601415 0.707119
v 0.206546 2.601415 0.642134
v 0.201302 2.601415 0.575510
v 0.175727 2.601415 0.513767
v 0.132324 2.601415 0.462949
v 0.075341 2.601415 0.428030
v 0.010357 2.601415 0.412429
v -0.056267 2.601415 0.417673
v -0.118011 2.601415 0.443248
v -0.168829 2.601415 0.486651
v -0.203748 2.601415 0.543633
v -0.219348 2.601415 0.608617
v -0.214105 2.601415 0.675242
v -0.188530 2.601415 0.736985
v 0.127729 2.577796 0.468329
v 0.072633 2.577796 0.434567
v 0.070994 2.581447 0.438525
v 0.124947 2.581447 0.471586
v 0.169694 2.577796 0.517464
v 0.166042 2.581447 0.519702
v 0.194422 2.577796 0.577162
v 0.190257 2.581447 0.578162
v 0.199492 2.577796 0.641580
v 0.195222 2.581447 0.641244
v 0.184408 2.577796 0.704411
v 0.180450 2.581447 0.702772
v 0.150645 2.577796 0.759506
v 0.147388 2.581447 0.756724
v 0.101510 2.577796 0.801472
v 0.099272 2.581447 0.797819
v 0.041812 2.577796 0.826200
v 0.040812 2.581447 0.822034
v -0.022605 2.577796 0.831270
v -0.022269 2.581447 0.826999
v -0.085437 2.577796 0.816185
v -0.083797 2.581447 0.812228
v -0.140532 2.577796 0.782423
v -0.137750 2.581447 0.779166
v -0.182497 2.577796 0.733288
v -0.178845 2.581447 0.731050
v -0.207225 2.577796 0.673590
v -0.203060 2.581447 0.672590
v -0.212295 2.577796 0.609173
v -0.208025 2.581447 0.609509
v -0.197211 2.577796 0.546341
v -0.193253 2.581447 0.547980
v -0.163448 2.577796 0.491246
v -0.160191 2.581447 0.494028
v -0.114314 2.577796 0.449281
v -0.112075 2.581447 0.452933
v -0.054616 2.577796 0.424553
v -0.053615 2.581447 0.428718
v 0.009802 2.577796 0.419482
v 0.009466 2.581447 0.423753
v 0.123643 2.599658 0.473113
v 0.070226 2.599658 0.440379
v 0.068194 2.600843 0.445286
v 0.120194 2.600843 0.477152
v 0.164330 2.599658 0.520751
v 0.159801 2.600843 0.523526
v 0.188305 2.599658 0.578631
v 0.183140 2.600843 0.579871
v 0.193220 2.599658 0.641086
v 0.187925 2.600843 0.640669
v 0.178595 2.599658 0.702004
v 0.173689 2.600843 0.699971
v 0.145862 2.599658 0.755421
v 0.141823 2.600843 0.751971
v 0.098223 2.599658 0.796107
v 0.095448 2.600843 0.791579
v 0.040344 2.599658 0.820082
v 0.039104 2.600843 0.814918
v -0.022112 2.599658 0.824998
v -0.021695 2.600843 0.819703
v -0.083029 2.599658 0.810373
v -0.080997 2.600843 0.805466
v -0.132996 2.600843 0.773601
v -0.136446 2.599658 0.777640
v -0.177133 2.599658 0.730001
v -0.172604 2.600843 0.727226
v -0.201108 2.599658 0.672122
v -0.195943 2.600843 0.670882
v -0.206023 2.599658 0.609666
v -0.200728 2.600843 0.610083
v -0.191398 2.599658 0.548749
v -0.186491 2.600843 0.550781
v -0.158665 2.599658 0.495332
v -0.154626 2.600843 0.498781
v -0.111026 2.599658 0.454645
v -0.108251 2.600843 0.459173
v -0.053147 2.599658 0.430670
v -0.051907 2.600843 0.435834
v 0.009309 2.599658 0.425754
v 0.008892 2.600843 0.431049
v 0.116894 2.601124 0.481015
v 0.066249 2.601124 0.449980
v 0.065065 2.603848 0.452839
v 0.114884 2.603848 0.483368
v 0.155469 2.601124 0.526181
v 0.152831 2.603848 0.527798
v 0.178200 2.601124 0.581057
v 0.175191 2.603848 0.581779
v 0.182860 2.601124 0.640271
v 0.179776 2.603848 0.640028
v 0.168994 2.601124 0.698027
v 0.166136 2.603848 0.696843
v 0.137960 2.601124 0.748672
v 0.135607 2.603848 0.746662
v 0.092794 2.601124 0.787247
v 0.091177 2.603848 0.784609
v 0.037918 2.601124 0.809977
v 0.037196 2.603848 0.806969
v -0.021296 2.601124 0.814638
v -0.021053 2.603848 0.811553
v -0.079052 2.601124 0.800772
v -0.077868 2.603848 0.797913
v -0.127687 2.603848 0.767384
v -0.129697 2.601124 0.769737
v -0.168272 2.601124 0.724571
v -0.165634 2.603848 0.722955
v -0.191003 2.601124 0.669696
v -0.187994 2.603848 0.668973
v -0.195663 2.601124 0.610482
v -0.192578 2.603848 0.610724
v -0.181797 2.601124 0.552725
v -0.178939 2.603848 0.553909
v -0.150763 2.601124 0.502081
v -0.148410 2.603848 0.504090
v -0.105597 2.601124 0.463505
v -0.103980 2.603848 0.466144
v -0.050720 2.601124 0.440775
v -0.049998 2.603848 0.443784
v 0.008493 2.601124 0.436114
v 0.008251 2.603848 0.439199
v 0.110993 2.612475 0.487924
v 0.062772 2.612475 0.458375
v 0.058982 2.625008 0.467526
v 0.104560 2.625008 0.495456
v 0.147723 2.612475 0.530928
v 0.139277 2.625008 0.536104
v 0.169365 2.612475 0.583178
v 0.159733 2.625008 0.585490
v 0.173802 2.612475 0.639558
v 0.163928 2.625008 0.638781
v 0.160600 2.612475 0.694550
v 0.151449 2.625008 0.690759
v 0.131050 2.612475 0.742770
v 0.123518 2.625008 0.736337
v 0.088046 2.612475 0.779500
v 0.082871 2.625008 0.771054
v 0.035797 2.612475 0.801142
v 0.033485 2.625008 0.791511
v -0.020583 2.612475 0.805579
v -0.019806 2.625008 0.795705
v -0.075575 2.612475 0.792377
v -0.071784 2.625008 0.783226
v -0.117362 2.625008 0.755296
v -0.123795 2.612475 0.762828
v -0.160525 2.612475 0.719824
v -0.152079 2.625008 0.714649
v -0.182167 2.612475 0.667574
v -0.172535 2.625008 0.665262
v -0.186605 2.612475 0.611194
v -0.176730 2.625008 0.611971
v -0.173403 2.612475 0.556203
v -0.164251 2.625008 0.559993
v -0.143853 2.612475 0.507982
v -0.136321 2.625008 0.514415
v -0.100849 2.612475 0.471253
v -0.095673 2.625008 0.479698
v -0.048599 2.612475 0.449610
v -0.046287 2.625008 0.459242
v 0.007780 2.612475 0.445173
v 0.007003 2.625008 0.455048
v 0.054245 2.637570 0.478962
v 0.096522 2.637570 0.504869
v 0.128723 2.637570 0.542571
v 0.147697 2.637570 0.588380
v 0.151588 2.637570 0.637810
v 0.140013 2.637570 0.686022
v 0.114106 2.637570 0.728299
v 0.076404 2.637570 0.760500
v 0.030595 2.637570 0.779475
v -0.018835 2.637570 0.783365
v -0.067047 2.637570 0.771790
v -0.109323 2.637570 0.745884
v -0.141525 2.637570 0.708181
v -0.160500 2.637570 0.662373
v -0.164390 2.637570 0.612942
v -0.152815 2.637570 0.564730
v -0.126909 2.637570 0.522454
v -0.089206 2.637570 0.490252
v -0.043397 2.637570 0.471277
v 0.006032 2.637570 0.467387
v 0.048861 2.649880 0.491961
v 0.087384 2.649880 0.515567
v 0.116726 2.649880 0.549923
v 0.134016 2.649880 0.591664
v 0.137562 2.649880 0.636706
v 0.127015 2.649880 0.680638
v 0.103408 2.649880 0.719161
v 0.069052 2.649880 0.748504
v 0.027311 2.649880 0.765794
v -0.017731 2.649880 0.769339
v -0.061663 2.649880 0.758791
v -0.100186 2.649880 0.735185
v -0.129528 2.649880 0.700829
v -0.146818 2.649880 0.659088
v -0.150363 2.649880 0.614046
v -0.139816 2.649880 0.570114
v -0.116209 2.649880 0.531591
v -0.081854 2.649880 0.502249
v -0.040113 2.649880 0.484959
v 0.004928 2.649880 0.481414
v 0.042752 2.662378 0.506709
v 0.077017 2.662378 0.527706
v 0.103116 2.662378 0.558264
v 0.118494 2.662378 0.595391
v 0.121648 2.662378 0.635453
v 0.112266 2.662378 0.674529
v 0.091269 2.662378 0.708794
v 0.060711 2.662378 0.734893
v 0.023584 2.662378 0.750271
v -0.016479 2.662378 0.753425
v -0.055554 2.662378 0.744043
v -0.089818 2.662378 0.723046
v -0.115917 2.662378 0.692488
v -0.131296 2.662378 0.655361
v -0.134449 2.662378 0.615299
v -0.125068 2.662378 0.576223
v -0.104071 2.662378 0.541959
v -0.073513 2.662378 0.515860
v -0.036386 2.662378 0.500481
v 0.003676 2.662378 0.497328
v 0.035305 2.675226 0.524689
v 0.064378 2.675226 0.542504
v 0.086523 2.675226 0.568432
v 0.099571 2.675226 0.599934
v 0.102247 2.675226 0.633926
v 0.094287 2.675226 0.667082
v 0.076471 2.675226 0.696155
v 0.050543 2.675226 0.718299
v 0.019041 2.675226 0.731348
v -0.014951 2.675226 0.734023
v -0.048107 2.675226 0.726064
v -0.077179 2.675226 0.708247
v -0.099324 2.675226 0.682320
v -0.112372 2.675226 0.650818
v -0.115048 2.675226 0.616826
v -0.107088 2.675226 0.583670
v -0.089272 2.675226 0.554598
v -0.063344 2.675226 0.532453
v -0.031843 2.675226 0.519404
v 0.002150 2.675226 0.516729
v 0.026569 2.688054 0.545779
v 0.049553 2.688054 0.559863
v 0.067058 2.688054 0.580360
v 0.077375 2.688054 0.605263
v 0.079489 2.688054 0.632135
v 0.073196 2.688054 0.658346
v 0.059112 2.688054 0.681329
v 0.038616 2.688054 0.698835
v 0.013712 2.688054 0.709150
v -0.013160 2.688054 0.711266
v -0.039370 2.688054 0.704973
v -0.062353 2.688054 0.690889
v -0.079860 2.688054 0.670392
v -0.090175 2.688054 0.645489
v -0.092290 2.688054 0.618617
v -0.085998 2.688054 0.592406
v -0.071913 2.688054 0.569423
v -0.051417 2.688054 0.551917
v -0.026513 2.688054 0.541601
v 0.000359 2.688054 0.539486
v 0.017255 2.700609 0.568266
v 0.033745 2.700609 0.578371
v 0.046305 2.700609 0.593078
v 0.053707 2.700609 0.610945
v 0.055224 2.700609 0.630226
v 0.050709 2.700609 0.649031
v 0.040604 2.700609 0.665521
v 0.025898 2.700609 0.678082
v 0.008030 2.700609 0.685483
v -0.011250 2.700609 0.687001
v -0.030056 2.700609 0.682486
v -0.046546 2.700609 0.672381
v -0.059106 2.700609 0.657674
v -0.066507 2.700609 0.639806
v -0.068025 2.700609 0.620526
v -0.063510 2.700609 0.601721
v -0.053405 2.700609 0.585231
v -0.038699 2.700609 0.572670
v -0.020831 2.700609 0.565269
v -0.001551 2.700609 0.563752
v 0.004629 2.710563 0.598750
v 0.012317 2.710564 0.603461
v 0.018173 2.710564 0.610317
v 0.021624 2.710564 0.618648
v 0.022331 2.710564 0.627637
v 0.020226 2.710564 0.636405
v 0.015515 2.710564 0.644093
v 0.008658 2.710564 0.649949
v 0.000327 2.710564 0.653399
v -0.008661 2.710564 0.654107
v -0.017429 2.710564 0.652002
v -0.025117 2.710564 0.647291
v -0.030973 2.710564 0.640434
v -0.034423 2.710564 0.632104
v -0.035131 2.710564 0.623115
v -0.033026 2.710564 0.614347
v -0.028315 2.710564 0.606659
v -0.021459 2.710564 0.600803
v -0.013128 2.710564 0.597352
v -0.004139 2.710564 0.596645
v -0.083648 2.591752 0.811868
v -0.022238 2.591752 0.826611
v 0.040721 2.591752 0.821656
v 0.099069 2.591752 0.797487
v 0.147092 2.591752 0.756471
v 0.180090 2.591752 0.702623
v 0.194833 2.591752 0.641213
v 0.189878 2.591752 0.578253
v 0.165710 2.591752 0.519906
v 0.124693 2.591752 0.471882
v 0.070845 2.591752 0.438884
v 0.009435 2.591752 0.424141
v -0.053525 2.591752 0.429097
v -0.111872 2.591752 0.453265
v -0.159895 2.591752 0.494281
v -0.192893 2.591752 0.548129
v -0.207636 2.591752 0.609539
v -0.202681 2.591752 0.672499
v -0.178513 2.591752 0.730847
v -0.137497 2.591752 0.778870
v 0.000163 2.733850 0.652717
v -0.008606 2.733850 0.653407
v 0.008290 2.733850 0.649350
v 0.014981 2.733850 0.643636
v 0.019578 2.733850 0.636135
v 0.021631 2.733850 0.627582
v 0.020941 2.733850 0.618812
v 0.017574 2.733850 0.610685
v 0.011861 2.733850 0.603995
v 0.004360 2.733850 0.599399
v -0.004194 2.733850 0.597345
v -0.012964 2.733850 0.598035
v -0.021092 2.733850 0.601402
v -0.027780 2.733850 0.607115
v -0.032377 2.733850 0.614616
v -0.034431 2.733850 0.623170
v -0.033741 2.733850 0.631940
v -0.030374 2.733850 0.640068
v -0.024661 2.733850 0.646757
v -0.017160 2.733850 0.651353
v -0.004043 2.819273 0.595426
v 0.005096 2.819273 0.597620
v 0.013111 2.819273 0.602531
v 0.019215 2.819273 0.609679
v 0.022812 2.819273 0.618363
v 0.023550 2.819273 0.627734
v 0.021355 2.819273 0.636873
v 0.016444 2.819273 0.644887
v 0.009297 2.819273 0.650991
v 0.000613 2.819273 0.654588
v -0.008756 2.819273 0.655326
v -0.017897 2.819273 0.653131
v -0.025912 2.819273 0.648220
v -0.032016 2.819273 0.641073
v -0.035613 2.819273 0.632389
v -0.036350 2.819273 0.623019
v -0.034156 2.819273 0.613879
v -0.029245 2.819273 0.605865
v -0.022098 2.819273 0.599761
v -0.013413 2.819273 0.596164
v 0.006467 2.782936 0.678971
v -0.010724 2.782936 0.680324
v -0.027493 2.782936 0.676298
v 0.022398 2.782936 0.672372
v 0.035512 2.782936 0.661172
v 0.044522 2.782936 0.646469
v 0.048548 2.782936 0.629701
v 0.047195 2.782936 0.612509
v 0.040596 2.782936 0.596577
v 0.029395 2.782936 0.583463
v 0.014692 2.782936 0.574453
v -0.002076 2.782936 0.570428
v -0.019267 2.782936 0.571781
v -0.035200 2.782936 0.578381
v -0.048313 2.782936 0.589580
v -0.057323 2.782936 0.604283
v -0.061349 2.782936 0.621051
v -0.059996 2.782936 0.638243
v -0.053396 2.782936 0.654175
v -0.042197 2.782936 0.667287
v -0.010523 2.817167 0.677783
v -0.026517 2.817167 0.673943
v -0.010632 2.815701 0.679168
v -0.027049 2.815702 0.675226
v 0.006197 2.815701 0.677844
v 0.005873 2.817167 0.676493
v 0.021793 2.815701 0.671383
v 0.021067 2.817167 0.670199
v 0.034630 2.815701 0.660419
v 0.033573 2.817167 0.659517
v 0.043451 2.815701 0.646025
v 0.042168 2.817167 0.645494
v 0.047393 2.815701 0.629610
v 0.046007 2.817167 0.629501
v 0.046068 2.815701 0.612780
v 0.044717 2.817167 0.613104
v 0.039607 2.815701 0.597183
v 0.038423 2.817167 0.597909
v 0.028643 2.815701 0.584345
v 0.027741 2.817167 0.585402
v 0.014249 2.815701 0.575525
v 0.013717 2.817167 0.576808
v -0.002167 2.815701 0.571584
v -0.002276 2.817167 0.572969
v -0.018997 2.815701 0.572908
v -0.018672 2.817167 0.574259
v -0.034595 2.815701 0.579370
v -0.033869 2.817167 0.580554
v -0.047431 2.815701 0.590333
v -0.046375 2.817167 0.591236
v -0.056251 2.815701 0.604727
v -0.054968 2.817167 0.605258
v -0.060193 2.815701 0.621142
v -0.058808 2.817167 0.621251
v -0.058869 2.815701 0.637972
v -0.057518 2.817167 0.637647
v -0.052408 2.815701 0.653569
v -0.051223 2.817167 0.652843
v -0.041445 2.815701 0.666405
v -0.040543 2.817167 0.665349
v 0.010260 2.578618 0.413659
v 0.074869 2.578618 0.429170
v 0.131522 2.578618 0.463887
v 0.132787 2.586640 0.462407
v 0.075614 2.586640 0.427371
v 0.174675 2.578618 0.514412
v 0.176335 2.586640 0.513395
v 0.200102 2.578618 0.575798
v 0.201995 2.586640 0.575344
v 0.205315 2.578618 0.642038
v 0.207256 2.586640 0.642191
v 0.189804 2.578618 0.706647
v 0.191603 2.586640 0.707391
v 0.155087 2.578618 0.763300
v 0.156568 2.586640 0.764564
v 0.104563 2.578618 0.806452
v 0.105580 2.586640 0.808112
v 0.043176 2.578618 0.831880
v 0.043631 2.586640 0.833773
v -0.023063 2.578618 0.837093
v -0.023216 2.586640 0.839034
v -0.087672 2.578618 0.821582
v -0.088417 2.586640 0.823381
v -0.144325 2.578618 0.786865
v -0.145590 2.586640 0.788345
v -0.187478 2.578618 0.736340
v -0.189138 2.586640 0.737357
v -0.212905 2.578618 0.674954
v -0.214799 2.586640 0.675408
v -0.218119 2.578618 0.608714
v -0.220059 2.586640 0.608562
v -0.202608 2.578618 0.544106
v -0.204406 2.586640 0.543361
v -0.167890 2.578618 0.487452
v -0.169371 2.586640 0.486188
v -0.117366 2.578618 0.444300
v -0.118383 2.586640 0.442640
v -0.055979 2.578618 0.418873
v -0.056434 2.586640 0.416980
v 0.010413 2.586640 0.411718
v 0.009751 2.611325 0.420130
v 0.072385 2.611325 0.435167
v 0.127307 2.611325 0.468823
v 0.121261 2.613418 0.475901
v 0.068823 2.613418 0.443767
v 0.169141 2.611325 0.517803
v 0.161204 2.613418 0.522667
v 0.193791 2.611325 0.577313
v 0.184739 2.613418 0.579487
v 0.198845 2.611325 0.641529
v 0.189565 2.613418 0.640798
v 0.183807 2.611325 0.704163
v 0.175207 2.613418 0.700601
v 0.150152 2.611325 0.759085
v 0.143073 2.613418 0.753039
v 0.101172 2.611325 0.800918
v 0.096308 2.613418 0.792981
v 0.041661 2.611325 0.825568
v 0.039488 2.613418 0.816517
v -0.022554 2.611325 0.830622
v -0.021824 2.613418 0.821342
v -0.085188 2.611325 0.815585
v -0.081626 2.613418 0.806985
v -0.140110 2.611325 0.781929
v -0.134064 2.613418 0.774851
v -0.181943 2.611325 0.732949
v -0.174006 2.613418 0.728086
v -0.206593 2.611325 0.673438
v -0.197541 2.613418 0.671266
v -0.211647 2.611325 0.609224
v -0.202367 2.613418 0.609954
v -0.196611 2.611325 0.546590
v -0.188010 2.613418 0.550152
v -0.162955 2.611325 0.491668
v -0.155876 2.613418 0.497714
v -0.113974 2.611325 0.449834
v -0.109110 2.613418 0.457771
v -0.054464 2.611325 0.425184
v -0.052291 2.613418 0.434236
v 0.009021 2.613418 0.429410
v 0.008931 2.612429 0.430553
v 0.068384 2.612429 0.444827
v 0.120517 2.612429 0.476773
v 0.119540 2.615561 0.477917
v 0.067809 2.615561 0.446217
v 0.160226 2.612429 0.523266
v 0.158943 2.615561 0.524052
v 0.183624 2.612429 0.579754
v 0.182161 2.615561 0.580106
v 0.188422 2.612429 0.640708
v 0.186921 2.615561 0.640590
v 0.174148 2.612429 0.700162
v 0.172758 2.615561 0.699586
v 0.142202 2.612429 0.752294
v 0.141057 2.615561 0.751317
v 0.095709 2.612429 0.792003
v 0.094923 2.615561 0.790720
v 0.039220 2.612429 0.815402
v 0.038869 2.615561 0.813939
v -0.021733 2.612429 0.820199
v -0.021616 2.615561 0.818699
v -0.081187 2.612429 0.805926
v -0.080611 2.615561 0.804536
v -0.133319 2.612429 0.773980
v -0.132342 2.615561 0.772835
v -0.173028 2.612429 0.727487
v -0.171745 2.615561 0.726700
v -0.196427 2.612429 0.670998
v -0.194963 2.615561 0.670646
v -0.201224 2.612429 0.610044
v -0.199724 2.615561 0.610162
v -0.186951 2.612429 0.550591
v -0.185560 2.615562 0.551166
v -0.155004 2.612429 0.498458
v -0.153860 2.615561 0.499435
v -0.108511 2.612429 0.458749
v -0.107725 2.615561 0.460032
v -0.052023 2.612429 0.435351
v -0.051671 2.615561 0.436814
v 0.008813 2.615561 0.432053
v 0.008184 2.626516 0.440059
v 0.064736 2.626515 0.453635
v 0.114323 2.626517 0.484025
v 0.106412 2.640275 0.493285
v 0.060085 2.640255 0.464867
v 0.152094 2.626517 0.528250
v 0.141704 2.640281 0.534617
v 0.174351 2.626518 0.581981
v 0.162501 2.640281 0.584826
v 0.178914 2.626517 0.639960
v 0.166765 2.640281 0.639004
v 0.165337 2.626518 0.696512
v 0.154078 2.640282 0.691848
v 0.134949 2.626518 0.746100
v 0.125682 2.640282 0.738185
v 0.090725 2.626517 0.783871
v 0.084358 2.640281 0.773480
v 0.036994 2.626517 0.806128
v 0.034149 2.640281 0.794278
v -0.020985 2.626517 0.810691
v -0.020029 2.640281 0.798542
v -0.077537 2.626517 0.797114
v -0.072873 2.640282 0.785855
v -0.127125 2.626518 0.766727
v -0.119210 2.640282 0.757460
v -0.164896 2.626518 0.722503
v -0.154505 2.640282 0.716135
v -0.187152 2.626518 0.668771
v -0.175302 2.640282 0.665926
v -0.191715 2.626518 0.610792
v -0.179566 2.640282 0.611748
v -0.178139 2.626518 0.554240
v -0.166879 2.640282 0.558904
v -0.147751 2.626518 0.504652
v -0.138484 2.640282 0.512567
v -0.103527 2.626518 0.466881
v -0.097160 2.640282 0.477272
v -0.049796 2.626517 0.444624
v -0.046950 2.640279 0.456472
v 0.007236 2.640265 0.452192
v 0.097235 2.653437 0.504027
v 0.054693 2.653396 0.477895
v 0.129650 2.653450 0.542003
v 0.148755 2.653450 0.588126
v 0.152672 2.653450 0.637895
v 0.141017 2.653450 0.686438
v 0.114933 2.653450 0.729004
v 0.076972 2.653450 0.761427
v 0.030849 2.653450 0.780532
v -0.018920 2.653450 0.784449
v -0.067463 2.653450 0.772795
v -0.110029 2.653450 0.746710
v -0.142451 2.653450 0.708749
v -0.161556 2.653450 0.662626
v -0.165473 2.653450 0.612857
v -0.153819 2.653450 0.564313
v -0.127735 2.653450 0.521748
v -0.089773 2.653450 0.489325
v -0.043649 2.653446 0.470216
v 0.006137 2.653418 0.466266
v 0.087274 2.666220 0.515691
v 0.048817 2.666190 0.492078
v 0.116575 2.666229 0.550015
v 0.133845 2.666229 0.591706
v 0.137385 2.666229 0.636692
v 0.126851 2.666230 0.680570
v 0.103273 2.666230 0.719046
v 0.068960 2.666230 0.748352
v 0.027269 2.666230 0.765621
v -0.017717 2.666230 0.769162
v -0.061595 2.666230 0.758628
v -0.100070 2.666230 0.735050
v -0.129376 2.666230 0.700737
v -0.146645 2.666230 0.659046
v -0.150186 2.666230 0.614060
v -0.139652 2.666230 0.570182
v -0.116075 2.666230 0.531706
v -0.081761 2.666230 0.502400
v -0.040069 2.666227 0.485128
v 0.004929 2.666206 0.481562
v 0.075450 2.679348 0.529540
v 0.041834 2.679341 0.508929
v 0.101056 2.679350 0.559526
v 0.116146 2.679350 0.595955
v 0.119240 2.679350 0.635264
v 0.110035 2.679350 0.673605
v 0.089432 2.679351 0.707225
v 0.059450 2.679350 0.732833
v 0.023020 2.679350 0.747923
v -0.016289 2.679350 0.751016
v -0.054630 2.679350 0.741812
v -0.088250 2.679350 0.721210
v -0.113857 2.679350 0.691227
v -0.128947 2.679351 0.654798
v -0.132040 2.679351 0.615489
v -0.122836 2.679351 0.577147
v -0.102234 2.679350 0.543527
v -0.072251 2.679351 0.517919
v -0.035821 2.679350 0.502829
v 0.003490 2.679344 0.499729
v 0.061144 2.692696 0.546291
v 0.033400 2.692696 0.529289
v 0.082277 2.692696 0.571034
v 0.094730 2.692696 0.601096
v 0.097283 2.692696 0.633536
v 0.089687 2.692696 0.665177
v 0.072685 2.692696 0.692921
v 0.047942 2.692696 0.714054
v 0.017879 2.692696 0.726507
v -0.014561 2.692696 0.729059
v -0.046201 2.692696 0.721463
v -0.073946 2.692695 0.704462
v -0.095078 2.692696 0.679719
v -0.107530 2.692696 0.649656
v -0.110083 2.692696 0.617217
v -0.102486 2.692697 0.585576
v -0.085485 2.692696 0.557832
v -0.060743 2.692696 0.536699
v -0.030681 2.692696 0.524246
v 0.001759 2.692696 0.521693
v 0.045396 2.705593 0.564729
v 0.024120 2.705592 0.551691
v 0.061602 2.705592 0.583703
v 0.071152 2.705592 0.606757
v 0.073111 2.705592 0.631633
v 0.067285 2.705592 0.655897
v 0.054247 2.705592 0.677173
v 0.035272 2.705592 0.693379
v 0.012218 2.705592 0.702928
v -0.012658 2.705592 0.704886
v -0.036921 2.705593 0.699060
v -0.058198 2.705592 0.686023
v -0.074404 2.705592 0.667049
v -0.083953 2.705592 0.643995
v -0.085910 2.705593 0.619119
v -0.080084 2.705593 0.594855
v -0.067046 2.705593 0.573579
v -0.048072 2.705593 0.557373
v -0.025019 2.705592 0.547823
v -0.000144 2.705592 0.545866
v 0.030141 2.717656 0.582590
v 0.015132 2.717656 0.573392
v 0.041575 2.717656 0.595977
v 0.048313 2.717655 0.612241
v 0.049694 2.717655 0.629790
v 0.045584 2.717656 0.646908
v 0.036385 2.717656 0.661918
v 0.022999 2.717656 0.673351
v 0.006735 2.717656 0.680088
v -0.010815 2.717655 0.681469
v -0.027933 2.717656 0.677360
v -0.042943 2.717655 0.668162
v -0.054376 2.717655 0.654776
v -0.061113 2.717655 0.638511
v -0.062495 2.717655 0.620961
v -0.058384 2.717655 0.603844
v -0.049186 2.717656 0.588834
v -0.035800 2.717656 0.577401
v -0.019536 2.717655 0.570663
v -0.001986 2.717655 0.569282
v 0.021772 2.724233 0.592389
v 0.010200 2.724233 0.585298
v 0.030587 2.724233 0.602710
v 0.035781 2.724233 0.615249
v 0.036846 2.724233 0.628779
v 0.033677 2.724233 0.641977
v 0.026586 2.724233 0.653549
v 0.016265 2.724233 0.662363
v 0.003726 2.724233 0.667557
v -0.009804 2.724233 0.668622
v -0.023002 2.724233 0.665453
v -0.034574 2.724233 0.658362
v -0.043388 2.724233 0.648042
v -0.048582 2.724233 0.635503
v -0.049647 2.724232 0.621973
v -0.046479 2.724233 0.608775
v -0.039386 2.724233 0.597203
v -0.029066 2.724233 0.588389
v -0.016527 2.724233 0.583194
v -0.002997 2.724233 0.582129
v -0.003068 2.723452 0.583023
v 0.009857 2.723452 0.586126
v 0.021190 2.723452 0.593071
v 0.021787 2.731844 0.592372
v 0.010209 2.731844 0.585276
v 0.029823 2.723452 0.603178
v 0.030607 2.731844 0.602697
v 0.034910 2.723452 0.615458
v 0.035804 2.731844 0.615244
v 0.035953 2.723452 0.628709
v 0.036870 2.731844 0.628781
v 0.032850 2.723453 0.641634
v 0.033699 2.731844 0.641986
v 0.025905 2.723453 0.652967
v 0.026604 2.731844 0.653565
v 0.015797 2.723452 0.661599
v 0.016278 2.731844 0.662383
v 0.003517 2.723452 0.666686
v 0.003732 2.731844 0.667580
v -0.009734 2.723452 0.667729
v -0.009806 2.731844 0.668645
v -0.022659 2.723452 0.664626
v -0.023010 2.731844 0.665475
v -0.033992 2.723452 0.657681
v -0.034589 2.731844 0.658380
v -0.042624 2.723452 0.647574
v -0.043408 2.731844 0.648054
v -0.047711 2.723452 0.635293
v -0.048604 2.731844 0.635508
v -0.048753 2.723451 0.622043
v -0.049670 2.731844 0.621971
v -0.045651 2.723452 0.609118
v -0.046500 2.731844 0.608767
v -0.038705 2.723452 0.597785
v -0.039405 2.731844 0.597188
v -0.028599 2.723452 0.589153
v -0.029079 2.731844 0.588369
v -0.016318 2.723452 0.584066
v -0.016533 2.731844 0.583172
v -0.002996 2.731844 0.582106
v 0.005755 2.735787 0.676013
v -0.010486 2.735787 0.677292
v -0.026329 2.735787 0.673488
v -0.010783 2.744447 0.681069
v -0.027779 2.744447 0.676988
v 0.020808 2.735787 0.669778
v 0.006641 2.744447 0.679697
v 0.033199 2.735787 0.659195
v 0.022788 2.744447 0.673009
v 0.041712 2.735787 0.645304
v 0.036079 2.744447 0.661657
v 0.045516 2.735787 0.629461
v 0.045212 2.744447 0.646754
v 0.044237 2.735787 0.613219
v 0.049293 2.744447 0.629759
v 0.038001 2.735787 0.598166
v 0.047921 2.744447 0.612335
v 0.027420 2.735787 0.585777
v 0.041232 2.744447 0.596187
v 0.013528 2.735787 0.577264
v 0.029880 2.744447 0.582896
v -0.002315 2.735787 0.573461
v 0.014977 2.744447 0.573763
v -0.018557 2.735787 0.574739
v -0.002017 2.744447 0.569683
v -0.033610 2.735787 0.580974
v -0.019442 2.744447 0.571055
v -0.045999 2.735787 0.591555
v -0.035590 2.744447 0.577744
v -0.054512 2.735787 0.605447
v -0.048880 2.744447 0.589095
v -0.058316 2.735787 0.621291
v -0.058013 2.744447 0.603997
v -0.057038 2.735787 0.637533
v -0.062093 2.744447 0.620993
v -0.050802 2.735787 0.652586
v -0.060722 2.744447 0.638417
v -0.040221 2.735787 0.664975
v -0.054033 2.744447 0.654566
v -0.042682 2.744447 0.667856
v -0.042376 2.058766 0.017328
v -0.046330 2.058766 0.000004
v -0.042376 2.058766 -0.017320
v -0.031297 2.058766 -0.031213
v -0.015287 2.058766 -0.038923
v 0.002483 2.058766 -0.038923
v 0.018493 2.058766 -0.031213
v 0.029572 2.058766 -0.017320
v 0.033527 2.058766 0.000004
v 0.029572 2.058766 0.017328
v 0.018493 2.058766 0.031221
v 0.002483 2.058766 0.038931
v -0.015287 2.058766 0.038931
v -0.031297 2.058766 0.031221
vn -0.1938 -0.5938 -0.7809
vn -0.4375 -0.5585 -0.7048
vn -0.1982 -0.5585 -0.8055
vn -0.4187 -0.5864 -0.6935
vn -0.6338 -0.5585 -0.5351
vn -0.6125 -0.5864 -0.5301
vn -0.7682 -0.5585 -0.3131
vn -0.7463 -0.5864 -0.3149
vn -0.8273 -0.5585 -0.0604
vn -0.8071 -0.5864 -0.0689
vn -0.8055 -0.5585 0.1982
vn -0.7889 -0.5864 0.1839
vn -0.7048 -0.5585 0.4375
vn -0.5190 -0.5939 0.6147
vn -0.5351 -0.5585 0.6338
vn -0.3036 -0.5940 0.7450
vn -0.3131 -0.5585 0.7682
vn -0.0585 -0.5940 0.8023
vn -0.0604 -0.5585 0.8273
vn 0.1982 -0.5585 0.8055
vn 0.1839 -0.5864 0.7889
vn 0.4374 -0.5585 0.7048
vn 0.4187 -0.5864 0.6935
vn 0.6338 -0.5585 0.5351
vn 0.6125 -0.5864 0.5301
vn 0.7682 -0.5585 0.3131
vn 0.7463 -0.5864 0.3149
vn 0.8273 -0.5585 0.0604
vn 0.8071 -0.5864 0.0689
vn 0.8055 -0.5585 -0.1982
vn 0.7889 -0.5864 -0.1839
vn 0.7048 -0.5585 -0.4374
vn 0.6934 -0.5864 -0.4187
vn 0.5351 -0.5585 -0.6338
vn 0.5301 -0.5864 -0.6125
vn 0.3131 -0.5585 -0.7682
vn 0.0586 -0.5939 -0.8024
vn 0.0604 -0.5585 -0.8273
vn 0.0544 -0.6625 -0.7471
vn -0.1785 -0.6620 -0.7279
vn -0.1622 -0.7330 -0.6606
vn -0.3959 -0.6620 -0.6364
vn -0.5730 -0.6622 -0.4828
vn -0.3594 -0.7339 -0.5764
vn -0.6286 -0.7338 -0.2576
vn -0.5197 -0.7341 -0.4370
vn -0.6937 -0.6622 -0.2834
vn -0.6774 -0.7339 -0.0507
vn -0.7473 -0.6622 -0.0553
vn -0.7276 -0.6621 0.1797
vn -0.6364 -0.6622 0.3957
vn -0.5779 -0.7338 0.3571
vn -0.6590 -0.7341 0.1636
vn -0.4830 -0.6622 0.5729
vn -0.6935 -0.5778 0.4304
vn -0.4391 -0.7338 0.5183
vn -0.2821 -0.6621 0.6944
vn -0.0540 -0.6622 0.7474
vn -0.2553 -0.7339 0.6295
vn 0.1797 -0.6622 0.7275
vn -0.0482 -0.7338 0.6776
vn 0.3572 -0.7339 0.5778
vn 0.1635 -0.7341 0.6590
vn 0.3945 -0.6622 0.6370
vn 0.5182 -0.7338 0.4392
vn 0.5721 -0.6622 0.4839
vn 0.6286 -0.7338 0.2576
vn 0.6936 -0.6622 0.2835
vn 0.6774 -0.7338 0.0507
vn 0.7274 -0.6622 -0.1798
vn 0.7474 -0.6621 0.0553
vn 0.6362 -0.6622 -0.3958
vn 0.6593 -0.7338 -0.1636
vn 0.4829 -0.6622 -0.5730
vn 0.5765 -0.7338 -0.3593
vn 0.2822 -0.6622 -0.6942
vn 0.2576 -0.7339 -0.6286
vn 0.4370 -0.7341 -0.5197
vn 0.3080 -0.5778 -0.7558
vn 0.0507 -0.7338 -0.6774
vn -0.1481 -0.7857 -0.6007
vn -0.3259 -0.7854 -0.5263
vn -0.4725 -0.7854 -0.3999
vn -0.5730 -0.7854 -0.2343
vn -0.6173 -0.7854 -0.0457
vn -0.6012 -0.7854 0.1473
vn -0.3988 -0.7854 0.4734
vn -0.5266 -0.7852 0.3258
vn -0.2328 -0.7854 0.5735
vn -0.0442 -0.7854 0.6174
vn 0.3271 -0.7854 0.5255
vn 0.1473 -0.7852 0.6014
vn 0.4734 -0.7854 0.3988
vn 0.5735 -0.7854 0.2331
vn 0.6174 -0.7854 0.0444
vn 0.6012 -0.7854 -0.1472
vn 0.5264 -0.7854 -0.3257
vn 0.3999 -0.7854 -0.4725
vn 0.0443 -0.7853 -0.6175
vn 0.2344 -0.7853 -0.5731
vn 0.4219 0.6000 0.6797
vn 0.1827 0.6445 0.7424
vn 0.1912 0.6001 0.7768
vn 0.6112 0.6001 0.5160
vn 0.3916 0.6240 0.6762
vn 0.7408 0.6000 0.3019
vn 0.5814 0.6240 0.5221
vn 0.7625 0.6444 0.0580
vn 0.7978 0.6001 0.0582
vn 0.7431 0.6444 -0.1805
vn 0.7768 0.6001 -0.1912
vn 0.6509 0.6444 -0.4013
vn 0.6797 0.6000 -0.4219
vn 0.4951 0.6444 -0.5828
vn 0.5161 0.6000 -0.6113
vn 0.2907 0.6445 -0.7072
vn 0.3019 0.6000 -0.7408
vn 0.0580 0.6444 -0.7625
vn 0.0582 0.6000 -0.7978
vn -0.1805 0.6444 -0.7431
vn -0.1912 0.6001 -0.7768
vn -0.4012 0.6444 -0.6509
vn -0.4219 0.6001 -0.6797
vn -0.5828 0.6444 -0.4951
vn -0.6113 0.6000 -0.5161
vn -0.7072 0.6444 -0.2907
vn -0.7408 0.6000 -0.3019
vn -0.7979 0.6000 -0.0582
vn -0.7768 0.6001 0.1912
vn -0.7773 0.6240 -0.0807
vn -0.6797 0.6001 0.4219
vn -0.7641 0.6240 0.1635
vn -0.5161 0.6000 0.6113
vn -0.6762 0.6240 0.3916
vn -0.2908 0.6444 0.7073
vn -0.3019 0.6000 0.7408
vn -0.0580 0.6444 0.7625
vn -0.0582 0.6001 0.7978
vn 0.3671 0.7171 0.5924
vn 0.5321 0.7172 0.4500
vn 0.6452 0.7171 0.2635
vn 0.7296 0.6277 0.2715
vn 0.6951 0.7171 0.0512
vn 0.6768 0.7172 -0.1660
vn 0.5924 0.7171 -0.3671
vn 0.4500 0.7172 -0.5321
vn 0.2635 0.7171 -0.6452
vn 0.0507 0.7172 -0.6950
vn -0.1665 0.7173 -0.6766
vn -0.5321 0.7172 -0.4500
vn -0.6451 0.7172 -0.2635
vn -0.6949 0.7173 -0.0507
vn -0.6767 0.7172 0.1665
vn -0.5921 0.7172 0.3675
vn -0.4836 0.6276 0.6100
vn -0.4495 0.7172 0.5325
vn -0.2630 0.7172 0.6453
vn -0.0512 0.7171 0.6951
vn 0.1678 0.7164 0.6772
vn 0.1339 0.8282 0.5442
vn 0.4285 0.8284 0.3608
vn 0.5190 0.8284 0.2107
vn 0.5438 0.8284 -0.1346
vn 0.3608 0.8284 -0.4284
vn 0.2100 0.8290 -0.5184
vn 0.0395 0.8290 -0.5579
vn -0.2960 0.8284 -0.4756
vn -0.3683 0.7157 -0.5934
vn -0.4285 0.8284 -0.3608
vn -0.5190 0.8284 -0.2108
vn -0.5587 0.8284 -0.0401
vn -0.5428 0.8290 0.1348
vn -0.4746 0.8290 0.2959
vn -0.3599 0.8290 0.4281
vn -0.2100 0.8290 0.5184
vn -0.0395 0.8290 0.5579
vn 0.1164 0.9753 0.1876
vn -0.0000 1.0000 -0.0000
vn 0.0528 0.9753 0.2144
vn -0.0161 0.9753 0.2202
vn -0.0833 0.9753 0.2045
vn -0.1424 0.9753 0.1687
vn -0.1876 0.9753 0.1164
vn -0.2144 0.9753 0.0528
vn -0.2202 0.9753 -0.0161
vn -0.2044 0.9753 -0.0833
vn -0.1687 0.9753 -0.1424
vn -0.1164 0.9753 -0.1876
vn -0.0528 0.9753 -0.2144
vn 0.0161 0.9753 -0.2202
vn 0.0833 0.9753 -0.2045
vn 0.1424 0.9753 -0.1687
vn 0.1876 0.9753 -0.1164
vn 0.2143 0.9753 -0.0528
vn 0.2202 0.9753 0.0161
vn 0.2044 0.9753 0.0833
vn 0.1687 0.9753 0.1424
vn -0.0503 -0.9776 -0.2045
vn -0.0000 -1.0000 -0.0000
vn -0.1111 -0.9776 -0.1789
vn -0.1609 -0.9776 -0.1359
vn -0.1950 -0.9776 -0.0795
vn -0.2101 -0.9776 -0.0153
vn -0.2045 -0.9776 0.0503
vn -0.1790 -0.9776 0.1111
vn -0.1359 -0.9776 0.1609
vn -0.0795 -0.9776 0.1950
vn -0.0153 -0.9776 0.2100
vn 0.0503 -0.9776 0.2045
vn 0.1111 -0.9776 0.1790
vn 0.1609 -0.9776 0.1359
vn 0.1951 -0.9776 0.0795
vn 0.2100 -0.9776 0.0153
vn 0.2045 -0.9776 -0.0503
vn 0.1789 -0.9776 -0.1111
vn 0.1359 -0.9776 -0.1609
vn 0.0795 -0.9776 -0.1950
vn 0.0153 -0.9776 -0.2101
vn 0.0428 -0.8419 -0.5379
vn -0.0961 -0.9156 -0.3904
vn -0.1293 -0.8410 -0.5254
vn 0.0237 -0.9163 -0.3999
vn -0.2154 -0.9161 -0.3381
vn -0.3072 -0.9156 -0.2593
vn -0.4133 -0.8410 -0.3490
vn -0.2797 -0.8432 -0.4592
vn -0.3723 -0.9156 -0.1517
vn -0.5010 -0.8410 -0.2042
vn -0.4009 -0.9156 -0.0293
vn -0.5396 -0.8410 -0.0394
vn -0.3903 -0.9156 0.0961
vn -0.5253 -0.8411 0.1293
vn -0.3416 -0.9156 0.2120
vn -0.2549 -0.9161 0.3094
vn -0.4592 -0.8431 0.2798
vn -0.1469 -0.9161 0.3730
vn -0.3502 -0.8431 0.4080
vn -0.0394 -0.8410 0.5396
vn -0.2070 -0.8431 0.4963
vn 0.0961 -0.9156 0.3904
vn -0.0383 -0.9189 0.3925
vn 0.2120 -0.9156 0.3416
vn 0.1242 -0.8431 0.5232
vn 0.3071 -0.9157 0.2593
vn 0.4134 -0.8410 0.3490
vn 0.2798 -0.8431 0.4592
vn 0.3723 -0.9156 0.1517
vn 0.4001 -0.9161 0.0244
vn 0.4963 -0.8431 0.2070
vn 0.3904 -0.9156 -0.0961
vn 0.5359 -0.8431 0.0435
vn 0.3381 -0.9161 -0.2155
vn 0.5232 -0.8431 -0.1242
vn 0.3490 -0.8410 -0.4134
vn 0.4592 -0.8431 -0.2798
vn 0.2618 -0.9189 -0.2950
vn 0.2041 -0.8410 -0.5010
vn 0.1578 -0.9189 -0.3615
vn 0.2279 0.9018 0.3671
vn 0.1034 0.9016 0.4200
vn 0.3304 0.9017 0.2789
vn 0.4001 0.9018 0.1631
vn 0.4310 0.9018 0.0315
vn 0.4196 0.9018 -0.1033
vn 0.4760 0.8288 -0.2941
vn 0.3673 0.9017 -0.2280
vn 0.2788 0.9018 -0.3302
vn 0.1631 0.9018 -0.4002
vn 0.0314 0.9018 -0.4310
vn -0.1033 0.9018 -0.4196
vn -0.2280 0.9017 -0.3673
vn -0.3302 0.9018 -0.2788
vn -0.4001 0.9018 -0.1631
vn -0.4309 0.9019 -0.0314
vn -0.4196 0.9018 0.1033
vn -0.3673 0.9017 0.2280
vn -0.2787 0.9019 0.3301
vn -0.1631 0.9018 0.4002
vn -0.0314 0.9018 0.4310
vn -0.7818 -0.0000 -0.6235
vn -0.4330 0.0652 -0.8990
vn -0.4339 -0.0000 -0.9010
vn -0.9749 -0.0000 -0.2225
vn -0.8402 0.1982 -0.5047
vn -0.9749 -0.0000 0.2225
vn -0.9760 0.1982 -0.0900
vn -0.7818 -0.0000 0.6235
vn -0.9184 0.1982 0.3424
vn -0.4339 -0.0000 0.9010
vn -0.6789 0.1982 0.7070
vn -0.0000 -0.0000 1.0000
vn -0.3049 0.1982 0.9315
vn 0.4339 -0.0000 0.9010
vn 0.1295 0.1982 0.9716
vn 0.7818 -0.0000 0.6235
vn 0.5382 0.1982 0.8192
vn 0.9749 -0.0000 0.2225
vn 0.8403 0.1982 0.5046
vn 0.9749 -0.0000 -0.2225
vn 0.9760 0.1982 0.0898
vn 0.7818 -0.0000 -0.6235
vn 0.9184 0.1982 -0.3424
vn 0.4339 -0.0000 -0.9010
vn 0.6790 0.1982 -0.7068
vn -0.0000 -0.0000 -1.0000
vn 0.3049 0.1981 -0.9315
vn -0.1295 0.1981 -0.9716
vn -0.0000 0.3909 -0.9204
vn -0.0443 0.9917 -0.1208
vn -0.0000 0.9273 -0.3744
vn -0.1625 0.9273 -0.3374
vn -0.0994 0.9919 -0.0793
vn -0.7196 0.3910 -0.5738
vn -0.3994 0.3909 -0.8293
vn -0.2927 0.9273 -0.2335
vn -0.1238 0.9919 -0.0283
vn -0.8973 0.3911 -0.2048
vn -0.3651 0.9272 -0.0833
vn -0.1243 0.9918 0.0284
vn -0.8973 0.3911 0.2048
vn -0.2928 0.9272 0.2335
vn -0.0994 0.9919 0.0793
vn -0.7196 0.3911 0.5738
vn -0.1625 0.9273 0.3374
vn -0.0552 0.9919 0.1146
vn -0.3993 0.3910 0.8292
vn -0.0000 0.9272 0.3744
vn -0.0000 0.9919 0.1269
vn -0.0000 0.3910 0.9204
vn 0.0552 0.9919 0.1146
vn 0.3994 0.3910 0.8292
vn 0.1625 0.9273 0.3373
vn 0.0994 0.9919 0.0793
vn 0.7196 0.3910 0.5738
vn 0.2928 0.9273 0.2335
vn 0.1243 0.9918 0.0284
vn 0.8973 0.3910 0.2048
vn 0.3650 0.9273 -0.0833
vn 0.1239 0.9919 -0.0283
vn 0.8973 0.3910 -0.2048
vn 0.2927 0.9273 -0.2334
vn 0.0994 0.9919 -0.0793
vn 0.7196 0.3910 -0.5739
vn 0.1625 0.9273 -0.3373
vn 0.0552 0.9919 -0.1146
vn 0.3994 0.3909 -0.8293
vn -0.0889 0.9679 -0.2351
vn -0.4625 0.0825 -0.8828
vn -0.0000 0.3325 -0.9431
vn -0.0000 0.0527 -0.9986
vn -0.3349 0.6199 -0.7096
vn -0.4081 0.3334 -0.8499
vn -0.6132 0.6203 -0.4890
vn -0.7808 0.0523 -0.6226
vn -0.7378 0.3334 -0.5869
vn -0.7646 0.6204 -0.1745
vn -0.9193 0.3335 -0.2087
vn -0.7645 0.6206 0.1745
vn -0.9736 0.0525 0.2222
vn -0.9189 0.3335 0.2109
vn -0.7374 0.3324 0.5880
vn -0.6132 0.6204 0.4890
vn -0.7807 0.0524 0.6226
vn -0.4092 0.3324 0.8498
vn -0.3402 0.6205 0.7065
vn -0.4333 0.0523 0.8997
vn -0.0000 0.3323 0.9432
vn -0.0000 0.6198 0.7848
vn -0.0000 0.0524 0.9986
vn 0.3402 0.6205 0.7065
vn 0.4333 0.0522 0.8997
vn 0.4101 0.3333 0.8490
vn 0.6132 0.6204 0.4890
vn 0.7377 0.3335 0.5870
vn 0.7645 0.6206 0.1745
vn 0.7578 0.0825 0.6473
vn 0.9194 0.3335 0.2086
vn 0.9194 0.3325 -0.2098
vn 0.7646 0.6204 -0.1745
vn 0.9636 0.0825 0.2544
vn 0.7374 0.3325 -0.5880
vn 0.6133 0.6201 -0.4891
vn 0.7808 0.0523 -0.6226
vn 0.4092 0.3324 -0.8497
vn 0.3403 0.6204 -0.7066
vn -0.0680 0.5566 -0.8280
vn 0.4625 0.0825 -0.8828
vn -0.4844 0.1289 -0.8653
vn -0.7724 0.1551 -0.6160
vn -0.4286 0.1551 -0.8901
vn -0.7623 0.0946 -0.6402
vn -0.9631 0.1551 -0.2198
vn -0.9646 0.0948 -0.2460
vn -0.9631 0.1551 0.2198
vn -0.9757 0.0957 0.1972
vn -0.7724 0.1549 0.6160
vn -0.4088 0.0941 0.9078
vn -0.8128 0.1535 0.5619
vn 0.0251 0.0951 0.9952
vn -0.3553 0.2297 0.9061
vn 0.4286 0.1549 0.8901
vn 0.0725 0.2296 0.9706
vn 0.7938 0.0948 0.6007
vn 0.3669 0.1535 0.9175
vn 0.9757 0.0956 0.1972
vn 0.8041 0.2296 0.5483
vn 0.9646 0.0947 -0.2461
vn 0.9624 0.2296 0.1451
vn 0.7624 0.0952 -0.6401
vn 0.9300 0.2297 -0.2868
vn 0.4286 0.1549 -0.8901
vn 0.7140 0.2296 -0.6614
vn -0.0253 0.0945 -0.9952
vn 0.4885 0.1535 -0.8589
vn -0.0725 0.2296 -0.9706
vn -0.3387 0.6249 -0.7034
vn -0.6055 0.5776 -0.5475
vn -0.7830 0.5775 -0.2311
vn -0.8058 0.5774 0.1312
vn -0.6685 0.5776 0.4685
vn -0.0000 0.6252 0.7804
vn -0.3993 0.5775 0.7121
vn 0.6104 0.6248 0.4868
vn 0.3078 0.5776 0.7561
vn 0.7612 0.6249 0.1737
vn 0.7612 0.6249 -0.1737
vn 0.6104 0.6249 -0.4868
vn 0.3990 0.5776 -0.7121
vn 0.0512 0.5775 -0.8148
vn -0.7209 0.3871 -0.5749
vn -0.4026 0.3848 -0.8306
vn -0.8989 0.3871 -0.2052
vn -0.8989 0.3871 0.2052
vn -0.7230 0.3851 0.5736
vn -0.4025 0.3851 0.8304
vn -0.0000 0.3872 0.9220
vn 0.4000 0.3870 0.8308
vn 0.7209 0.3872 0.5748
vn 0.8989 0.3872 0.2052
vn 0.9002 0.3852 -0.2031
vn 0.7230 0.3852 -0.5736
vn 0.4025 0.3851 -0.8305
vn 0.0022 0.3852 -0.9228
vn -0.4014 0.3796 -0.8335
vn -0.7233 0.3796 -0.5768
vn -0.9020 0.3796 -0.2058
vn -0.9020 0.3796 0.2059
vn -0.7233 0.3796 0.5768
vn -0.0000 0.3796 0.9252
vn -0.4014 0.3796 0.8335
vn 0.4014 0.3796 0.8335
vn 0.7233 0.3796 0.5768
vn 0.9020 0.3796 0.2059
vn 0.9020 0.3796 -0.2058
vn 0.7233 0.3796 -0.5768
vn 0.4014 0.3796 -0.8335
vn -0.0000 0.3796 -0.9252
vn -0.7839 0.0408 -0.6195
vn -0.4337 0.0347 -0.9004
vn -0.4336 0.0348 -0.9004
vn -0.9753 0.0350 -0.2181
vn -0.7814 0.0347 -0.6231
vn -0.9733 0.0351 0.2267
vn -0.9743 0.0347 -0.2224
vn -0.7813 0.0347 0.6231
vn -0.9744 0.0347 0.2223
vn -0.4297 0.0388 0.9022
vn -0.8714 0.2201 0.4385
vn -0.0000 0.0347 0.9994
vn -0.4336 0.0347 0.9004
vn -0.0044 0.0349 0.9994
vn 0.4336 0.0347 0.9004
vn 0.7840 0.0351 0.6198
vn 0.2276 0.2200 0.9486
vn 0.9753 0.0348 0.2181
vn 0.7814 0.0347 0.6231
vn 0.9733 0.0348 -0.2268
vn 0.9743 0.0347 0.2224
vn 0.7814 0.0347 -0.6231
vn 0.9743 0.0347 -0.2224
vn 0.4296 0.0356 -0.9023
vn 0.8740 0.2196 -0.4334
vn -0.0044 0.0351 -0.9994
vn 0.4336 0.0347 -0.9004
vn -0.0000 0.0347 -0.9994
vn 0.0182 0.9997 0.0145
vn -0.0236 0.9985 -0.0491
vn 0.0101 0.9997 0.0210
vn -0.0515 0.9986 -0.0117
vn -0.0741 0.9817 -0.1757
vn 0.0227 0.9997 0.0052
vn -0.0516 0.9986 0.0118
vn 0.0182 0.9997 -0.0145
vn 0.0227 0.9997 -0.0052
vn -0.0236 0.9985 0.0491
vn -0.1876 0.9817 0.0332
vn 0.0101 0.9997 -0.0210
vn -0.0000 0.9986 0.0537
vn -0.0000 0.9997 -0.0233
vn 0.0230 0.9986 0.0478
vn -0.0182 0.9997 -0.0146
vn -0.0101 0.9997 -0.0210
vn -0.0227 0.9997 -0.0052
vn 0.0736 0.9816 0.1761
vn -0.0228 0.9997 0.0052
vn 0.1427 0.9815 0.1275
vn -0.0182 0.9997 0.0145
vn 0.1836 0.9816 0.0524
vn 0.0237 0.9985 -0.0492
vn 0.1876 0.9817 -0.0332
vn -0.0101 0.9997 0.0210
vn -0.0000 0.9986 -0.0525
vn -0.0000 0.9997 0.0233
vn -0.7114 0.4148 -0.5673
vn -0.1590 0.9304 -0.3303
vn -0.2873 0.9301 -0.2290
vn -0.3573 0.9304 -0.0815
vn -0.8876 0.4139 -0.2024
vn -0.3573 0.9304 0.0815
vn -0.7118 0.4138 0.5675
vn -0.2871 0.9302 0.2287
vn -0.1588 0.9306 0.3299
vn -0.3948 0.4131 0.8207
vn -0.0000 0.9304 0.3666
vn -0.0000 0.4133 0.9106
vn 0.1590 0.9305 0.3300
vn 0.3950 0.4159 0.8191
vn 0.2868 0.9303 0.2286
vn 0.7114 0.4146 0.5674
vn 0.3576 0.9303 0.0816
vn 0.8882 0.4123 0.2027
vn 0.3576 0.9303 -0.0816
vn 0.7114 0.4148 -0.5674
vn 0.2870 0.9302 -0.2288
vn 0.3949 0.4164 -0.8189
vn 0.1591 0.9303 -0.3305
vn -0.0000 0.4147 -0.9099
vn -0.0000 0.9303 -0.3668
vn -0.3947 0.4136 -0.8205
vn -0.2185 0.9315 -0.2907
vn -0.0000 0.9997 -0.0235
vn -0.0000 0.9151 -0.4033
vn 0.2417 0.8304 0.5020
vn -0.0000 0.7006 0.7136
vn -0.0000 0.8303 0.5573
vn -0.4310 -0.3643 -0.8256
vn -0.0000 -0.1862 -0.9825
vn -0.0000 -0.3944 -0.9189
vn -0.2506 0.8116 -0.5278
vn -0.0000 0.5633 -0.8263
vn -0.3585 0.5632 -0.7445
vn 0.1698 0.6690 -0.7236
vn -0.3152 0.9152 -0.2513
vn -0.5696 0.8115 -0.1300
vn -0.3936 0.9149 -0.0898
vn -0.3932 0.9151 0.0897
vn -0.4567 0.8117 0.3642
vn -0.3155 0.9150 0.2516
vn -0.2535 0.8115 0.5265
vn -0.1754 0.9147 0.3642
vn -0.0000 0.9152 0.4031
vn 0.2535 0.8115 0.5265
vn 0.1751 0.9150 0.3635
vn 0.4570 0.8114 0.3644
vn 0.3154 0.9150 0.2515
vn 0.5694 0.8117 0.1300
vn 0.3937 0.9148 0.0898
vn 0.5694 0.8117 -0.1299
vn 0.3936 0.9149 -0.0898
vn 0.3154 0.9150 -0.2515
vn 0.4173 0.7324 -0.5380
vn 0.1751 0.9150 -0.3636
vn 0.1422 0.7327 -0.6655
vn -0.0000 0.5509 0.8345
vn 0.2799 0.7154 0.6402
vn 0.3623 0.5505 0.7521
vn -0.0000 -0.5509 -0.8346
vn -0.3623 -0.5506 -0.7520
vn -0.7184 -0.3943 -0.5731
vn 0.5578 0.7007 0.4448
vn 0.6523 0.5512 0.5203
vn -0.6531 -0.5499 -0.5207
vn -0.8957 -0.3948 -0.2045
vn 0.8143 0.5499 0.1858
vn 0.6965 0.6997 0.1589
vn -0.8137 -0.5509 -0.1856
vn -0.8958 -0.3947 0.2044
vn 0.6965 0.6997 -0.1590
vn 0.8143 0.5499 -0.1858
vn -0.6531 -0.5499 0.5207
vn -0.8137 -0.5508 0.1858
vn 0.5578 0.7007 -0.4448
vn 0.6523 0.5512 -0.5203
vn -0.3623 -0.5505 0.7521
vn -0.7076 -0.3686 0.6028
vn 0.3623 0.5505 -0.7521
vn 0.3097 0.7003 -0.6432
vn -0.0000 -0.5505 0.8349
vn -0.3760 -0.3686 0.8501
vn -0.0000 0.5509 -0.8346
vn -0.0000 0.7006 -0.7135
vn 0.3985 -0.3947 0.8279
vn 0.0300 -0.3686 0.9291
vn -0.3620 0.5510 -0.7519
vn -0.3098 0.7004 -0.6430
vn 0.3624 -0.5504 0.7522
vn 0.7185 -0.3943 0.5730
vn -0.6522 0.5514 -0.5202
vn -0.5581 0.7004 -0.4449
vn 0.8140 -0.5504 0.1858
vn 0.6525 -0.5508 0.5204
vn -0.8130 0.5518 -0.1856
vn -0.6962 0.7000 -0.1588
vn 0.8139 -0.5505 -0.1857
vn 0.9124 -0.3688 0.1773
vn -0.6956 0.7007 0.1587
vn -0.8130 0.5518 0.1856
vn 0.6526 -0.5507 -0.5204
vn 0.8990 -0.3689 -0.2361
vn -0.5581 0.7004 0.4449
vn -0.6521 0.5515 0.5202
vn 0.3623 -0.5506 -0.7520
vn 0.7077 -0.3686 -0.6027
vn -0.3098 0.7003 0.6431
vn -0.3620 0.5510 0.7519
vn 0.3758 -0.3688 -0.8502
vn 0.4358 0.8303 0.3475
vn -0.0102 0.9997 -0.0212
vn -0.0184 0.9997 -0.0147
vn -0.4303 0.7081 -0.5599
vn -0.4263 -0.1860 -0.8852
vn -0.7681 -0.1871 -0.6124
vn -0.6458 0.5637 -0.5149
vn -0.9577 -0.1870 -0.2185
vn 0.5433 0.8303 0.1240
vn -0.0229 0.9997 -0.0052
vn -0.8053 0.5636 0.1837
vn -0.7061 0.7080 -0.0124
vn -0.9577 -0.1874 0.2185
vn 0.5433 0.8303 -0.1240
vn -0.0229 0.9997 0.0052
vn -0.6455 0.5641 0.5148
vn -0.7680 -0.1875 0.6124
vn -0.0184 0.9997 0.0147
vn -0.3586 0.5631 0.7445
vn -0.4263 -0.1865 0.8852
vn 0.4355 0.8305 -0.3473
vn -0.0102 0.9997 0.0212
vn -0.0000 0.5637 0.8260
vn -0.1698 0.7080 0.6855
vn -0.0000 -0.1865 0.9825
vn 0.2417 0.8304 -0.5020
vn -0.0000 0.9997 0.0235
vn 0.4264 -0.1872 0.8850
vn -0.2418 0.8302 -0.5023
vn 0.0102 0.9997 0.0212
vn 0.3586 0.5634 0.7443
vn 0.7681 -0.1863 0.6126
vn -0.4359 0.8301 -0.3477
vn 0.0184 0.9997 0.0147
vn 0.8057 0.5631 0.1838
vn 0.9577 -0.1870 0.2185
vn -0.5433 0.8303 -0.1240
vn 0.0230 0.9997 0.0052
vn 0.9577 -0.1870 -0.2185
vn 0.0229 0.9997 -0.0052
vn 0.8056 0.5632 -0.1839
vn 0.7682 -0.1857 -0.6127
vn -0.5433 0.8303 0.1240
vn 0.0184 0.9997 -0.0147
vn 0.3585 0.5636 -0.7442
vn 0.4264 -0.1867 -0.8850
vn -0.4360 0.8301 0.3477
vn 0.0102 0.9997 -0.0212
vn -0.2418 0.8302 0.5024
vn -0.0080 0.9998 -0.0166
vn -0.0636 0.9709 -0.2311
vn -0.0180 0.9998 0.0041
vn -0.1575 0.9706 -0.1817
vn -0.0144 0.9998 0.0115
vn -0.0080 0.9998 0.0166
vn -0.0000 0.9998 0.0182
vn -0.0450 0.9704 0.2373
vn 0.0629 0.9706 0.2324
vn 0.1575 0.9706 0.1820
vn 0.0144 0.9998 -0.0115
vn 0.2200 0.9710 0.0936
vn 0.0075 0.9998 -0.0156
vn -0.0000 0.9998 -0.0182
vn -0.8404 0.1745 -0.5131
vn -0.4325 0.0799 -0.8981
vn -0.9795 0.1751 -0.0998
vn -0.9252 0.1745 0.3371
vn -0.9679 0.1197 -0.2209
vn -0.6872 0.1746 0.7052
vn -0.3132 0.1746 0.9335
vn 0.1229 0.1746 0.9769
vn 0.5346 0.1747 0.8269
vn 0.8412 0.1743 0.5118
vn 0.9795 0.1751 0.0997
vn 0.9251 0.1745 -0.3371
vn 0.6862 0.1742 -0.7063
vn 0.9679 0.1197 -0.2209
vn 0.3132 0.1747 -0.9335
vn -0.1229 0.1746 -0.9769
vn -0.3993 0.3911 -0.8292
vn -0.0000 0.3910 -0.9204
vn -0.7196 0.3909 -0.5739
vn -0.2928 0.9272 -0.2335
vn -0.8974 0.3908 -0.2048
vn -0.3651 0.9273 -0.0833
vn -0.3651 0.9272 0.0833
vn -0.8974 0.3908 0.2048
vn -0.7196 0.3910 0.5739
vn -0.1624 0.9273 0.3373
vn -0.3993 0.3911 0.8292
vn -0.0000 0.9272 0.3745
vn 0.3993 0.3912 0.8292
vn 0.2927 0.9273 0.2335
vn 0.8974 0.3909 0.2048
vn 0.3650 0.9273 0.0833
vn 0.8974 0.3909 -0.2048
vn 0.3993 0.3911 -0.8292
vn 0.1625 0.9272 -0.3374
vn -0.0000 0.9272 -0.3744
vn -0.0191 0.9997 -0.0152
vn -0.0100 0.9997 -0.0208
vn -0.0238 0.9997 -0.0054
vn -0.0248 0.9997 0.0056
vn -0.0180 0.9997 0.0144
vn -0.0106 0.9997 0.0220
vn -0.0000 0.9997 0.0253
vn 0.0106 0.9997 0.0221
vn 0.0180 0.9997 0.0144
vn 0.0238 0.9997 0.0054
vn 0.0247 0.9997 -0.0056
vn 0.0191 0.9997 -0.0152
vn 0.0100 0.9997 -0.0209
vn -0.0000 0.9997 -0.0252
vn -0.2505 -0.1576 -0.9552
vn -0.7818 0.0027 -0.6235
vn -0.4339 0.0027 -0.9010
vn -0.8073 -0.0075 -0.5902
vn -0.9749 0.0026 -0.2225
vn -0.9834 -0.0071 -0.1814
vn -0.9749 0.0027 0.2225
vn -0.9647 -0.0073 0.2632
vn -0.7818 0.0027 0.6235
vn -0.7550 -0.0073 0.6557
vn -0.4339 0.0029 0.9010
vn -0.3957 -0.0073 0.9184
vn -0.0000 0.0027 1.0000
vn 0.0419 -0.0075 0.9991
vn 0.4339 0.0027 0.9010
vn 0.4713 -0.0073 0.8820
vn 0.7818 0.0027 0.6235
vn 0.8073 -0.0073 0.5901
vn 0.9749 0.0027 0.2225
vn 0.9834 -0.0073 0.1814
vn 0.9749 0.0026 -0.2225
vn 0.9647 -0.0071 -0.2632
vn 0.7818 0.0027 -0.6235
vn 0.7550 -0.0075 -0.6557
vn 0.4339 0.0027 -0.9010
vn 0.3957 -0.0073 -0.9184
vn -0.0000 0.0029 -1.0000
vn -0.0420 -0.0073 -0.9991
vn -0.0191 -0.9997 -0.0152
vn -0.0100 -0.9997 -0.0208
vn -0.0238 -0.9997 -0.0054
vn -0.0248 -0.9997 0.0056
vn -0.0180 -0.9997 0.0143
vn -0.0106 -0.9997 0.0220
vn -0.0000 -0.9997 0.0254
vn 0.0100 -0.9997 0.0208
vn 0.0191 -0.9997 0.0152
vn 0.0238 -0.9997 0.0055
vn 0.0248 -0.9997 -0.0056
vn 0.0191 -0.9997 -0.0152
vn 0.0100 -0.9997 -0.0207
vn -0.0000 -0.9997 -0.0254
vn -0.1625 0.9273 -0.3373
vn -0.0530 0.9977 -0.0423
vn -0.0290 0.9978 -0.0602
vn -0.3993 0.3910 -0.8292
vn -0.7196 0.3910 -0.5739
vn -0.0660 0.9977 -0.0151
vn -0.8973 0.3909 -0.2048
vn -0.3650 0.9273 -0.0833
vn -0.0668 0.9976 0.0153
vn -0.8973 0.3909 0.2048
vn -0.2927 0.9273 0.2335
vn -0.0530 0.9977 0.0423
vn -0.1625 0.9273 0.3373
vn -0.0290 0.9978 0.0602
vn -0.0000 0.9977 0.0684
vn 0.0290 0.9978 0.0602
vn 0.3993 0.3910 0.8292
vn 0.0530 0.9977 0.0422
vn 0.7196 0.3910 0.5739
vn 0.0661 0.9977 0.0151
vn 0.8973 0.3909 0.2048
vn 0.0666 0.9977 -0.0152
vn 0.8973 0.3909 -0.2048
vn 0.2927 0.9273 -0.2335
vn 0.0530 0.9977 -0.0423
vn 0.0290 0.9978 -0.0602
vn 0.3993 0.3910 -0.8292
vn -0.0000 0.9977 -0.0684
vn -0.0000 0.9272 -0.3745
vn -0.5834 0.1737 -0.7934
vn -0.0000 0.0132 -0.9999
vn -0.1625 0.9272 -0.3375
vn -0.0000 0.9273 -0.3742
vn -0.7817 0.0131 -0.6235
vn -0.2927 0.9273 -0.2334
vn -0.9748 0.0142 -0.2225
vn -0.2927 0.9272 0.2335
vn -0.9840 0.1737 0.0395
vn -0.8694 0.1738 0.4626
vn -0.5827 0.1738 0.7939
vn -0.0000 0.3909 0.9204
vn 0.1625 0.9272 0.3374
vn 0.4339 0.0131 0.9009
vn 0.2927 0.9272 0.2335
vn 0.7818 0.0131 0.6234
vn 0.9749 0.0131 0.2225
vn 0.9840 0.1738 -0.0395
vn 0.7196 0.3907 -0.5740
vn 0.1625 0.9272 -0.3376
vn 0.4338 0.0131 -0.9009
vn 0.3994 0.3910 -0.8292
vn -0.7196 -0.3910 -0.5738
vn -0.0353 -0.9977 -0.0585
vn -0.2927 -0.9273 -0.2334
vn -0.1625 -0.9272 -0.3374
vn -0.0667 -0.9977 -0.0152
vn -0.3650 -0.9273 -0.0833
vn -0.8973 -0.3909 0.2048
vn -0.3650 -0.9273 0.0833
vn -0.7196 -0.3910 0.5738
vn -0.2667 -0.9595 -0.0906
vn -0.2927 -0.9273 0.2335
vn -0.3993 -0.3910 0.8292
vn -0.2796 -0.9595 0.0341
vn -0.1625 -0.9272 0.3374
vn -0.0000 -0.3910 0.9204
vn -0.0000 -0.9977 0.0683
vn -0.0000 -0.9273 0.3743
vn 0.1625 -0.9272 0.3374
vn 0.3993 -0.3910 0.8292
vn 0.0530 -0.9977 0.0423
vn 0.2927 -0.9273 0.2334
vn 0.7196 -0.3910 0.5738
vn 0.0667 -0.9977 0.0152
vn 0.3650 -0.9273 0.0833
vn 0.8973 -0.3909 0.2048
vn 0.3650 -0.9273 -0.0833
vn 0.7196 -0.3910 -0.5739
vn 0.2667 -0.9595 0.0906
vn 0.2927 -0.9273 -0.2335
vn 0.2796 -0.9595 -0.0341
vn 0.1625 -0.9272 -0.3374
vn 0.3994 -0.3910 -0.8292
vn -0.0000 -0.9977 -0.0683
vn -0.0000 -0.9273 -0.3744
vn -0.0000 -0.3911 -0.9204
vn -0.3993 -0.3910 -0.8292
vn -0.7818 -0.0131 -0.6234
vn -0.4338 -0.0122 -0.9009
vn -0.9748 -0.0142 -0.2225
vn -0.9749 -0.0131 0.2225
vn -0.7818 -0.0131 0.6234
vn -0.2927 -0.9273 0.2334
vn -0.4338 -0.0131 0.9009
vn -0.1625 -0.9273 0.3373
vn -0.0000 -0.0131 0.9999
vn -0.0000 -0.9273 0.3744
vn 0.4339 -0.0131 0.9009
vn 0.7818 -0.0131 0.6234
vn 0.9748 -0.0131 0.2225
vn 0.9749 -0.0131 -0.2225
vn 0.7196 -0.3910 -0.5738
vn 0.7818 -0.0131 -0.6234
vn 0.2927 -0.9273 -0.2334
vn 0.4338 -0.0131 -0.9009
vn -0.0000 -0.3910 -0.9204
vn -0.0000 -0.0132 -0.9999
vn 0.0089 0.9988 -0.0489
vn -0.0334 0.9988 -0.0370
vn -0.2406 0.9706 0.0096
vn -0.2127 0.9706 0.1131
vn -0.0283 0.9988 0.0412
vn -0.0087 0.9988 0.0490
vn 0.0141 0.9988 0.0478
vn 0.0456 0.9988 0.0196
vn 0.2127 0.9706 -0.1131
vn -0.1967 0.9777 -0.0728
vn -0.8520 0.0440 -0.5217
vn -0.4339 0.0045 -0.9010
vn -0.9932 0.0504 -0.1051
vn -0.9749 0.0060 0.2225
vn -0.7818 0.0029 0.6235
vn -0.4340 0.0060 0.9009
vn 0.1154 0.3281 0.9376
vn -0.0000 0.0105 0.9999
vn 0.4339 0.0060 0.9009
vn 0.7818 0.0061 0.6235
vn 0.9749 0.0060 0.2225
vn 0.9749 0.0028 -0.2225
vn 0.6611 0.3282 -0.6747
vn 0.7818 0.0061 -0.6235
vn 0.4339 0.0060 -0.9010
vn -0.0000 0.0105 -0.9999
vn -0.0133 -0.9999 -0.0105
vn -0.2845 -0.9579 -0.0382
vn -0.0194 -0.9998 -0.0044
vn -0.0179 -0.9998 0.0041
vn -0.0135 -0.9999 0.0108
vn -0.0066 -0.9488 0.3158
vn -0.0079 -0.9998 0.0165
vn 0.0001 -0.9998 0.0211
vn 0.0079 -0.9998 0.0166
vn 0.2395 -0.9579 0.1580
vn 0.0143 -0.9998 0.0114
vn 0.0179 -0.9998 0.0041
vn 0.0179 -0.9998 -0.0041
vn 0.0132 -0.9999 -0.0106
vn 0.0066 -0.9488 -0.3158
vn 0.0079 -0.9998 -0.0165
vn -0.0000 -0.9998 -0.0211
vn -0.2127 -0.9706 -0.1131
vn -0.6739 -0.0731 -0.7352
vn -0.9272 -0.0758 -0.3668
vn -0.9749 -0.0060 0.2225
vn -0.7818 -0.0061 0.6235
vn -0.4339 -0.0060 0.9009
vn -0.0000 -0.0105 0.9999
vn 0.4339 -0.0060 0.9010
vn 0.7818 -0.0061 0.6235
vn 0.9749 -0.0028 0.2225
vn 0.9749 -0.0060 -0.2225
vn 0.7818 -0.0061 -0.6235
vn 0.4339 -0.0060 -0.9009
vn -0.0000 -0.0105 -0.9999
vn -0.5976 -0.1920 -0.7785
vn -0.0615 0.9550 -0.2903
vn -0.1625 0.9272 -0.3374
vn -0.2977 0.9547 -0.0002
vn -0.3650 0.9273 0.0832
vn -0.2928 0.9273 0.2334
vn -0.3994 0.3910 0.8292
vn -0.1625 0.9272 0.3374
vn -0.0000 0.9273 0.3744
vn 0.7195 0.3911 0.5739
vn 0.8973 0.3912 0.2047
vn 0.7196 0.3911 -0.5738
vn 0.2928 0.9272 -0.2335
vn 0.3994 0.3911 -0.8292
vn -0.1625 -0.9272 -0.3375
vn -0.7195 -0.3911 -0.5738
vn -0.8974 -0.3908 -0.2048
vn -0.8974 -0.3908 0.2048
vn -0.7196 -0.3911 0.5738
vn -0.3994 -0.3910 0.8293
vn 0.3993 -0.3913 0.8291
vn 0.1625 -0.9272 0.3375
vn 0.7196 -0.3911 0.5738
vn 0.2928 -0.9273 0.2334
vn 0.8972 -0.3912 0.2048
vn 0.8974 -0.3908 -0.2048
vn 0.7196 -0.3911 -0.5738
vn 0.3993 -0.3910 -0.8292
vn -0.9009 0.0082 0.4339
vn -1.0000 0.0082 -0.0000
vn -0.6235 0.0082 0.7818
vn -0.2225 0.0082 0.9749
vn 0.2225 0.0082 0.9749
vn 0.6235 0.0082 0.7818
vn 0.9009 0.0082 0.4339
vn 1.0000 0.0082 -0.0000
vn 0.9009 0.0082 -0.4339
vn 0.6235 0.0082 -0.7818
vn 0.2225 0.0082 -0.9749
vn -0.2225 0.0082 -0.9749
vn -0.6235 0.0082 -0.7818
vn -0.9009 0.0082 -0.4339
vn -0.2564 -0.1801 -0.9496
vn -0.7197 -0.3910 -0.5738
vn -0.7818 -0.0138 -0.6234
vn -0.0072 -0.9999 -0.0070
vn -0.2924 -0.9274 -0.2332
vn -0.1624 -0.9272 -0.3374
vn 0.0736 0.9457 -0.3167
vn -0.2934 0.9268 -0.2342
vn -0.0072 1.0000 -0.0058
vn -0.4366 0.0140 -0.8996
vn -0.7197 0.3914 -0.5735
vn -0.3992 0.3912 -0.8292
vn -0.7552 -0.0049 -0.6555
vn -0.4339 0.0005 -0.9010
vn -0.4338 -0.0004 -0.9010
vn -0.9648 -0.0051 -0.2630
vn -0.8718 0.1990 -0.4475
vn -0.9834 -0.0051 0.1815
vn -0.9796 0.1994 -0.0247
vn -0.8073 -0.0047 0.5902
vn -0.8934 0.1994 0.4027
vn -0.4712 -0.0050 0.8820
vn -0.6305 0.1988 0.7503
vn -0.0418 -0.0049 0.9991
vn -0.2423 0.1991 0.9496
vn 0.3958 -0.0050 0.9183
vn 0.1939 0.1993 0.9606
vn 0.7552 -0.0048 0.6555
vn 0.5913 0.1991 0.7815
vn 0.9648 -0.0051 0.2629
vn 0.8718 0.1987 0.4477
vn 0.9834 -0.0049 -0.1815
vn 0.9797 0.1989 0.0250
vn 0.8072 -0.0049 -0.5903
vn 0.8935 0.1990 -0.4025
vn 0.4711 -0.0049 -0.8820
vn 0.6304 0.1990 -0.7503
vn 0.0418 -0.0048 -0.9991
vn 0.2423 0.1990 -0.9496
vn -0.1937 0.1990 -0.9607
vn -0.3263 -0.9453 -0.0011
vn -0.0091 -1.0000 -0.0020
vn -0.0074 -1.0000 0.0016
vn -0.0072 -1.0000 0.0057
vn -0.0041 -1.0000 0.0085
vn -0.0000 -0.9999 0.0105
vn 0.0041 -1.0000 0.0085
vn 0.0058 -1.0000 0.0044
vn 0.0091 -1.0000 0.0022
vn 0.0091 -1.0000 -0.0020
vn 0.0071 -1.0000 -0.0057
vn 0.0041 -1.0000 -0.0085
vn -0.0000 -0.9999 -0.0106
vn -0.0091 1.0000 -0.0021
vn -0.0075 1.0000 0.0017
vn -0.0072 1.0000 0.0057
vn -0.0041 1.0000 0.0083
vn -0.0000 0.9999 0.0106
vn 0.0041 1.0000 0.0082
vn 0.0058 1.0000 0.0047
vn 0.0092 1.0000 0.0021
vn 0.0092 1.0000 -0.0021
vn 0.0072 1.0000 -0.0057
vn 0.0041 1.0000 -0.0083
vn -0.0000 0.9999 -0.0106
vn -0.0682 -0.9972 0.0304
vn -0.0033 -1.0000 -0.0068
vn -0.0063 -1.0000 -0.0051
vn -0.0074 -1.0000 -0.0016
vn -0.0219 -0.9997 -0.0050
vn -0.0060 -1.0000 0.0013
vn -0.0206 -0.9998 0.0047
vn 0.0154 -0.9972 0.0730
vn -0.0063 -1.0000 0.0051
vn -0.0033 -1.0000 0.0068
vn -0.0098 -0.9998 0.0201
vn -0.0000 -1.0000 0.0086
vn -0.0000 -0.9997 0.0241
vn 0.0746 -0.9972 0.0015
vn 0.0035 -1.0000 0.0074
vn 0.0058 -1.0000 0.0047
vn 0.0174 -0.9998 0.0137
vn 0.0060 -1.0000 0.0014
vn 0.0221 -0.9997 0.0050
vn 0.0169 -0.9972 -0.0725
vn 0.0074 -1.0000 -0.0016
vn -0.0152 -0.9972 -0.0729
vn 0.0063 -1.0000 -0.0051
vn 0.0034 -1.0000 -0.0068
vn 0.0097 -0.9997 -0.0201
vn -0.0000 -1.0000 -0.0086
vn -0.0000 -0.9997 -0.0241
vn 0.1015 -0.9801 -0.1705
vn 0.0165 0.9802 -0.1972
vn -0.0033 1.0000 -0.0067
vn -0.0097 0.9998 -0.0201
vn -0.0074 1.0000 -0.0016
vn -0.0581 0.9688 -0.2409
vn -0.1439 0.9801 0.1369
vn -0.0060 1.0000 0.0013
vn -0.1885 0.9802 -0.0599
vn -0.1249 0.9667 0.2235
vn -0.0033 1.0000 0.0066
vn -0.2478 0.9688 0.0032
vn 0.1001 0.9802 0.1706
vn -0.0000 1.0000 0.0087
vn -0.1003 0.9802 0.1708
vn 0.1890 0.9668 0.1720
vn 0.0059 1.0000 0.0048
vn -0.0522 0.9688 0.2423
vn 0.1887 0.9802 -0.0599
vn 0.0060 1.0000 0.0013
vn 0.1442 0.9802 0.1357
vn 0.2093 0.9665 -0.1487
vn 0.1887 0.9802 0.0599
vn 0.2249 0.9687 0.1053
vn 0.0033 1.0000 -0.0066
vn 0.2477 0.9688 -0.0032
vn -0.1001 0.9802 -0.1706
vn -0.0000 1.0000 -0.0088
vn -0.1889 0.9668 -0.1720
vn -0.7356 -0.0233 -0.6770
vn -0.9562 -0.0205 -0.2919
vn -0.9748 -0.0150 -0.2225
vn -0.9748 -0.0139 0.2226
vn -0.9749 -0.0105 0.2224
vn -0.7818 -0.0136 0.6234
vn -0.7818 -0.0105 0.6234
vn -0.4339 -0.0140 0.9008
vn -0.4338 -0.0107 0.9009
vn -0.0000 -0.0138 0.9999
vn -0.0000 -0.0137 0.9999
vn 0.4339 -0.0140 0.9009
vn 0.4338 -0.0106 0.9010
vn 0.7818 -0.0138 0.6234
vn 0.7819 -0.0103 0.6233
vn 0.9748 -0.0137 0.2225
vn 0.9749 -0.0107 0.2225
vn 0.9748 -0.0136 -0.2225
vn 0.9749 -0.0082 -0.2225
vn 0.7817 -0.0141 -0.6234
vn 0.7819 -0.0101 -0.6233
vn 0.4338 -0.0138 -0.9009
vn 0.4338 -0.0107 -0.9009
vn -0.0000 -0.0140 -0.9999
vn -0.0001 -0.0104 -0.9999
vn -0.5874 -0.1929 -0.7860
vn -0.8742 0.1237 -0.4695
vn -0.4339 0.0107 -0.9009
vn -0.9913 0.1240 -0.0435
vn -0.7269 0.3682 -0.5797
vn -0.9112 0.1227 0.3932
vn -0.9793 0.1989 -0.0384
vn -0.6521 0.1237 0.7480
vn -0.8989 0.1989 0.3904
vn -0.2630 0.1239 0.9568
vn -0.6407 0.1986 0.7417
vn 0.1748 0.1249 0.9767
vn -0.2554 0.1991 0.9461
vn 0.5841 0.1241 0.8022
vn 0.1807 0.1993 0.9631
vn 0.8744 0.1238 0.4691
vn 0.5805 0.1990 0.7895
vn 0.9915 0.1235 0.0405
vn 0.8656 0.1987 0.4597
vn 0.9117 0.1244 -0.3915
vn 0.9794 0.1983 0.0391
vn 0.6521 0.1234 -0.7480
vn 0.8993 0.1981 -0.3898
vn 0.2630 0.1239 -0.9568
vn 0.6407 0.1988 -0.7416
vn -0.1750 0.1253 -0.9766
vn 0.2554 0.1991 -0.9461
vn -0.1806 0.1989 -0.9632
vn -0.7197 -0.3912 -0.5735
vn -0.2926 -0.9273 -0.2335
vn -0.8970 -0.3916 -0.2050
vn -0.3655 -0.9271 -0.0834
vn -0.3651 -0.9272 0.0835
vn -0.8969 -0.3919 0.2050
vn -0.2924 -0.9274 0.2333
vn -0.7198 -0.3902 0.5741
vn -0.1626 -0.9272 0.3375
vn -0.3992 -0.3914 0.8291
vn -0.0000 -0.9268 0.3756
vn 0.3991 -0.3913 0.8292
vn 0.1626 -0.9271 0.3376
vn 0.7196 -0.3910 0.5739
vn 0.2928 -0.9274 0.2330
vn 0.8970 -0.3916 0.2048
vn 0.3655 -0.9270 0.0835
vn 0.3652 -0.9272 -0.0834
vn 0.8970 -0.3917 -0.2047
vn 0.2929 -0.9272 -0.2334
vn 0.7195 -0.3911 -0.5738
vn 0.3992 -0.3912 -0.8292
vn -0.0000 -0.9267 -0.3757
vn -0.3991 -0.3911 -0.8293
vn -0.0000 -0.3911 -0.9203
vn -0.0000 0.9267 -0.3757
vn -0.2927 0.9273 -0.2333
vn -0.7195 0.3911 -0.5739
vn -0.3655 0.9270 -0.0836
vn -0.8969 0.3919 -0.2050
vn -0.8969 0.3919 0.2050
vn -0.3651 0.9272 0.0837
vn -0.7198 0.3903 0.5741
vn -0.2925 0.9273 0.2334
vn -0.3992 0.3913 0.8292
vn -0.1626 0.9272 0.3374
vn -0.0000 0.3917 0.9201
vn 0.1626 0.9271 0.3377
vn 0.3993 0.3914 0.8291
vn 0.2927 0.9273 0.2331
vn 0.7195 0.3910 0.5740
vn 0.3652 0.9272 0.0835
vn 0.8971 0.3915 0.2049
vn 0.8971 0.3915 -0.2049
vn 0.3656 0.9270 -0.0834
vn 0.2931 0.9271 -0.2336
vn 0.3992 0.3907 -0.8295
vn 0.1626 0.9272 -0.3373
vn -0.0000 0.3911 -0.9203
vn -0.1628 -0.9271 -0.3375
vn -0.3991 -0.3910 -0.8294
vn -0.7198 -0.3905 -0.5739
vn -0.2930 -0.9272 -0.2333
vn -0.8973 -0.3913 -0.2043
vn -0.3657 -0.9270 -0.0833
vn -0.8972 -0.3915 0.2044
vn -0.2931 -0.9271 0.2336
vn -0.7193 -0.3917 0.5737
vn -0.1628 -0.9271 0.3376
vn -0.3993 -0.3913 0.8291
vn -0.0000 -0.9268 0.3755
vn -0.0000 -0.3900 0.9208
vn 0.3992 -0.3912 0.8292
vn 0.1629 -0.9271 0.3376
vn 0.7196 -0.3915 0.5735
vn 0.2933 -0.9271 0.2335
vn 0.8967 -0.3926 0.2045
vn 0.3660 -0.9268 -0.0835
vn 0.8967 -0.3926 -0.2045
vn 0.2934 -0.9271 -0.2334
vn 0.7200 -0.3905 -0.5737
vn 0.1628 -0.9271 -0.3376
vn 0.3993 -0.3913 -0.8291
vn -0.0000 -0.9268 -0.3755
vn -0.0001 -0.3911 -0.9204
vn -0.0000 0.9272 -0.3746
vn -0.0000 0.3904 -0.9206
vn -0.3994 0.3912 -0.8291
vn -0.1623 0.9276 -0.3366
vn -0.2921 0.9275 -0.2331
vn -0.7199 0.3905 -0.5738
vn -0.3644 0.9275 -0.0829
vn -0.8973 0.3913 -0.2043
vn -0.3645 0.9275 0.0830
vn -0.7194 0.3917 0.5736
vn -0.2921 0.9275 0.2332
vn -0.3993 0.3912 0.8292
vn -0.1623 0.9276 0.3364
vn -0.0000 0.3899 0.9208
vn -0.0000 0.9272 0.3746
vn 0.1623 0.9275 0.3368
vn 0.3994 0.3913 0.8291
vn 0.2921 0.9275 0.2331
vn 0.3645 0.9275 0.0829
vn 0.8965 0.3931 -0.2045
vn 0.3644 0.9275 -0.0830
vn 0.7199 0.3907 -0.5736
vn 0.2921 0.9275 -0.2332
vn 0.3995 0.3909 -0.8292
vn 0.1623 0.9276 -0.3364
vn -0.8973 -0.3910 -0.2049
vn -0.3649 -0.9273 -0.0834
vn -0.8972 -0.3912 0.2048
vn -0.3650 -0.9273 0.0830
vn -0.2924 -0.9275 0.2330
vn -0.7196 -0.3908 0.5740
vn -0.1624 -0.9273 0.3373
vn -0.0000 -0.3912 0.9203
vn 0.1624 -0.9273 0.3373
vn 0.7195 -0.3908 0.5741
vn 0.2922 -0.9276 0.2326
vn 0.3649 -0.9273 0.0836
vn 0.8978 -0.3900 0.2047
vn 0.3649 -0.9273 -0.0831
vn 0.7193 -0.3919 -0.5737
vn 0.2922 -0.9276 -0.2328
vn 0.1624 -0.9274 -0.3369
vn 0.3992 -0.3908 -0.8294
vn -0.0000 -0.9272 -0.3745
vn -0.3992 -0.3908 -0.8294
vn -0.0000 -0.3912 -0.9203
vn -0.3659 0.9269 -0.0839
vn -0.8972 0.3912 -0.2049
vn -0.3660 0.9268 0.0838
vn -0.8972 0.3915 0.2045
vn -0.7196 0.3909 0.5739
vn -0.2933 0.9269 0.2343
vn -0.3993 0.3915 0.8290
vn -0.1629 0.9267 0.3386
vn -0.0000 0.3914 0.9202
vn 0.1630 0.9270 0.3379
vn 0.3991 0.3913 0.8292
vn 0.2932 0.9270 0.2338
vn 0.8977 0.3901 0.2050
vn 0.3662 0.9268 0.0835
vn 0.8976 0.3903 -0.2050
vn 0.3661 0.9268 -0.0835
vn 0.7192 0.3920 -0.5737
vn 0.2929 0.9272 -0.2335
vn 0.3994 0.3914 -0.8291
vn 0.1629 0.9269 -0.3382
vn -0.0000 0.3907 -0.9205
vn -0.1629 0.9269 -0.3380
vn -0.0000 0.9267 -0.3759
vn -0.0000 0.6967 -0.7174
vn 0.7009 0.4824 -0.5254
vn -0.0000 0.6773 -0.7357
vn 0.7023 0.4948 -0.5118
vn 0.9999 0.0057 -0.0110
vn 0.9999 0.0037 -0.0099
vn 0.7129 -0.4792 0.5121
vn 0.7119 -0.4939 0.4993
vn -0.0000 -0.6822 0.7312
vn -0.7120 -0.4933 0.4996
vn -0.7129 -0.4792 0.5121
vn -0.9999 0.0044 -0.0094
vn -0.9999 0.0057 -0.0110
vn -0.7022 0.4954 -0.5114
vn -0.7009 0.4824 -0.5254
vn -0.0000 0.7294 -0.6841
vn 0.7035 0.5174 -0.4873
vn 1.0000 0.0025 -0.0079
vn 0.7107 -0.5174 0.4767
vn -0.0000 -0.7015 0.7127
vn -0.7108 -0.5170 0.4770
vn -1.0000 0.0031 -0.0075
vn -0.7034 0.5178 -0.4869
vn -0.0000 0.7537 -0.6572
vn 0.7041 0.5343 -0.4677
vn 1.0000 0.0019 -0.0068
vn 0.7101 -0.5347 0.4581
vn -0.0000 -0.7339 0.6792
vn -0.7101 -0.5345 0.4585
vn -1.0000 0.0024 -0.0065
vn -0.7041 0.5346 -0.4674
vn -0.0000 0.7733 -0.6340
vn 0.7045 0.5480 -0.4510
vn 1.0000 0.0016 -0.0063
vn 0.7096 -0.5487 0.4420
vn -0.0000 -0.7580 0.6522
vn -0.7097 -0.5484 0.4423
vn -1.0000 0.0020 -0.0059
vn -0.7044 0.5483 -0.4507
vn -0.0000 0.7903 -0.6127
vn 0.7048 0.5599 -0.4356
vn 1.0000 0.0015 -0.0060
vn 0.7095 -0.5607 0.4269
vn -0.0000 -0.7775 0.6289
vn -0.7095 -0.5604 0.4272
vn -1.0000 0.0018 -0.0056
vn -0.7046 0.5602 -0.4355
vn -0.0000 0.8064 -0.5914
vn 1.0000 0.0021 -0.0056
vn 0.7095 -0.5716 0.4122
vn -0.0000 -0.8103 0.5860
vn -0.0000 -0.7944 0.6074
vn -0.7095 -0.5714 0.4124
vn -1.0000 0.0023 -0.0052
vn -0.7047 0.5718 -0.4201
vn 0.7040 0.5847 -0.4031
vn 0.7055 0.5716 -0.4189
vn 1.0000 0.0033 -0.0062
vn 0.7102 -0.5833 0.3941
vn -0.0000 -0.8277 0.5611
vn -0.7102 -0.5831 0.3945
vn -1.0000 0.0036 -0.0057
vn -0.7041 0.5849 -0.4027
vn -0.0005 0.8239 -0.5668
vn 0.7022 0.6029 -0.3786
vn 0.9999 0.0065 -0.0079
vn 0.7120 -0.5981 0.3680
vn -0.0000 -0.8509 0.5252
vn -0.7118 -0.5978 0.3686
vn -1.0000 0.0068 -0.0070
vn -0.7023 0.6032 -0.3780
vn -0.0000 0.8474 -0.5309
vn 0.7002 0.6278 -0.3401
vn 0.9999 0.0107 -0.0094
vn 0.7140 -0.6187 0.3279
vn -0.0000 -0.8829 0.4696
vn -0.7139 -0.6183 0.3288
vn -0.9999 0.0111 -0.0082
vn -0.7003 0.6281 -0.3392
vn -0.0000 0.8798 -0.4754
vn 0.6988 0.6550 -0.2875
vn 0.9999 0.0138 -0.0096
vn 0.7153 -0.6424 0.2749
vn -0.0000 -0.9187 0.3948
vn -0.7152 -0.6421 0.2760
vn -0.9999 0.0142 -0.0080
vn -0.6990 0.6553 -0.2864
vn -0.0000 0.9480 -0.3184
vn -0.0003 0.9161 -0.4009
vn 0.6992 0.6771 -0.2295
vn 0.9999 0.0133 -0.0097
vn 0.7149 -0.6650 0.2160
vn -0.7151 -0.6645 0.2170
vn -0.9999 0.0141 -0.0082
vn -0.6991 0.6775 -0.2285
vn -0.0000 0.9700 -0.2432
vn 0.7007 0.6916 -0.1753
vn 0.9999 0.0113 -0.0076
vn 0.7134 -0.6813 0.1638
vn -0.0000 -0.9501 0.3120
vn -0.7136 -0.6810 0.1647
vn -0.9999 0.0118 -0.0064
vn -0.7006 0.6919 -0.1744
vn -0.0000 0.9834 -0.1815
vn 0.7019 0.7001 -0.1309
vn 0.9999 0.0094 -0.0062
vn 0.7123 -0.6914 0.1209
vn 0.0003 -0.9716 0.2367
vn -0.7124 -0.6912 0.1217
vn -0.9999 0.0098 -0.0052
vn -0.7018 0.7003 -0.1302
vn -0.0000 0.9918 -0.1276
vn 0.7023 0.7059 -0.0925
vn 0.9999 0.0090 -0.0055
vn 0.7119 -0.6973 0.0832
vn -0.0000 -0.9846 0.1749
vn -0.7120 -0.6972 0.0839
vn -0.9999 0.0094 -0.0046
vn -0.7022 0.7060 -0.0918
vn 0.7020 0.7102 -0.0537
vn 0.9999 0.0100 -0.0040
vn 0.7122 -0.7004 0.0464
vn -0.0000 -0.9977 0.0676
vn -0.0000 -0.9927 0.1210
vn -0.7121 -0.7005 0.0472
vn -0.9999 0.0099 -0.0029
vn -0.7021 0.7101 -0.0530
vn -0.0003 0.9972 -0.0742
vn 0.7011 0.7129 -0.0117
vn 0.9999 0.0119 -0.0034
vn 0.7130 -0.7011 0.0050
vn -0.7129 -0.7012 0.0059
vn -0.9999 0.0117 -0.0022
vn -0.7013 0.7128 -0.0108
vn -0.0003 0.9999 -0.0151
vn 0.6994 0.7136 0.0400
vn 0.9999 0.0154 -0.0023
vn 0.7147 -0.6980 -0.0454
vn -0.0000 -0.9980 -0.0635
vn -0.7146 -0.6982 -0.0442
vn -0.9999 0.0151 -0.0007
vn -0.6996 0.7133 0.0411
vn -0.0000 0.9984 0.0569
vn 0.6974 0.7134 0.0688
vn 0.9998 0.0188 -0.0014
vn 0.7160 -0.6943 -0.0734
vn -0.0000 -0.9946 -0.1037
vn -0.7159 -0.6943 -0.0734
vn -0.9998 0.0188 -0.0014
vn -0.6974 0.7134 0.0688
vn -0.0000 0.3437 -0.9391
vn 0.7063 0.2456 -0.6639
vn 0.7069 0.2424 -0.6645
vn 1.0000 -0.0018 -0.0023
vn 1.0000 -0.0021 -0.0015
vn 0.7076 -0.2498 0.6610
vn 0.7073 -0.2470 0.6624
vn -0.0000 -0.3525 0.9358
vn -0.0000 -0.3484 0.9373
vn -0.7076 -0.2468 0.6621
vn -0.7079 -0.2496 0.6608
vn -1.0000 -0.0022 -0.0012
vn -1.0000 -0.0017 -0.0023
vn -0.7069 0.2424 -0.6645
vn -0.7062 0.2457 -0.6640
vn -0.0000 0.3478 -0.9376
vn 0.7056 0.2544 -0.6614
vn 1.0000 -0.0012 -0.0037
vn 0.7085 -0.2580 0.6569
vn -0.0000 -0.3645 0.9312
vn -0.7086 -0.2577 0.6568
vn -1.0000 -0.0010 -0.0036
vn -0.7056 0.2545 -0.6613
vn -0.0000 0.3599 -0.9330
vn 0.7050 0.2681 -0.6566
vn 1.0000 -0.0007 -0.0049
vn 0.7092 -0.2711 0.6508
vn -0.0000 -0.3836 0.9235
vn -0.7093 -0.2709 0.6508
vn -1.0000 -0.0003 -0.0047
vn -0.7050 0.2683 -0.6565
vn -0.0000 0.3790 -0.9254
vn 0.7045 0.2859 -0.6496
vn 1.0000 -0.0001 -0.0059
vn 0.7097 -0.2883 0.6428
vn -0.0000 -0.4083 0.9129
vn -0.7097 -0.2880 0.6430
vn -1.0000 0.0003 -0.0056
vn -0.7045 0.2862 -0.6494
vn -0.0000 0.4037 -0.9149
vn 0.7041 0.3065 -0.6405
vn 1.0000 0.0004 -0.0065
vn 0.7101 -0.3083 0.6330
vn -0.0000 -0.4369 0.8995
vn -0.7101 -0.3080 0.6332
vn -1.0000 0.0008 -0.0062
vn -0.7041 0.3068 -0.6404
vn -0.0000 0.4324 -0.9017
vn 0.7041 0.3275 -0.6301
vn 1.0000 0.0006 -0.0065
vn 0.7101 -0.3291 0.6224
vn -0.0000 -0.4664 0.8846
vn -0.7100 -0.3289 0.6227
vn -1.0000 0.0011 -0.0062
vn -0.7041 0.3279 -0.6299
vn -0.0000 0.4901 -0.8717
vn 0.0007 0.4625 -0.8866
vn 0.7045 0.3469 -0.6192
vn 1.0000 -0.0000 -0.0061
vn 0.7097 -0.3493 0.6118
vn -0.7098 -0.3490 0.6119
vn -1.0000 0.0005 -0.0059
vn -0.7044 0.3473 -0.6190
vn -0.0000 0.5141 -0.8577
vn 0.7047 0.3638 -0.6091
vn 1.0000 -0.0001 -0.0056
vn 0.7095 -0.3662 0.6021
vn -0.0000 -0.4945 0.8692
vn -0.7095 -0.3659 0.6023
vn -1.0000 0.0004 -0.0055
vn -0.7047 0.3642 -0.6090
vn -0.0000 0.5361 -0.8442
vn 0.7048 0.3794 -0.5994
vn 1.0000 -0.0000 -0.0055
vn 0.7094 -0.3817 0.5925
vn -0.0000 -0.5184 0.8552
vn -0.7094 -0.3814 0.5927
vn -1.0000 0.0004 -0.0053
vn -0.7047 0.3797 -0.5993
vn 0.7047 0.3950 -0.5894
vn 1.0000 0.0006 -0.0054
vn 0.7095 -0.3965 0.5826
vn -0.0000 -0.5617 0.8274
vn -0.0000 -0.5403 0.8415
vn -0.7095 -0.3962 0.5828
vn -1.0000 0.0010 -0.0050
vn -0.7047 0.3953 -0.5892
vn -0.0000 0.5575 -0.8301
vn 0.7045 0.4111 -0.5785
vn 1.0000 0.0011 -0.0058
vn 0.7098 -0.4120 0.5713
vn -0.0000 -0.5841 0.8117
vn -0.7097 -0.4118 0.5716
vn -1.0000 0.0015 -0.0054
vn -0.7045 0.4114 -0.5783
vn -0.0000 0.5800 -0.8146
vn 0.7038 0.4297 -0.5657
vn 1.0000 0.0020 -0.0067
vn 0.7104 -0.4297 0.5575
vn -0.0000 -0.6096 0.7927
vn -0.7103 -0.4293 0.5578
vn -1.0000 0.0024 -0.0062
vn -0.7039 0.4301 -0.5653
vn -0.0000 0.6057 -0.7957
vn 0.7024 0.4542 -0.5480
vn 1.0000 0.0041 -0.0087
vn 0.7118 -0.4520 0.5377
vn -0.0000 -0.6426 0.7662
vn -0.7117 -0.4515 0.5382
vn -1.0000 0.0048 -0.0080
vn -0.7025 0.4547 -0.5475
vn -0.0000 0.6388 -0.7693
vn 0.7000 0.4894 -0.5201
vn 0.9999 0.0080 -0.0119
vn 0.7141 -0.4831 0.5066
vn -0.0000 -0.6894 0.7244
vn -0.7140 -0.4824 0.5074
vn -0.9999 0.0089 -0.0107
vn -0.7002 0.4900 -0.5193
vn -0.0000 0.6858 -0.7278
vn 0.6975 0.5357 -0.4760
vn 0.9998 0.0128 -0.0145
vn 0.7166 -0.5244 0.4598
vn -0.0000 -0.7512 0.6601
vn -0.7165 -0.5236 0.4610
vn -0.9998 0.0139 -0.0128
vn -0.6977 0.5365 -0.4748
vn -0.0000 0.7479 -0.6638
vn 0.6965 0.5846 -0.4160
vn 0.9998 0.0158 -0.0142
vn 0.7176 -0.5702 0.3998
vn -0.0000 -0.8183 0.5748
vn -0.7175 -0.5695 0.4011
vn -0.9998 0.0168 -0.0122
vn -0.6967 0.5854 -0.4147
vn -0.0000 0.8718 -0.4898
vn -0.0003 0.8152 -0.5791
vn 0.6980 0.6232 -0.3526
vn 0.9998 0.0136 -0.0128
vn 0.7161 -0.6114 0.3367
vn -0.7163 -0.6105 0.3379
vn -0.9998 0.0149 -0.0113
vn -0.6978 0.6241 -0.3515
vn -0.0000 0.9140 -0.4058
vn 0.6986 0.6531 -0.2921
vn 0.9998 0.0136 -0.0108
vn 0.7154 -0.6408 0.2783
vn -0.0000 -0.8743 0.4855
vn -0.7156 -0.6401 0.2795
vn -0.9999 0.0147 -0.0092
vn -0.6985 0.6538 -0.2909
vn 0.6979 0.6788 -0.2284
vn 0.9998 0.0167 -0.0081
vn 0.7163 -0.6629 0.2179
vn -0.0000 -0.9496 0.3134
vn -0.0000 -0.9160 0.4012
vn -0.7161 -0.6626 0.2193
vn -0.9998 0.0170 -0.0061
vn -0.6981 0.6791 -0.2270
vn -0.0000 0.9743 -0.2252
vn -0.0000 0.9481 -0.3181
vn 0.6982 0.6970 -0.1633
vn 0.9998 0.0162 -0.0083
vn 0.7159 -0.6816 0.1516
vn -0.7161 -0.6811 0.1529
vn -0.9998 0.0170 -0.0065
vn -0.6981 0.6975 -0.1619
vn -0.0000 0.9907 -0.1362
vn 0.6991 0.7081 -0.0993
vn 0.9999 0.0152 -0.0065
vn 0.7150 -0.6933 0.0896
vn -0.0000 -0.9754 0.2204
vn -0.7152 -0.6930 0.0908
vn -0.9999 0.0158 -0.0047
vn -0.6990 0.7084 -0.0981
vn -0.0000 0.9984 -0.0562
vn 0.7001 0.7128 -0.0419
vn 0.9999 0.0137 -0.0049
vn 0.7140 -0.6993 0.0338
vn -0.0000 -0.9914 0.1312
vn -0.7142 -0.6991 0.0349
vn -0.9999 0.0141 -0.0033
vn -0.7000 0.7130 -0.0408
vn -0.0000 0.9999 0.0132
vn 0.7011 0.7130 0.0078
vn 0.9999 0.0120 -0.0037
vn 0.7130 -0.7010 -0.0146
vn -0.0000 -0.9987 0.0512
vn -0.7132 -0.7009 -0.0136
vn -0.9999 0.0122 -0.0023
vn -0.7010 0.7131 0.0087
vn -0.0000 0.9990 0.0452
vn 0.7014 0.7120 0.0315
vn 0.9999 0.0112 -0.0020
vn 0.7125 -0.7007 -0.0360
vn 0.0003 -0.9998 -0.0182
vn -0.7125 -0.7007 -0.0360
vn -0.9999 0.0112 -0.0020
vn -0.7014 0.7121 0.0315
vn -1.0000 -0.0000 -0.0000
vn -0.7071 -0.0000 -0.7071
vn 0.7071 -0.0000 -0.7071
vn 1.0000 -0.0000 -0.0000
vn 0.7071 -0.0000 0.7071
vn -0.7071 -0.0000 0.7071
vn -0.3075 -0.7055 -0.6385
vn -0.6280 -0.5956 -0.5008
vn -0.3485 -0.5955 -0.7238
vn -0.6909 -0.7055 -0.1577
vn -0.5541 -0.7055 -0.4418
vn -0.6909 -0.7055 0.1577
vn -0.7592 -0.6174 -0.2062
vn -0.5541 -0.7055 0.4418
vn -0.7734 -0.6174 0.1436
vn -0.3075 -0.7055 0.6385
vn -0.6346 -0.6174 0.4649
vn -0.0000 -0.7055 0.7087
vn -0.3697 -0.6174 0.6943
vn 0.3075 -0.7055 0.6385
vn -0.0321 -0.6174 0.7860
vn 0.6280 -0.5956 0.5008
vn 0.3121 -0.6174 0.7221
vn 0.6909 -0.7055 0.1577
vn 0.5541 -0.7055 0.4418
vn 0.7831 -0.5956 -0.1787
vn 0.7592 -0.6174 0.2062
vn 0.5541 -0.7055 -0.4419
vn 0.6909 -0.7055 -0.1577
vn 0.3485 -0.5956 -0.7237
vn 0.6346 -0.6174 -0.4650
vn -0.0000 -0.7055 -0.7087
vn 0.3075 -0.7055 -0.6385
vn 0.0321 -0.6174 -0.7860
vn -0.5698 0.6858 -0.4527
vn -0.2792 0.7655 -0.5797
vn -0.3158 0.6856 -0.6559
vn -0.7098 0.6858 -0.1606
vn -0.5031 0.7655 -0.4012
vn -0.6273 0.7655 0.1432
vn -0.6273 0.7655 -0.1432
vn -0.5682 0.6858 0.4548
vn -0.7087 0.6875 0.1585
vn -0.2792 0.7655 0.5797
vn -0.5031 0.7655 0.4012
vn -0.3170 0.6858 0.6551
vn -0.0000 0.7655 0.6435
vn 0.3170 0.6858 0.6551
vn -0.0031 0.6875 0.7262
vn 0.5698 0.6858 0.4527
vn 0.2792 0.7655 0.5797
vn 0.7098 0.6858 0.1606
vn 0.5031 0.7655 0.4012
vn 0.6273 0.7655 -0.1432
vn 0.6273 0.7655 0.1432
vn 0.7099 0.6858 -0.1606
vn 0.5031 0.7655 -0.4012
vn 0.3146 0.6858 -0.6563
vn 0.5697 0.6875 -0.4503
vn -0.0000 0.7655 -0.6435
vn 0.2792 0.7655 -0.5797
vn 0.0030 0.6875 -0.7262
vn -0.0000 0.4175 -0.9087
vn -0.3943 0.4176 -0.8187
vn -0.4345 0.0433 -0.8996
vn -0.0000 0.0427 -0.9991
vn -0.0000 -0.3390 -0.9408
vn -0.4174 -0.3518 -0.8379
vn -0.7811 0.0427 -0.6229
vn -0.7154 0.4303 -0.5505
vn -0.7239 -0.3518 -0.5935
vn -0.9740 0.0427 -0.2223
vn -0.8834 0.4303 -0.1857
vn -0.9097 -0.3518 -0.2205
vn -0.8765 0.4303 0.2159
vn -0.9172 -0.3390 0.2093
vn -0.9737 0.0441 0.2236
vn -0.7104 0.4176 0.5665
vn -0.7355 -0.3391 0.5866
vn -0.7802 0.0441 0.6240
vn -0.3943 0.4175 0.8187
vn -0.4082 -0.3390 0.8476
vn -0.4321 0.0441 0.9007
vn -0.0000 0.0428 0.9991
vn 0.0156 0.4303 0.9025
vn -0.0000 -0.3390 0.9408
vn 0.4335 0.0428 0.9001
vn 0.4056 0.4303 0.8064
vn 0.3948 -0.3518 0.8487
vn 0.7104 0.4175 0.5665
vn 0.7811 0.0426 0.6229
vn 0.7239 -0.3518 0.5934
vn 0.9740 0.0428 0.2223
vn 0.8834 0.4303 0.1857
vn 0.9172 -0.3390 0.2093
vn 0.8765 0.4303 -0.2160
vn 0.9737 0.0441 -0.2237
vn 0.9153 -0.3518 -0.1960
vn 0.7104 0.4175 -0.5666
vn 0.7355 -0.3390 -0.5866
vn 0.7802 0.0441 -0.6239
vn 0.4335 0.0428 -0.9001
vn 0.3776 0.4303 -0.8199
vn 0.4174 -0.3518 -0.8378
vn -0.3029 -0.7160 -0.6290
vn -0.0000 -0.7160 -0.6981
vn -0.5458 -0.7160 -0.4353
vn -0.6806 -0.7160 -0.1553
vn -0.6806 -0.7160 0.1553
vn -0.5458 -0.7160 0.4352
vn -0.5458 -0.7160 0.4353
vn -0.3029 -0.7160 0.6290
vn -0.0000 -0.7160 0.6981
vn 0.3029 -0.7160 0.6290
vn 0.5458 -0.7160 0.4353
vn 0.6806 -0.7160 0.1553
vn 0.6806 -0.7160 -0.1553
vn 0.5458 -0.7160 -0.4353
vn 0.3029 -0.7160 -0.6290
vn 0.3029 -0.7160 -0.6289
vn -0.7819 -0.0000 0.6235
vn -0.4338 -0.0000 0.9010
vn 0.4339 -0.0000 0.9009
vn 0.7819 -0.0000 -0.6235
vn 0.4338 -0.0000 -0.9010
vn -0.4339 -0.0000 -0.9009
vn -0.6310 -0.5899 -0.5038
vn -0.3232 -0.6673 -0.6711
vn -0.5823 -0.6673 -0.4644
vn -0.7262 -0.6673 -0.1658
vn -0.7873 -0.5898 -0.1797
vn -0.7261 -0.6673 0.1658
vn -0.7872 -0.5899 0.1797
vn -0.6316 -0.5899 0.5031
vn -0.5823 -0.6673 0.4644
vn -0.3232 -0.6672 0.6711
vn -0.3504 -0.5899 0.7275
vn -0.0000 -0.6672 0.7448
vn -0.0000 -0.5898 0.8075
vn 0.3499 -0.5899 0.7277
vn 0.3232 -0.6672 0.6711
vn 0.6310 -0.5900 0.5038
vn 0.5823 -0.6673 0.4644
vn 0.7261 -0.6673 0.1657
vn 0.7872 -0.5899 0.1797
vn 0.7873 -0.5899 -0.1792
vn 0.7261 -0.6673 -0.1658
vn 0.6316 -0.5899 -0.5031
vn 0.5824 -0.6673 -0.4644
vn 0.3232 -0.6673 -0.6711
vn 0.3504 -0.5899 -0.7275
vn -0.0000 -0.6672 -0.7448
vn -0.0000 -0.5898 -0.8075
vn -0.3514 -0.5905 -0.7265
vn -0.3633 -0.0676 -0.9292
vn -0.7334 -0.3464 -0.5849
vn -0.7818 -0.0120 -0.6234
vn -0.4101 -0.3499 -0.8422
vn -0.9146 -0.3463 -0.2087
vn -0.9749 -0.0127 -0.2225
vn -0.9749 -0.0121 0.2225
vn -0.9140 -0.3505 0.2044
vn -0.7818 -0.0116 0.6235
vn -0.7347 -0.3505 0.5808
vn -0.4070 -0.3464 0.8452
vn -0.4338 -0.0127 0.9009
vn -0.0000 -0.0116 0.9999
vn -0.0040 -0.3505 0.9365
vn 0.4070 -0.3464 0.8452
vn 0.4339 -0.0127 0.9009
vn 0.7818 -0.0116 0.6234
vn 0.7297 -0.3505 0.5871
vn 0.9146 -0.3464 0.2088
vn 0.9749 -0.0127 0.2225
vn 0.9749 -0.0120 -0.2225
vn 0.9140 -0.3505 -0.2044
vn 0.7818 -0.0120 -0.6234
vn 0.7348 -0.3505 -0.5807
vn 0.4339 -0.0116 -0.9009
vn 0.4100 -0.3505 -0.8420
vn -0.0000 -0.3464 -0.9381
vn -0.0000 -0.0127 -0.9999
vn -0.3484 0.5961 -0.7234
vn -0.6278 0.5961 -0.5006
vn -0.0000 0.5961 -0.8029
vn -0.7828 0.5961 -0.1787
vn -0.7828 0.5961 0.1786
vn -0.6277 0.5961 0.5006
vn -0.3484 0.5961 0.7234
vn -0.0000 0.5961 0.8029
vn 0.3484 0.5961 0.7234
vn 0.6277 0.5961 0.5006
vn 0.7828 0.5961 0.1787
vn 0.7828 0.5961 -0.1786
vn 0.6278 0.5961 -0.5006
vn 0.6277 0.5961 -0.5006
vn 0.3484 0.5961 -0.7234
vn -0.2388 0.9522 -0.1904
vn -0.1326 0.9522 -0.2753
vn -0.1325 0.9522 -0.2753
vn -0.2978 0.9522 -0.0680
vn -0.2978 0.9522 0.0680
vn -0.2388 0.9522 0.1904
vn -0.1326 0.9522 0.2753
vn -0.0000 0.9522 0.3056
vn 0.1326 0.9522 0.2753
vn 0.2388 0.9522 0.1904
vn 0.2978 0.9522 0.0680
vn 0.2978 0.9522 -0.0680
vn 0.2389 0.9522 -0.1904
vn 0.1326 0.9522 -0.2753
vn 0.1325 0.9522 -0.2753
vn -0.0000 0.9522 -0.3056
vn -0.5000 0.8660 -0.0000
vn -0.0793 0.9969 -0.0000
vn -0.0786 0.9969 -0.0000
vn -0.8660 0.5000 -0.0000
vn -0.9931 0.1175 -0.0000
vn -0.4850 0.0457 0.8733
vn -0.0787 -0.0000 0.9969
vn -0.0743 0.0580 0.9955
vn -0.8529 0.0453 0.5201
vn -0.5000 -0.0000 0.8660
vn -0.9872 0.1118 0.1140
vn -0.8660 -0.0000 0.5000
vn -0.9976 -0.0543 -0.0428
vn -0.9905 0.1304 0.0430
vn -0.9910 -0.0294 0.1305
vn -0.9948 -0.0000 -0.1021
vn -0.9946 -0.0000 0.1037
vn -0.8635 0.5027 0.0405
vn -0.0745 0.9956 0.0562
vn -0.5588 0.8215 0.1134
vn -0.0792 -0.0000 0.9969
vn -0.8093 0.4153 0.4154
vn -0.4153 0.4152 0.8094
vn -0.0736 0.4657 0.8819
vn -0.4151 0.8095 0.4151
vn -0.1068 0.8303 0.5470
vn -0.5303 -0.0861 -0.8434
vn -0.1179 -0.7022 -0.7022
vn -0.0934 -0.1007 -0.9905
vn -0.6506 -0.7575 -0.0532
vn -0.6529 -0.5482 -0.5226
vn -0.9931 -0.1173 -0.0000
vn -0.9166 -0.3997 -0.0027
vn -0.8664 -0.4993 -0.0000
vn -0.5003 -0.8658 -0.0000
vn -0.3107 -0.9469 -0.0824
vn -0.1869 -0.9643 -0.1879
vn -0.0793 -0.9969 -0.0000
vn 0.0528 -0.1242 -0.9909
vn -0.0809 -0.0000 -0.9967
vn -0.5154 -0.0000 -0.8570
vn -0.9153 -0.0361 -0.4011
vn -0.9976 -0.0350 -0.0599
vn -0.8788 -0.0000 -0.4772
vn -0.9425 -0.2364 -0.2364
vn -0.9964 -0.0392 -0.0747
vn -0.0000 -0.7071 -0.7071
vn -0.0000 0.9981 0.0609
vn -0.0000 0.8660 0.5000
vn -0.0000 0.5000 0.8660
vn -0.0000 0.0627 0.9980
vn 0.1299 0.9902 0.0515
vn 0.5000 0.8660 -0.0000
vn 0.0786 0.9969 -0.0000
vn 0.8660 0.5000 -0.0000
vn 0.9931 0.1175 -0.0000
vn 0.1149 -0.0496 0.9921
vn 0.5035 0.0427 0.8629
vn 0.0743 0.0580 0.9955
vn 0.5000 -0.0000 0.8660
vn 0.8631 0.0422 0.5033
vn 0.8660 -0.0000 0.5000
vn 0.9871 0.1150 0.1111
vn 0.9983 -0.0575 -0.0002
vn 0.9946 -0.0000 0.1038
vn 0.9981 -0.0094 -0.0616
vn 0.8241 0.5587 0.0934
vn 0.9905 0.1304 -0.0427
vn 0.0449 0.9875 0.1510
vn 0.5197 0.8532 0.0439
vn 0.9910 0.0294 0.1305
vn 0.0792 -0.0000 0.9969
vn 0.8013 0.4403 0.4050
vn 0.4388 0.4046 0.8023
vn 0.4045 0.8023 0.4389
vn 0.1055 0.4518 0.8859
vn 0.1120 0.8297 0.5468
vn 0.6156 -0.1124 -0.7800
vn 0.1179 -0.7022 -0.7022
vn 0.6634 -0.5291 -0.5291
vn 0.5572 -0.8304 -0.0058
vn 0.9931 -0.1173 -0.0000
vn 0.9166 -0.3997 -0.0027
vn 0.8665 -0.4992 -0.0000
vn 0.5003 -0.8658 -0.0000
vn 0.3333 -0.9305 -0.1521
vn 0.0793 -0.9969 -0.0000
vn 0.0809 -0.0000 -0.9967
vn 0.2048 -0.2614 -0.9433
vn 0.5154 -0.0000 -0.8570
vn 0.9948 -0.0000 -0.1019
vn 0.9195 -0.0412 -0.3909
vn 0.8788 -0.0000 -0.4772
vn 0.9425 -0.2364 -0.2364
vn 0.9953 -0.0688 -0.0688
vn 0.0834 -0.0527 -0.9951
vn 0.2978 -0.6282 -0.7188
vn 0.0610 -0.6282 -0.7757
vn 0.3432 -0.0877 -0.9351
vn 0.5053 -0.6282 -0.5916
vn 0.6173 0.3105 -0.7228
vn 0.6774 -0.0928 -0.7297
vn 0.6634 -0.6282 -0.4066
vn 0.8105 0.3105 -0.4967
vn 0.8697 -0.0928 -0.4847
vn 0.7566 -0.6281 -0.1817
vn 0.9243 0.3104 -0.2219
vn 0.9769 -0.0928 -0.1923
vn 0.9890 -0.0878 0.1187
vn 0.9477 0.3105 0.0746
vn 0.9040 -0.0878 0.4185
vn 0.6750 -0.7183 0.1685
vn 0.8782 0.3105 0.3638
vn 0.7303 -0.0877 0.6775
vn 0.5899 -0.7183 0.3688
vn 0.4852 -0.0877 0.8700
vn 0.4479 -0.7183 0.5323
vn 0.4967 0.3105 0.8105
vn 0.1816 -0.6283 0.7565
vn 0.2570 -0.7183 0.6466
vn 0.2219 0.3105 0.9243
vn 0.1922 -0.0928 0.9770
vn -0.0610 -0.6282 0.7757
vn -0.0746 0.3105 0.9476
vn -0.1190 -0.0928 0.9885
vn -0.2978 -0.6282 0.7188
vn -0.4187 -0.0928 0.9034
vn -0.5053 -0.6282 0.5917
vn -0.3874 0.3338 0.8594
vn -0.6774 -0.0928 0.7297
vn -0.6628 -0.6291 0.4062
vn -0.6340 0.3338 0.6976
vn -0.8697 -0.0928 0.4847
vn -0.7566 -0.6282 0.1816
vn -0.8185 0.3338 0.4676
vn -0.9770 -0.0928 0.1922
vn -0.7767 -0.6269 -0.0611
vn -0.9229 0.3338 0.1917
vn -0.9885 -0.0928 -0.1191
vn -0.7188 -0.6282 -0.2977
vn -0.9370 0.3338 -0.1029
vn -0.9033 -0.0928 -0.4188
vn -0.5907 -0.6297 -0.5045
vn -0.7228 0.3105 -0.6174
vn -0.7298 -0.0928 -0.6774
vn -0.4852 -0.0877 -0.8700
vn -0.4967 0.3105 -0.8105
vn -0.1816 -0.6282 -0.7566
vn -0.2591 -0.7183 -0.6457
vn -0.2219 0.3105 -0.9243
vn -0.1923 -0.0928 -0.9769
vn 0.3326 0.3396 -0.8798
vn -0.3640 0.9294 0.0606
vn 0.0474 0.7972 -0.6018
vn 0.0084 0.9943 -0.1066
vn -0.3607 0.9313 -0.0509
vn 0.1649 0.8242 -0.5418
vn 0.2401 0.7607 -0.6030
vn -0.3242 0.9333 -0.1546
vn 0.3242 0.8242 -0.4643
vn 0.4310 0.8405 0.3283
vn 0.5868 0.7974 -0.1409
vn 0.4515 0.8241 -0.3421
vn 0.6168 0.7731 -0.1480
vn -0.3005 0.9230 -0.2402
vn 0.6016 0.7974 0.0473
vn 0.6567 0.7523 0.0517
vn -0.2117 0.9187 -0.3335
vn -0.0648 0.9326 -0.3551
vn 0.0549 0.9294 -0.3649
vn 0.5418 0.8242 0.1649
vn 0.4836 0.7717 0.4130
vn 0.1546 0.9332 -0.3243
vn 0.4645 0.8242 0.3240
vn 0.1409 0.7973 0.5869
vn 0.3416 0.8241 0.4517
vn 0.1436 0.7883 0.5983
vn 0.2403 0.9230 -0.3006
vn -0.0474 0.7972 0.6018
vn -0.0500 0.7731 0.6323
vn 0.3214 0.9230 -0.2117
vn -0.2309 0.7974 0.5575
vn -0.2428 0.7731 0.5860
vn 0.3749 0.9216 -0.1008
vn 0.3607 0.9313 0.0510
vn 0.3786 0.8495 0.3675
vn 0.3273 0.9313 0.1599
vn -0.3242 0.8242 0.4643
vn -0.5409 0.7731 0.3312
vn 0.2619 0.9313 0.2532
vn -0.4519 0.8242 0.3414
vn -0.6167 0.7731 0.1481
vn 0.1708 0.9313 0.3218
vn -0.5352 0.8242 0.1851
vn -0.6323 0.7731 -0.0498
vn 0.0643 0.9322 0.3562
vn -0.5662 0.8242 0.0106
vn -0.5861 0.7730 -0.2428
vn -0.4590 0.7972 -0.3920
vn -0.5418 0.8242 -0.1649
vn -0.4823 0.7731 -0.4120
vn -0.0176 0.9230 0.3844
vn -0.3153 0.7974 -0.5146
vn -0.3391 0.7607 -0.5535
vn -0.1454 0.9187 0.3673
vn -0.2532 0.9313 0.2619
vn -0.1851 0.8242 -0.5352
vn 0.5042 0.8495 -0.1554
vn 0.0683 0.5575 -0.8274
vn -0.0310 0.9182 0.3949
vn 0.2773 0.5084 -0.8153
vn 0.2985 0.6296 -0.7173
vn 0.6014 0.5057 -0.6186
vn 0.7619 0.5084 -0.4013
vn 0.5021 0.6261 -0.5966
vn -0.3081 0.9324 0.1888
vn 0.6619 0.6261 -0.4123
vn 0.8502 0.5056 -0.1469
vn 0.7569 0.6261 -0.1875
vn 0.8539 0.5057 0.1229
vn 0.7725 0.5084 0.3805
vn 0.7778 0.6261 0.0556
vn 0.6171 0.5084 0.6006
vn -0.3659 0.9182 -0.1517
vn 0.5906 0.6300 0.5044
vn 0.4596 0.8517 -0.2519
vn 0.4058 0.6300 0.6622
vn 0.4026 0.5057 0.7630
vn 0.1461 0.5084 0.8487
vn -0.0609 0.6300 0.7742
vn -0.1230 0.5057 0.8539
vn -0.2972 0.6300 0.7175
vn -0.3807 0.5057 0.7742
vn -0.6014 0.5057 0.6185
vn -0.5021 0.6261 0.5966
vn -0.7631 0.5057 0.4024
vn -0.6619 0.6261 0.4122
vn -0.8501 0.5057 0.1469
vn -0.7569 0.6261 0.1875
vn -0.8539 0.5057 -0.1230
vn -0.7778 0.6261 -0.0555
vn -0.7741 0.5057 -0.3809
vn -0.7225 0.6261 -0.2932
vn -0.6185 0.5057 -0.6014
vn -0.5966 0.6261 -0.5021
vn -0.4023 0.5057 -0.7632
vn -0.1813 0.6300 -0.7552
vn -0.1470 0.5057 -0.8501
vn 0.0555 0.6260 -0.7779
vn 0.0562 0.6953 -0.7165
vn 0.2756 0.6954 -0.6637
vn 0.2536 0.7482 -0.6130
vn 0.4660 0.6957 -0.5467
vn 0.4310 0.7488 -0.5035
vn 0.6122 0.6957 -0.3757
vn 0.6984 0.6957 -0.1682
vn 0.5656 0.7488 -0.3457
vn 0.7162 0.6956 0.0558
vn 0.6448 0.7487 -0.1538
vn 0.7190 0.6251 0.3039
vn 0.6607 0.7488 0.0527
vn 0.6638 0.6958 0.2742
vn 0.5467 0.6956 0.4660
vn 0.6121 0.7487 0.2545
vn 0.3760 0.6956 0.6122
vn 0.3465 0.7484 0.5655
vn 0.1684 0.6956 0.6984
vn 0.1548 0.7484 0.6449
vn -0.0557 0.6956 0.7162
vn 0.1830 0.6210 0.7621
vn -0.0527 0.7487 0.6608
vn -0.2742 0.6958 0.6639
vn -0.4308 0.7483 0.5044
vn -0.4660 0.6958 0.5466
vn -0.6122 0.6956 0.3759
vn -0.5655 0.7484 0.3466
vn -0.6450 0.7483 0.1549
vn -0.6982 0.6958 0.1684
vn -0.6613 0.7483 -0.0520
vn -0.7161 0.6958 -0.0557
vn -0.6638 0.6958 -0.2743
vn -0.6121 0.7487 -0.2544
vn -0.5466 0.6958 -0.4659
vn -0.3758 0.6957 -0.6123
vn -0.5035 0.7487 -0.4311
vn -0.4095 0.6211 -0.6682
vn -0.1549 0.7483 -0.6450
vn -0.1684 0.6958 -0.6982
vn 0.0520 0.7483 -0.6613
vn 0.2354 0.7885 -0.5683
vn 0.3994 0.7885 -0.4677
vn 0.5244 0.7885 -0.3214
vn 0.5980 0.7885 -0.1436
vn 0.6131 0.7885 0.0483
vn 0.5682 0.7885 0.2354
vn 0.5044 0.7489 0.4298
vn 0.3214 0.7885 0.5244
vn 0.1436 0.7885 0.5980
vn -0.0483 0.7885 0.6131
vn -0.2529 0.7489 0.6125
vn -0.2354 0.7885 0.5682
vn -0.5244 0.7885 0.3214
vn -0.5980 0.7885 0.1436
vn -0.6131 0.7885 -0.0483
vn -0.5682 0.7885 -0.2354
vn -0.4677 0.7885 -0.3994
vn -0.3214 0.7885 -0.5244
vn -0.3469 0.7489 -0.5646
vn -0.1436 0.7885 -0.5981
vn 0.0483 0.7885 -0.6132
vn 0.2122 0.8317 -0.5130
vn 0.3607 0.8319 -0.4216
vn 0.5399 0.8317 -0.1296
vn 0.5531 0.8320 0.0440
vn 0.5124 0.8320 0.2126
vn 0.4677 0.7885 0.3994
vn 0.2901 0.8317 0.4734
vn 0.1296 0.8318 0.5398
vn -0.0436 0.8318 0.5534
vn -0.2124 0.8318 0.5128
vn -0.3606 0.8317 0.4222
vn -0.3994 0.7885 0.4677
vn -0.5396 0.8319 0.1296
vn -0.5534 0.8318 -0.0435
vn -0.5129 0.8317 -0.2125
vn -0.4220 0.8319 -0.3604
vn -0.1295 0.8319 -0.5397
vn 0.0436 0.8318 -0.5534
vn 0.1893 0.8673 -0.4604
vn 0.3243 0.8677 -0.3767
vn 0.4726 0.8321 -0.2902
vn 0.4844 0.8671 -0.1163
vn 0.4966 0.8671 0.0391
vn 0.3788 0.8671 0.3235
vn 0.4220 0.8321 0.3599
vn 0.2603 0.8671 0.4247
vn 0.1163 0.8671 0.4843
vn -0.0391 0.8671 0.4966
vn -0.1906 0.8671 0.4602
vn -0.3235 0.8671 0.3788
vn -0.4726 0.8321 0.2902
vn -0.4249 0.8677 0.2580
vn -0.4838 0.8677 0.1142
vn -0.4954 0.8677 -0.0409
vn -0.3788 0.8671 -0.3235
vn -0.2603 0.8671 -0.4247
vn -0.2902 0.8321 -0.4726
vn -0.1163 0.8671 -0.4843
vn 0.0391 0.8671 -0.4966
vn 0.1770 0.8856 -0.4295
vn 0.3963 0.8854 -0.2429
vn 0.4217 0.8684 -0.2610
vn 0.4519 0.8854 -0.1085
vn 0.4634 0.8854 0.0365
vn 0.4590 0.8684 0.1878
vn 0.3535 0.8854 0.3019
vn 0.2429 0.8854 0.3963
vn 0.1085 0.8854 0.4519
vn -0.0374 0.8856 0.4629
vn -0.3019 0.8854 0.3535
vn -0.3965 0.8856 0.2418
vn -0.4518 0.8856 0.1075
vn -0.4629 0.8856 -0.0374
vn -0.4590 0.8684 -0.1877
vn -0.3535 0.8854 -0.3019
vn -0.2429 0.8854 -0.3963
vn -0.1085 0.8854 -0.4520
vn 0.1742 0.8899 -0.4215
vn 0.3002 0.8860 -0.3533
vn 0.3890 0.8898 -0.2384
vn 0.4436 0.8898 -0.1065
vn 0.4544 0.8901 0.0358
vn 0.4288 0.8860 0.1763
vn 0.4213 0.8899 0.1749
vn 0.3466 0.8899 0.2965
vn 0.2380 0.8899 0.3891
vn -0.0358 0.8898 0.4549
vn -0.1764 0.8860 0.4288
vn -0.2964 0.8898 0.3471
vn -0.3890 0.8898 0.2384
vn -0.4435 0.8900 0.1062
vn -0.4547 0.8899 -0.0362
vn -0.4288 0.8860 -0.1764
vn -0.4211 0.8901 -0.1744
vn -0.2384 0.8899 -0.3890
vn -0.1065 0.8899 -0.4436
vn 0.0352 0.8860 -0.4623
vn 0.0361 0.8899 -0.4547
vn -0.1439 0.9143 -0.3786
vn 0.2957 0.8901 -0.3468
vn 0.3480 0.9129 -0.2133
vn 0.3898 0.9161 -0.0936
vn 0.1281 0.9053 0.4050
vn -0.0024 0.9018 0.4321
vn -0.1358 0.9018 0.4102
vn -0.2559 0.9019 0.3480
vn 0.1070 0.8901 0.4430
vn -0.3580 0.8970 0.2592
vn -0.4115 0.9019 0.1313
vn -0.1740 0.8901 0.4213
vn -0.2583 0.9175 0.3025
vn -0.3418 0.9161 0.2095
vn -0.3996 0.9162 -0.0314
vn 0.0033 0.9053 -0.4247
vn -0.3469 0.8901 -0.2956
vn 0.1357 0.9019 -0.4101
vn -0.0953 0.9129 -0.3969
vn 0.0315 0.9161 -0.3996
vn 0.6465 -0.0970 -0.7568
vn -0.4250 0.8845 -0.1924
vn 0.8417 -0.1599 -0.5158
vn 0.2394 0.3074 0.9210
vn 0.9194 -0.0991 0.3806
vn 0.7571 -0.0970 0.6461
vn 0.5194 -0.0988 0.8488
vn 0.2310 -0.1599 0.9597
vn -0.9498 0.3076 -0.0569
vn 0.4562 0.8885 0.0495
vn 0.7133 0.3050 0.6310
vn -0.8558 0.3946 -0.3344
vn -0.8487 -0.0989 0.5195
vn -0.9613 -0.1504 0.2310
vn 0.2346 0.8786 0.4160
vn 0.0581 0.3051 -0.9505
vn -0.7559 -0.0990 -0.6471
vn -0.5193 -0.0991 -0.8488
vn -0.3142 0.8845 0.3447
vn -0.2311 -0.1505 -0.9612
vn 0.9498 0.3075 0.0569
vn 0.3921 -0.0321 -0.9194
vn 0.0784 -0.0265 -0.9966
vn 0.9465 0.3073 0.0982
vn 0.6486 0.0519 -0.7594
vn 0.6582 -0.0387 -0.7518
vn 0.8575 -0.0321 -0.5134
vn 0.8515 0.0518 -0.5218
vn 0.9742 -0.0322 -0.2233
vn 0.9711 0.0518 -0.2332
vn 0.9955 -0.0321 0.0888
vn -0.6997 0.7123 -0.0551
vn 0.9902 0.0709 0.1199
vn 0.9184 -0.0387 0.3938
vn 0.9048 0.0711 0.4199
vn 0.7518 -0.0387 0.6582
vn 0.5134 -0.0321 0.8576
vn 0.7306 0.0710 0.6791
vn 0.2233 -0.0322 0.9742
vn 0.2331 0.0518 0.9711
vn -0.0887 -0.0321 0.9955
vn -0.3920 -0.0321 0.9194
vn -0.3822 0.0521 0.9226
vn -0.6570 -0.0321 0.7532
vn -0.6155 0.0709 0.7850
vn -0.8515 0.0518 0.5218
vn -0.8583 -0.0387 0.5116
vn -0.9744 -0.0387 0.2213
vn -0.9955 -0.0321 -0.0887
vn -0.9956 0.0517 -0.0783
vn -0.3688 0.3947 0.8415
vn -0.9184 -0.0387 -0.3937
vn -0.9047 0.0709 -0.4200
vn -0.7518 -0.0387 -0.6583
vn -0.5218 0.0517 -0.8515
vn -0.5116 -0.0387 -0.8583
vn -0.2213 -0.0387 -0.9744
vn -0.1920 0.0709 -0.9788
vn 0.1199 0.0709 -0.9903
vn -0.1150 -0.4141 0.9030
vn 0.1011 -0.9014 0.4211
vn 0.2154 -0.3852 0.8974
vn -0.0740 -0.8967 0.4364
vn 0.0229 -0.9952 0.0953
vn -0.3884 -0.4141 0.8232
vn -0.2053 -0.8968 0.3919
vn 0.0063 -0.9931 0.1167
vn -0.3835 0.0189 0.9233
vn -0.0784 -0.0397 0.9961
vn -0.0785 0.0195 0.9967
vn 0.2261 -0.9015 0.3690
vn 0.4822 -0.3852 0.7868
vn 0.0512 -0.9952 0.0835
vn 0.2333 -0.0398 0.9716
vn 0.6941 -0.3864 0.6074
vn 0.3290 -0.9015 0.2810
vn 0.0745 -0.9952 0.0636
vn 0.5221 -0.0397 0.8520
vn 0.2323 0.0181 0.9725
vn 0.8479 -0.3864 0.3631
vn 0.4000 -0.9014 0.1657
vn 0.0905 -0.9952 0.0375
vn 0.7598 -0.0400 0.6489
vn 0.7598 0.0191 0.6499
vn 0.9186 -0.3863 0.0833
vn 0.4314 -0.9015 0.0340
vn 0.0976 -0.9952 0.0077
vn 0.9186 -0.0416 0.3930
vn 0.9234 0.0191 0.3833
vn 0.8994 -0.3863 -0.2046
vn 0.4208 -0.9015 -0.1010
vn 0.0953 -0.9952 -0.0229
vn 0.9951 -0.0416 0.0899
vn 0.9967 0.0192 0.0792
vn 0.7921 -0.3864 -0.4725
vn 0.3685 -0.9018 -0.2258
vn 0.0835 -0.9952 -0.0512
vn 0.9742 -0.0416 -0.2220
vn 0.9724 0.0191 -0.2327
vn 0.2810 -0.9015 -0.3291
vn 0.5993 -0.3852 -0.7017
vn 0.0636 -0.9952 -0.0745
vn 0.8579 -0.0417 -0.5122
vn 0.8529 0.0192 -0.5217
vn 0.1657 -0.9014 -0.4001
vn 0.3532 -0.3851 -0.8526
vn 0.0375 -0.9952 -0.0905
vn 0.6577 -0.0416 -0.7522
vn 0.6499 0.0191 -0.7598
vn 0.0833 -0.3864 -0.9186
vn 0.0339 -0.9016 -0.4313
vn 0.0077 -0.9952 -0.0977
vn 0.3824 -0.0398 -0.9231
vn 0.3833 0.0191 -0.9234
vn -0.1010 -0.9016 -0.4206
vn -0.2154 -0.3852 -0.8973
vn -0.0229 -0.9952 -0.0952
vn 0.0784 -0.0400 -0.9961
vn 0.0792 0.0191 -0.9967
vn -0.2261 -0.9015 -0.3690
vn -0.4822 -0.3851 -0.7869
vn -0.0512 -0.9952 -0.0836
vn -0.2220 -0.0417 -0.9742
vn -0.2327 0.0192 -0.9724
vn -0.3293 -0.9014 -0.2812
vn -0.7017 -0.3852 -0.5993
vn -0.0745 -0.9952 -0.0636
vn -0.5221 -0.0399 -0.8520
vn -0.3999 -0.9015 -0.1656
vn -0.8526 -0.3851 -0.3532
vn -0.0905 -0.9952 -0.0375
vn -0.7522 -0.0415 -0.6577
vn -0.5214 0.0182 -0.8531
vn -0.9186 -0.3864 -0.0833
vn -0.4316 -0.9014 -0.0340
vn -0.0977 -0.9952 -0.0077
vn -0.9231 -0.0397 -0.3824
vn -0.7595 0.0182 -0.6503
vn -0.8993 -0.3864 0.2046
vn -0.4204 -0.9017 0.1009
vn -0.0953 -0.9952 0.0229
vn -0.9961 -0.0400 -0.0784
vn -0.9967 0.0191 -0.0792
vn -0.3690 -0.9015 0.2262
vn -0.7869 -0.3852 0.4822
vn -0.0835 -0.9952 0.0512
vn -0.9742 -0.0417 0.2220
vn -0.9724 0.0192 0.2327
vn -0.6073 -0.3864 0.6942
vn -0.2809 -0.9016 0.3290
vn -0.0637 -0.9952 0.0746
vn -0.8579 -0.0417 0.5122
vn -0.8529 0.0191 0.5218
vn -0.0301 -0.9931 0.1130
vn -0.6576 -0.0416 0.7522
vn -0.6499 0.0191 0.7598
vn -0.3688 -0.1116 0.9228
vn -0.0233 0.1162 0.9930
vn 0.2294 0.1843 0.9557
vn -0.0771 0.1845 0.9798
vn -0.3761 0.1845 0.9080
vn 0.5136 0.1844 0.8380
vn 0.5646 0.1161 0.8171
vn 0.7473 0.1846 0.6383
vn 0.9080 0.1846 0.3761
vn 0.9798 0.1845 0.0771
vn 0.9556 0.1848 -0.2295
vn 0.8380 0.1844 -0.5135
vn 0.6383 0.1845 -0.7473
vn 0.3761 0.1845 -0.9080
vn 0.0771 0.1845 -0.9798
vn -0.2295 0.1844 -0.9557
vn -0.5135 0.1844 -0.8380
vn -0.7503 0.1619 -0.6409
vn -0.7473 0.1845 -0.6384
vn -0.9080 0.1845 -0.3761
vn -0.9798 0.1844 -0.0771
vn -0.9595 0.1621 0.2304
vn -0.9557 0.1844 0.2295
vn -0.8380 0.1844 0.5136
vn -0.6383 0.1844 0.7474
vn 0.7077 0.3658 0.6044
vn 0.0730 0.3659 -0.9278
vn -0.8598 0.3659 -0.3561
vn -0.4512 -0.4483 0.7717
vn -0.1473 -0.9739 0.1725
vn -0.6108 -0.3397 0.7152
vn -0.1058 -0.9700 0.2188
vn -0.1934 -0.9739 0.1185
vn -0.8025 -0.3377 0.4918
vn -0.2208 -0.9739 0.0530
vn -0.9154 -0.3373 0.2198
vn -0.9367 -0.3400 -0.0837
vn -0.2367 -0.9710 -0.0327
vn -0.8650 -0.3400 -0.3691
vn -0.2150 -0.9710 -0.1042
vn -0.7086 -0.3400 -0.6183
vn -0.1721 -0.9710 -0.1657
vn -0.1186 -0.9739 -0.1935
vn -0.4827 -0.3413 -0.8066
vn -0.2098 -0.3382 -0.9174
vn -0.0420 -0.9710 -0.2352
vn 0.0837 -0.3400 -0.9367
vn 0.0327 -0.9711 -0.2366
vn 0.3687 -0.3417 -0.8645
vn 0.1044 -0.9710 -0.2149
vn 0.1656 -0.9711 -0.1721
vn 0.6105 -0.3410 -0.7148
vn 0.3804 -0.1086 -0.9184
vn 0.2108 -0.9710 -0.1125
vn 0.8020 -0.3396 -0.4915
vn 0.2205 -0.9739 -0.0529
vn 0.9146 -0.3397 -0.2196
vn 0.2264 -0.9739 0.0178
vn 0.9385 -0.3373 0.0738
vn 0.8650 -0.3400 0.3691
vn 0.2150 -0.9710 0.1042
vn 0.7090 -0.3381 0.6189
vn 0.1721 -0.9710 0.1657
vn 0.1184 -0.9740 0.1932
vn 0.4825 -0.3427 0.8061
vn 0.0529 -0.9739 0.2205
vn 0.2196 -0.3397 0.9146
vn -0.0178 -0.9739 0.2261
vn -0.0738 -0.3378 0.9383
vn -0.0589 -0.9895 0.1322
vn -0.5348 -0.5672 0.6263
vn -0.0966 -0.9889 0.1132
vn -0.3007 -0.5700 0.7646
vn -0.6456 -0.1085 0.7559
vn -0.7011 -0.5691 0.4296
vn -0.1269 -0.9889 0.0778
vn -0.8476 -0.1086 0.5194
vn -0.8019 -0.5657 0.1925
vn -0.1447 -0.9889 0.0347
vn -0.1483 -0.9889 -0.0120
vn -0.8210 -0.5672 -0.0646
vn -0.9633 -0.1171 0.2416
vn -0.1373 -0.9889 -0.0572
vn -0.7617 -0.5659 -0.3155
vn -0.9908 -0.1171 -0.0679
vn -0.1129 -0.9889 -0.0969
vn -0.6262 -0.5672 -0.5349
vn -0.7559 -0.1085 -0.6456
vn -0.0774 -0.9889 -0.1270
vn -0.4303 -0.5672 -0.7022
vn -0.5194 -0.1085 -0.8476
vn -0.0344 -0.9889 -0.1447
vn -0.1923 -0.5672 -0.8008
vn -0.2321 -0.1085 -0.9666
vn 0.0120 -0.9889 -0.1483
vn 0.0646 -0.5672 -0.8210
vn 0.0780 -0.1085 -0.9910
vn 0.0572 -0.9889 -0.1373
vn 0.3138 -0.5723 -0.7576
vn 0.0976 -0.9893 -0.1085
vn 0.1208 -0.9489 -0.2916
vn 0.6428 -0.1285 -0.7552
vn 0.7030 -0.5659 -0.4308
vn 0.5349 -0.5672 -0.6262
vn 0.1269 -0.9889 -0.0778
vn 0.8010 -0.5670 -0.1923
vn 0.1447 -0.9889 -0.0347
vn 0.9666 -0.1085 -0.2321
vn 0.1483 -0.9889 0.0120
vn 0.8219 -0.5659 0.0647
vn 0.1373 -0.9889 0.0572
vn 0.7576 -0.5723 0.3138
vn 0.9184 -0.1086 0.3804
vn 0.6270 -0.5659 0.5355
vn 0.1131 -0.9889 0.0966
vn 0.4303 -0.5672 0.7022
vn 0.0778 -0.9889 0.1269
vn 0.5194 -0.1085 0.8476
vn 0.1923 -0.5672 0.8008
vn 0.0347 -0.9889 0.1447
vn 0.2321 -0.1085 0.9666
vn -0.0647 -0.5657 0.8221
vn -0.0117 -0.9889 0.1483
vn -0.0780 -0.1086 0.9910
vn -0.3894 -0.1184 0.9134
vn -0.5062 -0.6317 0.5871
vn -0.1208 -0.9489 0.2915
vn -0.2047 -0.9490 0.2397
vn -0.6623 -0.6325 0.4017
vn -0.2678 -0.9494 0.1641
vn -0.3066 -0.9490 0.0736
vn -0.7536 -0.6319 0.1809
vn -0.3147 -0.9489 -0.0248
vn -0.7726 -0.6319 -0.0608
vn -0.2916 -0.9489 -0.1208
vn -0.7164 -0.6315 -0.2967
vn -0.5868 -0.6323 -0.5059
vn -0.2388 -0.9494 -0.2040
vn -0.1651 -0.9488 -0.2693
vn -0.4051 -0.6316 -0.6611
vn -0.1774 -0.6320 -0.7544
vn -0.0736 -0.9490 -0.3066
vn 0.0644 -0.6321 -0.7722
vn 0.0247 -0.9492 -0.3138
vn 0.2999 -0.6320 -0.7146
vn 0.5195 -0.5985 -0.6098
vn 0.5032 -0.6322 -0.5891
vn 0.2024 -0.9341 -0.2941
vn 0.3133 -0.9380 -0.1485
vn 0.6608 -0.6319 -0.4050
vn 0.3069 -0.9489 -0.0737
vn 0.7536 -0.6320 -0.1809
vn 0.3138 -0.9492 0.0247
vn 0.7729 -0.6316 0.0608
vn 0.2919 -0.9488 0.1209
vn 0.7161 -0.6318 0.2966
vn 0.5869 -0.6321 0.5060
vn 0.2394 -0.9492 0.2045
vn 0.1649 -0.9489 0.2691
vn 0.4051 -0.6316 0.6611
vn 0.1774 -0.6323 0.7542
vn 0.0735 -0.9491 0.3061
vn -0.0247 -0.9490 0.3143
vn -0.0608 -0.6321 0.7725
vn -0.2335 -0.6746 0.7003
vn -0.2869 -0.6594 0.6949
vn -0.5202 -0.5986 0.6091
vn -0.4880 -0.6598 0.5714
vn -0.3132 -0.5936 0.7413
vn -0.4470 -0.7256 0.5232
vn -0.6830 -0.5986 0.4185
vn -0.6406 -0.6600 0.3925
vn -0.5868 -0.7256 0.3594
vn -0.7305 -0.6599 0.1756
vn -0.7789 -0.5987 0.1870
vn -0.7492 -0.6597 -0.0588
vn -0.7986 -0.5986 -0.0628
vn -0.6688 -0.7259 0.1606
vn -0.6943 -0.6598 -0.2874
vn -0.7401 -0.5986 -0.3065
vn -0.6856 -0.7259 -0.0543
vn -0.5715 -0.6599 -0.4878
vn -0.6091 -0.5986 -0.5202
vn -0.6353 -0.7259 -0.2635
vn -0.3928 -0.6599 -0.6405
vn -0.4185 -0.5987 -0.6830
vn -0.3594 -0.7259 -0.5864
vn -0.1756 -0.6599 -0.7306
vn -0.1870 -0.5986 -0.7789
vn -0.1605 -0.7257 -0.6691
vn 0.0587 -0.6599 -0.7491
vn 0.0628 -0.5986 -0.7986
vn 0.0541 -0.7256 -0.6860
vn 0.2873 -0.6599 -0.6943
vn 0.3091 -0.5895 -0.7463
vn 0.4467 -0.7259 -0.5230
vn 0.4880 -0.6599 -0.5713
vn 0.6830 -0.5986 -0.4185
vn 0.6406 -0.6598 -0.3928
vn 0.7305 -0.6599 -0.1756
vn 0.7789 -0.5987 -0.1870
vn 0.5864 -0.7259 -0.3594
vn 0.7986 -0.5986 0.0628
vn 0.7490 -0.6599 0.0590
vn 0.6688 -0.7259 -0.1602
vn 0.7400 -0.5987 0.3065
vn 0.6941 -0.6599 0.2875
vn 0.6856 -0.7259 0.0543
vn 0.6091 -0.5986 0.5202
vn 0.5713 -0.6599 0.4880
vn 0.6352 -0.7259 0.2636
vn 0.4185 -0.5986 0.6830
vn 0.3926 -0.6599 0.6406
vn 0.5230 -0.7259 0.4467
vn 0.1756 -0.6597 0.7307
vn 0.1870 -0.5986 0.7789
vn 0.3590 -0.7259 0.5866
vn -0.0587 -0.6599 0.7491
vn -0.0628 -0.5987 0.7985
vn 0.1600 -0.7259 0.6689
vn -0.4152 -0.7690 0.4861
vn -0.2636 -0.7259 0.6352
vn -0.5455 -0.7687 0.3341
vn -0.6219 -0.7687 0.1492
vn -0.6373 -0.7690 -0.0502
vn -0.5908 -0.7687 -0.2449
vn -0.5234 -0.7256 -0.4468
vn -0.3340 -0.7690 -0.5451
vn -0.1492 -0.7687 -0.6220
vn 0.0504 -0.7687 -0.6377
vn 0.2632 -0.7256 -0.6358
vn 0.2446 -0.7690 -0.5906
vn 0.5451 -0.7690 -0.3340
vn 0.6219 -0.7687 -0.1492
vn 0.6373 -0.7690 0.0502
vn 0.5905 -0.7690 0.2450
vn 0.4861 -0.7690 0.4152
vn 0.3340 -0.7690 0.5451
vn -0.0503 -0.7687 0.6376
vn -0.0536 -0.7259 0.6857
vn -0.2246 -0.8097 0.5422
vn -0.2446 -0.7690 0.5906
vn -0.3811 -0.8097 0.4462
vn -0.5004 -0.8097 0.3066
vn -0.5850 -0.8097 -0.0460
vn -0.5422 -0.8097 -0.2246
vn -0.4462 -0.8097 -0.3811
vn -0.4861 -0.7690 -0.4152
vn -0.3066 -0.8097 -0.5004
vn -0.1370 -0.8097 -0.5706
vn 0.0460 -0.8097 -0.5850
vn 0.4152 -0.7690 -0.4861
vn 0.2246 -0.8097 -0.5422
vn 0.3811 -0.8097 -0.4462
vn 0.5004 -0.8097 -0.3066
vn 0.5850 -0.8097 0.0460
vn 0.4462 -0.8097 0.3811
vn 0.3066 -0.8097 0.5004
vn 0.1370 -0.8097 0.5706
vn 0.1492 -0.7690 0.6216
vn -0.2008 -0.8513 0.4847
vn -0.4475 -0.8515 0.2733
vn -0.5101 -0.8515 0.1217
vn -0.5706 -0.8097 0.1370
vn -0.5226 -0.8515 -0.0418
vn -0.4828 -0.8522 -0.2015
vn -0.3970 -0.8522 -0.3408
vn -0.1217 -0.8515 -0.5101
vn 0.0419 -0.8515 -0.5227
vn 0.2013 -0.8515 -0.4841
vn 0.4475 -0.8515 -0.2733
vn 0.5101 -0.8515 -0.1217
vn 0.5706 -0.8097 -0.1370
vn 0.5227 -0.8515 0.0419
vn 0.4842 -0.8515 0.2013
vn 0.5422 -0.8097 0.2246
vn 0.3982 -0.8515 0.3411
vn 0.2721 -0.8522 0.4468
vn -0.0460 -0.8097 0.5850
vn 0.1208 -0.8522 0.5091
vn -0.3398 -0.8516 0.3992
vn -0.1827 -0.8787 0.4410
vn -0.3102 -0.8798 0.3602
vn -0.4641 -0.8789 0.1101
vn -0.4737 -0.8798 -0.0393
vn -0.3618 -0.8789 -0.3108
vn -0.2481 -0.8789 -0.4074
vn -0.2747 -0.8520 -0.4457
vn -0.1101 -0.8789 -0.4641
vn 0.0387 -0.8789 -0.4754
vn 0.1837 -0.8789 -0.4401
vn 0.3398 -0.8516 -0.3992
vn 0.4073 -0.8789 -0.2481
vn 0.4754 -0.8789 0.0387
vn 0.4384 -0.8798 0.1838
vn 0.3602 -0.8798 0.3102
vn 0.2467 -0.8798 0.4063
vn -0.0387 -0.8789 0.4754
vn -0.0397 -0.8520 0.5220
vn -0.1507 -0.9192 0.3638
vn -0.4057 -0.8790 0.2504
vn -0.2565 -0.9243 0.2826
vn -0.3812 -0.9208 0.0824
vn -0.4410 -0.8790 -0.1810
vn -0.3794 -0.9243 -0.0414
vn -0.2908 -0.9208 -0.2600
vn -0.1895 -0.9243 -0.3312
vn 0.0395 -0.9208 -0.3881
vn 0.1574 -0.9208 -0.3569
vn 0.3085 -0.8790 -0.3635
vn 0.2565 -0.9243 -0.2826
vn 0.4632 -0.8790 -0.1128
vn 0.3312 -0.9243 -0.1895
vn 0.3880 -0.9208 0.0394
vn 0.2908 -0.9208 0.2600
vn 0.1962 -0.9208 0.3372
vn 0.0824 -0.9208 0.3812
vn 0.1131 -0.8795 0.4622
vn -0.1012 -0.9644 0.2443
vn -0.3244 -0.9220 0.2114
vn -0.1727 -0.9742 0.1453
vn -0.2434 -0.9697 0.0230
vn -0.3617 -0.9220 -0.1382
vn -0.2190 -0.9742 -0.0543
vn -0.1617 -0.9697 -0.1834
vn -0.0229 -0.9696 -0.2435
vn -0.1010 -0.9230 -0.3712
vn 0.0534 -0.9696 -0.2386
vn 0.1193 -0.9742 -0.1915
vn 0.2245 -0.9696 -0.0970
vn 0.2435 -0.9696 -0.0229
vn 0.3712 -0.9230 -0.1010
vn 0.2386 -0.9696 0.0534
vn 0.2104 -0.9696 0.1246
vn 0.3597 -0.9230 0.1365
vn 0.1616 -0.9696 0.1835
vn 0.0970 -0.9696 0.2244
vn -0.0196 -0.9220 0.3867
vn 0.0160 -0.9742 0.2251
vn -0.1799 -0.9716 0.1537
vn -0.2301 -0.9716 -0.0552
vn -0.1537 -0.9716 -0.1799
vn 0.1236 -0.9716 -0.2018
vn 0.0186 -0.9716 0.2359
vn -0.9210 -0.1200 -0.3706
vn 0.7614 -0.1200 0.6371
vn 0.9886 -0.1287 0.0778
vn 0.8455 -0.1287 -0.5182
vn -0.0037 -0.9998 0.0179
vn 0.0011 -0.9999 0.0163
vn 0.0061 -0.9999 0.0152
vn 0.0128 -0.9998 0.0136
vn 0.0164 -0.9998 0.0089
vn 0.0159 -0.9999 0.0040
vn 0.0185 -0.9998 -0.0024
vn 0.0152 -0.9999 -0.0061
vn 0.0136 -0.9998 -0.0128
vn 0.0089 -0.9998 -0.0164
vn 0.0034 -0.9998 -0.0183
vn -0.0024 -0.9998 -0.0185
vn -0.0080 -0.9998 -0.0168
vn -0.0105 -0.9999 -0.0126
vn -0.0138 -0.9999 -0.0087
vn -0.0183 -0.9998 -0.0034
vn -0.0185 -0.9998 0.0024
vn -0.0152 -0.9999 0.0061
vn -0.0135 -0.9998 0.0128
vn -0.0091 -0.9998 0.0159
vn 0.0290 0.9971 -0.0700
vn 0.0059 0.9971 -0.0756
vn 0.0438 0.9950 -0.0903
vn 0.0492 0.9971 -0.0576
vn 0.0696 0.9950 -0.0723
vn 0.0646 0.9971 -0.0396
vn 0.0737 0.9971 -0.0177
vn 0.0988 0.9950 -0.0176
vn 0.0755 0.9971 0.0059
vn 0.0994 0.9950 0.0138
vn 0.0700 0.9971 0.0290
vn 0.0903 0.9950 0.0438
vn 0.0576 0.9971 0.0492
vn 0.0723 0.9950 0.0695
vn 0.0396 0.9971 0.0646
vn 0.0177 0.9971 0.0737
vn 0.0478 0.9946 0.0919
vn -0.0059 0.9971 0.0756
vn -0.0138 0.9950 0.0994
vn -0.0290 0.9971 0.0701
vn -0.0438 0.9950 0.0902
vn -0.0492 0.9971 0.0576
vn -0.0646 0.9971 0.0396
vn -0.0727 0.9946 0.0739
vn -0.0737 0.9971 0.0177
vn -0.0919 0.9946 0.0478
vn -0.0756 0.9971 -0.0059
vn -0.0994 0.9950 -0.0138
vn -0.0700 0.9971 -0.0290
vn -0.0903 0.9950 -0.0438
vn -0.0576 0.9971 -0.0492
vn -0.0396 0.9971 -0.0646
vn -0.0473 0.9950 -0.0885
vn -0.0177 0.9971 -0.0736
vn -0.0170 0.9946 -0.1022
vn -0.0744 0.0365 0.9966
vn 0.2334 0.0247 0.9721
vn 0.2333 0.0351 0.9718
vn -0.0784 0.0248 0.9966
vn -0.3787 0.0365 0.9248
vn -0.3826 0.0248 0.9236
vn 0.5223 0.0247 0.8524
vn 0.5222 0.0352 0.8521
vn 0.5234 0.0182 0.8519
vn 0.7602 0.0247 0.6493
vn 0.7599 0.0352 0.6491
vn 0.9236 0.0247 0.3826
vn 0.9233 0.0352 0.3825
vn 0.9966 0.0247 0.0784
vn 0.9963 0.0351 0.0784
vn 0.9703 0.0382 -0.2388
vn 0.9721 0.0247 -0.2334
vn 0.8524 0.0247 -0.5223
vn 0.8521 0.0352 -0.5222
vn 0.6446 0.0382 -0.7636
vn 0.6492 0.0247 -0.7602
vn 0.3771 0.0382 -0.9254
vn 0.3826 0.0247 -0.9236
vn 0.0727 0.0382 -0.9966
vn 0.0784 0.0247 -0.9966
vn -0.2389 0.0382 -0.9703
vn -0.2334 0.0247 -0.9721
vn -0.5224 0.0247 -0.8524
vn -0.5222 0.0352 -0.8521
vn -0.7602 0.0247 -0.6492
vn -0.7599 0.0351 -0.6490
vn -0.9254 0.0382 -0.3771
vn -0.9236 0.0247 -0.3826
vn -0.9242 0.0182 -0.3814
vn -0.9966 0.0247 -0.0785
vn -0.9963 0.0352 -0.0784
vn -0.9703 0.0382 0.2388
vn -0.9721 0.0247 0.2334
vn -0.8490 0.0382 0.5270
vn -0.8524 0.0247 0.5223
vn -0.6446 0.0382 0.7636
vn -0.6492 0.0247 0.7602
vn -0.1448 0.9732 0.1784
vn -0.0577 0.6775 0.7333
vn -0.2086 0.9175 0.3388
vn -0.3696 0.1056 0.9232
vn -0.2825 0.6791 0.6775
vn 0.1236 0.2856 0.9503
vn 0.1717 0.6776 0.7151
vn 0.0238 0.9938 0.1090
vn 0.5936 0.1259 0.7949
vn 0.1750 0.4804 0.8594
vn 0.3844 0.6775 0.6271
vn 0.1002 0.9777 0.1845
vn 0.1779 0.8388 0.5145
vn 0.8097 0.1266 0.5730
vn 0.1521 0.9778 0.1443
vn 0.5574 0.6786 0.4783
vn 0.9474 0.1260 0.2944
vn 0.1894 0.9777 0.0904
vn 0.6779 0.6787 0.2826
vn 0.9902 0.1072 0.0898
vn 0.2083 0.9777 0.0274
vn 0.7320 0.6787 0.0593
vn 0.9395 0.1271 -0.3181
vn 0.2073 0.9775 -0.0385
vn 0.7146 0.6786 -0.1698
vn 0.7951 0.1266 -0.5931
vn 0.6271 0.6775 -0.3842
vn 0.1523 0.9735 -0.1708
vn 0.5727 0.1259 -0.8101
vn 0.4777 0.6776 -0.5592
vn 0.1443 0.9778 -0.1521
vn 0.0863 0.9944 -0.0614
vn 0.2946 0.1266 -0.9472
vn 0.0906 0.9775 -0.1905
vn 0.2826 0.6787 -0.6779
vn -0.0125 0.1266 -0.9919
vn 0.0578 0.6776 -0.7331
vn 0.0154 0.9946 -0.1025
vn -0.3184 0.1266 -0.9395
vn -0.1716 0.6776 -0.7152
vn 0.2121 0.8972 -0.3874
vn -0.1152 0.9732 -0.1991
vn -0.3843 0.6775 -0.6271
vn -0.1710 0.9732 -0.1536
vn -0.6563 0.3037 -0.6907
vn -0.7483 0.1071 -0.6546
vn -0.5592 0.6776 -0.4777
vn -0.0833 0.9938 -0.0741
vn -0.9472 0.1266 -0.2946
vn -0.6794 0.6776 -0.2816
vn -0.1885 0.8971 -0.3996
vn -0.9919 0.1266 0.0125
vn -0.2081 0.9777 -0.0274
vn -0.7320 0.6787 -0.0593
vn -0.5207 0.8389 -0.1585
vn -0.9395 0.1267 0.3184
vn -0.2064 0.9777 0.0383
vn -0.7145 0.6787 0.1698
vn -0.7951 0.1272 0.5930
vn -0.1844 0.9777 0.1001
vn -0.6271 0.6787 0.3824
vn -0.1011 0.9944 0.0318
vn -0.5728 0.1266 0.8098
vn -0.4776 0.6775 0.5594
vn -0.1450 0.9775 0.1531
vn 0.2955 0.8283 0.4761
vn 0.5589 0.8282 0.0408
vn -0.1339 0.8282 -0.5441
vn -0.8876 0.4139 0.2024
vn 0.8882 0.4123 -0.2027
vn -0.8052 0.5638 -0.1838
vn -0.0000 0.8304 -0.5572
vn 0.6459 0.5633 0.5152
vn 0.6462 0.5629 -0.5154
vn 0.7196 0.3911 0.5738
vn 0.7196 0.3910 -0.5738
vn -0.3650 0.9273 0.0833
vn -0.0000 0.9273 0.3743
vn -0.8973 -0.3909 -0.2048
vn 0.8973 -0.3909 -0.2048
vn -0.0000 0.9998 0.0211
vn 0.0206 0.9998 -0.0047
vn -0.7196 0.3907 0.5740
vn 0.8974 0.3908 -0.2048
vn -0.2928 -0.9273 -0.2334
vn -0.2928 -0.9273 0.2334
vn 0.2928 -0.9273 -0.2334
vn -0.0000 -0.3917 0.9201
vn -0.0000 0.9269 0.3753
vn -0.3657 -0.9270 0.0832
vn 0.3657 -0.9270 0.0834
vn -0.8972 0.3914 0.2046
vn 0.8966 0.3926 0.2046
vn 0.3993 -0.3912 0.8292
vn 0.8976 -0.3903 -0.2049
vn -0.0000 0.9266 0.3762
vn -0.0000 0.9952 0.0974
vn -0.0000 -0.9987 -0.0502
vn 0.3822 0.0525 -0.9226
vt 0.429922 0.082097
vt 0.372825 0.026784
vt 0.437824 0.074250
vt 0.367740 0.036690
vt 0.296204 0.001953
vt 0.294443 0.012950
vt 0.215677 0.001997
vt 0.217406 0.012999
vt 0.139122 0.026926
vt 0.144170 0.036852
vt 0.074029 0.074292
vt 0.081899 0.082172
vt 0.026765 0.139453
vt 0.012951 0.217775
vt 0.001953 0.216028
vt 0.013021 0.294786
vt 0.002022 0.296526
vt 0.036892 0.368011
vt 0.026970 0.373067
vt 0.074357 0.438176
vt 0.082256 0.430242
vt 0.139595 0.485288
vt 0.144598 0.475404
vt 0.216090 0.510063
vt 0.217828 0.499064
vt 0.296512 0.509983
vt 0.294773 0.498983
vt 0.372986 0.485058
vt 0.367934 0.475132
vt 0.438018 0.437719
vt 0.430146 0.429840
vt 0.485239 0.372604
vt 0.475317 0.367544
vt 0.510026 0.296093
vt 0.499028 0.294346
vt 0.509964 0.215689
vt 0.475094 0.144337
vt 0.485026 0.139300
vt 0.457023 0.153592
vt 0.415586 0.096471
vt 0.400005 0.111971
vt 0.358558 0.054782
vt 0.291311 0.033013
vt 0.348473 0.074548
vt 0.224145 0.054819
vt 0.287894 0.054816
vt 0.220640 0.033041
vt 0.163514 0.074535
vt 0.153445 0.054911
vt 0.096304 0.096478
vt 0.054807 0.153666
vt 0.074490 0.163615
vt 0.111947 0.112025
vt 0.033014 0.220877
vt 0.036685 0.144514
vt 0.054810 0.224255
vt 0.033061 0.291534
vt 0.054944 0.358715
vt 0.054834 0.288006
vt 0.096540 0.415817
vt 0.074561 0.348624
vt 0.163658 0.437572
vt 0.112069 0.400156
vt 0.153730 0.457268
vt 0.224277 0.457204
vt 0.220915 0.479000
vt 0.287987 0.457171
vt 0.291518 0.478944
vt 0.348566 0.437460
vt 0.415736 0.415538
vt 0.358648 0.457078
vt 0.457193 0.358393
vt 0.400087 0.399994
vt 0.478963 0.291240
vt 0.437507 0.348443
vt 0.478928 0.220659
vt 0.457170 0.224147
vt 0.457167 0.287854
vt 0.498965 0.217423
vt 0.437530 0.163489
vt 0.384476 0.127519
vt 0.338397 0.094344
vt 0.284455 0.076675
vt 0.227645 0.076654
vt 0.173598 0.094211
vt 0.127620 0.127618
vt 0.076657 0.227648
vt 0.094217 0.173597
vt 0.076661 0.284477
vt 0.094229 0.338517
vt 0.173623 0.417833
vt 0.127645 0.384465
vt 0.227657 0.435358
vt 0.284455 0.435346
vt 0.338467 0.417790
vt 0.384405 0.384406
vt 0.417777 0.338461
vt 0.435319 0.284450
vt 0.417843 0.173542
vt 0.435367 0.227637
vt 0.439353 0.929370
vt 0.478442 0.864313
vt 0.484376 0.867363
vt 0.377304 0.974389
vt 0.434645 0.924643
vt 0.304359 0.998047
vt 0.374285 0.968440
vt 0.228719 0.991422
vt 0.227666 0.998010
vt 0.157771 0.968336
vt 0.154734 0.974277
vt 0.097427 0.924457
vt 0.092704 0.929168
vt 0.053596 0.864077
vt 0.047648 0.867098
vt 0.030567 0.793107
vt 0.023976 0.794142
vt 0.030595 0.718493
vt 0.024007 0.717442
vt 0.053679 0.647539
vt 0.047738 0.644503
vt 0.097558 0.587190
vt 0.092846 0.582467
vt 0.157937 0.543352
vt 0.154915 0.537405
vt 0.228910 0.520316
vt 0.227873 0.513726
vt 0.304578 0.513748
vt 0.377526 0.537470
vt 0.303529 0.520336
vt 0.439579 0.582573
vt 0.374493 0.543412
vt 0.484665 0.644647
vt 0.434859 0.587287
vt 0.501780 0.718674
vt 0.508371 0.717636
vt 0.501902 0.793398
vt 0.508488 0.794460
vt 0.409799 0.899878
vt 0.358245 0.937205
vt 0.297707 0.956793
vt 0.303325 0.991456
vt 0.234082 0.956718
vt 0.173594 0.936987
vt 0.122163 0.899530
vt 0.084823 0.848013
vt 0.065230 0.787478
vt 0.065301 0.723850
vt 0.085031 0.663357
vt 0.174007 0.574577
vt 0.234546 0.554977
vt 0.298181 0.555043
vt 0.358685 0.574769
vt 0.410136 0.612225
vt 0.478719 0.647672
vt 0.447499 0.663748
vt 0.467090 0.724286
vt 0.466762 0.787835
vt 0.447555 0.848521
vt 0.410525 0.829527
vt 0.339750 0.900397
vt 0.291485 0.916070
vt 0.192491 0.900380
vt 0.121626 0.829501
vt 0.105952 0.781242
vt 0.105957 0.730502
vt 0.151471 0.641199
vt 0.122488 0.611922
vt 0.192526 0.611376
vt 0.240789 0.595697
vt 0.291536 0.595699
vt 0.339803 0.611382
vt 0.380866 0.641213
vt 0.410705 0.682276
vt 0.426399 0.730561
vt 0.426468 0.781364
vt 0.327410 0.816982
vt 0.266164 0.755877
vt 0.343307 0.795062
vt 0.351663 0.769315
vt 0.351635 0.742246
vt 0.343234 0.716509
vt 0.327287 0.694625
vt 0.305357 0.678739
vt 0.279593 0.670406
vt 0.252516 0.670440
vt 0.226776 0.678838
vt 0.204892 0.694778
vt 0.189005 0.716699
vt 0.180670 0.742456
vt 0.180703 0.769526
vt 0.189101 0.795261
vt 0.205039 0.817141
vt 0.226959 0.833025
vt 0.252715 0.841356
vt 0.279788 0.841321
vt 0.305525 0.832923
vt 0.331338 0.180729
vt 0.255981 0.256014
vt 0.304380 0.161151
vt 0.272691 0.150843
vt 0.239369 0.150828
vt 0.207674 0.161117
vt 0.180710 0.180701
vt 0.161117 0.207661
vt 0.150813 0.239355
vt 0.150808 0.272681
vt 0.161104 0.304374
vt 0.180690 0.331328
vt 0.207648 0.350909
vt 0.239336 0.361201
vt 0.272651 0.361201
vt 0.304333 0.350912
vt 0.331280 0.331337
vt 0.350857 0.304393
vt 0.361146 0.272715
vt 0.361147 0.239401
vt 0.350888 0.207701
vt 0.395143 0.185131
vt 0.348910 0.163152
vt 0.366486 0.145524
vt 0.373009 0.196430
vt 0.315631 0.139049
vt 0.276558 0.126327
vt 0.280396 0.101780
vt 0.326833 0.116921
vt 0.235475 0.126312
vt 0.231543 0.101779
vt 0.196395 0.139006
vt 0.185073 0.116894
vt 0.163150 0.163163
vt 0.145547 0.145638
vt 0.138995 0.196413
vt 0.126296 0.235499
vt 0.116836 0.185191
vt 0.126299 0.276594
vt 0.101753 0.231679
vt 0.116900 0.327016
vt 0.101774 0.280550
vt 0.163162 0.348902
vt 0.139003 0.315672
vt 0.196410 0.373038
vt 0.145650 0.366522
vt 0.235487 0.385717
vt 0.231677 0.410262
vt 0.185200 0.395205
vt 0.276567 0.385710
vt 0.315629 0.373015
vt 0.280526 0.410233
vt 0.348852 0.348871
vt 0.326971 0.395117
vt 0.372985 0.315644
vt 0.366467 0.366391
vt 0.410212 0.280415
vt 0.395151 0.326868
vt 0.385662 0.276586
vt 0.410119 0.231610
vt 0.385633 0.235524
vt 0.344782 0.834288
vt 0.365172 0.806139
vt 0.316705 0.854753
vt 0.283677 0.865539
vt 0.248931 0.865592
vt 0.215872 0.854906
vt 0.151446 0.870552
vt 0.187733 0.834526
vt 0.167270 0.806450
vt 0.156484 0.773422
vt 0.156433 0.738678
vt 0.167121 0.705618
vt 0.187503 0.677478
vt 0.215584 0.657012
vt 0.248617 0.646224
vt 0.283369 0.646170
vt 0.316438 0.656858
vt 0.344589 0.677241
vt 0.365066 0.705325
vt 0.375862 0.738362
vt 0.375918 0.773113
vt 0.020729 0.414624
vt 0.072640 0.447919
vt 0.043332 0.465055
vt 0.006864 0.361279
vt 0.052560 0.402784
vt 0.001953 0.306451
vt 0.040245 0.354999
vt 0.006062 0.251583
vt 0.035916 0.305871
vt 0.019087 0.198099
vt 0.039641 0.256713
vt 0.040773 0.147406
vt 0.051314 0.208820
vt 0.070770 0.100899
vt 0.070679 0.163471
vt 0.108695 0.060068
vt 0.097373 0.121925
vt 0.153938 0.026675
vt 0.131032 0.085490
vt 0.204347 0.001954
vt 0.171501 0.055598
vt 0.160032 0.583004
vt 0.224770 0.574929
vt 0.210699 0.605807
vt 0.113477 0.551108
vt 0.176016 0.553770
vt 0.074364 0.511100
vt 0.134706 0.524852
vt 0.100150 0.489077
vt 0.105812 0.484265
vt 0.085538 0.440394
vt 0.079078 0.444180
vt 0.066570 0.397590
vt 0.059551 0.400208
vt 0.054934 0.352251
vt 0.047573 0.353644
vt 0.050861 0.305630
vt 0.043369 0.305766
vt 0.047007 0.257860
vt 0.054418 0.258980
vt 0.058382 0.211193
vt 0.065501 0.213547
vt 0.077236 0.167017
vt 0.083848 0.170552
vt 0.109076 0.131198
vt 0.103197 0.126561
vt 0.140770 0.096712
vt 0.135878 0.091091
vt 0.178631 0.068434
vt 0.175063 0.061975
vt 0.221639 0.040654
vt 0.223072 0.048260
vt 0.228105 0.560083
vt 0.179390 0.547321
vt 0.182685 0.540790
vt 0.226914 0.567661
vt 0.139353 0.519111
vt 0.143992 0.513309
vt 0.111486 0.479400
vt 0.115571 0.423428
vt 0.140608 0.455173
vt 0.137954 0.457407
vt 0.121614 0.419955
vt 0.118587 0.421694
vt 0.105644 0.383652
vt 0.099093 0.386044
vt 0.102363 0.384849
vt 0.095805 0.345113
vt 0.092369 0.345743
vt 0.092357 0.305439
vt 0.085381 0.305536
vt 0.088863 0.305488
vt 0.091924 0.265197
vt 0.095380 0.265730
vt 0.088480 0.264664
vt 0.101447 0.225980
vt 0.104768 0.227083
vt 0.098138 0.224878
vt 0.117151 0.188918
vt 0.120240 0.190565
vt 0.114075 0.187272
vt 0.141341 0.157220
vt 0.135849 0.152914
vt 0.138587 0.155066
vt 0.167450 0.128079
vt 0.165154 0.125473
vt 0.197838 0.104289
vt 0.162875 0.122869
vt 0.196143 0.101326
vt 0.231064 0.084143
vt 0.231997 0.087326
vt 0.194462 0.098370
vt 0.236049 0.520365
vt 0.199523 0.507492
vt 0.201079 0.504489
vt 0.235204 0.523545
vt 0.197972 0.510492
vt 0.167827 0.484178
vt 0.170009 0.481501
vt 0.143274 0.452934
vt 0.165659 0.486849
vt 0.154473 0.401652
vt 0.199639 0.351389
vt 0.209340 0.373295
vt 0.141101 0.371110
vt 0.193726 0.328278
vt 0.132841 0.338633
vt 0.191745 0.304550
vt 0.129961 0.305166
vt 0.193746 0.280817
vt 0.140494 0.239070
vt 0.132544 0.271663
vt 0.153529 0.208315
vt 0.199681 0.257699
vt 0.222702 0.215595
vt 0.209407 0.235784
vt 0.192676 0.155761
vt 0.171166 0.180275
vt 0.217005 0.135449
vt 0.239283 0.197534
vt 0.242568 0.119663
vt 0.258846 0.181752
vt 0.219191 0.472769
vt 0.280523 0.441280
vt 0.245281 0.487618
vt 0.239124 0.411571
vt 0.258569 0.427387
vt 0.172482 0.429332
vt 0.194407 0.453281
vt 0.222599 0.393485
vt 0.145235 0.406776
vt 0.131153 0.374646
vt 0.122454 0.340491
vt 0.119409 0.305299
vt 0.122099 0.270072
vt 0.144101 0.203447
vt 0.130426 0.235799
vt 0.185301 0.148166
vt 0.162635 0.173947
vt 0.211106 0.126910
vt 0.238891 0.111193
vt 0.213745 0.481456
vt 0.241761 0.495940
vt 0.187404 0.461096
vt 0.164224 0.435905
vt 0.136143 0.372863
vt 0.149864 0.404193
vt 0.127666 0.339552
vt 0.124704 0.305228
vt 0.127342 0.270867
vt 0.135479 0.237441
vt 0.148830 0.205894
vt 0.166906 0.177132
vt 0.188979 0.151991
vt 0.214022 0.131221
vt 0.240541 0.115572
vt 0.243324 0.491654
vt 0.216424 0.477072
vt 0.190889 0.457153
vt 0.168353 0.432590
vt 0.232549 0.361671
vt 0.224408 0.343501
vt 0.219440 0.324383
vt 0.217760 0.304771
vt 0.219410 0.285150
vt 0.232491 0.247799
vt 0.224356 0.266007
vt 0.243645 0.230928
vt 0.257602 0.215718
vt 0.274161 0.202484
vt 0.293153 0.191770
vt 0.274080 0.406938
vt 0.293158 0.417914
vt 0.257583 0.393677
vt 0.243680 0.378500
vt 0.299611 0.334051
vt 0.792060 0.328604
vt 0.300580 0.352812
vt 0.299052 0.315269
vt 0.791611 0.317801
vt 0.298862 0.296477
vt 0.791341 0.306996
vt 0.791340 0.285378
vt 0.791251 0.296189
vt 0.299561 0.258906
vt 0.299027 0.277686
vt 0.792055 0.263765
vt 0.791608 0.274571
vt 0.300503 0.240146
vt 0.792681 0.252958
vt 0.304061 0.202813
vt 0.301942 0.221435
vt 0.307220 0.184393
vt 0.793484 0.242147
vt 0.312153 0.166474
vt 0.794464 0.231313
vt 0.312400 0.426583
vt 0.794478 0.360995
vt 0.795637 0.371810
vt 0.304200 0.390166
vt 0.307401 0.408614
vt 0.302049 0.371533
vt 0.793495 0.350197
vt 0.792689 0.339401
vt 0.298302 0.334112
vt 0.300052 0.352855
vt 0.299272 0.352915
vt 0.298523 0.315281
vt 0.299083 0.334077
vt 0.297741 0.315296
vt 0.298333 0.296477
vt 0.297717 0.277655
vt 0.297550 0.296476
vt 0.299032 0.258881
vt 0.298498 0.277674
vt 0.298252 0.258842
vt 0.299976 0.240105
vt 0.299196 0.240042
vt 0.301416 0.221368
vt 0.302772 0.202550
vt 0.300640 0.221268
vt 0.305974 0.183956
vt 0.303540 0.202707
vt 0.311051 0.165699
vt 0.306716 0.184216
vt 0.306153 0.409051
vt 0.311953 0.426871
vt 0.311298 0.427362
vt 0.303679 0.390274
vt 0.306897 0.408792
vt 0.302909 0.390430
vt 0.301522 0.371600
vt 0.300745 0.371696
vt 0.299346 0.334064
vt 0.300316 0.352834
vt 0.298788 0.315275
vt 0.298597 0.296477
vt 0.298762 0.277680
vt 0.299297 0.258893
vt 0.300239 0.240126
vt 0.301679 0.221400
vt 0.303800 0.202760
vt 0.306968 0.184304
vt 0.311926 0.166345
vt 0.307149 0.408703
vt 0.312173 0.426712
vt 0.303938 0.390221
vt 0.301785 0.371566
vt 0.237902 0.358940
vt 0.250761 0.373314
vt 0.248525 0.374960
vt 0.240375 0.357671
vt 0.251094 0.373071
vt 0.233063 0.361412
vt 0.244491 0.377913
vt 0.244146 0.378163
vt 0.233827 0.361025
vt 0.233443 0.361219
vt 0.244838 0.377661
vt 0.230131 0.341652
vt 0.220857 0.324169
vt 0.225386 0.323468
vt 0.223777 0.304816
vt 0.220823 0.285393
vt 0.225343 0.286153
vt 0.225713 0.266470
vt 0.230056 0.267937
vt 0.237814 0.250603
vt 0.244788 0.231788
vt 0.248454 0.234529
vt 0.258588 0.216749
vt 0.261758 0.220035
vt 0.274954 0.203660
vt 0.277470 0.207454
vt 0.293910 0.193048
vt 0.295417 0.197582
vt 0.293923 0.416648
vt 0.277451 0.402056
vt 0.295393 0.412152
vt 0.274889 0.405780
vt 0.261779 0.389415
vt 0.258586 0.392664
vt 0.298737 0.352958
vt 0.224956 0.343327
vt 0.297765 0.334138
vt 0.220010 0.324297
vt 0.297204 0.315308
vt 0.218336 0.304777
vt 0.297013 0.296476
vt 0.297180 0.277644
vt 0.219977 0.285248
vt 0.297715 0.258816
vt 0.224901 0.266193
vt 0.298661 0.239999
vt 0.244104 0.231274
vt 0.233000 0.248069
vt 0.300106 0.221201
vt 0.257998 0.216132
vt 0.302245 0.202442
vt 0.305465 0.183779
vt 0.274480 0.202957
vt 0.310579 0.165416
vt 0.293516 0.417431
vt 0.305644 0.409229
vt 0.274406 0.406473
vt 0.302382 0.390538
vt 0.257986 0.393270
vt 0.300212 0.371764
vt 0.240742 0.357485
vt 0.232776 0.340794
vt 0.233168 0.340669
vt 0.225773 0.343065
vt 0.225363 0.343196
vt 0.220432 0.324233
vt 0.228134 0.323044
vt 0.228542 0.322983
vt 0.218763 0.304782
vt 0.219194 0.304786
vt 0.226557 0.304837
vt 0.226970 0.304843
vt 0.220398 0.285320
vt 0.228491 0.286689
vt 0.228085 0.286618
vt 0.225306 0.266331
vt 0.233078 0.268968
vt 0.232688 0.268833
vt 0.233378 0.248269
vt 0.233758 0.248470
vt 0.240634 0.252099
vt 0.240270 0.251903
vt 0.244445 0.231530
vt 0.250671 0.236201
vt 0.250999 0.236452
vt 0.258292 0.216440
vt 0.263675 0.222043
vt 0.263958 0.222343
vt 0.274716 0.203307
vt 0.278993 0.209778
vt 0.279218 0.210124
vt 0.293740 0.192636
vt 0.296280 0.200772
vt 0.296159 0.200370
vt 0.293750 0.417057
vt 0.274647 0.406128
vt 0.296152 0.409398
vt 0.279222 0.399423
vt 0.296280 0.408999
vt 0.278991 0.399764
vt 0.258285 0.392968
vt 0.264003 0.387137
vt 0.263714 0.387431
vt 0.105415 0.429310
vt 0.088070 0.390098
vt 0.073632 0.305711
vt 0.077393 0.348508
vt 0.076861 0.262874
vt 0.086976 0.221164
vt 0.103704 0.181717
vt 0.126630 0.145645
vt 0.155221 0.114071
vt 0.188825 0.088273
vt 0.192801 0.520701
vt 0.230815 0.537110
vt 0.158386 0.495898
vt 0.129029 0.464976
vt 0.091811 0.388719
vt 0.108861 0.427310
vt 0.081314 0.347780
vt 0.077621 0.305649
vt 0.088944 0.346371
vt 0.080805 0.263480
vt 0.090766 0.222424
vt 0.107225 0.183603
vt 0.129758 0.148115
vt 0.157817 0.117063
vt 0.190728 0.091722
vt 0.227077 0.074301
vt 0.194546 0.517203
vt 0.234128 0.526636
vt 0.231552 0.533390
vt 0.160852 0.492819
vt 0.132056 0.462402
vt 0.107141 0.428307
vt 0.130544 0.463685
vt 0.089944 0.389406
vt 0.079357 0.348142
vt 0.075630 0.305678
vt 0.078837 0.263176
vt 0.088875 0.221794
vt 0.105468 0.182660
vt 0.128198 0.146881
vt 0.156523 0.115570
vt 0.189779 0.090004
vt 0.226539 0.072502
vt 0.231069 0.535198
vt 0.193673 0.518945
vt 0.159621 0.494354
vt 0.585561 0.061104
vt 0.585562 0.031885
vt 0.598239 0.058210
vt 0.572884 0.058210
vt 0.562717 0.050102
vt 0.557076 0.038386
vt 0.557075 0.025383
vt 0.562718 0.013667
vt 0.572884 0.005559
vt 0.585562 0.002666
vt 0.598240 0.005559
vt 0.608406 0.013667
vt 0.614048 0.025383
vt 0.614048 0.038387
vt 0.608406 0.050102
vt 0.589162 0.896571
vt 0.515016 0.914588
vt 0.515835 0.898629
vt 0.591753 0.911801
vt 0.512632 0.930965
vt 0.595901 0.713073
vt 0.515297 0.727127
vt 0.512747 0.711721
vt 0.591820 0.729047
vt 0.516311 0.742712
vt 0.589402 0.744679
vt 0.516549 0.758298
vt 0.587897 0.760107
vt 0.516423 0.773862
vt 0.586937 0.775402
vt 0.516166 0.789409
vt 0.586333 0.790604
vt 0.515914 0.804949
vt 0.585978 0.805740
vt 0.515746 0.820491
vt 0.585821 0.820838
vt 0.515700 0.836042
vt 0.585849 0.835923
vt 0.515766 0.851614
vt 0.586092 0.851022
vt 0.515898 0.867217
vt 0.586624 0.866155
vt 0.515990 0.882874
vt 0.587575 0.881338
vt 0.271721 0.111205
vt 0.266080 0.099489
vt 0.294565 0.092988
vt 0.281888 0.119312
vt 0.294565 0.122206
vt 0.307243 0.119313
vt 0.317409 0.111205
vt 0.323051 0.099490
vt 0.323051 0.086486
vt 0.317409 0.074770
vt 0.307243 0.066663
vt 0.294566 0.063769
vt 0.281888 0.066663
vt 0.271722 0.074770
vt 0.266080 0.086486
vt 0.515145 0.898543
vt 0.513605 0.914245
vt 0.514457 0.898454
vt 0.514311 0.914419
vt 0.511018 0.930102
vt 0.511814 0.930578
vt 0.511936 0.712069
vt 0.513894 0.727498
vt 0.511150 0.712502
vt 0.514596 0.727309
vt 0.515622 0.742810
vt 0.514935 0.742912
vt 0.515867 0.758353
vt 0.515187 0.758412
vt 0.515066 0.773927
vt 0.515743 0.773893
vt 0.515486 0.789425
vt 0.514809 0.789442
vt 0.514556 0.804960
vt 0.515233 0.804954
vt 0.514387 0.820485
vt 0.515065 0.820487
vt 0.514341 0.836021
vt 0.515019 0.836031
vt 0.515086 0.851594
vt 0.514408 0.851575
vt 0.515218 0.867186
vt 0.514540 0.867154
vt 0.514627 0.882772
vt 0.515307 0.882824
vt 0.492272 0.894804
vt 0.491928 0.880403
vt 0.492626 0.880478
vt 0.598548 0.058852
vt 0.608963 0.050547
vt 0.491579 0.894689
vt 0.491019 0.908519
vt 0.490335 0.908348
vt 0.585561 0.061816
vt 0.488037 0.921535
vt 0.487375 0.921274
vt 0.572575 0.058852
vt 0.488031 0.720682
vt 0.490683 0.733724
vt 0.487375 0.720953
vt 0.556381 0.038545
vt 0.491364 0.733544
vt 0.492183 0.746952
vt 0.492876 0.746834
vt 0.492615 0.760853
vt 0.556381 0.025224
vt 0.493313 0.760784
vt 0.492518 0.775288
vt 0.572576 0.004917
vt 0.492930 0.790080
vt 0.492230 0.790093
vt 0.585562 0.001953
vt 0.492642 0.805138
vt 0.491941 0.805136
vt 0.492452 0.820322
vt 0.491751 0.820311
vt 0.598549 0.004917
vt 0.491698 0.835523
vt 0.614743 0.025225
vt 0.492398 0.835544
vt 0.491769 0.850680
vt 0.614743 0.038545
vt 0.492595 0.865730
vt 0.491895 0.865681
vt 0.592433 0.911558
vt 0.590511 0.896260
vt 0.589837 0.896418
vt 0.595985 0.926777
vt 0.597536 0.925835
vt 0.596777 0.926347
vt 0.592510 0.729271
vt 0.597458 0.714093
vt 0.596695 0.713540
vt 0.590081 0.744813
vt 0.593202 0.729501
vt 0.588571 0.760198
vt 0.590757 0.744951
vt 0.587612 0.775464
vt 0.588285 0.775526
vt 0.587011 0.790642
vt 0.587336 0.805775
vt 0.586658 0.805758
vt 0.587180 0.820833
vt 0.586502 0.820837
vt 0.586529 0.835902
vt 0.586771 0.850978
vt 0.587207 0.835878
vt 0.587447 0.850932
vt 0.587301 0.866085
vt 0.588922 0.881129
vt 0.588250 0.881235
vt 0.612744 0.890137
vt 0.614777 0.902982
vt 0.612068 0.890331
vt 0.616072 0.902418
vt 0.615424 0.902702
vt 0.619790 0.914988
vt 0.620967 0.914137
vt 0.620399 0.914601
vt 0.620150 0.725869
vt 0.615683 0.738182
vt 0.615038 0.737896
vt 0.620757 0.726262
vt 0.616331 0.738471
vt 0.612945 0.750923
vt 0.612270 0.750723
vt 0.611448 0.764348
vt 0.610761 0.764213
vt 0.612135 0.764483
vt 0.609924 0.778117
vt 0.611312 0.778291
vt 0.610619 0.778205
vt 0.609455 0.792263
vt 0.610153 0.792315
vt 0.609200 0.806536
vt 0.610597 0.806581
vt 0.609899 0.806559
vt 0.609094 0.820853
vt 0.610491 0.820849
vt 0.609794 0.820852
vt 0.609121 0.835144
vt 0.610518 0.835093
vt 0.609821 0.835119
vt 0.610011 0.849284
vt 0.609313 0.849337
vt 0.609746 0.863346
vt 0.610707 0.849230
vt 0.610441 0.863259
vt 0.611259 0.876928
vt 0.610571 0.877061
vt 0.611946 0.876792
vt 0.613418 0.889939
vt 0.508810 0.912921
vt 0.509204 0.728941
vt 0.510360 0.743733
vt 0.510665 0.758906
vt 0.510303 0.789626
vt 0.510046 0.805065
vt 0.509875 0.820533
vt 0.509897 0.851508
vt 0.510024 0.866992
vt 0.509842 0.897819
vt 0.507989 0.912701
vt 0.509054 0.897706
vt 0.505015 0.926532
vt 0.505336 0.715789
vt 0.508387 0.729167
vt 0.509575 0.743855
vt 0.509892 0.758981
vt 0.493218 0.775253
vt 0.509791 0.774275
vt 0.509534 0.789649
vt 0.509276 0.805073
vt 0.509104 0.820528
vt 0.509057 0.836001
vt 0.492469 0.850712
vt 0.509126 0.851478
vt 0.509254 0.866945
vt 0.509313 0.882377
vt 0.597742 0.909500
vt 0.593114 0.911308
vt 0.602472 0.922520
vt 0.602319 0.717671
vt 0.597782 0.731285
vt 0.595243 0.746043
vt 0.589243 0.760290
vt 0.593704 0.761026
vt 0.592755 0.776034
vt 0.592176 0.791017
vt 0.587686 0.790680
vt 0.591843 0.805971
vt 0.591698 0.820898
vt 0.591726 0.835809
vt 0.591958 0.850708
vt 0.587975 0.866013
vt 0.592473 0.865595
vt 0.593414 0.880447
vt 0.595027 0.895175
vt 0.598533 0.909198
vt 0.603265 0.921965
vt 0.603117 0.718252
vt 0.598583 0.731573
vt 0.596013 0.746213
vt 0.594466 0.761145
vt 0.593518 0.776116
vt 0.592942 0.791069
vt 0.592613 0.805994
vt 0.592469 0.820896
vt 0.592496 0.835779
vt 0.592726 0.850650
vt 0.593238 0.865504
vt 0.594177 0.880316
vt 0.595796 0.894987
vt 0.509700 0.882413
vt 0.510086 0.882448
vt 0.509448 0.897763
vt 0.508400 0.912810
vt 0.505435 0.926758
vt 0.505750 0.715585
vt 0.506155 0.715331
vt 0.508796 0.729055
vt 0.509968 0.743794
vt 0.510279 0.758944
vt 0.510177 0.774252
vt 0.509920 0.789638
vt 0.509662 0.805070
vt 0.509490 0.820531
vt 0.509444 0.836010
vt 0.509512 0.851493
vt 0.509640 0.866969
vt 0.595411 0.895081
vt 0.598137 0.909348
vt 0.602861 0.922219
vt 0.602711 0.717987
vt 0.598182 0.731430
vt 0.595627 0.746128
vt 0.594084 0.761085
vt 0.593136 0.776075
vt 0.592558 0.791043
vt 0.592227 0.805982
vt 0.592083 0.820897
vt 0.592110 0.835794
vt 0.592341 0.850679
vt 0.592855 0.865550
vt 0.593795 0.880381
vt 0.398750 0.911864
vt 0.408757 0.430990
vt 0.410566 0.911842
vt 0.398699 0.431009
vt 0.386935 0.911844
vt 0.388641 0.430992
vt 0.375119 0.911781
vt 0.363304 0.911674
vt 0.378584 0.430938
vt 0.351489 0.911524
vt 0.368526 0.430847
vt 0.348412 0.430555
vt 0.358469 0.430720
vt 0.327862 0.911095
vt 0.339675 0.911331
vt 0.316050 0.910815
vt 0.338356 0.430354
vt 0.469639 0.911080
vt 0.469097 0.430101
vt 0.481451 0.910797
vt 0.457825 0.911318
vt 0.459042 0.430341
vt 0.446011 0.911514
vt 0.448986 0.430544
vt 0.434197 0.911666
vt 0.438930 0.430711
vt 0.418815 0.430934
vt 0.428872 0.430841
vt 0.422381 0.911776
vt 0.251330 0.054109
vt 0.261212 0.056203
vt 0.261212 0.056374
vt 0.251480 0.053799
vt 0.251404 0.053955
vt 0.337610 0.013388
vt 0.345547 0.019512
vt 0.345411 0.019620
vt 0.337760 0.013078
vt 0.337686 0.013232
vt 0.257076 0.646984
vt 0.314468 0.659614
vt 0.256736 0.659454
vt 0.257131 0.634449
vt 0.314147 0.646996
vt 0.257124 0.621902
vt 0.314097 0.634433
vt 0.257109 0.609352
vt 0.314101 0.621882
vt 0.257098 0.596802
vt 0.314111 0.609334
vt 0.257090 0.584253
vt 0.314117 0.596786
vt 0.257086 0.571704
vt 0.314120 0.584237
vt 0.257084 0.559155
vt 0.314119 0.571688
vt 0.257087 0.546606
vt 0.314115 0.559139
vt 0.257094 0.534058
vt 0.314106 0.546589
vt 0.257103 0.521509
vt 0.314094 0.534040
vt 0.257107 0.508959
vt 0.314081 0.521490
vt 0.257058 0.496396
vt 0.314074 0.508943
vt 0.256736 0.483778
vt 0.314128 0.496408
vt 0.261212 0.056029
vt 0.261232 0.033594
vt 0.270948 0.053816
vt 0.278760 0.047597
vt 0.283100 0.038605
vt 0.283109 0.028621
vt 0.278785 0.019621
vt 0.270984 0.013389
vt 0.261252 0.011158
vt 0.251515 0.013371
vt 0.243703 0.019590
vt 0.239363 0.028582
vt 0.239355 0.038567
vt 0.243679 0.047566
vt 0.327859 0.033593
vt 0.349736 0.028620
vt 0.349727 0.038605
vt 0.345387 0.047597
vt 0.337575 0.053815
vt 0.327839 0.056028
vt 0.318107 0.053799
vt 0.310306 0.047566
vt 0.305981 0.038567
vt 0.305990 0.028582
vt 0.310330 0.019590
vt 0.318141 0.013372
vt 0.327878 0.011158
vt 0.261231 0.065050
vt 0.249477 0.058001
vt 0.261231 0.060684
vt 0.272985 0.058001
vt 0.274880 0.061935
vt 0.282412 0.050484
vt 0.285825 0.053207
vt 0.291900 0.040594
vt 0.287643 0.039622
vt 0.287643 0.027566
vt 0.291900 0.026594
vt 0.282412 0.016704
vt 0.285826 0.013981
vt 0.274881 0.005252
vt 0.272986 0.009186
vt 0.261232 0.006503
vt 0.261232 0.002137
vt 0.249478 0.009186
vt 0.247584 0.005252
vt 0.236638 0.013980
vt 0.240052 0.016703
vt 0.230564 0.026593
vt 0.234821 0.027565
vt 0.234821 0.039621
vt 0.230564 0.040593
vt 0.240052 0.050484
vt 0.236638 0.053206
vt 0.247583 0.061935
vt 0.352452 0.013980
vt 0.339612 0.009186
vt 0.341507 0.005252
vt 0.354269 0.027565
vt 0.349038 0.016703
vt 0.358526 0.026594
vt 0.354270 0.039622
vt 0.352452 0.053207
vt 0.358526 0.040593
vt 0.339612 0.058001
vt 0.349038 0.050484
vt 0.341507 0.061935
vt 0.327858 0.060683
vt 0.314210 0.061935
vt 0.327858 0.065050
vt 0.306678 0.050484
vt 0.316104 0.058001
vt 0.303265 0.053206
vt 0.301447 0.039621
vt 0.297190 0.026593
vt 0.297190 0.040593
vt 0.303265 0.013980
vt 0.301447 0.027565
vt 0.316105 0.009186
vt 0.306679 0.016703
vt 0.314210 0.005252
vt 0.327859 0.006503
vt 0.327859 0.002137
vt 0.261231 0.060333
vt 0.272833 0.057685
vt 0.271098 0.054127
vt 0.279030 0.047813
vt 0.282137 0.050266
vt 0.283436 0.038682
vt 0.287301 0.039544
vt 0.283445 0.028544
vt 0.287301 0.027644
vt 0.279055 0.019406
vt 0.282138 0.016922
vt 0.271134 0.013078
vt 0.272834 0.009502
vt 0.261252 0.010813
vt 0.261232 0.006854
vt 0.251366 0.013061
vt 0.249631 0.009502
vt 0.243434 0.019375
vt 0.240326 0.016921
vt 0.239027 0.028505
vt 0.235163 0.027643
vt 0.239018 0.038643
vt 0.235163 0.039543
vt 0.243409 0.047781
vt 0.240326 0.050265
vt 0.249630 0.057685
vt 0.348764 0.016922
vt 0.339460 0.009502
vt 0.353927 0.027643
vt 0.345681 0.019406
vt 0.353927 0.039544
vt 0.350072 0.028544
vt 0.348764 0.050265
vt 0.350063 0.038682
vt 0.339460 0.057685
vt 0.345656 0.047812
vt 0.327858 0.060333
vt 0.337725 0.054126
vt 0.316256 0.057685
vt 0.327839 0.056373
vt 0.306953 0.050265
vt 0.317957 0.054109
vt 0.301789 0.039543
vt 0.310036 0.047781
vt 0.301789 0.027643
vt 0.305645 0.038643
vt 0.306953 0.016922
vt 0.305654 0.028505
vt 0.316257 0.009502
vt 0.310060 0.019375
vt 0.327859 0.006854
vt 0.317992 0.013061
vt 0.327878 0.010813
vt 0.256901 0.646977
vt 0.247504 0.062098
vt 0.261231 0.065232
vt 0.256956 0.634448
vt 0.274958 0.062099
vt 0.285967 0.053320
vt 0.256949 0.621901
vt 0.292077 0.040634
vt 0.256934 0.609352
vt 0.292077 0.026554
vt 0.256923 0.596802
vt 0.285968 0.013868
vt 0.256911 0.571704
vt 0.274960 0.005089
vt 0.256909 0.559155
vt 0.261233 0.001955
vt 0.256912 0.546606
vt 0.247505 0.005088
vt 0.236496 0.013867
vt 0.256919 0.534058
vt 0.230387 0.026553
vt 0.256928 0.521510
vt 0.230387 0.040633
vt 0.256933 0.508960
vt 0.236496 0.053319
vt 0.256562 0.483803
vt 0.256883 0.496402
vt 0.314643 0.483963
vt 0.314468 0.483938
vt 0.341585 0.005088
vt 0.327859 0.001955
vt 0.352594 0.013867
vt 0.314321 0.646990
vt 0.314643 0.659589
vt 0.358703 0.026553
vt 0.314271 0.634432
vt 0.314276 0.621882
vt 0.358703 0.040634
vt 0.314286 0.609334
vt 0.352594 0.053320
vt 0.314292 0.596786
vt 0.341585 0.062099
vt 0.314295 0.584237
vt 0.314131 0.062099
vt 0.314294 0.571688
vt 0.303123 0.053320
vt 0.314290 0.559139
vt 0.297013 0.040634
vt 0.314281 0.546590
vt 0.314269 0.534040
vt 0.297013 0.026553
vt 0.314255 0.521490
vt 0.303123 0.013867
vt 0.314249 0.508944
vt 0.314131 0.005088
vt 0.314303 0.496414
vt 0.249554 0.057841
vt 0.261231 0.060507
vt 0.272909 0.057842
vt 0.282273 0.050374
vt 0.287470 0.039583
vt 0.287470 0.027606
vt 0.282273 0.016814
vt 0.272909 0.009346
vt 0.261232 0.006681
vt 0.249555 0.009346
vt 0.240191 0.016813
vt 0.234994 0.027604
vt 0.234994 0.039582
vt 0.240190 0.050373
vt 0.327859 0.006681
vt 0.339536 0.009346
vt 0.348900 0.016814
vt 0.354097 0.027605
vt 0.354097 0.039582
vt 0.348900 0.050374
vt 0.339535 0.057841
vt 0.327858 0.060506
vt 0.316181 0.057841
vt 0.306817 0.050373
vt 0.301620 0.039582
vt 0.301620 0.027604
vt 0.306817 0.016813
vt 0.316181 0.009346
vt 0.271024 0.053972
vt 0.278896 0.047706
vt 0.283270 0.038644
vt 0.283278 0.028582
vt 0.278921 0.019513
vt 0.271059 0.013232
vt 0.261252 0.010984
vt 0.251440 0.013215
vt 0.243567 0.019482
vt 0.239194 0.028543
vt 0.239185 0.038605
vt 0.243543 0.047675
vt 0.349905 0.028581
vt 0.349896 0.038643
vt 0.345523 0.047705
vt 0.337651 0.053972
vt 0.327839 0.056203
vt 0.318031 0.053955
vt 0.310170 0.047675
vt 0.305812 0.038606
vt 0.305820 0.028543
vt 0.310194 0.019482
vt 0.318066 0.013215
vt 0.327878 0.010984
vt 0.940064 0.884173
vt 0.947223 0.905000
vt 0.940563 0.905264
vt 0.946788 0.884056
vt 0.953861 0.904613
vt 0.953522 0.883957
vt 0.960467 0.904258
vt 0.960270 0.883890
vt 0.967046 0.904103
vt 0.973783 0.883898
vt 0.973615 0.904227
vt 0.980532 0.883958
vt 0.980219 0.904587
vt 0.987265 0.884053
vt 0.986856 0.904973
vt 0.993986 0.884166
vt 0.993513 0.905233
vt 0.939886 0.863374
vt 0.946666 0.863326
vt 0.953452 0.863301
vt 0.960242 0.863293
vt 0.967029 0.883868
vt 0.973835 0.863301
vt 0.980609 0.863314
vt 0.987377 0.863345
vt 0.994156 0.863400
vt 0.939732 0.842711
vt 0.946561 0.842674
vt 0.953389 0.842657
vt 0.960217 0.842654
vt 0.967037 0.863294
vt 0.973874 0.842662
vt 0.980703 0.842676
vt 0.987531 0.842705
vt 0.994359 0.842757
vt 0.939564 0.822072
vt 0.946443 0.822027
vt 0.953320 0.822001
vt 0.960193 0.821991
vt 0.967045 0.842657
vt 0.973938 0.822002
vt 0.980812 0.822025
vt 0.987689 0.822064
vt 0.994569 0.822123
vt 0.939392 0.801443
vt 0.946323 0.801385
vt 0.953248 0.801344
vt 0.960169 0.801322
vt 0.967065 0.821992
vt 0.974004 0.801335
vt 0.980924 0.801370
vt 0.987849 0.801426
vt 0.994779 0.801498
vt 0.939227 0.780829
vt 0.953182 0.780685
vt 0.960147 0.780643
vt 0.967109 0.780632
vt 0.967086 0.801318
vt 0.974071 0.780656
vt 0.981035 0.780713
vt 0.988007 0.780795
vt 0.946105 0.760132
vt 0.946209 0.780749
vt 0.953112 0.760021
vt 0.960111 0.759945
vt 0.967128 0.759919
vt 0.974141 0.759960
vt 0.981156 0.760059
vt 0.988178 0.760191
vt 0.994988 0.780892
vt 0.939068 0.760253
vt 0.945915 0.738413
vt 0.952998 0.738260
vt 0.960081 0.738145
vt 0.967159 0.738120
vt 0.974246 0.738177
vt 0.981328 0.738312
vt 0.988412 0.738484
vt 0.995211 0.760329
vt 0.938822 0.738569
vt 0.945701 0.716670
vt 0.952856 0.716529
vt 0.960018 0.716426
vt 0.967208 0.716389
vt 0.974380 0.716452
vt 0.981539 0.716587
vt 0.988690 0.716755
vt 0.995503 0.738657
vt 0.938548 0.716815
vt 0.945491 0.694873
vt 0.952745 0.694802
vt 0.960016 0.694754
vt 0.967263 0.694750
vt 0.974513 0.694790
vt 0.981748 0.694870
vt 0.988967 0.694976
vt 0.995841 0.716925
vt 0.938164 0.673081
vt 0.938281 0.694954
vt 0.945431 0.673075
vt 0.952704 0.673094
vt 0.959989 0.673124
vt 0.974579 0.673163
vt 0.981899 0.673167
vt 0.989206 0.673185
vt 0.996469 0.673232
vt 0.996179 0.695096
vt 0.938085 0.651298
vt 0.945402 0.651320
vt 0.952716 0.651372
vt 0.960031 0.651431
vt 0.967285 0.673149
vt 0.974677 0.651471
vt 0.981994 0.651448
vt 0.989309 0.651428
vt 0.996626 0.651434
vt 0.937972 0.629612
vt 0.945341 0.629612
vt 0.952702 0.629634
vt 0.960059 0.629665
vt 0.967353 0.651467
vt 0.974778 0.629697
vt 0.982105 0.629704
vt 0.989437 0.629718
vt 0.996808 0.629751
vt 0.937800 0.607928
vt 0.945224 0.607895
vt 0.952640 0.607879
vt 0.960050 0.607876
vt 0.967417 0.629687
vt 0.974866 0.607904
vt 0.982274 0.607940
vt 0.989687 0.607994
vt 0.997111 0.608067
vt 0.945077 0.586202
vt 0.952554 0.586159
vt 0.960030 0.586131
vt 0.967509 0.586127
vt 0.967459 0.607884
vt 0.974987 0.586154
vt 0.982465 0.586212
vt 0.989944 0.586291
vt 0.937596 0.586258
vt 0.944913 0.564464
vt 0.952434 0.564419
vt 0.959963 0.564388
vt 0.967537 0.564385
vt 0.975107 0.564410
vt 0.982668 0.564462
vt 0.990219 0.564528
vt 0.997426 0.586383
vt 0.937371 0.564518
vt 0.944691 0.542637
vt 0.952296 0.542711
vt 0.959926 0.542776
vt 0.967560 0.542795
vt 0.975212 0.542788
vt 0.982844 0.542733
vt 0.990451 0.542666
vt 0.997765 0.564604
vt 0.937104 0.542584
vt 0.944999 0.520404
vt 0.952586 0.520977
vt 0.960104 0.521547
vt 0.967567 0.521811
vt 0.975030 0.521553
vt 0.982548 0.520988
vt 0.990134 0.520417
vt 0.998047 0.542617
vt 0.931646 0.515349
vt 0.938170 0.492846
vt 0.938314 0.515282
vt 0.944882 0.492788
vt 0.944975 0.515221
vt 0.951592 0.492747
vt 0.951627 0.515177
vt 0.958301 0.492740
vt 0.958271 0.515166
vt 0.964913 0.515193
vt 0.965007 0.492771
vt 0.971560 0.515254
vt 0.971714 0.492836
vt 0.978215 0.515336
vt 0.978422 0.492919
vt 0.984881 0.515422
vt 0.931456 0.492910
vt 0.938071 0.470405
vt 0.944830 0.470353
vt 0.951589 0.470320
vt 0.958347 0.470318
vt 0.965104 0.470353
vt 0.971859 0.470419
vt 0.978614 0.470503
vt 0.985134 0.493007
vt 0.931314 0.470463
vt 0.937998 0.447962
vt 0.944800 0.447920
vt 0.951604 0.447895
vt 0.958408 0.447899
vt 0.965211 0.447936
vt 0.972012 0.448001
vt 0.978811 0.448084
vt 0.985369 0.470593
vt 0.931197 0.448011
vt 0.937939 0.425519
vt 0.944785 0.425488
vt 0.951633 0.425473
vt 0.958481 0.425482
vt 0.965329 0.425520
vt 0.972175 0.425582
vt 0.979018 0.425661
vt 0.985610 0.448174
vt 0.931095 0.425559
vt 0.937890 0.403078
vt 0.944778 0.403060
vt 0.951669 0.403056
vt 0.958563 0.403071
vt 0.965456 0.403107
vt 0.972345 0.403163
vt 0.979233 0.403234
vt 0.985860 0.425749
vt 0.931003 0.403106
vt 0.937852 0.380634
vt 0.944781 0.380636
vt 0.951714 0.380650
vt 0.958648 0.380673
vt 0.965583 0.380704
vt 0.972516 0.380743
vt 0.979446 0.380795
vt 0.986119 0.403314
vt 0.930860 0.359626
vt 0.930923 0.380648
vt 0.937828 0.359616
vt 0.944795 0.359623
vt 0.951762 0.359641
vt 0.965698 0.359694
vt 0.972666 0.359730
vt 0.979634 0.359777
vt 0.986601 0.359840
vt 0.986375 0.380863
vt 0.930792 0.338607
vt 0.937799 0.338592
vt 0.944804 0.338593
vt 0.951807 0.338605
vt 0.958730 0.359665
vt 0.965813 0.338658
vt 0.972816 0.338699
vt 0.979821 0.338752
vt 0.986828 0.338819
vt 0.930721 0.317606
vt 0.937768 0.317582
vt 0.944811 0.317573
vt 0.951851 0.317578
vt 0.958810 0.338628
vt 0.965927 0.317631
vt 0.972967 0.317680
vt 0.980009 0.317743
vt 0.987055 0.317818
vt 0.937742 0.296565
vt 0.944822 0.296542
vt 0.951897 0.296536
vt 0.958970 0.296551
vt 0.958889 0.317597
vt 0.966042 0.296590
vt 0.973116 0.296651
vt 0.980194 0.296729
vt 0.930655 0.296599
vt 0.937729 0.275551
vt 0.944844 0.275508
vt 0.951951 0.275485
vt 0.959054 0.275493
vt 0.966157 0.275539
vt 0.973262 0.275620
vt 0.980374 0.275722
vt 0.987278 0.296818
vt 0.930605 0.275603
vt 0.937742 0.254566
vt 0.944873 0.254484
vt 0.951995 0.254436
vt 0.959134 0.254432
vt 0.966271 0.254491
vt 0.973409 0.254603
vt 0.980557 0.254746
vt 0.987496 0.275834
vt 0.930577 0.254656
vt 0.937684 0.233596
vt 0.944872 0.233452
vt 0.952052 0.233348
vt 0.959223 0.233340
vt 0.966404 0.233417
vt 0.973584 0.233578
vt 0.980772 0.233779
vt 0.987717 0.254896
vt 0.930496 0.233737
vt 0.937578 0.212628
vt 0.944818 0.212452
vt 0.952060 0.212321
vt 0.959313 0.212292
vt 0.966564 0.212387
vt 0.973805 0.212580
vt 0.981044 0.212815
vt 0.987972 0.233978
vt 0.930331 0.212801
vt 0.937442 0.191598
vt 0.944741 0.191464
vt 0.952054 0.191369
vt 0.959410 0.191347
vt 0.966741 0.191437
vt 0.974054 0.191603
vt 0.981351 0.191804
vt 0.988289 0.213043
vt 0.930131 0.191739
vt 0.937350 0.170516
vt 0.944735 0.170494
vt 0.952136 0.170494
vt 0.959501 0.170524
vt 0.966863 0.170581
vt 0.974258 0.170659
vt 0.981638 0.170754
vt 0.988643 0.192003
vt 0.930129 0.149422
vt 0.930017 0.170552
vt 0.937502 0.149451
vt 0.944872 0.149511
vt 0.952249 0.149578
vt 0.967034 0.149667
vt 0.974364 0.149691
vt 0.981688 0.149725
vt 0.989062 0.149792
vt 0.988965 0.170864
vt 0.930190 0.128542
vt 0.937603 0.128532
vt 0.944963 0.128531
vt 0.952323 0.128545
vt 0.959638 0.149631
vt 0.967149 0.128640
vt 0.974548 0.128725
vt 0.981948 0.128829
vt 0.989355 0.128939
vt 0.937479 0.107533
vt 0.944969 0.107540
vt 0.952464 0.107564
vt 0.959920 0.107606
vt 0.959740 0.128582
vt 0.967381 0.107664
vt 0.974833 0.107742
vt 0.982280 0.107836
vt 0.930021 0.086484
vt 0.930034 0.107541
vt 0.937515 0.086521
vt 0.945014 0.086577
vt 0.952523 0.086637
vt 0.967567 0.086728
vt 0.975078 0.086766
vt 0.982576 0.086815
vt 0.990070 0.086885
vt 0.989730 0.107944
vt 0.930003 0.065444
vt 0.937536 0.065513
vt 0.945070 0.065603
vt 0.952612 0.065691
vt 0.960045 0.086689
vt 0.967722 0.065773
vt 0.975311 0.065762
vt 0.982848 0.065763
vt 0.990382 0.065786
vt 0.929972 0.044421
vt 0.937542 0.044519
vt 0.945115 0.044641
vt 0.952697 0.044750
vt 0.960167 0.065750
vt 0.967900 0.044805
vt 0.975453 0.044759
vt 0.983041 0.044700
vt 0.990619 0.044667
vt 0.929965 0.023316
vt 0.937564 0.023478
vt 0.945149 0.023676
vt 0.952738 0.023847
vt 0.960295 0.044809
vt 0.967951 0.023867
vt 0.975557 0.023721
vt 0.983160 0.023550
vt 0.990766 0.023418
vt 0.930282 0.001973
vt 0.937897 0.002267
vt 0.945430 0.002716
vt 0.952887 0.003117
vt 0.960340 0.023921
vt 0.967749 0.003083
vt 0.975248 0.002669
vt 0.982822 0.002232
vt 0.990448 0.001956
vt 0.430266 0.084497
vt 0.434600 0.105147
vt 0.430266 0.105147
vt 0.434600 0.084497
vt 0.438933 0.105147
vt 0.438933 0.084497
vt 0.443266 0.105147
vt 0.443266 0.084497
vt 0.447600 0.105146
vt 0.447600 0.084497
vt 0.451933 0.105146
vt 0.451933 0.084497
vt 0.456266 0.105146
vt 0.456266 0.084497
vt 0.460599 0.105146
vt 0.460599 0.084497
vt 0.464933 0.105147
vt 0.430266 0.063870
vt 0.434600 0.063870
vt 0.438933 0.063870
vt 0.443266 0.063870
vt 0.447600 0.063870
vt 0.451933 0.063870
vt 0.456266 0.063870
vt 0.460599 0.063870
vt 0.464933 0.084497
vt 0.430266 0.043226
vt 0.434600 0.043226
vt 0.438933 0.043226
vt 0.443266 0.043226
vt 0.447600 0.043226
vt 0.451933 0.043226
vt 0.456266 0.043226
vt 0.460599 0.043226
vt 0.464933 0.063870
vt 0.430266 0.022595
vt 0.434600 0.022595
vt 0.438933 0.022595
vt 0.443266 0.022595
vt 0.447600 0.022595
vt 0.451933 0.022595
vt 0.456266 0.022595
vt 0.460599 0.022595
vt 0.464933 0.043226
vt 0.430266 0.001956
vt 0.434600 0.001956
vt 0.438933 0.001956
vt 0.443266 0.001956
vt 0.447600 0.001956
vt 0.451933 0.001956
vt 0.456266 0.001956
vt 0.460599 0.001956
vt 0.464933 0.022595
vt 0.875236 0.029293
vt 0.879570 0.056623
vt 0.875236 0.056623
vt 0.879570 0.029293
vt 0.883903 0.056623
vt 0.883903 0.029293
vt 0.888236 0.056623
vt 0.888236 0.029293
vt 0.892570 0.056623
vt 0.892570 0.029293
vt 0.896903 0.056623
vt 0.896903 0.029293
vt 0.901236 0.056623
vt 0.901236 0.029293
vt 0.905569 0.056623
vt 0.905569 0.029293
vt 0.909903 0.056623
vt 0.875236 0.001956
vt 0.879570 0.001956
vt 0.883903 0.001956
vt 0.888236 0.001956
vt 0.892570 0.001956
vt 0.896903 0.001956
vt 0.901236 0.001956
vt 0.905569 0.001956
vt 0.909903 0.029293
vt 0.888981 0.096048
vt 0.902723 0.091715
vt 0.902723 0.096048
vt 0.888981 0.091715
vt 0.902723 0.087381
vt 0.888981 0.087381
vt 0.902723 0.083048
vt 0.888981 0.083048
vt 0.902723 0.078715
vt 0.888981 0.078715
vt 0.902723 0.074381
vt 0.888981 0.074381
vt 0.902723 0.070048
vt 0.888981 0.070048
vt 0.902723 0.065715
vt 0.888981 0.065715
vt 0.902723 0.061382
vt 0.875236 0.096048
vt 0.875236 0.091715
vt 0.875236 0.087381
vt 0.875236 0.083048
vt 0.875236 0.078715
vt 0.875236 0.074381
vt 0.875236 0.070048
vt 0.875236 0.065715
vt 0.888981 0.061382
vt 0.765778 0.049771
vt 0.765779 0.042760
vt 0.781138 0.046266
vt 0.768821 0.036443
vt 0.774303 0.032071
vt 0.781138 0.030511
vt 0.787974 0.032071
vt 0.793456 0.036443
vt 0.796498 0.042760
vt 0.796498 0.049772
vt 0.793456 0.056089
vt 0.787974 0.060461
vt 0.781138 0.062021
vt 0.774302 0.060460
vt 0.768821 0.056089
vt 0.648683 0.016343
vt 0.661984 0.008367
vt 0.654722 0.019298
vt 0.647700 0.184026
vt 0.660929 0.192527
vt 0.654475 0.194036
vt 0.640392 0.172259
vt 0.653899 0.181516
vt 0.633533 0.159262
vt 0.646326 0.169851
vt 0.627766 0.145275
vt 0.639414 0.157227
vt 0.623478 0.130531
vt 0.633709 0.143737
vt 0.620884 0.115284
vt 0.629504 0.129569
vt 0.626162 0.100099
vt 0.626962 0.114944
vt 0.621118 0.084342
vt 0.620088 0.099800
vt 0.629828 0.070697
vt 0.627127 0.085271
vt 0.628419 0.054560
vt 0.623934 0.069176
vt 0.640011 0.043233
vt 0.634179 0.056611
vt 0.641322 0.027935
vt 0.634347 0.040741
vt 0.647031 0.030761
vt 0.699151 0.035523
vt 0.697820 0.054156
vt 0.689648 0.042505
vt 0.689215 0.157613
vt 0.704020 0.149671
vt 0.698425 0.164275
vt 0.692473 0.139887
vt 0.697750 0.145719
vt 0.676214 0.140172
vt 0.681926 0.149291
vt 0.684774 0.125261
vt 0.688150 0.132926
vt 0.671890 0.130563
vt 0.682356 0.117145
vt 0.667066 0.110436
vt 0.668856 0.120612
vt 0.666502 0.100146
vt 0.680908 0.108753
vt 0.667157 0.089855
vt 0.680438 0.100225
vt 0.682429 0.083261
vt 0.680948 0.091686
vt 0.669031 0.079677
vt 0.684867 0.075079
vt 0.676512 0.060093
vt 0.672135 0.069719
vt 0.692559 0.060177
vt 0.688245 0.067303
vt 0.682270 0.050934
vt 0.673985 0.044900
vt 0.682190 0.034850
vt 0.673737 0.028483
vt 0.665317 0.039557
vt 0.656301 0.034876
vt 0.664478 0.023383
vt 0.683384 0.016985
vt 0.692444 0.025151
vt 0.672816 0.011496
vt 0.692159 0.174671
vt 0.673359 0.171953
vt 0.681851 0.165435
vt 0.672587 0.189292
vt 0.683357 0.183281
vt 0.663941 0.177159
vt 0.673681 0.155531
vt 0.655716 0.165586
vt 0.664896 0.160916
vt 0.667238 0.145160
vt 0.648707 0.153517
vt 0.658026 0.149562
vt 0.662336 0.134363
vt 0.643135 0.140809
vt 0.652712 0.137737
vt 0.648933 0.125489
vt 0.658882 0.123214
vt 0.639113 0.127560
vt 0.646685 0.112942
vt 0.656835 0.111815
vt 0.636705 0.113938
vt 0.656178 0.100287
vt 0.645970 0.100240
vt 0.635947 0.100133
vt 0.646787 0.087541
vt 0.656907 0.088757
vt 0.636848 0.086336
vt 0.659022 0.077349
vt 0.649132 0.074998
vt 0.639393 0.072742
vt 0.662537 0.066179
vt 0.643543 0.059535
vt 0.653001 0.062754
vt 0.658395 0.050925
vt 0.667493 0.055343
vt 0.649224 0.046880
vt 0.484790 0.033723
vt 0.492965 0.041172
vt 0.488178 0.042998
vt 0.489304 0.031236
vt 0.480236 0.025757
vt 0.484195 0.022122
vt 0.480236 0.162247
vt 0.489396 0.156799
vt 0.484326 0.165923
vt 0.484821 0.154256
vt 0.493065 0.146885
vt 0.488254 0.145021
vt 0.495879 0.136600
vt 0.490927 0.135214
vt 0.498003 0.126107
vt 0.492959 0.125107
vt 0.499493 0.115488
vt 0.494391 0.114831
vt 0.500370 0.104795
vt 0.495236 0.104459
vt 0.500646 0.094065
vt 0.495191 0.083621
vt 0.500324 0.083334
vt 0.494308 0.073242
vt 0.499409 0.072634
vt 0.492854 0.062955
vt 0.497895 0.062003
vt 0.490822 0.052831
vt 0.495766 0.051488
vt 0.088740 0.003902
vt 0.097274 0.001954
vt 0.097275 0.021624
vt 0.081896 0.009360
vt 0.078098 0.017247
vt 0.078098 0.026001
vt 0.081896 0.033888
vt 0.088740 0.039346
vt 0.097275 0.041294
vt 0.105809 0.039346
vt 0.112653 0.033888
vt 0.116451 0.026001
vt 0.116451 0.017247
vt 0.112653 0.009360
vt 0.105809 0.003902
vt 0.490157 0.030777
vt 0.485057 0.021569
vt 0.485195 0.166481
vt 0.490251 0.157265
vt 0.493960 0.147236
vt 0.496803 0.136865
vt 0.498947 0.126300
vt 0.500449 0.115618
vt 0.501334 0.104865
vt 0.501612 0.094078
vt 0.501289 0.083288
vt 0.500367 0.072528
vt 0.498842 0.061832
vt 0.496694 0.051244
vt 0.493863 0.040836
vt 0.488098 0.019031
vt 0.488206 0.169031
vt 0.493443 0.159000
vt 0.497284 0.148541
vt 0.500232 0.137858
vt 0.502450 0.127036
vt 0.504001 0.116121
vt 0.504914 0.105148
vt 0.505203 0.094145
vt 0.504875 0.083140
vt 0.503931 0.072158
vt 0.502362 0.061224
vt 0.500145 0.050367
vt 0.497210 0.039622
vt 0.493377 0.029079
vt 0.499519 0.026128
vt 0.491140 0.016737
vt 0.494450 0.014743
vt 0.496432 0.027548
vt 0.494720 0.173190
vt 0.496528 0.160558
vt 0.499629 0.162012
vt 0.491339 0.171282
vt 0.503637 0.150838
vt 0.500461 0.149713
vt 0.506767 0.139608
vt 0.503503 0.138745
vt 0.505787 0.127682
vt 0.509117 0.128318
vt 0.510755 0.116975
vt 0.507381 0.116550
vt 0.508318 0.105370
vt 0.511716 0.105592
vt 0.512020 0.094187
vt 0.508615 0.094165
vt 0.508279 0.082957
vt 0.511675 0.082781
vt 0.510680 0.071392
vt 0.507309 0.071769
vt 0.509021 0.060033
vt 0.505695 0.060619
vt 0.506665 0.048711
vt 0.503407 0.049522
vt 0.500375 0.038491
vt 0.503540 0.037420
vt 0.646498 0.014967
vt 0.650871 0.001954
vt 0.653767 0.004875
vt 0.643041 0.012651
vt 0.639094 0.026723
vt 0.635490 0.024731
vt 0.652697 0.195801
vt 0.641937 0.187541
vt 0.645417 0.185319
vt 0.638086 0.173342
vt 0.627374 0.161709
vt 0.631180 0.160157
vt 0.621420 0.147131
vt 0.625353 0.145951
vt 0.621013 0.130961
vt 0.614299 0.115781
vt 0.618389 0.115452
vt 0.617590 0.099698
vt 0.613489 0.099579
vt 0.618646 0.083974
vt 0.614583 0.083413
vt 0.621513 0.068555
vt 0.622202 0.052341
vt 0.626067 0.053709
vt 0.632066 0.039692
vt 0.628334 0.037988
vt 0.542376 0.014033
vt 0.539819 0.186220
vt 0.543657 0.173828
vt 0.547301 0.161062
vt 0.550467 0.147967
vt 0.553001 0.134609
vt 0.554824 0.121061
vt 0.555892 0.107393
vt 0.556184 0.093670
vt 0.555694 0.079957
vt 0.554422 0.066320
vt 0.552383 0.052829
vt 0.549619 0.039561
vt 0.546220 0.026599
vt 0.814098 0.373569
vt 0.817124 0.014972
vt 0.817051 0.373570
vt 0.811936 0.373568
vt 0.814172 0.014971
vt 0.808983 0.373568
vt 0.812010 0.014971
vt 0.583831 0.071792
vt 0.580818 0.081626
vt 0.580818 0.071792
vt 0.586037 0.071792
vt 0.583831 0.081626
vt 0.809059 0.004914
vt 0.799423 0.001959
vt 0.809060 0.001961
vt 0.805326 0.013882
vt 0.809057 0.014970
vt 0.802497 0.007074
vt 0.799422 0.004912
vt 0.784815 0.009059
vt 0.784816 0.004909
vt 0.812012 0.004915
vt 0.817126 0.004916
vt 0.814174 0.004915
vt 0.784817 0.001956
vt 0.580818 0.096532
vt 0.586037 0.081626
vt 0.583831 0.096532
vt 0.811611 0.002363
vt 0.583422 0.069188
vt 0.585584 0.069188
vt 0.580818 0.068778
vt 0.583422 0.067026
vt 0.814575 0.002363
vt 0.817127 0.001963
vt 0.812457 0.002363
vt 0.129033 0.024811
vt 0.126343 0.021776
vt 0.129846 0.021776
vt 0.868279 0.019010
vt 0.865327 0.016393
vt 0.868280 0.015603
vt 0.805252 0.373567
vt 0.802372 0.016835
vt 0.870367 0.373580
vt 0.870441 0.016849
vt 0.868206 0.373580
vt 0.865326 0.019801
vt 0.858242 0.019799
vt 0.865253 0.373579
vt 0.858169 0.373578
vt 0.129846 0.014494
vt 0.139905 0.021776
vt 0.139905 0.024811
vt 0.797554 0.012015
vt 0.800508 0.009063
vt 0.139905 0.027032
vt 0.126811 0.027032
vt 0.800961 0.013427
vt 0.803915 0.010475
vt 0.125530 0.024811
vt 0.870442 0.013441
vt 0.858243 0.016392
vt 0.807192 0.012016
vt 0.805327 0.009064
vt 0.806031 0.008444
vt 0.824135 0.373571
vt 0.824209 0.014973
vt 0.824210 0.004917
vt 0.824211 0.001964
vt 0.573589 0.066573
vt 0.573589 0.068778
vt 0.573589 0.071792
vt 0.573589 0.081626
vt 0.573589 0.096532
vt 0.831293 0.014975
vt 0.834171 0.373573
vt 0.831219 0.373572
vt 0.834245 0.014975
vt 0.836333 0.373574
vt 0.836407 0.014976
vt 0.839286 0.373574
vt 0.566359 0.081626
vt 0.563346 0.071792
vt 0.566359 0.071792
vt 0.563346 0.081626
vt 0.561140 0.071792
vt 0.848999 0.001970
vt 0.839362 0.004920
vt 0.839363 0.001968
vt 0.841226 0.012024
vt 0.843092 0.013890
vt 0.845924 0.007083
vt 0.842389 0.008452
vt 0.863605 0.004925
vt 0.847912 0.009072
vt 0.836409 0.004920
vt 0.839360 0.014976
vt 0.831295 0.004919
vt 0.834247 0.004919
vt 0.863605 0.001973
vt 0.848999 0.004922
vt 0.566359 0.096532
vt 0.563346 0.096532
vt 0.561140 0.081626
vt 0.836811 0.002368
vt 0.563755 0.069188
vt 0.561593 0.069188
vt 0.563755 0.067026
vt 0.566359 0.068778
vt 0.833847 0.002367
vt 0.831295 0.001966
vt 0.129033 0.004178
vt 0.126343 0.007213
vt 0.125530 0.004178
vt 0.851159 0.016390
vt 0.848205 0.019006
vt 0.848206 0.015599
vt 0.843017 0.373575
vt 0.846044 0.016844
vt 0.845970 0.373575
vt 0.848132 0.373576
vt 0.851158 0.019798
vt 0.851085 0.373576
vt 0.139905 0.007213
vt 0.129846 0.007213
vt 0.139905 0.004178
vt 0.863604 0.009076
vt 0.850864 0.012026
vt 0.139905 0.001956
vt 0.126811 0.001956
vt 0.847456 0.013437
vt 0.844504 0.010483
vt 0.123309 0.001956
vt 0.846045 0.013436
vt 0.843092 0.009071
vt 0.495260 0.532447
vt 0.513164 0.491799
vt 0.499789 0.533151
vt 0.509073 0.489731
vt 0.538672 0.456605
vt 0.529596 0.447538
vt 0.535422 0.453371
vt 0.573826 0.431030
vt 0.568006 0.419598
vt 0.571738 0.426949
vt 0.615167 0.417581
vt 0.613170 0.404910
vt 0.614444 0.413055
vt 0.659346 0.413044
vt 0.660654 0.404904
vt 0.702043 0.426910
vt 0.658634 0.417572
vt 0.705803 0.419573
vt 0.738355 0.453285
vt 0.699966 0.430996
vt 0.764733 0.489579
vt 0.735117 0.456530
vt 0.772086 0.485851
vt 0.774078 0.532958
vt 0.760651 0.491666
vt 0.786749 0.530955
vt 0.778604 0.532233
vt 0.774100 0.576371
vt 0.786764 0.578362
vt 0.778627 0.577072
vt 0.760761 0.617704
vt 0.764859 0.619772
vt 0.735246 0.652860
vt 0.772094 0.623423
vt 0.738500 0.656081
vt 0.700199 0.678552
vt 0.744456 0.661989
vt 0.702298 0.682627
vt 0.658843 0.692003
vt 0.706047 0.689971
vt 0.659571 0.696530
vt 0.615358 0.692022
vt 0.660854 0.704675
vt 0.614649 0.696551
vt 0.574008 0.678602
vt 0.613348 0.704691
vt 0.571933 0.682689
vt 0.538837 0.653067
vt 0.529762 0.662133
vt 0.535601 0.656313
vt 0.509201 0.620011
vt 0.501850 0.623743
vt 0.499831 0.576606
vt 0.513281 0.617922
vt 0.487162 0.578616
vt 0.495305 0.577333
vt 0.501726 0.485990
vt 0.244814 0.780051
vt 0.225464 0.815907
vt 0.221619 0.812078
vt 0.257007 0.742451
vt 0.249653 0.782506
vt 0.244048 0.779662
vt 0.256992 0.702931
vt 0.262367 0.743295
vt 0.256158 0.742317
vt 0.249607 0.662881
vt 0.262350 0.702080
vt 0.244006 0.665733
vt 0.244772 0.665344
vt 0.225376 0.629528
vt 0.220930 0.633971
vt 0.221538 0.633364
vt 0.189556 0.610121
vt 0.151952 0.597893
vt 0.192022 0.605287
vt 0.151817 0.598741
vt 0.112404 0.597883
vt 0.152805 0.592534
vt 0.072321 0.605260
vt 0.111559 0.592523
vt 0.075171 0.610862
vt 0.074782 0.610096
vt 0.038934 0.629505
vt 0.043377 0.633951
vt 0.042769 0.633343
vt 0.014656 0.662883
vt 0.020257 0.665735
vt 0.019492 0.665345
vt 0.007329 0.702989
vt 0.008177 0.703123
vt 0.007312 0.742535
vt 0.001969 0.702143
vt 0.008160 0.742401
vt 0.019532 0.780154
vt 0.001953 0.743384
vt 0.020298 0.779764
vt 0.042784 0.812162
vt 0.014697 0.782616
vt 0.043392 0.811555
vt 0.074797 0.835419
vt 0.038947 0.815998
vt 0.075187 0.834654
vt 0.111591 0.853003
vt 0.072334 0.840254
vt 0.112572 0.846795
vt 0.112438 0.847643
vt 0.152872 0.852989
vt 0.151883 0.846782
vt 0.152018 0.847630
vt 0.189650 0.835382
vt 0.192122 0.840212
vt 0.189259 0.834617
vt 0.219618 0.810086
vt 0.221011 0.811472
vt 0.242295 0.778774
vt 0.235484 0.775298
vt 0.254217 0.742013
vt 0.254203 0.703375
vt 0.246667 0.740809
vt 0.256143 0.703065
vt 0.246649 0.704558
vt 0.242256 0.666627
vt 0.235435 0.670083
vt 0.219541 0.635360
vt 0.188273 0.612637
vt 0.214121 0.640754
vt 0.151509 0.600682
vt 0.189165 0.610885
vt 0.150292 0.608231
vt 0.112537 0.598731
vt 0.114020 0.608228
vt 0.112844 0.600672
vt 0.076063 0.612613
vt 0.050162 0.640760
vt 0.044767 0.635340
vt 0.028866 0.670124
vt 0.022008 0.666625
vt 0.010119 0.703429
vt 0.017621 0.704618
vt 0.010101 0.742093
vt 0.017654 0.740911
vt 0.022049 0.778872
vt 0.028870 0.775416
vt 0.044781 0.810165
vt 0.050201 0.804770
vt 0.076079 0.832902
vt 0.079565 0.826096
vt 0.112878 0.844853
vt 0.114087 0.837302
vt 0.151573 0.844841
vt 0.184898 0.826055
vt 0.188364 0.832868
vt 0.214215 0.804676
vt 0.206953 0.797463
vt 0.226351 0.770687
vt 0.216875 0.765835
vt 0.236545 0.739246
vt 0.226028 0.737563
vt 0.236533 0.706195
vt 0.226318 0.674762
vt 0.226003 0.707841
vt 0.206893 0.648019
vt 0.216809 0.679578
vt 0.184784 0.619441
vt 0.199334 0.655535
vt 0.180152 0.628582
vt 0.148711 0.618357
vt 0.175284 0.638065
vt 0.115645 0.618346
vt 0.117278 0.628879
vt 0.084189 0.628556
vt 0.088999 0.638069
vt 0.057429 0.647990
vt 0.079516 0.619435
vt 0.064945 0.655550
vt 0.038002 0.674751
vt 0.038281 0.707898
vt 0.027753 0.706200
vt 0.027767 0.739279
vt 0.038298 0.737641
vt 0.047496 0.765927
vt 0.037987 0.770740
vt 0.064984 0.789988
vt 0.057427 0.797505
vt 0.084190 0.816952
vt 0.089052 0.807467
vt 0.115657 0.827175
vt 0.148744 0.827170
vt 0.117346 0.816650
vt 0.150385 0.837287
vt 0.175400 0.807454
vt 0.180214 0.816948
vt 0.199445 0.789917
vt 0.207195 0.760913
vt 0.215265 0.735850
vt 0.215233 0.709529
vt 0.207085 0.684507
vt 0.191606 0.663225
vt 0.170308 0.647766
vt 0.147010 0.628879
vt 0.118954 0.639654
vt 0.093923 0.647798
vt 0.072634 0.663282
vt 0.047479 0.679617
vt 0.057176 0.684592
vt 0.049069 0.735962
vt 0.057221 0.761001
vt 0.072710 0.782296
vt 0.094021 0.797762
vt 0.119069 0.805883
vt 0.145398 0.805859
vt 0.147094 0.816636
vt 0.170416 0.797688
vt 0.191715 0.782218
vt 0.196408 0.755423
vt 0.203291 0.733947
vt 0.196267 0.689994
vt 0.183009 0.671785
vt 0.164775 0.658562
vt 0.145275 0.639643
vt 0.120822 0.651641
vt 0.099403 0.658622
vt 0.081191 0.671882
vt 0.067969 0.690125
vt 0.061026 0.711559
vt 0.049048 0.709633
vt 0.068040 0.755517
vt 0.081304 0.773735
vt 0.099547 0.786962
vt 0.120982 0.793900
vt 0.164875 0.786827
vt 0.183117 0.773638
vt 0.184117 0.749127
vt 0.189697 0.731775
vt 0.203253 0.711411
vt 0.183991 0.696227
vt 0.173258 0.681504
vt 0.141166 0.665216
vt 0.143347 0.651621
vt 0.122948 0.665245
vt 0.105629 0.670904
vt 0.090907 0.681639
vt 0.080223 0.696400
vt 0.074622 0.713740
vt 0.061053 0.734093
vt 0.074654 0.731965
vt 0.080317 0.749288
vt 0.091054 0.764014
vt 0.123150 0.780298
vt 0.141362 0.780255
vt 0.143504 0.793865
vt 0.158671 0.774574
vt 0.173410 0.763866
vt 0.171189 0.742514
vt 0.175332 0.715801
vt 0.189655 0.713548
vt 0.171066 0.702796
vt 0.162993 0.691747
vt 0.158501 0.670819
vt 0.138879 0.679538
vt 0.125197 0.679574
vt 0.112195 0.683836
vt 0.101147 0.691909
vt 0.088941 0.716029
vt 0.088979 0.729714
vt 0.093244 0.742719
vt 0.101317 0.753769
vt 0.105814 0.774700
vt 0.125432 0.765972
vt 0.139112 0.765929
vt 0.152115 0.761660
vt 0.158923 0.736252
vt 0.175375 0.729487
vt 0.161738 0.717944
vt 0.158801 0.709037
vt 0.153257 0.701473
vt 0.151902 0.683733
vt 0.145647 0.695993
vt 0.136717 0.693132
vt 0.127340 0.693171
vt 0.110872 0.701649
vt 0.093135 0.703002
vt 0.102533 0.718192
vt 0.102573 0.727570
vt 0.105509 0.736477
vt 0.111053 0.744041
vt 0.112409 0.761782
vt 0.118663 0.749520
vt 0.136970 0.752337
vt 0.145877 0.749400
vt 0.163170 0.753597
vt 0.153442 0.743859
vt 0.152236 0.732858
vt 0.161781 0.727322
vt 0.154336 0.719127
vt 0.152128 0.712450
vt 0.147965 0.706782
vt 0.142254 0.702677
vt 0.135555 0.700538
vt 0.128524 0.700574
vt 0.118435 0.696105
vt 0.121847 0.702781
vt 0.116180 0.706943
vt 0.105393 0.709260
vt 0.109938 0.719353
vt 0.109975 0.726386
vt 0.116345 0.738731
vt 0.122056 0.742835
vt 0.127593 0.752378
vt 0.128756 0.744973
vt 0.142464 0.742729
vt 0.148132 0.738567
vt 0.068060 0.052759
vt 0.070783 0.042167
vt 0.071467 0.042276
vt 0.070781 0.031356
vt 0.071466 0.031249
vt 0.068055 0.020762
vt 0.067437 0.021075
vt 0.061573 0.011845
vt 0.052340 0.005982
vt 0.052656 0.005366
vt 0.042054 0.002640
vt 0.042164 0.001956
vt 0.031228 0.002642
vt 0.031121 0.001958
vt 0.020925 0.005992
vt 0.020610 0.005374
vt 0.011657 0.011873
vt 0.012149 0.012361
vt 0.005144 0.020832
vt 0.002642 0.031480
vt 0.005766 0.021140
vt 0.001957 0.031381
vt 0.002637 0.042251
vt 0.001953 0.042363
vt 0.005966 0.052495
vt 0.005349 0.052810
vt 0.011823 0.061700
vt 0.012312 0.061210
vt 0.020734 0.068154
vt 0.031308 0.070856
vt 0.031199 0.071541
vt 0.042091 0.070857
vt 0.042198 0.071542
vt 0.052357 0.067527
vt 0.052670 0.068145
vt 0.061584 0.061673
vt 0.061095 0.061182
vt 0.063325 0.050342
vt 0.057826 0.057912
vt 0.067444 0.052443
vt 0.060058 0.040421
vt 0.066216 0.041443
vt 0.066215 0.032080
vt 0.060043 0.033013
vt 0.063319 0.023174
vt 0.057738 0.025969
vt 0.057812 0.015601
vt 0.061083 0.012334
vt 0.053369 0.019981
vt 0.050240 0.010100
vt 0.047368 0.015639
vt 0.041330 0.007206
vt 0.031956 0.007208
vt 0.040316 0.013364
vt 0.023036 0.010109
vt 0.025865 0.015690
vt 0.015440 0.015619
vt 0.009869 0.023162
vt 0.015617 0.026097
vt 0.007259 0.032168
vt 0.013227 0.033094
vt 0.013309 0.040520
vt 0.007192 0.041497
vt 0.010073 0.050379
vt 0.015572 0.057932
vt 0.019997 0.053530
vt 0.021048 0.067536
vt 0.023140 0.063412
vt 0.025997 0.057859
vt 0.032030 0.066286
vt 0.040438 0.060115
vt 0.041368 0.066289
vt 0.050259 0.063406
vt 0.047468 0.057821
vt 0.053445 0.053463
vt 0.756518 0.148736
vt 0.759736 0.157873
vt 0.757370 0.158128
vt 0.337992 0.079292
vt 0.339594 0.088792
vt 0.335114 0.088070
vt 0.755836 0.139337
vt 0.758890 0.148529
vt 0.343440 0.071830
vt 0.342030 0.081361
vt 0.745334 0.140072
vt 0.753358 0.149017
vt 0.746070 0.149648
vt 0.760733 0.167212
vt 0.758373 0.167520
vt 0.335086 0.097306
vt 0.339570 0.096612
vt 0.754221 0.158471
vt 0.759549 0.176913
vt 0.761900 0.176536
vt 0.341960 0.104059
vt 0.337908 0.106101
vt 0.755234 0.167931
vt 0.746939 0.159230
vt 0.760969 0.186299
vt 0.763306 0.185810
vt 0.346527 0.110407
vt 0.343299 0.113595
vt 0.756423 0.177408
vt 0.749183 0.178443
vt 0.762940 0.195697
vt 0.765243 0.194888
vt 0.350725 0.119068
vt 0.352826 0.115045
vt 0.757863 0.186920
vt 0.750596 0.188114
vt 0.760913 0.017378
vt 0.765243 0.008849
vt 0.763235 0.017875
vt 0.359737 0.121993
vt 0.352978 0.115117
vt 0.360428 0.117508
vt 0.759766 0.196471
vt 0.752227 0.197869
vt 0.759450 0.026699
vt 0.761797 0.027080
vt 0.368973 0.121970
vt 0.368250 0.117490
vt 0.757814 0.016765
vt 0.762971 0.008023
vt 0.750585 0.015506
vt 0.759814 0.007195
vt 0.760614 0.036341
vt 0.758255 0.036032
vt 0.375685 0.115061
vt 0.377753 0.119100
vt 0.756326 0.026210
vt 0.749093 0.025129
vt 0.759618 0.045637
vt 0.757252 0.045383
vt 0.382007 0.110457
vt 0.385221 0.113661
vt 0.755115 0.035632
vt 0.747852 0.034724
vt 0.756413 0.054749
vt 0.758785 0.054955
vt 0.386600 0.104126
vt 0.390646 0.106182
vt 0.754100 0.045055
vt 0.746811 0.044300
vt 0.758106 0.064290
vt 0.755732 0.064128
vt 0.393497 0.097393
vt 0.389015 0.096686
vt 0.753254 0.054484
vt 0.745944 0.053869
vt 0.757581 0.073637
vt 0.755204 0.073517
vt 0.389014 0.088865
vt 0.393496 0.088153
vt 0.752566 0.063921
vt 0.745241 0.063439
vt 0.757210 0.082992
vt 0.754830 0.082914
vt 0.386599 0.081425
vt 0.390642 0.079365
vt 0.752034 0.073367
vt 0.756991 0.092355
vt 0.754611 0.092316
vt 0.385214 0.071887
vt 0.382004 0.075095
vt 0.751658 0.082818
vt 0.744699 0.073012
vt 0.754546 0.101722
vt 0.756927 0.101720
vt 0.375679 0.070492
vt 0.377742 0.066449
vt 0.751437 0.092274
vt 0.744315 0.082589
vt 0.754637 0.111128
vt 0.757018 0.111086
vt 0.368957 0.063585
vt 0.368243 0.068066
vt 0.751373 0.101733
vt 0.744025 0.101752
vt 0.757262 0.120452
vt 0.754883 0.120534
vt 0.359717 0.063573
vt 0.360422 0.068056
vt 0.751464 0.111193
vt 0.744118 0.111335
vt 0.755282 0.129937
vt 0.757660 0.129814
vt 0.352979 0.070460
vt 0.350925 0.066414
vt 0.751711 0.120652
vt 0.744368 0.120916
vt 0.758210 0.139174
vt 0.346642 0.075045
vt 0.752113 0.130109
vt 0.744776 0.130495
vt 0.752674 0.139561
vt 0.019885 0.020072
vt 0.026350 0.016631
vt 0.020640 0.020820
vt 0.016524 0.026563
vt 0.033074 0.014426
vt 0.032905 0.013381
vt 0.040151 0.014409
vt 0.046887 0.016580
vt 0.052621 0.020725
vt 0.056796 0.026450
vt 0.058998 0.033178
vt 0.059014 0.040254
vt 0.056842 0.046986
vt 0.052699 0.052715
vt 0.046990 0.056878
vt 0.040275 0.059070
vt 0.033042 0.060119
vt 0.033208 0.059075
vt 0.026472 0.056914
vt 0.020740 0.052780
vt 0.015626 0.047559
vt 0.016564 0.047075
vt 0.014347 0.040351
vt 0.014306 0.033270
vt 0.778313 0.626581
vt 0.793644 0.579472
vt 0.749393 0.666901
vt 0.793638 0.529890
vt 0.778310 0.482712
vt 0.744198 0.447468
vt 0.749148 0.442562
vt 0.708995 0.413377
vt 0.661774 0.398025
vt 0.612108 0.398022
vt 0.564863 0.413377
vt 0.524680 0.442598
vt 0.495521 0.482817
vt 0.480236 0.530055
vt 0.487118 0.531157
vt 0.480274 0.579686
vt 0.495629 0.626886
vt 0.524815 0.667043
vt 0.564990 0.696226
vt 0.568178 0.690028
vt 0.612232 0.711571
vt 0.661924 0.711562
vt 0.709204 0.696185
vt 0.518839 0.494682
vt 0.540983 0.458913
vt 0.543181 0.461106
vt 0.516077 0.493278
vt 0.575310 0.433941
vt 0.576720 0.436706
vt 0.615677 0.420808
vt 0.616162 0.423873
vt 0.657635 0.423864
vt 0.658121 0.420798
vt 0.697071 0.436671
vt 0.698481 0.433906
vt 0.730610 0.461032
vt 0.732805 0.458838
vt 0.757739 0.493147
vt 0.754974 0.494556
vt 0.767787 0.533958
vt 0.770852 0.533470
vt 0.767810 0.575386
vt 0.770874 0.575865
vt 0.755072 0.614820
vt 0.757844 0.616225
vt 0.732932 0.650559
vt 0.730733 0.648372
vt 0.750068 0.612281
vt 0.698708 0.675645
vt 0.697291 0.672884
vt 0.658329 0.688776
vt 0.657839 0.685710
vt 0.615869 0.688795
vt 0.616352 0.685729
vt 0.576899 0.672926
vt 0.575491 0.675691
vt 0.543341 0.648562
vt 0.541147 0.650757
vt 0.516191 0.616439
vt 0.518956 0.615029
vt 0.503057 0.576094
vt 0.506122 0.575606
vt 0.503014 0.533658
vt 0.506085 0.534141
vt 0.530365 0.500554
vt 0.550238 0.468173
vt 0.552325 0.470257
vt 0.527737 0.499217
vt 0.547144 0.465073
vt 0.581244 0.445609
vt 0.582584 0.448237
vt 0.579261 0.441704
vt 0.617711 0.433739
vt 0.618172 0.436652
vt 0.655594 0.436637
vt 0.656056 0.433724
vt 0.617033 0.429413
vt 0.691182 0.448188
vt 0.692522 0.445561
vt 0.656750 0.429401
vt 0.721451 0.470168
vt 0.723537 0.468082
vt 0.726639 0.464992
vt 0.743442 0.500418
vt 0.746070 0.499079
vt 0.749975 0.497097
vt 0.755011 0.535977
vt 0.757924 0.535513
vt 0.762249 0.534832
vt 0.755039 0.573373
vt 0.757952 0.573828
vt 0.762274 0.574512
vt 0.743559 0.608982
vt 0.746191 0.610318
vt 0.721591 0.639267
vt 0.741107 0.607738
vt 0.726808 0.644469
vt 0.692718 0.663933
vt 0.723680 0.641351
vt 0.691375 0.661309
vt 0.656275 0.675842
vt 0.655808 0.672929
vt 0.656961 0.680170
vt 0.618379 0.672953
vt 0.617920 0.675867
vt 0.582779 0.661404
vt 0.581441 0.664033
vt 0.579448 0.667932
vt 0.550408 0.641509
vt 0.552493 0.639423
vt 0.527856 0.610504
vt 0.530483 0.609164
vt 0.523953 0.612487
vt 0.515985 0.574051
vt 0.518898 0.573587
vt 0.511660 0.574731
vt 0.515944 0.535706
vt 0.518858 0.536164
vt 0.511621 0.535018
vt 0.523836 0.497227
vt 0.555843 0.473768
vt 0.532815 0.501799
vt 0.554270 0.472199
vt 0.584844 0.452663
vt 0.583833 0.450685
vt 0.618603 0.439366
vt 0.618951 0.441560
vt 0.655164 0.439351
vt 0.654818 0.441546
vt 0.689934 0.450636
vt 0.688926 0.452616
vt 0.717937 0.473682
vt 0.719508 0.472110
vt 0.740995 0.501666
vt 0.739016 0.502676
vt 0.750105 0.536760
vt 0.752298 0.536409
vt 0.750132 0.572606
vt 0.752327 0.572948
vt 0.739124 0.606733
vt 0.714107 0.631803
vt 0.718071 0.635757
vt 0.719646 0.637326
vt 0.690124 0.658866
vt 0.689112 0.656890
vt 0.655373 0.670214
vt 0.655021 0.668019
vt 0.618807 0.670238
vt 0.619151 0.668043
vt 0.584024 0.658956
vt 0.585031 0.656975
vt 0.556004 0.635906
vt 0.554434 0.637479
vt 0.532930 0.607915
vt 0.534908 0.606905
vt 0.523804 0.572805
vt 0.521610 0.573155
vt 0.521571 0.536591
vt 0.523768 0.536938
vt 0.534792 0.502804
vt 0.547316 0.509185
vt 0.559821 0.477757
vt 0.565850 0.483752
vt 0.539807 0.505366
vt 0.572418 0.490351
vt 0.587395 0.457687
vt 0.591280 0.465252
vt 0.595487 0.473557
vt 0.621179 0.455521
vt 0.619824 0.447126
vt 0.652620 0.455511
vt 0.653926 0.447108
vt 0.622613 0.464719
vt 0.682519 0.465218
vt 0.686359 0.457631
vt 0.651139 0.464701
vt 0.707951 0.483689
vt 0.713947 0.477658
vt 0.678271 0.473501
vt 0.726429 0.509111
vt 0.733993 0.505226
vt 0.718126 0.513317
vt 0.736149 0.538997
vt 0.744541 0.537636
vt 0.726956 0.540435
vt 0.736171 0.570430
vt 0.744571 0.571725
vt 0.726984 0.568960
vt 0.726506 0.600347
vt 0.734102 0.604175
vt 0.701492 0.619213
vt 0.708067 0.625809
vt 0.686533 0.651845
vt 0.682644 0.644292
vt 0.652772 0.654055
vt 0.654139 0.662452
vt 0.678434 0.635995
vt 0.620036 0.662479
vt 0.621334 0.654074
vt 0.651327 0.644855
vt 0.587593 0.651959
vt 0.591426 0.644368
vt 0.622805 0.644881
vt 0.559991 0.631928
vt 0.565982 0.625896
vt 0.595668 0.636083
vt 0.539929 0.604353
vt 0.547491 0.600467
vt 0.572576 0.619328
vt 0.537762 0.570573
vt 0.529369 0.571930
vt 0.555790 0.596259
vt 0.537810 0.539159
vt 0.529330 0.537825
vt 0.546953 0.569134
vt 0.579331 0.497283
vt 0.555663 0.513440
vt 0.599913 0.482284
vt 0.624124 0.474385
vt 0.649588 0.474360
vt 0.673811 0.482207
vt 0.701353 0.490254
vt 0.709403 0.517741
vt 0.717295 0.541950
vt 0.717329 0.567417
vt 0.718217 0.596108
vt 0.709507 0.591654
vt 0.674007 0.627275
vt 0.649808 0.635187
vt 0.624348 0.635219
vt 0.600120 0.627373
vt 0.579502 0.612422
vt 0.564509 0.591832
vt 0.556564 0.542134
vt 0.546943 0.540602
vt 0.573796 0.522706
vt 0.564409 0.517907
vt 0.586767 0.504735
vt 0.604676 0.491666
vt 0.647924 0.484746
vt 0.669019 0.491570
vt 0.686972 0.504579
vt 0.694421 0.497156
vt 0.700026 0.522500
vt 0.706908 0.543580
vt 0.706948 0.565758
vt 0.694582 0.612283
vt 0.700142 0.586865
vt 0.687152 0.604833
vt 0.669243 0.617899
vt 0.626004 0.624830
vt 0.586945 0.604995
vt 0.573880 0.587070
vt 0.566986 0.565983
vt 0.556608 0.567617
vt 0.584481 0.528170
vt 0.610111 0.502359
vt 0.627613 0.496626
vt 0.625752 0.484779
vt 0.646032 0.496587
vt 0.663561 0.502246
vt 0.678484 0.513046
vt 0.695069 0.545442
vt 0.695113 0.563869
vt 0.689467 0.581409
vt 0.663810 0.607209
vt 0.646308 0.612946
vt 0.648174 0.624793
vt 0.627889 0.612987
vt 0.610356 0.607328
vt 0.604906 0.618007
vt 0.595426 0.596526
vt 0.584560 0.581637
vt 0.566922 0.543789
vt 0.578816 0.564118
vt 0.595244 0.513228
vt 0.596352 0.534237
vt 0.604671 0.522668
vt 0.629692 0.509800
vt 0.643938 0.509757
vt 0.669052 0.522467
vt 0.677461 0.533974
vt 0.689340 0.527930
vt 0.681905 0.547518
vt 0.681951 0.561775
vt 0.677594 0.575347
vt 0.678682 0.596343
vt 0.657762 0.595324
vt 0.629976 0.599816
vt 0.616408 0.595450
vt 0.604850 0.587103
vt 0.596431 0.575591
vt 0.591905 0.547780
vt 0.578745 0.545680
vt 0.608655 0.540515
vt 0.616160 0.514248
vt 0.614436 0.532442
vt 0.631853 0.523447
vt 0.657501 0.514122
vt 0.641778 0.523402
vt 0.659288 0.532233
vt 0.665159 0.540244
vt 0.668316 0.559612
vt 0.665292 0.569074
vt 0.669259 0.586908
vt 0.659495 0.577138
vt 0.644225 0.599772
vt 0.651490 0.583015
vt 0.632132 0.586171
vt 0.614607 0.577336
vt 0.608726 0.569322
vt 0.605603 0.559884
vt 0.591972 0.562042
vt 0.624005 0.548297
vt 0.622431 0.526562
vt 0.626646 0.544605
vt 0.634596 0.540479
vt 0.651232 0.526430
vt 0.639129 0.540448
vt 0.647136 0.544464
vt 0.651254 0.552425
vt 0.668270 0.549678
vt 0.651284 0.556963
vt 0.649911 0.561289
vt 0.643617 0.567670
vt 0.639311 0.569101
vt 0.642062 0.586127
vt 0.634774 0.569131
vt 0.630448 0.567756
vt 0.622671 0.583142
vt 0.626757 0.565112
vt 0.624063 0.561457
vt 0.605538 0.549947
vt 0.622629 0.557150
vt 0.636948 0.554793
vt 0.630295 0.541911
vt 0.643450 0.541821
vt 0.649825 0.548118
vt 0.647269 0.564978
vt 0.622597 0.552613
vt 0.694518 0.441663
vt 0.547308 0.644601
vt 0.617231 0.680192
vt 0.694705 0.667831
vt 0.350129 0.085515
vt 0.364297 0.092781
vt 0.348579 0.090244
vt 0.348564 0.095222
vt 0.350086 0.099963
vt 0.352997 0.104004
vt 0.357012 0.106949
vt 0.361828 0.108513
vt 0.357089 0.106985
vt 0.366806 0.108504
vt 0.371539 0.106959
vt 0.375564 0.104029
vt 0.378487 0.100000
vt 0.380024 0.095266
vt 0.380024 0.090289
vt 0.378487 0.085555
vt 0.375564 0.081527
vt 0.371540 0.078598
vt 0.366809 0.077055
vt 0.361831 0.077048
vt 0.357096 0.078578
vt 0.353064 0.081495
vt 0.394236 0.032554
vt 0.401956 0.017398
vt 0.406262 0.020526
vt 0.406185 0.009101
vt 0.396895 0.015754
vt 0.398353 0.006556
vt 0.391574 0.015754
vt 0.386513 0.017398
vt 0.382286 0.009100
vt 0.382208 0.020526
vt 0.375624 0.013940
vt 0.379081 0.024831
vt 0.370784 0.020602
vt 0.377437 0.029892
vt 0.368239 0.028434
vt 0.377437 0.035213
vt 0.379081 0.040274
vt 0.368239 0.036668
vt 0.382208 0.044579
vt 0.375621 0.051161
vt 0.386513 0.047708
vt 0.382283 0.056004
vt 0.391575 0.049353
vt 0.396896 0.049354
vt 0.390115 0.058552
vt 0.401957 0.047709
vt 0.398351 0.058552
vt 0.406263 0.044581
vt 0.412847 0.051166
vt 0.409390 0.040275
vt 0.417687 0.044504
vt 0.411035 0.035214
vt 0.411034 0.029892
vt 0.420232 0.028436
vt 0.409390 0.024831
vt 0.417687 0.020603
vt 0.718168 0.151879
vt 0.732638 0.160608
vt 0.719105 0.161822
vt 0.731726 0.150823
vt 0.717395 0.141897
vt 0.730971 0.141029
vt 0.733697 0.170380
vt 0.720174 0.171711
vt 0.747974 0.168823
vt 0.734890 0.180139
vt 0.721343 0.181528
vt 0.736175 0.189875
vt 0.722541 0.191252
vt 0.737435 0.199568
vt 0.723642 0.200873
vt 0.722528 0.012118
vt 0.737562 0.003909
vt 0.736159 0.013621
vt 0.752344 0.005889
vt 0.734802 0.023368
vt 0.721254 0.021886
vt 0.720047 0.031743
vt 0.733576 0.033135
vt 0.718969 0.041666
vt 0.732507 0.042916
vt 0.718046 0.051634
vt 0.731605 0.052707
vt 0.717291 0.061634
vt 0.730871 0.062507
vt 0.730304 0.072317
vt 0.716706 0.071655
vt 0.729903 0.082132
vt 0.716293 0.081689
vt 0.716050 0.091730
vt 0.729669 0.091952
vt 0.744090 0.092169
vt 0.729600 0.101773
vt 0.715978 0.101775
vt 0.716075 0.111820
vt 0.729695 0.111595
vt 0.716342 0.121859
vt 0.729955 0.121412
vt 0.716780 0.131886
vt 0.730380 0.131224
vt 0.380696 0.059114
vt 0.372739 0.054040
vt 0.373152 0.053628
vt 0.380166 0.060153
vt 0.380432 0.059633
vt 0.712460 0.142219
vt 0.713274 0.152273
vt 0.372327 0.054451
vt 0.367153 0.046347
vt 0.370782 0.044499
vt 0.715271 0.172207
vt 0.366633 0.046612
vt 0.364216 0.037305
vt 0.364792 0.037214
vt 0.367673 0.046083
vt 0.716439 0.182047
vt 0.363640 0.027706
vt 0.363640 0.037397
vt 0.364792 0.027888
vt 0.364216 0.027797
vt 0.717628 0.191764
vt 0.366634 0.018489
vt 0.367673 0.019018
vt 0.367154 0.018753
vt 0.372330 0.010648
vt 0.373155 0.011473
vt 0.372743 0.011061
vt 0.717630 0.011560
vt 0.723746 0.002452
vt 0.380171 0.004952
vt 0.380701 0.005991
vt 0.380436 0.005471
vt 0.716360 0.021330
vt 0.389480 0.002533
vt 0.389571 0.003108
vt 0.715150 0.031224
vt 0.389388 0.001956
vt 0.398989 0.002533
vt 0.398898 0.003108
vt 0.390118 0.006556
vt 0.714066 0.041202
vt 0.408298 0.004951
vt 0.399080 0.001956
vt 0.407769 0.005990
vt 0.408033 0.005471
vt 0.713137 0.051238
vt 0.416139 0.010648
vt 0.415727 0.011060
vt 0.412847 0.013941
vt 0.712375 0.061311
vt 0.421836 0.018488
vt 0.421316 0.018754
vt 0.415315 0.011472
vt 0.420797 0.019018
vt 0.424255 0.027799
vt 0.423679 0.027890
vt 0.711785 0.071411
vt 0.424832 0.037399
vt 0.424831 0.027707
vt 0.424255 0.037308
vt 0.420232 0.036672
vt 0.711123 0.091646
vt 0.421837 0.046617
vt 0.421317 0.046352
vt 0.423680 0.037217
vt 0.711050 0.101773
vt 0.416140 0.054458
vt 0.415315 0.053634
vt 0.415727 0.054046
vt 0.420798 0.046087
vt 0.711148 0.111898
vt 0.408299 0.060156
vt 0.407769 0.059117
vt 0.408033 0.059636
vt 0.711417 0.122018
vt 0.399080 0.063151
vt 0.398897 0.061999
vt 0.398988 0.062575
vt 0.406184 0.056007
vt 0.711857 0.132126
vt 0.389477 0.062575
vt 0.389569 0.061999
vt 0.389386 0.063151
vt 0.862351 0.871064
vt 0.870601 0.390193
vt 0.872409 0.871044
vt 0.878901 0.390146
vt 0.882467 0.870988
vt 0.887200 0.390070
vt 0.892524 0.870895
vt 0.895500 0.389962
vt 0.902581 0.870765
vt 0.903799 0.389825
vt 0.912638 0.870599
vt 0.912097 0.389657
vt 0.922694 0.870395
vt 0.932749 0.870155
vt 0.920395 0.389459
vt 0.791953 0.870170
vt 0.812503 0.389668
vt 0.802008 0.870408
vt 0.812064 0.870609
vt 0.820802 0.389834
vt 0.829101 0.389969
vt 0.822121 0.870774
vt 0.832178 0.870901
vt 0.837400 0.390075
vt 0.845700 0.390150
vt 0.842235 0.870992
vt 0.854000 0.390195
vt 0.852293 0.871046
vt 0.862300 0.390209
vt 0.380812 0.870580
vt 0.240745 0.916064
vt 0.121642 0.682247
vt 0.219269 0.033459
vt 0.229909 0.081069
vt 0.281066 0.167745
vt 0.795624 0.220432
vt 0.311705 0.166186
vt 0.293509 0.192259
vt 0.310827 0.427646
vt 0.226224 0.070588
vt 0.562160 0.050546
vt 0.562161 0.013222
vt 0.608964 0.013223
vt 0.621323 0.726732
vt 0.613619 0.751124
vt 0.610849 0.792365
vt 0.611134 0.863169
vt 0.505846 0.927035
vt 0.510561 0.774230
vt 0.509828 0.836018
vt 0.328301 0.430116
vt 0.256562 0.659429
vt 0.256915 0.584253
vt 0.327858 0.065232
vt 0.937368 0.520100
vt 0.997765 0.520109
vt 0.960309 0.003265
vt 0.464933 0.001956
vt 0.909903 0.001956
vt 0.875236 0.061382
vt 0.655436 0.006639
vt 0.704020 0.050178
vt 0.495501 0.094041
vt 0.649709 0.198561
vt 0.634421 0.175222
vt 0.616981 0.131728
vt 0.617532 0.067571
vt 0.538484 0.001955
vt 0.586037 0.096532
vt 0.580818 0.066573
vt 0.802299 0.373566
vt 0.139905 0.014494
vt 0.784815 0.012012
vt 0.123309 0.027032
vt 0.126343 0.014494
vt 0.561140 0.096532
vt 0.566359 0.066573
vt 0.835965 0.002368
vt 0.863603 0.012029
vt 0.154374 0.726159
vt 0.112076 0.712654
vt 0.112183 0.733063
vt 0.135788 0.744936
vt 0.057782 0.047467
vt 0.350947 0.119178
vt 0.714201 0.162273
vt 0.718707 0.201337
vt 0.718821 0.001954
vt 0.711368 0.081524
vt 0.804205 0.389472
s 1
usemtl M_Street_Light_Emission
f 91/1/1 2/2/2 1/3/3
f 90/4/4 3/5/5 2/2/2
f 89/6/6 4/7/7 3/5/5
f 88/8/8 5/9/9 4/7/7
f 87/10/10 6/11/11 5/9/9
f 86/12/12 7/13/13 6/11/11
f 7/13/13 84/14/14 8/15/15
f 8/15/15 83/16/16 9/17/17
f 9/17/17 82/18/18 10/19/19
f 82/18/18 11/20/20 10/19/19
f 81/21/21 12/22/22 11/20/20
f 100/23/23 13/24/24 12/22/22
f 99/25/25 14/26/26 13/24/24
f 98/27/27 15/28/28 14/26/26
f 97/29/29 16/30/30 15/28/28
f 96/31/31 17/32/32 16/30/30
f 95/33/33 18/34/34 17/32/32
f 94/35/35 19/36/36 18/34/34
f 19/36/36 92/37/37 20/38/38
f 20/38/38 91/1/1 1/3/3
f 40/39/39 91/1/1 92/37/37
f 21/40/40 90/4/4 91/1/1
f 41/41/41 22/42/42 21/40/40
f 23/43/43 90/4/4 22/42/42
f 42/44/44 23/43/43 22/42/42
f 23/43/43 88/8/8 89/6/6
f 44/45/45 23/43/43 43/46/46
f 24/47/47 87/10/10 88/8/8
f 45/48/48 24/47/47 44/45/45
f 25/49/49 86/12/12 87/10/10
f 45/48/48 26/50/50 25/49/49
f 27/51/51 86/12/12 26/50/50
f 47/52/52 26/50/50 46/53/53
f 28/54/54 85/55/55 27/51/51
f 48/56/56 27/51/51 47/52/52
f 28/54/54 83/16/16 84/14/14
f 48/56/56 29/57/57 28/54/54
f 30/58/58 83/16/16 29/57/57
f 49/59/59 30/58/58 29/57/57
f 31/60/60 82/18/18 30/58/58
f 50/61/61 31/60/60 30/58/58
f 31/60/60 100/23/23 81/21/21
f 52/62/62 31/60/60 51/63/63
f 32/64/64 99/25/25 100/23/23
f 53/65/65 32/64/64 52/62/62
f 33/66/66 98/27/27 99/25/25
f 54/67/67 33/66/66 53/65/65
f 34/68/68 97/29/29 98/27/27
f 55/69/69 34/68/68 54/67/67
f 36/70/70 97/29/29 35/71/71
f 55/69/69 36/70/70 35/71/71
f 37/72/72 96/31/31 36/70/70
f 56/73/73 37/72/72 36/70/70
f 38/74/74 95/33/33 37/72/72
f 57/75/75 38/74/74 37/72/72
f 39/76/76 94/35/35 38/74/74
f 59/77/77 38/74/74 58/78/78
f 39/76/76 92/37/37 93/79/79
f 60/80/80 39/76/76 59/77/77
f 40/39/39 41/41/41 21/40/40
f 61/81/81 42/44/44 41/41/41
f 62/82/82 43/46/46 42/44/44
f 63/83/83 44/45/45 43/46/46
f 64/84/84 45/48/48 44/45/45
f 65/85/85 46/53/53 45/48/48
f 66/86/86 47/52/52 46/53/53
f 68/87/87 47/52/52 67/88/88
f 69/89/89 48/56/56 68/87/87
f 70/90/90 49/59/59 69/89/89
f 70/90/90 51/63/63 50/61/61
f 72/91/91 51/63/63 71/92/92
f 73/93/93 52/62/62 72/91/91
f 74/94/94 53/65/65 73/93/93
f 75/95/95 54/67/67 74/94/94
f 75/95/95 56/73/73 55/69/69
f 76/96/96 57/75/75 56/73/73
f 77/97/97 58/78/78 57/75/75
f 78/98/98 59/77/77 58/78/78
f 80/99/99 59/77/77 79/100/100
f 60/80/80 61/81/81 41/41/41
f 102/101/101 171/102/102 101/103/103
f 103/104/104 170/105/105 102/101/101
f 104/106/106 169/107/107 103/104/104
f 167/108/108 104/106/106 105/109/109
f 166/110/110 105/109/109 106/111/111
f 165/112/112 106/111/111 107/113/113
f 164/114/114 107/113/113 108/115/115
f 163/116/116 108/115/115 109/117/117
f 162/118/118 109/117/117 110/119/119
f 161/120/120 110/119/119 111/121/121
f 180/122/122 111/121/121 112/123/123
f 179/124/124 112/123/123 113/125/125
f 178/126/126 113/125/125 114/127/127
f 115/128/128 178/126/126 114/127/127
f 116/129/129 177/130/130 115/128/128
f 117/131/131 176/132/132 116/129/129
f 118/133/133 175/134/134 117/131/131
f 173/135/135 118/133/133 119/136/136
f 172/137/137 119/136/136 120/138/138
f 101/103/103 172/137/137 120/138/138
f 122/139/139 171/102/102 170/105/105
f 123/140/140 170/105/105 169/107/107
f 124/141/141 169/107/107 168/142/142
f 125/143/143 168/142/142 167/108/108
f 126/144/144 167/108/108 166/110/110
f 127/145/145 166/110/110 165/112/112
f 128/146/146 165/112/112 164/114/114
f 129/147/147 164/114/114 163/116/116
f 129/147/147 162/118/118 130/148/148
f 130/148/148 161/120/120 131/149/149
f 133/150/150 180/122/122 179/124/124
f 134/151/151 179/124/124 178/126/126
f 134/151/151 177/130/130 135/152/152
f 135/152/152 176/132/132 136/153/153
f 136/153/153 175/134/134 137/154/154
f 137/154/154 174/155/155 138/156/156
f 138/156/156 173/135/135 139/157/157
f 140/158/158 173/135/135 172/137/137
f 172/137/137 121/159/159 140/158/158
f 122/139/139 141/160/160 121/159/159
f 143/161/161 122/139/139 123/140/140
f 144/162/162 123/140/140 124/141/141
f 125/143/143 144/162/162 124/141/141
f 146/163/163 125/143/143 126/144/144
f 127/145/145 146/163/163 126/144/144
f 148/164/164 127/145/145 128/146/146
f 129/147/147 148/164/164 128/146/146
f 130/148/148 149/165/165 129/147/147
f 131/149/149 150/166/166 130/148/148
f 152/167/167 131/149/149 132/168/168
f 153/169/169 132/168/168 133/150/150
f 154/170/170 133/150/150 134/151/151
f 155/171/171 134/151/151 135/152/152
f 136/153/153 155/171/171 135/152/152
f 137/154/154 156/172/172 136/153/153
f 138/156/156 157/173/173 137/154/154
f 139/157/157 158/174/174 138/156/156
f 140/158/158 159/175/175 139/157/157
f 140/158/158 141/160/160 160/176/176
f 132/168/168 161/120/120 180/122/122
f 246/177/177 181/178/178 244/179/179
f 244/179/179 181/178/178 282/180/180
f 282/180/180 181/178/178 280/181/181
f 280/181/181 181/178/178 278/182/182
f 278/182/182 181/178/178 276/183/183
f 276/183/183 181/178/178 274/184/184
f 274/184/184 181/178/178 272/185/185
f 272/185/185 181/178/178 270/186/186
f 270/186/186 181/178/178 268/187/187
f 268/187/187 181/178/178 266/188/188
f 266/188/188 181/178/178 264/189/189
f 264/189/189 181/178/178 262/190/190
f 262/190/190 181/178/178 260/191/191
f 260/191/191 181/178/178 258/192/192
f 258/192/192 181/178/178 256/193/193
f 256/193/193 181/178/178 254/194/194
f 254/194/194 181/178/178 252/195/195
f 252/195/195 181/178/178 250/196/196
f 250/196/196 181/178/178 248/197/197
f 248/197/197 181/178/178 246/177/177
f 185/198/198 182/199/199 188/200/200
f 188/200/200 182/199/199 191/201/201
f 191/201/201 182/199/199 194/202/202
f 194/202/202 182/199/199 197/203/203
f 197/203/203 182/199/199 200/204/204
f 200/204/204 182/199/199 203/205/205
f 203/205/205 182/199/199 206/206/206
f 206/206/206 182/199/199 209/207/207
f 209/207/207 182/199/199 212/208/208
f 212/208/208 182/199/199 215/209/209
f 215/209/209 182/199/199 218/210/210
f 218/210/210 182/199/199 221/211/211
f 221/211/211 182/199/199 224/212/212
f 224/212/212 182/199/199 227/213/213
f 227/213/213 182/199/199 230/214/214
f 230/214/214 182/199/199 233/215/215
f 233/215/215 182/199/199 236/216/216
f 236/216/216 182/199/199 239/217/217
f 239/217/217 182/199/199 242/218/218
f 242/218/218 182/199/199 185/198/198
f 240/219/219 184/220/220 183/221/221
f 241/222/222 185/198/198 184/220/220
f 188/200/200 184/220/220 185/198/198
f 187/223/223 183/221/221 184/220/220
f 188/200/200 190/224/224 187/223/223
f 187/223/223 189/225/225 186/226/226
f 191/201/201 193/227/227 190/224/224
f 190/224/224 192/228/228 189/225/225
f 194/202/202 196/229/229 193/227/227
f 193/227/227 195/230/230 192/228/228
f 197/203/203 199/231/231 196/229/229
f 196/229/229 198/232/232 195/230/230
f 200/204/204 202/233/233 199/231/231
f 202/233/233 198/232/232 199/231/231
f 206/206/206 202/233/233 203/205/205
f 205/234/234 201/235/235 202/233/233
f 209/207/207 205/234/234 206/206/206
f 208/236/236 204/237/237 205/234/234
f 212/208/208 208/236/236 209/207/207
f 208/236/236 210/238/238 207/239/239
f 212/208/208 214/240/240 211/241/241
f 214/240/240 210/238/238 211/241/241
f 215/209/209 217/242/242 214/240/240
f 217/242/242 213/243/243 214/240/240
f 218/210/210 220/244/244 217/242/242
f 217/242/242 219/245/245 216/246/246
f 221/211/211 223/247/247 220/244/244
f 223/247/247 219/245/245 220/244/244
f 227/213/213 223/247/247 224/212/212
f 226/248/248 222/249/249 223/247/247
f 227/213/213 229/250/250 226/248/248
f 229/250/250 225/251/251 226/248/248
f 233/215/215 229/250/250 230/214/214
f 232/252/252 228/253/253 229/250/250
f 236/216/216 232/252/252 233/215/215
f 232/252/252 234/254/254 231/255/255
f 239/217/217 235/256/256 236/216/216
f 235/256/256 237/257/257 234/254/254
f 242/218/218 238/258/258 239/217/217
f 241/222/222 237/257/257 238/258/258
f 141/160/160 245/259/259 243/260/260
f 245/259/259 244/179/179 243/260/260
f 245/259/259 143/161/161 247/261/261
f 247/261/261 246/177/177 245/259/259
f 143/161/161 249/262/262 247/261/261
f 249/262/262 248/197/197 247/261/261
f 144/162/162 251/263/263 249/262/262
f 249/262/262 252/195/195 250/196/196
f 251/263/263 146/163/163 253/264/264
f 253/264/264 252/195/195 251/263/263
f 253/264/264 147/265/265 255/266/266
f 253/264/264 256/193/193 254/194/194
f 147/265/265 257/267/267 255/266/266
f 255/266/266 258/192/192 256/193/193
f 148/164/164 259/268/268 257/267/267
f 257/267/267 260/191/191 258/192/192
f 149/165/165 261/269/269 259/268/268
f 259/268/268 262/190/190 260/191/191
f 150/166/166 263/270/270 261/269/269
f 261/269/269 264/189/189 262/190/190
f 263/270/270 152/167/167 265/271/271
f 265/271/271 264/189/189 263/270/270
f 152/167/167 267/272/272 265/271/271
f 267/272/272 266/188/188 265/271/271
f 153/169/169 269/273/273 267/272/272
f 269/273/273 268/187/187 267/272/272
f 154/170/170 271/274/274 269/273/273
f 269/273/273 272/185/185 270/186/186
f 271/274/274 156/172/172 273/275/275
f 271/274/274 274/184/184 272/185/185
f 273/275/275 157/173/173 275/276/276
f 273/275/275 276/183/183 274/184/184
f 275/276/276 158/174/174 277/277/277
f 277/277/277 276/183/183 275/276/276
f 277/277/277 159/175/175 279/278/278
f 277/277/277 280/181/181 278/182/182
f 279/278/278 160/176/176 281/279/279
f 279/278/278 282/180/180 280/181/181
f 244/179/179 281/279/279 243/260/260
f 281/279/279 141/160/160 243/260/260
f 213/243/243 72/91/91 71/92/92
f 210/238/238 71/92/92 70/90/90
f 69/89/89 210/238/238 70/90/90
f 68/87/87 207/239/239 69/89/89
f 67/88/88 204/237/237 68/87/87
f 216/246/246 73/93/93 72/91/91
f 219/245/245 74/94/94 73/93/93
f 74/94/94 225/251/251 75/95/95
f 75/95/95 228/253/253 76/96/96
f 76/96/96 231/255/255 77/97/97
f 77/97/97 234/254/254 78/98/98
f 78/98/98 237/257/257 79/100/100
f 79/100/100 240/219/219 80/99/99
f 80/99/99 183/221/221 61/81/81
f 183/221/221 62/82/82 61/81/81
f 186/226/226 63/83/83 62/82/82
f 63/83/83 192/228/228 64/84/84
f 64/84/84 195/230/230 65/85/85
f 195/230/230 66/86/86 65/85/85
f 198/232/232 67/88/88 66/86/86
f 91/1/1 90/4/4 2/2/2
f 90/4/4 89/6/6 3/5/5
f 89/6/6 88/8/8 4/7/7
f 88/8/8 87/10/10 5/9/9
f 87/10/10 86/12/12 6/11/11
f 86/12/12 85/55/55 7/13/13
f 7/13/13 85/55/55 84/14/14
f 8/15/15 84/14/14 83/16/16
f 9/17/17 83/16/16 82/18/18
f 82/18/18 81/21/21 11/20/20
f 81/21/21 100/23/23 12/22/22
f 100/23/23 99/25/25 13/24/24
f 99/25/25 98/27/27 14/26/26
f 98/27/27 97/29/29 15/28/28
f 97/29/29 96/31/31 16/30/30
f 96/31/31 95/33/33 17/32/32
f 95/33/33 94/35/35 18/34/34
f 94/35/35 93/79/79 19/36/36
f 19/36/36 93/79/79 92/37/37
f 20/38/38 92/37/37 91/1/1
f 40/39/39 21/40/40 91/1/1
f 21/40/40 22/42/42 90/4/4
f 41/41/41 42/44/44 22/42/42
f 23/43/43 89/6/6 90/4/4
f 42/44/44 43/46/46 23/43/43
f 23/43/43 24/47/47 88/8/8
f 44/45/45 24/47/47 23/43/43
f 24/47/47 25/49/49 87/10/10
f 45/48/48 25/49/49 24/47/47
f 25/49/49 26/50/50 86/12/12
f 45/48/48 46/53/53 26/50/50
f 27/51/51 85/55/55 86/12/12
f 47/52/52 27/51/51 26/50/50
f 28/54/54 84/14/14 85/55/55
f 48/56/56 28/54/54 27/51/51
f 28/54/54 29/57/57 83/16/16
f 48/56/56 49/59/59 29/57/57
f 30/58/58 82/18/18 83/16/16
f 49/59/59 50/61/61 30/58/58
f 31/60/60 81/21/21 82/18/18
f 50/61/61 51/63/63 31/60/60
f 31/60/60 32/64/64 100/23/23
f 52/62/62 32/64/64 31/60/60
f 32/64/64 33/66/66 99/25/25
f 53/65/65 33/66/66 32/64/64
f 33/66/66 34/68/68 98/27/27
f 54/67/67 34/68/68 33/66/66
f 34/68/68 35/71/71 97/29/29
f 55/69/69 35/71/71 34/68/68
f 36/70/70 96/31/31 97/29/29
f 55/69/69 56/73/73 36/70/70
f 37/72/72 95/33/33 96/31/31
f 56/73/73 57/75/75 37/72/72
f 38/74/74 94/35/35 95/33/33
f 57/75/75 58/78/78 38/74/74
f 39/76/76 93/79/79 94/35/35
f 59/77/77 39/76/76 38/74/74
f 39/76/76 40/39/39 92/37/37
f 60/80/80 40/39/39 39/76/76
f 40/39/39 60/80/80 41/41/41
f 61/81/81 62/82/82 42/44/44
f 62/82/82 63/83/83 43/46/46
f 63/83/83 64/84/84 44/45/45
f 64/84/84 65/85/85 45/48/48
f 65/85/85 66/86/86 46/53/53
f 66/86/86 67/88/88 47/52/52
f 68/87/87 48/56/56 47/52/52
f 69/89/89 49/59/59 48/56/56
f 70/90/90 50/61/61 49/59/59
f 70/90/90 71/92/92 51/63/63
f 72/91/91 52/62/62 51/63/63
f 73/93/93 53/65/65 52/62/62
f 74/94/94 54/67/67 53/65/65
f 75/95/95 55/69/69 54/67/67
f 75/95/95 76/96/96 56/73/73
f 76/96/96 77/97/97 57/75/75
f 77/97/97 78/98/98 58/78/78
f 78/98/98 79/100/100 59/77/77
f 80/99/99 60/80/80 59/77/77
f 60/80/80 80/99/99 61/81/81
f 102/101/101 170/105/105 171/102/102
f 103/104/104 169/107/107 170/105/105
f 104/106/106 168/142/142 169/107/107
f 167/108/108 168/142/142 104/106/106
f 166/110/110 167/108/108 105/109/109
f 165/112/112 166/110/110 106/111/111
f 164/114/114 165/112/112 107/113/113
f 163/116/116 164/114/114 108/115/115
f 162/118/118 163/116/116 109/117/117
f 161/120/120 162/118/118 110/119/119
f 180/122/122 161/120/120 111/121/121
f 179/124/124 180/122/122 112/123/123
f 178/126/126 179/124/124 113/125/125
f 115/128/128 177/130/130 178/126/126
f 116/129/129 176/132/132 177/130/130
f 117/131/131 175/134/134 176/132/132
f 118/133/133 174/155/155 175/134/134
f 173/135/135 174/155/155 118/133/133
f 172/137/137 173/135/135 119/136/136
f 101/103/103 171/102/102 172/137/137
f 122/139/139 121/159/159 171/102/102
f 123/140/140 122/139/139 170/105/105
f 124/141/141 123/140/140 169/107/107
f 125/143/143 124/141/141 168/142/142
f 126/144/144 125/143/143 167/108/108
f 127/145/145 126/144/144 166/110/110
f 128/146/146 127/145/145 165/112/112
f 129/147/147 128/146/146 164/114/114
f 129/147/147 163/116/116 162/118/118
f 130/148/148 162/118/118 161/120/120
f 133/150/150 132/168/168 180/122/122
f 134/151/151 133/150/150 179/124/124
f 134/151/151 178/126/126 177/130/130
f 135/152/152 177/130/130 176/132/132
f 136/153/153 176/132/132 175/134/134
f 137/154/154 175/134/134 174/155/155
f 138/156/156 174/155/155 173/135/135
f 140/158/158 139/157/157 173/135/135
f 172/137/137 171/102/102 121/159/159
f 122/139/139 142/3266/2942 141/160/160
f 143/161/161 142/3266/2942 122/139/139
f 144/162/162 143/161/161 123/140/140
f 125/143/143 145/3267/2943 144/162/162
f 146/163/163 145/3267/2943 125/143/143
f 127/145/145 147/265/265 146/163/163
f 148/164/164 147/265/265 127/145/145
f 129/147/147 149/165/165 148/164/164
f 130/148/148 150/166/166 149/165/165
f 131/149/149 151/3268/2944 150/166/166
f 152/167/167 151/3268/2944 131/149/149
f 153/169/169 152/167/167 132/168/168
f 154/170/170 153/169/169 133/150/150
f 155/171/171 154/170/170 134/151/151
f 136/153/153 156/172/172 155/171/171
f 137/154/154 157/173/173 156/172/172
f 138/156/156 158/174/174 157/173/173
f 139/157/157 159/175/175 158/174/174
f 140/158/158 160/176/176 159/175/175
f 140/158/158 121/159/159 141/160/160
f 132/168/168 131/149/149 161/120/120
f 240/219/219 241/222/222 184/220/220
f 241/222/222 242/218/218 185/198/198
f 188/200/200 187/223/223 184/220/220
f 187/223/223 186/226/226 183/221/221
f 188/200/200 191/201/201 190/224/224
f 187/223/223 190/224/224 189/225/225
f 191/201/201 194/202/202 193/227/227
f 190/224/224 193/227/227 192/228/228
f 194/202/202 197/203/203 196/229/229
f 193/227/227 196/229/229 195/230/230
f 197/203/203 200/204/204 199/231/231
f 196/229/229 199/231/231 198/232/232
f 200/204/204 203/205/205 202/233/233
f 202/233/233 201/235/235 198/232/232
f 206/206/206 205/234/234 202/233/233
f 205/234/234 204/237/237 201/235/235
f 209/207/207 208/236/236 205/234/234
f 208/236/236 207/239/239 204/237/237
f 212/208/208 211/241/241 208/236/236
f 208/236/236 211/241/241 210/238/238
f 212/208/208 215/209/209 214/240/240
f 214/240/240 213/243/243 210/238/238
f 215/209/209 218/210/210 217/242/242
f 217/242/242 216/246/246 213/243/243
f 218/210/210 221/211/211 220/244/244
f 217/242/242 220/244/244 219/245/245
f 221/211/211 224/212/212 223/247/247
f 223/247/247 222/249/249 219/245/245
f 227/213/213 226/248/248 223/247/247
f 226/248/248 225/251/251 222/249/249
f 227/213/213 230/214/214 229/250/250
f 229/250/250 228/253/253 225/251/251
f 233/215/215 232/252/252 229/250/250
f 232/252/252 231/255/255 228/253/253
f 236/216/216 235/256/256 232/252/252
f 232/252/252 235/256/256 234/254/254
f 239/217/217 238/258/258 235/256/256
f 235/256/256 238/258/258 237/257/257
f 242/218/218 241/222/222 238/258/258
f 241/222/222 240/219/219 237/257/257
f 141/160/160 142/3266/2942 245/259/259
f 245/259/259 246/177/177 244/179/179
f 245/259/259 142/3266/2942 143/161/161
f 247/261/261 248/197/197 246/177/177
f 143/161/161 144/162/162 249/262/262
f 249/262/262 250/196/196 248/197/197
f 144/162/162 145/3267/2943 251/263/263
f 249/262/262 251/263/263 252/195/195
f 251/263/263 145/3267/2943 146/163/163
f 253/264/264 254/194/194 252/195/195
f 253/264/264 146/163/163 147/265/265
f 253/264/264 255/266/266 256/193/193
f 147/265/265 148/164/164 257/267/267
f 255/266/266 257/267/267 258/192/192
f 148/164/164 149/165/165 259/268/268
f 257/267/267 259/268/268 260/191/191
f 149/165/165 150/166/166 261/269/269
f 259/268/268 261/269/269 262/190/190
f 150/166/166 151/3268/2944 263/270/270
f 261/269/269 263/270/270 264/189/189
f 263/270/270 151/3268/2944 152/167/167
f 265/271/271 266/188/188 264/189/189
f 152/167/167 153/169/169 267/272/272
f 267/272/272 268/187/187 266/188/188
f 153/169/169 154/170/170 269/273/273
f 269/273/273 270/186/186 268/187/187
f 154/170/170 155/171/171 271/274/274
f 269/273/273 271/274/274 272/185/185
f 271/274/274 155/171/171 156/172/172
f 271/274/274 273/275/275 274/184/184
f 273/275/275 156/172/172 157/173/173
f 273/275/275 275/276/276 276/183/183
f 275/276/276 157/173/173 158/174/174
f 277/277/277 278/182/182 276/183/183
f 277/277/277 158/174/174 159/175/175
f 277/277/277 279/278/278 280/181/181
f 279/278/278 159/175/175 160/176/176
f 279/278/278 281/279/279 282/180/180
f 244/179/179 282/180/180 281/279/279
f 281/279/279 160/176/176 141/160/160
f 213/243/243 216/246/246 72/91/91
f 210/238/238 213/243/243 71/92/92
f 69/89/89 207/239/239 210/238/238
f 68/87/87 204/237/237 207/239/239
f 67/88/88 201/235/235 204/237/237
f 216/246/246 219/245/245 73/93/93
f 219/245/245 222/249/249 74/94/94
f 74/94/94 222/249/249 225/251/251
f 75/95/95 225/251/251 228/253/253
f 76/96/96 228/253/253 231/255/255
f 77/97/97 231/255/255 234/254/254
f 78/98/98 234/254/254 237/257/257
f 79/100/100 237/257/257 240/219/219
f 80/99/99 240/219/219 183/221/221
f 183/221/221 186/226/226 62/82/82
f 186/226/226 189/225/225 63/83/83
f 63/83/83 189/225/225 192/228/228
f 64/84/84 192/228/228 195/230/230
f 195/230/230 198/232/232 66/86/86
f 198/232/232 201/235/235 67/88/88
usemtl M_Street_Light_Pole
f 284/280/280 325/281/281 283/282/282
f 285/283/283 328/284/284 284/280/280
f 286/285/285 331/286/286 285/283/283
f 287/287/287 334/288/288 286/285/285
f 288/289/289 337/290/290 287/287/287
f 289/291/291 340/292/292 288/289/289
f 290/293/293 343/294/294 289/291/291
f 291/295/295 346/296/296 290/293/293
f 292/297/297 349/298/298 291/295/295
f 293/299/299 352/300/300 292/297/297
f 294/301/301 355/302/302 293/303/299
f 295/304/303 358/305/304 294/301/301
f 296/306/305 361/307/306 295/304/303
f 283/282/282 364/308/307 296/306/305
f 325/281/281 365/309/308 364/308/307
f 327/310/309 365/309/310 326/311/311
f 326/311/311 330/312/312 327/310/309
f 325/281/281 329/313/313 326/311/314
f 329/313/315 333/314/316 330/312/312
f 329/313/313 331/286/286 332/315/317
f 332/315/318 336/316/319 333/314/316
f 332/315/317 334/288/288 335/317/320
f 336/316/319 338/318/321 339/319/322
f 335/317/320 337/290/290 338/318/323
f 339/319/322 341/320/324 342/321/325
f 338/318/323 340/292/292 341/320/326
f 342/321/325 344/322/327 345/323/328
f 341/320/326 343/294/294 344/322/329
f 344/322/327 348/324/330 345/323/328
f 344/322/329 346/296/296 347/325/331
f 347/325/332 351/326/333 348/324/330
f 347/325/331 349/298/298 350/327/334
f 350/327/335 354/328/336 351/326/333
f 350/327/334 352/300/300 353/329/337
f 354/328/336 356/330/338 357/331/339
f 352/300/300 356/330/340 353/329/337
f 357/332/339 359/333/341 360/334/342
f 355/302/302 359/333/343 356/335/340
f 360/334/342 362/336/344 363/337/345
f 359/333/343 361/307/306 362/336/346
f 363/337/345 365/309/310 366/338/347
f 362/336/346 364/308/307 365/309/308
f 367/339/348 407/340/349 406/341/350
f 369/342/351 407/340/349 368/343/352
f 368/343/352 372/344/353 369/342/351
f 368/343/352 370/345/354 371/346/355
f 371/346/355 375/347/356 372/344/353
f 370/345/354 374/348/357 371/346/355
f 374/348/357 378/349/358 375/347/356
f 374/348/357 376/350/359 377/351/360
f 378/349/358 380/352/361 381/353/362
f 377/351/360 379/354/363 380/352/361
f 381/353/362 383/355/364 384/356/365
f 380/352/361 382/357/366 383/355/364
f 384/356/365 386/358/367 387/359/368
f 383/355/364 385/360/369 386/358/367
f 386/358/367 390/361/370 387/359/368
f 386/358/367 388/362/371 389/363/372
f 389/363/372 393/364/373 390/361/370
f 388/362/371 392/365/374 389/363/372
f 392/365/374 396/366/375 393/364/373
f 391/367/376 395/368/377 392/365/374
f 396/366/375 398/369/378 399/370/379
f 394/371/380 398/369/378 395/368/377
f 399/372/379 401/373/381 402/374/382
f 398/375/378 400/376/383 401/373/381
f 402/374/382 404/377/384 405/378/385
f 400/376/383 404/377/384 401/373/381
f 405/378/385 407/340/349 408/379/386
f 403/380/387 407/340/349 404/377/384
f 409/381/388 298/382/389 297/383/390
f 412/384/391 299/385/392 298/382/389
f 415/386/393 300/387/394 299/385/392
f 418/388/395 301/389/396 300/387/394
f 424/390/397 301/389/396 421/391/398
f 427/392/399 302/393/400 424/390/397
f 427/392/399 304/394/401 303/395/402
f 433/396/403 304/394/401 430/397/404
f 436/398/405 305/399/406 433/396/403
f 439/400/407 306/401/408 436/398/405
f 442/402/409 307/403/410 439/404/407
f 442/402/409 309/405/411 308/406/412
f 448/407/413 309/405/411 445/408/414
f 448/407/413 297/383/390 310/409/415
f 372/344/353 411/410/416 369/342/351
f 375/347/356 414/411/417 372/344/353
f 378/349/358 417/412/418 375/347/356
f 381/353/362 420/413/419 378/349/358
f 384/356/365 423/414/420 381/353/362
f 384/356/365 429/415/421 426/416/422
f 390/361/370 429/415/421 387/359/368
f 390/361/370 435/417/423 432/418/424
f 393/364/373 438/419/425 435/417/423
f 396/366/375 441/420/426 438/419/425
f 399/372/379 444/421/427 441/422/426
f 405/378/385 444/421/427 402/374/382
f 408/379/386 447/423/428 405/378/385
f 408/379/386 411/410/416 450/424/429
f 409/381/388 413/425/430 412/384/391
f 411/410/416 413/425/430 410/426/431
f 412/384/391 416/427/432 415/386/393
f 413/425/430 417/412/418 416/427/432
f 415/386/393 419/428/433 418/388/395
f 416/427/432 420/413/419 419/428/433
f 419/428/433 421/391/398 418/388/395
f 420/413/419 422/429/434 419/428/433
f 422/429/434 424/390/397 421/391/398
f 422/429/434 426/416/422 425/430/435
f 424/390/397 428/431/436 427/392/399
f 425/430/435 429/415/421 428/431/436
f 427/392/399 431/432/437 430/397/404
f 429/415/421 431/432/437 428/431/436
f 430/397/404 434/433/438 433/396/403
f 432/418/424 434/433/438 431/432/437
f 433/396/403 437/434/439 436/398/405
f 435/417/423 437/434/439 434/433/438
f 437/434/439 439/400/407 436/398/405
f 438/419/425 440/435/440 437/434/439
f 440/436/440 442/402/409 439/404/407
f 441/422/426 443/437/441 440/436/440
f 443/437/441 445/408/414 442/402/409
f 444/421/427 446/438/442 443/437/441
f 446/438/442 448/407/413 445/408/414
f 446/438/442 450/424/429 449/439/443
f 410/426/431 450/424/429 411/410/416
f 410/426/431 448/407/413 449/439/443
f 298/382/389 451/440/444 297/383/390
f 299/385/392 453/441/445 298/382/389
f 300/387/394 455/442/446 299/385/392
f 301/389/396 457/443/447 300/387/394
f 302/393/400 459/444/448 301/389/396
f 302/393/400 463/445/449 461/446/450
f 303/395/402 465/447/451 463/445/449
f 304/394/401 467/448/452 465/447/451
f 305/399/406 469/449/453 467/448/452
f 306/401/408 471/450/454 469/449/453
f 307/403/410 473/451/455 471/452/454
f 309/405/411 473/451/455 308/406/412
f 310/409/415 475/453/456 309/405/411
f 297/383/390 477/454/457 310/409/415
f 482/455/458 311/456/459 479/457/460
f 485/458/461 312/459/462 482/455/458
f 488/460/463 313/461/464 485/458/461
f 488/460/463 315/462/465 314/463/466
f 494/464/467 315/462/465 491/465/468
f 494/464/467 317/466/469 316/467/470
f 497/468/471 318/469/472 317/466/469
f 503/470/473 318/469/472 500/471/474
f 506/472/475 319/473/476 503/470/473
f 509/474/477 320/475/478 506/472/475
f 509/476/477 322/477/479 321/478/480
f 515/479/481 322/477/479 512/480/482
f 518/481/483 323/482/484 515/479/481
f 479/457/460 324/483/485 518/481/483
f 454/484/486 481/485/487 452/486/488
f 454/484/486 487/487/489 484/488/490
f 456/489/491 490/490/492 487/487/489
f 460/491/493 490/490/492 458/492/494
f 460/491/493 496/493/495 493/494/496
f 462/495/497 499/496/498 496/493/495
f 464/497/499 502/498/500 499/496/498
f 468/499/501 502/498/500 466/500/502
f 470/501/503 505/502/504 468/499/501
f 472/503/505 508/504/506 470/501/503
f 474/505/507 511/506/508 472/507/505
f 474/505/507 517/508/509 514/509/510
f 476/510/511 520/511/512 517/508/509
f 452/486/488 520/511/512 478/512/513
f 479/457/460 483/513/514 482/455/458
f 480/514/515 484/488/490 483/513/516
f 483/513/514 485/458/461 482/455/458
f 483/513/516 487/487/489 486/515/517
f 486/515/518 488/460/463 485/458/461
f 487/487/489 489/516/519 486/515/517
f 488/460/463 492/517/520 491/465/468
f 490/490/492 492/517/521 489/516/519
f 492/517/520 494/464/467 491/465/468
f 493/494/496 495/518/522 492/517/521
f 495/518/523 497/468/471 494/464/467
f 495/518/522 499/496/498 498/519/524
f 498/519/525 500/471/474 497/468/471
f 498/519/524 502/498/500 501/520/526
f 501/520/527 503/470/473 500/471/474
f 501/520/526 505/502/504 504/521/528
f 504/521/529 506/472/475 503/470/473
f 504/521/528 508/504/506 507/522/530
f 507/522/531 509/474/477 506/472/475
f 508/504/506 510/523/532 507/522/530
f 509/476/477 513/524/533 512/480/482
f 511/506/508 513/524/534 510/525/532
f 512/480/482 516/526/535 515/479/481
f 514/509/510 516/526/536 513/524/534
f 515/479/481 519/527/537 518/481/483
f 516/526/536 520/511/512 519/527/538
f 480/514/515 520/511/512 481/485/487
f 480/514/539 518/481/483 519/527/537
f 523/528/540 525/529/541 524/530/542
f 522/531/543 526/532/544 525/529/545
f 529/533/546 531/534/547 530/535/548
f 527/536/549 531/534/550 528/537/551
f 527/536/549 524/530/542 532/538/552
f 527/536/549 538/539/553 523/528/540
f 538/539/553 539/540/554 544/541/555
f 539/540/554 550/542/556 544/541/555
f 550/542/556 551/543/557 556/544/558
f 556/544/558 557/545/559 562/546/560
f 557/545/559 568/547/561 562/546/560
f 568/547/561 569/548/562 574/549/563
f 574/549/563 575/550/564 580/551/565
f 580/551/565 581/552/566 586/553/567
f 586/553/567 587/554/568 592/555/569
f 587/556/568 598/557/570 592/558/569
f 593/559/571 604/560/572 598/557/570
f 599/561/573 524/530/542 604/560/572
f 478/512/574 521/562/575 452/486/576
f 477/454/577 529/533/546 530/535/548
f 451/440/578 535/563/579 529/533/546
f 452/486/576 536/564/580 454/484/581
f 453/441/582 541/565/583 535/563/579
f 456/489/584 536/564/580 542/566/585
f 455/442/586 547/567/587 541/565/583
f 456/489/584 548/568/588 458/492/589
f 459/444/590 547/567/587 457/443/591
f 458/492/589 554/569/592 460/491/593
f 461/446/594 553/570/595 459/444/590
f 462/495/596 554/569/592 560/571/597
f 463/445/598 559/572/599 461/446/594
f 464/497/600 560/571/597 566/573/601
f 463/445/598 571/574/602 565/575/603
f 466/500/604 566/573/601 572/576/605
f 465/447/606 577/577/607 571/574/602
f 468/499/608 572/576/605 578/578/609
f 469/449/610 577/577/607 467/448/611
f 470/501/612 578/578/609 584/579/613
f 471/450/614 583/580/615 469/449/610
f 470/501/612 590/581/616 472/503/617
f 473/451/618 589/582/619 471/452/614
f 472/507/617 596/583/620 474/505/621
f 475/453/622 595/584/623 473/451/618
f 474/505/621 602/585/624 476/510/625
f 477/454/577 601/586/626 475/453/622
f 476/510/625 526/587/544 478/512/574
f 521/588/575 537/589/627 536/590/580
f 522/531/628 538/539/553 537/589/629
f 528/537/551 533/591/630 527/536/549
f 528/537/631 535/563/579 534/592/632
f 534/592/633 539/540/554 533/591/630
f 534/592/632 541/565/583 540/593/634
f 536/590/580 543/594/635 542/595/585
f 538/539/553 543/594/636 537/589/629
f 539/540/554 546/596/637 545/597/638
f 541/565/583 546/596/639 540/593/634
f 542/595/585 549/598/640 548/599/588
f 544/541/555 549/598/641 543/594/636
f 545/597/638 552/600/642 551/543/557
f 547/567/587 552/600/643 546/596/639
f 549/598/640 554/601/592 548/599/588
f 550/542/556 555/602/644 549/598/641
f 551/543/557 558/603/645 557/545/559
f 553/570/595 558/603/646 552/600/643
f 555/602/647 560/604/597 554/601/592
f 556/544/558 561/605/648 555/602/644
f 557/545/559 564/606/649 563/607/650
f 559/572/599 564/606/651 558/603/646
f 561/605/652 566/608/601 560/604/597
f 561/605/648 568/547/561 567/609/653
f 564/606/649 569/548/562 563/607/650
f 564/606/651 571/574/602 570/610/654
f 566/608/601 573/611/655 572/612/605
f 568/547/561 573/611/656 567/609/653
f 570/610/657 575/550/564 569/548/562
f 570/610/654 577/577/607 576/613/658
f 572/612/605 579/614/659 578/615/609
f 574/549/563 579/614/660 573/611/656
f 575/550/564 582/616/661 581/552/566
f 576/613/658 583/580/615 582/616/662
f 578/615/609 585/617/663 584/618/613
f 580/551/565 585/617/664 579/614/660
f 582/616/661 587/554/568 581/552/566
f 583/580/615 588/619/665 582/616/662
f 585/617/663 590/620/616 584/618/613
f 585/617/664 592/555/569 591/621/666
f 588/622/667 593/559/571 587/556/568
f 589/582/619 594/623/668 588/622/665
f 591/624/669 596/625/620 590/626/616
f 591/624/666 598/557/570 597/627/670
f 593/559/571 600/628/671 599/561/573
f 595/584/623 600/628/672 594/623/668
f 597/627/673 602/629/624 596/625/620
f 597/627/670 604/560/572 603/630/674
f 531/534/547 601/586/626 530/535/548
f 531/534/550 599/561/573 600/628/671
f 524/530/542 603/630/674 604/560/572
f 526/532/544 603/630/675 525/529/545
f 330/312/312 605/631/676 327/310/309
f 333/314/316 608/632/677 330/312/312
f 333/314/316 614/633/678 611/634/679
f 336/316/319 617/635/680 614/633/678
f 339/319/322 620/636/681 617/635/680
f 342/321/325 623/637/682 620/636/681
f 348/324/330 623/637/682 345/323/328
f 351/326/333 626/638/683 348/324/330
f 354/328/336 629/639/684 351/326/333
f 357/331/339 632/640/685 354/328/336
f 357/332/339 638/641/686 635/642/687
f 360/334/342 641/643/688 638/641/686
f 363/337/345 644/644/689 641/643/688
f 327/310/309 644/644/689 366/338/347
f 610/645/690 367/339/348 607/646/691
f 613/647/692 370/345/354 610/645/690
f 616/648/693 373/649/694 613/647/692
f 619/650/695 376/350/359 616/648/693
f 622/651/696 379/354/363 619/650/695
f 625/652/697 382/357/366 622/651/696
f 628/653/698 385/360/369 625/652/697
f 631/654/699 388/362/371 628/653/698
f 634/655/700 391/367/376 631/654/699
f 637/656/701 394/371/380 634/655/700
f 640/657/702 397/658/703 637/659/701
f 643/660/704 400/376/383 640/657/702
f 646/661/705 403/380/387 643/660/704
f 607/646/691 406/341/350 646/661/705
f 606/662/311 644/644/689 605/631/676
f 606/662/706 646/661/705 645/663/707
f 607/646/691 609/664/708 610/645/690
f 605/631/676 609/664/709 606/662/311
f 610/645/690 612/665/710 613/647/692
f 609/664/709 611/634/679 612/665/711
f 612/665/710 616/648/693 613/647/692
f 612/665/711 614/633/678 615/666/712
f 615/666/713 619/650/695 616/648/693
f 615/666/712 617/635/680 618/667/321
f 618/667/714 622/651/696 619/650/695
f 618/667/321 620/636/681 621/668/715
f 621/668/716 625/652/697 622/651/696
f 621/668/715 623/637/682 624/669/717
f 624/669/329 628/653/698 625/652/697
f 624/669/717 626/638/683 627/670/332
f 627/670/718 631/654/699 628/653/698
f 626/638/683 630/671/719 627/670/332
f 631/654/699 633/672/720 634/655/700
f 629/639/684 633/672/721 630/671/719
f 633/672/720 637/656/701 634/655/700
f 632/640/685 636/673/338 633/672/721
f 636/674/722 640/657/702 637/659/701
f 636/674/338 638/641/686 639/675/341
f 640/657/702 642/676/723 643/660/704
f 639/675/341 641/643/688 642/676/724
f 643/660/704 645/663/707 646/661/705
f 641/643/688 645/663/725 642/676/724
f 696/677/726 647/678/178 693/679/727
f 699/680/728 647/678/178 696/677/726
f 702/681/729 647/678/178 699/680/728
f 705/682/730 647/678/178 702/681/729
f 708/683/731 647/678/178 705/682/730
f 711/684/732 647/678/178 708/683/731
f 714/685/733 647/678/178 711/684/732
f 717/686/734 647/678/178 714/685/733
f 720/687/735 647/678/178 717/686/734
f 723/688/736 647/678/178 720/687/735
f 726/689/737 647/678/178 723/688/736
f 729/690/738 647/678/178 726/689/737
f 732/691/739 647/678/178 729/690/738
f 693/679/727 647/678/178 732/691/739
f 733/692/740 654/693/741 651/694/742
f 736/695/743 657/696/744 654/693/741
f 739/697/745 660/698/746 657/699/744
f 742/700/747 663/701/748 660/698/746
f 745/702/749 666/703/750 663/701/748
f 748/704/751 669/705/752 666/703/750
f 751/706/753 672/707/754 669/705/752
f 754/708/755 675/709/756 672/707/754
f 757/710/757 678/711/758 675/709/756
f 760/712/759 681/713/760 678/711/758
f 763/714/761 684/715/762 681/713/760
f 766/716/763 687/717/764 684/715/762
f 769/718/765 690/719/766 687/717/764
f 772/720/767 651/694/742 690/719/766
f 780/721/768 777/722/769 648/723/199
f 783/724/770 780/721/768 648/723/199
f 786/725/771 783/724/770 648/723/199
f 789/726/772 786/725/771 648/723/199
f 792/727/773 789/726/772 648/723/199
f 795/728/774 792/727/773 648/723/199
f 798/729/775 795/728/774 648/723/199
f 801/730/776 798/729/775 648/723/199
f 804/731/777 801/730/776 648/723/199
f 807/732/778 804/731/777 648/723/199
f 810/733/779 807/732/778 648/723/199
f 813/734/780 810/733/779 648/723/199
f 816/735/781 813/734/780 648/723/199
f 777/722/769 816/735/781 648/723/199
f 650/736/782 652/737/783 649/738/784
f 650/736/785 654/693/741 653/739/786
f 653/739/315 655/740/787 652/737/783
f 653/739/786 657/696/744 656/741/788
f 656/742/789 658/743/790 655/744/787
f 657/699/744 659/745/791 656/742/788
f 658/743/790 662/746/792 661/747/793
f 660/698/746 662/746/714 659/745/791
f 661/747/793 665/748/794 664/749/795
f 663/701/748 665/748/326 662/746/714
f 665/748/794 667/750/796 664/749/795
f 665/748/326 669/705/752 668/751/329
f 667/750/796 671/752/332 670/753/797
f 668/751/329 672/707/754 671/752/798
f 671/752/332 673/754/799 670/753/797
f 671/752/798 675/709/756 674/755/800
f 674/755/719 676/756/801 673/754/799
f 674/755/800 678/711/758 677/757/802
f 677/757/721 679/758/803 676/756/801
f 677/757/802 681/713/760 680/759/804
f 679/758/803 683/760/805 682/761/806
f 681/713/760 683/760/343 680/759/804
f 682/761/806 686/762/344 685/763/807
f 684/715/762 686/762/808 683/760/343
f 686/762/344 688/764/809 685/763/807
f 687/717/764 689/765/707 686/762/808
f 651/694/742 689/765/707 690/719/766
f 650/736/782 688/764/809 689/765/810
f 691/766/811 731/767/707 730/768/812
f 692/769/813 732/691/739 731/770/814
f 692/769/813 696/677/726 693/679/727
f 692/771/785 694/772/815 695/773/313
f 695/774/816 699/680/728 696/677/726
f 695/773/313 697/775/817 698/776/788
f 698/777/789 702/681/729 699/680/728
f 697/778/817 701/779/791 698/780/788
f 702/681/729 704/781/818 705/682/730
f 700/782/819 704/783/714 701/779/791
f 704/781/818 708/683/731 705/682/730
f 703/784/820 707/785/326 704/783/714
f 707/786/324 711/684/732 708/683/731
f 706/787/821 710/788/822 707/785/326
f 711/684/732 713/789/823 714/685/733
f 710/788/822 712/790/824 713/791/798
f 714/685/733 716/792/825 717/686/734
f 713/791/798 715/793/826 716/794/334
f 716/792/825 720/687/735 717/686/734
f 716/794/334 718/795/827 719/796/802
f 719/797/721 723/688/736 720/687/735
f 718/795/827 722/798/804 719/796/802
f 723/688/736 725/799/805 726/689/737
f 721/800/828 725/801/829 722/798/804
f 726/689/737 728/802/830 729/690/738
f 725/801/829 727/803/831 728/804/832
f 728/802/830 732/691/739 729/690/738
f 727/803/831 731/767/707 728/804/832
f 733/692/740 737/805/833 736/695/743
f 735/806/834 737/805/835 734/807/836
f 737/805/833 739/808/745 736/695/743
f 737/805/835 741/809/837 740/810/838
f 739/697/745 743/811/839 742/700/747
f 741/812/837 743/811/840 740/813/838
f 742/700/747 746/814/841 745/702/749
f 744/815/842 746/814/843 743/811/840
f 745/702/749 749/816/844 748/704/751
f 747/817/845 749/816/846 746/814/843
f 748/704/751 752/818/847 751/706/753
f 749/816/846 753/819/848 752/818/849
f 752/818/847 754/708/755 751/706/753
f 753/819/848 755/820/850 752/818/849
f 755/820/851 757/710/757 754/708/755
f 755/820/850 759/821/852 758/822/853
f 758/822/854 760/712/759 757/710/757
f 758/822/853 762/823/855 761/824/856
f 761/824/857 763/714/761 760/712/759
f 762/823/855 764/825/858 761/824/856
f 763/714/761 767/826/859 766/716/763
f 765/827/860 767/826/861 764/825/858
f 767/826/859 769/718/765 766/716/763
f 768/828/862 770/829/863 767/826/861
f 770/829/864 772/720/767 769/718/765
f 770/829/863 774/830/865 773/831/866
f 734/807/836 774/830/865 735/806/834
f 733/692/740 773/831/867 734/807/868
f 776/832/868 778/833/869 775/834/870
f 776/832/836 780/835/768 779/836/835
f 779/836/833 781/837/871 778/833/869
f 779/836/835 783/838/770 782/839/838
f 781/840/871 785/841/839 784/842/872
f 782/843/838 786/844/771 785/841/840
f 784/842/872 788/845/841 787/846/873
f 786/844/771 788/845/874 785/841/840
f 787/846/873 791/847/844 790/848/875
f 788/845/874 792/849/773 791/847/876
f 791/847/844 793/850/877 790/848/875
f 791/847/876 795/851/774 794/852/878
f 794/852/847 796/853/879 793/850/877
f 795/851/774 797/854/850 794/852/878
f 797/854/851 799/855/880 796/853/879
f 797/854/850 801/856/776 800/857/853
f 800/857/854 802/858/881 799/855/880
f 800/857/853 804/859/777 803/860/856
f 803/860/857 805/861/882 802/858/881
f 803/860/856 807/862/778 806/863/858
f 805/861/882 809/864/883 808/865/884
f 807/862/778 809/864/885 806/863/858
f 809/864/883 811/866/886 808/865/884
f 810/867/779 812/868/863 809/864/885
f 811/866/886 815/869/887 814/870/888
f 812/868/863 816/871/781 815/869/866
f 776/832/836 816/871/781 777/872/769
f 775/834/870 815/869/887 776/832/868
f 820/873/889 649/738/784 652/737/783
f 655/740/787 820/873/889 652/737/783
f 826/874/890 655/744/787 658/743/790
f 661/747/793 826/874/890 658/743/790
f 664/749/795 829/875/891 661/747/793
f 667/750/796 832/876/892 664/749/795
f 838/877/893 667/750/796 670/753/797
f 841/878/894 670/753/797 673/754/799
f 844/879/895 673/754/799 676/756/801
f 679/758/803 844/879/895 676/756/801
f 850/880/896 679/758/803 682/761/806
f 685/763/807 850/880/896 682/761/806
f 688/764/809 853/881/897 685/763/807
f 817/882/898 688/764/809 649/738/784
f 822/883/899 691/766/811 819/884/900
f 825/885/901 694/772/815 822/883/899
f 700/782/819 825/886/901 828/887/902
f 703/784/820 828/887/902 831/888/903
f 706/787/821 831/888/903 834/889/904
f 709/890/905 834/889/904 837/891/906
f 712/790/824 837/891/906 840/892/907
f 715/793/826 840/892/907 843/893/908
f 718/795/827 843/893/908 846/894/909
f 721/800/828 846/894/909 849/895/910
f 724/896/911 849/895/910 852/897/912
f 727/803/831 852/897/912 855/898/913
f 730/768/812 855/898/913 858/899/914
f 691/766/811 858/899/914 819/884/900
f 735/806/834 862/900/915 738/901/916
f 741/809/837 862/900/915 865/902/917
f 744/815/842 865/903/917 868/904/918
f 747/817/845 868/904/918 871/905/919
f 750/906/920 871/905/919 874/907/921
f 753/819/848 874/907/921 877/908/922
f 753/819/848 880/909/923 756/910/924
f 756/910/924 883/911/925 759/821/852
f 759/821/852 886/912/926 762/823/855
f 762/823/855 889/913/927 765/827/860
f 765/827/860 892/914/928 768/828/862
f 771/915/929 892/914/928 895/916/930
f 774/830/865 895/916/930 898/917/931
f 774/830/865 859/918/932 735/806/834
f 864/919/933 775/834/870 778/833/869
f 867/920/934 778/833/869 781/837/871
f 867/921/934 784/842/872 870/922/935
f 870/922/935 787/846/873 873/923/936
f 873/923/936 790/848/875 876/924/937
f 876/924/937 793/850/877 879/925/938
f 879/925/938 796/853/879 882/926/939
f 882/926/939 799/855/880 885/927/940
f 885/927/940 802/858/881 888/928/941
f 888/928/941 805/861/882 891/929/942
f 891/929/942 808/865/884 894/930/943
f 894/930/943 811/866/886 897/931/944
f 897/931/944 814/870/888 900/932/945
f 900/932/945 775/834/870 861/933/946
f 817/882/898 857/934/310 856/935/947
f 819/884/900 857/934/707 818/936/785
f 818/936/785 822/883/899 819/884/900
f 818/936/948 820/873/889 821/937/709
f 822/883/899 824/938/710 825/885/901
f 820/873/889 824/938/789 821/937/709
f 824/939/710 828/887/902 825/886/901
f 823/940/949 827/941/950 824/939/789
f 827/941/713 831/888/903 828/887/902
f 826/874/890 830/942/951 827/941/950
f 831/888/903 833/943/952 834/889/904
f 829/875/891 833/943/953 830/942/951
f 834/889/904 836/944/329 837/891/906
f 832/876/892 836/944/954 833/943/953
f 836/944/329 840/892/907 837/891/906
f 836/944/954 838/877/893 839/945/823
f 839/945/331 843/893/908 840/892/907
f 839/945/823 841/878/894 842/946/825
f 842/946/955 846/894/909 843/893/908
f 841/878/894 845/947/721 842/946/825
f 845/947/956 849/895/910 846/894/909
f 844/879/895 848/948/338 845/947/721
f 849/895/910 851/949/957 852/897/912
f 848/948/338 850/880/896 851/949/958
f 852/897/912 854/950/959 855/898/913
f 850/880/896 854/950/724 851/949/958
f 855/898/913 857/934/707 858/899/914
f 853/881/897 857/934/310 854/950/724
f 860/951/960 862/900/915 859/918/932
f 860/951/868 864/919/933 863/952/961
f 862/900/915 866/953/838 865/902/917
f 864/919/933 866/953/962 863/952/961
f 866/954/838 868/904/918 865/903/917
f 867/921/934 869/955/963 866/954/962
f 869/955/840 871/905/919 868/904/918
f 870/922/935 872/956/964 869/955/963
f 871/905/919 875/957/846 874/907/921
f 873/923/936 875/957/965 872/956/964
f 874/907/921 878/958/878 877/908/922
f 876/924/937 878/958/847 875/957/965
f 878/958/878 880/909/923 877/908/922
f 878/958/847 882/926/939 881/959/966
f 881/959/967 883/911/925 880/909/923
f 881/959/966 885/927/940 884/960/968
f 884/960/969 886/912/926 883/911/925
f 884/960/968 888/928/941 887/961/970
f 887/961/856 889/913/927 886/912/926
f 888/928/941 890/962/971 887/961/970
f 890/962/858 892/914/928 889/913/927
f 891/929/942 893/963/972 890/962/971
f 892/914/928 896/964/863 895/916/930
f 894/930/943 896/964/973 893/963/972
f 895/916/930 899/965/866 898/917/931
f 897/931/944 899/965/887 896/964/973
f 861/933/946 899/965/887 900/932/945
f 859/918/932 899/965/866 860/951/960
f 902/966/974 2944/967/975 901/968/975
f 2943/969/974 903/970/976 2956/971/976
f 904/972/977 2956/971/976 903/970/976
f 905/973/978 2955/974/977 904/972/977
f 906/975/979 2954/976/978 905/973/978
f 906/975/979 2952/977/980 2953/978/979
f 908/979/981 2952/977/980 907/980/980
f 909/981/982 2951/982/981 908/979/981
f 910/983/983 2950/984/982 909/985/982
f 911/986/984 2949/987/983 910/983/983
f 912/988/985 2948/989/984 911/986/984
f 913/990/986 2947/991/985 912/988/985
f 913/990/986 2945/992/987 2946/993/986
f 901/968/975 2945/992/987 914/994/987
f 1101/995/988 1103/996/989 1102/997/990
f 1099/998/991 1103/996/992 1100/999/993
f 1143/1000/994 1145/1001/995 1144/1002/996
f 1141/1003/997 1145/1001/998 1142/1004/999
f 934/1005/1000 973/1006/1001 931/1007/1002
f 937/1008/1003 976/1009/1004 934/1005/1000
f 940/1010/1005 979/1011/1006 937/1008/1003
f 943/1012/1007 982/1013/1008 940/1010/1005
f 946/1014/1009 985/1015/1010 943/1012/1007
f 949/1016/1011 988/1017/1012 946/1014/1009
f 952/1018/1013 991/1019/1014 949/1016/1011
f 955/1020/1015 994/1021/1016 952/1018/1013
f 958/1022/1017 997/1023/1018 955/1020/1015
f 961/1024/1019 1000/1025/1020 958/1022/1017
f 964/1026/1021 1003/1027/1022 961/1024/1019
f 967/1028/1023 1006/1029/1024 964/1026/1021
f 970/1030/1025 1009/1031/1026 967/1028/1023
f 931/1032/1002 1012/1033/1027 970/1030/1025
f 1104/1034/1028 1099/998/991 929/1035/199
f 1107/1036/1029 1104/1034/1028 929/1035/199
f 1110/1037/1030 1107/1036/1029 929/1035/199
f 1113/1038/1031 1110/1037/1030 929/1035/199
f 1116/1039/1032 1113/1038/1031 929/1035/199
f 1119/1040/1033 1116/1039/1032 929/1035/199
f 1122/1041/1034 1119/1040/1033 929/1035/199
f 1125/1042/1035 1122/1041/1034 929/1035/199
f 1128/1043/1036 1125/1042/1035 929/1035/199
f 1131/1044/1037 1128/1043/1036 929/1035/199
f 1134/1045/1038 1131/1044/1037 929/1035/199
f 1137/1046/1039 1134/1045/1038 929/1035/199
f 1140/1047/1040 1137/1046/1039 929/1035/199
f 1099/998/991 1140/1047/1040 929/1035/199
f 1143/1000/994 1144/1002/996 930/1048/178
f 1144/1002/996 1147/1049/1041 930/1048/178
f 1147/1049/1041 1150/1050/1042 930/1048/178
f 1150/1050/1042 1153/1051/1043 930/1048/178
f 1153/1051/1043 1156/1052/1044 930/1048/178
f 1156/1052/1044 1159/1053/1045 930/1048/178
f 1159/1053/1045 1162/1054/1046 930/1048/178
f 1162/1054/1046 1165/1055/1047 930/1048/178
f 1165/1055/1047 1168/1056/1048 930/1048/178
f 1168/1056/1048 1171/1057/1049 930/1048/178
f 1171/1057/1049 1174/1058/1050 930/1048/178
f 1174/1058/1050 1177/1059/1051 930/1048/178
f 1177/1059/1051 1180/1060/1052 930/1048/178
f 1180/1060/1052 1143/1000/994 930/1048/178
f 936/1061/1053 1015/1062/1054 1018/1063/1055
f 936/1061/1053 1021/1064/1056 939/1065/1057
f 939/1065/1057 1024/1066/1058 942/1067/1059
f 945/1068/1060 1024/1066/1058 1027/1069/1061
f 945/1068/1060 1030/1070/1062 948/1071/1063
f 948/1071/1063 1033/1072/1064 951/1073/1065
f 954/1074/1066 1033/1072/1064 1036/1075/1067
f 954/1074/1066 1039/1076/1068 957/1077/1069
f 957/1077/1069 1042/1078/1070 960/1079/1071
f 963/1080/1072 1042/1078/1070 1045/1081/1073
f 966/1082/1074 1045/1081/1073 1048/1083/1075
f 966/1082/1074 1051/1084/1076 969/1085/1077
f 969/1085/1077 1054/1086/1078 972/1087/1079
f 933/1088/1080 1054/1086/1078 1015/1062/1054
f 978/1089/1081 1057/1090/1082 975/1091/1083
f 978/1089/1081 1063/1092/1084 1060/1093/1085
f 981/1094/1086 1066/1095/1087 1063/1092/1084
f 987/1096/1088 1066/1095/1087 984/1097/1089
f 987/1096/1088 1072/1098/1090 1069/1099/1091
f 990/1100/1092 1075/1101/1093 1072/1098/1090
f 996/1102/1094 1075/1101/1093 993/1103/1095
f 996/1102/1094 1081/1104/1096 1078/1105/1097
f 999/1106/1098 1084/1107/1099 1081/1104/1096
f 1005/1108/1100 1084/1107/1099 1002/1109/1101
f 1008/1110/1102 1087/1111/1103 1005/1108/1100
f 1008/1110/1102 1093/1112/1104 1090/1113/1105
f 1011/1114/1106 1096/1115/1107 1093/1112/1104
f 975/1091/1083 1096/1115/1107 1014/1116/1108
f 1020/1117/1109 1101/995/988 1102/997/990
f 1023/1118/1110 1102/997/990 1105/1119/1111
f 1023/1118/1110 1108/1120/1112 1026/1121/1113
f 1026/1121/1113 1111/1122/1114 1029/1123/1115
f 1029/1123/1115 1114/1124/1116 1032/1125/1117
f 1032/1125/1117 1117/1126/1118 1035/1127/1119
f 1035/1127/1119 1120/1128/1120 1038/1129/1121
f 1038/1129/1121 1123/1130/1122 1041/1131/1123
f 1041/1131/1123 1126/1132/1124 1044/1133/1125
f 1044/1133/1125 1129/1134/1126 1047/1135/1127
f 1047/1135/1127 1132/1136/1128 1050/1137/1129
f 1050/1137/1129 1135/1138/1130 1053/1139/1131
f 1053/1139/1131 1138/1140/1132 1056/1141/1133
f 1056/1141/1133 1101/995/988 1017/1142/1134
f 1062/1143/1135 1141/1003/997 1059/1144/1136
f 1065/1145/1137 1146/1146/1138 1062/1143/1135
f 1068/1147/1139 1149/1148/1140 1065/1145/1137
f 1071/1149/1141 1152/1150/1142 1068/1147/1139
f 1074/1151/1143 1155/1152/1144 1071/1149/1141
f 1077/1153/1145 1158/1154/1146 1074/1151/1143
f 1080/1155/1147 1161/1156/1148 1077/1153/1145
f 1083/1157/1149 1164/1158/1150 1080/1155/1147
f 1086/1159/1151 1167/1160/1152 1083/1157/1149
f 1089/1161/1153 1170/1162/1154 1086/1159/1151
f 1092/1163/1155 1173/1164/1156 1089/1161/1153
f 1095/1165/1157 1176/1166/1158 1092/1163/1155
f 1098/1167/1159 1179/1168/1160 1095/1165/1157
f 1059/1144/1136 1182/1169/1161 1098/1167/1159
f 931/1007/1002 935/1170/1162 934/1005/1000
f 932/1171/960 936/1061/1053 935/1172/1163
f 934/1005/1000 938/1173/1164 937/1008/1003
f 936/1061/1053 938/1174/1165 935/1172/1163
f 938/1173/1164 940/1010/1005 937/1008/1003
f 939/1065/1057 941/1175/1166 938/1174/1165
f 941/1176/1167 943/1012/1007 940/1010/1005
f 941/1175/1166 945/1068/1060 944/1177/1168
f 944/1178/1169 946/1014/1009 943/1012/1007
f 944/1177/1168 948/1071/1063 947/1179/1170
f 947/1180/1171 949/1016/1011 946/1014/1009
f 947/1179/1170 951/1073/1065 950/1181/1172
f 949/1016/1011 953/1182/1173 952/1018/1013
f 951/1073/1065 953/1183/1174 950/1181/1172
f 952/1018/1013 956/1184/1175 955/1020/1015
f 954/1074/1066 956/1185/1176 953/1183/1174
f 955/1020/1015 959/1186/1177 958/1022/1017
f 957/1077/1069 959/1187/1178 956/1185/1176
f 959/1186/1177 961/1024/1019 958/1022/1017
f 960/1079/1071 962/1188/1179 959/1187/1178
f 962/1189/1180 964/1026/1021 961/1024/1019
f 962/1188/1179 966/1082/1074 965/1190/1181
f 965/1191/1182 967/1028/1023 964/1026/1021
f 965/1190/1181 969/1085/1077 968/1192/863
f 968/1193/1183 970/1030/1025 967/1028/1023
f 968/1192/863 972/1087/1079 971/1194/1184
f 932/1171/960 972/1087/1079 933/1088/1080
f 932/1195/1185 970/1030/1025 971/1196/1186
f 974/1197/706 1012/1033/1027 973/1198/1001
f 974/1199/813 1014/1116/1108 1013/1200/1187
f 975/1091/1083 977/1201/1188 978/1089/1081
f 973/1006/1001 977/1202/1189 974/1203/706
f 978/1089/1081 980/1204/1190 981/1094/1086
f 976/1009/1004 980/1205/1191 977/1202/1189
f 980/1204/1190 984/1097/1089 981/1094/1086
f 979/1011/1006 983/1206/1192 980/1205/1191
f 983/1207/1193 987/1096/1088 984/1097/1089
f 983/1206/1192 985/1015/1010 986/1208/1194
f 986/1209/1195 990/1100/1092 987/1096/1088
f 986/1208/1194 988/1017/1012 989/1210/1196
f 989/1211/1197 993/1103/1095 990/1100/1092
f 989/1210/1196 991/1019/1014 992/1212/1198
f 993/1103/1095 995/1213/1199 996/1102/1094
f 991/1019/1014 995/1214/1200 992/1212/1198
f 996/1102/1094 998/1215/1201 999/1106/1098
f 994/1021/1016 998/1216/1202 995/1214/1200
f 999/1106/1098 1001/1217/1203 1002/1109/1101
f 997/1023/1018 1001/1218/1204 998/1216/1202
f 1001/1217/1203 1005/1108/1100 1002/1109/1101
f 1000/1025/1020 1004/1219/1205 1001/1218/1204
f 1004/1220/1206 1008/1110/1102 1005/1108/1100
f 1004/1219/1205 1006/1029/1024 1007/1221/957
f 1007/1222/1207 1011/1114/1106 1008/1110/1102
f 1007/1221/957 1009/1031/1026 1010/1223/1208
f 1010/1224/1209 1014/1116/1108 1011/1114/1106
f 1010/1223/1208 1012/1033/1027 1013/1225/1210
f 1016/1226/1211 1018/1063/1055 1015/1062/1054
f 1016/1226/1212 1020/1117/1109 1019/1227/1213
f 1019/1227/1214 1021/1064/1056 1018/1063/1055
f 1019/1227/1213 1023/1118/1110 1022/1228/1215
f 1022/1228/1216 1024/1066/1058 1021/1064/1056
f 1023/1118/1110 1025/1229/1217 1022/1228/1215
f 1024/1066/1058 1028/1230/1218 1027/1069/1061
f 1026/1121/1113 1028/1230/1219 1025/1229/1217
f 1027/1069/1061 1031/1231/1220 1030/1070/1062
f 1029/1123/1115 1031/1231/1221 1028/1230/1219
f 1030/1070/1062 1034/1232/1222 1033/1072/1064
f 1032/1125/1117 1034/1232/1223 1031/1231/1221
f 1034/1232/1222 1036/1075/1067 1033/1072/1064
f 1034/1232/1223 1038/1129/1121 1037/1233/1224
f 1037/1233/1225 1039/1076/1068 1036/1075/1067
f 1037/1233/1224 1041/1131/1123 1040/1234/1226
f 1040/1234/1227 1042/1078/1070 1039/1076/1068
f 1040/1234/1226 1044/1133/1125 1043/1235/1228
f 1042/1078/1070 1046/1236/1229 1045/1081/1073
f 1043/1235/1228 1047/1135/1127 1046/1236/1230
f 1045/1081/1073 1049/1237/1231 1048/1083/1075
f 1047/1135/1127 1049/1237/1232 1046/1236/1230
f 1048/1083/1075 1052/1238/1233 1051/1084/1076
f 1050/1137/1129 1052/1238/1234 1049/1237/1232
f 1051/1084/1076 1055/1239/1235 1054/1086/1078
f 1053/1139/1131 1055/1239/1236 1052/1238/1234
f 1016/1226/1212 1056/1141/1133 1017/1142/1134
f 1015/1062/1054 1055/1239/1235 1016/1226/1211
f 1057/1090/1082 1097/1240/1237 1096/1115/1107
f 1059/1144/1136 1097/1240/1238 1058/1241/1239
f 1058/1241/1239 1062/1143/1135 1059/1144/1136
f 1058/1241/1240 1060/1093/1085 1061/1242/1241
f 1061/1242/1242 1065/1145/1137 1062/1143/1135
f 1061/1242/1241 1063/1092/1084 1064/1243/1243
f 1064/1243/1244 1068/1147/1139 1065/1145/1137
f 1064/1243/1243 1066/1095/1087 1067/1244/1245
f 1068/1147/1139 1070/1245/1246 1071/1149/1141
f 1066/1095/1087 1070/1245/1247 1067/1244/1245
f 1071/1149/1141 1073/1246/1248 1074/1151/1143
f 1069/1099/1091 1073/1246/1249 1070/1245/1247
f 1074/1151/1143 1076/1247/1250 1077/1153/1145
f 1072/1098/1090 1076/1247/1251 1073/1246/1249
f 1076/1247/1250 1080/1155/1147 1077/1153/1145
f 1076/1247/1251 1078/1105/1097 1079/1248/1252
f 1079/1248/1253 1083/1157/1149 1080/1155/1147
f 1079/1248/1252 1081/1104/1096 1082/1249/1254
f 1082/1249/800 1086/1159/1151 1083/1157/1149
f 1082/1249/1254 1084/1107/1099 1085/1250/1255
f 1086/1159/1151 1088/1251/1256 1089/1161/1153
f 1084/1107/1099 1088/1251/1257 1085/1250/1255
f 1089/1161/1153 1091/1252/1258 1092/1163/1155
f 1087/1111/1103 1091/1252/1259 1088/1251/1257
f 1092/1163/1155 1094/1253/1260 1095/1165/1157
f 1090/1113/1105 1094/1253/1261 1091/1252/1259
f 1095/1165/1157 1097/1240/1238 1098/1167/1159
f 1093/1112/1104 1097/1240/1237 1094/1253/1261
f 1102/997/990 1106/1254/1262 1105/1119/1111
f 1104/1034/1028 1106/1254/1263 1103/996/992
f 1105/1119/1111 1109/1255/1264 1108/1120/1112
f 1107/1036/1029 1109/1255/1265 1106/1254/1263
f 1109/1255/1264 1111/1122/1114 1108/1120/1112
f 1109/1255/1265 1113/1038/1031 1112/1256/1266
f 1112/1256/1267 1114/1124/1116 1111/1122/1114
f 1112/1256/1266 1116/1039/1032 1115/1257/1268
f 1114/1124/1116 1118/1258/1269 1117/1126/1118
f 1115/1257/1268 1119/1040/1033 1118/1258/849
f 1118/1258/1269 1120/1128/1120 1117/1126/1118
f 1119/1040/1033 1121/1259/1270 1118/1258/849
f 1120/1128/1120 1124/1260/1271 1123/1130/1122
f 1122/1041/1034 1124/1260/1272 1121/1259/1270
f 1124/1260/1271 1126/1132/1124 1123/1130/1122
f 1124/1260/1272 1128/1043/1036 1127/1261/1273
f 1127/1261/1274 1129/1134/1126 1126/1132/1124
f 1127/1261/1273 1131/1044/1037 1130/1262/1275
f 1129/1134/1126 1133/1263/1276 1132/1136/1128
f 1130/1262/1275 1134/1045/1038 1133/1263/1277
f 1133/1263/1276 1135/1138/1130 1132/1136/1128
f 1133/1263/1277 1137/1046/1039 1136/1264/1278
f 1136/1264/1279 1138/1140/1132 1135/1138/1130
f 1136/1264/1278 1140/1047/1040 1139/1265/1280
f 1100/999/993 1140/1047/1040 1099/998/991
f 1100/999/1281 1138/1140/1132 1139/1265/1282
f 1144/1002/996 1148/1266/1283 1147/1049/1041
f 1146/1146/1138 1148/1266/1284 1145/1001/998
f 1147/1049/1041 1151/1267/1285 1150/1050/1042
f 1149/1148/1140 1151/1267/1286 1148/1266/1284
f 1151/1267/1285 1153/1051/1043 1150/1050/1042
f 1151/1267/1286 1155/1152/1144 1154/1268/1287
f 1154/1268/1288 1156/1052/1044 1153/1051/1043
f 1154/1268/1287 1158/1154/1146 1157/1269/1289
f 1157/1269/1290 1159/1053/1045 1156/1052/1044
f 1157/1269/1289 1161/1156/1148 1160/1270/1291
f 1159/1053/1045 1163/1271/1292 1162/1054/1046
f 1161/1156/1148 1163/1271/1293 1160/1270/1291
f 1162/1054/1046 1166/1272/1294 1165/1055/1047
f 1164/1158/1150 1166/1272/334 1163/1271/1293
f 1166/1272/1294 1168/1056/1048 1165/1055/1047
f 1166/1272/334 1170/1162/1154 1169/1273/1295
f 1169/1273/1296 1171/1057/1049 1168/1056/1048
f 1169/1273/1295 1173/1164/1156 1172/1274/1297
f 1172/1274/1298 1174/1058/1050 1171/1057/1049
f 1173/1164/1156 1175/1275/1299 1172/1274/1297
f 1175/1275/1300 1177/1059/1051 1174/1058/1050
f 1175/1275/1299 1179/1168/1160 1178/1276/1301
f 1178/1276/1302 1180/1060/1052 1177/1059/1051
f 1179/1168/1160 1181/1277/1303 1178/1276/1301
f 1142/1004/999 1182/1169/1161 1141/1003/997
f 1142/1004/1304 1180/1060/1052 1181/1277/1305
f 1191/1278/1306 1184/1279/1307 1183/1280/1308
f 1192/1281/1309 1185/1282/1310 1184/1279/1307
f 1193/1283/1311 1186/1284/1312 1185/1282/1310
f 1194/1285/1313 1187/1286/1314 1186/1284/1312
f 1187/1286/1314 1196/1287/1315 1188/1288/1316
f 1188/1288/1316 1197/1289/1317 1189/1290/1318
f 1189/1290/1318 1198/1291/1319 1190/1292/1320
f 1190/1292/1320 1191/1293/1306 1183/1294/1308
f 1199/1295/1321 1192/1281/1309 1191/1278/1306
f 1200/1296/1322 1193/1283/1311 1192/1281/1309
f 1201/1297/1323 1194/1285/1313 1193/1283/1311
f 1202/1298/1324 1195/1299/1325 1194/1285/1313
f 1195/1299/1325 1204/1300/1326 1196/1287/1315
f 1196/1287/1315 1205/1301/1327 1197/1289/1317
f 1197/1289/1317 1206/1302/1328 1198/1291/1319
f 1198/1291/1319 1199/1303/1321 1191/1293/1306
f 1207/1304/1329 1200/1296/1322 1199/1295/1321
f 1208/1305/1330 1201/1297/1323 1200/1296/1322
f 1209/1306/1331 1202/1298/1324 1201/1297/1323
f 1210/1307/1332 1203/1308/1333 1202/1298/1324
f 1203/1308/1333 1212/1309/1334 1204/1300/1326
f 1204/1300/1326 1213/1310/1335 1205/1301/1327
f 1205/1301/1327 1214/1311/1336 1206/1302/1328
f 1206/1302/1328 1207/1312/1329 1199/1303/1321
f 1215/1313/1337 1208/1305/1330 1207/1304/1329
f 1216/1314/1338 1209/1306/1331 1208/1305/1330
f 1217/1315/1339 1210/1307/1332 1209/1306/1331
f 1218/1316/1340 1211/1317/1341 1210/1307/1332
f 1211/1317/1341 1220/1318/1342 1212/1309/1334
f 1212/1309/1334 1221/1319/1343 1213/1310/1335
f 1213/1310/1335 1222/1320/1344 1214/1311/1336
f 1214/1311/1336 1215/1321/1337 1207/1312/1329
f 1223/1322/1345 1216/1314/1338 1215/1313/1337
f 1224/1323/1346 1217/1315/1339 1216/1314/1338
f 1225/1324/1347 1218/1316/1340 1217/1315/1339
f 1226/1325/1348 1219/1326/1349 1218/1316/1340
f 1219/1326/1349 1228/1327/1350 1220/1318/1342
f 1220/1318/1342 1229/1328/1351 1221/1319/1343
f 1221/1319/1343 1230/1329/1352 1222/1320/1344
f 1222/1320/1344 1223/1330/1345 1215/1321/1337
f 1231/1331/1353 1224/1323/1346 1223/1322/1345
f 1224/1323/1346 1233/1332/1354 1225/1324/1347
f 1225/1324/1347 1234/1333/1355 1226/1325/1348
f 1226/1325/1348 1235/1334/1356 1227/1335/1357
f 1235/1334/1356 1228/1327/1350 1227/1335/1357
f 1236/1336/1358 1229/1328/1351 1228/1327/1350
f 1237/1337/1359 1230/1329/1352 1229/1328/1351
f 1238/1338/1360 1223/1330/1345 1230/1329/1352
f 1231/1331/1353 1240/1339/1361 1232/1340/1362
f 1232/1340/1362 1241/1341/1363 1233/1332/1354
f 1233/1332/1354 1242/1342/1364 1234/1333/1355
f 1234/1333/1355 1243/1343/1365 1235/1334/1356
f 1243/1343/1365 1236/1336/1358 1235/1334/1356
f 1244/1344/1366 1237/1337/1359 1236/1336/1358
f 1245/1345/1367 1238/1338/1360 1237/1337/1359
f 1246/1346/1368 1231/1347/1353 1238/1338/1360
f 1239/1348/1369 1248/1349/1370 1240/1339/1361
f 1240/1339/1361 1249/1350/1371 1241/1341/1363
f 1241/1341/1363 1250/1351/1372 1242/1342/1364
f 1242/1342/1364 1251/1352/1373 1243/1343/1365
f 1251/1352/1373 1244/1344/1366 1243/1343/1365
f 1252/1353/1374 1245/1345/1367 1244/1344/1366
f 1253/1354/1375 1246/1346/1368 1245/1345/1367
f 1254/1355/1376 1239/1356/1369 1246/1346/1368
f 1247/1357/1377 1256/1358/1378 1248/1349/1370
f 1248/1349/1370 1257/1359/1379 1249/1350/1371
f 1249/1350/1371 1258/1360/1380 1250/1351/1372
f 1250/1351/1372 1259/1361/1381 1251/1352/1373
f 1259/1361/1381 1252/1353/1374 1251/1352/1373
f 1260/1362/1382 1253/1354/1375 1252/1353/1374
f 1261/1363/1383 1254/1355/1376 1253/1354/1375
f 1262/1364/1384 1247/1365/1377 1254/1355/1376
f 1255/1366/1385 1264/1367/1386 1256/1358/1378
f 1256/1358/1378 1265/1368/1387 1257/1359/1379
f 1257/1359/1379 1266/1369/1388 1258/1360/1380
f 1258/1360/1380 1267/1370/1389 1259/1361/1381
f 1267/1370/1389 1260/1362/1382 1259/1361/1381
f 1268/1371/1390 1261/1363/1383 1260/1362/1382
f 1269/1372/1391 1262/1364/1384 1261/1363/1383
f 1270/1373/1392 1255/1374/1385 1262/1364/1384
f 1271/1375/1393 1264/1367/1386 1263/1376/1394
f 1272/1377/1395 1265/1368/1387 1264/1367/1386
f 1273/1378/1396 1266/1369/1388 1265/1368/1387
f 1274/1379/1397 1267/1370/1389 1266/1369/1388
f 1267/1370/1389 1276/1380/1398 1268/1371/1390
f 1268/1371/1390 1277/1381/1399 1269/1372/1391
f 1269/1372/1391 1278/1382/1400 1270/1373/1392
f 1270/1373/1392 1271/1383/1393 1263/1384/1394
f 1279/1385/1401 1272/1377/1395 1271/1375/1393
f 1280/1386/1402 1273/1378/1396 1272/1377/1395
f 1281/1387/1403 1274/1379/1397 1273/1378/1396
f 1282/1388/1404 1275/1389/1405 1274/1379/1397
f 1275/1389/1405 1284/1390/1406 1276/1380/1398
f 1276/1380/1398 1285/1391/1407 1277/1381/1399
f 1277/1381/1399 1286/1392/1408 1278/1382/1400
f 1278/1382/1400 1279/1393/1401 1271/1383/1393
f 1287/1394/1409 1280/1386/1402 1279/1385/1401
f 1288/1395/1410 1281/1387/1403 1280/1386/1402
f 1289/1396/1411 1282/1388/1404 1281/1387/1403
f 1290/1397/1412 1283/1398/1413 1282/1388/1404
f 1283/1398/1413 1292/1399/1414 1284/1390/1406
f 1284/1390/1406 1293/1400/1415 1285/1391/1407
f 1285/1391/1407 1294/1401/1416 1286/1392/1408
f 1286/1392/1408 1287/1402/1409 1279/1393/1401
f 1295/1403/1417 1288/1395/1410 1287/1394/1409
f 1296/1404/1418 1289/1396/1411 1288/1395/1410
f 1297/1405/1419 1290/1397/1412 1289/1396/1411
f 1298/1406/1420 1291/1407/1421 1290/1397/1412
f 1291/1407/1421 1300/1408/1422 1292/1399/1414
f 1292/1399/1414 1301/1409/1423 1293/1400/1415
f 1293/1400/1415 1302/1410/1424 1294/1401/1416
f 1294/1401/1416 1295/1411/1417 1287/1402/1409
f 1295/1403/1417 1304/1412/1425 1296/1404/1418
f 1296/1404/1418 1305/1413/1426 1297/1405/1419
f 1297/1405/1419 1306/1414/1427 1298/1406/1420
f 1298/1406/1420 1307/1415/1428 1299/1416/1429
f 1307/1415/1428 1300/1408/1422 1299/1416/1429
f 1308/1417/1430 1301/1409/1423 1300/1408/1422
f 1309/1418/1431 1302/1410/1424 1301/1409/1423
f 1310/1419/1432 1295/1411/1417 1302/1410/1424
f 1303/1420/1433 1312/1421/1434 1304/1412/1425
f 1304/1412/1425 1313/1422/1435 1305/1413/1426
f 1305/1413/1426 1314/1423/1436 1306/1414/1427
f 1306/1414/1427 1315/1424/1064 1307/1415/1428
f 1315/1424/1064 1308/1417/1430 1307/1415/1428
f 1316/1425/1437 1309/1418/1431 1308/1417/1430
f 1317/1426/1438 1310/1419/1432 1309/1418/1431
f 1318/1427/1439 1303/1428/1433 1310/1419/1432
f 1311/1429/1440 1320/1430/1441 1312/1421/1434
f 1312/1421/1434 1321/1431/1442 1313/1422/1435
f 1313/1422/1435 1322/1432/1443 1314/1423/1436
f 1314/1423/1436 1323/1433/1444 1315/1424/1064
f 1323/1433/1444 1316/1425/1437 1315/1424/1064
f 1324/1434/1445 1317/1426/1438 1316/1425/1437
f 1325/1435/1446 1318/1427/1439 1317/1426/1438
f 1326/1436/1447 1311/1437/1440 1318/1427/1439
f 1319/1438/1448 1328/1439/1449 1320/1430/1441
f 1320/1430/1441 1329/1440/1450 1321/1431/1442
f 1321/1431/1442 1330/1441/1451 1322/1432/1443
f 1322/1432/1443 1331/1442/1452 1323/1433/1444
f 1331/1442/1452 1324/1434/1445 1323/1433/1444
f 1332/1443/1453 1325/1435/1446 1324/1434/1445
f 1333/1444/1454 1326/1436/1447 1325/1435/1446
f 1334/1445/1455 1319/1446/1448 1326/1436/1447
f 1335/1447/1456 1344/1448/1457 1336/1449/1458
f 1336/1449/1458 1345/1450/1459 1337/1451/1460
f 1337/1451/1460 1346/1452/1461 1338/1453/1462
f 1338/1453/1462 1347/1454/1463 1339/1455/1464
f 1347/1454/1463 1340/1456/1465 1339/1455/1464
f 1348/1457/1466 1341/1458/1467 1340/1456/1465
f 1349/1459/1468 1342/1460/1469 1341/1458/1467
f 1350/1461/1470 1335/1462/1456 1342/1460/1469
f 1343/1463/1471 1352/1464/1472 1344/1448/1457
f 1344/1448/1457 1353/1465/1473 1345/1450/1459
f 1345/1450/1459 1354/1466/1474 1346/1452/1461
f 1346/1452/1461 1355/1467/1475 1347/1454/1463
f 1355/1467/1475 1348/1457/1466 1347/1454/1463
f 1356/1468/1476 1349/1459/1468 1348/1457/1466
f 1357/1469/1477 1350/1461/1470 1349/1459/1468
f 1358/1470/1478 1343/1471/1471 1350/1461/1470
f 1351/1472/1479 1360/1473/1480 1352/1464/1472
f 1352/1464/1472 1361/1474/1481 1353/1465/1473
f 1353/1465/1473 1362/1475/1482 1354/1466/1474
f 1354/1466/1474 1363/1476/1483 1355/1467/1475
f 1363/1476/1483 1356/1468/1476 1355/1467/1475
f 1364/1477/1484 1357/1469/1477 1356/1468/1476
f 1365/1478/1485 1358/1470/1478 1357/1469/1477
f 1366/1479/1486 1351/1480/1479 1358/1470/1478
f 1359/1481/1487 1368/1482/1488 1360/1473/1480
f 1360/1473/1480 1369/1483/1489 1361/1474/1481
f 1361/1474/1481 1370/1484/1490 1362/1475/1482
f 1362/1475/1482 1371/1485/1491 1363/1476/1483
f 1371/1485/1491 1364/1477/1484 1363/1476/1483
f 1372/1486/1492 1365/1478/1485 1364/1477/1484
f 1373/1487/1493 1366/1479/1486 1365/1478/1485
f 1374/1488/1494 1359/1489/1487 1366/1479/1486
f 1367/1490/1495 1376/1491/1496 1368/1482/1488
f 1368/1482/1488 1377/1492/1497 1369/1483/1489
f 1369/1483/1489 1378/1493/1498 1370/1484/1490
f 1370/1484/1490 1379/1494/1499 1371/1485/1491
f 1379/1494/1499 1372/1486/1492 1371/1485/1491
f 1380/1495/1500 1373/1487/1493 1372/1486/1492
f 1381/1496/1501 1374/1488/1494 1373/1487/1493
f 1382/1497/1502 1367/1498/1495 1374/1488/1494
f 1375/1499/1503 1384/1500/1504 1376/1491/1496
f 1376/1491/1496 1385/1501/1505 1377/1492/1497
f 1377/1492/1497 1386/1502/1506 1378/1493/1498
f 1378/1493/1498 1387/1503/1507 1379/1494/1499
f 1387/1503/1507 1380/1495/1500 1379/1494/1499
f 1388/1504/1508 1381/1496/1501 1380/1495/1500
f 1389/1505/1509 1382/1497/1502 1381/1496/1501
f 1390/1506/1510 1375/1507/1503 1382/1497/1502
f 1391/1508/1511 1384/1500/1504 1383/1509/1512
f 1392/1510/1513 1385/1501/1505 1384/1500/1504
f 1393/1511/1514 1386/1502/1506 1385/1501/1505
f 1394/1512/1515 1387/1503/1507 1386/1502/1506
f 1387/1503/1507 1396/1513/1516 1388/1504/1508
f 1388/1504/1508 1397/1514/1517 1389/1505/1509
f 1389/1505/1509 1398/1515/1518 1390/1506/1510
f 1390/1506/1510 1391/1516/1511 1383/1517/1512
f 1399/1518/1519 1392/1510/1513 1391/1508/1511
f 1400/1519/1520 1393/1511/1514 1392/1510/1513
f 1401/1520/1521 1394/1512/1515 1393/1511/1514
f 1402/1521/1522 1395/1522/1523 1394/1512/1515
f 1395/1522/1523 1404/1523/1524 1396/1513/1516
f 1396/1513/1516 1405/1524/1525 1397/1514/1517
f 1397/1514/1517 1406/1525/1526 1398/1515/1518
f 1398/1515/1518 1399/1526/1519 1391/1516/1511
f 1407/1527/1527 1400/1519/1520 1399/1518/1519
f 1408/1528/1528 1401/1520/1521 1400/1519/1520
f 1409/1529/1529 1402/1521/1522 1401/1520/1521
f 1410/1530/1530 1403/1531/1531 1402/1521/1522
f 1403/1531/1531 1412/1532/1532 1404/1523/1524
f 1404/1523/1524 1413/1533/1533 1405/1524/1525
f 1405/1524/1525 1414/1534/1534 1406/1525/1526
f 1406/1525/1526 1407/1535/1527 1399/1526/1519
f 1407/1527/1527 1416/1536/1535 1408/1528/1528
f 1408/1528/1528 1417/1537/1536 1409/1529/1529
f 1409/1529/1529 1418/1538/1537 1410/1530/1530
f 1410/1530/1530 1419/1539/1538 1411/1540/1539
f 1419/1539/1538 1412/1532/1532 1411/1540/1539
f 1420/1541/1540 1413/1533/1533 1412/1532/1532
f 1421/1542/1541 1414/1534/1534 1413/1533/1533
f 1422/1543/1542 1407/1535/1527 1414/1534/1534
f 1415/1544/1543 1424/1545/1544 1416/1536/1535
f 1416/1536/1535 1425/1546/1545 1417/1537/1536
f 1417/1537/1536 1426/1547/1546 1418/1538/1537
f 1418/1538/1537 1427/1548/1547 1419/1539/1538
f 1427/1548/1547 1420/1541/1540 1419/1539/1538
f 1428/1549/1548 1421/1542/1541 1420/1541/1540
f 1429/1550/1549 1422/1543/1542 1421/1542/1541
f 1430/1551/1550 1415/1552/1543 1422/1543/1542
f 1423/1553/1551 1432/1554/1552 1424/1545/1544
f 1424/1545/1544 1433/1555/1553 1425/1546/1545
f 1425/1546/1545 1434/1556/1554 1426/1547/1546
f 1426/1547/1546 1435/1557/1555 1427/1548/1547
f 1435/1557/1555 1428/1549/1548 1427/1548/1547
f 1436/1558/1556 1429/1550/1549 1428/1549/1548
f 1437/1559/1557 1430/1551/1550 1429/1550/1549
f 1438/1560/1558 1423/1561/1551 1430/1551/1550
f 1431/1562/1559 1440/1563/1560 1432/1554/1552
f 1432/1554/1552 1441/1564/1561 1433/1555/1553
f 1433/1555/1553 1442/1565/1562 1434/1556/1554
f 1434/1556/1554 1443/1566/1563 1435/1557/1555
f 1443/1566/1563 1436/1558/1556 1435/1557/1555
f 1444/1567/1564 1437/1559/1557 1436/1558/1556
f 1445/1568/1565 1438/1560/1558 1437/1559/1557
f 1446/1569/1566 1431/1570/1559 1438/1560/1558
f 1439/1571/1567 1448/1572/1568 1440/1563/1560
f 1440/1563/1560 1449/1573/1569 1441/1564/1561
f 1441/1564/1561 1450/1574/1570 1442/1565/1562
f 1442/1565/1562 1451/1575/1571 1443/1566/1563
f 1451/1575/1571 1444/1567/1564 1443/1566/1563
f 1452/1576/1572 1445/1568/1565 1444/1567/1564
f 1453/1577/1573 1446/1569/1566 1445/1568/1565
f 1454/1578/1574 1439/1579/1567 1446/1569/1566
f 1447/1580/1575 1456/1581/1576 1448/1572/1568
f 1448/1572/1568 1457/1582/1577 1449/1573/1569
f 1449/1573/1569 1458/1583/1578 1450/1574/1570
f 1450/1574/1570 1459/1584/1579 1451/1575/1571
f 1459/1584/1579 1452/1576/1572 1451/1575/1571
f 1460/1585/1580 1453/1577/1573 1452/1576/1572
f 1461/1586/1581 1454/1578/1574 1453/1577/1573
f 1462/1587/1582 1447/1588/1575 1454/1578/1574
f 1455/1589/1583 1464/1590/1584 1456/1581/1576
f 1456/1581/1576 1465/1591/1585 1457/1582/1577
f 1457/1582/1577 1466/1592/1586 1458/1583/1578
f 1458/1583/1578 1467/1593/1587 1459/1584/1579
f 1467/1593/1587 1460/1585/1580 1459/1584/1579
f 1468/1594/1588 1461/1586/1581 1460/1585/1580
f 1469/1595/1589 1462/1587/1582 1461/1586/1581
f 1470/1596/1590 1455/1597/1583 1462/1587/1582
f 1471/1598/1591 1464/1590/1584 1463/1599/1592
f 1472/1600/1593 1465/1591/1585 1464/1590/1584
f 1473/1601/1594 1466/1592/1586 1465/1591/1585
f 1474/1602/1595 1467/1593/1587 1466/1592/1586
f 1467/1593/1587 1476/1603/1596 1468/1594/1588
f 1468/1594/1588 1477/1604/1597 1469/1595/1589
f 1469/1595/1589 1478/1605/1598 1470/1596/1590
f 1470/1596/1590 1471/1606/1591 1463/1607/1592
f 1479/1608/1599 1472/1600/1593 1471/1598/1591
f 1480/1609/1600 1473/1601/1594 1472/1600/1593
f 1481/1610/1601 1474/1602/1595 1473/1601/1594
f 1482/1611/1602 1475/1612/1603 1474/1602/1595
f 1475/1612/1603 1484/1613/1604 1476/1603/1596
f 1476/1603/1596 1485/1614/1605 1477/1604/1597
f 1477/1604/1597 1486/1615/1606 1478/1605/1598
f 1478/1605/1598 1479/1616/1599 1471/1606/1591
f 1479/1608/1599 1488/1617/1607 1480/1609/1600
f 1480/1609/1600 1489/1618/1608 1481/1610/1601
f 1481/1610/1601 1490/1619/1609 1482/1611/1602
f 1482/1611/1602 1491/1620/1610 1483/1621/1611
f 1491/1620/1610 1484/1613/1604 1483/1621/1611
f 1492/1622/1612 1485/1614/1605 1484/1613/1604
f 1493/1623/1613 1486/1615/1606 1485/1614/1605
f 1494/1624/1614 1479/1616/1599 1486/1615/1606
f 1495/1625/1615 1488/1617/1607 1487/1626/1616
f 1496/1627/1617 1489/1618/1608 1488/1617/1607
f 1497/1628/1618 1490/1619/1609 1489/1618/1608
f 1498/1629/1619 1491/1620/1610 1490/1619/1609
f 1491/1620/1610 1500/1630/1620 1492/1622/1612
f 1492/1622/1612 1501/1631/1621 1493/1623/1613
f 1493/1623/1613 1502/1632/1622 1494/1624/1614
f 1494/1624/1614 1495/1633/1615 1487/1634/1616
f 1503/1635/1623 1496/1627/1617 1495/1625/1615
f 1504/1636/1624 1497/1628/1618 1496/1627/1617
f 1505/1637/1625 1498/1629/1619 1497/1628/1618
f 1506/1638/1626 1499/1639/1627 1498/1629/1619
f 1499/1639/1627 1508/1640/1628 1500/1630/1620
f 1500/1630/1620 1509/1641/1629 1501/1631/1621
f 1501/1631/1621 1510/1642/1630 1502/1632/1622
f 1502/1632/1622 1503/1643/1623 1495/1633/1615
f 1511/1644/1631 1504/1636/1624 1503/1635/1623
f 1512/1645/1632 1505/1637/1625 1504/1636/1624
f 1513/1646/1633 1506/1638/1626 1505/1637/1625
f 1514/1647/1634 1507/1648/1635 1506/1638/1626
f 1507/1648/1635 1516/1649/1636 1508/1640/1628
f 1508/1640/1628 1517/1650/1637 1509/1641/1629
f 1509/1641/1629 1518/1651/1638 1510/1642/1630
f 1510/1642/1630 1511/1652/1631 1503/1643/1623
f 1519/1653/1639 1512/1645/1632 1511/1644/1631
f 1520/1654/1640 1513/1646/1633 1512/1645/1632
f 1521/1655/1641 1514/1647/1634 1513/1646/1633
f 1522/1656/1642 1515/1657/1643 1514/1647/1634
f 1515/1657/1643 1524/1658/1644 1516/1649/1636
f 1516/1649/1636 1525/1659/1645 1517/1650/1637
f 1517/1650/1637 1526/1660/1646 1518/1651/1638
f 1518/1651/1638 1519/1661/1639 1511/1652/1631
f 1527/1662/1647 1520/1654/1640 1519/1653/1639
f 1528/1663/1648 1521/1655/1641 1520/1654/1640
f 1529/1664/1649 1522/1656/1642 1521/1655/1641
f 1530/1665/1650 1523/1666/1651 1522/1656/1642
f 1523/1666/1651 1532/1667/1652 1524/1658/1644
f 1524/1658/1644 1533/1668/1653 1525/1659/1645
f 1525/1659/1645 1534/1669/1654 1526/1660/1646
f 1526/1660/1646 1527/1670/1647 1519/1661/1639
f 1543/1671/1655 1536/1672/1656 1535/1673/1655
f 1544/1674/1656 1537/1675/305 1536/1672/1656
f 1545/1676/305 1538/1677/1657 1537/1675/305
f 1546/1678/1657 1539/1679/1658 1538/1677/1657
f 1547/1680/1658 1540/1681/1659 1539/1679/1658
f 1548/1682/1659 1541/1683/291 1540/1681/1659
f 1549/1684/291 1542/1685/1660 1541/1683/291
f 1550/1686/1660 1535/1687/1655 1542/1685/1660
f 1551/1688/1655 1544/1674/1656 1543/1671/1655
f 1552/1689/1656 1545/1676/305 1544/1674/1656
f 1553/1690/305 1546/1678/1657 1545/1676/305
f 1554/1691/1657 1547/1680/1658 1546/1678/1657
f 1555/1692/1658 1548/1682/1659 1547/1680/1658
f 1556/1693/1659 1549/1684/291 1548/1682/1659
f 1557/1694/291 1550/1686/1660 1549/1684/291
f 1558/1695/1660 1543/1696/1655 1550/1686/1660
f 1559/1697/1655 1552/1689/1656 1551/1688/1655
f 1560/1698/1656 1553/1690/305 1552/1689/1656
f 1561/1699/305 1554/1691/1657 1553/1690/305
f 1562/1700/1657 1555/1692/1658 1554/1691/1657
f 1563/1701/1658 1556/1693/1659 1555/1692/1658
f 1564/1702/1659 1557/1694/291 1556/1693/1659
f 1565/1703/291 1558/1695/1660 1557/1694/291
f 1566/1704/1660 1551/1705/1655 1558/1695/1660
f 1567/1706/1655 1560/1698/1656 1559/1697/1655
f 1568/1707/1656 1561/1699/305 1560/1698/1656
f 1569/1708/305 1562/1700/1657 1561/1699/305
f 1570/1709/1657 1563/1701/1658 1562/1700/1657
f 1571/1710/1658 1564/1702/1659 1563/1701/1658
f 1572/1711/1659 1565/1703/291 1564/1702/1659
f 1573/1712/291 1566/1704/1660 1565/1703/291
f 1574/1713/1660 1559/1714/1655 1566/1704/1660
f 1575/1715/1655 1568/1707/1656 1567/1706/1655
f 1576/1716/1656 1569/1708/305 1568/1707/1656
f 1577/1717/305 1570/1709/1657 1569/1708/305
f 1578/1718/1657 1571/1710/1658 1570/1709/1657
f 1579/1719/1658 1572/1711/1659 1571/1710/1658
f 1580/1720/1659 1573/1712/291 1572/1711/1659
f 1581/1721/291 1574/1713/1660 1573/1712/291
f 1582/1722/1660 1567/1723/1655 1574/1713/1660
f 1591/1724/1658 1584/1725/1657 1583/1726/1658
f 1592/1727/1657 1585/1728/305 1584/1725/1657
f 1593/1729/305 1586/1730/1656 1585/1728/305
f 1594/1731/1656 1587/1732/1655 1586/1730/1656
f 1595/1733/1655 1588/1734/1660 1587/1732/1655
f 1596/1735/1660 1589/1736/291 1588/1734/1660
f 1597/1737/291 1590/1738/1659 1589/1736/291
f 1598/1739/1659 1583/1740/1658 1590/1738/1659
f 1599/1741/1658 1592/1727/1657 1591/1724/1658
f 1600/1742/1657 1593/1729/305 1592/1727/1657
f 1601/1743/305 1594/1731/1656 1593/1729/305
f 1602/1744/1656 1595/1733/1655 1594/1731/1656
f 1603/1745/1655 1596/1735/1660 1595/1733/1655
f 1604/1746/1660 1597/1737/291 1596/1735/1660
f 1605/1747/291 1598/1739/1659 1597/1737/291
f 1606/1748/1659 1591/1749/1658 1598/1739/1659
f 1615/1750/1658 1608/1751/1657 1607/1752/1658
f 1616/1753/1657 1609/1754/305 1608/1751/1657
f 1617/1755/305 1610/1756/1656 1609/1754/305
f 1618/1757/1656 1611/1758/1655 1610/1756/1656
f 1619/1759/1655 1612/1760/1660 1611/1758/1655
f 1620/1761/1660 1613/1762/291 1612/1760/1660
f 1621/1763/291 1614/1764/1659 1613/1762/291
f 1622/1765/1659 1607/1766/1658 1614/1764/1659
f 1623/1767/1658 1616/1753/1657 1615/1750/1658
f 1624/1768/1657 1617/1755/305 1616/1753/1657
f 1625/1769/305 1618/1757/1656 1617/1755/305
f 1626/1770/1656 1619/1759/1655 1618/1757/1656
f 1627/1771/1655 1620/1761/1660 1619/1759/1655
f 1628/1772/1660 1621/1763/291 1620/1761/1660
f 1629/1773/291 1622/1765/1659 1621/1763/291
f 1630/1774/1659 1615/1775/1658 1622/1765/1659
f 1660/1776/178 1661/1777/178 1662/1778/178
f 1661/1777/178 1663/1779/178 1662/1778/178
f 1663/1779/178 1664/1780/178 1662/1778/178
f 1664/1780/178 1665/1781/178 1662/1778/178
f 1665/1781/178 1666/1782/178 1662/1778/178
f 1666/1782/178 1667/1783/178 1662/1778/178
f 1667/1783/178 1668/1784/178 1662/1778/178
f 1668/1784/178 1669/1785/178 1662/1778/178
f 1669/1785/178 1670/1786/178 1662/1778/178
f 1670/1786/178 1671/1787/178 1662/1778/178
f 1671/1787/178 1672/1788/178 1662/1778/178
f 1672/1788/178 1673/1789/178 1662/1778/178
f 1673/1789/178 1674/1790/178 1662/1778/178
f 1674/1790/178 1660/1776/178 1662/1778/178
f 1645/1791/1661 1680/1792/1662 1675/1793/1663
f 1647/1794/1664 1680/1795/1662 1646/1796/1665
f 1648/1797/1666 1685/1798/1667 1647/1794/1664
f 1649/1799/1668 1690/1800/1669 1648/1797/1666
f 1650/1801/1670 1695/1802/1671 1649/1799/1668
f 1651/1803/1672 1700/1804/1673 1650/1801/1670
f 1652/1805/1674 1705/1806/1675 1651/1803/1672
f 1652/1805/1674 1715/1807/1676 1710/1808/1677
f 1654/1809/1678 1715/1807/1676 1653/1810/1679
f 1654/1809/1678 1725/1811/1680 1720/1812/1681
f 1656/1813/1682 1725/1811/1680 1655/1814/1683
f 1656/1813/1682 1735/1815/1684 1730/1816/1685
f 1658/1817/1686 1735/1815/1684 1657/1818/1687
f 1645/1791/1661 1740/1819/1688 1658/1817/1686
f 1684/1820/1689 1660/1821/1690 1679/1822/1691
f 1689/1823/1692 1661/1824/1693 1684/1825/1689
f 1689/1823/1692 1664/1826/1694 1663/1827/1695
f 1699/1828/1696 1664/1826/1694 1694/1829/1697
f 1699/1828/1696 1666/1830/1698 1665/1831/1699
f 1704/1832/1700 1667/1833/1701 1666/1830/1698
f 1714/1834/1702 1667/1833/1701 1709/1835/1703
f 1719/1836/1704 1668/1837/1705 1714/1834/1702
f 1724/1838/1706 1669/1839/1707 1719/1836/1704
f 1724/1838/1706 1671/1840/1708 1670/1841/1709
f 1729/1842/1710 1672/1843/1711 1671/1840/1708
f 1739/1844/1712 1672/1843/1711 1734/1845/1713
f 1739/1844/1712 1674/1846/1714 1673/1847/1715
f 1679/1822/1691 1674/1846/1714 1744/1848/1716
f 1679/1822/1691 1743/1849/1717 1678/1850/1718
f 1677/1851/1719 1743/1849/1717 1742/1852/1720
f 1675/1793/1663 1741/1853/1721 1740/1819/1688
f 1677/1851/1719 1741/1853/1721 1676/1854/1722
f 1678/1850/1718 1684/1820/1689 1679/1822/1691
f 1678/1850/1718 1682/1855/1723 1683/1856/1724
f 1676/1854/1722 1682/1855/1723 1677/1851/1719
f 1675/1793/1663 1681/1857/1725 1676/1854/1722
f 1683/1858/1724 1689/1823/1692 1684/1825/1689
f 1683/1858/1724 1687/1859/1726 1688/1860/1727
f 1681/1861/1725 1687/1859/1726 1682/1862/1723
f 1681/1861/1725 1685/1798/1667 1686/1863/1728
f 1688/1860/1727 1694/1829/1697 1689/1823/1692
f 1687/1859/1726 1693/1864/1729 1688/1860/1727
f 1687/1859/1726 1691/1865/1730 1692/1866/1731
f 1686/1863/1728 1690/1800/1669 1691/1865/1730
f 1694/1829/1697 1698/1867/1732 1699/1828/1696
f 1692/1866/1731 1698/1867/1732 1693/1864/1729
f 1692/1866/1731 1696/1868/1733 1697/1869/1734
f 1691/1865/1730 1695/1802/1671 1696/1868/1733
f 1699/1828/1696 1703/1870/1735 1704/1832/1700
f 1697/1869/1734 1703/1870/1735 1698/1867/1732
f 1697/1869/1734 1701/1871/1736 1702/1872/1737
f 1695/1802/1671 1701/1871/1736 1696/1868/1733
f 1703/1870/1735 1709/1835/1703 1704/1832/1700
f 1703/1870/1735 1707/1873/1738 1708/1874/1739
f 1702/1872/1737 1706/1875/1740 1707/1873/1738
f 1701/1871/1736 1705/1806/1675 1706/1875/1740
f 1708/1874/1739 1714/1834/1702 1709/1835/1703
f 1708/1874/1739 1712/1876/1741 1713/1877/1742
f 1706/1875/1740 1712/1876/1741 1707/1873/1738
f 1706/1875/1740 1710/1808/1677 1711/1878/1743
f 1714/1834/1702 1718/1879/1744 1719/1836/1704
f 1713/1877/1742 1717/1880/1745 1718/1879/1744
f 1711/1878/1743 1717/1880/1745 1712/1876/1741
f 1710/1808/1677 1716/1881/1746 1711/1878/1743
f 1718/1879/1744 1724/1838/1706 1719/1836/1704
f 1718/1879/1744 1722/1882/1747 1723/1883/1748
f 1717/1880/1745 1721/1884/1749 1722/1882/1747
f 1716/1881/1746 1720/1812/1681 1721/1884/1749
f 1723/1883/1748 1729/1842/1710 1724/1838/1706
f 1722/1882/1747 1728/1885/1750 1723/1883/1748
f 1721/1884/1749 1727/1886/1751 1722/1882/1747
f 1720/1812/1681 1726/1887/1752 1721/1884/1749
f 1729/1842/1710 1733/1888/1753 1734/1845/1713
f 1727/1886/1751 1733/1888/1753 1728/1885/1750
f 1727/1886/1751 1731/1889/1754 1732/1890/1755
f 1726/1887/1752 1730/1816/1685 1731/1889/1754
f 1733/1888/1753 1739/1844/1712 1734/1845/1713
f 1733/1888/1753 1737/1891/1756 1738/1892/1757
f 1731/1889/1754 1737/1891/1756 1732/1890/1755
f 1730/1816/1685 1736/1893/1758 1731/1889/1754
f 1739/1844/1712 1743/1849/1717 1744/1848/1716
f 1738/1892/1757 1742/1852/1720 1743/1849/1717
f 1737/1891/1756 1741/1853/1721 1742/1852/1720
f 1736/1893/1758 1740/1819/1688 1741/1853/1721
f 1745/1894/1759 1771/1895/1760 1772/1896/1760
f 1746/1897/1759 1748/1898/1761 1747/1899/1761
f 1748/1900/1761 1749/1901/1762 1747/1902/1761
f 1750/1903/1762 1751/1904/1763 1749/1901/1762
f 1752/1905/1763 1753/1906/1764 1751/1904/1763
f 1754/1907/1765 1755/1908/1766 1753/1906/1764
f 1756/1909/1766 1757/1910/1767 1755/1908/1766
f 1758/1911/1767 1759/1912/1768 1757/1910/1767
f 1760/1913/1768 1761/1914/1769 1759/1912/1768
f 1761/1914/1769 1764/1915/1770 1763/1916/1770
f 1763/1916/1770 1766/1917/1771 1765/1918/1771
f 1765/1918/1771 1768/1919/1772 1767/1920/1772
f 1767/1920/1772 1770/1921/1773 1769/1922/1774
f 1770/1921/1773 1771/1895/1760 1769/1922/1774
f 1748/1923/199 1745/1924/199 1659/1925/199
f 1750/1926/199 1748/1923/199 1659/1925/199
f 1752/1927/199 1750/1926/199 1659/1925/199
f 1754/1928/199 1752/1927/199 1659/1925/199
f 1756/1929/199 1754/1928/199 1659/1925/199
f 1758/1930/199 1756/1929/199 1659/1925/199
f 1760/1931/199 1758/1930/199 1659/1925/199
f 1762/1932/199 1760/1931/199 1659/1925/199
f 1764/1933/199 1762/1932/199 1659/1925/199
f 1766/1934/199 1764/1933/199 1659/1925/199
f 1768/1935/199 1766/1934/199 1659/1925/199
f 1770/1936/199 1768/1935/199 1659/1925/199
f 1772/1937/199 1770/1936/199 1659/1925/199
f 1745/1924/199 1772/1937/199 1659/1925/199
f 1631/1938/282 1747/1899/280 1632/1939/280
f 1632/1940/280 1749/1901/283 1633/1941/283
f 1633/1941/283 1751/1904/285 1634/1942/285
f 1634/1942/285 1753/1906/1775 1635/1943/287
f 1635/1943/287 1755/1908/1776 1636/1944/1776
f 1636/1944/1776 1757/1910/291 1637/1945/291
f 1637/1945/291 1759/1912/1777 1638/1946/293
f 1638/1946/293 1761/1914/295 1639/1947/295
f 1639/1947/295 1763/1916/297 1640/1948/297
f 1640/1948/297 1765/1918/299 1641/1949/299
f 1641/1949/299 1767/1920/1778 1642/1950/301
f 1642/1950/301 1769/1922/1779 1643/1951/1779
f 1643/1951/1779 1771/1895/305 1644/1952/305
f 1644/1952/305 1746/1897/1780 1631/1938/282
f 1778/1953/1781 1631/1938/1782 1632/1939/1783
f 1778/1954/1781 1633/1941/1784 1781/1955/1785
f 1781/1955/1785 1634/1942/1786 1784/1956/1787
f 1787/1957/1788 1634/1942/1786 1635/1943/1789
f 1787/1957/1788 1636/1944/1790 1790/1958/1791
f 1790/1958/1791 1637/1945/1792 1793/1959/1793
f 1796/1960/1794 1637/1945/1792 1638/1946/1795
f 1799/1961/1796 1638/1946/1795 1639/1947/1797
f 1799/1961/1796 1640/1948/1798 1802/1962/1799
f 1805/1963/1800 1640/1948/1798 1641/1949/1801
f 1808/1964/1802 1641/1949/1801 1642/1950/1803
f 1808/1964/1802 1643/1951/1804 1811/1965/1805
f 1811/1965/1805 1644/1952/1806 1814/1966/1807
f 1775/1967/1808 1644/1952/1806 1631/1938/1782
f 1773/1968/1809 1777/1969/1810 1776/1970/1811
f 1775/1967/1808 1777/1969/1810 1774/1971/1812
f 1776/1972/1811 1780/1973/1813 1779/1974/1814
f 1778/1954/1781 1780/1973/1813 1777/1975/1810
f 1780/1973/1813 1782/1976/1815 1779/1974/1814
f 1781/1955/1785 1783/1977/1816 1780/1973/1813
f 1783/1977/1816 1785/1978/1817 1782/1976/1815
f 1783/1977/1816 1787/1957/1788 1786/1979/1818
f 1785/1978/1817 1789/1980/1819 1788/1981/1820
f 1787/1957/1788 1789/1980/1819 1786/1979/1818
f 1789/1980/1819 1791/1982/1821 1788/1981/1820
f 1789/1980/1819 1793/1959/1793 1792/1983/1822
f 1791/1982/1821 1795/1984/1823 1794/1985/1824
f 1793/1959/1793 1795/1984/1823 1792/1983/1822
f 1795/1984/1823 1797/1986/1825 1794/1985/1824
f 1796/1960/1794 1798/1987/1826 1795/1984/1823
f 1797/1986/1825 1801/1988/1827 1800/1989/1828
f 1798/1987/1826 1802/1962/1799 1801/1988/1827
f 1801/1988/1827 1803/1990/1829 1800/1989/1828
f 1802/1962/1799 1804/1991/1830 1801/1988/1827
f 1804/1991/1830 1806/1992/1831 1803/1990/1829
f 1804/1991/1830 1808/1964/1802 1807/1993/1832
f 1807/1993/1832 1809/1994/1833 1806/1992/1831
f 1807/1993/1832 1811/1965/1805 1810/1995/1834
f 1809/1994/1833 1813/1996/1835 1812/1997/1836
f 1810/1995/1834 1814/1966/1807 1813/1996/1835
f 1774/1971/1812 1814/1966/1807 1775/1967/1808
f 1773/1968/1809 1813/1996/1835 1774/1971/1812
f 1815/1998/1837 1818/1999/1838 1817/2000/1838
f 1816/2001/1837 1841/2002/1839 1842/2003/1839
f 1817/2004/1838 1820/2005/1840 1819/2006/1840
f 1820/2005/1840 1821/2007/1841 1819/2006/1840
f 1821/2007/1841 1824/2008/1842 1823/2009/1842
f 1823/2009/1842 1826/2010/1843 1825/2011/1843
f 1826/2010/1843 1827/2012/1844 1825/2011/1843
f 1827/2012/1844 1830/2013/1845 1829/2014/1845
f 1830/2013/1845 1831/2015/1846 1829/2014/1845
f 1832/2016/1846 1833/2017/1847 1831/2015/1846
f 1834/2018/1847 1835/2019/1848 1833/2017/1847
f 1835/2019/1848 1838/2020/1849 1837/2021/1850
f 1838/2020/1849 1839/2022/1851 1837/2021/1850
f 1840/2023/1851 1841/2002/1839 1839/2022/1851
f 1817/2000/1852 1645/1791/1853 1815/1998/1854
f 1817/2004/1852 1647/1794/1855 1646/1796/1852
f 1819/2006/1855 1648/1797/1856 1647/1794/1855
f 1823/2009/1857 1648/1797/1856 1821/2007/1856
f 1823/2009/1857 1650/1801/1858 1649/1799/1857
f 1825/2011/1858 1651/1803/1859 1650/1801/1858
f 1829/2014/1860 1651/1803/1859 1827/2012/1859
f 1831/2015/1861 1652/1805/1860 1829/2014/1860
f 1831/2015/1861 1654/1809/1862 1653/1810/1861
f 1835/2019/1863 1654/1809/1862 1833/2017/1862
f 1837/2021/1864 1655/1814/1863 1835/2019/1863
f 1837/2021/1864 1657/1818/1865 1656/1813/1864
f 1839/2022/1866 1658/1817/1867 1657/1818/1865
f 1815/1998/1854 1658/1817/1867 1841/2002/1867
f 1776/1970/1811 1816/2024/282 1773/1968/1809
f 1779/1974/1814 1818/2025/280 1776/1972/1811
f 1782/1976/1815 1820/2026/283 1779/1974/1814
f 1785/1978/1817 1822/2027/285 1782/1976/1815
f 1788/1981/1820 1824/2028/287 1785/1978/1817
f 1791/1982/1821 1826/2029/289 1788/1981/1820
f 1794/1985/1824 1828/2030/291 1791/1982/1821
f 1797/1986/1825 1830/2031/293 1794/1985/1824
f 1800/1989/1828 1832/2032/295 1797/1986/1825
f 1803/1990/1829 1834/2033/297 1800/1989/1828
f 1806/1992/1831 1836/2034/299 1803/1990/1829
f 1809/1994/1833 1838/2035/301 1806/1992/1831
f 1812/1997/1836 1840/2036/303 1809/1994/1833
f 1773/1968/1809 1842/2037/305 1812/1997/1836
f 1850/2038/1868 1851/2039/1869 1847/2040/1870
f 1849/2041/1871 1852/2042/1868 1850/2038/1868
f 1848/2043/1872 1853/2044/1871 1849/2041/1871
f 1856/2045/1873 1864/2046/1874 1857/2047/1875
f 1855/2048/1876 1865/2049/1877 1856/2045/1873
f 1863/2050/1878 1866/2051/1879 1855/2052/1876
f 1881/2053/1880 1854/2054/1881 1848/2043/1872
f 1863/2050/1878 1879/2055/1655 1867/2056/1882
f 1879/2055/1655 1868/2057/1883 1872/2058/1884
f 1854/2054/1881 1862/2059/1885 1853/2044/1871
f 1852/2042/1868 1860/2060/1886 1851/2039/1869
f 1853/2044/1871 1861/2061/1887 1852/2042/1868
f 1867/2056/1882 1875/2062/1879 1866/2051/1879
f 1865/2049/1877 1873/2063/1888 1864/2046/1874
f 1866/2064/1879 1874/2065/1877 1865/2049/1877
f 1863/2050/1878 1876/2066/1889 1862/2059/1885
f 1855/2048/1876 1877/2067/1890 1876/2068/1889
f 1857/2047/1875 1877/2067/1890 1856/2045/1873
f 1858/2069/1891 1878/2070/1892 1877/2067/1890
f 1860/2060/1886 1878/2071/1892 1859/2072/1893
f 1878/2071/1892 1862/2059/1885 1876/2073/1889
f 1876/2068/1889 1877/2067/1890 1878/2070/1892
f 1889/2074/1894 1891/2075/1895 1890/2076/1896
f 1887/2077/1897 1891/2078/1895 1888/2079/1898
f 1846/2080/1899 1884/2081/1900 1881/2053/1880
f 1845/2082/1901 1887/2077/1897 1884/2083/1900
f 1844/2084/1902 1892/2085/1903 1887/2077/1897
f 1904/2086/1904 1843/2087/1905 1903/2088/199
f 1906/2089/1906 1871/2090/1907 1890/2076/1896
f 1890/2076/1896 1870/2091/1908 1889/2074/1894
f 1886/2092/1909 1868/2057/1883 1883/2093/1910
f 1889/2074/1894 1869/2094/1911 1886/2095/1909
f 1883/2093/1910 1885/2096/1912 1886/2092/1909
f 1881/2053/1880 1885/2096/1912 1882/2097/1913
f 1886/2095/1909 1888/2098/1898 1889/2074/1894
f 1884/2083/1900 1888/2079/1898 1885/2099/1912
f 1891/2075/1895 1906/2089/1906 1890/2076/1896
f 1892/2085/1903 1905/2100/1914 1891/2078/1895
f 1882/2097/1913 1880/2101/1655 1881/2053/1880
f 1880/2101/1655 1893/2102/1655 1894/2103/1655
f 1879/2055/1655 1882/2097/1913 1883/2093/1910
f 1880/2101/1655 1863/2050/1878 1854/2054/1881
f 1894/2103/1655 1893/2102/1655 1879/2055/1655
f 1851/2039/1869 1895/2104/178 1847/2040/1870
f 1896/2105/178 1860/2060/1886 1897/2106/1915
f 1897/2106/1915 1859/2072/1893 1898/2107/1916
f 1898/2108/1916 1858/2069/1891 1899/2109/1917
f 1899/2109/1917 1857/2047/1875 1900/2110/1918
f 1901/2111/291 1857/2047/1875 1864/2046/1874
f 1901/2111/291 1873/2063/1888 1902/2112/291
f 1916/2113/1919 1915/2114/1920 1912/2115/1921
f 1917/2116/1920 1914/2117/1922 1915/2114/1920
f 1918/2118/1922 1913/2119/1923 1914/2117/1922
f 1929/2120/1924 1921/2121/1925 1922/2122/1926
f 1930/2123/1927 1920/2124/1928 1921/2121/1925
f 1931/2125/1929 1928/2126/1930 1920/2127/1928
f 1913/2119/1923 1945/2128/1658 1946/2129/1931
f 1928/2126/1930 1944/2130/1658 1959/2131/1658
f 1937/2132/1932 1948/2133/1933 1944/2130/1658
f 1927/2134/1934 1919/2135/1935 1918/2118/1922
f 1925/2136/1936 1917/2116/1920 1916/2113/1919
f 1926/2137/1937 1918/2118/1922 1917/2116/1920
f 1940/2138/1929 1932/2139/1938 1931/2125/1929
f 1938/2140/1939 1930/2123/1927 1929/2120/1924
f 1939/2141/1927 1931/2142/1929 1930/2123/1927
f 1941/2143/1940 1928/2126/1930 1927/2134/1934
f 1942/2144/1941 1920/2124/1928 1941/2145/1940
f 1942/2144/1941 1922/2122/1926 1921/2121/1925
f 1943/2146/1942 1923/2147/1943 1942/2144/1941
f 1943/2148/1942 1925/2136/1936 1924/2149/1944
f 1943/2148/1942 1927/2134/1934 1926/2137/1937
f 1941/2145/1940 1943/2146/1942 1942/2144/1941
f 1954/2150/1945 1956/2151/1946 1953/2152/1947
f 1956/2153/1946 1952/2154/1948 1953/2155/1947
f 1911/2156/1949 1949/2157/1950 1910/2158/1951
f 1910/2158/1951 1952/2154/1948 1909/2159/1952
f 1909/2159/1952 1957/2160/1953 1908/2161/1954
f 1908/2161/1954 1904/2086/1904 1903/2088/199
f 1936/2162/1955 1906/2089/1906 1955/2163/1956
f 1935/2164/1957 1955/2163/1956 1954/2150/1945
f 1933/2165/1958 1951/2166/1959 1948/2133/1933
f 1934/2167/1960 1954/2150/1945 1951/2168/1959
f 1948/2133/1933 1950/2169/1961 1947/2170/1962
f 1950/2169/1961 1946/2129/1931 1947/2170/1962
f 1951/2168/1959 1953/2152/1947 1950/2171/1961
f 1953/2155/1947 1949/2157/1950 1950/2172/1961
f 1906/2089/1906 1956/2151/1946 1955/2163/1956
f 1905/2100/1914 1957/2160/1953 1956/2153/1946
f 1945/2128/1658 1947/2170/1962 1946/2129/1931
f 1945/2128/1658 1959/2131/1658 1958/2173/1658
f 1944/2130/1658 1947/2170/1962 1958/2173/1658
f 1928/2126/1930 1945/2128/1658 1919/2135/1935
f 1959/2131/1658 1944/2130/1658 1958/2173/1658
f 1895/2104/178 1916/2113/1919 1912/2115/1921
f 1925/2136/1936 1896/2105/178 1897/2106/1915
f 1924/2149/1944 1897/2106/1915 1898/2107/1916
f 1923/2147/1943 1898/2108/1916 1899/2109/1917
f 1922/2122/1926 1899/2109/1917 1900/2110/1918
f 1922/2122/1926 1901/2111/291 1929/2120/1924
f 1938/2140/1939 1901/2111/291 1902/2112/291
f 2602/2174/1963 2564/2175/1964 2563/2176/1965
f 2567/2177/1966 2565/2178/1967 2564/2175/1964
f 2567/2177/1966 2133/2179/1968 2566/2180/1969
f 2566/2180/1969 2568/2181/1970 2565/2178/1967
f 2566/2180/1969 2132/2182/1971 2569/2183/1972
f 2569/2183/1972 2570/2184/1973 2568/2181/1970
f 2569/2183/1972 2131/2185/1974 2571/2186/1975
f 2573/2187/1976 2570/2184/1973 2571/2186/1975
f 2571/2186/1975 2130/2188/1977 2573/2187/1976
f 2575/2189/1978 2572/2190/1979 2573/2187/1976
f 2573/2187/1976 2129/2191/1980 2575/2189/1978
f 2577/2192/1981 2574/2193/1982 2575/2189/1978
f 2129/2191/1980 2577/2192/1981 2575/2189/1978
f 2579/2194/1983 2576/2195/1984 2577/2192/1981
f 2577/2192/1981 2127/2196/1985 2579/2194/1983
f 2579/2194/1983 2580/2197/1986 2578/2198/1987
f 2579/2194/1983 2126/2199/1988 2581/2200/1989
f 2581/2200/1989 2582/2201/1990 2580/2197/1986
f 2581/2200/1989 2123/2202/1991 2583/2203/1992
f 2583/2203/1992 2584/2204/1993 2582/2201/1990
f 2123/2202/1991 2585/2205/1994 2583/2203/1992
f 2585/2205/1994 2586/2206/1995 2584/2204/1993
f 2124/2207/1996 2587/2208/1997 2585/2205/1994
f 2587/2208/1997 2588/2209/1998 2586/2206/1995
f 2125/2210/1999 2589/2211/2000 2587/2208/1997
f 2589/2211/2000 2590/2212/2001 2588/2209/1998
f 2142/2213/2002 2591/2214/2003 2589/2211/2000
f 2591/2214/2003 2592/2215/2004 2590/2212/2001
f 2141/2216/2005 2593/2217/2006 2591/2214/2003
f 2593/2217/2006 2594/2218/2007 2592/2215/2004
f 2140/2219/2008 2595/2220/2009 2593/2217/2006
f 2595/2220/2009 2596/2221/2010 2594/2218/2007
f 2595/2220/2009 2138/2222/2011 2597/2223/2012
f 2599/2224/2013 2596/2221/2010 2597/2223/2012
f 2597/2223/2012 2137/2225/2014 2599/2224/2013
f 2599/2224/2013 2600/2226/2015 2598/2227/2016
f 2599/2224/2013 2136/2228/2017 2601/2229/2018
f 2601/2229/2018 2563/2176/1965 2600/2226/2015
f 2136/2228/2017 2602/2174/1963 2601/2229/2018
f 2602/2174/1963 2134/2230/2019 2567/2177/1966
f 2607/2231/2020 2603/2232/2021 2642/2233/2022
f 2606/2234/2023 2604/2235/2024 2607/2231/2020
f 2644/2236/2025 2606/2234/2023 2607/2231/2020
f 2609/2237/2026 2605/2238/2027 2606/2234/2023
f 2645/2239/2028 2609/2237/2026 2606/2234/2023
f 2609/2237/2026 2610/2240/2029 2608/2241/2030
f 2609/2237/2026 2650/2242/2031 2611/2243/2032
f 2611/2243/2032 2612/2244/2033 2610/2240/2029
f 2611/2243/2032 2652/2245/2034 2613/2246/2035
f 2615/2247/2036 2612/2244/2033 2613/2246/2035
f 2652/2245/2034 2615/2247/2036 2613/2246/2035
f 2617/2248/2037 2614/2249/2038 2615/2247/2036
f 2615/2247/2036 2656/2250/2039 2617/2248/2037
f 2619/2251/2040 2616/2252/2041 2617/2248/2037
f 2656/2250/2039 2619/2251/2040 2617/2248/2037
f 2619/2251/2040 2620/2253/2042 2618/2254/2043
f 2619/2251/2040 2660/2255/2044 2621/2256/2045
f 2621/2256/2045 2622/2257/2046 2620/2253/2042
f 2621/2256/2045 2662/2258/2047 2623/2259/2048
f 2623/2259/2048 2624/2260/2049 2622/2257/2046
f 2623/2259/2048 2664/2261/2050 2625/2262/2051
f 2627/2263/2052 2624/2260/2049 2625/2262/2051
f 2666/2264/2053 2625/2262/2051 2664/2261/2050
f 2629/2265/2054 2626/2266/2055 2627/2263/2052
f 2627/2263/2052 2668/2267/2056 2629/2265/2054
f 2631/2268/2057 2628/2269/2058 2629/2265/2054
f 2629/2265/2054 2670/2270/2059 2631/2268/2057
f 2633/2271/2060 2630/2272/2061 2631/2268/2057
f 2631/2268/2057 2672/2273/2062 2633/2271/2060
f 2635/2274/2063 2632/2275/2064 2633/2271/2060
f 2633/2271/2060 2674/2276/2065 2635/2274/2063
f 2635/2274/2063 2636/2277/2066 2634/2278/2067
f 2635/2274/2063 2676/2279/2068 2637/2280/2069
f 2637/2280/2069 2638/2281/2070 2636/2277/2066
f 2637/2280/2069 2678/2282/2071 2639/2283/2072
f 2641/2284/2073 2638/2281/2070 2639/2283/2072
f 2678/2282/2071 2641/2284/2073 2639/2283/2072
f 2642/2233/2022 2640/2285/2074 2641/2284/2073
f 2680/2286/2075 2642/2233/2022 2641/2284/2073
f 2642/2233/2022 2644/2236/2025 2607/2231/2020
f 2682/2287/2076 2644/2236/2025 2643/2288/2077
f 2647/2289/2078 2645/2239/2028 2644/2236/2025
f 2684/2290/2079 2646/2291/2080 2647/2289/2078
f 2649/2292/2081 2645/2239/2028 2646/2291/2080
f 2685/2293/2082 2649/2292/2081 2646/2291/2080
f 2649/2292/2081 2650/2242/2031 2648/2294/2083
f 2688/2295/2084 2651/2296/2085 2649/2292/2081
f 2651/2296/2085 2652/2245/2034 2650/2242/2031
f 2690/2297/2086 2653/2298/2087 2651/2296/2085
f 2655/2299/2088 2652/2245/2034 2653/2298/2087
f 2692/2300/2089 2655/2299/2088 2653/2298/2087
f 2657/2301/2090 2654/2302/2091 2655/2299/2088
f 2655/2299/2088 2696/2303/2092 2657/2301/2090
f 2657/2301/2090 2658/2304/2093 2656/2250/2039
f 2657/2301/2090 2698/2305/2094 2659/2306/2095
f 2661/2307/2096 2658/2304/2093 2659/2306/2095
f 2698/2305/2094 2661/2307/2096 2659/2306/2095
f 2661/2307/2096 2662/2258/2047 2660/2255/2044
f 2661/2307/2096 2702/2308/2097 2663/2309/2098
f 2663/2309/2098 2664/2261/2050 2662/2258/2047
f 2663/2309/2098 2704/2310/2099 2665/2311/2100
f 2665/2311/2100 2666/2264/2053 2664/2261/2050
f 2704/2310/2099 2667/2312/2101 2665/2311/2100
f 2667/2312/2101 2668/2267/2056 2666/2264/2053
f 2706/2313/2102 2669/2314/2103 2667/2312/2101
f 2669/2314/2103 2670/2270/2059 2668/2267/2056
f 2708/2315/2104 2671/2316/2105 2669/2314/2103
f 2671/2316/2105 2672/2273/2062 2670/2270/2059
f 2710/2317/2106 2673/2318/2107 2671/2316/2105
f 2673/2318/2107 2674/2276/2065 2672/2273/2062
f 2712/2319/2108 2675/2320/2109 2673/2318/2107
f 2675/2320/2109 2676/2279/2068 2674/2276/2065
f 2714/2321/2110 2677/2322/2111 2675/2320/2109
f 2677/2322/2111 2678/2282/2071 2676/2279/2068
f 2716/2323/2112 2679/2324/2113 2677/2322/2111
f 2679/2324/2113 2680/2286/2075 2678/2282/2071
f 2679/2324/2113 2720/2325/2114 2681/2326/2115
f 2681/2326/2115 2643/2288/2077 2680/2286/2075
f 2720/2325/2114 2682/2287/2076 2681/2326/2115
f 2683/2327/2116 2647/2289/2078 2682/2287/2076
f 2722/2328/2117 2684/2290/2079 2683/2327/2116
f 2687/2329/2118 2685/2293/2082 2684/2290/2079
f 2724/2330/2119 2686/2331/2120 2687/2329/2118
f 2686/2331/2120 2688/2295/2084 2685/2293/2082
f 2723/2332/2121 2689/2333/2122 2686/2331/2120
f 2691/2334/2123 2688/2295/2084 2689/2333/2122
f 2725/2335/2124 2691/2334/2123 2689/2333/2122
f 2693/2336/2125 2690/2297/2086 2691/2334/2123
f 2726/2337/2126 2693/2336/2125 2691/2334/2123
f 2693/2336/2125 2694/2338/2127 2692/2300/2089
f 2727/2339/2128 2695/2340/2129 2693/2336/2125
f 2697/2341/2130 2694/2338/2127 2695/2340/2129
f 2728/2342/2131 2697/2341/2130 2695/2340/2129
f 2699/2343/2132 2696/2303/2092 2697/2341/2130
f 2697/2341/2130 2730/2344/2133 2699/2343/2132
f 2701/2345/2134 2698/2305/2094 2699/2343/2132
f 2699/2343/2132 2731/2346/2135 2701/2345/2134
f 2703/2347/2136 2700/2348/2137 2701/2345/2134
f 2731/2346/2135 2703/2347/2136 2701/2345/2134
f 2703/2347/2136 2704/2310/2099 2702/2308/2097
f 2732/2349/2138 2705/2350/2139 2703/2347/2136
f 2705/2350/2139 2706/2313/2102 2704/2310/2099
f 2705/2350/2139 2734/2351/2140 2707/2352/2141
f 2709/2353/2142 2706/2313/2102 2707/2352/2141
f 2707/2352/2141 2735/2354/2143 2709/2353/2142
f 2709/2353/2142 2710/2317/2106 2708/2315/2104
f 2709/2353/2142 2736/2355/2144 2711/2356/2145
f 2711/2356/2145 2712/2319/2108 2710/2317/2106
f 2711/2356/2145 2737/2357/2146 2713/2358/2147
f 2713/2358/2147 2714/2321/2110 2712/2319/2108
f 2737/2357/2146 2715/2359/2148 2713/2358/2147
f 2715/2359/2148 2716/2323/2112 2714/2321/2110
f 2738/2360/2149 2717/2361/2150 2715/2359/2148
f 2719/2362/2151 2716/2323/2112 2717/2361/2150
f 2739/2363/2152 2719/2362/2151 2717/2361/2150
f 2719/2362/2151 2720/2325/2114 2718/2364/2153
f 2719/2362/2151 2741/2365/2154 2721/2366/2155
f 2721/2366/2155 2683/2327/2116 2720/2325/2114
f 2721/2366/2155 2742/2367/2156 2722/2328/2117
f 2722/2328/2117 2724/2330/2119 2687/2329/2118
f 2744/2368/2157 2723/2332/2121 2724/2330/2119
f 2743/2369/2158 2725/2335/2124 2723/2332/2121
f 2745/2370/2159 2726/2337/2126 2725/2335/2124
f 2746/2371/2160 2727/2339/2128 2726/2337/2126
f 2747/2372/2161 2728/2342/2131 2727/2339/2128
f 2748/2373/2162 2729/2374/2163 2728/2342/2131
f 2729/2374/2163 2750/2375/2164 2730/2344/2133
f 2750/2375/2164 2731/2346/2135 2730/2344/2133
f 2751/2376/2165 2732/2349/2138 2731/2346/2135
f 2752/2377/2166 2733/2378/2167 2732/2349/2138
f 2753/2379/2168 2734/2351/2140 2733/2378/2167
f 2734/2351/2140 2755/2380/2169 2735/2354/2143
f 2735/2354/2143 2756/2381/2170 2736/2355/2144
f 2736/2355/2144 2757/2382/2171 2737/2357/2146
f 2737/2357/2146 2758/2383/2172 2738/2360/2149
f 2738/2360/2149 2759/2384/2173 2739/2363/2152
f 2739/2363/2152 2760/2385/2174 2740/2386/2175
f 2740/2386/2175 2761/2387/2176 2741/2365/2154
f 2741/2365/2154 2762/2388/2177 2742/2367/2156
f 2742/2367/2156 2744/2368/2157 2724/2330/2119
f 2764/2389/2178 2743/2369/2158 2744/2368/2157
f 2763/2390/2179 2745/2370/2159 2743/2369/2158
f 2745/2370/2159 2766/2391/2180 2746/2371/2160
f 2766/2391/2180 2747/2372/2161 2746/2371/2160
f 2767/2392/2181 2748/2373/2162 2747/2372/2161
f 2768/2393/2182 2749/2394/2183 2748/2373/2162
f 2749/2394/2183 2770/2395/2184 2750/2375/2164
f 2750/2375/2164 2771/2396/2185 2751/2376/2165
f 2751/2376/2165 2772/2397/2186 2752/2377/2166
f 2752/2377/2166 2773/2398/2187 2753/2379/2168
f 2753/2379/2168 2774/2399/2188 2754/2400/2189
f 2774/2399/2188 2755/2380/2169 2754/2400/2189
f 2755/2380/2169 2776/2401/2190 2756/2381/2170
f 2756/2381/2170 2777/2402/2191 2757/2382/2171
f 2757/2382/2171 2778/2403/2192 2758/2383/2172
f 2758/2383/2172 2779/2404/2193 2759/2384/2173
f 2779/2404/2193 2760/2385/2174 2759/2384/2173
f 2760/2385/2174 2781/2405/2194 2761/2387/2176
f 2761/2387/2176 2782/2406/2195 2762/2388/2177
f 2762/2388/2177 2764/2389/2178 2744/2368/2157
f 2784/2407/2196 2763/2390/2179 2764/2389/2178
f 2783/2408/2197 2765/2409/2198 2763/2390/2179
f 2765/2409/2198 2786/2410/2199 2766/2391/2180
f 2766/2391/2180 2787/2411/2200 2767/2392/2181
f 2787/2411/2200 2768/2393/2182 2767/2392/2181
f 2768/2393/2182 2789/2412/2201 2769/2413/2202
f 2769/2413/2202 2790/2414/2203 2770/2395/2184
f 2770/2395/2184 2791/2415/2204 2771/2396/2185
f 2771/2396/2185 2792/2416/2205 2772/2397/2186
f 2772/2397/2186 2793/2417/2206 2773/2398/2187
f 2773/2398/2187 2794/2418/2207 2774/2399/2188
f 2794/2418/2207 2775/2419/2208 2774/2399/2188
f 2795/2420/2209 2776/2401/2190 2775/2419/2208
f 2796/2421/2210 2777/2402/2191 2776/2401/2190
f 2797/2422/2211 2778/2403/2192 2777/2402/2191
f 2778/2403/2192 2799/2423/2212 2779/2404/2193
f 2779/2404/2193 2800/2424/2213 2780/2425/2214
f 2780/2425/2214 2801/2426/2215 2781/2405/2194
f 2781/2405/2194 2802/2427/2216 2782/2406/2195
f 2782/2406/2195 2784/2407/2196 2764/2389/2178
f 2804/2428/2217 2783/2408/2197 2784/2407/2196
f 2783/2408/2197 2805/2429/2218 2785/2430/2219
f 2785/2430/2219 2806/2431/2220 2786/2410/2199
f 2786/2410/2199 2807/2432/2221 2787/2411/2200
f 2807/2432/2221 2788/2433/2222 2787/2411/2200
f 2788/2433/2222 2809/2434/2223 2789/2412/2201
f 2789/2412/2201 2810/2435/2224 2790/2414/2203
f 2790/2414/2203 2811/2436/2225 2791/2415/2204
f 2811/2436/2225 2792/2416/2205 2791/2415/2204
f 2812/2437/2226 2793/2417/2206 2792/2416/2205
f 2793/2417/2206 2814/2438/2227 2794/2418/2207
f 2814/2438/2227 2795/2420/2209 2794/2418/2207
f 2815/2439/2228 2796/2421/2210 2795/2420/2209
f 2816/2440/2229 2797/2422/2211 2796/2421/2210
f 2817/2441/2230 2798/2442/2231 2797/2422/2211
f 2798/2442/2231 2819/2443/2232 2799/2423/2212
f 2799/2423/2212 2820/2444/2233 2800/2424/2213
f 2800/2424/2213 2821/2445/2234 2801/2426/2215
f 2821/2445/2234 2802/2427/2216 2801/2426/2215
f 2802/2427/2216 2804/2428/2217 2784/2407/2196
f 2824/2446/2235 2803/2447/2236 2804/2428/2217
f 2803/2447/2236 2825/2448/2237 2805/2429/2218
f 2805/2429/2218 2826/2449/2238 2806/2431/2220
f 2806/2431/2220 2827/2450/2239 2807/2432/2221
f 2827/2450/2239 2808/2451/2240 2807/2432/2221
f 2828/2452/2241 2809/2434/2223 2808/2451/2240
f 2829/2453/2242 2810/2435/2224 2809/2434/2223
f 2830/2454/2243 2811/2436/2225 2810/2435/2224
f 2811/2436/2225 2832/2455/2244 2812/2437/2226
f 2832/2455/2244 2813/2456/2245 2812/2437/2226
f 2813/2456/2245 2834/2457/2246 2814/2438/2227
f 2814/2438/2227 2835/2458/2247 2815/2439/2228
f 2835/2458/2247 2816/2440/2229 2815/2439/2228
f 2836/2459/2248 2817/2441/2230 2816/2440/2229
f 2837/2460/2249 2818/2461/2250 2817/2441/2230
f 2838/2462/2251 2819/2443/2232 2818/2461/2250
f 2819/2443/2232 2840/2463/2252 2820/2444/2233
f 2820/2444/2233 2841/2464/2253 2821/2445/2234
f 2841/2464/2253 2822/2465/2254 2821/2445/2234
f 2842/2466/2255 2804/2428/2217 2822/2465/2254
f 2844/2467/2256 2823/2468/2257 2824/2446/2235
f 2823/2468/2257 2845/2469/2258 2825/2448/2237
f 2825/2448/2237 2846/2470/2259 2826/2449/2238
f 2846/2470/2259 2827/2450/2239 2826/2449/2238
f 2847/2471/2260 2828/2452/2241 2827/2450/2239
f 2848/2472/2261 2829/2453/2242 2828/2452/2241
f 2849/2473/2262 2830/2454/2243 2829/2453/2242
f 2850/2474/2263 2831/2475/2264 2830/2454/2243
f 2851/2476/2265 2832/2455/2244 2831/2475/2264
f 2852/2477/2266 2833/2478/2267 2832/2455/2244
f 2833/2478/2267 2854/2479/2268 2834/2457/2246
f 2834/2457/2246 2855/2480/2269 2835/2458/2247
f 2855/2480/2269 2836/2459/2248 2835/2458/2247
f 2836/2459/2248 2857/2481/2270 2837/2460/2249
f 2857/2481/2270 2838/2462/2251 2837/2460/2249
f 2858/2482/2271 2839/2483/2272 2838/2462/2251
f 2859/2484/2273 2840/2463/2252 2839/2483/2272
f 2840/2463/2252 2861/2485/2274 2841/2464/2253
f 2841/2464/2253 2862/2486/2275 2842/2466/2255
f 2862/2486/2275 2824/2446/2235 2842/2466/2255
f 2844/2487/2256 2865/2488/2276 2843/2489/2277
f 2843/2489/2277 2868/2490/2278 2845/2491/2258
f 2868/2490/2278 2846/2492/2259 2845/2491/2258
f 2870/2493/2279 2847/2494/2260 2846/2492/2259
f 2847/2494/2260 2874/2495/2280 2848/2496/2261
f 2848/2496/2261 2876/2497/2281 2849/2498/2262
f 2849/2498/2262 2878/2499/2282 2850/2500/2263
f 2850/2500/2263 2880/2501/2283 2851/2502/2265
f 2880/2501/2283 2852/2503/2266 2851/2502/2265
f 2882/2504/2284 2853/2505/2285 2852/2503/2266
f 2886/2506/2286 2853/2505/2285 2884/2507/2287
f 2854/2508/2268 2888/2509/2288 2855/2510/2269
f 2855/2510/2269 2890/2511/2289 2856/2512/2290
f 2890/2511/2289 2857/2513/2270 2856/2512/2290
f 2892/2514/2291 2858/2515/2271 2857/2513/2270
f 2858/2515/2271 2896/2516/2292 2859/2517/2273
f 2859/2517/2273 2898/2518/2293 2860/2519/2294
f 2860/2519/2294 2900/2520/2295 2861/2521/2274
f 2900/2520/2295 2862/2522/2275 2861/2521/2274
f 2863/2523/2296 2844/2487/2256 2862/2522/2275
f 2867/2524/2297 2863/2523/2296 2902/2525/2298
f 2867/2524/2297 2865/2488/2276 2864/2526/2299
f 2867/2524/2297 2112/2527/2300 2866/2528/2301
f 2869/2529/2302 2865/2488/2276 2866/2528/2301
f 2866/2528/2301 2111/2530/2303 2869/2529/2302
f 2871/2531/2304 2868/2490/2278 2869/2529/2302
f 2869/2529/2302 2110/2532/2305 2871/2531/2304
f 2873/2533/2306 2870/2493/2279 2871/2531/2304
f 2110/2532/2305 2873/2533/2306 2871/2531/2304
f 2873/2533/2306 2874/2495/2280 2872/2534/2307
f 2109/2535/2308 2875/2536/2309 2873/2533/2306
f 2875/2536/2309 2876/2497/2281 2874/2495/2280
f 2108/2537/2310 2877/2538/2311 2875/2536/2309
f 2879/2539/2312 2876/2497/2281 2877/2538/2311
f 2107/2540/2313 2879/2539/2312 2877/2538/2311
f 2881/2541/2314 2878/2499/2282 2879/2539/2312
f 2879/2539/2312 2103/2542/2315 2881/2541/2314
f 2883/2543/2316 2880/2501/2283 2881/2541/2314
f 2103/2542/2315 2883/2543/2316 2881/2541/2314
f 2885/2544/2317 2882/2504/2284 2883/2543/2316
f 2883/2543/2316 2105/2545/2318 2885/2544/2317
f 2887/2546/2319 2884/2507/2287 2885/2544/2317
f 2122/2547/2320 2885/2544/2317 2105/2545/2318
f 2887/2546/2319 2888/2509/2288 2886/2506/2286
f 2887/2546/2319 2121/2548/2321 2889/2549/2322
f 2889/2549/2322 2890/2511/2289 2888/2509/2288
f 2121/2548/2321 2891/2550/2323 2889/2549/2322
f 2893/2551/2324 2890/2511/2289 2891/2550/2323
f 2891/2550/2323 2119/2552/2325 2893/2551/2324
f 2893/2551/2324 2894/2553/2326 2892/2514/2291
f 2119/2552/2325 2895/2554/2327 2893/2551/2324
f 2895/2554/2327 2896/2516/2292 2894/2553/2326
f 2118/2555/2328 2897/2556/2329 2895/2554/2327
f 2897/2556/2329 2898/2518/2293 2896/2516/2292
f 2897/2556/2329 2116/2557/2330 2899/2558/2331
f 2899/2558/2331 2900/2520/2295 2898/2518/2293
f 2116/2557/2330 2901/2559/2332 2899/2558/2331
f 2902/2525/2298 2900/2520/2295 2901/2559/2332
f 2115/2560/2333 2902/2525/2298 2901/2559/2332
f 2114/2561/2334 2867/2524/2297 2902/2525/2298
f 1961/2562/2335 2903/2563/2336 1962/2564/2337
f 2904/2565/2338 2002/2566/2339 2903/2567/2336
f 1980/2568/2340 2904/2569/2338 1961/2562/2335
f 2905/2570/2341 2001/2571/2342 2904/2565/2338
f 2000/2572/2343 2906/2573/2344 1981/2574/2345
f 2906/2573/2344 1980/2568/2340 1961/2562/2335
f 1962/2564/2337 2908/2575/2346 1963/2576/2347
f 2908/2577/2346 2002/2566/2339 2003/2578/2348
f 2906/2573/2344 1962/2564/2337 2909/2579/2349
f 2909/2579/2349 1981/2574/2345 2906/2573/2344
f 1964/2580/2350 2908/2575/2346 2910/2581/2351
f 2908/2577/2346 2004/2582/2352 2910/2583/2351
f 2909/2579/2349 1963/2576/2347 2911/2584/2353
f 2911/2584/2353 1982/2585/2354 2909/2579/2349
f 1965/2586/2355 2910/2581/2351 2912/2587/2356
f 2910/2583/2351 2005/2588/2357 2912/2589/2356
f 2911/2584/2353 1964/2580/2350 2913/2590/2358
f 1984/2591/2359 2911/2584/2353 2913/2590/2358
f 1966/2592/2360 2912/2587/2356 2914/2593/2361
f 2914/2594/2361 2005/2588/2357 2006/2595/2362
f 2915/2596/2363 1964/2580/2350 1965/2586/2355
f 1985/2597/2364 2913/2590/2358 2915/2596/2363
f 1967/2598/2365 2914/2599/2361 2916/2600/2366
f 2916/2601/2366 2006/2602/2362 2007/2603/2367
f 2917/2604/2368 1965/2586/2355 1966/2592/2360
f 1986/2605/2369 2915/2596/2363 2917/2604/2368
f 1968/2606/2370 2916/2600/2366 2918/2607/2371
f 2918/2608/2371 2007/2603/2367 2008/2609/2372
f 2919/2610/2373 1966/2611/2360 1967/2598/2365
f 1987/2612/2374 2917/2613/2368 2919/2610/2373
f 1968/2606/2370 2920/2614/2375 1969/2615/2376
f 2918/2608/2371 2009/2616/2377 2920/2617/2375
f 2921/2618/2378 1967/2598/2365 1968/2606/2370
f 1988/2619/2379 2919/2610/2373 2921/2618/2378
f 1969/2615/2376 2922/2620/2380 1970/2621/2381
f 2920/2617/2375 2010/2622/2382 2922/2623/2380
f 2923/2624/2383 1968/2606/2370 1969/2615/2376
f 1989/2625/2384 2921/2618/2378 2923/2624/2383
f 1971/2626/2385 2922/2620/2380 2924/2627/2386
f 2922/2623/2380 2011/2628/2387 2924/2629/2386
f 2923/2624/2383 1970/2621/2381 2925/2630/2388
f 1990/2631/2389 2923/2624/2383 2925/2630/2388
f 1971/2626/2385 2926/2632/2390 1972/2633/2391
f 2926/2634/2390 2011/2628/2387 2012/2635/2392
f 2925/2630/2388 1971/2626/2385 2927/2636/2393
f 1991/2637/2394 2925/2630/2388 2927/2636/2393
f 1972/2633/2391 2928/2638/2395 1973/2639/2396
f 2926/2634/2390 2013/2640/2397 2928/2641/2395
f 2929/2642/2398 1971/2626/2385 1972/2633/2391
f 1992/2643/2399 2927/2636/2393 2929/2642/2398
f 1973/2639/2396 2930/2644/2400 1974/2645/2401
f 2928/2641/2395 2014/2646/2402 2930/2647/2400
f 2929/2642/2398 1973/2639/2396 2931/2648/2403
f 2931/2648/2403 1992/2643/2399 2929/2642/2398
f 1974/2645/2401 2932/2649/2404 1975/2650/2405
f 2932/2651/2404 2014/2646/2402 2015/2652/2406
f 2933/2653/2407 1973/2639/2396 1974/2645/2401
f 2933/2653/2407 1993/2654/2408 2931/2648/2403
f 1976/2655/2409 2932/2649/2404 2934/2656/2410
f 2932/2651/2404 2016/2657/2411 2934/2658/2410
f 2933/2653/2407 1975/2650/2405 2935/2659/2412
f 2935/2659/2412 1994/2660/2413 2933/2653/2407
f 1977/2661/2414 2934/2656/2410 2936/2662/2415
f 2936/2663/2415 2016/2657/2411 2017/2664/2416
f 2935/2659/2412 1976/2655/2409 2937/2665/2417
f 1996/2666/2418 2935/2659/2412 2937/2665/2417
f 1977/2661/2414 2938/2667/2419 1978/2668/2420
f 2938/2669/2419 2017/2664/2416 2018/2670/2421
f 2939/2671/2422 1976/2655/2409 1977/2661/2414
f 1997/2672/2423 2937/2665/2417 2939/2671/2422
f 1979/2673/2424 2938/2667/2419 2940/2674/2425
f 2938/2669/2419 2019/2675/2426 2940/2676/2425
f 2941/2677/2427 1977/2661/2414 1978/2668/2420
f 1998/2678/2428 2939/2671/2422 2941/2677/2427
f 1979/2673/2424 2905/2679/2341 1980/2568/2340
f 2905/2570/2341 2019/2675/2426 2020/2680/2429
f 2942/2681/2430 1978/2668/2420 1979/2673/2424
f 1999/2682/2431 2941/2677/2427 2942/2681/2430
f 2907/2683/2432 1979/2673/2424 1980/2568/2340
f 2000/2572/2343 2942/2681/2430 2907/2683/2432
f 2104/2684/2433 2022/2685/2434 2021/2686/2435
f 2040/2687/2436 2104/2684/2433 2021/2686/2435
f 2103/2542/2315 2023/2688/2437 2022/2685/2434
f 2106/2689/2438 2024/2690/2439 2023/2688/2437
f 2107/2540/2313 2025/2691/2440 2024/2690/2439
f 2025/2691/2440 2109/2535/2308 2026/2692/2441
f 2026/2692/2441 2110/2532/2305 2027/2693/2442
f 2027/2693/2442 2111/2530/2303 2028/2694/2443
f 2111/2530/2303 2029/2695/2444 2028/2694/2443
f 2112/2527/2300 2030/2696/2445 2029/2695/2444
f 2030/2696/2445 2114/2561/2334 2031/2697/2446
f 2031/2697/2446 2115/2560/2333 2032/2698/2447
f 2032/2698/2447 2116/2557/2330 2033/2699/2448
f 2033/2699/2448 2117/2700/2449 2034/2701/2450
f 2034/2701/2450 2118/2555/2328 2035/2702/2451
f 2035/2702/2451 2119/2552/2325 2036/2703/2452
f 2036/2703/2452 2120/2704/2453 2037/2705/2454
f 2120/2704/2453 2038/2706/2455 2037/2705/2454
f 2121/2548/2321 2039/2707/2456 2038/2706/2455
f 2122/2547/2320 2040/2687/2436 2039/2707/2456
f 2624/2708/2049 2123/2202/1991 2622/2709/2046
f 2626/2710/2055 2124/2207/1996 2624/2708/2049
f 2622/2709/2046 2126/2199/1988 2620/2711/2042
f 2620/2711/2042 2127/2196/1985 2618/2712/2043
f 2618/2712/2043 2128/2713/2457 2616/2714/2041
f 2614/2715/2038 2128/2713/2457 2129/2191/1980
f 2612/2716/2033 2129/2191/1980 2130/2188/1977
f 2610/2717/2029 2130/2188/1977 2131/2185/1974
f 2610/2717/2029 2132/2182/1971 2608/2718/2030
f 2605/2719/2027 2132/2182/1971 2133/2179/1968
f 2604/2720/2024 2133/2179/1968 2134/2230/2019
f 2603/2721/2021 2134/2230/2019 2135/2722/2458
f 2640/2723/2074 2135/2722/2458 2136/2228/2017
f 2638/2724/2070 2136/2228/2017 2137/2225/2014
f 2636/2725/2066 2137/2225/2014 2138/2222/2011
f 2634/2726/2067 2138/2222/2011 2139/2727/2459
f 2634/2726/2067 2140/2219/2008 2632/2728/2064
f 2632/2728/2064 2141/2216/2005 2630/2729/2061
f 2630/2729/2061 2142/2213/2002 2628/2730/2058
f 2628/2730/2058 2125/2210/1999 2626/2710/2055
f 2145/2731/2460 2143/2732/2461 2146/2733/2462
f 2564/2175/1964 2143/2732/2461 2144/2734/2463
f 2565/2178/1967 2147/2735/2464 2143/2732/2461
f 2146/2733/2462 2147/2735/2464 2148/2736/2465
f 2568/2181/1970 2149/2737/2466 2147/2735/2464
f 2148/2736/2465 2149/2737/2466 2150/2738/2467
f 2572/2190/1979 2149/2737/2466 2570/2184/1973
f 2152/2739/2468 2149/2737/2466 2151/2740/2469
f 2574/2193/1982 2151/2740/2469 2572/2190/1979
f 2154/2741/2470 2151/2740/2469 2153/2742/2471
f 2576/2195/1984 2153/2742/2471 2574/2193/1982
f 2156/2743/2472 2153/2742/2471 2155/2744/2473
f 2576/2195/1984 2157/2745/2474 2155/2744/2473
f 2158/2746/2475 2155/2744/2473 2157/2745/2474
f 2580/2197/1986 2157/2745/2474 2578/2198/1987
f 2160/2747/2476 2157/2745/2474 2159/2748/2477
f 2582/2201/1990 2159/2748/2477 2580/2197/1986
f 2162/2749/2478 2159/2748/2477 2161/2750/2479
f 2584/2204/1993 2161/2750/2479 2582/2201/1990
f 2164/2751/2480 2161/2750/2479 2163/2752/2481
f 2586/2206/1995 2163/2752/2481 2584/2204/1993
f 2164/2751/2480 2165/2753/2482 2166/2754/2483
f 2166/2754/2483 2443/2755/2484 2164/2751/2480
f 2588/2209/1998 2165/2753/2482 2586/2206/1995
f 2166/2754/2483 2167/2756/2485 2168/2757/2486
f 2588/2209/1998 2169/2758/2487 2167/2756/2485
f 2168/2757/2486 2169/2758/2487 2170/2759/2488
f 2590/2212/2001 2171/2760/2489 2169/2758/2487
f 2170/2759/2488 2171/2760/2489 2172/2761/2490
f 2594/2218/2007 2171/2760/2489 2592/2215/2004
f 2174/2762/2491 2171/2760/2489 2173/2763/2492
f 2596/2221/2010 2173/2763/2492 2594/2218/2007
f 2176/2764/2493 2173/2763/2492 2175/2765/2494
f 2596/2221/2010 2177/2766/2495 2175/2765/2494
f 2178/2767/2496 2175/2765/2494 2177/2766/2495
f 2598/2227/2016 2179/2768/2497 2177/2766/2495
f 2178/2767/2496 2179/2768/2497 2180/2769/2498
f 2600/2226/2015 2181/2770/2499 2179/2768/2497
f 2180/2769/2498 2181/2770/2499 2182/2771/2500
f 2563/2176/1965 2144/2734/2463 2181/2770/2499
f 2182/2771/2500 2144/2734/2463 2145/2731/2460
f 2185/2772/2501 2183/2773/2502 2186/2774/2503
f 2184/2775/2504 2452/2776/2505 2183/2773/2502
f 2186/2774/2503 2187/2777/2506 2188/2778/2507
f 2183/2773/2502 2451/2779/2508 2187/2777/2506
f 2188/2778/2507 2189/2780/2509 2190/2781/2510
f 2451/2779/2508 2189/2780/2509 2187/2777/2506
f 2192/2782/2511 2189/2780/2509 2191/2783/2512
f 2450/2784/2513 2191/2783/2512 2189/2780/2509
f 2194/2785/2514 2191/2783/2512 2193/2786/2515
f 2449/2787/2516 2193/2786/2515 2191/2783/2512
f 2196/2788/2517 2193/2786/2515 2195/2789/2518
f 2193/2786/2515 2447/2790/2519 2195/2789/2518
f 2198/2791/2520 2195/2789/2518 2197/2792/2521
f 2195/2789/2518 2446/2793/2522 2197/2792/2521
f 2200/2794/2523 2197/2792/2521 2199/2795/2524
f 2197/2792/2521 2445/2796/2525 2199/2795/2524
f 2202/2797/2526 2199/2795/2524 2201/2798/2527
f 2199/2795/2524 2444/2799/2528 2201/2798/2527
f 2204/2800/2529 2201/2798/2527 2203/2801/2530
f 2201/2798/2527 2443/2755/2484 2203/2801/2530
f 2205/2802/2531 2243/2803/2532 2204/2800/2529
f 2462/2804/2533 2207/2805/2534 2206/2806/2535
f 2205/2802/2531 2207/2805/2534 2208/2807/2536
f 2208/2807/2536 2209/2808/2537 2210/2809/2538
f 2207/2805/2534 2460/2810/2539 2209/2808/2537
f 2212/2811/2540 2209/2808/2537 2211/2812/2541
f 2460/2810/2539 2211/2812/2541 2209/2808/2537
f 2214/2813/2542 2211/2812/2541 2213/2814/2543
f 2211/2812/2541 2458/2815/2544 2213/2814/2543
f 2214/2813/2542 2215/2816/2545 2216/2817/2546
f 2458/2815/2544 2215/2816/2545 2213/2814/2543
f 2216/2817/2546 2217/2818/2547 2218/2819/2548
f 2215/2816/2545 2456/2820/2549 2217/2818/2547
f 2218/2819/2548 2219/2821/2550 2220/2822/2551
f 2217/2818/2547 2455/2823/2552 2219/2821/2550
f 2220/2822/2551 2221/2824/2553 2222/2825/2554
f 2219/2821/2550 2454/2826/2555 2221/2824/2553
f 2221/2824/2553 2453/2827/2556 2184/2775/2504
f 2221/2824/2553 2185/2772/2501 2222/2825/2554
f 2226/2828/2557 2224/2829/2558 2223/2830/2559
f 2224/2829/2558 2186/2774/2503 2223/2830/2559
f 2228/2831/2560 2223/2830/2559 2227/2832/2561
f 2223/2830/2559 2188/2778/2507 2227/2832/2561
f 2228/2831/2560 2229/2833/2562 2230/2834/2563
f 2188/2778/2507 2229/2833/2562 2227/2832/2561
f 2230/2834/2563 2231/2835/2564 2232/2836/2565
f 2190/2781/2510 2231/2835/2564 2229/2833/2562
f 2232/2836/2565 2233/2837/2566 2234/2838/2567
f 2231/2835/2564 2194/2785/2514 2233/2837/2566
f 2236/2839/2568 2233/2837/2566 2235/2840/2569
f 2233/2837/2566 2196/2788/2517 2235/2840/2569
f 2236/2839/2568 2237/2841/2570 2238/2842/2571
f 2196/2788/2517 2237/2841/2570 2235/2840/2569
f 2240/2843/2572 2237/2841/2570 2239/2844/2573
f 2237/2841/2570 2200/2794/2523 2239/2844/2573
f 2242/2845/2574 2239/2844/2573 2241/2846/2575
f 2239/2844/2573 2202/2797/2526 2241/2846/2575
f 2244/2847/2576 2241/2846/2575 2243/2803/2532
f 2202/2797/2526 2243/2803/2532 2241/2846/2575
f 2286/2848/2577 2244/2847/2576 2245/2849/2578
f 2208/2807/2536 2246/2850/2579 2205/2802/2531
f 2245/2849/2578 2247/2851/2580 2248/2852/2581
f 2248/2852/2581 2249/2853/2582 2250/2854/2583
f 2208/2807/2536 2249/2853/2582 2247/2851/2580
f 2250/2854/2583 2251/2855/2584 2252/2856/2585
f 2249/2853/2582 2212/2811/2540 2251/2855/2584
f 2252/2856/2585 2253/2857/2586 2254/2858/2587
f 2212/2811/2540 2253/2857/2586 2251/2855/2584
f 2256/2859/2588 2253/2857/2586 2255/2860/2589
f 2253/2857/2586 2216/2817/2546 2255/2860/2589
f 2256/2859/2588 2257/2861/2590 2258/2862/2591
f 2255/2860/2589 2218/2819/2548 2257/2861/2590
f 2260/2863/2592 2257/2861/2590 2259/2864/2593
f 2257/2861/2590 2220/2822/2551 2259/2864/2593
f 2260/2863/2592 2261/2865/2594 2262/2866/2595
f 2259/2864/2593 2222/2825/2554 2261/2865/2594
f 2261/2865/2594 2185/2772/2501 2224/2829/2558
f 2262/2866/2595 2224/2829/2558 2225/2867/2596
f 2265/2868/2597 2263/2869/2598 2266/2870/2599
f 2225/2867/2596 2263/2869/2598 2264/2871/2600
f 2304/2872/2601 2265/2868/2597 2266/2870/2599
f 2266/2870/2599 2267/2873/2602 2268/2874/2603
f 2263/2869/2598 2228/2831/2560 2267/2873/2602
f 2305/2875/2604 2266/2870/2599 2268/2874/2603
f 2270/2876/2605 2267/2873/2602 2269/2877/2606
f 2228/2831/2560 2269/2877/2606 2267/2873/2602
f 2270/2876/2605 2305/2875/2604 2268/2874/2603
f 2272/2878/2607 2269/2877/2606 2271/2879/2608
f 2230/2834/2563 2271/2879/2608 2269/2877/2606
f 2272/2878/2607 2306/2880/2609 2270/2876/2605
f 2274/2881/2610 2271/2879/2608 2273/2882/2611
f 2232/2836/2565 2273/2882/2611 2271/2879/2608
f 2274/2881/2610 2307/2883/2612 2272/2878/2607
f 2276/2884/2613 2273/2882/2611 2275/2885/2614
f 2234/2838/2567 2275/2885/2614 2273/2882/2611
f 2276/2884/2613 2308/2886/2615 2274/2881/2610
f 2278/2887/2616 2275/2885/2614 2277/2888/2617
f 2236/2839/2568 2277/2888/2617 2275/2885/2614
f 2310/2889/2618 2276/2884/2613 2278/2887/2616
f 2280/2890/2619 2277/2888/2617 2279/2891/2620
f 2238/2842/2571 2279/2891/2620 2277/2888/2617
f 2311/2892/2621 2278/2887/2616 2280/2890/2619
f 2282/2893/2622 2279/2891/2620 2281/2894/2623
f 2240/2843/2572 2281/2894/2623 2279/2891/2620
f 2312/2895/2624 2280/2890/2619 2282/2893/2622
f 2284/2896/2625 2281/2894/2623 2283/2897/2626
f 2242/2845/2574 2283/2897/2626 2281/2894/2623
f 2284/2896/2625 2312/2895/2624 2282/2893/2622
f 2314/2898/2627 2284/2896/2625 2285/2899/2628
f 2245/2849/2578 2287/2900/2629 2286/2848/2577
f 2288/2901/2630 2286/2848/2577 2287/2900/2629
f 2288/2901/2630 2314/2898/2627 2285/2899/2628
f 2290/2902/2631 2287/2900/2629 2289/2903/2632
f 2248/2852/2581 2289/2903/2632 2287/2900/2629
f 2290/2902/2631 2315/2904/2633 2288/2901/2630
f 2290/2902/2631 2291/2905/2634 2292/2906/2635
f 2250/2854/2583 2291/2905/2634 2289/2903/2632
f 2292/2906/2635 2316/2907/2636 2290/2902/2631
f 2292/2906/2635 2293/2908/2637 2294/2909/2638
f 2291/2905/2634 2254/2858/2587 2293/2908/2637
f 2294/2909/2638 2317/2910/2639 2292/2906/2635
f 2294/2909/2638 2295/2911/2640 2296/2912/2641
f 2254/2858/2587 2295/2911/2640 2293/2908/2637
f 2296/2912/2641 2318/2913/2642 2294/2909/2638
f 2296/2912/2641 2297/2914/2643 2298/2915/2644
f 2295/2911/2640 2258/2862/2591 2297/2914/2643
f 2298/2915/2644 2319/2916/2645 2296/2912/2641
f 2300/2917/2646 2297/2914/2643 2299/2918/2647
f 2297/2914/2643 2260/2863/2592 2299/2918/2647
f 2300/2917/2646 2320/2919/2648 2298/2915/2644
f 2302/2920/2649 2299/2918/2647 2301/2921/2650
f 2299/2918/2647 2262/2866/2595 2301/2921/2650
f 2302/2920/2649 2321/2922/2651 2300/2917/2646
f 2262/2866/2595 2264/2871/2600 2301/2921/2650
f 2302/2920/2649 2264/2871/2600 2265/2868/2597
f 2324/2923/2652 2303/2924/2653 2304/2872/2601
f 2325/2925/2654 2304/2872/2601 2305/2875/2604
f 2326/2926/2655 2305/2875/2604 2306/2880/2609
f 2327/2927/2656 2306/2880/2609 2307/2883/2612
f 2328/2928/2657 2307/2883/2612 2308/2886/2615
f 2309/2929/2658 2328/2928/2657 2308/2886/2615
f 2330/2930/2659 2309/2929/2658 2310/2889/2618
f 2331/2931/2660 2310/2889/2618 2311/2892/2621
f 2332/2932/2661 2311/2892/2621 2312/2895/2624
f 2313/2933/2662 2332/2932/2661 2312/2895/2624
f 2314/2898/2627 2333/2934/2663 2313/2933/2662
f 2335/2935/2664 2314/2898/2627 2315/2904/2633
f 2336/2936/2665 2315/2904/2633 2316/2907/2636
f 2337/2937/2666 2316/2907/2636 2317/2910/2639
f 2318/2913/2642 2337/2937/2666 2317/2910/2639
f 2319/2916/2645 2338/2938/2667 2318/2913/2642
f 2320/2919/2648 2339/2939/2668 2319/2916/2645
f 2321/2922/2651 2340/2940/2669 2320/2919/2648
f 2342/2941/2670 2321/2922/2651 2322/2942/2671
f 2302/2920/2649 2303/2924/2653 2322/2942/2671
f 2324/2923/2652 2343/2943/2672 2323/2944/2673
f 2325/2925/2654 2344/2945/2674 2324/2923/2652
f 2326/2926/2655 2345/2946/2675 2325/2925/2654
f 2347/2947/2676 2326/2926/2655 2327/2927/2656
f 2348/2948/2677 2327/2927/2656 2328/2928/2657
f 2349/2949/2678 2328/2928/2657 2329/2950/2679
f 2350/2951/2680 2329/2950/2679 2330/2930/2659
f 2351/2952/2681 2330/2930/2659 2331/2931/2660
f 2352/2953/2682 2331/2931/2660 2332/2932/2661
f 2333/2934/2663 2352/2953/2682 2332/2932/2661
f 2334/2954/2683 2353/2955/2684 2333/2934/2663
f 2335/2935/2664 2354/2956/2685 2334/2954/2683
f 2336/2936/2665 2355/2957/2686 2335/2935/2664
f 2357/2958/2687 2336/2936/2665 2337/2937/2666
f 2338/2938/2667 2357/2958/2687 2337/2937/2666
f 2359/2959/2688 2338/2938/2667 2339/2939/2668
f 2360/2960/2689 2339/2939/2668 2340/2940/2669
f 2361/2961/2690 2340/2940/2669 2341/2962/2691
f 2342/2941/2670 2361/2961/2690 2341/2962/2691
f 2322/2942/2671 2323/2944/2673 2342/2941/2670
f 2344/2945/2674 2363/2963/2692 2343/2943/2672
f 2365/2964/2693 2344/2945/2674 2345/2946/2675
f 2366/2965/2694 2345/2946/2675 2346/2966/2695
f 2367/2967/2696 2346/2966/2695 2347/2947/2676
f 2348/2948/2677 2367/2967/2696 2347/2947/2676
f 2349/2949/2678 2368/2968/2697 2348/2948/2677
f 2350/2951/2680 2369/2969/2698 2349/2949/2678
f 2371/2970/2699 2350/2951/2680 2351/2952/2681
f 2372/2971/2700 2351/2952/2681 2352/2953/2682
f 2373/2972/2701 2352/2953/2682 2353/2955/2684
f 2354/2956/2685 2373/2972/2701 2353/2955/2684
f 2375/2973/2702 2354/2956/2685 2355/2957/2686
f 2376/2974/2703 2355/2957/2686 2356/2975/2704
f 2377/2976/2705 2356/2975/2704 2357/2958/2687
f 2378/2977/2706 2357/2958/2687 2358/2978/2707
f 2379/2979/2708 2358/2978/2707 2359/2959/2688
f 2360/2960/2689 2379/2979/2708 2359/2959/2688
f 2361/2961/2690 2380/2980/2709 2360/2960/2689
f 2362/2981/2710 2381/2982/2711 2361/2961/2690
f 2323/2944/2673 2362/2981/2710 2342/2941/2670
f 2364/2983/2712 2383/2984/2713 2363/2963/2692
f 2365/2964/2693 2384/2985/2714 2364/2983/2712
f 2386/2986/2715 2365/2964/2693 2366/2965/2694
f 2367/2967/2696 2386/2986/2715 2366/2965/2694
f 2368/2968/2697 2387/2987/2716 2367/2967/2696
f 2389/2988/2717 2368/2968/2697 2369/2969/2698
f 2390/2989/2718 2369/2969/2698 2370/2990/2719
f 2391/2991/2720 2370/2990/2719 2371/2970/2699
f 2392/2992/2721 2371/2970/2699 2372/2971/2700
f 2393/2993/2722 2372/2971/2700 2373/2972/2701
f 2374/2994/2723 2393/2993/2722 2373/2972/2701
f 2395/2995/2724 2374/2994/2723 2375/2973/2702
f 2376/2974/2703 2395/2995/2724 2375/2973/2702
f 2397/2996/2725 2376/2974/2703 2377/2976/2705
f 2378/2977/2706 2397/2996/2725 2377/2976/2705
f 2379/2979/2708 2398/2997/2726 2378/2977/2706
f 2380/2980/2709 2399/2998/2727 2379/2979/2708
f 2381/2982/2711 2400/2999/2728 2380/2980/2709
f 2402/3000/2729 2381/2982/2711 2382/3001/2730
f 2343/2943/2672 2382/3001/2730 2362/2981/2710
f 2384/2985/2714 2403/3002/2731 2383/2984/2713
f 2385/3003/2732 2404/3004/2733 2384/2985/2714
f 2406/3005/2734 2385/3003/2732 2386/2986/2715
f 2387/2987/2716 2406/3005/2734 2386/2986/2715
f 2388/3006/2735 2407/3007/2736 2387/2987/2716
f 2409/3008/2737 2388/3006/2735 2389/2988/2717
f 2390/2989/2718 2409/3008/2737 2389/2988/2717
f 2391/2991/2720 2410/3009/2738 2390/2989/2718
f 2412/3010/2739 2391/2991/2720 2392/2992/2721
f 2413/3011/2740 2392/2992/2721 2393/2993/2722
f 2394/3012/2741 2413/3011/2740 2393/2993/2722
f 2395/2995/2724 2414/3013/2742 2394/3012/2741
f 2396/3014/2743 2415/3015/2744 2395/2995/2724
f 2417/3016/2745 2396/3014/2743 2397/2996/2725
f 2398/2997/2726 2417/3016/2745 2397/2996/2725
f 2419/3017/2746 2398/2997/2726 2399/2998/2727
f 2420/3018/2747 2399/2998/2727 2400/2999/2728
f 2421/3019/2748 2400/2999/2728 2401/3020/2749
f 2402/3000/2729 2421/3019/2748 2401/3020/2749
f 2382/3001/2730 2383/2984/2713 2402/3000/2729
f 2404/3004/2733 2423/3021/2750 2403/3002/2731
f 2405/3022/2751 2424/3023/2752 2404/3004/2733
f 2426/3024/2753 2405/3022/2751 2406/3005/2734
f 2407/3007/2736 2426/3024/2753 2406/3005/2734
f 2408/3025/2754 2427/3026/2755 2407/3007/2736
f 2429/3027/2756 2408/3025/2754 2409/3008/2737
f 2410/3009/2738 2429/3027/2756 2409/3008/2737
f 2431/3028/2757 2410/3009/2738 2411/3029/2758
f 2432/3030/2759 2411/3029/2758 2412/3010/2739
f 2413/3011/2740 2432/3030/2759 2412/3010/2739
f 2414/3013/2742 2433/3031/2760 2413/3011/2740
f 2435/3032/2761 2414/3013/2742 2415/3015/2744
f 2436/3033/2762 2415/3015/2744 2416/3034/2763
f 2437/3035/2764 2416/3034/2763 2417/3016/2745
f 2438/3036/2765 2417/3016/2745 2418/3037/2766
f 2439/3038/2767 2418/3037/2766 2419/3017/2746
f 2440/3039/2768 2419/3017/2746 2420/3018/2747
f 2421/3019/2748 2440/3039/2768 2420/3018/2747
f 2422/3040/2769 2441/3041/2770 2421/3019/2748
f 2402/3000/2729 2403/3002/2731 2422/3040/2769
f 2041/3042/199 2423/3021/2750 2424/3023/2752
f 2041/3042/199 2424/3023/2752 2425/3043/2771
f 2041/3042/199 2425/3043/2771 2426/3024/2753
f 2041/3042/199 2426/3024/2753 2427/3026/2755
f 2041/3042/199 2427/3026/2755 2428/3044/2772
f 2041/3042/199 2428/3044/2772 2429/3027/2756
f 2041/3042/199 2429/3027/2756 2430/3045/2773
f 2041/3042/199 2430/3045/2773 2431/3028/2757
f 2041/3042/199 2431/3028/2757 2432/3030/2759
f 2041/3042/199 2432/3030/2759 2433/3031/2760
f 2041/3042/199 2433/3031/2760 2434/3046/2774
f 2041/3042/199 2434/3046/2774 2435/3032/2761
f 2041/3042/199 2435/3032/2761 2436/3033/2762
f 2041/3042/199 2436/3033/2762 2437/3035/2764
f 2041/3042/199 2437/3035/2764 2438/3036/2765
f 2041/3042/199 2438/3036/2765 2439/3038/2767
f 2041/3042/199 2439/3038/2767 2440/3039/2768
f 2041/3042/199 2440/3039/2768 2441/3041/2770
f 2041/3042/199 2441/3041/2770 2442/3047/2775
f 2422/3040/2769 2423/3021/2750 2442/3047/2775
f 2041/3042/199 2442/3047/2775 2423/3021/2750
f 2284/2896/2625 2286/2848/2577 2285/2899/2628
f 2245/2849/2578 2243/2803/2532 2246/2850/2579
f 2204/2800/2529 2206/2806/2535 2205/2802/2531
f 2444/2799/2528 2164/2751/2480 2443/2755/2484
f 2445/2796/2525 2162/2749/2478 2444/2799/2528
f 2158/2746/2475 2445/2796/2525 2446/2793/2522
f 2447/2790/2519 2158/2746/2475 2446/2793/2522
f 2448/3048/2776 2156/2743/2472 2447/2790/2519
f 2449/2787/2516 2154/2741/2470 2448/3048/2776
f 2450/2784/2513 2152/2739/2468 2449/2787/2516
f 2451/2779/2508 2150/2738/2467 2450/2784/2513
f 2146/2733/2462 2451/2779/2508 2452/2776/2505
f 2145/2731/2460 2452/2776/2505 2453/2827/2556
f 2454/2826/2555 2145/2731/2460 2453/2827/2556
f 2180/2769/2498 2454/2826/2555 2455/2823/2552
f 2178/2767/2496 2455/2823/2552 2456/2820/2549
f 2457/3049/2777 2178/2767/2496 2456/2820/2549
f 2174/2762/2491 2457/3049/2777 2458/2815/2544
f 2172/2761/2490 2458/2815/2544 2459/3050/2778
f 2170/2759/2488 2459/3050/2778 2460/2810/2539
f 2168/2757/2486 2460/2810/2539 2461/3051/2779
f 2166/2754/2483 2461/3051/2779 2462/2804/2533
f 2206/2806/2535 2443/2755/2484 2462/2804/2533
f 2464/3052/2780 2002/2566/2339 2001/2571/2342
f 2042/3053/199 2463/3054/2781 2464/3052/2780
f 2463/3054/2781 2003/2578/2348 2002/2566/2339
f 2042/3053/199 2465/3055/2782 2463/3054/2781
f 2466/3056/2783 2003/2578/2348 2465/3055/2782
f 2042/3053/199 2466/3056/2783 2465/3055/2782
f 2467/3057/2784 2004/2582/2352 2466/3056/2783
f 2042/3053/199 2467/3057/2784 2466/3056/2783
f 2467/3057/2784 2006/2595/2362 2005/2588/2357
f 2042/3053/199 2468/3058/2785 2467/3057/2784
f 2469/3059/2786 2006/2602/2362 2468/3060/2785
f 2042/3053/199 2469/3059/2786 2468/3060/2785
f 2469/3059/2786 2008/2609/2372 2007/2603/2367
f 2042/3053/199 2470/3061/2787 2469/3059/2786
f 2471/3062/2788 2008/2609/2372 2470/3061/2787
f 2042/3053/199 2471/3062/2788 2470/3061/2787
f 2472/3063/2789 2009/2616/2377 2471/3062/2788
f 2042/3053/199 2472/3063/2789 2471/3062/2788
f 2473/3064/2790 2010/2622/2382 2472/3063/2789
f 2042/3053/199 2473/3064/2790 2472/3063/2789
f 2474/3065/2791 2011/2628/2387 2473/3064/2790
f 2042/3053/199 2474/3065/2791 2473/3064/2790
f 2475/3066/2792 2012/2635/2392 2474/3065/2791
f 2042/3053/199 2475/3066/2792 2474/3065/2791
f 2475/3066/2792 2014/2646/2402 2013/2640/2397
f 2042/3053/199 2476/3067/2793 2475/3066/2792
f 2476/3067/2793 2015/2652/2406 2014/2646/2402
f 2042/3053/199 2477/3068/2794 2476/3067/2793
f 2478/3069/2795 2015/2652/2406 2477/3068/2794
f 2042/3053/199 2478/3069/2795 2477/3068/2794
f 2479/3070/2796 2016/2657/2411 2478/3069/2795
f 2042/3053/199 2479/3070/2796 2478/3069/2795
f 2479/3070/2796 2018/2670/2421 2017/2664/2416
f 2042/3053/199 2480/3071/2797 2479/3070/2796
f 2481/3072/2798 2018/2670/2421 2480/3071/2797
f 2042/3053/199 2481/3072/2798 2480/3071/2797
f 2482/3073/2799 2001/2571/2342 2020/2680/2429
f 2042/3053/199 2464/3052/2780 2482/3073/2799
f 2481/3072/2798 2020/2680/2429 2019/2675/2426
f 2042/3053/199 2482/3073/2799 2481/3072/2798
f 1960/3074/178 2484/3075/2800 2483/3076/2801
f 2070/3077/2802 2483/3076/2801 2484/3075/2800
f 1960/3074/178 2485/3078/2803 2484/3075/2800
f 2067/3079/2804 2484/3075/2800 2485/3078/2803
f 1960/3074/178 2486/3080/2805 2485/3078/2803
f 2486/3080/2805 2067/3079/2804 2485/3078/2803
f 1960/3074/178 2487/3081/2806 2486/3080/2805
f 2061/3082/2807 2486/3080/2805 2487/3081/2806
f 1960/3074/178 2488/3083/2808 2487/3081/2806
f 2058/3084/2809 2487/3081/2806 2488/3083/2808
f 1960/3074/178 2489/3085/2810 2488/3083/2808
f 2055/3086/2811 2488/3083/2808 2489/3085/2810
f 1960/3074/178 2490/3087/2812 2489/3085/2810
f 2052/3088/2813 2489/3085/2810 2490/3087/2812
f 1960/3074/178 2491/3089/2814 2490/3087/2812
f 2491/3089/2814 2052/3088/2813 2490/3087/2812
f 1960/3074/178 2492/3090/2815 2491/3089/2814
f 2492/3090/2815 2049/3091/2816 2491/3089/2814
f 1960/3074/178 2493/3092/2817 2492/3090/2815
f 2043/3093/2818 2492/3090/2815 2493/3092/2817
f 1960/3074/178 2494/3094/2819 2493/3092/2817
f 2100/3095/2820 2493/3092/2817 2494/3094/2819
f 1960/3074/178 2495/3096/2821 2494/3094/2819
f 2495/3096/2821 2100/3095/2820 2494/3094/2819
f 1960/3074/178 2496/3097/2822 2495/3096/2821
f 2496/3097/2822 2097/3098/2823 2495/3096/2821
f 1960/3074/178 2497/3099/2824 2496/3097/2822
f 2497/3099/2824 2094/3100/2825 2496/3097/2822
f 1960/3074/178 2498/3101/2826 2497/3099/2824
f 2088/3102/2827 2497/3099/2824 2498/3101/2826
f 1960/3074/178 2499/3103/2828 2498/3101/2826
f 2085/3104/2829 2498/3101/2826 2499/3103/2828
f 1960/3074/178 2500/3105/2830 2499/3103/2828
f 2500/3105/2830 2085/3104/2829 2499/3103/2828
f 1960/3074/178 2501/3106/2831 2500/3105/2830
f 2079/3107/2832 2500/3105/2830 2501/3106/2831
f 1960/3074/178 2502/3108/2833 2501/3106/2831
f 2502/3108/2833 2079/3107/2832 2501/3106/2831
f 1960/3074/178 2483/3076/2801 2502/3108/2833
f 2483/3076/2801 2076/3109/2834 2502/3108/2833
f 2045/3110/2835 2503/3111/2836 2048/3112/2837
f 2504/3113/2838 1982/2585/2354 2503/3111/2836
f 2102/3114/2839 2504/3113/2838 2045/3110/2835
f 2505/3115/2840 1981/2574/2345 2504/3113/2838
f 2048/3112/2837 2506/3116/2841 2051/3117/2842
f 2503/3111/2836 1983/3118/2843 2506/3116/2841
f 2051/3117/2842 2507/3119/2844 2054/3120/2845
f 2506/3116/2841 1984/2591/2359 2507/3119/2844
f 2054/3120/2845 2508/3121/2846 2057/3122/2847
f 2508/3121/2846 1984/2591/2359 1985/2597/2364
f 2057/3122/2847 2509/3123/2848 2060/3124/2849
f 2508/3121/2846 1986/2605/2369 2509/3123/2848
f 2063/3125/2850 2509/3126/2848 2510/3127/2851
f 2510/3127/2851 1986/3128/2369 1987/2612/2374
f 2063/3125/2850 2511/3129/2852 2066/3130/2853
f 2511/3129/2852 1987/2612/2374 1988/2619/2379
f 2069/3131/2854 2511/3129/2852 2512/3132/2855
f 2511/3129/2852 1989/2625/2384 2512/3132/2855
f 2072/3133/2856 2512/3132/2855 2513/3134/2857
f 2513/3134/2857 1989/2625/2384 1990/2631/2389
f 2075/3135/2858 2513/3134/2857 2514/3136/2859
f 2514/3136/2859 1990/2631/2389 1991/2637/2394
f 2078/3137/2860 2514/3136/2859 2515/3138/2861
f 2515/3138/2861 1991/2637/2394 1992/2643/2399
f 2078/3137/2860 2516/3139/2862 2081/3140/2863
f 2515/3138/2861 1993/2654/2408 2516/3139/2862
f 2081/3140/2863 2517/3141/2864 2084/3142/2865
f 2516/3139/2862 1994/2660/2413 2517/3141/2864
f 2087/3143/2866 2517/3141/2864 2518/3144/2867
f 2518/3144/2867 1994/2660/2413 1995/3145/2868
f 2087/3143/2866 2519/3146/2869 2090/3147/2870
f 2518/3144/2867 1996/2666/2418 2519/3146/2869
f 2093/3148/2871 2519/3146/2869 2520/3149/2872
f 2520/3149/2872 1996/2666/2418 1997/2672/2423
f 2096/3150/2873 2520/3149/2872 2521/3151/2874
f 2520/3149/2872 1998/2678/2428 2521/3151/2874
f 2099/3152/2875 2521/3151/2874 2522/3153/2876
f 2521/3151/2874 1999/2682/2431 2522/3153/2876
f 2102/3114/2839 2522/3153/2876 2505/3115/2840
f 2505/3115/2840 1999/2682/2431 2000/2572/2343
f 2524/3154/2877 2043/3093/2818 2100/3095/2820
f 2524/3154/2877 2044/3155/2878 2523/3156/2879
f 2526/3157/2880 2044/3155/2878 2101/3158/2881
f 2526/3159/2880 2045/3110/2835 2525/3160/2882
f 2048/3112/2837 2525/3160/2882 2045/3110/2835
f 2525/3161/2882 2047/3162/2883 2044/3155/2878
f 2047/3162/2883 2523/3156/2879 2044/3155/2878
f 2523/3156/2879 2046/3163/2884 2043/3093/2818
f 2529/3164/2885 2048/3112/2837 2051/3117/2842
f 2527/3165/2886 2050/3166/2887 2047/3162/2883
f 2530/3167/2888 2047/3162/2883 2050/3166/2887
f 2530/3167/2888 2046/3163/2884 2528/3168/2889
f 2531/3169/2890 2051/3117/2842 2054/3120/2845
f 2531/3170/2890 2050/3166/2887 2529/3171/2885
f 2532/3172/2891 2050/3166/2887 2053/3173/2892
f 2532/3172/2891 2049/3091/2816 2530/3167/2888
f 2533/3174/2893 2054/3120/2845 2057/3122/2847
f 2533/3175/2893 2053/3173/2892 2531/3170/2890
f 2534/3176/2894 2053/3173/2892 2056/3177/2895
f 2532/3172/2891 2055/3086/2811 2052/3088/2813
f 2060/3124/2849 2533/3174/2893 2057/3122/2847
f 2535/3178/2896 2056/3177/2895 2533/3175/2893
f 2536/3179/2897 2056/3177/2895 2059/3180/2898
f 2534/3176/2894 2058/3084/2809 2055/3086/2811
f 2537/3181/2899 2060/3182/2849 2063/3125/2850
f 2537/3183/2899 2059/3180/2898 2535/3178/2896
f 2538/3184/2900 2059/3180/2898 2062/3185/2901
f 2538/3184/2900 2058/3084/2809 2536/3179/2897
f 2539/3186/2902 2063/3125/2850 2066/3130/2853
f 2537/3183/2899 2065/3187/2903 2062/3185/2901
f 2065/3187/2903 2538/3184/2900 2062/3185/2901
f 2540/3188/2904 2061/3082/2807 2538/3184/2900
f 2541/3189/2905 2066/3130/2853 2069/3131/2854
f 2539/3190/2902 2068/3191/2906 2065/3187/2903
f 2542/3192/2907 2065/3187/2903 2068/3191/2906
f 2542/3192/2907 2064/3193/2908 2540/3188/2904
f 2543/3194/2909 2069/3131/2854 2072/3133/2856
f 2543/3195/2909 2068/3191/2906 2541/3196/2905
f 2544/3197/2910 2068/3191/2906 2071/3198/2911
f 2542/3192/2907 2070/3077/2802 2067/3079/2804
f 2545/3199/2912 2072/3133/2856 2075/3135/2858
f 2545/3200/2912 2071/3198/2911 2543/3195/2909
f 2074/3201/2913 2544/3197/2910 2071/3198/2911
f 2544/3197/2910 2073/3202/2914 2070/3077/2802
f 2547/3203/2915 2075/3135/2858 2078/3137/2860
f 2547/3204/2915 2074/3201/2913 2545/3200/2912
f 2077/3205/2916 2546/3206/2917 2074/3201/2913
f 2548/3207/2918 2073/3202/2914 2546/3206/2917
f 2081/3140/2863 2547/3203/2915 2078/3137/2860
f 2547/3204/2915 2080/3208/2919 2077/3205/2916
f 2080/3208/2919 2548/3207/2918 2077/3205/2916
f 2550/3209/2920 2076/3109/2834 2548/3207/2918
f 2084/3142/2865 2549/3210/2921 2081/3140/2863
f 2551/3211/2922 2080/3208/2919 2549/3212/2921
f 2083/3213/2923 2550/3209/2920 2080/3208/2919
f 2550/3209/2920 2082/3214/2924 2079/3107/2832
f 2553/3215/2925 2084/3142/2865 2087/3143/2866
f 2553/3216/2925 2083/3213/2923 2551/3211/2922
f 2086/3217/2926 2552/3218/2927 2083/3213/2923
f 2552/3218/2927 2085/3104/2829 2082/3214/2924
f 2555/3219/2928 2087/3143/2866 2090/3147/2870
f 2555/3220/2928 2086/3217/2926 2553/3216/2925
f 2556/3221/2929 2086/3217/2926 2089/3222/2930
f 2556/3221/2929 2085/3104/2829 2554/3223/2931
f 2557/3224/2932 2090/3147/2870 2093/3148/2871
f 2557/3225/2932 2089/3222/2930 2555/3220/2928
f 2558/3226/2933 2089/3222/2930 2092/3227/2934
f 2558/3226/2933 2088/3102/2827 2556/3221/2929
f 2559/3228/2935 2093/3148/2871 2096/3150/2873
f 2559/3229/2935 2092/3227/2934 2557/3225/2932
f 2560/3230/2936 2092/3227/2934 2095/3231/2937
f 2560/3230/2936 2091/3232/2938 2558/3226/2933
f 2561/3233/2939 2096/3150/2873 2099/3152/2875
f 2559/3229/2935 2098/3234/2940 2095/3231/2937
f 2562/3235/2941 2095/3231/2937 2098/3234/2940
f 2562/3235/2941 2094/3100/2825 2560/3230/2936
f 2526/3159/2880 2099/3152/2875 2102/3114/2839
f 2561/3236/2939 2101/3158/2881 2098/3234/2940
f 2101/3158/2881 2562/3235/2941 2098/3234/2940
f 2524/3154/2877 2097/3098/2823 2562/3235/2941
f 2943/3237/974 915/3238/975 2944/3239/975
f 2944/3239/975 928/3240/987 2945/3241/987
f 2945/3241/987 927/3242/986 2946/3243/986
f 2946/3243/986 926/3244/985 2947/3245/985
f 2947/3245/985 925/3246/984 2948/3247/984
f 2948/3247/984 924/3248/983 2949/3249/983
f 2950/3250/982 924/3248/983 923/3251/982
f 2950/3252/982 922/3253/981 2951/3254/981
f 2952/3255/980 922/3253/981 921/3256/980
f 2952/3255/980 920/3257/979 2953/3258/979
f 2954/3259/978 920/3257/979 919/3260/978
f 2954/3259/978 918/3261/977 2955/3262/977
f 2955/3262/977 917/3263/976 2956/3264/976
f 2943/3237/974 917/3263/976 916/3265/974
f 284/280/280 328/284/284 325/281/281
f 285/283/283 331/286/286 328/284/284
f 286/285/285 334/288/288 331/286/286
f 287/287/287 337/290/290 334/288/288
f 288/289/289 340/292/292 337/290/290
f 289/291/291 343/294/294 340/292/292
f 290/293/293 346/296/296 343/294/294
f 291/295/295 349/298/298 346/296/296
f 292/297/297 352/300/300 349/298/298
f 293/299/299 355/3269/302 352/300/300
f 294/301/301 358/305/304 355/302/302
f 295/304/303 361/307/306 358/305/304
f 296/306/305 364/308/307 361/307/306
f 283/282/282 325/281/281 364/308/307
f 325/281/281 326/311/314 365/309/308
f 327/310/309 366/338/347 365/309/310
f 326/311/311 329/313/315 330/312/312
f 325/281/281 328/284/284 329/313/313
f 329/313/315 332/315/318 333/314/316
f 329/313/313 328/284/284 331/286/286
f 332/315/318 335/317/712 336/316/319
f 332/315/317 331/286/286 334/288/288
f 336/316/319 335/317/712 338/318/321
f 335/317/320 334/288/288 337/290/290
f 339/319/322 338/318/321 341/320/324
f 338/318/323 337/290/290 340/292/292
f 342/321/325 341/320/324 344/322/327
f 341/320/326 340/292/292 343/294/294
f 344/322/327 347/325/332 348/324/330
f 344/322/329 343/294/294 346/296/296
f 347/325/332 350/327/335 351/326/333
f 347/325/331 346/296/296 349/298/298
f 350/327/335 353/329/721 354/328/336
f 350/327/334 349/298/298 352/300/300
f 354/328/336 353/329/721 356/330/338
f 352/300/300 355/3269/302 356/330/340
f 357/332/339 356/335/338 359/333/341
f 355/302/302 358/305/304 359/333/343
f 360/334/342 359/333/341 362/336/344
f 359/333/343 358/305/304 361/307/306
f 363/337/345 362/336/344 365/309/310
f 362/336/346 361/307/306 364/308/307
f 367/339/348 368/343/352 407/340/349
f 369/342/351 408/379/386 407/340/349
f 368/343/352 371/346/355 372/344/353
f 368/343/352 367/339/348 370/345/354
f 371/346/355 374/348/357 375/347/356
f 370/345/354 373/649/694 374/348/357
f 374/348/357 377/351/360 378/349/358
f 374/348/357 373/649/694 376/350/359
f 378/349/358 377/351/360 380/352/361
f 377/351/360 376/350/359 379/354/363
f 381/353/362 380/352/361 383/355/364
f 380/352/361 379/354/363 382/357/366
f 384/356/365 383/355/364 386/358/367
f 383/355/364 382/357/366 385/360/369
f 386/358/367 389/363/372 390/361/370
f 386/358/367 385/360/369 388/362/371
f 389/363/372 392/365/374 393/364/373
f 388/362/371 391/367/376 392/365/374
f 392/365/374 395/368/377 396/366/375
f 391/367/376 394/371/380 395/368/377
f 396/366/375 395/368/377 398/369/378
f 394/371/380 397/3270/703 398/369/378
f 399/372/379 398/375/378 401/373/381
f 398/375/378 397/658/703 400/376/383
f 402/374/382 401/373/381 404/377/384
f 400/376/383 403/380/387 404/377/384
f 405/378/385 404/377/384 407/340/349
f 403/380/387 406/341/350 407/340/349
f 409/381/388 412/384/391 298/382/389
f 412/384/391 415/386/393 299/385/392
f 415/386/393 418/388/395 300/387/394
f 418/388/395 421/391/398 301/389/396
f 424/390/397 302/393/400 301/389/396
f 427/392/399 303/395/402 302/393/400
f 427/392/399 430/397/404 304/394/401
f 433/396/403 305/399/406 304/394/401
f 436/398/405 306/401/408 305/399/406
f 439/400/407 307/3271/410 306/401/408
f 442/402/409 308/406/412 307/403/410
f 442/402/409 445/408/414 309/405/411
f 448/407/413 310/409/415 309/405/411
f 448/407/413 409/381/388 297/383/390
f 372/344/353 414/411/417 411/410/416
f 375/347/356 417/412/418 414/411/417
f 378/349/358 420/413/419 417/412/418
f 381/353/362 423/414/420 420/413/419
f 384/356/365 426/416/422 423/414/420
f 384/356/365 387/359/368 429/415/421
f 390/361/370 432/418/424 429/415/421
f 390/361/370 393/364/373 435/417/423
f 393/364/373 396/366/375 438/419/425
f 396/366/375 399/370/379 441/420/426
f 399/372/379 402/374/382 444/421/427
f 405/378/385 447/423/428 444/421/427
f 408/379/386 450/424/429 447/423/428
f 408/379/386 369/342/351 411/410/416
f 409/381/388 410/426/431 413/425/430
f 411/410/416 414/411/417 413/425/430
f 412/384/391 413/425/430 416/427/432
f 413/425/430 414/411/417 417/412/418
f 415/386/393 416/427/432 419/428/433
f 416/427/432 417/412/418 420/413/419
f 419/428/433 422/429/434 421/391/398
f 420/413/419 423/414/420 422/429/434
f 422/429/434 425/430/435 424/390/397
f 422/429/434 423/414/420 426/416/422
f 424/390/397 425/430/435 428/431/436
f 425/430/435 426/416/422 429/415/421
f 427/392/399 428/431/436 431/432/437
f 429/415/421 432/418/424 431/432/437
f 430/397/404 431/432/437 434/433/438
f 432/418/424 435/417/423 434/433/438
f 433/396/403 434/433/438 437/434/439
f 435/417/423 438/419/425 437/434/439
f 437/434/439 440/435/440 439/400/407
f 438/419/425 441/420/426 440/435/440
f 440/436/440 443/437/441 442/402/409
f 441/422/426 444/421/427 443/437/441
f 443/437/441 446/438/442 445/408/414
f 444/421/427 447/423/428 446/438/442
f 446/438/442 449/439/443 448/407/413
f 446/438/442 447/423/428 450/424/429
f 410/426/431 449/439/443 450/424/429
f 410/426/431 409/381/388 448/407/413
f 298/382/389 453/441/445 451/440/444
f 299/385/392 455/442/446 453/441/445
f 300/387/394 457/443/447 455/442/446
f 301/389/396 459/444/448 457/443/447
f 302/393/400 461/446/450 459/444/448
f 302/393/400 303/395/402 463/445/449
f 303/395/402 304/394/401 465/447/451
f 304/394/401 305/399/406 467/448/452
f 305/399/406 306/401/408 469/449/453
f 306/401/408 307/3271/410 471/450/454
f 307/403/410 308/406/412 473/451/455
f 309/405/411 475/453/456 473/451/455
f 310/409/415 477/454/457 475/453/456
f 297/383/390 451/440/444 477/454/457
f 482/455/458 312/459/462 311/456/459
f 485/458/461 313/461/464 312/459/462
f 488/460/463 314/463/466 313/461/464
f 488/460/463 491/465/468 315/462/465
f 494/464/467 316/467/470 315/462/465
f 494/464/467 497/468/471 317/466/469
f 497/468/471 500/471/474 318/469/472
f 503/470/473 319/473/476 318/469/472
f 506/472/475 320/475/478 319/473/476
f 509/474/477 321/3272/480 320/475/478
f 509/476/477 512/480/482 322/477/479
f 515/479/481 323/482/484 322/477/479
f 518/481/483 324/483/485 323/482/484
f 479/457/460 311/456/459 324/483/485
f 454/484/486 484/488/490 481/485/487
f 454/484/486 456/489/491 487/487/489
f 456/489/491 458/492/494 490/490/492
f 460/491/493 493/494/496 490/490/492
f 460/491/493 462/495/497 496/493/495
f 462/495/497 464/497/499 499/496/498
f 464/497/499 466/500/502 502/498/500
f 468/499/501 505/502/504 502/498/500
f 470/501/503 508/504/506 505/502/504
f 472/503/505 511/3273/508 508/504/506
f 474/505/507 514/509/510 511/506/508
f 474/505/507 476/510/511 517/508/509
f 476/510/511 478/512/513 520/511/512
f 452/486/488 481/485/487 520/511/512
f 479/457/460 480/514/539 483/513/514
f 480/514/515 481/485/487 484/488/490
f 483/513/514 486/515/518 485/458/461
f 483/513/516 484/488/490 487/487/489
f 486/515/518 489/516/2945 488/460/463
f 487/487/489 490/490/492 489/516/519
f 488/460/463 489/516/2945 492/517/520
f 490/490/492 493/494/496 492/517/521
f 492/517/520 495/518/523 494/464/467
f 493/494/496 496/493/495 495/518/522
f 495/518/523 498/519/525 497/468/471
f 495/518/522 496/493/495 499/496/498
f 498/519/525 501/520/527 500/471/474
f 498/519/524 499/496/498 502/498/500
f 501/520/527 504/521/529 503/470/473
f 501/520/526 502/498/500 505/502/504
f 504/521/529 507/522/531 506/472/475
f 504/521/528 505/502/504 508/504/506
f 507/522/531 510/523/2946 509/474/477
f 508/504/506 511/3273/508 510/523/532
f 509/476/477 510/525/2946 513/524/533
f 511/506/508 514/509/510 513/524/534
f 512/480/482 513/524/533 516/526/535
f 514/509/510 517/508/509 516/526/536
f 515/479/481 516/526/535 519/527/537
f 516/526/536 517/508/509 520/511/512
f 480/514/515 519/527/538 520/511/512
f 480/514/539 479/457/460 518/481/483
f 523/528/540 522/531/628 525/529/541
f 522/531/543 521/588/575 526/532/544
f 529/533/546 528/537/631 531/534/547
f 527/536/549 532/538/552 531/534/550
f 527/536/549 523/528/540 524/530/542
f 527/536/549 533/591/630 538/539/553
f 538/539/553 533/591/630 539/540/554
f 539/540/554 545/597/638 550/542/556
f 550/542/556 545/597/638 551/543/557
f 556/544/558 551/543/557 557/545/559
f 557/545/559 563/607/650 568/547/561
f 568/547/561 563/607/650 569/548/562
f 574/549/563 569/548/562 575/550/564
f 580/551/565 575/550/564 581/552/566
f 586/553/567 581/552/566 587/554/568
f 587/556/568 593/559/571 598/557/570
f 593/559/571 599/561/573 604/560/572
f 599/561/573 532/538/552 524/530/542
f 478/512/574 526/587/544 521/562/575
f 477/454/577 451/440/578 529/533/546
f 451/440/578 453/441/582 535/563/579
f 452/486/576 521/562/575 536/564/580
f 453/441/582 455/442/586 541/565/583
f 456/489/584 454/484/581 536/564/580
f 455/442/586 457/443/591 547/567/587
f 456/489/584 542/566/585 548/568/588
f 459/444/590 553/570/595 547/567/587
f 458/492/589 548/568/588 554/569/592
f 461/446/594 559/572/599 553/570/595
f 462/495/596 460/491/593 554/569/592
f 463/445/598 565/575/603 559/572/599
f 464/497/600 462/495/596 560/571/597
f 463/445/598 465/447/606 571/574/602
f 466/500/604 464/497/600 566/573/601
f 465/447/606 467/448/611 577/577/607
f 468/499/608 466/500/604 572/576/605
f 469/449/610 583/580/615 577/577/607
f 470/501/612 468/499/608 578/578/609
f 471/450/614 589/3274/619 583/580/615
f 470/501/612 584/579/613 590/581/616
f 473/451/618 595/584/623 589/582/619
f 472/507/617 590/3275/616 596/583/620
f 475/453/622 601/586/626 595/584/623
f 474/505/621 596/583/620 602/585/624
f 477/454/577 530/535/548 601/586/626
f 476/510/625 602/585/624 526/587/544
f 521/588/575 522/531/543 537/589/627
f 522/531/628 523/528/540 538/539/553
f 528/537/551 534/592/633 533/591/630
f 528/537/631 529/533/546 535/563/579
f 534/592/633 540/593/2947 539/540/554
f 534/592/632 535/563/579 541/565/583
f 536/590/580 537/589/627 543/594/635
f 538/539/553 544/541/555 543/594/636
f 539/540/554 540/593/2947 546/596/637
f 541/565/583 547/567/587 546/596/639
f 542/595/585 543/594/635 549/598/640
f 544/541/555 550/542/556 549/598/641
f 545/597/638 546/596/637 552/600/642
f 547/567/587 553/570/595 552/600/643
f 549/598/640 555/602/647 554/601/592
f 550/542/556 556/544/558 555/602/644
f 551/543/557 552/600/642 558/603/645
f 553/570/595 559/572/599 558/603/646
f 555/602/647 561/605/652 560/604/597
f 556/544/558 562/546/560 561/605/648
f 557/545/559 558/603/645 564/606/649
f 559/572/599 565/575/603 564/606/651
f 561/605/652 567/609/2948 566/608/601
f 561/605/648 562/546/560 568/547/561
f 564/606/649 570/610/657 569/548/562
f 564/606/651 565/575/603 571/574/602
f 566/608/601 567/609/2948 573/611/655
f 568/547/561 574/549/563 573/611/656
f 570/610/657 576/613/2949 575/550/564
f 570/610/654 571/574/602 577/577/607
f 572/612/605 573/611/655 579/614/659
f 574/549/563 580/551/565 579/614/660
f 575/550/564 576/613/2949 582/616/661
f 576/613/658 577/577/607 583/580/615
f 578/615/609 579/614/659 585/617/663
f 580/551/565 586/553/567 585/617/664
f 582/616/661 588/619/667 587/554/568
f 583/580/615 589/3274/619 588/619/665
f 585/617/663 591/621/669 590/620/616
f 585/617/664 586/553/567 592/555/569
f 588/622/667 594/623/2950 593/559/571
f 589/582/619 595/584/623 594/623/668
f 591/624/669 597/627/673 596/625/620
f 591/624/666 592/558/569 598/557/570
f 593/559/571 594/623/2950 600/628/671
f 595/584/623 601/586/626 600/628/672
f 597/627/673 603/630/675 602/629/624
f 597/627/670 598/557/570 604/560/572
f 531/534/547 600/628/672 601/586/626
f 531/534/550 532/538/552 599/561/573
f 524/530/542 525/529/541 603/630/674
f 526/532/544 602/629/624 603/630/675
f 330/312/312 608/632/677 605/631/676
f 333/314/316 611/634/679 608/632/677
f 333/314/316 336/316/319 614/633/678
f 336/316/319 339/319/322 617/635/680
f 339/319/322 342/321/325 620/636/681
f 342/321/325 345/323/328 623/637/682
f 348/324/330 626/638/683 623/637/682
f 351/326/333 629/639/684 626/638/683
f 354/328/336 632/640/685 629/639/684
f 357/331/339 635/3276/687 632/640/685
f 357/332/339 360/334/342 638/641/686
f 360/334/342 363/337/345 641/643/688
f 363/337/345 366/338/347 644/644/689
f 327/310/309 605/631/676 644/644/689
f 610/645/690 370/345/354 367/339/348
f 613/647/692 373/649/694 370/345/354
f 616/648/693 376/350/359 373/649/694
f 619/650/695 379/354/363 376/350/359
f 622/651/696 382/357/366 379/354/363
f 625/652/697 385/360/369 382/357/366
f 628/653/698 388/362/371 385/360/369
f 631/654/699 391/367/376 388/362/371
f 634/655/700 394/371/380 391/367/376
f 637/656/701 397/3270/703 394/371/380
f 640/657/702 400/376/383 397/658/703
f 643/660/704 403/380/387 400/376/383
f 646/661/705 406/341/350 403/380/387
f 607/646/691 367/339/348 406/341/350
f 606/662/311 645/663/725 644/644/689
f 606/662/706 607/646/691 646/661/705
f 607/646/691 606/662/706 609/664/708
f 605/631/676 608/632/677 609/664/709
f 610/645/690 609/664/708 612/665/710
f 609/664/709 608/632/677 611/634/679
f 612/665/710 615/666/713 616/648/693
f 612/665/711 611/634/679 614/633/678
f 615/666/713 618/667/714 619/650/695
f 615/666/712 614/633/678 617/635/680
f 618/667/714 621/668/716 622/651/696
f 618/667/321 617/635/680 620/636/681
f 621/668/716 624/669/329 625/652/697
f 621/668/715 620/636/681 623/637/682
f 624/669/329 627/670/718 628/653/698
f 624/669/717 623/637/682 626/638/683
f 627/670/718 630/671/2951 631/654/699
f 626/638/683 629/639/684 630/671/719
f 631/654/699 630/671/2951 633/672/720
f 629/639/684 632/640/685 633/672/721
f 633/672/720 636/673/722 637/656/701
f 632/640/685 635/3276/687 636/673/338
f 636/674/722 639/675/2952 640/657/702
f 636/674/338 635/642/687 638/641/686
f 640/657/702 639/675/2952 642/676/723
f 639/675/341 638/641/686 641/643/688
f 643/660/704 642/676/723 645/663/707
f 641/643/688 644/644/689 645/663/725
f 733/692/740 736/695/743 654/693/741
f 736/695/743 739/808/745 657/696/744
f 739/697/745 742/700/747 660/698/746
f 742/700/747 745/702/749 663/701/748
f 745/702/749 748/704/751 666/703/750
f 748/704/751 751/706/753 669/705/752
f 751/706/753 754/708/755 672/707/754
f 754/708/755 757/710/757 675/709/756
f 757/710/757 760/712/759 678/711/758
f 760/712/759 763/714/761 681/713/760
f 763/714/761 766/716/763 684/715/762
f 766/716/763 769/718/765 687/717/764
f 769/718/765 772/720/767 690/719/766
f 772/720/767 733/692/740 651/694/742
f 650/736/782 653/739/315 652/737/783
f 650/736/785 651/694/742 654/693/741
f 653/739/315 656/741/789 655/740/787
f 653/739/786 654/693/741 657/696/744
f 656/742/789 659/745/2953 658/743/790
f 657/699/744 660/698/746 659/745/791
f 658/743/790 659/745/2953 662/746/792
f 660/698/746 663/701/748 662/746/714
f 661/747/793 662/746/792 665/748/794
f 663/701/748 666/703/750 665/748/326
f 665/748/794 668/751/717 667/750/796
f 665/748/326 666/703/750 669/705/752
f 667/750/796 668/751/717 671/752/332
f 668/751/329 669/705/752 672/707/754
f 671/752/332 674/755/719 673/754/799
f 671/752/798 672/707/754 675/709/756
f 674/755/719 677/757/721 676/756/801
f 674/755/800 675/709/756 678/711/758
f 677/757/721 680/759/338 679/758/803
f 677/757/802 678/711/758 681/713/760
f 679/758/803 680/759/338 683/760/805
f 681/713/760 684/715/762 683/760/343
f 682/761/806 683/760/805 686/762/344
f 684/715/762 687/717/764 686/762/808
f 686/762/344 689/765/810 688/764/809
f 687/717/764 690/719/766 689/765/707
f 651/694/742 650/736/785 689/765/707
f 650/736/782 649/738/784 688/764/809
f 691/766/811 692/771/785 731/767/707
f 692/769/813 693/679/727 732/691/739
f 692/769/813 695/774/816 696/677/726
f 692/771/785 691/766/811 694/772/815
f 695/774/816 698/777/789 699/680/728
f 695/773/313 694/772/815 697/775/817
f 698/777/789 701/3277/2953 702/681/729
f 697/778/817 700/782/819 701/779/791
f 702/681/729 701/3277/2953 704/781/818
f 700/782/819 703/784/820 704/783/714
f 704/781/818 707/786/324 708/683/731
f 703/784/820 706/787/821 707/785/326
f 707/786/324 710/3278/2954 711/684/732
f 706/787/821 709/890/905 710/788/822
f 711/684/732 710/3278/2954 713/789/823
f 710/788/822 709/890/905 712/790/824
f 714/685/733 713/789/823 716/792/825
f 713/791/798 712/790/824 715/793/826
f 716/792/825 719/797/721 720/687/735
f 716/794/334 715/793/826 718/795/827
f 719/797/721 722/3279/338 723/688/736
f 718/795/827 721/800/828 722/798/804
f 723/688/736 722/3279/338 725/799/805
f 721/800/828 724/896/911 725/801/829
f 726/689/737 725/799/805 728/802/830
f 725/801/829 724/896/911 727/803/831
f 728/802/830 731/770/814 732/691/739
f 727/803/831 730/768/812 731/767/707
f 733/692/740 734/807/868 737/805/833
f 735/806/834 738/901/916 737/805/835
f 737/805/833 740/810/2955 739/808/745
f 737/805/835 738/901/916 741/809/837
f 739/697/745 740/813/2955 743/811/839
f 741/812/837 744/815/842 743/811/840
f 742/700/747 743/811/839 746/814/841
f 744/815/842 747/817/845 746/814/843
f 745/702/749 746/814/841 749/816/844
f 747/817/845 750/906/920 749/816/846
f 748/704/751 749/816/844 752/818/847
f 749/816/846 750/906/920 753/819/848
f 752/818/847 755/820/851 754/708/755
f 753/819/848 756/910/924 755/820/850
f 755/820/851 758/822/854 757/710/757
f 755/820/850 756/910/924 759/821/852
f 758/822/854 761/824/857 760/712/759
f 758/822/853 759/821/852 762/823/855
f 761/824/857 764/825/2956 763/714/761
f 762/823/855 765/827/860 764/825/858
f 763/714/761 764/825/2956 767/826/859
f 765/827/860 768/828/862 767/826/861
f 767/826/859 770/829/864 769/718/765
f 768/828/862 771/915/929 770/829/863
f 770/829/864 773/831/867 772/720/767
f 770/829/863 771/915/929 774/830/865
f 734/807/836 773/831/866 774/830/865
f 733/692/740 772/720/767 773/831/867
f 776/832/868 779/836/833 778/833/869
f 776/832/836 777/872/769 780/835/768
f 779/836/833 782/839/2955 781/837/871
f 779/836/835 780/835/768 783/838/770
f 781/840/871 782/843/2955 785/841/839
f 782/843/838 783/3280/770 786/844/771
f 784/842/872 785/841/839 788/845/841
f 786/844/771 789/3281/772 788/845/874
f 787/846/873 788/845/841 791/847/844
f 788/845/874 789/3281/772 792/849/773
f 791/847/844 794/852/847 793/850/877
f 791/847/876 792/849/773 795/851/774
f 794/852/847 797/854/851 796/853/879
f 795/851/774 798/3282/775 797/854/850
f 797/854/851 800/857/854 799/855/880
f 797/854/850 798/3282/775 801/856/776
f 800/857/854 803/860/857 802/858/881
f 800/857/853 801/856/776 804/859/777
f 803/860/857 806/863/2956 805/861/882
f 803/860/856 804/859/777 807/862/778
f 805/861/882 806/863/2956 809/864/883
f 807/862/778 810/867/779 809/864/885
f 809/864/883 812/868/973 811/866/886
f 810/867/779 813/3283/780 812/868/863
f 811/866/886 812/868/973 815/869/887
f 812/868/863 813/3283/780 816/871/781
f 776/832/836 815/869/866 816/871/781
f 775/834/870 814/870/888 815/869/887
f 820/873/889 817/882/898 649/738/784
f 655/740/787 823/3284/949 820/873/889
f 826/874/890 823/940/949 655/744/787
f 661/747/793 829/875/891 826/874/890
f 664/749/795 832/876/892 829/875/891
f 667/750/796 835/3285/2957 832/876/892
f 838/877/893 835/3285/2957 667/750/796
f 841/878/894 838/877/893 670/753/797
f 844/879/895 841/878/894 673/754/799
f 679/758/803 847/3286/2958 844/879/895
f 850/880/896 847/3286/2958 679/758/803
f 685/763/807 853/881/897 850/880/896
f 688/764/809 856/935/947 853/881/897
f 817/882/898 856/935/947 688/764/809
f 822/883/899 694/772/815 691/766/811
f 825/885/901 697/775/817 694/772/815
f 700/782/819 697/778/817 825/886/901
f 703/784/820 700/782/819 828/887/902
f 706/787/821 703/784/820 831/888/903
f 709/890/905 706/787/821 834/889/904
f 712/790/824 709/890/905 837/891/906
f 715/793/826 712/790/824 840/892/907
f 718/795/827 715/793/826 843/893/908
f 721/800/828 718/795/827 846/894/909
f 724/896/911 721/800/828 849/895/910
f 727/803/831 724/896/911 852/897/912
f 730/768/812 727/803/831 855/898/913
f 691/766/811 730/768/812 858/899/914
f 735/806/834 859/918/932 862/900/915
f 741/809/837 738/901/916 862/900/915
f 744/815/842 741/812/837 865/903/917
f 747/817/845 744/815/842 868/904/918
f 750/906/920 747/817/845 871/905/919
f 753/819/848 750/906/920 874/907/921
f 753/819/848 877/908/922 880/909/923
f 756/910/924 880/909/923 883/911/925
f 759/821/852 883/911/925 886/912/926
f 762/823/855 886/912/926 889/913/927
f 765/827/860 889/913/927 892/914/928
f 771/915/929 768/828/862 892/914/928
f 774/830/865 771/915/929 895/916/930
f 774/830/865 898/917/931 859/918/932
f 864/919/933 861/933/946 775/834/870
f 867/920/934 864/919/933 778/833/869
f 867/921/934 781/840/871 784/842/872
f 870/922/935 784/842/872 787/846/873
f 873/923/936 787/846/873 790/848/875
f 876/924/937 790/848/875 793/850/877
f 879/925/938 793/850/877 796/853/879
f 882/926/939 796/853/879 799/855/880
f 885/927/940 799/855/880 802/858/881
f 888/928/941 802/858/881 805/861/882
f 891/929/942 805/861/882 808/865/884
f 894/930/943 808/865/884 811/866/886
f 897/931/944 811/866/886 814/870/888
f 900/932/945 814/870/888 775/834/870
f 817/882/898 818/936/948 857/934/310
f 819/884/900 858/899/914 857/934/707
f 818/936/785 821/937/1189 822/883/899
f 818/936/948 817/882/898 820/873/889
f 822/883/899 821/937/1189 824/938/710
f 820/873/889 823/3284/949 824/938/789
f 824/939/710 827/941/713 828/887/902
f 823/940/949 826/874/890 827/941/950
f 827/941/713 830/942/2959 831/888/903
f 826/874/890 829/875/891 830/942/951
f 831/888/903 830/942/2959 833/943/952
f 829/875/891 832/876/892 833/943/953
f 834/889/904 833/943/952 836/944/329
f 832/876/892 835/3285/2957 836/944/954
f 836/944/329 839/945/331 840/892/907
f 836/944/954 835/3285/2957 838/877/893
f 839/945/331 842/946/955 843/893/908
f 839/945/823 838/877/893 841/878/894
f 842/946/955 845/947/956 846/894/909
f 841/878/894 844/879/895 845/947/721
f 845/947/956 848/948/2960 849/895/910
f 844/879/895 847/3286/2958 848/948/338
f 849/895/910 848/948/2960 851/949/957
f 848/948/338 847/3286/2958 850/880/896
f 852/897/912 851/949/957 854/950/959
f 850/880/896 853/881/897 854/950/724
f 855/898/913 854/950/959 857/934/707
f 853/881/897 856/935/947 857/934/310
f 860/951/960 863/952/2961 862/900/915
f 860/951/868 861/933/946 864/919/933
f 862/900/915 863/952/2961 866/953/838
f 864/919/933 867/920/934 866/953/962
f 866/954/838 869/955/840 868/904/918
f 867/921/934 870/922/935 869/955/963
f 869/955/840 872/956/2962 871/905/919
f 870/922/935 873/923/936 872/956/964
f 871/905/919 872/956/2962 875/957/846
f 873/923/936 876/924/937 875/957/965
f 874/907/921 875/957/846 878/958/878
f 876/924/937 879/925/938 878/958/847
f 878/958/878 881/959/967 880/909/923
f 878/958/847 879/925/938 882/926/939
f 881/959/967 884/960/969 883/911/925
f 881/959/966 882/926/939 885/927/940
f 884/960/969 887/961/856 886/912/926
f 884/960/968 885/927/940 888/928/941
f 887/961/856 890/962/858 889/913/927
f 888/928/941 891/929/942 890/962/971
f 890/962/858 893/963/2963 892/914/928
f 891/929/942 894/930/943 893/963/972
f 892/914/928 893/963/2963 896/964/863
f 894/930/943 897/931/944 896/964/973
f 895/916/930 896/964/863 899/965/866
f 897/931/944 900/932/945 899/965/887
f 861/933/946 860/951/868 899/965/887
f 859/918/932 898/917/931 899/965/866
f 902/966/974 2943/969/974 2944/967/975
f 2943/969/974 902/966/974 903/970/976
f 904/972/977 2955/974/977 2956/971/976
f 905/973/978 2954/976/978 2955/974/977
f 906/975/979 2953/978/979 2954/976/978
f 906/975/979 907/980/980 2952/977/980
f 908/979/981 2951/982/981 2952/977/980
f 909/981/982 2950/3287/982 2951/982/981
f 910/983/983 2949/987/983 2950/984/982
f 911/986/984 2948/989/984 2949/987/983
f 912/988/985 2947/991/985 2948/989/984
f 913/990/986 2946/993/986 2947/991/985
f 913/990/986 914/994/987 2945/992/987
f 901/968/975 2944/967/975 2945/992/987
f 1101/995/988 1100/999/1281 1103/996/989
f 1099/998/991 1104/1034/1028 1103/996/992
f 1143/1000/994 1142/1004/1304 1145/1001/995
f 1141/1003/997 1146/1146/1138 1145/1001/998
f 934/1005/1000 976/1009/1004 973/1006/1001
f 937/1008/1003 979/1011/1006 976/1009/1004
f 940/1010/1005 982/1013/1008 979/1011/1006
f 943/1012/1007 985/1015/1010 982/1013/1008
f 946/1014/1009 988/1017/1012 985/1015/1010
f 949/1016/1011 991/1019/1014 988/1017/1012
f 952/1018/1013 994/1021/1016 991/1019/1014
f 955/1020/1015 997/1023/1018 994/1021/1016
f 958/1022/1017 1000/1025/1020 997/1023/1018
f 961/1024/1019 1003/1027/1022 1000/1025/1020
f 964/1026/1021 1006/1029/1024 1003/1027/1022
f 967/1028/1023 1009/1031/1026 1006/1029/1024
f 970/1030/1025 1012/1033/1027 1009/1031/1026
f 931/1032/1002 973/1198/1001 1012/1033/1027
f 936/1061/1053 933/1088/1080 1015/1062/1054
f 936/1061/1053 1018/1063/1055 1021/1064/1056
f 939/1065/1057 1021/1064/1056 1024/1066/1058
f 945/1068/1060 942/1067/1059 1024/1066/1058
f 945/1068/1060 1027/1069/1061 1030/1070/1062
f 948/1071/1063 1030/1070/1062 1033/1072/1064
f 954/1074/1066 951/1073/1065 1033/1072/1064
f 954/1074/1066 1036/1075/1067 1039/1076/1068
f 957/1077/1069 1039/1076/1068 1042/1078/1070
f 963/1080/1072 960/1079/1071 1042/1078/1070
f 966/1082/1074 963/1080/1072 1045/1081/1073
f 966/1082/1074 1048/1083/1075 1051/1084/1076
f 969/1085/1077 1051/1084/1076 1054/1086/1078
f 933/1088/1080 972/1087/1079 1054/1086/1078
f 978/1089/1081 1060/1093/1085 1057/1090/1082
f 978/1089/1081 981/1094/1086 1063/1092/1084
f 981/1094/1086 984/1097/1089 1066/1095/1087
f 987/1096/1088 1069/1099/1091 1066/1095/1087
f 987/1096/1088 990/1100/1092 1072/1098/1090
f 990/1100/1092 993/1103/1095 1075/1101/1093
f 996/1102/1094 1078/1105/1097 1075/1101/1093
f 996/1102/1094 999/1106/1098 1081/1104/1096
f 999/1106/1098 1002/1109/1101 1084/1107/1099
f 1005/1108/1100 1087/1111/1103 1084/1107/1099
f 1008/1110/1102 1090/1113/1105 1087/1111/1103
f 1008/1110/1102 1011/1114/1106 1093/1112/1104
f 1011/1114/1106 1014/1116/1108 1096/1115/1107
f 975/1091/1083 1057/1090/1082 1096/1115/1107
f 1020/1117/1109 1017/1142/1134 1101/995/988
f 1023/1118/1110 1020/1117/1109 1102/997/990
f 1023/1118/1110 1105/1119/1111 1108/1120/1112
f 1026/1121/1113 1108/1120/1112 1111/1122/1114
f 1029/1123/1115 1111/1122/1114 1114/1124/1116
f 1032/1125/1117 1114/1124/1116 1117/1126/1118
f 1035/1127/1119 1117/1126/1118 1120/1128/1120
f 1038/1129/1121 1120/1128/1120 1123/1130/1122
f 1041/1131/1123 1123/1130/1122 1126/1132/1124
f 1044/1133/1125 1126/1132/1124 1129/1134/1126
f 1047/1135/1127 1129/1134/1126 1132/1136/1128
f 1050/1137/1129 1132/1136/1128 1135/1138/1130
f 1053/1139/1131 1135/1138/1130 1138/1140/1132
f 1056/1141/1133 1138/1140/1132 1101/995/988
f 1062/1143/1135 1146/1146/1138 1141/1003/997
f 1065/1145/1137 1149/1148/1140 1146/1146/1138
f 1068/1147/1139 1152/1150/1142 1149/1148/1140
f 1071/1149/1141 1155/1152/1144 1152/1150/1142
f 1074/1151/1143 1158/1154/1146 1155/1152/1144
f 1077/1153/1145 1161/1156/1148 1158/1154/1146
f 1080/1155/1147 1164/1158/1150 1161/1156/1148
f 1083/1157/1149 1167/1160/1152 1164/1158/1150
f 1086/1159/1151 1170/1162/1154 1167/1160/1152
f 1089/1161/1153 1173/1164/1156 1170/1162/1154
f 1092/1163/1155 1176/1166/1158 1173/1164/1156
f 1095/1165/1157 1179/1168/1160 1176/1166/1158
f 1098/1167/1159 1182/1169/1161 1179/1168/1160
f 1059/1144/1136 1141/1003/997 1182/1169/1161
f 931/1007/1002 932/3288/1185 935/1170/1162
f 932/1171/960 933/1088/1080 936/1061/1053
f 934/1005/1000 935/1170/1162 938/1173/1164
f 936/1061/1053 939/1065/1057 938/1174/1165
f 938/1173/1164 941/1176/1167 940/1010/1005
f 939/1065/1057 942/1067/1059 941/1175/1166
f 941/1176/1167 944/1178/1169 943/1012/1007
f 941/1175/1166 942/1067/1059 945/1068/1060
f 944/1178/1169 947/1180/1171 946/1014/1009
f 944/1177/1168 945/1068/1060 948/1071/1063
f 947/1180/1171 950/3289/2964 949/1016/1011
f 947/1179/1170 948/1071/1063 951/1073/1065
f 949/1016/1011 950/3289/2964 953/1182/1173
f 951/1073/1065 954/1074/1066 953/1183/1174
f 952/1018/1013 953/1182/1173 956/1184/1175
f 954/1074/1066 957/1077/1069 956/1185/1176
f 955/1020/1015 956/1184/1175 959/1186/1177
f 957/1077/1069 960/1079/1071 959/1187/1178
f 959/1186/1177 962/1189/1180 961/1024/1019
f 960/1079/1071 963/1080/1072 962/1188/1179
f 962/1189/1180 965/1191/1182 964/1026/1021
f 962/1188/1179 963/1080/1072 966/1082/1074
f 965/1191/1182 968/1193/1183 967/1028/1023
f 965/1190/1181 966/1082/1074 969/1085/1077
f 968/1193/1183 971/1196/1186 970/1030/1025
f 968/1192/863 969/1085/1077 972/1087/1079
f 932/1171/960 971/1194/1184 972/1087/1079
f 932/1195/1185 931/1032/1002 970/1030/1025
f 974/1197/706 1013/1225/1210 1012/1033/1027
f 974/1199/813 975/1091/1083 1014/1116/1108
f 975/1091/1083 974/1199/813 977/1201/1188
f 973/1006/1001 976/1009/1004 977/1202/1189
f 978/1089/1081 977/1201/1188 980/1204/1190
f 976/1009/1004 979/1011/1006 980/1205/1191
f 980/1204/1190 983/1207/1193 984/1097/1089
f 979/1011/1006 982/1013/1008 983/1206/1192
f 983/1207/1193 986/1209/1195 987/1096/1088
f 983/1206/1192 982/1013/1008 985/1015/1010
f 986/1209/1195 989/1211/1197 990/1100/1092
f 986/1208/1194 985/1015/1010 988/1017/1012
f 989/1211/1197 992/3290/2965 993/1103/1095
f 989/1210/1196 988/1017/1012 991/1019/1014
f 993/1103/1095 992/3290/2965 995/1213/1199
f 991/1019/1014 994/1021/1016 995/1214/1200
f 996/1102/1094 995/1213/1199 998/1215/1201
f 994/1021/1016 997/1023/1018 998/1216/1202
f 999/1106/1098 998/1215/1201 1001/1217/1203
f 997/1023/1018 1000/1025/1020 1001/1218/1204
f 1001/1217/1203 1004/1220/1206 1005/1108/1100
f 1000/1025/1020 1003/1027/1022 1004/1219/1205
f 1004/1220/1206 1007/1222/1207 1008/1110/1102
f 1004/1219/1205 1003/1027/1022 1006/1029/1024
f 1007/1222/1207 1010/1224/1209 1011/1114/1106
f 1007/1221/957 1006/1029/1024 1009/1031/1026
f 1010/1224/1209 1013/1200/1187 1014/1116/1108
f 1010/1223/1208 1009/1031/1026 1012/1033/1027
f 1016/1226/1211 1019/1227/1214 1018/1063/1055
f 1016/1226/1212 1017/1142/1134 1020/1117/1109
f 1019/1227/1214 1022/1228/1216 1021/1064/1056
f 1019/1227/1213 1020/1117/1109 1023/1118/1110
f 1022/1228/1216 1025/1229/2966 1024/1066/1058
f 1023/1118/1110 1026/1121/1113 1025/1229/1217
f 1024/1066/1058 1025/1229/2966 1028/1230/1218
f 1026/1121/1113 1029/1123/1115 1028/1230/1219
f 1027/1069/1061 1028/1230/1218 1031/1231/1220
f 1029/1123/1115 1032/1125/1117 1031/1231/1221
f 1030/1070/1062 1031/1231/1220 1034/1232/1222
f 1032/1125/1117 1035/1127/1119 1034/1232/1223
f 1034/1232/1222 1037/1233/1225 1036/1075/1067
f 1034/1232/1223 1035/1127/1119 1038/1129/1121
f 1037/1233/1225 1040/1234/1227 1039/1076/1068
f 1037/1233/1224 1038/1129/1121 1041/1131/1123
f 1040/1234/1227 1043/1235/2967 1042/1078/1070
f 1040/1234/1226 1041/1131/1123 1044/1133/1125
f 1042/1078/1070 1043/1235/2967 1046/1236/1229
f 1043/1235/1228 1044/1133/1125 1047/1135/1127
f 1045/1081/1073 1046/1236/1229 1049/1237/1231
f 1047/1135/1127 1050/1137/1129 1049/1237/1232
f 1048/1083/1075 1049/1237/1231 1052/1238/1233
f 1050/1137/1129 1053/1139/1131 1052/1238/1234
f 1051/1084/1076 1052/1238/1233 1055/1239/1235
f 1053/1139/1131 1056/1141/1133 1055/1239/1236
f 1016/1226/1212 1055/1239/1236 1056/1141/1133
f 1015/1062/1054 1054/1086/1078 1055/1239/1235
f 1057/1090/1082 1058/1241/1240 1097/1240/1237
f 1059/1144/1136 1098/1167/1159 1097/1240/1238
f 1058/1241/1239 1061/1242/1242 1062/1143/1135
f 1058/1241/1240 1057/1090/1082 1060/1093/1085
f 1061/1242/1242 1064/1243/1244 1065/1145/1137
f 1061/1242/1241 1060/1093/1085 1063/1092/1084
f 1064/1243/1244 1067/1244/2968 1068/1147/1139
f 1064/1243/1243 1063/1092/1084 1066/1095/1087
f 1068/1147/1139 1067/1244/2968 1070/1245/1246
f 1066/1095/1087 1069/1099/1091 1070/1245/1247
f 1071/1149/1141 1070/1245/1246 1073/1246/1248
f 1069/1099/1091 1072/1098/1090 1073/1246/1249
f 1074/1151/1143 1073/1246/1248 1076/1247/1250
f 1072/1098/1090 1075/1101/1093 1076/1247/1251
f 1076/1247/1250 1079/1248/1253 1080/1155/1147
f 1076/1247/1251 1075/1101/1093 1078/1105/1097
f 1079/1248/1253 1082/1249/800 1083/1157/1149
f 1079/1248/1252 1078/1105/1097 1081/1104/1096
f 1082/1249/800 1085/1250/2969 1086/1159/1151
f 1082/1249/1254 1081/1104/1096 1084/1107/1099
f 1086/1159/1151 1085/1250/2969 1088/1251/1256
f 1084/1107/1099 1087/1111/1103 1088/1251/1257
f 1089/1161/1153 1088/1251/1256 1091/1252/1258
f 1087/1111/1103 1090/1113/1105 1091/1252/1259
f 1092/1163/1155 1091/1252/1258 1094/1253/1260
f 1090/1113/1105 1093/1112/1104 1094/1253/1261
f 1095/1165/1157 1094/1253/1260 1097/1240/1238
f 1093/1112/1104 1096/1115/1107 1097/1240/1237
f 1102/997/990 1103/996/989 1106/1254/1262
f 1104/1034/1028 1107/1036/1029 1106/1254/1263
f 1105/1119/1111 1106/1254/1262 1109/1255/1264
f 1107/1036/1029 1110/1037/1030 1109/1255/1265
f 1109/1255/1264 1112/1256/1267 1111/1122/1114
f 1109/1255/1265 1110/1037/1030 1113/1038/1031
f 1112/1256/1267 1115/1257/1221 1114/1124/1116
f 1112/1256/1266 1113/1038/1031 1116/1039/1032
f 1114/1124/1116 1115/1257/1221 1118/1258/1269
f 1115/1257/1268 1116/1039/1032 1119/1040/1033
f 1118/1258/1269 1121/1259/2970 1120/1128/1120
f 1119/1040/1033 1122/1041/1034 1121/1259/1270
f 1120/1128/1120 1121/1259/2970 1124/1260/1271
f 1122/1041/1034 1125/1042/1035 1124/1260/1272
f 1124/1260/1271 1127/1261/1274 1126/1132/1124
f 1124/1260/1272 1125/1042/1035 1128/1043/1036
f 1127/1261/1274 1130/1262/2971 1129/1134/1126
f 1127/1261/1273 1128/1043/1036 1131/1044/1037
f 1129/1134/1126 1130/1262/2971 1133/1263/1276
f 1130/1262/1275 1131/1044/1037 1134/1045/1038
f 1133/1263/1276 1136/1264/1279 1135/1138/1130
f 1133/1263/1277 1134/1045/1038 1137/1046/1039
f 1136/1264/1279 1139/1265/1282 1138/1140/1132
f 1136/1264/1278 1137/1046/1039 1140/1047/1040
f 1100/999/993 1139/1265/1280 1140/1047/1040
f 1100/999/1281 1101/995/988 1138/1140/1132
f 1144/1002/996 1145/1001/995 1148/1266/1283
f 1146/1146/1138 1149/1148/1140 1148/1266/1284
f 1147/1049/1041 1148/1266/1283 1151/1267/1285
f 1149/1148/1140 1152/1150/1142 1151/1267/1286
f 1151/1267/1285 1154/1268/1288 1153/1051/1043
f 1151/1267/1286 1152/1150/1142 1155/1152/1144
f 1154/1268/1288 1157/1269/1290 1156/1052/1044
f 1154/1268/1287 1155/1152/1144 1158/1154/1146
f 1157/1269/1290 1160/1270/2972 1159/1053/1045
f 1157/1269/1289 1158/1154/1146 1161/1156/1148
f 1159/1053/1045 1160/1270/2972 1163/1271/1292
f 1161/1156/1148 1164/1158/1150 1163/1271/1293
f 1162/1054/1046 1163/1271/1292 1166/1272/1294
f 1164/1158/1150 1167/1160/1152 1166/1272/334
f 1166/1272/1294 1169/1273/1296 1168/1056/1048
f 1166/1272/334 1167/1160/1152 1170/1162/1154
f 1169/1273/1296 1172/1274/1298 1171/1057/1049
f 1169/1273/1295 1170/1162/1154 1173/1164/1156
f 1172/1274/1298 1175/1275/1300 1174/1058/1050
f 1173/1164/1156 1176/1166/1158 1175/1275/1299
f 1175/1275/1300 1178/1276/1302 1177/1059/1051
f 1175/1275/1299 1176/1166/1158 1179/1168/1160
f 1178/1276/1302 1181/1277/1305 1180/1060/1052
f 1179/1168/1160 1182/1169/1161 1181/1277/1303
f 1142/1004/999 1181/1277/1303 1182/1169/1161
f 1142/1004/1304 1143/1000/994 1180/1060/1052
f 1191/1278/1306 1192/1281/1309 1184/1279/1307
f 1192/1281/1309 1193/1283/1311 1185/1282/1310
f 1193/1283/1311 1194/1285/1313 1186/1284/1312
f 1194/1285/1313 1195/1299/1325 1187/1286/1314
f 1187/1286/1314 1195/1299/1325 1196/1287/1315
f 1188/1288/1316 1196/1287/1315 1197/1289/1317
f 1189/1290/1318 1197/1289/1317 1198/1291/1319
f 1190/1292/1320 1198/1291/1319 1191/1293/1306
f 1199/1295/1321 1200/1296/1322 1192/1281/1309
f 1200/1296/1322 1201/1297/1323 1193/1283/1311
f 1201/1297/1323 1202/1298/1324 1194/1285/1313
f 1202/1298/1324 1203/1308/1333 1195/1299/1325
f 1195/1299/1325 1203/1308/1333 1204/1300/1326
f 1196/1287/1315 1204/1300/1326 1205/1301/1327
f 1197/1289/1317 1205/1301/1327 1206/1302/1328
f 1198/1291/1319 1206/1302/1328 1199/1303/1321
f 1207/1304/1329 1208/1305/1330 1200/1296/1322
f 1208/1305/1330 1209/1306/1331 1201/1297/1323
f 1209/1306/1331 1210/1307/1332 1202/1298/1324
f 1210/1307/1332 1211/1317/1341 1203/1308/1333
f 1203/1308/1333 1211/1317/1341 1212/1309/1334
f 1204/1300/1326 1212/1309/1334 1213/1310/1335
f 1205/1301/1327 1213/1310/1335 1214/1311/1336
f 1206/1302/1328 1214/1311/1336 1207/1312/1329
f 1215/1313/1337 1216/1314/1338 1208/1305/1330
f 1216/1314/1338 1217/1315/1339 1209/1306/1331
f 1217/1315/1339 1218/1316/1340 1210/1307/1332
f 1218/1316/1340 1219/1326/1349 1211/1317/1341
f 1211/1317/1341 1219/1326/1349 1220/1318/1342
f 1212/1309/1334 1220/1318/1342 1221/1319/1343
f 1213/1310/1335 1221/1319/1343 1222/1320/1344
f 1214/1311/1336 1222/1320/1344 1215/1321/1337
f 1223/1322/1345 1224/1323/1346 1216/1314/1338
f 1224/1323/1346 1225/1324/1347 1217/1315/1339
f 1225/1324/1347 1226/1325/1348 1218/1316/1340
f 1226/1325/1348 1227/1335/1357 1219/1326/1349
f 1219/1326/1349 1227/1335/1357 1228/1327/1350
f 1220/1318/1342 1228/1327/1350 1229/1328/1351
f 1221/1319/1343 1229/1328/1351 1230/1329/1352
f 1222/1320/1344 1230/1329/1352 1223/1330/1345
f 1231/1331/1353 1232/1340/1362 1224/1323/1346
f 1224/1323/1346 1232/1340/1362 1233/1332/1354
f 1225/1324/1347 1233/1332/1354 1234/1333/1355
f 1226/1325/1348 1234/1333/1355 1235/1334/1356
f 1235/1334/1356 1236/1336/1358 1228/1327/1350
f 1236/1336/1358 1237/1337/1359 1229/1328/1351
f 1237/1337/1359 1238/1338/1360 1230/1329/1352
f 1238/1338/1360 1231/1347/1353 1223/1330/1345
f 1231/1331/1353 1239/1348/1369 1240/1339/1361
f 1232/1340/1362 1240/1339/1361 1241/1341/1363
f 1233/1332/1354 1241/1341/1363 1242/1342/1364
f 1234/1333/1355 1242/1342/1364 1243/1343/1365
f 1243/1343/1365 1244/1344/1366 1236/1336/1358
f 1244/1344/1366 1245/1345/1367 1237/1337/1359
f 1245/1345/1367 1246/1346/1368 1238/1338/1360
f 1246/1346/1368 1239/1356/1369 1231/1347/1353
f 1239/1348/1369 1247/1357/1377 1248/1349/1370
f 1240/1339/1361 1248/1349/1370 1249/1350/1371
f 1241/1341/1363 1249/1350/1371 1250/1351/1372
f 1242/1342/1364 1250/1351/1372 1251/1352/1373
f 1251/1352/1373 1252/1353/1374 1244/1344/1366
f 1252/1353/1374 1253/1354/1375 1245/1345/1367
f 1253/1354/1375 1254/1355/1376 1246/1346/1368
f 1254/1355/1376 1247/1365/1377 1239/1356/1369
f 1247/1357/1377 1255/1366/1385 1256/1358/1378
f 1248/1349/1370 1256/1358/1378 1257/1359/1379
f 1249/1350/1371 1257/1359/1379 1258/1360/1380
f 1250/1351/1372 1258/1360/1380 1259/1361/1381
f 1259/1361/1381 1260/1362/1382 1252/1353/1374
f 1260/1362/1382 1261/1363/1383 1253/1354/1375
f 1261/1363/1383 1262/1364/1384 1254/1355/1376
f 1262/1364/1384 1255/1374/1385 1247/1365/1377
f 1255/1366/1385 1263/1376/1394 1264/1367/1386
f 1256/1358/1378 1264/1367/1386 1265/1368/1387
f 1257/1359/1379 1265/1368/1387 1266/1369/1388
f 1258/1360/1380 1266/1369/1388 1267/1370/1389
f 1267/1370/1389 1268/1371/1390 1260/1362/1382
f 1268/1371/1390 1269/1372/1391 1261/1363/1383
f 1269/1372/1391 1270/1373/1392 1262/1364/1384
f 1270/1373/1392 1263/1384/1394 1255/1374/1385
f 1271/1375/1393 1272/1377/1395 1264/1367/1386
f 1272/1377/1395 1273/1378/1396 1265/1368/1387
f 1273/1378/1396 1274/1379/1397 1266/1369/1388
f 1274/1379/1397 1275/1389/1405 1267/1370/1389
f 1267/1370/1389 1275/1389/1405 1276/1380/1398
f 1268/1371/1390 1276/1380/1398 1277/1381/1399
f 1269/1372/1391 1277/1381/1399 1278/1382/1400
f 1270/1373/1392 1278/1382/1400 1271/1383/1393
f 1279/1385/1401 1280/1386/1402 1272/1377/1395
f 1280/1386/1402 1281/1387/1403 1273/1378/1396
f 1281/1387/1403 1282/1388/1404 1274/1379/1397
f 1282/1388/1404 1283/1398/1413 1275/1389/1405
f 1275/1389/1405 1283/1398/1413 1284/1390/1406
f 1276/1380/1398 1284/1390/1406 1285/1391/1407
f 1277/1381/1399 1285/1391/1407 1286/1392/1408
f 1278/1382/1400 1286/1392/1408 1279/1393/1401
f 1287/1394/1409 1288/1395/1410 1280/1386/1402
f 1288/1395/1410 1289/1396/1411 1281/1387/1403
f 1289/1396/1411 1290/1397/1412 1282/1388/1404
f 1290/1397/1412 1291/1407/1421 1283/1398/1413
f 1283/1398/1413 1291/1407/1421 1292/1399/1414
f 1284/1390/1406 1292/1399/1414 1293/1400/1415
f 1285/1391/1407 1293/1400/1415 1294/1401/1416
f 1286/1392/1408 1294/1401/1416 1287/1402/1409
f 1295/1403/1417 1296/1404/1418 1288/1395/1410
f 1296/1404/1418 1297/1405/1419 1289/1396/1411
f 1297/1405/1419 1298/1406/1420 1290/1397/1412
f 1298/1406/1420 1299/1416/1429 1291/1407/1421
f 1291/1407/1421 1299/1416/1429 1300/1408/1422
f 1292/1399/1414 1300/1408/1422 1301/1409/1423
f 1293/1400/1415 1301/1409/1423 1302/1410/1424
f 1294/1401/1416 1302/1410/1424 1295/1411/1417
f 1295/1403/1417 1303/1420/1433 1304/1412/1425
f 1296/1404/1418 1304/1412/1425 1305/1413/1426
f 1297/1405/1419 1305/1413/1426 1306/1414/1427
f 1298/1406/1420 1306/1414/1427 1307/1415/1428
f 1307/1415/1428 1308/1417/1430 1300/1408/1422
f 1308/1417/1430 1309/1418/1431 1301/1409/1423
f 1309/1418/1431 1310/1419/1432 1302/1410/1424
f 1310/1419/1432 1303/1428/1433 1295/1411/1417
f 1303/1420/1433 1311/1429/1440 1312/1421/1434
f 1304/1412/1425 1312/1421/1434 1313/1422/1435
f 1305/1413/1426 1313/1422/1435 1314/1423/1436
f 1306/1414/1427 1314/1423/1436 1315/1424/1064
f 1315/1424/1064 1316/1425/1437 1308/1417/1430
f 1316/1425/1437 1317/1426/1438 1309/1418/1431
f 1317/1426/1438 1318/1427/1439 1310/1419/1432
f 1318/1427/1439 1311/1437/1440 1303/1428/1433
f 1311/1429/1440 1319/1438/1448 1320/1430/1441
f 1312/1421/1434 1320/1430/1441 1321/1431/1442
f 1313/1422/1435 1321/1431/1442 1322/1432/1443
f 1314/1423/1436 1322/1432/1443 1323/1433/1444
f 1323/1433/1444 1324/1434/1445 1316/1425/1437
f 1324/1434/1445 1325/1435/1446 1317/1426/1438
f 1325/1435/1446 1326/1436/1447 1318/1427/1439
f 1326/1436/1447 1319/1446/1448 1311/1437/1440
f 1319/1438/1448 1327/3291/2973 1328/1439/1449
f 1320/1430/1441 1328/1439/1449 1329/1440/1450
f 1321/1431/1442 1329/1440/1450 1330/1441/1451
f 1322/1432/1443 1330/1441/1451 1331/1442/1452
f 1331/1442/1452 1332/1443/1453 1324/1434/1445
f 1332/1443/1453 1333/1444/1454 1325/1435/1446
f 1333/1444/1454 1334/1445/1455 1326/1436/1447
f 1334/1445/1455 1327/3292/2973 1319/1446/1448
f 1335/1447/1456 1343/1463/1471 1344/1448/1457
f 1336/1449/1458 1344/1448/1457 1345/1450/1459
f 1337/1451/1460 1345/1450/1459 1346/1452/1461
f 1338/1453/1462 1346/1452/1461 1347/1454/1463
f 1347/1454/1463 1348/1457/1466 1340/1456/1465
f 1348/1457/1466 1349/1459/1468 1341/1458/1467
f 1349/1459/1468 1350/1461/1470 1342/1460/1469
f 1350/1461/1470 1343/1471/1471 1335/1462/1456
f 1343/1463/1471 1351/1472/1479 1352/1464/1472
f 1344/1448/1457 1352/1464/1472 1353/1465/1473
f 1345/1450/1459 1353/1465/1473 1354/1466/1474
f 1346/1452/1461 1354/1466/1474 1355/1467/1475
f 1355/1467/1475 1356/1468/1476 1348/1457/1466
f 1356/1468/1476 1357/1469/1477 1349/1459/1468
f 1357/1469/1477 1358/1470/1478 1350/1461/1470
f 1358/1470/1478 1351/1480/1479 1343/1471/1471
f 1351/1472/1479 1359/1481/1487 1360/1473/1480
f 1352/1464/1472 1360/1473/1480 1361/1474/1481
f 1353/1465/1473 1361/1474/1481 1362/1475/1482
f 1354/1466/1474 1362/1475/1482 1363/1476/1483
f 1363/1476/1483 1364/1477/1484 1356/1468/1476
f 1364/1477/1484 1365/1478/1485 1357/1469/1477
f 1365/1478/1485 1366/1479/1486 1358/1470/1478
f 1366/1479/1486 1359/1489/1487 1351/1480/1479
f 1359/1481/1487 1367/1490/1495 1368/1482/1488
f 1360/1473/1480 1368/1482/1488 1369/1483/1489
f 1361/1474/1481 1369/1483/1489 1370/1484/1490
f 1362/1475/1482 1370/1484/1490 1371/1485/1491
f 1371/1485/1491 1372/1486/1492 1364/1477/1484
f 1372/1486/1492 1373/1487/1493 1365/1478/1485
f 1373/1487/1493 1374/1488/1494 1366/1479/1486
f 1374/1488/1494 1367/1498/1495 1359/1489/1487
f 1367/1490/1495 1375/1499/1503 1376/1491/1496
f 1368/1482/1488 1376/1491/1496 1377/1492/1497
f 1369/1483/1489 1377/1492/1497 1378/1493/1498
f 1370/1484/1490 1378/1493/1498 1379/1494/1499
f 1379/1494/1499 1380/1495/1500 1372/1486/1492
f 1380/1495/1500 1381/1496/1501 1373/1487/1493
f 1381/1496/1501 1382/1497/1502 1374/1488/1494
f 1382/1497/1502 1375/1507/1503 1367/1498/1495
f 1375/1499/1503 1383/1509/1512 1384/1500/1504
f 1376/1491/1496 1384/1500/1504 1385/1501/1505
f 1377/1492/1497 1385/1501/1505 1386/1502/1506
f 1378/1493/1498 1386/1502/1506 1387/1503/1507
f 1387/1503/1507 1388/1504/1508 1380/1495/1500
f 1388/1504/1508 1389/1505/1509 1381/1496/1501
f 1389/1505/1509 1390/1506/1510 1382/1497/1502
f 1390/1506/1510 1383/1517/1512 1375/1507/1503
f 1391/1508/1511 1392/1510/1513 1384/1500/1504
f 1392/1510/1513 1393/1511/1514 1385/1501/1505
f 1393/1511/1514 1394/1512/1515 1386/1502/1506
f 1394/1512/1515 1395/1522/1523 1387/1503/1507
f 1387/1503/1507 1395/1522/1523 1396/1513/1516
f 1388/1504/1508 1396/1513/1516 1397/1514/1517
f 1389/1505/1509 1397/1514/1517 1398/1515/1518
f 1390/1506/1510 1398/1515/1518 1391/1516/1511
f 1399/1518/1519 1400/1519/1520 1392/1510/1513
f 1400/1519/1520 1401/1520/1521 1393/1511/1514
f 1401/1520/1521 1402/1521/1522 1394/1512/1515
f 1402/1521/1522 1403/1531/1531 1395/1522/1523
f 1395/1522/1523 1403/1531/1531 1404/1523/1524
f 1396/1513/1516 1404/1523/1524 1405/1524/1525
f 1397/1514/1517 1405/1524/1525 1406/1525/1526
f 1398/1515/1518 1406/1525/1526 1399/1526/1519
f 1407/1527/1527 1408/1528/1528 1400/1519/1520
f 1408/1528/1528 1409/1529/1529 1401/1520/1521
f 1409/1529/1529 1410/1530/1530 1402/1521/1522
f 1410/1530/1530 1411/1540/1539 1403/1531/1531
f 1403/1531/1531 1411/1540/1539 1412/1532/1532
f 1404/1523/1524 1412/1532/1532 1413/1533/1533
f 1405/1524/1525 1413/1533/1533 1414/1534/1534
f 1406/1525/1526 1414/1534/1534 1407/1535/1527
f 1407/1527/1527 1415/1544/1543 1416/1536/1535
f 1408/1528/1528 1416/1536/1535 1417/1537/1536
f 1409/1529/1529 1417/1537/1536 1418/1538/1537
f 1410/1530/1530 1418/1538/1537 1419/1539/1538
f 1419/1539/1538 1420/1541/1540 1412/1532/1532
f 1420/1541/1540 1421/1542/1541 1413/1533/1533
f 1421/1542/1541 1422/1543/1542 1414/1534/1534
f 1422/1543/1542 1415/1552/1543 1407/1535/1527
f 1415/1544/1543 1423/1553/1551 1424/1545/1544
f 1416/1536/1535 1424/1545/1544 1425/1546/1545
f 1417/1537/1536 1425/1546/1545 1426/1547/1546
f 1418/1538/1537 1426/1547/1546 1427/1548/1547
f 1427/1548/1547 1428/1549/1548 1420/1541/1540
f 1428/1549/1548 1429/1550/1549 1421/1542/1541
f 1429/1550/1549 1430/1551/1550 1422/1543/1542
f 1430/1551/1550 1423/1561/1551 1415/1552/1543
f 1423/1553/1551 1431/1562/1559 1432/1554/1552
f 1424/1545/1544 1432/1554/1552 1433/1555/1553
f 1425/1546/1545 1433/1555/1553 1434/1556/1554
f 1426/1547/1546 1434/1556/1554 1435/1557/1555
f 1435/1557/1555 1436/1558/1556 1428/1549/1548
f 1436/1558/1556 1437/1559/1557 1429/1550/1549
f 1437/1559/1557 1438/1560/1558 1430/1551/1550
f 1438/1560/1558 1431/1570/1559 1423/1561/1551
f 1431/1562/1559 1439/1571/1567 1440/1563/1560
f 1432/1554/1552 1440/1563/1560 1441/1564/1561
f 1433/1555/1553 1441/1564/1561 1442/1565/1562
f 1434/1556/1554 1442/1565/1562 1443/1566/1563
f 1443/1566/1563 1444/1567/1564 1436/1558/1556
f 1444/1567/1564 1445/1568/1565 1437/1559/1557
f 1445/1568/1565 1446/1569/1566 1438/1560/1558
f 1446/1569/1566 1439/1579/1567 1431/1570/1559
f 1439/1571/1567 1447/1580/1575 1448/1572/1568
f 1440/1563/1560 1448/1572/1568 1449/1573/1569
f 1441/1564/1561 1449/1573/1569 1450/1574/1570
f 1442/1565/1562 1450/1574/1570 1451/1575/1571
f 1451/1575/1571 1452/1576/1572 1444/1567/1564
f 1452/1576/1572 1453/1577/1573 1445/1568/1565
f 1453/1577/1573 1454/1578/1574 1446/1569/1566
f 1454/1578/1574 1447/1588/1575 1439/1579/1567
f 1447/1580/1575 1455/1589/1583 1456/1581/1576
f 1448/1572/1568 1456/1581/1576 1457/1582/1577
f 1449/1573/1569 1457/1582/1577 1458/1583/1578
f 1450/1574/1570 1458/1583/1578 1459/1584/1579
f 1459/1584/1579 1460/1585/1580 1452/1576/1572
f 1460/1585/1580 1461/1586/1581 1453/1577/1573
f 1461/1586/1581 1462/1587/1582 1454/1578/1574
f 1462/1587/1582 1455/1597/1583 1447/1588/1575
f 1455/1589/1583 1463/1599/1592 1464/1590/1584
f 1456/1581/1576 1464/1590/1584 1465/1591/1585
f 1457/1582/1577 1465/1591/1585 1466/1592/1586
f 1458/1583/1578 1466/1592/1586 1467/1593/1587
f 1467/1593/1587 1468/1594/1588 1460/1585/1580
f 1468/1594/1588 1469/1595/1589 1461/1586/1581
f 1469/1595/1589 1470/1596/1590 1462/1587/1582
f 1470/1596/1590 1463/1607/1592 1455/1597/1583
f 1471/1598/1591 1472/1600/1593 1464/1590/1584
f 1472/1600/1593 1473/1601/1594 1465/1591/1585
f 1473/1601/1594 1474/1602/1595 1466/1592/1586
f 1474/1602/1595 1475/1612/1603 1467/1593/1587
f 1467/1593/1587 1475/1612/1603 1476/1603/1596
f 1468/1594/1588 1476/1603/1596 1477/1604/1597
f 1469/1595/1589 1477/1604/1597 1478/1605/1598
f 1470/1596/1590 1478/1605/1598 1471/1606/1591
f 1479/1608/1599 1480/1609/1600 1472/1600/1593
f 1480/1609/1600 1481/1610/1601 1473/1601/1594
f 1481/1610/1601 1482/1611/1602 1474/1602/1595
f 1482/1611/1602 1483/1621/1611 1475/1612/1603
f 1475/1612/1603 1483/1621/1611 1484/1613/1604
f 1476/1603/1596 1484/1613/1604 1485/1614/1605
f 1477/1604/1597 1485/1614/1605 1486/1615/1606
f 1478/1605/1598 1486/1615/1606 1479/1616/1599
f 1479/1608/1599 1487/1626/1616 1488/1617/1607
f 1480/1609/1600 1488/1617/1607 1489/1618/1608
f 1481/1610/1601 1489/1618/1608 1490/1619/1609
f 1482/1611/1602 1490/1619/1609 1491/1620/1610
f 1491/1620/1610 1492/1622/1612 1484/1613/1604
f 1492/1622/1612 1493/1623/1613 1485/1614/1605
f 1493/1623/1613 1494/1624/1614 1486/1615/1606
f 1494/1624/1614 1487/1634/1616 1479/1616/1599
f 1495/1625/1615 1496/1627/1617 1488/1617/1607
f 1496/1627/1617 1497/1628/1618 1489/1618/1608
f 1497/1628/1618 1498/1629/1619 1490/1619/1609
f 1498/1629/1619 1499/1639/1627 1491/1620/1610
f 1491/1620/1610 1499/1639/1627 1500/1630/1620
f 1492/1622/1612 1500/1630/1620 1501/1631/1621
f 1493/1623/1613 1501/1631/1621 1502/1632/1622
f 1494/1624/1614 1502/1632/1622 1495/1633/1615
f 1503/1635/1623 1504/1636/1624 1496/1627/1617
f 1504/1636/1624 1505/1637/1625 1497/1628/1618
f 1505/1637/1625 1506/1638/1626 1498/1629/1619
f 1506/1638/1626 1507/1648/1635 1499/1639/1627
f 1499/1639/1627 1507/1648/1635 1508/1640/1628
f 1500/1630/1620 1508/1640/1628 1509/1641/1629
f 1501/1631/1621 1509/1641/1629 1510/1642/1630
f 1502/1632/1622 1510/1642/1630 1503/1643/1623
f 1511/1644/1631 1512/1645/1632 1504/1636/1624
f 1512/1645/1632 1513/1646/1633 1505/1637/1625
f 1513/1646/1633 1514/1647/1634 1506/1638/1626
f 1514/1647/1634 1515/1657/1643 1507/1648/1635
f 1507/1648/1635 1515/1657/1643 1516/1649/1636
f 1508/1640/1628 1516/1649/1636 1517/1650/1637
f 1509/1641/1629 1517/1650/1637 1518/1651/1638
f 1510/1642/1630 1518/1651/1638 1511/1652/1631
f 1519/1653/1639 1520/1654/1640 1512/1645/1632
f 1520/1654/1640 1521/1655/1641 1513/1646/1633
f 1521/1655/1641 1522/1656/1642 1514/1647/1634
f 1522/1656/1642 1523/1666/1651 1515/1657/1643
f 1515/1657/1643 1523/1666/1651 1524/1658/1644
f 1516/1649/1636 1524/1658/1644 1525/1659/1645
f 1517/1650/1637 1525/1659/1645 1526/1660/1646
f 1518/1651/1638 1526/1660/1646 1519/1661/1639
f 1527/1662/1647 1528/1663/1648 1520/1654/1640
f 1528/1663/1648 1529/1664/1649 1521/1655/1641
f 1529/1664/1649 1530/1665/1650 1522/1656/1642
f 1530/1665/1650 1531/3293/2974 1523/1666/1651
f 1523/1666/1651 1531/3293/2974 1532/1667/1652
f 1524/1658/1644 1532/1667/1652 1533/1668/1653
f 1525/1659/1645 1533/1668/1653 1534/1669/1654
f 1526/1660/1646 1534/1669/1654 1527/1670/1647
f 1543/1671/1655 1544/1674/1656 1536/1672/1656
f 1544/1674/1656 1545/1676/305 1537/1675/305
f 1545/1676/305 1546/1678/1657 1538/1677/1657
f 1546/1678/1657 1547/1680/1658 1539/1679/1658
f 1547/1680/1658 1548/1682/1659 1540/1681/1659
f 1548/1682/1659 1549/1684/291 1541/1683/291
f 1549/1684/291 1550/1686/1660 1542/1685/1660
f 1550/1686/1660 1543/1696/1655 1535/1687/1655
f 1551/1688/1655 1552/1689/1656 1544/1674/1656
f 1552/1689/1656 1553/1690/305 1545/1676/305
f 1553/1690/305 1554/1691/1657 1546/1678/1657
f 1554/1691/1657 1555/1692/1658 1547/1680/1658
f 1555/1692/1658 1556/1693/1659 1548/1682/1659
f 1556/1693/1659 1557/1694/291 1549/1684/291
f 1557/1694/291 1558/1695/1660 1550/1686/1660
f 1558/1695/1660 1551/1705/1655 1543/1696/1655
f 1559/1697/1655 1560/1698/1656 1552/1689/1656
f 1560/1698/1656 1561/1699/305 1553/1690/305
f 1561/1699/305 1562/1700/1657 1554/1691/1657
f 1562/1700/1657 1563/1701/1658 1555/1692/1658
f 1563/1701/1658 1564/1702/1659 1556/1693/1659
f 1564/1702/1659 1565/1703/291 1557/1694/291
f 1565/1703/291 1566/1704/1660 1558/1695/1660
f 1566/1704/1660 1559/1714/1655 1551/1705/1655
f 1567/1706/1655 1568/1707/1656 1560/1698/1656
f 1568/1707/1656 1569/1708/305 1561/1699/305
f 1569/1708/305 1570/1709/1657 1562/1700/1657
f 1570/1709/1657 1571/1710/1658 1563/1701/1658
f 1571/1710/1658 1572/1711/1659 1564/1702/1659
f 1572/1711/1659 1573/1712/291 1565/1703/291
f 1573/1712/291 1574/1713/1660 1566/1704/1660
f 1574/1713/1660 1567/1723/1655 1559/1714/1655
f 1575/1715/1655 1576/1716/1656 1568/1707/1656
f 1576/1716/1656 1577/1717/305 1569/1708/305
f 1577/1717/305 1578/1718/1657 1570/1709/1657
f 1578/1718/1657 1579/1719/1658 1571/1710/1658
f 1579/1719/1658 1580/1720/1659 1572/1711/1659
f 1580/1720/1659 1581/1721/291 1573/1712/291
f 1581/1721/291 1582/1722/1660 1574/1713/1660
f 1582/1722/1660 1575/3294/1655 1567/1723/1655
f 1591/1724/1658 1592/1727/1657 1584/1725/1657
f 1592/1727/1657 1593/1729/305 1585/1728/305
f 1593/1729/305 1594/1731/1656 1586/1730/1656
f 1594/1731/1656 1595/1733/1655 1587/1732/1655
f 1595/1733/1655 1596/1735/1660 1588/1734/1660
f 1596/1735/1660 1597/1737/291 1589/1736/291
f 1597/1737/291 1598/1739/1659 1590/1738/1659
f 1598/1739/1659 1591/1749/1658 1583/1740/1658
f 1599/1741/1658 1600/1742/1657 1592/1727/1657
f 1600/1742/1657 1601/1743/305 1593/1729/305
f 1601/1743/305 1602/1744/1656 1594/1731/1656
f 1602/1744/1656 1603/1745/1655 1595/1733/1655
f 1603/1745/1655 1604/1746/1660 1596/1735/1660
f 1604/1746/1660 1605/1747/291 1597/1737/291
f 1605/1747/291 1606/1748/1659 1598/1739/1659
f 1606/1748/1659 1599/3295/1658 1591/1749/1658
f 1615/1750/1658 1616/1753/1657 1608/1751/1657
f 1616/1753/1657 1617/1755/305 1609/1754/305
f 1617/1755/305 1618/1757/1656 1610/1756/1656
f 1618/1757/1656 1619/1759/1655 1611/1758/1655
f 1619/1759/1655 1620/1761/1660 1612/1760/1660
f 1620/1761/1660 1621/1763/291 1613/1762/291
f 1621/1763/291 1622/1765/1659 1614/1764/1659
f 1622/1765/1659 1615/1775/1658 1607/1766/1658
f 1623/1767/1658 1624/1768/1657 1616/1753/1657
f 1624/1768/1657 1625/1769/305 1617/1755/305
f 1625/1769/305 1626/1770/1656 1618/1757/1656
f 1626/1770/1656 1627/1771/1655 1619/1759/1655
f 1627/1771/1655 1628/1772/1660 1620/1761/1660
f 1628/1772/1660 1629/1773/291 1621/1763/291
f 1629/1773/291 1630/1774/1659 1622/1765/1659
f 1630/1774/1659 1623/3296/1658 1615/1775/1658
f 1645/1791/1661 1646/3297/1665 1680/1792/1662
f 1647/1794/1664 1685/1798/1667 1680/1795/1662
f 1648/1797/1666 1690/1800/1669 1685/1798/1667
f 1649/1799/1668 1695/1802/1671 1690/1800/1669
f 1650/1801/1670 1700/1804/1673 1695/1802/1671
f 1651/1803/1672 1705/1806/1675 1700/1804/1673
f 1652/1805/1674 1710/1808/1677 1705/1806/1675
f 1652/1805/1674 1653/1810/1679 1715/1807/1676
f 1654/1809/1678 1720/1812/1681 1715/1807/1676
f 1654/1809/1678 1655/1814/1683 1725/1811/1680
f 1656/1813/1682 1730/1816/1685 1725/1811/1680
f 1656/1813/1682 1657/1818/1687 1735/1815/1684
f 1658/1817/1686 1740/1819/1688 1735/1815/1684
f 1645/1791/1661 1675/1793/1663 1740/1819/1688
f 1684/1820/1689 1661/3298/1693 1660/1821/1690
f 1689/1823/1692 1663/1827/1695 1661/1824/1693
f 1689/1823/1692 1694/1829/1697 1664/1826/1694
f 1699/1828/1696 1665/1831/1699 1664/1826/1694
f 1699/1828/1696 1704/1832/1700 1666/1830/1698
f 1704/1832/1700 1709/1835/1703 1667/1833/1701
f 1714/1834/1702 1668/1837/1705 1667/1833/1701
f 1719/1836/1704 1669/1839/1707 1668/1837/1705
f 1724/1838/1706 1670/1841/1709 1669/1839/1707
f 1724/1838/1706 1729/1842/1710 1671/1840/1708
f 1729/1842/1710 1734/1845/1713 1672/1843/1711
f 1739/1844/1712 1673/1847/1715 1672/1843/1711
f 1739/1844/1712 1744/1848/1716 1674/1846/1714
f 1679/1822/1691 1660/1821/1690 1674/1846/1714
f 1679/1822/1691 1744/1848/1716 1743/1849/1717
f 1677/1851/1719 1678/1850/1718 1743/1849/1717
f 1675/1793/1663 1676/1854/1722 1741/1853/1721
f 1677/1851/1719 1742/1852/1720 1741/1853/1721
f 1678/1850/1718 1683/1856/1724 1684/1820/1689
f 1678/1850/1718 1677/1851/1719 1682/1855/1723
f 1676/1854/1722 1681/1857/1725 1682/1855/1723
f 1675/1793/1663 1680/1792/1662 1681/1857/1725
f 1683/1858/1724 1688/1860/1727 1689/1823/1692
f 1683/1858/1724 1682/1862/1723 1687/1859/1726
f 1681/1861/1725 1686/1863/1728 1687/1859/1726
f 1681/1861/1725 1680/1795/1662 1685/1798/1667
f 1688/1860/1727 1693/1864/1729 1694/1829/1697
f 1687/1859/1726 1692/1866/1731 1693/1864/1729
f 1687/1859/1726 1686/1863/1728 1691/1865/1730
f 1686/1863/1728 1685/1798/1667 1690/1800/1669
f 1694/1829/1697 1693/1864/1729 1698/1867/1732
f 1692/1866/1731 1697/1869/1734 1698/1867/1732
f 1692/1866/1731 1691/1865/1730 1696/1868/1733
f 1691/1865/1730 1690/1800/1669 1695/1802/1671
f 1699/1828/1696 1698/1867/1732 1703/1870/1735
f 1697/1869/1734 1702/1872/1737 1703/1870/1735
f 1697/1869/1734 1696/1868/1733 1701/1871/1736
f 1695/1802/1671 1700/1804/1673 1701/1871/1736
f 1703/1870/1735 1708/1874/1739 1709/1835/1703
f 1703/1870/1735 1702/1872/1737 1707/1873/1738
f 1702/1872/1737 1701/1871/1736 1706/1875/1740
f 1701/1871/1736 1700/1804/1673 1705/1806/1675
f 1708/1874/1739 1713/1877/1742 1714/1834/1702
f 1708/1874/1739 1707/1873/1738 1712/1876/1741
f 1706/1875/1740 1711/1878/1743 1712/1876/1741
f 1706/1875/1740 1705/1806/1675 1710/1808/1677
f 1714/1834/1702 1713/1877/1742 1718/1879/1744
f 1713/1877/1742 1712/1876/1741 1717/1880/1745
f 1711/1878/1743 1716/1881/1746 1717/1880/1745
f 1710/1808/1677 1715/1807/1676 1716/1881/1746
f 1718/1879/1744 1723/1883/1748 1724/1838/1706
f 1718/1879/1744 1717/1880/1745 1722/1882/1747
f 1717/1880/1745 1716/1881/1746 1721/1884/1749
f 1716/1881/1746 1715/1807/1676 1720/1812/1681
f 1723/1883/1748 1728/1885/1750 1729/1842/1710
f 1722/1882/1747 1727/1886/1751 1728/1885/1750
f 1721/1884/1749 1726/1887/1752 1727/1886/1751
f 1720/1812/1681 1725/1811/1680 1726/1887/1752
f 1729/1842/1710 1728/1885/1750 1733/1888/1753
f 1727/1886/1751 1732/1890/1755 1733/1888/1753
f 1727/1886/1751 1726/1887/1752 1731/1889/1754
f 1726/1887/1752 1725/1811/1680 1730/1816/1685
f 1733/1888/1753 1738/1892/1757 1739/1844/1712
f 1733/1888/1753 1732/1890/1755 1737/1891/1756
f 1731/1889/1754 1736/1893/1758 1737/1891/1756
f 1730/1816/1685 1735/1815/1684 1736/1893/1758
f 1739/1844/1712 1738/1892/1757 1743/1849/1717
f 1738/1892/1757 1737/1891/1756 1742/1852/1720
f 1737/1891/1756 1736/1893/1758 1741/1853/1721
f 1736/1893/1758 1735/1815/1684 1740/1819/1688
f 1745/1894/1759 1746/1897/1759 1771/1895/1760
f 1746/1897/1759 1745/1894/1759 1748/1898/1761
f 1748/1900/1761 1750/1903/1762 1749/1901/1762
f 1750/1903/1762 1752/1905/1763 1751/1904/1763
f 1752/1905/1763 1754/1907/1765 1753/1906/1764
f 1754/1907/1765 1756/1909/1766 1755/1908/1766
f 1756/1909/1766 1758/1911/1767 1757/1910/1767
f 1758/1911/1767 1760/1913/1768 1759/1912/1768
f 1760/1913/1768 1762/3299/1769 1761/1914/1769
f 1761/1914/1769 1762/3299/1769 1764/1915/1770
f 1763/1916/1770 1764/1915/1770 1766/1917/1771
f 1765/1918/1771 1766/1917/1771 1768/1919/1772
f 1767/1920/1772 1768/1919/1772 1770/1921/1773
f 1770/1921/1773 1772/1896/1760 1771/1895/1760
f 1631/1938/282 1746/1897/1780 1747/1899/280
f 1632/1940/280 1747/1902/280 1749/1901/283
f 1633/1941/283 1749/1901/283 1751/1904/285
f 1634/1942/285 1751/1904/285 1753/1906/1775
f 1635/1943/287 1753/1906/1775 1755/1908/1776
f 1636/1944/1776 1755/1908/1776 1757/1910/291
f 1637/1945/291 1757/1910/291 1759/1912/1777
f 1638/1946/293 1759/1912/1777 1761/1914/295
f 1639/1947/295 1761/1914/295 1763/1916/297
f 1640/1948/297 1763/1916/297 1765/1918/299
f 1641/1949/299 1765/1918/299 1767/1920/1778
f 1642/1950/301 1767/1920/1778 1769/1922/1779
f 1643/1951/1779 1769/1922/1779 1771/1895/305
f 1644/1952/305 1771/1895/305 1746/1897/1780
f 1778/1953/1781 1775/1967/1808 1631/1938/1782
f 1778/1954/1781 1632/1940/1783 1633/1941/1784
f 1781/1955/1785 1633/1941/1784 1634/1942/1786
f 1787/1957/1788 1784/1956/1787 1634/1942/1786
f 1787/1957/1788 1635/1943/1789 1636/1944/1790
f 1790/1958/1791 1636/1944/1790 1637/1945/1792
f 1796/1960/1794 1793/1959/1793 1637/1945/1792
f 1799/1961/1796 1796/1960/1794 1638/1946/1795
f 1799/1961/1796 1639/1947/1797 1640/1948/1798
f 1805/1963/1800 1802/1962/1799 1640/1948/1798
f 1808/1964/1802 1805/1963/1800 1641/1949/1801
f 1808/1964/1802 1642/1950/1803 1643/1951/1804
f 1811/1965/1805 1643/1951/1804 1644/1952/1806
f 1775/1967/1808 1814/1966/1807 1644/1952/1806
f 1773/1968/1809 1774/1971/1812 1777/1969/1810
f 1775/1967/1808 1778/1953/1781 1777/1969/1810
f 1776/1972/1811 1777/1975/1810 1780/1973/1813
f 1778/1954/1781 1781/1955/1785 1780/1973/1813
f 1780/1973/1813 1783/1977/1816 1782/1976/1815
f 1781/1955/1785 1784/1956/1787 1783/1977/1816
f 1783/1977/1816 1786/1979/1818 1785/1978/1817
f 1783/1977/1816 1784/1956/1787 1787/1957/1788
f 1785/1978/1817 1786/1979/1818 1789/1980/1819
f 1787/1957/1788 1790/1958/1791 1789/1980/1819
f 1789/1980/1819 1792/1983/1822 1791/1982/1821
f 1789/1980/1819 1790/1958/1791 1793/1959/1793
f 1791/1982/1821 1792/1983/1822 1795/1984/1823
f 1793/1959/1793 1796/1960/1794 1795/1984/1823
f 1795/1984/1823 1798/1987/1826 1797/1986/1825
f 1796/1960/1794 1799/1961/1796 1798/1987/1826
f 1797/1986/1825 1798/1987/1826 1801/1988/1827
f 1798/1987/1826 1799/1961/1796 1802/1962/1799
f 1801/1988/1827 1804/1991/1830 1803/1990/1829
f 1802/1962/1799 1805/1963/1800 1804/1991/1830
f 1804/1991/1830 1807/1993/1832 1806/1992/1831
f 1804/1991/1830 1805/1963/1800 1808/1964/1802
f 1807/1993/1832 1810/1995/1834 1809/1994/1833
f 1807/1993/1832 1808/1964/1802 1811/1965/1805
f 1809/1994/1833 1810/1995/1834 1813/1996/1835
f 1810/1995/1834 1811/1965/1805 1814/1966/1807
f 1774/1971/1812 1813/1996/1835 1814/1966/1807
f 1773/1968/1809 1812/1997/1836 1813/1996/1835
f 1815/1998/1837 1816/2001/1837 1818/1999/1838
f 1816/2001/1837 1815/1998/1837 1841/2002/1839
f 1817/2004/1838 1818/3300/1838 1820/2005/1840
f 1820/2005/1840 1822/3301/1841 1821/2007/1841
f 1821/2007/1841 1822/3301/1841 1824/2008/1842
f 1823/2009/1842 1824/2008/1842 1826/2010/1843
f 1826/2010/1843 1828/3302/1844 1827/2012/1844
f 1827/2012/1844 1828/3302/1844 1830/2013/1845
f 1830/2013/1845 1832/2016/1846 1831/2015/1846
f 1832/2016/1846 1834/2018/1847 1833/2017/1847
f 1834/2018/1847 1836/3303/1848 1835/2019/1848
f 1835/2019/1848 1836/3303/1848 1838/2020/1849
f 1838/2020/1849 1840/2023/1851 1839/2022/1851
f 1840/2023/1851 1842/2003/1839 1841/2002/1839
f 1817/2000/1852 1646/3297/1852 1645/1791/1853
f 1817/2004/1852 1819/2006/1855 1647/1794/1855
f 1819/2006/1855 1821/2007/1856 1648/1797/1856
f 1823/2009/1857 1649/1799/1857 1648/1797/1856
f 1823/2009/1857 1825/2011/1858 1650/1801/1858
f 1825/2011/1858 1827/2012/1859 1651/1803/1859
f 1829/2014/1860 1652/1805/1860 1651/1803/1859
f 1831/2015/1861 1653/1810/1861 1652/1805/1860
f 1831/2015/1861 1833/2017/1862 1654/1809/1862
f 1835/2019/1863 1655/1814/1863 1654/1809/1862
f 1837/2021/1864 1656/1813/1864 1655/1814/1863
f 1837/2021/1864 1839/2022/1866 1657/1818/1865
f 1839/2022/1866 1841/2002/1867 1658/1817/1867
f 1815/1998/1854 1645/1791/1853 1658/1817/1867
f 1776/1970/1811 1818/3304/280 1816/2024/282
f 1779/1974/1814 1820/2026/283 1818/2025/280
f 1782/1976/1815 1822/2027/285 1820/2026/283
f 1785/1978/1817 1824/2028/287 1822/2027/285
f 1788/1981/1820 1826/2029/289 1824/2028/287
f 1791/1982/1821 1828/2030/291 1826/2029/289
f 1794/1985/1824 1830/2031/293 1828/2030/291
f 1797/1986/1825 1832/2032/295 1830/2031/293
f 1800/1989/1828 1834/2033/297 1832/2032/295
f 1803/1990/1829 1836/2034/299 1834/2033/297
f 1806/1992/1831 1838/2035/301 1836/2034/299
f 1809/1994/1833 1840/2036/303 1838/2035/301
f 1812/1997/1836 1842/2037/305 1840/2036/303
f 1773/1968/1809 1816/2024/282 1842/2037/305
f 1850/2038/1868 1852/2042/1868 1851/2039/1869
f 1849/2041/1871 1853/2044/1871 1852/2042/1868
f 1848/2043/1872 1854/2054/1881 1853/2044/1871
f 1856/2045/1873 1865/2049/1877 1864/2046/1874
f 1855/2048/1876 1866/2064/1879 1865/2049/1877
f 1863/2050/1878 1867/2056/1882 1866/2051/1879
f 1848/2043/1872 1846/2080/1899 1881/2053/1880
f 1881/2053/1880 1880/2101/1655 1854/2054/1881
f 1863/2050/1878 1894/2103/1655 1879/2055/1655
f 1872/2058/1884 1867/2056/1882 1879/2055/1655
f 1879/2055/1655 1883/2093/1910 1868/2057/1883
f 1854/2054/1881 1863/2050/1878 1862/2059/1885
f 1852/2042/1868 1861/2061/1887 1860/2060/1886
f 1853/2044/1871 1862/2059/1885 1861/2061/1887
f 1867/2056/1882 1872/2058/1884 1875/2062/1879
f 1865/2049/1877 1874/2065/1877 1873/2063/1888
f 1866/2064/1879 1875/3305/1879 1874/2065/1877
f 1863/2050/1878 1855/2052/1876 1876/2066/1889
f 1855/2048/1876 1856/2045/1873 1877/2067/1890
f 1857/2047/1875 1858/2069/1891 1877/2067/1890
f 1858/2069/1891 1859/3306/1893 1878/2070/1892
f 1860/2060/1886 1861/2061/1887 1878/2071/1892
f 1878/2071/1892 1861/2061/1887 1862/2059/1885
f 1889/2074/1894 1888/2098/1898 1891/2075/1895
f 1887/2077/1897 1892/2085/1903 1891/2078/1895
f 1846/2080/1899 1845/3307/1901 1884/2081/1900
f 1845/2082/1901 1844/2084/1902 1887/2077/1897
f 1844/2084/1902 1843/2087/1905 1892/2085/1903
f 1904/2086/1904 1892/2085/1903 1843/2087/1905
f 1906/2089/1906 1907/3308/305 1871/2090/1907
f 1890/2076/1896 1871/2090/1907 1870/2091/1908
f 1886/2092/1909 1869/3309/1911 1868/2057/1883
f 1889/2074/1894 1870/2091/1908 1869/2094/1911
f 1883/2093/1910 1882/2097/1913 1885/2096/1912
f 1881/2053/1880 1884/2081/1900 1885/2096/1912
f 1886/2095/1909 1885/3310/1912 1888/2098/1898
f 1884/2083/1900 1887/2077/1897 1888/2079/1898
f 1891/2075/1895 1905/3311/1914 1906/2089/1906
f 1892/2085/1903 1904/2086/1904 1905/2100/1914
f 1882/2097/1913 1893/2102/1655 1880/2101/1655
f 1879/2055/1655 1893/2102/1655 1882/2097/1913
f 1880/2101/1655 1894/2103/1655 1863/2050/1878
f 1851/2039/1869 1896/2105/178 1895/2104/178
f 1896/2105/178 1851/2039/1869 1860/2060/1886
f 1897/2106/1915 1860/2060/1886 1859/2072/1893
f 1898/2108/1916 1859/3306/1893 1858/2069/1891
f 1899/2109/1917 1858/2069/1891 1857/2047/1875
f 1901/2111/291 1900/2110/1918 1857/2047/1875
f 1901/2111/291 1864/2046/1874 1873/2063/1888
f 1916/2113/1919 1917/2116/1920 1915/2114/1920
f 1917/2116/1920 1918/2118/1922 1914/2117/1922
f 1918/2118/1922 1919/2135/1935 1913/2119/1923
f 1929/2120/1924 1930/2123/1927 1921/2121/1925
f 1930/2123/1927 1931/2142/1929 1920/2124/1928
f 1931/2125/1929 1932/2139/1938 1928/2126/1930
f 1946/2129/1931 1911/2156/1949 1913/2119/1923
f 1913/2119/1923 1919/2135/1935 1945/2128/1658
f 1928/2126/1930 1932/2139/1938 1944/2130/1658
f 1944/2130/1658 1932/2139/1938 1937/2132/1932
f 1937/2132/1932 1933/2165/1958 1948/2133/1933
f 1927/2134/1934 1928/2126/1930 1919/2135/1935
f 1925/2136/1936 1926/2137/1937 1917/2116/1920
f 1926/2137/1937 1927/2134/1934 1918/2118/1922
f 1940/2138/1929 1937/2132/1932 1932/2139/1938
f 1938/2140/1939 1939/2141/1927 1930/2123/1927
f 1939/2141/1927 1940/3312/1929 1931/2142/1929
f 1941/2143/1940 1920/2127/1928 1928/2126/1930
f 1942/2144/1941 1921/2121/1925 1920/2124/1928
f 1942/2144/1941 1923/2147/1943 1922/2122/1926
f 1943/2146/1942 1924/3313/1944 1923/2147/1943
f 1943/2148/1942 1926/2137/1937 1925/2136/1936
f 1943/2148/1942 1941/3314/1940 1927/2134/1934
f 1954/2150/1945 1955/2163/1956 1956/2151/1946
f 1956/2153/1946 1957/2160/1953 1952/2154/1948
f 1911/2156/1949 1946/2129/1931 1949/2157/1950
f 1910/2158/1951 1949/2157/1950 1952/2154/1948
f 1909/2159/1952 1952/2154/1948 1957/2160/1953
f 1908/2161/1954 1957/2160/1953 1904/2086/1904
f 1936/2162/1955 1907/3308/305 1906/2089/1906
f 1935/2164/1957 1936/2162/1955 1955/2163/1956
f 1933/2165/1958 1934/3315/1960 1951/2166/1959
f 1934/2167/1960 1935/2164/1957 1954/2150/1945
f 1948/2133/1933 1951/2166/1959 1950/2169/1961
f 1950/2169/1961 1949/2157/1950 1946/2129/1931
f 1951/2168/1959 1954/2150/1945 1953/2152/1947
f 1953/2155/1947 1952/2154/1948 1949/2157/1950
f 1906/2089/1906 1905/3311/1914 1956/2151/1946
f 1905/2100/1914 1904/2086/1904 1957/2160/1953
f 1945/2128/1658 1958/2173/1658 1947/2170/1962
f 1944/2130/1658 1948/2133/1933 1947/2170/1962
f 1928/2126/1930 1959/2131/1658 1945/2128/1658
f 1895/2104/178 1896/2105/178 1916/2113/1919
f 1925/2136/1936 1916/2113/1919 1896/2105/178
f 1924/2149/1944 1925/2136/1936 1897/2106/1915
f 1923/2147/1943 1924/3313/1944 1898/2108/1916
f 1922/2122/1926 1923/2147/1943 1899/2109/1917
f 1922/2122/1926 1900/2110/1918 1901/2111/291
f 1938/2140/1939 1929/2120/1924 1901/2111/291
f 2602/2174/1963 2567/2177/1966 2564/2175/1964
f 2567/2177/1966 2566/2180/1969 2565/2178/1967
f 2567/2177/1966 2134/2230/2019 2133/2179/1968
f 2566/2180/1969 2569/2183/1972 2568/2181/1970
f 2566/2180/1969 2133/2179/1968 2132/2182/1971
f 2569/2183/1972 2571/2186/1975 2570/2184/1973
f 2569/2183/1972 2132/2182/1971 2131/2185/1974
f 2573/2187/1976 2572/2190/1979 2570/2184/1973
f 2571/2186/1975 2131/2185/1974 2130/2188/1977
f 2575/2189/1978 2574/2193/1982 2572/2190/1979
f 2573/2187/1976 2130/2188/1977 2129/2191/1980
f 2577/2192/1981 2576/2195/1984 2574/2193/1982
f 2129/2191/1980 2128/2713/2457 2577/2192/1981
f 2579/2194/1983 2578/2198/1987 2576/2195/1984
f 2577/2192/1981 2128/2713/2457 2127/2196/1985
f 2579/2194/1983 2581/2200/1989 2580/2197/1986
f 2579/2194/1983 2127/2196/1985 2126/2199/1988
f 2581/2200/1989 2583/2203/1992 2582/2201/1990
f 2581/2200/1989 2126/2199/1988 2123/2202/1991
f 2583/2203/1992 2585/2205/1994 2584/2204/1993
f 2123/2202/1991 2124/2207/1996 2585/2205/1994
f 2585/2205/1994 2587/2208/1997 2586/2206/1995
f 2124/2207/1996 2125/2210/1999 2587/2208/1997
f 2587/2208/1997 2589/2211/2000 2588/2209/1998
f 2125/2210/1999 2142/2213/2002 2589/2211/2000
f 2589/2211/2000 2591/2214/2003 2590/2212/2001
f 2142/2213/2002 2141/2216/2005 2591/2214/2003
f 2591/2214/2003 2593/2217/2006 2592/2215/2004
f 2141/2216/2005 2140/2219/2008 2593/2217/2006
f 2593/2217/2006 2595/2220/2009 2594/2218/2007
f 2140/2219/2008 2139/2727/2459 2595/2220/2009
f 2595/2220/2009 2597/2223/2012 2596/2221/2010
f 2595/2220/2009 2139/2727/2459 2138/2222/2011
f 2599/2224/2013 2598/2227/2016 2596/2221/2010
f 2597/2223/2012 2138/2222/2011 2137/2225/2014
f 2599/2224/2013 2601/2229/2018 2600/2226/2015
f 2599/2224/2013 2137/2225/2014 2136/2228/2017
f 2601/2229/2018 2602/2174/1963 2563/2176/1965
f 2136/2228/2017 2135/2722/2458 2602/2174/1963
f 2602/2174/1963 2135/2722/2458 2134/2230/2019
f 2607/2231/2020 2604/2235/2024 2603/2232/2021
f 2606/2234/2023 2605/2238/2027 2604/2235/2024
f 2644/2236/2025 2645/2239/2028 2606/2234/2023
f 2609/2237/2026 2608/2241/2030 2605/2238/2027
f 2645/2239/2028 2648/2294/2083 2609/2237/2026
f 2609/2237/2026 2611/2243/2032 2610/2240/2029
f 2609/2237/2026 2648/2294/2083 2650/2242/2031
f 2611/2243/2032 2613/2246/2035 2612/2244/2033
f 2611/2243/2032 2650/2242/2031 2652/2245/2034
f 2615/2247/2036 2614/2249/2038 2612/2244/2033
f 2652/2245/2034 2654/2302/2091 2615/2247/2036
f 2617/2248/2037 2616/2252/2041 2614/2249/2038
f 2615/2247/2036 2654/2302/2091 2656/2250/2039
f 2619/2251/2040 2618/2254/2043 2616/2252/2041
f 2656/2250/2039 2658/2304/2093 2619/2251/2040
f 2619/2251/2040 2621/2256/2045 2620/2253/2042
f 2619/2251/2040 2658/2304/2093 2660/2255/2044
f 2621/2256/2045 2623/2259/2048 2622/2257/2046
f 2621/2256/2045 2660/2255/2044 2662/2258/2047
f 2623/2259/2048 2625/2262/2051 2624/2260/2049
f 2623/2259/2048 2662/2258/2047 2664/2261/2050
f 2627/2263/2052 2626/2266/2055 2624/2260/2049
f 2666/2264/2053 2627/2263/2052 2625/2262/2051
f 2629/2265/2054 2628/2269/2058 2626/2266/2055
f 2627/2263/2052 2666/2264/2053 2668/2267/2056
f 2631/2268/2057 2630/2272/2061 2628/2269/2058
f 2629/2265/2054 2668/2267/2056 2670/2270/2059
f 2633/2271/2060 2632/2275/2064 2630/2272/2061
f 2631/2268/2057 2670/2270/2059 2672/2273/2062
f 2635/2274/2063 2634/2278/2067 2632/2275/2064
f 2633/2271/2060 2672/2273/2062 2674/2276/2065
f 2635/2274/2063 2637/2280/2069 2636/2277/2066
f 2635/2274/2063 2674/2276/2065 2676/2279/2068
f 2637/2280/2069 2639/2283/2072 2638/2281/2070
f 2637/2280/2069 2676/2279/2068 2678/2282/2071
f 2641/2284/2073 2640/2285/2074 2638/2281/2070
f 2678/2282/2071 2680/2286/2075 2641/2284/2073
f 2642/2233/2022 2603/2232/2021 2640/2285/2074
f 2680/2286/2075 2643/2288/2077 2642/2233/2022
f 2642/2233/2022 2643/2288/2077 2644/2236/2025
f 2682/2287/2076 2647/2289/2078 2644/2236/2025
f 2647/2289/2078 2646/2291/2080 2645/2239/2028
f 2684/2290/2079 2685/2293/2082 2646/2291/2080
f 2649/2292/2081 2648/2294/2083 2645/2239/2028
f 2685/2293/2082 2688/2295/2084 2649/2292/2081
f 2649/2292/2081 2651/2296/2085 2650/2242/2031
f 2688/2295/2084 2690/2297/2086 2651/2296/2085
f 2651/2296/2085 2653/2298/2087 2652/2245/2034
f 2690/2297/2086 2692/2300/2089 2653/2298/2087
f 2655/2299/2088 2654/2302/2091 2652/2245/2034
f 2692/2300/2089 2694/2338/2127 2655/2299/2088
f 2657/2301/2090 2656/2250/2039 2654/2302/2091
f 2655/2299/2088 2694/2338/2127 2696/2303/2092
f 2657/2301/2090 2659/2306/2095 2658/2304/2093
f 2657/2301/2090 2696/2303/2092 2698/2305/2094
f 2661/2307/2096 2660/2255/2044 2658/2304/2093
f 2698/2305/2094 2700/2348/2137 2661/2307/2096
f 2661/2307/2096 2663/2309/2098 2662/2258/2047
f 2661/2307/2096 2700/2348/2137 2702/2308/2097
f 2663/2309/2098 2665/2311/2100 2664/2261/2050
f 2663/2309/2098 2702/2308/2097 2704/2310/2099
f 2665/2311/2100 2667/2312/2101 2666/2264/2053
f 2704/2310/2099 2706/2313/2102 2667/2312/2101
f 2667/2312/2101 2669/2314/2103 2668/2267/2056
f 2706/2313/2102 2708/2315/2104 2669/2314/2103
f 2669/2314/2103 2671/2316/2105 2670/2270/2059
f 2708/2315/2104 2710/2317/2106 2671/2316/2105
f 2671/2316/2105 2673/2318/2107 2672/2273/2062
f 2710/2317/2106 2712/2319/2108 2673/2318/2107
f 2673/2318/2107 2675/2320/2109 2674/2276/2065
f 2712/2319/2108 2714/2321/2110 2675/2320/2109
f 2675/2320/2109 2677/2322/2111 2676/2279/2068
f 2714/2321/2110 2716/2323/2112 2677/2322/2111
f 2677/2322/2111 2679/2324/2113 2678/2282/2071
f 2716/2323/2112 2718/2364/2153 2679/2324/2113
f 2679/2324/2113 2681/2326/2115 2680/2286/2075
f 2679/2324/2113 2718/2364/2153 2720/2325/2114
f 2681/2326/2115 2682/2287/2076 2643/2288/2077
f 2720/2325/2114 2683/2327/2116 2682/2287/2076
f 2683/2327/2116 2684/2290/2079 2647/2289/2078
f 2722/2328/2117 2687/2329/2118 2684/2290/2079
f 2687/2329/2118 2686/2331/2120 2685/2293/2082
f 2724/2330/2119 2723/2332/2121 2686/2331/2120
f 2686/2331/2120 2689/2333/2122 2688/2295/2084
f 2723/2332/2121 2725/2335/2124 2689/2333/2122
f 2691/2334/2123 2690/2297/2086 2688/2295/2084
f 2725/2335/2124 2726/2337/2126 2691/2334/2123
f 2693/2336/2125 2692/2300/2089 2690/2297/2086
f 2726/2337/2126 2727/2339/2128 2693/2336/2125
f 2693/2336/2125 2695/2340/2129 2694/2338/2127
f 2727/2339/2128 2728/2342/2131 2695/2340/2129
f 2697/2341/2130 2696/2303/2092 2694/2338/2127
f 2728/2342/2131 2729/2374/2163 2697/2341/2130
f 2699/2343/2132 2698/2305/2094 2696/2303/2092
f 2697/2341/2130 2729/2374/2163 2730/2344/2133
f 2701/2345/2134 2700/2348/2137 2698/2305/2094
f 2699/2343/2132 2730/2344/2133 2731/2346/2135
f 2703/2347/2136 2702/2308/2097 2700/2348/2137
f 2731/2346/2135 2732/2349/2138 2703/2347/2136
f 2703/2347/2136 2705/2350/2139 2704/2310/2099
f 2732/2349/2138 2733/2378/2167 2705/2350/2139
f 2705/2350/2139 2707/2352/2141 2706/2313/2102
f 2705/2350/2139 2733/2378/2167 2734/2351/2140
f 2709/2353/2142 2708/2315/2104 2706/2313/2102
f 2707/2352/2141 2734/2351/2140 2735/2354/2143
f 2709/2353/2142 2711/2356/2145 2710/2317/2106
f 2709/2353/2142 2735/2354/2143 2736/2355/2144
f 2711/2356/2145 2713/2358/2147 2712/2319/2108
f 2711/2356/2145 2736/2355/2144 2737/2357/2146
f 2713/2358/2147 2715/2359/2148 2714/2321/2110
f 2737/2357/2146 2738/2360/2149 2715/2359/2148
f 2715/2359/2148 2717/2361/2150 2716/2323/2112
f 2738/2360/2149 2739/2363/2152 2717/2361/2150
f 2719/2362/2151 2718/2364/2153 2716/2323/2112
f 2739/2363/2152 2740/2386/2175 2719/2362/2151
f 2719/2362/2151 2721/2366/2155 2720/2325/2114
f 2719/2362/2151 2740/2386/2175 2741/2365/2154
f 2721/2366/2155 2722/2328/2117 2683/2327/2116
f 2721/2366/2155 2741/2365/2154 2742/2367/2156
f 2722/2328/2117 2742/2367/2156 2724/2330/2119
f 2744/2368/2157 2743/2369/2158 2723/2332/2121
f 2743/2369/2158 2745/2370/2159 2725/2335/2124
f 2745/2370/2159 2746/2371/2160 2726/2337/2126
f 2746/2371/2160 2747/2372/2161 2727/2339/2128
f 2747/2372/2161 2748/2373/2162 2728/2342/2131
f 2748/2373/2162 2749/2394/2183 2729/2374/2163
f 2729/2374/2163 2749/2394/2183 2750/2375/2164
f 2750/2375/2164 2751/2376/2165 2731/2346/2135
f 2751/2376/2165 2752/2377/2166 2732/2349/2138
f 2752/2377/2166 2753/2379/2168 2733/2378/2167
f 2753/2379/2168 2754/2400/2189 2734/2351/2140
f 2734/2351/2140 2754/2400/2189 2755/2380/2169
f 2735/2354/2143 2755/2380/2169 2756/2381/2170
f 2736/2355/2144 2756/2381/2170 2757/2382/2171
f 2737/2357/2146 2757/2382/2171 2758/2383/2172
f 2738/2360/2149 2758/2383/2172 2759/2384/2173
f 2739/2363/2152 2759/2384/2173 2760/2385/2174
f 2740/2386/2175 2760/2385/2174 2761/2387/2176
f 2741/2365/2154 2761/2387/2176 2762/2388/2177
f 2742/2367/2156 2762/2388/2177 2744/2368/2157
f 2764/2389/2178 2763/2390/2179 2743/2369/2158
f 2763/2390/2179 2765/2409/2198 2745/2370/2159
f 2745/2370/2159 2765/2409/2198 2766/2391/2180
f 2766/2391/2180 2767/2392/2181 2747/2372/2161
f 2767/2392/2181 2768/2393/2182 2748/2373/2162
f 2768/2393/2182 2769/2413/2202 2749/2394/2183
f 2749/2394/2183 2769/2413/2202 2770/2395/2184
f 2750/2375/2164 2770/2395/2184 2771/2396/2185
f 2751/2376/2165 2771/2396/2185 2772/2397/2186
f 2752/2377/2166 2772/2397/2186 2773/2398/2187
f 2753/2379/2168 2773/2398/2187 2774/2399/2188
f 2774/2399/2188 2775/2419/2208 2755/2380/2169
f 2755/2380/2169 2775/2419/2208 2776/2401/2190
f 2756/2381/2170 2776/2401/2190 2777/2402/2191
f 2757/2382/2171 2777/2402/2191 2778/2403/2192
f 2758/2383/2172 2778/2403/2192 2779/2404/2193
f 2779/2404/2193 2780/2425/2214 2760/2385/2174
f 2760/2385/2174 2780/2425/2214 2781/2405/2194
f 2761/2387/2176 2781/2405/2194 2782/2406/2195
f 2762/2388/2177 2782/2406/2195 2764/2389/2178
f 2784/2407/2196 2783/2408/2197 2763/2390/2179
f 2783/2408/2197 2785/2430/2219 2765/2409/2198
f 2765/2409/2198 2785/2430/2219 2786/2410/2199
f 2766/2391/2180 2786/2410/2199 2787/2411/2200
f 2787/2411/2200 2788/2433/2222 2768/2393/2182
f 2768/2393/2182 2788/2433/2222 2789/2412/2201
f 2769/2413/2202 2789/2412/2201 2790/2414/2203
f 2770/2395/2184 2790/2414/2203 2791/2415/2204
f 2771/2396/2185 2791/2415/2204 2792/2416/2205
f 2772/2397/2186 2792/2416/2205 2793/2417/2206
f 2773/2398/2187 2793/2417/2206 2794/2418/2207
f 2794/2418/2207 2795/2420/2209 2775/2419/2208
f 2795/2420/2209 2796/2421/2210 2776/2401/2190
f 2796/2421/2210 2797/2422/2211 2777/2402/2191
f 2797/2422/2211 2798/2442/2231 2778/2403/2192
f 2778/2403/2192 2798/2442/2231 2799/2423/2212
f 2779/2404/2193 2799/2423/2212 2800/2424/2213
f 2780/2425/2214 2800/2424/2213 2801/2426/2215
f 2781/2405/2194 2801/2426/2215 2802/2427/2216
f 2782/2406/2195 2802/2427/2216 2784/2407/2196
f 2804/2428/2217 2803/2447/2236 2783/2408/2197
f 2783/2408/2197 2803/2447/2236 2805/2429/2218
f 2785/2430/2219 2805/2429/2218 2806/2431/2220
f 2786/2410/2199 2806/2431/2220 2807/2432/2221
f 2807/2432/2221 2808/2451/2240 2788/2433/2222
f 2788/2433/2222 2808/2451/2240 2809/2434/2223
f 2789/2412/2201 2809/2434/2223 2810/2435/2224
f 2790/2414/2203 2810/2435/2224 2811/2436/2225
f 2811/2436/2225 2812/2437/2226 2792/2416/2205
f 2812/2437/2226 2813/2456/2245 2793/2417/2206
f 2793/2417/2206 2813/2456/2245 2814/2438/2227
f 2814/2438/2227 2815/2439/2228 2795/2420/2209
f 2815/2439/2228 2816/2440/2229 2796/2421/2210
f 2816/2440/2229 2817/2441/2230 2797/2422/2211
f 2817/2441/2230 2818/2461/2250 2798/2442/2231
f 2798/2442/2231 2818/2461/2250 2819/2443/2232
f 2799/2423/2212 2819/2443/2232 2820/2444/2233
f 2800/2424/2213 2820/2444/2233 2821/2445/2234
f 2821/2445/2234 2822/2465/2254 2802/2427/2216
f 2802/2427/2216 2822/2465/2254 2804/2428/2217
f 2824/2446/2235 2823/2468/2257 2803/2447/2236
f 2803/2447/2236 2823/2468/2257 2825/2448/2237
f 2805/2429/2218 2825/2448/2237 2826/2449/2238
f 2806/2431/2220 2826/2449/2238 2827/2450/2239
f 2827/2450/2239 2828/2452/2241 2808/2451/2240
f 2828/2452/2241 2829/2453/2242 2809/2434/2223
f 2829/2453/2242 2830/2454/2243 2810/2435/2224
f 2830/2454/2243 2831/2475/2264 2811/2436/2225
f 2811/2436/2225 2831/2475/2264 2832/2455/2244
f 2832/2455/2244 2833/2478/2267 2813/2456/2245
f 2813/2456/2245 2833/2478/2267 2834/2457/2246
f 2814/2438/2227 2834/2457/2246 2835/2458/2247
f 2835/2458/2247 2836/2459/2248 2816/2440/2229
f 2836/2459/2248 2837/2460/2249 2817/2441/2230
f 2837/2460/2249 2838/2462/2251 2818/2461/2250
f 2838/2462/2251 2839/2483/2272 2819/2443/2232
f 2819/2443/2232 2839/2483/2272 2840/2463/2252
f 2820/2444/2233 2840/2463/2252 2841/2464/2253
f 2841/2464/2253 2842/2466/2255 2822/2465/2254
f 2842/2466/2255 2824/2446/2235 2804/2428/2217
f 2844/2467/2256 2843/3316/2277 2823/2468/2257
f 2823/2468/2257 2843/3316/2277 2845/2469/2258
f 2825/2448/2237 2845/2469/2258 2846/2470/2259
f 2846/2470/2259 2847/2471/2260 2827/2450/2239
f 2847/2471/2260 2848/2472/2261 2828/2452/2241
f 2848/2472/2261 2849/2473/2262 2829/2453/2242
f 2849/2473/2262 2850/2474/2263 2830/2454/2243
f 2850/2474/2263 2851/2476/2265 2831/2475/2264
f 2851/2476/2265 2852/2477/2266 2832/2455/2244
f 2852/2477/2266 2853/3317/2285 2833/2478/2267
f 2833/2478/2267 2853/3317/2285 2854/2479/2268
f 2834/2457/2246 2854/2479/2268 2855/2480/2269
f 2855/2480/2269 2856/3318/2290 2836/2459/2248
f 2836/2459/2248 2856/3318/2290 2857/2481/2270
f 2857/2481/2270 2858/2482/2271 2838/2462/2251
f 2858/2482/2271 2859/2484/2273 2839/2483/2272
f 2859/2484/2273 2860/3319/2294 2840/2463/2252
f 2840/2463/2252 2860/3319/2294 2861/2485/2274
f 2841/2464/2253 2861/2485/2274 2862/2486/2275
f 2862/2486/2275 2844/2467/2256 2824/2446/2235
f 2844/2487/2256 2864/2526/2299 2865/2488/2276
f 2843/2489/2277 2865/2488/2276 2868/2490/2278
f 2868/2490/2278 2870/2493/2279 2846/2492/2259
f 2870/2493/2279 2872/2534/2307 2847/2494/2260
f 2847/2494/2260 2872/2534/2307 2874/2495/2280
f 2848/2496/2261 2874/2495/2280 2876/2497/2281
f 2849/2498/2262 2876/2497/2281 2878/2499/2282
f 2850/2500/2263 2878/2499/2282 2880/2501/2283
f 2880/2501/2283 2882/2504/2284 2852/2503/2266
f 2882/2504/2284 2884/2507/2287 2853/2505/2285
f 2886/2506/2286 2854/2508/2268 2853/2505/2285
f 2854/2508/2268 2886/2506/2286 2888/2509/2288
f 2855/2510/2269 2888/2509/2288 2890/2511/2289
f 2890/2511/2289 2892/2514/2291 2857/2513/2270
f 2892/2514/2291 2894/2553/2326 2858/2515/2271
f 2858/2515/2271 2894/2553/2326 2896/2516/2292
f 2859/2517/2273 2896/2516/2292 2898/2518/2293
f 2860/2519/2294 2898/2518/2293 2900/2520/2295
f 2900/2520/2295 2863/2523/2296 2862/2522/2275
f 2863/2523/2296 2864/2526/2299 2844/2487/2256
f 2867/2524/2297 2864/2526/2299 2863/2523/2296
f 2867/2524/2297 2866/2528/2301 2865/2488/2276
f 2867/2524/2297 2113/3320/2975 2112/2527/2300
f 2869/2529/2302 2868/2490/2278 2865/2488/2276
f 2866/2528/2301 2112/2527/2300 2111/2530/2303
f 2871/2531/2304 2870/2493/2279 2868/2490/2278
f 2869/2529/2302 2111/2530/2303 2110/2532/2305
f 2873/2533/2306 2872/2534/2307 2870/2493/2279
f 2110/2532/2305 2109/2535/2308 2873/2533/2306
f 2873/2533/2306 2875/2536/2309 2874/2495/2280
f 2109/2535/2308 2108/2537/2310 2875/2536/2309
f 2875/2536/2309 2877/2538/2311 2876/2497/2281
f 2108/2537/2310 2107/2540/2313 2877/2538/2311
f 2879/2539/2312 2878/2499/2282 2876/2497/2281
f 2107/2540/2313 2106/2689/2438 2879/2539/2312
f 2881/2541/2314 2880/2501/2283 2878/2499/2282
f 2879/2539/2312 2106/2689/2438 2103/2542/2315
f 2883/2543/2316 2882/2504/2284 2880/2501/2283
f 2103/2542/2315 2104/2684/2433 2883/2543/2316
f 2885/2544/2317 2884/2507/2287 2882/2504/2284
f 2883/2543/2316 2104/2684/2433 2105/2545/2318
f 2887/2546/2319 2886/2506/2286 2884/2507/2287
f 2122/2547/2320 2887/2546/2319 2885/2544/2317
f 2887/2546/2319 2889/2549/2322 2888/2509/2288
f 2887/2546/2319 2122/2547/2320 2121/2548/2321
f 2889/2549/2322 2891/2550/2323 2890/2511/2289
f 2121/2548/2321 2120/2704/2453 2891/2550/2323
f 2893/2551/2324 2892/2514/2291 2890/2511/2289
f 2891/2550/2323 2120/2704/2453 2119/2552/2325
f 2893/2551/2324 2895/2554/2327 2894/2553/2326
f 2119/2552/2325 2118/2555/2328 2895/2554/2327
f 2895/2554/2327 2897/2556/2329 2896/2516/2292
f 2118/2555/2328 2117/2700/2449 2897/2556/2329
f 2897/2556/2329 2899/2558/2331 2898/2518/2293
f 2897/2556/2329 2117/2700/2449 2116/2557/2330
f 2899/2558/2331 2901/2559/2332 2900/2520/2295
f 2116/2557/2330 2115/2560/2333 2901/2559/2332
f 2902/2525/2298 2863/2523/2296 2900/2520/2295
f 2115/2560/2333 2114/2561/2334 2902/2525/2298
f 2114/2561/2334 2113/3320/2975 2867/2524/2297
f 1961/2562/2335 2904/2569/2338 2903/2563/2336
f 2904/2565/2338 2001/2571/2342 2002/2566/2339
f 1980/2568/2340 2905/2679/2341 2904/2569/2338
f 2905/2570/2341 2020/2680/2429 2001/2571/2342
f 2000/2572/2343 2907/2683/2432 2906/2573/2344
f 2906/2573/2344 2907/2683/2432 1980/2568/2340
f 1962/2564/2337 2903/2563/2336 2908/2575/2346
f 2908/2577/2346 2903/2567/2336 2002/2566/2339
f 2906/2573/2344 1961/2562/2335 1962/2564/2337
f 2909/2579/2349 1982/2585/2354 1981/2574/2345
f 1964/2580/2350 1963/2576/2347 2908/2575/2346
f 2908/2577/2346 2003/2578/2348 2004/2582/2352
f 2909/2579/2349 1962/2564/2337 1963/2576/2347
f 2911/2584/2353 1983/3118/2843 1982/2585/2354
f 1965/2586/2355 1964/2580/2350 2910/2581/2351
f 2910/2583/2351 2004/2582/2352 2005/2588/2357
f 2911/2584/2353 1963/2576/2347 1964/2580/2350
f 1984/2591/2359 1983/3118/2843 2911/2584/2353
f 1966/2592/2360 1965/2586/2355 2912/2587/2356
f 2914/2594/2361 2912/2589/2356 2005/2588/2357
f 2915/2596/2363 2913/2590/2358 1964/2580/2350
f 1985/2597/2364 1984/2591/2359 2913/2590/2358
f 1967/2598/2365 1966/2611/2360 2914/2599/2361
f 2916/2601/2366 2914/3321/2361 2006/2602/2362
f 2917/2604/2368 2915/2596/2363 1965/2586/2355
f 1986/2605/2369 1985/2597/2364 2915/2596/2363
f 1968/2606/2370 1967/2598/2365 2916/2600/2366
f 2918/2608/2371 2916/2601/2366 2007/2603/2367
f 2919/2610/2373 2917/2613/2368 1966/2611/2360
f 1987/2612/2374 1986/3128/2369 2917/2613/2368
f 1968/2606/2370 2918/2607/2371 2920/2614/2375
f 2918/2608/2371 2008/2609/2372 2009/2616/2377
f 2921/2618/2378 2919/2610/2373 1967/2598/2365
f 1988/2619/2379 1987/2612/2374 2919/2610/2373
f 1969/2615/2376 2920/2614/2375 2922/2620/2380
f 2920/2617/2375 2009/2616/2377 2010/2622/2382
f 2923/2624/2383 2921/2618/2378 1968/2606/2370
f 1989/2625/2384 1988/2619/2379 2921/2618/2378
f 1971/2626/2385 1970/2621/2381 2922/2620/2380
f 2922/2623/2380 2010/2622/2382 2011/2628/2387
f 2923/2624/2383 1969/2615/2376 1970/2621/2381
f 1990/2631/2389 1989/2625/2384 2923/2624/2383
f 1971/2626/2385 2924/2627/2386 2926/2632/2390
f 2926/2634/2390 2924/2629/2386 2011/2628/2387
f 2925/2630/2388 1970/2621/2381 1971/2626/2385
f 1991/2637/2394 1990/2631/2389 2925/2630/2388
f 1972/2633/2391 2926/2632/2390 2928/2638/2395
f 2926/2634/2390 2012/2635/2392 2013/2640/2397
f 2929/2642/2398 2927/2636/2393 1971/2626/2385
f 1992/2643/2399 1991/2637/2394 2927/2636/2393
f 1973/2639/2396 2928/2638/2395 2930/2644/2400
f 2928/2641/2395 2013/2640/2397 2014/2646/2402
f 2929/2642/2398 1972/2633/2391 1973/2639/2396
f 2931/2648/2403 1993/2654/2408 1992/2643/2399
f 1974/2645/2401 2930/2644/2400 2932/2649/2404
f 2932/2651/2404 2930/2647/2400 2014/2646/2402
f 2933/2653/2407 2931/2648/2403 1973/2639/2396
f 2933/2653/2407 1994/2660/2413 1993/2654/2408
f 1976/2655/2409 1975/2650/2405 2932/2649/2404
f 2932/2651/2404 2015/2652/2406 2016/2657/2411
f 2933/2653/2407 1974/2645/2401 1975/2650/2405
f 2935/2659/2412 1995/3145/2868 1994/2660/2413
f 1977/2661/2414 1976/2655/2409 2934/2656/2410
f 2936/2663/2415 2934/2658/2410 2016/2657/2411
f 2935/2659/2412 1975/2650/2405 1976/2655/2409
f 1996/2666/2418 1995/3145/2868 2935/2659/2412
f 1977/2661/2414 2936/2662/2415 2938/2667/2419
f 2938/2669/2419 2936/2663/2415 2017/2664/2416
f 2939/2671/2422 2937/2665/2417 1976/2655/2409
f 1997/2672/2423 1996/2666/2418 2937/2665/2417
f 1979/2673/2424 1978/2668/2420 2938/2667/2419
f 2938/2669/2419 2018/2670/2421 2019/2675/2426
f 2941/2677/2427 2939/2671/2422 1977/2661/2414
f 1998/2678/2428 1997/2672/2423 2939/2671/2422
f 1979/2673/2424 2940/2674/2425 2905/2679/2341
f 2905/2570/2341 2940/2676/2425 2019/2675/2426
f 2942/2681/2430 2941/2677/2427 1978/2668/2420
f 1999/2682/2431 1998/2678/2428 2941/2677/2427
f 2907/2683/2432 2942/2681/2430 1979/2673/2424
f 2000/2572/2343 1999/2682/2431 2942/2681/2430
f 2104/2684/2433 2103/2542/2315 2022/2685/2434
f 2040/2687/2436 2105/2545/2318 2104/2684/2433
f 2103/2542/2315 2106/2689/2438 2023/2688/2437
f 2106/2689/2438 2107/2540/2313 2024/2690/2439
f 2107/2540/2313 2108/2537/2310 2025/2691/2440
f 2025/2691/2440 2108/2537/2310 2109/2535/2308
f 2026/2692/2441 2109/2535/2308 2110/2532/2305
f 2027/2693/2442 2110/2532/2305 2111/2530/2303
f 2111/2530/2303 2112/2527/2300 2029/2695/2444
f 2112/2527/2300 2113/3320/2975 2030/2696/2445
f 2030/2696/2445 2113/3320/2975 2114/2561/2334
f 2031/2697/2446 2114/2561/2334 2115/2560/2333
f 2032/2698/2447 2115/2560/2333 2116/2557/2330
f 2033/2699/2448 2116/2557/2330 2117/2700/2449
f 2034/2701/2450 2117/2700/2449 2118/2555/2328
f 2035/2702/2451 2118/2555/2328 2119/2552/2325
f 2036/2703/2452 2119/2552/2325 2120/2704/2453
f 2120/2704/2453 2121/2548/2321 2038/2706/2455
f 2121/2548/2321 2122/2547/2320 2039/2707/2456
f 2122/2547/2320 2105/2545/2318 2040/2687/2436
f 2624/2708/2049 2124/2207/1996 2123/2202/1991
f 2626/2710/2055 2125/2210/1999 2124/2207/1996
f 2622/2709/2046 2123/2202/1991 2126/2199/1988
f 2620/2711/2042 2126/2199/1988 2127/2196/1985
f 2618/2712/2043 2127/2196/1985 2128/2713/2457
f 2614/2715/2038 2616/2714/2041 2128/2713/2457
f 2612/2716/2033 2614/2715/2038 2129/2191/1980
f 2610/2717/2029 2612/2716/2033 2130/2188/1977
f 2610/2717/2029 2131/2185/1974 2132/2182/1971
f 2605/2719/2027 2608/2718/2030 2132/2182/1971
f 2604/2720/2024 2605/2719/2027 2133/2179/1968
f 2603/2721/2021 2604/2720/2024 2134/2230/2019
f 2640/2723/2074 2603/2721/2021 2135/2722/2458
f 2638/2724/2070 2640/2723/2074 2136/2228/2017
f 2636/2725/2066 2638/2724/2070 2137/2225/2014
f 2634/2726/2067 2636/2725/2066 2138/2222/2011
f 2634/2726/2067 2139/2727/2459 2140/2219/2008
f 2632/2728/2064 2140/2219/2008 2141/2216/2005
f 2630/2729/2061 2141/2216/2005 2142/2213/2002
f 2628/2730/2058 2142/2213/2002 2125/2210/1999
f 2145/2731/2460 2144/2734/2463 2143/2732/2461
f 2564/2175/1964 2565/2178/1967 2143/2732/2461
f 2565/2178/1967 2568/2181/1970 2147/2735/2464
f 2146/2733/2462 2143/2732/2461 2147/2735/2464
f 2568/2181/1970 2570/2184/1973 2149/2737/2466
f 2148/2736/2465 2147/2735/2464 2149/2737/2466
f 2572/2190/1979 2151/2740/2469 2149/2737/2466
f 2152/2739/2468 2150/2738/2467 2149/2737/2466
f 2574/2193/1982 2153/2742/2471 2151/2740/2469
f 2154/2741/2470 2152/2739/2468 2151/2740/2469
f 2576/2195/1984 2155/2744/2473 2153/2742/2471
f 2156/2743/2472 2154/2741/2470 2153/2742/2471
f 2576/2195/1984 2578/2198/1987 2157/2745/2474
f 2158/2746/2475 2156/2743/2472 2155/2744/2473
f 2580/2197/1986 2159/2748/2477 2157/2745/2474
f 2160/2747/2476 2158/2746/2475 2157/2745/2474
f 2582/2201/1990 2161/2750/2479 2159/2748/2477
f 2162/2749/2478 2160/2747/2476 2159/2748/2477
f 2584/2204/1993 2163/2752/2481 2161/2750/2479
f 2164/2751/2480 2162/2749/2478 2161/2750/2479
f 2586/2206/1995 2165/2753/2482 2163/2752/2481
f 2164/2751/2480 2163/2752/2481 2165/2753/2482
f 2166/2754/2483 2462/2804/2533 2443/2755/2484
f 2588/2209/1998 2167/2756/2485 2165/2753/2482
f 2166/2754/2483 2165/2753/2482 2167/2756/2485
f 2588/2209/1998 2590/2212/2001 2169/2758/2487
f 2168/2757/2486 2167/2756/2485 2169/2758/2487
f 2590/2212/2001 2592/2215/2004 2171/2760/2489
f 2170/2759/2488 2169/2758/2487 2171/2760/2489
f 2594/2218/2007 2173/2763/2492 2171/2760/2489
f 2174/2762/2491 2172/2761/2490 2171/2760/2489
f 2596/2221/2010 2175/2765/2494 2173/2763/2492
f 2176/2764/2493 2174/2762/2491 2173/2763/2492
f 2596/2221/2010 2598/2227/2016 2177/2766/2495
f 2178/2767/2496 2176/2764/2493 2175/2765/2494
f 2598/2227/2016 2600/2226/2015 2179/2768/2497
f 2178/2767/2496 2177/2766/2495 2179/2768/2497
f 2600/2226/2015 2563/2176/1965 2181/2770/2499
f 2180/2769/2498 2179/2768/2497 2181/2770/2499
f 2563/2176/1965 2564/2175/1964 2144/2734/2463
f 2182/2771/2500 2181/2770/2499 2144/2734/2463
f 2185/2772/2501 2184/2775/2504 2183/2773/2502
f 2184/2775/2504 2453/2827/2556 2452/2776/2505
f 2186/2774/2503 2183/2773/2502 2187/2777/2506
f 2183/2773/2502 2452/2776/2505 2451/2779/2508
f 2188/2778/2507 2187/2777/2506 2189/2780/2509
f 2451/2779/2508 2450/2784/2513 2189/2780/2509
f 2192/2782/2511 2190/2781/2510 2189/2780/2509
f 2450/2784/2513 2449/2787/2516 2191/2783/2512
f 2194/2785/2514 2192/2782/2511 2191/2783/2512
f 2449/2787/2516 2448/3048/2776 2193/2786/2515
f 2196/2788/2517 2194/2785/2514 2193/2786/2515
f 2193/2786/2515 2448/3048/2776 2447/2790/2519
f 2198/2791/2520 2196/2788/2517 2195/2789/2518
f 2195/2789/2518 2447/2790/2519 2446/2793/2522
f 2200/2794/2523 2198/2791/2520 2197/2792/2521
f 2197/2792/2521 2446/2793/2522 2445/2796/2525
f 2202/2797/2526 2200/2794/2523 2199/2795/2524
f 2199/2795/2524 2445/2796/2525 2444/2799/2528
f 2204/2800/2529 2202/2797/2526 2201/2798/2527
f 2201/2798/2527 2444/2799/2528 2443/2755/2484
f 2205/2802/2531 2246/2850/2579 2243/2803/2532
f 2462/2804/2533 2461/3051/2779 2207/2805/2534
f 2205/2802/2531 2206/2806/2535 2207/2805/2534
f 2208/2807/2536 2207/2805/2534 2209/2808/2537
f 2207/2805/2534 2461/3051/2779 2460/2810/2539
f 2212/2811/2540 2210/2809/2538 2209/2808/2537
f 2460/2810/2539 2459/3050/2778 2211/2812/2541
f 2214/2813/2542 2212/2811/2540 2211/2812/2541
f 2211/2812/2541 2459/3050/2778 2458/2815/2544
f 2214/2813/2542 2213/2814/2543 2215/2816/2545
f 2458/2815/2544 2457/3049/2777 2215/2816/2545
f 2216/2817/2546 2215/2816/2545 2217/2818/2547
f 2215/2816/2545 2457/3049/2777 2456/2820/2549
f 2218/2819/2548 2217/2818/2547 2219/2821/2550
f 2217/2818/2547 2456/2820/2549 2455/2823/2552
f 2220/2822/2551 2219/2821/2550 2221/2824/2553
f 2219/2821/2550 2455/2823/2552 2454/2826/2555
f 2221/2824/2553 2454/2826/2555 2453/2827/2556
f 2221/2824/2553 2184/2775/2504 2185/2772/2501
f 2226/2828/2557 2225/2867/2596 2224/2829/2558
f 2224/2829/2558 2185/2772/2501 2186/2774/2503
f 2228/2831/2560 2226/2828/2557 2223/2830/2559
f 2223/2830/2559 2186/2774/2503 2188/2778/2507
f 2228/2831/2560 2227/2832/2561 2229/2833/2562
f 2188/2778/2507 2190/2781/2510 2229/2833/2562
f 2230/2834/2563 2229/2833/2562 2231/2835/2564
f 2190/2781/2510 2192/2782/2511 2231/2835/2564
f 2232/2836/2565 2231/2835/2564 2233/2837/2566
f 2231/2835/2564 2192/2782/2511 2194/2785/2514
f 2236/2839/2568 2234/2838/2567 2233/2837/2566
f 2233/2837/2566 2194/2785/2514 2196/2788/2517
f 2236/2839/2568 2235/2840/2569 2237/2841/2570
f 2196/2788/2517 2198/2791/2520 2237/2841/2570
f 2240/2843/2572 2238/2842/2571 2237/2841/2570
f 2237/2841/2570 2198/2791/2520 2200/2794/2523
f 2242/2845/2574 2240/2843/2572 2239/2844/2573
f 2239/2844/2573 2200/2794/2523 2202/2797/2526
f 2244/2847/2576 2242/2845/2574 2241/2846/2575
f 2202/2797/2526 2204/2800/2529 2243/2803/2532
f 2286/2848/2577 2283/2897/2626 2244/2847/2576
f 2208/2807/2536 2247/2851/2580 2246/2850/2579
f 2245/2849/2578 2246/2850/2579 2247/2851/2580
f 2248/2852/2581 2247/2851/2580 2249/2853/2582
f 2208/2807/2536 2210/2809/2538 2249/2853/2582
f 2250/2854/2583 2249/2853/2582 2251/2855/2584
f 2249/2853/2582 2210/2809/2538 2212/2811/2540
f 2252/2856/2585 2251/2855/2584 2253/2857/2586
f 2212/2811/2540 2214/2813/2542 2253/2857/2586
f 2256/2859/2588 2254/2858/2587 2253/2857/2586
f 2253/2857/2586 2214/2813/2542 2216/2817/2546
f 2256/2859/2588 2255/2860/2589 2257/2861/2590
f 2255/2860/2589 2216/2817/2546 2218/2819/2548
f 2260/2863/2592 2258/2862/2591 2257/2861/2590
f 2257/2861/2590 2218/2819/2548 2220/2822/2551
f 2260/2863/2592 2259/2864/2593 2261/2865/2594
f 2259/2864/2593 2220/2822/2551 2222/2825/2554
f 2261/2865/2594 2222/2825/2554 2185/2772/2501
f 2262/2866/2595 2261/2865/2594 2224/2829/2558
f 2265/2868/2597 2264/2871/2600 2263/2869/2598
f 2225/2867/2596 2226/2828/2557 2263/2869/2598
f 2304/2872/2601 2303/2924/2653 2265/2868/2597
f 2266/2870/2599 2263/2869/2598 2267/2873/2602
f 2263/2869/2598 2226/2828/2557 2228/2831/2560
f 2305/2875/2604 2304/2872/2601 2266/2870/2599
f 2270/2876/2605 2268/2874/2603 2267/2873/2602
f 2228/2831/2560 2230/2834/2563 2269/2877/2606
f 2270/2876/2605 2306/2880/2609 2305/2875/2604
f 2272/2878/2607 2270/2876/2605 2269/2877/2606
f 2230/2834/2563 2232/2836/2565 2271/2879/2608
f 2272/2878/2607 2307/2883/2612 2306/2880/2609
f 2274/2881/2610 2272/2878/2607 2271/2879/2608
f 2232/2836/2565 2234/2838/2567 2273/2882/2611
f 2274/2881/2610 2308/2886/2615 2307/2883/2612
f 2276/2884/2613 2274/2881/2610 2273/2882/2611
f 2234/2838/2567 2236/2839/2568 2275/2885/2614
f 2276/2884/2613 2309/2929/2658 2308/2886/2615
f 2278/2887/2616 2276/2884/2613 2275/2885/2614
f 2236/2839/2568 2238/2842/2571 2277/2888/2617
f 2310/2889/2618 2309/2929/2658 2276/2884/2613
f 2280/2890/2619 2278/2887/2616 2277/2888/2617
f 2238/2842/2571 2240/2843/2572 2279/2891/2620
f 2311/2892/2621 2310/2889/2618 2278/2887/2616
f 2282/2893/2622 2280/2890/2619 2279/2891/2620
f 2240/2843/2572 2242/2845/2574 2281/2894/2623
f 2312/2895/2624 2311/2892/2621 2280/2890/2619
f 2284/2896/2625 2282/2893/2622 2281/2894/2623
f 2242/2845/2574 2244/2847/2576 2283/2897/2626
f 2284/2896/2625 2313/2933/2662 2312/2895/2624
f 2314/2898/2627 2313/2933/2662 2284/2896/2625
f 2245/2849/2578 2248/2852/2581 2287/2900/2629
f 2288/2901/2630 2285/2899/2628 2286/2848/2577
f 2288/2901/2630 2315/2904/2633 2314/2898/2627
f 2290/2902/2631 2288/2901/2630 2287/2900/2629
f 2248/2852/2581 2250/2854/2583 2289/2903/2632
f 2290/2902/2631 2316/2907/2636 2315/2904/2633
f 2290/2902/2631 2289/2903/2632 2291/2905/2634
f 2250/2854/2583 2252/2856/2585 2291/2905/2634
f 2292/2906/2635 2317/2910/2639 2316/2907/2636
f 2292/2906/2635 2291/2905/2634 2293/2908/2637
f 2291/2905/2634 2252/2856/2585 2254/2858/2587
f 2294/2909/2638 2318/2913/2642 2317/2910/2639
f 2294/2909/2638 2293/2908/2637 2295/2911/2640
f 2254/2858/2587 2256/2859/2588 2295/2911/2640
f 2296/2912/2641 2319/2916/2645 2318/2913/2642
f 2296/2912/2641 2295/2911/2640 2297/2914/2643
f 2295/2911/2640 2256/2859/2588 2258/2862/2591
f 2298/2915/2644 2320/2919/2648 2319/2916/2645
f 2300/2917/2646 2298/2915/2644 2297/2914/2643
f 2297/2914/2643 2258/2862/2591 2260/2863/2592
f 2300/2917/2646 2321/2922/2651 2320/2919/2648
f 2302/2920/2649 2300/2917/2646 2299/2918/2647
f 2299/2918/2647 2260/2863/2592 2262/2866/2595
f 2302/2920/2649 2322/2942/2671 2321/2922/2651
f 2262/2866/2595 2225/2867/2596 2264/2871/2600
f 2302/2920/2649 2301/2921/2650 2264/2871/2600
f 2324/2923/2652 2323/2944/2673 2303/2924/2653
f 2325/2925/2654 2324/2923/2652 2304/2872/2601
f 2326/2926/2655 2325/2925/2654 2305/2875/2604
f 2327/2927/2656 2326/2926/2655 2306/2880/2609
f 2328/2928/2657 2327/2927/2656 2307/2883/2612
f 2309/2929/2658 2329/2950/2679 2328/2928/2657
f 2330/2930/2659 2329/2950/2679 2309/2929/2658
f 2331/2931/2660 2330/2930/2659 2310/2889/2618
f 2332/2932/2661 2331/2931/2660 2311/2892/2621
f 2313/2933/2662 2333/2934/2663 2332/2932/2661
f 2314/2898/2627 2334/2954/2683 2333/2934/2663
f 2335/2935/2664 2334/2954/2683 2314/2898/2627
f 2336/2936/2665 2335/2935/2664 2315/2904/2633
f 2337/2937/2666 2336/2936/2665 2316/2907/2636
f 2318/2913/2642 2338/2938/2667 2337/2937/2666
f 2319/2916/2645 2339/2939/2668 2338/2938/2667
f 2320/2919/2648 2340/2940/2669 2339/2939/2668
f 2321/2922/2651 2341/2962/2691 2340/2940/2669
f 2342/2941/2670 2341/2962/2691 2321/2922/2651
f 2302/2920/2649 2265/2868/2597 2303/2924/2653
f 2324/2923/2652 2344/2945/2674 2343/2943/2672
f 2325/2925/2654 2345/2946/2675 2344/2945/2674
f 2326/2926/2655 2346/2966/2695 2345/2946/2675
f 2347/2947/2676 2346/2966/2695 2326/2926/2655
f 2348/2948/2677 2347/2947/2676 2327/2927/2656
f 2349/2949/2678 2348/2948/2677 2328/2928/2657
f 2350/2951/2680 2349/2949/2678 2329/2950/2679
f 2351/2952/2681 2350/2951/2680 2330/2930/2659
f 2352/2953/2682 2351/2952/2681 2331/2931/2660
f 2333/2934/2663 2353/2955/2684 2352/2953/2682
f 2334/2954/2683 2354/2956/2685 2353/2955/2684
f 2335/2935/2664 2355/2957/2686 2354/2956/2685
f 2336/2936/2665 2356/2975/2704 2355/2957/2686
f 2357/2958/2687 2356/2975/2704 2336/2936/2665
f 2338/2938/2667 2358/2978/2707 2357/2958/2687
f 2359/2959/2688 2358/2978/2707 2338/2938/2667
f 2360/2960/2689 2359/2959/2688 2339/2939/2668
f 2361/2961/2690 2360/2960/2689 2340/2940/2669
f 2342/2941/2670 2362/2981/2710 2361/2961/2690
f 2322/2942/2671 2303/2924/2653 2323/2944/2673
f 2344/2945/2674 2364/2983/2712 2363/2963/2692
f 2365/2964/2693 2364/2983/2712 2344/2945/2674
f 2366/2965/2694 2365/2964/2693 2345/2946/2675
f 2367/2967/2696 2366/2965/2694 2346/2966/2695
f 2348/2948/2677 2368/2968/2697 2367/2967/2696
f 2349/2949/2678 2369/2969/2698 2368/2968/2697
f 2350/2951/2680 2370/2990/2719 2369/2969/2698
f 2371/2970/2699 2370/2990/2719 2350/2951/2680
f 2372/2971/2700 2371/2970/2699 2351/2952/2681
f 2373/2972/2701 2372/2971/2700 2352/2953/2682
f 2354/2956/2685 2374/2994/2723 2373/2972/2701
f 2375/2973/2702 2374/2994/2723 2354/2956/2685
f 2376/2974/2703 2375/2973/2702 2355/2957/2686
f 2377/2976/2705 2376/2974/2703 2356/2975/2704
f 2378/2977/2706 2377/2976/2705 2357/2958/2687
f 2379/2979/2708 2378/2977/2706 2358/2978/2707
f 2360/2960/2689 2380/2980/2709 2379/2979/2708
f 2361/2961/2690 2381/2982/2711 2380/2980/2709
f 2362/2981/2710 2382/3001/2730 2381/2982/2711
f 2323/2944/2673 2343/2943/2672 2362/2981/2710
f 2364/2983/2712 2384/2985/2714 2383/2984/2713
f 2365/2964/2693 2385/3003/2732 2384/2985/2714
f 2386/2986/2715 2385/3003/2732 2365/2964/2693
f 2367/2967/2696 2387/2987/2716 2386/2986/2715
f 2368/2968/2697 2388/3006/2735 2387/2987/2716
f 2389/2988/2717 2388/3006/2735 2368/2968/2697
f 2390/2989/2718 2389/2988/2717 2369/2969/2698
f 2391/2991/2720 2390/2989/2718 2370/2990/2719
f 2392/2992/2721 2391/2991/2720 2371/2970/2699
f 2393/2993/2722 2392/2992/2721 2372/2971/2700
f 2374/2994/2723 2394/3012/2741 2393/2993/2722
f 2395/2995/2724 2394/3012/2741 2374/2994/2723
f 2376/2974/2703 2396/3014/2743 2395/2995/2724
f 2397/2996/2725 2396/3014/2743 2376/2974/2703
f 2378/2977/2706 2398/2997/2726 2397/2996/2725
f 2379/2979/2708 2399/2998/2727 2398/2997/2726
f 2380/2980/2709 2400/2999/2728 2399/2998/2727
f 2381/2982/2711 2401/3020/2749 2400/2999/2728
f 2402/3000/2729 2401/3020/2749 2381/2982/2711
f 2343/2943/2672 2363/2963/2692 2382/3001/2730
f 2384/2985/2714 2404/3004/2733 2403/3002/2731
f 2385/3003/2732 2405/3022/2751 2404/3004/2733
f 2406/3005/2734 2405/3022/2751 2385/3003/2732
f 2387/2987/2716 2407/3007/2736 2406/3005/2734
f 2388/3006/2735 2408/3025/2754 2407/3007/2736
f 2409/3008/2737 2408/3025/2754 2388/3006/2735
f 2390/2989/2718 2410/3009/2738 2409/3008/2737
f 2391/2991/2720 2411/3029/2758 2410/3009/2738
f 2412/3010/2739 2411/3029/2758 2391/2991/2720
f 2413/3011/2740 2412/3010/2739 2392/2992/2721
f 2394/3012/2741 2414/3013/2742 2413/3011/2740
f 2395/2995/2724 2415/3015/2744 2414/3013/2742
f 2396/3014/2743 2416/3034/2763 2415/3015/2744
f 2417/3016/2745 2416/3034/2763 2396/3014/2743
f 2398/2997/2726 2418/3037/2766 2417/3016/2745
f 2419/3017/2746 2418/3037/2766 2398/2997/2726
f 2420/3018/2747 2419/3017/2746 2399/2998/2727
f 2421/3019/2748 2420/3018/2747 2400/2999/2728
f 2402/3000/2729 2422/3040/2769 2421/3019/2748
f 2382/3001/2730 2363/2963/2692 2383/2984/2713
f 2404/3004/2733 2424/3023/2752 2423/3021/2750
f 2405/3022/2751 2425/3043/2771 2424/3023/2752
f 2426/3024/2753 2425/3043/2771 2405/3022/2751
f 2407/3007/2736 2427/3026/2755 2426/3024/2753
f 2408/3025/2754 2428/3044/2772 2427/3026/2755
f 2429/3027/2756 2428/3044/2772 2408/3025/2754
f 2410/3009/2738 2430/3045/2773 2429/3027/2756
f 2431/3028/2757 2430/3045/2773 2410/3009/2738
f 2432/3030/2759 2431/3028/2757 2411/3029/2758
f 2413/3011/2740 2433/3031/2760 2432/3030/2759
f 2414/3013/2742 2434/3046/2774 2433/3031/2760
f 2435/3032/2761 2434/3046/2774 2414/3013/2742
f 2436/3033/2762 2435/3032/2761 2415/3015/2744
f 2437/3035/2764 2436/3033/2762 2416/3034/2763
f 2438/3036/2765 2437/3035/2764 2417/3016/2745
f 2439/3038/2767 2438/3036/2765 2418/3037/2766
f 2440/3039/2768 2439/3038/2767 2419/3017/2746
f 2421/3019/2748 2441/3041/2770 2440/3039/2768
f 2422/3040/2769 2442/3047/2775 2441/3041/2770
f 2402/3000/2729 2383/2984/2713 2403/3002/2731
f 2422/3040/2769 2403/3002/2731 2423/3021/2750
f 2284/2896/2625 2283/2897/2626 2286/2848/2577
f 2245/2849/2578 2244/2847/2576 2243/2803/2532
f 2204/2800/2529 2203/2801/2530 2206/2806/2535
f 2444/2799/2528 2162/2749/2478 2164/2751/2480
f 2445/2796/2525 2160/2747/2476 2162/2749/2478
f 2158/2746/2475 2160/2747/2476 2445/2796/2525
f 2447/2790/2519 2156/2743/2472 2158/2746/2475
f 2448/3048/2776 2154/2741/2470 2156/2743/2472
f 2449/2787/2516 2152/2739/2468 2154/2741/2470
f 2450/2784/2513 2150/2738/2467 2152/2739/2468
f 2451/2779/2508 2148/2736/2465 2150/2738/2467
f 2146/2733/2462 2148/2736/2465 2451/2779/2508
f 2145/2731/2460 2146/2733/2462 2452/2776/2505
f 2454/2826/2555 2182/2771/2500 2145/2731/2460
f 2180/2769/2498 2182/2771/2500 2454/2826/2555
f 2178/2767/2496 2180/2769/2498 2455/2823/2552
f 2457/3049/2777 2176/2764/2493 2178/2767/2496
f 2174/2762/2491 2176/2764/2493 2457/3049/2777
f 2172/2761/2490 2174/2762/2491 2458/2815/2544
f 2170/2759/2488 2172/2761/2490 2459/3050/2778
f 2168/2757/2486 2170/2759/2488 2460/2810/2539
f 2166/2754/2483 2168/2757/2486 2461/3051/2779
f 2206/2806/2535 2203/2801/2530 2443/2755/2484
f 2464/3052/2780 2463/3054/2781 2002/2566/2339
f 2463/3054/2781 2465/3055/2782 2003/2578/2348
f 2466/3056/2783 2004/2582/2352 2003/2578/2348
f 2467/3057/2784 2005/2588/2357 2004/2582/2352
f 2467/3057/2784 2468/3058/2785 2006/2595/2362
f 2469/3059/2786 2007/2603/2367 2006/2602/2362
f 2469/3059/2786 2470/3061/2787 2008/2609/2372
f 2471/3062/2788 2009/2616/2377 2008/2609/2372
f 2472/3063/2789 2010/2622/2382 2009/2616/2377
f 2473/3064/2790 2011/2628/2387 2010/2622/2382
f 2474/3065/2791 2012/2635/2392 2011/2628/2387
f 2475/3066/2792 2013/2640/2397 2012/2635/2392
f 2475/3066/2792 2476/3067/2793 2014/2646/2402
f 2476/3067/2793 2477/3068/2794 2015/2652/2406
f 2478/3069/2795 2016/2657/2411 2015/2652/2406
f 2479/3070/2796 2017/2664/2416 2016/2657/2411
f 2479/3070/2796 2480/3071/2797 2018/2670/2421
f 2481/3072/2798 2019/2675/2426 2018/2670/2421
f 2482/3073/2799 2464/3052/2780 2001/2571/2342
f 2481/3072/2798 2482/3073/2799 2020/2680/2429
f 2070/3077/2802 2073/3202/2914 2483/3076/2801
f 2067/3079/2804 2070/3077/2802 2484/3075/2800
f 2486/3080/2805 2064/3193/2908 2067/3079/2804
f 2061/3082/2807 2064/3193/2908 2486/3080/2805
f 2058/3084/2809 2061/3082/2807 2487/3081/2806
f 2055/3086/2811 2058/3084/2809 2488/3083/2808
f 2052/3088/2813 2055/3086/2811 2489/3085/2810
f 2491/3089/2814 2049/3091/2816 2052/3088/2813
f 2492/3090/2815 2046/3163/2884 2049/3091/2816
f 2043/3093/2818 2046/3163/2884 2492/3090/2815
f 2100/3095/2820 2043/3093/2818 2493/3092/2817
f 2495/3096/2821 2097/3098/2823 2100/3095/2820
f 2496/3097/2822 2094/3100/2825 2097/3098/2823
f 2497/3099/2824 2091/3232/2938 2094/3100/2825
f 2088/3102/2827 2091/3232/2938 2497/3099/2824
f 2085/3104/2829 2088/3102/2827 2498/3101/2826
f 2500/3105/2830 2082/3214/2924 2085/3104/2829
f 2079/3107/2832 2082/3214/2924 2500/3105/2830
f 2502/3108/2833 2076/3109/2834 2079/3107/2832
f 2483/3076/2801 2073/3202/2914 2076/3109/2834
f 2045/3110/2835 2504/3113/2838 2503/3111/2836
f 2504/3113/2838 1981/2574/2345 1982/2585/2354
f 2102/3114/2839 2505/3115/2840 2504/3113/2838
f 2505/3115/2840 2000/2572/2343 1981/2574/2345
f 2048/3112/2837 2503/3111/2836 2506/3116/2841
f 2503/3111/2836 1982/2585/2354 1983/3118/2843
f 2051/3117/2842 2506/3116/2841 2507/3119/2844
f 2506/3116/2841 1983/3118/2843 1984/2591/2359
f 2054/3120/2845 2507/3119/2844 2508/3121/2846
f 2508/3121/2846 2507/3119/2844 1984/2591/2359
f 2057/3122/2847 2508/3121/2846 2509/3123/2848
f 2508/3121/2846 1985/2597/2364 1986/2605/2369
f 2063/3125/2850 2060/3182/2849 2509/3126/2848
f 2510/3127/2851 2509/3126/2848 1986/3128/2369
f 2063/3125/2850 2510/3127/2851 2511/3129/2852
f 2511/3129/2852 2510/3127/2851 1987/2612/2374
f 2069/3131/2854 2066/3130/2853 2511/3129/2852
f 2511/3129/2852 1988/2619/2379 1989/2625/2384
f 2072/3133/2856 2069/3131/2854 2512/3132/2855
f 2513/3134/2857 2512/3132/2855 1989/2625/2384
f 2075/3135/2858 2072/3133/2856 2513/3134/2857
f 2514/3136/2859 2513/3134/2857 1990/2631/2389
f 2078/3137/2860 2075/3135/2858 2514/3136/2859
f 2515/3138/2861 2514/3136/2859 1991/2637/2394
f 2078/3137/2860 2515/3138/2861 2516/3139/2862
f 2515/3138/2861 1992/2643/2399 1993/2654/2408
f 2081/3140/2863 2516/3139/2862 2517/3141/2864
f 2516/3139/2862 1993/2654/2408 1994/2660/2413
f 2087/3143/2866 2084/3142/2865 2517/3141/2864
f 2518/3144/2867 2517/3141/2864 1994/2660/2413
f 2087/3143/2866 2518/3144/2867 2519/3146/2869
f 2518/3144/2867 1995/3145/2868 1996/2666/2418
f 2093/3148/2871 2090/3147/2870 2519/3146/2869
f 2520/3149/2872 2519/3146/2869 1996/2666/2418
f 2096/3150/2873 2093/3148/2871 2520/3149/2872
f 2520/3149/2872 1997/2672/2423 1998/2678/2428
f 2099/3152/2875 2096/3150/2873 2521/3151/2874
f 2521/3151/2874 1998/2678/2428 1999/2682/2431
f 2102/3114/2839 2099/3152/2875 2522/3153/2876
f 2505/3115/2840 2522/3153/2876 1999/2682/2431
f 2524/3154/2877 2523/3156/2879 2043/3093/2818
f 2524/3154/2877 2101/3158/2881 2044/3155/2878
f 2526/3157/2880 2525/3161/2882 2044/3155/2878
f 2526/3159/2880 2102/3114/2839 2045/3110/2835
f 2048/3112/2837 2527/3322/2886 2525/3160/2882
f 2525/3161/2882 2527/3165/2886 2047/3162/2883
f 2047/3162/2883 2528/3168/2889 2523/3156/2879
f 2523/3156/2879 2528/3168/2889 2046/3163/2884
f 2529/3164/2885 2527/3322/2886 2048/3112/2837
f 2527/3165/2886 2529/3171/2885 2050/3166/2887
f 2530/3167/2888 2528/3168/2889 2047/3162/2883
f 2530/3167/2888 2049/3091/2816 2046/3163/2884
f 2531/3169/2890 2529/3164/2885 2051/3117/2842
f 2531/3170/2890 2053/3173/2892 2050/3166/2887
f 2532/3172/2891 2530/3167/2888 2050/3166/2887
f 2532/3172/2891 2052/3088/2813 2049/3091/2816
f 2533/3174/2893 2531/3169/2890 2054/3120/2845
f 2533/3175/2893 2056/3177/2895 2053/3173/2892
f 2534/3176/2894 2532/3172/2891 2053/3173/2892
f 2532/3172/2891 2534/3176/2894 2055/3086/2811
f 2060/3124/2849 2535/3323/2896 2533/3174/2893
f 2535/3178/2896 2059/3180/2898 2056/3177/2895
f 2536/3179/2897 2534/3176/2894 2056/3177/2895
f 2534/3176/2894 2536/3179/2897 2058/3084/2809
f 2537/3181/2899 2535/3324/2896 2060/3182/2849
f 2537/3183/2899 2062/3185/2901 2059/3180/2898
f 2538/3184/2900 2536/3179/2897 2059/3180/2898
f 2538/3184/2900 2061/3082/2807 2058/3084/2809
f 2539/3186/2902 2537/3181/2899 2063/3125/2850
f 2537/3183/2899 2539/3190/2902 2065/3187/2903
f 2065/3187/2903 2540/3188/2904 2538/3184/2900
f 2540/3188/2904 2064/3193/2908 2061/3082/2807
f 2541/3189/2905 2539/3186/2902 2066/3130/2853
f 2539/3190/2902 2541/3196/2905 2068/3191/2906
f 2542/3192/2907 2540/3188/2904 2065/3187/2903
f 2542/3192/2907 2067/3079/2804 2064/3193/2908
f 2543/3194/2909 2541/3189/2905 2069/3131/2854
f 2543/3195/2909 2071/3198/2911 2068/3191/2906
f 2544/3197/2910 2542/3192/2907 2068/3191/2906
f 2542/3192/2907 2544/3197/2910 2070/3077/2802
f 2545/3199/2912 2543/3194/2909 2072/3133/2856
f 2545/3200/2912 2074/3201/2913 2071/3198/2911
f 2074/3201/2913 2546/3206/2917 2544/3197/2910
f 2544/3197/2910 2546/3206/2917 2073/3202/2914
f 2547/3203/2915 2545/3199/2912 2075/3135/2858
f 2547/3204/2915 2077/3205/2916 2074/3201/2913
f 2077/3205/2916 2548/3207/2918 2546/3206/2917
f 2548/3207/2918 2076/3109/2834 2073/3202/2914
f 2081/3140/2863 2549/3210/2921 2547/3203/2915
f 2547/3204/2915 2549/3212/2921 2080/3208/2919
f 2080/3208/2919 2550/3209/2920 2548/3207/2918
f 2550/3209/2920 2079/3107/2832 2076/3109/2834
f 2084/3142/2865 2551/3325/2922 2549/3210/2921
f 2551/3211/2922 2083/3213/2923 2080/3208/2919
f 2083/3213/2923 2552/3218/2927 2550/3209/2920
f 2550/3209/2920 2552/3218/2927 2082/3214/2924
f 2553/3215/2925 2551/3325/2922 2084/3142/2865
f 2553/3216/2925 2086/3217/2926 2083/3213/2923
f 2086/3217/2926 2554/3223/2931 2552/3218/2927
f 2552/3218/2927 2554/3223/2931 2085/3104/2829
f 2555/3219/2928 2553/3215/2925 2087/3143/2866
f 2555/3220/2928 2089/3222/2930 2086/3217/2926
f 2556/3221/2929 2554/3223/2931 2086/3217/2926
f 2556/3221/2929 2088/3102/2827 2085/3104/2829
f 2557/3224/2932 2555/3219/2928 2090/3147/2870
f 2557/3225/2932 2092/3227/2934 2089/3222/2930
f 2558/3226/2933 2556/3221/2929 2089/3222/2930
f 2558/3226/2933 2091/3232/2938 2088/3102/2827
f 2559/3228/2935 2557/3224/2932 2093/3148/2871
f 2559/3229/2935 2095/3231/2937 2092/3227/2934
f 2560/3230/2936 2558/3226/2933 2092/3227/2934
f 2560/3230/2936 2094/3100/2825 2091/3232/2938
f 2561/3233/2939 2559/3228/2935 2096/3150/2873
f 2559/3229/2935 2561/3236/2939 2098/3234/2940
f 2562/3235/2941 2560/3230/2936 2095/3231/2937
f 2562/3235/2941 2097/3098/2823 2094/3100/2825
f 2526/3159/2880 2561/3233/2939 2099/3152/2875
f 2561/3236/2939 2526/3157/2880 2101/3158/2881
f 2101/3158/2881 2524/3154/2877 2562/3235/2941
f 2524/3154/2877 2100/3095/2820 2097/3098/2823
f 2943/3237/974 916/3265/974 915/3238/975
f 2944/3239/975 915/3238/975 928/3240/987
f 2945/3241/987 928/3240/987 927/3242/986
f 2946/3243/986 927/3242/986 926/3244/985
f 2947/3245/985 926/3244/985 925/3246/984
f 2948/3247/984 925/3246/984 924/3248/983
f 2950/3250/982 2949/3249/983 924/3248/983
f 2950/3252/982 923/3326/982 922/3253/981
f 2952/3255/980 2951/3254/981 922/3253/981
f 2952/3255/980 921/3256/980 920/3257/979
f 2954/3259/978 2953/3258/979 920/3257/979
f 2954/3259/978 919/3260/978 918/3261/977
f 2955/3262/977 918/3261/977 917/3263/976
f 2943/3237/974 2956/3264/976 917/3263/976
