<?xml version="1.0" encoding="utf-8"?>
<COLLADA xmlns="http://www.collada.org/2005/11/COLLADASchema" version="1.4.1">
  <asset>
    <contributor>
      <author>Mixamo</author>
      <authoring_tool>COLLADA Mixamo exporter</authoring_tool>
      <comments/>
    </contributor>
    <created>2026-01-14T01:27:29Z</created>
    <modified>2026-01-14T01:27:29Z</modified>
    <revision/>
    <title/>
    <unit meter="0.010000"/>
    <up_axis>Y_UP</up_axis>
  </asset>
  <library_animations>
    <animation id="mixamorig_Hips-anim" name="mixamorig_Hips">
      <source id="mixamorig_Hips-Matrix-animation-input">
        <float_array id="mixamorig_Hips-Matrix-animation-input-array" count="36">

0.000000 0.033333 0.066667 0.100000 0.133333 0.166667 0.200000 0.233333 0.266667 0.300000 0.333333 0.366667 0.400000 0.433333 0.466667 0.500000
0.533333 0.566667 0.600000 0.633333 0.666667 0.700000 0.733333 0.766667 0.800000 0.833333 0.866667 0.900000 0.933333 0.966667 1.000000 1.033333
1.066667 1.100000 1.133333 1.166667</float_array>
        <technique_common>
          <accessor source="#mixamorig_Hips-Matrix-animation-input-array" count="36">
            <param name="TIME" type="float"/>
          </accessor>
        </technique_common>
      </source>
      <source id="mixamorig_Hips-Matrix-animation-output-transform">
        <float_array id="mixamorig_Hips-Matrix-animation-output-transform-array" count="576">

0.766664 0.105034 -0.633399 1.200352 0.028649 0.979949 0.197178 94.387871 0.641409 -0.169315 0.748282 -1.535663 0.000000 0.000000 0.000000 1.000000
0.766635 0.104834 -0.633467 1.207557 0.028630 0.980019 0.196834 94.381195 0.641445 -0.169037 0.748315 -1.540519 0.000000 0.000000 0.000000 1.000000
0.766472 0.104879 -0.633657 1.212511 0.028494 0.980054 0.196679 94.373665 0.641646 -0.168805 0.748195 -1.548391 0.000000 0.000000 0.000000 1.000000
0.766186 0.105182 -0.633952 1.211182 0.028260 0.980045 0.196758 94.365044 0.641997 -0.168669 0.747924 -1.557214 0.000000 0.000000 0.000000 1.000000
0.765863 0.105633 -0.634268 1.199213 0.028003 0.979999 0.197025 94.356903 0.642394 -0.168655 0.747586 -1.562796 0.000000 0.000000 0.000000 1.000000
0.765453 0.106164 -0.634674 1.175245 0.027894 0.979895 0.197552 94.349693 0.642887 -0.168920 0.747103 -1.559612 0.000000 0.000000 0.000000 1.000000
0.764812 0.106819 -0.635336 1.140859 0.028281 0.979642 0.198751 94.340485 0.643632 -0.169975 0.746221 -1.543448 0.000000 0.000000 0.000000 1.000000
0.763760 0.107617 -0.636467 1.097587 0.029592 0.979131 0.201066 94.327835 0.644822 -0.172401 0.744636 -1.517383 0.000000 0.000000 0.000000 1.000000
0.762153 0.108388 -0.638259 1.047128 0.032067 0.978355 0.204434 94.319427 0.646602 -0.176277 0.742181 -1.495474 0.000000 0.000000 0.000000 1.000000
0.760340 0.108939 -0.640324 0.994457 0.035421 0.977413 0.208348 94.328995 0.648559 -0.181096 0.739308 -1.500019 0.000000 0.000000 0.000000 1.000000
0.759307 0.109325 -0.641483 0.946383 0.038825 0.976420 0.212362 94.362343 0.649573 -0.186153 0.737158 -1.552452 0.000000 0.000000 0.000000 1.000000
0.759872 0.109731 -0.640745 0.907373 0.041441 0.975469 0.216199 94.407883 0.648750 -0.190837 0.736685 -1.659270 0.000000 0.000000 0.000000 1.000000
0.761960 0.110144 -0.638189 0.877603 0.042922 0.974676 0.219464 94.443184 0.646200 -0.194615 0.737937 -1.804032 0.000000 0.000000 0.000000 1.000000
0.764827 0.110333 -0.634718 0.855363 0.043337 0.974182 0.221564 94.454185 0.642777 -0.196965 0.740299 -1.958080 0.000000 0.000000 0.000000 1.000000
0.767692 0.110180 -0.631276 0.840237 0.042843 0.974079 0.222113 94.443893 0.639386 -0.197560 0.743072 -2.099262 0.000000 0.000000 0.000000 1.000000
0.770150 0.109863 -0.628330 0.833049 0.041578 0.974315 0.221320 94.422417 0.636506 -0.196574 0.745801 -2.217714 0.000000 0.000000 0.000000 1.000000
0.772230 0.109596 -0.625819 0.834848 0.039770 0.974740 0.219773 94.395027 0.634097 -0.194604 0.748365 -2.309783 0.000000 0.000000 0.000000 1.000000
0.774111 0.109374 -0.623530 0.846043 0.037784 0.975223 0.217973 94.363777 0.631921 -0.192295 0.750798 -2.374985 0.000000 0.000000 0.000000 1.000000
0.775838 0.109087 -0.621430 0.864191 0.036003 0.975680 0.216222 94.335266 0.629904 -0.190127 0.753042 -2.417034 0.000000 0.000000 0.000000 1.000000
0.777314 0.108682 -0.619654 0.884587 0.034689 0.976062 0.214708 94.318687 0.628155 -0.188391 0.754937 -2.440888 0.000000 0.000000 0.000000 1.000000
0.778427 0.108156 -0.618348 0.904453 0.033889 0.976368 0.213439 94.317200 0.626820 -0.187102 0.756366 -2.447375 0.000000 0.000000 0.000000 1.000000
0.779055 0.107575 -0.617658 0.924593 0.033380 0.976656 0.212202 94.326248 0.626067 -0.185934 0.757277 -2.432084 0.000000 0.000000 0.000000 1.000000
0.779029 0.107072 -0.617778 0.946708 0.032837 0.976991 0.210738 94.338959 0.626128 -0.184456 0.757588 -2.389815 0.000000 0.000000 0.000000 1.000000
0.778180 0.106737 -0.618905 0.971323 0.032139 0.977393 0.208973 94.350395 0.627219 -0.182509 0.757157 -2.319129 0.000000 0.000000 0.000000 1.000000
0.776507 0.106559 -0.621033 0.998319 0.031421 0.977822 0.207066 94.358704 0.629324 -0.180302 0.755938 -2.223892 0.000000 0.000000 0.000000 1.000000
0.774369 0.106463 -0.623713 1.027410 0.030803 0.978231 0.205220 94.364510 0.631984 -0.178129 0.754232 -2.113074 0.000000 0.000000 0.000000 1.000000
0.772265 0.106357 -0.626335 1.058715 0.030252 0.978612 0.203477 94.369484 0.634580 -0.176086 0.752530 -1.994938 0.000000 0.000000 0.000000 1.000000
0.770414 0.106150 -0.628645 1.093784 0.029723 0.978989 0.201733 94.374878 0.636851 -0.174103 0.751072 -1.870501 0.000000 0.000000 0.000000 1.000000
0.768994 0.105866 -0.630429 1.127255 0.029314 0.979314 0.200210 94.379822 0.638584 -0.172440 0.749983 -1.759207 0.000000 0.000000 0.000000 1.000000
0.768246 0.105647 -0.631377 1.147865 0.029121 0.979499 0.199331 94.382690 0.639492 -0.171522 0.749420 -1.693982 0.000000 0.000000 0.000000 1.000000
0.767867 0.105501 -0.631863 1.159734 0.029033 0.979601 0.198844 94.384140 0.639952 -0.171031 0.749140 -1.657677 0.000000 0.000000 0.000000 1.000000
0.767550 0.105371 -0.632269 1.169944 0.028957 0.979689 0.198422 94.385300 0.640334 -0.170608 0.748909 -1.626455 0.000000 0.000000 0.000000 1.000000
0.767292 0.105253 -0.632602 1.178741 0.028895 0.979764 0.198062 94.386246 0.640647 -0.170250 0.748723 -1.599843 0.000000 0.000000 0.000000 1.000000
0.767060 0.105118 -0.632905 1.187172 0.028853 0.979836 0.197708 94.387009 0.640926 -0.169915 0.748560 -1.574231 0.000000 0.000000 0.000000 1.000000
0.766848 0.104968 -0.633187 1.195278 0.028830 0.979907 0.197362 94.387695 0.641180 -0.169602 0.748414 -1.549548 0.000000 0.000000 0.000000 1.000000
0.766739 0.104885 -0.633333 1.199570 0.028821 0.979944 0.197178 94.388023 0.641311 -0.169437 0.748339 -1.536430 0.000000 0.000000 0.000000 1.000000</float_array>
        <technique_common>
          <accessor source="#mixamorig_Hips-Matrix-animation-output-transform-array" count="36" stride="16">
            <param type="float4x4"/>
          </accessor>
        </technique_common>
      </source>
      <source id="mixamorig_Hips-Interpolations">
        <Name_array id="mixamorig_Hips-Interpolations-array" count="36">
 LINEAR LINEAR LINEAR LINEAR LINEAR LINEAR LINEAR LINEAR LINEAR LINEAR LINEAR
LINEAR LINEAR LINEAR LINEAR LINEAR LINEAR LINEAR LINEAR LINEAR LINEAR LINEAR LINEAR
LINEAR LINEAR LINEAR LINEAR LINEAR LINEAR LINEAR LINEAR LINEAR LINEAR LINEAR LINEAR
LINEAR</Name_array>
        <technique_common>
          <accessor source="#mixamorig_Hips-Interpolations-array" count="36">
            <param type="name"/>
          </accessor>
        </technique_common>
      </source>
      <sampler id="mixamorig_Hips-Matrix-animation-transform">
        <input semantic="INPUT" source="#mixamorig_Hips-Matrix-animation-input"/>
        <input semantic="OUTPUT" source="#mixamorig_Hips-Matrix-animation-output-transform"/>
        <input semantic="INTERPOLATION" source="#mixamorig_Hips-Interpolations"/>
      </sampler>
      <channel source="#mixamorig_Hips-Matrix-animation-transform" target="mixamorig_Hips/matrix"/>
    </animation>
    <animation id="mixamorig_Spine-anim" name="mixamorig_Spine">
      <source id="mixamorig_Spine-Matrix-animation-input">
        <float_array id="mixamorig_Spine-Matrix-animation-input-array" count="36">

0.000000 0.033333 0.066667 0.100000 0.133333 0.166667 0.200000 0.233333 0.266667 0.300000 0.333333 0.366667 0.400000 0.433333 0.466667 0.500000
0.533333 0.566667 0.600000 0.633333 0.666667 0.700000 0.733333 0.766667 0.800000 0.833333 0.866667 0.900000 0.933333 0.966667 1.000000 1.033333
1.066667 1.100000 1.133333 1.166667</float_array>
        <technique_common>
          <accessor source="#mixamorig_Spine-Matrix-animation-input-array" count="36">
            <param name="TIME" type="float"/>
          </accessor>
        </technique_common>
      </source>
      <source id="mixamorig_Spine-Matrix-animation-output-transform">
        <float_array id="mixamorig_Spine-Matrix-animation-output-transform-array" count="576">

0.999976 0.006856 -0.000400 -0.000000 -0.006857 0.993421 -0.114316 14.658800 -0.000386 0.114316 0.993444 0.000000 0.000000 0.000000 0.000000 1.000000
0.999978 0.006636 -0.000788 0.000000 -0.006683 0.993422 -0.114316 14.658800 0.000024 0.114319 0.993444 -0.000000 0.000000 0.000000 0.000000 1.000000
0.999980 0.006248 -0.000881 0.000000 -0.006307 0.993424 -0.114323 14.658800 0.000161 0.114326 0.993443 0.000000 0.000000 0.000000 0.000000 1.000000
0.999984 0.005692 -0.000742 -0.000000 -0.005740 0.993432 -0.114282 14.658800 0.000087 0.114284 0.993448 -0.000000 0.000000 0.000000 0.000000 1.000000
0.999987 0.005135 -0.000716 0.000000 -0.005183 0.993448 -0.114168 14.658800 0.000126 0.114170 0.993461 -0.000000 0.000000 0.000000 0.000000 1.000000
0.999988 0.004605 -0.001395 0.000000 -0.004734 0.993484 -0.113877 14.658800 0.000862 0.113882 0.993494 0.000000 0.000000 0.000000 0.000000 1.000000
0.999989 0.003715 -0.002944 -0.000000 -0.004024 0.993587 -0.112999 14.658800 0.002506 0.113010 0.993591 0.000000 0.000000 0.000000 0.000000 1.000000
0.999986 0.002131 -0.004844 0.000000 -0.002657 0.993778 -0.111346 14.658800 0.004576 0.111357 0.993770 -0.000000 0.000000 0.000000 0.000000 1.000000
0.999977 0.000292 -0.006731 0.000000 -0.001028 0.993977 -0.109580 14.658800 0.006659 0.109584 0.993955 0.000000 0.000000 0.000000 0.000000 1.000000
0.999964 -0.000856 -0.008441 0.000000 -0.000066 0.994082 -0.108636 14.658800 0.008484 0.108633 0.994046 -0.000000 0.000000 0.000000 0.000000 1.000000
0.999955 -0.000781 -0.009432 -0.000000 -0.000250 0.994066 -0.108780 14.658800 0.009461 0.108777 0.994021 -0.000000 0.000000 0.000000 0.000000 1.000000
0.999956 0.000267 -0.009357 -0.000000 -0.001291 0.993972 -0.109629 14.658800 0.009271 0.109636 0.993929 0.000000 0.000000 0.000000 0.000000 1.000000
0.999961 0.001603 -0.008655 0.000000 -0.002552 0.993848 -0.110724 14.658800 0.008425 0.110741 0.993814 0.000000 0.000000 0.000000 0.000000 1.000000
0.999965 0.002539 -0.007978 0.000000 -0.003414 0.993737 -0.111693 14.658800 0.007644 0.111716 0.993711 -0.000000 0.000000 0.000000 0.000000 1.000000
0.999968 0.002603 -0.007508 0.000000 -0.003429 0.993679 -0.112205 14.658800 0.007169 0.112227 0.993657 0.000000 0.000000 0.000000 0.000000 1.000000
0.999974 0.001679 -0.007010 -0.000000 -0.002455 0.993683 -0.112197 14.658800 0.006778 0.112211 0.993661 0.000000 0.000000 0.000000 0.000000 1.000000
0.999980 0.000082 -0.006278 -0.000000 -0.000785 0.993708 -0.112001 14.658800 0.006229 0.112004 0.993688 0.000000 0.000000 0.000000 0.000000 1.000000
0.999984 -0.001569 -0.005464 -0.000000 0.000947 0.993713 -0.111953 14.658800 0.005605 0.111946 0.993699 -0.000000 0.000000 0.000000 0.000000 1.000000
0.999984 -0.002662 -0.004949 0.000000 0.002090 0.993695 -0.112098 14.658800 0.005216 0.112086 0.993685 0.000000 0.000000 0.000000 0.000000 1.000000
0.999984 -0.002923 -0.004907 0.000000 0.002354 0.993663 -0.112375 14.658800 0.005205 0.112361 0.993654 -0.000000 0.000000 0.000000 0.000000 1.000000
0.999983 -0.002548 -0.005160 -0.000000 0.001950 0.993619 -0.112769 14.658800 0.005415 0.112758 0.993608 0.000000 0.000000 0.000000 0.000000 1.000000
0.999984 -0.001848 -0.005346 0.000000 0.001231 0.993567 -0.113235 14.658800 0.005521 0.113227 0.993554 0.000000 0.000000 0.000000 0.000000 1.000000
0.999987 -0.000856 -0.005108 0.000000 0.000270 0.993524 -0.113619 14.658800 0.005172 0.113616 0.993511 -0.000000 0.000000 0.000000 0.000000 1.000000
0.999990 0.000351 -0.004352 0.000000 -0.000844 0.993503 -0.113805 14.658800 0.004284 0.113808 0.993494 0.000000 0.000000 0.000000 0.000000 1.000000
0.999993 0.001323 -0.003390 0.000000 -0.001700 0.993497 -0.113848 14.658800 0.003217 0.113853 0.993492 0.000000 0.000000 0.000000 0.000000 1.000000
0.999995 0.001832 -0.002593 0.000000 -0.002115 0.993496 -0.113845 14.658800 0.002367 0.113850 0.993495 0.000000 0.000000 0.000000 0.000000 1.000000
0.999995 0.002337 -0.002073 -0.000000 -0.002558 0.993497 -0.113826 14.658800 0.001794 0.113831 0.993499 0.000000 0.000000 0.000000 0.000000 1.000000
0.999993 0.003352 -0.001747 0.000000 -0.003529 0.993494 -0.113826 14.658800 0.001354 0.113831 0.993499 0.000000 0.000000 0.000000 0.000000 1.000000
0.999988 0.004564 -0.001496 0.000000 -0.004705 0.993483 -0.113884 14.658800 0.000966 0.113890 0.993493 0.000000 0.000000 0.000000 0.000000 1.000000
0.999985 0.005301 -0.001296 0.000000 -0.005415 0.993470 -0.113964 14.658800 0.000684 0.113969 0.993484 0.000000 0.000000 0.000000 0.000000 1.000000
0.999983 0.005682 -0.001133 0.000000 -0.005774 0.993461 -0.114030 14.658800 0.000478 0.114035 0.993477 0.000000 0.000000 0.000000 0.000000 1.000000
0.999982 0.006002 -0.000977 0.000000 -0.006074 0.993452 -0.114090 14.658800 0.000286 0.114093 0.993470 0.000000 0.000000 0.000000 0.000000 1.000000
0.999980 0.006266 -0.000830 -0.000000 -0.006320 0.993444 -0.114144 14.658800 0.000109 0.114147 0.993464 0.000000 0.000000 0.000000 0.000000 1.000000
0.999979 0.006510 -0.000666 0.000000 -0.006544 0.993436 -0.114202 14.658800 -0.000082 0.114204 0.993457 0.000000 0.000000 0.000000 0.000000 1.000000
0.999977 0.006740 -0.000494 0.000000 -0.006753 0.993428 -0.114259 14.658800 -0.000279 0.114260 0.993451 0.000000 0.000000 0.000000 0.000000 1.000000
0.999976 0.006860 -0.000400 0.000000 -0.006861 0.993424 -0.114290 14.658800 -0.000387 0.114290 0.993447 0.000000 0.000000 0.000000 0.000000 1.000000</float_array>
        <technique_common>
          <accessor source="#mixamorig_Spine-Matrix-animation-output-transform-array" count="36" stride="16">
            <param type="float4x4"/>
          </accessor>
        </technique_common>
      </source>
      <source id="mixamorig_Spine-Interpolations">
        <Name_array id="mixamorig_Spine-Interpolations-array" count="36">
 LINEAR LINEAR LINEAR LINEAR LINEAR LINEAR LINEAR LINEAR LINEAR LINEAR LINEAR
LINEAR LINEAR LINEAR LINEAR LINEAR LINEAR LINEAR LINEAR LINEAR LINEAR LINEAR LINEAR
LINEAR LINEAR LINEAR LINEAR LINEAR LINEAR LINEAR LINEAR LINEAR LINEAR LINEAR LINEAR
LINEAR</Name_array>
        <technique_common>
          <accessor source="#mixamorig_Spine-Interpolations-array" count="36">
            <param type="name"/>
          </accessor>
        </technique_common>
      </source>
      <sampler id="mixamorig_Spine-Matrix-animation-transform">
        <input semantic="INPUT" source="#mixamorig_Spine-Matrix-animation-input"/>
        <input semantic="OUTPUT" source="#mixamorig_Spine-Matrix-animation-output-transform"/>
        <input semantic="INTERPOLATION" source="#mixamorig_Spine-Interpolations"/>
      </sampler>
      <channel source="#mixamorig_Spine-Matrix-animation-transform" target="mixamorig_Spine/matrix"/>
    </animation>
    <animation id="mixamorig_Spine1-anim" name="mixamorig_Spine1">
      <source id="mixamorig_Spine1-Matrix-animation-input">
        <float_array id="mixamorig_Spine1-Matrix-animation-input-array" count="36">

0.000000 0.033333 0.066667 0.100000 0.133333 0.166667 0.200000 0.233333 0.266667 0.300000 0.333333 0.366667 0.400000 0.433333 0.466667 0.500000
0.533333 0.566667 0.600000 0.633333 0.666667 0.700000 0.733333 0.766667 0.800000 0.833333 0.866667 0.900000 0.933333 0.966667 1.000000 1.033333
1.066667 1.100000 1.133333 1.166667</float_array>
        <technique_common>
          <accessor source="#mixamorig_Spine1-Matrix-animation-input-array" count="36">
            <param name="TIME" type="float"/>
          </accessor>
        </technique_common>
      </source>
      <source id="mixamorig_Spine1-Matrix-animation-output-transform">
        <float_array id="mixamorig_Spine1-Matrix-animation-output-transform-array" count="576">

0.999913 0.012950 -0.002503 0.000000 -0.013094 0.951669 -0.306845 10.372600 -0.001592 0.306851 0.951756 0.000000 0.000000 0.000000 0.000000 1.000000
0.999915 0.012768 -0.002497 -0.000000 -0.012918 0.951673 -0.306841 10.372600 -0.001542 0.306847 0.951758 -0.000000 0.000000 0.000000 0.000000 1.000000
0.999917 0.012606 -0.002496 0.000000 -0.012764 0.951672 -0.306850 10.372600 -0.001493 0.306856 0.951755 0.000000 0.000000 0.000000 0.000000 1.000000
0.999919 0.012478 -0.002490 0.000000 -0.012640 0.951677 -0.306842 10.372600 -0.001459 0.306848 0.951757 0.000000 0.000000 0.000000 0.000000 1.000000
0.999921 0.012286 -0.002474 0.000000 -0.012453 0.951757 -0.306600 10.372600 -0.001412 0.306607 0.951835 -0.000000 0.000000 0.000000 0.000000 1.000000
0.999926 0.011933 -0.002552 0.000000 -0.012141 0.951968 -0.305955 10.372600 -0.001222 0.305964 0.952042 0.000000 0.000000 0.000000 0.000000 1.000000
0.999929 0.011563 -0.002851 0.000000 -0.011882 0.952223 -0.305173 10.372600 -0.000814 0.305185 0.952293 -0.000000 0.000000 0.000000 0.000000 1.000000
0.999930 0.011331 -0.003305 0.000000 -0.011799 0.952372 -0.304710 10.372600 -0.000306 0.304727 0.952440 0.000000 0.000000 0.000000 0.000000 1.000000
0.999933 0.011004 -0.003701 0.000000 -0.011608 0.952407 -0.304608 10.372600 0.000173 0.304631 0.952471 0.000000 0.000000 0.000000 0.000000 1.000000
0.999939 0.010373 -0.003905 0.000000 -0.011070 0.952417 -0.304597 10.372600 0.000559 0.304622 0.952473 -0.000000 0.000000 0.000000 0.000000 1.000000
0.999945 0.009757 -0.003933 -0.000000 -0.010491 0.952430 -0.304576 10.372600 0.000774 0.304600 0.952480 0.000000 0.000000 0.000000 0.000000 1.000000
0.999947 0.009563 -0.003873 0.000000 -0.010289 0.952418 -0.304622 10.372600 0.000776 0.304646 0.952465 -0.000000 0.000000 0.000000 0.000000 1.000000
0.999945 0.009772 -0.003788 -0.000000 -0.010461 0.952356 -0.304808 10.372600 0.000629 0.304831 0.952406 0.000000 0.000000 0.000000 0.000000 1.000000
0.999942 0.010104 -0.003714 -0.000000 -0.010755 0.952254 -0.305119 10.372600 0.000454 0.305141 0.952307 0.000000 0.000000 0.000000 0.000000 1.000000
0.999940 0.010348 -0.003662 -0.000000 -0.010972 0.952140 -0.305464 10.372600 0.000326 0.305486 0.952197 0.000000 0.000000 0.000000 0.000000 1.000000
0.999939 0.010459 -0.003608 -0.000000 -0.011061 0.952046 -0.305754 10.372600 0.000237 0.305775 0.952104 -0.000000 0.000000 0.000000 0.000000 1.000000
0.999939 0.010493 -0.003509 0.000000 -0.011063 0.951987 -0.305939 10.372600 0.000131 0.305959 0.952045 0.000000 0.000000 0.000000 0.000000 1.000000
0.999940 0.010450 -0.003344 0.000000 -0.010972 0.951956 -0.306040 10.372600 -0.000015 0.306058 0.952013 0.000000 0.000000 0.000000 0.000000 1.000000
0.999942 0.010289 -0.003162 -0.000000 -0.010763 0.951937 -0.306105 10.372600 -0.000139 0.306122 0.951992 0.000000 0.000000 0.000000 0.000000 1.000000
0.999944 0.010125 -0.003038 0.000000 -0.010569 0.951927 -0.306144 10.372600 -0.000208 0.306159 0.951980 0.000000 0.000000 0.000000 0.000000 1.000000
0.999944 0.010172 -0.002991 -0.000000 -0.010599 0.951922 -0.306158 10.372600 -0.000268 0.306173 0.951976 -0.000000 0.000000 0.000000 0.000000 1.000000
0.999941 0.010447 -0.002984 0.000000 -0.010859 0.951917 -0.306163 10.372600 -0.000358 0.306178 0.951974 0.000000 0.000000 0.000000 0.000000 1.000000
0.999938 0.010766 -0.002964 -0.000000 -0.011156 0.951912 -0.306168 10.372600 -0.000475 0.306182 0.951973 -0.000000 0.000000 0.000000 0.000000 1.000000
0.999935 0.011040 -0.002908 0.000000 -0.011401 0.951902 -0.306189 10.372600 -0.000612 0.306203 0.951966 -0.000000 0.000000 0.000000 0.000000 1.000000
0.999931 0.011387 -0.002848 -0.000000 -0.011712 0.951880 -0.306248 10.372600 -0.000776 0.306261 0.951947 0.000000 0.000000 0.000000 0.000000 1.000000
0.999926 0.011859 -0.002828 0.000000 -0.012156 0.951844 -0.306342 10.372600 -0.000941 0.306354 0.951917 0.000000 0.000000 0.000000 0.000000 1.000000
0.999921 0.012273 -0.002840 -0.000000 -0.012553 0.951804 -0.306448 10.372600 -0.001057 0.306460 0.951883 0.000000 0.000000 0.000000 0.000000 1.000000
0.999918 0.012453 -0.002849 0.000000 -0.012726 0.951768 -0.306555 10.372600 -0.001106 0.306566 0.951849 0.000000 0.000000 0.000000 0.000000 1.000000
0.999918 0.012488 -0.002848 0.000000 -0.012760 0.951736 -0.306652 10.372600 -0.001119 0.306663 0.951817 0.000000 0.000000 0.000000 0.000000 1.000000
0.999917 0.012528 -0.002849 0.000000 -0.012798 0.951717 -0.306710 10.372600 -0.001131 0.306722 0.951799 -0.000000 0.000000 0.000000 0.000000 1.000000
0.999917 0.012589 -0.002851 -0.000000 -0.012857 0.951707 -0.306737 10.372600 -0.001148 0.306748 0.951790 0.000000 0.000000 0.000000 0.000000 1.000000
0.999916 0.012653 -0.002853 0.000000 -0.012918 0.951701 -0.306753 10.372600 -0.001166 0.306764 0.951785 0.000000 0.000000 0.000000 0.000000 1.000000
0.999915 0.012718 -0.002855 0.000000 -0.012981 0.951697 -0.306763 10.372600 -0.001184 0.306774 0.951782 0.000000 0.000000 0.000000 0.000000 1.000000
0.999914 0.012795 -0.002858 0.000000 -0.013055 0.951695 -0.306766 10.372600 -0.001206 0.306777 0.951781 -0.000000 0.000000 0.000000 0.000000 1.000000
0.999913 0.012878 -0.002860 0.000000 -0.013135 0.951694 -0.306766 10.372600 -0.001229 0.306777 0.951781 0.000000 0.000000 0.000000 0.000000 1.000000
0.999912 0.012925 -0.002861 0.000000 -0.013179 0.951694 -0.306765 10.372600 -0.001242 0.306776 0.951781 0.000000 0.000000 0.000000 0.000000 1.000000</float_array>
        <technique_common>
          <accessor source="#mixamorig_Spine1-Matrix-animation-output-transform-array" count="36" stride="16">
            <param type="float4x4"/>
          </accessor>
        </technique_common>
      </source>
      <source id="mixamorig_Spine1-Interpolations">
        <Name_array id="mixamorig_Spine1-Interpolations-array" count="36">
 LINEAR LINEAR LINEAR LINEAR LINEAR LINEAR LINEAR LINEAR LINEAR LINEAR LINEAR
LINEAR LINEAR LINEAR LINEAR LINEAR LINEAR LINEAR LINEAR LINEAR LINEAR LINEAR LINEAR
LINEAR LINEAR LINEAR LINEAR LINEAR LINEAR LINEAR LINEAR LINEAR LINEAR LINEAR LINEAR
LINEAR</Name_array>
        <technique_common>
          <accessor source="#mixamorig_Spine1-Interpolations-array" count="36">
            <param type="name"/>
          </accessor>
        </technique_common>
      </source>
      <sampler id="mixamorig_Spine1-Matrix-animation-transform">
        <input semantic="INPUT" source="#mixamorig_Spine1-Matrix-animation-input"/>
        <input semantic="OUTPUT" source="#mixamorig_Spine1-Matrix-animation-output-transform"/>
        <input semantic="INTERPOLATION" source="#mixamorig_Spine1-Interpolations"/>
      </sampler>
      <channel source="#mixamorig_Spine1-Matrix-animation-transform" target="mixamorig_Spine1/matrix"/>
    </animation>
    <animation id="mixamorig_Spine2-anim" name="mixamorig_Spine2">
      <source id="mixamorig_Spine2-Matrix-animation-input">
        <float_array id="mixamorig_Spine2-Matrix-animation-input-array" count="36">

0.000000 0.033333 0.066667 0.100000 0.133333 0.166667 0.200000 0.233333 0.266667 0.300000 0.333333 0.366667 0.400000 0.433333 0.466667 0.500000
0.533333 0.566667 0.600000 0.633333 0.666667 0.700000 0.733333 0.766667 0.800000 0.833333 0.866667 0.900000 0.933333 0.966667 1.000000 1.033333
1.066667 1.100000 1.133333 1.166667</float_array>
        <technique_common>
          <accessor source="#mixamorig_Spine2-Matrix-animation-input-array" count="36">
            <param name="TIME" type="float"/>
          </accessor>
        </technique_common>
      </source>
      <source id="mixamorig_Spine2-Matrix-animation-output-transform">
        <float_array id="mixamorig_Spine2-Matrix-animation-output-transform-array" count="576">

0.999915 0.012603 -0.003223 0.000000 -0.013009 0.968625 -0.248186 10.089500 -0.000006 0.248207 0.968707 0.000000 0.000000 0.000000 0.000000 1.000000
0.999917 0.012443 -0.003223 -0.000000 -0.012853 0.968628 -0.248182 10.089500 0.000034 0.248202 0.968708 0.000000 0.000000 0.000000 0.000000 1.000000
0.999919 0.012291 -0.003196 -0.000000 -0.012700 0.968628 -0.248191 10.089500 0.000045 0.248212 0.968706 0.000000 0.000000 0.000000 0.000000 1.000000
0.999921 0.012166 -0.003133 0.000000 -0.012563 0.968632 -0.248183 10.089500 0.000015 0.248202 0.968708 0.000000 0.000000 0.000000 0.000000 1.000000
0.999924 0.011976 -0.003087 -0.000000 -0.012367 0.968697 -0.247937 10.089500 0.000021 0.247956 0.968771 0.000000 0.000000 0.000000 0.000000 1.000000
0.999927 0.011625 -0.003179 -0.000000 -0.012050 0.968868 -0.247283 10.089500 0.000205 0.247303 0.968938 0.000000 0.000000 0.000000 0.000000 1.000000
0.999930 0.011260 -0.003498 -0.000000 -0.011775 0.969074 -0.246489 10.089500 0.000614 0.246514 0.969139 0.000000 0.000000 0.000000 0.000000 1.000000
0.999931 0.011042 -0.003964 0.000000 -0.011678 0.969194 -0.246021 10.089500 0.001125 0.246051 0.969256 0.000000 0.000000 0.000000 0.000000 1.000000
0.999933 0.010734 -0.004377 0.000000 -0.011481 0.969222 -0.245921 10.089500 0.001602 0.245955 0.969280 0.000000 0.000000 0.000000 0.000000 1.000000
0.999938 0.010120 -0.004602 0.000000 -0.010941 0.969230 -0.245913 10.089500 0.001972 0.245948 0.969281 -0.000000 0.000000 0.000000 0.000000 1.000000
0.999944 0.009510 -0.004648 -0.000000 -0.010361 0.969241 -0.245894 10.089500 0.002166 0.245928 0.969286 0.000000 0.000000 0.000000 0.000000 1.000000
0.999946 0.009313 -0.004593 0.000000 -0.010157 0.969231 -0.245941 10.089500 0.002161 0.245975 0.969274 0.000000 0.000000 0.000000 0.000000 1.000000
0.999945 0.009514 -0.004501 0.000000 -0.010330 0.969182 -0.246131 10.089500 0.002021 0.246164 0.969226 0.000000 0.000000 0.000000 0.000000 1.000000
0.999942 0.009840 -0.004418 0.000000 -0.010625 0.969098 -0.246445 10.089500 0.001857 0.246478 0.969147 -0.000000 0.000000 0.000000 0.000000 1.000000
0.999940 0.010078 -0.004355 0.000000 -0.010842 0.969007 -0.246794 10.089500 0.001733 0.246827 0.969058 0.000000 0.000000 0.000000 0.000000 1.000000
0.999939 0.010184 -0.004292 -0.000000 -0.010929 0.968931 -0.247091 10.089500 0.001643 0.247123 0.968983 0.000000 0.000000 0.000000 0.000000 1.000000
0.999939 0.010212 -0.004193 0.000000 -0.010932 0.968883 -0.247278 10.089500 0.001537 0.247309 0.968935 -0.000000 0.000000 0.000000 0.000000 1.000000
0.999940 0.010161 -0.004031 0.000000 -0.010842 0.968861 -0.247368 10.089500 0.001392 0.247397 0.968913 -0.000000 0.000000 0.000000 0.000000 1.000000
0.999943 0.009993 -0.003849 0.000000 -0.010635 0.968849 -0.247425 10.089500 0.001257 0.247451 0.968899 0.000000 0.000000 0.000000 0.000000 1.000000
0.999945 0.009828 -0.003717 0.000000 -0.010442 0.968837 -0.247477 10.089500 0.001169 0.247502 0.968887 -0.000000 0.000000 0.000000 0.000000 1.000000
0.999945 0.009876 -0.003649 0.000000 -0.010472 0.968829 -0.247510 10.089500 0.001091 0.247534 0.968879 0.000000 0.000000 0.000000 0.000000 1.000000
0.999942 0.010151 -0.003610 0.000000 -0.010729 0.968822 -0.247527 10.089500 0.000985 0.247551 0.968874 -0.000000 0.000000 0.000000 0.000000 1.000000
0.999939 0.010468 -0.003578 0.000000 -0.011028 0.968812 -0.247550 10.089500 0.000875 0.247574 0.968869 0.000000 0.000000 0.000000 0.000000 1.000000
0.999936 0.010739 -0.003547 0.000000 -0.011283 0.968801 -0.247584 10.089500 0.000777 0.247608 0.968860 -0.000000 0.000000 0.000000 0.000000 1.000000
0.999932 0.011082 -0.003508 0.000000 -0.011605 0.968786 -0.247627 10.089500 0.000654 0.247650 0.968849 -0.000000 0.000000 0.000000 0.000000 1.000000
0.999927 0.011551 -0.003466 -0.000000 -0.012049 0.968764 -0.247692 10.089500 0.000497 0.247716 0.968833 -0.000000 0.000000 0.000000 0.000000 1.000000
0.999923 0.011961 -0.003444 0.000000 -0.012441 0.968735 -0.247786 10.089500 0.000372 0.247810 0.968809 0.000000 0.000000 0.000000 0.000000 1.000000
0.999920 0.012142 -0.003443 0.000000 -0.012616 0.968705 -0.247894 10.089500 0.000325 0.247918 0.968781 0.000000 0.000000 0.000000 0.000000 1.000000
0.999920 0.012183 -0.003444 0.000000 -0.012656 0.968679 -0.247993 10.089500 0.000315 0.248017 0.968756 0.000000 0.000000 0.000000 0.000000 1.000000
0.999919 0.012227 -0.003443 -0.000000 -0.012699 0.968664 -0.248051 10.089500 0.000302 0.248075 0.968741 0.000000 0.000000 0.000000 0.000000 1.000000
0.999919 0.012290 -0.003442 -0.000000 -0.012760 0.968656 -0.248078 10.089500 0.000286 0.248102 0.968734 0.000000 0.000000 0.000000 0.000000 1.000000
0.999918 0.012353 -0.003442 0.000000 -0.012821 0.968651 -0.248095 10.089500 0.000269 0.248118 0.968730 0.000000 0.000000 0.000000 0.000000 1.000000
0.999917 0.012416 -0.003442 0.000000 -0.012882 0.968648 -0.248104 10.089500 0.000253 0.248128 0.968727 -0.000000 0.000000 0.000000 0.000000 1.000000
0.999916 0.012489 -0.003441 0.000000 -0.012952 0.968646 -0.248108 10.089500 0.000235 0.248132 0.968726 -0.000000 0.000000 0.000000 0.000000 1.000000
0.999915 0.012564 -0.003441 0.000000 -0.013025 0.968645 -0.248108 10.089500 0.000216 0.248132 0.968726 0.000000 0.000000 0.000000 0.000000 1.000000
0.999915 0.012606 -0.003440 0.000000 -0.013065 0.968645 -0.248107 10.089500 0.000205 0.248130 0.968727 0.000000 0.000000 0.000000 0.000000 1.000000</float_array>
        <technique_common>
          <accessor source="#mixamorig_Spine2-Matrix-animation-output-transform-array" count="36" stride="16">
            <param type="float4x4"/>
          </accessor>
        </technique_common>
      </source>
      <source id="mixamorig_Spine2-Interpolations">
        <Name_array id="mixamorig_Spine2-Interpolations-array" count="36">
 LINEAR LINEAR LINEAR LINEAR LINEAR LINEAR LINEAR LINEAR LINEAR LINEAR LINEAR
LINEAR LINEAR LINEAR LINEAR LINEAR LINEAR LINEAR LINEAR LINEAR LINEAR LINEAR LINEAR
LINEAR LINEAR LINEAR LINEAR LINEAR LINEAR LINEAR LINEAR LINEAR LINEAR LINEAR LINEAR
LINEAR</Name_array>
        <technique_common>
          <accessor source="#mixamorig_Spine2-Interpolations-array" count="36">
            <param type="name"/>
          </accessor>
        </technique_common>
      </source>
      <sampler id="mixamorig_Spine2-Matrix-animation-transform">
        <input semantic="INPUT" source="#mixamorig_Spine2-Matrix-animation-input"/>
        <input semantic="OUTPUT" source="#mixamorig_Spine2-Matrix-animation-output-transform"/>
        <input semantic="INTERPOLATION" source="#mixamorig_Spine2-Interpolations"/>
      </sampler>
      <channel source="#mixamorig_Spine2-Matrix-animation-transform" target="mixamorig_Spine2/matrix"/>
    </animation>
    <animation id="mixamorig_Neck-anim" name="mixamorig_Neck">
      <source id="mixamorig_Neck-Matrix-animation-input">
        <float_array id="mixamorig_Neck-Matrix-animation-input-array" count="36">

0.000000 0.033333 0.066667 0.100000 0.133333 0.166667 0.200000 0.233333 0.266667 0.300000 0.333333 0.366667 0.400000 0.433333 0.466667 0.500000
0.533333 0.566667 0.600000 0.633333 0.666667 0.700000 0.733333 0.766667 0.800000 0.833333 0.866667 0.900000 0.933333 0.966667 1.000000 1.033333
1.066667 1.100000 1.133333 1.166667</float_array>
        <technique_common>
          <accessor source="#mixamorig_Neck-Matrix-animation-input-array" count="36">
            <param name="TIME" type="float"/>
          </accessor>
        </technique_common>
      </source>
      <source id="mixamorig_Neck-Matrix-animation-output-transform">
        <float_array id="mixamorig_Neck-Matrix-animation-output-transform-array" count="576">

0.991382 -0.014493 0.130197 -0.000000 0.016187 0.999797 -0.011965 26.668501 -0.129997 0.013969 0.991416 -1.206700 0.000000 0.000000 0.000000 1.000000
0.991312 -0.013562 0.130833 0.000000 0.015302 0.999807 -0.012302 26.668501 -0.130640 0.014197 0.991328 -1.206700 0.000000 0.000000 0.000000 1.000000
0.991216 -0.012183 0.131691 0.000000 0.013968 0.999823 -0.012636 26.668501 -0.131514 0.014364 0.991210 -1.206700 0.000000 0.000000 0.000000 1.000000
0.991097 -0.010391 0.132734 0.000000 0.012200 0.999843 -0.012827 26.668501 -0.132580 0.014332 0.991069 -1.206700 0.000000 0.000000 0.000000 1.000000
0.990959 -0.008636 0.133886 0.000000 0.010508 0.999857 -0.013286 26.668501 -0.133752 0.014573 0.990908 -1.206700 0.000000 0.000000 0.000000 1.000000
0.990788 -0.007441 0.135219 0.000000 0.009524 0.999846 -0.014763 26.668501 -0.135089 0.015915 0.990706 -1.206700 0.000000 0.000000 0.000000 1.000000
0.990592 -0.006987 0.136667 0.000000 0.009315 0.999822 -0.016401 26.668501 -0.136528 0.017520 0.990481 -1.206700 0.000000 0.000000 0.000000 1.000000
0.990444 -0.006959 0.137743 -0.000000 0.009101 0.999847 -0.014929 26.668501 -0.137618 0.016040 0.990355 -1.206700 0.000000 0.000000 0.000000 1.000000
0.990403 -0.006741 0.138045 -0.000000 0.007919 0.999937 -0.007986 26.668501 -0.137983 0.009003 0.990394 -1.206700 0.000000 0.000000 0.000000 1.000000
0.990477 -0.006309 0.137537 0.000000 0.006057 0.999979 0.002250 26.668501 -0.137548 -0.001396 0.990494 -1.206700 0.000000 0.000000 0.000000 1.000000
0.990662 -0.006640 0.136180 -0.000000 0.005225 0.999929 0.010747 26.668501 -0.136241 -0.009936 0.990626 -1.206700 0.000000 0.000000 0.000000 1.000000
0.990942 -0.008590 0.134013 -0.000000 0.006721 0.999874 0.014392 26.668501 -0.134119 -0.013361 0.990875 -1.206700 0.000000 0.000000 0.000000 1.000000
0.991250 -0.011889 0.131460 0.000000 0.010147 0.999852 0.013918 26.668501 -0.131606 -0.012462 0.991224 -1.206700 0.000000 0.000000 0.000000 1.000000
0.991506 -0.015390 0.129151 0.000000 0.013984 0.999833 0.011785 26.668501 -0.129311 -0.009879 0.991555 -1.206700 0.000000 0.000000 0.000000 1.000000
0.991662 -0.017825 0.127625 -0.000000 0.016759 0.999815 0.009428 26.668501 -0.127770 -0.007210 0.991778 -1.206700 0.000000 0.000000 0.000000 1.000000
0.991724 -0.018620 0.127032 -0.000000 0.017888 0.999816 0.006896 26.668501 -0.127137 -0.004567 0.991875 -1.206700 0.000000 0.000000 0.000000 1.000000
0.991733 -0.018214 0.127018 -0.000000 0.017816 0.999832 0.004264 26.668501 -0.127074 -0.001966 0.991891 -1.206700 0.000000 0.000000 0.000000 1.000000
0.991731 -0.017446 0.127139 0.000000 0.017326 0.999848 0.002045 26.668501 -0.127156 0.000174 0.991883 -1.206700 0.000000 0.000000 0.000000 1.000000
0.991734 -0.016806 0.127208 0.000000 0.016901 0.999857 0.000328 26.668501 -0.127195 0.001825 0.991876 -1.206700 0.000000 0.000000 0.000000 1.000000
0.991733 -0.016334 0.127273 -0.000000 0.016649 0.999860 -0.001415 26.668501 -0.127232 0.003523 0.991867 -1.206700 0.000000 0.000000 0.000000 1.000000
0.991711 -0.015877 0.127502 0.000000 0.016460 0.999858 -0.003518 26.668501 -0.127428 0.005587 0.991832 -1.206700 0.000000 0.000000 0.000000 1.000000
0.991678 -0.015581 0.127793 -0.000000 0.016435 0.999849 -0.005628 26.668501 -0.127686 0.007682 0.991785 -1.206700 0.000000 0.000000 0.000000 1.000000
0.991688 -0.016006 0.127665 0.000000 0.017060 0.999829 -0.007164 26.668501 -0.127529 0.009282 0.991791 -1.206700 0.000000 0.000000 0.000000 1.000000
0.991737 -0.016977 0.127159 0.000000 0.018158 0.999802 -0.008132 26.668501 -0.126996 0.010373 0.991849 -1.206700 0.000000 0.000000 0.000000 1.000000
0.991733 -0.017152 0.127165 -0.000000 0.018463 0.999788 -0.009138 26.668501 -0.126981 0.011410 0.991840 -1.206700 0.000000 0.000000 0.000000 1.000000
0.991634 -0.015951 0.128093 -0.000000 0.017429 0.999794 -0.010425 26.668501 -0.127900 0.012570 0.991707 -1.206700 0.000000 0.000000 0.000000 1.000000
0.991515 -0.014587 0.129172 0.000000 0.016206 0.999803 -0.011490 26.668501 -0.128979 0.013486 0.991556 -1.206700 0.000000 0.000000 0.000000 1.000000
0.991454 -0.014170 0.129685 -0.000000 0.015848 0.999803 -0.011916 26.668501 -0.129490 0.013870 0.991484 -1.206700 0.000000 0.000000 0.000000 1.000000
0.991437 -0.014337 0.129799 -0.000000 0.016021 0.999800 -0.011938 26.668501 -0.129602 0.013915 0.991469 -1.206700 0.000000 0.000000 0.000000 1.000000
0.991427 -0.014427 0.129864 0.000000 0.016110 0.999799 -0.011917 26.668501 -0.129666 0.013907 0.991460 -1.206700 0.000000 0.000000 0.000000 1.000000
0.991417 -0.014419 0.129937 0.000000 0.016104 0.999799 -0.011921 26.668501 -0.129739 0.013911 0.991451 -1.206700 0.000000 0.000000 0.000000 1.000000
0.991409 -0.014417 0.129999 0.000000 0.016103 0.999799 -0.011923 26.668501 -0.129801 0.013913 0.991442 -1.206700 0.000000 0.000000 0.000000 1.000000
0.991402 -0.014411 0.130057 -0.000000 0.016097 0.999799 -0.011924 26.668501 -0.129859 0.013915 0.991435 -1.206700 0.000000 0.000000 0.000000 1.000000
0.991394 -0.014405 0.130116 -0.000000 0.016093 0.999799 -0.011926 26.668501 -0.129918 0.013917 0.991427 -1.206700 0.000000 0.000000 0.000000 1.000000
0.991387 -0.014406 0.130171 0.000000 0.016094 0.999799 -0.011926 26.668501 -0.129973 0.013918 0.991420 -1.206700 0.000000 0.000000 0.000000 1.000000
0.991383 -0.014407 0.130200 0.000000 0.016095 0.999799 -0.011925 26.668501 -0.130002 0.013918 0.991416 -1.206700 0.000000 0.000000 0.000000 1.000000</float_array>
        <technique_common>
          <accessor source="#mixamorig_Neck-Matrix-animation-output-transform-array" count="36" stride="16">
            <param type="float4x4"/>
          </accessor>
        </technique_common>
      </source>
      <source id="mixamorig_Neck-Interpolations">
        <Name_array id="mixamorig_Neck-Interpolations-array" count="36">
 LINEAR LINEAR LINEAR LINEAR LINEAR LINEAR LINEAR LINEAR LINEAR LINEAR LINEAR
LINEAR LINEAR LINEAR LINEAR LINEAR LINEAR LINEAR LINEAR LINEAR LINEAR LINEAR LINEAR
LINEAR LINEAR LINEAR LINEAR LINEAR LINEAR LINEAR LINEAR LINEAR LINEAR LINEAR LINEAR
LINEAR</Name_array>
        <technique_common>
          <accessor source="#mixamorig_Neck-Interpolations-array" count="36">
            <param type="name"/>
          </accessor>
        </technique_common>
      </source>
      <sampler id="mixamorig_Neck-Matrix-animation-transform">
        <input semantic="INPUT" source="#mixamorig_Neck-Matrix-animation-input"/>
        <input semantic="OUTPUT" source="#mixamorig_Neck-Matrix-animation-output-transform"/>
        <input semantic="INTERPOLATION" source="#mixamorig_Neck-Interpolations"/>
      </sampler>
      <channel source="#mixamorig_Neck-Matrix-animation-transform" target="mixamorig_Neck/matrix"/>
    </animation>
    <animation id="mixamorig_Head-anim" name="mixamorig_Head">
      <source id="mixamorig_Head-Matrix-animation-input">
        <float_array id="mixamorig_Head-Matrix-animation-input-array" count="36">

0.000000 0.033333 0.066667 0.100000 0.133333 0.166667 0.200000 0.233333 0.266667 0.300000 0.333333 0.366667 0.400000 0.433333 0.466667 0.500000
0.533333 0.566667 0.600000 0.633333 0.666667 0.700000 0.733333 0.766667 0.800000 0.833333 0.866667 0.900000 0.933333 0.966667 1.000000 1.033333
1.066667 1.100000 1.133333 1.166667</float_array>
        <technique_common>
          <accessor source="#mixamorig_Head-Matrix-animation-input-array" count="36">
            <param name="TIME" type="float"/>
          </accessor>
        </technique_common>
      </source>
      <source id="mixamorig_Head-Matrix-animation-output-transform">
        <float_array id="mixamorig_Head-Matrix-animation-output-transform-array" count="576">

0.909869 -0.191457 0.368080 0.000000 0.160620 0.980529 0.112981 8.300700 -0.382544 -0.043677 0.922904 3.339200 0.000000 0.000000 0.000000 1.000000
0.909458 -0.190983 0.369341 0.000000 0.160040 0.980622 0.112992 8.300700 -0.383763 -0.043652 0.922399 3.339200 0.000000 0.000000 0.000000 1.000000
0.908932 -0.192714 0.369735 0.000000 0.161619 0.980289 0.113634 8.300700 -0.384346 -0.043529 0.922162 3.339200 0.000000 0.000000 0.000000 1.000000
0.908261 -0.197506 0.368854 0.000000 0.165913 0.979313 0.115838 8.300700 -0.384102 -0.044014 0.922241 3.339200 0.000000 0.000000 0.000000 1.000000
0.907319 -0.202731 0.368336 0.000000 0.170143 0.978175 0.119272 8.300700 -0.384477 -0.045548 0.922010 3.339200 0.000000 0.000000 0.000000 1.000000
0.905984 -0.203482 0.371198 0.000000 0.170305 0.978002 0.120452 8.300700 -0.387542 -0.045911 0.920708 3.339200 0.000000 0.000000 0.000000 1.000000
0.904622 -0.196850 0.378032 0.000000 0.165872 0.979630 0.113188 8.300700 -0.392613 -0.039687 0.918847 3.339200 0.000000 0.000000 0.000000 1.000000
0.904101 -0.184292 0.385536 0.000000 0.160002 0.982585 0.094479 8.300700 -0.396234 -0.023732 0.917843 3.339200 0.000000 0.000000 0.000000 1.000000
0.904751 -0.171435 0.389917 0.000000 0.155924 0.985188 0.071356 8.300700 -0.396374 -0.003763 0.918081 3.339200 0.000000 0.000000 0.000000 1.000000
0.905985 -0.165042 0.389810 0.000000 0.155312 0.986243 0.056594 8.300700 -0.393788 0.009268 0.919154 3.339200 0.000000 0.000000 0.000000 1.000000
0.907296 -0.167540 0.385675 0.000000 0.158329 0.985810 0.055776 8.300700 -0.389547 0.010458 0.920947 3.339200 0.000000 0.000000 0.000000 1.000000
0.908645 -0.175006 0.379127 0.000000 0.163203 0.984558 0.063329 8.300700 -0.384355 0.004331 0.923175 3.339200 0.000000 0.000000 0.000000 1.000000
0.909984 -0.181705 0.372708 0.000000 0.167229 0.983350 0.071112 8.300700 -0.379424 -0.002384 0.925220 3.339200 0.000000 0.000000 0.000000 1.000000
0.911106 -0.185384 0.368130 0.000000 0.169142 0.982640 0.076220 8.300700 -0.375869 -0.007178 0.926645 3.339200 0.000000 0.000000 0.000000 1.000000
0.911839 -0.187359 0.365303 0.000000 0.169637 0.982227 0.080338 8.300700 -0.373862 -0.011286 0.927416 3.339200 0.000000 0.000000 0.000000 1.000000
0.912206 -0.189012 0.363530 0.000000 0.169541 0.981845 0.085068 8.300700 -0.373009 -0.015966 0.927690 3.339200 0.000000 0.000000 0.000000 1.000000
0.912432 -0.190071 0.362409 0.000000 0.168816 0.981552 0.089765 8.300700 -0.372785 -0.020724 0.927686 3.339200 0.000000 0.000000 0.000000 1.000000
0.912738 -0.189998 0.361676 0.000000 0.167368 0.981477 0.093221 8.300700 -0.372688 -0.024553 0.927632 3.339200 0.000000 0.000000 0.000000 1.000000
0.913069 -0.189451 0.361129 -0.000000 0.165797 0.981505 0.095708 8.300700 -0.372581 -0.027514 0.927592 3.339200 0.000000 0.000000 0.000000 1.000000
0.913191 -0.189671 0.360703 0.000000 0.164947 0.981377 0.098448 8.300700 -0.372658 -0.030405 0.927470 3.339200 0.000000 0.000000 0.000000 1.000000
0.913039 -0.191001 0.360387 0.000000 0.165029 0.981018 0.101827 8.300700 -0.372995 -0.033498 0.927228 3.339200 0.000000 0.000000 0.000000 1.000000
0.912837 -0.192498 0.360101 0.000000 0.165351 0.980624 0.105052 8.300700 -0.373346 -0.036353 0.926980 3.339200 0.000000 0.000000 0.000000 1.000000
0.912865 -0.193101 0.359708 -0.000000 0.165075 0.980417 0.107388 8.300700 -0.373401 -0.038652 0.926865 3.339200 0.000000 0.000000 0.000000 1.000000
0.913041 -0.193068 0.359278 0.000000 0.164361 0.980346 0.109121 8.300700 -0.373284 -0.040581 0.926829 3.339200 0.000000 0.000000 0.000000 1.000000
0.912934 -0.193603 0.359261 0.000000 0.164180 0.980166 0.110997 8.300700 -0.373625 -0.042350 0.926613 3.339200 0.000000 0.000000 0.000000 1.000000
0.912364 -0.194843 0.360038 0.000000 0.164681 0.979857 0.112959 8.300700 -0.374795 -0.043769 0.926074 3.339200 0.000000 0.000000 0.000000 1.000000
0.911655 -0.195452 0.361502 0.000000 0.164809 0.979707 0.114070 8.300700 -0.376462 -0.044414 0.925367 3.339200 0.000000 0.000000 0.000000 1.000000
0.911094 -0.194605 0.363368 0.000000 0.163890 0.979886 0.113856 8.300700 -0.378216 -0.044181 0.924662 3.339200 0.000000 0.000000 0.000000 1.000000
0.910696 -0.193222 0.365099 0.000000 0.162613 0.980183 0.113127 8.300700 -0.379723 -0.043654 0.924070 3.339200 0.000000 0.000000 0.000000 1.000000
0.910462 -0.192467 0.366080 -0.000000 0.161882 0.980341 0.112807 8.300700 -0.380595 -0.043445 0.923721 3.339200 0.000000 0.000000 0.000000 1.000000
0.910325 -0.192160 0.366583 0.000000 0.161528 0.980400 0.112799 8.300700 -0.381074 -0.043470 0.923522 3.339200 0.000000 0.000000 0.000000 1.000000
0.910208 -0.191914 0.367002 0.000000 0.161226 0.980446 0.112837 8.300700 -0.381480 -0.043535 0.923351 3.339200 0.000000 0.000000 0.000000 1.000000
0.910109 -0.191731 0.367344 0.000000 0.160980 0.980477 0.112913 8.300700 -0.381822 -0.043628 0.923206 3.339200 0.000000 0.000000 0.000000 1.000000
0.910014 -0.191583 0.367656 0.000000 0.160749 0.980500 0.113050 8.300700 -0.382145 -0.043777 0.923065 3.339200 0.000000 0.000000 0.000000 1.000000
0.909924 -0.191455 0.367944 0.000000 0.160529 0.980517 0.113213 8.300700 -0.382451 -0.043949 0.922930 3.339200 0.000000 0.000000 0.000000 1.000000
0.909877 -0.191393 0.368094 0.000000 0.160413 0.980525 0.113310 8.300700 -0.382612 -0.044051 0.922858 3.339200 0.000000 0.000000 0.000000 1.000000</float_array>
        <technique_common>
          <accessor source="#mixamorig_Head-Matrix-animation-output-transform-array" count="36" stride="16">
            <param type="float4x4"/>
          </accessor>
        </technique_common>
      </source>
      <source id="mixamorig_Head-Interpolations">
        <Name_array id="mixamorig_Head-Interpolations-array" count="36">
 LINEAR LINEAR LINEAR LINEAR LINEAR LINEAR LINEAR LINEAR LINEAR LINEAR LINEAR
LINEAR LINEAR LINEAR LINEAR LINEAR LINEAR LINEAR LINEAR LINEAR LINEAR LINEAR LINEAR
LINEAR LINEAR LINEAR LINEAR LINEAR LINEAR LINEAR LINEAR LINEAR LINEAR LINEAR LINEAR
LINEAR</Name_array>
        <technique_common>
          <accessor source="#mixamorig_Head-Interpolations-array" count="36">
            <param type="name"/>
          </accessor>
        </technique_common>
      </source>
      <sampler id="mixamorig_Head-Matrix-animation-transform">
        <input semantic="INPUT" source="#mixamorig_Head-Matrix-animation-input"/>
        <input semantic="OUTPUT" source="#mixamorig_Head-Matrix-animation-output-transform"/>
        <input semantic="INTERPOLATION" source="#mixamorig_Head-Interpolations"/>
      </sampler>
      <channel source="#mixamorig_Head-Matrix-animation-transform" target="mixamorig_Head/matrix"/>
    </animation>
    <animation id="mixamorig_LeftShoulder-anim" name="mixamorig_LeftShoulder">
      <source id="mixamorig_LeftShoulder-Matrix-animation-input">
        <float_array id="mixamorig_LeftShoulder-Matrix-animation-input-array" count="36">

0.000000 0.033333 0.066667 0.100000 0.133333 0.166667 0.200000 0.233333 0.266667 0.300000 0.333333 0.366667 0.400000 0.433333 0.466667 0.500000
0.533333 0.566667 0.600000 0.633333 0.666667 0.700000 0.733333 0.766667 0.800000 0.833333 0.866667 0.900000 0.933333 0.966667 1.000000 1.033333
1.066667 1.100000 1.133333 1.166667</float_array>
        <technique_common>
          <accessor source="#mixamorig_LeftShoulder-Matrix-animation-input-array" count="36">
            <param name="TIME" type="float"/>
          </accessor>
        </technique_common>
      </source>
      <source id="mixamorig_LeftShoulder-Matrix-animation-output-transform">
        <float_array id="mixamorig_LeftShoulder-Matrix-animation-output-transform-array" count="576">

0.077310 0.897243 -0.434717 14.211900 -0.600972 -0.305969 -0.738387 23.227400 -0.795523 0.318337 0.515563 -1.268600 0.000000 0.000000 0.000000 1.000000
0.078185 0.898003 -0.432987 14.211900 -0.600826 -0.304136 -0.739263 23.227400 -0.795547 0.317949 0.515764 -1.268600 0.000000 0.000000 0.000000 1.000000
0.078454 0.898423 -0.432066 14.211900 -0.600766 -0.303259 -0.739672 23.227400 -0.795566 0.317601 0.515950 -1.268600 0.000000 0.000000 0.000000 1.000000
0.077598 0.898532 -0.431993 14.211900 -0.600815 -0.303636 -0.739477 23.227400 -0.795613 0.316930 0.516290 -1.268600 0.000000 0.000000 0.000000 1.000000
0.076001 0.899205 -0.430876 14.211900 -0.600868 -0.303549 -0.739470 23.227400 -0.795727 0.315100 0.517234 -1.268600 0.000000 0.000000 0.000000 1.000000
0.074970 0.901007 -0.427277 14.211900 -0.600868 -0.301142 -0.740453 23.227400 -0.795825 0.312248 0.518810 -1.268600 0.000000 0.000000 0.000000 1.000000
0.075238 0.902533 -0.423997 14.211900 -0.600858 -0.298307 -0.741608 23.227400 -0.795807 0.310558 0.519850 -1.268600 0.000000 0.000000 0.000000 1.000000
0.075349 0.901960 -0.425196 14.211900 -0.600869 -0.299229 -0.741228 23.227400 -0.795788 0.311337 0.519413 -1.268600 0.000000 0.000000 0.000000 1.000000
0.072683 0.900025 -0.429736 14.211900 -0.600948 -0.304355 -0.739073 23.227400 -0.795976 0.311967 0.518747 -1.268600 0.000000 0.000000 0.000000 1.000000
0.066874 0.898917 -0.432984 14.211900 -0.601073 -0.310079 -0.736589 23.227400 -0.796392 0.309513 0.519579 -1.268600 0.000000 0.000000 0.000000 1.000000
0.061100 0.899006 -0.433654 14.211900 -0.601173 -0.313676 -0.734982 23.227400 -0.796780 0.305609 0.521292 -1.268600 0.000000 0.000000 0.000000 1.000000
0.059327 0.899227 -0.433442 14.211900 -0.601206 -0.314438 -0.734630 23.227400 -0.796889 0.304171 0.521965 -1.268600 0.000000 0.000000 0.000000 1.000000
0.062758 0.899242 -0.432927 14.211900 -0.601165 -0.312197 -0.735617 23.227400 -0.796656 0.306427 0.521000 -1.268600 0.000000 0.000000 0.000000 1.000000
0.068891 0.899345 -0.431779 14.211900 -0.601063 -0.308016 -0.737461 23.227400 -0.796227 0.310331 0.519344 -1.268600 0.000000 0.000000 0.000000 1.000000
0.073906 0.899490 -0.430646 14.211900 -0.600956 -0.304446 -0.739030 23.227400 -0.795858 0.313418 0.518053 -1.268600 0.000000 0.000000 0.000000 1.000000
0.076070 0.899367 -0.430526 14.211900 -0.600959 -0.303189 -0.739544 23.227400 -0.795652 0.314986 0.517419 -1.268600 0.000000 0.000000 0.000000 1.000000
0.076614 0.898983 -0.431230 14.211900 -0.601060 -0.303436 -0.739360 23.227400 -0.795523 0.315841 0.517095 -1.268600 0.000000 0.000000 0.000000 1.000000
0.077590 0.898680 -0.431687 14.211900 -0.601075 -0.303285 -0.739410 23.227400 -0.795417 0.316847 0.516642 -1.268600 0.000000 0.000000 0.000000 1.000000
0.079653 0.898594 -0.431490 14.211900 -0.600934 -0.302077 -0.740019 23.227400 -0.795320 0.318242 0.515935 -1.268600 0.000000 0.000000 0.000000 1.000000
0.081725 0.898425 -0.431455 14.211900 -0.600773 -0.301006 -0.740585 23.227400 -0.795231 0.319731 0.515150 -1.268600 0.000000 0.000000 0.000000 1.000000
0.082372 0.897830 -0.432568 14.211900 -0.600719 -0.301600 -0.740387 23.227400 -0.795205 0.320839 0.514501 -1.268600 0.000000 0.000000 0.000000 1.000000
0.081819 0.896942 -0.434511 14.211900 -0.600737 -0.303490 -0.739600 23.227400 -0.795249 0.321541 0.513996 -1.268600 0.000000 0.000000 0.000000 1.000000
0.081850 0.896291 -0.435847 14.211900 -0.600741 -0.304574 -0.739151 23.227400 -0.795242 0.322331 0.513510 -1.268600 0.000000 0.000000 0.000000 1.000000
0.082750 0.896072 -0.436127 14.211900 -0.600716 -0.304335 -0.739270 23.227400 -0.795168 0.323163 0.513101 -1.268600 0.000000 0.000000 0.000000 1.000000
0.082353 0.895872 -0.436614 14.211900 -0.600714 -0.304949 -0.739019 23.227400 -0.795211 0.323141 0.513049 -1.268600 0.000000 0.000000 0.000000 1.000000
0.079699 0.895462 -0.437945 14.211900 -0.600779 -0.307432 -0.737936 23.227400 -0.795432 0.321921 0.513473 -1.268600 0.000000 0.000000 0.000000 1.000000
0.076969 0.895333 -0.438696 14.211900 -0.600867 -0.309467 -0.737013 23.227400 -0.795635 0.320325 0.514157 -1.268600 0.000000 0.000000 0.000000 1.000000
0.076243 0.895922 -0.437620 14.211900 -0.600890 -0.308959 -0.737208 23.227400 -0.795687 0.319169 0.514794 -1.268600 0.000000 0.000000 0.000000 1.000000
0.076837 0.896725 -0.435868 14.211900 -0.600844 -0.307219 -0.737972 23.227400 -0.795665 0.318592 0.515186 -1.268600 0.000000 0.000000 0.000000 1.000000
0.077246 0.897097 -0.435029 14.211900 -0.600809 -0.306325 -0.738372 23.227400 -0.795652 0.318406 0.515322 -1.268600 0.000000 0.000000 0.000000 1.000000
0.077339 0.897194 -0.434812 14.211900 -0.600800 -0.306101 -0.738472 23.227400 -0.795649 0.318348 0.515361 -1.268600 0.000000 0.000000 0.000000 1.000000
0.077394 0.897258 -0.434670 14.211900 -0.600794 -0.305956 -0.738537 23.227400 -0.795648 0.318305 0.515389 -1.268600 0.000000 0.000000 0.000000 1.000000
0.077414 0.897291 -0.434599 14.211900 -0.600790 -0.305889 -0.738568 23.227400 -0.795649 0.318279 0.515403 -1.268600 0.000000 0.000000 0.000000 1.000000
0.077414 0.897299 -0.434582 14.211900 -0.600789 -0.305876 -0.738575 23.227400 -0.795650 0.318268 0.515409 -1.268600 0.000000 0.000000 0.000000 1.000000
0.077414 0.897299 -0.434582 14.211900 -0.600789 -0.305876 -0.738574 23.227400 -0.795650 0.318269 0.515408 -1.268600 0.000000 0.000000 0.000000 1.000000
0.077412 0.897295 -0.434590 14.211900 -0.600790 -0.305883 -0.738571 23.227400 -0.795650 0.318272 0.515407 -1.268600 0.000000 0.000000 0.000000 1.000000</float_array>
        <technique_common>
          <accessor source="#mixamorig_LeftShoulder-Matrix-animation-output-transform-array" count="36" stride="16">
            <param type="float4x4"/>
          </accessor>
        </technique_common>
      </source>
      <source id="mixamorig_LeftShoulder-Interpolations">
        <Name_array id="mixamorig_LeftShoulder-Interpolations-array" count="36">
 LINEAR LINEAR LINEAR LINEAR LINEAR LINEAR LINEAR LINEAR LINEAR LINEAR LINEAR
LINEAR LINEAR LINEAR LINEAR LINEAR LINEAR LINEAR LINEAR LINEAR LINEAR LINEAR LINEAR
LINEAR LINEAR LINEAR LINEAR LINEAR LINEAR LINEAR LINEAR LINEAR LINEAR LINEAR LINEAR
LINEAR</Name_array>
        <technique_common>
          <accessor source="#mixamorig_LeftShoulder-Interpolations-array" count="36">
            <param type="name"/>
          </accessor>
        </technique_common>
      </source>
      <sampler id="mixamorig_LeftShoulder-Matrix-animation-transform">
        <input semantic="INPUT" source="#mixamorig_LeftShoulder-Matrix-animation-input"/>
        <input semantic="OUTPUT" source="#mixamorig_LeftShoulder-Matrix-animation-output-transform"/>
        <input semantic="INTERPOLATION" source="#mixamorig_LeftShoulder-Interpolations"/>
      </sampler>
      <channel source="#mixamorig_LeftShoulder-Matrix-animation-transform" target="mixamorig_LeftShoulder/matrix"/>
    </animation>
    <animation id="mixamorig_LeftArm-anim" name="mixamorig_LeftArm">
      <source id="mixamorig_LeftArm-Matrix-animation-input">
        <float_array id="mixamorig_LeftArm-Matrix-animation-input-array" count="36">

0.000000 0.033333 0.066667 0.100000 0.133333 0.166667 0.200000 0.233333 0.266667 0.300000 0.333333 0.366667 0.400000 0.433333 0.466667 0.500000
0.533333 0.566667 0.600000 0.633333 0.666667 0.700000 0.733333 0.766667 0.800000 0.833333 0.866667 0.900000 0.933333 0.966667 1.000000 1.033333
1.066667 1.100000 1.133333 1.166667</float_array>
        <technique_common>
          <accessor source="#mixamorig_LeftArm-Matrix-animation-input-array" count="36">
            <param name="TIME" type="float"/>
          </accessor>
        </technique_common>
      </source>
      <source id="mixamorig_LeftArm-Matrix-animation-output-transform">
        <float_array id="mixamorig_LeftArm-Matrix-animation-output-transform-array" count="576">

0.738645 -0.633472 -0.230471 -0.000000 0.417595 0.698398 -0.581252 11.940500 0.529168 0.333095 0.780403 0.000000 0.000000 0.000000 0.000000 1.000000
0.740265 -0.631327 -0.231157 0.000000 0.414655 0.699370 -0.582187 11.940500 0.529214 0.335123 0.779503 0.000000 0.000000 0.000000 0.000000 1.000000
0.741808 -0.629775 -0.230443 0.000000 0.414990 0.701026 -0.579953 11.940500 0.526787 0.334582 0.781377 0.000000 0.000000 0.000000 0.000000 1.000000
0.737856 -0.633441 -0.233067 0.000000 0.416816 0.699227 -0.580816 11.940500 0.530879 0.331413 0.779957 0.000000 0.000000 0.000000 0.000000 1.000000
0.736395 -0.634066 -0.235972 -0.000000 0.410358 0.695909 -0.589336 11.940500 0.537893 0.337152 0.772658 -0.000000 0.000000 0.000000 0.000000 1.000000
0.749544 -0.619739 -0.232609 0.000000 0.389410 0.696978 -0.602147 11.940500 0.535298 0.360756 0.763748 0.000000 0.000000 0.000000 0.000000 1.000000
0.768649 -0.597243 -0.229082 0.000000 0.359782 0.699761 -0.617164 11.940500 0.528900 0.391963 0.752748 0.000000 0.000000 0.000000 0.000000 1.000000
0.781560 -0.579109 -0.231942 -0.000000 0.330875 0.700014 -0.632852 11.940500 0.528853 0.417868 0.738715 0.000000 0.000000 0.000000 0.000000 1.000000
0.788419 -0.567333 -0.237759 0.000000 0.308026 0.698677 -0.645733 11.940500 0.532462 0.435872 0.725603 0.000000 0.000000 0.000000 0.000000 1.000000
0.791336 -0.561391 -0.242129 0.000000 0.293927 0.696601 -0.654488 11.940500 0.536091 0.446751 0.716254 0.000000 0.000000 0.000000 0.000000 1.000000
0.790540 -0.562025 -0.243258 0.000000 0.290915 0.694172 -0.658403 11.940500 0.538902 0.449726 0.712272 0.000000 0.000000 0.000000 0.000000 1.000000
0.786661 -0.568043 -0.241852 0.000000 0.297973 0.692417 -0.657093 11.940500 0.540719 0.444844 0.713959 -0.000000 0.000000 0.000000 0.000000 1.000000
0.780936 -0.576267 -0.240944 0.000000 0.308623 0.691373 -0.653265 11.940500 0.543038 0.435797 0.717768 0.000000 0.000000 0.000000 0.000000 1.000000
0.775152 -0.583572 -0.242040 -0.000000 0.316557 0.690313 -0.650585 11.940500 0.546746 0.427682 0.719831 0.000000 0.000000 0.000000 0.000000 1.000000
0.770285 -0.589395 -0.243464 0.000000 0.321858 0.688915 -0.649464 11.940500 0.550517 0.421911 0.720362 -0.000000 0.000000 0.000000 0.000000 1.000000
0.765700 -0.595485 -0.243109 0.000000 0.328923 0.687329 -0.647602 11.940500 0.552733 0.415904 0.722156 -0.000000 0.000000 0.000000 0.000000 1.000000
0.760962 -0.602591 -0.240460 0.000000 0.339981 0.686023 -0.643261 11.940500 0.552584 0.407745 0.726907 0.000000 0.000000 0.000000 0.000000 1.000000
0.756524 -0.609606 -0.236754 -0.000000 0.353157 0.685529 -0.636655 11.940500 0.550411 0.398033 0.733906 0.000000 0.000000 0.000000 0.000000 1.000000
0.752614 -0.615495 -0.233961 0.000000 0.365237 0.685866 -0.629436 11.940500 0.547881 0.388271 0.740994 0.000000 0.000000 0.000000 0.000000 1.000000
0.748766 -0.620598 -0.232824 0.000000 0.374867 0.686167 -0.623418 11.940500 0.546648 0.379516 0.746420 -0.000000 0.000000 0.000000 0.000000 1.000000
0.744473 -0.625881 -0.232450 0.000000 0.382990 0.685519 -0.619179 11.940500 0.546881 0.371936 0.750056 -0.000000 0.000000 0.000000 0.000000 1.000000
0.740232 -0.630989 -0.232185 -0.000000 0.389919 0.684206 -0.616299 11.940500 0.547740 0.365671 0.752506 0.000000 0.000000 0.000000 0.000000 1.000000
0.737289 -0.634306 -0.232510 0.000000 0.394261 0.683468 -0.614353 11.940500 0.548601 0.361286 0.753996 0.000000 0.000000 0.000000 0.000000 1.000000
0.736265 -0.635257 -0.233158 -0.000000 0.396640 0.684292 -0.611900 11.940500 0.548261 0.358041 0.755789 -0.000000 0.000000 0.000000 0.000000 1.000000
0.736681 -0.635111 -0.232240 -0.000000 0.401124 0.686885 -0.606044 11.940500 0.544427 0.353304 0.760773 0.000000 0.000000 0.000000 0.000000 1.000000
0.737683 -0.635076 -0.229134 0.000000 0.409339 0.690600 -0.596249 11.940500 0.536904 0.346049 0.769405 0.000000 0.000000 0.000000 0.000000 1.000000
0.738803 -0.634779 -0.226330 0.000000 0.416621 0.694179 -0.586977 11.940500 0.529715 0.339367 0.777324 0.000000 0.000000 0.000000 0.000000 1.000000
0.739754 -0.633651 -0.226385 -0.000000 0.418348 0.696629 -0.582832 11.940500 0.527018 0.336445 0.780421 0.000000 0.000000 0.000000 0.000000 1.000000
0.740114 -0.632537 -0.228316 0.000000 0.416536 0.697741 -0.582799 11.940500 0.527948 0.336236 0.779882 -0.000000 0.000000 0.000000 0.000000 1.000000
0.739963 -0.632250 -0.229598 0.000000 0.415449 0.698026 -0.583234 11.940500 0.529015 0.336185 0.779181 0.000000 0.000000 0.000000 0.000000 1.000000
0.739723 -0.632361 -0.230066 0.000000 0.415435 0.698122 -0.583129 11.940500 0.529362 0.335776 0.779122 0.000000 0.000000 0.000000 0.000000 1.000000
0.739505 -0.632499 -0.230385 0.000000 0.415588 0.698218 -0.582905 11.940500 0.529545 0.335316 0.779195 0.000000 0.000000 0.000000 0.000000 1.000000
0.739294 -0.632674 -0.230583 0.000000 0.415877 0.698297 -0.582605 11.940500 0.529614 0.334822 0.779361 0.000000 0.000000 0.000000 0.000000 1.000000
0.739082 -0.632895 -0.230655 0.000000 0.416385 0.698397 -0.582122 11.940500 0.529510 0.334195 0.779700 0.000000 0.000000 0.000000 0.000000 1.000000
0.738886 -0.633124 -0.230653 0.000000 0.417000 0.698518 -0.581536 11.940500 0.529300 0.333507 0.780137 0.000000 0.000000 0.000000 0.000000 1.000000
0.738781 -0.633255 -0.230630 0.000000 0.417367 0.698586 -0.581190 11.940500 0.529156 0.333115 0.780402 0.000000 0.000000 0.000000 0.000000 1.000000</float_array>
        <technique_common>
          <accessor source="#mixamorig_LeftArm-Matrix-animation-output-transform-array" count="36" stride="16">
            <param type="float4x4"/>
          </accessor>
        </technique_common>
      </source>
      <source id="mixamorig_LeftArm-Interpolations">
        <Name_array id="mixamorig_LeftArm-Interpolations-array" count="36">
 LINEAR LINEAR LINEAR LINEAR LINEAR LINEAR LINEAR LINEAR LINEAR LINEAR LINEAR
LINEAR LINEAR LINEAR LINEAR LINEAR LINEAR LINEAR LINEAR LINEAR LINEAR LINEAR LINEAR
LINEAR LINEAR LINEAR LINEAR LINEAR LINEAR LINEAR LINEAR LINEAR LINEAR LINEAR LINEAR
LINEAR</Name_array>
        <technique_common>
          <accessor source="#mixamorig_LeftArm-Interpolations-array" count="36">
            <param type="name"/>
          </accessor>
        </technique_common>
      </source>
      <sampler id="mixamorig_LeftArm-Matrix-animation-transform">
        <input semantic="INPUT" source="#mixamorig_LeftArm-Matrix-animation-input"/>
        <input semantic="OUTPUT" source="#mixamorig_LeftArm-Matrix-animation-output-transform"/>
        <input semantic="INTERPOLATION" source="#mixamorig_LeftArm-Interpolations"/>
      </sampler>
      <channel source="#mixamorig_LeftArm-Matrix-animation-transform" target="mixamorig_LeftArm/matrix"/>
    </animation>
    <animation id="mixamorig_LeftForeArm-anim" name="mixamorig_LeftForeArm">
      <source id="mixamorig_LeftForeArm-Matrix-animation-input">
        <float_array id="mixamorig_LeftForeArm-Matrix-animation-input-array" count="36">

0.000000 0.033333 0.066667 0.100000 0.133333 0.166667 0.200000 0.233333 0.266667 0.300000 0.333333 0.366667 0.400000 0.433333 0.466667 0.500000
0.533333 0.566667 0.600000 0.633333 0.666667 0.700000 0.733333 0.766667 0.800000 0.833333 0.866667 0.900000 0.933333 0.966667 1.000000 1.033333
1.066667 1.100000 1.133333 1.166667</float_array>
        <technique_common>
          <accessor source="#mixamorig_LeftForeArm-Matrix-animation-input-array" count="36">
            <param name="TIME" type="float"/>
          </accessor>
        </technique_common>
      </source>
      <source id="mixamorig_LeftForeArm-Matrix-animation-output-transform">
        <float_array id="mixamorig_LeftForeArm-Matrix-animation-output-transform-array" count="576">

0.425043 -0.905173 -0.000026 0.000000 0.905173 0.425043 -0.000055 32.327599 0.000061 -0.000000 1.000000 -0.000000 0.000000 0.000000 0.000000 1.000000
0.423830 -0.905742 -0.000026 0.000000 0.905742 0.423830 -0.000056 32.327599 0.000061 -0.000000 1.000000 0.000000 0.000000 0.000000 0.000000 1.000000
0.425627 -0.904899 -0.000026 0.000000 0.904899 0.425627 -0.000055 32.327599 0.000061 -0.000000 1.000000 0.000000 0.000000 0.000000 0.000000 1.000000
0.421247 -0.906946 -0.000026 0.000000 0.906946 0.421247 -0.000056 32.327599 0.000061 0.000000 1.000000 -0.000000 0.000000 0.000000 0.000000 1.000000
0.405454 -0.914115 -0.000025 0.000000 0.914115 0.405454 -0.000056 32.327599 0.000062 -0.000000 1.000000 0.000000 0.000000 0.000000 0.000000 1.000000
0.383113 -0.923701 -0.000024 0.000000 0.923701 0.383113 -0.000056 32.327599 0.000061 -0.000000 1.000000 0.000000 0.000000 0.000000 0.000000 1.000000
0.355158 -0.934806 -0.000022 0.000000 0.934806 0.355158 -0.000057 32.327599 0.000061 0.000000 1.000000 -0.000000 0.000000 0.000000 0.000000 1.000000
0.327248 -0.944938 -0.000020 0.000000 0.944938 0.327248 -0.000058 32.327599 0.000061 -0.000000 1.000000 0.000000 0.000000 0.000000 0.000000 1.000000
0.311178 -0.950352 -0.000019 0.000000 0.950352 0.311178 -0.000058 32.327599 0.000061 -0.000000 1.000000 0.000000 0.000000 0.000000 0.000000 1.000000
0.307680 -0.951490 -0.000019 0.000000 0.951490 0.307680 -0.000058 32.327599 0.000061 0.000000 1.000000 0.000000 0.000000 0.000000 0.000000 1.000000
0.310729 -0.950499 -0.000019 0.000000 0.950499 0.310729 -0.000058 32.327599 0.000061 -0.000000 1.000000 0.000000 0.000000 0.000000 0.000000 1.000000
0.317549 -0.948242 -0.000020 0.000000 0.948242 0.317549 -0.000058 32.327599 0.000061 -0.000000 1.000000 0.000000 0.000000 0.000000 0.000000 1.000000
0.327001 -0.945024 -0.000020 0.000000 0.945024 0.327001 -0.000058 32.327599 0.000061 0.000000 1.000000 0.000000 0.000000 0.000000 0.000000 1.000000
0.337815 -0.941213 -0.000021 0.000000 0.941213 0.337815 -0.000058 32.327599 0.000062 0.000000 1.000000 0.000000 0.000000 0.000000 0.000000 1.000000
0.349198 -0.937049 -0.000021 0.000000 0.937049 0.349198 -0.000058 32.327599 0.000061 0.000000 1.000000 -0.000000 0.000000 0.000000 0.000000 1.000000
0.360641 -0.932705 -0.000022 -0.000000 0.932705 0.360641 -0.000057 32.327599 0.000061 -0.000000 1.000000 -0.000000 0.000000 0.000000 0.000000 1.000000
0.371692 -0.928356 -0.000023 0.000000 0.928356 0.371692 -0.000057 32.327599 0.000061 -0.000000 1.000000 0.000000 0.000000 0.000000 0.000000 1.000000
0.381847 -0.924225 -0.000024 -0.000000 0.924225 0.381847 -0.000056 32.327599 0.000061 -0.000001 1.000000 0.000000 0.000000 0.000000 0.000000 1.000000
0.390904 -0.920432 -0.000024 0.000000 0.920432 0.390904 -0.000057 32.327599 0.000061 0.000000 1.000000 0.000000 0.000000 0.000000 0.000000 1.000000
0.399571 -0.916702 -0.000025 0.000000 0.916702 0.399571 -0.000056 32.327599 0.000061 -0.000000 1.000000 0.000000 0.000000 0.000000 0.000000 1.000000
0.408681 -0.912677 -0.000025 0.000000 0.912677 0.408681 -0.000056 32.327599 0.000061 -0.000000 1.000000 0.000000 0.000000 0.000000 0.000000 1.000000
0.417399 -0.908723 -0.000025 0.000000 0.908723 0.417399 -0.000056 32.327599 0.000061 0.000000 1.000000 0.000000 0.000000 0.000000 0.000000 1.000000
0.423394 -0.905946 -0.000026 0.000000 0.905946 0.423394 -0.000055 32.327599 0.000061 -0.000000 1.000000 0.000000 0.000000 0.000000 0.000000 1.000000
0.425710 -0.904860 -0.000026 0.000000 0.904860 0.425710 -0.000056 32.327599 0.000061 0.000000 1.000000 0.000000 0.000000 0.000000 0.000000 1.000000
0.426100 -0.904676 -0.000026 0.000000 0.904676 0.426100 -0.000055 32.327599 0.000061 -0.000000 1.000000 -0.000000 0.000000 0.000000 0.000000 1.000000
0.426421 -0.904525 -0.000026 0.000000 0.904525 0.426421 -0.000056 32.327599 0.000061 0.000000 1.000000 0.000000 0.000000 0.000000 0.000000 1.000000
0.426508 -0.904484 -0.000026 -0.000000 0.904484 0.426508 -0.000055 32.327599 0.000061 -0.000000 1.000000 -0.000000 0.000000 0.000000 0.000000 1.000000
0.425729 -0.904851 -0.000026 0.000000 0.904851 0.425729 -0.000055 32.327599 0.000061 -0.000000 1.000000 0.000000 0.000000 0.000000 0.000000 1.000000
0.424767 -0.905303 -0.000026 0.000000 0.905303 0.424767 -0.000056 32.327599 0.000061 0.000001 1.000000 0.000000 0.000000 0.000000 0.000000 1.000000
0.424435 -0.905458 -0.000026 -0.000000 0.905458 0.424435 -0.000055 32.327599 0.000061 -0.000000 1.000000 0.000000 0.000000 0.000000 0.000000 1.000000
0.424453 -0.905450 -0.000026 0.000000 0.905450 0.424453 -0.000055 32.327599 0.000061 0.000000 1.000000 0.000000 0.000000 0.000000 0.000000 1.000000
0.424501 -0.905427 -0.000026 -0.000000 0.905427 0.424501 -0.000055 32.327599 0.000061 -0.000000 1.000000 -0.000000 0.000000 0.000000 0.000000 1.000000
0.424583 -0.905389 -0.000026 0.000000 0.905389 0.424583 -0.000055 32.327599 0.000061 0.000000 1.000000 0.000000 0.000000 0.000000 0.000000 1.000000
0.424706 -0.905331 -0.000026 0.000000 0.905331 0.424706 -0.000055 32.327599 0.000061 -0.000000 1.000000 0.000000 0.000000 0.000000 0.000000 1.000000
0.424839 -0.905269 -0.000026 0.000000 0.905269 0.424839 -0.000055 32.327599 0.000061 0.000000 1.000000 0.000000 0.000000 0.000000 0.000000 1.000000
0.424918 -0.905232 -0.000026 -0.000000 0.905232 0.424918 -0.000055 32.327599 0.000061 0.000000 1.000000 0.000000 0.000000 0.000000 0.000000 1.000000</float_array>
        <technique_common>
          <accessor source="#mixamorig_LeftForeArm-Matrix-animation-output-transform-array" count="36" stride="16">
            <param type="float4x4"/>
          </accessor>
        </technique_common>
      </source>
      <source id="mixamorig_LeftForeArm-Interpolations">
        <Name_array id="mixamorig_LeftForeArm-Interpolations-array" count="36">
 LINEAR LINEAR LINEAR LINEAR LINEAR LINEAR LINEAR LINEAR LINEAR LINEAR LINEAR
LINEAR LINEAR LINEAR LINEAR LINEAR LINEAR LINEAR LINEAR LINEAR LINEAR LINEAR LINEAR
LINEAR LINEAR LINEAR LINEAR LINEAR LINEAR LINEAR LINEAR LINEAR LINEAR LINEAR LINEAR
LINEAR</Name_array>
        <technique_common>
          <accessor source="#mixamorig_LeftForeArm-Interpolations-array" count="36">
            <param type="name"/>
          </accessor>
        </technique_common>
      </source>
      <sampler id="mixamorig_LeftForeArm-Matrix-animation-transform">
        <input semantic="INPUT" source="#mixamorig_LeftForeArm-Matrix-animation-input"/>
        <input semantic="OUTPUT" source="#mixamorig_LeftForeArm-Matrix-animation-output-transform"/>
        <input semantic="INTERPOLATION" source="#mixamorig_LeftForeArm-Interpolations"/>
      </sampler>
      <channel source="#mixamorig_LeftForeArm-Matrix-animation-transform" target="mixamorig_LeftForeArm/matrix"/>
    </animation>
    <animation id="mixamorig_LeftHand-anim" name="mixamorig_LeftHand">
      <source id="mixamorig_LeftHand-Matrix-animation-input">
        <float_array id="mixamorig_LeftHand-Matrix-animation-input-array" count="36">

0.000000 0.033333 0.066667 0.100000 0.133333 0.166667 0.200000 0.233333 0.266667 0.300000 0.333333 0.366667 0.400000 0.433333 0.466667 0.500000
0.533333 0.566667 0.600000 0.633333 0.666667 0.700000 0.733333 0.766667 0.800000 0.833333 0.866667 0.900000 0.933333 0.966667 1.000000 1.033333
1.066667 1.100000 1.133333 1.166667</float_array>
        <technique_common>
          <accessor source="#mixamorig_LeftHand-Matrix-animation-input-array" count="36">
            <param name="TIME" type="float"/>
          </accessor>
        </technique_common>
      </source>
      <source id="mixamorig_LeftHand-Matrix-animation-output-transform">
        <float_array id="mixamorig_LeftHand-Matrix-animation-output-transform-array" count="576">

-0.393780 0.448860 -0.802161 0.000200 -0.148451 0.830158 0.537401 31.834700 0.907138 0.330700 -0.260266 0.000000 0.000000 0.000000 0.000000 1.000000
-0.395093 0.448729 -0.801588 0.000200 -0.147554 0.830252 0.537502 31.834700 0.906714 0.330641 -0.261815 0.000000 0.000000 0.000000 0.000000 1.000000
-0.400018 0.446255 -0.800526 0.000200 -0.145886 0.831314 0.536316 31.834700 0.904822 0.331322 -0.267439 -0.000000 0.000000 0.000000 0.000000 1.000000
-0.387327 0.442648 -0.808728 0.000200 -0.150921 0.834924 0.529268 31.834700 0.909506 0.327054 -0.256584 0.000000 0.000000 0.000000 0.000000 1.000000
-0.360119 0.443055 -0.820985 0.000200 -0.157674 0.838463 0.521650 31.834700 0.919485 0.317304 -0.232088 0.000000 0.000000 0.000000 0.000000 1.000000
-0.348559 0.453762 -0.820126 0.000200 -0.153460 0.835564 0.527525 31.834700 0.924639 0.309730 -0.221609 0.000000 0.000000 0.000000 0.000000 1.000000
-0.348025 0.474826 -0.808343 0.000200 -0.143817 0.824999 0.546529 31.834700 0.926388 0.306460 -0.218832 0.000000 0.000000 0.000000 0.000000 1.000000
-0.341112 0.497574 -0.797535 0.000200 -0.141538 0.811563 0.566862 31.834700 0.929306 0.306246 -0.206408 0.000000 0.000000 0.000000 0.000000 1.000000
-0.333914 0.513124 -0.790699 0.000200 -0.146651 0.800351 0.581319 31.834700 0.931126 0.310067 -0.191999 0.000000 0.000000 0.000000 0.000000 1.000000
-0.331149 0.519070 -0.787976 0.000200 -0.153626 0.794292 0.587792 31.834700 0.930988 0.315701 -0.183286 0.000000 0.000000 0.000000 0.000000 1.000000
-0.330080 0.517918 -0.789182 0.000200 -0.158999 0.793589 0.587312 31.834700 0.930466 0.319340 -0.179600 0.000000 0.000000 0.000000 0.000000 1.000000
-0.330464 0.513795 -0.791712 0.000200 -0.161083 0.795829 0.583703 31.834700 0.929971 0.320424 -0.180229 0.000000 0.000000 0.000000 0.000000 1.000000
-0.332143 0.509587 -0.793727 0.000200 -0.161302 0.798417 0.580096 31.834700 0.929335 0.320704 -0.182991 0.000000 0.000000 0.000000 0.000000 1.000000
-0.333825 0.505550 -0.795601 0.000200 -0.162324 0.800579 0.576822 31.834700 0.928554 0.321703 -0.185190 0.000000 0.000000 0.000000 0.000000 1.000000
-0.335557 0.500788 -0.797880 0.000200 -0.164749 0.802737 0.573124 31.834700 0.927502 0.323766 -0.186859 0.000000 0.000000 0.000000 0.000000 1.000000
-0.338295 0.495032 -0.800312 0.000200 -0.167109 0.805337 0.568777 31.834700 0.926084 0.326154 -0.189718 0.000000 0.000000 0.000000 0.000000 1.000000
-0.343103 0.488685 -0.802165 0.000200 -0.167410 0.808516 0.564159 31.834700 0.924259 0.327855 -0.195593 0.000000 0.000000 0.000000 0.000000 1.000000
-0.350314 0.482168 -0.802991 0.000200 -0.164974 0.812150 0.559640 31.834700 0.921989 0.328522 -0.204962 0.000000 0.000000 0.000000 0.000000 1.000000
-0.358148 0.475847 -0.803306 0.000200 -0.161541 0.815822 0.555283 31.834700 0.919584 0.328640 -0.215316 0.000000 0.000000 0.000000 0.000000 1.000000
-0.363793 0.470117 -0.804142 0.000200 -0.159765 0.819011 0.551087 31.834700 0.917676 0.328955 -0.222842 0.000000 0.000000 0.000000 0.000000 1.000000
-0.366233 0.465117 -0.805940 0.000200 -0.160637 0.821510 0.547099 31.834700 0.916553 0.329830 -0.226149 0.000000 0.000000 0.000000 0.000000 1.000000
-0.366559 0.460962 -0.808176 0.000200 -0.162953 0.823403 0.543557 31.834700 0.916014 0.330940 -0.226710 0.000000 0.000000 0.000000 0.000000 1.000000
-0.366103 0.458205 -0.809949 0.000200 -0.164793 0.824696 0.541036 31.834700 0.915867 0.331549 -0.226415 0.000000 0.000000 0.000000 0.000000 1.000000
-0.366685 0.456730 -0.810518 0.000200 -0.164699 0.825574 0.539725 31.834700 0.915651 0.331400 -0.227503 -0.000000 0.000000 0.000000 0.000000 1.000000
-0.371073 0.454969 -0.809511 0.000200 -0.161879 0.826709 0.538839 31.834700 0.914385 0.330991 -0.233120 0.000000 0.000000 0.000000 0.000000 1.000000
-0.379570 0.451977 -0.807244 0.000200 -0.156873 0.828465 0.537621 31.834700 0.911766 0.330700 -0.243558 -0.000000 0.000000 0.000000 0.000000 1.000000
-0.387987 0.449046 -0.804875 0.000200 -0.151994 0.830153 0.536417 31.834700 0.909046 0.330459 -0.253836 0.000000 0.000000 0.000000 0.000000 1.000000
-0.392153 0.447832 -0.803531 0.000200 -0.149431 0.830885 0.536005 31.834700 0.907682 0.330268 -0.258914 0.000000 0.000000 0.000000 0.000000 1.000000
-0.392594 0.448073 -0.803182 0.000200 -0.149030 0.830763 0.536305 31.834700 0.907557 0.330248 -0.259376 0.000000 0.000000 0.000000 0.000000 1.000000
-0.392291 0.448464 -0.803111 0.000200 -0.149190 0.830517 0.536641 31.834700 0.907662 0.330336 -0.258898 0.000000 0.000000 0.000000 0.000000 1.000000
-0.392343 0.448629 -0.802994 0.000200 -0.149190 0.830394 0.536832 31.834700 0.907640 0.330420 -0.258868 0.000000 0.000000 0.000000 0.000000 1.000000
-0.392497 0.448753 -0.802849 0.000200 -0.149120 0.830299 0.536998 31.834700 0.907584 0.330491 -0.258971 0.000000 0.000000 0.000000 0.000000 1.000000
-0.392710 0.448848 -0.802692 0.000200 -0.149012 0.830223 0.537145 31.834700 0.907510 0.330553 -0.259153 -0.000000 0.000000 0.000000 0.000000 1.000000
-0.393082 0.448891 -0.802485 0.000200 -0.148811 0.830176 0.537273 31.834700 0.907382 0.330611 -0.259527 0.000000 0.000000 0.000000 0.000000 1.000000
-0.393552 0.448901 -0.802250 0.000200 -0.148550 0.830151 0.537385 31.834700 0.907221 0.330663 -0.260023 0.000000 0.000000 0.000000 0.000000 1.000000
-0.393832 0.448897 -0.802115 0.000200 -0.148392 0.830142 0.537442 31.834700 0.907125 0.330690 -0.260324 0.000000 0.000000 0.000000 0.000000 1.000000</float_array>
        <technique_common>
          <accessor source="#mixamorig_LeftHand-Matrix-animation-output-transform-array" count="36" stride="16">
            <param type="float4x4"/>
          </accessor>
        </technique_common>
      </source>
      <source id="mixamorig_LeftHand-Interpolations">
        <Name_array id="mixamorig_LeftHand-Interpolations-array" count="36">
 LINEAR LINEAR LINEAR LINEAR LINEAR LINEAR LINEAR LINEAR LINEAR LINEAR LINEAR
LINEAR LINEAR LINEAR LINEAR LINEAR LINEAR LINEAR LINEAR LINEAR LINEAR LINEAR LINEAR
LINEAR LINEAR LINEAR LINEAR LINEAR LINEAR LINEAR LINEAR LINEAR LINEAR LINEAR LINEAR
LINEAR</Name_array>
        <technique_common>
          <accessor source="#mixamorig_LeftHand-Interpolations-array" count="36">
            <param type="name"/>
          </accessor>
        </technique_common>
      </source>
      <sampler id="mixamorig_LeftHand-Matrix-animation-transform">
        <input semantic="INPUT" source="#mixamorig_LeftHand-Matrix-animation-input"/>
        <input semantic="OUTPUT" source="#mixamorig_LeftHand-Matrix-animation-output-transform"/>
        <input semantic="INTERPOLATION" source="#mixamorig_LeftHand-Interpolations"/>
      </sampler>
      <channel source="#mixamorig_LeftHand-Matrix-animation-transform" target="mixamorig_LeftHand/matrix"/>
    </animation>
    <animation id="mixamorig_LeftHandThumb1-anim" name="mixamorig_LeftHandThumb1">
      <source id="mixamorig_LeftHandThumb1-Matrix-animation-input">
        <float_array id="mixamorig_LeftHandThumb1-Matrix-animation-input-array" count="36">

0.000000 0.033333 0.066667 0.100000 0.133333 0.166667 0.200000 0.233333 0.266667 0.300000 0.333333 0.366667 0.400000 0.433333 0.466667 0.500000
0.533333 0.566667 0.600000 0.633333 0.666667 0.700000 0.733333 0.766667 0.800000 0.833333 0.866667 0.900000 0.933333 0.966667 1.000000 1.033333
1.066667 1.100000 1.133333 1.166667</float_array>
        <technique_common>
          <accessor source="#mixamorig_LeftHandThumb1-Matrix-animation-input-array" count="36">
            <param name="TIME" type="float"/>
          </accessor>
        </technique_common>
      </source>
      <source id="mixamorig_LeftHandThumb1-Matrix-animation-output-transform">
        <float_array id="mixamorig_LeftHandThumb1-Matrix-animation-output-transform-array" count="576">

0.961661 -0.274236 -0.001624 -7.403500 0.245616 0.863902 -0.439712 10.426600 0.121988 0.422455 0.898137 3.702000 0.000000 0.000000 0.000000 1.000000
0.977419 -0.210487 -0.018633 -7.403500 0.183393 0.888788 -0.420026 10.426600 0.104971 0.407125 0.907321 3.702000 0.000000 0.000000 0.000000 1.000000
0.986492 -0.160897 -0.030745 -7.403500 0.134994 0.904838 -0.403787 10.426600 0.092787 0.394182 0.914336 3.702000 0.000000 0.000000 0.000000 1.000000
0.988730 -0.145738 -0.034251 -7.403500 0.120205 0.909195 -0.398642 10.426600 0.089238 0.390032 0.916467 3.702000 0.000000 0.000000 0.000000 1.000000
0.988354 -0.148407 -0.033629 -7.403500 0.122814 0.908452 -0.399539 10.426600 0.089844 0.390756 0.916099 3.702000 0.000000 0.000000 0.000000 1.000000
0.988302 -0.148777 -0.033524 -7.403500 0.123184 0.908350 -0.399658 10.426600 0.089911 0.390853 0.916051 3.702000 0.000000 0.000000 0.000000 1.000000
0.988427 -0.147911 -0.033691 -7.403500 0.122354 0.908600 -0.399344 10.426600 0.089679 0.390600 0.916182 3.702000 0.000000 0.000000 0.000000 1.000000
0.988387 -0.148197 -0.033588 -7.403500 0.122650 0.908528 -0.399418 10.426600 0.089708 0.390660 0.916153 3.702000 0.000000 0.000000 0.000000 1.000000
0.988381 -0.148253 -0.033538 -7.403500 0.122721 0.908519 -0.399415 10.426600 0.089684 0.390659 0.916156 3.702000 0.000000 0.000000 0.000000 1.000000
0.988396 -0.148151 -0.033528 -7.403500 0.122637 0.908555 -0.399361 10.426600 0.089628 0.390615 0.916181 3.702000 0.000000 0.000000 0.000000 1.000000
0.988393 -0.148179 -0.033496 -7.403500 0.122675 0.908552 -0.399355 10.426600 0.089609 0.390611 0.916184 3.702000 0.000000 0.000000 0.000000 1.000000
0.988395 -0.148168 -0.033488 -7.403500 0.122669 0.908557 -0.399346 10.426600 0.089596 0.390603 0.916189 3.702000 0.000000 0.000000 0.000000 1.000000
0.988396 -0.148159 -0.033495 -7.403500 0.122659 0.908558 -0.399346 10.426600 0.089599 0.390604 0.916188 3.702000 0.000000 0.000000 0.000000 1.000000
0.988385 -0.148234 -0.033504 -7.403500 0.122719 0.908531 -0.399389 10.426600 0.089643 0.390639 0.916169 3.702000 0.000000 0.000000 0.000000 1.000000
0.988397 -0.148130 -0.033589 -7.403500 0.122590 0.908547 -0.399392 10.426600 0.089679 0.390641 0.916165 3.702000 0.000000 0.000000 0.000000 1.000000
0.988381 -0.148227 -0.033640 -7.403500 0.122652 0.908504 -0.399470 10.426600 0.089775 0.390703 0.916129 3.702000 0.000000 0.000000 0.000000 1.000000
0.988039 -0.150604 -0.033133 -7.403500 0.124954 0.907826 -0.400298 10.426600 0.090366 0.391370 0.915786 3.702000 0.000000 0.000000 0.000000 1.000000
0.987101 -0.156936 -0.031670 -7.403500 0.131131 0.906005 -0.402443 10.426600 0.091851 0.393099 0.914897 3.702000 0.000000 0.000000 0.000000 1.000000
0.985558 -0.166773 -0.029361 -7.403500 0.140729 0.903085 -0.405750 10.426600 0.094183 0.395759 0.913512 3.702000 0.000000 0.000000 0.000000 1.000000
0.983485 -0.179052 -0.026427 -7.403500 0.152710 0.899286 -0.409835 10.426600 0.097147 0.399030 0.911777 3.702000 0.000000 0.000000 0.000000 1.000000
0.980921 -0.193040 -0.023011 -7.403500 0.166361 0.894750 -0.414423 10.426600 0.100589 0.402688 0.909793 3.702000 0.000000 0.000000 0.000000 1.000000
0.977945 -0.207971 -0.019277 -7.403500 0.180932 0.889660 -0.419247 10.426600 0.104341 0.406512 0.907668 3.702000 0.000000 0.000000 0.000000 1.000000
0.974688 -0.223038 -0.015418 -7.403500 0.195638 0.884262 -0.424036 10.426600 0.108210 0.410286 0.905514 3.702000 0.000000 0.000000 0.000000 1.000000
0.971328 -0.237459 -0.011640 -7.403500 0.209714 0.878845 -0.428545 10.426600 0.111992 0.413817 0.903445 3.702000 0.000000 0.000000 0.000000 1.000000
0.968094 -0.250454 -0.008164 -7.403500 0.222399 0.873752 -0.432546 10.426600 0.115467 0.416929 0.901575 3.702000 0.000000 0.000000 0.000000 1.000000
0.965227 -0.261362 -0.005190 -7.403500 0.233049 0.869319 -0.435858 10.426600 0.118429 0.419492 0.900000 3.702000 0.000000 0.000000 0.000000 1.000000
0.963035 -0.269358 -0.002985 -7.403500 0.240853 0.865978 -0.438260 10.426600 0.120634 0.421341 0.898843 3.702000 0.000000 0.000000 0.000000 1.000000
0.961870 -0.273500 -0.001854 -7.403500 0.244888 0.864222 -0.439488 10.426600 0.121802 0.422276 0.898247 3.702000 0.000000 0.000000 0.000000 1.000000
0.961612 -0.274407 -0.001619 -7.403500 0.245766 0.863841 -0.439746 10.426600 0.122068 0.422468 0.898121 3.702000 0.000000 0.000000 0.000000 1.000000
0.961654 -0.274260 -0.001662 -7.403500 0.245623 0.863906 -0.439699 10.426600 0.122028 0.422430 0.898144 3.702000 0.000000 0.000000 0.000000 1.000000
0.961669 -0.274209 -0.001675 -7.403500 0.245574 0.863928 -0.439685 10.426600 0.122012 0.422420 0.898151 3.702000 0.000000 0.000000 0.000000 1.000000
0.961670 -0.274206 -0.001675 -7.403500 0.245570 0.863929 -0.439684 10.426600 0.122011 0.422419 0.898151 3.702000 0.000000 0.000000 0.000000 1.000000
0.961671 -0.274200 -0.001676 -7.403500 0.245565 0.863931 -0.439683 10.426600 0.122009 0.422419 0.898152 3.702000 0.000000 0.000000 0.000000 1.000000
0.961670 -0.274205 -0.001675 -7.403500 0.245570 0.863929 -0.439685 10.426600 0.122010 0.422420 0.898151 3.702000 0.000000 0.000000 0.000000 1.000000
0.961670 -0.274205 -0.001675 -7.403500 0.245570 0.863929 -0.439685 10.426600 0.122011 0.422420 0.898151 3.702000 0.000000 0.000000 0.000000 1.000000
0.961670 -0.274205 -0.001675 -7.403500 0.245570 0.863929 -0.439684 10.426600 0.122010 0.422420 0.898151 3.702000 0.000000 0.000000 0.000000 1.000000</float_array>
        <technique_common>
          <accessor source="#mixamorig_LeftHandThumb1-Matrix-animation-output-transform-array" count="36" stride="16">
            <param type="float4x4"/>
          </accessor>
        </technique_common>
      </source>
      <source id="mixamorig_LeftHandThumb1-Interpolations">
        <Name_array id="mixamorig_LeftHandThumb1-Interpolations-array" count="36">
 LINEAR LINEAR LINEAR LINEAR LINEAR LINEAR LINEAR LINEAR LINEAR LINEAR LINEAR
LINEAR LINEAR LINEAR LINEAR LINEAR LINEAR LINEAR LINEAR LINEAR LINEAR LINEAR LINEAR
LINEAR LINEAR LINEAR LINEAR LINEAR LINEAR LINEAR LINEAR LINEAR LINEAR LINEAR LINEAR
LINEAR</Name_array>
        <technique_common>
          <accessor source="#mixamorig_LeftHandThumb1-Interpolations-array" count="36">
            <param type="name"/>
          </accessor>
        </technique_common>
      </source>
      <sampler id="mixamorig_LeftHandThumb1-Matrix-animation-transform">
        <input semantic="INPUT" source="#mixamorig_LeftHandThumb1-Matrix-animation-input"/>
        <input semantic="OUTPUT" source="#mixamorig_LeftHandThumb1-Matrix-animation-output-transform"/>
        <input semantic="INTERPOLATION" source="#mixamorig_LeftHandThumb1-Interpolations"/>
      </sampler>
      <channel source="#mixamorig_LeftHandThumb1-Matrix-animation-transform" target="mixamorig_LeftHandThumb1/matrix"/>
    </animation>
    <animation id="mixamorig_LeftHandThumb2-anim" name="mixamorig_LeftHandThumb2">
      <source id="mixamorig_LeftHandThumb2-Matrix-animation-input">
        <float_array id="mixamorig_LeftHandThumb2-Matrix-animation-input-array" count="36">

0.000000 0.033333 0.066667 0.100000 0.133333 0.166667 0.200000 0.233333 0.266667 0.300000 0.333333 0.366667 0.400000 0.433333 0.466667 0.500000
0.533333 0.566667 0.600000 0.633333 0.666667 0.700000 0.733333 0.766667 0.800000 0.833333 0.866667 0.900000 0.933333 0.966667 1.000000 1.033333
1.066667 1.100000 1.133333 1.166667</float_array>
        <technique_common>
          <accessor source="#mixamorig_LeftHandThumb2-Matrix-animation-input-array" count="36">
            <param name="TIME" type="float"/>
          </accessor>
        </technique_common>
      </source>
      <source id="mixamorig_LeftHandThumb2-Matrix-animation-output-transform">
        <float_array id="mixamorig_LeftHandThumb2-Matrix-animation-output-transform-array" count="576">

0.934802 0.128970 0.330927 0.000000 -0.119765 0.991634 -0.048151 5.049800 -0.334369 0.005378 0.942427 0.000000 0.000000 0.000000 0.000000 1.000000
0.934802 0.128970 0.330927 0.000000 -0.119765 0.991634 -0.048152 5.049800 -0.334369 0.005379 0.942427 -0.000000 0.000000 0.000000 0.000000 1.000000
0.934802 0.128970 0.330927 0.000000 -0.119765 0.991634 -0.048152 5.049800 -0.334369 0.005379 0.942427 0.000000 0.000000 0.000000 0.000000 1.000000
0.934802 0.128970 0.330927 0.000000 -0.119765 0.991634 -0.048152 5.049800 -0.334369 0.005379 0.942427 0.000000 0.000000 0.000000 0.000000 1.000000
0.934802 0.128970 0.330927 0.000000 -0.119765 0.991634 -0.048152 5.049800 -0.334369 0.005379 0.942427 0.000000 0.000000 0.000000 0.000000 1.000000
0.934802 0.128970 0.330927 0.000000 -0.119765 0.991634 -0.048152 5.049800 -0.334369 0.005379 0.942427 0.000000 0.000000 0.000000 0.000000 1.000000
0.934802 0.128970 0.330927 -0.000000 -0.119765 0.991634 -0.048151 5.049800 -0.334369 0.005379 0.942427 0.000000 0.000000 0.000000 0.000000 1.000000
0.934802 0.128970 0.330927 -0.000000 -0.119765 0.991634 -0.048151 5.049800 -0.334369 0.005379 0.942427 -0.000000 0.000000 0.000000 0.000000 1.000000
0.934802 0.128970 0.330927 0.000000 -0.119765 0.991634 -0.048152 5.049800 -0.334369 0.005379 0.942427 -0.000000 0.000000 0.000000 0.000000 1.000000
0.934801 0.128970 0.330927 0.000000 -0.119765 0.991634 -0.048152 5.049800 -0.334369 0.005379 0.942427 0.000000 0.000000 0.000000 0.000000 1.000000
0.934801 0.128970 0.330927 0.000000 -0.119765 0.991634 -0.048152 5.049800 -0.334369 0.005379 0.942427 0.000000 0.000000 0.000000 0.000000 1.000000
0.934801 0.128970 0.330928 0.000000 -0.119765 0.991634 -0.048152 5.049800 -0.334369 0.005379 0.942427 0.000000 0.000000 0.000000 0.000000 1.000000
0.934801 0.128970 0.330927 0.000000 -0.119765 0.991634 -0.048152 5.049800 -0.334369 0.005379 0.942427 0.000000 0.000000 0.000000 0.000000 1.000000
0.934801 0.128970 0.330927 0.000000 -0.119765 0.991634 -0.048152 5.049800 -0.334369 0.005379 0.942427 0.000000 0.000000 0.000000 0.000000 1.000000
0.934801 0.128970 0.330927 -0.000000 -0.119765 0.991634 -0.048152 5.049800 -0.334369 0.005379 0.942427 -0.000000 0.000000 0.000000 0.000000 1.000000
0.934802 0.128970 0.330927 0.000000 -0.119765 0.991634 -0.048152 5.049800 -0.334369 0.005379 0.942427 0.000000 0.000000 0.000000 0.000000 1.000000
0.934801 0.128970 0.330927 -0.000000 -0.119765 0.991634 -0.048152 5.049800 -0.334369 0.005379 0.942427 -0.000000 0.000000 0.000000 0.000000 1.000000
0.934801 0.128970 0.330927 0.000000 -0.119765 0.991634 -0.048152 5.049800 -0.334369 0.005379 0.942427 0.000000 0.000000 0.000000 0.000000 1.000000
0.934802 0.128970 0.330927 0.000000 -0.119765 0.991634 -0.048152 5.049800 -0.334369 0.005379 0.942427 0.000000 0.000000 0.000000 0.000000 1.000000
0.934801 0.128970 0.330927 0.000000 -0.119765 0.991634 -0.048152 5.049800 -0.334369 0.005379 0.942427 -0.000000 0.000000 0.000000 0.000000 1.000000
0.934801 0.128970 0.330927 0.000000 -0.119765 0.991634 -0.048152 5.049800 -0.334369 0.005379 0.942427 0.000000 0.000000 0.000000 0.000000 1.000000
0.934802 0.128970 0.330927 0.000000 -0.119765 0.991634 -0.048152 5.049800 -0.334369 0.005379 0.942427 0.000000 0.000000 0.000000 0.000000 1.000000
0.934802 0.128970 0.330927 0.000000 -0.119765 0.991634 -0.048152 5.049800 -0.334369 0.005379 0.942427 -0.000000 0.000000 0.000000 0.000000 1.000000
0.934802 0.128970 0.330927 0.000000 -0.119765 0.991634 -0.048152 5.049800 -0.334369 0.005379 0.942427 -0.000000 0.000000 0.000000 0.000000 1.000000
0.934802 0.128970 0.330927 -0.000000 -0.119765 0.991634 -0.048152 5.049800 -0.334369 0.005379 0.942427 0.000000 0.000000 0.000000 0.000000 1.000000
0.934802 0.128970 0.330927 0.000000 -0.119765 0.991634 -0.048152 5.049800 -0.334369 0.005379 0.942427 0.000000 0.000000 0.000000 0.000000 1.000000
0.934801 0.128970 0.330927 0.000000 -0.119765 0.991634 -0.048152 5.049800 -0.334369 0.005379 0.942427 0.000000 0.000000 0.000000 0.000000 1.000000
0.934802 0.128970 0.330927 0.000000 -0.119765 0.991634 -0.048151 5.049800 -0.334369 0.005379 0.942427 0.000000 0.000000 0.000000 0.000000 1.000000
0.934802 0.128970 0.330927 -0.000000 -0.119765 0.991634 -0.048152 5.049800 -0.334369 0.005379 0.942427 0.000000 0.000000 0.000000 0.000000 1.000000
0.934801 0.128970 0.330928 0.000000 -0.119765 0.991634 -0.048152 5.049800 -0.334369 0.005379 0.942427 0.000000 0.000000 0.000000 0.000000 1.000000
0.934801 0.128970 0.330927 0.000000 -0.119765 0.991634 -0.048152 5.049800 -0.334369 0.005379 0.942427 0.000000 0.000000 0.000000 0.000000 1.000000
0.934801 0.128970 0.330928 0.000000 -0.119765 0.991634 -0.048151 5.049800 -0.334369 0.005379 0.942427 0.000000 0.000000 0.000000 0.000000 1.000000
0.934802 0.128970 0.330927 -0.000000 -0.119764 0.991634 -0.048152 5.049800 -0.334369 0.005379 0.942427 0.000000 0.000000 0.000000 0.000000 1.000000
0.934801 0.128970 0.330927 0.000000 -0.119765 0.991634 -0.048152 5.049800 -0.334369 0.005379 0.942427 0.000000 0.000000 0.000000 0.000000 1.000000
0.934802 0.128970 0.330927 -0.000000 -0.119765 0.991634 -0.048152 5.049800 -0.334369 0.005379 0.942427 0.000000 0.000000 0.000000 0.000000 1.000000
0.934802 0.128970 0.330927 0.000000 -0.119765 0.991634 -0.048152 5.049800 -0.334369 0.005379 0.942427 -0.000000 0.000000 0.000000 0.000000 1.000000</float_array>
        <technique_common>
          <accessor source="#mixamorig_LeftHandThumb2-Matrix-animation-output-transform-array" count="36" stride="16">
            <param type="float4x4"/>
          </accessor>
        </technique_common>
      </source>
      <source id="mixamorig_LeftHandThumb2-Interpolations">
        <Name_array id="mixamorig_LeftHandThumb2-Interpolations-array" count="36">
 LINEAR LINEAR LINEAR LINEAR LINEAR LINEAR LINEAR LINEAR LINEAR LINEAR LINEAR
LINEAR LINEAR LINEAR LINEAR LINEAR LINEAR LINEAR LINEAR LINEAR LINEAR LINEAR LINEAR
LINEAR LINEAR LINEAR LINEAR LINEAR LINEAR LINEAR LINEAR LINEAR LINEAR LINEAR LINEAR
LINEAR</Name_array>
        <technique_common>
          <accessor source="#mixamorig_LeftHandThumb2-Interpolations-array" count="36">
            <param type="name"/>
          </accessor>
        </technique_common>
      </source>
      <sampler id="mixamorig_LeftHandThumb2-Matrix-animation-transform">
        <input semantic="INPUT" source="#mixamorig_LeftHandThumb2-Matrix-animation-input"/>
        <input semantic="OUTPUT" source="#mixamorig_LeftHandThumb2-Matrix-animation-output-transform"/>
        <input semantic="INTERPOLATION" source="#mixamorig_LeftHandThumb2-Interpolations"/>
      </sampler>
      <channel source="#mixamorig_LeftHandThumb2-Matrix-animation-transform" target="mixamorig_LeftHandThumb2/matrix"/>
    </animation>
    <animation id="mixamorig_LeftHandThumb3-anim" name="mixamorig_LeftHandThumb3">
      <source id="mixamorig_LeftHandThumb3-Matrix-animation-input">
        <float_array id="mixamorig_LeftHandThumb3-Matrix-animation-input-array" count="36">

0.000000 0.033333 0.066667 0.100000 0.133333 0.166667 0.200000 0.233333 0.266667 0.300000 0.333333 0.366667 0.400000 0.433333 0.466667 0.500000
0.533333 0.566667 0.600000 0.633333 0.666667 0.700000 0.733333 0.766667 0.800000 0.833333 0.866667 0.900000 0.933333 0.966667 1.000000 1.033333
1.066667 1.100000 1.133333 1.166667</float_array>
        <technique_common>
          <accessor source="#mixamorig_LeftHandThumb3-Matrix-animation-input-array" count="36">
            <param name="TIME" type="float"/>
          </accessor>
        </technique_common>
      </source>
      <source id="mixamorig_LeftHandThumb3-Matrix-animation-output-transform">
        <float_array id="mixamorig_LeftHandThumb3-Matrix-animation-output-transform-array" count="576">

0.982611 -0.184129 0.023940 0.000000 0.183518 0.982682 0.025623 5.797200 -0.028243 -0.020784 0.999385 0.000000 0.000000 0.000000 0.000000 1.000000
0.982611 -0.184129 0.023940 0.000000 0.183518 0.982682 0.025623 5.797200 -0.028243 -0.020784 0.999385 -0.000000 0.000000 0.000000 0.000000 1.000000
0.982611 -0.184129 0.023940 0.000000 0.183518 0.982682 0.025623 5.797200 -0.028243 -0.020784 0.999385 -0.000000 0.000000 0.000000 0.000000 1.000000
0.982611 -0.184129 0.023940 0.000000 0.183518 0.982682 0.025623 5.797200 -0.028243 -0.020784 0.999385 0.000000 0.000000 0.000000 0.000000 1.000000
0.982611 -0.184129 0.023939 0.000000 0.183518 0.982682 0.025624 5.797200 -0.028243 -0.020785 0.999385 -0.000000 0.000000 0.000000 0.000000 1.000000
0.982611 -0.184129 0.023939 -0.000000 0.183518 0.982682 0.025623 5.797200 -0.028243 -0.020784 0.999385 0.000000 0.000000 0.000000 0.000000 1.000000
0.982610 -0.184129 0.023939 0.000000 0.183518 0.982682 0.025623 5.797200 -0.028243 -0.020784 0.999385 -0.000000 0.000000 0.000000 0.000000 1.000000
0.982611 -0.184129 0.023939 0.000000 0.183518 0.982682 0.025623 5.797200 -0.028243 -0.020784 0.999385 0.000000 0.000000 0.000000 0.000000 1.000000
0.982611 -0.184129 0.023940 0.000000 0.183518 0.982682 0.025623 5.797200 -0.028243 -0.020784 0.999385 0.000000 0.000000 0.000000 0.000000 1.000000
0.982611 -0.184129 0.023940 0.000000 0.183518 0.982682 0.025623 5.797200 -0.028243 -0.020784 0.999385 0.000000 0.000000 0.000000 0.000000 1.000000
0.982610 -0.184129 0.023940 0.000000 0.183518 0.982682 0.025623 5.797200 -0.028243 -0.020784 0.999385 0.000000 0.000000 0.000000 0.000000 1.000000
0.982611 -0.184129 0.023939 0.000000 0.183518 0.982682 0.025623 5.797200 -0.028243 -0.020784 0.999385 0.000000 0.000000 0.000000 0.000000 1.000000
0.982611 -0.184129 0.023940 -0.000000 0.183518 0.982682 0.025623 5.797200 -0.028243 -0.020784 0.999385 -0.000000 0.000000 0.000000 0.000000 1.000000
0.982611 -0.184129 0.023940 0.000000 0.183518 0.982682 0.025623 5.797200 -0.028243 -0.020784 0.999385 0.000000 0.000000 0.000000 0.000000 1.000000
0.982610 -0.184129 0.023939 0.000000 0.183518 0.982682 0.025623 5.797200 -0.028243 -0.020784 0.999385 0.000000 0.000000 0.000000 0.000000 1.000000
0.982611 -0.184129 0.023940 0.000000 0.183518 0.982682 0.025623 5.797200 -0.028243 -0.020784 0.999385 -0.000000 0.000000 0.000000 0.000000 1.000000
0.982611 -0.184129 0.023940 0.000000 0.183518 0.982682 0.025623 5.797200 -0.028243 -0.020784 0.999385 0.000000 0.000000 0.000000 0.000000 1.000000
0.982611 -0.184129 0.023939 -0.000000 0.183518 0.982682 0.025624 5.797200 -0.028243 -0.020785 0.999385 -0.000000 0.000000 0.000000 0.000000 1.000000
0.982611 -0.184129 0.023940 0.000000 0.183518 0.982682 0.025623 5.797200 -0.028243 -0.020784 0.999385 0.000000 0.000000 0.000000 0.000000 1.000000
0.982611 -0.184129 0.023939 -0.000000 0.183518 0.982682 0.025623 5.797200 -0.028243 -0.020784 0.999385 0.000000 0.000000 0.000000 0.000000 1.000000
0.982611 -0.184129 0.023939 0.000000 0.183518 0.982682 0.025624 5.797200 -0.028243 -0.020785 0.999385 -0.000000 0.000000 0.000000 0.000000 1.000000
0.982611 -0.184129 0.023940 0.000000 0.183518 0.982682 0.025623 5.797200 -0.028243 -0.020784 0.999385 0.000000 0.000000 0.000000 0.000000 1.000000
0.982611 -0.184129 0.023939 0.000000 0.183518 0.982682 0.025623 5.797200 -0.028243 -0.020785 0.999385 0.000000 0.000000 0.000000 0.000000 1.000000
0.982611 -0.184129 0.023940 0.000000 0.183518 0.982682 0.025623 5.797200 -0.028243 -0.020785 0.999385 0.000000 0.000000 0.000000 0.000000 1.000000
0.982611 -0.184129 0.023940 0.000000 0.183518 0.982682 0.025623 5.797200 -0.028243 -0.020785 0.999385 0.000000 0.000000 0.000000 0.000000 1.000000
0.982611 -0.184129 0.023940 -0.000000 0.183518 0.982682 0.025623 5.797200 -0.028243 -0.020784 0.999385 0.000000 0.000000 0.000000 0.000000 1.000000
0.982611 -0.184129 0.023940 0.000000 0.183518 0.982682 0.025623 5.797200 -0.028243 -0.020784 0.999385 0.000000 0.000000 0.000000 0.000000 1.000000
0.982611 -0.184129 0.023939 0.000000 0.183518 0.982682 0.025623 5.797200 -0.028243 -0.020784 0.999385 0.000000 0.000000 0.000000 0.000000 1.000000
0.982611 -0.184129 0.023940 0.000000 0.183518 0.982682 0.025623 5.797200 -0.028243 -0.020784 0.999385 0.000000 0.000000 0.000000 0.000000 1.000000
0.982611 -0.184129 0.023939 0.000000 0.183518 0.982682 0.025623 5.797200 -0.028243 -0.020784 0.999385 0.000000 0.000000 0.000000 0.000000 1.000000
0.982611 -0.184129 0.023940 0.000000 0.183518 0.982682 0.025623 5.797200 -0.028243 -0.020784 0.999385 0.000000 0.000000 0.000000 0.000000 1.000000
0.982611 -0.184129 0.023940 0.000000 0.183518 0.982682 0.025623 5.797200 -0.028243 -0.020784 0.999385 -0.000000 0.000000 0.000000 0.000000 1.000000
0.982611 -0.184129 0.023940 0.000000 0.183518 0.982682 0.025623 5.797200 -0.028243 -0.020784 0.999385 0.000000 0.000000 0.000000 0.000000 1.000000
0.982611 -0.184129 0.023939 0.000000 0.183518 0.982682 0.025623 5.797200 -0.028243 -0.020784 0.999385 0.000000 0.000000 0.000000 0.000000 1.000000
0.982611 -0.184129 0.023940 0.000000 0.183518 0.982682 0.025623 5.797200 -0.028243 -0.020784 0.999385 0.000000 0.000000 0.000000 0.000000 1.000000
0.982611 -0.184129 0.023940 0.000000 0.183518 0.982682 0.025623 5.797200 -0.028243 -0.020784 0.999385 -0.000000 0.000000 0.000000 0.000000 1.000000</float_array>
        <technique_common>
          <accessor source="#mixamorig_LeftHandThumb3-Matrix-animation-output-transform-array" count="36" stride="16">
            <param type="float4x4"/>
          </accessor>
        </technique_common>
      </source>
      <source id="mixamorig_LeftHandThumb3-Interpolations">
        <Name_array id="mixamorig_LeftHandThumb3-Interpolations-array" count="36">
 LINEAR LINEAR LINEAR LINEAR LINEAR LINEAR LINEAR LINEAR LINEAR LINEAR LINEAR
LINEAR LINEAR LINEAR LINEAR LINEAR LINEAR LINEAR LINEAR LINEAR LINEAR LINEAR LINEAR
LINEAR LINEAR LINEAR LINEAR LINEAR LINEAR LINEAR LINEAR LINEAR LINEAR LINEAR LINEAR
LINEAR</Name_array>
        <technique_common>
          <accessor source="#mixamorig_LeftHandThumb3-Interpolations-array" count="36">
            <param type="name"/>
          </accessor>
        </technique_common>
      </source>
      <sampler id="mixamorig_LeftHandThumb3-Matrix-animation-transform">
        <input semantic="INPUT" source="#mixamorig_LeftHandThumb3-Matrix-animation-input"/>
        <input semantic="OUTPUT" source="#mixamorig_LeftHandThumb3-Matrix-animation-output-transform"/>
        <input semantic="INTERPOLATION" source="#mixamorig_LeftHandThumb3-Interpolations"/>
      </sampler>
      <channel source="#mixamorig_LeftHandThumb3-Matrix-animation-transform" target="mixamorig_LeftHandThumb3/matrix"/>
    </animation>
    <animation id="mixamorig_LeftHandIndex1-anim" name="mixamorig_LeftHandIndex1">
      <source id="mixamorig_LeftHandIndex1-Matrix-animation-input">
        <float_array id="mixamorig_LeftHandIndex1-Matrix-animation-input-array" count="36">

0.000000 0.033333 0.066667 0.100000 0.133333 0.166667 0.200000 0.233333 0.266667 0.300000 0.333333 0.366667 0.400000 0.433333 0.466667 0.500000
0.533333 0.566667 0.600000 0.633333 0.666667 0.700000 0.733333 0.766667 0.800000 0.833333 0.866667 0.900000 0.933333 0.966667 1.000000 1.033333
1.066667 1.100000 1.133333 1.166667</float_array>
        <technique_common>
          <accessor source="#mixamorig_LeftHandIndex1-Matrix-animation-input-array" count="36">
            <param name="TIME" type="float"/>
          </accessor>
        </technique_common>
      </source>
      <source id="mixamorig_LeftHandIndex1-Matrix-animation-output-transform">
        <float_array id="mixamorig_LeftHandIndex1-Matrix-animation-output-transform-array" count="576">

0.997635 0.052780 -0.044029 -0.000100 -0.068607 0.803560 -0.591257 22.748400 0.004173 0.592880 0.805280 -0.159000 0.000000 0.000000 0.000000 1.000000
0.996809 0.065587 -0.045494 -0.000100 -0.079746 0.793657 -0.603117 22.748400 -0.003450 0.604820 0.796355 -0.159000 0.000000 0.000000 0.000000 1.000000
0.995694 0.079847 -0.047088 -0.000100 -0.091873 0.782467 -0.615877 22.748400 -0.012331 0.617551 0.786434 -0.159000 0.000000 0.000000 0.000000 1.000000
0.994381 0.094034 -0.048627 -0.000100 -0.103645 0.771225 -0.628069 22.748400 -0.021558 0.629579 0.776637 -0.159000 0.000000 0.000000 0.000000 1.000000
0.993160 0.105591 -0.049845 -0.000100 -0.113017 0.762002 -0.637637 22.748400 -0.029347 0.638908 0.768723 -0.159000 0.000000 0.000000 0.000000 1.000000
0.992422 0.112013 -0.050507 -0.000100 -0.118140 0.756855 -0.642817 22.748400 -0.033777 0.643913 0.764353 -0.159000 0.000000 0.000000 0.000000 1.000000
0.992250 0.113468 -0.050655 -0.000100 -0.119292 0.755692 -0.643971 22.748400 -0.034790 0.645023 0.763371 -0.159000 0.000000 0.000000 0.000000 1.000000
0.992282 0.113194 -0.050627 -0.000100 -0.119075 0.755912 -0.643753 22.748400 -0.034599 0.644814 0.763556 -0.159000 0.000000 0.000000 0.000000 1.000000
0.992279 0.113219 -0.050630 -0.000100 -0.119095 0.755890 -0.643775 22.748400 -0.034617 0.644834 0.763538 -0.159000 0.000000 0.000000 0.000000 1.000000
0.992267 0.113318 -0.050640 -0.000100 -0.119173 0.755812 -0.643853 22.748400 -0.034686 0.644909 0.763472 -0.159000 0.000000 0.000000 0.000000 1.000000
0.992268 0.113310 -0.050639 -0.000100 -0.119167 0.755818 -0.643846 22.748400 -0.034680 0.644903 0.763477 -0.159000 0.000000 0.000000 0.000000 1.000000
0.992266 0.113331 -0.050642 -0.000100 -0.119184 0.755801 -0.643864 22.748400 -0.034695 0.644919 0.763463 -0.159000 0.000000 0.000000 0.000000 1.000000
0.992263 0.113351 -0.050644 -0.000100 -0.119200 0.755785 -0.643879 22.748400 -0.034709 0.644935 0.763449 -0.159000 0.000000 0.000000 0.000000 1.000000
0.992266 0.113330 -0.050641 -0.000100 -0.119182 0.755802 -0.643862 22.748400 -0.034694 0.644918 0.763464 -0.159000 0.000000 0.000000 0.000000 1.000000
0.992267 0.113318 -0.050640 -0.000100 -0.119174 0.755812 -0.643853 22.748400 -0.034686 0.644909 0.763472 -0.159000 0.000000 0.000000 0.000000 1.000000
0.992276 0.113247 -0.050633 -0.000100 -0.119117 0.755869 -0.643796 22.748400 -0.034636 0.644855 0.763520 -0.159000 0.000000 0.000000 0.000000 1.000000
0.992342 0.112694 -0.050577 -0.000100 -0.118680 0.756311 -0.643357 22.748400 -0.034251 0.644432 0.763894 -0.159000 0.000000 0.000000 0.000000 1.000000
0.992513 0.111245 -0.050428 -0.000100 -0.117530 0.757474 -0.642200 22.748400 -0.033243 0.643318 0.764877 -0.159000 0.000000 0.000000 0.000000 1.000000
0.992785 0.108896 -0.050187 -0.000100 -0.115660 0.759355 -0.640314 22.748400 -0.031618 0.641499 0.766472 -0.159000 0.000000 0.000000 0.000000 1.000000
0.993135 0.105810 -0.049868 -0.000100 -0.113192 0.761825 -0.637816 22.748400 -0.029497 0.639082 0.768572 -0.159000 0.000000 0.000000 0.000000 1.000000
0.993544 0.102086 -0.049479 -0.000100 -0.110194 0.764803 -0.634770 22.748400 -0.026959 0.636125 0.771115 -0.159000 0.000000 0.000000 0.000000 1.000000
0.993996 0.097818 -0.049029 -0.000100 -0.106734 0.768210 -0.631238 22.748400 -0.024081 0.632681 0.774038 -0.159000 0.000000 0.000000 0.000000 1.000000
0.994472 0.093120 -0.048529 -0.000100 -0.102895 0.771952 -0.627298 22.748400 -0.020952 0.628823 0.777266 -0.159000 0.000000 0.000000 0.000000 1.000000
0.994955 0.088100 -0.047989 -0.000100 -0.098757 0.775940 -0.623029 22.748400 -0.017653 0.624625 0.780726 -0.159000 0.000000 0.000000 0.000000 1.000000
0.995434 0.082847 -0.047417 -0.000100 -0.094387 0.780100 -0.618494 22.748400 -0.014250 0.620145 0.784357 -0.159000 0.000000 0.000000 0.000000 1.000000
0.995892 0.077498 -0.046828 -0.000100 -0.089896 0.784320 -0.613809 22.748400 -0.010840 0.615497 0.788065 -0.159000 0.000000 0.000000 0.000000 1.000000
0.996320 0.072172 -0.046236 -0.000100 -0.085383 0.788503 -0.609075 22.748400 -0.007501 0.610781 0.791764 -0.159000 0.000000 0.000000 0.000000 1.000000
0.996724 0.066778 -0.045630 -0.000100 -0.080771 0.792723 -0.604208 22.748400 -0.004176 0.605914 0.795519 -0.159000 0.000000 0.000000 0.000000 1.000000
0.997054 0.062047 -0.045093 -0.000100 -0.076691 0.796403 -0.599884 22.748400 -0.001309 0.601575 0.798815 -0.159000 0.000000 0.000000 0.000000 1.000000
0.997235 0.059301 -0.044780 -0.000100 -0.074308 0.798531 -0.597350 22.748400 0.000335 0.599026 0.800730 -0.159000 0.000000 0.000000 0.000000 1.000000
0.997332 0.057785 -0.044606 -0.000100 -0.072988 0.799705 -0.595941 22.748400 0.001235 0.597606 0.801789 -0.159000 0.000000 0.000000 0.000000 1.000000
0.997413 0.056485 -0.044457 -0.000100 -0.071854 0.800708 -0.594730 22.748400 0.002003 0.596386 0.802695 -0.159000 0.000000 0.000000 0.000000 1.000000
0.997481 0.055384 -0.044330 -0.000100 -0.070890 0.801557 -0.593701 22.748400 0.002651 0.595348 0.803464 -0.159000 0.000000 0.000000 0.000000 1.000000
0.997544 0.054329 -0.044208 -0.000100 -0.069967 0.802369 -0.592713 22.748400 0.003270 0.594350 0.804200 -0.159000 0.000000 0.000000 0.000000 1.000000
0.997604 0.053317 -0.044091 -0.000100 -0.069078 0.803148 -0.591762 22.748400 0.003861 0.593389 0.804906 -0.159000 0.000000 0.000000 0.000000 1.000000
0.997635 0.052780 -0.044029 -0.000100 -0.068607 0.803560 -0.591257 22.748400 0.004173 0.592879 0.805280 -0.159000 0.000000 0.000000 0.000000 1.000000</float_array>
        <technique_common>
          <accessor source="#mixamorig_LeftHandIndex1-Matrix-animation-output-transform-array" count="36" stride="16">
            <param type="float4x4"/>
          </accessor>
        </technique_common>
      </source>
      <source id="mixamorig_LeftHandIndex1-Interpolations">
        <Name_array id="mixamorig_LeftHandIndex1-Interpolations-array" count="36">
 LINEAR LINEAR LINEAR LINEAR LINEAR LINEAR LINEAR LINEAR LINEAR LINEAR LINEAR
LINEAR LINEAR LINEAR LINEAR LINEAR LINEAR LINEAR LINEAR LINEAR LINEAR LINEAR LINEAR
LINEAR LINEAR LINEAR LINEAR LINEAR LINEAR LINEAR LINEAR LINEAR LINEAR LINEAR LINEAR
LINEAR</Name_array>
        <technique_common>
          <accessor source="#mixamorig_LeftHandIndex1-Interpolations-array" count="36">
            <param type="name"/>
          </accessor>
        </technique_common>
      </source>
      <sampler id="mixamorig_LeftHandIndex1-Matrix-animation-transform">
        <input semantic="INPUT" source="#mixamorig_LeftHandIndex1-Matrix-animation-input"/>
        <input semantic="OUTPUT" source="#mixamorig_LeftHandIndex1-Matrix-animation-output-transform"/>
        <input semantic="INTERPOLATION" source="#mixamorig_LeftHandIndex1-Interpolations"/>
      </sampler>
      <channel source="#mixamorig_LeftHandIndex1-Matrix-animation-transform" target="mixamorig_LeftHandIndex1/matrix"/>
    </animation>
    <animation id="mixamorig_LeftHandIndex2-anim" name="mixamorig_LeftHandIndex2">
      <source id="mixamorig_LeftHandIndex2-Matrix-animation-input">
        <float_array id="mixamorig_LeftHandIndex2-Matrix-animation-input-array" count="36">

0.000000 0.033333 0.066667 0.100000 0.133333 0.166667 0.200000 0.233333 0.266667 0.300000 0.333333 0.366667 0.400000 0.433333 0.466667 0.500000
0.533333 0.566667 0.600000 0.633333 0.666667 0.700000 0.733333 0.766667 0.800000 0.833333 0.866667 0.900000 0.933333 0.966667 1.000000 1.033333
1.066667 1.100000 1.133333 1.166667</float_array>
        <technique_common>
          <accessor source="#mixamorig_LeftHandIndex2-Matrix-animation-input-array" count="36">
            <param name="TIME" type="float"/>
          </accessor>
        </technique_common>
      </source>
      <source id="mixamorig_LeftHandIndex2-Matrix-animation-output-transform">
        <float_array id="mixamorig_LeftHandIndex2-Matrix-animation-output-transform-array" count="576">

0.994755 0.088580 -0.051156 0.000000 -0.088581 0.495858 -0.863874 5.146200 -0.051156 0.863874 0.501104 0.000000 0.000000 0.000000 0.000000 1.000000
0.994306 0.090950 -0.055529 0.000000 -0.090950 0.452761 -0.886981 5.146200 -0.055529 0.886981 0.458455 0.000000 0.000000 0.000000 0.000000 1.000000
0.993789 0.093352 -0.060574 -0.000000 -0.093352 0.403046 -0.910406 5.146200 -0.060574 0.910406 0.409257 0.000000 0.000000 0.000000 0.000000 1.000000
0.993257 0.095480 -0.065765 0.000000 -0.095480 0.351895 -0.931157 5.146200 -0.065764 0.931157 0.358638 0.000000 0.000000 0.000000 0.000000 1.000000
0.992812 0.097008 -0.070105 0.000000 -0.097008 0.309120 -0.946063 5.146200 -0.070105 0.946063 0.316308 -0.000000 0.000000 0.000000 0.000000 1.000000
0.992560 0.097775 -0.072556 0.000000 -0.097775 0.284963 -0.953539 5.146200 -0.072556 0.953539 0.292403 0.000000 0.000000 0.000000 0.000000 1.000000
0.992503 0.097940 -0.073115 0.000000 -0.097940 0.279460 -0.955149 5.146200 -0.073115 0.955149 0.286957 -0.000000 0.000000 0.000000 0.000000 1.000000
0.992514 0.097908 -0.073005 -0.000000 -0.097908 0.280539 -0.954836 5.146200 -0.073005 0.954836 0.288024 0.000000 0.000000 0.000000 0.000000 1.000000
0.992514 0.097908 -0.073007 0.000000 -0.097908 0.280522 -0.954841 5.146200 -0.073007 0.954841 0.288008 0.000000 0.000000 0.000000 0.000000 1.000000
0.992511 0.097916 -0.073034 -0.000000 -0.097916 0.280251 -0.954920 5.146200 -0.073035 0.954920 0.287740 -0.000000 0.000000 0.000000 0.000000 1.000000
0.992513 0.097912 -0.073021 0.000000 -0.097912 0.280382 -0.954882 5.146200 -0.073021 0.954882 0.287869 0.000000 0.000000 0.000000 0.000000 1.000000
0.992512 0.097912 -0.073022 0.000000 -0.097913 0.280378 -0.954883 5.146200 -0.073021 0.954883 0.287865 0.000000 0.000000 0.000000 0.000000 1.000000
0.992512 0.097914 -0.073025 0.000000 -0.097914 0.280346 -0.954892 5.146200 -0.073025 0.954892 0.287834 0.000000 0.000000 0.000000 0.000000 1.000000
0.992513 0.097911 -0.073018 0.000000 -0.097911 0.280413 -0.954873 5.146200 -0.073018 0.954873 0.287900 -0.000000 0.000000 0.000000 0.000000 1.000000
0.992512 0.097914 -0.073028 -0.000000 -0.097914 0.280316 -0.954901 5.146200 -0.073028 0.954901 0.287804 0.000000 0.000000 0.000000 0.000000 1.000000
0.992512 0.097913 -0.073022 0.000000 -0.097913 0.280371 -0.954885 5.146200 -0.073022 0.954885 0.287859 0.000000 0.000000 0.000000 0.000000 1.000000
0.992533 0.097853 -0.072819 0.000000 -0.097853 0.282369 -0.954302 5.146200 -0.072819 0.954302 0.289836 -0.000000 0.000000 0.000000 0.000000 1.000000
0.992590 0.097686 -0.072261 0.000000 -0.097686 0.287868 -0.952675 5.146200 -0.072261 0.952675 0.295278 0.000000 0.000000 0.000000 0.000000 1.000000
0.992683 0.097410 -0.071363 0.000000 -0.097410 0.296728 -0.949981 5.146200 -0.071362 0.949981 0.304046 0.000000 0.000000 0.000000 0.000000 1.000000
0.992803 0.097035 -0.070188 0.000000 -0.097035 0.308298 -0.946328 5.146200 -0.070188 0.946328 0.315495 0.000000 0.000000 0.000000 0.000000 1.000000
0.992948 0.096564 -0.068779 0.000000 -0.096565 0.322191 -0.941737 5.146200 -0.068778 0.941737 0.329244 -0.000000 0.000000 0.000000 0.000000 1.000000
0.993112 0.096001 -0.067175 0.000000 -0.096001 0.337995 -0.936239 5.146200 -0.067175 0.936239 0.344883 -0.000000 0.000000 0.000000 0.000000 1.000000
0.993291 0.095351 -0.065426 0.000000 -0.095351 0.355236 -0.929901 5.146200 -0.065426 0.929901 0.361945 -0.000000 0.000000 0.000000 0.000000 1.000000
0.993481 0.094623 -0.063574 0.000000 -0.094623 0.373480 -0.922800 5.146200 -0.063574 0.922800 0.379999 0.000000 0.000000 0.000000 0.000000 1.000000
0.993678 0.093824 -0.061659 0.000000 -0.093825 0.392361 -0.915014 5.146200 -0.061658 0.915014 0.398683 0.000000 0.000000 0.000000 0.000000 1.000000
0.993875 0.092974 -0.059731 0.000000 -0.092974 0.411357 -0.906720 5.146200 -0.059731 0.906720 0.417482 0.000000 0.000000 0.000000 0.000000 1.000000
0.994070 0.092091 -0.057835 0.000000 -0.092090 0.430032 -0.898105 5.146200 -0.057836 0.898105 0.435962 0.000000 0.000000 0.000000 0.000000 1.000000
0.994264 0.091160 -0.055942 0.000000 -0.091160 0.448689 -0.889027 5.146200 -0.055943 0.889027 0.454425 -0.000000 0.000000 0.000000 0.000000 1.000000
0.994432 0.090314 -0.054304 0.000000 -0.090314 0.464838 -0.880778 5.146200 -0.054304 0.880778 0.470406 0.000000 0.000000 0.000000 0.000000 1.000000
0.994528 0.089811 -0.053362 0.000000 -0.089810 0.474115 -0.875870 5.146200 -0.053362 0.875870 0.479587 0.000000 0.000000 0.000000 0.000000 1.000000
0.994581 0.089529 -0.052846 -0.000000 -0.089529 0.479208 -0.873124 5.146200 -0.052846 0.873123 0.484626 0.000000 0.000000 0.000000 0.000000 1.000000
0.994626 0.089286 -0.052405 -0.000000 -0.089286 0.483553 -0.870749 5.146200 -0.052405 0.870749 0.488927 -0.000000 0.000000 0.000000 0.000000 1.000000
0.994665 0.089078 -0.052032 0.000000 -0.089078 0.487227 -0.868720 5.146200 -0.052032 0.868720 0.492562 -0.000000 0.000000 0.000000 0.000000 1.000000
0.994701 0.088877 -0.051677 0.000000 -0.088877 0.490730 -0.866767 5.146200 -0.051677 0.866767 0.496029 -0.000000 0.000000 0.000000 0.000000 1.000000
0.994736 0.088684 -0.051336 0.000000 -0.088684 0.494084 -0.864879 5.146200 -0.051336 0.864879 0.499348 0.000000 0.000000 0.000000 0.000000 1.000000
0.994754 0.088581 -0.051156 -0.000000 -0.088581 0.495858 -0.863874 5.146200 -0.051156 0.863874 0.501104 0.000000 0.000000 0.000000 0.000000 1.000000</float_array>
        <technique_common>
          <accessor source="#mixamorig_LeftHandIndex2-Matrix-animation-output-transform-array" count="36" stride="16">
            <param type="float4x4"/>
          </accessor>
        </technique_common>
      </source>
      <source id="mixamorig_LeftHandIndex2-Interpolations">
        <Name_array id="mixamorig_LeftHandIndex2-Interpolations-array" count="36">
 LINEAR LINEAR LINEAR LINEAR LINEAR LINEAR LINEAR LINEAR LINEAR LINEAR LINEAR
LINEAR LINEAR LINEAR LINEAR LINEAR LINEAR LINEAR LINEAR LINEAR LINEAR LINEAR LINEAR
LINEAR LINEAR LINEAR LINEAR LINEAR LINEAR LINEAR LINEAR LINEAR LINEAR LINEAR LINEAR
LINEAR</Name_array>
        <technique_common>
          <accessor source="#mixamorig_LeftHandIndex2-Interpolations-array" count="36">
            <param type="name"/>
          </accessor>
        </technique_common>
      </source>
      <sampler id="mixamorig_LeftHandIndex2-Matrix-animation-transform">
        <input semantic="INPUT" source="#mixamorig_LeftHandIndex2-Matrix-animation-input"/>
        <input semantic="OUTPUT" source="#mixamorig_LeftHandIndex2-Matrix-animation-output-transform"/>
        <input semantic="INTERPOLATION" source="#mixamorig_LeftHandIndex2-Interpolations"/>
      </sampler>
      <channel source="#mixamorig_LeftHandIndex2-Matrix-animation-transform" target="mixamorig_LeftHandIndex2/matrix"/>
    </animation>
    <animation id="mixamorig_LeftHandIndex3-anim" name="mixamorig_LeftHandIndex3">
      <source id="mixamorig_LeftHandIndex3-Matrix-animation-input">
        <float_array id="mixamorig_LeftHandIndex3-Matrix-animation-input-array" count="36">

0.000000 0.033333 0.066667 0.100000 0.133333 0.166667 0.200000 0.233333 0.266667 0.300000 0.333333 0.366667 0.400000 0.433333 0.466667 0.500000
0.533333 0.566667 0.600000 0.633333 0.666667 0.700000 0.733333 0.766667 0.800000 0.833333 0.866667 0.900000 0.933333 0.966667 1.000000 1.033333
1.066667 1.100000 1.133333 1.166667</float_array>
        <technique_common>
          <accessor source="#mixamorig_LeftHandIndex3-Matrix-animation-input-array" count="36">
            <param name="TIME" type="float"/>
          </accessor>
        </technique_common>
      </source>
      <source id="mixamorig_LeftHandIndex3-Matrix-animation-output-transform">
        <float_array id="mixamorig_LeftHandIndex3-Matrix-animation-output-transform-array" count="576">

0.999082 0.041894 -0.008953 0.000000 -0.041894 0.911767 -0.408565 5.107400 -0.008953 0.408565 0.912685 0.000000 0.000000 0.000000 0.000000 1.000000
0.999082 0.041894 -0.008953 0.000000 -0.041894 0.911768 -0.408564 5.107400 -0.008953 0.408564 0.912686 0.000000 0.000000 0.000000 0.000000 1.000000
0.999082 0.041894 -0.008953 0.000000 -0.041894 0.911765 -0.408571 5.107400 -0.008953 0.408571 0.912683 0.000000 0.000000 0.000000 0.000000 1.000000
0.999082 0.041894 -0.008953 0.000000 -0.041894 0.911768 -0.408564 5.107400 -0.008953 0.408564 0.912686 -0.000000 0.000000 0.000000 0.000000 1.000000
0.999082 0.041888 -0.008950 0.000000 -0.041888 0.911794 -0.408506 5.107400 -0.008951 0.408506 0.912712 0.000000 0.000000 0.000000 0.000000 1.000000
0.999083 0.041881 -0.008947 0.000000 -0.041881 0.911825 -0.408436 5.107400 -0.008947 0.408436 0.912743 0.000000 0.000000 0.000000 0.000000 1.000000
0.999083 0.041877 -0.008946 -0.000000 -0.041877 0.911841 -0.408401 5.107400 -0.008945 0.408401 0.912759 0.000000 0.000000 0.000000 0.000000 1.000000
0.999083 0.041875 -0.008945 0.000000 -0.041875 0.911850 -0.408382 5.107400 -0.008945 0.408382 0.912767 0.000000 0.000000 0.000000 0.000000 1.000000
0.999083 0.041873 -0.008944 0.000000 -0.041873 0.911858 -0.408364 5.107400 -0.008944 0.408364 0.912775 0.000000 0.000000 0.000000 0.000000 1.000000
0.999083 0.041872 -0.008943 0.000000 -0.041872 0.911863 -0.408353 5.107400 -0.008943 0.408353 0.912780 0.000000 0.000000 0.000000 0.000000 1.000000
0.999083 0.041871 -0.008943 0.000000 -0.041871 0.911866 -0.408348 5.107400 -0.008943 0.408348 0.912783 0.000000 0.000000 0.000000 0.000000 1.000000
0.999083 0.041871 -0.008943 0.000000 -0.041871 0.911866 -0.408346 5.107400 -0.008943 0.408346 0.912783 0.000000 0.000000 0.000000 0.000000 1.000000
0.999083 0.041871 -0.008943 0.000000 -0.041871 0.911866 -0.408348 5.107400 -0.008943 0.408348 0.912783 0.000000 0.000000 0.000000 0.000000 1.000000
0.999083 0.041872 -0.008943 0.000000 -0.041872 0.911864 -0.408352 5.107400 -0.008943 0.408352 0.912781 -0.000000 0.000000 0.000000 0.000000 1.000000
0.999083 0.041873 -0.008944 0.000000 -0.041873 0.911858 -0.408365 5.107400 -0.008944 0.408365 0.912775 -0.000000 0.000000 0.000000 0.000000 1.000000
0.999083 0.041875 -0.008945 0.000000 -0.041875 0.911847 -0.408388 5.107400 -0.008945 0.408388 0.912764 0.000000 0.000000 0.000000 0.000000 1.000000
0.999083 0.041878 -0.008946 0.000000 -0.041878 0.911836 -0.408413 5.107400 -0.008946 0.408413 0.912753 -0.000000 0.000000 0.000000 0.000000 1.000000
0.999083 0.041881 -0.008947 0.000000 -0.041881 0.911825 -0.408438 5.107400 -0.008947 0.408438 0.912742 -0.000000 0.000000 0.000000 0.000000 1.000000
0.999082 0.041884 -0.008949 0.000000 -0.041884 0.911812 -0.408465 5.107400 -0.008949 0.408465 0.912730 0.000000 0.000000 0.000000 0.000000 1.000000
0.999082 0.041887 -0.008950 0.000000 -0.041887 0.911797 -0.408499 5.107400 -0.008950 0.408499 0.912715 0.000000 0.000000 0.000000 0.000000 1.000000
0.999082 0.041891 -0.008952 0.000000 -0.041891 0.911778 -0.408542 5.107400 -0.008952 0.408542 0.912696 -0.000000 0.000000 0.000000 0.000000 1.000000
0.999082 0.041897 -0.008955 -0.000000 -0.041897 0.911753 -0.408597 5.107400 -0.008955 0.408597 0.912671 0.000000 0.000000 0.000000 0.000000 1.000000
0.999082 0.041902 -0.008957 -0.000000 -0.041902 0.911729 -0.408649 5.107400 -0.008957 0.408649 0.912648 0.000000 0.000000 0.000000 0.000000 1.000000
0.999081 0.041905 -0.008958 0.000000 -0.041905 0.911717 -0.408675 5.107400 -0.008958 0.408675 0.912636 0.000000 0.000000 0.000000 0.000000 1.000000
0.999081 0.041905 -0.008958 -0.000000 -0.041905 0.911717 -0.408675 5.107400 -0.008958 0.408675 0.912636 0.000000 0.000000 0.000000 0.000000 1.000000
0.999081 0.041905 -0.008958 0.000000 -0.041905 0.911718 -0.408673 5.107400 -0.008958 0.408673 0.912637 0.000000 0.000000 0.000000 0.000000 1.000000
0.999081 0.041905 -0.008958 -0.000000 -0.041905 0.911718 -0.408674 5.107400 -0.008958 0.408674 0.912636 0.000000 0.000000 0.000000 0.000000 1.000000
0.999081 0.041905 -0.008959 0.000000 -0.041905 0.911718 -0.408674 5.107400 -0.008958 0.408674 0.912636 0.000000 0.000000 0.000000 0.000000 1.000000
0.999081 0.041905 -0.008958 0.000000 -0.041905 0.911718 -0.408674 5.107400 -0.008958 0.408674 0.912636 0.000000 0.000000 0.000000 0.000000 1.000000
0.999081 0.041905 -0.008958 -0.000000 -0.041905 0.911718 -0.408675 5.107400 -0.008958 0.408675 0.912636 0.000000 0.000000 0.000000 0.000000 1.000000
0.999081 0.041905 -0.008958 0.000000 -0.041905 0.911718 -0.408675 5.107400 -0.008958 0.408675 0.912636 0.000000 0.000000 0.000000 0.000000 1.000000
0.999081 0.041905 -0.008958 0.000000 -0.041905 0.911718 -0.408674 5.107400 -0.008958 0.408674 0.912636 0.000000 0.000000 0.000000 0.000000 1.000000
0.999081 0.041905 -0.008958 0.000000 -0.041905 0.911718 -0.408675 5.107400 -0.008958 0.408674 0.912636 0.000000 0.000000 0.000000 0.000000 1.000000
0.999081 0.041905 -0.008958 -0.000000 -0.041905 0.911718 -0.408674 5.107400 -0.008958 0.408674 0.912636 0.000000 0.000000 0.000000 0.000000 1.000000
0.999081 0.041905 -0.008958 -0.000000 -0.041905 0.911718 -0.408674 5.107400 -0.008958 0.408674 0.912636 0.000000 0.000000 0.000000 0.000000 1.000000
0.999081 0.041905 -0.008958 0.000000 -0.041905 0.911718 -0.408674 5.107400 -0.008958 0.408674 0.912636 0.000000 0.000000 0.000000 0.000000 1.000000</float_array>
        <technique_common>
          <accessor source="#mixamorig_LeftHandIndex3-Matrix-animation-output-transform-array" count="36" stride="16">
            <param type="float4x4"/>
          </accessor>
        </technique_common>
      </source>
      <source id="mixamorig_LeftHandIndex3-Interpolations">
        <Name_array id="mixamorig_LeftHandIndex3-Interpolations-array" count="36">
 LINEAR LINEAR LINEAR LINEAR LINEAR LINEAR LINEAR LINEAR LINEAR LINEAR LINEAR
LINEAR LINEAR LINEAR LINEAR LINEAR LINEAR LINEAR LINEAR LINEAR LINEAR LINEAR LINEAR
LINEAR LINEAR LINEAR LINEAR LINEAR LINEAR LINEAR LINEAR LINEAR LINEAR LINEAR LINEAR
LINEAR</Name_array>
        <technique_common>
          <accessor source="#mixamorig_LeftHandIndex3-Interpolations-array" count="36">
            <param type="name"/>
          </accessor>
        </technique_common>
      </source>
      <sampler id="mixamorig_LeftHandIndex3-Matrix-animation-transform">
        <input semantic="INPUT" source="#mixamorig_LeftHandIndex3-Matrix-animation-input"/>
        <input semantic="OUTPUT" source="#mixamorig_LeftHandIndex3-Matrix-animation-output-transform"/>
        <input semantic="INTERPOLATION" source="#mixamorig_LeftHandIndex3-Interpolations"/>
      </sampler>
      <channel source="#mixamorig_LeftHandIndex3-Matrix-animation-transform" target="mixamorig_LeftHandIndex3/matrix"/>
    </animation>
    <animation id="mixamorig_RightShoulder-anim" name="mixamorig_RightShoulder">
      <source id="mixamorig_RightShoulder-Matrix-animation-input">
        <float_array id="mixamorig_RightShoulder-Matrix-animation-input-array" count="36">

0.000000 0.033333 0.066667 0.100000 0.133333 0.166667 0.200000 0.233333 0.266667 0.300000 0.333333 0.366667 0.400000 0.433333 0.466667 0.500000
0.533333 0.566667 0.600000 0.633333 0.666667 0.700000 0.733333 0.766667 0.800000 0.833333 0.866667 0.900000 0.933333 0.966667 1.000000 1.033333
1.066667 1.100000 1.133333 1.166667</float_array>
        <technique_common>
          <accessor source="#mixamorig_RightShoulder-Matrix-animation-input-array" count="36">
            <param name="TIME" type="float"/>
          </accessor>
        </technique_common>
      </source>
      <source id="mixamorig_RightShoulder-Matrix-animation-output-transform">
        <float_array id="mixamorig_RightShoulder-Matrix-animation-output-transform-array" count="576">

-0.156712 -0.941982 0.296834 -14.211900 0.644446 -0.325278 -0.692014 23.227400 0.748419 0.082847 0.658031 -1.268600 0.000000 0.000000 0.000000 1.000000
-0.156667 -0.941798 0.297444 -14.211900 0.644297 -0.325713 -0.691949 23.227400 0.748557 0.083237 0.657825 -1.268600 0.000000 0.000000 0.000000 1.000000
-0.156309 -0.941721 0.297876 -14.211900 0.644182 -0.325812 -0.692009 23.227400 0.748731 0.083719 0.657566 -1.268600 0.000000 0.000000 0.000000 1.000000
-0.155350 -0.941726 0.298358 -14.211900 0.644078 -0.325560 -0.692224 23.227400 0.749019 0.084628 0.657121 -1.268600 0.000000 0.000000 0.000000 1.000000
-0.155169 -0.941245 0.299968 -14.211900 0.643697 -0.326669 -0.692056 23.227400 0.749384 0.085703 0.656566 -1.268600 0.000000 0.000000 0.000000 1.000000
-0.158079 -0.939957 0.302477 -14.211900 0.642912 -0.330479 -0.690976 23.227400 0.749450 0.085237 0.656551 -1.268600 0.000000 0.000000 0.000000 1.000000
-0.164637 -0.938777 0.302641 -14.211900 0.642350 -0.334890 -0.689373 23.227400 0.748519 0.080906 0.658159 -1.268600 0.000000 0.000000 0.000000 1.000000
-0.172670 -0.938861 0.297866 -14.211900 0.642769 -0.336547 -0.688175 23.227400 0.746347 0.072632 0.661582 -1.268600 0.000000 0.000000 0.000000 1.000000
-0.178729 -0.940121 0.290221 -14.211900 0.644025 -0.334784 -0.687860 23.227400 0.743833 0.063969 0.665297 -1.268600 0.000000 0.000000 0.000000 1.000000
-0.180495 -0.941804 0.283595 -14.211900 0.645426 -0.330981 -0.688387 23.227400 0.742191 0.058789 0.667605 -1.268600 0.000000 0.000000 0.000000 1.000000
-0.178802 -0.943369 0.279437 -14.211900 0.646535 -0.326741 -0.689372 23.227400 0.741635 0.057404 0.668343 -1.268600 0.000000 0.000000 0.000000 1.000000
-0.176862 -0.944269 0.277625 -14.211900 0.647096 -0.324096 -0.690093 23.227400 0.741611 0.057599 0.668353 -1.268600 0.000000 0.000000 0.000000 1.000000
-0.176881 -0.944067 0.278298 -14.211900 0.646935 -0.324613 -0.690001 23.227400 0.741746 0.057992 0.668169 -1.268600 0.000000 0.000000 0.000000 1.000000
-0.178206 -0.942933 0.281284 -14.211900 0.646153 -0.327729 -0.689260 23.227400 0.742111 0.058922 0.667682 -1.268600 0.000000 0.000000 0.000000 1.000000
-0.178746 -0.941549 0.285543 -14.211900 0.645125 -0.331281 -0.688525 23.227400 0.742875 0.061139 0.666632 -1.268600 0.000000 0.000000 0.000000 1.000000
-0.177359 -0.940619 0.289446 -14.211900 0.644334 -0.333294 -0.688294 23.227400 0.743893 0.064425 0.665186 -1.268600 0.000000 0.000000 0.000000 1.000000
-0.174792 -0.940449 0.291552 -14.211900 0.644071 -0.333181 -0.688595 23.227400 0.744728 0.067420 0.663953 -1.268600 0.000000 0.000000 0.000000 1.000000
-0.172495 -0.940774 0.291872 -14.211900 0.644171 -0.331907 -0.689116 23.227400 0.745177 0.069147 0.663272 -1.268600 0.000000 0.000000 0.000000 1.000000
-0.170822 -0.941113 0.291764 -14.211900 0.644310 -0.330725 -0.689555 23.227400 0.745443 0.070195 0.662863 -1.268600 0.000000 0.000000 0.000000 1.000000
-0.168829 -0.941434 0.291889 -14.211900 0.644484 -0.329502 -0.689977 23.227400 0.745746 0.071630 0.662369 -1.268600 0.000000 0.000000 0.000000 1.000000
-0.165722 -0.942071 0.291612 -14.211900 0.644840 -0.327243 -0.690719 23.227400 0.746135 0.073576 0.661717 -1.268600 0.000000 0.000000 0.000000 1.000000
-0.162480 -0.942878 0.290829 -14.211900 0.645238 -0.324522 -0.691631 23.227400 0.746504 0.075278 0.661109 -1.268600 0.000000 0.000000 0.000000 1.000000
-0.161261 -0.943149 0.290629 -14.211900 0.645337 -0.323573 -0.691983 23.227400 0.746683 0.075964 0.660828 -1.268600 0.000000 0.000000 0.000000 1.000000
-0.161969 -0.942779 0.291433 -14.211900 0.645110 -0.324647 -0.691692 23.227400 0.746726 0.075973 0.660779 -1.268600 0.000000 0.000000 0.000000 1.000000
-0.161442 -0.942675 0.292061 -14.211900 0.645032 -0.324773 -0.691705 23.227400 0.746907 0.076719 0.660488 -1.268600 0.000000 0.000000 0.000000 1.000000
-0.158221 -0.943330 0.291711 -14.211900 0.645357 -0.322393 -0.692515 23.227400 0.747315 0.078687 0.659794 -1.268600 0.000000 0.000000 0.000000 1.000000
-0.155082 -0.943908 0.291526 -14.211900 0.645592 -0.320199 -0.693313 23.227400 0.747770 0.080686 0.659036 -1.268600 0.000000 0.000000 0.000000 1.000000
-0.154654 -0.943562 0.292870 -14.211900 0.645307 -0.320940 -0.693236 23.227400 0.748105 0.081779 0.658522 -1.268600 0.000000 0.000000 0.000000 1.000000
-0.155819 -0.942740 0.294894 -14.211900 0.644817 -0.323235 -0.692625 23.227400 0.748285 0.082228 0.658261 -1.268600 0.000000 0.000000 0.000000 1.000000
-0.156502 -0.942288 0.295973 -14.211900 0.644569 -0.324496 -0.692267 23.227400 0.748357 0.082433 0.658154 -1.268600 0.000000 0.000000 0.000000 1.000000
-0.156669 -0.942147 0.296335 -14.211900 0.644488 -0.324879 -0.692162 23.227400 0.748392 0.082545 0.658101 -1.268600 0.000000 0.000000 0.000000 1.000000
-0.156774 -0.942050 0.296587 -14.211900 0.644429 -0.325138 -0.692096 23.227400 0.748420 0.082627 0.658058 -1.268600 0.000000 0.000000 0.000000 1.000000
-0.156818 -0.941995 0.296740 -14.211900 0.644394 -0.325282 -0.692061 23.227400 0.748442 0.082690 0.658025 -1.268600 0.000000 0.000000 0.000000 1.000000
-0.156801 -0.941977 0.296804 -14.211900 0.644379 -0.325320 -0.692057 23.227400 0.748458 0.082738 0.658001 -1.268600 0.000000 0.000000 0.000000 1.000000
-0.156761 -0.941979 0.296819 -14.211900 0.644374 -0.325306 -0.692068 23.227400 0.748470 0.082773 0.657982 -1.268600 0.000000 0.000000 0.000000 1.000000
-0.156729 -0.941987 0.296812 -14.211900 0.644375 -0.325280 -0.692079 23.227400 0.748476 0.082789 0.657974 -1.268600 0.000000 0.000000 0.000000 1.000000</float_array>
        <technique_common>
          <accessor source="#mixamorig_RightShoulder-Matrix-animation-output-transform-array" count="36" stride="16">
            <param type="float4x4"/>
          </accessor>
        </technique_common>
      </source>
      <source id="mixamorig_RightShoulder-Interpolations">
        <Name_array id="mixamorig_RightShoulder-Interpolations-array" count="36">
 LINEAR LINEAR LINEAR LINEAR LINEAR LINEAR LINEAR LINEAR LINEAR LINEAR LINEAR
LINEAR LINEAR LINEAR LINEAR LINEAR LINEAR LINEAR LINEAR LINEAR LINEAR LINEAR LINEAR
LINEAR LINEAR LINEAR LINEAR LINEAR LINEAR LINEAR LINEAR LINEAR LINEAR LINEAR LINEAR
LINEAR</Name_array>
        <technique_common>
          <accessor source="#mixamorig_RightShoulder-Interpolations-array" count="36">
            <param type="name"/>
          </accessor>
        </technique_common>
      </source>
      <sampler id="mixamorig_RightShoulder-Matrix-animation-transform">
        <input semantic="INPUT" source="#mixamorig_RightShoulder-Matrix-animation-input"/>
        <input semantic="OUTPUT" source="#mixamorig_RightShoulder-Matrix-animation-output-transform"/>
        <input semantic="INTERPOLATION" source="#mixamorig_RightShoulder-Interpolations"/>
      </sampler>
      <channel source="#mixamorig_RightShoulder-Matrix-animation-transform" target="mixamorig_RightShoulder/matrix"/>
    </animation>
    <animation id="mixamorig_RightArm-anim" name="mixamorig_RightArm">
      <source id="mixamorig_RightArm-Matrix-animation-input">
        <float_array id="mixamorig_RightArm-Matrix-animation-input-array" count="36">

0.000000 0.033333 0.066667 0.100000 0.133333 0.166667 0.200000 0.233333 0.266667 0.300000 0.333333 0.366667 0.400000 0.433333 0.466667 0.500000
0.533333 0.566667 0.600000 0.633333 0.666667 0.700000 0.733333 0.766667 0.800000 0.833333 0.866667 0.900000 0.933333 0.966667 1.000000 1.033333
1.066667 1.100000 1.133333 1.166667</float_array>
        <technique_common>
          <accessor source="#mixamorig_RightArm-Matrix-animation-input-array" count="36">
            <param name="TIME" type="float"/>
          </accessor>
        </technique_common>
      </source>
      <source id="mixamorig_RightArm-Matrix-animation-output-transform">
        <float_array id="mixamorig_RightArm-Matrix-animation-output-transform-array" count="576">

0.353122 0.607475 -0.711533 0.000000 -0.934200 0.270197 -0.232945 11.940500 0.050746 0.746972 0.662916 0.000000 0.000000 0.000000 0.000000 1.000000
0.352477 0.608275 -0.711169 0.000000 -0.934429 0.270192 -0.232031 11.940500 0.051014 0.746323 0.663626 -0.000000 0.000000 0.000000 0.000000 1.000000
0.351284 0.609482 -0.710726 -0.000000 -0.934920 0.269088 -0.231338 11.940500 0.050251 0.745737 0.664343 -0.000000 0.000000 0.000000 0.000000 1.000000
0.352202 0.602605 -0.716116 0.000000 -0.934265 0.271901 -0.230690 11.940500 0.055698 0.750291 0.658757 -0.000000 0.000000 0.000000 0.000000 1.000000
0.356742 0.587016 -0.726737 -0.000000 -0.931563 0.281971 -0.229527 11.940500 0.070182 0.758884 0.647433 -0.000000 0.000000 0.000000 0.000000 1.000000
0.362298 0.575490 -0.733179 0.000000 -0.928118 0.295044 -0.227040 11.940500 0.085661 0.762733 0.641016 0.000000 0.000000 0.000000 0.000000 1.000000
0.365490 0.571433 -0.734767 0.000000 -0.925700 0.305785 -0.222653 11.940500 0.097449 0.761551 0.640737 0.000000 0.000000 0.000000 0.000000 1.000000
0.363642 0.569757 -0.736982 0.000000 -0.925677 0.309628 -0.217376 11.940500 0.104338 0.761254 0.640004 -0.000000 0.000000 0.000000 0.000000 1.000000
0.356226 0.570649 -0.739908 0.000000 -0.928590 0.304366 -0.212326 11.940500 0.104039 0.762707 0.638321 0.000000 0.000000 0.000000 0.000000 1.000000
0.346460 0.574090 -0.741880 0.000000 -0.932738 0.294990 -0.207319 11.940500 0.099828 0.763807 0.637678 -0.000000 0.000000 0.000000 0.000000 1.000000
0.339219 0.577633 -0.742476 -0.000000 -0.935683 0.288646 -0.202929 11.940500 0.097095 0.763560 0.638396 0.000000 0.000000 0.000000 0.000000 1.000000
0.336569 0.581099 -0.740975 -0.000000 -0.936745 0.286895 -0.200500 11.940500 0.096072 0.761587 0.640902 0.000000 0.000000 0.000000 0.000000 1.000000
0.337062 0.585170 -0.737540 0.000000 -0.936747 0.286913 -0.200463 11.940500 0.094305 0.758457 0.644864 -0.000000 0.000000 0.000000 0.000000 1.000000
0.338743 0.588722 -0.733935 -0.000000 -0.936466 0.286426 -0.202465 11.940500 0.091023 0.755888 0.648343 0.000000 0.000000 0.000000 0.000000 1.000000
0.341106 0.590402 -0.731487 -0.000000 -0.936004 0.285219 -0.206268 11.940500 0.086853 0.755034 0.649908 0.000000 0.000000 0.000000 0.000000 1.000000
0.344590 0.590376 -0.729873 0.000000 -0.935142 0.284005 -0.211778 11.940500 0.082259 0.755511 0.649951 -0.000000 0.000000 0.000000 0.000000 1.000000
0.348991 0.590141 -0.727969 -0.000000 -0.933914 0.283283 -0.218073 11.940500 0.077528 0.755966 0.650004 0.000000 0.000000 0.000000 0.000000 1.000000
0.352783 0.591498 -0.725034 0.000000 -0.932829 0.283030 -0.222988 11.940500 0.073310 0.754999 0.651615 0.000000 0.000000 0.000000 0.000000 1.000000
0.354611 0.594963 -0.721298 0.000000 -0.932370 0.282974 -0.224970 11.940500 0.070260 0.752293 0.655071 0.000000 0.000000 0.000000 0.000000 1.000000
0.355055 0.598996 -0.717732 -0.000000 -0.932370 0.282735 -0.225273 11.940500 0.067990 0.749176 0.658872 0.000000 0.000000 0.000000 0.000000 1.000000
0.355744 0.601620 -0.715192 0.000000 -0.932300 0.281905 -0.226597 11.940500 0.065291 0.747384 0.661176 0.000000 0.000000 0.000000 0.000000 1.000000
0.356864 0.602528 -0.713869 0.000000 -0.932090 0.280468 -0.229228 11.940500 0.062101 0.747193 0.661699 0.000000 0.000000 0.000000 0.000000 1.000000
0.357124 0.602894 -0.713430 0.000000 -0.932138 0.278974 -0.230852 11.940500 0.059849 0.747457 0.661608 0.000000 0.000000 0.000000 0.000000 1.000000
0.356428 0.603272 -0.713457 -0.000000 -0.932461 0.277857 -0.230893 11.940500 0.058948 0.747568 0.661564 0.000000 0.000000 0.000000 0.000000 1.000000
0.356633 0.602881 -0.713686 0.000000 -0.932452 0.276998 -0.231959 11.940500 0.057846 0.748202 0.660944 0.000000 0.000000 0.000000 0.000000 1.000000
0.358500 0.601460 -0.713950 0.000000 -0.931876 0.276071 -0.235355 11.940500 0.055544 0.749687 0.659457 0.000000 0.000000 0.000000 0.000000 1.000000
0.359872 0.600430 -0.714126 0.000000 -0.931484 0.274858 -0.238308 11.940500 0.053196 0.750957 0.658205 0.000000 0.000000 0.000000 0.000000 1.000000
0.358631 0.601298 -0.714020 0.000000 -0.932023 0.273367 -0.237917 11.940500 0.052131 0.750807 0.658461 0.000000 0.000000 0.000000 0.000000 1.000000
0.356023 0.603400 -0.713552 0.000000 -0.933027 0.272047 -0.235479 11.940500 0.052031 0.749599 0.659844 0.000000 0.000000 0.000000 0.000000 1.000000
0.354485 0.604879 -0.713065 0.000000 -0.933615 0.271363 -0.233935 11.940500 0.051997 0.748655 0.660918 0.000000 0.000000 0.000000 0.000000 1.000000
0.353897 0.605626 -0.712723 0.000000 -0.933847 0.271041 -0.233381 11.940500 0.051836 0.748167 0.661482 0.000000 0.000000 0.000000 0.000000 1.000000
0.353474 0.606216 -0.712432 0.000000 -0.934017 0.270772 -0.233012 11.940500 0.051651 0.747787 0.661927 0.000000 0.000000 0.000000 0.000000 1.000000
0.353197 0.606679 -0.712174 0.000000 -0.934133 0.270556 -0.232797 11.940500 0.051450 0.747489 0.662279 0.000000 0.000000 0.000000 0.000000 1.000000
0.353061 0.607043 -0.711932 0.000000 -0.934199 0.270361 -0.232759 11.940500 0.051184 0.747264 0.662553 -0.000000 0.000000 0.000000 0.000000 1.000000
0.353011 0.607333 -0.711709 0.000000 -0.934234 0.270179 -0.232830 11.940500 0.050883 0.747094 0.662768 0.000000 0.000000 0.000000 0.000000 1.000000
0.353010 0.607471 -0.711592 0.000000 -0.934244 0.270084 -0.232899 11.940500 0.050710 0.747016 0.662869 0.000000 0.000000 0.000000 0.000000 1.000000</float_array>
        <technique_common>
          <accessor source="#mixamorig_RightArm-Matrix-animation-output-transform-array" count="36" stride="16">
            <param type="float4x4"/>
          </accessor>
        </technique_common>
      </source>
      <source id="mixamorig_RightArm-Interpolations">
        <Name_array id="mixamorig_RightArm-Interpolations-array" count="36">
 LINEAR LINEAR LINEAR LINEAR LINEAR LINEAR LINEAR LINEAR LINEAR LINEAR LINEAR
LINEAR LINEAR LINEAR LINEAR LINEAR LINEAR LINEAR LINEAR LINEAR LINEAR LINEAR LINEAR
LINEAR LINEAR LINEAR LINEAR LINEAR LINEAR LINEAR LINEAR LINEAR LINEAR LINEAR LINEAR
LINEAR</Name_array>
        <technique_common>
          <accessor source="#mixamorig_RightArm-Interpolations-array" count="36">
            <param type="name"/>
          </accessor>
        </technique_common>
      </source>
      <sampler id="mixamorig_RightArm-Matrix-animation-transform">
        <input semantic="INPUT" source="#mixamorig_RightArm-Matrix-animation-input"/>
        <input semantic="OUTPUT" source="#mixamorig_RightArm-Matrix-animation-output-transform"/>
        <input semantic="INTERPOLATION" source="#mixamorig_RightArm-Interpolations"/>
      </sampler>
      <channel source="#mixamorig_RightArm-Matrix-animation-transform" target="mixamorig_RightArm/matrix"/>
    </animation>
    <animation id="mixamorig_RightForeArm-anim" name="mixamorig_RightForeArm">
      <source id="mixamorig_RightForeArm-Matrix-animation-input">
        <float_array id="mixamorig_RightForeArm-Matrix-animation-input-array" count="36">

0.000000 0.033333 0.066667 0.100000 0.133333 0.166667 0.200000 0.233333 0.266667 0.300000 0.333333 0.366667 0.400000 0.433333 0.466667 0.500000
0.533333 0.566667 0.600000 0.633333 0.666667 0.700000 0.733333 0.766667 0.800000 0.833333 0.866667 0.900000 0.933333 0.966667 1.000000 1.033333
1.066667 1.100000 1.133333 1.166667</float_array>
        <technique_common>
          <accessor source="#mixamorig_RightForeArm-Matrix-animation-input-array" count="36">
            <param name="TIME" type="float"/>
          </accessor>
        </technique_common>
      </source>
      <source id="mixamorig_RightForeArm-Matrix-animation-output-transform">
        <float_array id="mixamorig_RightForeArm-Matrix-animation-output-transform-array" count="576">

-0.146827 0.989162 -0.000009 0.000000 -0.989162 -0.146827 -0.000060 32.327599 -0.000061 -0.000000 1.000000 0.000000 0.000000 0.000000 0.000000 1.000000
-0.147065 0.989127 -0.000009 0.000000 -0.989127 -0.147065 -0.000060 32.327599 -0.000061 -0.000000 1.000000 0.000000 0.000000 0.000000 0.000000 1.000000
-0.146252 0.989247 -0.000009 0.000000 -0.989247 -0.146252 -0.000060 32.327599 -0.000061 -0.000000 1.000000 0.000000 0.000000 0.000000 0.000000 1.000000
-0.141928 0.989877 -0.000008 -0.000000 -0.989877 -0.141928 -0.000060 32.327599 -0.000061 -0.000000 1.000000 -0.000000 0.000000 0.000000 0.000000 1.000000
-0.139715 0.990192 -0.000008 -0.000000 -0.990192 -0.139715 -0.000060 32.327599 -0.000060 -0.000000 1.000000 -0.000000 0.000000 0.000000 0.000000 1.000000
-0.150921 0.988546 -0.000009 0.000000 -0.988546 -0.150921 -0.000060 32.327599 -0.000061 -0.000000 1.000000 0.000000 0.000000 0.000000 0.000000 1.000000
-0.173309 0.984867 -0.000011 0.000000 -0.984867 -0.173309 -0.000059 32.327599 -0.000060 0.000000 1.000000 0.000000 0.000000 0.000000 0.000000 1.000000
-0.192852 0.981228 -0.000012 0.000000 -0.981228 -0.192852 -0.000059 32.327599 -0.000060 0.000000 1.000000 0.000000 0.000000 0.000000 0.000000 1.000000
-0.201728 0.979442 -0.000012 -0.000000 -0.979442 -0.201728 -0.000059 32.327599 -0.000061 -0.000000 1.000000 0.000000 0.000000 0.000000 0.000000 1.000000
-0.201870 0.979412 -0.000012 0.000000 -0.979412 -0.201870 -0.000059 32.327599 -0.000060 0.000000 1.000000 0.000000 0.000000 0.000000 0.000000 1.000000
-0.198469 0.980107 -0.000012 0.000000 -0.980107 -0.198469 -0.000059 32.327599 -0.000060 0.000000 1.000000 -0.000000 0.000000 0.000000 0.000000 1.000000
-0.194953 0.980813 -0.000012 -0.000000 -0.980813 -0.194953 -0.000060 32.327599 -0.000061 0.000000 1.000000 0.000000 0.000000 0.000000 0.000000 1.000000
-0.191766 0.981441 -0.000011 -0.000000 -0.981441 -0.191766 -0.000059 32.327599 -0.000061 -0.000000 1.000000 -0.000000 0.000000 0.000000 0.000000 1.000000
-0.188283 0.982115 -0.000011 0.000000 -0.982115 -0.188283 -0.000060 32.327599 -0.000061 -0.000000 1.000000 0.000000 0.000000 0.000000 0.000000 1.000000
-0.184621 0.982810 -0.000011 0.000000 -0.982810 -0.184621 -0.000059 32.327599 -0.000060 -0.000000 1.000000 0.000000 0.000000 0.000000 0.000000 1.000000
-0.181445 0.983401 -0.000011 0.000000 -0.983401 -0.181445 -0.000059 32.327599 -0.000060 -0.000000 1.000000 -0.000000 0.000000 0.000000 0.000000 1.000000
-0.179158 0.983820 -0.000011 0.000000 -0.983820 -0.179158 -0.000060 32.327599 -0.000061 -0.000000 1.000000 0.000000 0.000000 0.000000 0.000000 1.000000
-0.177436 0.984132 -0.000011 0.000000 -0.984132 -0.177436 -0.000060 32.327599 -0.000061 -0.000000 1.000000 -0.000000 0.000000 0.000000 0.000000 1.000000
-0.175289 0.984517 -0.000011 -0.000000 -0.984517 -0.175289 -0.000060 32.327599 -0.000061 0.000000 1.000000 -0.000000 0.000000 0.000000 0.000000 1.000000
-0.171936 0.985108 -0.000010 0.000000 -0.985108 -0.171936 -0.000060 32.327599 -0.000061 -0.000000 1.000000 -0.000000 0.000000 0.000000 0.000000 1.000000
-0.167529 0.985867 -0.000010 0.000000 -0.985867 -0.167529 -0.000060 32.327599 -0.000061 0.000000 1.000000 0.000000 0.000000 0.000000 0.000000 1.000000
-0.162864 0.986648 -0.000010 0.000000 -0.986648 -0.162864 -0.000060 32.327599 -0.000061 -0.000000 1.000000 -0.000000 0.000000 0.000000 0.000000 1.000000
-0.158819 0.987308 -0.000009 0.000000 -0.987308 -0.158819 -0.000060 32.327599 -0.000061 -0.000000 1.000000 0.000000 0.000000 0.000000 0.000000 1.000000
-0.155948 0.987765 -0.000010 -0.000000 -0.987765 -0.155948 -0.000060 32.327599 -0.000060 0.000000 1.000000 0.000000 0.000000 0.000000 0.000000 1.000000
-0.154235 0.988034 -0.000009 0.000000 -0.988034 -0.154235 -0.000060 32.327599 -0.000061 -0.000000 1.000000 0.000000 0.000000 0.000000 0.000000 1.000000
-0.153161 0.988201 -0.000009 0.000000 -0.988201 -0.153161 -0.000060 32.327599 -0.000061 -0.000000 1.000000 0.000000 0.000000 0.000000 0.000000 1.000000
-0.151997 0.988381 -0.000009 0.000000 -0.988381 -0.151997 -0.000060 32.327599 -0.000060 -0.000000 1.000000 -0.000000 0.000000 0.000000 0.000000 1.000000
-0.150301 0.988640 -0.000009 0.000000 -0.988640 -0.150301 -0.000060 32.327599 -0.000061 0.000000 1.000000 0.000000 0.000000 0.000000 0.000000 1.000000
-0.148604 0.988897 -0.000009 0.000000 -0.988897 -0.148604 -0.000060 32.327599 -0.000061 -0.000000 1.000000 0.000000 0.000000 0.000000 0.000000 1.000000
-0.147717 0.989030 -0.000009 -0.000000 -0.989030 -0.147717 -0.000060 32.327599 -0.000061 -0.000000 1.000000 -0.000000 0.000000 0.000000 0.000000 1.000000
-0.147358 0.989083 -0.000009 0.000000 -0.989083 -0.147358 -0.000060 32.327599 -0.000061 0.000000 1.000000 0.000000 0.000000 0.000000 0.000000 1.000000
-0.147090 0.989123 -0.000009 0.000000 -0.989123 -0.147090 -0.000060 32.327599 -0.000061 -0.000000 1.000000 0.000000 0.000000 0.000000 0.000000 1.000000
-0.146904 0.989151 -0.000009 -0.000000 -0.989151 -0.146904 -0.000060 32.327599 -0.000060 -0.000000 1.000000 -0.000000 0.000000 0.000000 0.000000 1.000000
-0.146783 0.989169 -0.000009 0.000000 -0.989169 -0.146783 -0.000060 32.327599 -0.000061 -0.000000 1.000000 0.000000 0.000000 0.000000 0.000000 1.000000
-0.146700 0.989181 -0.000009 0.000000 -0.989181 -0.146700 -0.000060 32.327599 -0.000061 0.000000 1.000000 0.000000 0.000000 0.000000 0.000000 1.000000
-0.146668 0.989186 -0.000009 0.000000 -0.989186 -0.146668 -0.000060 32.327599 -0.000061 -0.000000 1.000000 0.000000 0.000000 0.000000 0.000000 1.000000</float_array>
        <technique_common>
          <accessor source="#mixamorig_RightForeArm-Matrix-animation-output-transform-array" count="36" stride="16">
            <param type="float4x4"/>
          </accessor>
        </technique_common>
      </source>
      <source id="mixamorig_RightForeArm-Interpolations">
        <Name_array id="mixamorig_RightForeArm-Interpolations-array" count="36">
 LINEAR LINEAR LINEAR LINEAR LINEAR LINEAR LINEAR LINEAR LINEAR LINEAR LINEAR
LINEAR LINEAR LINEAR LINEAR LINEAR LINEAR LINEAR LINEAR LINEAR LINEAR LINEAR LINEAR
LINEAR LINEAR LINEAR LINEAR LINEAR LINEAR LINEAR LINEAR LINEAR LINEAR LINEAR LINEAR
LINEAR</Name_array>
        <technique_common>
          <accessor source="#mixamorig_RightForeArm-Interpolations-array" count="36">
            <param type="name"/>
          </accessor>
        </technique_common>
      </source>
      <sampler id="mixamorig_RightForeArm-Matrix-animation-transform">
        <input semantic="INPUT" source="#mixamorig_RightForeArm-Matrix-animation-input"/>
        <input semantic="OUTPUT" source="#mixamorig_RightForeArm-Matrix-animation-output-transform"/>
        <input semantic="INTERPOLATION" source="#mixamorig_RightForeArm-Interpolations"/>
      </sampler>
      <channel source="#mixamorig_RightForeArm-Matrix-animation-transform" target="mixamorig_RightForeArm/matrix"/>
    </animation>
    <animation id="mixamorig_RightHand-anim" name="mixamorig_RightHand">
      <source id="mixamorig_RightHand-Matrix-animation-input">
        <float_array id="mixamorig_RightHand-Matrix-animation-input-array" count="36">

0.000000 0.033333 0.066667 0.100000 0.133333 0.166667 0.200000 0.233333 0.266667 0.300000 0.333333 0.366667 0.400000 0.433333 0.466667 0.500000
0.533333 0.566667 0.600000 0.633333 0.666667 0.700000 0.733333 0.766667 0.800000 0.833333 0.866667 0.900000 0.933333 0.966667 1.000000 1.033333
1.066667 1.100000 1.133333 1.166667</float_array>
        <technique_common>
          <accessor source="#mixamorig_RightHand-Matrix-animation-input-array" count="36">
            <param name="TIME" type="float"/>
          </accessor>
        </technique_common>
      </source>
      <source id="mixamorig_RightHand-Matrix-animation-output-transform">
        <float_array id="mixamorig_RightHand-Matrix-animation-output-transform-array" count="576">

0.581978 -0.540857 0.607269 -0.000100 0.295963 0.836420 0.461312 32.168900 -0.757435 -0.088744 0.646851 0.000000 0.000000 0.000000 0.000000 1.000000
0.580710 -0.542298 0.607198 -0.000100 0.297684 0.835637 0.461622 32.168900 -0.757734 -0.087315 0.646696 0.000000 0.000000 0.000000 0.000000 1.000000
0.578767 -0.545278 0.606383 -0.000100 0.300715 0.833881 0.462832 32.168900 -0.758023 -0.085524 0.646596 0.000000 0.000000 0.000000 0.000000 1.000000
0.599620 -0.522617 0.606075 -0.000100 0.275901 0.845892 0.456447 32.168900 -0.751222 -0.106478 0.651405 -0.000000 0.000000 0.000000 0.000000 1.000000
0.632088 -0.484243 0.604957 -0.000100 0.236696 0.864037 0.444315 32.168900 -0.737861 -0.137656 0.660766 0.000000 0.000000 0.000000 0.000000 1.000000
0.635761 -0.479186 0.605135 -0.000100 0.236377 0.867169 0.438342 32.168900 -0.734802 -0.135641 0.664581 0.000000 0.000000 0.000000 0.000000 1.000000
0.615604 -0.502569 0.607005 -0.000100 0.265483 0.857490 0.440714 32.168900 -0.741991 -0.110156 0.661298 0.000000 0.000000 0.000000 0.000000 1.000000
0.596430 -0.523129 0.608775 -0.000100 0.288361 0.847457 0.445718 32.168900 -0.749079 -0.090293 0.656299 0.000000 0.000000 0.000000 0.000000 1.000000
0.579806 -0.539879 0.610209 -0.000100 0.305549 0.838369 0.451417 32.168900 -0.755291 -0.075286 0.651051 0.000000 0.000000 0.000000 0.000000 1.000000
0.566884 -0.552782 0.610798 -0.000100 0.317115 0.830735 0.457513 32.168900 -0.760316 -0.065664 0.646226 0.000000 0.000000 0.000000 0.000000 1.000000
0.562638 -0.556319 0.611512 -0.000100 0.316453 0.828293 0.462373 32.168900 -0.763738 -0.066633 0.642078 0.000000 0.000000 0.000000 0.000000 1.000000
0.563614 -0.553638 0.613045 -0.000100 0.308313 0.829512 0.465675 32.168900 -0.766343 -0.073451 0.638218 -0.000000 0.000000 0.000000 0.000000 1.000000
0.564635 -0.550886 0.614583 -0.000100 0.301826 0.830885 0.467473 32.168900 -0.768172 -0.078455 0.635419 0.000000 0.000000 0.000000 0.000000 1.000000
0.564962 -0.550787 0.614370 -0.000100 0.301246 0.830875 0.467865 32.168900 -0.768159 -0.079249 0.635336 -0.000000 0.000000 0.000000 0.000000 1.000000
0.565966 -0.553110 0.611353 -0.000100 0.305618 0.829471 0.467520 32.168900 -0.765690 -0.077759 0.638493 0.000000 0.000000 0.000000 0.000000 1.000000
0.568663 -0.555775 0.606413 -0.000100 0.310976 0.827760 0.467020 32.168900 -0.761522 -0.076997 0.643549 0.000000 0.000000 0.000000 0.000000 1.000000
0.571952 -0.557361 0.601847 -0.000100 0.314351 0.826619 0.466782 32.168900 -0.757664 -0.077786 0.647993 0.000000 0.000000 0.000000 0.000000 1.000000
0.573721 -0.558039 0.599530 -0.000100 0.315160 0.826032 0.467274 32.168900 -0.755989 -0.079136 0.649784 0.000000 0.000000 0.000000 0.000000 1.000000
0.573661 -0.558015 0.599610 -0.000100 0.313612 0.825893 0.468560 32.168900 -0.756677 -0.080749 0.648783 0.000000 0.000000 0.000000 0.000000 1.000000
0.573246 -0.557112 0.600846 -0.000100 0.310364 0.826283 0.470033 32.168900 -0.758329 -0.082963 0.646571 0.000000 0.000000 0.000000 0.000000 1.000000
0.573851 -0.555430 0.601825 -0.000100 0.306727 0.827142 0.470908 32.168900 -0.759351 -0.085635 0.645022 0.000000 0.000000 0.000000 0.000000 1.000000
0.575476 -0.553304 0.602232 -0.000100 0.303717 0.828316 0.470796 32.168900 -0.759331 -0.088024 0.644723 0.000000 0.000000 0.000000 0.000000 1.000000
0.577159 -0.550811 0.602906 -0.000100 0.301308 0.829826 0.469683 32.168900 -0.759014 -0.089421 0.644905 0.000000 0.000000 0.000000 0.000000 1.000000
0.578527 -0.548150 0.604018 -0.000100 0.299343 0.831535 0.467913 32.168900 -0.758749 -0.089892 0.645150 -0.000000 0.000000 0.000000 0.000000 1.000000
0.580202 -0.545924 0.604427 -0.000100 0.298123 0.832957 0.466160 32.168900 -0.757950 -0.090273 0.646036 0.000000 0.000000 0.000000 0.000000 1.000000
0.582493 -0.544298 0.603690 -0.000100 0.297596 0.833936 0.464745 32.168900 -0.756398 -0.091055 0.647743 0.000000 0.000000 0.000000 0.000000 1.000000
0.584457 -0.542941 0.603014 -0.000100 0.297304 0.834762 0.463447 32.168900 -0.754997 -0.091587 0.649301 0.000000 0.000000 0.000000 0.000000 1.000000
0.584968 -0.541759 0.603581 -0.000100 0.296983 0.835582 0.462173 32.168900 -0.754727 -0.091103 0.649682 0.000000 0.000000 0.000000 0.000000 1.000000
0.584281 -0.540998 0.604928 -0.000100 0.296615 0.836183 0.461322 32.168900 -0.755404 -0.090110 0.649033 0.000000 0.000000 0.000000 0.000000 1.000000
0.583568 -0.540742 0.605844 -0.000100 0.296339 0.836409 0.461089 32.168900 -0.756063 -0.089541 0.648345 0.000000 0.000000 0.000000 0.000000 1.000000
0.583151 -0.540694 0.606288 -0.000100 0.296178 0.836464 0.461093 32.168900 -0.756448 -0.089317 0.647927 0.000000 0.000000 0.000000 0.000000 1.000000
0.582809 -0.540671 0.606637 -0.000100 0.296059 0.836498 0.461107 32.168900 -0.756758 -0.089137 0.647589 0.000000 0.000000 0.000000 0.000000 1.000000
0.582523 -0.540674 0.606909 -0.000100 0.295970 0.836511 0.461141 32.168900 -0.757013 -0.088998 0.647311 0.000000 0.000000 0.000000 0.000000 1.000000
0.582282 -0.540689 0.607126 -0.000100 0.295913 0.836514 0.461172 32.168900 -0.757221 -0.088876 0.647084 0.000000 0.000000 0.000000 0.000000 1.000000
0.582078 -0.540704 0.607309 -0.000100 0.295881 0.836518 0.461186 32.168900 -0.757390 -0.088756 0.646903 0.000000 0.000000 0.000000 0.000000 1.000000
0.581976 -0.540714 0.607398 -0.000100 0.295869 0.836518 0.461193 32.168900 -0.757473 -0.088693 0.646814 -0.000000 0.000000 0.000000 0.000000 1.000000</float_array>
        <technique_common>
          <accessor source="#mixamorig_RightHand-Matrix-animation-output-transform-array" count="36" stride="16">
            <param type="float4x4"/>
          </accessor>
        </technique_common>
      </source>
      <source id="mixamorig_RightHand-Interpolations">
        <Name_array id="mixamorig_RightHand-Interpolations-array" count="36">
 LINEAR LINEAR LINEAR LINEAR LINEAR LINEAR LINEAR LINEAR LINEAR LINEAR LINEAR
LINEAR LINEAR LINEAR LINEAR LINEAR LINEAR LINEAR LINEAR LINEAR LINEAR LINEAR LINEAR
LINEAR LINEAR LINEAR LINEAR LINEAR LINEAR LINEAR LINEAR LINEAR LINEAR LINEAR LINEAR
LINEAR</Name_array>
        <technique_common>
          <accessor source="#mixamorig_RightHand-Interpolations-array" count="36">
            <param type="name"/>
          </accessor>
        </technique_common>
      </source>
      <sampler id="mixamorig_RightHand-Matrix-animation-transform">
        <input semantic="INPUT" source="#mixamorig_RightHand-Matrix-animation-input"/>
        <input semantic="OUTPUT" source="#mixamorig_RightHand-Matrix-animation-output-transform"/>
        <input semantic="INTERPOLATION" source="#mixamorig_RightHand-Interpolations"/>
      </sampler>
      <channel source="#mixamorig_RightHand-Matrix-animation-transform" target="mixamorig_RightHand/matrix"/>
    </animation>
    <animation id="mixamorig_RightHandThumb1-anim" name="mixamorig_RightHandThumb1">
      <source id="mixamorig_RightHandThumb1-Matrix-animation-input">
        <float_array id="mixamorig_RightHandThumb1-Matrix-animation-input-array" count="36">

0.000000 0.033333 0.066667 0.100000 0.133333 0.166667 0.200000 0.233333 0.266667 0.300000 0.333333 0.366667 0.400000 0.433333 0.466667 0.500000
0.533333 0.566667 0.600000 0.633333 0.666667 0.700000 0.733333 0.766667 0.800000 0.833333 0.866667 0.900000 0.933333 0.966667 1.000000 1.033333
1.066667 1.100000 1.133333 1.166667</float_array>
        <technique_common>
          <accessor source="#mixamorig_RightHandThumb1-Matrix-animation-input-array" count="36">
            <param name="TIME" type="float"/>
          </accessor>
        </technique_common>
      </source>
      <source id="mixamorig_RightHandThumb1-Matrix-animation-output-transform">
        <float_array id="mixamorig_RightHandThumb1-Matrix-animation-output-transform-array" count="576">

0.952952 0.298209 -0.054349 4.773000 -0.260734 0.714965 -0.648724 10.394000 -0.154598 0.632373 0.759081 3.788100 0.000000 0.000000 0.000000 1.000000
0.953229 0.297382 -0.054030 4.773000 -0.259912 0.715258 -0.648731 10.394000 -0.154275 0.632432 0.759098 3.788100 0.000000 0.000000 0.000000 1.000000
0.953351 0.297002 -0.053962 4.773000 -0.259580 0.715359 -0.648753 10.394000 -0.154079 0.632496 0.759084 3.788100 0.000000 0.000000 0.000000 1.000000
0.953917 0.295373 -0.052884 4.773000 -0.257689 0.716066 -0.648727 10.394000 -0.153748 0.632459 0.759182 3.788100 0.000000 0.000000 0.000000 1.000000
0.954957 0.292373 -0.050753 4.773000 -0.254119 0.717411 -0.648649 10.394000 -0.153237 0.632328 0.759394 3.788100 0.000000 0.000000 0.000000 1.000000
0.953930 0.295314 -0.052995 4.773000 -0.257713 0.716057 -0.648726 10.394000 -0.153631 0.632496 0.759174 3.788100 0.000000 0.000000 0.000000 1.000000
0.947566 0.312694 -0.065884 4.773000 -0.278743 0.707957 -0.648921 10.394000 -0.156270 0.633260 0.757998 3.788100 0.000000 0.000000 0.000000 1.000000
0.936365 0.340197 -0.086529 4.773000 -0.312154 0.694219 -0.648552 10.394000 -0.160565 0.634292 0.756236 3.788100 0.000000 0.000000 0.000000 1.000000
0.926081 0.362760 -0.103827 4.773000 -0.339767 0.682029 -0.647608 10.394000 -0.164113 0.635014 0.754867 3.788100 0.000000 0.000000 0.000000 1.000000
0.921763 0.371560 -0.110885 4.773000 -0.350734 0.677004 -0.647032 10.394000 -0.165342 0.635301 0.754357 3.788100 0.000000 0.000000 0.000000 1.000000
0.922412 0.370133 -0.110264 4.773000 -0.349289 0.677695 -0.647091 10.394000 -0.164785 0.635398 0.754397 3.788100 0.000000 0.000000 0.000000 1.000000
0.925035 0.364714 -0.106275 4.773000 -0.342767 0.680720 -0.647404 10.394000 -0.163774 0.635298 0.754701 3.788100 0.000000 0.000000 0.000000 1.000000
0.929186 0.356140 -0.098882 4.773000 -0.331784 0.685783 -0.647782 10.394000 -0.162889 0.634718 0.755381 3.788100 0.000000 0.000000 0.000000 1.000000
0.935026 0.343592 -0.087586 4.773000 -0.315420 0.693149 -0.648116 10.394000 -0.161977 0.633631 0.756488 3.788100 0.000000 0.000000 0.000000 1.000000
0.940572 0.330874 -0.076465 4.773000 -0.299037 0.700261 -0.648237 10.394000 -0.160939 0.632580 0.757589 3.788100 0.000000 0.000000 0.000000 1.000000
0.943861 0.322809 -0.070142 4.773000 -0.289089 0.704412 -0.648253 10.394000 -0.159853 0.632138 0.758187 3.788100 0.000000 0.000000 0.000000 1.000000
0.945281 0.319074 -0.068086 4.773000 -0.285001 0.705989 -0.648348 10.394000 -0.158802 0.632275 0.758294 3.788100 0.000000 0.000000 0.000000 1.000000
0.946190 0.316572 -0.067136 4.773000 -0.282516 0.706878 -0.648466 10.394000 -0.157829 0.632539 0.758278 3.788100 0.000000 0.000000 0.000000 1.000000
0.947083 0.314113 -0.066084 4.773000 -0.280012 0.707828 -0.648516 10.394000 -0.156932 0.632703 0.758327 3.788100 0.000000 0.000000 0.000000 1.000000
0.947811 0.312089 -0.065226 4.773000 -0.277958 0.708608 -0.648548 10.394000 -0.156185 0.632831 0.758374 3.788100 0.000000 0.000000 0.000000 1.000000
0.948377 0.310510 -0.064532 4.773000 -0.276335 0.709205 -0.648588 10.394000 -0.155626 0.632939 0.758399 3.788100 0.000000 0.000000 0.000000 1.000000
0.948862 0.309175 -0.063804 4.773000 -0.274877 0.709748 -0.648614 10.394000 -0.155250 0.632984 0.758438 3.788100 0.000000 0.000000 0.000000 1.000000
0.949260 0.308103 -0.063067 4.773000 -0.273612 0.710221 -0.648631 10.394000 -0.155054 0.632975 0.758486 3.788100 0.000000 0.000000 0.000000 1.000000
0.949620 0.307148 -0.062301 4.773000 -0.272415 0.710667 -0.648647 10.394000 -0.154955 0.632940 0.758535 3.788100 0.000000 0.000000 0.000000 1.000000
0.950005 0.306137 -0.061415 4.773000 -0.271103 0.711157 -0.648659 10.394000 -0.154903 0.632879 0.758597 3.788100 0.000000 0.000000 0.000000 1.000000
0.950394 0.305120 -0.060440 4.773000 -0.269730 0.711668 -0.648671 10.394000 -0.154909 0.632795 0.758665 3.788100 0.000000 0.000000 0.000000 1.000000
0.950802 0.304050 -0.059401 4.773000 -0.268277 0.712205 -0.648684 10.394000 -0.154927 0.632707 0.758736 3.788100 0.000000 0.000000 0.000000 1.000000
0.951327 0.302649 -0.058143 4.773000 -0.266439 0.712884 -0.648696 10.394000 -0.154877 0.632613 0.758824 3.788100 0.000000 0.000000 0.000000 1.000000
0.951889 0.301126 -0.056839 4.773000 -0.264482 0.713606 -0.648703 10.394000 -0.154780 0.632526 0.758916 3.788100 0.000000 0.000000 0.000000 1.000000
0.952239 0.300167 -0.056035 4.773000 -0.263259 0.714055 -0.648707 10.394000 -0.154708 0.632476 0.758973 3.788100 0.000000 0.000000 0.000000 1.000000
0.952424 0.299658 -0.055614 4.773000 -0.262614 0.714291 -0.648708 10.394000 -0.154666 0.632451 0.759002 3.788100 0.000000 0.000000 0.000000 1.000000
0.952575 0.299241 -0.055272 4.773000 -0.262088 0.714485 -0.648707 10.394000 -0.154629 0.632429 0.759028 3.788100 0.000000 0.000000 0.000000 1.000000
0.952698 0.298901 -0.054995 4.773000 -0.261660 0.714644 -0.648705 10.394000 -0.154596 0.632410 0.759051 3.788100 0.000000 0.000000 0.000000 1.000000
0.952805 0.298605 -0.054754 4.773000 -0.261289 0.714788 -0.648695 10.394000 -0.154566 0.632387 0.759076 3.788100 0.000000 0.000000 0.000000 1.000000
0.952899 0.298343 -0.054539 4.773000 -0.260962 0.714922 -0.648680 10.394000 -0.154538 0.632359 0.759105 3.788100 0.000000 0.000000 0.000000 1.000000
0.952947 0.298210 -0.054431 4.773000 -0.260797 0.714991 -0.648671 10.394000 -0.154523 0.632344 0.759120 3.788100 0.000000 0.000000 0.000000 1.000000</float_array>
        <technique_common>
          <accessor source="#mixamorig_RightHandThumb1-Matrix-animation-output-transform-array" count="36" stride="16">
            <param type="float4x4"/>
          </accessor>
        </technique_common>
      </source>
      <source id="mixamorig_RightHandThumb1-Interpolations">
        <Name_array id="mixamorig_RightHandThumb1-Interpolations-array" count="36">
 LINEAR LINEAR LINEAR LINEAR LINEAR LINEAR LINEAR LINEAR LINEAR LINEAR LINEAR
LINEAR LINEAR LINEAR LINEAR LINEAR LINEAR LINEAR LINEAR LINEAR LINEAR LINEAR LINEAR
LINEAR LINEAR LINEAR LINEAR LINEAR LINEAR LINEAR LINEAR LINEAR LINEAR LINEAR LINEAR
LINEAR</Name_array>
        <technique_common>
          <accessor source="#mixamorig_RightHandThumb1-Interpolations-array" count="36">
            <param type="name"/>
          </accessor>
        </technique_common>
      </source>
      <sampler id="mixamorig_RightHandThumb1-Matrix-animation-transform">
        <input semantic="INPUT" source="#mixamorig_RightHandThumb1-Matrix-animation-input"/>
        <input semantic="OUTPUT" source="#mixamorig_RightHandThumb1-Matrix-animation-output-transform"/>
        <input semantic="INTERPOLATION" source="#mixamorig_RightHandThumb1-Interpolations"/>
      </sampler>
      <channel source="#mixamorig_RightHandThumb1-Matrix-animation-transform" target="mixamorig_RightHandThumb1/matrix"/>
    </animation>
    <animation id="mixamorig_RightHandThumb2-anim" name="mixamorig_RightHandThumb2">
      <source id="mixamorig_RightHandThumb2-Matrix-animation-input">
        <float_array id="mixamorig_RightHandThumb2-Matrix-animation-input-array" count="36">

0.000000 0.033333 0.066667 0.100000 0.133333 0.166667 0.200000 0.233333 0.266667 0.300000 0.333333 0.366667 0.400000 0.433333 0.466667 0.500000
0.533333 0.566667 0.600000 0.633333 0.666667 0.700000 0.733333 0.766667 0.800000 0.833333 0.866667 0.900000 0.933333 0.966667 1.000000 1.033333
1.066667 1.100000 1.133333 1.166667</float_array>
        <technique_common>
          <accessor source="#mixamorig_RightHandThumb2-Matrix-animation-input-array" count="36">
            <param name="TIME" type="float"/>
          </accessor>
        </technique_common>
      </source>
      <source id="mixamorig_RightHandThumb2-Matrix-animation-output-transform">
        <float_array id="mixamorig_RightHandThumb2-Matrix-animation-output-transform-array" count="576">

0.840466 -0.359754 -0.405207 -0.000000 0.443895 0.885987 0.134106 5.770400 0.310763 -0.292581 0.904335 0.000000 0.000000 0.000000 0.000000 1.000000
0.840184 -0.358941 -0.406513 -0.000000 0.443376 0.886293 0.133799 5.770400 0.312264 -0.292654 0.903795 0.000000 0.000000 0.000000 0.000000 1.000000
0.840363 -0.359519 -0.405632 0.000000 0.443772 0.886057 0.134051 5.770400 0.311219 -0.292660 0.904153 -0.000000 0.000000 0.000000 0.000000 1.000000
0.840558 -0.359899 -0.404889 -0.000000 0.443984 0.885922 0.134240 5.770400 0.310387 -0.292601 0.904458 0.000000 0.000000 0.000000 0.000000 1.000000
0.840579 -0.359853 -0.404887 0.000000 0.443943 0.885939 0.134264 5.770400 0.310390 -0.292607 0.904455 -0.000000 0.000000 0.000000 0.000000 1.000000
0.843234 -0.368266 -0.391583 0.000000 0.449376 0.882689 0.137556 5.770400 0.294989 -0.291960 0.909803 -0.000000 0.000000 0.000000 0.000000 1.000000
0.851586 -0.396035 -0.343448 -0.000000 0.465462 0.872626 0.147883 5.770400 0.241135 -0.285797 0.927456 0.000000 0.000000 0.000000 0.000000 1.000000
0.859544 -0.438080 -0.263193 0.000000 0.486973 0.858314 0.161722 5.770400 0.155055 -0.267175 0.951092 0.000000 0.000000 0.000000 0.000000 1.000000
0.860707 -0.472598 -0.189298 -0.000000 0.502886 0.847163 0.171527 5.770400 0.079303 -0.242830 0.966822 0.000000 0.000000 0.000000 0.000000 1.000000
0.859841 -0.486553 -0.154727 0.000000 0.508552 0.843046 0.175065 5.770400 0.045264 -0.229215 0.972323 -0.000000 0.000000 0.000000 0.000000 1.000000
0.860065 -0.486323 -0.154201 0.000000 0.508193 0.843317 0.174803 5.770400 0.045029 -0.228706 0.972454 0.000000 0.000000 0.000000 0.000000 1.000000
0.860666 -0.479152 -0.172240 -0.000000 0.505270 0.845512 0.172664 5.770400 0.062898 -0.235634 0.969804 -0.000000 0.000000 0.000000 0.000000 1.000000
0.861209 -0.462450 -0.210854 0.000000 0.497966 0.850780 0.167937 5.770400 0.101728 -0.249627 0.962984 -0.000000 0.000000 0.000000 0.000000 1.000000
0.859411 -0.434818 -0.268974 0.000000 0.485023 0.859772 0.159828 5.770400 0.161760 -0.267817 0.949794 0.000000 0.000000 0.000000 0.000000 1.000000
0.854415 -0.407163 -0.322789 -0.000000 0.471173 0.869017 0.151015 5.770400 0.219021 -0.281119 0.934346 0.000000 0.000000 0.000000 0.000000 1.000000
0.850488 -0.391279 -0.351528 0.000000 0.462544 0.874553 0.145634 5.770400 0.250446 -0.286457 0.924781 0.000000 0.000000 0.000000 0.000000 1.000000
0.849188 -0.386218 -0.360161 0.000000 0.459606 0.876394 0.143859 5.770400 0.260082 -0.287695 0.921731 0.000000 0.000000 0.000000 0.000000 1.000000
0.848575 -0.384173 -0.363773 0.000000 0.458441 0.877130 0.143088 5.770400 0.264106 -0.288189 0.920432 0.000000 0.000000 0.000000 0.000000 1.000000
0.847895 -0.381882 -0.367749 0.000000 0.457115 0.877960 0.142239 5.770400 0.268551 -0.288707 0.918982 0.000000 0.000000 0.000000 0.000000 1.000000
0.847445 -0.380320 -0.370396 0.000000 0.456185 0.878539 0.141648 5.770400 0.271535 -0.289008 0.918010 0.000000 0.000000 0.000000 0.000000 1.000000
0.847134 -0.379275 -0.372175 -0.000000 0.455561 0.878929 0.141237 5.770400 0.273548 -0.289195 0.917354 0.000000 0.000000 0.000000 0.000000 1.000000
0.846718 -0.377914 -0.374499 0.000000 0.454754 0.879430 0.140718 5.770400 0.276166 -0.289453 0.916487 -0.000000 0.000000 0.000000 0.000000 1.000000
0.846250 -0.376409 -0.377065 0.000000 0.453860 0.879982 0.140150 5.770400 0.279057 -0.289737 0.915522 0.000000 0.000000 0.000000 0.000000 1.000000
0.845720 -0.374746 -0.379900 -0.000000 0.452874 0.880588 0.139532 5.770400 0.282246 -0.290052 0.914444 0.000000 0.000000 0.000000 0.000000 1.000000
0.844971 -0.372459 -0.383795 0.000000 0.451522 0.881413 0.138701 5.770400 0.286621 -0.290490 0.912942 0.000000 0.000000 0.000000 0.000000 1.000000
0.844002 -0.369587 -0.388671 0.000000 0.449819 0.882445 0.137670 5.770400 0.292100 -0.291025 0.911033 -0.000000 0.000000 0.000000 0.000000 1.000000
0.843027 -0.366777 -0.393422 0.000000 0.448142 0.883455 0.136661 5.770400 0.297446 -0.291518 0.909144 0.000000 0.000000 0.000000 0.000000 1.000000
0.842225 -0.364524 -0.397214 -0.000000 0.446788 0.884266 0.135845 5.770400 0.301724 -0.291883 0.907616 -0.000000 0.000000 0.000000 0.000000 1.000000
0.841662 -0.362970 -0.399823 0.000000 0.445848 0.884828 0.135277 5.770400 0.304673 -0.292117 0.906555 0.000000 0.000000 0.000000 0.000000 1.000000
0.841356 -0.362137 -0.401218 0.000000 0.445342 0.885129 0.134972 5.770400 0.306252 -0.292239 0.905984 0.000000 0.000000 0.000000 0.000000 1.000000
0.841173 -0.361644 -0.402046 -0.000000 0.445043 0.885307 0.134792 5.770400 0.307188 -0.292311 0.905643 0.000000 0.000000 0.000000 0.000000 1.000000
0.841009 -0.361201 -0.402787 0.000000 0.444774 0.885467 0.134630 5.770400 0.308026 -0.292374 0.905338 0.000000 0.000000 0.000000 0.000000 1.000000
0.840863 -0.360810 -0.403442 0.000000 0.444536 0.885608 0.134488 5.770400 0.308767 -0.292430 0.905068 0.000000 0.000000 0.000000 0.000000 1.000000
0.840710 -0.360400 -0.404127 -0.000000 0.444287 0.885755 0.134340 5.770400 0.309542 -0.292489 0.904784 0.000000 0.000000 0.000000 0.000000 1.000000
0.840553 -0.359982 -0.404826 -0.000000 0.444033 0.885905 0.134188 5.770400 0.310332 -0.292548 0.904494 0.000000 0.000000 0.000000 0.000000 1.000000
0.840466 -0.359755 -0.405208 0.000000 0.443895 0.885987 0.134106 5.770400 0.310763 -0.292581 0.904335 0.000000 0.000000 0.000000 0.000000 1.000000</float_array>
        <technique_common>
          <accessor source="#mixamorig_RightHandThumb2-Matrix-animation-output-transform-array" count="36" stride="16">
            <param type="float4x4"/>
          </accessor>
        </technique_common>
      </source>
      <source id="mixamorig_RightHandThumb2-Interpolations">
        <Name_array id="mixamorig_RightHandThumb2-Interpolations-array" count="36">
 LINEAR LINEAR LINEAR LINEAR LINEAR LINEAR LINEAR LINEAR LINEAR LINEAR LINEAR
LINEAR LINEAR LINEAR LINEAR LINEAR LINEAR LINEAR LINEAR LINEAR LINEAR LINEAR LINEAR
LINEAR LINEAR LINEAR LINEAR LINEAR LINEAR LINEAR LINEAR LINEAR LINEAR LINEAR LINEAR
LINEAR</Name_array>
        <technique_common>
          <accessor source="#mixamorig_RightHandThumb2-Interpolations-array" count="36">
            <param type="name"/>
          </accessor>
        </technique_common>
      </source>
      <sampler id="mixamorig_RightHandThumb2-Matrix-animation-transform">
        <input semantic="INPUT" source="#mixamorig_RightHandThumb2-Matrix-animation-input"/>
        <input semantic="OUTPUT" source="#mixamorig_RightHandThumb2-Matrix-animation-output-transform"/>
        <input semantic="INTERPOLATION" source="#mixamorig_RightHandThumb2-Interpolations"/>
      </sampler>
      <channel source="#mixamorig_RightHandThumb2-Matrix-animation-transform" target="mixamorig_RightHandThumb2/matrix"/>
    </animation>
    <animation id="mixamorig_RightHandThumb3-anim" name="mixamorig_RightHandThumb3">
      <source id="mixamorig_RightHandThumb3-Matrix-animation-input">
        <float_array id="mixamorig_RightHandThumb3-Matrix-animation-input-array" count="36">

0.000000 0.033333 0.066667 0.100000 0.133333 0.166667 0.200000 0.233333 0.266667 0.300000 0.333333 0.366667 0.400000 0.433333 0.466667 0.500000
0.533333 0.566667 0.600000 0.633333 0.666667 0.700000 0.733333 0.766667 0.800000 0.833333 0.866667 0.900000 0.933333 0.966667 1.000000 1.033333
1.066667 1.100000 1.133333 1.166667</float_array>
        <technique_common>
          <accessor source="#mixamorig_RightHandThumb3-Matrix-animation-input-array" count="36">
            <param name="TIME" type="float"/>
          </accessor>
        </technique_common>
      </source>
      <source id="mixamorig_RightHandThumb3-Matrix-animation-output-transform">
        <float_array id="mixamorig_RightHandThumb3-Matrix-animation-output-transform-array" count="576">

0.666713 -0.700768 -0.253807 -0.000000 0.720648 0.519233 0.459416 6.146400 -0.190159 -0.489204 0.851187 0.000000 0.000000 0.000000 0.000000 1.000000
0.666714 -0.700768 -0.253806 -0.000000 0.720639 0.519214 0.459451 6.146400 -0.190189 -0.489225 0.851168 0.000000 0.000000 0.000000 0.000000 1.000000
0.666672 -0.700808 -0.253806 0.000000 0.720719 0.519297 0.459232 6.146400 -0.190033 -0.489080 0.851287 0.000000 0.000000 0.000000 0.000000 1.000000
0.666471 -0.700994 -0.253818 -0.000000 0.721199 0.519936 0.457753 6.146400 -0.188913 -0.488133 0.852079 0.000000 0.000000 0.000000 0.000000 1.000000
0.666122 -0.701317 -0.253842 -0.000000 0.722061 0.521124 0.455036 6.146400 -0.186841 -0.486399 0.853526 0.000000 0.000000 0.000000 0.000000 1.000000
0.665880 -0.701542 -0.253857 0.000000 0.722656 0.521948 0.453143 6.146400 -0.185399 -0.485190 0.854528 0.000000 0.000000 0.000000 0.000000 1.000000
0.665964 -0.701464 -0.253851 0.000000 0.722450 0.521662 0.453801 6.146400 -0.185900 -0.485610 0.854180 0.000000 0.000000 0.000000 0.000000 1.000000
0.666287 -0.701164 -0.253830 -0.000000 0.721655 0.520566 0.456317 6.146400 -0.187818 -0.487216 0.852845 0.000000 0.000000 0.000000 0.000000 1.000000
0.666619 -0.700857 -0.253808 0.000000 0.720835 0.519439 0.458891 6.146400 -0.189780 -0.488859 0.851470 -0.000000 0.000000 0.000000 0.000000 1.000000
0.666848 -0.700645 -0.253791 0.000000 0.720265 0.518657 0.460666 6.146400 -0.191133 -0.489991 0.850516 0.000000 0.000000 0.000000 0.000000 1.000000
0.667014 -0.700492 -0.253779 -0.000000 0.719851 0.518089 0.461951 6.146400 -0.192113 -0.490811 0.849822 0.000000 0.000000 0.000000 0.000000 1.000000
0.667190 -0.700329 -0.253765 0.000000 0.719409 0.517486 0.463314 6.146400 -0.193152 -0.491679 0.849084 -0.000000 0.000000 0.000000 0.000000 1.000000
0.667425 -0.700111 -0.253747 0.000000 0.718818 0.516678 0.465129 6.146400 -0.194537 -0.492837 0.848096 0.000000 0.000000 0.000000 0.000000 1.000000
0.667708 -0.699850 -0.253724 -0.000000 0.718099 0.515696 0.467324 6.146400 -0.196212 -0.494235 0.846896 0.000000 0.000000 0.000000 0.000000 1.000000
0.667954 -0.699623 -0.253703 0.000000 0.717476 0.514850 0.469210 6.146400 -0.197651 -0.495436 0.845859 0.000000 0.000000 0.000000 0.000000 1.000000
0.668090 -0.699499 -0.253689 0.000000 0.717153 0.514440 0.470153 6.146400 -0.198364 -0.496038 0.845339 0.000000 0.000000 0.000000 0.000000 1.000000
0.668106 -0.699484 -0.253686 0.000000 0.717125 0.514419 0.470218 6.146400 -0.198409 -0.496080 0.845304 0.000000 0.000000 0.000000 0.000000 1.000000
0.668037 -0.699547 -0.253694 0.000000 0.717282 0.514609 0.469771 6.146400 -0.198074 -0.495794 0.845550 0.000000 0.000000 0.000000 0.000000 1.000000
0.667910 -0.699664 -0.253707 0.000000 0.717587 0.514999 0.468877 6.146400 -0.197398 -0.495225 0.846042 -0.000000 0.000000 0.000000 0.000000 1.000000
0.667741 -0.699819 -0.253721 0.000000 0.718015 0.515582 0.467577 6.146400 -0.196405 -0.494396 0.846757 0.000000 0.000000 0.000000 0.000000 1.000000
0.667561 -0.699987 -0.253736 -0.000000 0.718476 0.516212 0.466174 6.146400 -0.195334 -0.493502 0.847526 0.000000 0.000000 0.000000 0.000000 1.000000
0.667384 -0.700149 -0.253750 -0.000000 0.718920 0.516817 0.464816 6.146400 -0.194298 -0.492637 0.848267 -0.000000 0.000000 0.000000 0.000000 1.000000
0.667208 -0.700312 -0.253765 0.000000 0.719365 0.517424 0.463450 6.146400 -0.193256 -0.491767 0.849010 0.000000 0.000000 0.000000 0.000000 1.000000
0.667055 -0.700454 -0.253776 0.000000 0.719746 0.517944 0.462278 6.146400 -0.192363 -0.491019 0.849645 0.000000 0.000000 0.000000 0.000000 1.000000
0.666968 -0.700534 -0.253784 0.000000 0.719961 0.518234 0.461616 6.146400 -0.191858 -0.490598 0.850003 0.000000 0.000000 0.000000 0.000000 1.000000
0.666946 -0.700552 -0.253791 0.000000 0.720020 0.518317 0.461430 6.146400 -0.191711 -0.490484 0.850102 0.000000 0.000000 0.000000 0.000000 1.000000
0.666934 -0.700563 -0.253793 -0.000000 0.720055 0.518368 0.461320 6.146400 -0.191625 -0.490415 0.850160 0.000000 0.000000 0.000000 0.000000 1.000000
0.666883 -0.700612 -0.253791 -0.000000 0.720183 0.518547 0.460918 6.146400 -0.191322 -0.490154 0.850379 -0.000000 0.000000 0.000000 0.000000 1.000000
0.666805 -0.700685 -0.253794 -0.000000 0.720371 0.518802 0.460337 6.146400 -0.190882 -0.489781 0.850693 0.000000 0.000000 0.000000 0.000000 1.000000
0.666747 -0.700738 -0.253801 0.000000 0.720499 0.518956 0.459963 6.146400 -0.190602 -0.489542 0.850893 -0.000000 0.000000 0.000000 0.000000 1.000000
0.666710 -0.700772 -0.253805 0.000000 0.720569 0.519023 0.459777 6.146400 -0.190468 -0.489422 0.850992 0.000000 0.000000 0.000000 0.000000 1.000000
0.666676 -0.700800 -0.253814 0.000000 0.720629 0.519073 0.459627 6.146400 -0.190359 -0.489328 0.851071 0.000000 0.000000 0.000000 0.000000 1.000000
0.666647 -0.700825 -0.253823 -0.000000 0.720679 0.519110 0.459507 6.146400 -0.190272 -0.489254 0.851133 0.000000 0.000000 0.000000 0.000000 1.000000
0.666626 -0.700848 -0.253814 -0.000000 0.720713 0.519142 0.459417 6.146400 -0.190216 -0.489186 0.851184 -0.000000 0.000000 0.000000 0.000000 1.000000
0.666611 -0.700872 -0.253787 0.000000 0.720735 0.519172 0.459349 6.146400 -0.190186 -0.489120 0.851229 0.000000 0.000000 0.000000 0.000000 1.000000
0.666604 -0.700885 -0.253769 -0.000000 0.720744 0.519187 0.459318 6.146400 -0.190175 -0.489086 0.851251 -0.000000 0.000000 0.000000 0.000000 1.000000</float_array>
        <technique_common>
          <accessor source="#mixamorig_RightHandThumb3-Matrix-animation-output-transform-array" count="36" stride="16">
            <param type="float4x4"/>
          </accessor>
        </technique_common>
      </source>
      <source id="mixamorig_RightHandThumb3-Interpolations">
        <Name_array id="mixamorig_RightHandThumb3-Interpolations-array" count="36">
 LINEAR LINEAR LINEAR LINEAR LINEAR LINEAR LINEAR LINEAR LINEAR LINEAR LINEAR
LINEAR LINEAR LINEAR LINEAR LINEAR LINEAR LINEAR LINEAR LINEAR LINEAR LINEAR LINEAR
LINEAR LINEAR LINEAR LINEAR LINEAR LINEAR LINEAR LINEAR LINEAR LINEAR LINEAR LINEAR
LINEAR</Name_array>
        <technique_common>
          <accessor source="#mixamorig_RightHandThumb3-Interpolations-array" count="36">
            <param type="name"/>
          </accessor>
        </technique_common>
      </source>
      <sampler id="mixamorig_RightHandThumb3-Matrix-animation-transform">
        <input semantic="INPUT" source="#mixamorig_RightHandThumb3-Matrix-animation-input"/>
        <input semantic="OUTPUT" source="#mixamorig_RightHandThumb3-Matrix-animation-output-transform"/>
        <input semantic="INTERPOLATION" source="#mixamorig_RightHandThumb3-Interpolations"/>
      </sampler>
      <channel source="#mixamorig_RightHandThumb3-Matrix-animation-transform" target="mixamorig_RightHandThumb3/matrix"/>
    </animation>
    <animation id="mixamorig_RightHandIndex1-anim" name="mixamorig_RightHandIndex1">
      <source id="mixamorig_RightHandIndex1-Matrix-animation-input">
        <float_array id="mixamorig_RightHandIndex1-Matrix-animation-input-array" count="36">

0.000000 0.033333 0.066667 0.100000 0.133333 0.166667 0.200000 0.233333 0.266667 0.300000 0.333333 0.366667 0.400000 0.433333 0.466667 0.500000
0.533333 0.566667 0.600000 0.633333 0.666667 0.700000 0.733333 0.766667 0.800000 0.833333 0.866667 0.900000 0.933333 0.966667 1.000000 1.033333
1.066667 1.100000 1.133333 1.166667</float_array>
        <technique_common>
          <accessor source="#mixamorig_RightHandIndex1-Matrix-animation-input-array" count="36">
            <param name="TIME" type="float"/>
          </accessor>
        </technique_common>
      </source>
      <source id="mixamorig_RightHandIndex1-Matrix-animation-output-transform">
        <float_array id="mixamorig_RightHandIndex1-Matrix-animation-output-transform-array" count="576">

0.999440 0.032136 0.009355 0.000100 -0.029482 0.977581 -0.208484 21.103001 -0.015845 0.208091 0.977981 -0.145900 0.000000 0.000000 0.000000 1.000000
0.999455 0.031542 0.009695 0.000100 -0.028734 0.976343 -0.214308 21.103001 -0.016226 0.213912 0.976718 -0.145900 0.000000 0.000000 0.000000 1.000000
0.999473 0.030841 0.010113 0.000100 -0.027839 0.974789 -0.221386 21.103001 -0.016686 0.220988 0.975134 -0.145900 0.000000 0.000000 0.000000 1.000000
0.999505 0.029396 0.011176 0.000100 -0.025873 0.970647 -0.239112 21.103001 -0.017876 0.238704 0.970928 -0.145900 0.000000 0.000000 0.000000 1.000000
0.999541 0.027443 0.012837 0.000100 -0.023044 0.963716 -0.265933 21.103001 -0.019670 0.265515 0.963906 -0.145900 0.000000 0.000000 0.000000 1.000000
0.999562 0.025816 0.014442 0.000100 -0.020501 0.956531 -0.290908 21.103001 -0.021325 0.290485 0.956642 -0.145900 0.000000 0.000000 0.000000 1.000000
0.999573 0.024560 0.015851 0.000100 -0.018389 0.949866 -0.312116 21.103001 -0.022722 0.311691 0.949912 -0.145900 0.000000 0.000000 0.000000 1.000000
0.999576 0.023490 0.017186 0.000100 -0.016464 0.943257 -0.331656 21.103001 -0.024002 0.331232 0.943244 -0.145900 0.000000 0.000000 0.000000 1.000000
0.999570 0.023483 0.017544 0.000100 -0.016206 0.941431 -0.336816 21.103001 -0.024426 0.336387 0.941407 -0.145900 0.000000 0.000000 0.000000 1.000000
0.999545 0.025886 0.015487 0.000100 -0.019889 0.951561 -0.306816 21.103001 -0.022679 0.306369 0.951643 -0.145900 0.000000 0.000000 0.000000 1.000000
0.999463 0.030707 0.011398 0.000100 -0.027020 0.969662 -0.242952 21.103001 -0.018513 0.242513 0.969971 -0.145900 0.000000 0.000000 0.000000 1.000000
0.999324 0.035949 0.007751 0.000100 -0.033962 0.983000 -0.180436 21.103001 -0.014106 0.180051 0.983556 -0.145900 0.000000 0.000000 0.000000 1.000000
0.999190 0.039746 0.006293 0.000100 -0.038306 0.987349 -0.153865 21.103001 -0.012329 0.153500 0.988072 -0.145900 0.000000 0.000000 0.000000 1.000000
0.999086 0.042234 0.006591 0.000100 -0.040639 0.986303 -0.159856 21.103001 -0.013252 0.159442 0.987118 -0.145900 0.000000 0.000000 0.000000 1.000000
0.999027 0.043498 0.007239 0.000100 -0.041605 0.984198 -0.172114 21.103001 -0.014611 0.171645 0.985050 -0.145900 0.000000 0.000000 0.000000 1.000000
0.999081 0.042203 0.007524 0.000100 -0.040205 0.983362 -0.177153 21.103001 -0.014875 0.176688 0.984155 -0.145900 0.000000 0.000000 0.000000 1.000000
0.999234 0.038397 0.007579 0.000100 -0.036441 0.983419 -0.177648 21.103001 -0.014275 0.177236 0.984065 -0.145900 0.000000 0.000000 0.000000 1.000000
0.999367 0.034770 0.007583 0.000100 -0.032878 0.983623 -0.177213 21.103001 -0.013620 0.176851 0.984143 -0.145900 0.000000 0.000000 0.000000 1.000000
0.999421 0.033152 0.007613 0.000100 -0.031275 0.983612 -0.177562 21.103001 -0.013375 0.177221 0.984080 -0.145900 0.000000 0.000000 0.000000 1.000000
0.999434 0.032742 0.007758 0.000100 -0.030810 0.983155 -0.180157 21.103001 -0.013527 0.179816 0.983607 -0.145900 0.000000 0.000000 0.000000 1.000000
0.999442 0.032438 0.007954 0.000100 -0.030427 0.982517 -0.183669 21.103001 -0.013773 0.183325 0.982956 -0.145900 0.000000 0.000000 0.000000 1.000000
0.999452 0.032106 0.008067 0.000100 -0.030052 0.982152 -0.185674 21.103001 -0.013885 0.185330 0.982578 -0.145900 0.000000 0.000000 0.000000 1.000000
0.999458 0.031905 0.008102 0.000100 -0.029839 0.982048 -0.186258 21.103001 -0.013899 0.185915 0.982468 -0.145900 0.000000 0.000000 0.000000 1.000000
0.999460 0.031831 0.008147 0.000100 -0.029746 0.981896 -0.187072 21.103001 -0.013955 0.186729 0.982312 -0.145900 0.000000 0.000000 0.000000 1.000000
0.999458 0.031856 0.008258 0.000100 -0.029722 0.981514 -0.189071 21.103001 -0.014129 0.188723 0.981929 -0.145900 0.000000 0.000000 0.000000 1.000000
0.999453 0.031985 0.008419 0.000100 -0.029776 0.980953 -0.191951 21.103001 -0.014398 0.191595 0.981368 -0.145900 0.000000 0.000000 0.000000 1.000000
0.999446 0.032138 0.008594 0.000100 -0.029845 0.980327 -0.195110 21.103001 -0.014696 0.194746 0.980744 -0.145900 0.000000 0.000000 0.000000 1.000000
0.999442 0.032215 0.008795 0.000100 -0.029827 0.979611 -0.198675 21.103001 -0.015016 0.198302 0.980026 -0.145900 0.000000 0.000000 0.000000 1.000000
0.999440 0.032225 0.008997 0.000100 -0.029741 0.978885 -0.202234 21.103001 -0.015324 0.201853 0.979296 -0.145900 0.000000 0.000000 0.000000 1.000000
0.999439 0.032214 0.009121 0.000100 -0.029672 0.978435 -0.204411 21.103001 -0.015509 0.204025 0.978843 -0.145900 0.000000 0.000000 0.000000 1.000000
0.999439 0.032203 0.009185 0.000100 -0.029630 0.978202 -0.205531 21.103001 -0.015603 0.205144 0.978608 -0.145900 0.000000 0.000000 0.000000 1.000000
0.999439 0.032194 0.009237 0.000100 -0.029596 0.978014 -0.206428 21.103001 -0.015680 0.206039 0.978418 -0.145900 0.000000 0.000000 0.000000 1.000000
0.999439 0.032186 0.009277 0.000100 -0.029569 0.977864 -0.207144 21.103001 -0.015739 0.206753 0.978267 -0.145900 0.000000 0.000000 0.000000 1.000000
0.999439 0.032163 0.009312 0.000100 -0.029530 0.977739 -0.207736 21.103001 -0.015786 0.207344 0.978141 -0.145900 0.000000 0.000000 0.000000 1.000000
0.999440 0.032125 0.009340 0.000100 -0.029478 0.977634 -0.208235 21.103001 -0.015821 0.207843 0.978034 -0.145900 0.000000 0.000000 0.000000 1.000000
0.999441 0.032101 0.009355 0.000100 -0.029448 0.977583 -0.208481 21.103001 -0.015838 0.208089 0.977982 -0.145900 0.000000 0.000000 0.000000 1.000000</float_array>
        <technique_common>
          <accessor source="#mixamorig_RightHandIndex1-Matrix-animation-output-transform-array" count="36" stride="16">
            <param type="float4x4"/>
          </accessor>
        </technique_common>
      </source>
      <source id="mixamorig_RightHandIndex1-Interpolations">
        <Name_array id="mixamorig_RightHandIndex1-Interpolations-array" count="36">
 LINEAR LINEAR LINEAR LINEAR LINEAR LINEAR LINEAR LINEAR LINEAR LINEAR LINEAR
LINEAR LINEAR LINEAR LINEAR LINEAR LINEAR LINEAR LINEAR LINEAR LINEAR LINEAR LINEAR
LINEAR LINEAR LINEAR LINEAR LINEAR LINEAR LINEAR LINEAR LINEAR LINEAR LINEAR LINEAR
LINEAR</Name_array>
        <technique_common>
          <accessor source="#mixamorig_RightHandIndex1-Interpolations-array" count="36">
            <param type="name"/>
          </accessor>
        </technique_common>
      </source>
      <sampler id="mixamorig_RightHandIndex1-Matrix-animation-transform">
        <input semantic="INPUT" source="#mixamorig_RightHandIndex1-Matrix-animation-input"/>
        <input semantic="OUTPUT" source="#mixamorig_RightHandIndex1-Matrix-animation-output-transform"/>
        <input semantic="INTERPOLATION" source="#mixamorig_RightHandIndex1-Interpolations"/>
      </sampler>
      <channel source="#mixamorig_RightHandIndex1-Matrix-animation-transform" target="mixamorig_RightHandIndex1/matrix"/>
    </animation>
    <animation id="mixamorig_RightHandIndex2-anim" name="mixamorig_RightHandIndex2">
      <source id="mixamorig_RightHandIndex2-Matrix-animation-input">
        <float_array id="mixamorig_RightHandIndex2-Matrix-animation-input-array" count="36">

0.000000 0.033333 0.066667 0.100000 0.133333 0.166667 0.200000 0.233333 0.266667 0.300000 0.333333 0.366667 0.400000 0.433333 0.466667 0.500000
0.533333 0.566667 0.600000 0.633333 0.666667 0.700000 0.733333 0.766667 0.800000 0.833333 0.866667 0.900000 0.933333 0.966667 1.000000 1.033333
1.066667 1.100000 1.133333 1.166667</float_array>
        <technique_common>
          <accessor source="#mixamorig_RightHandIndex2-Matrix-animation-input-array" count="36">
            <param name="TIME" type="float"/>
          </accessor>
        </technique_common>
      </source>
      <source id="mixamorig_RightHandIndex2-Matrix-animation-output-transform">
        <float_array id="mixamorig_RightHandIndex2-Matrix-animation-output-transform-array" count="576">

0.998936 -0.044236 0.013054 -0.000000 0.044236 0.838815 -0.542616 5.741800 0.013054 0.542616 0.839880 0.000000 0.000000 0.000000 0.000000 1.000000
0.999064 -0.041706 0.011482 -0.000000 0.041707 0.858217 -0.511590 5.741800 0.011482 0.511590 0.859153 0.000000 0.000000 0.000000 0.000000 1.000000
0.998973 -0.043518 0.012594 0.000000 0.043518 0.844487 -0.533804 5.741800 0.012594 0.533804 0.845514 0.000000 0.000000 0.000000 0.000000 1.000000
0.998450 -0.052311 0.019016 0.000000 0.052311 0.765198 -0.641666 5.741800 0.019015 0.641666 0.766748 -0.000000 0.000000 0.000000 0.000000 1.000000
0.997628 -0.062383 0.029094 0.000000 0.062383 0.640744 -0.765216 5.741800 0.029095 0.765216 0.643115 0.000000 0.000000 0.000000 0.000000 1.000000
0.997081 -0.067436 0.035807 0.000000 0.067435 0.557859 -0.827192 5.741800 0.035807 0.827192 0.560778 0.000000 0.000000 0.000000 0.000000 1.000000
0.997003 -0.068071 0.036764 0.000000 0.068071 0.546041 -0.834988 5.741800 0.036764 0.834988 0.549038 0.000000 0.000000 0.000000 0.000000 1.000000
0.997189 -0.066519 0.034477 -0.000000 0.066519 0.574285 -0.815948 5.741800 0.034477 0.815948 0.577096 -0.000000 0.000000 0.000000 0.000000 1.000000
0.997622 -0.062447 0.029171 0.000000 0.062447 0.639795 -0.766005 5.741800 0.029171 0.766005 0.642173 0.000000 0.000000 0.000000 0.000000 1.000000
0.998217 -0.055538 0.021871 0.000000 0.055538 0.729936 -0.681255 5.741800 0.021871 0.681255 0.731719 0.000000 0.000000 0.000000 0.000000 1.000000
0.998648 -0.049266 0.016585 0.000000 0.049266 0.795217 -0.604320 5.741800 0.016584 0.604320 0.796569 0.000000 0.000000 0.000000 0.000000 1.000000
0.998804 -0.046641 0.014671 0.000000 0.046641 0.818845 -0.572116 5.741800 0.014671 0.572116 0.820041 0.000000 0.000000 0.000000 0.000000 1.000000
0.998838 -0.046044 0.014258 0.000000 0.046044 0.823949 -0.564791 5.741800 0.014257 0.564791 0.825111 0.000000 0.000000 0.000000 0.000000 1.000000
0.998864 -0.045578 0.013940 0.000000 0.045578 0.827861 -0.559079 5.741800 0.013941 0.559079 0.828997 0.000000 0.000000 0.000000 0.000000 1.000000
0.998879 -0.045291 0.013748 -0.000000 0.045291 0.830239 -0.555565 5.741800 0.013748 0.555565 0.831360 -0.000000 0.000000 0.000000 0.000000 1.000000
0.998880 -0.045282 0.013742 0.000000 0.045282 0.830321 -0.555443 5.741800 0.013742 0.555443 0.831441 0.000000 0.000000 0.000000 0.000000 1.000000
0.998877 -0.045324 0.013770 0.000000 0.045324 0.829964 -0.555972 5.741800 0.013770 0.555972 0.831087 0.000000 0.000000 0.000000 0.000000 1.000000
0.998875 -0.045371 0.013801 -0.000000 0.045371 0.829580 -0.556541 5.741800 0.013802 0.556541 0.830705 0.000000 0.000000 0.000000 0.000000 1.000000
0.998873 -0.045398 0.013819 -0.000000 0.045397 0.829361 -0.556866 5.741800 0.013820 0.556866 0.830487 -0.000000 0.000000 0.000000 0.000000 1.000000
0.998875 -0.045374 0.013804 0.000000 0.045374 0.829552 -0.556583 5.741800 0.013804 0.556583 0.830678 0.000000 0.000000 0.000000 0.000000 1.000000
0.998878 -0.045310 0.013760 -0.000000 0.045310 0.830087 -0.555790 5.741800 0.013760 0.555790 0.831209 -0.000000 0.000000 0.000000 0.000000 1.000000
0.998884 -0.045209 0.013693 0.000000 0.045209 0.830922 -0.554549 5.741800 0.013693 0.554549 0.832038 0.000000 0.000000 0.000000 0.000000 1.000000
0.998889 -0.045104 0.013623 0.000000 0.045104 0.831784 -0.553263 5.741800 0.013623 0.553263 0.832895 0.000000 0.000000 0.000000 0.000000 1.000000
0.998894 -0.045016 0.013564 0.000000 0.045016 0.832508 -0.552181 5.741800 0.013565 0.552181 0.833614 0.000000 0.000000 0.000000 0.000000 1.000000
0.998899 -0.044928 0.013506 0.000000 0.044928 0.833226 -0.551104 5.741800 0.013506 0.551104 0.834327 0.000000 0.000000 0.000000 0.000000 1.000000
0.998904 -0.044839 0.013448 0.000000 0.044839 0.833950 -0.550015 5.741800 0.013447 0.550015 0.835047 0.000000 0.000000 0.000000 0.000000 1.000000
0.998909 -0.044747 0.013387 0.000000 0.044747 0.834697 -0.548889 5.741800 0.013387 0.548889 0.835788 0.000000 0.000000 0.000000 0.000000 1.000000
0.998915 -0.044633 0.013312 0.000000 0.044633 0.835619 -0.547493 5.741800 0.013312 0.547493 0.836704 0.000000 0.000000 0.000000 0.000000 1.000000
0.998921 -0.044514 0.013235 0.000000 0.044514 0.836581 -0.546032 5.741800 0.013234 0.546032 0.837660 0.000000 0.000000 0.000000 0.000000 1.000000
0.998925 -0.044437 0.013185 -0.000000 0.044437 0.837196 -0.545095 5.741800 0.013184 0.545095 0.838271 -0.000000 0.000000 0.000000 0.000000 1.000000
0.998928 -0.044394 0.013155 -0.000000 0.044393 0.837554 -0.544547 5.741800 0.013156 0.544547 0.838627 0.000000 0.000000 0.000000 0.000000 1.000000
0.998930 -0.044355 0.013130 0.000000 0.044354 0.837866 -0.544071 5.741800 0.013131 0.544071 0.838937 -0.000000 0.000000 0.000000 0.000000 1.000000
0.998931 -0.044321 0.013109 0.000000 0.044321 0.838137 -0.543656 5.741800 0.013108 0.543656 0.839206 0.000000 0.000000 0.000000 0.000000 1.000000
0.998933 -0.044287 0.013087 -0.000000 0.044287 0.838407 -0.543243 5.741800 0.013087 0.543243 0.839473 -0.000000 0.000000 0.000000 0.000000 1.000000
0.998935 -0.044254 0.013066 0.000000 0.044254 0.838673 -0.542835 5.741800 0.013065 0.542835 0.839738 0.000000 0.000000 0.000000 0.000000 1.000000
0.998936 -0.044236 0.013054 0.000000 0.044236 0.838815 -0.542616 5.741800 0.013054 0.542616 0.839879 -0.000000 0.000000 0.000000 0.000000 1.000000</float_array>
        <technique_common>
          <accessor source="#mixamorig_RightHandIndex2-Matrix-animation-output-transform-array" count="36" stride="16">
            <param type="float4x4"/>
          </accessor>
        </technique_common>
      </source>
      <source id="mixamorig_RightHandIndex2-Interpolations">
        <Name_array id="mixamorig_RightHandIndex2-Interpolations-array" count="36">
 LINEAR LINEAR LINEAR LINEAR LINEAR LINEAR LINEAR LINEAR LINEAR LINEAR LINEAR
LINEAR LINEAR LINEAR LINEAR LINEAR LINEAR LINEAR LINEAR LINEAR LINEAR LINEAR LINEAR
LINEAR LINEAR LINEAR LINEAR LINEAR LINEAR LINEAR LINEAR LINEAR LINEAR LINEAR LINEAR
LINEAR</Name_array>
        <technique_common>
          <accessor source="#mixamorig_RightHandIndex2-Interpolations-array" count="36">
            <param type="name"/>
          </accessor>
        </technique_common>
      </source>
      <sampler id="mixamorig_RightHandIndex2-Matrix-animation-transform">
        <input semantic="INPUT" source="#mixamorig_RightHandIndex2-Matrix-animation-input"/>
        <input semantic="OUTPUT" source="#mixamorig_RightHandIndex2-Matrix-animation-output-transform"/>
        <input semantic="INTERPOLATION" source="#mixamorig_RightHandIndex2-Interpolations"/>
      </sampler>
      <channel source="#mixamorig_RightHandIndex2-Matrix-animation-transform" target="mixamorig_RightHandIndex2/matrix"/>
    </animation>
    <animation id="mixamorig_RightHandIndex3-anim" name="mixamorig_RightHandIndex3">
      <source id="mixamorig_RightHandIndex3-Matrix-animation-input">
        <float_array id="mixamorig_RightHandIndex3-Matrix-animation-input-array" count="36">

0.000000 0.033333 0.066667 0.100000 0.133333 0.166667 0.200000 0.233333 0.266667 0.300000 0.333333 0.366667 0.400000 0.433333 0.466667 0.500000
0.533333 0.566667 0.600000 0.633333 0.666667 0.700000 0.733333 0.766667 0.800000 0.833333 0.866667 0.900000 0.933333 0.966667 1.000000 1.033333
1.066667 1.100000 1.133333 1.166667</float_array>
        <technique_common>
          <accessor source="#mixamorig_RightHandIndex3-Matrix-animation-input-array" count="36">
            <param name="TIME" type="float"/>
          </accessor>
        </technique_common>
      </source>
      <source id="mixamorig_RightHandIndex3-Matrix-animation-output-transform">
        <float_array id="mixamorig_RightHandIndex3-Matrix-animation-output-transform-array" count="576">

0.999124 -0.040442 0.010744 -0.000000 0.040442 0.867335 -0.496079 5.031900 0.010744 0.496079 0.868211 -0.000000 0.000000 0.000000 0.000000 1.000000
0.999235 -0.037958 0.009380 0.000000 0.037958 0.884175 -0.465612 5.031900 0.009380 0.465612 0.884939 0.000000 0.000000 0.000000 0.000000 1.000000
0.999122 -0.040493 0.010773 0.000000 0.040493 0.866973 -0.496708 5.031900 0.010773 0.496708 0.867851 0.000000 0.000000 0.000000 0.000000 1.000000
0.998537 -0.051008 0.017946 0.000000 0.051008 0.778406 -0.625685 5.031900 0.017946 0.625685 0.779869 0.000000 0.000000 0.000000 0.000000 1.000000
0.997583 -0.062846 0.029652 -0.000000 0.062846 0.633852 -0.770897 5.031900 0.029653 0.770897 0.636269 0.000000 0.000000 0.000000 0.000000 1.000000
0.996844 -0.069303 0.038708 0.000000 0.069304 0.522037 -0.850103 5.031900 0.038708 0.850103 0.525192 0.000000 0.000000 0.000000 0.000000 1.000000
0.996533 -0.071507 0.042526 0.000000 0.071507 0.474890 -0.877135 5.031900 0.042526 0.877135 0.478357 0.000000 0.000000 0.000000 0.000000 1.000000
0.996592 -0.071110 0.041802 -0.000000 0.071110 0.483836 -0.872265 5.031900 0.041802 0.872265 0.487244 0.000000 0.000000 0.000000 0.000000 1.000000
0.997217 -0.066278 0.034136 -0.000000 0.066278 0.578492 -0.812991 5.031900 0.034136 0.812991 0.581275 -0.000000 0.000000 0.000000 0.000000 1.000000
0.998189 -0.055902 0.022212 -0.000000 0.055902 0.725719 -0.685717 5.031900 0.022213 0.685717 0.727529 0.000000 0.000000 0.000000 0.000000 1.000000
0.998833 -0.046124 0.014313 0.000000 0.046124 0.823267 -0.565777 5.031900 0.014313 0.565777 0.824434 -0.000000 0.000000 0.000000 0.000000 1.000000
0.999008 -0.042842 0.012172 0.000000 0.042842 0.849703 -0.525517 5.031900 0.012172 0.525517 0.850696 0.000000 0.000000 0.000000 0.000000 1.000000
0.999005 -0.042895 0.012205 0.000000 0.042895 0.849298 -0.526168 5.031900 0.012205 0.526168 0.850293 0.000000 0.000000 0.000000 0.000000 1.000000
0.999023 -0.042547 0.011990 0.000000 0.042547 0.851949 -0.521894 5.031900 0.011990 0.521894 0.852926 0.000000 0.000000 0.000000 0.000000 1.000000
0.999044 -0.042106 0.011721 -0.000000 0.042105 0.855261 -0.516484 5.031900 0.011722 0.516484 0.856217 0.000000 0.000000 0.000000 0.000000 1.000000
0.999044 -0.042108 0.011723 0.000000 0.042108 0.855247 -0.516507 5.031900 0.011723 0.516507 0.856203 0.000000 0.000000 0.000000 0.000000 1.000000
0.999040 -0.042196 0.011776 0.000000 0.042196 0.854592 -0.517584 5.031900 0.011776 0.517584 0.855552 -0.000000 0.000000 0.000000 0.000000 1.000000
0.999037 -0.042249 0.011809 0.000000 0.042249 0.854188 -0.518245 5.031900 0.011808 0.518245 0.855151 0.000000 0.000000 0.000000 0.000000 1.000000
0.999038 -0.042233 0.011799 0.000000 0.042233 0.854312 -0.518041 5.031900 0.011798 0.518041 0.855274 0.000000 0.000000 0.000000 0.000000 1.000000
0.999047 -0.042053 0.011690 0.000000 0.042053 0.855656 -0.515834 5.031900 0.011690 0.515834 0.856609 0.000000 0.000000 0.000000 0.000000 1.000000
0.999061 -0.041765 0.011517 -0.000000 0.041765 0.857790 -0.512301 5.031900 0.011517 0.512301 0.858729 0.000000 0.000000 0.000000 0.000000 1.000000
0.999076 -0.041458 0.011335 0.000000 0.041458 0.860037 -0.508544 5.031900 0.011335 0.508544 0.860961 0.000000 0.000000 0.000000 0.000000 1.000000
0.999090 -0.041168 0.011164 -0.000000 0.041168 0.862148 -0.504981 5.031900 0.011164 0.504981 0.863059 0.000000 0.000000 0.000000 0.000000 1.000000
0.999102 -0.040923 0.011021 -0.000000 0.040923 0.863911 -0.501979 5.031900 0.011021 0.501979 0.864809 0.000000 0.000000 0.000000 0.000000 1.000000
0.999110 -0.040744 0.010917 0.000000 0.040744 0.865193 -0.499781 5.031900 0.010918 0.499781 0.866083 0.000000 0.000000 0.000000 0.000000 1.000000
0.999116 -0.040622 0.010847 0.000000 0.040622 0.866060 -0.498287 5.031900 0.010847 0.498287 0.866944 0.000000 0.000000 0.000000 0.000000 1.000000
0.999120 -0.040539 0.010799 0.000000 0.040538 0.866654 -0.497261 5.031900 0.010799 0.497261 0.867534 0.000000 0.000000 0.000000 0.000000 1.000000
0.999122 -0.040495 0.010774 0.000000 0.040495 0.866962 -0.496727 5.031900 0.010774 0.496727 0.867840 0.000000 0.000000 0.000000 0.000000 1.000000
0.999122 -0.040493 0.010773 0.000000 0.040493 0.866974 -0.496705 5.031900 0.010773 0.496705 0.867852 0.000000 0.000000 0.000000 0.000000 1.000000
0.999121 -0.040502 0.010778 0.000000 0.040502 0.866916 -0.496806 5.031900 0.010778 0.496806 0.867795 0.000000 0.000000 0.000000 0.000000 1.000000
0.999121 -0.040500 0.010778 0.000000 0.040500 0.866924 -0.496793 5.031900 0.010777 0.496793 0.867802 0.000000 0.000000 0.000000 0.000000 1.000000
0.999122 -0.040495 0.010774 -0.000000 0.040495 0.866962 -0.496726 5.031900 0.010774 0.496726 0.867841 0.000000 0.000000 0.000000 0.000000 1.000000
0.999122 -0.040487 0.010770 0.000000 0.040487 0.867018 -0.496629 5.031900 0.010770 0.496629 0.867896 0.000000 0.000000 0.000000 0.000000 1.000000
0.999123 -0.040473 0.010762 0.000000 0.040473 0.867120 -0.496452 5.031900 0.010761 0.496452 0.867997 0.000000 0.000000 0.000000 0.000000 1.000000
0.999124 -0.040454 0.010750 0.000000 0.040454 0.867254 -0.496219 5.031900 0.010751 0.496219 0.868131 0.000000 0.000000 0.000000 0.000000 1.000000
0.999124 -0.040442 0.010744 0.000000 0.040442 0.867335 -0.496079 5.031900 0.010744 0.496079 0.868211 0.000000 0.000000 0.000000 0.000000 1.000000</float_array>
        <technique_common>
          <accessor source="#mixamorig_RightHandIndex3-Matrix-animation-output-transform-array" count="36" stride="16">
            <param type="float4x4"/>
          </accessor>
        </technique_common>
      </source>
      <source id="mixamorig_RightHandIndex3-Interpolations">
        <Name_array id="mixamorig_RightHandIndex3-Interpolations-array" count="36">
 LINEAR LINEAR LINEAR LINEAR LINEAR LINEAR LINEAR LINEAR LINEAR LINEAR LINEAR
LINEAR LINEAR LINEAR LINEAR LINEAR LINEAR LINEAR LINEAR LINEAR LINEAR LINEAR LINEAR
LINEAR LINEAR LINEAR LINEAR LINEAR LINEAR LINEAR LINEAR LINEAR LINEAR LINEAR LINEAR
LINEAR</Name_array>
        <technique_common>
          <accessor source="#mixamorig_RightHandIndex3-Interpolations-array" count="36">
            <param type="name"/>
          </accessor>
        </technique_common>
      </source>
      <sampler id="mixamorig_RightHandIndex3-Matrix-animation-transform">
        <input semantic="INPUT" source="#mixamorig_RightHandIndex3-Matrix-animation-input"/>
        <input semantic="OUTPUT" source="#mixamorig_RightHandIndex3-Matrix-animation-output-transform"/>
        <input semantic="INTERPOLATION" source="#mixamorig_RightHandIndex3-Interpolations"/>
      </sampler>
      <channel source="#mixamorig_RightHandIndex3-Matrix-animation-transform" target="mixamorig_RightHandIndex3/matrix"/>
    </animation>
    <animation id="mixamorig_LeftUpLeg-anim" name="mixamorig_LeftUpLeg">
      <source id="mixamorig_LeftUpLeg-Matrix-animation-input">
        <float_array id="mixamorig_LeftUpLeg-Matrix-animation-input-array" count="36">

0.000000 0.033333 0.066667 0.100000 0.133333 0.166667 0.200000 0.233333 0.266667 0.300000 0.333333 0.366667 0.400000 0.433333 0.466667 0.500000
0.533333 0.566667 0.600000 0.633333 0.666667 0.700000 0.733333 0.766667 0.800000 0.833333 0.866667 0.900000 0.933333 0.966667 1.000000 1.033333
1.066667 1.100000 1.133333 1.166667</float_array>
        <technique_common>
          <accessor source="#mixamorig_LeftUpLeg-Matrix-animation-input-array" count="36">
            <param name="TIME" type="float"/>
          </accessor>
        </technique_common>
      </source>
      <source id="mixamorig_LeftUpLeg-Matrix-animation-output-transform">
        <float_array id="mixamorig_LeftUpLeg-Matrix-animation-output-transform-array" count="576">

-0.636317 0.414190 0.650805 13.025900 -0.208383 -0.904563 0.371945 -7.109800 0.742749 0.101058 0.661899 1.068600 0.000000 0.000000 0.000000 1.000000
-0.636477 0.414358 0.650541 13.025900 -0.208043 -0.904408 0.372511 -7.109800 0.742708 0.101754 0.661840 1.068600 0.000000 0.000000 0.000000 1.000000
-0.636566 0.414720 0.650224 13.025900 -0.207966 -0.904183 0.373100 -7.109800 0.742653 0.102278 0.661820 1.068600 0.000000 0.000000 0.000000 1.000000
-0.636533 0.415326 0.649869 13.025900 -0.208299 -0.903883 0.373640 -7.109800 0.742588 0.102467 0.661863 1.068600 0.000000 0.000000 0.000000 1.000000
-0.636311 0.416073 0.649609 13.025900 -0.209005 -0.903569 0.374006 -7.109800 0.742580 0.102212 0.661912 1.068600 0.000000 0.000000 0.000000 1.000000
-0.636013 0.416687 0.649507 13.025900 -0.210069 -0.903384 0.373856 -7.109800 0.742536 0.101336 0.662097 1.068600 0.000000 0.000000 0.000000 1.000000
-0.635963 0.416700 0.649547 13.025900 -0.211703 -0.903601 0.372407 -7.109800 0.742114 0.099326 0.662874 1.068600 0.000000 0.000000 0.000000 1.000000
-0.636398 0.415572 0.649844 13.025900 -0.214112 -0.904529 0.368759 -7.109800 0.741049 0.095538 0.664620 1.068600 0.000000 0.000000 0.000000 1.000000
-0.637209 0.412849 0.650784 13.025900 -0.217102 -0.906376 0.362420 -7.109800 0.739480 0.089651 0.667182 1.068600 0.000000 0.000000 0.000000 1.000000
-0.638120 0.408523 0.652619 13.025900 -0.220043 -0.909038 0.353879 -7.109800 0.737823 0.082213 0.669969 1.068600 0.000000 0.000000 0.000000 1.000000
-0.638951 0.403309 0.655044 13.025900 -0.222295 -0.912015 0.344692 -7.109800 0.736428 0.074628 0.672387 1.068600 0.000000 0.000000 0.000000 1.000000
-0.639607 0.398485 0.657352 13.025900 -0.223608 -0.914615 0.336866 -7.109800 0.735461 0.068473 0.674099 1.068600 0.000000 0.000000 0.000000 1.000000
-0.640001 0.395222 0.658937 13.025900 -0.224015 -0.916292 0.332003 -7.109800 0.734994 0.064870 0.674964 1.068600 0.000000 0.000000 0.000000 1.000000
-0.640077 0.394047 0.659566 13.025900 -0.223570 -0.916840 0.330788 -7.109800 0.735063 0.064271 0.674946 1.068600 0.000000 0.000000 0.000000 1.000000
-0.639879 0.394822 0.659296 13.025900 -0.222402 -0.916355 0.332912 -7.109800 0.735590 0.066395 0.674165 1.068600 0.000000 0.000000 0.000000 1.000000
-0.639586 0.396994 0.658275 13.025900 -0.220754 -0.915111 0.337401 -7.109800 0.736341 0.070481 0.672930 1.068600 0.000000 0.000000 0.000000 1.000000
-0.639458 0.399900 0.656638 13.025900 -0.218830 -0.913423 0.343180 -7.109800 0.737026 0.075757 0.671606 1.068600 0.000000 0.000000 0.000000 1.000000
-0.639615 0.402949 0.654617 13.025900 -0.216782 -0.911585 0.349312 -7.109800 0.737494 0.081516 0.670416 1.068600 0.000000 0.000000 0.000000 1.000000
-0.639872 0.405590 0.652733 13.025900 -0.214801 -0.909921 0.354830 -7.109800 0.737851 0.086838 0.669354 1.068600 0.000000 0.000000 0.000000 1.000000
-0.639932 0.407422 0.651532 13.025900 -0.213088 -0.908708 0.358946 -7.109800 0.738295 0.090867 0.668329 1.068600 0.000000 0.000000 0.000000 1.000000
-0.639754 0.408324 0.651142 13.025900 -0.211678 -0.908045 0.361450 -7.109800 0.738855 0.093406 0.667359 1.068600 0.000000 0.000000 0.000000 1.000000
-0.639508 0.408643 0.651184 13.025900 -0.210497 -0.907735 0.362916 -7.109800 0.739406 0.095016 0.666522 1.068600 0.000000 0.000000 0.000000 1.000000
-0.639255 0.408965 0.651230 13.025900 -0.209559 -0.907452 0.364165 -7.109800 0.739891 0.096323 0.665796 1.068600 0.000000 0.000000 0.000000 1.000000
-0.638905 0.409655 0.651140 13.025900 -0.209000 -0.907018 0.365564 -7.109800 0.740351 0.097473 0.665116 1.068600 0.000000 0.000000 0.000000 1.000000
-0.638410 0.410636 0.651008 13.025900 -0.208891 -0.906489 0.366937 -7.109800 0.740808 0.098266 0.664490 1.068600 0.000000 0.000000 0.000000 1.000000
-0.637841 0.411627 0.650939 13.025900 -0.209071 -0.905996 0.368050 -7.109800 0.741248 0.098665 0.663941 1.068600 0.000000 0.000000 0.000000 1.000000
-0.637324 0.412480 0.650906 13.025900 -0.209248 -0.905576 0.368983 -7.109800 0.741642 0.098961 0.663456 1.068600 0.000000 0.000000 0.000000 1.000000
-0.636938 0.413163 0.650851 13.025900 -0.209245 -0.905217 0.369864 -7.109800 0.741975 0.099394 0.663019 1.068600 0.000000 0.000000 0.000000 1.000000
-0.636698 0.413609 0.650802 13.025900 -0.209103 -0.904962 0.370566 -7.109800 0.742221 0.099854 0.662675 1.068600 0.000000 0.000000 0.000000 1.000000
-0.636593 0.413789 0.650791 13.025900 -0.208965 -0.904849 0.370920 -7.109800 0.742350 0.100132 0.662488 1.068600 0.000000 0.000000 0.000000 1.000000
-0.636542 0.413859 0.650796 13.025900 -0.208861 -0.904799 0.371101 -7.109800 0.742423 0.100295 0.662381 1.068600 0.000000 0.000000 0.000000 1.000000
-0.636499 0.413923 0.650798 13.025900 -0.208764 -0.904753 0.371267 -7.109800 0.742487 0.100447 0.662287 1.068600 0.000000 0.000000 0.000000 1.000000
-0.636464 0.413972 0.650800 13.025900 -0.208673 -0.904715 0.371410 -7.109800 0.742542 0.100584 0.662203 1.068600 0.000000 0.000000 0.000000 1.000000
-0.636422 0.413999 0.650823 13.025900 -0.208560 -0.904688 0.371541 -7.109800 0.742610 0.100721 0.662107 1.068600 0.000000 0.000000 0.000000 1.000000
-0.636375 0.414003 0.650867 13.025900 -0.208429 -0.904671 0.371655 -7.109800 0.742687 0.100853 0.662001 1.068600 0.000000 0.000000 0.000000 1.000000
-0.636349 0.414001 0.650894 13.025900 -0.208353 -0.904664 0.371715 -7.109800 0.742731 0.100924 0.661940 1.068600 0.000000 0.000000 0.000000 1.000000</float_array>
        <technique_common>
          <accessor source="#mixamorig_LeftUpLeg-Matrix-animation-output-transform-array" count="36" stride="16">
            <param type="float4x4"/>
          </accessor>
        </technique_common>
      </source>
      <source id="mixamorig_LeftUpLeg-Interpolations">
        <Name_array id="mixamorig_LeftUpLeg-Interpolations-array" count="36">
 LINEAR LINEAR LINEAR LINEAR LINEAR LINEAR LINEAR LINEAR LINEAR LINEAR LINEAR
LINEAR LINEAR LINEAR LINEAR LINEAR LINEAR LINEAR LINEAR LINEAR LINEAR LINEAR LINEAR
LINEAR LINEAR LINEAR LINEAR LINEAR LINEAR LINEAR LINEAR LINEAR LINEAR LINEAR LINEAR
LINEAR</Name_array>
        <technique_common>
          <accessor source="#mixamorig_LeftUpLeg-Interpolations-array" count="36">
            <param type="name"/>
          </accessor>
        </technique_common>
      </source>
      <sampler id="mixamorig_LeftUpLeg-Matrix-animation-transform">
        <input semantic="INPUT" source="#mixamorig_LeftUpLeg-Matrix-animation-input"/>
        <input semantic="OUTPUT" source="#mixamorig_LeftUpLeg-Matrix-animation-output-transform"/>
        <input semantic="INTERPOLATION" source="#mixamorig_LeftUpLeg-Interpolations"/>
      </sampler>
      <channel source="#mixamorig_LeftUpLeg-Matrix-animation-transform" target="mixamorig_LeftUpLeg/matrix"/>
    </animation>
    <animation id="mixamorig_LeftLeg-anim" name="mixamorig_LeftLeg">
      <source id="mixamorig_LeftLeg-Matrix-animation-input">
        <float_array id="mixamorig_LeftLeg-Matrix-animation-input-array" count="36">

0.000000 0.033333 0.066667 0.100000 0.133333 0.166667 0.200000 0.233333 0.266667 0.300000 0.333333 0.366667 0.400000 0.433333 0.466667 0.500000
0.533333 0.566667 0.600000 0.633333 0.666667 0.700000 0.733333 0.766667 0.800000 0.833333 0.866667 0.900000 0.933333 0.966667 1.000000 1.033333
1.066667 1.100000 1.133333 1.166667</float_array>
        <technique_common>
          <accessor source="#mixamorig_LeftLeg-Matrix-animation-input-array" count="36">
            <param name="TIME" type="float"/>
          </accessor>
        </technique_common>
      </source>
      <source id="mixamorig_LeftLeg-Matrix-animation-output-transform">
        <float_array id="mixamorig_LeftLeg-Matrix-animation-output-transform-array" count="576">

0.999919 0.008561 0.009427 0.000000 -0.012560 0.785212 0.619100 35.903999 -0.002102 -0.619168 0.785256 -0.000000 0.000000 0.000000 0.000000 1.000000
0.999922 0.008569 0.009126 -0.000000 -0.012380 0.784857 0.619553 35.903999 -0.001853 -0.619617 0.784902 0.000000 0.000000 0.000000 0.000000 1.000000
0.999926 0.008481 0.008673 -0.000000 -0.012031 0.784430 0.620101 35.903999 -0.001544 -0.620159 0.784474 0.000000 0.000000 0.000000 0.000000 1.000000
0.999931 0.008403 0.008164 -0.000000 -0.011656 0.783947 0.620719 35.903999 -0.001184 -0.620771 0.783991 0.000000 0.000000 0.000000 0.000000 1.000000
0.999934 0.008385 0.007883 -0.000000 -0.011468 0.783527 0.621252 35.903999 -0.000967 -0.621301 0.783571 0.000000 0.000000 0.000000 0.000000 1.000000
0.999936 0.008403 0.007631 -0.000000 -0.011326 0.783243 0.621613 35.903999 -0.000754 -0.621659 0.783288 0.000000 0.000000 0.000000 0.000000 1.000000
0.999941 0.008528 0.006746 0.000000 -0.010873 0.783163 0.621722 35.903999 0.000019 -0.621758 0.783209 0.000000 0.000000 0.000000 0.000000 1.000000
0.999950 0.008867 0.004699 0.000000 -0.009868 0.783522 0.621285 35.903999 0.001827 -0.621300 0.783570 -0.000000 0.000000 0.000000 0.000000 1.000000
0.999954 0.009484 0.001468 -0.000000 -0.008355 0.784952 0.619500 35.903999 0.004723 -0.619483 0.784995 0.000000 0.000000 0.000000 0.000000 1.000000
0.999945 0.010256 -0.002131 0.000000 -0.006771 0.788083 0.615532 35.903999 0.007992 -0.615484 0.788109 0.000000 0.000000 0.000000 0.000000 1.000000
0.999931 0.010819 -0.004529 0.000000 -0.005818 0.792845 0.609395 35.903999 0.010184 -0.609327 0.792854 0.000000 0.000000 0.000000 0.000000 1.000000
0.999930 0.010919 -0.004468 0.000000 -0.006024 0.798187 0.602379 35.903999 0.010144 -0.602310 0.798198 -0.000000 0.000000 0.000000 0.000000 1.000000
0.999942 0.010600 -0.001921 -0.000000 -0.007363 0.802622 0.596442 35.903999 0.007864 -0.596393 0.802654 -0.000000 0.000000 0.000000 0.000000 1.000000
0.999947 0.010076 0.002154 0.000000 -0.009391 0.805181 0.592955 35.903999 0.004240 -0.592944 0.805232 0.000000 0.000000 0.000000 0.000000 1.000000
0.999933 0.009535 0.006564 0.000000 -0.011571 0.805845 0.592014 35.903999 0.000355 -0.592050 0.805901 0.000000 0.000000 0.000000 0.000000 1.000000
0.999906 0.008866 0.010440 0.000000 -0.013330 0.805118 0.592965 35.903999 -0.003149 -0.593048 0.805161 -0.000000 0.000000 0.000000 0.000000 1.000000
0.999878 0.007870 0.013489 0.000000 -0.014354 0.803423 0.595235 35.903999 -0.006153 -0.595356 0.803438 0.000000 0.000000 0.000000 0.000000 1.000000
0.999851 0.006708 0.015891 0.000000 -0.014884 0.801114 0.598327 35.903999 -0.008717 -0.598475 0.801094 0.000000 0.000000 0.000000 0.000000 1.000000
0.999821 0.005775 0.018017 0.000000 -0.015451 0.798831 0.601356 35.903999 -0.010920 -0.601527 0.798778 0.000000 0.000000 0.000000 0.000000 1.000000
0.999783 0.005328 0.020124 0.000000 -0.016395 0.797254 0.603421 35.903999 -0.012828 -0.603620 0.797169 -0.000000 0.000000 0.000000 0.000000 1.000000
0.999742 0.005311 0.022074 -0.000000 -0.017574 0.796585 0.604271 35.903999 -0.014374 -0.604503 0.796473 0.000000 0.000000 0.000000 0.000000 1.000000
0.999711 0.005463 0.023418 0.000000 -0.018512 0.796381 0.604511 35.903999 -0.015347 -0.604770 0.796252 0.000000 0.000000 0.000000 0.000000 1.000000
0.999702 0.005605 0.023747 -0.000000 -0.018834 0.796027 0.604968 35.903999 -0.015512 -0.605236 0.795895 -0.000000 0.000000 0.000000 0.000000 1.000000
0.999721 0.005777 0.022886 -0.000000 -0.018470 0.795189 0.606080 35.903999 -0.014698 -0.606334 0.795074 0.000000 0.000000 0.000000 0.000000 1.000000
0.999762 0.006064 0.020956 0.000000 -0.017555 0.793899 0.607796 35.903999 -0.012951 -0.608019 0.793817 0.000000 0.000000 0.000000 0.000000 1.000000
0.999809 0.006435 0.018444 0.000000 -0.016349 0.792394 0.609791 35.903999 -0.010691 -0.609976 0.792348 0.000000 0.000000 0.000000 0.000000 1.000000
0.999850 0.006809 0.015941 0.000000 -0.015140 0.790835 0.611842 35.903999 -0.008441 -0.611991 0.790820 0.000000 0.000000 0.000000 0.000000 1.000000
0.999880 0.007215 0.013715 -0.000000 -0.014116 0.789260 0.613897 35.903999 -0.006395 -0.614017 0.789267 0.000000 0.000000 0.000000 0.000000 1.000000
0.999899 0.007654 0.012006 0.000000 -0.013424 0.787907 0.615648 35.903999 -0.004748 -0.615747 0.787930 0.000000 0.000000 0.000000 0.000000 1.000000
0.999907 0.007964 0.011107 0.000000 -0.013119 0.787143 0.616630 35.903999 -0.003832 -0.616719 0.787174 0.000000 0.000000 0.000000 0.000000 1.000000
0.999910 0.008155 0.010645 0.000000 -0.012986 0.786727 0.617165 35.903999 -0.003341 -0.617247 0.786762 0.000000 0.000000 0.000000 0.000000 1.000000
0.999913 0.008319 0.010256 -0.000000 -0.012877 0.786364 0.617630 35.903999 -0.002926 -0.617708 0.786402 -0.000000 0.000000 0.000000 0.000000 1.000000
0.999915 0.008462 0.009936 0.000000 -0.012793 0.786053 0.618026 35.903999 -0.002581 -0.618101 0.786095 -0.000000 0.000000 0.000000 0.000000 1.000000
0.999916 0.008599 0.009647 -0.000000 -0.012723 0.785762 0.618399 35.903999 -0.002263 -0.618470 0.785805 0.000000 0.000000 0.000000 0.000000 1.000000
0.999918 0.008730 0.009381 -0.000000 -0.012663 0.785492 0.618742 35.903999 -0.001967 -0.618810 0.785538 0.000000 0.000000 0.000000 0.000000 1.000000
0.999919 0.008799 0.009242 0.000000 -0.012631 0.785350 0.618923 35.903999 -0.001812 -0.618989 0.785397 0.000000 0.000000 0.000000 0.000000 1.000000</float_array>
        <technique_common>
          <accessor source="#mixamorig_LeftLeg-Matrix-animation-output-transform-array" count="36" stride="16">
            <param type="float4x4"/>
          </accessor>
        </technique_common>
      </source>
      <source id="mixamorig_LeftLeg-Interpolations">
        <Name_array id="mixamorig_LeftLeg-Interpolations-array" count="36">
 LINEAR LINEAR LINEAR LINEAR LINEAR LINEAR LINEAR LINEAR LINEAR LINEAR LINEAR
LINEAR LINEAR LINEAR LINEAR LINEAR LINEAR LINEAR LINEAR LINEAR LINEAR LINEAR LINEAR
LINEAR LINEAR LINEAR LINEAR LINEAR LINEAR LINEAR LINEAR LINEAR LINEAR LINEAR LINEAR
LINEAR</Name_array>
        <technique_common>
          <accessor source="#mixamorig_LeftLeg-Interpolations-array" count="36">
            <param type="name"/>
          </accessor>
        </technique_common>
      </source>
      <sampler id="mixamorig_LeftLeg-Matrix-animation-transform">
        <input semantic="INPUT" source="#mixamorig_LeftLeg-Matrix-animation-input"/>
        <input semantic="OUTPUT" source="#mixamorig_LeftLeg-Matrix-animation-output-transform"/>
        <input semantic="INTERPOLATION" source="#mixamorig_LeftLeg-Interpolations"/>
      </sampler>
      <channel source="#mixamorig_LeftLeg-Matrix-animation-transform" target="mixamorig_LeftLeg/matrix"/>
    </animation>
    <animation id="mixamorig_LeftFoot-anim" name="mixamorig_LeftFoot">
      <source id="mixamorig_LeftFoot-Matrix-animation-input">
        <float_array id="mixamorig_LeftFoot-Matrix-animation-input-array" count="36">

0.000000 0.033333 0.066667 0.100000 0.133333 0.166667 0.200000 0.233333 0.266667 0.300000 0.333333 0.366667 0.400000 0.433333 0.466667 0.500000
0.533333 0.566667 0.600000 0.633333 0.666667 0.700000 0.733333 0.766667 0.800000 0.833333 0.866667 0.900000 0.933333 0.966667 1.000000 1.033333
1.066667 1.100000 1.133333 1.166667</float_array>
        <technique_common>
          <accessor source="#mixamorig_LeftFoot-Matrix-animation-input-array" count="36">
            <param name="TIME" type="float"/>
          </accessor>
        </technique_common>
      </source>
      <source id="mixamorig_LeftFoot-Matrix-animation-output-transform">
        <float_array id="mixamorig_LeftFoot-Matrix-animation-output-transform-array" count="576">

0.999434 -0.029610 -0.015951 0.000000 0.005759 0.617916 -0.786223 40.577499 0.033137 0.785686 0.617737 0.000000 0.000000 0.000000 0.000000 1.000000
0.999434 -0.029596 -0.015965 -0.000000 0.005734 0.617785 -0.786326 40.577499 0.033135 0.785790 0.617605 -0.000000 0.000000 0.000000 0.000000 1.000000
0.999435 -0.029518 -0.016050 0.000000 0.005611 0.617621 -0.786456 40.577499 0.033127 0.785922 0.617438 0.000000 0.000000 0.000000 0.000000 1.000000
0.999438 -0.029334 -0.016238 0.000000 0.005342 0.617437 -0.786602 40.577499 0.033100 0.786073 0.617246 0.000000 0.000000 0.000000 0.000000 1.000000
0.999441 -0.029065 -0.016497 -0.000000 0.004965 0.617264 -0.786740 40.577499 0.033049 0.786219 0.617064 0.000000 0.000000 0.000000 0.000000 1.000000
0.999446 -0.028664 -0.016889 0.000000 0.004400 0.617070 -0.786896 40.577499 0.032977 0.786386 0.616854 0.000000 0.000000 0.000000 0.000000 1.000000
0.999454 -0.027986 -0.017574 0.000000 0.003431 0.616789 -0.787121 40.577499 0.032868 0.786631 0.616548 0.000000 0.000000 0.000000 0.000000 1.000000
0.999463 -0.026923 -0.018661 0.000000 0.001907 0.616526 -0.787332 40.577499 0.032702 0.786874 0.616247 0.000000 0.000000 0.000000 0.000000 1.000000
0.999472 -0.025533 -0.020081 0.000000 -0.000060 0.616741 -0.787166 40.577499 0.032484 0.786752 0.616414 0.000000 0.000000 0.000000 0.000000 1.000000
0.999478 -0.024126 -0.021471 0.000000 -0.001968 0.618087 -0.786107 40.577499 0.032237 0.785739 0.617717 0.000000 0.000000 0.000000 0.000000 1.000000
0.999483 -0.023164 -0.022283 -0.000000 -0.003086 0.620913 -0.783873 40.577499 0.031994 0.783537 0.620521 0.000000 0.000000 0.000000 0.000000 1.000000
0.999490 -0.022995 -0.022166 0.000000 -0.002939 0.624844 -0.780744 40.577499 0.031803 0.780411 0.624458 -0.000000 0.000000 0.000000 0.000000 1.000000
0.999496 -0.023607 -0.021232 0.000000 -0.001662 0.628892 -0.777491 40.577499 0.031707 0.777134 0.628536 -0.000000 0.000000 0.000000 0.000000 1.000000
0.999497 -0.024720 -0.019858 -0.000000 0.000239 0.632143 -0.774852 40.577499 0.031707 0.774457 0.631831 0.000000 0.000000 0.000000 0.000000 1.000000
0.999493 -0.025994 -0.018389 0.000000 0.002272 0.634287 -0.773094 40.577499 0.031760 0.772660 0.634025 -0.000000 0.000000 0.000000 0.000000 1.000000
0.999486 -0.027111 -0.017113 -0.000000 0.004017 0.635470 -0.772115 40.577499 0.031808 0.771649 0.635252 0.000000 0.000000 0.000000 0.000000 1.000000
0.999479 -0.027957 -0.016148 -0.000000 0.005316 0.635847 -0.771796 40.577499 0.031845 0.771308 0.635665 0.000000 0.000000 0.000000 0.000000 1.000000
0.999471 -0.028643 -0.015378 0.000000 0.006338 0.635611 -0.771984 40.577499 0.031887 0.771478 0.635456 0.000000 0.000000 0.000000 0.000000 1.000000
0.999462 -0.029359 -0.014601 0.000000 0.007373 0.635105 -0.772391 40.577499 0.031950 0.771868 0.634980 -0.000000 0.000000 0.000000 0.000000 1.000000
0.999450 -0.030181 -0.013737 -0.000000 0.008548 0.634735 -0.772683 40.577499 0.032039 0.772140 0.634644 0.000000 0.000000 0.000000 0.000000 1.000000
0.999435 -0.031028 -0.012883 0.000000 0.009740 0.634598 -0.772781 40.577499 0.032153 0.772219 0.634542 0.000000 0.000000 0.000000 0.000000 1.000000
0.999422 -0.031707 -0.012253 -0.000000 0.010651 0.634429 -0.772908 40.577499 0.032280 0.772331 0.634400 0.000000 0.000000 0.000000 0.000000 1.000000
0.999414 -0.032045 -0.012006 0.000000 0.011033 0.633834 -0.773390 40.577499 0.032393 0.772805 0.633817 0.000000 0.000000 0.000000 0.000000 1.000000
0.999414 -0.031982 -0.012190 0.000000 0.010798 0.632606 -0.774399 40.577499 0.032478 0.773813 0.632580 0.000000 0.000000 0.000000 0.000000 1.000000
0.999420 -0.031564 -0.012765 0.000000 0.010012 0.630795 -0.775885 40.577499 0.032542 0.775307 0.630746 0.000000 0.000000 0.000000 0.000000 1.000000
0.999429 -0.030961 -0.013556 0.000000 0.008927 0.628644 -0.777642 40.577499 0.032598 0.777077 0.628561 0.000000 0.000000 0.000000 0.000000 1.000000
0.999436 -0.030376 -0.014338 -0.000000 0.007856 0.626378 -0.779480 40.577499 0.032659 0.778927 0.626263 0.000000 0.000000 0.000000 0.000000 1.000000
0.999439 -0.029948 -0.015000 0.000000 0.006973 0.624049 -0.781354 40.577499 0.032761 0.780811 0.623908 -0.000000 0.000000 0.000000 0.000000 1.000000
0.999438 -0.029737 -0.015457 0.000000 0.006397 0.622004 -0.782988 40.577499 0.032898 0.782449 0.621845 -0.000000 0.000000 0.000000 0.000000 1.000000
0.999437 -0.029685 -0.015656 -0.000000 0.006159 0.620820 -0.783929 40.577499 0.032991 0.783391 0.620653 0.000000 0.000000 0.000000 0.000000 1.000000
0.999436 -0.029673 -0.015731 -0.000000 0.006065 0.620166 -0.784447 40.577499 0.033032 0.783909 0.619996 0.000000 0.000000 0.000000 0.000000 1.000000
0.999435 -0.029658 -0.015785 0.000000 0.005990 0.619600 -0.784895 40.577499 0.033059 0.784357 0.619428 -0.000000 0.000000 0.000000 0.000000 1.000000
0.999435 -0.029645 -0.015822 0.000000 0.005933 0.619124 -0.785271 40.577499 0.033075 0.784734 0.618950 0.000000 0.000000 0.000000 0.000000 1.000000
0.999435 -0.029630 -0.015851 0.000000 0.005882 0.618671 -0.785628 40.577499 0.033085 0.785091 0.618496 0.000000 0.000000 0.000000 0.000000 1.000000
0.999435 -0.029612 -0.015877 0.000000 0.005832 0.618240 -0.785968 40.577499 0.033090 0.785431 0.618064 0.000000 0.000000 0.000000 0.000000 1.000000
0.999435 -0.029605 -0.015885 0.000000 0.005811 0.618015 -0.786144 40.577499 0.033091 0.785608 0.617839 -0.000000 0.000000 0.000000 0.000000 1.000000</float_array>
        <technique_common>
          <accessor source="#mixamorig_LeftFoot-Matrix-animation-output-transform-array" count="36" stride="16">
            <param type="float4x4"/>
          </accessor>
        </technique_common>
      </source>
      <source id="mixamorig_LeftFoot-Interpolations">
        <Name_array id="mixamorig_LeftFoot-Interpolations-array" count="36">
 LINEAR LINEAR LINEAR LINEAR LINEAR LINEAR LINEAR LINEAR LINEAR LINEAR LINEAR
LINEAR LINEAR LINEAR LINEAR LINEAR LINEAR LINEAR LINEAR LINEAR LINEAR LINEAR LINEAR
LINEAR LINEAR LINEAR LINEAR LINEAR LINEAR LINEAR LINEAR LINEAR LINEAR LINEAR LINEAR
LINEAR</Name_array>
        <technique_common>
          <accessor source="#mixamorig_LeftFoot-Interpolations-array" count="36">
            <param type="name"/>
          </accessor>
        </technique_common>
      </source>
      <sampler id="mixamorig_LeftFoot-Matrix-animation-transform">
        <input semantic="INPUT" source="#mixamorig_LeftFoot-Matrix-animation-input"/>
        <input semantic="OUTPUT" source="#mixamorig_LeftFoot-Matrix-animation-output-transform"/>
        <input semantic="INTERPOLATION" source="#mixamorig_LeftFoot-Interpolations"/>
      </sampler>
      <channel source="#mixamorig_LeftFoot-Matrix-animation-transform" target="mixamorig_LeftFoot/matrix"/>
    </animation>
    <animation id="mixamorig_LeftToeBase-anim" name="mixamorig_LeftToeBase">
      <source id="mixamorig_LeftToeBase-Matrix-animation-input">
        <float_array id="mixamorig_LeftToeBase-Matrix-animation-input-array" count="36">

0.000000 0.033333 0.066667 0.100000 0.133333 0.166667 0.200000 0.233333 0.266667 0.300000 0.333333 0.366667 0.400000 0.433333 0.466667 0.500000
0.533333 0.566667 0.600000 0.633333 0.666667 0.700000 0.733333 0.766667 0.800000 0.833333 0.866667 0.900000 0.933333 0.966667 1.000000 1.033333
1.066667 1.100000 1.133333 1.166667</float_array>
        <technique_common>
          <accessor source="#mixamorig_LeftToeBase-Matrix-animation-input-array" count="36">
            <param name="TIME" type="float"/>
          </accessor>
        </technique_common>
      </source>
      <source id="mixamorig_LeftToeBase-Matrix-animation-output-transform">
        <float_array id="mixamorig_LeftToeBase-Matrix-animation-output-transform-array" count="576">

0.982933 0.001625 0.183958 -0.000000 0.127027 0.717312 -0.685075 23.784901 -0.133068 0.696750 0.704863 -0.000000 0.000000 0.000000 0.000000 1.000000
0.982923 0.001622 0.184009 0.000000 0.127067 0.717303 -0.685077 23.784901 -0.133102 0.696760 0.704847 0.000000 0.000000 0.000000 0.000000 1.000000
0.982923 0.001623 0.184008 -0.000000 0.127064 0.717308 -0.685072 23.784901 -0.133102 0.696754 0.704853 0.000000 0.000000 0.000000 0.000000 1.000000
0.982924 0.001624 0.184002 -0.000000 0.127059 0.717314 -0.685067 23.784901 -0.133100 0.696749 0.704859 0.000000 0.000000 0.000000 0.000000 1.000000
0.982924 0.001624 0.184006 0.000000 0.127061 0.717317 -0.685063 23.784901 -0.133103 0.696745 0.704862 0.000000 0.000000 0.000000 0.000000 1.000000
0.982926 0.001624 0.183994 -0.000000 0.127052 0.717318 -0.685064 23.784901 -0.133095 0.696744 0.704864 0.000000 0.000000 0.000000 0.000000 1.000000
0.982928 0.001625 0.183982 0.000000 0.127042 0.717322 -0.685062 23.784901 -0.133087 0.696740 0.704869 0.000000 0.000000 0.000000 0.000000 1.000000
0.982929 0.001625 0.183980 0.000000 0.127042 0.717317 -0.685067 23.784901 -0.133085 0.696745 0.704865 0.000000 0.000000 0.000000 0.000000 1.000000
0.982930 0.001625 0.183971 -0.000000 0.127036 0.717316 -0.685070 23.784901 -0.133078 0.696747 0.704865 0.000000 0.000000 0.000000 0.000000 1.000000
0.982932 0.001624 0.183959 0.000000 0.127028 0.717315 -0.685071 23.784901 -0.133070 0.696747 0.704866 0.000000 0.000000 0.000000 0.000000 1.000000
0.982931 0.001624 0.183965 0.000000 0.127033 0.717310 -0.685076 23.784901 -0.133073 0.696753 0.704860 -0.000000 0.000000 0.000000 0.000000 1.000000
0.982927 0.001623 0.183990 0.000000 0.127053 0.717302 -0.685081 23.784901 -0.133088 0.696761 0.704849 -0.000000 0.000000 0.000000 0.000000 1.000000
0.982921 0.001622 0.184020 -0.000000 0.127076 0.717299 -0.685079 23.784901 -0.133109 0.696763 0.704843 0.000000 0.000000 0.000000 0.000000 1.000000
0.982916 0.001623 0.184048 0.000000 0.127091 0.717312 -0.685063 23.784901 -0.133131 0.696750 0.704852 0.000000 0.000000 0.000000 0.000000 1.000000
0.982914 0.001626 0.184056 -0.000000 0.127089 0.717342 -0.685032 23.784901 -0.133145 0.696720 0.704879 0.000000 0.000000 0.000000 0.000000 1.000000
0.982912 0.001628 0.184071 0.000000 0.127094 0.717365 -0.685007 23.784901 -0.133162 0.696696 0.704899 -0.000000 0.000000 0.000000 0.000000 1.000000
0.982912 0.001631 0.184069 -0.000000 0.127087 0.717388 -0.684984 23.784901 -0.133166 0.696672 0.704922 -0.000000 0.000000 0.000000 0.000000 1.000000
0.982913 0.001632 0.184066 -0.000000 0.127082 0.717396 -0.684977 23.784901 -0.133166 0.696663 0.704930 -0.000000 0.000000 0.000000 0.000000 1.000000
0.982912 0.001632 0.184070 0.000000 0.127083 0.717404 -0.684968 23.784901 -0.133171 0.696655 0.704938 0.000000 0.000000 0.000000 0.000000 1.000000
0.982912 0.001633 0.184071 -0.000000 0.127081 0.717410 -0.684962 23.784901 -0.133173 0.696649 0.704943 0.000000 0.000000 0.000000 0.000000 1.000000
0.982911 0.001634 0.184075 -0.000000 0.127082 0.717419 -0.684953 23.784901 -0.133178 0.696640 0.704951 0.000000 0.000000 0.000000 0.000000 1.000000
0.982911 0.001634 0.184072 0.000000 0.127080 0.717417 -0.684955 23.784901 -0.133175 0.696642 0.704950 0.000000 0.000000 0.000000 0.000000 1.000000
0.982910 0.001633 0.184079 0.000000 0.127087 0.717413 -0.684958 23.784901 -0.133179 0.696646 0.704945 0.000000 0.000000 0.000000 0.000000 1.000000
0.982911 0.001632 0.184076 0.000000 0.127087 0.717406 -0.684966 23.784901 -0.133175 0.696654 0.704938 -0.000000 0.000000 0.000000 0.000000 1.000000
0.982912 0.001631 0.184071 -0.000000 0.127086 0.717392 -0.684980 23.784901 -0.133168 0.696668 0.704926 0.000000 0.000000 0.000000 0.000000 1.000000
0.982914 0.001629 0.184057 0.000000 0.127082 0.717374 -0.685000 23.784901 -0.133154 0.696687 0.704910 0.000000 0.000000 0.000000 0.000000 1.000000
0.982915 0.001627 0.184054 -0.000000 0.127085 0.717353 -0.685022 23.784901 -0.133146 0.696708 0.704890 -0.000000 0.000000 0.000000 0.000000 1.000000
0.982916 0.001625 0.184046 0.000000 0.127085 0.717332 -0.685043 23.784901 -0.133135 0.696729 0.704871 0.000000 0.000000 0.000000 0.000000 1.000000
0.982919 0.001624 0.184030 0.000000 0.127076 0.717323 -0.685054 23.784901 -0.133122 0.696739 0.704864 0.000000 0.000000 0.000000 0.000000 1.000000
0.982922 0.001625 0.184016 -0.000000 0.127065 0.717324 -0.685055 23.784901 -0.133112 0.696738 0.704867 0.000000 0.000000 0.000000 0.000000 1.000000
0.982923 0.001624 0.184009 0.000000 0.127062 0.717318 -0.685062 23.784901 -0.133105 0.696744 0.704863 -0.000000 0.000000 0.000000 0.000000 1.000000
0.982924 0.001625 0.184004 -0.000000 0.127058 0.717320 -0.685061 23.784901 -0.133103 0.696742 0.704865 0.000000 0.000000 0.000000 0.000000 1.000000
0.982924 0.001624 0.184003 0.000000 0.127058 0.717316 -0.685065 23.784901 -0.133101 0.696746 0.704861 0.000000 0.000000 0.000000 0.000000 1.000000
0.982923 0.001624 0.184012 0.000000 0.127066 0.717312 -0.685067 23.784901 -0.133106 0.696750 0.704856 0.000000 0.000000 0.000000 0.000000 1.000000
0.982919 0.001622 0.184032 0.000000 0.127083 0.717303 -0.685074 23.784901 -0.133118 0.696759 0.704845 -0.000000 0.000000 0.000000 0.000000 1.000000
0.982916 0.001621 0.184045 0.000000 0.127093 0.717300 -0.685076 23.784901 -0.133126 0.696763 0.704840 -0.000000 0.000000 0.000000 0.000000 1.000000</float_array>
        <technique_common>
          <accessor source="#mixamorig_LeftToeBase-Matrix-animation-output-transform-array" count="36" stride="16">
            <param type="float4x4"/>
          </accessor>
        </technique_common>
      </source>
      <source id="mixamorig_LeftToeBase-Interpolations">
        <Name_array id="mixamorig_LeftToeBase-Interpolations-array" count="36">
 LINEAR LINEAR LINEAR LINEAR LINEAR LINEAR LINEAR LINEAR LINEAR LINEAR LINEAR
LINEAR LINEAR LINEAR LINEAR LINEAR LINEAR LINEAR LINEAR LINEAR LINEAR LINEAR LINEAR
LINEAR LINEAR LINEAR LINEAR LINEAR LINEAR LINEAR LINEAR LINEAR LINEAR LINEAR LINEAR
LINEAR</Name_array>
        <technique_common>
          <accessor source="#mixamorig_LeftToeBase-Interpolations-array" count="36">
            <param type="name"/>
          </accessor>
        </technique_common>
      </source>
      <sampler id="mixamorig_LeftToeBase-Matrix-animation-transform">
        <input semantic="INPUT" source="#mixamorig_LeftToeBase-Matrix-animation-input"/>
        <input semantic="OUTPUT" source="#mixamorig_LeftToeBase-Matrix-animation-output-transform"/>
        <input semantic="INTERPOLATION" source="#mixamorig_LeftToeBase-Interpolations"/>
      </sampler>
      <channel source="#mixamorig_LeftToeBase-Matrix-animation-transform" target="mixamorig_LeftToeBase/matrix"/>
    </animation>
    <animation id="mixamorig_RightUpLeg-anim" name="mixamorig_RightUpLeg">
      <source id="mixamorig_RightUpLeg-Matrix-animation-input">
        <float_array id="mixamorig_RightUpLeg-Matrix-animation-input-array" count="36">

0.000000 0.033333 0.066667 0.100000 0.133333 0.166667 0.200000 0.233333 0.266667 0.300000 0.333333 0.366667 0.400000 0.433333 0.466667 0.500000
0.533333 0.566667 0.600000 0.633333 0.666667 0.700000 0.733333 0.766667 0.800000 0.833333 0.866667 0.900000 0.933333 0.966667 1.000000 1.033333
1.066667 1.100000 1.133333 1.166667</float_array>
        <technique_common>
          <accessor source="#mixamorig_RightUpLeg-Matrix-animation-input-array" count="36">
            <param name="TIME" type="float"/>
          </accessor>
        </technique_common>
      </source>
      <source id="mixamorig_RightUpLeg-Matrix-animation-output-transform">
        <float_array id="mixamorig_RightUpLeg-Matrix-animation-output-transform-array" count="576">

-0.990014 -0.102847 0.096408 -13.025900 0.106372 -0.993806 0.032151 -7.109800 0.092505 0.042085 0.994822 1.068600 0.000000 0.000000 0.000000 1.000000
-0.990427 -0.099554 0.095619 -13.025900 0.103124 -0.994116 0.033137 -7.109800 0.091757 0.042680 0.994866 1.068600 0.000000 0.000000 0.000000 1.000000
-0.990426 -0.099526 0.095665 -13.025900 0.103162 -0.994089 0.033828 -7.109800 0.091733 0.043373 0.994839 1.068600 0.000000 0.000000 0.000000 1.000000
-0.990396 -0.099662 0.095829 -13.025900 0.103343 -0.994056 0.034235 -7.109800 0.091847 0.043809 0.994809 1.068600 0.000000 0.000000 0.000000 1.000000
-0.990428 -0.099253 0.095925 -13.025900 0.102939 -0.994098 0.034256 -7.109800 0.091959 0.043803 0.994799 1.068600 0.000000 0.000000 0.000000 1.000000
-0.990435 -0.099103 0.096001 -13.025900 0.102743 -0.994135 0.033740 -7.109800 0.092095 0.043281 0.994809 1.068600 0.000000 0.000000 0.000000 1.000000
-0.990391 -0.099691 0.095854 -13.025900 0.103206 -0.994131 0.032433 -7.109800 0.092058 0.042014 0.994867 1.068600 0.000000 0.000000 0.000000 1.000000
-0.990268 -0.101433 0.095295 -13.025900 0.104721 -0.994045 0.030145 -7.109800 0.091670 0.039831 0.994993 1.068600 0.000000 0.000000 0.000000 1.000000
-0.990047 -0.104476 0.094295 -13.025900 0.107460 -0.993839 0.027129 -7.109800 0.090880 0.036992 0.995175 1.068600 0.000000 0.000000 0.000000 1.000000
-0.989767 -0.108294 0.092918 -13.025900 0.110932 -0.993545 0.023697 -7.109800 0.089752 0.033762 0.995392 1.068600 0.000000 0.000000 0.000000 1.000000
-0.989520 -0.111829 0.091346 -13.025900 0.114085 -0.993273 0.019851 -7.109800 0.088511 0.030064 0.995621 1.068600 0.000000 0.000000 0.000000 1.000000
-0.989388 -0.114194 0.089841 -13.025900 0.116053 -0.993118 0.015732 -7.109800 0.087426 0.025992 0.995832 1.068600 0.000000 0.000000 0.000000 1.000000
-0.989381 -0.115259 0.088546 -13.025900 0.116784 -0.993082 0.012227 -7.109800 0.086525 0.022438 0.995997 1.068600 0.000000 0.000000 0.000000 1.000000
-0.989462 -0.115384 0.087477 -13.025900 0.116734 -0.993108 0.010454 -7.109800 0.085668 0.020555 0.996112 1.068600 0.000000 0.000000 0.000000 1.000000
-0.989594 -0.114776 0.086778 -13.025900 0.116142 -0.993174 0.010841 -7.109800 0.084941 0.020806 0.996169 1.068600 0.000000 0.000000 0.000000 1.000000
-0.989760 -0.113364 0.086739 -13.025900 0.114895 -0.993294 0.012858 -7.109800 0.084700 0.022693 0.996148 1.068600 0.000000 0.000000 0.000000 1.000000
-0.989945 -0.111236 0.087377 -13.025900 0.113008 -0.993472 0.015590 -7.109800 0.085072 0.025308 0.996053 1.068600 0.000000 0.000000 0.000000 1.000000
-0.990125 -0.108928 0.088241 -13.025900 0.110957 -0.993654 0.018418 -7.109800 0.085675 0.028028 0.995929 1.068600 0.000000 0.000000 0.000000 1.000000
-0.990276 -0.107059 0.088840 -13.025900 0.109315 -0.993787 0.020912 -7.109800 0.086050 0.030420 0.995826 1.068600 0.000000 0.000000 0.000000 1.000000
-0.990378 -0.105873 0.089125 -13.025900 0.108290 -0.993860 0.022723 -7.109800 0.086172 0.032155 0.995761 1.068600 0.000000 0.000000 0.000000 1.000000
-0.990422 -0.105210 0.089415 -13.025900 0.107724 -0.993897 0.023764 -7.109800 0.086369 0.033168 0.995711 1.068600 0.000000 0.000000 0.000000 1.000000
-0.990424 -0.104696 0.089992 -13.025900 0.107280 -0.993930 0.024356 -7.109800 0.086896 0.033777 0.995645 1.068600 0.000000 0.000000 0.000000 1.000000
-0.990416 -0.104043 0.090833 -13.025900 0.106707 -0.993977 0.024973 -7.109800 0.087687 0.034426 0.995553 1.068600 0.000000 0.000000 0.000000 1.000000
-0.990409 -0.103282 0.091776 -13.025900 0.106060 -0.994022 0.025920 -7.109800 0.088550 0.035405 0.995442 1.068600 0.000000 0.000000 0.000000 1.000000
-0.990383 -0.102649 0.092766 -13.025900 0.105573 -0.994040 0.027171 -7.109800 0.089424 0.036703 0.995317 1.068600 0.000000 0.000000 0.000000 1.000000
-0.990326 -0.102244 0.093811 -13.025900 0.105320 -0.994032 0.028440 -7.109800 0.090343 0.038045 0.995184 1.068600 0.000000 0.000000 0.000000 1.000000
-0.990255 -0.101981 0.094840 -13.025900 0.105194 -0.994014 0.029507 -7.109800 0.091263 0.039196 0.995055 1.068600 0.000000 0.000000 0.000000 1.000000
-0.990185 -0.101869 0.095689 -13.025900 0.105194 -0.993988 0.030355 -7.109800 0.092022 0.040123 0.994948 1.068600 0.000000 0.000000 0.000000 1.000000
-0.990125 -0.101987 0.096181 -13.025900 0.105391 -0.993948 0.030993 -7.109800 0.092438 0.040824 0.994881 1.068600 0.000000 0.000000 0.000000 1.000000
-0.990090 -0.102191 0.096326 -13.025900 0.105634 -0.993911 0.031341 -7.109800 0.092536 0.041206 0.994856 1.068600 0.000000 0.000000 0.000000 1.000000
-0.990070 -0.102358 0.096352 -13.025900 0.105821 -0.993885 0.031527 -7.109800 0.092535 0.041410 0.994848 1.068600 0.000000 0.000000 0.000000 1.000000
-0.990054 -0.102503 0.096370 -13.025900 0.105982 -0.993863 0.031695 -7.109800 0.092529 0.041593 0.994841 1.068600 0.000000 0.000000 0.000000 1.000000
-0.990039 -0.102636 0.096373 -13.025900 0.106129 -0.993843 0.031832 -7.109800 0.092513 0.041743 0.994836 1.068600 0.000000 0.000000 0.000000 1.000000
-0.990024 -0.102784 0.096379 -13.025900 0.106291 -0.993821 0.031977 -7.109800 0.092496 0.041902 0.994831 1.068600 0.000000 0.000000 0.000000 1.000000
-0.990006 -0.102942 0.096391 -13.025900 0.106464 -0.993797 0.032126 -7.109800 0.092486 0.042067 0.994825 1.068600 0.000000 0.000000 0.000000 1.000000
-0.989996 -0.103031 0.096398 -13.025900 0.106561 -0.993784 0.032206 -7.109800 0.092481 0.042157 0.994822 1.068600 0.000000 0.000000 0.000000 1.000000</float_array>
        <technique_common>
          <accessor source="#mixamorig_RightUpLeg-Matrix-animation-output-transform-array" count="36" stride="16">
            <param type="float4x4"/>
          </accessor>
        </technique_common>
      </source>
      <source id="mixamorig_RightUpLeg-Interpolations">
        <Name_array id="mixamorig_RightUpLeg-Interpolations-array" count="36">
 LINEAR LINEAR LINEAR LINEAR LINEAR LINEAR LINEAR LINEAR LINEAR LINEAR LINEAR
LINEAR LINEAR LINEAR LINEAR LINEAR LINEAR LINEAR LINEAR LINEAR LINEAR LINEAR LINEAR
LINEAR LINEAR LINEAR LINEAR LINEAR LINEAR LINEAR LINEAR LINEAR LINEAR LINEAR LINEAR
LINEAR</Name_array>
        <technique_common>
          <accessor source="#mixamorig_RightUpLeg-Interpolations-array" count="36">
            <param type="name"/>
          </accessor>
        </technique_common>
      </source>
      <sampler id="mixamorig_RightUpLeg-Matrix-animation-transform">
        <input semantic="INPUT" source="#mixamorig_RightUpLeg-Matrix-animation-input"/>
        <input semantic="OUTPUT" source="#mixamorig_RightUpLeg-Matrix-animation-output-transform"/>
        <input semantic="INTERPOLATION" source="#mixamorig_RightUpLeg-Interpolations"/>
      </sampler>
      <channel source="#mixamorig_RightUpLeg-Matrix-animation-transform" target="mixamorig_RightUpLeg/matrix"/>
    </animation>
    <animation id="mixamorig_RightLeg-anim" name="mixamorig_RightLeg">
      <source id="mixamorig_RightLeg-Matrix-animation-input">
        <float_array id="mixamorig_RightLeg-Matrix-animation-input-array" count="36">

0.000000 0.033333 0.066667 0.100000 0.133333 0.166667 0.200000 0.233333 0.266667 0.300000 0.333333 0.366667 0.400000 0.433333 0.466667 0.500000
0.533333 0.566667 0.600000 0.633333 0.666667 0.700000 0.733333 0.766667 0.800000 0.833333 0.866667 0.900000 0.933333 0.966667 1.000000 1.033333
1.066667 1.100000 1.133333 1.166667</float_array>
        <technique_common>
          <accessor source="#mixamorig_RightLeg-Matrix-animation-input-array" count="36">
            <param name="TIME" type="float"/>
          </accessor>
        </technique_common>
      </source>
      <source id="mixamorig_RightLeg-Matrix-animation-output-transform">
        <float_array id="mixamorig_RightLeg-Matrix-animation-output-transform-array" count="576">

0.999852 -0.014433 -0.009353 -0.000000 0.016875 0.718354 0.695474 35.903999 -0.003319 -0.695529 0.718491 0.000000 0.000000 0.000000 0.000000 1.000000
0.999939 -0.008501 -0.007098 -0.000000 0.011044 0.717906 0.696053 35.903999 -0.000821 -0.696088 0.717956 0.000000 0.000000 0.000000 0.000000 1.000000
0.999934 -0.008714 -0.007543 0.000000 0.011506 0.717483 0.696481 35.903999 -0.000657 -0.696522 0.717535 -0.000000 0.000000 0.000000 0.000000 1.000000
0.999920 -0.009558 -0.008305 0.000000 0.012643 0.717088 0.696868 35.903999 -0.000706 -0.696917 0.717151 0.000000 0.000000 0.000000 0.000000 1.000000
0.999916 -0.009656 -0.008695 -0.000000 0.012984 0.716806 0.697151 35.903999 -0.000499 -0.697205 0.716871 0.000000 0.000000 0.000000 0.000000 1.000000
0.999907 -0.009931 -0.009355 0.000000 0.013642 0.716615 0.697336 35.903999 -0.000221 -0.697398 0.716684 0.000000 0.000000 0.000000 0.000000 1.000000
0.999889 -0.010216 -0.010860 0.000000 0.014895 0.716254 0.697681 35.903999 0.000651 -0.697765 0.716326 -0.000000 0.000000 0.000000 0.000000 1.000000
0.999854 -0.010194 -0.013745 -0.000000 0.016896 0.715436 0.698474 35.903999 0.002714 -0.698603 0.715504 -0.000000 0.000000 0.000000 0.000000 1.000000
0.999787 -0.009762 -0.018203 -0.000000 0.019712 0.714218 0.699646 35.903999 0.006171 -0.699856 0.714258 -0.000000 0.000000 0.000000 0.000000 1.000000
0.999687 -0.009036 -0.023314 0.000000 0.022785 0.713189 0.700601 35.903999 0.010296 -0.700913 0.713172 0.000000 0.000000 0.000000 0.000000 1.000000
0.999596 -0.008580 -0.027082 -0.000000 0.025105 0.712971 0.700744 35.903999 0.013296 -0.701141 0.712898 0.000000 0.000000 0.000000 0.000000 1.000000
0.999567 -0.009053 -0.028012 0.000000 0.026083 0.713533 0.700136 35.903999 0.013649 -0.700563 0.713460 -0.000000 0.000000 0.000000 0.000000 1.000000
0.999594 -0.010702 -0.026414 0.000000 0.026132 0.714064 0.699593 35.903999 0.011374 -0.699999 0.714053 0.000000 0.000000 0.000000 0.000000 1.000000
0.999632 -0.013277 -0.023676 0.000000 0.026056 0.713877 0.699787 35.903999 0.007611 -0.700146 0.713960 0.000000 0.000000 0.000000 0.000000 1.000000
0.999652 -0.016290 -0.020748 0.000000 0.026162 0.713032 0.700644 35.903999 0.003381 -0.700943 0.713210 0.000000 0.000000 0.000000 0.000000 1.000000
0.999658 -0.019263 -0.017666 0.000000 0.026120 0.711968 0.701726 35.903999 -0.000939 -0.701948 0.712228 0.000000 0.000000 0.000000 0.000000 1.000000
0.999660 -0.021859 -0.014231 0.000000 0.025551 0.710960 0.702768 35.903999 -0.005244 -0.702892 0.711277 0.000000 0.000000 0.000000 0.000000 1.000000
0.999655 -0.023988 -0.010742 0.000000 0.024599 0.710007 0.703764 35.903999 -0.009255 -0.703786 0.710352 0.000000 0.000000 0.000000 0.000000 1.000000
0.999640 -0.025694 -0.007736 0.000000 0.023683 0.709258 0.704551 35.903999 -0.012616 -0.704481 0.709611 0.000000 0.000000 0.000000 0.000000 1.000000
0.999622 -0.026983 -0.005362 0.000000 0.022918 0.708959 0.704877 35.903999 -0.015218 -0.704733 0.709309 -0.000000 0.000000 0.000000 0.000000 1.000000
0.999609 -0.027759 -0.003351 0.000000 0.022057 0.709223 0.704639 35.903999 -0.017183 -0.704438 0.709558 -0.000000 0.000000 0.000000 0.000000 1.000000
0.999609 -0.027905 -0.001541 0.000000 0.020904 0.709936 0.703956 35.903999 -0.018550 -0.703713 0.710242 -0.000000 0.000000 0.000000 0.000000 1.000000
0.999625 -0.027379 -0.000218 -0.000000 0.019625 0.710920 0.702999 35.903999 -0.019092 -0.702740 0.711191 -0.000000 0.000000 0.000000 0.000000 1.000000
0.999656 -0.026245 0.000080 0.000000 0.018636 0.711977 0.701956 35.903999 -0.018480 -0.701712 0.712221 0.000000 0.000000 0.000000 0.000000 1.000000
0.999696 -0.024653 -0.000844 0.000000 0.018174 0.712942 0.700988 35.903999 -0.016680 -0.700790 0.713173 0.000000 0.000000 0.000000 0.000000 1.000000
0.999736 -0.022820 -0.002490 0.000000 0.018037 0.713809 0.700108 35.903999 -0.014200 -0.699969 0.714032 0.000000 0.000000 0.000000 0.000000 1.000000
0.999773 -0.020928 -0.004119 0.000000 0.017841 0.714681 0.699223 35.903999 -0.011690 -0.699138 0.714892 0.000000 0.000000 0.000000 0.000000 1.000000
0.999804 -0.019029 -0.005538 0.000000 0.017489 0.715671 0.698219 35.903999 -0.009323 -0.698179 0.715863 0.000000 0.000000 0.000000 0.000000 1.000000
0.999825 -0.017410 -0.006778 0.000000 0.017205 0.716578 0.697294 35.903999 -0.007283 -0.697289 0.716753 -0.000000 0.000000 0.000000 0.000000 1.000000
0.999835 -0.016501 -0.007564 0.000000 0.017106 0.717100 0.696761 35.903999 -0.006073 -0.696775 0.717264 0.000000 0.000000 0.000000 0.000000 1.000000
0.999840 -0.016013 -0.008017 0.000000 0.017073 0.717384 0.696469 35.903999 -0.005401 -0.696494 0.717542 0.000000 0.000000 0.000000 0.000000 1.000000
0.999843 -0.015596 -0.008397 0.000000 0.017041 0.717617 0.696229 35.903999 -0.004832 -0.696263 0.717771 0.000000 0.000000 0.000000 0.000000 1.000000
0.999846 -0.015245 -0.008717 0.000000 0.017013 0.717824 0.696017 35.903999 -0.004354 -0.696058 0.717972 0.000000 0.000000 0.000000 0.000000 1.000000
0.999848 -0.014913 -0.009012 0.000000 0.016981 0.718001 0.695835 35.903999 -0.003906 -0.695882 0.718145 0.000000 0.000000 0.000000 0.000000 1.000000
0.999850 -0.014595 -0.009282 -0.000000 0.016942 0.718158 0.695673 35.903999 -0.003487 -0.695727 0.718298 0.000000 0.000000 0.000000 0.000000 1.000000
0.999852 -0.014428 -0.009424 0.000000 0.016920 0.718240 0.695590 35.903999 -0.003267 -0.695646 0.718377 0.000000 0.000000 0.000000 0.000000 1.000000</float_array>
        <technique_common>
          <accessor source="#mixamorig_RightLeg-Matrix-animation-output-transform-array" count="36" stride="16">
            <param type="float4x4"/>
          </accessor>
        </technique_common>
      </source>
      <source id="mixamorig_RightLeg-Interpolations">
        <Name_array id="mixamorig_RightLeg-Interpolations-array" count="36">
 LINEAR LINEAR LINEAR LINEAR LINEAR LINEAR LINEAR LINEAR LINEAR LINEAR LINEAR
LINEAR LINEAR LINEAR LINEAR LINEAR LINEAR LINEAR LINEAR LINEAR LINEAR LINEAR LINEAR
LINEAR LINEAR LINEAR LINEAR LINEAR LINEAR LINEAR LINEAR LINEAR LINEAR LINEAR LINEAR
LINEAR</Name_array>
        <technique_common>
          <accessor source="#mixamorig_RightLeg-Interpolations-array" count="36">
            <param type="name"/>
          </accessor>
        </technique_common>
      </source>
      <sampler id="mixamorig_RightLeg-Matrix-animation-transform">
        <input semantic="INPUT" source="#mixamorig_RightLeg-Matrix-animation-input"/>
        <input semantic="OUTPUT" source="#mixamorig_RightLeg-Matrix-animation-output-transform"/>
        <input semantic="INTERPOLATION" source="#mixamorig_RightLeg-Interpolations"/>
      </sampler>
      <channel source="#mixamorig_RightLeg-Matrix-animation-transform" target="mixamorig_RightLeg/matrix"/>
    </animation>
    <animation id="mixamorig_RightFoot-anim" name="mixamorig_RightFoot">
      <source id="mixamorig_RightFoot-Matrix-animation-input">
        <float_array id="mixamorig_RightFoot-Matrix-animation-input-array" count="36">

0.000000 0.033333 0.066667 0.100000 0.133333 0.166667 0.200000 0.233333 0.266667 0.300000 0.333333 0.366667 0.400000 0.433333 0.466667 0.500000
0.533333 0.566667 0.600000 0.633333 0.666667 0.700000 0.733333 0.766667 0.800000 0.833333 0.866667 0.900000 0.933333 0.966667 1.000000 1.033333
1.066667 1.100000 1.133333 1.166667</float_array>
        <technique_common>
          <accessor source="#mixamorig_RightFoot-Matrix-animation-input-array" count="36">
            <param name="TIME" type="float"/>
          </accessor>
        </technique_common>
      </source>
      <source id="mixamorig_RightFoot-Matrix-animation-output-transform">
        <float_array id="mixamorig_RightFoot-Matrix-animation-output-transform-array" count="576">

0.951221 0.214112 0.222114 0.000000 0.154919 0.291100 -0.944066 40.577400 -0.266793 0.932425 0.243730 -0.000000 0.000000 0.000000 0.000000 1.000000
0.950955 0.212585 0.224705 0.000000 0.157755 0.291559 -0.943455 40.577400 -0.266080 0.932631 0.243723 0.000000 0.000000 0.000000 0.000000 1.000000
0.950965 0.212748 0.224509 0.000000 0.157557 0.291426 -0.943529 40.577400 -0.266162 0.932636 0.243616 0.000000 0.000000 0.000000 0.000000 1.000000
0.951011 0.213140 0.223941 -0.000000 0.156960 0.291185 -0.943703 40.577400 -0.266349 0.932621 0.243466 0.000000 0.000000 0.000000 0.000000 1.000000
0.951030 0.213376 0.223633 0.000000 0.156658 0.290956 -0.943823 40.577400 -0.266457 0.932639 0.243281 -0.000000 0.000000 0.000000 0.000000 1.000000
0.951063 0.213736 0.223149 0.000000 0.156200 0.290555 -0.944023 40.577400 -0.266609 0.932682 0.242950 0.000000 0.000000 0.000000 0.000000 1.000000
0.951096 0.214292 0.222475 0.000000 0.155613 0.289767 -0.944362 40.577400 -0.266835 0.932799 0.242250 -0.000000 0.000000 0.000000 0.000000 1.000000
0.951117 0.215105 0.221598 -0.000000 0.154911 0.288442 -0.944883 40.577400 -0.267167 0.933023 0.241020 -0.000000 0.000000 0.000000 0.000000 1.000000
0.951146 0.216207 0.220398 -0.000000 0.153908 0.286798 -0.945547 40.577400 -0.267644 0.933275 0.239511 -0.000000 0.000000 0.000000 0.000000 1.000000
0.951209 0.217435 0.218913 -0.000000 0.152497 0.285479 -0.946175 40.577400 -0.268226 0.933394 0.238392 0.000000 0.000000 0.000000 0.000000 1.000000
0.951314 0.218515 0.217376 0.000000 0.150823 0.285030 -0.946578 40.577400 -0.268800 0.933279 0.238196 0.000000 0.000000 0.000000 0.000000 1.000000
0.951438 0.219336 0.216003 0.000000 0.149144 0.285391 -0.946735 40.577400 -0.269299 0.932976 0.238819 -0.000000 0.000000 0.000000 0.000000 1.000000
0.951548 0.220041 0.214798 0.000000 0.147616 0.285906 -0.946820 40.577400 -0.269751 0.932652 0.239572 -0.000000 0.000000 0.000000 0.000000 1.000000
0.951632 0.220793 0.213653 0.000000 0.146249 0.286027 -0.946995 40.577400 -0.270200 0.932437 0.239902 0.000000 0.000000 0.000000 0.000000 1.000000
0.951703 0.221549 0.212548 -0.000000 0.145027 0.285783 -0.947257 40.577400 -0.270607 0.932333 0.239850 0.000000 0.000000 0.000000 0.000000 1.000000
0.951762 0.222140 0.211667 -0.000000 0.144078 0.285512 -0.947483 40.577400 -0.270907 0.932275 0.239734 0.000000 0.000000 0.000000 0.000000 1.000000
0.951783 0.222456 0.211240 0.000000 0.143622 0.285337 -0.947605 40.577400 -0.271075 0.932253 0.239629 -0.000000 0.000000 0.000000 0.000000 1.000000
0.951763 0.222528 0.211254 -0.000000 0.143668 0.285166 -0.947650 40.577400 -0.271121 0.932288 0.239441 0.000000 0.000000 0.000000 0.000000 1.000000
0.951731 0.222447 0.211483 0.000000 0.143958 0.285021 -0.947649 40.577400 -0.271079 0.932352 0.239241 0.000000 0.000000 0.000000 0.000000 1.000000
0.951705 0.222260 0.211796 0.000000 0.144305 0.285064 -0.947584 40.577400 -0.270985 0.932384 0.239224 -0.000000 0.000000 0.000000 0.000000 1.000000
0.951684 0.221911 0.212258 0.000000 0.144759 0.285393 -0.947415 40.577400 -0.270819 0.932366 0.239480 0.000000 0.000000 0.000000 0.000000 1.000000
0.951657 0.221340 0.212971 -0.000000 0.145446 0.285974 -0.947135 40.577400 -0.270543 0.932324 0.239956 0.000000 0.000000 0.000000 0.000000 1.000000
0.951625 0.220590 0.213893 0.000000 0.146341 0.286714 -0.946773 40.577400 -0.270175 0.932274 0.240563 0.000000 0.000000 0.000000 0.000000 1.000000
0.951591 0.219792 0.214865 0.000000 0.147288 0.287491 -0.946391 40.577400 -0.269781 0.932223 0.241201 0.000000 0.000000 0.000000 0.000000 1.000000
0.951560 0.219029 0.215777 0.000000 0.148189 0.288190 -0.946037 40.577400 -0.269394 0.932187 0.241773 0.000000 0.000000 0.000000 0.000000 1.000000
0.951527 0.218281 0.216680 0.000000 0.149107 0.288789 -0.945710 40.577400 -0.269006 0.932177 0.242243 0.000000 0.000000 0.000000 0.000000 1.000000
0.951479 0.217475 0.217699 -0.000000 0.150170 0.289337 -0.945375 40.577400 -0.268584 0.932196 0.242640 0.000000 0.000000 0.000000 0.000000 1.000000
0.951415 0.216569 0.218878 0.000000 0.151416 0.289890 -0.945006 40.577400 -0.268110 0.932235 0.243014 0.000000 0.000000 0.000000 0.000000 1.000000
0.951353 0.215748 0.219955 0.000000 0.152565 0.290353 -0.944679 40.577400 -0.267677 0.932281 0.243312 0.000000 0.000000 0.000000 0.000000 1.000000
0.951317 0.215274 0.220574 0.000000 0.153233 0.290600 -0.944495 40.577400 -0.267424 0.932314 0.243465 0.000000 0.000000 0.000000 0.000000 1.000000
0.951297 0.215013 0.220916 -0.000000 0.153605 0.290722 -0.944397 40.577400 -0.267283 0.932336 0.243536 0.000000 0.000000 0.000000 0.000000 1.000000
0.951279 0.214787 0.221213 0.000000 0.153930 0.290819 -0.944314 40.577400 -0.267160 0.932358 0.243588 -0.000000 0.000000 0.000000 0.000000 1.000000
0.951263 0.214594 0.221469 0.000000 0.154209 0.290906 -0.944242 40.577400 -0.267055 0.932375 0.243636 -0.000000 0.000000 0.000000 0.000000 1.000000
0.951247 0.214406 0.221719 0.000000 0.154486 0.290977 -0.944175 40.577400 -0.266952 0.932396 0.243668 0.000000 0.000000 0.000000 0.000000 1.000000
0.951231 0.214223 0.221966 0.000000 0.154760 0.291041 -0.944110 40.577400 -0.266851 0.932418 0.243694 0.000000 0.000000 0.000000 0.000000 1.000000
0.951222 0.214125 0.222097 0.000000 0.154907 0.291072 -0.944077 40.577400 -0.266796 0.932431 0.243705 0.000000 0.000000 0.000000 0.000000 1.000000</float_array>
        <technique_common>
          <accessor source="#mixamorig_RightFoot-Matrix-animation-output-transform-array" count="36" stride="16">
            <param type="float4x4"/>
          </accessor>
        </technique_common>
      </source>
      <source id="mixamorig_RightFoot-Interpolations">
        <Name_array id="mixamorig_RightFoot-Interpolations-array" count="36">
 LINEAR LINEAR LINEAR LINEAR LINEAR LINEAR LINEAR LINEAR LINEAR LINEAR LINEAR
LINEAR LINEAR LINEAR LINEAR LINEAR LINEAR LINEAR LINEAR LINEAR LINEAR LINEAR LINEAR
LINEAR LINEAR LINEAR LINEAR LINEAR LINEAR LINEAR LINEAR LINEAR LINEAR LINEAR LINEAR
LINEAR</Name_array>
        <technique_common>
          <accessor source="#mixamorig_RightFoot-Interpolations-array" count="36">
            <param type="name"/>
          </accessor>
        </technique_common>
      </source>
      <sampler id="mixamorig_RightFoot-Matrix-animation-transform">
        <input semantic="INPUT" source="#mixamorig_RightFoot-Matrix-animation-input"/>
        <input semantic="OUTPUT" source="#mixamorig_RightFoot-Matrix-animation-output-transform"/>
        <input semantic="INTERPOLATION" source="#mixamorig_RightFoot-Interpolations"/>
      </sampler>
      <channel source="#mixamorig_RightFoot-Matrix-animation-transform" target="mixamorig_RightFoot/matrix"/>
    </animation>
    <animation id="mixamorig_RightToeBase-anim" name="mixamorig_RightToeBase">
      <source id="mixamorig_RightToeBase-Matrix-animation-input">
        <float_array id="mixamorig_RightToeBase-Matrix-animation-input-array" count="36">

0.000000 0.033333 0.066667 0.100000 0.133333 0.166667 0.200000 0.233333 0.266667 0.300000 0.333333 0.366667 0.400000 0.433333 0.466667 0.500000
0.533333 0.566667 0.600000 0.633333 0.666667 0.700000 0.733333 0.766667 0.800000 0.833333 0.866667 0.900000 0.933333 0.966667 1.000000 1.033333
1.066667 1.100000 1.133333 1.166667</float_array>
        <technique_common>
          <accessor source="#mixamorig_RightToeBase-Matrix-animation-input-array" count="36">
            <param name="TIME" type="float"/>
          </accessor>
        </technique_common>
      </source>
      <source id="mixamorig_RightToeBase-Matrix-animation-output-transform">
        <float_array id="mixamorig_RightToeBase-Matrix-animation-output-transform-array" count="576">

0.982521 -0.018960 -0.185184 0.000000 -0.115393 0.718582 -0.685802 23.784901 0.146073 0.695183 0.703834 -0.000000 0.000000 0.000000 0.000000 1.000000
0.982522 -0.018895 -0.185183 0.000000 -0.115562 0.717992 -0.686391 23.784901 0.145929 0.695794 0.703260 0.000000 0.000000 0.000000 0.000000 1.000000
0.982524 -0.018817 -0.185182 0.000000 -0.115765 0.717280 -0.687101 23.784901 0.145757 0.696531 0.702567 -0.000000 0.000000 0.000000 0.000000 1.000000
0.982526 -0.018746 -0.185181 0.000000 -0.115949 0.716638 -0.687739 23.784901 0.145600 0.697193 0.701942 -0.000000 0.000000 0.000000 0.000000 1.000000
0.982527 -0.018688 -0.185181 -0.000000 -0.116098 0.716116 -0.688259 23.784901 0.145473 0.697732 0.701433 -0.000000 0.000000 0.000000 0.000000 1.000000
0.982528 -0.018638 -0.185180 0.000000 -0.116230 0.715648 -0.688722 23.784901 0.145360 0.698213 0.700978 0.000000 0.000000 0.000000 0.000000 1.000000
0.982529 -0.018587 -0.185179 0.000000 -0.116364 0.715177 -0.689189 23.784901 0.145246 0.698696 0.700519 -0.000000 0.000000 0.000000 0.000000 1.000000
0.982531 -0.018507 -0.185178 0.000000 -0.116571 0.714448 -0.689910 23.784901 0.145068 0.699444 0.699810 -0.000000 0.000000 0.000000 0.000000 1.000000
0.982534 -0.018362 -0.185177 0.000000 -0.116947 0.713115 -0.691224 23.784901 0.144744 0.700807 0.698512 -0.000000 0.000000 0.000000 0.000000 1.000000
0.982538 -0.018167 -0.185175 -0.000000 -0.117449 0.711337 -0.692969 23.784901 0.144311 0.702617 0.696781 0.000000 0.000000 0.000000 0.000000 1.000000
0.982541 -0.018006 -0.185175 0.000000 -0.117866 0.709849 -0.694422 23.784901 0.143950 0.704123 0.695334 0.000000 0.000000 0.000000 0.000000 1.000000
0.982542 -0.017933 -0.185174 -0.000000 -0.118052 0.709185 -0.695069 23.784901 0.143788 0.704795 0.694687 -0.000000 0.000000 0.000000 0.000000 1.000000
0.982542 -0.017931 -0.185174 0.000000 -0.118059 0.709157 -0.695096 23.784901 0.143781 0.704823 0.694660 -0.000000 0.000000 0.000000 0.000000 1.000000
0.982542 -0.017945 -0.185174 0.000000 -0.118022 0.709292 -0.694965 23.784901 0.143814 0.704686 0.694791 -0.000000 0.000000 0.000000 0.000000 1.000000
0.982541 -0.017982 -0.185175 0.000000 -0.117926 0.709636 -0.694630 23.784901 0.143898 0.704339 0.695126 0.000000 0.000000 0.000000 0.000000 1.000000
0.982539 -0.018094 -0.185175 0.000000 -0.117639 0.710660 -0.693631 23.784901 0.144147 0.703303 0.696123 -0.000000 0.000000 0.000000 0.000000 1.000000
0.982536 -0.018234 -0.185176 0.000000 -0.117277 0.711948 -0.692370 23.784901 0.144461 0.701995 0.697376 0.000000 0.000000 0.000000 0.000000 1.000000
0.982536 -0.018266 -0.185176 -0.000000 -0.117195 0.712241 -0.692082 23.784901 0.144531 0.701697 0.697662 0.000000 0.000000 0.000000 0.000000 1.000000
0.982537 -0.018190 -0.185176 0.000000 -0.117391 0.711541 -0.692769 23.784901 0.144361 0.702409 0.696980 0.000000 0.000000 0.000000 0.000000 1.000000
0.982538 -0.018166 -0.185176 0.000000 -0.117452 0.711324 -0.692982 23.784901 0.144309 0.702630 0.696768 0.000000 0.000000 0.000000 0.000000 1.000000
0.982536 -0.018261 -0.185176 0.000000 -0.117206 0.712201 -0.692122 23.784901 0.144521 0.701738 0.697622 -0.000000 0.000000 0.000000 0.000000 1.000000
0.982533 -0.018374 -0.185177 0.000000 -0.116915 0.713230 -0.691111 23.784901 0.144772 0.700689 0.698624 0.000000 0.000000 0.000000 0.000000 1.000000
0.982532 -0.018417 -0.185178 0.000000 -0.116803 0.713628 -0.690718 23.784901 0.144869 0.700283 0.699012 0.000000 0.000000 0.000000 0.000000 1.000000
0.982533 -0.018416 -0.185177 -0.000000 -0.116805 0.713620 -0.690727 23.784901 0.144867 0.700291 0.699004 0.000000 0.000000 0.000000 0.000000 1.000000
0.982533 -0.018414 -0.185177 0.000000 -0.116811 0.713599 -0.690748 23.784901 0.144862 0.700313 0.698983 0.000000 0.000000 0.000000 0.000000 1.000000
0.982533 -0.018410 -0.185177 0.000000 -0.116822 0.713560 -0.690786 23.784901 0.144852 0.700353 0.698945 -0.000000 0.000000 0.000000 0.000000 1.000000
0.982533 -0.018416 -0.185177 0.000000 -0.116807 0.713613 -0.690733 23.784901 0.144865 0.700298 0.698997 -0.000000 0.000000 0.000000 0.000000 1.000000
0.982531 -0.018503 -0.185178 0.000000 -0.116580 0.714415 -0.689943 23.784901 0.145060 0.699478 0.699777 0.000000 0.000000 0.000000 0.000000 1.000000
0.982527 -0.018668 -0.185180 -0.000000 -0.116152 0.715924 -0.688449 23.784901 0.145427 0.697929 0.701246 0.000000 0.000000 0.000000 0.000000 1.000000
0.982525 -0.018789 -0.185182 0.000000 -0.115839 0.717019 -0.687361 23.784901 0.145693 0.696800 0.702312 0.000000 0.000000 0.000000 0.000000 1.000000
0.982523 -0.018845 -0.185183 -0.000000 -0.115689 0.717549 -0.686833 23.784901 0.145821 0.696253 0.702828 -0.000000 0.000000 0.000000 0.000000 1.000000
0.982522 -0.018888 -0.185183 -0.000000 -0.115578 0.717936 -0.686447 23.784901 0.145915 0.695853 0.703205 -0.000000 0.000000 0.000000 0.000000 1.000000
0.982522 -0.018920 -0.185184 0.000000 -0.115496 0.718223 -0.686161 23.784901 0.145985 0.695556 0.703485 0.000000 0.000000 0.000000 0.000000 1.000000
0.982521 -0.018940 -0.185184 0.000000 -0.115442 0.718413 -0.685971 23.784901 0.146031 0.695359 0.703670 0.000000 0.000000 0.000000 0.000000 1.000000
0.982521 -0.018955 -0.185184 0.000000 -0.115406 0.718535 -0.685849 23.784901 0.146061 0.695233 0.703788 -0.000000 0.000000 0.000000 0.000000 1.000000
0.982521 -0.018959 -0.185185 0.000000 -0.115393 0.718582 -0.685802 23.784901 0.146073 0.695183 0.703834 0.000000 0.000000 0.000000 0.000000 1.000000</float_array>
        <technique_common>
          <accessor source="#mixamorig_RightToeBase-Matrix-animation-output-transform-array" count="36" stride="16">
            <param type="float4x4"/>
          </accessor>
        </technique_common>
      </source>
      <source id="mixamorig_RightToeBase-Interpolations">
        <Name_array id="mixamorig_RightToeBase-Interpolations-array" count="36">
 LINEAR LINEAR LINEAR LINEAR LINEAR LINEAR LINEAR LINEAR LINEAR LINEAR LINEAR
LINEAR LINEAR LINEAR LINEAR LINEAR LINEAR LINEAR LINEAR LINEAR LINEAR LINEAR LINEAR
LINEAR LINEAR LINEAR LINEAR LINEAR LINEAR LINEAR LINEAR LINEAR LINEAR LINEAR LINEAR
LINEAR</Name_array>
        <technique_common>
          <accessor source="#mixamorig_RightToeBase-Interpolations-array" count="36">
            <param type="name"/>
          </accessor>
        </technique_common>
      </source>
      <sampler id="mixamorig_RightToeBase-Matrix-animation-transform">
        <input semantic="INPUT" source="#mixamorig_RightToeBase-Matrix-animation-input"/>
        <input semantic="OUTPUT" source="#mixamorig_RightToeBase-Matrix-animation-output-transform"/>
        <input semantic="INTERPOLATION" source="#mixamorig_RightToeBase-Interpolations"/>
      </sampler>
      <channel source="#mixamorig_RightToeBase-Matrix-animation-transform" target="mixamorig_RightToeBase/matrix"/>
    </animation>
  </library_animations>
  <library_visual_scenes>
    <visual_scene id="RootNode" name="RootNode">
      <node id="mixamorig_Hips" name="mixamorig_Hips" sid="mixamorig_Hips" type="JOINT">
        <matrix sid="matrix">0.766664 0.105034 -0.633399 1.200352 0.028649 0.979949 0.197178 94.387871 0.641409 -0.169315 0.748282 -1.535663 0.000000 0.000000 0.000000 1.000000</matrix>
        <node id="mixamorig_Spine" name="mixamorig_Spine" sid="mixamorig_Spine" type="JOINT">
          <matrix sid="matrix">0.999976 0.006856 -0.000400 -0.000000 -0.006857 0.993421 -0.114316 14.658800 -0.000386 0.114316 0.993444 0.000000 0.000000 0.000000 0.000000 1.000000</matrix>
          <node id="mixamorig_Spine1" name="mixamorig_Spine1" sid="mixamorig_Spine1" type="JOINT">
            <matrix sid="matrix">0.999913 0.012950 -0.002503 0.000000 -0.013094 0.951669 -0.306845 10.372600 -0.001592 0.306851 0.951756 0.000000 0.000000 0.000000 0.000000 1.000000</matrix>
            <node id="mixamorig_Spine2" name="mixamorig_Spine2" sid="mixamorig_Spine2" type="JOINT">
              <matrix sid="matrix">0.999915 0.012603 -0.003223 0.000000 -0.013009 0.968625 -0.248186 10.089500 -0.000006 0.248207 0.968707 0.000000 0.000000 0.000000 0.000000 1.000000</matrix>
              <node id="mixamorig_Neck" name="mixamorig_Neck" sid="mixamorig_Neck" type="JOINT">
                <matrix sid="matrix">0.991382 -0.014493 0.130197 -0.000000 0.016187 0.999797 -0.011965 26.668501 -0.129997 0.013969 0.991416 -1.206700 0.000000 0.000000 0.000000 1.000000</matrix>
                <node id="mixamorig_Head" name="mixamorig_Head" sid="mixamorig_Head" type="JOINT">
                  <matrix sid="matrix">0.909869 -0.191457 0.368080 0.000000 0.160620 0.980529 0.112981 8.300700 -0.382544 -0.043677 0.922904 3.339200 0.000000 0.000000 0.000000 1.000000</matrix>
                  <node id="mixamorig_HeadTop_End" name="mixamorig_HeadTop_End" sid="mixamorig_HeadTop_End" type="JOINT">
                    <matrix sid="matrix">1.000000 -0.000000 0.000000 0.000000 0.000000 1.000000 -0.000000 35.688400 0.000000 -0.000000 1.000000 4.511500 0.000000 0.000000 0.000000 1.000000</matrix>
                  </node>
                  <node id="mixamorig_Reye" name="mixamorig_Reye" sid="mixamorig_Reye" type="JOINT">
                    <matrix sid="matrix">1.000000 -0.000000 0.000000 -5.243900 0.000000 1.000000 -0.000000 17.465401 0.000000 -0.000000 1.000000 10.796700 0.000000 0.000000 0.000000 1.000000</matrix>
                  </node>
                  <node id="mixamorig_Leye" name="mixamorig_Leye" sid="mixamorig_Leye" type="JOINT">
                    <matrix sid="matrix">1.000000 -0.000000 0.000000 5.362400 0.000000 1.000000 -0.000000 17.465401 0.000000 -0.000000 1.000000 10.796700 0.000000 0.000000 0.000000 1.000000</matrix>
                  </node>
                </node>
              </node>
              <node id="mixamorig_LeftShoulder" name="mixamorig_LeftShoulder" sid="mixamorig_LeftShoulder" type="JOINT">
                <matrix sid="matrix">0.077310 0.897243 -0.434717 14.211900 -0.600972 -0.305969 -0.738387 23.227400 -0.795523 0.318337 0.515563 -1.268600 0.000000 0.000000 0.000000 1.000000</matrix>
                <node id="mixamorig_LeftArm" name="mixamorig_LeftArm" sid="mixamorig_LeftArm" type="JOINT">
                  <matrix sid="matrix">0.738645 -0.633472 -0.230471 -0.000000 0.417595 0.698398 -0.581252 11.940500 0.529168 0.333095 0.780403 0.000000 0.000000 0.000000 0.000000 1.000000</matrix>
                  <node id="mixamorig_LeftForeArm" name="mixamorig_LeftForeArm" sid="mixamorig_LeftForeArm" type="JOINT">
                    <matrix sid="matrix">0.425043 -0.905173 -0.000026 0.000000 0.905173 0.425043 -0.000055 32.327599 0.000061 -0.000000 1.000000 -0.000000 0.000000 0.000000 0.000000 1.000000</matrix>
                    <node id="mixamorig_LeftHand" name="mixamorig_LeftHand" sid="mixamorig_LeftHand" type="JOINT">
                      <matrix sid="matrix">-0.393780 0.448860 -0.802161 0.000200 -0.148451 0.830158 0.537401 31.834700 0.907138 0.330700 -0.260266 0.000000 0.000000 0.000000 0.000000 1.000000</matrix>
                      <node id="mixamorig_LeftHandThumb1" name="mixamorig_LeftHandThumb1" sid="mixamorig_LeftHandThumb1" type="JOINT">
                        <matrix sid="matrix">0.961661 -0.274236 -0.001624 -7.403500 0.245616 0.863902 -0.439712 10.426600 0.121988 0.422455 0.898137 3.702000 0.000000 0.000000 0.000000 1.000000</matrix>
                        <node id="mixamorig_LeftHandThumb2" name="mixamorig_LeftHandThumb2" sid="mixamorig_LeftHandThumb2" type="JOINT">
                          <matrix sid="matrix">0.934802 0.128970 0.330927 0.000000 -0.119765 0.991634 -0.048151 5.049800 -0.334369 0.005378 0.942427 0.000000 0.000000 0.000000 0.000000 1.000000</matrix>
                          <node id="mixamorig_LeftHandThumb3" name="mixamorig_LeftHandThumb3" sid="mixamorig_LeftHandThumb3" type="JOINT">
                            <matrix sid="matrix">0.982611 -0.184129 0.023940 0.000000 0.183518 0.982682 0.025623 5.797200 -0.028243 -0.020784 0.999385 0.000000 0.000000 0.000000 0.000000 1.000000</matrix>
                            <node id="mixamorig_LeftHandThumb4" name="mixamorig_LeftHandThumb4" sid="mixamorig_LeftHandThumb4" type="JOINT">
                              <matrix sid="matrix">0.958039 -0.140331 0.249937 -0.000000 0.144929 0.989442 0.000005 4.412900 -0.247298 0.036219 0.968262 0.000000 0.000000 0.000000 0.000000 1.000000</matrix>
                            </node>
                          </node>
                        </node>
                      </node>
                      <node id="mixamorig_LeftHandIndex1" name="mixamorig_LeftHandIndex1" sid="mixamorig_LeftHandIndex1" type="JOINT">
                        <matrix sid="matrix">0.997635 0.052780 -0.044029 -0.000100 -0.068607 0.803560 -0.591257 22.748400 0.004173 0.592880 0.805280 -0.159000 0.000000 0.000000 0.000000 1.000000</matrix>
                        <node id="mixamorig_LeftHandIndex2" name="mixamorig_LeftHandIndex2" sid="mixamorig_LeftHandIndex2" type="JOINT">
                          <matrix sid="matrix">0.994755 0.088580 -0.051156 0.000000 -0.088581 0.495858 -0.863874 5.146200 -0.051156 0.863874 0.501104 0.000000 0.000000 0.000000 0.000000 1.000000</matrix>
                          <node id="mixamorig_LeftHandIndex3" name="mixamorig_LeftHandIndex3" sid="mixamorig_LeftHandIndex3" type="JOINT">
                            <matrix sid="matrix">0.999082 0.041894 -0.008953 0.000000 -0.041894 0.911767 -0.408565 5.107400 -0.008953 0.408565 0.912685 0.000000 0.000000 0.000000 0.000000 1.000000</matrix>
                            <node id="mixamorig_LeftHandIndex4" name="mixamorig_LeftHandIndex4" sid="mixamorig_LeftHandIndex4" type="JOINT">
                              <matrix sid="matrix">0.999968 -0.000031 0.008004 0.000000 0.000031 1.000000 0.000002 3.199700 -0.008004 -0.000002 0.999968 -0.000000 0.000000 0.000000 0.000000 1.000000</matrix>
                            </node>
                          </node>
                        </node>
                      </node>
                    </node>
                  </node>
                </node>
              </node>
              <node id="mixamorig_RightShoulder" name="mixamorig_RightShoulder" sid="mixamorig_RightShoulder" type="JOINT">
                <matrix sid="matrix">-0.156712 -0.941982 0.296834 -14.211900 0.644446 -0.325278 -0.692014 23.227400 0.748419 0.082847 0.658031 -1.268600 0.000000 0.000000 0.000000 1.000000</matrix>
                <node id="mixamorig_RightArm" name="mixamorig_RightArm" sid="mixamorig_RightArm" type="JOINT">
                  <matrix sid="matrix">0.353122 0.607475 -0.711533 0.000000 -0.934200 0.270197 -0.232945 11.940500 0.050746 0.746972 0.662916 0.000000 0.000000 0.000000 0.000000 1.000000</matrix>
                  <node id="mixamorig_RightForeArm" name="mixamorig_RightForeArm" sid="mixamorig_RightForeArm" type="JOINT">
                    <matrix sid="matrix">-0.146827 0.989162 -0.000009 0.000000 -0.989162 -0.146827 -0.000060 32.327599 -0.000061 -0.000000 1.000000 0.000000 0.000000 0.000000 0.000000 1.000000</matrix>
                    <node id="mixamorig_RightHand" name="mixamorig_RightHand" sid="mixamorig_RightHand" type="JOINT">
                      <matrix sid="matrix">0.581978 -0.540857 0.607269 -0.000100 0.295963 0.836420 0.461312 32.168900 -0.757435 -0.088744 0.646851 0.000000 0.000000 0.000000 0.000000 1.000000</matrix>
                      <node id="mixamorig_RightHandThumb1" name="mixamorig_RightHandThumb1" sid="mixamorig_RightHandThumb1" type="JOINT">
                        <matrix sid="matrix">0.952952 0.298209 -0.054349 4.773000 -0.260734 0.714965 -0.648724 10.394000 -0.154598 0.632373 0.759081 3.788100 0.000000 0.000000 0.000000 1.000000</matrix>
                        <node id="mixamorig_RightHandThumb2" name="mixamorig_RightHandThumb2" sid="mixamorig_RightHandThumb2" type="JOINT">
                          <matrix sid="matrix">0.840466 -0.359754 -0.405207 -0.000000 0.443895 0.885987 0.134106 5.770400 0.310763 -0.292581 0.904335 0.000000 0.000000 0.000000 0.000000 1.000000</matrix>
                          <node id="mixamorig_RightHandThumb3" name="mixamorig_RightHandThumb3" sid="mixamorig_RightHandThumb3" type="JOINT">
                            <matrix sid="matrix">0.666713 -0.700768 -0.253807 -0.000000 0.720648 0.519233 0.459416 6.146400 -0.190159 -0.489204 0.851187 0.000000 0.000000 0.000000 0.000000 1.000000</matrix>
                            <node id="mixamorig_RightHandThumb4" name="mixamorig_RightHandThumb4" sid="mixamorig_RightHandThumb4" type="JOINT">
                              <matrix sid="matrix">0.957213 0.140745 -0.252852 0.000000 -0.145443 0.989367 0.000111 4.412900 0.250179 0.036669 0.967505 0.000000 0.000000 0.000000 0.000000 1.000000</matrix>
                            </node>
                          </node>
                        </node>
                      </node>
                      <node id="mixamorig_RightHandIndex1" name="mixamorig_RightHandIndex1" sid="mixamorig_RightHandIndex1" type="JOINT">
                        <matrix sid="matrix">0.999440 0.032136 0.009355 0.000100 -0.029482 0.977581 -0.208484 21.103001 -0.015845 0.208091 0.977981 -0.145900 0.000000 0.000000 0.000000 1.000000</matrix>
                        <node id="mixamorig_RightHandIndex2" name="mixamorig_RightHandIndex2" sid="mixamorig_RightHandIndex2" type="JOINT">
                          <matrix sid="matrix">0.998936 -0.044236 0.013054 -0.000000 0.044236 0.838815 -0.542616 5.741800 0.013054 0.542616 0.839880 0.000000 0.000000 0.000000 0.000000 1.000000</matrix>
                          <node id="mixamorig_RightHandIndex3" name="mixamorig_RightHandIndex3" sid="mixamorig_RightHandIndex3" type="JOINT">
                            <matrix sid="matrix">0.999124 -0.040442 0.010744 -0.000000 0.040442 0.867335 -0.496079 5.031900 0.010744 0.496079 0.868211 -0.000000 0.000000 0.000000 0.000000 1.000000</matrix>
                            <node id="mixamorig_RightHandIndex4" name="mixamorig_RightHandIndex4" sid="mixamorig_RightHandIndex4" type="JOINT">
                              <matrix sid="matrix">0.999906 -0.002755 -0.013418 0.000000 0.002757 0.999996 0.000131 5.405400 0.013418 -0.000168 0.999910 0.000000 0.000000 0.000000 0.000000 1.000000</matrix>
                            </node>
                          </node>
                        </node>
                      </node>
                    </node>
                  </node>
                </node>
              </node>
            </node>
          </node>
        </node>
        <node id="mixamorig_LeftUpLeg" name="mixamorig_LeftUpLeg" sid="mixamorig_LeftUpLeg" type="JOINT">
          <matrix sid="matrix">-0.636317 0.414190 0.650805 13.025900 -0.208383 -0.904563 0.371945 -7.109800 0.742749 0.101058 0.661899 1.068600 0.000000 0.000000 0.000000 1.000000</matrix>
          <node id="mixamorig_LeftLeg" name="mixamorig_LeftLeg" sid="mixamorig_LeftLeg" type="JOINT">
            <matrix sid="matrix">0.999919 0.008561 0.009427 0.000000 -0.012560 0.785212 0.619100 35.903999 -0.002102 -0.619168 0.785256 -0.000000 0.000000 0.000000 0.000000 1.000000</matrix>
            <node id="mixamorig_LeftFoot" name="mixamorig_LeftFoot" sid="mixamorig_LeftFoot" type="JOINT">
              <matrix sid="matrix">0.999434 -0.029610 -0.015951 0.000000 0.005759 0.617916 -0.786223 40.577499 0.033137 0.785686 0.617737 0.000000 0.000000 0.000000 0.000000 1.000000</matrix>
              <node id="mixamorig_LeftToeBase" name="mixamorig_LeftToeBase" sid="mixamorig_LeftToeBase" type="JOINT">
                <matrix sid="matrix">0.982933 0.001625 0.183958 -0.000000 0.127027 0.717312 -0.685075 23.784901 -0.133068 0.696750 0.704863 -0.000000 0.000000 0.000000 0.000000 1.000000</matrix>
                <node id="mixamorig_LeftToe_End" name="mixamorig_LeftToe_End" sid="mixamorig_LeftToe_End" type="JOINT">
                  <matrix sid="matrix">1.000000 0.000001 -0.000000 -0.000000 -0.000001 1.000000 -0.000001 13.383000 0.000000 0.000001 1.000000 -0.000000 0.000000 0.000000 0.000000 1.000000</matrix>
                </node>
              </node>
            </node>
          </node>
        </node>
        <node id="mixamorig_RightUpLeg" name="mixamorig_RightUpLeg" sid="mixamorig_RightUpLeg" type="JOINT">
          <matrix sid="matrix">-0.990014 -0.102847 0.096408 -13.025900 0.106372 -0.993806 0.032151 -7.109800 0.092505 0.042085 0.994822 1.068600 0.000000 0.000000 0.000000 1.000000</matrix>
          <node id="mixamorig_RightLeg" name="mixamorig_RightLeg" sid="mixamorig_RightLeg" type="JOINT">
            <matrix sid="matrix">0.999852 -0.014433 -0.009353 -0.000000 0.016875 0.718354 0.695474 35.903999 -0.003319 -0.695529 0.718491 0.000000 0.000000 0.000000 0.000000 1.000000</matrix>
            <node id="mixamorig_RightFoot" name="mixamorig_RightFoot" sid="mixamorig_RightFoot" type="JOINT">
              <matrix sid="matrix">0.951221 0.214112 0.222114 0.000000 0.154919 0.291100 -0.944066 40.577400 -0.266793 0.932425 0.243730 -0.000000 0.000000 0.000000 0.000000 1.000000</matrix>
              <node id="mixamorig_RightToeBase" name="mixamorig_RightToeBase" sid="mixamorig_RightToeBase" type="JOINT">
                <matrix sid="matrix">0.982521 -0.018960 -0.185184 0.000000 -0.115393 0.718582 -0.685802 23.784901 0.146073 0.695183 0.703834 -0.000000 0.000000 0.000000 0.000000 1.000000</matrix>
                <node id="mixamorig_RightToe_End" name="mixamorig_RightToe_End" sid="mixamorig_RightToe_End" type="JOINT">
                  <matrix sid="matrix">1.000000 0.000000 0.000001 0.000000 -0.000000 1.000000 0.000001 13.383000 -0.000001 -0.000001 1.000000 0.000000 0.000000 0.000000 0.000000 1.000000</matrix>
                </node>
              </node>
            </node>
          </node>
        </node>
      </node>
    </visual_scene>
  </library_visual_scenes>
  <scene>
    <instance_visual_scene url="#RootNode"/>
  </scene>
</COLLADA>
